subject,segment,activity,start_time,end_time,max_interval_seconds,true,predicted,confidence,prob_lying,prob_sitting,prob_standing,prob_walking
511,0,standing,2021-05-07 10:10:25.903,2021-05-07 10:10:27.884,0.021,2,1,0.53665197,9.0298316e-05,0.53665197,0.4603999,0.0028578246
511,0,standing,2021-05-07 10:10:26.903,2021-05-07 10:10:28.884,0.021,2,2,0.6143207,0.00015418178,0.36645183,0.6143207,0.019073356
511,0,standing,2021-05-07 10:10:27.903,2021-05-07 10:10:29.884,0.021,2,1,0.54095495,9.323235e-05,0.54095495,0.4559747,0.0029771538
511,0,standing,2021-05-07 10:10:28.903,2021-05-07 10:10:30.884,0.021,2,1,0.58348596,7.3397314e-05,0.58348596,0.41533238,0.0011081797
511,0,standing,2021-05-07 10:10:29.903,2021-05-07 10:10:31.884,0.021,2,1,0.59511614,6.9250425e-05,0.59511614,0.403955,0.0008596762
511,0,standing,2021-05-07 10:10:30.903,2021-05-07 10:10:32.883,0.021,2,1,0.6665607,5.0964663e-05,0.6665607,0.33302778,0.00036058715
511,0,standing,2021-05-07 10:10:31.903,2021-05-07 10:10:33.883,0.021,2,1,0.686621,4.5858967e-05,0.686621,0.3130681,0.00026503348
511,0,standing,2021-05-07 10:10:32.903,2021-05-07 10:10:34.883,0.021,2,1,0.6485484,5.4666816e-05,0.6485484,0.35094994,0.0004469912
511,0,standing,2021-05-07 10:10:33.903,2021-05-07 10:10:35.883,0.021,2,1,0.63934153,5.584637e-05,0.63934153,0.3600677,0.00053495885
511,0,standing,2021-05-07 10:10:34.903,2021-05-07 10:10:36.883,0.021,2,1,0.63939255,5.7251404e-05,0.63939255,0.35992783,0.0006223759
511,0,standing,2021-05-07 10:10:35.903,2021-05-07 10:10:37.883,0.021,2,1,0.628677,6.1843464e-05,0.628677,0.37055218,0.0007089339
511,0,standing,2021-05-07 10:10:36.903,2021-05-07 10:10:38.883,0.021,2,1,0.59352326,6.898496e-05,0.59352326,0.4054522,0.00095545914
511,0,standing,2021-05-07 10:10:37.903,2021-05-07 10:10:39.883,0.021,2,1,0.60275936,6.621215e-05,0.60275936,0.39645222,0.00072228484
511,0,standing,2021-05-07 10:10:38.903,2021-05-07 10:10:40.883,0.021,2,1,0.535781,8.532835e-05,0.535781,0.4617063,0.002427292
511,0,standing,2021-05-07 10:10:39.903,2021-05-07 10:10:41.883,0.021,2,2,0.49974212,9.92435e-05,0.49674776,0.49974212,0.0034108483
511,0,standing,2021-05-07 10:10:40.903,2021-05-07 10:10:42.883,0.021,2,1,0.5697027,7.368282e-05,0.5697027,0.42922246,0.0010012084
511,0,standing,2021-05-07 10:10:41.903,2021-05-07 10:10:43.883,0.021,2,1,0.63873935,5.5553828e-05,0.63873935,0.36072585,0.00047915865
511,0,standing,2021-05-07 10:10:42.903,2021-05-07 10:10:44.883,0.021,2,1,0.6487248,5.5884648e-05,0.6487248,0.35070917,0.000510082
511,0,standing,2021-05-07 10:10:43.903,2021-05-07 10:10:45.883,0.021,2,1,0.64264363,5.72738e-05,0.64264363,0.3567454,0.0005536757
511,0,standing,2021-05-07 10:10:44.903,2021-05-07 10:10:46.883,0.021,2,1,0.61018294,6.080359e-05,0.61018294,0.3890777,0.00067858485
511,2,standing,2021-05-07 10:10:51.243,2021-05-07 10:10:53.223,0.021,2,2,0.5219799,8.380788e-05,0.47672006,0.5219799,0.0012161984
511,3,walking,2021-05-07 10:10:54.043,2021-05-07 10:10:56.023,0.021,3,3,0.9984581,3.855407e-06,0.00010764744,0.0014303009,0.9984581
511,3,walking,2021-05-07 10:10:55.043,2021-05-07 10:10:57.023,0.021,3,3,0.9999985,3.6721932e-08,4.450003e-08,1.2932686e-06,0.9999985
511,3,walking,2021-05-07 10:10:56.043,2021-05-07 10:10:58.023,0.021,3,3,0.99991983,7.359865e-07,3.909136e-06,7.550785e-05,0.99991983
511,4,sitting,2021-05-07 10:11:00.444,2021-05-07 10:11:02.424,0.021,1,2,0.77890956,4.769363e-05,0.16715777,0.77890956,0.05388489
511,4,sitting,2021-05-07 10:11:01.444,2021-05-07 10:11:03.424,0.021,1,2,0.8520544,3.2631742e-05,0.13240193,0.8520544,0.01551093
511,4,sitting,2021-05-07 10:11:02.444,2021-05-07 10:11:04.423,0.021,1,2,0.8829237,2.0343065e-05,0.11212028,0.8829237,0.0049356017
511,4,sitting,2021-05-07 10:11:03.444,2021-05-07 10:11:05.423,0.021,1,2,0.90144145,1.2937728e-05,0.0965044,0.90144145,0.002041218
511,4,sitting,2021-05-07 10:11:04.444,2021-05-07 10:11:06.423,0.021,1,2,0.9007996,1.4403268e-05,0.096857704,0.9007996,0.0023282683
511,4,sitting,2021-05-07 10:11:05.444,2021-05-07 10:11:07.423,0.021,1,2,0.900896,1.3641842e-05,0.096945986,0.900896,0.002144326
511,4,sitting,2021-05-07 10:11:06.444,2021-05-07 10:11:08.423,0.021,1,2,0.90217185,1.1873212e-05,0.09618514,0.90217185,0.001631097
511,4,sitting,2021-05-07 10:11:07.444,2021-05-07 10:11:09.423,0.021,1,2,0.9039384,1.1524806e-05,0.09415143,0.9039384,0.00189871
511,4,sitting,2021-05-07 10:11:08.444,2021-05-07 10:11:10.423,0.021,1,2,0.9051502,1.17754e-05,0.09295479,0.9051502,0.0018832717
511,4,sitting,2021-05-07 10:11:09.444,2021-05-07 10:11:11.423,0.021,1,2,0.9054465,1.2350488e-05,0.09196916,0.9054465,0.002571943
511,4,sitting,2021-05-07 10:11:10.444,2021-05-07 10:11:12.423,0.021,1,2,0.90800864,1.2097662e-05,0.08865281,0.90800864,0.0033264577
511,4,sitting,2021-05-07 10:11:11.444,2021-05-07 10:11:13.423,0.021,1,2,0.9064188,1.1288941e-05,0.091541775,0.9064188,0.0020280979
511,4,sitting,2021-05-07 10:11:12.444,2021-05-07 10:11:14.423,0.021,1,2,0.90210885,1.1375964e-05,0.096304946,0.90210885,0.0015746814
511,4,sitting,2021-05-07 10:11:13.444,2021-05-07 10:11:15.423,0.021,1,2,0.9020306,1.16750725e-05,0.09627113,0.9020306,0.0016866161
511,4,sitting,2021-05-07 10:11:14.444,2021-05-07 10:11:16.423,0.021,1,2,0.9037647,1.1058945e-05,0.09413305,0.9037647,0.0020911512
511,4,sitting,2021-05-07 10:11:15.444,2021-05-07 10:11:17.423,0.021,1,2,0.90623766,1.1459844e-05,0.090300985,0.90623766,0.003449907
511,4,sitting,2021-05-07 10:11:16.444,2021-05-07 10:11:18.423,0.021,1,2,0.9019799,1.4379664e-05,0.09299753,0.9019799,0.0050081564
511,4,sitting,2021-05-07 10:11:17.444,2021-05-07 10:11:19.423,0.021,1,2,0.88725126,1.8897172e-05,0.10195021,0.88725126,0.010779676
511,4,sitting,2021-05-07 10:11:18.444,2021-05-07 10:11:20.423,0.021,1,2,0.8738298,2.4753832e-05,0.09932017,0.8738298,0.026825301
511,4,sitting,2021-05-07 10:11:19.444,2021-05-07 10:11:21.423,0.021,1,2,0.89228636,1.8436913e-05,0.09938053,0.89228636,0.008314644
511,4,sitting,2021-05-07 10:11:20.444,2021-05-07 10:11:22.423,0.021,1,2,0.9046634,1.1568431e-05,0.09330214,0.9046634,0.0020228915
511,4,sitting,2021-05-07 10:11:21.444,2021-05-07 10:11:23.423,0.021,1,2,0.90443623,1.1490811e-05,0.09347894,0.90443623,0.0020733762
511,4,sitting,2021-05-07 10:11:22.444,2021-05-07 10:11:24.423,0.021,1,2,0.90146184,1.3077939e-05,0.09507533,0.90146184,0.003449759
511,4,sitting,2021-05-07 10:11:23.444,2021-05-07 10:11:25.423,0.021,1,2,0.89806336,1.3874626e-05,0.09758301,0.89806336,0.004339689
511,4,sitting,2021-05-07 10:11:24.444,2021-05-07 10:11:26.423,0.021,1,2,0.8307622,4.7999e-05,0.092387185,0.8307622,0.07680259
511,4,sitting,2021-05-07 10:11:25.444,2021-05-07 10:11:27.423,0.021,1,2,0.7983583,5.4035387e-05,0.08209561,0.7983583,0.119492054
511,4,sitting,2021-05-07 10:11:26.444,2021-05-07 10:11:28.423,0.021,1,2,0.8840856,2.1161086e-05,0.105737,0.8840856,0.010156241
511,4,sitting,2021-05-07 10:11:27.444,2021-05-07 10:11:29.423,0.021,1,2,0.86658764,2.9021374e-05,0.110631205,0.86658764,0.022752168
511,4,sitting,2021-05-07 10:11:28.444,2021-05-07 10:11:30.423,0.021,1,2,0.8319678,5.8201917e-05,0.100725,0.8319678,0.067248985
511,4,sitting,2021-05-07 10:11:29.444,2021-05-07 10:11:31.423,0.021,1,2,0.8723654,3.5323974e-05,0.11312553,0.8723654,0.014473772
511,4,sitting,2021-05-07 10:11:30.444,2021-05-07 10:11:32.423,0.021,1,2,0.87280667,2.2695374e-05,0.12253941,0.87280667,0.0046311854
511,4,sitting,2021-05-07 10:11:31.444,2021-05-07 10:11:33.423,0.021,1,2,0.87461567,2.436761e-05,0.12032774,0.87461567,0.005032302
511,4,sitting,2021-05-07 10:11:32.444,2021-05-07 10:11:34.423,0.021,1,2,0.8839217,2.386084e-05,0.109995805,0.8839217,0.006058693
511,4,sitting,2021-05-07 10:11:33.444,2021-05-07 10:11:35.423,0.021,1,2,0.8887693,2.7378514e-05,0.10374567,0.8887693,0.0074575692
511,4,sitting,2021-05-07 10:11:34.444,2021-05-07 10:11:36.423,0.021,1,2,0.87340546,4.414543e-05,0.10537722,0.87340546,0.021173142
511,4,sitting,2021-05-07 10:11:35.444,2021-05-07 10:11:37.423,0.021,1,2,0.8164188,7.220691e-05,0.09891935,0.8164188,0.084589526
511,4,sitting,2021-05-07 10:11:36.444,2021-05-07 10:11:38.423,0.021,1,2,0.8657336,4.5133504e-05,0.09964036,0.8657336,0.03458094
511,4,sitting,2021-05-07 10:11:37.444,2021-05-07 10:11:39.423,0.021,1,2,0.89841205,2.118709e-05,0.095606506,0.89841205,0.0059603048
511,4,sitting,2021-05-07 10:11:38.444,2021-05-07 10:11:40.423,0.021,1,2,0.8862705,3.3621327e-05,0.094402656,0.8862705,0.019293094
511,4,sitting,2021-05-07 10:11:39.444,2021-05-07 10:11:41.423,0.021,1,2,0.8668527,4.1639232e-05,0.11567485,0.8668527,0.017430896
511,4,sitting,2021-05-07 10:11:40.444,2021-05-07 10:11:42.423,0.021,1,2,0.8583133,2.8397473e-05,0.13678391,0.8583133,0.004874425
511,4,sitting,2021-05-07 10:11:41.444,2021-05-07 10:11:43.423,0.021,1,2,0.8718612,2.7512195e-05,0.12227759,0.8718612,0.0058336407
511,4,sitting,2021-05-07 10:11:42.444,2021-05-07 10:11:44.423,0.021,1,2,0.87468594,3.314577e-05,0.11571092,0.87468594,0.009569955
511,4,sitting,2021-05-07 10:11:43.444,2021-05-07 10:11:45.423,0.021,1,2,0.85728717,3.753978e-05,0.13090578,0.85728717,0.011769529
511,4,sitting,2021-05-07 10:11:44.444,2021-05-07 10:11:46.423,0.021,1,2,0.8429465,3.5104702e-05,0.14884564,0.8429465,0.008172694
511,4,sitting,2021-05-07 10:11:45.444,2021-05-07 10:11:47.423,0.021,1,2,0.86376244,2.9864439e-05,0.12967378,0.86376244,0.0065339142
511,4,sitting,2021-05-07 10:11:46.444,2021-05-07 10:11:48.423,0.021,1,2,0.8807477,2.7140206e-05,0.11262157,0.8807477,0.006603677
511,4,sitting,2021-05-07 10:11:47.444,2021-05-07 10:11:49.423,0.021,1,2,0.87903064,2.9947067e-05,0.11267505,0.87903064,0.00826448
511,4,sitting,2021-05-07 10:11:48.444,2021-05-07 10:11:50.423,0.021,1,2,0.8566385,5.3142325e-05,0.115175396,0.8566385,0.02813308
511,4,sitting,2021-05-07 10:11:49.444,2021-05-07 10:11:51.423,0.021,1,2,0.8706468,3.5684137e-05,0.11926957,0.8706468,0.010047897
511,4,sitting,2021-05-07 10:11:50.444,2021-05-07 10:11:52.423,0.021,1,2,0.8899499,2.2413346e-05,0.10596511,0.8899499,0.004062647
511,4,sitting,2021-05-07 10:11:51.444,2021-05-07 10:11:53.423,0.021,1,2,0.892777,2.388622e-05,0.10271629,0.892777,0.00448282
511,4,sitting,2021-05-07 10:11:52.444,2021-05-07 10:11:54.423,0.021,1,2,0.89185476,2.2635846e-05,0.10437727,0.89185476,0.00374533
511,4,sitting,2021-05-07 10:11:53.444,2021-05-07 10:11:55.423,0.021,1,2,0.8937101,2.171208e-05,0.1028065,0.8937101,0.0034616417
511,4,sitting,2021-05-07 10:11:54.444,2021-05-07 10:11:56.423,0.021,1,2,0.8932954,2.3095958e-05,0.10255214,0.8932954,0.0041293525
511,4,sitting,2021-05-07 10:11:55.444,2021-05-07 10:11:57.423,0.021,1,2,0.8905005,2.4853347e-05,0.10455725,0.8905005,0.004917442
511,4,sitting,2021-05-07 10:11:56.444,2021-05-07 10:11:58.423,0.021,1,2,0.88565665,2.437447e-05,0.10948528,0.88565665,0.0048337504
511,4,sitting,2021-05-07 10:11:57.444,2021-05-07 10:11:59.423,0.021,1,2,0.88222235,2.3475197e-05,0.1124653,0.88222235,0.005288805
511,4,sitting,2021-05-07 10:11:58.444,2021-05-07 10:12:00.424,0.021,1,2,0.8986531,2.3664195e-05,0.09397776,0.8986531,0.0073454734
511,4,sitting,2021-05-07 10:11:59.444,2021-05-07 10:12:01.424,0.021,1,2,0.9077474,2.0551854e-05,0.08552909,0.9077474,0.006702958
511,4,sitting,2021-05-07 10:12:00.444,2021-05-07 10:12:02.424,0.021,1,2,0.91347164,1.6929962e-05,0.081286035,0.91347164,0.0052254293
511,4,sitting,2021-05-07 10:12:01.444,2021-05-07 10:12:03.424,0.021,1,2,0.9105331,1.8043078e-05,0.08536667,0.9105331,0.0040821442
511,4,sitting,2021-05-07 10:12:02.444,2021-05-07 10:12:04.423,0.021,1,2,0.9085873,1.7217284e-05,0.0878522,0.9085873,0.0035432
511,4,sitting,2021-05-07 10:12:03.444,2021-05-07 10:12:05.423,0.021,1,2,0.9085679,1.7582677e-05,0.08723279,0.9085679,0.004181784
511,4,sitting,2021-05-07 10:12:04.444,2021-05-07 10:12:06.423,0.021,1,2,0.9119198,1.5926236e-05,0.08315938,0.9119198,0.0049048127
511,4,sitting,2021-05-07 10:12:05.444,2021-05-07 10:12:07.423,0.021,1,2,0.86185944,2.3577028e-05,0.13353074,0.86185944,0.004586278
511,4,sitting,2021-05-07 10:12:06.444,2021-05-07 10:12:08.423,0.021,1,2,0.79524213,3.412975e-05,0.20117113,0.79524213,0.0035526508
511,4,sitting,2021-05-07 10:12:07.444,2021-05-07 10:12:09.423,0.021,1,2,0.8449101,2.8948878e-05,0.1498814,0.8449101,0.0051795356
511,4,sitting,2021-05-07 10:12:08.444,2021-05-07 10:12:10.423,0.021,1,2,0.8704358,1.8275781e-05,0.1264163,0.8704358,0.0031295859
511,4,sitting,2021-05-07 10:12:09.444,2021-05-07 10:12:11.423,0.021,1,2,0.87739253,1.9942581e-05,0.11861512,0.87739253,0.0039723776
511,4,sitting,2021-05-07 10:12:10.444,2021-05-07 10:12:12.423,0.021,1,2,0.89319485,1.4170019e-05,0.0994612,0.89319485,0.0073298146
511,4,sitting,2021-05-07 10:12:11.444,2021-05-07 10:12:13.423,0.021,1,2,0.9197304,5.370931e-06,0.07310702,0.9197304,0.0071572475
511,4,sitting,2021-05-07 10:12:12.444,2021-05-07 10:12:14.423,0.021,1,3,0.8775671,2.3725186e-05,0.0075867795,0.114822336,0.8775671
511,4,sitting,2021-05-07 10:12:13.444,2021-05-07 10:12:15.423,0.021,1,3,0.9722194,1.0143537e-05,0.0015593725,0.0262111,0.9722194
511,4,sitting,2021-05-07 10:12:14.444,2021-05-07 10:12:16.423,0.021,1,2,0.8716991,2.0361347e-05,0.06939732,0.8716991,0.058883194
511,4,sitting,2021-05-07 10:12:15.444,2021-05-07 10:12:17.423,0.021,1,2,0.9247115,8.542185e-06,0.07048597,0.9247115,0.0047938367
511,4,sitting,2021-05-07 10:12:16.444,2021-05-07 10:12:18.423,0.021,1,2,0.9298142,7.060109e-06,0.066330396,0.9298142,0.003848357
511,4,sitting,2021-05-07 10:12:17.444,2021-05-07 10:12:19.423,0.021,1,2,0.91501474,1.6151893e-05,0.07246169,0.91501474,0.012507406
511,4,sitting,2021-05-07 10:12:18.444,2021-05-07 10:12:20.423,0.021,1,2,0.86374265,3.6914673e-05,0.07920458,0.86374265,0.05701589
511,4,sitting,2021-05-07 10:12:19.444,2021-05-07 10:12:21.423,0.021,1,2,0.86153954,3.814558e-05,0.08482932,0.86153954,0.053592924
511,4,sitting,2021-05-07 10:12:20.444,2021-05-07 10:12:22.423,0.021,1,2,0.7275236,8.725255e-05,0.067593016,0.7275236,0.20479605
511,4,sitting,2021-05-07 10:12:21.444,2021-05-07 10:12:23.423,0.021,1,2,0.8142316,0.00012503524,0.101441674,0.8142316,0.084201746
511,4,sitting,2021-05-07 10:12:22.444,2021-05-07 10:12:24.423,0.021,1,2,0.83977556,5.015198e-05,0.15512572,0.83977556,0.0050486317
511,4,sitting,2021-05-07 10:12:23.444,2021-05-07 10:12:25.423,0.021,1,2,0.8145985,4.4750625e-05,0.1798409,0.8145985,0.005515798
511,4,sitting,2021-05-07 10:12:24.444,2021-05-07 10:12:26.423,0.021,1,2,0.8119647,3.6033634e-05,0.18432786,0.8119647,0.0036714978
511,4,sitting,2021-05-07 10:12:25.444,2021-05-07 10:12:27.423,0.021,1,2,0.8213625,2.7212654e-05,0.17579083,0.8213625,0.0028194028
511,4,sitting,2021-05-07 10:12:26.444,2021-05-07 10:12:28.423,0.021,1,2,0.841661,3.9685612e-05,0.15026274,0.841661,0.008036663
511,4,sitting,2021-05-07 10:12:27.444,2021-05-07 10:12:29.423,0.021,1,2,0.85787493,5.6791683e-05,0.122177646,0.85787493,0.019890703
511,4,sitting,2021-05-07 10:12:28.444,2021-05-07 10:12:30.423,0.021,1,2,0.896545,4.6538094e-05,0.090690486,0.896545,0.012717986
511,4,sitting,2021-05-07 10:12:29.444,2021-05-07 10:12:31.423,0.021,1,2,0.8946433,4.1841842e-05,0.09300015,0.8946433,0.012314657
511,4,sitting,2021-05-07 10:12:30.444,2021-05-07 10:12:32.423,0.021,1,2,0.87539303,4.1798423e-05,0.11251229,0.87539303,0.012052885
511,4,sitting,2021-05-07 10:12:31.444,2021-05-07 10:12:33.423,0.021,1,2,0.8739008,4.4069646e-05,0.11295841,0.8739008,0.013096847
511,4,sitting,2021-05-07 10:12:32.444,2021-05-07 10:12:34.423,0.021,1,2,0.8864608,3.13695e-05,0.10350787,0.8864608,0.009999921
511,4,sitting,2021-05-07 10:12:33.444,2021-05-07 10:12:35.423,0.021,1,2,0.89918137,2.7465934e-05,0.09122407,0.89918137,0.009567136
511,4,sitting,2021-05-07 10:12:34.444,2021-05-07 10:12:36.423,0.021,1,2,0.882574,3.6801088e-05,0.10203588,0.882574,0.015353359
511,4,sitting,2021-05-07 10:12:35.444,2021-05-07 10:12:37.423,0.021,1,2,0.88002425,3.449637e-05,0.108409844,0.88002425,0.011531352
511,4,sitting,2021-05-07 10:12:36.444,2021-05-07 10:12:38.423,0.021,1,2,0.8879006,3.6654343e-05,0.09692984,0.8879006,0.015133031
511,4,sitting,2021-05-07 10:12:37.444,2021-05-07 10:12:39.423,0.021,1,2,0.87134683,5.2935706e-05,0.09623625,0.87134683,0.03236386
511,4,sitting,2021-05-07 10:12:38.444,2021-05-07 10:12:40.423,0.021,1,2,0.870502,4.5725952e-05,0.11296649,0.870502,0.016485829
511,4,sitting,2021-05-07 10:12:39.444,2021-05-07 10:12:41.423,0.021,1,2,0.8434094,5.9289785e-05,0.1447205,0.8434094,0.011810674
511,4,sitting,2021-05-07 10:12:40.444,2021-05-07 10:12:42.423,0.021,1,2,0.79221714,0.00011068471,0.13349363,0.79221714,0.07417857
511,4,sitting,2021-05-07 10:12:41.444,2021-05-07 10:12:43.423,0.021,1,2,0.8647196,0.00010127496,0.10623065,0.8647196,0.02894851
511,4,sitting,2021-05-07 10:12:42.444,2021-05-07 10:12:44.423,0.021,1,2,0.91902584,6.7910914e-05,0.07428277,0.91902584,0.006623479
511,4,sitting,2021-05-07 10:12:43.444,2021-05-07 10:12:45.423,0.021,1,2,0.78551966,0.00021875661,0.06672065,0.78551966,0.1475409
511,4,sitting,2021-05-07 10:12:44.444,2021-05-07 10:12:46.423,0.021,1,2,0.76710194,0.0002537405,0.08760763,0.76710194,0.14503677
511,4,sitting,2021-05-07 10:12:45.444,2021-05-07 10:12:47.423,0.021,1,2,0.87049305,5.492146e-05,0.12339481,0.87049305,0.006057166
511,4,sitting,2021-05-07 10:12:46.444,2021-05-07 10:12:48.423,0.021,1,2,0.8772656,3.696264e-05,0.1204611,0.8772656,0.0022364105
511,4,sitting,2021-05-07 10:12:47.444,2021-05-07 10:12:49.423,0.021,1,2,0.8865454,3.6602098e-05,0.11115402,0.8865454,0.0022639658
511,4,sitting,2021-05-07 10:12:48.444,2021-05-07 10:12:50.423,0.021,1,2,0.8825747,3.093484e-05,0.11575204,0.8825747,0.0016423896
511,4,sitting,2021-05-07 10:12:49.444,2021-05-07 10:12:51.423,0.021,1,2,0.879778,2.8526763e-05,0.11862191,0.879778,0.0015715375
511,4,sitting,2021-05-07 10:12:50.444,2021-05-07 10:12:52.423,0.021,1,2,0.87888056,2.7600237e-05,0.11972151,0.87888056,0.001370436
511,4,sitting,2021-05-07 10:12:51.444,2021-05-07 10:12:53.423,0.021,1,2,0.8671815,2.4665174e-05,0.13185786,0.8671815,0.0009359974
511,4,sitting,2021-05-07 10:12:52.444,2021-05-07 10:12:54.423,0.021,1,2,0.87176806,2.5161327e-05,0.12704477,0.87176806,0.0011620879
511,4,sitting,2021-05-07 10:12:53.444,2021-05-07 10:12:55.423,0.021,1,2,0.87210244,2.4890945e-05,0.1267155,0.87210244,0.0011571237
511,4,sitting,2021-05-07 10:12:54.444,2021-05-07 10:12:56.423,0.021,1,2,0.8621563,2.5902724e-05,0.13668454,0.8621563,0.0011332727
511,4,sitting,2021-05-07 10:12:55.444,2021-05-07 10:12:57.423,0.021,1,2,0.8384122,2.6023796e-05,0.16067731,0.8384122,0.0008844198
511,4,sitting,2021-05-07 10:12:56.444,2021-05-07 10:12:58.423,0.021,1,2,0.823134,2.6162796e-05,0.17614228,0.823134,0.0006975375
511,4,sitting,2021-05-07 10:12:57.444,2021-05-07 10:12:59.423,0.021,1,2,0.830978,2.7007092e-05,0.16823561,0.830978,0.0007594221
511,4,sitting,2021-05-07 10:12:58.444,2021-05-07 10:13:00.424,0.021,1,2,0.8457827,2.7032138e-05,0.15292694,0.8457827,0.0012633731
511,4,sitting,2021-05-07 10:12:59.444,2021-05-07 10:13:01.424,0.021,1,2,0.8420703,2.6433589e-05,0.15656361,0.8420703,0.0013396563
511,4,sitting,2021-05-07 10:13:00.444,2021-05-07 10:13:02.424,0.021,1,2,0.8439685,6.67093e-05,0.13996905,0.8439685,0.015995847
511,4,sitting,2021-05-07 10:13:01.444,2021-05-07 10:13:03.424,0.021,1,2,0.8639113,5.9272836e-05,0.11687838,0.8639113,0.019151004
511,4,sitting,2021-05-07 10:13:02.444,2021-05-07 10:13:04.423,0.021,1,2,0.8753992,4.245476e-05,0.111687526,0.8753992,0.012870823
511,4,sitting,2021-05-07 10:13:03.444,2021-05-07 10:13:05.423,0.021,1,2,0.84469736,8.897599e-05,0.09570789,0.84469736,0.059505776
511,4,sitting,2021-05-07 10:13:04.444,2021-05-07 10:13:06.423,0.021,1,2,0.8460298,7.633349e-05,0.12602171,0.8460298,0.027872222
511,4,sitting,2021-05-07 10:13:05.444,2021-05-07 10:13:07.423,0.021,1,2,0.8370052,3.490764e-05,0.15925838,0.8370052,0.0037015341
511,4,sitting,2021-05-07 10:13:06.444,2021-05-07 10:13:08.423,0.021,1,2,0.8539047,2.3517565e-05,0.14426005,0.8539047,0.0018115673
511,4,sitting,2021-05-07 10:13:07.444,2021-05-07 10:13:09.423,0.021,1,2,0.8497865,2.2709508e-05,0.14849927,0.8497865,0.0016915946
511,4,sitting,2021-05-07 10:13:08.444,2021-05-07 10:13:10.423,0.021,1,2,0.8269825,2.6420026e-05,0.17147973,0.8269825,0.0015112783
511,4,sitting,2021-05-07 10:13:09.444,2021-05-07 10:13:11.423,0.021,1,2,0.80708736,2.5917925e-05,0.19186814,0.80708736,0.0010184861
511,4,sitting,2021-05-07 10:13:10.444,2021-05-07 10:13:12.423,0.021,1,2,0.82552195,2.3268709e-05,0.17306004,0.82552195,0.0013948097
511,4,sitting,2021-05-07 10:13:11.444,2021-05-07 10:13:13.423,0.021,1,2,0.8338744,7.0482994e-05,0.14623095,0.8338744,0.019824143
511,4,sitting,2021-05-07 10:13:12.444,2021-05-07 10:13:14.423,0.021,1,2,0.790563,0.00012593584,0.14305851,0.790563,0.06625258
511,4,sitting,2021-05-07 10:13:13.444,2021-05-07 10:13:15.423,0.021,1,2,0.82727563,7.643609e-05,0.13933167,0.82727563,0.033316284
511,4,sitting,2021-05-07 10:13:14.444,2021-05-07 10:13:16.423,0.021,1,2,0.796505,0.00011270935,0.114577405,0.796505,0.08880489
511,4,sitting,2021-05-07 10:13:15.444,2021-05-07 10:13:17.423,0.021,1,2,0.8103607,9.8394055e-05,0.14362915,0.8103607,0.0459117
511,4,sitting,2021-05-07 10:13:16.444,2021-05-07 10:13:18.423,0.021,1,2,0.8274571,3.4952063e-05,0.16860577,0.8274571,0.003902172
511,4,sitting,2021-05-07 10:13:17.444,2021-05-07 10:13:19.423,0.021,1,2,0.8420976,3.4135748e-05,0.15277834,0.8420976,0.0050899554
511,4,sitting,2021-05-07 10:13:18.444,2021-05-07 10:13:20.423,0.021,1,2,0.8380742,3.1267926e-05,0.1578442,0.8380742,0.004050388
511,4,sitting,2021-05-07 10:13:19.444,2021-05-07 10:13:21.423,0.021,1,2,0.8418418,2.2962999e-05,0.15600586,0.8418418,0.0021293804
511,4,sitting,2021-05-07 10:13:20.444,2021-05-07 10:13:22.423,0.021,1,2,0.84368336,2.519435e-05,0.15338233,0.84368336,0.002909084
511,4,sitting,2021-05-07 10:13:21.444,2021-05-07 10:13:23.423,0.021,1,2,0.8472714,2.6871265e-05,0.14889048,0.8472714,0.0038113343
511,4,sitting,2021-05-07 10:13:22.444,2021-05-07 10:13:24.423,0.021,1,2,0.8530459,2.8564518e-05,0.14276072,0.8530459,0.00416485
511,4,sitting,2021-05-07 10:13:23.444,2021-05-07 10:13:25.423,0.021,1,2,0.8529171,2.6332384e-05,0.14376187,0.8529171,0.0032945815
511,4,sitting,2021-05-07 10:13:24.444,2021-05-07 10:13:26.423,0.021,1,2,0.85224116,2.7128177e-05,0.1440094,0.85224116,0.0037223403
511,4,sitting,2021-05-07 10:13:25.444,2021-05-07 10:13:27.423,0.021,1,2,0.8442344,3.1653657e-05,0.15211102,0.8442344,0.0036228644
511,4,sitting,2021-05-07 10:13:26.444,2021-05-07 10:13:28.423,0.021,1,2,0.8446771,3.209183e-05,0.15196383,0.8446771,0.0033269462
511,4,sitting,2021-05-07 10:13:27.444,2021-05-07 10:13:29.423,0.021,1,2,0.85498786,2.9448534e-05,0.14131957,0.85498786,0.0036630933
511,4,sitting,2021-05-07 10:13:28.444,2021-05-07 10:13:30.423,0.021,1,2,0.8505443,2.6827394e-05,0.14618763,0.8505443,0.0032412708
511,4,sitting,2021-05-07 10:13:29.444,2021-05-07 10:13:31.423,0.021,1,2,0.85086185,2.5856809e-05,0.14602087,0.85086185,0.0030913763
511,4,sitting,2021-05-07 10:13:30.444,2021-05-07 10:13:32.423,0.021,1,2,0.855912,2.7312924e-05,0.1405678,0.855912,0.0034929102
511,4,sitting,2021-05-07 10:13:31.444,2021-05-07 10:13:33.423,0.021,1,2,0.85796094,2.8622639e-05,0.1381114,0.85796094,0.003899108
511,4,sitting,2021-05-07 10:13:32.444,2021-05-07 10:13:34.423,0.021,1,2,0.8642076,3.268427e-05,0.1310671,0.8642076,0.0046925475
511,4,sitting,2021-05-07 10:13:33.444,2021-05-07 10:13:35.423,0.021,1,2,0.86963266,3.9287377e-05,0.123886146,0.86963266,0.0064418763
511,4,sitting,2021-05-07 10:13:34.444,2021-05-07 10:13:36.423,0.021,1,2,0.8690219,3.893555e-05,0.124713406,0.8690219,0.006225788
511,4,sitting,2021-05-07 10:13:35.444,2021-05-07 10:13:37.423,0.021,1,2,0.86672384,3.712459e-05,0.12794223,0.86672384,0.0052967668
511,4,sitting,2021-05-07 10:13:36.444,2021-05-07 10:13:38.423,0.021,1,2,0.8630242,4.5605037e-05,0.12720479,0.8630242,0.009725383
511,4,sitting,2021-05-07 10:13:37.444,2021-05-07 10:13:39.423,0.021,1,2,0.8564606,6.0951585e-05,0.12982431,0.8564606,0.013654189
511,4,sitting,2021-05-07 10:13:38.444,2021-05-07 10:13:40.423,0.021,1,2,0.86390066,4.2688433e-05,0.13060889,0.86390066,0.0054476904
511,4,sitting,2021-05-07 10:13:39.444,2021-05-07 10:13:41.423,0.021,1,2,0.8697681,2.9166215e-05,0.12799457,0.8697681,0.0022082136
511,4,sitting,2021-05-07 10:13:40.444,2021-05-07 10:13:42.423,0.021,1,2,0.8712515,3.0216883e-05,0.12648213,0.8712515,0.0022360997
511,4,sitting,2021-05-07 10:13:41.444,2021-05-07 10:13:43.423,0.021,1,2,0.8702806,3.198702e-05,0.12721032,0.8702806,0.0024769995
511,4,sitting,2021-05-07 10:13:42.444,2021-05-07 10:13:44.423,0.021,1,2,0.8701532,3.321732e-05,0.12708458,0.8701532,0.0027290476
511,4,sitting,2021-05-07 10:13:43.444,2021-05-07 10:13:45.423,0.021,1,2,0.8714948,3.3977085e-05,0.12539902,0.8714948,0.003072141
511,4,sitting,2021-05-07 10:13:44.444,2021-05-07 10:13:46.423,0.021,1,2,0.87416077,3.8046823e-05,0.1211245,0.87416077,0.0046768053
511,4,sitting,2021-05-07 10:13:45.444,2021-05-07 10:13:47.423,0.021,1,2,0.8688506,5.456857e-05,0.119764894,0.8688506,0.011329986
511,4,sitting,2021-05-07 10:13:46.444,2021-05-07 10:13:48.423,0.021,1,2,0.86926126,4.573984e-05,0.123638146,0.86926126,0.0070548826
511,4,sitting,2021-05-07 10:13:47.444,2021-05-07 10:13:49.423,0.021,1,2,0.87253517,3.3307202e-05,0.124293745,0.87253517,0.0031377673
511,4,sitting,2021-05-07 10:13:48.444,2021-05-07 10:13:50.423,0.021,1,2,0.86997855,3.524846e-05,0.12641375,0.86997855,0.0035724381
511,4,sitting,2021-05-07 10:13:49.444,2021-05-07 10:13:51.423,0.021,1,2,0.8694592,3.924869e-05,0.12526327,0.8694592,0.0052382667
511,4,sitting,2021-05-07 10:13:50.444,2021-05-07 10:13:52.423,0.021,1,2,0.8696785,3.8378068e-05,0.12561265,0.8696785,0.004670381
511,4,sitting,2021-05-07 10:13:51.444,2021-05-07 10:13:53.423,0.021,1,2,0.86715823,3.0872776e-05,0.12956664,0.86715823,0.0032442496
511,4,sitting,2021-05-07 10:13:52.444,2021-05-07 10:13:54.423,0.021,1,2,0.86642593,2.8310547e-05,0.13085796,0.86642593,0.00268768
511,4,sitting,2021-05-07 10:13:53.444,2021-05-07 10:13:55.423,0.021,1,2,0.867499,2.9359217e-05,0.12997837,0.867499,0.002493182
511,4,sitting,2021-05-07 10:13:54.444,2021-05-07 10:13:56.423,0.021,1,2,0.8690333,3.1604115e-05,0.1281169,0.8690333,0.0028183716
511,4,sitting,2021-05-07 10:13:55.444,2021-05-07 10:13:57.423,0.021,1,2,0.86571616,2.9034854e-05,0.13142197,0.86571616,0.002832769
511,4,sitting,2021-05-07 10:13:56.444,2021-05-07 10:13:58.423,0.021,1,2,0.8635471,2.710573e-05,0.13384993,0.8635471,0.0025758585
511,4,sitting,2021-05-07 10:13:57.444,2021-05-07 10:13:59.423,0.021,1,2,0.8630888,3.2369964e-05,0.13292158,0.8630888,0.0039571407
511,4,sitting,2021-05-07 10:13:58.444,2021-05-07 10:14:00.424,0.021,1,2,0.86257434,3.2541215e-05,0.13341662,0.86257434,0.0039765276
511,4,sitting,2021-05-07 10:13:59.444,2021-05-07 10:14:01.424,0.021,1,2,0.863834,2.8279557e-05,0.1332545,0.863834,0.0028831107
511,4,sitting,2021-05-07 10:14:00.444,2021-05-07 10:14:02.424,0.021,1,2,0.864062,2.6793183e-05,0.13326688,0.864062,0.0026443168
511,4,sitting,2021-05-07 10:14:01.444,2021-05-07 10:14:03.424,0.021,1,2,0.86965764,3.5061625e-05,0.12611023,0.86965764,0.004197064
511,4,sitting,2021-05-07 10:14:02.444,2021-05-07 10:14:04.423,0.021,1,2,0.8701068,4.2712214e-05,0.122475356,0.8701068,0.007375017
511,4,sitting,2021-05-07 10:14:03.444,2021-05-07 10:14:05.423,0.021,1,2,0.86332405,5.112733e-05,0.12410887,0.86332405,0.012515976
511,4,sitting,2021-05-07 10:14:04.444,2021-05-07 10:14:06.423,0.021,1,2,0.883698,4.4833287e-05,0.105973646,0.883698,0.010283588
511,4,sitting,2021-05-07 10:14:05.444,2021-05-07 10:14:07.423,0.021,1,2,0.8918204,3.312391e-05,0.103249095,0.8918204,0.0048974254
511,4,sitting,2021-05-07 10:14:06.444,2021-05-07 10:14:08.423,0.021,1,2,0.8868577,6.3522755e-05,0.097353205,0.8868577,0.015725572
511,4,sitting,2021-05-07 10:14:07.444,2021-05-07 10:14:09.423,0.021,1,2,0.86246246,0.000106090454,0.11538932,0.86246246,0.022042247
511,4,sitting,2021-05-07 10:14:08.444,2021-05-07 10:14:10.423,0.021,1,2,0.80671155,0.00021951833,0.13292201,0.80671155,0.06014702
511,4,sitting,2021-05-07 10:14:09.444,2021-05-07 10:14:11.423,0.021,1,2,0.77617717,0.00025404908,0.19484845,0.77617717,0.028720262
511,4,sitting,2021-05-07 10:14:10.444,2021-05-07 10:14:12.423,0.021,1,2,0.739886,8.7947796e-05,0.25745332,0.739886,0.0025726955
511,4,sitting,2021-05-07 10:14:11.444,2021-05-07 10:14:13.423,0.021,1,2,0.808351,3.560404e-05,0.19087292,0.808351,0.00074052246
511,4,sitting,2021-05-07 10:14:12.444,2021-05-07 10:14:14.423,0.021,1,2,0.82839143,3.1549902e-05,0.1704312,0.82839143,0.001145692
511,4,sitting,2021-05-07 10:14:13.444,2021-05-07 10:14:15.423,0.021,1,2,0.838689,4.1221898e-05,0.15892322,0.838689,0.002346512
511,4,sitting,2021-05-07 10:14:14.444,2021-05-07 10:14:16.423,0.021,1,2,0.8613109,8.752266e-05,0.12907644,0.8613109,0.009525131
511,4,sitting,2021-05-07 10:14:15.444,2021-05-07 10:14:17.423,0.021,1,2,0.83754456,0.00011908903,0.1533517,0.83754456,0.00898465
511,4,sitting,2021-05-07 10:14:16.444,2021-05-07 10:14:18.423,0.021,1,2,0.7304396,6.5387445e-05,0.26796263,0.7304396,0.0015324064
511,4,sitting,2021-05-07 10:14:17.444,2021-05-07 10:14:19.423,0.021,1,2,0.77226555,0.00010670953,0.15709105,0.77226555,0.07053661
511,4,sitting,2021-05-07 10:14:18.444,2021-05-07 10:14:20.423,0.021,1,2,0.81685054,0.00018550793,0.07816171,0.81685054,0.104802236
511,4,sitting,2021-05-07 10:14:19.444,2021-05-07 10:14:21.423,0.021,1,2,0.9395069,0.0001095474,0.051101383,0.9395069,0.009282156
511,4,sitting,2021-05-07 10:14:20.444,2021-05-07 10:14:22.423,0.021,1,2,0.9518287,6.826809e-05,0.045089614,0.9518287,0.0030134097
511,4,sitting,2021-05-07 10:14:21.444,2021-05-07 10:14:23.423,0.021,1,2,0.9202483,4.2394422e-05,0.0776464,0.9202483,0.0020629063
511,4,sitting,2021-05-07 10:14:22.444,2021-05-07 10:14:24.423,0.021,1,2,0.84861493,4.6716414e-05,0.14632455,0.84861493,0.005013823
511,4,sitting,2021-05-07 10:14:23.444,2021-05-07 10:14:25.423,0.021,1,2,0.8643789,5.8479767e-05,0.13298795,0.8643789,0.0025745768
511,4,sitting,2021-05-07 10:14:24.444,2021-05-07 10:14:26.423,0.021,1,2,0.8443794,3.7996855e-05,0.15454465,0.8443794,0.0010379652
511,4,sitting,2021-05-07 10:14:25.444,2021-05-07 10:14:27.423,0.021,1,2,0.7970404,2.746301e-05,0.20216905,0.7970404,0.00076319795
511,4,sitting,2021-05-07 10:14:26.444,2021-05-07 10:14:28.423,0.021,1,2,0.8821724,4.7953636e-05,0.11639669,0.8821724,0.0013829377
511,4,sitting,2021-05-07 10:14:27.444,2021-05-07 10:14:29.423,0.021,1,2,0.87081844,3.780255e-05,0.12770106,0.87081844,0.0014427954
511,4,sitting,2021-05-07 10:14:28.444,2021-05-07 10:14:30.423,0.021,1,2,0.8322229,2.467273e-05,0.16667335,0.8322229,0.0010791097
511,4,sitting,2021-05-07 10:14:29.444,2021-05-07 10:14:31.423,0.021,1,2,0.8960657,4.7288966e-05,0.102447525,0.8960657,0.0014394893
511,4,sitting,2021-05-07 10:14:30.444,2021-05-07 10:14:32.423,0.021,1,2,0.9379277,5.6847945e-05,0.06082213,0.9379277,0.0011933127
511,4,sitting,2021-05-07 10:14:31.444,2021-05-07 10:14:33.423,0.021,1,2,0.8990426,9.856476e-05,0.08260573,0.8990426,0.018253108
511,4,sitting,2021-05-07 10:14:32.444,2021-05-07 10:14:34.423,0.021,1,2,0.6157646,0.0001902939,0.09154243,0.6157646,0.29250267
511,4,sitting,2021-05-07 10:14:33.444,2021-05-07 10:14:35.423,0.021,1,2,0.7665277,0.00025319055,0.0817574,0.7665277,0.15146166
511,4,sitting,2021-05-07 10:14:34.444,2021-05-07 10:14:36.423,0.021,1,2,0.92529136,0.00013918233,0.052090906,0.92529136,0.022478554
511,4,sitting,2021-05-07 10:14:35.444,2021-05-07 10:14:37.423,0.021,1,2,0.9275041,0.000108554676,0.057778124,0.9275041,0.014609085
511,4,sitting,2021-05-07 10:14:36.444,2021-05-07 10:14:38.423,0.021,1,2,0.9214977,7.439889e-05,0.07036866,0.9214977,0.0080592325
511,4,sitting,2021-05-07 10:14:37.444,2021-05-07 10:14:39.423,0.021,1,2,0.86471164,4.865274e-05,0.13034247,0.86471164,0.0048972405
511,4,sitting,2021-05-07 10:14:38.444,2021-05-07 10:14:40.423,0.021,1,2,0.8956519,4.6181387e-05,0.100768305,0.8956519,0.0035335063
511,4,sitting,2021-05-07 10:14:39.444,2021-05-07 10:14:41.423,0.021,1,2,0.9338621,6.198364e-05,0.060511056,0.9338621,0.005564963
511,4,sitting,2021-05-07 10:14:40.444,2021-05-07 10:14:42.423,0.021,1,2,0.93683034,5.0340164e-05,0.059100896,0.93683034,0.0040183663
511,4,sitting,2021-05-07 10:14:41.444,2021-05-07 10:14:43.423,0.021,1,2,0.93823165,3.856639e-05,0.059674725,0.93823165,0.0020550685
511,4,sitting,2021-05-07 10:14:42.444,2021-05-07 10:14:44.423,0.021,1,2,0.9388294,3.694867e-05,0.05902577,0.9388294,0.0021078172
511,4,sitting,2021-05-07 10:14:43.444,2021-05-07 10:14:45.423,0.021,1,2,0.93852246,3.8970942e-05,0.0589463,0.93852246,0.002492269
511,4,sitting,2021-05-07 10:14:44.444,2021-05-07 10:14:46.423,0.021,1,2,0.9163057,9.371125e-05,0.06274895,0.9163057,0.020851506
511,4,sitting,2021-05-07 10:14:45.444,2021-05-07 10:14:47.423,0.021,1,2,0.75052166,0.0001801957,0.071891285,0.75052166,0.17740679
511,4,sitting,2021-05-07 10:14:46.444,2021-05-07 10:14:48.423,0.021,1,2,0.80311346,0.00010792106,0.1358092,0.80311346,0.060969405
511,4,sitting,2021-05-07 10:14:47.444,2021-05-07 10:14:49.423,0.021,1,2,0.79891384,4.6270972e-05,0.1967512,0.79891384,0.004288656
511,4,sitting,2021-05-07 10:14:48.444,2021-05-07 10:14:50.423,0.021,1,2,0.80464864,2.4611385e-05,0.19453496,0.80464864,0.0007917058
511,4,sitting,2021-05-07 10:14:49.444,2021-05-07 10:14:51.423,0.021,1,2,0.84897035,2.7884687e-05,0.14897907,0.84897035,0.002022631
511,4,sitting,2021-05-07 10:14:50.444,2021-05-07 10:14:52.423,0.021,1,2,0.8436058,3.1717715e-05,0.15369293,0.8436058,0.0026694965
511,4,sitting,2021-05-07 10:14:51.444,2021-05-07 10:14:53.423,0.021,1,2,0.8385064,2.711678e-05,0.15941009,0.8385064,0.0020564282
511,4,sitting,2021-05-07 10:14:52.444,2021-05-07 10:14:54.423,0.021,1,2,0.85147166,2.981692e-05,0.14539602,0.85147166,0.003102534
511,4,sitting,2021-05-07 10:14:53.444,2021-05-07 10:14:55.423,0.021,1,2,0.85186434,4.0257986e-05,0.14231215,0.85186434,0.0057832487
511,4,sitting,2021-05-07 10:14:54.444,2021-05-07 10:14:56.423,0.021,1,2,0.8548574,3.2622556e-05,0.14132991,0.8548574,0.0037800337
511,4,sitting,2021-05-07 10:14:55.444,2021-05-07 10:14:57.423,0.021,1,2,0.8588586,2.9525798e-05,0.13830301,0.8588586,0.002808864
511,4,sitting,2021-05-07 10:14:56.444,2021-05-07 10:14:58.423,0.021,1,2,0.86460197,3.1907e-05,0.13233101,0.86460197,0.0030350238
511,4,sitting,2021-05-07 10:14:57.444,2021-05-07 10:14:59.423,0.021,1,2,0.8714317,3.9426664e-05,0.12341401,0.8714317,0.0051148837
511,4,sitting,2021-05-07 10:14:58.444,2021-05-07 10:15:00.424,0.021,1,2,0.86690813,6.399718e-05,0.116764285,0.86690813,0.01626356
511,4,sitting,2021-05-07 10:14:59.444,2021-05-07 10:15:01.424,0.021,1,2,0.8645525,6.998976e-05,0.118577756,0.8645525,0.01679972
511,4,sitting,2021-05-07 10:15:00.444,2021-05-07 10:15:02.424,0.021,1,2,0.865772,3.262278e-05,0.13067245,0.865772,0.003523017
511,4,sitting,2021-05-07 10:15:01.444,2021-05-07 10:15:03.424,0.021,1,2,0.86292005,2.7600812e-05,0.13470578,0.86292005,0.0023465424
511,4,sitting,2021-05-07 10:15:02.444,2021-05-07 10:15:04.423,0.021,1,2,0.8671871,3.23906e-05,0.12972344,0.8671871,0.0030570808
511,4,sitting,2021-05-07 10:15:03.444,2021-05-07 10:15:05.423,0.021,1,2,0.8674446,4.8827827e-05,0.12546685,0.8674446,0.0070397416
511,4,sitting,2021-05-07 10:15:04.444,2021-05-07 10:15:06.423,0.021,1,2,0.8701071,6.453907e-05,0.11763553,0.8701071,0.0121927885
511,4,sitting,2021-05-07 10:15:05.444,2021-05-07 10:15:07.423,0.021,1,2,0.87270373,5.7473528e-05,0.1178828,0.87270373,0.009356045
511,4,sitting,2021-05-07 10:15:06.444,2021-05-07 10:15:08.423,0.021,1,2,0.86524,6.27236e-05,0.12262739,0.86524,0.012069923
511,4,sitting,2021-05-07 10:15:07.444,2021-05-07 10:15:09.423,0.021,1,2,0.875051,4.6386685e-05,0.118439905,0.875051,0.0064625423
511,4,sitting,2021-05-07 10:15:08.444,2021-05-07 10:15:10.423,0.021,1,2,0.8843387,4.3429714e-05,0.11043404,0.8843387,0.0051838094
511,4,sitting,2021-05-07 10:15:09.444,2021-05-07 10:15:11.423,0.021,1,2,0.88388914,4.3410288e-05,0.11097327,0.88388914,0.0050942097
511,4,sitting,2021-05-07 10:15:10.444,2021-05-07 10:15:12.423,0.021,1,2,0.8778086,3.4359742e-05,0.118921846,0.8778086,0.0032351955
511,4,sitting,2021-05-07 10:15:11.444,2021-05-07 10:15:13.423,0.021,1,2,0.8728834,3.5431647e-05,0.123459004,0.8728834,0.0036220762
511,4,sitting,2021-05-07 10:15:12.444,2021-05-07 10:15:14.423,0.021,1,2,0.8751591,4.322591e-05,0.11944182,0.8751591,0.0053558373
511,4,sitting,2021-05-07 10:15:13.444,2021-05-07 10:15:15.423,0.021,1,2,0.8794339,4.306336e-05,0.11528744,0.8794339,0.0052356524
511,4,sitting,2021-05-07 10:15:14.444,2021-05-07 10:15:16.423,0.021,1,2,0.8815118,4.5599572e-05,0.112920396,0.8815118,0.0055223154
511,4,sitting,2021-05-07 10:15:15.444,2021-05-07 10:15:17.423,0.021,1,2,0.88309395,4.0790896e-05,0.112471245,0.88309395,0.0043939394
511,4,sitting,2021-05-07 10:15:16.444,2021-05-07 10:15:18.423,0.021,1,2,0.8853858,3.648627e-05,0.11091308,0.8853858,0.0036646721
511,4,sitting,2021-05-07 10:15:17.444,2021-05-07 10:15:19.423,0.021,1,2,0.88182604,3.8481383e-05,0.11405682,0.88182604,0.0040786634
511,4,sitting,2021-05-07 10:15:18.444,2021-05-07 10:15:20.423,0.021,1,2,0.87169296,5.403026e-05,0.11805854,0.87169296,0.010194476
511,4,sitting,2021-05-07 10:15:19.444,2021-05-07 10:15:21.423,0.021,1,2,0.8583105,7.403263e-05,0.119955316,0.8583105,0.021660151
511,4,sitting,2021-05-07 10:15:20.444,2021-05-07 10:15:22.423,0.021,1,2,0.8455996,5.4562177e-05,0.14464465,0.8455996,0.009701228
511,4,sitting,2021-05-07 10:15:21.444,2021-05-07 10:15:23.423,0.021,1,2,0.8916708,7.393739e-05,0.10486104,0.8916708,0.003394246
511,4,sitting,2021-05-07 10:15:22.444,2021-05-07 10:15:24.423,0.021,1,2,0.895125,6.5743356e-05,0.100450546,0.895125,0.004358748
511,4,sitting,2021-05-07 10:15:23.444,2021-05-07 10:15:25.423,0.021,1,2,0.858224,3.9012164e-05,0.1368442,0.858224,0.00489279
511,4,sitting,2021-05-07 10:15:24.444,2021-05-07 10:15:26.423,0.021,1,2,0.8554042,8.6629e-05,0.12645546,0.8554042,0.01805363
511,4,sitting,2021-05-07 10:15:25.444,2021-05-07 10:15:27.423,0.021,1,2,0.8505761,6.315232e-05,0.13807793,0.8505761,0.011282787
511,4,sitting,2021-05-07 10:15:26.444,2021-05-07 10:15:28.423,0.021,1,2,0.8584103,2.6218386e-05,0.1403991,0.8584103,0.001164354
511,4,sitting,2021-05-07 10:15:27.444,2021-05-07 10:15:29.423,0.021,1,2,0.8554811,2.403056e-05,0.1435643,0.8554811,0.0009306013
511,4,sitting,2021-05-07 10:15:28.444,2021-05-07 10:15:30.423,0.021,1,2,0.8663457,2.4549852e-05,0.13240579,0.8663457,0.0012239782
511,4,sitting,2021-05-07 10:15:29.444,2021-05-07 10:15:31.423,0.021,1,2,0.8665771,2.485822e-05,0.13211983,0.8665771,0.0012781653
511,5,walking,2021-05-07 10:15:33.604,2021-05-07 10:15:35.583,0.021,3,3,0.99998945,2.843714e-07,2.0453652e-07,9.965225e-06,0.99998945
511,5,walking,2021-05-07 10:15:34.604,2021-05-07 10:15:36.583,0.021,3,3,0.999952,8.851777e-07,1.2902346e-06,4.5737845e-05,0.999952
511,5,walking,2021-05-07 10:15:35.604,2021-05-07 10:15:37.583,0.021,3,3,0.99998695,3.325353e-07,4.567588e-07,1.2155572e-05,0.99998695
511,5,walking,2021-05-07 10:15:36.604,2021-05-07 10:15:38.583,0.021,3,3,0.99997884,5.0342305e-07,8.4826706e-07,1.9730485e-05,0.99997884
511,5,walking,2021-05-07 10:15:37.604,2021-05-07 10:15:39.583,0.021,3,3,0.9999916,2.8882295e-07,3.047281e-07,7.735383e-06,0.9999916
511,5,walking,2021-05-07 10:15:38.604,2021-05-07 10:15:40.583,0.021,3,3,0.9999867,4.0566036e-07,4.856536e-07,1.2370363e-05,0.9999867
511,5,walking,2021-05-07 10:15:39.604,2021-05-07 10:15:41.583,0.021,3,3,0.99999505,2.5839444e-07,1.6129052e-07,4.4849285e-06,0.99999505
511,5,walking,2021-05-07 10:15:40.604,2021-05-07 10:15:42.583,0.021,3,3,0.99999446,2.6583064e-07,1.9130508e-07,5.0589097e-06,0.99999446
511,5,walking,2021-05-07 10:15:41.604,2021-05-07 10:15:43.583,0.021,3,3,0.9999785,5.7549306e-07,7.9410916e-07,2.00956e-05,0.9999785
511,5,walking,2021-05-07 10:15:42.604,2021-05-07 10:15:44.583,0.021,3,3,0.99994594,8.0385604e-07,2.2672948e-06,5.096675e-05,0.99994594
511,5,walking,2021-05-07 10:15:43.604,2021-05-07 10:15:45.583,0.021,3,3,0.99968714,3.4247164e-06,1.641536e-05,0.000292943,0.99968714
511,5,walking,2021-05-07 10:15:44.604,2021-05-07 10:15:46.583,0.021,3,3,0.99883133,7.703981e-06,7.214793e-05,0.0010887703,0.99883133
511,5,walking,2021-05-07 10:15:45.604,2021-05-07 10:15:47.583,0.021,3,3,0.9993992,5.0086987e-06,4.066019e-05,0.00055519684,0.9993992
511,5,walking,2021-05-07 10:15:46.604,2021-05-07 10:15:48.583,0.021,3,3,0.99954367,3.4381746e-06,3.0740623e-05,0.00042215528,0.99954367
511,5,walking,2021-05-07 10:15:47.604,2021-05-07 10:15:49.583,0.021,3,3,0.9969131,1.3161202e-05,0.00023527013,0.0028385073,0.9969131
511,5,walking,2021-05-07 10:15:48.604,2021-05-07 10:15:50.583,0.021,3,3,0.9923449,2.7395665e-05,0.00061355776,0.007014153,0.9923449
511,5,walking,2021-05-07 10:15:49.604,2021-05-07 10:15:51.583,0.021,3,3,0.9944601,1.9410318e-05,0.00040581747,0.005114679,0.9944601
511,5,walking,2021-05-07 10:15:50.604,2021-05-07 10:15:52.583,0.021,3,3,0.9987873,7.3450005e-06,8.239369e-05,0.0011229479,0.9987873
511,5,walking,2021-05-07 10:15:51.604,2021-05-07 10:15:53.583,0.021,3,3,0.99864495,1.1465325e-05,0.00010340593,0.001240169,0.99864495
511,5,walking,2021-05-07 10:15:52.604,2021-05-07 10:15:54.583,0.021,3,3,0.99980354,1.9893669e-06,1.17548125e-05,0.00018264008,0.99980354
511,5,walking,2021-05-07 10:15:53.604,2021-05-07 10:15:55.583,0.021,3,3,0.99910647,6.1170763e-06,5.7880887e-05,0.0008295219,0.99910647
511,5,walking,2021-05-07 10:15:54.604,2021-05-07 10:15:56.583,0.021,3,3,0.9999811,4.104927e-07,7.876902e-07,1.7669086e-05,0.9999811
511,5,walking,2021-05-07 10:15:55.604,2021-05-07 10:15:57.583,0.021,3,3,0.9995464,4.139189e-06,2.7482913e-05,0.00042194492,0.9995464
511,5,walking,2021-05-07 10:15:56.604,2021-05-07 10:15:58.583,0.021,3,3,0.9995102,3.1039347e-06,2.9246174e-05,0.00045735604,0.9995102
511,5,walking,2021-05-07 10:15:57.604,2021-05-07 10:15:59.583,0.021,3,3,0.99999493,1.4838993e-07,1.6315953e-07,4.6731147e-06,0.99999493
511,5,walking,2021-05-07 10:15:58.604,2021-05-07 10:16:00.584,0.021,3,3,0.9999941,1.7629796e-07,2.1451723e-07,5.437145e-06,0.9999941
511,5,walking,2021-05-07 10:15:59.604,2021-05-07 10:16:01.584,0.021,3,3,0.9953038,2.1000857e-05,0.00041310253,0.0042620585,0.9953038
511,5,walking,2021-05-07 10:16:00.604,2021-05-07 10:16:02.584,0.021,3,3,0.99862546,7.940379e-06,9.733743e-05,0.0012693936,0.99862546
511,5,walking,2021-05-07 10:16:01.604,2021-05-07 10:16:03.584,0.021,3,3,0.9969198,1.5327296e-05,0.00023311422,0.0028316816,0.9969198
511,5,walking,2021-05-07 10:16:02.604,2021-05-07 10:16:04.584,0.021,3,3,0.98432297,5.113759e-05,0.0013950992,0.014230825,0.98432297
511,5,walking,2021-05-07 10:16:03.604,2021-05-07 10:16:05.584,0.021,3,3,0.96710765,5.461475e-05,0.003146342,0.029691495,0.96710765
511,8,standing,2021-05-07 10:16:07.084,2021-05-07 10:16:09.064,0.021,2,2,0.83948076,0.00015997059,0.15534776,0.83948076,0.0050115474
511,8,standing,2021-05-07 10:16:08.083,2021-05-07 10:16:10.064,0.021,2,2,0.8359853,0.00013525761,0.16153778,0.8359853,0.0023417305
511,8,standing,2021-05-07 10:16:09.083,2021-05-07 10:16:11.064,0.021,2,2,0.84376895,0.00014218388,0.15294664,0.84376895,0.0031421534
511,8,standing,2021-05-07 10:16:10.083,2021-05-07 10:16:12.064,0.021,2,2,0.82432085,0.0001325189,0.17308292,0.82432085,0.0024637182
511,8,standing,2021-05-07 10:16:11.083,2021-05-07 10:16:13.064,0.021,2,2,0.8292682,0.00014137679,0.16758937,0.8292682,0.0030009851
511,8,standing,2021-05-07 10:16:12.083,2021-05-07 10:16:14.064,0.021,2,2,0.8195158,0.00013659436,0.17854771,0.8195158,0.0017998337
511,8,standing,2021-05-07 10:16:13.083,2021-05-07 10:16:15.064,0.021,2,2,0.8022013,0.00013068234,0.19576436,0.8022013,0.0019035804
511,8,standing,2021-05-07 10:16:14.083,2021-05-07 10:16:16.063,0.021,2,2,0.8184929,0.00011913657,0.17850193,0.8184929,0.0028860543
511,8,standing,2021-05-07 10:16:15.083,2021-05-07 10:16:17.063,0.021,2,2,0.84042305,0.00014066251,0.15634237,0.84042305,0.0030938538
511,11,walking,2021-05-07 10:16:27.684,2021-05-07 10:16:29.663,0.021,3,3,0.9936122,1.8507832e-05,0.0004223278,0.0059468807,0.9936122
511,11,walking,2021-05-07 10:16:28.684,2021-05-07 10:16:30.663,0.021,3,3,0.99874854,5.973348e-06,6.653873e-05,0.0011789105,0.99874854
511,11,walking,2021-05-07 10:16:29.684,2021-05-07 10:16:31.663,0.021,3,3,0.99819654,8.839884e-06,0.000101559766,0.001693044,0.99819654
511,11,walking,2021-05-07 10:16:30.684,2021-05-07 10:16:32.664,0.021,3,3,0.99993914,1.0431141e-06,2.3366442e-06,5.742528e-05,0.99993914
511,11,walking,2021-05-07 10:16:31.684,2021-05-07 10:16:33.664,0.021,3,3,0.9999767,5.4935936e-07,1.1164847e-06,2.1630405e-05,0.9999767
511,11,walking,2021-05-07 10:16:32.683,2021-05-07 10:16:34.664,0.021,3,3,0.9998677,1.153395e-06,6.598472e-06,0.00012461818,0.9998677
511,11,walking,2021-05-07 10:16:33.683,2021-05-07 10:16:35.664,0.021,3,3,0.9999003,8.691699e-07,4.381414e-06,9.4392155e-05,0.9999003
511,11,walking,2021-05-07 10:16:34.683,2021-05-07 10:16:36.664,0.021,3,3,0.99975383,2.165715e-06,9.437207e-06,0.0002345335,0.99975383
511,11,walking,2021-05-07 10:16:35.683,2021-05-07 10:16:37.664,0.021,3,3,0.99959534,2.9829112e-06,2.3350847e-05,0.00037832506,0.99959534
511,11,walking,2021-05-07 10:16:36.683,2021-05-07 10:16:38.664,0.021,3,3,0.99949735,4.1342087e-06,3.1204097e-05,0.00046727678,0.99949735
511,11,walking,2021-05-07 10:16:37.683,2021-05-07 10:16:39.664,0.021,3,3,0.9999439,1.0237612e-06,2.9417154e-06,5.2029598e-05,0.9999439
511,11,walking,2021-05-07 10:16:38.683,2021-05-07 10:16:40.664,0.021,3,3,0.99993676,9.913294e-07,3.2728897e-06,5.8966227e-05,0.99993676
511,11,walking,2021-05-07 10:16:39.683,2021-05-07 10:16:41.664,0.021,3,3,0.9999458,1.1173609e-06,3.2025187e-06,4.9815026e-05,0.9999458
511,11,walking,2021-05-07 10:16:40.683,2021-05-07 10:16:42.664,0.021,3,3,0.9999847,4.4560633e-07,7.063004e-07,1.4126857e-05,0.9999847
511,11,walking,2021-05-07 10:16:41.683,2021-05-07 10:16:43.664,0.021,3,3,0.99985695,1.667187e-06,8.529296e-06,0.00013279683,0.99985695
511,11,walking,2021-05-07 10:16:42.683,2021-05-07 10:16:44.664,0.021,3,3,0.9991666,4.42464e-06,4.872438e-05,0.00078030495,0.9991666
511,11,walking,2021-05-07 10:16:43.683,2021-05-07 10:16:45.664,0.021,3,3,0.93357193,7.1032155e-05,0.0044305557,0.06192645,0.93357193
511,11,walking,2021-05-07 10:16:44.683,2021-05-07 10:16:46.664,0.021,3,3,0.87201446,0.0001226809,0.012422319,0.11544057,0.87201446
511,11,walking,2021-05-07 10:16:45.683,2021-05-07 10:16:47.664,0.021,3,3,0.9995141,2.9522241e-06,2.617004e-05,0.00045675022,0.9995141
511,11,walking,2021-05-07 10:16:46.683,2021-05-07 10:16:48.664,0.021,3,3,0.99741006,8.584909e-06,0.00016689573,0.002414379,0.99741006
511,11,walking,2021-05-07 10:16:47.683,2021-05-07 10:16:49.664,0.021,3,3,0.9620947,4.98244e-05,0.0031336173,0.03472186,0.9620947
511,11,walking,2021-05-07 10:16:48.683,2021-05-07 10:16:50.664,0.021,3,3,0.97866595,3.7166377e-05,0.0015390858,0.019757744,0.97866595
511,11,walking,2021-05-07 10:16:49.683,2021-05-07 10:16:51.664,0.021,3,3,0.9942826,1.2569501e-05,0.00039985435,0.005304909,0.9942826
511,11,walking,2021-05-07 10:16:50.683,2021-05-07 10:16:52.664,0.021,3,3,0.9957458,1.8196517e-05,0.00033593795,0.0039001738,0.9957458
511,11,walking,2021-05-07 10:16:51.683,2021-05-07 10:16:53.664,0.021,3,3,0.9988354,8.661176e-06,7.579233e-05,0.0010801668,0.9988354
511,11,walking,2021-05-07 10:16:52.683,2021-05-07 10:16:54.664,0.021,3,3,0.99652284,1.9648463e-05,0.00030568248,0.003151759,0.99652284
511,13,walking,2021-05-07 10:16:56.644,2021-05-07 10:16:58.624,0.021,3,3,0.7739824,0.00016490488,0.025489675,0.20036294,0.7739824
511,13,walking,2021-05-07 10:16:57.644,2021-05-07 10:16:59.624,0.021,3,3,0.84269094,0.00013415095,0.01698219,0.14019272,0.84269094
511,13,walking,2021-05-07 10:16:58.644,2021-05-07 10:17:00.624,0.021,3,3,0.9557619,6.5074564e-05,0.0040445467,0.040128555,0.9557619
511,13,walking,2021-05-07 10:16:59.644,2021-05-07 10:17:01.624,0.021,3,3,0.9748686,5.0018858e-05,0.0022008498,0.02288056,0.9748686
511,13,walking,2021-05-07 10:17:00.644,2021-05-07 10:17:02.624,0.021,3,3,0.8485694,0.00013449007,0.016324017,0.13497204,0.8485694
511,13,walking,2021-05-07 10:17:01.644,2021-05-07 10:17:03.624,0.021,3,3,0.8060124,0.00016231788,0.02178465,0.17204067,0.8060124
511,13,walking,2021-05-07 10:17:02.644,2021-05-07 10:17:04.624,0.021,3,3,0.95566344,6.097864e-05,0.0032797558,0.040995702,0.95566344
511,16,standing,2021-05-07 10:17:08.404,2021-05-07 10:17:10.383,0.021,2,2,0.75399345,0.00017361333,0.24179497,0.75399345,0.004037876
511,16,standing,2021-05-07 10:17:09.404,2021-05-07 10:17:11.383,0.021,2,2,0.71187836,0.00013115366,0.2862229,0.71187836,0.0017676102
511,16,standing,2021-05-07 10:17:10.404,2021-05-07 10:17:12.383,0.021,2,2,0.752924,0.00016020719,0.24392872,0.752924,0.0029870237
511,16,standing,2021-05-07 10:17:11.404,2021-05-07 10:17:13.383,0.021,2,2,0.76206523,0.00017310357,0.23312768,0.76206523,0.0046339943
511,16,standing,2021-05-07 10:17:12.404,2021-05-07 10:17:14.383,0.021,2,2,0.7047125,0.00010815576,0.2942956,0.7047125,0.0008836795
511,16,standing,2021-05-07 10:17:13.404,2021-05-07 10:17:15.383,0.021,2,2,0.72967947,0.00013213466,0.26850072,0.72967947,0.0016876204
511,16,standing,2021-05-07 10:17:14.404,2021-05-07 10:17:16.384,0.021,2,2,0.7775415,0.00018336579,0.21775466,0.7775415,0.0045203967
511,16,standing,2021-05-07 10:17:15.404,2021-05-07 10:17:17.384,0.021,2,2,0.74456996,0.00014665359,0.25335345,0.74456996,0.0019299813
511,16,standing,2021-05-07 10:17:16.403,2021-05-07 10:17:18.384,0.021,2,2,0.69339055,0.00010280125,0.30587816,0.69339055,0.0006285352
511,16,standing,2021-05-07 10:17:17.403,2021-05-07 10:17:19.384,0.021,2,2,0.68166405,0.000102820464,0.3175243,0.68166405,0.00070879946
511,16,standing,2021-05-07 10:17:18.403,2021-05-07 10:17:20.384,0.021,2,2,0.7050206,0.0001160475,0.29391557,0.7050206,0.0009477345
511,16,standing,2021-05-07 10:17:19.403,2021-05-07 10:17:21.384,0.021,2,2,0.70482355,0.000115282404,0.29414088,0.70482355,0.0009202802
511,20,standing,2021-05-07 10:17:50.563,2021-05-07 10:17:52.543,0.021,2,2,0.74348813,0.00020561164,0.22190721,0.74348813,0.03439915
511,22,standing,2021-05-07 10:17:55.004,2021-05-07 10:17:56.984,0.021,2,2,0.6910981,9.821416e-05,0.30767757,0.6910981,0.0011260959
511,22,standing,2021-05-07 10:17:56.004,2021-05-07 10:17:57.984,0.021,2,2,0.61418575,8.213087e-05,0.38510445,0.61418575,0.0006276423
511,22,standing,2021-05-07 10:17:57.004,2021-05-07 10:17:58.984,0.021,2,2,0.57837254,7.5208576e-05,0.42112526,0.57837254,0.0004270231
511,24,standing,2021-05-07 10:18:02.043,2021-05-07 10:18:04.024,0.021,2,3,0.7197606,0.00021776526,0.035889268,0.24413244,0.7197606
511,24,standing,2021-05-07 10:18:03.043,2021-05-07 10:18:05.024,0.021,2,3,0.88026863,0.00013323195,0.015286771,0.10431131,0.88026863
511,34,standing,2021-05-07 10:19:04.604,2021-05-07 10:19:06.584,0.021,2,2,0.7799154,0.00018701989,0.21192692,0.7799154,0.007970609
511,34,standing,2021-05-07 10:19:05.604,2021-05-07 10:19:07.584,0.021,2,2,0.72903526,0.000117594296,0.27007544,0.72903526,0.0007717647
511,34,standing,2021-05-07 10:19:06.604,2021-05-07 10:19:08.583,0.021,2,2,0.6703792,9.590108e-05,0.3291669,0.6703792,0.0003580359
511,34,standing,2021-05-07 10:19:07.604,2021-05-07 10:19:09.583,0.021,2,2,0.7518189,0.00015415806,0.24611886,0.7518189,0.0019081227
511,39,walking,2021-05-07 10:19:20.723,2021-05-07 10:19:22.704,0.021,3,3,0.7267604,0.00017661059,0.026683114,0.24637994,0.7267604
511,39,walking,2021-05-07 10:19:21.723,2021-05-07 10:19:23.704,0.021,3,3,0.8852116,9.620067e-05,0.0090656895,0.1056265,0.8852116
511,41,walking,2021-05-07 10:19:24.524,2021-05-07 10:19:26.503,0.021,3,3,0.9989709,7.009002e-06,6.3461885e-05,0.00095869513,0.9989709
511,41,walking,2021-05-07 10:19:25.524,2021-05-07 10:19:27.503,0.021,3,3,0.9996714,4.802716e-06,1.5512587e-05,0.00030838742,0.9996714
511,42,sitting,2021-05-07 10:19:29.964,2021-05-07 10:19:31.944,0.021,1,2,0.54176766,0.00014497305,0.41128322,0.54176766,0.04680417
511,42,sitting,2021-05-07 10:19:30.964,2021-05-07 10:19:32.944,0.021,1,1,0.88481164,0.00011403376,0.88481164,0.11429982,0.0007745737
511,42,sitting,2021-05-07 10:19:31.964,2021-05-07 10:19:33.944,0.021,1,1,0.94935924,0.0002537982,0.94935924,0.049656343,0.00073069247
511,42,sitting,2021-05-07 10:19:32.964,2021-05-07 10:19:34.944,0.021,1,1,0.9740971,0.0005211681,0.9740971,0.024712319,0.0006695525
511,42,sitting,2021-05-07 10:19:33.964,2021-05-07 10:19:35.944,0.021,1,1,0.9873892,0.0007438254,0.9873892,0.011541426,0.0003255702
511,42,sitting,2021-05-07 10:19:34.964,2021-05-07 10:19:36.944,0.021,1,1,0.9915044,0.0007260537,0.9915044,0.0076086805,0.00016081108
511,42,sitting,2021-05-07 10:19:35.964,2021-05-07 10:19:37.944,0.021,1,1,0.9944202,0.0005438499,0.9944202,0.0049788146,5.711612e-05
511,42,sitting,2021-05-07 10:19:36.964,2021-05-07 10:19:38.944,0.021,1,1,0.9949083,0.000538773,0.9949083,0.00450574,4.7200414e-05
511,42,sitting,2021-05-07 10:19:37.964,2021-05-07 10:19:39.944,0.021,1,1,0.9949102,0.00056443305,0.9949102,0.00447707,4.830131e-05
511,42,sitting,2021-05-07 10:19:38.964,2021-05-07 10:19:40.944,0.021,1,1,0.9946968,0.00055908837,0.9946968,0.004693386,5.0748156e-05
511,42,sitting,2021-05-07 10:19:39.964,2021-05-07 10:19:41.944,0.021,1,1,0.99382657,0.0006977571,0.99382657,0.0053916615,8.4110565e-05
511,42,sitting,2021-05-07 10:19:40.964,2021-05-07 10:19:42.944,0.021,1,1,0.9934063,0.0007961519,0.9934063,0.0056846584,0.00011290547
511,42,sitting,2021-05-07 10:19:41.964,2021-05-07 10:19:43.944,0.021,1,1,0.99371,0.0007973768,0.99371,0.0053861365,0.00010661998
511,42,sitting,2021-05-07 10:19:42.964,2021-05-07 10:19:44.944,0.021,1,1,0.99376976,0.0007949835,0.99376976,0.0053304224,0.0001046755
511,42,sitting,2021-05-07 10:19:43.964,2021-05-07 10:19:45.944,0.021,1,1,0.9946784,0.0006634624,0.9946784,0.0045892927,6.887623e-05
511,42,sitting,2021-05-07 10:19:44.964,2021-05-07 10:19:46.944,0.021,1,1,0.994736,0.00069278886,0.994736,0.0045027677,6.845103e-05
511,42,sitting,2021-05-07 10:19:45.964,2021-05-07 10:19:47.944,0.021,1,1,0.99388385,0.0008500068,0.99388385,0.00515611,0.00011010264
511,42,sitting,2021-05-07 10:19:46.964,2021-05-07 10:19:48.944,0.021,1,1,0.9929418,0.0009539388,0.9929418,0.0059423805,0.00016175763
511,42,sitting,2021-05-07 10:19:47.964,2021-05-07 10:19:49.944,0.021,1,1,0.9938903,0.00076410116,0.9938903,0.0052431608,0.00010251541
511,42,sitting,2021-05-07 10:19:48.964,2021-05-07 10:19:50.944,0.021,1,1,0.9946126,0.0006801744,0.9946126,0.0046361536,7.0944196e-05
511,42,sitting,2021-05-07 10:19:49.964,2021-05-07 10:19:51.944,0.021,1,1,0.99376935,0.0007823753,0.99376935,0.005349273,9.907865e-05
511,42,sitting,2021-05-07 10:19:50.964,2021-05-07 10:19:52.944,0.021,1,1,0.9925153,0.0010530651,0.9925153,0.0062477905,0.00018382927
511,42,sitting,2021-05-07 10:19:51.964,2021-05-07 10:19:53.944,0.021,1,1,0.99113864,0.001198138,0.99113864,0.007380441,0.00028268452
511,42,sitting,2021-05-07 10:19:52.964,2021-05-07 10:19:54.944,0.021,1,1,0.9928665,0.00092414755,0.9928665,0.006059029,0.0001503506
511,42,sitting,2021-05-07 10:19:53.964,2021-05-07 10:19:55.944,0.021,1,1,0.99525636,0.0006013499,0.99525636,0.00409009,5.2096475e-05
511,42,sitting,2021-05-07 10:19:54.964,2021-05-07 10:19:56.944,0.021,1,1,0.9957232,0.0005217122,0.9957232,0.0037164085,3.8780207e-05
511,42,sitting,2021-05-07 10:19:55.964,2021-05-07 10:19:57.944,0.021,1,1,0.9953285,0.00059966225,0.9953285,0.004018822,5.299237e-05
511,42,sitting,2021-05-07 10:19:56.964,2021-05-07 10:19:58.944,0.021,1,1,0.9949285,0.00069226505,0.9949285,0.004311094,6.817668e-05
511,42,sitting,2021-05-07 10:19:57.964,2021-05-07 10:19:59.944,0.021,1,1,0.9951327,0.00064919237,0.9951327,0.004154914,6.321226e-05
511,42,sitting,2021-05-07 10:19:58.964,2021-05-07 10:20:00.944,0.021,1,1,0.99264574,0.0009307305,0.99264574,0.0062262365,0.00019740287
511,42,sitting,2021-05-07 10:19:59.964,2021-05-07 10:20:01.944,0.021,1,1,0.9911443,0.00097309233,0.9911443,0.0075808503,0.00030172357
511,42,sitting,2021-05-07 10:20:00.964,2021-05-07 10:20:02.944,0.021,1,1,0.9919142,0.0009624947,0.9919142,0.0068648155,0.00025835005
511,42,sitting,2021-05-07 10:20:01.964,2021-05-07 10:20:03.944,0.021,1,1,0.9930754,0.0009309513,0.9930754,0.0058043078,0.00018930242
511,42,sitting,2021-05-07 10:20:02.964,2021-05-07 10:20:04.944,0.021,1,1,0.99409544,0.0009148019,0.99409544,0.0048487233,0.00014105302
511,42,sitting,2021-05-07 10:20:03.964,2021-05-07 10:20:05.944,0.021,1,1,0.9941391,0.00095804525,0.9941391,0.0047602425,0.00014264807
511,42,sitting,2021-05-07 10:20:04.963,2021-05-07 10:20:06.944,0.021,1,1,0.9925845,0.001198025,0.9925845,0.005966732,0.00025066244
511,42,sitting,2021-05-07 10:20:05.963,2021-05-07 10:20:07.944,0.021,1,1,0.99015564,0.0015098782,0.99015564,0.0078502,0.00048412802
511,42,sitting,2021-05-07 10:20:06.963,2021-05-07 10:20:08.944,0.021,1,1,0.9869477,0.0018640175,0.9869477,0.010205171,0.0009832687
511,42,sitting,2021-05-07 10:20:07.963,2021-05-07 10:20:09.944,0.021,1,1,0.98990315,0.0016492745,0.98990315,0.007848796,0.0005987444
511,42,sitting,2021-05-07 10:20:08.963,2021-05-07 10:20:10.944,0.021,1,1,0.99281716,0.0013440689,0.99281716,0.0055787866,0.00026000015
511,42,sitting,2021-05-07 10:20:09.963,2021-05-07 10:20:11.944,0.021,1,1,0.99525917,0.0009574787,0.99525917,0.003690957,9.236765e-05
511,42,sitting,2021-05-07 10:20:10.963,2021-05-07 10:20:12.944,0.021,1,1,0.99575716,0.0007698483,0.99575716,0.0034087934,6.426106e-05
511,42,sitting,2021-05-07 10:20:11.963,2021-05-07 10:20:13.944,0.021,1,1,0.99568665,0.0007758102,0.99568665,0.0034726472,6.47719e-05
511,42,sitting,2021-05-07 10:20:12.963,2021-05-07 10:20:14.944,0.021,1,1,0.99525446,0.0008908994,0.99525446,0.0037692164,8.544241e-05
511,42,sitting,2021-05-07 10:20:13.963,2021-05-07 10:20:15.944,0.021,1,1,0.9919726,0.0011309322,0.9919726,0.0066378373,0.00025846902
511,42,sitting,2021-05-07 10:20:14.963,2021-05-07 10:20:16.944,0.021,1,1,0.9898077,0.0013882119,0.9898077,0.008325475,0.00047864224
511,42,sitting,2021-05-07 10:20:15.963,2021-05-07 10:20:17.944,0.021,1,1,0.99322426,0.0011899399,0.99322426,0.005394659,0.00019109892
511,42,sitting,2021-05-07 10:20:16.964,2021-05-07 10:20:18.944,0.021,1,1,0.99421436,0.0009285922,0.99421436,0.0047405306,0.00011653899
511,42,sitting,2021-05-07 10:20:17.964,2021-05-07 10:20:19.944,0.021,1,1,0.9943075,0.00089626847,0.9943075,0.0046848026,0.000111551984
511,42,sitting,2021-05-07 10:20:18.964,2021-05-07 10:20:20.944,0.021,1,1,0.99551165,0.0007373017,0.99551165,0.0036895422,6.147193e-05
511,42,sitting,2021-05-07 10:20:19.964,2021-05-07 10:20:21.944,0.021,1,1,0.995631,0.0007246783,0.995631,0.0035865332,5.7817666e-05
511,42,sitting,2021-05-07 10:20:20.964,2021-05-07 10:20:22.944,0.021,1,1,0.9958969,0.00063747517,0.9958969,0.0034171166,4.8393038e-05
511,42,sitting,2021-05-07 10:20:21.964,2021-05-07 10:20:23.944,0.021,1,1,0.99608004,0.0006244549,0.99608004,0.0032503475,4.510662e-05
511,42,sitting,2021-05-07 10:20:22.964,2021-05-07 10:20:24.944,0.021,1,1,0.9961652,0.0006646591,0.9961652,0.0031238832,4.621738e-05
511,42,sitting,2021-05-07 10:20:23.964,2021-05-07 10:20:25.944,0.021,1,1,0.99591964,0.00077047193,0.99591964,0.0032497328,6.0136976e-05
511,42,sitting,2021-05-07 10:20:24.964,2021-05-07 10:20:26.944,0.021,1,1,0.99463606,0.0010166676,0.99463606,0.0042191315,0.00012809254
511,42,sitting,2021-05-07 10:20:25.964,2021-05-07 10:20:27.944,0.021,1,1,0.99431914,0.0010994659,0.99431914,0.004428925,0.00015247278
511,42,sitting,2021-05-07 10:20:26.964,2021-05-07 10:20:28.944,0.021,1,1,0.99483377,0.0010941422,0.99483377,0.003938336,0.00013368348
511,42,sitting,2021-05-07 10:20:27.964,2021-05-07 10:20:29.944,0.021,1,1,0.9950919,0.0010936134,0.9950919,0.0036969343,0.00011755703
511,42,sitting,2021-05-07 10:20:28.964,2021-05-07 10:20:30.944,0.021,1,1,0.9934249,0.00074518804,0.9934249,0.0057106456,0.00011936432
511,42,sitting,2021-05-07 10:20:29.964,2021-05-07 10:20:31.944,0.021,1,1,0.83669823,7.802738e-05,0.83669823,0.16236398,0.00085990666
511,42,sitting,2021-05-07 10:20:30.964,2021-05-07 10:20:32.944,0.021,1,2,0.79454297,1.4822492e-05,0.20234525,0.79454297,0.0030969717
511,42,sitting,2021-05-07 10:20:31.964,2021-05-07 10:20:33.944,0.021,1,2,0.90115166,1.7215714e-05,0.094257586,0.90115166,0.0045735827
511,42,sitting,2021-05-07 10:20:32.964,2021-05-07 10:20:34.944,0.021,1,2,0.74204224,3.704577e-05,0.24235523,0.74204224,0.015565454
511,42,sitting,2021-05-07 10:20:33.964,2021-05-07 10:20:35.944,0.021,1,1,0.82356834,5.5027103e-05,0.82356834,0.17404354,0.0023330317
511,42,sitting,2021-05-07 10:20:34.964,2021-05-07 10:20:36.944,0.021,1,1,0.9427653,8.607395e-05,0.9427653,0.055888057,0.0012605346
511,42,sitting,2021-05-07 10:20:35.964,2021-05-07 10:20:37.944,0.021,1,1,0.9643427,5.6379253e-05,0.9643427,0.035406947,0.0001940368
511,42,sitting,2021-05-07 10:20:36.964,2021-05-07 10:20:38.944,0.021,1,1,0.9728782,4.4003456e-05,0.9728782,0.026984489,9.32458e-05
511,42,sitting,2021-05-07 10:20:37.964,2021-05-07 10:20:39.944,0.021,1,1,0.9755372,4.141527e-05,0.9755372,0.024351273,7.01597e-05
511,42,sitting,2021-05-07 10:20:38.964,2021-05-07 10:20:40.944,0.021,1,1,0.97706926,4.291041e-05,0.97706926,0.022817494,7.0393304e-05
511,42,sitting,2021-05-07 10:20:39.964,2021-05-07 10:20:41.944,0.021,1,1,0.97677374,4.3214757e-05,0.97677374,0.023109276,7.386559e-05
511,42,sitting,2021-05-07 10:20:40.964,2021-05-07 10:20:42.944,0.021,1,1,0.97603905,4.0342515e-05,0.97603905,0.023846876,7.363174e-05
511,42,sitting,2021-05-07 10:20:41.964,2021-05-07 10:20:43.944,0.021,1,1,0.9772749,4.1883093e-05,0.9772749,0.022614792,6.843376e-05
511,42,sitting,2021-05-07 10:20:42.964,2021-05-07 10:20:44.944,0.021,1,1,0.97856677,4.3747266e-05,0.97856677,0.021322079,6.743194e-05
511,42,sitting,2021-05-07 10:20:43.964,2021-05-07 10:20:45.944,0.021,1,1,0.9765937,4.7184465e-05,0.9765937,0.023278976,8.0113205e-05
511,42,sitting,2021-05-07 10:20:44.964,2021-05-07 10:20:46.944,0.021,1,1,0.972844,4.8574537e-05,0.972844,0.027007855,9.963978e-05
511,42,sitting,2021-05-07 10:20:45.964,2021-05-07 10:20:47.944,0.021,1,1,0.97331184,5.0060244e-05,0.97331184,0.026535945,0.00010219703
511,42,sitting,2021-05-07 10:20:46.964,2021-05-07 10:20:48.944,0.021,1,1,0.97678214,5.5774544e-05,0.97678214,0.023070626,9.137177e-05
511,42,sitting,2021-05-07 10:20:47.964,2021-05-07 10:20:49.944,0.021,1,1,0.96920073,6.893496e-05,0.96920073,0.03056674,0.00016352073
511,42,sitting,2021-05-07 10:20:48.964,2021-05-07 10:20:50.944,0.021,1,1,0.96967196,5.5934037e-05,0.96967196,0.030139698,0.00013230291
511,42,sitting,2021-05-07 10:20:49.964,2021-05-07 10:20:51.944,0.021,1,1,0.9746349,4.7979585e-05,0.9746349,0.02521692,0.000100239995
511,42,sitting,2021-05-07 10:20:50.964,2021-05-07 10:20:52.944,0.021,1,1,0.97875965,5.434691e-05,0.97875965,0.021086795,9.9092416e-05
511,42,sitting,2021-05-07 10:20:51.964,2021-05-07 10:20:53.944,0.021,1,1,0.9839706,4.3978274e-05,0.9839706,0.015929496,5.5955446e-05
511,42,sitting,2021-05-07 10:20:52.964,2021-05-07 10:20:54.944,0.021,1,1,0.98274696,4.159244e-05,0.98274696,0.01715281,5.872381e-05
511,42,sitting,2021-05-07 10:20:53.964,2021-05-07 10:20:55.944,0.021,1,1,0.9767358,4.829349e-05,0.9767358,0.023113927,0.00010196234
511,42,sitting,2021-05-07 10:20:54.964,2021-05-07 10:20:56.944,0.021,1,1,0.9730003,5.5928438e-05,0.9730003,0.026815996,0.00012787798
511,42,sitting,2021-05-07 10:20:55.964,2021-05-07 10:20:57.944,0.021,1,1,0.9697096,5.9257367e-05,0.9697096,0.030073682,0.0001574297
511,42,sitting,2021-05-07 10:20:56.964,2021-05-07 10:20:58.944,0.021,1,1,0.9727602,5.5776487e-05,0.9727602,0.027048625,0.00013541586
511,42,sitting,2021-05-07 10:20:57.964,2021-05-07 10:20:59.944,0.021,1,1,0.975394,4.810533e-05,0.975394,0.024459591,9.822493e-05
511,42,sitting,2021-05-07 10:20:58.964,2021-05-07 10:21:00.944,0.021,1,1,0.9773653,4.2546308e-05,0.9773653,0.022517147,7.492604e-05
511,42,sitting,2021-05-07 10:20:59.964,2021-05-07 10:21:01.944,0.021,1,1,0.97684175,4.3234995e-05,0.97684175,0.023027947,8.714548e-05
511,42,sitting,2021-05-07 10:21:00.964,2021-05-07 10:21:02.944,0.021,1,1,0.9783189,4.1590167e-05,0.9783189,0.021561919,7.7385186e-05
511,42,sitting,2021-05-07 10:21:01.964,2021-05-07 10:21:03.944,0.021,1,1,0.97708315,4.3781703e-05,0.97708315,0.022788286,8.472142e-05
511,42,sitting,2021-05-07 10:21:02.964,2021-05-07 10:21:04.944,0.021,1,1,0.9767358,4.864307e-05,0.9767358,0.023120975,9.456118e-05
511,42,sitting,2021-05-07 10:21:03.964,2021-05-07 10:21:05.944,0.021,1,1,0.9767979,4.699465e-05,0.9767979,0.023071893,8.3258026e-05
511,42,sitting,2021-05-07 10:21:04.963,2021-05-07 10:21:06.944,0.021,1,1,0.97565675,5.0881234e-05,0.97565675,0.02419385,9.852106e-05
511,42,sitting,2021-05-07 10:21:05.963,2021-05-07 10:21:07.944,0.021,1,1,0.972439,5.6697576e-05,0.972439,0.027337583,0.00016672022
511,42,sitting,2021-05-07 10:21:06.963,2021-05-07 10:21:08.944,0.021,1,1,0.97491014,4.399904e-05,0.97491014,0.024932623,0.000113146125
511,42,sitting,2021-05-07 10:21:07.963,2021-05-07 10:21:09.944,0.021,1,1,0.9742579,5.0232058e-05,0.9742579,0.02557741,0.00011444506
511,42,sitting,2021-05-07 10:21:08.963,2021-05-07 10:21:10.944,0.021,1,1,0.9735073,4.5398276e-05,0.9735073,0.026335407,0.000112000096
511,42,sitting,2021-05-07 10:21:09.963,2021-05-07 10:21:11.944,0.021,1,1,0.97849065,3.7337122e-05,0.97849065,0.021407504,6.455399e-05
511,42,sitting,2021-05-07 10:21:10.963,2021-05-07 10:21:12.944,0.021,1,1,0.97957337,3.9226692e-05,0.97957337,0.020317566,6.9792026e-05
511,42,sitting,2021-05-07 10:21:11.963,2021-05-07 10:21:13.944,0.021,1,1,0.9797521,4.027434e-05,0.9797521,0.020135796,7.188255e-05
511,42,sitting,2021-05-07 10:21:12.963,2021-05-07 10:21:14.944,0.021,1,1,0.98144114,4.0389925e-05,0.98144114,0.018461918,5.667635e-05
511,42,sitting,2021-05-07 10:21:13.963,2021-05-07 10:21:15.944,0.021,1,1,0.9823857,4.3592638e-05,0.9823857,0.017515864,5.4896707e-05
511,42,sitting,2021-05-07 10:21:14.963,2021-05-07 10:21:16.944,0.021,1,1,0.9820389,4.4212782e-05,0.9820389,0.017860735,5.6083583e-05
511,42,sitting,2021-05-07 10:21:15.963,2021-05-07 10:21:17.944,0.021,1,1,0.9809148,4.2751715e-05,0.9809148,0.01897769,6.471417e-05
511,42,sitting,2021-05-07 10:21:16.964,2021-05-07 10:21:18.944,0.021,1,1,0.9789425,4.0765448e-05,0.9789425,0.020932669,8.412446e-05
511,42,sitting,2021-05-07 10:21:17.964,2021-05-07 10:21:19.944,0.021,1,1,0.97580194,4.347755e-05,0.97580194,0.024033895,0.00012074921
511,42,sitting,2021-05-07 10:21:18.964,2021-05-07 10:21:20.944,0.021,1,1,0.9772349,4.4838587e-05,0.9772349,0.022616476,0.00010380332
511,42,sitting,2021-05-07 10:21:19.964,2021-05-07 10:21:21.944,0.021,1,1,0.98048186,4.2583586e-05,0.98048186,0.019398276,7.732453e-05
511,42,sitting,2021-05-07 10:21:20.964,2021-05-07 10:21:22.944,0.021,1,1,0.97837496,4.148749e-05,0.97837496,0.02148518,9.827916e-05
511,42,sitting,2021-05-07 10:21:21.964,2021-05-07 10:21:23.944,0.021,1,1,0.9740528,4.9298138e-05,0.9740528,0.025716122,0.0001816971
511,42,sitting,2021-05-07 10:21:22.964,2021-05-07 10:21:24.944,0.021,1,1,0.9783655,4.5569388e-05,0.9783655,0.021450903,0.000137924
511,42,sitting,2021-05-07 10:21:23.964,2021-05-07 10:21:25.944,0.021,1,1,0.9807489,4.4031876e-05,0.9807489,0.01905198,0.00015504143
511,42,sitting,2021-05-07 10:21:24.964,2021-05-07 10:21:26.944,0.021,1,1,0.9788157,4.2801308e-05,0.9788157,0.020944228,0.00019730293
511,42,sitting,2021-05-07 10:21:25.964,2021-05-07 10:21:27.944,0.021,1,1,0.9809634,3.556468e-05,0.9809634,0.018883687,0.00011731103
511,42,sitting,2021-05-07 10:21:26.964,2021-05-07 10:21:28.944,0.021,1,1,0.97922534,3.097113e-05,0.97922534,0.02061943,0.00012418994
511,42,sitting,2021-05-07 10:21:27.964,2021-05-07 10:21:29.944,0.021,1,1,0.97946584,3.2901302e-05,0.97946584,0.020386796,0.00011439948
511,42,sitting,2021-05-07 10:21:28.964,2021-05-07 10:21:30.944,0.021,1,1,0.9803018,3.8344308e-05,0.9803018,0.019561527,9.843309e-05
511,42,sitting,2021-05-07 10:21:29.964,2021-05-07 10:21:31.944,0.021,1,1,0.98198813,2.99678e-05,0.98198813,0.01790037,8.1553655e-05
511,42,sitting,2021-05-07 10:21:30.964,2021-05-07 10:21:32.944,0.021,1,1,0.9821867,2.691661e-05,0.9821867,0.01769325,9.3073715e-05
511,42,sitting,2021-05-07 10:21:31.964,2021-05-07 10:21:33.944,0.021,1,1,0.9799793,3.3406053e-05,0.9799793,0.019859683,0.00012755985
511,42,sitting,2021-05-07 10:21:32.964,2021-05-07 10:21:34.944,0.021,1,1,0.9804413,3.580589e-05,0.9804413,0.019405888,0.00011693915
511,42,sitting,2021-05-07 10:21:33.964,2021-05-07 10:21:35.944,0.021,1,1,0.98167926,3.3034074e-05,0.98167926,0.018193722,9.397868e-05
511,42,sitting,2021-05-07 10:21:34.964,2021-05-07 10:21:36.944,0.021,1,1,0.9801102,3.278765e-05,0.9801102,0.019739311,0.0001175048
511,42,sitting,2021-05-07 10:21:35.964,2021-05-07 10:21:37.944,0.021,1,1,0.9769534,3.258215e-05,0.9769534,0.022839606,0.00017446962
511,42,sitting,2021-05-07 10:21:36.964,2021-05-07 10:21:38.944,0.021,1,1,0.9787828,3.2796874e-05,0.9787828,0.021030303,0.0001541681
511,42,sitting,2021-05-07 10:21:37.964,2021-05-07 10:21:39.944,0.021,1,1,0.97916144,4.057847e-05,0.97916144,0.02063322,0.00016456051
511,42,sitting,2021-05-07 10:21:38.964,2021-05-07 10:21:40.944,0.021,1,1,0.9810735,3.799008e-05,0.9810735,0.0187593,0.00012921302
511,42,sitting,2021-05-07 10:21:39.964,2021-05-07 10:21:41.944,0.021,1,1,0.9823176,3.5213572e-05,0.9823176,0.01754035,0.00010664664
511,42,sitting,2021-05-07 10:21:40.964,2021-05-07 10:21:42.944,0.021,1,1,0.98028636,5.191402e-05,0.98028636,0.019491125,0.00017055962
511,42,sitting,2021-05-07 10:21:41.964,2021-05-07 10:21:43.944,0.021,1,1,0.98238957,5.5361583e-05,0.98238957,0.017434856,0.000120108474
511,42,sitting,2021-05-07 10:21:42.964,2021-05-07 10:21:44.944,0.021,1,1,0.98377764,5.2062554e-05,0.98377764,0.016082842,8.745994e-05
511,42,sitting,2021-05-07 10:21:43.964,2021-05-07 10:21:45.944,0.021,1,1,0.98204356,6.0728897e-05,0.98204356,0.017779052,0.000116490606
511,42,sitting,2021-05-07 10:21:44.964,2021-05-07 10:21:46.944,0.021,1,1,0.9814141,5.8431804e-05,0.9814141,0.018391943,0.0001354872
511,42,sitting,2021-05-07 10:21:45.964,2021-05-07 10:21:47.944,0.021,1,1,0.9819137,7.724796e-05,0.9819137,0.017852472,0.00015663334
511,42,sitting,2021-05-07 10:21:46.964,2021-05-07 10:21:48.944,0.021,1,1,0.98349696,0.000103997314,0.98349696,0.016268685,0.00013023613
511,42,sitting,2021-05-07 10:21:47.964,2021-05-07 10:21:49.944,0.021,1,1,0.9856326,0.00014671407,0.9856326,0.01409803,0.00012256643
511,42,sitting,2021-05-07 10:21:48.964,2021-05-07 10:21:50.944,0.021,1,1,0.98404545,0.00016574193,0.98404545,0.015633987,0.0001546881
511,42,sitting,2021-05-07 10:21:49.964,2021-05-07 10:21:51.944,0.021,1,1,0.98382986,0.000109590976,0.98382986,0.015894108,0.00016655515
511,42,sitting,2021-05-07 10:21:50.964,2021-05-07 10:21:52.944,0.021,1,1,0.98383814,6.055715e-05,0.98383814,0.015926288,0.0001749399
511,42,sitting,2021-05-07 10:21:51.964,2021-05-07 10:21:53.944,0.021,1,1,0.9863714,5.2150957e-05,0.9863714,0.013433634,0.00014268451
511,42,sitting,2021-05-07 10:21:52.964,2021-05-07 10:21:54.944,0.021,1,1,0.9893563,4.0285202e-05,0.9893563,0.010503718,9.96133e-05
511,42,sitting,2021-05-07 10:21:53.964,2021-05-07 10:21:55.944,0.021,1,1,0.9910664,3.9363287e-05,0.9910664,0.0088161435,7.810904e-05
511,42,sitting,2021-05-07 10:21:54.964,2021-05-07 10:21:56.944,0.021,1,1,0.9920154,4.4710396e-05,0.9920154,0.007873413,6.6502005e-05
511,42,sitting,2021-05-07 10:21:55.964,2021-05-07 10:21:57.944,0.021,1,1,0.99267155,4.5981167e-05,0.99267155,0.007228981,5.3533095e-05
511,42,sitting,2021-05-07 10:21:56.964,2021-05-07 10:21:58.944,0.021,1,1,0.9926813,4.9590322e-05,0.9926813,0.0072201365,4.9014165e-05
511,42,sitting,2021-05-07 10:21:57.964,2021-05-07 10:21:59.944,0.021,1,1,0.99175453,4.965007e-05,0.99175453,0.008139466,5.641789e-05
511,42,sitting,2021-05-07 10:21:58.964,2021-05-07 10:22:00.944,0.021,1,1,0.9911828,4.314752e-05,0.9911828,0.008724371,4.9794093e-05
511,42,sitting,2021-05-07 10:21:59.964,2021-05-07 10:22:01.944,0.021,1,1,0.9907544,5.3768403e-05,0.9907544,0.009140615,5.109615e-05
511,42,sitting,2021-05-07 10:22:00.964,2021-05-07 10:22:02.944,0.021,1,1,0.9911823,5.6651283e-05,0.9911823,0.008709246,5.1840685e-05
511,42,sitting,2021-05-07 10:22:01.964,2021-05-07 10:22:03.944,0.021,1,1,0.9911379,4.5773115e-05,0.9911379,0.008761797,5.458164e-05
511,42,sitting,2021-05-07 10:22:02.964,2021-05-07 10:22:04.944,0.021,1,1,0.9911888,5.0555875e-05,0.9911888,0.008703163,5.7404293e-05
511,42,sitting,2021-05-07 10:22:03.964,2021-05-07 10:22:05.944,0.021,1,1,0.99132824,4.8647104e-05,0.99132824,0.008560478,6.2480256e-05
511,42,sitting,2021-05-07 10:22:04.963,2021-05-07 10:22:06.944,0.021,1,1,0.98971087,4.3100415e-05,0.98971087,0.010153464,9.256854e-05
511,42,sitting,2021-05-07 10:22:05.963,2021-05-07 10:22:07.944,0.021,1,1,0.98956186,4.331304e-05,0.98956186,0.01030658,8.819148e-05
511,42,sitting,2021-05-07 10:22:06.963,2021-05-07 10:22:08.944,0.021,1,1,0.9904004,4.557464e-05,0.9904004,0.009482289,7.1807706e-05
511,42,sitting,2021-05-07 10:22:07.963,2021-05-07 10:22:09.944,0.021,1,1,0.9910144,4.5465502e-05,0.9910144,0.00887949,6.063758e-05
511,42,sitting,2021-05-07 10:22:08.963,2021-05-07 10:22:10.944,0.021,1,1,0.9911294,4.5002267e-05,0.9911294,0.008766018,5.9580183e-05
511,42,sitting,2021-05-07 10:22:09.963,2021-05-07 10:22:11.944,0.021,1,1,0.9919677,4.534794e-05,0.9919677,0.007930717,5.6325494e-05
511,42,sitting,2021-05-07 10:22:10.963,2021-05-07 10:22:12.944,0.021,1,1,0.99117327,4.442145e-05,0.99117327,0.008712178,7.018249e-05
511,42,sitting,2021-05-07 10:22:11.963,2021-05-07 10:22:13.944,0.021,1,1,0.99134254,4.4564826e-05,0.99134254,0.008550936,6.187443e-05
511,42,sitting,2021-05-07 10:22:12.963,2021-05-07 10:22:14.944,0.021,1,1,0.9916959,4.1060706e-05,0.9916959,0.008204936,5.8207344e-05
511,42,sitting,2021-05-07 10:22:13.963,2021-05-07 10:22:15.944,0.021,1,1,0.9910845,3.7327998e-05,0.9910845,0.00881564,6.2500716e-05
511,42,sitting,2021-05-07 10:22:14.963,2021-05-07 10:22:16.944,0.021,1,1,0.99182504,3.964548e-05,0.99182504,0.008080743,5.4570173e-05
511,42,sitting,2021-05-07 10:22:15.963,2021-05-07 10:22:17.944,0.021,1,1,0.991324,3.884984e-05,0.991324,0.008573674,6.335802e-05
511,42,sitting,2021-05-07 10:22:16.964,2021-05-07 10:22:18.944,0.021,1,1,0.99130803,4.1692238e-05,0.99130803,0.008591505,5.8685684e-05
511,42,sitting,2021-05-07 10:22:17.964,2021-05-07 10:22:19.944,0.021,1,1,0.99198186,4.5101413e-05,0.99198186,0.007927276,4.579523e-05
511,42,sitting,2021-05-07 10:22:18.964,2021-05-07 10:22:20.944,0.021,1,1,0.99104905,4.6978734e-05,0.99104905,0.0088468185,5.709163e-05
511,42,sitting,2021-05-07 10:22:19.964,2021-05-07 10:22:21.944,0.021,1,1,0.99087346,4.693257e-05,0.99087346,0.009019949,5.9646256e-05
511,42,sitting,2021-05-07 10:22:20.964,2021-05-07 10:22:22.944,0.021,1,1,0.990059,4.5105044e-05,0.990059,0.009818827,7.709028e-05
511,42,sitting,2021-05-07 10:22:21.964,2021-05-07 10:22:23.944,0.021,1,1,0.99136597,4.769253e-05,0.99136597,0.008524554,6.1657825e-05
511,42,sitting,2021-05-07 10:22:22.964,2021-05-07 10:22:24.944,0.021,1,1,0.9915267,4.6864996e-05,0.9915267,0.008373694,5.2861902e-05
511,42,sitting,2021-05-07 10:22:23.964,2021-05-07 10:22:25.944,0.021,1,1,0.9909408,4.354116e-05,0.9909408,0.008953582,6.204947e-05
511,42,sitting,2021-05-07 10:22:24.964,2021-05-07 10:22:26.944,0.021,1,1,0.9905215,4.3648888e-05,0.9905215,0.009365399,6.95689e-05
511,42,sitting,2021-05-07 10:22:25.964,2021-05-07 10:22:27.944,0.021,1,1,0.9908092,4.2565185e-05,0.9908092,0.009087478,6.0828585e-05
511,42,sitting,2021-05-07 10:22:26.964,2021-05-07 10:22:28.944,0.021,1,1,0.9917586,4.56428e-05,0.9917586,0.008143028,5.2767926e-05
511,42,sitting,2021-05-07 10:22:27.964,2021-05-07 10:22:29.944,0.021,1,1,0.9915151,4.8865015e-05,0.9915151,0.008382964,5.319049e-05
511,42,sitting,2021-05-07 10:22:28.964,2021-05-07 10:22:30.944,0.021,1,1,0.99117535,4.710833e-05,0.99117535,0.008727194,5.0227733e-05
511,42,sitting,2021-05-07 10:22:29.964,2021-05-07 10:22:31.944,0.021,1,1,0.9914824,4.400578e-05,0.9914824,0.008427531,4.6115947e-05
511,42,sitting,2021-05-07 10:22:30.964,2021-05-07 10:22:32.944,0.021,1,1,0.9907672,3.9657243e-05,0.9907672,0.009135648,5.735646e-05
511,42,sitting,2021-05-07 10:22:31.964,2021-05-07 10:22:33.944,0.021,1,1,0.99091566,4.2987434e-05,0.99091566,0.008984013,5.7426416e-05
511,42,sitting,2021-05-07 10:22:32.964,2021-05-07 10:22:34.944,0.021,1,1,0.9917225,4.5258585e-05,0.9917225,0.00818525,4.6952726e-05
511,42,sitting,2021-05-07 10:22:33.964,2021-05-07 10:22:35.944,0.021,1,1,0.9920288,4.4692235e-05,0.9920288,0.007876505,5.0012946e-05
511,42,sitting,2021-05-07 10:22:34.964,2021-05-07 10:22:36.944,0.021,1,1,0.99242383,4.5252422e-05,0.99242383,0.0074852733,4.5652036e-05
511,42,sitting,2021-05-07 10:22:35.964,2021-05-07 10:22:37.944,0.021,1,1,0.9925241,4.8498783e-05,0.9925241,0.007381477,4.5882924e-05
511,42,sitting,2021-05-07 10:22:36.964,2021-05-07 10:22:38.944,0.021,1,1,0.99171835,4.6371628e-05,0.99171835,0.008181871,5.330708e-05
511,42,sitting,2021-05-07 10:22:37.964,2021-05-07 10:22:39.944,0.021,1,1,0.9904882,4.365454e-05,0.9904882,0.009389857,7.825153e-05
511,42,sitting,2021-05-07 10:22:38.964,2021-05-07 10:22:40.944,0.021,1,1,0.989904,3.949167e-05,0.989904,0.009959197,9.718625e-05
511,42,sitting,2021-05-07 10:22:39.964,2021-05-07 10:22:41.944,0.021,1,1,0.9909883,3.7615246e-05,0.9909883,0.00891205,6.197863e-05
511,42,sitting,2021-05-07 10:22:40.964,2021-05-07 10:22:42.944,0.021,1,1,0.9906206,4.2634714e-05,0.9906206,0.009275827,6.0915983e-05
511,42,sitting,2021-05-07 10:22:41.964,2021-05-07 10:22:43.944,0.021,1,1,0.99048346,4.756372e-05,0.99048346,0.009393449,7.5511125e-05
511,42,sitting,2021-05-07 10:22:42.964,2021-05-07 10:22:44.944,0.021,1,1,0.9896327,4.418042e-05,0.9896327,0.010238405,8.4637024e-05
511,42,sitting,2021-05-07 10:22:43.964,2021-05-07 10:22:45.944,0.021,1,1,0.9908816,4.114776e-05,0.9908816,0.009017348,5.99251e-05
511,42,sitting,2021-05-07 10:22:44.964,2021-05-07 10:22:46.944,0.021,1,1,0.9910242,4.1311716e-05,0.9910242,0.008870493,6.392092e-05
511,42,sitting,2021-05-07 10:22:45.964,2021-05-07 10:22:47.944,0.021,1,1,0.99006456,4.437184e-05,0.99006456,0.009809228,8.179354e-05
511,42,sitting,2021-05-07 10:22:46.964,2021-05-07 10:22:48.944,0.021,1,1,0.9908146,4.649012e-05,0.9908146,0.009058074,8.069343e-05
511,42,sitting,2021-05-07 10:22:47.964,2021-05-07 10:22:49.944,0.021,1,1,0.99077886,4.4857232e-05,0.99077886,0.009096173,8.011131e-05
511,42,sitting,2021-05-07 10:22:48.964,2021-05-07 10:22:50.944,0.021,1,1,0.99023837,4.2242547e-05,0.99023837,0.009636303,8.3015315e-05
511,42,sitting,2021-05-07 10:22:49.964,2021-05-07 10:22:51.944,0.021,1,1,0.99091434,4.0957977e-05,0.99091434,0.008974064,7.061661e-05
511,42,sitting,2021-05-07 10:22:50.964,2021-05-07 10:22:52.944,0.021,1,1,0.9894838,4.2730982e-05,0.9894838,0.0103851,8.852334e-05
511,42,sitting,2021-05-07 10:22:51.964,2021-05-07 10:22:53.944,0.021,1,1,0.98896724,4.5892048e-05,0.98896724,0.010897496,8.933994e-05
511,42,sitting,2021-05-07 10:22:52.964,2021-05-07 10:22:54.944,0.021,1,1,0.9899756,4.369616e-05,0.9899756,0.009902234,7.847327e-05
511,42,sitting,2021-05-07 10:22:53.964,2021-05-07 10:22:55.944,0.021,1,1,0.99097615,4.029409e-05,0.99097615,0.008914861,6.880794e-05
511,42,sitting,2021-05-07 10:22:54.964,2021-05-07 10:22:56.944,0.021,1,1,0.9900438,3.8569386e-05,0.9900438,0.009838186,7.9386045e-05
511,42,sitting,2021-05-07 10:22:55.964,2021-05-07 10:22:57.944,0.021,1,1,0.9905986,4.081958e-05,0.9905986,0.009289537,7.091888e-05
511,42,sitting,2021-05-07 10:22:56.964,2021-05-07 10:22:58.944,0.021,1,1,0.9901023,4.518189e-05,0.9901023,0.0097741205,7.837658e-05
511,42,sitting,2021-05-07 10:22:57.964,2021-05-07 10:22:59.944,0.021,1,1,0.98923045,5.1481085e-05,0.98923045,0.0106481025,6.991905e-05
511,42,sitting,2021-05-07 10:22:58.964,2021-05-07 10:23:00.944,0.021,1,1,0.987703,5.329757e-05,0.987703,0.012161114,8.2527244e-05
511,42,sitting,2021-05-07 10:22:59.964,2021-05-07 10:23:01.944,0.021,1,1,0.98472124,6.518847e-05,0.98472124,0.015020025,0.00019356803
511,43,walking,2021-05-07 10:23:04.444,2021-05-07 10:23:06.423,0.021,3,3,0.99998516,5.373934e-07,4.873394e-07,1.3750982e-05,0.99998516
511,43,walking,2021-05-07 10:23:05.444,2021-05-07 10:23:07.423,0.021,3,3,0.99999934,5.956687e-08,1.6050043e-08,5.5923465e-07,0.99999934
511,43,walking,2021-05-07 10:23:06.444,2021-05-07 10:23:08.423,0.021,3,3,0.9999979,1.3037572e-07,6.0567174e-08,1.8862859e-06,0.9999979
511,43,walking,2021-05-07 10:23:07.444,2021-05-07 10:23:09.423,0.021,3,3,0.9999991,5.5102632e-08,1.9406627e-08,7.852518e-07,0.9999991
511,43,walking,2021-05-07 10:23:08.444,2021-05-07 10:23:10.423,0.021,3,3,0.99999887,6.579203e-08,2.472048e-08,9.403601e-07,0.99999887
511,43,walking,2021-05-07 10:23:09.444,2021-05-07 10:23:11.423,0.021,3,3,0.9999983,1.0738941e-07,4.896431e-08,1.4928446e-06,0.9999983
511,43,walking,2021-05-07 10:23:10.444,2021-05-07 10:23:12.423,0.021,3,3,0.9999973,1.1986772e-07,8.751313e-08,2.4597664e-06,0.9999973
511,43,walking,2021-05-07 10:23:11.444,2021-05-07 10:23:13.423,0.021,3,3,0.99999934,3.72022e-08,1.3962857e-08,5.367644e-07,0.99999934
511,43,walking,2021-05-07 10:23:12.444,2021-05-07 10:23:14.423,0.021,3,3,0.99999005,3.511805e-07,3.4186183e-07,9.234061e-06,0.99999005
511,43,walking,2021-05-07 10:23:13.444,2021-05-07 10:23:15.423,0.021,3,3,0.9999978,1.10747344e-07,5.683024e-08,1.9551258e-06,0.9999978
511,43,walking,2021-05-07 10:23:14.444,2021-05-07 10:23:16.423,0.021,3,3,0.9999644,6.686025e-07,1.531143e-06,3.331128e-05,0.9999644
511,43,walking,2021-05-07 10:23:15.444,2021-05-07 10:23:17.423,0.021,3,3,0.9973386,5.7007574e-06,0.00011570487,0.0025400438,0.9973386
511,43,walking,2021-05-07 10:23:16.444,2021-05-07 10:23:18.423,0.021,3,3,0.99348557,1.2920111e-05,0.00034610223,0.0061553787,0.99348557
511,43,walking,2021-05-07 10:23:17.444,2021-05-07 10:23:19.423,0.021,3,3,0.9999816,3.941243e-07,7.191525e-07,1.7273112e-05,0.9999816
511,43,walking,2021-05-07 10:23:18.444,2021-05-07 10:23:20.423,0.021,3,3,0.99998087,5.1757445e-07,9.220806e-07,1.761321e-05,0.99998087
511,43,walking,2021-05-07 10:23:19.444,2021-05-07 10:23:21.423,0.021,3,3,0.9999866,3.7249276e-07,5.5744636e-07,1.2445525e-05,0.9999866
511,43,walking,2021-05-07 10:23:20.444,2021-05-07 10:23:22.423,0.021,3,3,0.9997314,2.3795176e-06,1.4244071e-05,0.00025189633,0.9997314
511,43,walking,2021-05-07 10:23:21.444,2021-05-07 10:23:23.423,0.021,3,3,0.9996554,2.2665085e-06,1.7419863e-05,0.0003249824,0.9996554
511,43,walking,2021-05-07 10:23:22.444,2021-05-07 10:23:24.423,0.021,3,3,0.998696,5.7066386e-06,7.459762e-05,0.0012235187,0.998696
511,43,walking,2021-05-07 10:23:23.444,2021-05-07 10:23:25.423,0.021,3,3,0.98134434,3.375495e-05,0.0014933142,0.017128468,0.98134434
511,43,walking,2021-05-07 10:23:24.444,2021-05-07 10:23:26.423,0.021,3,3,0.98948306,3.6974136e-05,0.00087686616,0.0096030645,0.98948306
511,46,standing,2021-05-07 10:23:28.884,2021-05-07 10:23:30.864,0.021,2,2,0.8311235,0.00014487324,0.1495269,0.8311235,0.019204924
511,46,standing,2021-05-07 10:23:29.884,2021-05-07 10:23:31.864,0.021,2,2,0.7936794,0.00012532389,0.20230305,0.7936794,0.0038922182
511,46,standing,2021-05-07 10:23:30.884,2021-05-07 10:23:32.863,0.021,2,2,0.7932039,0.0001308624,0.20355183,0.7932039,0.0031134137
511,46,standing,2021-05-07 10:23:31.884,2021-05-07 10:23:33.863,0.021,2,2,0.81297266,0.00020123586,0.17145716,0.81297266,0.015369008
511,46,standing,2021-05-07 10:23:32.883,2021-05-07 10:23:34.863,0.021,2,2,0.8020042,0.00018125796,0.1870923,0.8020042,0.010722125
511,46,standing,2021-05-07 10:23:33.883,2021-05-07 10:23:35.863,0.021,2,2,0.77450347,0.0001164636,0.22346298,0.77450347,0.0019170742
511,46,standing,2021-05-07 10:23:34.883,2021-05-07 10:23:36.863,0.021,2,2,0.75582623,0.00011098636,0.24262775,0.75582623,0.0014351256
511,46,standing,2021-05-07 10:23:35.883,2021-05-07 10:23:37.863,0.021,2,2,0.722605,0.00011179944,0.2763305,0.722605,0.0009527503
511,46,standing,2021-05-07 10:23:36.883,2021-05-07 10:23:38.863,0.021,2,2,0.7007979,0.000109818,0.29833218,0.7007979,0.0007600958
511,46,standing,2021-05-07 10:23:37.883,2021-05-07 10:23:39.863,0.021,2,2,0.7152413,0.00014673978,0.28093448,0.7152413,0.0036773812
511,46,standing,2021-05-07 10:23:38.883,2021-05-07 10:23:40.863,0.021,2,2,0.77229744,0.0002859503,0.17752764,0.77229744,0.049888894
511,46,standing,2021-05-07 10:23:39.883,2021-05-07 10:23:41.863,0.021,2,2,0.7851774,0.00022833308,0.2000588,0.7851774,0.014535465
511,46,standing,2021-05-07 10:23:40.883,2021-05-07 10:23:42.863,0.021,2,2,0.76461416,0.0001576764,0.23227425,0.76461416,0.0029539429
511,46,standing,2021-05-07 10:23:41.883,2021-05-07 10:23:43.863,0.021,2,2,0.80110925,0.00021680257,0.18647684,0.80110925,0.012197035
511,46,standing,2021-05-07 10:23:42.883,2021-05-07 10:23:44.863,0.021,2,2,0.78004944,0.00019911263,0.20321666,0.78004944,0.016534738
511,46,standing,2021-05-07 10:23:43.883,2021-05-07 10:23:45.863,0.021,2,2,0.7498176,0.00013563775,0.24371383,0.7498176,0.006332837
511,48,standing,2021-05-07 10:23:47.683,2021-05-07 10:23:49.664,0.021,2,2,0.85358334,0.00017720794,0.13900593,0.85358334,0.0072335876
511,50,standing,2021-05-07 10:23:51.043,2021-05-07 10:23:53.023,0.021,2,2,0.8095405,0.00016624654,0.18621762,0.8095405,0.0040755565
511,50,standing,2021-05-07 10:23:52.043,2021-05-07 10:23:54.023,0.021,2,2,0.84940237,0.00012996109,0.14870909,0.84940237,0.0017585654
511,50,standing,2021-05-07 10:23:53.043,2021-05-07 10:23:55.023,0.021,2,3,0.5531002,0.00023910099,0.055782218,0.3908785,0.5531002
511,50,standing,2021-05-07 10:23:54.043,2021-05-07 10:23:56.023,0.021,2,3,0.6943274,0.00020760835,0.040876564,0.26458842,0.6943274
511,50,standing,2021-05-07 10:23:55.043,2021-05-07 10:23:57.023,0.021,2,2,0.7360216,0.00017185185,0.2539515,0.7360216,0.009855169
511,50,standing,2021-05-07 10:23:56.043,2021-05-07 10:23:58.023,0.021,2,2,0.6340704,0.00010003001,0.36445966,0.6340704,0.0013700217
511,50,standing,2021-05-07 10:23:57.043,2021-05-07 10:23:59.023,0.021,2,2,0.6739306,0.00013067087,0.3233916,0.6739306,0.0025471642
511,50,standing,2021-05-07 10:23:58.043,2021-05-07 10:24:00.023,0.021,2,2,0.7120411,0.000150631,0.28338027,0.7120411,0.004428128
511,50,standing,2021-05-07 10:23:59.043,2021-05-07 10:24:01.023,0.021,2,2,0.6366073,6.34164e-05,0.36246243,0.6366073,0.0008667834
511,50,standing,2021-05-07 10:24:00.043,2021-05-07 10:24:02.023,0.021,2,2,0.6070268,4.831366e-05,0.39237896,0.6070268,0.0005459074
511,50,standing,2021-05-07 10:24:01.043,2021-05-07 10:24:03.023,0.021,2,2,0.56648767,4.253325e-05,0.4332368,0.56648767,0.0002329468
511,50,standing,2021-05-07 10:24:02.043,2021-05-07 10:24:04.024,0.021,2,2,0.54980016,4.4310505e-05,0.44994965,0.54980016,0.00020577422
511,50,standing,2021-05-07 10:24:03.043,2021-05-07 10:24:05.024,0.021,2,2,0.5399539,5.0829436e-05,0.4597841,0.5399539,0.0002111761
511,50,standing,2021-05-07 10:24:04.043,2021-05-07 10:24:06.024,0.021,2,2,0.5667217,6.0793107e-05,0.432928,0.5667217,0.00028951495
511,56,standing,2021-05-07 10:24:09.803,2021-05-07 10:24:11.784,0.021,2,2,0.73349845,0.00011581157,0.2654707,0.73349845,0.00091498584
511,60,standing,2021-05-07 10:24:15.963,2021-05-07 10:24:17.944,0.021,2,2,0.8195695,0.00016368028,0.17710131,0.8195695,0.0031655384
511,65,walking,2021-05-07 10:24:21.163,2021-05-07 10:24:23.144,0.021,3,3,0.9760967,6.064803e-05,0.0022683814,0.021574298,0.9760967
511,66,standing,2021-05-07 10:24:23.964,2021-05-07 10:24:25.944,0.021,2,2,0.69017863,8.512641e-05,0.30796313,0.69017863,0.001773034
511,66,standing,2021-05-07 10:24:24.964,2021-05-07 10:24:26.944,0.021,2,2,0.7008631,8.667603e-05,0.29769456,0.7008631,0.0013556028
511,66,standing,2021-05-07 10:24:25.964,2021-05-07 10:24:27.944,0.021,2,2,0.74739474,0.000131293,0.24652398,0.74739474,0.0059500677
511,66,standing,2021-05-07 10:24:26.964,2021-05-07 10:24:28.944,0.021,2,2,0.7814208,0.00015998917,0.20249186,0.7814208,0.015927333
511,66,standing,2021-05-07 10:24:27.964,2021-05-07 10:24:29.944,0.021,2,2,0.73622066,0.00010528067,0.26064646,0.73622066,0.0030275178
511,66,standing,2021-05-07 10:24:28.964,2021-05-07 10:24:30.944,0.021,2,2,0.77176386,0.00020705516,0.20756043,0.77176386,0.020468676
511,66,standing,2021-05-07 10:24:29.964,2021-05-07 10:24:31.944,0.021,2,2,0.5899176,0.00031934833,0.098341696,0.5899176,0.31142133
511,70,standing,2021-05-07 10:24:35.203,2021-05-07 10:24:37.183,0.021,2,3,0.9238861,9.255643e-05,0.005473502,0.070547834,0.9238861
511,70,standing,2021-05-07 10:24:36.203,2021-05-07 10:24:38.183,0.021,2,3,0.6907483,0.00022342069,0.02296798,0.2860602,0.6907483
511,71,walking,2021-05-07 10:24:38.883,2021-05-07 10:24:40.863,0.021,3,3,0.9999816,2.0611806e-07,7.923354e-07,1.731958e-05,0.9999816
511,71,walking,2021-05-07 10:24:39.883,2021-05-07 10:24:41.863,0.021,3,3,0.9999955,1.16590684e-07,2.1679858e-07,4.051063e-06,0.9999955
511,71,walking,2021-05-07 10:24:40.883,2021-05-07 10:24:42.863,0.021,3,3,0.99998575,2.2739974e-07,8.434217e-07,1.31390925e-05,0.99998575
511,71,walking,2021-05-07 10:24:41.883,2021-05-07 10:24:43.863,0.021,3,3,0.9999997,1.5610635e-08,8.896131e-09,2.33376e-07,0.9999997
511,71,walking,2021-05-07 10:24:42.883,2021-05-07 10:24:44.863,0.021,3,3,0.9999992,3.1806948e-08,3.4157672e-08,6.458511e-07,0.9999992
511,71,walking,2021-05-07 10:24:43.883,2021-05-07 10:24:45.863,0.021,3,3,0.9999992,2.6216682e-08,3.1537944e-08,6.7152257e-07,0.9999992
511,71,walking,2021-05-07 10:24:44.883,2021-05-07 10:24:46.863,0.021,3,3,0.9999992,2.7142741e-08,2.719062e-08,6.374629e-07,0.9999992
511,71,walking,2021-05-07 10:24:45.883,2021-05-07 10:24:47.863,0.021,3,3,0.99999946,1.5816681e-08,1.8282032e-08,4.3068127e-07,0.99999946
511,71,walking,2021-05-07 10:24:46.883,2021-05-07 10:24:48.863,0.021,3,3,0.999993,9.515667e-08,2.7532343e-07,6.4921237e-06,0.999993
511,71,walking,2021-05-07 10:24:47.883,2021-05-07 10:24:49.863,0.021,3,3,0.99828815,3.839781e-06,0.00011906608,0.0015889595,0.99828815
511,71,walking,2021-05-07 10:24:48.883,2021-05-07 10:24:50.863,0.021,3,3,0.99987006,7.7762854e-07,9.3821245e-06,0.00011989838,0.99987006
511,71,walking,2021-05-07 10:24:49.883,2021-05-07 10:24:51.863,0.021,3,3,0.99999124,1.18579344e-07,4.3969214e-07,8.118245e-06,0.99999124
511,71,walking,2021-05-07 10:24:50.883,2021-05-07 10:24:52.863,0.021,3,3,0.99999946,2.051157e-08,1.8987947e-08,4.2112e-07,0.99999946
511,71,walking,2021-05-07 10:24:51.883,2021-05-07 10:24:53.863,0.021,3,3,0.9999947,9.9445046e-08,2.6030102e-07,4.8478637e-06,0.9999947
511,71,walking,2021-05-07 10:24:52.883,2021-05-07 10:24:54.863,0.021,3,3,0.9999586,4.457069e-07,2.4975143e-06,3.838956e-05,0.9999586
511,71,walking,2021-05-07 10:24:53.883,2021-05-07 10:24:55.863,0.021,3,3,0.9983226,6.259697e-06,0.00017256854,0.0014984481,0.9983226
511,71,walking,2021-05-07 10:24:54.883,2021-05-07 10:24:56.863,0.021,3,3,0.9980778,5.460616e-06,0.00018965692,0.0017271579,0.9980778
511,71,walking,2021-05-07 10:24:55.883,2021-05-07 10:24:57.863,0.021,3,3,0.98892456,2.0481233e-05,0.0011692139,0.009885719,0.98892456
511,75,walking,2021-05-07 10:25:00.204,2021-05-07 10:25:02.184,0.021,3,2,0.48720428,0.00019445118,0.06472595,0.48720428,0.4478754
511,75,walking,2021-05-07 10:25:01.204,2021-05-07 10:25:03.184,0.021,3,3,0.63735795,0.00013492377,0.05275736,0.30974975,0.63735795
511,75,walking,2021-05-07 10:25:02.204,2021-05-07 10:25:04.184,0.021,3,3,0.8272583,8.506059e-05,0.021653563,0.15100309,0.8272583
511,81,walking,2021-05-07 10:25:18.163,2021-05-07 10:25:20.144,0.021,3,2,0.5179959,0.00019129273,0.09554619,0.5179959,0.38626653
511,81,walking,2021-05-07 10:25:19.163,2021-05-07 10:25:21.144,0.021,3,3,0.98149073,1.821746e-05,0.0017309253,0.016760064,0.98149073
511,81,walking,2021-05-07 10:25:20.163,2021-05-07 10:25:22.144,0.021,3,3,0.9941839,7.5487337e-06,0.00046034998,0.005348308,0.9941839
511,81,walking,2021-05-07 10:25:21.163,2021-05-07 10:25:23.144,0.021,3,3,0.9667803,2.8771581e-05,0.0030348822,0.030156005,0.9667803
511,81,walking,2021-05-07 10:25:22.163,2021-05-07 10:25:24.144,0.021,3,3,0.8470571,8.218591e-05,0.013832529,0.13902818,0.8470571
511,81,walking,2021-05-07 10:25:23.163,2021-05-07 10:25:25.144,0.021,3,3,0.9620616,3.0108897e-05,0.0034960958,0.03441225,0.9620616
511,81,walking,2021-05-07 10:25:24.163,2021-05-07 10:25:26.144,0.021,3,3,0.9019932,7.83394e-05,0.010848498,0.087079816,0.9019932
511,81,walking,2021-05-07 10:25:25.163,2021-05-07 10:25:27.144,0.021,3,3,0.9199895,6.608601e-05,0.0076199393,0.07232444,0.9199895
511,81,walking,2021-05-07 10:25:26.163,2021-05-07 10:25:28.144,0.021,3,3,0.96852076,3.116015e-05,0.0032649876,0.0281831,0.96852076
511,81,walking,2021-05-07 10:25:27.163,2021-05-07 10:25:29.144,0.021,3,3,0.95930463,3.6905985e-05,0.0038312122,0.036827292,0.95930463
511,81,walking,2021-05-07 10:25:28.163,2021-05-07 10:25:30.144,0.021,3,3,0.6760027,0.00015180295,0.023757612,0.3000879,0.6760027
511,81,walking,2021-05-07 10:25:29.163,2021-05-07 10:25:31.144,0.021,3,2,0.76441634,0.00020838085,0.077911444,0.76441634,0.15746371
511,81,walking,2021-05-07 10:25:30.163,2021-05-07 10:25:32.144,0.021,3,3,0.48283294,0.00015489201,0.047806352,0.46920577,0.48283294
511,81,walking,2021-05-07 10:25:31.163,2021-05-07 10:25:33.144,0.021,3,3,0.987568,1.5413329e-05,0.0010152711,0.011401373,0.987568
511,81,walking,2021-05-07 10:25:32.164,2021-05-07 10:25:34.144,0.021,3,3,0.9852549,2.0355668e-05,0.0014175667,0.013307151,0.9852549
511,81,walking,2021-05-07 10:25:33.164,2021-05-07 10:25:35.144,0.021,3,3,0.9752628,2.4200945e-05,0.0025086107,0.022204382,0.9752628
511,83,walking,2021-05-07 10:25:37.484,2021-05-07 10:25:39.464,0.021,3,3,0.9980465,3.5365833e-06,0.00012535234,0.0018246226,0.9980465
511,83,walking,2021-05-07 10:25:38.484,2021-05-07 10:25:40.464,0.021,3,3,0.9997395,1.6751109e-06,1.430411e-05,0.0002444698,0.9997395
511,83,walking,2021-05-07 10:25:39.484,2021-05-07 10:25:41.464,0.021,3,3,0.99953365,3.4274808e-06,2.2766251e-05,0.0004401506,0.99953365
511,83,walking,2021-05-07 10:25:40.484,2021-05-07 10:25:42.464,0.021,3,3,0.99980116,1.4757314e-06,1.0328184e-05,0.0001870905,0.99980116
511,83,walking,2021-05-07 10:25:41.484,2021-05-07 10:25:43.464,0.021,3,3,0.99772346,5.677355e-06,0.00013568894,0.002135097,0.99772346
511,84,lying,2021-05-07 10:25:48.964,2021-05-07 10:25:50.944,0.021,0,0,0.9937731,0.9937731,0.00622684,1.9386068e-09,9.003463e-11
511,84,lying,2021-05-07 10:25:49.964,2021-05-07 10:25:51.944,0.021,0,0,0.9970976,0.9970976,0.0029024403,1.2122078e-09,8.193698e-11
511,84,lying,2021-05-07 10:25:50.964,2021-05-07 10:25:52.944,0.021,0,0,0.99703133,0.99703133,0.002968655,1.3071818e-09,8.253035e-11
511,84,lying,2021-05-07 10:25:51.964,2021-05-07 10:25:53.944,0.021,0,0,0.99692386,0.99692386,0.0030761065,1.3734454e-09,8.4908414e-11
511,84,lying,2021-05-07 10:25:52.964,2021-05-07 10:25:54.944,0.021,0,0,0.99679804,0.99679804,0.0032020407,1.4241471e-09,8.469391e-11
511,84,lying,2021-05-07 10:25:53.964,2021-05-07 10:25:55.944,0.021,0,0,0.99673766,0.99673766,0.0032623333,1.4484909e-09,8.5279284e-11
511,84,lying,2021-05-07 10:25:54.964,2021-05-07 10:25:56.944,0.021,0,0,0.99694467,0.99694467,0.0030552929,1.4152737e-09,9.059959e-11
511,84,lying,2021-05-07 10:25:55.964,2021-05-07 10:25:57.944,0.021,0,0,0.9969579,0.9969579,0.0030420811,1.4187792e-09,9.037797e-11
511,84,lying,2021-05-07 10:25:56.964,2021-05-07 10:25:58.944,0.021,0,0,0.99682605,0.99682605,0.0031740074,1.4239318e-09,8.577839e-11
511,84,lying,2021-05-07 10:25:57.964,2021-05-07 10:25:59.944,0.021,0,0,0.99713075,0.99713075,0.0028691604,1.3527216e-09,8.966231e-11
511,84,lying,2021-05-07 10:25:58.964,2021-05-07 10:26:00.944,0.021,0,0,0.9973664,0.9973664,0.0026335043,1.2707569e-09,9.1105894e-11
511,84,lying,2021-05-07 10:25:59.964,2021-05-07 10:26:01.944,0.021,0,0,0.9973552,0.9973552,0.0026447037,1.2595652e-09,9.0102044e-11
511,84,lying,2021-05-07 10:26:00.964,2021-05-07 10:26:02.944,0.021,0,0,0.99745333,0.99745333,0.002546547,1.2295044e-09,9.0929625e-11
511,84,lying,2021-05-07 10:26:01.964,2021-05-07 10:26:03.944,0.021,0,0,0.99745286,0.99745286,0.0025470206,1.2089331e-09,8.862386e-11
511,84,lying,2021-05-07 10:26:02.964,2021-05-07 10:26:04.944,0.021,0,0,0.9973707,0.9973707,0.002629286,1.244941e-09,8.8850455e-11
511,84,lying,2021-05-07 10:26:03.964,2021-05-07 10:26:05.944,0.021,0,0,0.99726474,0.99726474,0.0027352062,1.2973846e-09,9.0020005e-11
511,84,lying,2021-05-07 10:26:04.963,2021-05-07 10:26:06.944,0.021,0,0,0.9972775,0.9972775,0.002722601,1.313744e-09,9.2113074e-11
511,84,lying,2021-05-07 10:26:05.963,2021-05-07 10:26:07.944,0.021,0,0,0.9971453,0.9971453,0.0028546806,1.3318833e-09,8.8706945e-11
511,84,lying,2021-05-07 10:26:06.963,2021-05-07 10:26:08.944,0.021,0,0,0.9971864,0.9971864,0.002813643,1.2952578e-09,8.7063e-11
511,84,lying,2021-05-07 10:26:07.963,2021-05-07 10:26:09.944,0.021,0,0,0.997409,0.997409,0.0025909496,1.2099503e-09,8.739093e-11
511,84,lying,2021-05-07 10:26:08.963,2021-05-07 10:26:10.944,0.021,0,0,0.99700814,0.99700814,0.0029918388,1.2922331e-09,8.061621e-11
511,84,lying,2021-05-07 10:26:09.963,2021-05-07 10:26:11.944,0.021,0,0,0.99639064,0.99639064,0.0036093486,1.4980339e-09,8.2766655e-11
511,84,lying,2021-05-07 10:26:10.963,2021-05-07 10:26:12.944,0.021,0,0,0.99687636,0.99687636,0.0031236322,1.3771151e-09,8.320724e-11
511,84,lying,2021-05-07 10:26:11.963,2021-05-07 10:26:13.944,0.021,0,0,0.9971329,0.9971329,0.0028670672,1.2838619e-09,8.407588e-11
511,84,lying,2021-05-07 10:26:12.963,2021-05-07 10:26:14.944,0.021,0,0,0.9973178,0.9973178,0.0026822267,1.2521189e-09,8.751337e-11
511,84,lying,2021-05-07 10:26:13.963,2021-05-07 10:26:15.944,0.021,0,0,0.99752647,0.99752647,0.0024735278,1.1909776e-09,8.964419e-11
511,84,lying,2021-05-07 10:26:14.963,2021-05-07 10:26:16.944,0.021,0,0,0.9974668,0.9974668,0.0025331464,1.2097596e-09,8.9142166e-11
511,84,lying,2021-05-07 10:26:15.963,2021-05-07 10:26:17.944,0.021,0,0,0.9974593,0.9974593,0.0025406408,1.203066e-09,8.776584e-11
511,84,lying,2021-05-07 10:26:16.964,2021-05-07 10:26:18.944,0.021,0,0,0.9975538,0.9975538,0.0024461802,1.1702106e-09,8.842969e-11
511,84,lying,2021-05-07 10:26:17.964,2021-05-07 10:26:19.944,0.021,0,0,0.99766153,0.99766153,0.0023384856,1.1503085e-09,9.150925e-11
511,84,lying,2021-05-07 10:26:18.964,2021-05-07 10:26:20.944,0.021,0,0,0.99778736,0.99778736,0.0022125777,1.1042469e-09,9.255653e-11
511,84,lying,2021-05-07 10:26:19.964,2021-05-07 10:26:21.944,0.021,0,0,0.9977613,0.9977613,0.002238752,1.1166208e-09,9.271065e-11
511,84,lying,2021-05-07 10:26:20.964,2021-05-07 10:26:22.944,0.021,0,0,0.99761456,0.99761456,0.0023854952,1.1749385e-09,9.1975816e-11
511,84,lying,2021-05-07 10:26:21.964,2021-05-07 10:26:23.944,0.021,0,0,0.99763286,0.99763286,0.0023671824,1.1560447e-09,9.0794164e-11
511,84,lying,2021-05-07 10:26:22.964,2021-05-07 10:26:24.944,0.021,0,0,0.99782974,0.99782974,0.0021702896,1.1089056e-09,9.513504e-11
511,84,lying,2021-05-07 10:26:23.964,2021-05-07 10:26:25.944,0.021,0,0,0.9978058,0.9978058,0.0021941971,1.1192207e-09,9.518285e-11
511,84,lying,2021-05-07 10:26:24.964,2021-05-07 10:26:26.944,0.021,0,0,0.9977116,0.9977116,0.0022882798,1.141388e-09,9.28887e-11
511,84,lying,2021-05-07 10:26:25.964,2021-05-07 10:26:27.944,0.021,0,0,0.9975467,0.9975467,0.0024532052,1.1879162e-09,9.0123124e-11
511,84,lying,2021-05-07 10:26:26.964,2021-05-07 10:26:28.944,0.021,0,0,0.9975858,0.9975858,0.0024142058,1.1764697e-09,9.0785726e-11
511,84,lying,2021-05-07 10:26:27.964,2021-05-07 10:26:29.944,0.021,0,0,0.99759847,0.99759847,0.0024015652,1.1685143e-09,9.068546e-11
511,84,lying,2021-05-07 10:26:28.964,2021-05-07 10:26:30.944,0.021,0,0,0.9974807,0.9974807,0.00251927,1.1853074e-09,8.746191e-11
511,84,lying,2021-05-07 10:26:29.964,2021-05-07 10:26:31.944,0.021,0,0,0.99763596,0.99763596,0.0023640043,1.1324413e-09,8.895311e-11
511,84,lying,2021-05-07 10:26:30.964,2021-05-07 10:26:32.944,0.021,0,0,0.9977185,0.9977185,0.0022815384,1.1164429e-09,9.036088e-11
511,84,lying,2021-05-07 10:26:31.964,2021-05-07 10:26:33.944,0.021,0,0,0.9974472,0.9974472,0.0025528094,1.211068e-09,8.8572996e-11
511,84,lying,2021-05-07 10:26:32.964,2021-05-07 10:26:34.944,0.021,0,0,0.9973053,0.9973053,0.002694684,1.2568504e-09,8.777539e-11
511,84,lying,2021-05-07 10:26:33.964,2021-05-07 10:26:35.944,0.021,0,0,0.99748534,0.99748534,0.0025147449,1.2193124e-09,9.1243534e-11
511,84,lying,2021-05-07 10:26:34.964,2021-05-07 10:26:36.944,0.021,0,0,0.996819,0.996819,0.003180926,1.4961132e-09,9.161527e-11
511,84,lying,2021-05-07 10:26:35.964,2021-05-07 10:26:37.944,0.021,0,0,0.99623066,0.99623066,0.003769371,1.650161e-09,9.039752e-11
511,84,lying,2021-05-07 10:26:36.964,2021-05-07 10:26:38.944,0.021,0,0,0.9964933,0.9964933,0.0035067548,1.5391293e-09,8.772969e-11
511,84,lying,2021-05-07 10:26:37.964,2021-05-07 10:26:39.944,0.021,0,0,0.99656016,0.99656016,0.0034398756,1.503648e-09,8.604945e-11
511,84,lying,2021-05-07 10:26:38.964,2021-05-07 10:26:40.944,0.021,0,0,0.9962988,0.9962988,0.0037011215,1.5723914e-09,8.689778e-11
511,84,lying,2021-05-07 10:26:39.964,2021-05-07 10:26:41.944,0.021,0,0,0.9956054,0.9956054,0.004394587,1.7843375e-09,8.9446464e-11
511,84,lying,2021-05-07 10:26:40.964,2021-05-07 10:26:42.944,0.021,0,0,0.9958022,0.9958022,0.004197789,1.7209583e-09,8.783455e-11
511,84,lying,2021-05-07 10:26:41.964,2021-05-07 10:26:43.944,0.021,0,0,0.9965389,0.9965389,0.0034611134,1.4956499e-09,8.5542455e-11
511,84,lying,2021-05-07 10:26:42.964,2021-05-07 10:26:44.944,0.021,0,0,0.9960584,0.9960584,0.003941593,1.6492842e-09,8.831211e-11
511,84,lying,2021-05-07 10:26:43.964,2021-05-07 10:26:45.944,0.021,0,0,0.9969095,0.9969095,0.0030904189,1.4441471e-09,9.104331e-11
511,84,lying,2021-05-07 10:26:44.964,2021-05-07 10:26:46.944,0.021,0,0,0.99767363,0.99767363,0.0023263223,1.192374e-09,9.704175e-11
511,84,lying,2021-05-07 10:26:45.964,2021-05-07 10:26:47.944,0.021,0,0,0.99771374,0.99771374,0.0022862584,1.1815481e-09,9.7688586e-11
511,84,lying,2021-05-07 10:26:46.964,2021-05-07 10:26:48.944,0.021,0,0,0.99780554,0.99780554,0.0021944551,1.129678e-09,9.631914e-11
511,84,lying,2021-05-07 10:26:47.964,2021-05-07 10:26:49.944,0.021,0,0,0.99780697,0.99780697,0.0021929992,1.1337205e-09,9.70712e-11
511,84,lying,2021-05-07 10:26:48.964,2021-05-07 10:26:50.944,0.021,0,0,0.9977656,0.9977656,0.0022343858,1.1555041e-09,9.721151e-11
511,84,lying,2021-05-07 10:26:49.964,2021-05-07 10:26:51.944,0.021,0,0,0.99757075,0.99757075,0.0024291396,1.1979612e-09,9.226713e-11
511,84,lying,2021-05-07 10:26:50.964,2021-05-07 10:26:52.944,0.021,0,0,0.9975153,0.9975153,0.0024847114,1.2046101e-09,9.080044e-11
511,84,lying,2021-05-07 10:26:51.964,2021-05-07 10:26:53.944,0.021,0,0,0.99768305,0.99768305,0.0023169653,1.1635758e-09,9.456966e-11
511,84,lying,2021-05-07 10:26:52.964,2021-05-07 10:26:54.944,0.021,0,0,0.9978541,0.9978541,0.002145792,1.1182806e-09,9.7861795e-11
511,84,lying,2021-05-07 10:26:53.964,2021-05-07 10:26:55.944,0.021,0,0,0.9977232,0.9977232,0.002276702,1.1614385e-09,9.5826166e-11
511,84,lying,2021-05-07 10:26:54.964,2021-05-07 10:26:56.944,0.021,0,0,0.99747795,0.99747795,0.0025220625,1.1869036e-09,8.72261e-11
511,84,lying,2021-05-07 10:26:55.964,2021-05-07 10:26:57.944,0.021,0,0,0.9974417,0.9974417,0.0025583962,1.1882128e-09,8.6049876e-11
511,84,lying,2021-05-07 10:26:56.964,2021-05-07 10:26:58.944,0.021,0,0,0.9971707,0.9971707,0.0028292816,1.2918474e-09,8.644147e-11
511,84,lying,2021-05-07 10:26:57.964,2021-05-07 10:26:59.944,0.021,0,0,0.9959275,0.9959275,0.0040725977,1.653625e-09,8.684304e-11
511,84,lying,2021-05-07 10:26:58.964,2021-05-07 10:27:00.944,0.021,0,0,0.9954943,0.9954943,0.004505637,1.7155763e-09,8.410888e-11
511,84,lying,2021-05-07 10:26:59.964,2021-05-07 10:27:01.944,0.021,0,0,0.99648,0.99648,0.003519978,1.4857469e-09,8.4244035e-11
511,84,lying,2021-05-07 10:27:00.964,2021-05-07 10:27:02.944,0.021,0,0,0.9963899,0.9963899,0.0036100307,1.6102659e-09,9.083997e-11
511,84,lying,2021-05-07 10:27:01.964,2021-05-07 10:27:03.944,0.021,0,0,0.99654436,0.99654436,0.0034555984,1.5461701e-09,8.8751104e-11
511,84,lying,2021-05-07 10:27:02.964,2021-05-07 10:27:04.944,0.021,0,0,0.99676853,0.99676853,0.0032314246,1.4836139e-09,8.9027105e-11
511,84,lying,2021-05-07 10:27:03.964,2021-05-07 10:27:05.944,0.021,0,0,0.9971744,0.9971744,0.0028256031,1.334554e-09,9.072025e-11
511,84,lying,2021-05-07 10:27:04.963,2021-05-07 10:27:06.944,0.021,0,0,0.9973259,0.9973259,0.002674046,1.2612182e-09,8.895464e-11
511,84,lying,2021-05-07 10:27:05.963,2021-05-07 10:27:07.944,0.021,0,0,0.9974117,0.9974117,0.0025882847,1.1988376e-09,8.5799326e-11
511,84,lying,2021-05-07 10:27:06.963,2021-05-07 10:27:08.944,0.021,0,0,0.99767864,0.99767864,0.0023213052,1.1625524e-09,9.397264e-11
511,84,lying,2021-05-07 10:27:07.963,2021-05-07 10:27:09.944,0.021,0,0,0.9975482,0.9975482,0.0024517367,1.238358e-09,9.611319e-11
511,84,lying,2021-05-07 10:27:08.963,2021-05-07 10:27:10.944,0.021,0,0,0.99810314,0.99810314,0.0018968154,1.0000042e-09,9.6685486e-11
511,84,lying,2021-05-07 10:27:09.963,2021-05-07 10:27:11.944,0.021,0,0,0.99835026,0.99835026,0.001649776,9.2605257e-10,1.02038995e-10
511,84,lying,2021-05-07 10:27:10.963,2021-05-07 10:27:12.944,0.021,0,0,0.99800116,0.99800116,0.001998789,1.0869309e-09,1.0204593e-10
511,84,lying,2021-05-07 10:27:11.963,2021-05-07 10:27:13.944,0.021,0,0,0.9979211,0.9979211,0.0020788754,1.1176434e-09,1.0115643e-10
511,84,lying,2021-05-07 10:27:12.963,2021-05-07 10:27:14.944,0.021,0,0,0.99791443,0.99791443,0.002085466,1.1163576e-09,1.0055826e-10
511,84,lying,2021-05-07 10:27:13.963,2021-05-07 10:27:15.944,0.021,0,0,0.9979186,0.9979186,0.0020813488,1.1207103e-09,1.0174889e-10
511,84,lying,2021-05-07 10:27:14.963,2021-05-07 10:27:16.944,0.021,0,0,0.9978217,0.9978217,0.0021783684,1.1590501e-09,1.0100909e-10
511,84,lying,2021-05-07 10:27:15.963,2021-05-07 10:27:17.944,0.021,0,0,0.99794096,0.99794096,0.0020590452,1.0481329e-09,9.423323e-11
511,84,lying,2021-05-07 10:27:16.964,2021-05-07 10:27:18.944,0.021,0,0,0.9980065,0.9980065,0.0019934876,1.035976e-09,9.690209e-11
511,84,lying,2021-05-07 10:27:17.964,2021-05-07 10:27:19.944,0.021,0,0,0.9979395,0.9979395,0.002060393,1.1257126e-09,1.03267256e-10
511,84,lying,2021-05-07 10:27:18.964,2021-05-07 10:27:20.944,0.021,0,0,0.9979474,0.9979474,0.0020526033,1.1476047e-09,1.0664252e-10
511,84,lying,2021-05-07 10:27:19.964,2021-05-07 10:27:21.944,0.021,0,0,0.9979259,0.9979259,0.0020740791,1.1394511e-09,1.0442453e-10
511,84,lying,2021-05-07 10:27:20.964,2021-05-07 10:27:22.944,0.021,0,0,0.99792266,0.99792266,0.0020773555,1.1390108e-09,1.0413023e-10
511,84,lying,2021-05-07 10:27:21.964,2021-05-07 10:27:23.944,0.021,0,0,0.9979399,0.9979399,0.0020601097,1.1315512e-09,1.04159445e-10
511,84,lying,2021-05-07 10:27:22.964,2021-05-07 10:27:24.944,0.021,0,0,0.9979106,0.9979106,0.002089276,1.1209065e-09,1.01116795e-10
511,84,lying,2021-05-07 10:27:23.964,2021-05-07 10:27:25.944,0.021,0,0,0.9978979,0.9978979,0.0021021485,1.1152134e-09,9.960369e-11
511,84,lying,2021-05-07 10:27:24.964,2021-05-07 10:27:26.944,0.021,0,0,0.99792933,0.99792933,0.0020706395,1.1367611e-09,1.0411981e-10
511,84,lying,2021-05-07 10:27:25.964,2021-05-07 10:27:27.944,0.021,0,0,0.9979248,0.9979248,0.0020751473,1.1477758e-09,1.05556244e-10
511,84,lying,2021-05-07 10:27:26.964,2021-05-07 10:27:28.944,0.021,0,0,0.997923,0.997923,0.0020770025,1.1365457e-09,1.0423241e-10
511,84,lying,2021-05-07 10:27:27.964,2021-05-07 10:27:29.944,0.021,0,0,0.99795383,0.99795383,0.0020460577,1.1347094e-09,1.0548444e-10
511,84,lying,2021-05-07 10:27:28.964,2021-05-07 10:27:30.944,0.021,0,0,0.9979412,0.9979412,0.0020587544,1.1352492e-09,1.04590385e-10
511,84,lying,2021-05-07 10:27:29.964,2021-05-07 10:27:31.944,0.021,0,0,0.9978927,0.9978927,0.002107314,1.1277894e-09,1.0082648e-10
511,84,lying,2021-05-07 10:27:30.964,2021-05-07 10:27:32.944,0.021,0,0,0.99791765,0.99791765,0.0020822391,1.118147e-09,1.01069104e-10
511,84,lying,2021-05-07 10:27:31.964,2021-05-07 10:27:33.944,0.021,0,0,0.9979419,0.9979419,0.0020581197,1.1323307e-09,1.045408e-10
511,84,lying,2021-05-07 10:27:32.964,2021-05-07 10:27:34.944,0.021,0,0,0.99789757,0.99789757,0.0021025178,1.1578367e-09,1.050789e-10
511,84,lying,2021-05-07 10:27:33.964,2021-05-07 10:27:35.944,0.021,0,0,0.99789053,0.99789053,0.002109468,1.1519846e-09,1.03626406e-10
511,84,lying,2021-05-07 10:27:34.964,2021-05-07 10:27:36.944,0.021,0,0,0.9979247,0.9979247,0.002075241,1.1390695e-09,1.0385791e-10
511,84,lying,2021-05-07 10:27:35.964,2021-05-07 10:27:37.944,0.021,0,0,0.99792755,0.99792755,0.002072477,1.1413954e-09,1.04478495e-10
511,84,lying,2021-05-07 10:27:36.964,2021-05-07 10:27:38.944,0.021,0,0,0.99794847,0.99794847,0.0020515576,1.136371e-09,1.053566e-10
511,84,lying,2021-05-07 10:27:37.964,2021-05-07 10:27:39.944,0.021,0,0,0.99795073,0.99795073,0.0020492843,1.1393991e-09,1.06017216e-10
511,84,lying,2021-05-07 10:27:38.964,2021-05-07 10:27:40.944,0.021,0,0,0.9978757,0.9978757,0.0021243456,1.1461442e-09,1.0223492e-10
511,84,lying,2021-05-07 10:27:39.964,2021-05-07 10:27:41.944,0.021,0,0,0.9978877,0.9978877,0.0021122773,1.1453974e-09,1.02823215e-10
511,84,lying,2021-05-07 10:27:40.964,2021-05-07 10:27:42.944,0.021,0,0,0.9979505,0.9979505,0.0020495749,1.128623e-09,1.0445121e-10
511,84,lying,2021-05-07 10:27:41.964,2021-05-07 10:27:43.944,0.021,0,0,0.99775606,0.99775606,0.0022439589,1.1840166e-09,1.00273415e-10
511,84,lying,2021-05-07 10:27:42.964,2021-05-07 10:27:44.944,0.021,0,0,0.99671245,0.99671245,0.0032875955,1.5086268e-09,9.114154e-11
511,84,lying,2021-05-07 10:27:43.964,2021-05-07 10:27:45.944,0.021,0,0,0.99649554,0.99649554,0.0035044826,1.5301233e-09,9.057449e-11
511,84,lying,2021-05-07 10:27:44.964,2021-05-07 10:27:46.944,0.021,0,0,0.99711293,0.99711293,0.0028869442,1.3038498e-09,8.749473e-11
511,84,lying,2021-05-07 10:27:45.964,2021-05-07 10:27:47.944,0.021,0,0,0.9970115,0.9970115,0.002988535,1.2934434e-09,8.2717194e-11
511,84,lying,2021-05-07 10:27:46.964,2021-05-07 10:27:48.944,0.021,0,0,0.9969675,0.9969675,0.0030325674,1.3653326e-09,8.659183e-11
511,84,lying,2021-05-07 10:27:47.964,2021-05-07 10:27:49.944,0.021,0,0,0.9962904,0.9962904,0.0037095905,1.6433466e-09,9.238524e-11
511,84,lying,2021-05-07 10:27:48.964,2021-05-07 10:27:50.944,0.021,0,0,0.996262,0.996262,0.0037379586,1.6875303e-09,9.529206e-11
511,84,lying,2021-05-07 10:27:49.964,2021-05-07 10:27:51.944,0.021,0,0,0.99741757,0.99741757,0.0025824723,1.2896755e-09,9.655552e-11
511,84,lying,2021-05-07 10:27:50.964,2021-05-07 10:27:52.944,0.021,0,0,0.9979185,0.9979185,0.0020814845,1.0885108e-09,9.788248e-11
511,84,lying,2021-05-07 10:27:51.964,2021-05-07 10:27:53.944,0.021,0,0,0.99751055,0.99751055,0.0024894455,1.1956814e-09,9.0093565e-11
511,84,lying,2021-05-07 10:27:52.964,2021-05-07 10:27:54.944,0.021,0,0,0.99682415,0.99682415,0.0031758226,1.3919842e-09,8.461765e-11
511,84,lying,2021-05-07 10:27:53.964,2021-05-07 10:27:55.944,0.021,0,0,0.9970816,0.9970816,0.002918392,1.3427635e-09,8.951794e-11
511,84,lying,2021-05-07 10:27:54.964,2021-05-07 10:27:56.944,0.021,0,0,0.99852806,0.99852806,0.0014719807,7.8530027e-10,9.576035e-11
511,84,lying,2021-05-07 10:27:55.964,2021-05-07 10:27:57.944,0.021,0,0,0.99840176,0.99840176,0.0015981443,8.530204e-10,9.5588024e-11
511,84,lying,2021-05-07 10:27:56.964,2021-05-07 10:27:58.944,0.021,0,0,0.9979867,0.9979867,0.0020132966,1.0192858e-09,9.3035954e-11
511,84,lying,2021-05-07 10:27:57.964,2021-05-07 10:27:59.944,0.021,0,0,0.9975581,0.9975581,0.002441838,1.2466816e-09,9.775685e-11
511,84,lying,2021-05-07 10:27:58.964,2021-05-07 10:28:00.944,0.021,0,0,0.99736583,0.99736583,0.002634084,1.3015141e-09,9.484771e-11
511,84,lying,2021-05-07 10:27:59.964,2021-05-07 10:28:01.944,0.021,0,0,0.9971692,0.9971692,0.0028307792,1.3605936e-09,9.2625595e-11
511,84,lying,2021-05-07 10:28:00.964,2021-05-07 10:28:02.944,0.021,0,0,0.9971947,0.9971947,0.0028052146,1.3902194e-09,9.604047e-11
511,84,lying,2021-05-07 10:28:01.964,2021-05-07 10:28:03.944,0.021,0,0,0.99683046,0.99683046,0.0031694374,1.5025448e-09,9.27725e-11
511,84,lying,2021-05-07 10:28:02.964,2021-05-07 10:28:04.944,0.021,0,0,0.9972922,0.9972922,0.0027077906,1.3308783e-09,9.4570844e-11
511,84,lying,2021-05-07 10:28:03.964,2021-05-07 10:28:05.944,0.021,0,0,0.9977508,0.9977508,0.0022491275,1.1605494e-09,9.761939e-11
511,84,lying,2021-05-07 10:28:04.963,2021-05-07 10:28:06.944,0.021,0,0,0.9979488,0.9979488,0.0020511476,1.0334827e-09,9.279283e-11
511,84,lying,2021-05-07 10:28:05.963,2021-05-07 10:28:07.944,0.021,0,0,0.99789137,0.99789137,0.0021086722,1.0611373e-09,9.3697515e-11
511,84,lying,2021-05-07 10:28:06.963,2021-05-07 10:28:08.944,0.021,0,0,0.99796695,0.99796695,0.002033104,1.035688e-09,9.3816024e-11
511,84,lying,2021-05-07 10:28:07.963,2021-05-07 10:28:09.944,0.021,0,0,0.9983017,0.9983017,0.0016984015,8.90064e-10,9.397216e-11
511,84,lying,2021-05-07 10:28:08.963,2021-05-07 10:28:10.944,0.021,0,0,0.9984199,0.9984199,0.0015801092,8.634172e-10,9.832133e-11
511,84,lying,2021-05-07 10:28:09.963,2021-05-07 10:28:11.944,0.021,0,0,0.99819964,0.99819964,0.0018002822,9.948954e-10,1.0198488e-10
511,84,lying,2021-05-07 10:28:10.963,2021-05-07 10:28:12.944,0.021,0,0,0.9980366,0.9980366,0.001963336,1.098801e-09,1.06101794e-10
511,84,lying,2021-05-07 10:28:11.963,2021-05-07 10:28:13.944,0.021,0,0,0.9981256,0.9981256,0.0018743254,1.064535e-09,1.0722495e-10
511,84,lying,2021-05-07 10:28:12.963,2021-05-07 10:28:14.944,0.021,0,0,0.9981618,0.9981618,0.0018382024,1.0428266e-09,1.06115915e-10
511,84,lying,2021-05-07 10:28:13.963,2021-05-07 10:28:15.944,0.021,0,0,0.9981097,0.9981097,0.0018903104,1.074938e-09,1.0702709e-10
511,84,lying,2021-05-07 10:28:14.963,2021-05-07 10:28:16.944,0.021,0,0,0.9981837,0.9981837,0.0018163399,1.0499568e-09,1.0885089e-10
511,84,lying,2021-05-07 10:28:15.963,2021-05-07 10:28:17.944,0.021,0,0,0.9982006,0.9982006,0.0017993632,1.0400684e-09,1.08804986e-10
511,84,lying,2021-05-07 10:28:16.964,2021-05-07 10:28:18.944,0.021,0,0,0.99812645,0.99812645,0.0018735335,1.065064e-09,1.0734434e-10
511,84,lying,2021-05-07 10:28:17.964,2021-05-07 10:28:19.944,0.021,0,0,0.9981024,0.9981024,0.001897515,1.0847215e-09,1.0817931e-10
511,84,lying,2021-05-07 10:28:18.964,2021-05-07 10:28:20.944,0.021,0,0,0.9980494,0.9980494,0.0019506533,1.1149275e-09,1.09107064e-10
511,84,lying,2021-05-07 10:28:19.964,2021-05-07 10:28:21.944,0.021,0,0,0.9980654,0.9980654,0.0019345954,1.0969753e-09,1.0786831e-10
511,84,lying,2021-05-07 10:28:20.964,2021-05-07 10:28:22.944,0.021,0,0,0.99798226,0.99798226,0.0020176729,1.1410509e-09,1.08260415e-10
511,84,lying,2021-05-07 10:28:21.964,2021-05-07 10:28:23.944,0.021,0,0,0.9980445,0.9980445,0.0019554424,1.1062666e-09,1.07215826e-10
511,84,lying,2021-05-07 10:28:22.964,2021-05-07 10:28:24.944,0.021,0,0,0.99811435,0.99811435,0.0018856865,1.0637862e-09,1.06478645e-10
511,84,lying,2021-05-07 10:28:23.964,2021-05-07 10:28:25.944,0.021,0,0,0.9981869,0.9981869,0.0018131066,9.973165e-10,1.0224808e-10
511,84,lying,2021-05-07 10:28:24.964,2021-05-07 10:28:26.944,0.021,0,0,0.9980121,0.9980121,0.0019879201,1.055603e-09,9.875696e-11
511,84,lying,2021-05-07 10:28:25.964,2021-05-07 10:28:27.944,0.021,0,0,0.9979216,0.9979216,0.0020784293,1.0989658e-09,9.941056e-11
511,84,lying,2021-05-07 10:28:26.964,2021-05-07 10:28:28.944,0.021,0,0,0.9978734,0.9978734,0.0021265473,1.1382247e-09,1.0154866e-10
511,84,lying,2021-05-07 10:28:27.964,2021-05-07 10:28:29.944,0.021,0,0,0.99794394,0.99794394,0.002056057,1.116578e-09,1.0286472e-10
511,84,lying,2021-05-07 10:28:28.964,2021-05-07 10:28:30.944,0.021,0,0,0.99788934,0.99788934,0.0021106447,1.1540834e-09,1.03963234e-10
511,84,lying,2021-05-07 10:28:29.964,2021-05-07 10:28:31.944,0.021,0,0,0.9979016,0.9979016,0.0020984688,1.1500281e-09,1.04705404e-10
511,84,lying,2021-05-07 10:28:30.964,2021-05-07 10:28:32.944,0.021,0,0,0.99793017,0.99793017,0.0020698684,1.123152e-09,1.02305844e-10
511,84,lying,2021-05-07 10:28:31.964,2021-05-07 10:28:33.944,0.021,0,0,0.9981059,0.9981059,0.0018941478,1.0408705e-09,1.0162813e-10
511,84,lying,2021-05-07 10:28:32.964,2021-05-07 10:28:34.944,0.021,0,0,0.9983645,0.9983645,0.0016355142,9.118493e-10,1.0167346e-10
511,84,lying,2021-05-07 10:28:33.964,2021-05-07 10:28:35.944,0.021,0,0,0.99805826,0.99805826,0.0019417087,1.0245066e-09,9.792122e-11
511,84,lying,2021-05-07 10:28:34.964,2021-05-07 10:28:36.944,0.021,0,0,0.99814206,0.99814206,0.0018580105,9.41714e-10,9.258131e-11
511,84,lying,2021-05-07 10:28:35.964,2021-05-07 10:28:37.944,0.021,0,0,0.9984857,0.9984857,0.0015142448,7.991986e-10,9.357985e-11
511,84,lying,2021-05-07 10:28:36.964,2021-05-07 10:28:38.944,0.021,0,0,0.9984419,0.9984419,0.0015581503,8.742559e-10,1.01145536e-10
511,84,lying,2021-05-07 10:28:37.964,2021-05-07 10:28:39.944,0.021,0,0,0.99812204,0.99812204,0.0018779428,1.0393162e-09,1.0334881e-10
511,84,lying,2021-05-07 10:28:38.964,2021-05-07 10:28:40.944,0.021,0,0,0.99777555,0.99777555,0.0022244714,1.1752155e-09,1.00607384e-10
511,84,lying,2021-05-07 10:28:39.964,2021-05-07 10:28:41.944,0.021,0,0,0.997801,0.997801,0.002198984,1.1665222e-09,1.0134355e-10
511,84,lying,2021-05-07 10:28:40.964,2021-05-07 10:28:42.944,0.021,0,0,0.9981381,0.9981381,0.0018619196,1.0166384e-09,1.01114575e-10
511,84,lying,2021-05-07 10:28:41.964,2021-05-07 10:28:43.944,0.021,0,0,0.9981128,0.9981128,0.0018872335,1.0089418e-09,9.9500755e-11
511,84,lying,2021-05-07 10:28:42.964,2021-05-07 10:28:44.944,0.021,0,0,0.9982551,0.9982551,0.0017449362,9.400816e-10,9.864695e-11
511,84,lying,2021-05-07 10:28:43.964,2021-05-07 10:28:45.944,0.021,0,0,0.99819416,0.99819416,0.0018058987,9.867824e-10,1.00800396e-10
511,84,lying,2021-05-07 10:28:44.964,2021-05-07 10:28:46.944,0.021,0,0,0.9980401,0.9980401,0.0019598922,1.015711e-09,9.493737e-11
511,84,lying,2021-05-07 10:28:45.964,2021-05-07 10:28:47.944,0.021,0,0,0.99796927,0.99796927,0.002030818,1.0390382e-09,9.426502e-11
511,84,lying,2021-05-07 10:28:46.964,2021-05-07 10:28:48.944,0.021,0,0,0.9980302,0.9980302,0.0019697833,1.0098749e-09,9.470475e-11
511,84,lying,2021-05-07 10:28:47.964,2021-05-07 10:28:49.944,0.021,0,0,0.99852663,0.99852663,0.0014733915,7.769396e-10,9.3476116e-11
511,84,lying,2021-05-07 10:28:48.964,2021-05-07 10:28:50.944,0.021,0,0,0.9988171,0.9988171,0.0011828898,6.8344214e-10,9.936891e-11
511,84,lying,2021-05-07 10:28:49.964,2021-05-07 10:28:51.944,0.021,0,0,0.99873734,0.99873734,0.0012626726,7.36116e-10,1.0131799e-10
511,84,lying,2021-05-07 10:28:50.964,2021-05-07 10:28:52.944,0.021,0,0,0.99877053,0.99877053,0.0012293999,7.223086e-10,1.02297525e-10
511,84,lying,2021-05-07 10:28:51.964,2021-05-07 10:28:53.944,0.021,0,0,0.998786,0.998786,0.0012139375,7.1871364e-10,1.0338048e-10
511,84,lying,2021-05-07 10:28:52.964,2021-05-07 10:28:54.944,0.021,0,0,0.99883443,0.99883443,0.0011655727,7.0773626e-10,1.043917e-10
511,84,lying,2021-05-07 10:28:53.964,2021-05-07 10:28:55.944,0.021,0,0,0.998925,0.998925,0.0010750388,6.7881284e-10,1.0744456e-10
511,84,lying,2021-05-07 10:28:54.964,2021-05-07 10:28:56.944,0.021,0,0,0.9987194,0.9987194,0.0012807188,7.469735e-10,1.01818304e-10
511,84,lying,2021-05-07 10:28:55.964,2021-05-07 10:28:57.944,0.021,0,0,0.99865544,0.99865544,0.001344578,7.7091344e-10,1.00873525e-10
511,84,lying,2021-05-07 10:28:56.964,2021-05-07 10:28:58.944,0.021,0,0,0.99894303,0.99894303,0.0010570338,6.832377e-10,1.1085553e-10
511,84,lying,2021-05-07 10:28:57.964,2021-05-07 10:28:59.944,0.021,0,0,0.9989172,0.9989172,0.0010827916,7.040397e-10,1.1269739e-10
511,84,lying,2021-05-07 10:28:58.964,2021-05-07 10:29:00.944,0.021,0,0,0.99887955,0.99887955,0.0011203462,6.951413e-10,1.0600948e-10
511,84,lying,2021-05-07 10:28:59.964,2021-05-07 10:29:01.944,0.021,0,0,0.99885386,0.99885386,0.0011461744,7.2058265e-10,1.0868551e-10
511,84,lying,2021-05-07 10:29:00.964,2021-05-07 10:29:02.944,0.021,0,0,0.9987106,0.9987106,0.0012893584,7.740502e-10,1.0597477e-10
511,84,lying,2021-05-07 10:29:01.964,2021-05-07 10:29:03.944,0.021,0,0,0.9986904,0.9986904,0.0013096064,7.696989e-10,1.0272473e-10
511,84,lying,2021-05-07 10:29:02.964,2021-05-07 10:29:04.944,0.021,0,0,0.99873364,0.99873364,0.0012664282,7.4300543e-10,1.01942566e-10
511,84,lying,2021-05-07 10:29:03.964,2021-05-07 10:29:05.944,0.021,0,0,0.998707,0.998707,0.0012929696,7.6245404e-10,1.0367381e-10
511,84,lying,2021-05-07 10:29:04.963,2021-05-07 10:29:06.944,0.021,0,0,0.9988287,0.9988287,0.0011713175,7.2099754e-10,1.070519e-10
511,84,lying,2021-05-07 10:29:05.963,2021-05-07 10:29:07.944,0.021,0,0,0.9987618,0.9987618,0.001238253,7.487026e-10,1.05634494e-10
511,84,lying,2021-05-07 10:29:06.963,2021-05-07 10:29:08.944,0.021,0,0,0.9985985,0.9985985,0.0014014515,8.182092e-10,1.0395163e-10
511,84,lying,2021-05-07 10:29:07.963,2021-05-07 10:29:09.944,0.021,0,0,0.9987638,0.9987638,0.001236226,7.468927e-10,1.0554912e-10
511,84,lying,2021-05-07 10:29:08.963,2021-05-07 10:29:10.944,0.021,0,0,0.9987001,0.9987001,0.0012998185,7.7354473e-10,1.04772996e-10
511,84,lying,2021-05-07 10:29:09.963,2021-05-07 10:29:11.944,0.021,0,0,0.99864995,0.99864995,0.0013500185,7.9442686e-10,1.0418982e-10
511,84,lying,2021-05-07 10:29:10.963,2021-05-07 10:29:12.944,0.021,0,0,0.9988683,0.9988683,0.0011317412,7.058311e-10,1.079627e-10
511,84,lying,2021-05-07 10:29:11.963,2021-05-07 10:29:13.944,0.021,0,0,0.9988183,0.9988183,0.0011818059,7.39844e-10,1.0902276e-10
511,84,lying,2021-05-07 10:29:12.963,2021-05-07 10:29:14.944,0.021,0,0,0.9986295,0.9986295,0.00137045,8.1100343e-10,1.0530932e-10
511,84,lying,2021-05-07 10:29:13.963,2021-05-07 10:29:15.944,0.021,0,0,0.9984975,0.9984975,0.0015025095,8.439162e-10,1.00863345e-10
511,84,lying,2021-05-07 10:29:14.963,2021-05-07 10:29:16.944,0.021,0,0,0.99858606,0.99858606,0.0014139264,8.153123e-10,1.0324157e-10
511,84,lying,2021-05-07 10:29:15.963,2021-05-07 10:29:17.944,0.021,0,0,0.9985214,0.9985214,0.0014784904,8.70261e-10,1.0739849e-10
511,84,lying,2021-05-07 10:29:16.964,2021-05-07 10:29:18.944,0.021,0,0,0.99841917,0.99841917,0.0015808053,9.331433e-10,1.08926e-10
511,84,lying,2021-05-07 10:29:17.964,2021-05-07 10:29:19.944,0.021,0,0,0.99838597,0.99838597,0.0016140969,9.451224e-10,1.08726854e-10
511,84,lying,2021-05-07 10:29:18.964,2021-05-07 10:29:20.944,0.021,0,0,0.99850994,0.99850994,0.0014900934,8.7142865e-10,1.0602949e-10
511,84,lying,2021-05-07 10:29:19.964,2021-05-07 10:29:21.944,0.021,0,0,0.99868745,0.99868745,0.0013125463,7.886953e-10,1.0623743e-10
511,84,lying,2021-05-07 10:29:20.964,2021-05-07 10:29:22.944,0.021,0,0,0.99862045,0.99862045,0.0013796117,8.1825213e-10,1.06238e-10
511,84,lying,2021-05-07 10:29:21.964,2021-05-07 10:29:23.944,0.021,0,0,0.9985406,0.9985406,0.0014593556,8.7101165e-10,1.0907231e-10
511,84,lying,2021-05-07 10:29:22.964,2021-05-07 10:29:24.944,0.021,0,0,0.9986646,0.9986646,0.0013354365,8.2447976e-10,1.1054765e-10
511,84,lying,2021-05-07 10:29:23.964,2021-05-07 10:29:25.944,0.021,0,0,0.9986252,0.9986252,0.0013748098,8.200497e-10,1.05720224e-10
511,84,lying,2021-05-07 10:29:24.964,2021-05-07 10:29:26.944,0.021,0,0,0.998567,0.998567,0.0014329834,8.297121e-10,1.03419336e-10
511,84,lying,2021-05-07 10:29:25.964,2021-05-07 10:29:27.944,0.021,0,0,0.9987741,0.9987741,0.0012258868,7.3439715e-10,1.0330671e-10
511,84,lying,2021-05-07 10:29:26.964,2021-05-07 10:29:28.944,0.021,0,0,0.9987771,0.9987771,0.0012229093,7.3299006e-10,1.0310899e-10
511,84,lying,2021-05-07 10:29:27.964,2021-05-07 10:29:29.944,0.021,0,0,0.99858534,0.99858534,0.0014146665,8.2216406e-10,1.04217475e-10
511,84,lying,2021-05-07 10:29:28.964,2021-05-07 10:29:30.944,0.021,0,0,0.998391,0.998391,0.001609027,9.0283275e-10,1.02127466e-10
511,84,lying,2021-05-07 10:29:29.964,2021-05-07 10:29:31.944,0.021,0,0,0.998569,0.998569,0.0014309209,7.792671e-10,9.4775764e-11
511,84,lying,2021-05-07 10:29:30.964,2021-05-07 10:29:32.944,0.021,0,0,0.9986414,0.9986414,0.0013585595,7.526584e-10,9.602436e-11
511,84,lying,2021-05-07 10:29:31.964,2021-05-07 10:29:33.944,0.021,0,0,0.99874675,0.99874675,0.0012532246,7.1634926e-10,9.887604e-11
511,84,lying,2021-05-07 10:29:32.964,2021-05-07 10:29:34.944,0.021,0,0,0.99866056,0.99866056,0.0013394488,7.5180334e-10,9.8879196e-11
511,84,lying,2021-05-07 10:29:33.964,2021-05-07 10:29:35.944,0.021,0,0,0.9984735,0.9984735,0.0015264782,8.259588e-10,9.748554e-11
511,84,lying,2021-05-07 10:29:34.964,2021-05-07 10:29:36.944,0.021,0,0,0.99847543,0.99847543,0.0015246312,8.034822e-10,9.49728e-11
511,84,lying,2021-05-07 10:29:35.964,2021-05-07 10:29:37.944,0.021,0,0,0.99840856,0.99840856,0.0015914206,8.3051455e-10,9.432541e-11
511,84,lying,2021-05-07 10:29:36.964,2021-05-07 10:29:38.944,0.021,0,0,0.9983594,0.9983594,0.0016405586,8.519257e-10,9.400484e-11
511,84,lying,2021-05-07 10:29:37.964,2021-05-07 10:29:39.944,0.021,0,0,0.9983148,0.9983148,0.0016852033,9.0345975e-10,9.9097355e-11
511,84,lying,2021-05-07 10:29:38.964,2021-05-07 10:29:40.944,0.021,0,0,0.99832225,0.99832225,0.0016776696,9.601259e-10,1.0624964e-10
511,84,lying,2021-05-07 10:29:39.964,2021-05-07 10:29:41.944,0.021,0,0,0.9983494,0.9983494,0.0016505884,9.333755e-10,1.0344138e-10
511,84,lying,2021-05-07 10:29:40.964,2021-05-07 10:29:42.944,0.021,0,0,0.99856937,0.99856937,0.0014305849,7.745226e-10,9.485102e-11
511,84,lying,2021-05-07 10:29:41.964,2021-05-07 10:29:43.944,0.021,0,0,0.99852353,0.99852353,0.0014765117,7.6827966e-10,9.127999e-11
511,84,lying,2021-05-07 10:29:42.964,2021-05-07 10:29:44.944,0.021,0,0,0.9984545,0.9984545,0.0015455836,8.0161633e-10,9.218697e-11
511,84,lying,2021-05-07 10:29:43.964,2021-05-07 10:29:45.944,0.021,0,0,0.9985207,0.9985207,0.001479313,7.968977e-10,9.631888e-11
511,84,lying,2021-05-07 10:29:44.964,2021-05-07 10:29:46.944,0.021,0,0,0.99872226,0.99872226,0.001277884,7.404335e-10,1.02599554e-10
511,84,lying,2021-05-07 10:29:45.964,2021-05-07 10:29:47.944,0.021,0,0,0.9987778,0.9987778,0.0012221739,7.387832e-10,1.05735365e-10
511,84,lying,2021-05-07 10:29:46.964,2021-05-07 10:29:48.944,0.021,0,0,0.99888873,0.99888873,0.0011111901,6.859255e-10,1.0575296e-10
511,84,lying,2021-05-07 10:29:47.964,2021-05-07 10:29:49.944,0.021,0,0,0.9988836,0.9988836,0.0011163247,6.814908e-10,1.0452236e-10
511,84,lying,2021-05-07 10:29:48.964,2021-05-07 10:29:50.944,0.021,0,0,0.9988004,0.9988004,0.0011995621,7.334855e-10,1.06488034e-10
511,84,lying,2021-05-07 10:29:49.964,2021-05-07 10:29:51.944,0.021,0,0,0.9989485,0.9989485,0.0010513759,6.7589995e-10,1.1028272e-10
511,84,lying,2021-05-07 10:29:50.964,2021-05-07 10:29:52.944,0.021,0,0,0.9987432,0.9987432,0.0012568497,7.5882267e-10,1.06154835e-10
511,84,lying,2021-05-07 10:29:51.964,2021-05-07 10:29:53.944,0.021,0,0,0.99824965,0.99824965,0.0017504086,9.644113e-10,1.01411164e-10
511,84,lying,2021-05-07 10:29:52.964,2021-05-07 10:29:54.944,0.021,0,0,0.9983411,0.9983411,0.0016588672,9.2880353e-10,1.024984e-10
511,84,lying,2021-05-07 10:29:53.964,2021-05-07 10:29:55.944,0.021,0,0,0.99840605,0.99840605,0.001593849,8.870182e-10,1.0068689e-10
511,84,lying,2021-05-07 10:29:54.964,2021-05-07 10:29:56.944,0.021,0,0,0.9982364,0.9982364,0.0017636057,9.637237e-10,1.0006027e-10
511,84,lying,2021-05-07 10:29:55.964,2021-05-07 10:29:57.944,0.021,0,0,0.99817216,0.99817216,0.0018277836,1.0028105e-09,1.0186544e-10
511,84,lying,2021-05-07 10:29:56.964,2021-05-07 10:29:58.944,0.021,0,0,0.99827296,0.99827296,0.0017269785,9.692339e-10,1.0442061e-10
511,84,lying,2021-05-07 10:29:57.964,2021-05-07 10:29:59.944,0.021,0,0,0.9981852,0.9981852,0.0018147842,9.947558e-10,1.0227346e-10
511,84,lying,2021-05-07 10:29:58.964,2021-05-07 10:30:00.944,0.021,0,0,0.99830025,0.99830025,0.0016997333,9.45685e-10,1.03084534e-10
511,84,lying,2021-05-07 10:29:59.964,2021-05-07 10:30:01.944,0.021,0,0,0.9985893,0.9985893,0.0014107602,7.997024e-10,1.00630296e-10
511,84,lying,2021-05-07 10:30:00.964,2021-05-07 10:30:02.944,0.021,0,0,0.9986065,0.9986065,0.0013934791,7.821361e-10,9.916602e-11
511,84,lying,2021-05-07 10:30:01.964,2021-05-07 10:30:03.944,0.021,0,0,0.99853045,0.99853045,0.0014694652,8.395611e-10,1.03587694e-10
511,84,lying,2021-05-07 10:30:02.964,2021-05-07 10:30:04.944,0.021,0,0,0.998575,0.998575,0.001425015,8.1678186e-10,1.02967856e-10
511,84,lying,2021-05-07 10:30:03.964,2021-05-07 10:30:05.944,0.021,0,0,0.99832606,0.99832606,0.0016738246,9.314702e-10,1.0185355e-10
511,84,lying,2021-05-07 10:30:04.963,2021-05-07 10:30:06.944,0.021,0,0,0.9982877,0.9982877,0.0017122687,9.576766e-10,1.0321249e-10
511,84,lying,2021-05-07 10:30:05.963,2021-05-07 10:30:07.944,0.021,0,0,0.998333,0.998333,0.0016670267,9.482664e-10,1.0533951e-10
511,84,lying,2021-05-07 10:30:06.963,2021-05-07 10:30:08.944,0.021,0,0,0.99839723,0.99839723,0.0016026984,9.182865e-10,1.0486495e-10
511,84,lying,2021-05-07 10:30:07.963,2021-05-07 10:30:09.944,0.021,0,0,0.99850464,0.99850464,0.0014954383,8.5266744e-10,1.02758135e-10
511,84,lying,2021-05-07 10:30:08.963,2021-05-07 10:30:10.944,0.021,0,0,0.99858856,0.99858856,0.0014114685,8.0202367e-10,1.01814675e-10
511,84,lying,2021-05-07 10:30:09.963,2021-05-07 10:30:11.944,0.021,0,0,0.9986102,0.9986102,0.0013898828,7.639012e-10,9.6963666e-11
511,84,lying,2021-05-07 10:30:10.963,2021-05-07 10:30:12.944,0.021,0,0,0.9983701,0.9983701,0.001629869,8.8971086e-10,9.970786e-11
511,84,lying,2021-05-07 10:30:11.963,2021-05-07 10:30:13.944,0.021,0,0,0.99814457,0.99814457,0.0018555316,1.0552479e-09,1.0770581e-10
511,84,lying,2021-05-07 10:30:12.963,2021-05-07 10:30:14.944,0.021,0,0,0.9980212,0.9980212,0.001978839,1.1704061e-09,1.1516184e-10
511,84,lying,2021-05-07 10:30:13.963,2021-05-07 10:30:15.944,0.021,0,0,0.9981023,0.9981023,0.0018976026,1.1051097e-09,1.11652465e-10
511,84,lying,2021-05-07 10:30:14.963,2021-05-07 10:30:16.944,0.021,0,0,0.99835515,0.99835515,0.0016448456,9.494113e-10,1.06565694e-10
511,84,lying,2021-05-07 10:30:15.963,2021-05-07 10:30:17.944,0.021,0,0,0.9984168,0.9984168,0.0015832328,9.14576e-10,1.05925206e-10
511,84,lying,2021-05-07 10:30:16.964,2021-05-07 10:30:18.944,0.021,0,0,0.99813515,0.99813515,0.0018649192,1.0617428e-09,1.0797012e-10
511,84,lying,2021-05-07 10:30:17.964,2021-05-07 10:30:19.944,0.021,0,0,0.99815345,0.99815345,0.0018464192,1.0616691e-09,1.0908265e-10
511,84,lying,2021-05-07 10:30:18.964,2021-05-07 10:30:20.944,0.021,0,0,0.9980728,0.9980728,0.0019272198,1.1065956e-09,1.0932481e-10
511,84,lying,2021-05-07 10:30:19.964,2021-05-07 10:30:21.944,0.021,0,0,0.9981183,0.9981183,0.0018816986,1.0949514e-09,1.1083987e-10
511,84,lying,2021-05-07 10:30:20.964,2021-05-07 10:30:22.944,0.021,0,0,0.9980789,0.9980789,0.0019211329,1.1306946e-09,1.13091835e-10
511,84,lying,2021-05-07 10:30:21.964,2021-05-07 10:30:23.944,0.021,0,0,0.9979567,0.9979567,0.002043284,1.1981663e-09,1.1460333e-10
511,84,lying,2021-05-07 10:30:22.964,2021-05-07 10:30:24.944,0.021,0,0,0.997951,0.997951,0.002048924,1.188357e-09,1.1279903e-10
511,84,lying,2021-05-07 10:30:23.964,2021-05-07 10:30:25.944,0.021,0,0,0.9979469,0.9979469,0.0020531048,1.1625433e-09,1.092112e-10
511,84,lying,2021-05-07 10:30:24.964,2021-05-07 10:30:26.944,0.021,0,0,0.9979457,0.9979457,0.002054292,1.1621807e-09,1.09077004e-10
511,84,lying,2021-05-07 10:30:25.964,2021-05-07 10:30:27.944,0.021,0,0,0.9979531,0.9979531,0.0020469492,1.1705272e-09,1.1063315e-10
511,84,lying,2021-05-07 10:30:26.964,2021-05-07 10:30:28.944,0.021,0,0,0.99812514,0.99812514,0.0018749136,1.0822662e-09,1.09727054e-10
511,84,lying,2021-05-07 10:30:27.964,2021-05-07 10:30:29.944,0.021,0,0,0.99835986,0.99835986,0.0016400814,9.613184e-10,1.0878997e-10
511,84,lying,2021-05-07 10:30:28.964,2021-05-07 10:30:30.944,0.021,0,0,0.99853116,0.99853116,0.0014687721,8.7065466e-10,1.07954465e-10
511,84,lying,2021-05-07 10:30:29.964,2021-05-07 10:30:31.944,0.021,0,0,0.99853784,0.99853784,0.0014621546,8.8434776e-10,1.1031689e-10
511,84,lying,2021-05-07 10:30:30.964,2021-05-07 10:30:32.944,0.021,0,0,0.99834716,0.99834716,0.0016528638,9.814597e-10,1.10452876e-10
511,84,lying,2021-05-07 10:30:31.964,2021-05-07 10:30:33.944,0.021,0,0,0.99853355,0.99853355,0.0014665067,8.9030133e-10,1.11020165e-10
511,84,lying,2021-05-07 10:30:32.964,2021-05-07 10:30:34.944,0.021,0,0,0.9985601,0.9985601,0.0014399017,8.595093e-10,1.0795183e-10
511,84,lying,2021-05-07 10:30:33.964,2021-05-07 10:30:35.944,0.021,0,0,0.99826795,0.99826795,0.0017320688,1.000528e-09,1.0822285e-10
511,84,lying,2021-05-07 10:30:34.964,2021-05-07 10:30:36.944,0.021,0,0,0.998422,0.998422,0.0015780419,9.402693e-10,1.1166373e-10
511,84,lying,2021-05-07 10:30:35.964,2021-05-07 10:30:37.944,0.021,0,0,0.99835575,0.99835575,0.0016442295,9.757454e-10,1.1145269e-10
511,84,lying,2021-05-07 10:30:36.964,2021-05-07 10:30:38.944,0.021,0,0,0.9980628,0.9980628,0.0019372118,1.149466e-09,1.1546225e-10
511,84,lying,2021-05-07 10:30:37.964,2021-05-07 10:30:39.944,0.021,0,0,0.997993,0.997993,0.0020070672,1.2027023e-09,1.1766754e-10
511,84,lying,2021-05-07 10:30:38.964,2021-05-07 10:30:40.944,0.021,0,0,0.99798095,0.99798095,0.002019064,1.176314e-09,1.1319899e-10
511,84,lying,2021-05-07 10:30:39.964,2021-05-07 10:30:41.944,0.021,0,0,0.99798274,0.99798274,0.0020172575,1.1653357e-09,1.1195937e-10
511,84,lying,2021-05-07 10:30:40.964,2021-05-07 10:30:42.944,0.021,0,0,0.99800926,0.99800926,0.001990668,1.143376e-09,1.1060561e-10
511,84,lying,2021-05-07 10:30:41.964,2021-05-07 10:30:43.944,0.021,0,0,0.99803424,0.99803424,0.0019657689,1.1088135e-09,1.0753298e-10
511,84,lying,2021-05-07 10:30:42.964,2021-05-07 10:30:44.944,0.021,0,0,0.9980627,0.9980627,0.0019373262,1.0981949e-09,1.0798947e-10
511,84,lying,2021-05-07 10:30:43.964,2021-05-07 10:30:45.944,0.021,0,0,0.99808043,0.99808043,0.0019195855,1.0739801e-09,1.0625105e-10
511,84,lying,2021-05-07 10:30:44.964,2021-05-07 10:30:46.944,0.021,0,0,0.9983994,0.9983994,0.001600619,8.9890717e-10,1.0243403e-10
511,84,lying,2021-05-07 10:30:45.964,2021-05-07 10:30:47.944,0.021,0,0,0.99850476,0.99850476,0.001495243,8.5357066e-10,1.0329461e-10
511,84,lying,2021-05-07 10:30:46.964,2021-05-07 10:30:48.944,0.021,0,0,0.9985935,0.9985935,0.0014065346,7.988963e-10,1.00893634e-10
511,84,lying,2021-05-07 10:30:47.964,2021-05-07 10:30:49.944,0.021,0,0,0.998744,0.998744,0.0012559294,7.407858e-10,1.0194401e-10
511,84,lying,2021-05-07 10:30:48.964,2021-05-07 10:30:50.944,0.021,0,0,0.99867,0.99867,0.00133008,8.158429e-10,1.091441e-10
511,84,lying,2021-05-07 10:30:49.964,2021-05-07 10:30:51.944,0.021,0,0,0.99861664,0.99861664,0.0013834713,8.45438e-10,1.10590634e-10
511,84,lying,2021-05-07 10:30:50.964,2021-05-07 10:30:52.944,0.021,0,0,0.9985433,0.9985433,0.0014565948,8.9072955e-10,1.1238501e-10
511,84,lying,2021-05-07 10:30:51.964,2021-05-07 10:30:53.944,0.021,0,0,0.9983931,0.9983931,0.0016068981,9.743294e-10,1.1358927e-10
511,84,lying,2021-05-07 10:30:52.964,2021-05-07 10:30:54.944,0.021,0,0,0.9982584,0.9982584,0.0017415324,1.0481864e-09,1.1512684e-10
511,84,lying,2021-05-07 10:30:53.964,2021-05-07 10:30:55.944,0.021,0,0,0.9982975,0.9982975,0.0017025239,1.0284295e-09,1.15173954e-10
511,84,lying,2021-05-07 10:30:54.964,2021-05-07 10:30:56.944,0.021,0,0,0.9982934,0.9982934,0.0017066216,1.031415e-09,1.15042406e-10
511,84,lying,2021-05-07 10:30:55.964,2021-05-07 10:30:57.944,0.021,0,0,0.9982424,0.9982424,0.0017576263,1.0690385e-09,1.1696248e-10
511,84,lying,2021-05-07 10:30:56.964,2021-05-07 10:30:58.944,0.021,0,0,0.99845904,0.99845904,0.0015408486,9.556913e-10,1.1632769e-10
511,84,lying,2021-05-07 10:30:57.964,2021-05-07 10:30:59.944,0.021,0,0,0.99875057,0.99875057,0.0012494267,8.321423e-10,1.2017289e-10
511,84,lying,2021-05-07 10:30:58.964,2021-05-07 10:31:00.944,0.021,0,0,0.99878454,0.99878454,0.001215407,8.022882e-10,1.1811269e-10
511,84,lying,2021-05-07 10:30:59.964,2021-05-07 10:31:01.944,0.021,0,0,0.998667,0.998667,0.0013329795,8.350314e-10,1.1285499e-10
511,84,lying,2021-05-07 10:31:00.964,2021-05-07 10:31:02.944,0.021,0,0,0.998831,0.998831,0.0011690783,8.146712e-10,1.2541425e-10
511,84,lying,2021-05-07 10:31:01.964,2021-05-07 10:31:03.944,0.021,0,0,0.9992334,0.9992334,0.0007666471,6.551953e-10,1.4845132e-10
511,84,lying,2021-05-07 10:31:02.964,2021-05-07 10:31:04.944,0.021,0,0,0.9994142,0.9994142,0.00058578834,5.3855315e-10,1.5222554e-10
511,84,lying,2021-05-07 10:31:03.964,2021-05-07 10:31:05.944,0.021,0,0,0.9993541,0.9993541,0.00064578396,5.856938e-10,1.5349277e-10
511,84,lying,2021-05-07 10:31:04.963,2021-05-07 10:31:06.944,0.021,0,0,0.99931926,0.99931926,0.00068071164,6.065857e-10,1.5194508e-10
511,84,lying,2021-05-07 10:31:05.963,2021-05-07 10:31:07.944,0.021,0,0,0.99933165,0.99933165,0.0006682675,5.8251337e-10,1.4815757e-10
511,84,lying,2021-05-07 10:31:06.963,2021-05-07 10:31:08.944,0.021,0,0,0.9993844,0.9993844,0.0006156297,5.373059e-10,1.4569645e-10
511,84,lying,2021-05-07 10:31:07.963,2021-05-07 10:31:09.944,0.021,0,0,0.9993294,0.9993294,0.0006705453,5.704134e-10,1.4323455e-10
511,84,lying,2021-05-07 10:31:08.963,2021-05-07 10:31:10.944,0.021,0,0,0.99929005,0.99929005,0.0007099569,6.0090133e-10,1.4379771e-10
511,84,lying,2021-05-07 10:31:09.963,2021-05-07 10:31:11.944,0.021,0,0,0.99931973,0.99931973,0.0006802752,5.7523486e-10,1.4236867e-10
511,84,lying,2021-05-07 10:31:10.963,2021-05-07 10:31:12.944,0.021,0,0,0.99939156,0.99939156,0.0006083948,5.127163e-10,1.3901438e-10
511,84,lying,2021-05-07 10:31:11.963,2021-05-07 10:31:13.944,0.021,0,0,0.9993688,0.9993688,0.00063112704,5.3115834e-10,1.3894044e-10
511,84,lying,2021-05-07 10:31:12.963,2021-05-07 10:31:14.944,0.021,0,0,0.99934685,0.99934685,0.0006531031,5.595227e-10,1.4329826e-10
511,84,lying,2021-05-07 10:31:13.963,2021-05-07 10:31:15.944,0.021,0,0,0.9993282,0.9993282,0.00067176484,5.706663e-10,1.4274155e-10
511,84,lying,2021-05-07 10:31:14.963,2021-05-07 10:31:16.944,0.021,0,0,0.99933773,0.99933773,0.0006622997,5.497557e-10,1.3816791e-10
511,84,lying,2021-05-07 10:31:15.963,2021-05-07 10:31:17.944,0.021,0,0,0.999349,0.999349,0.0006509505,5.488294e-10,1.4066154e-10
511,84,lying,2021-05-07 10:31:16.964,2021-05-07 10:31:18.944,0.021,0,0,0.9993602,0.9993602,0.000639746,5.3370175e-10,1.386068e-10
511,84,lying,2021-05-07 10:31:17.964,2021-05-07 10:31:19.944,0.021,0,0,0.9994809,0.9994809,0.0005191198,4.367255e-10,1.3462918e-10
511,84,lying,2021-05-07 10:31:18.964,2021-05-07 10:31:20.944,0.021,0,0,0.99965423,0.99965423,0.000345681,2.9303138e-10,1.2586619e-10
511,84,lying,2021-05-07 10:31:19.964,2021-05-07 10:31:21.944,0.021,0,0,0.99972105,0.99972105,0.000278922,2.3472913e-10,1.1909863e-10
511,84,lying,2021-05-07 10:31:20.964,2021-05-07 10:31:22.944,0.021,0,0,0.99973476,0.99973476,0.00026515973,2.2603418e-10,1.1967342e-10
511,84,lying,2021-05-07 10:31:21.964,2021-05-07 10:31:23.944,0.021,0,0,0.99965423,0.99965423,0.0003458744,2.8639952e-10,1.2157163e-10
511,84,lying,2021-05-07 10:31:22.964,2021-05-07 10:31:24.944,0.021,0,0,0.9994547,0.9994547,0.00054527353,4.2894902e-10,1.2447916e-10
511,84,lying,2021-05-07 10:31:23.964,2021-05-07 10:31:25.944,0.021,0,0,0.9993708,0.9993708,0.0006291238,4.887058e-10,1.2569787e-10
511,84,lying,2021-05-07 10:31:24.964,2021-05-07 10:31:26.944,0.021,0,0,0.9994031,0.9994031,0.0005969373,4.737467e-10,1.2873416e-10
511,84,lying,2021-05-07 10:31:25.964,2021-05-07 10:31:27.944,0.021,0,0,0.9993808,0.9993808,0.0006191906,5.1204135e-10,1.3616043e-10
511,84,lying,2021-05-07 10:31:26.964,2021-05-07 10:31:28.944,0.021,0,0,0.99930686,0.99930686,0.0006932328,5.8104416e-10,1.4116358e-10
511,84,lying,2021-05-07 10:31:27.964,2021-05-07 10:31:29.944,0.021,0,0,0.9993107,0.9993107,0.00068933854,5.8415e-10,1.4423938e-10
511,84,lying,2021-05-07 10:31:28.964,2021-05-07 10:31:30.944,0.021,0,0,0.99932677,0.99932677,0.00067320204,5.7074057e-10,1.4363194e-10
511,84,lying,2021-05-07 10:31:29.964,2021-05-07 10:31:31.944,0.021,0,0,0.9993039,0.9993039,0.0006962321,5.9104643e-10,1.4461e-10
511,85,sitting,2021-05-07 10:31:39.484,2021-05-07 10:31:41.464,0.021,1,2,0.7431411,8.64381e-05,0.25589538,0.7431411,0.00087706535
511,85,sitting,2021-05-07 10:31:40.484,2021-05-07 10:31:42.464,0.021,1,2,0.68285996,7.872347e-05,0.31655,0.68285996,0.00051140063
511,86,walking,2021-05-07 10:31:44.644,2021-05-07 10:31:46.624,0.021,3,3,0.99997884,3.4531027e-07,4.47784e-07,2.0297364e-05,0.99997884
511,86,walking,2021-05-07 10:31:45.644,2021-05-07 10:31:47.624,0.021,3,3,0.99996084,4.3848246e-07,1.0057959e-06,3.765e-05,0.99996084
511,86,walking,2021-05-07 10:31:46.644,2021-05-07 10:31:48.624,0.021,3,3,0.99994546,1.1338204e-06,1.5338322e-06,5.1856896e-05,0.99994546
511,86,walking,2021-05-07 10:31:47.644,2021-05-07 10:31:49.624,0.021,3,3,0.9999986,8.7266386e-08,2.9785616e-08,1.2447425e-06,0.9999986
511,86,walking,2021-05-07 10:31:48.644,2021-05-07 10:31:50.624,0.021,3,3,0.99999994,2.5840432e-09,2.9539854e-10,1.6573502e-08,0.99999994
511,86,walking,2021-05-07 10:31:49.644,2021-05-07 10:31:51.624,0.021,3,3,0.99999994,1.3010769e-09,7.112142e-11,3.6695709e-09,0.99999994
511,86,walking,2021-05-07 10:31:50.644,2021-05-07 10:31:52.624,0.021,3,3,0.99999994,2.2572572e-10,5.7101333e-12,4.5273216e-10,0.99999994
511,86,walking,2021-05-07 10:31:51.644,2021-05-07 10:31:53.624,0.021,3,3,0.99999994,1.0011729e-09,5.2191883e-11,3.404723e-09,0.99999994
511,86,walking,2021-05-07 10:31:52.644,2021-05-07 10:31:54.624,0.021,3,3,0.99999934,3.582132e-08,1.513825e-08,5.3422525e-07,0.99999934
511,86,walking,2021-05-07 10:31:53.644,2021-05-07 10:31:55.624,0.021,3,3,0.9999997,1.7391718e-08,4.466009e-09,1.7359531e-07,0.9999997
511,86,walking,2021-05-07 10:31:54.644,2021-05-07 10:31:56.624,0.021,3,3,0.9999998,6.663746e-09,1.2282991e-09,5.5885923e-08,0.9999998
511,86,walking,2021-05-07 10:31:55.644,2021-05-07 10:31:57.624,0.021,3,3,0.9999985,4.8537434e-08,4.004982e-08,1.3003254e-06,0.9999985
511,86,walking,2021-05-07 10:31:56.644,2021-05-07 10:31:58.624,0.021,3,3,0.99994475,6.848957e-07,2.3973837e-06,5.2139614e-05,0.99994475
511,86,walking,2021-05-07 10:31:57.644,2021-05-07 10:31:59.624,0.021,3,3,0.999919,8.739722e-07,3.970598e-06,7.612664e-05,0.999919
511,86,walking,2021-05-07 10:31:58.644,2021-05-07 10:32:00.624,0.021,3,3,0.9999929,1.259799e-07,2.1943096e-07,6.7327182e-06,0.9999929
511,86,walking,2021-05-07 10:31:59.644,2021-05-07 10:32:01.624,0.021,3,3,0.9999841,3.1544698e-07,6.3626226e-07,1.4916785e-05,0.9999841
511,86,walking,2021-05-07 10:32:00.644,2021-05-07 10:32:02.624,0.021,3,3,0.99999636,1.2247928e-07,1.3221639e-07,3.3318017e-06,0.99999636
511,86,walking,2021-05-07 10:32:01.644,2021-05-07 10:32:03.624,0.021,3,3,0.99999696,1.228319e-07,1.13270126e-07,2.7315966e-06,0.99999696
511,86,walking,2021-05-07 10:32:02.644,2021-05-07 10:32:04.624,0.021,3,3,0.9999979,7.7767716e-08,6.632797e-08,1.8511096e-06,0.9999979
511,86,walking,2021-05-07 10:32:03.644,2021-05-07 10:32:05.624,0.021,3,3,0.9999998,1.0507687e-08,2.505276e-09,9.123811e-08,0.9999998
511,86,walking,2021-05-07 10:32:04.644,2021-05-07 10:32:06.624,0.021,3,3,0.99999994,6.8962906e-09,1.0554484e-09,4.2528587e-08,0.99999994
511,86,walking,2021-05-07 10:32:05.644,2021-05-07 10:32:07.624,0.021,3,3,0.99999875,4.1868557e-08,3.5270247e-08,1.1018622e-06,0.99999875
511,86,walking,2021-05-07 10:32:06.644,2021-05-07 10:32:08.624,0.021,3,3,0.9999779,3.3539456e-07,9.171438e-07,2.0775451e-05,0.9999779
511,86,walking,2021-05-07 10:32:07.644,2021-05-07 10:32:09.624,0.021,3,3,0.999866,1.4675493e-06,6.307383e-06,0.000126375,0.999866
511,87,standing,2021-05-07 10:32:10.604,2021-05-07 10:32:12.583,0.021,2,2,0.8858249,0.00019171972,0.07939779,0.8858249,0.034585513
511,92,walking,2021-05-07 10:32:15.883,2021-05-07 10:32:17.864,0.021,3,3,0.99334365,1.3622564e-05,0.00041233833,0.006230465,0.99334365
511,92,walking,2021-05-07 10:32:16.884,2021-05-07 10:32:18.864,0.021,3,3,0.9998949,1.0691722e-06,5.343975e-06,9.8569115e-05,0.9998949
511,92,walking,2021-05-07 10:32:17.884,2021-05-07 10:32:19.864,0.021,3,3,0.9998844,1.0389311e-06,6.034509e-06,0.00010844857,0.9998844
511,92,walking,2021-05-07 10:32:18.884,2021-05-07 10:32:20.864,0.021,3,3,0.99908465,4.975606e-06,5.5842112e-05,0.0008546438,0.99908465
511,92,walking,2021-05-07 10:32:19.884,2021-05-07 10:32:21.864,0.021,3,3,0.9995402,3.1791956e-06,2.7316084e-05,0.000429364,0.9995402
511,92,walking,2021-05-07 10:32:20.884,2021-05-07 10:32:22.864,0.021,3,3,0.9816796,4.034695e-05,0.0018618517,0.016418058,0.9816796
511,92,walking,2021-05-07 10:32:21.884,2021-05-07 10:32:23.864,0.021,3,3,0.6707136,0.00018558528,0.034187555,0.29491326,0.6707136
511,92,walking,2021-05-07 10:32:22.884,2021-05-07 10:32:24.864,0.021,3,3,0.9775331,3.59664e-05,0.0018600867,0.020570775,0.9775331
511,92,walking,2021-05-07 10:32:23.884,2021-05-07 10:32:25.864,0.021,3,3,0.9998548,1.2707102e-06,8.22409e-06,0.0001358427,0.9998548
511,92,walking,2021-05-07 10:32:24.884,2021-05-07 10:32:26.864,0.021,3,3,0.99733454,8.22131e-06,0.00015140417,0.002505746,0.99733454
511,94,walking,2021-05-07 10:32:28.323,2021-05-07 10:32:30.304,0.021,3,3,0.9999328,6.7055333e-07,2.6986575e-06,6.377684e-05,0.9999328
511,94,walking,2021-05-07 10:32:29.323,2021-05-07 10:32:31.304,0.021,3,3,0.999993,1.4242187e-07,2.3504383e-07,6.5864097e-06,0.999993
511,94,walking,2021-05-07 10:32:30.323,2021-05-07 10:32:32.304,0.021,3,3,0.9999781,3.8661085e-07,9.566047e-07,2.048034e-05,0.9999781
511,94,walking,2021-05-07 10:32:31.323,2021-05-07 10:32:33.304,0.021,3,3,0.9979492,6.238104e-06,0.00012933994,0.0019151999,0.9979492
511,94,walking,2021-05-07 10:32:32.324,2021-05-07 10:32:34.304,0.021,3,3,0.9999661,5.1380454e-07,1.3725728e-06,3.1934567e-05,0.9999661
511,94,walking,2021-05-07 10:32:33.324,2021-05-07 10:32:35.304,0.021,3,3,0.9999997,2.7622141e-08,5.5015366e-09,2.1616175e-07,0.9999997
511,94,walking,2021-05-07 10:32:34.324,2021-05-07 10:32:36.304,0.021,3,3,0.9999997,2.5631474e-08,4.75846e-09,1.9723352e-07,0.9999997
511,94,walking,2021-05-07 10:32:35.324,2021-05-07 10:32:37.304,0.021,3,3,0.99999946,3.6804426e-08,1.296049e-08,4.574302e-07,0.99999946
511,94,walking,2021-05-07 10:32:36.324,2021-05-07 10:32:38.304,0.021,3,3,0.9999973,1.1240702e-07,1.0055499e-07,2.4681012e-06,0.9999973
511,94,walking,2021-05-07 10:32:37.324,2021-05-07 10:32:39.304,0.021,3,3,0.9999973,1.2655315e-07,9.957608e-08,2.3598673e-06,0.9999973
511,94,walking,2021-05-07 10:32:38.324,2021-05-07 10:32:40.304,0.021,3,3,0.99996406,4.735768e-07,1.441249e-06,3.391464e-05,0.99996406
511,94,walking,2021-05-07 10:32:39.324,2021-05-07 10:32:41.304,0.021,3,3,0.9993358,1.8522265e-06,2.6929147e-05,0.00063538004,0.9993358
511,94,walking,2021-05-07 10:32:40.324,2021-05-07 10:32:42.304,0.021,3,3,0.99977326,1.3694449e-06,1.25265e-05,0.00021280645,0.99977326
511,94,walking,2021-05-07 10:32:41.324,2021-05-07 10:32:43.304,0.021,3,3,0.99922436,5.2082455e-06,5.14892e-05,0.0007189051,0.99922436
511,94,walking,2021-05-07 10:32:42.324,2021-05-07 10:32:44.304,0.021,3,3,0.99806875,7.5840144e-06,0.00012680158,0.00179694,0.99806875
511,95,standing,2021-05-07 10:32:45.243,2021-05-07 10:32:47.223,0.021,2,2,0.7285331,0.0001292321,0.26849446,0.7285331,0.0028431984
511,95,standing,2021-05-07 10:32:46.243,2021-05-07 10:32:48.223,0.021,2,2,0.85050714,0.00017994746,0.13807638,0.85050714,0.011236532
511,103,standing,2021-05-07 10:33:46.004,2021-05-07 10:33:47.984,0.021,2,2,0.8603302,0.00012527009,0.13221395,0.8603302,0.007330545
511,107,standing,2021-05-07 10:33:51.683,2021-05-07 10:33:53.664,0.021,2,3,0.8586948,0.00013097178,0.010226045,0.13094825,0.8586948
511,107,standing,2021-05-07 10:33:52.683,2021-05-07 10:33:54.664,0.021,2,3,0.8309878,0.0001806882,0.021730596,0.14710094,0.8309878
511,107,standing,2021-05-07 10:33:53.683,2021-05-07 10:33:55.664,0.021,2,3,0.88066626,0.00019488262,0.015030708,0.10410808,0.88066626
511,107,standing,2021-05-07 10:33:54.683,2021-05-07 10:33:56.664,0.021,2,3,0.6470223,0.0002617232,0.05048642,0.30222952,0.6470223
511,107,standing,2021-05-07 10:33:55.683,2021-05-07 10:33:57.664,0.021,2,2,0.71798736,0.00018245472,0.10401718,0.71798736,0.17781304
511,107,standing,2021-05-07 10:33:56.683,2021-05-07 10:33:58.664,0.021,2,2,0.7227783,0.00024107157,0.09200846,0.7227783,0.18497209
511,107,standing,2021-05-07 10:33:57.683,2021-05-07 10:33:59.664,0.021,2,2,0.66739666,0.00024203994,0.07102168,0.66739666,0.26133966
511,109,standing,2021-05-07 10:34:00.364,2021-05-07 10:34:02.344,0.021,2,2,0.8507156,0.0001806514,0.13483538,0.8507156,0.014268301
511,109,standing,2021-05-07 10:34:01.364,2021-05-07 10:34:03.344,0.021,2,2,0.85122824,0.00015972833,0.14099562,0.85122824,0.0076164813
511,109,standing,2021-05-07 10:34:02.364,2021-05-07 10:34:04.343,0.021,2,2,0.83428186,0.00022028873,0.10376713,0.83428186,0.061730705
511,109,standing,2021-05-07 10:34:03.364,2021-05-07 10:34:05.343,0.021,2,2,0.8631206,0.00012548608,0.083238855,0.8631206,0.053515054
511,109,standing,2021-05-07 10:34:04.364,2021-05-07 10:34:06.343,0.021,2,2,0.9010804,6.2509476e-05,0.09164718,0.9010804,0.0072098533
511,109,standing,2021-05-07 10:34:05.364,2021-05-07 10:34:07.343,0.021,2,2,0.90624297,4.7407873e-05,0.09076718,0.90624297,0.0029424739
511,109,standing,2021-05-07 10:34:06.364,2021-05-07 10:34:08.343,0.021,2,2,0.89615273,2.8464669e-05,0.102987945,0.89615273,0.00083080906
511,109,standing,2021-05-07 10:34:07.364,2021-05-07 10:34:09.343,0.021,2,2,0.9124822,7.15148e-05,0.07899792,0.9124822,0.008448317
511,109,standing,2021-05-07 10:34:08.364,2021-05-07 10:34:10.343,0.021,2,2,0.88323236,0.00012750972,0.0672029,0.88323236,0.049437173
511,109,standing,2021-05-07 10:34:09.364,2021-05-07 10:34:11.343,0.021,2,3,0.6006349,0.00020449831,0.029586218,0.36957437,0.6006349
511,115,standing,2021-05-07 10:34:14.724,2021-05-07 10:34:16.704,0.021,2,2,0.773278,0.00014238813,0.22478047,0.773278,0.001799154
511,115,standing,2021-05-07 10:34:15.724,2021-05-07 10:34:17.704,0.021,2,2,0.7759932,0.0001490233,0.22194363,0.7759932,0.0019141951
511,116,standing,2021-05-07 10:34:26.044,2021-05-07 10:34:28.024,0.021,2,2,0.7762622,0.000121674675,0.22204177,0.7762622,0.0015743793
511,116,standing,2021-05-07 10:34:27.044,2021-05-07 10:34:29.024,0.021,2,2,0.7874957,0.0001468194,0.20977192,0.7874957,0.0025856262
511,116,standing,2021-05-07 10:34:28.044,2021-05-07 10:34:30.024,0.021,2,2,0.77632487,0.00015881006,0.22034122,0.77632487,0.0031750808
511,116,standing,2021-05-07 10:34:29.044,2021-05-07 10:34:31.024,0.021,2,2,0.74019414,0.00012987478,0.25833157,0.74019414,0.0013444668
511,116,standing,2021-05-07 10:34:30.044,2021-05-07 10:34:32.023,0.021,2,2,0.7327055,0.00011578195,0.26651603,0.7327055,0.000662681
511,116,standing,2021-05-07 10:34:31.044,2021-05-07 10:34:33.023,0.021,2,2,0.7649201,0.00011551248,0.23410895,0.7649201,0.0008554326
511,116,standing,2021-05-07 10:34:32.043,2021-05-07 10:34:34.023,0.021,2,2,0.76631683,0.00011069892,0.2327304,0.76631683,0.00084194785
511,116,standing,2021-05-07 10:34:33.043,2021-05-07 10:34:35.023,0.021,2,2,0.7243825,8.999022e-05,0.2749828,0.7243825,0.0005446922
511,116,standing,2021-05-07 10:34:34.043,2021-05-07 10:34:36.023,0.021,2,2,0.75844526,0.00013769536,0.23902246,0.75844526,0.0023945617
511,119,walking,2021-05-07 10:34:39.844,2021-05-07 10:34:41.824,0.021,3,3,0.9999284,1.1895468e-06,2.838911e-06,6.75412e-05,0.9999284
511,119,walking,2021-05-07 10:34:40.844,2021-05-07 10:34:42.824,0.021,3,3,0.999999,6.852337e-08,2.815811e-08,9.0344946e-07,0.999999
511,119,walking,2021-05-07 10:34:41.844,2021-05-07 10:34:43.824,0.021,3,3,0.999996,1.2142507e-07,1.1190864e-07,3.7122866e-06,0.999996
511,119,walking,2021-05-07 10:34:42.844,2021-05-07 10:34:44.824,0.021,3,3,0.9987187,3.81673e-06,5.7014346e-05,0.0012204419,0.9987187
511,120,standing,2021-05-07 10:34:45.484,2021-05-07 10:34:47.464,0.021,2,2,0.88671714,0.00020323478,0.07407923,0.88671714,0.039000377
511,120,standing,2021-05-07 10:34:46.484,2021-05-07 10:34:48.464,0.021,2,2,0.8776812,0.00018556567,0.06783095,0.8776812,0.05430219
511,124,standing,2021-05-07 10:34:52.444,2021-05-07 10:34:54.423,0.021,2,2,0.8364024,0.00012596148,0.15641508,0.8364024,0.007056419
511,124,standing,2021-05-07 10:34:53.444,2021-05-07 10:34:55.423,0.021,2,2,0.75863045,7.828261e-05,0.24042101,0.75863045,0.0008702773
511,124,standing,2021-05-07 10:34:54.444,2021-05-07 10:34:56.423,0.021,2,2,0.74836725,6.943307e-05,0.25108436,0.74836725,0.0004790973
511,124,standing,2021-05-07 10:34:55.444,2021-05-07 10:34:57.423,0.021,2,2,0.78609484,9.17061e-05,0.21304269,0.78609484,0.00077083847
511,125,walking,2021-05-07 10:34:57.683,2021-05-07 10:34:59.664,0.021,3,3,0.99999017,3.7513573e-07,3.4437758e-07,9.057773e-06,0.99999017
511,125,walking,2021-05-07 10:34:58.683,2021-05-07 10:35:00.664,0.021,3,3,0.99999994,1.2278664e-08,9.810054e-10,4.6126765e-08,0.99999994
511,125,walking,2021-05-07 10:34:59.683,2021-05-07 10:35:01.664,0.021,3,3,0.99999994,2.0002586e-09,5.8646664e-11,3.713386e-09,0.99999994
511,125,walking,2021-05-07 10:35:00.684,2021-05-07 10:35:02.664,0.021,3,3,0.99999994,9.5638275e-11,4.3235714e-13,4.4101795e-11,0.99999994
511,125,walking,2021-05-07 10:35:01.684,2021-05-07 10:35:03.664,0.021,3,3,0.99999994,2.4286498e-10,2.4715696e-12,2.5697733e-10,0.99999994
511,125,walking,2021-05-07 10:35:02.684,2021-05-07 10:35:04.664,0.021,3,3,0.99999934,4.3166086e-08,1.3345349e-08,5.2466737e-07,0.99999934
511,125,walking,2021-05-07 10:35:03.684,2021-05-07 10:35:05.664,0.021,3,3,0.9999997,2.3760146e-08,5.8880074e-09,2.2236487e-07,0.9999997
511,125,walking,2021-05-07 10:35:04.684,2021-05-07 10:35:06.664,0.021,3,3,0.9999997,2.2089768e-08,5.833902e-09,2.2186644e-07,0.9999997
511,125,walking,2021-05-07 10:35:05.684,2021-05-07 10:35:07.664,0.021,3,3,0.9999998,1.3427826e-08,2.0292639e-09,9.068397e-08,0.9999998
511,125,walking,2021-05-07 10:35:06.684,2021-05-07 10:35:08.663,0.021,3,3,0.99999994,9.222568e-10,2.253565e-11,1.5200341e-09,0.99999994
511,125,walking,2021-05-07 10:35:07.684,2021-05-07 10:35:09.663,0.021,3,3,0.99999994,2.166656e-09,3.7042498e-11,2.490236e-09,0.99999994
511,125,walking,2021-05-07 10:35:08.684,2021-05-07 10:35:10.663,0.021,3,3,0.99999994,4.737202e-11,5.66808e-14,7.459359e-12,0.99999994
511,125,walking,2021-05-07 10:35:09.684,2021-05-07 10:35:11.663,0.021,3,3,0.99999994,4.9704574e-11,1.2261267e-13,1.2756599e-11,0.99999994
511,125,walking,2021-05-07 10:35:10.684,2021-05-07 10:35:12.663,0.021,3,3,0.9999998,1.9580236e-08,2.6548292e-09,9.522813e-08,0.9999998
511,125,walking,2021-05-07 10:35:11.684,2021-05-07 10:35:13.663,0.021,3,3,0.9999997,3.1987593e-08,5.226066e-09,1.853594e-07,0.9999997
511,125,walking,2021-05-07 10:35:12.684,2021-05-07 10:35:14.663,0.021,3,3,0.999999,8.460991e-08,2.7016915e-08,8.4543325e-07,0.999999
511,125,walking,2021-05-07 10:35:13.684,2021-05-07 10:35:15.663,0.021,3,3,0.99999887,7.130714e-08,4.020881e-08,1.0150831e-06,0.99999887
511,125,walking,2021-05-07 10:35:14.684,2021-05-07 10:35:16.663,0.021,3,3,0.99999887,9.467079e-08,3.5041396e-08,9.211119e-07,0.99999887
511,125,walking,2021-05-07 10:35:15.684,2021-05-07 10:35:17.663,0.021,3,3,0.9999986,1.2536184e-07,4.3547697e-08,1.1745602e-06,0.9999986
511,125,walking,2021-05-07 10:35:16.684,2021-05-07 10:35:18.663,0.021,3,3,0.999999,6.45871e-08,2.6773964e-08,8.8198425e-07,0.999999
511,125,walking,2021-05-07 10:35:17.684,2021-05-07 10:35:19.663,0.021,3,3,0.99999994,7.830814e-09,7.5356876e-10,3.979221e-08,0.99999994
511,125,walking,2021-05-07 10:35:18.684,2021-05-07 10:35:20.663,0.021,3,3,0.99999994,5.2101825e-09,3.571508e-10,1.9343192e-08,0.99999994
511,125,walking,2021-05-07 10:35:19.684,2021-05-07 10:35:21.663,0.021,3,3,0.99999994,6.719509e-09,2.9468386e-10,1.5611173e-08,0.99999994
511,125,walking,2021-05-07 10:35:20.684,2021-05-07 10:35:22.663,0.021,3,3,0.99999994,4.6240727e-09,1.4770794e-10,7.6415825e-09,0.99999994
511,125,walking,2021-05-07 10:35:21.684,2021-05-07 10:35:23.663,0.021,3,3,0.99999994,3.3968808e-09,1.5819056e-10,8.980111e-09,0.99999994
511,125,walking,2021-05-07 10:35:22.684,2021-05-07 10:35:24.663,0.021,3,3,0.99999994,1.3785927e-09,8.9088584e-11,5.3248845e-09,0.99999994
511,125,walking,2021-05-07 10:35:23.684,2021-05-07 10:35:25.663,0.021,3,3,0.99999887,6.323623e-08,3.210615e-08,9.5243615e-07,0.99999887
511,125,walking,2021-05-07 10:35:24.684,2021-05-07 10:35:26.663,0.021,3,3,0.9999997,2.0962977e-08,4.668684e-09,1.7752245e-07,0.9999997
511,125,walking,2021-05-07 10:35:25.684,2021-05-07 10:35:27.663,0.021,3,3,0.99999994,2.0472912e-09,2.5354494e-10,1.6059087e-08,0.99999994
511,126,standing,2021-05-07 10:35:28.644,2021-05-07 10:35:30.624,0.021,2,2,0.79356295,5.9461643e-05,0.20567007,0.79356295,0.0007074733
511,129,walking,2021-05-07 10:35:32.723,2021-05-07 10:35:34.703,0.021,3,3,0.99990815,1.571674e-06,3.6128424e-06,8.657462e-05,0.99990815
511,129,walking,2021-05-07 10:35:33.723,2021-05-07 10:35:35.703,0.021,3,3,0.9999942,2.5514333e-07,1.9378874e-07,5.283253e-06,0.9999942
511,129,walking,2021-05-07 10:35:34.723,2021-05-07 10:35:36.703,0.021,3,3,0.9999998,1.0626338e-08,1.1305223e-09,5.6097914e-08,0.9999998
511,129,walking,2021-05-07 10:35:35.723,2021-05-07 10:35:37.703,0.021,3,3,0.99999994,3.7166596e-09,2.1224149e-10,1.1780876e-08,0.99999994
511,129,walking,2021-05-07 10:35:36.723,2021-05-07 10:35:38.703,0.021,3,3,0.9999998,1.6082595e-08,2.187605e-09,9.475326e-08,0.9999998
511,129,walking,2021-05-07 10:35:37.723,2021-05-07 10:35:39.703,0.021,3,3,0.99999994,4.6570254e-09,2.987353e-10,1.680636e-08,0.99999994
511,129,walking,2021-05-07 10:35:38.723,2021-05-07 10:35:40.703,0.021,3,3,0.99999994,3.5215348e-09,2.0701275e-10,1.2957852e-08,0.99999994
511,129,walking,2021-05-07 10:35:39.723,2021-05-07 10:35:41.703,0.021,3,3,0.99999994,1.61606e-09,7.7138136e-11,4.9865863e-09,0.99999994
511,129,walking,2021-05-07 10:35:40.723,2021-05-07 10:35:42.703,0.021,3,3,0.99999994,1.02240945e-10,1.1526247e-12,1.0940457e-10,0.99999994
511,129,walking,2021-05-07 10:35:41.723,2021-05-07 10:35:43.703,0.021,3,3,0.99999994,4.3215806e-11,3.0861238e-13,3.823082e-11,0.99999994
511,129,walking,2021-05-07 10:35:42.723,2021-05-07 10:35:44.703,0.021,3,3,0.99999994,4.7727017e-10,1.8786982e-11,1.4228966e-09,0.99999994
511,129,walking,2021-05-07 10:35:43.723,2021-05-07 10:35:45.703,0.021,3,3,0.99999994,5.7112746e-09,7.0984985e-10,3.478552e-08,0.99999994
511,129,walking,2021-05-07 10:35:44.723,2021-05-07 10:35:46.703,0.021,3,3,0.99999994,2.0610278e-09,1.1698305e-10,7.609396e-09,0.99999994
511,129,walking,2021-05-07 10:35:45.723,2021-05-07 10:35:47.703,0.021,3,3,0.99999994,1.5751772e-09,1.0189636e-10,6.621935e-09,0.99999994
511,129,walking,2021-05-07 10:35:46.723,2021-05-07 10:35:48.703,0.021,3,3,0.99999994,2.3285693e-09,1.9904804e-10,1.2443606e-08,0.99999994
511,129,walking,2021-05-07 10:35:47.723,2021-05-07 10:35:49.703,0.021,3,3,0.99999994,3.789892e-09,3.497162e-10,1.8182133e-08,0.99999994
511,129,walking,2021-05-07 10:35:48.723,2021-05-07 10:35:50.703,0.021,3,3,0.9999998,1.8230747e-08,3.5994319e-09,1.497876e-07,0.9999998
511,129,walking,2021-05-07 10:35:49.723,2021-05-07 10:35:51.703,0.021,3,3,0.99999994,9.224913e-09,6.263997e-10,3.2788915e-08,0.99999994
511,129,walking,2021-05-07 10:35:50.723,2021-05-07 10:35:52.703,0.021,3,3,0.9999997,3.531666e-08,3.990596e-09,1.7178472e-07,0.9999997
511,129,walking,2021-05-07 10:35:51.723,2021-05-07 10:35:53.703,0.021,3,3,0.9999992,6.8305475e-08,1.733607e-08,6.422892e-07,0.9999992
511,129,walking,2021-05-07 10:35:52.723,2021-05-07 10:35:54.703,0.021,3,3,0.999999,7.7088906e-08,2.5713767e-08,9.0745095e-07,0.999999
511,129,walking,2021-05-07 10:35:53.723,2021-05-07 10:35:55.703,0.021,3,3,0.9999997,3.018214e-08,5.0945963e-09,1.9073242e-07,0.9999997
511,129,walking,2021-05-07 10:35:54.723,2021-05-07 10:35:56.703,0.021,3,3,0.9999997,2.8367774e-08,4.1843826e-09,1.5664942e-07,0.9999997
511,129,walking,2021-05-07 10:35:55.723,2021-05-07 10:35:57.703,0.021,3,3,0.99999994,1.6625957e-09,7.520019e-11,4.801841e-09,0.99999994
511,129,walking,2021-05-07 10:35:56.723,2021-05-07 10:35:58.703,0.021,3,3,0.99999994,1.4271687e-10,2.1177986e-12,2.2282631e-10,0.99999994
511,129,walking,2021-05-07 10:35:57.723,2021-05-07 10:35:59.703,0.021,3,3,0.99999994,1.6652711e-09,9.275911e-11,6.75343e-09,0.99999994
511,129,walking,2021-05-07 10:35:58.723,2021-05-07 10:36:00.704,0.021,3,3,0.99999994,1.9508617e-09,1.1477075e-10,7.278449e-09,0.99999994
511,129,walking,2021-05-07 10:35:59.723,2021-05-07 10:36:01.704,0.021,3,3,0.99999994,2.028111e-09,6.86738e-11,3.8695163e-09,0.99999994
511,129,walking,2021-05-07 10:36:00.724,2021-05-07 10:36:02.704,0.021,3,3,0.99999994,1.4902104e-09,5.093096e-11,3.4628873e-09,0.99999994
511,129,walking,2021-05-07 10:36:01.724,2021-05-07 10:36:03.704,0.021,3,3,0.9999998,1.1212481e-08,1.0540039e-09,5.1073833e-08,0.9999998
511,129,walking,2021-05-07 10:36:02.724,2021-05-07 10:36:04.704,0.021,3,3,0.99999994,8.533798e-09,8.084073e-10,3.5643456e-08,0.99999994
511,129,walking,2021-05-07 10:36:03.724,2021-05-07 10:36:05.704,0.021,3,3,0.9999998,1.8846837e-08,3.1489678e-09,1.13117046e-07,0.9999998
511,129,walking,2021-05-07 10:36:04.724,2021-05-07 10:36:06.704,0.021,3,3,0.9999997,3.174684e-08,5.528592e-09,1.950082e-07,0.9999997
511,129,walking,2021-05-07 10:36:05.724,2021-05-07 10:36:07.704,0.021,3,3,0.99999994,7.482955e-09,4.212923e-10,1.8798696e-08,0.99999994
511,129,walking,2021-05-07 10:36:06.724,2021-05-07 10:36:08.704,0.021,3,3,0.99999994,1.471953e-09,3.0127973e-11,1.8073693e-09,0.99999994
511,129,walking,2021-05-07 10:36:07.724,2021-05-07 10:36:09.704,0.021,3,3,0.99999994,6.3339227e-09,5.320202e-10,2.281812e-08,0.99999994
511,129,walking,2021-05-07 10:36:08.724,2021-05-07 10:36:10.704,0.021,3,3,0.9999992,5.2517464e-08,2.1975538e-08,6.133801e-07,0.9999992
511,129,walking,2021-05-07 10:36:09.724,2021-05-07 10:36:11.704,0.021,3,3,0.99999994,1.1213636e-08,1.1036811e-09,4.4472518e-08,0.99999994
511,129,walking,2021-05-07 10:36:10.724,2021-05-07 10:36:12.704,0.021,3,3,0.9999998,1.6757928e-08,1.9103281e-09,6.945518e-08,0.9999998
511,129,walking,2021-05-07 10:36:11.724,2021-05-07 10:36:13.704,0.021,3,3,0.99999994,7.1914985e-09,4.71753e-10,2.0840988e-08,0.99999994
511,129,walking,2021-05-07 10:36:12.724,2021-05-07 10:36:14.704,0.021,3,3,0.99999994,6.9571695e-09,4.6232151e-10,2.0553914e-08,0.99999994
511,129,walking,2021-05-07 10:36:13.724,2021-05-07 10:36:15.704,0.021,3,3,0.99999994,1.0443809e-08,9.991241e-10,4.358257e-08,0.99999994
511,129,walking,2021-05-07 10:36:14.724,2021-05-07 10:36:16.704,0.021,3,3,0.9999998,1.616961e-08,1.5186459e-09,5.9142813e-08,0.9999998
511,129,walking,2021-05-07 10:36:15.724,2021-05-07 10:36:17.704,0.021,3,3,0.9999998,2.097014e-08,2.825038e-09,9.6491526e-08,0.9999998
511,129,walking,2021-05-07 10:36:16.723,2021-05-07 10:36:18.704,0.021,3,3,0.9999996,4.680464e-08,9.419315e-09,3.1878704e-07,0.9999996
511,129,walking,2021-05-07 10:36:17.723,2021-05-07 10:36:19.704,0.021,3,3,0.9999998,2.3785724e-08,2.3878715e-09,9.12851e-08,0.9999998
511,129,walking,2021-05-07 10:36:18.723,2021-05-07 10:36:20.704,0.021,3,3,0.9999997,4.011447e-08,4.904512e-09,1.9010355e-07,0.9999997
511,129,walking,2021-05-07 10:36:19.723,2021-05-07 10:36:21.704,0.021,3,3,0.99999875,1.262474e-07,2.6983898e-08,1.0620421e-06,0.99999875
511,129,walking,2021-05-07 10:36:20.723,2021-05-07 10:36:22.704,0.021,3,3,0.9999998,1.6899545e-08,1.8299019e-09,7.666857e-08,0.9999998
511,129,walking,2021-05-07 10:36:21.723,2021-05-07 10:36:23.704,0.021,3,3,0.9999996,3.277965e-08,8.2252525e-09,3.3531614e-07,0.9999996
511,129,walking,2021-05-07 10:36:22.723,2021-05-07 10:36:24.704,0.021,3,3,0.9999997,1.5392024e-08,3.9460004e-09,1.8282343e-07,0.9999997
511,129,walking,2021-05-07 10:36:23.723,2021-05-07 10:36:25.704,0.021,3,3,0.9999998,1.1746321e-08,1.906277e-09,9.3746394e-08,0.9999998
511,129,walking,2021-05-07 10:36:24.723,2021-05-07 10:36:26.704,0.021,3,3,0.9999997,3.642168e-08,4.874873e-09,2.0774597e-07,0.9999997
511,129,walking,2021-05-07 10:36:25.723,2021-05-07 10:36:27.704,0.021,3,3,0.9999998,2.4155824e-08,2.2784445e-09,9.090598e-08,0.9999998
511,129,walking,2021-05-07 10:36:26.723,2021-05-07 10:36:28.704,0.021,3,3,0.9999998,2.7118643e-08,2.5186147e-09,1.1259516e-07,0.9999998
511,129,walking,2021-05-07 10:36:27.723,2021-05-07 10:36:29.704,0.021,3,3,0.9999998,1.9403124e-08,1.3710901e-09,6.782555e-08,0.9999998
511,129,walking,2021-05-07 10:36:28.723,2021-05-07 10:36:30.704,0.021,3,3,0.99999994,5.8297207e-09,2.1908989e-10,1.3601824e-08,0.99999994
511,129,walking,2021-05-07 10:36:29.723,2021-05-07 10:36:31.704,0.021,3,3,0.99999994,7.1869595e-09,5.2242405e-10,3.0216995e-08,0.99999994
511,129,walking,2021-05-07 10:36:30.723,2021-05-07 10:36:32.703,0.021,3,3,0.999999,9.611379e-08,2.147507e-08,8.2638843e-07,0.999999
511,129,walking,2021-05-07 10:36:31.723,2021-05-07 10:36:33.703,0.021,3,3,0.9999997,4.193021e-08,6.5113044e-09,2.2957255e-07,0.9999997
511,129,walking,2021-05-07 10:36:32.723,2021-05-07 10:36:34.703,0.021,3,3,0.9999997,4.6247354e-08,6.3836354e-09,2.408101e-07,0.9999997
511,129,walking,2021-05-07 10:36:33.723,2021-05-07 10:36:35.703,0.021,3,3,0.9999997,3.40512e-08,3.815625e-09,1.5486029e-07,0.9999997
511,129,walking,2021-05-07 10:36:34.723,2021-05-07 10:36:36.703,0.021,3,3,0.99999994,2.2770155e-09,4.5664493e-11,3.039571e-09,0.99999994
511,129,walking,2021-05-07 10:36:35.723,2021-05-07 10:36:37.703,0.021,3,3,0.99999994,2.09099e-09,7.283497e-11,3.8522034e-09,0.99999994
511,129,walking,2021-05-07 10:36:36.723,2021-05-07 10:36:38.703,0.021,3,3,0.99999994,2.5748823e-09,2.027348e-10,1.0046204e-08,0.99999994
511,129,walking,2021-05-07 10:36:37.723,2021-05-07 10:36:39.703,0.021,3,3,0.99999994,1.1397957e-09,5.0026906e-11,2.8935825e-09,0.99999994
511,129,walking,2021-05-07 10:36:38.723,2021-05-07 10:36:40.703,0.021,3,3,0.99999994,1.695727e-09,8.307217e-11,5.3590483e-09,0.99999994
511,129,walking,2021-05-07 10:36:39.723,2021-05-07 10:36:41.703,0.021,3,3,0.9999998,1.3165622e-08,1.9182183e-09,8.764531e-08,0.9999998
511,129,walking,2021-05-07 10:36:40.723,2021-05-07 10:36:42.703,0.021,3,3,0.9999997,2.716062e-08,4.7780775e-09,2.0927692e-07,0.9999997
511,129,walking,2021-05-07 10:36:41.723,2021-05-07 10:36:43.703,0.021,3,3,0.99999887,9.4754974e-08,2.6271634e-08,8.9455006e-07,0.99999887
511,129,walking,2021-05-07 10:36:42.723,2021-05-07 10:36:44.703,0.021,3,3,0.99999994,6.175773e-09,4.7117477e-10,2.1349098e-08,0.99999994
511,129,walking,2021-05-07 10:36:43.723,2021-05-07 10:36:45.703,0.021,3,3,0.99999994,8.0914775e-10,1.7906567e-11,1.1741165e-09,0.99999994
511,129,walking,2021-05-07 10:36:44.723,2021-05-07 10:36:46.703,0.021,3,3,0.99999994,1.621684e-11,3.8447283e-14,5.7656085e-12,0.99999994
511,129,walking,2021-05-07 10:36:45.723,2021-05-07 10:36:47.703,0.021,3,3,0.99999994,8.969004e-12,1.6087178e-14,2.284455e-12,0.99999994
511,129,walking,2021-05-07 10:36:46.723,2021-05-07 10:36:48.703,0.021,3,3,0.99999994,2.0793121e-10,3.1237428e-12,2.884324e-10,0.99999994
511,129,walking,2021-05-07 10:36:47.723,2021-05-07 10:36:49.703,0.021,3,3,0.99999994,2.0383831e-10,3.689834e-12,3.3781933e-10,0.99999994
511,129,walking,2021-05-07 10:36:48.723,2021-05-07 10:36:50.703,0.021,3,3,0.99999994,5.5752125e-11,4.5588815e-13,4.373873e-11,0.99999994
511,129,walking,2021-05-07 10:36:49.723,2021-05-07 10:36:51.703,0.021,3,3,0.99999994,7.4159394e-11,6.8123187e-13,5.984833e-11,0.99999994
511,129,walking,2021-05-07 10:36:50.723,2021-05-07 10:36:52.703,0.021,3,3,0.99999994,1.10973876e-10,8.6467346e-13,7.627145e-11,0.99999994
511,129,walking,2021-05-07 10:36:51.723,2021-05-07 10:36:53.703,0.021,3,3,0.99999994,4.254112e-10,8.111046e-12,6.2091954e-10,0.99999994
511,129,walking,2021-05-07 10:36:52.723,2021-05-07 10:36:54.703,0.021,3,3,0.99999994,3.6596524e-09,3.4326883e-10,2.3517492e-08,0.99999994
511,129,walking,2021-05-07 10:36:53.723,2021-05-07 10:36:55.703,0.021,3,3,0.99999386,2.4807895e-07,1.5971665e-07,5.6285094e-06,0.99999386
511,129,walking,2021-05-07 10:36:54.723,2021-05-07 10:36:56.703,0.021,3,3,0.9999959,3.3691504e-07,1.1236013e-07,3.5501612e-06,0.9999959
511,129,walking,2021-05-07 10:36:55.723,2021-05-07 10:36:57.703,0.021,3,3,0.99999696,2.0766736e-07,8.0908286e-08,2.730401e-06,0.99999696
511,133,walking,2021-05-07 10:37:00.084,2021-05-07 10:37:02.063,0.021,3,3,0.9999979,1.1772681e-07,5.401731e-08,1.7990537e-06,0.9999979
511,133,walking,2021-05-07 10:37:01.084,2021-05-07 10:37:03.063,0.021,3,3,0.99999875,1.0664931e-07,3.484099e-08,1.033018e-06,0.99999875
511,133,walking,2021-05-07 10:37:02.084,2021-05-07 10:37:04.064,0.021,3,3,0.9999998,7.820022e-09,1.7502492e-09,7.7292e-08,0.9999998
511,133,walking,2021-05-07 10:37:03.084,2021-05-07 10:37:05.064,0.021,3,3,0.9999997,2.7116519e-08,6.844945e-09,2.4271108e-07,0.9999997
511,133,walking,2021-05-07 10:37:04.084,2021-05-07 10:37:06.064,0.021,3,3,0.9999966,1.429299e-07,1.2428794e-07,3.1289926e-06,0.9999966
511,133,walking,2021-05-07 10:37:05.084,2021-05-07 10:37:07.064,0.021,3,3,0.999994,1.6573003e-07,2.1546774e-07,5.5349738e-06,0.999994
511,133,walking,2021-05-07 10:37:06.084,2021-05-07 10:37:08.064,0.021,3,3,0.9999998,1.2214778e-08,2.4814595e-09,1.0949156e-07,0.9999998
511,133,walking,2021-05-07 10:37:07.084,2021-05-07 10:37:09.064,0.021,3,3,0.9999998,1.6958603e-08,2.0571118e-09,9.506498e-08,0.9999998
511,133,walking,2021-05-07 10:37:08.083,2021-05-07 10:37:10.064,0.021,3,3,0.99999934,4.985635e-08,1.229532e-08,4.83355e-07,0.99999934
511,133,walking,2021-05-07 10:37:09.083,2021-05-07 10:37:11.064,0.021,3,3,0.99999744,1.6763205e-07,8.076109e-08,2.3138066e-06,0.99999744
511,133,walking,2021-05-07 10:37:10.083,2021-05-07 10:37:12.064,0.021,3,3,0.99999887,8.002915e-08,2.9471362e-08,9.2272177e-07,0.99999887
511,133,walking,2021-05-07 10:37:11.083,2021-05-07 10:37:13.064,0.021,3,3,0.99999994,4.39985e-09,1.8505888e-10,1.20739685e-08,0.99999994
511,133,walking,2021-05-07 10:37:12.083,2021-05-07 10:37:14.064,0.021,3,3,0.99999994,7.1970145e-09,6.3444144e-10,3.4289357e-08,0.99999994
511,133,walking,2021-05-07 10:37:13.083,2021-05-07 10:37:15.064,0.021,3,3,0.9999996,2.9120143e-08,7.010837e-09,2.756384e-07,0.9999996
511,133,walking,2021-05-07 10:37:14.083,2021-05-07 10:37:16.063,0.021,3,3,0.9999915,4.1560241e-07,3.7048267e-07,7.6270703e-06,0.9999915
511,133,walking,2021-05-07 10:37:15.083,2021-05-07 10:37:17.063,0.021,3,3,0.9999507,1.2676654e-06,2.4504154e-06,4.5559864e-05,0.9999507
511,134,standing,2021-05-07 10:37:17.323,2021-05-07 10:37:19.304,0.021,2,2,0.7534164,0.000117928066,0.24531329,0.7534164,0.0011522918
511,134,standing,2021-05-07 10:37:18.323,2021-05-07 10:37:20.304,0.021,2,2,0.79377955,0.00012537833,0.20520705,0.79377955,0.00088802614
511,134,standing,2021-05-07 10:37:19.323,2021-05-07 10:37:21.304,0.021,2,2,0.80735487,0.00011903209,0.19168662,0.80735487,0.0008395674
511,134,standing,2021-05-07 10:37:20.323,2021-05-07 10:37:22.304,0.021,2,2,0.8079163,0.000121161196,0.19103494,0.8079163,0.00092763745
511,134,standing,2021-05-07 10:37:21.323,2021-05-07 10:37:23.304,0.021,2,2,0.8024265,0.00012250019,0.1965625,0.8024265,0.000888458
511,134,standing,2021-05-07 10:37:22.323,2021-05-07 10:37:24.304,0.021,2,2,0.82546777,0.00020973662,0.1613857,0.82546777,0.012936825
511,135,walking,2021-05-07 10:37:24.323,2021-05-07 10:37:26.304,0.021,3,3,0.99997765,5.0794307e-07,9.5054486e-07,2.081936e-05,0.99997765
511,135,walking,2021-05-07 10:37:25.323,2021-05-07 10:37:27.304,0.021,3,3,0.99999446,3.0191754e-07,2.3167948e-07,4.996673e-06,0.99999446
511,135,walking,2021-05-07 10:37:26.323,2021-05-07 10:37:28.304,0.021,3,3,0.9999998,2.1653594e-08,4.603928e-09,1.4129064e-07,0.9999998
511,135,walking,2021-05-07 10:37:27.323,2021-05-07 10:37:29.304,0.021,3,3,0.99999994,8.191297e-09,1.0480541e-09,4.207852e-08,0.99999994
511,135,walking,2021-05-07 10:37:28.323,2021-05-07 10:37:30.304,0.021,3,3,0.9999992,6.033608e-08,1.973466e-08,6.3375256e-07,0.9999992
511,135,walking,2021-05-07 10:37:29.323,2021-05-07 10:37:31.304,0.021,3,3,0.9999984,1.111709e-07,4.8093522e-08,1.4147618e-06,0.9999984
511,135,walking,2021-05-07 10:37:30.323,2021-05-07 10:37:32.304,0.021,3,3,0.9999979,9.584184e-08,5.5477887e-08,1.9189347e-06,0.9999979
511,135,walking,2021-05-07 10:37:31.323,2021-05-07 10:37:33.304,0.021,3,3,0.99998635,3.7900466e-07,4.5724667e-07,1.2768745e-05,0.99998635
511,135,walking,2021-05-07 10:37:32.324,2021-05-07 10:37:34.304,0.021,3,3,0.99999243,1.5461598e-07,2.6588006e-07,7.0813535e-06,0.99999243
511,135,walking,2021-05-07 10:37:33.324,2021-05-07 10:37:35.304,0.021,3,3,0.9999992,3.089917e-08,2.0267688e-08,6.535895e-07,0.9999992
511,135,walking,2021-05-07 10:37:34.324,2021-05-07 10:37:36.304,0.021,3,3,0.9999986,7.086335e-08,3.921643e-08,1.1419447e-06,0.9999986
511,135,walking,2021-05-07 10:37:35.324,2021-05-07 10:37:37.304,0.021,3,3,0.9999978,1.09730514e-07,8.057079e-08,1.9600805e-06,0.9999978
511,135,walking,2021-05-07 10:37:36.324,2021-05-07 10:37:38.304,0.021,3,3,0.99999815,9.9049e-08,6.449509e-08,1.651664e-06,0.99999815
511,135,walking,2021-05-07 10:37:37.324,2021-05-07 10:37:39.304,0.021,3,3,0.999999,6.459043e-08,2.3378382e-08,8.265863e-07,0.999999
511,135,walking,2021-05-07 10:37:38.324,2021-05-07 10:37:40.304,0.021,3,3,0.99999934,5.2315215e-08,1.6241994e-08,5.524996e-07,0.99999934
511,135,walking,2021-05-07 10:37:39.324,2021-05-07 10:37:41.304,0.021,3,3,0.9999917,3.5903042e-07,3.3404575e-07,7.4828476e-06,0.9999917
511,135,walking,2021-05-07 10:37:40.324,2021-05-07 10:37:42.304,0.021,3,3,0.99999875,9.799225e-08,3.8170505e-08,1.0934438e-06,0.99999875
511,135,walking,2021-05-07 10:37:41.324,2021-05-07 10:37:43.304,0.021,3,3,0.9999996,3.4336992e-08,9.5840305e-09,3.247105e-07,0.9999996
511,135,walking,2021-05-07 10:37:42.324,2021-05-07 10:37:44.304,0.021,3,3,0.9999998,1.3886373e-08,1.8676705e-09,7.6763534e-08,0.9999998
511,135,walking,2021-05-07 10:37:43.324,2021-05-07 10:37:45.304,0.021,3,3,0.99999994,5.5447926e-09,5.4537475e-10,2.4997691e-08,0.99999994
511,135,walking,2021-05-07 10:37:44.324,2021-05-07 10:37:46.304,0.021,3,3,0.9999973,1.2197908e-07,9.925222e-08,2.347009e-06,0.9999973
511,135,walking,2021-05-07 10:37:45.324,2021-05-07 10:37:47.304,0.021,3,3,0.9999934,1.5024172e-07,2.6824077e-07,6.147525e-06,0.9999934
511,135,walking,2021-05-07 10:37:46.324,2021-05-07 10:37:48.304,0.021,3,3,0.9999998,9.611364e-09,2.1232336e-09,8.570504e-08,0.9999998
511,135,walking,2021-05-07 10:37:47.324,2021-05-07 10:37:49.304,0.021,3,3,0.99999994,1.3742032e-09,9.0499636e-11,5.470461e-09,0.99999994
511,135,walking,2021-05-07 10:37:48.324,2021-05-07 10:37:50.304,0.021,3,3,0.9999997,1.7351859e-08,5.7926437e-09,2.2684169e-07,0.9999997
511,135,walking,2021-05-07 10:37:49.324,2021-05-07 10:37:51.304,0.021,3,3,0.99999887,6.696565e-08,3.1396706e-08,9.616545e-07,0.99999887
511,135,walking,2021-05-07 10:37:50.324,2021-05-07 10:37:52.304,0.021,3,3,0.9999965,1.4824872e-07,1.1895147e-07,3.2313974e-06,0.9999965
511,135,walking,2021-05-07 10:37:51.324,2021-05-07 10:37:53.304,0.021,3,3,0.99998623,3.060986e-07,5.646867e-07,1.2783926e-05,0.99998623
511,135,walking,2021-05-07 10:37:52.324,2021-05-07 10:37:54.304,0.021,3,3,0.9999998,2.2820904e-08,4.2307446e-09,1.5026261e-07,0.9999998
511,135,walking,2021-05-07 10:37:53.324,2021-05-07 10:37:55.304,0.021,3,3,0.99999994,8.52309e-10,2.066631e-11,1.4581768e-09,0.99999994
511,135,walking,2021-05-07 10:37:54.324,2021-05-07 10:37:56.304,0.021,3,3,0.99999994,2.7836973e-09,2.1427485e-10,1.0823552e-08,0.99999994
511,135,walking,2021-05-07 10:37:55.324,2021-05-07 10:37:57.304,0.021,3,3,0.99999994,3.8861137e-09,2.2652362e-10,1.4425313e-08,0.99999994
511,135,walking,2021-05-07 10:37:56.324,2021-05-07 10:37:58.304,0.021,3,3,0.9999998,1.0055386e-08,1.6648517e-09,8.075866e-08,0.9999998
511,135,walking,2021-05-07 10:37:57.324,2021-05-07 10:37:59.304,0.021,3,3,0.9999996,3.4961907e-08,1.1182108e-08,3.5316472e-07,0.9999996
511,135,walking,2021-05-07 10:37:58.324,2021-05-07 10:38:00.303,0.021,3,3,0.9999998,9.461199e-09,1.5525081e-09,6.021425e-08,0.9999998
511,135,walking,2021-05-07 10:37:59.324,2021-05-07 10:38:01.303,0.021,3,3,0.99999994,5.0508935e-09,8.615962e-10,3.5143703e-08,0.99999994
511,135,walking,2021-05-07 10:38:00.323,2021-05-07 10:38:02.303,0.021,3,3,0.99999994,2.9002516e-09,2.940068e-10,1.4462615e-08,0.99999994
511,135,walking,2021-05-07 10:38:01.323,2021-05-07 10:38:03.303,0.021,3,3,0.99999994,6.668578e-09,1.2073618e-09,4.7681297e-08,0.99999994
511,135,walking,2021-05-07 10:38:02.323,2021-05-07 10:38:04.303,0.021,3,3,0.99999684,1.00467524e-07,1.1718644e-07,2.91785e-06,0.99999684
511,135,walking,2021-05-07 10:38:03.323,2021-05-07 10:38:05.303,0.021,3,3,0.9999998,1.0587575e-08,2.2628448e-09,9.163696e-08,0.9999998
511,135,walking,2021-05-07 10:38:04.323,2021-05-07 10:38:06.303,0.021,3,3,0.99999994,1.9773386e-10,3.0166718e-12,2.5672015e-10,0.99999994
511,135,walking,2021-05-07 10:38:05.323,2021-05-07 10:38:07.303,0.021,3,3,0.99999994,1.3392364e-10,2.7979856e-12,2.4319546e-10,0.99999994
511,135,walking,2021-05-07 10:38:06.323,2021-05-07 10:38:08.303,0.021,3,3,0.99999994,1.4031791e-09,9.3457214e-11,4.520223e-09,0.99999994
511,135,walking,2021-05-07 10:38:07.323,2021-05-07 10:38:09.303,0.021,3,3,0.99999994,2.263294e-09,2.038554e-10,9.468222e-09,0.99999994
511,135,walking,2021-05-07 10:38:08.323,2021-05-07 10:38:10.303,0.021,3,3,0.99999994,3.495448e-10,6.937865e-12,5.322323e-10,0.99999994
511,135,walking,2021-05-07 10:38:09.323,2021-05-07 10:38:11.303,0.021,3,3,0.99999994,1.0169152e-10,7.87168e-13,7.6799164e-11,0.99999994
511,135,walking,2021-05-07 10:38:10.323,2021-05-07 10:38:12.303,0.021,3,3,0.99999994,1.0123384e-10,8.639778e-13,8.0166006e-11,0.99999994
511,135,walking,2021-05-07 10:38:11.323,2021-05-07 10:38:13.303,0.021,3,3,0.99999994,7.793886e-10,1.7075098e-11,1.0882127e-09,0.99999994
511,135,walking,2021-05-07 10:38:12.323,2021-05-07 10:38:14.303,0.021,3,3,0.99999994,7.5991484e-11,2.9054558e-13,2.8971084e-11,0.99999994
511,135,walking,2021-05-07 10:38:13.323,2021-05-07 10:38:15.303,0.021,3,3,0.99999994,2.446097e-10,1.7735383e-12,1.7002441e-10,0.99999994
511,135,walking,2021-05-07 10:38:14.323,2021-05-07 10:38:16.304,0.021,3,3,0.9999998,1.9775593e-08,2.8218015e-09,1.393536e-07,0.9999998
511,135,walking,2021-05-07 10:38:15.323,2021-05-07 10:38:17.304,0.021,3,3,0.9999996,4.6626702e-08,6.9162054e-09,2.783484e-07,0.9999996
511,135,walking,2021-05-07 10:38:16.323,2021-05-07 10:38:18.304,0.021,3,3,0.9999984,1.2209094e-07,4.2903547e-08,1.3660185e-06,0.9999984
511,135,walking,2021-05-07 10:38:17.323,2021-05-07 10:38:19.304,0.021,3,3,0.99999744,1.2655353e-07,7.861808e-08,2.308858e-06,0.99999744
511,135,walking,2021-05-07 10:38:18.323,2021-05-07 10:38:20.304,0.021,3,3,0.9999984,7.39196e-08,3.9452523e-08,1.399013e-06,0.9999984
511,135,walking,2021-05-07 10:38:19.323,2021-05-07 10:38:21.304,0.021,3,3,0.9999977,8.080533e-08,6.52751e-08,2.0979478e-06,0.9999977
511,135,walking,2021-05-07 10:38:20.323,2021-05-07 10:38:22.304,0.021,3,3,0.99999934,2.808946e-08,1.3715138e-08,5.0281244e-07,0.99999934
511,135,walking,2021-05-07 10:38:21.323,2021-05-07 10:38:23.304,0.021,3,3,0.9999979,1.331051e-07,6.5289434e-08,1.8738267e-06,0.9999979
511,135,walking,2021-05-07 10:38:22.323,2021-05-07 10:38:24.304,0.021,3,3,0.9999985,1.3340993e-07,4.4442604e-08,1.2272104e-06,0.9999985
511,135,walking,2021-05-07 10:38:23.323,2021-05-07 10:38:25.304,0.021,3,3,0.9999991,7.0914496e-08,2.3715987e-08,7.468839e-07,0.9999991
511,135,walking,2021-05-07 10:38:24.323,2021-05-07 10:38:26.304,0.021,3,3,0.99999946,3.4281626e-08,1.0284301e-08,3.9562752e-07,0.99999946
511,135,walking,2021-05-07 10:38:25.323,2021-05-07 10:38:27.304,0.021,3,3,0.9999997,1.7569528e-08,3.6185404e-09,1.7126143e-07,0.9999997
511,135,walking,2021-05-07 10:38:26.323,2021-05-07 10:38:28.304,0.021,3,3,0.99999994,1.0675175e-08,7.784719e-10,4.395029e-08,0.99999994
511,135,walking,2021-05-07 10:38:27.323,2021-05-07 10:38:29.304,0.021,3,3,0.99999946,5.1996594e-08,1.18198304e-08,4.166165e-07,0.99999946
511,135,walking,2021-05-07 10:38:28.323,2021-05-07 10:38:30.304,0.021,3,3,0.9999986,8.1201236e-08,3.393621e-08,1.1415136e-06,0.9999986
511,135,walking,2021-05-07 10:38:29.323,2021-05-07 10:38:31.304,0.021,3,3,0.99999934,3.5477196e-08,1.3032947e-08,4.959139e-07,0.99999934
511,135,walking,2021-05-07 10:38:30.323,2021-05-07 10:38:32.304,0.021,3,3,0.99999946,2.9087055e-08,1.0513157e-08,4.0292417e-07,0.99999946
511,135,walking,2021-05-07 10:38:31.323,2021-05-07 10:38:33.304,0.021,3,3,0.9999986,1.08150616e-07,4.0001122e-08,1.1932879e-06,0.9999986
511,135,walking,2021-05-07 10:38:32.324,2021-05-07 10:38:34.304,0.021,3,3,0.9999905,3.9290475e-07,3.939546e-07,8.662895e-06,0.9999905
511,135,walking,2021-05-07 10:38:33.324,2021-05-07 10:38:35.304,0.021,3,3,0.99999374,2.271707e-07,2.244744e-07,5.766625e-06,0.99999374
511,135,walking,2021-05-07 10:38:34.324,2021-05-07 10:38:36.304,0.021,3,3,0.9999997,1.8902131e-08,5.919424e-09,2.6599383e-07,0.9999997
511,135,walking,2021-05-07 10:38:35.324,2021-05-07 10:38:37.304,0.021,3,3,0.9999985,5.799273e-08,3.7022723e-08,1.2890156e-06,0.9999985
511,135,walking,2021-05-07 10:38:36.324,2021-05-07 10:38:38.304,0.021,3,3,0.99997705,6.1403426e-07,9.151859e-07,2.1308248e-05,0.99997705
511,135,walking,2021-05-07 10:38:37.324,2021-05-07 10:38:39.304,0.021,3,3,0.9999915,3.531147e-07,3.0914183e-07,7.770435e-06,0.9999915
511,135,walking,2021-05-07 10:38:38.324,2021-05-07 10:38:40.304,0.021,3,3,0.9999966,1.2473156e-07,1.0866961e-07,3.0865663e-06,0.9999966
511,135,walking,2021-05-07 10:38:39.324,2021-05-07 10:38:41.304,0.021,3,3,0.9999971,1.5506174e-07,9.038636e-08,2.6086566e-06,0.9999971
511,135,walking,2021-05-07 10:38:40.324,2021-05-07 10:38:42.304,0.021,3,3,0.99999624,2.1244757e-07,1.2178822e-07,3.3042843e-06,0.99999624
511,135,walking,2021-05-07 10:38:41.324,2021-05-07 10:38:43.304,0.021,3,3,0.9999921,2.6692314e-07,2.5881565e-07,7.3047436e-06,0.9999921
511,135,walking,2021-05-07 10:38:42.324,2021-05-07 10:38:44.304,0.021,3,3,0.9999892,2.8945922e-07,4.0159006e-07,9.987182e-06,0.9999892
511,135,walking,2021-05-07 10:38:43.324,2021-05-07 10:38:45.304,0.021,3,3,0.99998575,4.343857e-07,5.4885743e-07,1.315607e-05,0.99998575
511,135,walking,2021-05-07 10:38:44.324,2021-05-07 10:38:46.304,0.021,3,3,0.99998504,4.96131e-07,5.89891e-07,1.3836538e-05,0.99998504
511,135,walking,2021-05-07 10:38:45.324,2021-05-07 10:38:47.304,0.021,3,3,0.99997574,7.8509265e-07,1.0928942e-06,2.2272547e-05,0.99997574
511,135,walking,2021-05-07 10:38:46.324,2021-05-07 10:38:48.304,0.021,3,3,0.9999929,2.5949873e-07,2.7255004e-07,6.4973447e-06,0.9999929
511,135,walking,2021-05-07 10:38:47.324,2021-05-07 10:38:49.304,0.021,3,3,0.9997349,4.0369964e-06,1.5504032e-05,0.0002455463,0.9997349
511,135,walking,2021-05-07 10:38:48.324,2021-05-07 10:38:50.304,0.021,3,3,0.99654996,1.7088138e-05,0.00026505845,0.0031678807,0.99654996
511,135,walking,2021-05-07 10:38:49.324,2021-05-07 10:38:51.304,0.021,3,3,0.9975797,9.928488e-06,0.00016810822,0.0022422017,0.9975797
511,135,walking,2021-05-07 10:38:50.324,2021-05-07 10:38:52.304,0.021,3,3,0.98618364,3.612172e-05,0.000983474,0.012796801,0.98618364
511,135,walking,2021-05-07 10:38:51.324,2021-05-07 10:38:53.304,0.021,3,3,0.9920211,1.843727e-05,0.00058615825,0.007374314,0.9920211
511,135,walking,2021-05-07 10:38:52.324,2021-05-07 10:38:54.304,0.021,3,3,0.99967235,2.981028e-06,2.1173124e-05,0.0003035837,0.99967235
511,135,walking,2021-05-07 10:38:53.324,2021-05-07 10:38:55.304,0.021,3,3,0.9999679,5.519698e-07,1.4161495e-06,3.0063902e-05,0.9999679
511,135,walking,2021-05-07 10:38:54.324,2021-05-07 10:38:56.304,0.021,3,3,0.9997164,2.055095e-06,1.6767719e-05,0.00026473217,0.9997164
511,135,walking,2021-05-07 10:38:55.324,2021-05-07 10:38:57.304,0.021,3,3,0.985187,3.23228e-05,0.0012137536,0.0135669615,0.985187
511,135,walking,2021-05-07 10:38:56.324,2021-05-07 10:38:58.304,0.021,3,3,0.9846453,3.9990955e-05,0.0013726685,0.013942066,0.9846453
511,137,walking,2021-05-07 10:39:00.604,2021-05-07 10:39:02.584,0.021,3,3,0.9913781,3.249545e-05,0.0007691614,0.007820097,0.9913781
511,142,standing,2021-05-07 10:39:05.883,2021-05-07 10:39:07.864,0.021,2,2,0.9005753,0.00010738439,0.09793019,0.9005753,0.0013870675
511,145,walking,2021-05-07 10:39:08.724,2021-05-07 10:39:10.704,0.021,3,3,0.99913883,4.183914e-06,5.0977407e-05,0.0008059297,0.99913883
511,145,walking,2021-05-07 10:39:09.724,2021-05-07 10:39:11.704,0.021,3,3,0.99999243,1.8685351e-07,2.7975634e-07,6.984198e-06,0.99999243
511,145,walking,2021-05-07 10:39:10.724,2021-05-07 10:39:12.704,0.021,3,3,0.9999992,4.3099035e-08,2.102371e-08,5.963294e-07,0.9999992
511,145,walking,2021-05-07 10:39:11.724,2021-05-07 10:39:13.704,0.021,3,3,0.9999153,1.1200291e-06,4.332995e-06,7.91213e-05,0.9999153
511,145,walking,2021-05-07 10:39:12.724,2021-05-07 10:39:14.704,0.021,3,3,0.99998134,4.1523177e-07,8.6314407e-07,1.7297309e-05,0.99998134
511,145,walking,2021-05-07 10:39:13.724,2021-05-07 10:39:15.704,0.021,3,3,0.99999696,1.364019e-07,1.3660146e-07,2.7353947e-06,0.99999696
511,145,walking,2021-05-07 10:39:14.724,2021-05-07 10:39:16.704,0.021,3,3,0.9999996,2.997463e-08,1.1917604e-08,3.5988378e-07,0.9999996
511,145,walking,2021-05-07 10:39:15.724,2021-05-07 10:39:17.704,0.021,3,3,0.9999544,8.7236936e-07,2.3589719e-06,4.231679e-05,0.9999544
511,145,walking,2021-05-07 10:39:16.723,2021-05-07 10:39:18.704,0.021,3,3,0.99999744,1.5426913e-07,9.641862e-08,2.2775498e-06,0.99999744
511,145,walking,2021-05-07 10:39:17.723,2021-05-07 10:39:19.704,0.021,3,3,0.9999966,1.9674954e-07,1.4176163e-07,3.0445353e-06,0.9999966
511,145,walking,2021-05-07 10:39:18.723,2021-05-07 10:39:20.704,0.021,3,3,0.9999977,1.3134826e-07,7.146554e-08,2.1001597e-06,0.9999977
511,145,walking,2021-05-07 10:39:19.723,2021-05-07 10:39:21.704,0.021,3,3,0.9999916,3.2295037e-07,3.2135463e-07,7.741752e-06,0.9999916
511,145,walking,2021-05-07 10:39:20.723,2021-05-07 10:39:22.704,0.021,3,3,0.999999,7.126174e-08,2.6890703e-08,8.1168946e-07,0.999999
511,145,walking,2021-05-07 10:39:21.723,2021-05-07 10:39:23.704,0.021,3,3,0.99999875,7.7252714e-08,4.194793e-08,1.0256233e-06,0.99999875
511,145,walking,2021-05-07 10:39:22.723,2021-05-07 10:39:24.704,0.021,3,3,0.99984765,2.0044215e-06,9.110016e-06,0.00014132932,0.99984765
511,145,walking,2021-05-07 10:39:23.723,2021-05-07 10:39:25.704,0.021,3,3,0.9999928,2.4645817e-07,2.8911734e-07,6.663417e-06,0.9999928
511,145,walking,2021-05-07 10:39:24.723,2021-05-07 10:39:26.704,0.021,3,3,0.9999996,3.6798397e-08,1.0251283e-08,3.1532406e-07,0.9999996
511,145,walking,2021-05-07 10:39:25.723,2021-05-07 10:39:27.704,0.021,3,3,0.9999986,8.253017e-08,4.0675317e-08,1.1448857e-06,0.9999986
511,145,walking,2021-05-07 10:39:26.723,2021-05-07 10:39:28.704,0.021,3,3,0.99999946,4.450313e-08,1.2102623e-08,3.806865e-07,0.99999946
511,145,walking,2021-05-07 10:39:27.723,2021-05-07 10:39:29.704,0.021,3,3,0.99999875,5.923973e-08,3.6079804e-08,1.1093133e-06,0.99999875
511,145,walking,2021-05-07 10:39:28.723,2021-05-07 10:39:30.704,0.021,3,3,0.9999941,2.754556e-07,2.16196e-07,5.335954e-06,0.9999941
511,145,walking,2021-05-07 10:39:29.723,2021-05-07 10:39:31.704,0.021,3,3,0.9999961,2.2231383e-07,1.4670817e-07,3.4665438e-06,0.9999961
511,145,walking,2021-05-07 10:39:30.723,2021-05-07 10:39:32.703,0.021,3,3,0.99999505,2.2837985e-07,1.6901602e-07,4.4865924e-06,0.99999505
511,145,walking,2021-05-07 10:39:31.723,2021-05-07 10:39:33.703,0.021,3,3,0.99999887,7.1934565e-08,3.316286e-08,1.0064703e-06,0.99999887
511,145,walking,2021-05-07 10:39:32.723,2021-05-07 10:39:34.703,0.021,3,3,0.99999326,2.7120655e-07,2.4647076e-07,6.1057713e-06,0.99999326
511,145,walking,2021-05-07 10:39:33.723,2021-05-07 10:39:35.703,0.021,3,3,0.9999837,4.7432783e-07,7.317481e-07,1.5015447e-05,0.9999837
511,145,walking,2021-05-07 10:39:34.723,2021-05-07 10:39:36.703,0.021,3,3,0.9999986,9.689345e-08,4.398277e-08,1.1898607e-06,0.9999986
511,145,walking,2021-05-07 10:39:35.723,2021-05-07 10:39:37.703,0.021,3,3,0.9999996,5.107285e-08,9.554792e-09,3.122165e-07,0.9999996
511,145,walking,2021-05-07 10:39:36.723,2021-05-07 10:39:38.703,0.021,3,3,0.9999996,4.090799e-08,9.873052e-09,3.5928673e-07,0.9999996
511,145,walking,2021-05-07 10:39:37.723,2021-05-07 10:39:39.703,0.021,3,3,0.99999946,4.324553e-08,1.0973796e-08,3.9841572e-07,0.99999946
511,145,walking,2021-05-07 10:39:38.723,2021-05-07 10:39:40.703,0.021,3,3,0.9999954,2.3082553e-07,1.5370622e-07,4.1599014e-06,0.9999954
511,145,walking,2021-05-07 10:39:39.723,2021-05-07 10:39:41.703,0.021,3,3,0.99999875,7.876767e-08,3.396179e-08,1.04483e-06,0.99999875
511,145,walking,2021-05-07 10:39:40.723,2021-05-07 10:39:42.703,0.021,3,3,0.99999994,4.329043e-09,3.9985948e-10,1.8932553e-08,0.99999994
511,145,walking,2021-05-07 10:39:41.723,2021-05-07 10:39:43.703,0.021,3,3,0.9999998,1.3452308e-08,1.4771532e-09,5.6330475e-08,0.9999998
511,145,walking,2021-05-07 10:39:42.723,2021-05-07 10:39:44.703,0.021,3,3,0.99999934,6.8387216e-08,2.1072731e-08,5.59216e-07,0.99999934
511,145,walking,2021-05-07 10:39:43.723,2021-05-07 10:39:45.703,0.021,3,3,0.99999946,4.8560445e-08,1.2307452e-08,3.8119182e-07,0.99999946
511,145,walking,2021-05-07 10:39:44.723,2021-05-07 10:39:46.703,0.021,3,3,0.99999994,4.7191433e-09,5.896907e-10,2.773264e-08,0.99999994
511,145,walking,2021-05-07 10:39:45.723,2021-05-07 10:39:47.703,0.021,3,3,0.9999998,8.567622e-09,1.3308542e-09,5.155262e-08,0.9999998
511,145,walking,2021-05-07 10:39:46.723,2021-05-07 10:39:48.703,0.021,3,3,0.9999997,2.5332762e-08,5.2083933e-09,1.7290286e-07,0.9999997
511,145,walking,2021-05-07 10:39:47.723,2021-05-07 10:39:49.703,0.021,3,3,0.9999997,2.62677e-08,4.781943e-09,1.7761762e-07,0.9999997
511,145,walking,2021-05-07 10:39:48.723,2021-05-07 10:39:50.703,0.021,3,3,0.9999997,2.3725367e-08,6.1205974e-09,2.3103752e-07,0.9999997
511,145,walking,2021-05-07 10:39:49.723,2021-05-07 10:39:51.703,0.021,3,3,0.9999959,1.6468229e-07,1.2793879e-07,3.7491775e-06,0.9999959
511,145,walking,2021-05-07 10:39:50.723,2021-05-07 10:39:52.703,0.021,3,3,0.9999892,4.1931713e-07,4.173312e-07,9.86488e-06,0.9999892
511,145,walking,2021-05-07 10:39:51.723,2021-05-07 10:39:53.703,0.021,3,3,0.99999946,6.0463506e-08,1.2371162e-08,4.1097107e-07,0.99999946
511,145,walking,2021-05-07 10:39:52.723,2021-05-07 10:39:54.703,0.021,3,3,0.9999996,3.528508e-08,9.716833e-09,3.494746e-07,0.9999996
511,145,walking,2021-05-07 10:39:53.723,2021-05-07 10:39:55.703,0.021,3,3,0.9999996,2.8709115e-08,8.054954e-09,2.7241074e-07,0.9999996
511,145,walking,2021-05-07 10:39:54.723,2021-05-07 10:39:56.703,0.021,3,3,0.99999887,8.2084036e-08,3.3611997e-08,1.0062811e-06,0.99999887
511,145,walking,2021-05-07 10:39:55.723,2021-05-07 10:39:57.703,0.021,3,3,0.999999,7.4976384e-08,2.7947616e-08,8.325904e-07,0.999999
511,145,walking,2021-05-07 10:39:56.723,2021-05-07 10:39:58.703,0.021,3,3,0.99999946,3.6418758e-08,1.2728928e-08,4.5045437e-07,0.99999946
511,145,walking,2021-05-07 10:39:57.723,2021-05-07 10:39:59.703,0.021,3,3,0.9999952,2.0954218e-07,1.6597666e-07,4.3743894e-06,0.9999952
511,145,walking,2021-05-07 10:39:58.723,2021-05-07 10:40:00.704,0.021,3,3,0.99997026,8.164671e-07,1.3534718e-06,2.7453507e-05,0.99997026
511,145,walking,2021-05-07 10:39:59.723,2021-05-07 10:40:01.704,0.021,3,3,0.9999966,1.7241427e-07,1.0631397e-07,3.1119378e-06,0.9999966
511,145,walking,2021-05-07 10:40:00.724,2021-05-07 10:40:02.704,0.021,3,3,0.9999998,1.495801e-08,2.3629527e-09,9.8222515e-08,0.9999998
511,145,walking,2021-05-07 10:40:01.724,2021-05-07 10:40:03.704,0.021,3,3,0.99999994,9.718968e-09,8.8188706e-10,3.969003e-08,0.99999994
511,145,walking,2021-05-07 10:40:02.724,2021-05-07 10:40:04.704,0.021,3,3,0.9999983,1.0891382e-07,4.7894964e-08,1.4602725e-06,0.9999983
511,145,walking,2021-05-07 10:40:03.724,2021-05-07 10:40:05.704,0.021,3,3,0.9999997,3.027514e-08,6.0345626e-09,2.0527044e-07,0.9999997
511,145,walking,2021-05-07 10:40:04.724,2021-05-07 10:40:06.704,0.021,3,3,0.9999998,1.5542156e-08,2.358783e-09,9.8381136e-08,0.9999998
511,145,walking,2021-05-07 10:40:05.724,2021-05-07 10:40:07.704,0.021,3,3,0.99999934,6.2927036e-08,1.766495e-08,5.508182e-07,0.99999934
511,145,walking,2021-05-07 10:40:06.724,2021-05-07 10:40:08.704,0.021,3,3,0.9999966,1.9629542e-07,1.2817532e-07,2.960505e-06,0.9999966
511,145,walking,2021-05-07 10:40:07.724,2021-05-07 10:40:09.704,0.021,3,3,0.9999984,9.918344e-08,5.0584465e-08,1.3417324e-06,0.9999984
511,145,walking,2021-05-07 10:40:08.724,2021-05-07 10:40:10.704,0.021,3,3,0.9999955,2.142726e-07,1.5769619e-07,4.0900495e-06,0.9999955
511,145,walking,2021-05-07 10:40:09.724,2021-05-07 10:40:11.704,0.021,3,3,0.9999922,3.251689e-07,2.7696177e-07,7.1326053e-06,0.9999922
511,145,walking,2021-05-07 10:40:10.724,2021-05-07 10:40:12.704,0.021,3,3,0.999999,6.7719625e-08,3.123967e-08,9.1339757e-07,0.999999
511,145,walking,2021-05-07 10:40:11.724,2021-05-07 10:40:13.704,0.021,3,3,0.99999934,3.616954e-08,1.2443078e-08,4.9292356e-07,0.99999934
511,146,standing,2021-05-07 10:40:14.364,2021-05-07 10:40:16.343,0.021,2,2,0.813119,0.00021219214,0.1650332,0.813119,0.021635529
511,146,standing,2021-05-07 10:40:15.364,2021-05-07 10:40:17.343,0.021,2,2,0.7657618,8.705074e-05,0.23357394,0.7657618,0.0005772464
511,146,standing,2021-05-07 10:40:16.364,2021-05-07 10:40:18.343,0.021,2,2,0.783673,9.215221e-05,0.21554835,0.783673,0.0006864792
511,146,standing,2021-05-07 10:40:17.364,2021-05-07 10:40:19.343,0.021,2,2,0.8100722,0.00010328532,0.1890479,0.8100722,0.0007766379
511,146,standing,2021-05-07 10:40:18.364,2021-05-07 10:40:20.343,0.021,2,2,0.80687994,0.00010929605,0.19218624,0.80687994,0.0008245596
511,146,standing,2021-05-07 10:40:19.364,2021-05-07 10:40:21.343,0.021,2,2,0.8162583,0.00012568235,0.18241702,0.8162583,0.0011989006
511,147,walking,2021-05-07 10:40:21.563,2021-05-07 10:40:23.544,0.021,3,3,0.9999904,2.736547e-07,3.773882e-07,8.941183e-06,0.9999904
511,147,walking,2021-05-07 10:40:22.563,2021-05-07 10:40:24.544,0.021,3,3,0.99999994,1.4438161e-09,8.1276375e-11,4.576289e-09,0.99999994
511,147,walking,2021-05-07 10:40:23.563,2021-05-07 10:40:25.544,0.021,3,3,0.99999994,1.5087846e-11,4.4152646e-14,5.6853554e-12,0.99999994
511,147,walking,2021-05-07 10:40:24.563,2021-05-07 10:40:26.544,0.021,3,3,0.99999994,7.7027496e-13,2.7359342e-16,6.083537e-14,0.99999994
511,147,walking,2021-05-07 10:40:25.563,2021-05-07 10:40:27.544,0.021,3,3,0.99999994,1.4870905e-12,8.787646e-16,1.8133497e-13,0.99999994
511,147,walking,2021-05-07 10:40:26.563,2021-05-07 10:40:28.544,0.021,3,3,0.99999994,3.7227502e-11,1.2040775e-13,1.34090985e-11,0.99999994
511,147,walking,2021-05-07 10:40:27.563,2021-05-07 10:40:29.544,0.021,3,3,0.99999994,1.0501641e-11,1.1263311e-14,1.7610259e-12,0.99999994
511,147,walking,2021-05-07 10:40:28.563,2021-05-07 10:40:30.544,0.021,3,3,0.99999994,7.336863e-13,2.412115e-16,6.351836e-14,0.99999994
511,147,walking,2021-05-07 10:40:29.563,2021-05-07 10:40:31.544,0.021,3,3,0.99999994,3.8756186e-12,5.194766e-15,7.2660476e-13,0.99999994
511,147,walking,2021-05-07 10:40:30.563,2021-05-07 10:40:32.543,0.021,3,3,0.99999994,5.6831436e-12,6.1440666e-15,9.97133e-13,0.99999994
511,147,walking,2021-05-07 10:40:31.563,2021-05-07 10:40:33.543,0.021,3,3,0.99999994,1.3256966e-12,7.295142e-16,1.8054362e-13,0.99999994
511,147,walking,2021-05-07 10:40:32.563,2021-05-07 10:40:34.543,0.021,3,3,0.99999994,2.2503336e-12,2.129335e-15,4.2993533e-13,0.99999994
511,147,walking,2021-05-07 10:40:33.563,2021-05-07 10:40:35.543,0.021,3,3,0.99999994,8.101259e-12,1.1353859e-14,1.818272e-12,0.99999994
511,147,walking,2021-05-07 10:40:34.563,2021-05-07 10:40:36.543,0.021,3,3,0.99999994,2.372528e-12,1.8292752e-15,3.3652486e-13,0.99999994
511,147,walking,2021-05-07 10:40:35.563,2021-05-07 10:40:37.543,0.021,3,3,0.99999994,3.801839e-12,4.9184743e-15,7.7505575e-13,0.99999994
511,147,walking,2021-05-07 10:40:36.563,2021-05-07 10:40:38.543,0.021,3,3,0.99999994,3.847006e-12,3.8630297e-15,6.223461e-13,0.99999994
511,147,walking,2021-05-07 10:40:37.563,2021-05-07 10:40:39.543,0.021,3,3,0.99999994,1.338965e-11,2.3483265e-14,3.5701151e-12,0.99999994
511,147,walking,2021-05-07 10:40:38.563,2021-05-07 10:40:40.543,0.021,3,3,0.99999994,4.229988e-12,8.059265e-15,1.2414446e-12,0.99999994
511,147,walking,2021-05-07 10:40:39.563,2021-05-07 10:40:41.543,0.021,3,3,0.99999994,9.518776e-13,7.4408425e-16,1.4132e-13,0.99999994
511,147,walking,2021-05-07 10:40:40.563,2021-05-07 10:40:42.543,0.021,3,3,0.99999994,8.389291e-13,4.0318967e-16,7.826732e-14,0.99999994
511,147,walking,2021-05-07 10:40:41.563,2021-05-07 10:40:43.543,0.021,3,3,0.99999994,3.0679786e-12,2.8768112e-15,4.825445e-13,0.99999994
511,147,walking,2021-05-07 10:40:42.563,2021-05-07 10:40:44.543,0.021,3,3,0.99999994,1.006926e-12,4.766328e-16,9.3978665e-14,0.99999994
511,147,walking,2021-05-07 10:40:43.563,2021-05-07 10:40:45.543,0.021,3,3,0.99999994,2.1731826e-13,3.2788576e-17,9.579527e-15,0.99999994
511,147,walking,2021-05-07 10:40:44.563,2021-05-07 10:40:46.543,0.021,3,3,0.99999994,3.7550803e-13,7.607971e-17,1.5927226e-14,0.99999994
511,147,walking,2021-05-07 10:40:45.563,2021-05-07 10:40:47.543,0.021,3,3,0.99999994,9.982139e-13,2.0397224e-16,4.2928694e-14,0.99999994
511,147,walking,2021-05-07 10:40:46.563,2021-05-07 10:40:48.543,0.021,3,3,0.99999994,1.8140554e-13,1.4650482e-17,4.9843552e-15,0.99999994
511,147,walking,2021-05-07 10:40:47.563,2021-05-07 10:40:49.543,0.021,3,3,0.99999994,7.461088e-14,7.321899e-18,2.428634e-15,0.99999994
511,147,walking,2021-05-07 10:40:48.563,2021-05-07 10:40:50.543,0.021,3,3,0.99999994,6.7895147e-13,2.6943395e-16,5.950029e-14,0.99999994
511,147,walking,2021-05-07 10:40:49.563,2021-05-07 10:40:51.543,0.021,3,3,0.99999994,4.2666524e-13,1.1745445e-16,3.1143162e-14,0.99999994
511,147,walking,2021-05-07 10:40:50.563,2021-05-07 10:40:52.543,0.021,3,3,0.99999994,3.4713165e-14,2.0576715e-18,8.405631e-16,0.99999994
511,147,walking,2021-05-07 10:40:51.563,2021-05-07 10:40:53.543,0.021,3,3,0.99999994,3.2365732e-14,2.0638268e-18,8.4467745e-16,0.99999994
511,147,walking,2021-05-07 10:40:52.563,2021-05-07 10:40:54.543,0.021,3,3,0.99999994,2.8028605e-13,6.944149e-17,1.9176062e-14,0.99999994
511,147,walking,2021-05-07 10:40:53.563,2021-05-07 10:40:55.543,0.021,3,3,0.99999994,6.084805e-13,2.1189216e-16,5.0568185e-14,0.99999994
511,147,walking,2021-05-07 10:40:54.563,2021-05-07 10:40:56.543,0.021,3,3,0.99999994,1.8614114e-13,2.7940904e-17,9.094832e-15,0.99999994
511,147,walking,2021-05-07 10:40:55.563,2021-05-07 10:40:57.543,0.021,3,3,0.99999994,1.0350759e-12,9.871852e-16,2.1698649e-13,0.99999994
511,147,walking,2021-05-07 10:40:56.563,2021-05-07 10:40:58.543,0.021,3,3,0.99999994,4.8378955e-13,1.6691478e-16,3.8424704e-14,0.99999994
511,147,walking,2021-05-07 10:40:57.563,2021-05-07 10:40:59.543,0.021,3,3,0.99999994,2.3608069e-14,1.0533198e-18,4.346153e-16,0.99999994
511,147,walking,2021-05-07 10:40:58.563,2021-05-07 10:41:00.543,0.021,3,3,0.99999994,2.863215e-14,1.5762399e-18,6.517035e-16,0.99999994
511,147,walking,2021-05-07 10:40:59.563,2021-05-07 10:41:01.543,0.021,3,3,0.99999994,2.7178124e-13,5.596941e-17,1.2172087e-14,0.99999994
511,147,walking,2021-05-07 10:41:00.563,2021-05-07 10:41:02.543,0.021,3,3,0.99999994,2.6202822e-14,1.1197443e-18,5.2100044e-16,0.99999994
511,147,walking,2021-05-07 10:41:01.563,2021-05-07 10:41:03.543,0.021,3,3,0.99999994,6.451539e-15,2.7489443e-19,1.4512046e-16,0.99999994
511,147,walking,2021-05-07 10:41:02.563,2021-05-07 10:41:04.543,0.021,3,3,0.99999994,9.3921324e-14,1.8116898e-17,5.5288293e-15,0.99999994
511,147,walking,2021-05-07 10:41:03.563,2021-05-07 10:41:05.543,0.021,3,3,0.99999994,3.9008222e-14,4.0648793e-18,1.3847867e-15,0.99999994
511,147,walking,2021-05-07 10:41:04.564,2021-05-07 10:41:06.543,0.021,3,3,0.99999994,3.7061168e-14,4.023519e-18,1.3929192e-15,0.99999994
511,147,walking,2021-05-07 10:41:05.564,2021-05-07 10:41:07.543,0.021,3,3,0.99999994,4.8005375e-14,3.919923e-18,1.3983549e-15,0.99999994
511,147,walking,2021-05-07 10:41:06.564,2021-05-07 10:41:08.543,0.021,3,3,0.99999994,1.5272789e-13,1.9875825e-17,5.617931e-15,0.99999994
511,147,walking,2021-05-07 10:41:07.564,2021-05-07 10:41:09.543,0.021,3,3,0.99999994,6.021249e-13,2.0612876e-16,4.3304685e-14,0.99999994
511,147,walking,2021-05-07 10:41:08.564,2021-05-07 10:41:10.543,0.021,3,3,0.99999994,3.528271e-13,6.224885e-17,1.3376865e-14,0.99999994
511,147,walking,2021-05-07 10:41:09.564,2021-05-07 10:41:11.543,0.021,3,3,0.99999994,1.0133176e-14,1.7958965e-19,8.875876e-17,0.99999994
511,147,walking,2021-05-07 10:41:10.564,2021-05-07 10:41:12.543,0.021,3,3,0.99999994,2.6461679e-14,1.0890757e-18,4.413349e-16,0.99999994
511,147,walking,2021-05-07 10:41:11.564,2021-05-07 10:41:13.543,0.021,3,3,0.99999994,8.120346e-13,3.3314722e-16,7.449498e-14,0.99999994
511,147,walking,2021-05-07 10:41:12.564,2021-05-07 10:41:14.543,0.021,3,3,0.99999994,3.0343455e-13,5.2473605e-17,1.4494025e-14,0.99999994
511,147,walking,2021-05-07 10:41:13.564,2021-05-07 10:41:15.543,0.021,3,3,0.99999994,4.623543e-13,9.923006e-17,2.2747393e-14,0.99999994
511,147,walking,2021-05-07 10:41:14.564,2021-05-07 10:41:16.544,0.021,3,3,0.99999994,3.4506582e-12,2.86388e-15,5.0823966e-13,0.99999994
511,147,walking,2021-05-07 10:41:15.564,2021-05-07 10:41:17.544,0.021,3,3,0.99999994,5.065654e-13,1.8433544e-16,4.0696352e-14,0.99999994
511,147,walking,2021-05-07 10:41:16.563,2021-05-07 10:41:18.544,0.021,3,3,0.99999994,2.5428357e-13,9.015445e-17,2.0594347e-14,0.99999994
511,147,walking,2021-05-07 10:41:17.563,2021-05-07 10:41:19.544,0.021,3,3,0.99999994,8.171567e-14,9.949648e-18,3.2916564e-15,0.99999994
511,147,walking,2021-05-07 10:41:18.563,2021-05-07 10:41:20.544,0.021,3,3,0.99999994,1.8463224e-14,6.5984006e-19,3.035076e-16,0.99999994
511,147,walking,2021-05-07 10:41:19.563,2021-05-07 10:41:21.544,0.021,3,3,0.99999994,5.0456235e-14,3.768775e-18,1.233785e-15,0.99999994
511,147,walking,2021-05-07 10:41:20.563,2021-05-07 10:41:22.544,0.021,3,3,0.99999994,7.7725966e-14,9.216745e-18,2.8373037e-15,0.99999994
511,147,walking,2021-05-07 10:41:21.563,2021-05-07 10:41:23.544,0.021,3,3,0.99999994,8.343213e-15,2.7704939e-19,1.3725794e-16,0.99999994
511,147,walking,2021-05-07 10:41:22.563,2021-05-07 10:41:24.544,0.021,3,3,0.99999994,7.9931314e-15,2.912649e-19,1.317783e-16,0.99999994
511,147,walking,2021-05-07 10:41:23.563,2021-05-07 10:41:25.544,0.021,3,3,0.99999994,8.8166657e-14,1.1930084e-17,3.600753e-15,0.99999994
511,147,walking,2021-05-07 10:41:24.563,2021-05-07 10:41:26.544,0.021,3,3,0.99999994,5.6231413e-15,1.5171906e-19,7.155812e-17,0.99999994
511,147,walking,2021-05-07 10:41:25.563,2021-05-07 10:41:27.544,0.021,3,3,0.99999994,1.7313616e-15,1.7245679e-20,1.00986246e-17,0.99999994
511,147,walking,2021-05-07 10:41:26.563,2021-05-07 10:41:28.544,0.021,3,3,0.99999994,1.8130478e-14,4.616664e-19,1.795728e-16,0.99999994
511,147,walking,2021-05-07 10:41:27.563,2021-05-07 10:41:29.544,0.021,3,3,0.99999994,2.3616697e-12,1.0168525e-15,2.0550961e-13,0.99999994
511,147,walking,2021-05-07 10:41:28.563,2021-05-07 10:41:30.544,0.021,3,3,0.9999998,1.5907633e-08,2.8595655e-09,9.808117e-08,0.9999998
511,148,standing,2021-05-07 10:41:30.723,2021-05-07 10:41:32.703,0.021,2,2,0.83821845,0.00012835636,0.16050917,0.83821845,0.0011440191
511,148,standing,2021-05-07 10:41:31.723,2021-05-07 10:41:33.703,0.021,2,2,0.8297896,0.00012844753,0.16891205,0.8297896,0.0011700507
511,148,standing,2021-05-07 10:41:32.723,2021-05-07 10:41:34.703,0.021,2,2,0.82284665,0.00012717689,0.17594443,0.82284665,0.0010817522
511,148,standing,2021-05-07 10:41:33.723,2021-05-07 10:41:35.703,0.021,2,2,0.8305489,0.00012758572,0.16817993,0.8305489,0.0011435638
511,148,standing,2021-05-07 10:41:34.723,2021-05-07 10:41:36.703,0.021,2,2,0.83738434,0.00012536615,0.16127639,0.83738434,0.0012139223
511,148,standing,2021-05-07 10:41:35.723,2021-05-07 10:41:37.703,0.021,2,2,0.8433479,0.00015665017,0.152692,0.8433479,0.0038034641
511,149,walking,2021-05-07 10:41:37.763,2021-05-07 10:41:39.743,0.021,3,3,0.99999994,2.4412064e-11,9.0584285e-14,1.2173175e-11,0.99999994
511,149,walking,2021-05-07 10:41:38.763,2021-05-07 10:41:40.743,0.021,3,3,0.99999994,2.7415066e-13,6.0099807e-17,1.633232e-14,0.99999994
511,149,walking,2021-05-07 10:41:39.763,2021-05-07 10:41:41.743,0.021,3,3,0.99999994,1.4447745e-13,2.6318235e-17,6.52363e-15,0.99999994
511,149,walking,2021-05-07 10:41:40.763,2021-05-07 10:41:42.743,0.021,3,3,0.99999994,4.5879536e-14,5.4261253e-18,1.9573894e-15,0.99999994
511,149,walking,2021-05-07 10:41:41.763,2021-05-07 10:41:43.743,0.021,3,3,0.99999994,6.0332506e-13,2.3640803e-16,6.367605e-14,0.99999994
511,149,walking,2021-05-07 10:41:42.763,2021-05-07 10:41:44.743,0.021,3,3,0.99999994,1.1828178e-12,6.447845e-16,1.425118e-13,0.99999994
511,149,walking,2021-05-07 10:41:43.763,2021-05-07 10:41:45.743,0.021,3,3,0.99999994,5.2534393e-13,2.271286e-16,4.8055486e-14,0.99999994
511,149,walking,2021-05-07 10:41:44.763,2021-05-07 10:41:46.743,0.021,3,3,0.99999994,8.6966635e-14,1.1696123e-17,3.6035975e-15,0.99999994
511,149,walking,2021-05-07 10:41:45.763,2021-05-07 10:41:47.743,0.021,3,3,0.99999994,7.0709714e-14,6.083072e-18,2.085459e-15,0.99999994
511,149,walking,2021-05-07 10:41:46.763,2021-05-07 10:41:48.743,0.021,3,3,0.99999994,6.6857286e-14,5.7088523e-18,1.9767189e-15,0.99999994
511,149,walking,2021-05-07 10:41:47.763,2021-05-07 10:41:49.743,0.021,3,3,0.99999994,3.449781e-13,8.390313e-17,2.0568674e-14,0.99999994
511,149,walking,2021-05-07 10:41:48.763,2021-05-07 10:41:50.743,0.021,3,3,0.99999994,2.2870816e-14,1.3126091e-18,5.762903e-16,0.99999994
511,149,walking,2021-05-07 10:41:49.763,2021-05-07 10:41:51.743,0.021,3,3,0.99999994,5.9021717e-14,6.3018395e-18,2.0442725e-15,0.99999994
511,149,walking,2021-05-07 10:41:50.763,2021-05-07 10:41:52.743,0.021,3,3,0.99999994,1.1603222e-13,1.7462309e-17,4.877314e-15,0.99999994
511,149,walking,2021-05-07 10:41:51.763,2021-05-07 10:41:53.743,0.021,3,3,0.99999994,3.0344366e-14,2.4349385e-18,8.480999e-16,0.99999994
511,149,walking,2021-05-07 10:41:52.763,2021-05-07 10:41:54.743,0.021,3,3,0.99999994,1.286586e-13,3.65242e-17,9.78902e-15,0.99999994
511,149,walking,2021-05-07 10:41:53.763,2021-05-07 10:41:55.743,0.021,3,3,0.99999994,2.822505e-14,1.9663223e-18,7.053534e-16,0.99999994
511,149,walking,2021-05-07 10:41:54.763,2021-05-07 10:41:56.743,0.021,3,3,0.99999994,2.8907395e-14,3.3027577e-18,9.941765e-16,0.99999994
511,149,walking,2021-05-07 10:41:55.763,2021-05-07 10:41:57.743,0.021,3,3,0.99999994,4.0986993e-14,3.769638e-18,1.2440832e-15,0.99999994
511,149,walking,2021-05-07 10:41:56.763,2021-05-07 10:41:58.743,0.021,3,3,0.99999994,1.1889106e-13,2.2351509e-17,7.203529e-15,0.99999994
511,149,walking,2021-05-07 10:41:57.763,2021-05-07 10:41:59.743,0.021,3,3,0.99999994,7.766906e-14,1.157782e-17,3.6813085e-15,0.99999994
511,149,walking,2021-05-07 10:41:58.763,2021-05-07 10:42:00.743,0.021,3,3,0.99999994,6.187181e-14,7.899274e-18,2.726985e-15,0.99999994
511,149,walking,2021-05-07 10:41:59.763,2021-05-07 10:42:01.743,0.021,3,3,0.99999994,1.02499504e-13,2.0638515e-17,6.3193986e-15,0.99999994
511,149,walking,2021-05-07 10:42:00.763,2021-05-07 10:42:02.743,0.021,3,3,0.99999994,1.1344601e-13,2.0598639e-17,5.668909e-15,0.99999994
511,149,walking,2021-05-07 10:42:01.763,2021-05-07 10:42:03.743,0.021,3,3,0.99999994,1.3687489e-13,2.870297e-17,7.552892e-15,0.99999994
511,149,walking,2021-05-07 10:42:02.763,2021-05-07 10:42:04.743,0.021,3,3,0.99999994,3.833995e-13,1.2770734e-16,2.6647662e-14,0.99999994
511,149,walking,2021-05-07 10:42:03.763,2021-05-07 10:42:05.743,0.021,3,3,0.99999994,1.593158e-13,2.437449e-17,7.082306e-15,0.99999994
511,149,walking,2021-05-07 10:42:04.763,2021-05-07 10:42:06.743,0.021,3,3,0.99999994,1.2314986e-13,1.2966891e-17,4.3011287e-15,0.99999994
511,149,walking,2021-05-07 10:42:05.763,2021-05-07 10:42:07.743,0.021,3,3,0.99999994,1.3343132e-13,1.7807061e-17,5.09845e-15,0.99999994
511,149,walking,2021-05-07 10:42:06.763,2021-05-07 10:42:08.743,0.021,3,3,0.99999994,4.469458e-14,4.1524744e-18,1.5282826e-15,0.99999994
511,149,walking,2021-05-07 10:42:07.763,2021-05-07 10:42:09.743,0.021,3,3,0.99999994,1.0139905e-14,3.314734e-19,1.1272326e-16,0.99999994
511,149,walking,2021-05-07 10:42:08.763,2021-05-07 10:42:10.743,0.021,3,3,0.99999994,1.4836636e-14,7.1333476e-19,2.4021428e-16,0.99999994
511,149,walking,2021-05-07 10:42:09.763,2021-05-07 10:42:11.743,0.021,3,3,0.99999994,1.5906674e-14,6.6561673e-19,2.3273842e-16,0.99999994
511,149,walking,2021-05-07 10:42:10.763,2021-05-07 10:42:12.743,0.021,3,3,0.99999994,6.7800613e-15,1.386597e-19,6.122582e-17,0.99999994
511,149,walking,2021-05-07 10:42:11.763,2021-05-07 10:42:13.743,0.021,3,3,0.99999994,6.288497e-15,1.261346e-19,5.353775e-17,0.99999994
511,149,walking,2021-05-07 10:42:12.763,2021-05-07 10:42:14.743,0.021,3,3,0.99999994,1.1652237e-13,1.809956e-17,4.057047e-15,0.99999994
511,149,walking,2021-05-07 10:42:13.763,2021-05-07 10:42:15.743,0.021,3,3,0.99999994,1.7627734e-12,1.937665e-15,3.007369e-13,0.99999994
511,149,walking,2021-05-07 10:42:14.763,2021-05-07 10:42:16.743,0.021,3,3,0.99999994,3.666962e-12,5.8662436e-15,1.011193e-12,0.99999994
511,149,walking,2021-05-07 10:42:15.763,2021-05-07 10:42:17.743,0.021,3,3,0.99999994,1.7563465e-12,1.8866875e-15,3.2383224e-13,0.99999994
511,149,walking,2021-05-07 10:42:16.763,2021-05-07 10:42:18.743,0.021,3,3,0.99999994,1.1925844e-11,3.0823397e-14,3.9551877e-12,0.99999994
511,149,walking,2021-05-07 10:42:17.763,2021-05-07 10:42:19.743,0.021,3,3,0.99999994,1.3682179e-11,2.8526237e-14,3.8942695e-12,0.99999994
511,149,walking,2021-05-07 10:42:18.763,2021-05-07 10:42:20.743,0.021,3,3,0.99999994,8.1425556e-13,2.5097533e-16,5.761919e-14,0.99999994
511,149,walking,2021-05-07 10:42:19.763,2021-05-07 10:42:21.743,0.021,3,3,0.99999994,9.527622e-13,3.7450177e-16,7.5704634e-14,0.99999994
511,149,walking,2021-05-07 10:42:20.763,2021-05-07 10:42:22.743,0.021,3,3,0.99999994,1.7134469e-12,8.5364044e-16,1.4336706e-13,0.99999994
511,149,walking,2021-05-07 10:42:21.763,2021-05-07 10:42:23.743,0.021,3,3,0.99999994,1.0465063e-12,2.423783e-16,6.101397e-14,0.99999994
511,149,walking,2021-05-07 10:42:22.763,2021-05-07 10:42:24.743,0.021,3,3,0.99999994,1.903019e-12,1.0907113e-15,1.9897677e-13,0.99999994
511,149,walking,2021-05-07 10:42:23.763,2021-05-07 10:42:25.743,0.021,3,3,0.99999994,3.1491496e-12,2.7131018e-15,3.958371e-13,0.99999994
511,149,walking,2021-05-07 10:42:24.763,2021-05-07 10:42:26.743,0.021,3,3,0.99999994,1.4374782e-11,4.173381e-14,4.5070093e-12,0.99999994
511,149,walking,2021-05-07 10:42:25.763,2021-05-07 10:42:27.743,0.021,3,3,0.99999994,5.3350935e-12,1.0090091e-14,1.4339914e-12,0.99999994
511,149,walking,2021-05-07 10:42:26.763,2021-05-07 10:42:28.743,0.021,3,3,0.99999994,5.035963e-13,1.9291382e-16,4.5097477e-14,0.99999994
511,149,walking,2021-05-07 10:42:27.763,2021-05-07 10:42:29.743,0.021,3,3,0.99999994,6.6059126e-13,3.3706398e-16,7.8235236e-14,0.99999994
511,149,walking,2021-05-07 10:42:28.763,2021-05-07 10:42:30.743,0.021,3,3,0.99999994,1.6882381e-11,6.06323e-14,7.505341e-12,0.99999994
511,149,walking,2021-05-07 10:42:29.763,2021-05-07 10:42:31.743,0.021,3,3,0.99999994,2.2878314e-11,7.9113826e-14,7.8796e-12,0.99999994
511,149,walking,2021-05-07 10:42:30.763,2021-05-07 10:42:32.743,0.021,3,3,0.99999994,5.045494e-12,7.818164e-15,9.061199e-13,0.99999994
511,149,walking,2021-05-07 10:42:31.763,2021-05-07 10:42:33.743,0.021,3,3,0.99999994,7.619547e-13,2.144455e-16,3.7390545e-14,0.99999994
511,149,walking,2021-05-07 10:42:32.763,2021-05-07 10:42:34.743,0.021,3,3,0.99999994,8.558528e-12,1.8311473e-14,2.6364325e-12,0.99999994
511,149,walking,2021-05-07 10:42:33.763,2021-05-07 10:42:35.743,0.021,3,3,0.99999994,6.761389e-11,3.79846e-13,4.1644264e-11,0.99999994
511,149,walking,2021-05-07 10:42:34.763,2021-05-07 10:42:36.743,0.021,3,3,0.99999994,6.0815505e-11,4.4811293e-13,3.8840646e-11,0.99999994
511,149,walking,2021-05-07 10:42:35.763,2021-05-07 10:42:37.743,0.021,3,3,0.99999994,4.599772e-11,1.8442505e-13,2.2073862e-11,0.99999994
511,149,walking,2021-05-07 10:42:36.763,2021-05-07 10:42:38.743,0.021,3,3,0.99999994,1.1242052e-12,5.8769025e-16,1.3222741e-13,0.99999994
511,149,walking,2021-05-07 10:42:37.763,2021-05-07 10:42:39.743,0.021,3,3,0.99999994,4.6599235e-12,4.2239432e-15,6.940654e-13,0.99999994
511,149,walking,2021-05-07 10:42:38.763,2021-05-07 10:42:40.743,0.021,3,3,0.99999994,1.6918581e-11,2.6946458e-14,3.4279936e-12,0.99999994
511,149,walking,2021-05-07 10:42:39.763,2021-05-07 10:42:41.743,0.021,3,3,0.99999994,2.332016e-11,2.6815152e-14,3.054293e-12,0.99999994
511,149,walking,2021-05-07 10:42:40.763,2021-05-07 10:42:42.743,0.021,3,3,0.99999994,1.8999049e-11,1.9520216e-14,2.303901e-12,0.99999994
511,149,walking,2021-05-07 10:42:41.763,2021-05-07 10:42:43.743,0.021,3,3,0.99999994,2.5726164e-11,2.8663622e-14,3.699164e-12,0.99999994
511,149,walking,2021-05-07 10:42:42.763,2021-05-07 10:42:44.743,0.021,3,3,0.99999994,2.450373e-11,4.20625e-14,5.8887634e-12,0.99999994
511,149,walking,2021-05-07 10:42:43.763,2021-05-07 10:42:45.743,0.021,3,3,0.99999994,1.2061889e-11,1.3328806e-14,2.1855833e-12,0.99999994
511,149,walking,2021-05-07 10:42:44.763,2021-05-07 10:42:46.743,0.021,3,3,0.99999994,8.355376e-12,6.5600394e-15,1.0386139e-12,0.99999994
511,149,walking,2021-05-07 10:42:45.763,2021-05-07 10:42:47.743,0.021,3,3,0.99999994,6.4662095e-12,6.769775e-15,1.0520661e-12,0.99999994
511,149,walking,2021-05-07 10:42:46.763,2021-05-07 10:42:48.743,0.021,3,3,0.99999994,3.5564611e-12,3.1601014e-15,5.0158033e-13,0.99999994
511,149,walking,2021-05-07 10:42:47.763,2021-05-07 10:42:49.743,0.021,3,3,0.99999994,9.517021e-12,1.39883595e-14,1.9430972e-12,0.99999994
511,149,walking,2021-05-07 10:42:48.763,2021-05-07 10:42:50.743,0.021,3,3,0.99999994,9.821184e-12,1.9148796e-14,2.5010614e-12,0.99999994
511,149,walking,2021-05-07 10:42:49.763,2021-05-07 10:42:51.743,0.021,3,3,0.99999994,5.6444155e-12,7.397939e-15,1.1580544e-12,0.99999994
511,149,walking,2021-05-07 10:42:50.763,2021-05-07 10:42:52.743,0.021,3,3,0.99999994,5.5293335e-12,6.739705e-15,1.0969406e-12,0.99999994
511,149,walking,2021-05-07 10:42:51.763,2021-05-07 10:42:53.743,0.021,3,3,0.99999994,8.27341e-11,7.8124784e-13,6.8238616e-11,0.99999994
511,149,walking,2021-05-07 10:42:52.763,2021-05-07 10:42:54.743,0.021,3,3,0.99999994,1.3974467e-10,1.4650968e-12,1.3373373e-10,0.99999994
511,149,walking,2021-05-07 10:42:53.763,2021-05-07 10:42:55.743,0.021,3,3,0.99999994,1.2908674e-10,9.632395e-13,9.0277584e-11,0.99999994
511,149,walking,2021-05-07 10:42:54.763,2021-05-07 10:42:56.743,0.021,3,3,0.99999994,2.4657756e-10,3.7620857e-12,2.9708574e-10,0.99999994
511,149,walking,2021-05-07 10:42:55.763,2021-05-07 10:42:57.743,0.021,3,3,0.99999994,3.061816e-09,1.3698427e-10,8.085419e-09,0.99999994
511,149,walking,2021-05-07 10:42:56.763,2021-05-07 10:42:58.743,0.021,3,3,0.9999997,3.884144e-08,4.331751e-09,1.651921e-07,0.9999997
511,149,walking,2021-05-07 10:42:57.763,2021-05-07 10:42:59.743,0.021,3,3,0.9999997,3.020385e-08,6.1198038e-09,1.9345576e-07,0.9999997
511,149,walking,2021-05-07 10:42:58.763,2021-05-07 10:43:00.743,0.021,3,3,0.9998269,1.8085333e-06,1.0470028e-05,0.00016080875,0.9998269
511,149,walking,2021-05-07 10:42:59.763,2021-05-07 10:43:01.743,0.021,3,3,0.99772394,1.0011489e-05,0.0001645524,0.0021015615,0.99772394
511,149,walking,2021-05-07 10:43:00.763,2021-05-07 10:43:02.743,0.021,3,3,0.99947876,3.972163e-06,3.7442333e-05,0.00047988383,0.99947876
511,149,walking,2021-05-07 10:43:01.763,2021-05-07 10:43:03.743,0.021,3,3,0.9999524,7.3026183e-07,2.4653461e-06,4.434672e-05,0.9999524
511,149,walking,2021-05-07 10:43:02.763,2021-05-07 10:43:04.743,0.021,3,3,0.9995033,3.354972e-06,2.5485619e-05,0.00046794023,0.9995033
511,149,walking,2021-05-07 10:43:03.763,2021-05-07 10:43:05.743,0.021,3,3,0.9999986,5.168666e-08,4.0939565e-08,1.2692566e-06,0.9999986
511,149,walking,2021-05-07 10:43:04.763,2021-05-07 10:43:06.743,0.021,3,3,0.9999991,4.939076e-08,2.6257464e-08,7.10588e-07,0.9999991
511,149,walking,2021-05-07 10:43:05.763,2021-05-07 10:43:07.743,0.021,3,3,0.99999994,8.5351495e-09,1.0913493e-09,4.172686e-08,0.99999994
511,149,walking,2021-05-07 10:43:06.763,2021-05-07 10:43:08.743,0.021,3,3,0.99999994,2.152001e-10,3.9072e-12,2.8580813e-10,0.99999994
511,149,walking,2021-05-07 10:43:07.763,2021-05-07 10:43:09.743,0.021,3,3,0.99999994,3.3631045e-10,7.710985e-12,4.929842e-10,0.99999994
511,149,walking,2021-05-07 10:43:08.763,2021-05-07 10:43:10.743,0.021,3,3,0.99999994,5.2048983e-09,2.8588445e-10,1.4616499e-08,0.99999994
511,149,walking,2021-05-07 10:43:09.763,2021-05-07 10:43:11.743,0.021,3,3,0.9999997,3.596757e-08,5.6019505e-09,2.063907e-07,0.9999997
511,149,walking,2021-05-07 10:43:10.763,2021-05-07 10:43:12.743,0.021,3,3,0.9999998,1.699192e-08,3.6844245e-09,1.2899537e-07,0.9999998
511,149,walking,2021-05-07 10:43:11.763,2021-05-07 10:43:13.743,0.021,3,3,0.99999994,2.9381577e-09,1.9655204e-10,9.2838155e-09,0.99999994
511,149,walking,2021-05-07 10:43:12.763,2021-05-07 10:43:14.743,0.021,3,3,0.99999994,6.2088077e-09,4.230275e-10,1.7655058e-08,0.99999994
511,149,walking,2021-05-07 10:43:13.763,2021-05-07 10:43:15.743,0.021,3,3,0.99999994,4.930014e-09,2.9582706e-10,1.3071891e-08,0.99999994
511,149,walking,2021-05-07 10:43:14.763,2021-05-07 10:43:16.743,0.021,3,3,0.99999994,1.994936e-09,1.028051e-10,4.844434e-09,0.99999994
511,149,walking,2021-05-07 10:43:15.763,2021-05-07 10:43:17.743,0.021,3,3,0.9999998,1.22380275e-08,1.7202473e-09,6.454048e-08,0.9999998
511,149,walking,2021-05-07 10:43:16.763,2021-05-07 10:43:18.743,0.021,3,3,0.9999998,1.2499005e-08,1.2000172e-09,5.0006843e-08,0.9999998
511,149,walking,2021-05-07 10:43:17.763,2021-05-07 10:43:19.743,0.021,3,3,0.99999994,7.2376243e-09,8.202456e-10,3.3923957e-08,0.99999994
511,149,walking,2021-05-07 10:43:18.763,2021-05-07 10:43:20.743,0.021,3,3,0.99999994,2.9295735e-09,1.7217205e-10,8.636582e-09,0.99999994
511,149,walking,2021-05-07 10:43:19.763,2021-05-07 10:43:21.743,0.021,3,3,0.99999994,3.8534824e-09,2.3673993e-10,1.12098295e-08,0.99999994
511,149,walking,2021-05-07 10:43:20.763,2021-05-07 10:43:22.743,0.021,3,3,0.99999994,4.1131962e-10,5.211854e-12,3.58403e-10,0.99999994
511,149,walking,2021-05-07 10:43:21.763,2021-05-07 10:43:23.743,0.021,3,3,0.99999994,2.8699118e-11,1.3010171e-13,1.4729063e-11,0.99999994
511,149,walking,2021-05-07 10:43:22.763,2021-05-07 10:43:24.743,0.021,3,3,0.99999994,2.193622e-09,1.5580846e-10,7.096607e-09,0.99999994
511,149,walking,2021-05-07 10:43:23.763,2021-05-07 10:43:25.743,0.021,3,3,0.9999998,1.0499093e-08,1.5950492e-09,5.7867616e-08,0.9999998
511,149,walking,2021-05-07 10:43:24.763,2021-05-07 10:43:26.743,0.021,3,3,0.9999998,1.7714356e-08,2.731423e-09,9.992964e-08,0.9999998
511,149,walking,2021-05-07 10:43:25.763,2021-05-07 10:43:27.743,0.021,3,3,0.99999994,5.037799e-09,3.3887124e-10,1.5458902e-08,0.99999994
511,149,walking,2021-05-07 10:43:26.763,2021-05-07 10:43:28.743,0.021,3,3,0.99999994,1.3482356e-09,7.083739e-11,3.6170023e-09,0.99999994
511,149,walking,2021-05-07 10:43:27.763,2021-05-07 10:43:29.743,0.021,3,3,0.99999994,1.1892834e-08,1.3579601e-09,4.2521695e-08,0.99999994
511,149,walking,2021-05-07 10:43:28.763,2021-05-07 10:43:30.743,0.021,3,3,0.99999994,4.6402766e-09,2.7900532e-10,1.017118e-08,0.99999994
511,149,walking,2021-05-07 10:43:29.763,2021-05-07 10:43:31.743,0.021,3,3,0.9999997,2.36519e-08,6.694843e-09,1.7437348e-07,0.9999997
511,149,walking,2021-05-07 10:43:30.763,2021-05-07 10:43:32.743,0.021,3,3,0.99999994,3.0149505e-09,2.793685e-10,1.2679043e-08,0.99999994
511,149,walking,2021-05-07 10:43:31.763,2021-05-07 10:43:33.743,0.021,3,3,0.99999994,6.1193196e-11,3.462365e-13,3.4025123e-11,0.99999994
511,149,walking,2021-05-07 10:43:32.763,2021-05-07 10:43:34.743,0.021,3,3,0.99999994,1.995435e-12,2.3907719e-15,4.5908004e-13,0.99999994
511,149,walking,2021-05-07 10:43:33.763,2021-05-07 10:43:35.743,0.021,3,3,0.99999994,7.3170714e-10,1.9064098e-11,1.296907e-09,0.99999994
511,149,walking,2021-05-07 10:43:34.763,2021-05-07 10:43:36.743,0.021,3,3,0.9999997,2.76734e-08,5.75216e-09,2.0248754e-07,0.9999997
511,149,walking,2021-05-07 10:43:35.763,2021-05-07 10:43:37.743,0.021,3,3,0.99999994,2.948926e-09,1.3085873e-10,8.853053e-09,0.99999994
511,149,walking,2021-05-07 10:43:36.763,2021-05-07 10:43:38.743,0.021,3,3,0.99999994,3.7484185e-09,2.628492e-10,1.4745081e-08,0.99999994
511,149,walking,2021-05-07 10:43:37.763,2021-05-07 10:43:39.743,0.021,3,3,0.99999994,2.9823157e-09,2.1263695e-10,1.0536266e-08,0.99999994
511,149,walking,2021-05-07 10:43:38.763,2021-05-07 10:43:40.743,0.021,3,3,0.99999994,3.3127663e-09,3.1828848e-10,1.2868789e-08,0.99999994
511,149,walking,2021-05-07 10:43:39.763,2021-05-07 10:43:41.743,0.021,3,3,0.99999994,2.5554097e-09,1.4278684e-10,6.830001e-09,0.99999994
511,149,walking,2021-05-07 10:43:40.763,2021-05-07 10:43:42.743,0.021,3,3,0.99999994,1.8848906e-10,1.8628365e-12,1.2592388e-10,0.99999994
511,149,walking,2021-05-07 10:43:41.763,2021-05-07 10:43:43.743,0.021,3,3,0.99999994,1.2093126e-11,3.694288e-14,3.792706e-12,0.99999994
511,149,walking,2021-05-07 10:43:42.763,2021-05-07 10:43:44.743,0.021,3,3,0.99999994,6.86175e-11,8.2660197e-13,7.3957826e-11,0.99999994
511,149,walking,2021-05-07 10:43:43.763,2021-05-07 10:43:45.743,0.021,3,3,0.9999998,1.5313079e-08,2.1911712e-09,8.883657e-08,0.9999998
511,149,walking,2021-05-07 10:43:44.763,2021-05-07 10:43:46.743,0.021,3,3,0.999999,7.8538164e-08,2.1214639e-08,7.9928446e-07,0.999999
511,149,walking,2021-05-07 10:43:45.763,2021-05-07 10:43:47.743,0.021,3,3,0.99999434,2.7115095e-07,1.9985562e-07,5.170607e-06,0.99999434
511,149,walking,2021-05-07 10:43:46.763,2021-05-07 10:43:48.743,0.021,3,3,0.9999816,5.230035e-07,8.697597e-07,1.6948328e-05,0.9999816
511,149,walking,2021-05-07 10:43:47.763,2021-05-07 10:43:49.743,0.021,3,3,0.99999994,3.2512022e-09,2.3380875e-10,1.2284192e-08,0.99999994
511,149,walking,2021-05-07 10:43:48.763,2021-05-07 10:43:50.743,0.021,3,3,0.99999994,1.3518612e-09,5.2844888e-11,3.9446992e-09,0.99999994
511,149,walking,2021-05-07 10:43:49.763,2021-05-07 10:43:51.743,0.021,3,3,0.99999994,2.2956361e-09,1.3903004e-10,7.468724e-09,0.99999994
511,149,walking,2021-05-07 10:43:50.763,2021-05-07 10:43:52.743,0.021,3,3,0.99999994,3.2301124e-09,1.3813294e-10,6.7637944e-09,0.99999994
511,149,walking,2021-05-07 10:43:51.763,2021-05-07 10:43:53.743,0.021,3,3,0.9999998,2.6643319e-08,2.5319904e-09,1.01649e-07,0.9999998
511,149,walking,2021-05-07 10:43:52.763,2021-05-07 10:43:54.743,0.021,3,3,0.9999996,3.2604806e-08,9.505332e-09,3.5229885e-07,0.9999996
511,149,walking,2021-05-07 10:43:53.763,2021-05-07 10:43:55.743,0.021,3,3,0.99999946,4.2508052e-08,1.1885119e-08,4.249636e-07,0.99999946
511,149,walking,2021-05-07 10:43:54.763,2021-05-07 10:43:56.743,0.021,3,3,0.99999946,4.184815e-08,1.1390568e-08,3.901251e-07,0.99999946
511,149,walking,2021-05-07 10:43:55.763,2021-05-07 10:43:57.743,0.021,3,3,0.9999996,2.7020642e-08,6.9699175e-09,2.71654e-07,0.9999996
511,149,walking,2021-05-07 10:43:56.763,2021-05-07 10:43:58.743,0.021,3,3,0.9999996,2.5939395e-08,7.830288e-09,2.7758946e-07,0.9999996
511,149,walking,2021-05-07 10:43:57.763,2021-05-07 10:43:59.743,0.021,3,3,0.99999994,7.932254e-09,7.977556e-10,3.696231e-08,0.99999994
511,149,walking,2021-05-07 10:43:58.763,2021-05-07 10:44:00.743,0.021,3,3,0.9999997,2.133981e-08,4.2958366e-09,1.647511e-07,0.9999997
511,149,walking,2021-05-07 10:43:59.763,2021-05-07 10:44:01.743,0.021,3,3,0.99999946,4.8567482e-08,1.2731065e-08,3.9986065e-07,0.99999946
511,149,walking,2021-05-07 10:44:00.763,2021-05-07 10:44:02.743,0.021,3,3,0.9999996,3.3841932e-08,8.582586e-09,2.671755e-07,0.9999996
511,149,walking,2021-05-07 10:44:01.763,2021-05-07 10:44:03.743,0.021,3,3,0.9999998,1.5580682e-08,3.1903251e-09,1.13906104e-07,0.9999998
511,149,walking,2021-05-07 10:44:02.763,2021-05-07 10:44:04.743,0.021,3,3,0.9999998,1.0637613e-08,2.0763922e-09,8.06403e-08,0.9999998
511,149,walking,2021-05-07 10:44:03.763,2021-05-07 10:44:05.743,0.021,3,3,0.99999803,1.1721855e-07,7.028155e-08,1.7598209e-06,0.99999803
511,149,walking,2021-05-07 10:44:04.763,2021-05-07 10:44:06.743,0.021,3,3,0.9999996,4.0982886e-08,9.816663e-09,3.391526e-07,0.9999996
511,149,walking,2021-05-07 10:44:05.763,2021-05-07 10:44:07.743,0.021,3,3,0.99999994,8.243207e-09,9.516594e-10,4.0092985e-08,0.99999994
511,149,walking,2021-05-07 10:44:06.763,2021-05-07 10:44:08.743,0.021,3,3,0.99999994,8.706296e-09,8.890411e-10,4.1558476e-08,0.99999994
511,149,walking,2021-05-07 10:44:07.763,2021-05-07 10:44:09.743,0.021,3,3,0.9999998,1.4482185e-08,1.394529e-09,5.380764e-08,0.9999998
511,149,walking,2021-05-07 10:44:08.763,2021-05-07 10:44:10.743,0.021,3,3,0.99999994,6.0406555e-09,3.637583e-10,1.7601362e-08,0.99999994
511,149,walking,2021-05-07 10:44:09.763,2021-05-07 10:44:11.743,0.021,3,3,0.99999994,6.591805e-09,7.2176864e-10,3.1026282e-08,0.99999994
511,149,walking,2021-05-07 10:44:10.763,2021-05-07 10:44:12.743,0.021,3,3,0.99999994,9.649922e-09,1.1345922e-09,4.640022e-08,0.99999994
511,149,walking,2021-05-07 10:44:11.763,2021-05-07 10:44:13.743,0.021,3,3,0.99999994,2.4400777e-09,8.6846925e-11,5.2000857e-09,0.99999994
511,149,walking,2021-05-07 10:44:12.763,2021-05-07 10:44:14.743,0.021,3,3,0.99999994,5.739821e-09,3.9873765e-10,2.1697751e-08,0.99999994
511,149,walking,2021-05-07 10:44:13.763,2021-05-07 10:44:15.743,0.021,3,3,0.9999996,4.592554e-08,1.0536484e-08,3.5365883e-07,0.9999996
511,149,walking,2021-05-07 10:44:14.763,2021-05-07 10:44:16.743,0.021,3,3,0.9999998,1.3530715e-08,1.5422051e-09,6.4916414e-08,0.9999998
511,149,walking,2021-05-07 10:44:15.763,2021-05-07 10:44:17.743,0.021,3,3,0.99999994,5.192969e-09,3.1987388e-10,1.5841385e-08,0.99999994
511,149,walking,2021-05-07 10:44:16.763,2021-05-07 10:44:18.743,0.021,3,3,0.99999994,4.4761412e-09,2.790266e-10,1.3556834e-08,0.99999994
511,149,walking,2021-05-07 10:44:17.763,2021-05-07 10:44:19.743,0.021,3,3,0.99999994,8.7454693e-10,1.7902402e-11,1.1480759e-09,0.99999994
511,149,walking,2021-05-07 10:44:18.763,2021-05-07 10:44:20.743,0.021,3,3,0.99999994,1.563924e-09,6.470493e-11,3.367792e-09,0.99999994
511,149,walking,2021-05-07 10:44:19.763,2021-05-07 10:44:21.743,0.021,3,3,0.9999998,2.4090074e-08,3.6798664e-09,1.4267842e-07,0.9999998
511,149,walking,2021-05-07 10:44:20.763,2021-05-07 10:44:22.743,0.021,3,3,0.9999998,1.4127992e-08,1.4881879e-09,6.1584956e-08,0.9999998
511,149,walking,2021-05-07 10:44:21.763,2021-05-07 10:44:23.743,0.021,3,3,0.99999994,2.3883318e-09,9.509386e-11,5.2162776e-09,0.99999994
511,149,walking,2021-05-07 10:44:22.763,2021-05-07 10:44:24.743,0.021,3,3,0.99999994,2.439132e-10,5.9443756e-12,4.2325754e-10,0.99999994
511,149,walking,2021-05-07 10:44:23.763,2021-05-07 10:44:25.743,0.021,3,3,0.99999994,4.959553e-09,4.0466244e-10,1.5758571e-08,0.99999994
511,149,walking,2021-05-07 10:44:24.763,2021-05-07 10:44:26.743,0.021,3,3,0.9999998,1.3306035e-08,1.7168023e-09,6.662199e-08,0.9999998
511,149,walking,2021-05-07 10:44:25.763,2021-05-07 10:44:27.743,0.021,3,3,0.99999994,5.7849054e-09,4.1119805e-10,2.0038723e-08,0.99999994
511,149,walking,2021-05-07 10:44:26.763,2021-05-07 10:44:28.743,0.021,3,3,0.99999994,5.8354055e-09,7.778975e-10,3.8066e-08,0.99999994
511,149,walking,2021-05-07 10:44:27.763,2021-05-07 10:44:29.743,0.021,3,3,0.99999946,4.696515e-08,1.2558575e-08,4.062505e-07,0.99999946
511,149,walking,2021-05-07 10:44:28.763,2021-05-07 10:44:30.743,0.021,3,3,0.99999994,4.578507e-09,3.246392e-10,1.4825735e-08,0.99999994
511,149,walking,2021-05-07 10:44:29.763,2021-05-07 10:44:31.743,0.021,3,3,0.9999996,3.7872624e-08,7.867881e-09,2.641817e-07,0.9999996
511,152,standing,2021-05-07 10:44:33.083,2021-05-07 10:44:35.063,0.021,2,2,0.87335914,0.00020931782,0.112768166,0.87335914,0.013663284
511,152,standing,2021-05-07 10:44:34.083,2021-05-07 10:44:36.063,0.021,2,2,0.8792816,0.00014519495,0.11759684,0.8792816,0.002976424
511,156,standing,2021-05-07 10:44:38.923,2021-05-07 10:44:40.903,0.021,2,2,0.8860216,0.0001526741,0.109764814,0.8860216,0.0040609515
511,156,standing,2021-05-07 10:44:39.923,2021-05-07 10:44:41.903,0.021,2,2,0.8764807,0.00013946567,0.12112471,0.8764807,0.002255129
511,156,standing,2021-05-07 10:44:40.923,2021-05-07 10:44:42.903,0.021,2,2,0.87572354,0.0001582099,0.120015316,0.87572354,0.004102919
511,156,standing,2021-05-07 10:44:41.923,2021-05-07 10:44:43.903,0.021,2,2,0.8573701,0.00018911033,0.1356358,0.8573701,0.0068051326
511,156,standing,2021-05-07 10:44:42.923,2021-05-07 10:44:44.903,0.021,2,2,0.8423942,0.00017277486,0.15405647,0.8423942,0.003376713
511,156,standing,2021-05-07 10:44:43.923,2021-05-07 10:44:45.903,0.021,2,2,0.82430923,0.0002825729,0.096814394,0.82430923,0.07859373
511,156,standing,2021-05-07 10:44:44.923,2021-05-07 10:44:46.903,0.021,2,2,0.6857015,0.00031288623,0.072735816,0.6857015,0.24124984
511,156,standing,2021-05-07 10:44:45.923,2021-05-07 10:44:47.903,0.021,2,2,0.84441316,0.00015819147,0.15193407,0.84441316,0.00349457
511,156,standing,2021-05-07 10:44:46.923,2021-05-07 10:44:48.903,0.021,2,2,0.86721414,0.00012586979,0.1307054,0.86721414,0.0019544808
511,156,standing,2021-05-07 10:44:47.923,2021-05-07 10:44:49.903,0.021,2,2,0.8698948,0.0001147614,0.1287515,0.8698948,0.0012388891
511,156,standing,2021-05-07 10:44:48.923,2021-05-07 10:44:50.903,0.021,2,2,0.86822385,0.00013788293,0.12961881,0.86822385,0.0020193614
511,156,standing,2021-05-07 10:44:49.923,2021-05-07 10:44:51.903,0.021,2,2,0.86751306,0.0001307377,0.13062386,0.86751306,0.0017323715
511,156,standing,2021-05-07 10:44:50.923,2021-05-07 10:44:52.903,0.021,2,2,0.8693032,0.00012294567,0.12910673,0.8693032,0.001467208
511,156,standing,2021-05-07 10:44:51.923,2021-05-07 10:44:53.903,0.021,2,2,0.87294835,0.00015546351,0.12087886,0.87294835,0.0060172398
511,156,standing,2021-05-07 10:44:52.923,2021-05-07 10:44:54.903,0.021,2,2,0.8831846,0.0001798944,0.108686045,0.8831846,0.007949317
511,156,standing,2021-05-07 10:44:53.923,2021-05-07 10:44:55.903,0.021,2,2,0.8919047,0.00013309202,0.10485135,0.8919047,0.0031108747
511,159,walking,2021-05-07 10:44:57.284,2021-05-07 10:44:59.263,0.021,3,3,0.99988073,1.374925e-06,6.09909e-06,0.000111697824,0.99988073
511,159,walking,2021-05-07 10:44:58.284,2021-05-07 10:45:00.263,0.021,3,3,0.99999696,1.1671567e-07,9.980974e-08,2.7555714e-06,0.99999696
511,159,walking,2021-05-07 10:44:59.284,2021-05-07 10:45:01.263,0.021,3,3,0.99995655,6.3488216e-07,1.8483447e-06,4.0848598e-05,0.99995655
511,159,walking,2021-05-07 10:45:00.283,2021-05-07 10:45:02.263,0.021,3,3,0.9999935,2.1517194e-07,2.1997272e-07,6.0001203e-06,0.9999935
511,159,walking,2021-05-07 10:45:01.283,2021-05-07 10:45:03.263,0.021,3,3,0.9999996,2.3256536e-08,6.897262e-09,2.7102183e-07,0.9999996
511,159,walking,2021-05-07 10:45:02.283,2021-05-07 10:45:04.263,0.021,3,3,0.9999836,4.0330414e-07,6.345725e-07,1.5339427e-05,0.9999836
511,159,walking,2021-05-07 10:45:03.283,2021-05-07 10:45:05.263,0.021,3,3,0.9999897,3.177307e-07,4.175149e-07,9.512678e-06,0.9999897
511,159,walking,2021-05-07 10:45:04.283,2021-05-07 10:45:06.263,0.021,3,3,0.9999973,1.12650945e-07,8.349143e-08,2.3986559e-06,0.9999973
511,159,walking,2021-05-07 10:45:05.283,2021-05-07 10:45:07.263,0.021,3,3,0.99999946,3.4235363e-08,1.2886787e-08,4.6113965e-07,0.99999946
511,159,walking,2021-05-07 10:45:06.283,2021-05-07 10:45:08.263,0.021,3,3,0.9999992,5.4069126e-08,1.8913807e-08,6.759702e-07,0.9999992
511,159,walking,2021-05-07 10:45:07.283,2021-05-07 10:45:09.263,0.021,3,3,0.99999934,4.5174385e-08,1.6338344e-08,5.237785e-07,0.99999934
511,159,walking,2021-05-07 10:45:08.284,2021-05-07 10:45:10.263,0.021,3,3,0.99999994,6.2075523e-09,8.271205e-10,4.8138933e-08,0.99999994
511,159,walking,2021-05-07 10:45:09.284,2021-05-07 10:45:11.263,0.021,3,3,0.9999998,1.8539255e-08,3.4175398e-09,1.32034e-07,0.9999998
511,159,walking,2021-05-07 10:45:10.284,2021-05-07 10:45:12.263,0.021,3,3,0.99999887,7.944545e-08,3.724705e-08,1.0108682e-06,0.99999887
511,159,walking,2021-05-07 10:45:11.284,2021-05-07 10:45:13.263,0.021,3,3,0.9999971,1.6336789e-07,1.03795415e-07,2.6466332e-06,0.9999971
511,159,walking,2021-05-07 10:45:12.284,2021-05-07 10:45:14.263,0.021,3,3,0.9999983,9.3765195e-08,5.588328e-08,1.4791169e-06,0.9999983
511,159,walking,2021-05-07 10:45:13.284,2021-05-07 10:45:15.263,0.021,3,3,0.9999998,1.4673117e-08,1.5798618e-09,7.0196336e-08,0.9999998
511,159,walking,2021-05-07 10:45:14.284,2021-05-07 10:45:16.263,0.021,3,3,0.9999997,2.1177096e-08,6.032491e-09,2.1603748e-07,0.9999997
511,159,walking,2021-05-07 10:45:15.284,2021-05-07 10:45:17.263,0.021,3,3,0.99999815,6.9089076e-08,5.6801646e-08,1.7066386e-06,0.99999815
511,159,walking,2021-05-07 10:45:16.284,2021-05-07 10:45:18.263,0.021,3,3,0.99999946,4.7471023e-08,1.13344365e-08,4.1707645e-07,0.99999946
511,159,walking,2021-05-07 10:45:17.284,2021-05-07 10:45:19.263,0.021,3,3,0.99999994,6.7685693e-09,4.4313037e-10,2.2830484e-08,0.99999994
511,159,walking,2021-05-07 10:45:18.284,2021-05-07 10:45:20.263,0.021,3,3,0.9999997,2.1067112e-08,3.4582397e-09,1.566566e-07,0.9999997
511,159,walking,2021-05-07 10:45:19.284,2021-05-07 10:45:21.263,0.021,3,3,0.999996,1.887883e-07,1.3331103e-07,3.5690666e-06,0.999996
511,159,walking,2021-05-07 10:45:20.284,2021-05-07 10:45:22.263,0.021,3,3,0.9999891,4.276832e-07,4.111832e-07,1.0046935e-05,0.9999891
511,159,walking,2021-05-07 10:45:21.284,2021-05-07 10:45:23.263,0.021,3,3,0.9999953,2.506902e-07,1.8949851e-07,4.226893e-06,0.9999953
511,159,walking,2021-05-07 10:45:22.284,2021-05-07 10:45:24.263,0.021,3,3,0.99998814,4.6917415e-07,4.4140538e-07,1.0886755e-05,0.99998814
511,159,walking,2021-05-07 10:45:23.284,2021-05-07 10:45:25.263,0.021,3,3,0.9999977,9.6268884e-08,7.3705976e-08,2.1100027e-06,0.9999977
511,159,walking,2021-05-07 10:45:24.284,2021-05-07 10:45:26.263,0.021,3,3,0.9999921,3.0038174e-07,3.181872e-07,7.2080757e-06,0.9999921
511,159,walking,2021-05-07 10:45:25.284,2021-05-07 10:45:27.263,0.021,3,3,0.99999887,7.6378925e-08,3.181628e-08,9.519658e-07,0.99999887
511,159,walking,2021-05-07 10:45:26.284,2021-05-07 10:45:28.263,0.021,3,3,0.99999756,1.6077291e-07,7.645476e-08,2.2024892e-06,0.99999756
511,159,walking,2021-05-07 10:45:27.284,2021-05-07 10:45:29.263,0.021,3,3,0.9999873,4.1602976e-07,5.013293e-07,1.1678861e-05,0.9999873
511,159,walking,2021-05-07 10:45:28.284,2021-05-07 10:45:30.263,0.021,3,3,0.999993,2.4744006e-07,2.4695254e-07,6.376751e-06,0.999993
511,159,walking,2021-05-07 10:45:29.284,2021-05-07 10:45:31.263,0.021,3,3,0.9999934,2.6108333e-07,2.4161164e-07,6.1020696e-06,0.9999934
511,159,walking,2021-05-07 10:45:30.284,2021-05-07 10:45:32.263,0.021,3,3,0.9999983,1.0088012e-07,5.3520143e-08,1.5317673e-06,0.9999983
511,159,walking,2021-05-07 10:45:31.284,2021-05-07 10:45:33.263,0.021,3,3,0.99999875,6.367083e-08,3.4793043e-08,1.0596656e-06,0.99999875
511,159,walking,2021-05-07 10:45:32.284,2021-05-07 10:45:34.263,0.021,3,3,0.99999946,4.3375724e-08,1.4611419e-08,4.5201733e-07,0.99999946
511,159,walking,2021-05-07 10:45:33.284,2021-05-07 10:45:35.263,0.021,3,3,0.9999998,1.1090859e-08,1.456245e-09,6.224687e-08,0.9999998
511,159,walking,2021-05-07 10:45:34.284,2021-05-07 10:45:36.263,0.021,3,3,0.99999994,3.4898342e-09,3.3421174e-10,1.924464e-08,0.99999994
511,159,walking,2021-05-07 10:45:35.284,2021-05-07 10:45:37.263,0.021,3,3,0.9999984,1.066448e-07,4.5578e-08,1.3630307e-06,0.9999984
511,159,walking,2021-05-07 10:45:36.284,2021-05-07 10:45:38.263,0.021,3,3,0.99999565,1.9212513e-07,1.7214826e-07,3.9578886e-06,0.99999565
511,159,walking,2021-05-07 10:45:37.284,2021-05-07 10:45:39.263,0.021,3,3,0.99999887,5.9537424e-08,3.2252906e-08,9.644098e-07,0.99999887
511,159,walking,2021-05-07 10:45:38.284,2021-05-07 10:45:40.263,0.021,3,3,0.9999996,2.7300384e-08,1.0408964e-08,3.5172647e-07,0.9999996
511,159,walking,2021-05-07 10:45:39.284,2021-05-07 10:45:41.263,0.021,3,3,0.9999929,2.2089841e-07,2.4366378e-07,6.6007897e-06,0.9999929
511,159,walking,2021-05-07 10:45:40.284,2021-05-07 10:45:42.263,0.021,3,3,0.999534,3.210335e-06,2.296016e-05,0.00043988912,0.999534
511,160,standing,2021-05-07 10:45:42.324,2021-05-07 10:45:44.304,0.021,2,2,0.7422322,0.00013068787,0.25459424,0.7422322,0.0030429817
511,160,standing,2021-05-07 10:45:43.324,2021-05-07 10:45:45.304,0.021,2,2,0.803234,0.0001808504,0.19217531,0.803234,0.004409825
511,160,standing,2021-05-07 10:45:44.324,2021-05-07 10:45:46.304,0.021,2,2,0.821108,0.00015222184,0.17633495,0.821108,0.0024049534
511,160,standing,2021-05-07 10:45:45.324,2021-05-07 10:45:47.304,0.021,2,2,0.7948628,0.00013373783,0.20393579,0.7948628,0.0010676241
511,160,standing,2021-05-07 10:45:46.324,2021-05-07 10:45:48.304,0.021,2,2,0.8476481,0.00020552058,0.14325617,0.8476481,0.008890115
511,160,standing,2021-05-07 10:45:47.324,2021-05-07 10:45:49.304,0.021,2,2,0.83864564,0.00017423139,0.15594806,0.83864564,0.005232178
511,160,standing,2021-05-07 10:45:48.324,2021-05-07 10:45:50.304,0.021,2,2,0.79846066,0.00011397741,0.20058005,0.79846066,0.00084528624
511,160,standing,2021-05-07 10:45:49.324,2021-05-07 10:45:51.304,0.021,2,2,0.81433564,0.00013129524,0.18415388,0.81433564,0.0013792699
511,160,standing,2021-05-07 10:45:50.324,2021-05-07 10:45:52.304,0.021,2,2,0.78199166,0.00013013501,0.21678954,0.78199166,0.0010886297
511,160,standing,2021-05-07 10:45:51.324,2021-05-07 10:45:53.304,0.021,2,2,0.7953255,0.00013635025,0.20330505,0.7953255,0.0012330107
511,160,standing,2021-05-07 10:45:52.324,2021-05-07 10:45:54.304,0.021,2,2,0.8166428,0.00012647554,0.18209122,0.8166428,0.001139542
511,160,standing,2021-05-07 10:45:53.324,2021-05-07 10:45:55.304,0.021,2,2,0.82364464,0.00012249117,0.17509581,0.82364464,0.0011370778
511,160,standing,2021-05-07 10:45:54.324,2021-05-07 10:45:56.304,0.021,2,2,0.803309,0.00011428194,0.1957814,0.803309,0.0007953343
511,160,standing,2021-05-07 10:45:55.324,2021-05-07 10:45:57.304,0.021,2,2,0.78615737,0.00011155575,0.2130384,0.78615737,0.00069252506
511,160,standing,2021-05-07 10:45:56.324,2021-05-07 10:45:58.304,0.021,2,2,0.80843794,0.00011847441,0.19047752,0.80843794,0.0009661839
511,160,standing,2021-05-07 10:45:57.324,2021-05-07 10:45:59.304,0.021,2,2,0.82459223,0.000120047036,0.17416002,0.82459223,0.0011276822
511,160,standing,2021-05-07 10:45:58.324,2021-05-07 10:46:00.303,0.021,2,2,0.82433444,0.000116230265,0.1745063,0.82433444,0.0010429834
511,160,standing,2021-05-07 10:45:59.324,2021-05-07 10:46:01.303,0.021,2,2,0.8357159,0.00011565424,0.16297242,0.8357159,0.0011960492
511,160,standing,2021-05-07 10:46:00.323,2021-05-07 10:46:02.303,0.021,2,2,0.8442423,0.00011200061,0.15455204,0.8442423,0.001093538
511,160,standing,2021-05-07 10:46:01.323,2021-05-07 10:46:03.303,0.021,2,2,0.8420318,9.530837e-05,0.15701745,0.8420318,0.000855373
511,160,standing,2021-05-07 10:46:02.323,2021-05-07 10:46:04.303,0.021,2,2,0.83909124,8.9884255e-05,0.15988982,0.83909124,0.00092906255
511,160,standing,2021-05-07 10:46:03.323,2021-05-07 10:46:05.303,0.021,2,2,0.8076582,9.2016926e-05,0.19136484,0.8076582,0.00088487554
511,160,standing,2021-05-07 10:46:04.323,2021-05-07 10:46:06.303,0.021,2,2,0.7715622,0.00011059899,0.22751917,0.7715622,0.000807987
511,160,standing,2021-05-07 10:46:05.323,2021-05-07 10:46:07.303,0.021,2,2,0.7627842,0.000117024094,0.23634127,0.7627842,0.00075749547
511,160,standing,2021-05-07 10:46:06.323,2021-05-07 10:46:08.303,0.021,2,2,0.76384664,0.00013527584,0.2350678,0.76384664,0.00095030287
511,161,walking,2021-05-07 10:46:08.524,2021-05-07 10:46:10.503,0.021,3,3,0.6834056,0.00019752509,0.029692892,0.28670403,0.6834056
511,161,walking,2021-05-07 10:46:09.524,2021-05-07 10:46:11.503,0.021,3,3,0.9651087,4.3430053e-05,0.0027207073,0.032127198,0.9651087
511,161,walking,2021-05-07 10:46:10.524,2021-05-07 10:46:12.503,0.021,3,3,0.96050924,6.594039e-05,0.003658066,0.035766855,0.96050924
511,161,walking,2021-05-07 10:46:11.524,2021-05-07 10:46:13.503,0.021,3,3,0.9833873,2.9997964e-05,0.0012284723,0.015354322,0.9833873
511,161,walking,2021-05-07 10:46:12.524,2021-05-07 10:46:14.503,0.021,3,3,0.9990453,4.595656e-06,5.501017e-05,0.0008950103,0.9990453
511,161,walking,2021-05-07 10:46:13.524,2021-05-07 10:46:15.503,0.021,3,3,0.9806231,4.6410187e-05,0.0017621696,0.017568337,0.9806231
511,165,walking,2021-05-07 10:46:18.044,2021-05-07 10:46:20.024,0.021,3,3,0.7532962,0.00017913156,0.026887428,0.2196373,0.7532962
511,165,walking,2021-05-07 10:46:19.044,2021-05-07 10:46:21.024,0.021,3,3,0.9681562,4.6375088e-05,0.0030224225,0.028774938,0.9681562
511,165,walking,2021-05-07 10:46:20.044,2021-05-07 10:46:22.024,0.021,3,3,0.9048039,0.00010216938,0.009103662,0.08599024,0.9048039
511,165,walking,2021-05-07 10:46:21.044,2021-05-07 10:46:23.024,0.021,3,3,0.95393723,8.200263e-05,0.0043455893,0.041635193,0.95393723
511,165,walking,2021-05-07 10:46:22.044,2021-05-07 10:46:24.024,0.021,3,3,0.9613113,4.9594044e-05,0.0035016378,0.035137426,0.9613113
511,165,walking,2021-05-07 10:46:23.044,2021-05-07 10:46:25.024,0.021,3,3,0.9919821,1.955289e-05,0.000598046,0.007400203,0.9919821
511,165,walking,2021-05-07 10:46:24.044,2021-05-07 10:46:26.024,0.021,3,3,0.9998293,2.0248444e-06,9.638357e-06,0.0001590776,0.9998293
511,165,walking,2021-05-07 10:46:25.044,2021-05-07 10:46:27.024,0.021,3,3,0.99983215,1.9837344e-06,1.0321354e-05,0.00015547452,0.99983215
511,165,walking,2021-05-07 10:46:26.044,2021-05-07 10:46:28.024,0.021,3,3,0.9842407,5.488059e-05,0.0016039538,0.014100418,0.9842407
511,165,walking,2021-05-07 10:46:27.044,2021-05-07 10:46:29.024,0.021,3,3,0.9979529,1.1055979e-05,0.0001524161,0.0018835259,0.9979529
511,165,walking,2021-05-07 10:46:28.044,2021-05-07 10:46:30.024,0.021,3,3,0.9981165,1.5508087e-05,0.0001353062,0.0017327246,0.9981165
511,165,walking,2021-05-07 10:46:29.044,2021-05-07 10:46:31.024,0.021,3,3,0.9992634,4.5959664e-06,4.693558e-05,0.0006850093,0.9992634
511,165,walking,2021-05-07 10:46:30.044,2021-05-07 10:46:32.023,0.021,3,3,0.9968062,1.4119756e-05,0.00023358567,0.0029460841,0.9968062
511,165,walking,2021-05-07 10:46:31.044,2021-05-07 10:46:33.023,0.021,3,3,0.9997387,2.4648875e-06,1.500882e-05,0.00024380627,0.9997387
511,165,walking,2021-05-07 10:46:32.043,2021-05-07 10:46:34.023,0.021,3,3,0.9998978,1.2038762e-06,5.403968e-06,9.554239e-05,0.9998978
511,165,walking,2021-05-07 10:46:33.043,2021-05-07 10:46:35.023,0.021,3,3,0.9990307,5.6718136e-06,6.2740524e-05,0.0009009086,0.9990307
511,165,walking,2021-05-07 10:46:34.043,2021-05-07 10:46:36.023,0.021,3,3,0.99898636,5.5170444e-06,6.1021226e-05,0.0009470822,0.99898636
511,165,walking,2021-05-07 10:46:35.043,2021-05-07 10:46:37.023,0.021,3,3,0.9742555,6.763979e-05,0.0024924234,0.023184476,0.9742555
511,165,walking,2021-05-07 10:46:36.043,2021-05-07 10:46:38.023,0.021,3,3,0.8645626,0.00014426128,0.014258781,0.121034384,0.8645626
511,165,walking,2021-05-07 10:46:37.043,2021-05-07 10:46:39.023,0.021,3,3,0.9826126,3.5833138e-05,0.0015474278,0.015804157,0.9826126
511,165,walking,2021-05-07 10:46:38.043,2021-05-07 10:46:40.023,0.021,3,3,0.9893358,2.5625795e-05,0.0009517221,0.009686849,0.9893358
511,165,walking,2021-05-07 10:46:39.043,2021-05-07 10:46:41.023,0.021,3,3,0.9531186,6.9360955e-05,0.004247844,0.0425641,0.9531186
511,165,walking,2021-05-07 10:46:40.043,2021-05-07 10:46:42.023,0.021,3,3,0.99659467,1.2115549e-05,0.00022704905,0.003166099,0.99659467
511,165,walking,2021-05-07 10:46:41.043,2021-05-07 10:46:43.023,0.021,3,3,0.99524826,1.4794003e-05,0.00034877178,0.0043881033,0.99524826
511,165,walking,2021-05-07 10:46:42.043,2021-05-07 10:46:44.023,0.021,3,3,0.9957932,1.6434951e-05,0.00033044058,0.0038597176,0.9957932
511,165,walking,2021-05-07 10:46:43.043,2021-05-07 10:46:45.023,0.021,3,3,0.99880004,7.5256844e-06,7.623235e-05,0.0011162015,0.99880004
511,165,walking,2021-05-07 10:46:44.043,2021-05-07 10:46:46.023,0.021,3,3,0.85195553,0.00016613308,0.016486118,0.13139227,0.85195553
511,165,walking,2021-05-07 10:46:45.043,2021-05-07 10:46:47.023,0.021,3,3,0.894095,0.00012300702,0.01132545,0.09445649,0.894095
511,165,walking,2021-05-07 10:46:46.043,2021-05-07 10:46:48.023,0.021,3,3,0.9992201,4.3667824e-06,4.567857e-05,0.0007298221,0.9992201
511,165,walking,2021-05-07 10:46:47.043,2021-05-07 10:46:49.023,0.021,3,3,0.9963348,1.8724822e-05,0.00032540885,0.0033210604,0.9963348
511,165,walking,2021-05-07 10:46:48.043,2021-05-07 10:46:50.023,0.021,3,3,0.95944846,7.042715e-05,0.004645108,0.035835903,0.95944846
511,165,walking,2021-05-07 10:46:49.043,2021-05-07 10:46:51.023,0.021,3,2,0.46699953,0.0002083475,0.06609617,0.46699953,0.4666959
511,167,walking,2021-05-07 10:46:52.203,2021-05-07 10:46:54.183,0.021,3,3,0.99979186,1.9850454e-06,1.2254618e-05,0.0001939099,0.99979186
511,167,walking,2021-05-07 10:46:53.203,2021-05-07 10:46:55.183,0.021,3,3,0.99835527,9.859672e-06,0.0001123479,0.0015225655,0.99835527
511,167,walking,2021-05-07 10:46:54.203,2021-05-07 10:46:56.183,0.021,3,3,0.99266917,2.2010128e-05,0.0005649942,0.006743902,0.99266917
511,167,walking,2021-05-07 10:46:55.203,2021-05-07 10:46:57.183,0.021,3,3,0.99671686,1.3021853e-05,0.0002605767,0.0030095757,0.99671686
511,167,walking,2021-05-07 10:46:56.203,2021-05-07 10:46:58.183,0.021,3,3,0.9818287,4.881359e-05,0.0016495449,0.016472898,0.9818287
511,167,walking,2021-05-07 10:46:57.203,2021-05-07 10:46:59.183,0.021,3,3,0.99380213,1.9834439e-05,0.0005023914,0.0056755133,0.99380213
511,167,walking,2021-05-07 10:46:58.203,2021-05-07 10:47:00.184,0.021,3,3,0.99850756,8.315696e-06,0.00011110436,0.0013730467,0.99850756
511,167,walking,2021-05-07 10:46:59.203,2021-05-07 10:47:01.184,0.021,3,3,0.9992022,6.6545754e-06,5.6965677e-05,0.00073408836,0.9992022
511,167,walking,2021-05-07 10:47:00.204,2021-05-07 10:47:02.184,0.021,3,3,0.9999998,1.8890097e-08,3.9829846e-09,1.2989803e-07,0.9999998
511,167,walking,2021-05-07 10:47:01.204,2021-05-07 10:47:03.184,0.021,3,3,0.99999994,3.13542e-11,7.330634e-14,6.545152e-12,0.99999994
511,167,walking,2021-05-07 10:47:02.204,2021-05-07 10:47:04.184,0.021,3,3,0.99999994,4.80913e-12,3.2643341e-15,4.5162924e-13,0.99999994
511,167,walking,2021-05-07 10:47:03.204,2021-05-07 10:47:05.184,0.021,3,3,0.99999994,4.3174258e-12,3.0278963e-15,5.0899053e-13,0.99999994
511,167,walking,2021-05-07 10:47:04.204,2021-05-07 10:47:06.184,0.021,3,3,0.99999994,3.3015916e-11,8.60893e-14,1.0013227e-11,0.99999994
511,167,walking,2021-05-07 10:47:05.204,2021-05-07 10:47:07.184,0.021,3,3,0.99999994,1.1297776e-11,2.0405027e-14,2.2412313e-12,0.99999994
511,167,walking,2021-05-07 10:47:06.204,2021-05-07 10:47:08.184,0.021,3,3,0.99999994,3.5191277e-11,1.737079e-13,1.2781465e-11,0.99999994
511,167,walking,2021-05-07 10:47:07.204,2021-05-07 10:47:09.184,0.021,3,3,0.99999994,7.58995e-11,3.5829586e-13,2.8793919e-11,0.99999994
511,167,walking,2021-05-07 10:47:08.204,2021-05-07 10:47:10.184,0.021,3,3,0.99999994,3.1084326e-12,1.1488784e-15,2.0128692e-13,0.99999994
511,167,walking,2021-05-07 10:47:09.204,2021-05-07 10:47:11.184,0.021,3,3,0.99999994,4.551262e-13,7.4455804e-17,2.0248473e-14,0.99999994
511,167,walking,2021-05-07 10:47:10.204,2021-05-07 10:47:12.184,0.021,3,3,0.99999994,1.3550525e-12,6.0034995e-16,1.2791401e-13,0.99999994
511,167,walking,2021-05-07 10:47:11.204,2021-05-07 10:47:13.184,0.021,3,3,0.99999994,1.1944253e-12,6.9791804e-16,1.3075424e-13,0.99999994
511,167,walking,2021-05-07 10:47:12.204,2021-05-07 10:47:14.184,0.021,3,3,0.99999994,4.6580995e-13,1.7109221e-16,3.5746627e-14,0.99999994
511,167,walking,2021-05-07 10:47:13.204,2021-05-07 10:47:15.184,0.021,3,3,0.99999994,6.082055e-13,2.668003e-16,5.4041783e-14,0.99999994
511,167,walking,2021-05-07 10:47:14.204,2021-05-07 10:47:16.184,0.021,3,3,0.99999994,2.2146935e-12,2.6182974e-15,3.83121e-13,0.99999994
511,167,walking,2021-05-07 10:47:15.204,2021-05-07 10:47:17.184,0.021,3,3,0.99999994,2.4562737e-11,1.9225625e-13,1.8398182e-11,0.99999994
511,167,walking,2021-05-07 10:47:16.204,2021-05-07 10:47:18.184,0.021,3,3,0.99999994,1.1707346e-10,2.3110264e-12,1.8145771e-10,0.99999994
511,167,walking,2021-05-07 10:47:17.204,2021-05-07 10:47:19.184,0.021,3,3,0.99999994,2.5450171e-11,1.0748947e-13,1.058966e-11,0.99999994
511,167,walking,2021-05-07 10:47:18.204,2021-05-07 10:47:20.184,0.021,3,3,0.99999994,8.714156e-12,1.7386859e-14,2.21635e-12,0.99999994
511,167,walking,2021-05-07 10:47:19.204,2021-05-07 10:47:21.184,0.021,3,3,0.99999994,2.3710589e-11,1.0025696e-13,1.0691481e-11,0.99999994
511,167,walking,2021-05-07 10:47:20.204,2021-05-07 10:47:22.184,0.021,3,3,0.99999994,9.6421e-13,5.8667556e-16,1.1339019e-13,0.99999994
511,167,walking,2021-05-07 10:47:21.204,2021-05-07 10:47:23.184,0.021,3,3,0.99999994,1.6053082e-12,1.2411633e-15,2.2807358e-13,0.99999994
511,167,walking,2021-05-07 10:47:22.204,2021-05-07 10:47:24.184,0.021,3,3,0.99999994,1.4063635e-11,2.7064773e-14,3.1397814e-12,0.99999994
511,167,walking,2021-05-07 10:47:23.204,2021-05-07 10:47:25.184,0.021,3,3,0.99999994,6.087618e-12,4.6218365e-15,6.3918353e-13,0.99999994
511,167,walking,2021-05-07 10:47:24.204,2021-05-07 10:47:26.184,0.021,3,3,0.99999994,4.3679097e-12,2.3778201e-15,3.7030028e-13,0.99999994
511,167,walking,2021-05-07 10:47:25.204,2021-05-07 10:47:27.184,0.021,3,3,0.99999994,3.1800962e-12,1.8430037e-15,3.1639706e-13,0.99999994
511,167,walking,2021-05-07 10:47:26.204,2021-05-07 10:47:28.184,0.021,3,3,0.99999994,1.871562e-12,1.0931271e-15,2.2208769e-13,0.99999994
511,167,walking,2021-05-07 10:47:27.204,2021-05-07 10:47:29.184,0.021,3,3,0.99999994,2.4784287e-12,2.9777594e-15,4.580646e-13,0.99999994
511,167,walking,2021-05-07 10:47:28.204,2021-05-07 10:47:30.184,0.021,3,3,0.99999994,8.117775e-13,4.3218167e-16,8.445784e-14,0.99999994
511,167,walking,2021-05-07 10:47:29.204,2021-05-07 10:47:31.184,0.021,3,3,0.99999994,1.0802261e-13,1.3576024e-17,4.03136e-15,0.99999994
511,167,walking,2021-05-07 10:47:30.204,2021-05-07 10:47:32.183,0.021,3,3,0.99999994,7.046088e-15,2.1155828e-19,9.3217306e-17,0.99999994
511,167,walking,2021-05-07 10:47:31.204,2021-05-07 10:47:33.183,0.021,3,3,0.99999994,2.7707547e-14,2.7281463e-18,1.0884875e-15,0.99999994
511,167,walking,2021-05-07 10:47:32.203,2021-05-07 10:47:34.183,0.021,3,3,0.99999994,2.0967435e-14,1.2439201e-18,4.822475e-16,0.99999994
511,167,walking,2021-05-07 10:47:33.203,2021-05-07 10:47:35.183,0.021,3,3,0.99999994,1.4249161e-14,8.1930684e-19,2.8915307e-16,0.99999994
511,167,walking,2021-05-07 10:47:34.203,2021-05-07 10:47:36.183,0.021,3,3,0.99999994,2.1614907e-14,1.6994007e-18,5.4734263e-16,0.99999994
511,167,walking,2021-05-07 10:47:35.203,2021-05-07 10:47:37.183,0.021,3,3,0.99999994,5.610246e-14,7.268108e-18,1.98357e-15,0.99999994
511,167,walking,2021-05-07 10:47:36.203,2021-05-07 10:47:38.183,0.021,3,3,0.99999994,1.4908461e-14,8.483251e-19,3.1006335e-16,0.99999994
511,167,walking,2021-05-07 10:47:37.203,2021-05-07 10:47:39.183,0.021,3,3,0.99999994,1.537557e-15,1.2464363e-20,7.211079e-18,0.99999994
511,167,walking,2021-05-07 10:47:38.203,2021-05-07 10:47:40.183,0.021,3,3,0.99999994,6.0532663e-15,1.6007986e-19,6.4514344e-17,0.99999994
511,167,walking,2021-05-07 10:47:39.203,2021-05-07 10:47:41.183,0.021,3,3,0.99999994,2.2674244e-13,1.1631479e-16,2.3638123e-14,0.99999994
511,167,walking,2021-05-07 10:47:40.203,2021-05-07 10:47:42.183,0.021,3,3,0.99999994,1.832595e-13,3.910799e-17,9.773349e-15,0.99999994
511,167,walking,2021-05-07 10:47:41.203,2021-05-07 10:47:43.183,0.021,3,3,0.99999994,7.2242823e-14,5.9496885e-18,1.7716896e-15,0.99999994
511,167,walking,2021-05-07 10:47:42.203,2021-05-07 10:47:44.183,0.021,3,3,0.99999994,6.812601e-14,9.334464e-18,2.6136671e-15,0.99999994
511,167,walking,2021-05-07 10:47:43.203,2021-05-07 10:47:45.183,0.021,3,3,0.99999994,9.257634e-15,2.7775308e-19,1.0883666e-16,0.99999994
511,167,walking,2021-05-07 10:47:44.203,2021-05-07 10:47:46.183,0.021,3,3,0.99999994,2.2037019e-14,8.1746176e-19,3.049141e-16,0.99999994
511,167,walking,2021-05-07 10:47:45.203,2021-05-07 10:47:47.183,0.021,3,3,0.99999994,1.3727039e-14,2.826258e-19,1.0380356e-16,0.99999994
511,167,walking,2021-05-07 10:47:46.203,2021-05-07 10:47:48.183,0.021,3,3,0.99999994,4.1955396e-13,1.3332453e-16,2.8767577e-14,0.99999994
511,167,walking,2021-05-07 10:47:47.203,2021-05-07 10:47:49.183,0.021,3,3,0.99999994,3.6379106e-13,1.3131813e-16,3.8039897e-14,0.99999994
511,167,walking,2021-05-07 10:47:48.203,2021-05-07 10:47:50.183,0.021,3,3,0.99999994,4.2371603e-15,1.241194e-19,6.5103727e-17,0.99999994
511,167,walking,2021-05-07 10:47:49.203,2021-05-07 10:47:51.183,0.021,3,3,0.99999994,2.5259412e-13,9.845334e-17,2.1971337e-14,0.99999994
511,167,walking,2021-05-07 10:47:50.203,2021-05-07 10:47:52.183,0.021,3,3,0.99999994,7.435293e-13,4.1878418e-16,7.089215e-14,0.99999994
511,167,walking,2021-05-07 10:47:51.203,2021-05-07 10:47:53.183,0.021,3,3,0.99999994,2.5845946e-13,5.686143e-17,1.2640804e-14,0.99999994
511,167,walking,2021-05-07 10:47:52.203,2021-05-07 10:47:54.183,0.021,3,3,0.99999994,5.924722e-13,2.3321925e-16,5.020989e-14,0.99999994
511,167,walking,2021-05-07 10:47:53.203,2021-05-07 10:47:55.183,0.021,3,3,0.99999994,8.0398215e-13,3.1267647e-16,6.138845e-14,0.99999994
511,167,walking,2021-05-07 10:47:54.203,2021-05-07 10:47:56.183,0.021,3,3,0.99999994,1.9010013e-13,2.8941114e-17,7.881888e-15,0.99999994
511,167,walking,2021-05-07 10:47:55.203,2021-05-07 10:47:57.183,0.021,3,3,0.99999994,6.5373596e-14,7.6725824e-18,2.3005252e-15,0.99999994
511,167,walking,2021-05-07 10:47:56.203,2021-05-07 10:47:58.183,0.021,3,3,0.99999994,3.3490103e-13,1.0261456e-16,2.1922778e-14,0.99999994
511,167,walking,2021-05-07 10:47:57.203,2021-05-07 10:47:59.183,0.021,3,3,0.99999994,5.812219e-14,5.3435504e-18,1.7776198e-15,0.99999994
511,167,walking,2021-05-07 10:47:58.203,2021-05-07 10:48:00.184,0.021,3,3,0.99999994,7.6571304e-14,1.0585246e-17,3.5069186e-15,0.99999994
511,167,walking,2021-05-07 10:47:59.203,2021-05-07 10:48:01.184,0.021,3,3,0.99999994,1.4785644e-14,5.748688e-19,2.1234935e-16,0.99999994
511,167,walking,2021-05-07 10:48:00.204,2021-05-07 10:48:02.184,0.021,3,3,0.99999994,1.09103285e-13,1.2017601e-17,3.2123525e-15,0.99999994
511,167,walking,2021-05-07 10:48:01.204,2021-05-07 10:48:03.184,0.021,3,3,0.99999994,6.639201e-12,1.02957354e-14,1.3147555e-12,0.99999994
511,167,walking,2021-05-07 10:48:02.204,2021-05-07 10:48:04.184,0.021,3,3,0.99999994,2.1318943e-12,1.2070264e-15,1.9299841e-13,0.99999994
511,167,walking,2021-05-07 10:48:03.204,2021-05-07 10:48:05.184,0.021,3,3,0.99999994,3.0865848e-12,2.1406555e-15,3.2780826e-13,0.99999994
511,167,walking,2021-05-07 10:48:04.204,2021-05-07 10:48:06.184,0.021,3,3,0.99999994,1.0427915e-10,8.7970007e-13,6.801317e-11,0.99999994
511,167,walking,2021-05-07 10:48:05.204,2021-05-07 10:48:07.184,0.021,3,3,0.99999994,7.71994e-10,1.5534634e-11,7.725199e-10,0.99999994
511,167,walking,2021-05-07 10:48:06.204,2021-05-07 10:48:08.184,0.021,3,3,0.99999994,1.2350826e-11,1.3625463e-14,1.4317203e-12,0.99999994
511,167,walking,2021-05-07 10:48:07.204,2021-05-07 10:48:09.184,0.021,3,3,0.99999994,4.5107676e-12,5.5234116e-15,6.171627e-13,0.99999994
511,167,walking,2021-05-07 10:48:08.204,2021-05-07 10:48:10.184,0.021,3,3,0.99999994,1.8251063e-12,9.616354e-16,1.4978643e-13,0.99999994
511,167,walking,2021-05-07 10:48:09.204,2021-05-07 10:48:11.184,0.021,3,3,0.99999994,1.5610398e-12,8.696207e-16,1.5925018e-13,0.99999994
511,167,walking,2021-05-07 10:48:10.204,2021-05-07 10:48:12.184,0.021,3,3,0.99999994,3.499058e-13,1.215973e-16,3.076865e-14,0.99999994
511,167,walking,2021-05-07 10:48:11.204,2021-05-07 10:48:13.184,0.021,3,3,0.99999994,3.35016e-13,2.2426934e-16,4.7923952e-14,0.99999994
511,167,walking,2021-05-07 10:48:12.204,2021-05-07 10:48:14.184,0.021,3,3,0.99999994,7.190555e-12,1.8727277e-14,2.3317479e-12,0.99999994
511,168,standing,2021-05-07 10:48:15.163,2021-05-07 10:48:17.144,0.021,2,2,0.70196664,0.00030320603,0.09639967,0.70196664,0.20133051
511,168,standing,2021-05-07 10:48:16.163,2021-05-07 10:48:18.144,0.021,2,2,0.86779,0.0001492658,0.12836434,0.86779,0.0036964596
511,168,standing,2021-05-07 10:48:17.163,2021-05-07 10:48:19.144,0.021,2,2,0.8384246,0.0001503454,0.15893571,0.8384246,0.0024894124
511,168,standing,2021-05-07 10:48:18.163,2021-05-07 10:48:20.144,0.021,2,2,0.8204465,0.0001643506,0.1760205,0.8204465,0.003368697
511,168,standing,2021-05-07 10:48:19.163,2021-05-07 10:48:21.144,0.021,2,2,0.7876151,0.00016102259,0.20974061,0.7876151,0.0024830997
511,168,standing,2021-05-07 10:48:20.163,2021-05-07 10:48:22.144,0.021,2,2,0.7546868,0.00013960627,0.2439171,0.7546868,0.0012564325
511,168,standing,2021-05-07 10:48:21.163,2021-05-07 10:48:23.144,0.021,2,2,0.7608712,0.00012555823,0.23819922,0.7608712,0.0008039819
511,168,standing,2021-05-07 10:48:22.163,2021-05-07 10:48:24.144,0.021,2,2,0.7817362,0.00013143757,0.2172612,0.7817362,0.000871145
511,168,standing,2021-05-07 10:48:23.163,2021-05-07 10:48:25.144,0.021,2,2,0.8055084,0.00014209967,0.19308561,0.8055084,0.0012638794
511,168,standing,2021-05-07 10:48:24.163,2021-05-07 10:48:26.144,0.021,2,2,0.82765204,0.00017995,0.16782403,0.82765204,0.0043440615
511,169,walking,2021-05-07 10:48:26.684,2021-05-07 10:48:28.663,0.021,3,3,0.99999994,2.1089208e-10,6.0740245e-12,4.4792647e-10,0.99999994
511,169,walking,2021-05-07 10:48:27.684,2021-05-07 10:48:29.663,0.021,3,3,0.99999994,2.755253e-12,3.247517e-15,6.3444286e-13,0.99999994
511,169,walking,2021-05-07 10:48:28.684,2021-05-07 10:48:30.663,0.021,3,3,0.99999994,2.4874395e-13,4.7411197e-17,1.445405e-14,0.99999994
511,169,walking,2021-05-07 10:48:29.684,2021-05-07 10:48:31.663,0.021,3,3,0.99999994,8.72852e-14,8.790788e-18,2.7906633e-15,0.99999994
511,169,walking,2021-05-07 10:48:30.684,2021-05-07 10:48:32.664,0.021,3,3,0.99999994,4.718845e-13,1.2469381e-16,2.898762e-14,0.99999994
511,169,walking,2021-05-07 10:48:31.684,2021-05-07 10:48:33.664,0.021,3,3,0.99999994,9.455569e-13,5.9932023e-16,1.0581634e-13,0.99999994
511,169,walking,2021-05-07 10:48:32.683,2021-05-07 10:48:34.664,0.021,3,3,0.99999994,7.657612e-14,1.9713552e-17,5.3889206e-15,0.99999994
511,169,walking,2021-05-07 10:48:33.683,2021-05-07 10:48:35.664,0.021,3,3,0.99999994,3.1262844e-14,3.724811e-18,1.1341992e-15,0.99999994
511,169,walking,2021-05-07 10:48:34.683,2021-05-07 10:48:36.664,0.021,3,3,0.99999994,2.0272577e-15,3.228819e-20,1.6973736e-17,0.99999994
511,169,walking,2021-05-07 10:48:35.683,2021-05-07 10:48:37.664,0.021,3,3,0.99999994,1.3302182e-15,1.049941e-20,6.331864e-18,0.99999994
511,169,walking,2021-05-07 10:48:36.683,2021-05-07 10:48:38.664,0.021,3,3,0.99999994,1.6171528e-15,1.8489424e-20,1.0621204e-17,0.99999994
511,169,walking,2021-05-07 10:48:37.683,2021-05-07 10:48:39.664,0.021,3,3,0.99999994,2.3418038e-15,3.5767732e-20,1.913672e-17,0.99999994
511,169,walking,2021-05-07 10:48:38.683,2021-05-07 10:48:40.664,0.021,3,3,0.99999994,2.647026e-14,1.7812487e-18,6.590411e-16,0.99999994
511,169,walking,2021-05-07 10:48:39.683,2021-05-07 10:48:41.664,0.021,3,3,0.99999994,3.0036886e-13,5.8841447e-17,1.4088583e-14,0.99999994
511,169,walking,2021-05-07 10:48:40.683,2021-05-07 10:48:42.664,0.021,3,3,0.99999994,1.0652292e-12,5.095026e-16,9.1769264e-14,0.99999994
511,169,walking,2021-05-07 10:48:41.683,2021-05-07 10:48:43.664,0.021,3,3,0.99999994,6.6857487e-12,1.1022393e-14,1.6034568e-12,0.99999994
511,169,walking,2021-05-07 10:48:42.683,2021-05-07 10:48:44.664,0.021,3,3,0.99999994,1.6455105e-11,4.7257517e-14,6.0431013e-12,0.99999994
511,169,walking,2021-05-07 10:48:43.683,2021-05-07 10:48:45.664,0.021,3,3,0.99999994,2.2189175e-12,2.2095848e-15,3.4068855e-13,0.99999994
511,169,walking,2021-05-07 10:48:44.683,2021-05-07 10:48:46.664,0.021,3,3,0.99999994,1.7384556e-12,1.2597233e-15,2.0461199e-13,0.99999994
511,169,walking,2021-05-07 10:48:45.683,2021-05-07 10:48:47.664,0.021,3,3,0.99999994,6.478563e-13,2.2366103e-16,4.9679475e-14,0.99999994
511,169,walking,2021-05-07 10:48:46.683,2021-05-07 10:48:48.664,0.021,3,3,0.99999994,1.0998044e-12,6.1817724e-16,1.2419745e-13,0.99999994
511,169,walking,2021-05-07 10:48:47.683,2021-05-07 10:48:49.664,0.021,3,3,0.99999994,2.8349426e-13,5.69248e-17,1.5560439e-14,0.99999994
511,169,walking,2021-05-07 10:48:48.683,2021-05-07 10:48:50.664,0.021,3,3,0.99999994,5.340466e-13,1.5179513e-16,3.392935e-14,0.99999994
511,169,walking,2021-05-07 10:48:49.683,2021-05-07 10:48:51.664,0.021,3,3,0.99999994,1.2652491e-12,4.8690387e-16,7.768106e-14,0.99999994
511,169,walking,2021-05-07 10:48:50.683,2021-05-07 10:48:52.664,0.021,3,3,0.99999994,3.398591e-13,5.1402562e-17,1.3350458e-14,0.99999994
511,169,walking,2021-05-07 10:48:51.683,2021-05-07 10:48:53.664,0.021,3,3,0.99999994,4.2692182e-12,2.4576464e-15,4.690436e-13,0.99999994
511,169,walking,2021-05-07 10:48:52.683,2021-05-07 10:48:54.664,0.021,3,3,0.99999994,2.8916637e-12,1.089256e-15,1.829368e-13,0.99999994
511,169,walking,2021-05-07 10:48:53.683,2021-05-07 10:48:55.664,0.021,3,3,0.99999994,1.0448724e-13,8.973888e-18,2.731514e-15,0.99999994
511,169,walking,2021-05-07 10:48:54.683,2021-05-07 10:48:56.664,0.021,3,3,0.99999994,2.00012e-14,1.7138076e-18,5.280616e-16,0.99999994
511,169,walking,2021-05-07 10:48:55.683,2021-05-07 10:48:57.664,0.021,3,3,0.99999994,3.0447155e-14,3.1241146e-18,8.343177e-16,0.99999994
511,169,walking,2021-05-07 10:48:56.683,2021-05-07 10:48:58.664,0.021,3,3,0.99999994,1.1237218e-14,5.9779407e-19,2.0911461e-16,0.99999994
511,169,walking,2021-05-07 10:48:57.683,2021-05-07 10:48:59.664,0.021,3,3,0.99999994,1.7717817e-14,8.220524e-19,3.3244643e-16,0.99999994
511,169,walking,2021-05-07 10:48:58.683,2021-05-07 10:49:00.664,0.021,3,3,0.99999994,2.6686227e-13,5.0905552e-17,1.1219528e-14,0.99999994
511,169,walking,2021-05-07 10:48:59.683,2021-05-07 10:49:01.664,0.021,3,3,0.99999994,1.9439164e-12,1.2524067e-15,1.7314194e-13,0.99999994
511,169,walking,2021-05-07 10:49:00.684,2021-05-07 10:49:02.664,0.021,3,3,0.99999994,1.3317072e-13,1.374077e-17,2.9285199e-15,0.99999994
511,169,walking,2021-05-07 10:49:01.684,2021-05-07 10:49:03.664,0.021,3,3,0.99999994,1.4252975e-13,1.37818746e-17,4.2469343e-15,0.99999994
511,169,walking,2021-05-07 10:49:02.684,2021-05-07 10:49:04.664,0.021,3,3,0.99999994,3.4302266e-14,2.7894778e-18,9.99607e-16,0.99999994
511,169,walking,2021-05-07 10:49:03.684,2021-05-07 10:49:05.664,0.021,3,3,0.99999994,4.60037e-14,4.962643e-18,1.4279872e-15,0.99999994
511,169,walking,2021-05-07 10:49:04.684,2021-05-07 10:49:06.664,0.021,3,3,0.99999994,2.1915475e-13,5.411844e-17,1.2863154e-14,0.99999994
511,169,walking,2021-05-07 10:49:05.684,2021-05-07 10:49:07.664,0.021,3,3,0.99999994,6.4146616e-13,1.9807033e-16,4.329428e-14,0.99999994
511,169,walking,2021-05-07 10:49:06.684,2021-05-07 10:49:08.663,0.021,3,3,0.99999994,1.4700009e-12,6.391033e-16,1.2773482e-13,0.99999994
511,169,walking,2021-05-07 10:49:07.684,2021-05-07 10:49:09.663,0.021,3,3,0.99999994,3.589799e-13,1.2831775e-16,3.0166225e-14,0.99999994
511,169,walking,2021-05-07 10:49:08.684,2021-05-07 10:49:10.663,0.021,3,3,0.99999994,2.8291952e-13,8.483745e-17,1.8232743e-14,0.99999994
511,169,walking,2021-05-07 10:49:09.684,2021-05-07 10:49:11.663,0.021,3,3,0.99999994,7.513101e-13,2.231395e-16,4.804568e-14,0.99999994
511,169,walking,2021-05-07 10:49:10.684,2021-05-07 10:49:12.663,0.021,3,3,0.99999994,2.0547325e-12,1.0823224e-15,1.7086517e-13,0.99999994
511,169,walking,2021-05-07 10:49:11.684,2021-05-07 10:49:13.663,0.021,3,3,0.99999994,5.6688096e-12,4.1828626e-15,5.8673015e-13,0.99999994
511,169,walking,2021-05-07 10:49:12.684,2021-05-07 10:49:14.663,0.021,3,3,0.99999994,1.0648797e-12,3.1270627e-16,6.0316484e-14,0.99999994
511,169,walking,2021-05-07 10:49:13.684,2021-05-07 10:49:15.663,0.021,3,3,0.99999994,1.3102461e-13,2.2093887e-17,6.1424496e-15,0.99999994
511,169,walking,2021-05-07 10:49:14.684,2021-05-07 10:49:16.663,0.021,3,3,0.99999994,1.5804087e-15,1.7316808e-20,1.12732665e-17,0.99999994
511,169,walking,2021-05-07 10:49:15.684,2021-05-07 10:49:17.663,0.021,3,3,0.99999994,1.2460883e-14,4.4000286e-19,1.8740194e-16,0.99999994
511,169,walking,2021-05-07 10:49:16.684,2021-05-07 10:49:18.663,0.021,3,3,0.99999994,7.465152e-12,1.3506464e-14,1.5170138e-12,0.99999994
511,169,walking,2021-05-07 10:49:17.684,2021-05-07 10:49:19.663,0.021,3,3,0.99999994,1.8077052e-11,4.4879353e-14,3.8876792e-12,0.99999994
511,169,walking,2021-05-07 10:49:18.684,2021-05-07 10:49:20.663,0.021,3,3,0.99999994,9.294135e-11,5.1038454e-13,3.5985912e-11,0.99999994
511,169,walking,2021-05-07 10:49:19.684,2021-05-07 10:49:21.663,0.021,3,3,0.99999994,1.5239844e-10,1.4408537e-12,9.610274e-11,0.99999994
511,169,walking,2021-05-07 10:49:20.684,2021-05-07 10:49:22.663,0.021,3,3,0.99999994,2.8368156e-12,2.8861324e-15,5.133173e-13,0.99999994
511,169,walking,2021-05-07 10:49:21.684,2021-05-07 10:49:23.663,0.021,3,3,0.99999994,1.8802217e-11,8.0294725e-14,1.2352122e-11,0.99999994
511,169,walking,2021-05-07 10:49:22.684,2021-05-07 10:49:24.663,0.021,3,3,0.9999998,1.0500675e-08,1.3650521e-09,6.336717e-08,0.9999998
511,169,walking,2021-05-07 10:49:23.684,2021-05-07 10:49:25.663,0.021,3,3,0.99999994,7.651063e-09,8.5716395e-10,4.2182258e-08,0.99999994
511,169,walking,2021-05-07 10:49:24.684,2021-05-07 10:49:26.663,0.021,3,3,0.9999985,8.543595e-08,3.9693003e-08,1.2904806e-06,0.9999985
511,169,walking,2021-05-07 10:49:25.684,2021-05-07 10:49:27.663,0.021,3,3,0.9999947,2.2119731e-07,1.8000478e-07,4.8613315e-06,0.9999947
511,169,walking,2021-05-07 10:49:26.684,2021-05-07 10:49:28.663,0.021,3,3,0.9999998,1.5152152e-08,1.7972556e-09,6.3838705e-08,0.9999998
511,169,walking,2021-05-07 10:49:27.684,2021-05-07 10:49:29.663,0.021,3,3,0.99999994,5.596473e-09,3.2341982e-10,1.3359491e-08,0.99999994
511,169,walking,2021-05-07 10:49:28.684,2021-05-07 10:49:30.663,0.021,3,3,0.99999994,5.7490905e-09,4.67148e-10,1.934404e-08,0.99999994
511,169,walking,2021-05-07 10:49:29.684,2021-05-07 10:49:31.663,0.021,3,3,0.99999994,2.530962e-09,2.8159883e-10,1.2611703e-08,0.99999994
511,169,walking,2021-05-07 10:49:30.684,2021-05-07 10:49:32.664,0.021,3,3,0.99999946,3.642549e-08,1.331705e-08,4.237992e-07,0.99999946
511,169,walking,2021-05-07 10:49:31.684,2021-05-07 10:49:33.664,0.021,3,3,0.9999997,1.9015859e-08,4.766599e-09,1.7268353e-07,0.9999997
511,169,walking,2021-05-07 10:49:32.683,2021-05-07 10:49:34.664,0.021,3,3,0.9999996,3.510504e-08,7.1194215e-09,2.5738478e-07,0.9999996
511,169,walking,2021-05-07 10:49:33.683,2021-05-07 10:49:35.664,0.021,3,3,0.9999998,1.16793e-08,1.6516847e-09,6.365353e-08,0.9999998
511,169,walking,2021-05-07 10:49:34.683,2021-05-07 10:49:36.664,0.021,3,3,0.9999998,2.0211338e-08,2.651444e-09,9.96223e-08,0.9999998
511,169,walking,2021-05-07 10:49:35.683,2021-05-07 10:49:37.664,0.021,3,3,0.9999998,1.4582386e-08,2.265263e-09,8.654379e-08,0.9999998
511,169,walking,2021-05-07 10:49:36.683,2021-05-07 10:49:38.664,0.021,3,3,0.99999994,7.0760895e-09,8.500621e-10,4.2386063e-08,0.99999994
511,169,walking,2021-05-07 10:49:37.683,2021-05-07 10:49:39.664,0.021,3,3,0.99999994,5.1085705e-09,4.0351789e-10,2.2632518e-08,0.99999994
511,169,walking,2021-05-07 10:49:38.683,2021-05-07 10:49:40.664,0.021,3,3,0.99999994,2.5201092e-09,9.472548e-11,5.3934515e-09,0.99999994
511,169,walking,2021-05-07 10:49:39.683,2021-05-07 10:49:41.664,0.021,3,3,0.9999983,7.7164316e-08,5.795545e-08,1.47451e-06,0.9999983
511,169,walking,2021-05-07 10:49:40.683,2021-05-07 10:49:42.664,0.021,3,3,0.99998695,3.6376318e-07,6.678905e-07,1.1988569e-05,0.99998695
511,169,walking,2021-05-07 10:49:41.683,2021-05-07 10:49:43.664,0.021,3,3,0.9998603,2.6702887e-06,7.968825e-06,0.00012903515,0.9998603
511,169,walking,2021-05-07 10:49:42.683,2021-05-07 10:49:44.664,0.021,3,3,0.9998069,2.3420348e-06,1.03790435e-05,0.00018036332,0.9998069
511,169,walking,2021-05-07 10:49:43.683,2021-05-07 10:49:45.664,0.021,3,3,0.99887955,9.709539e-06,8.0176e-05,0.0010305132,0.99887955
511,170,sitting,2021-05-07 10:49:47.683,2021-05-07 10:49:49.664,0.021,1,2,0.8827842,6.0935952e-05,0.11421554,0.8827842,0.0029393197
511,170,sitting,2021-05-07 10:49:48.683,2021-05-07 10:49:50.664,0.021,1,2,0.84347486,4.9269693e-05,0.15578626,0.84347486,0.00068954536
511,170,sitting,2021-05-07 10:49:49.683,2021-05-07 10:49:51.664,0.021,1,2,0.8210689,5.0238148e-05,0.17747536,0.8210689,0.0014055052
511,170,sitting,2021-05-07 10:49:50.683,2021-05-07 10:49:52.664,0.021,1,2,0.7714412,3.6561196e-05,0.22667545,0.7714412,0.0018466737
511,170,sitting,2021-05-07 10:49:51.683,2021-05-07 10:49:53.664,0.021,1,2,0.7058171,3.535636e-05,0.29327157,0.7058171,0.0008759203
511,170,sitting,2021-05-07 10:49:52.683,2021-05-07 10:49:54.664,0.021,1,2,0.7386998,3.350444e-05,0.26020682,0.7386998,0.0010598449
511,170,sitting,2021-05-07 10:49:53.683,2021-05-07 10:49:55.664,0.021,1,2,0.7821927,3.3052216e-05,0.21615195,0.7821927,0.0016222679
511,170,sitting,2021-05-07 10:49:54.683,2021-05-07 10:49:56.664,0.021,1,2,0.7686708,3.5486126e-05,0.22969471,0.7686708,0.0015991052
511,170,sitting,2021-05-07 10:49:55.683,2021-05-07 10:49:57.664,0.021,1,2,0.73282,3.6722242e-05,0.26600257,0.73282,0.0011407733
511,170,sitting,2021-05-07 10:49:56.683,2021-05-07 10:49:58.664,0.021,1,2,0.74320906,3.6131067e-05,0.25559074,0.74320906,0.0011639679
511,170,sitting,2021-05-07 10:49:57.683,2021-05-07 10:49:59.664,0.021,1,2,0.7735572,3.465548e-05,0.22488607,0.7735572,0.0015220502
511,170,sitting,2021-05-07 10:49:58.683,2021-05-07 10:50:00.664,0.021,1,2,0.7887899,3.2642758e-05,0.20967858,0.7887899,0.0014988079
511,170,sitting,2021-05-07 10:49:59.683,2021-05-07 10:50:01.664,0.021,1,2,0.8104661,2.9453633e-05,0.18807922,0.8104661,0.0014251408
511,170,sitting,2021-05-07 10:50:00.684,2021-05-07 10:50:02.664,0.021,1,2,0.8676678,2.8119766e-05,0.1277908,0.8676678,0.00451328
511,170,sitting,2021-05-07 10:50:01.684,2021-05-07 10:50:03.664,0.021,1,2,0.86042583,4.2217293e-05,0.10121045,0.86042583,0.038321417
511,170,sitting,2021-05-07 10:50:02.684,2021-05-07 10:50:04.664,0.021,1,2,0.8101928,4.7252895e-05,0.08113335,0.8101928,0.10862664
511,170,sitting,2021-05-07 10:50:03.684,2021-05-07 10:50:05.664,0.021,1,2,0.8299142,3.5385732e-05,0.077350095,0.8299142,0.092700414
511,170,sitting,2021-05-07 10:50:04.684,2021-05-07 10:50:06.664,0.021,1,2,0.8546509,3.3252898e-05,0.12943986,0.8546509,0.01587598
511,170,sitting,2021-05-07 10:50:05.684,2021-05-07 10:50:07.664,0.021,1,2,0.8028259,4.266888e-05,0.19103055,0.8028259,0.0061007314
511,170,sitting,2021-05-07 10:50:06.684,2021-05-07 10:50:08.663,0.021,1,2,0.82286304,5.456753e-05,0.13526547,0.82286304,0.04181691
511,170,sitting,2021-05-07 10:50:07.684,2021-05-07 10:50:09.663,0.021,1,2,0.9044239,9.739833e-06,0.07613816,0.9044239,0.01942819
511,170,sitting,2021-05-07 10:50:08.684,2021-05-07 10:50:10.663,0.021,1,2,0.92377603,6.4680057e-06,0.06704342,0.92377603,0.009174069
511,170,sitting,2021-05-07 10:50:09.684,2021-05-07 10:50:11.663,0.021,1,2,0.8943062,2.5239138e-05,0.08742359,0.8943062,0.018244902
511,170,sitting,2021-05-07 10:50:10.684,2021-05-07 10:50:12.663,0.021,1,2,0.85672355,3.108575e-05,0.1367604,0.85672355,0.006484866
511,170,sitting,2021-05-07 10:50:11.684,2021-05-07 10:50:13.663,0.021,1,2,0.812478,3.1956948e-05,0.18412997,0.812478,0.003360095
511,170,sitting,2021-05-07 10:50:12.684,2021-05-07 10:50:14.663,0.021,1,2,0.8437966,2.5180914e-05,0.15324098,0.8437966,0.0029372182
511,170,sitting,2021-05-07 10:50:13.684,2021-05-07 10:50:15.663,0.021,1,2,0.8439263,2.4271396e-05,0.15351157,0.8439263,0.0025377786
511,170,sitting,2021-05-07 10:50:14.684,2021-05-07 10:50:16.663,0.021,1,2,0.8444583,2.151571e-05,0.1534834,0.8444583,0.002036818
511,170,sitting,2021-05-07 10:50:15.684,2021-05-07 10:50:17.663,0.021,1,2,0.85493547,2.1112313e-05,0.14251591,0.85493547,0.0025274951
511,170,sitting,2021-05-07 10:50:16.684,2021-05-07 10:50:18.663,0.021,1,2,0.84913385,2.2018396e-05,0.14837141,0.84913385,0.0024727376
511,170,sitting,2021-05-07 10:50:17.684,2021-05-07 10:50:19.663,0.021,1,2,0.8449687,2.227435e-05,0.15277472,0.8449687,0.002234343
511,170,sitting,2021-05-07 10:50:18.684,2021-05-07 10:50:20.663,0.021,1,2,0.8377499,3.1604875e-05,0.15815058,0.8377499,0.0040679034
511,170,sitting,2021-05-07 10:50:19.684,2021-05-07 10:50:21.663,0.021,1,2,0.868714,0.00013786067,0.10074046,0.868714,0.030407678
511,170,sitting,2021-05-07 10:50:20.684,2021-05-07 10:50:22.663,0.021,1,2,0.9256067,0.00012809211,0.069957115,0.9256067,0.0043080067
511,170,sitting,2021-05-07 10:50:21.684,2021-05-07 10:50:23.663,0.021,1,2,0.90934575,0.00011160583,0.086471766,0.90934575,0.00407071
511,170,sitting,2021-05-07 10:50:22.684,2021-05-07 10:50:24.663,0.021,1,2,0.8402381,3.8291815e-05,0.15681233,0.8402381,0.002911419
511,170,sitting,2021-05-07 10:50:23.684,2021-05-07 10:50:25.663,0.021,1,2,0.8047996,3.1472402e-05,0.1936035,0.8047996,0.0015654273
511,170,sitting,2021-05-07 10:50:24.684,2021-05-07 10:50:26.663,0.021,1,2,0.7722856,2.8918783e-05,0.22673568,0.7722856,0.0009499478
511,170,sitting,2021-05-07 10:50:25.684,2021-05-07 10:50:27.663,0.021,1,2,0.7540386,3.6593203e-05,0.24416472,0.7540386,0.0017601672
511,170,sitting,2021-05-07 10:50:26.684,2021-05-07 10:50:28.663,0.021,1,2,0.7326664,4.091708e-05,0.2652796,0.7326664,0.0020130964
511,170,sitting,2021-05-07 10:50:27.684,2021-05-07 10:50:29.663,0.021,1,2,0.740615,4.2452823e-05,0.2567681,0.740615,0.0025743758
511,170,sitting,2021-05-07 10:50:28.684,2021-05-07 10:50:30.663,0.021,1,2,0.7733583,5.3610354e-05,0.2209074,0.7733583,0.005680688
511,170,sitting,2021-05-07 10:50:29.684,2021-05-07 10:50:31.663,0.021,1,2,0.7666895,0.00012248881,0.1833094,0.7666895,0.049878597
511,170,sitting,2021-05-07 10:50:30.684,2021-05-07 10:50:32.664,0.021,1,2,0.7723872,7.0775626e-05,0.21503028,0.7723872,0.012511693
511,170,sitting,2021-05-07 10:50:31.684,2021-05-07 10:50:33.664,0.021,1,2,0.6692324,3.5668876e-05,0.3300958,0.6692324,0.00063607184
511,170,sitting,2021-05-07 10:50:32.683,2021-05-07 10:50:34.664,0.021,1,2,0.7085521,3.602199e-05,0.2905355,0.7085521,0.0008763425
511,170,sitting,2021-05-07 10:50:33.683,2021-05-07 10:50:35.664,0.021,1,2,0.742615,4.151201e-05,0.25541174,0.742615,0.0019317826
511,170,sitting,2021-05-07 10:50:34.683,2021-05-07 10:50:36.664,0.021,1,2,0.70331883,4.279633e-05,0.29503214,0.70331883,0.0016062221
511,170,sitting,2021-05-07 10:50:35.683,2021-05-07 10:50:37.664,0.021,1,2,0.6868813,3.625144e-05,0.31204367,0.6868813,0.0010387376
511,170,sitting,2021-05-07 10:50:36.683,2021-05-07 10:50:38.664,0.021,1,2,0.71601295,3.907572e-05,0.2823969,0.71601295,0.001550988
511,170,sitting,2021-05-07 10:50:37.683,2021-05-07 10:50:39.664,0.021,1,2,0.685593,3.801704e-05,0.31340936,0.685593,0.00095958146
511,170,sitting,2021-05-07 10:50:38.683,2021-05-07 10:50:40.664,0.021,1,2,0.69631946,3.5416808e-05,0.302858,0.69631946,0.0007871183
511,170,sitting,2021-05-07 10:50:39.683,2021-05-07 10:50:41.664,0.021,1,2,0.68392533,3.681388e-05,0.315346,0.68392533,0.0006918611
511,171,walking,2021-05-07 10:50:45.683,2021-05-07 10:50:47.664,0.021,3,3,0.9999998,9.972682e-09,1.7516151e-09,8.03063e-08,0.9999998
511,171,walking,2021-05-07 10:50:46.683,2021-05-07 10:50:48.664,0.021,3,3,0.9999983,1.1736701e-07,4.98215e-08,1.4905954e-06,0.9999983
511,171,walking,2021-05-07 10:50:47.683,2021-05-07 10:50:49.664,0.021,3,3,0.99999994,7.712464e-10,1.468166e-11,1.4401196e-09,0.99999994
511,171,walking,2021-05-07 10:50:48.683,2021-05-07 10:50:50.664,0.021,3,3,0.9999998,1.2354331e-08,1.03292e-09,5.1058542e-08,0.9999998
511,171,walking,2021-05-07 10:50:49.683,2021-05-07 10:50:51.664,0.021,3,3,0.999996,1.9385674e-07,1.3798198e-07,3.6188048e-06,0.999996
511,171,walking,2021-05-07 10:50:50.683,2021-05-07 10:50:52.664,0.021,3,3,0.9999997,2.264132e-08,5.546579e-09,2.2994219e-07,0.9999997
511,171,walking,2021-05-07 10:50:51.683,2021-05-07 10:50:53.664,0.021,3,3,0.99999934,3.911255e-08,1.7752466e-08,5.673494e-07,0.99999934
511,171,walking,2021-05-07 10:50:52.683,2021-05-07 10:50:54.664,0.021,3,3,0.9999986,9.044272e-08,4.0215394e-08,1.1649008e-06,0.9999986
511,171,walking,2021-05-07 10:50:53.683,2021-05-07 10:50:55.664,0.021,3,3,0.99999934,4.8850744e-08,1.3257339e-08,4.852037e-07,0.99999934
511,171,walking,2021-05-07 10:50:54.683,2021-05-07 10:50:56.664,0.021,3,3,0.9999972,1.2365467e-07,7.8140715e-08,2.5068196e-06,0.9999972
511,171,walking,2021-05-07 10:50:55.683,2021-05-07 10:50:57.664,0.021,3,3,0.99999994,4.5956465e-09,3.452821e-10,2.3157217e-08,0.99999994
511,171,walking,2021-05-07 10:50:56.683,2021-05-07 10:50:58.664,0.021,3,3,0.99999994,4.488375e-09,3.5234413e-10,2.1715595e-08,0.99999994
511,171,walking,2021-05-07 10:50:57.683,2021-05-07 10:50:59.664,0.021,3,3,0.99999994,3.9853028e-09,1.9933527e-10,1.1436201e-08,0.99999994
511,171,walking,2021-05-07 10:50:58.683,2021-05-07 10:51:00.664,0.021,3,3,0.99999994,1.1083411e-09,2.8293331e-11,1.9071573e-09,0.99999994
511,171,walking,2021-05-07 10:50:59.683,2021-05-07 10:51:01.664,0.021,3,3,0.99999994,5.554857e-10,1.0730788e-11,1.0821689e-09,0.99999994
511,171,walking,2021-05-07 10:51:00.684,2021-05-07 10:51:02.664,0.021,3,3,0.99999994,2.1578919e-09,5.7008863e-11,4.0260555e-09,0.99999994
511,171,walking,2021-05-07 10:51:01.684,2021-05-07 10:51:03.664,0.021,3,3,0.99999994,5.1799975e-10,1.2587988e-11,8.0011603e-10,0.99999994
511,171,walking,2021-05-07 10:51:02.684,2021-05-07 10:51:04.664,0.021,3,3,0.99999994,4.1167125e-10,7.31804e-12,5.0211046e-10,0.99999994
511,171,walking,2021-05-07 10:51:03.684,2021-05-07 10:51:05.664,0.021,3,3,0.99999994,9.211159e-10,3.553005e-11,2.2880082e-09,0.99999994
511,171,walking,2021-05-07 10:51:04.684,2021-05-07 10:51:06.664,0.021,3,3,0.99999994,6.3633716e-09,7.4478373e-10,3.6620634e-08,0.99999994
511,171,walking,2021-05-07 10:51:05.684,2021-05-07 10:51:07.664,0.021,3,3,0.99999887,6.289449e-08,2.4239291e-08,9.936778e-07,0.99999887
511,171,walking,2021-05-07 10:51:06.684,2021-05-07 10:51:08.663,0.021,3,3,0.9999977,9.925547e-08,5.900241e-08,2.1314997e-06,0.9999977
511,171,walking,2021-05-07 10:51:07.684,2021-05-07 10:51:09.663,0.021,3,3,0.9999891,2.745426e-07,3.6779682e-07,1.0243314e-05,0.9999891
511,171,walking,2021-05-07 10:51:08.684,2021-05-07 10:51:10.663,0.021,3,3,0.9998905,1.1481545e-06,4.799684e-06,0.00010349156,0.9998905
511,171,walking,2021-05-07 10:51:09.684,2021-05-07 10:51:11.663,0.021,3,3,0.9991819,4.2559464e-06,4.0682764e-05,0.00077315123,0.9991819
511,171,walking,2021-05-07 10:51:10.684,2021-05-07 10:51:12.663,0.021,3,3,0.99993116,5.7161407e-07,2.802448e-06,6.5382366e-05,0.99993116
511,171,walking,2021-05-07 10:51:11.684,2021-05-07 10:51:13.663,0.021,3,3,0.9999841,4.560685e-07,6.542182e-07,1.4744533e-05,0.9999841
511,171,walking,2021-05-07 10:51:12.684,2021-05-07 10:51:14.663,0.021,3,3,0.9999977,7.0537084e-08,6.347905e-08,2.1590288e-06,0.9999977
511,171,walking,2021-05-07 10:51:13.684,2021-05-07 10:51:15.663,0.021,3,3,0.99994105,1.0411254e-06,2.598658e-06,5.5302407e-05,0.99994105
511,171,walking,2021-05-07 10:51:14.684,2021-05-07 10:51:16.663,0.021,3,3,0.9999669,7.1715175e-07,1.2653067e-06,3.1007883e-05,0.9999669
511,171,walking,2021-05-07 10:51:15.684,2021-05-07 10:51:17.663,0.021,3,3,0.9999154,1.497389e-06,3.627099e-06,7.9330224e-05,0.9999154
511,171,walking,2021-05-07 10:51:16.684,2021-05-07 10:51:18.663,0.021,3,3,0.99989694,1.1147167e-06,3.9727565e-06,9.789191e-05,0.99989694
511,171,walking,2021-05-07 10:51:17.684,2021-05-07 10:51:19.663,0.021,3,3,0.9998486,2.7209328e-06,6.4560454e-06,0.00014227271,0.9998486
511,171,walking,2021-05-07 10:51:18.684,2021-05-07 10:51:20.663,0.021,3,3,0.99982214,2.14559e-06,8.038874e-06,0.00016765998,0.99982214
511,171,walking,2021-05-07 10:51:19.684,2021-05-07 10:51:21.663,0.021,3,3,0.99960035,5.4143266e-06,2.352161e-05,0.00037077372,0.99960035
511,171,walking,2021-05-07 10:51:20.684,2021-05-07 10:51:22.663,0.021,3,3,0.9998734,1.3097065e-06,5.5502314e-06,0.00011987225,0.9998734
511,171,walking,2021-05-07 10:51:21.684,2021-05-07 10:51:23.663,0.021,3,3,0.99999255,2.8749562e-07,1.8002275e-07,6.8708123e-06,0.99999255
511,171,walking,2021-05-07 10:51:22.684,2021-05-07 10:51:24.663,0.021,3,3,0.99999565,2.3175421e-07,1.10158496e-07,4.0091595e-06,0.99999565
511,171,walking,2021-05-07 10:51:23.684,2021-05-07 10:51:25.663,0.021,3,3,0.9999909,4.2118145e-07,3.067485e-07,8.345165e-06,0.9999909
511,171,walking,2021-05-07 10:51:24.684,2021-05-07 10:51:26.663,0.021,3,3,0.99993163,1.1641132e-06,3.0402668e-06,6.406187e-05,0.99993163
511,171,walking,2021-05-07 10:51:25.684,2021-05-07 10:51:27.663,0.021,3,3,0.99998564,3.6546373e-07,4.1830313e-07,1.350099e-05,0.99998564
511,171,walking,2021-05-07 10:51:26.684,2021-05-07 10:51:28.663,0.021,3,3,0.9999992,6.032169e-08,1.4028203e-08,6.605828e-07,0.9999992
511,171,walking,2021-05-07 10:51:27.684,2021-05-07 10:51:29.663,0.021,3,3,0.9999979,1.3227701e-07,4.467571e-08,1.8624388e-06,0.9999979
511,171,walking,2021-05-07 10:51:28.684,2021-05-07 10:51:30.663,0.021,3,3,0.99999565,2.7209006e-07,1.1691236e-07,3.873826e-06,0.99999565
511,171,walking,2021-05-07 10:51:29.684,2021-05-07 10:51:31.663,0.021,3,3,0.9999878,4.1883453e-07,4.314277e-07,1.133175e-05,0.9999878
511,171,walking,2021-05-07 10:51:30.684,2021-05-07 10:51:32.664,0.021,3,3,0.9999891,3.7431053e-07,3.2622023e-07,1.0116805e-05,0.9999891
511,171,walking,2021-05-07 10:51:31.684,2021-05-07 10:51:33.664,0.021,3,3,0.9999977,1.16994364e-07,5.1417192e-08,2.1059036e-06,0.9999977
511,171,walking,2021-05-07 10:51:32.683,2021-05-07 10:51:34.664,0.021,3,3,0.99999684,1.4275325e-07,7.6332746e-08,2.9270725e-06,0.99999684
511,171,walking,2021-05-07 10:51:33.683,2021-05-07 10:51:35.664,0.021,3,3,0.9999797,7.5116174e-07,5.3927823e-07,1.8957076e-05,0.9999797
511,171,walking,2021-05-07 10:51:34.683,2021-05-07 10:51:36.664,0.021,3,3,0.99996024,1.0366176e-06,1.4183472e-06,3.7201116e-05,0.99996024
511,171,walking,2021-05-07 10:51:35.683,2021-05-07 10:51:37.664,0.021,3,3,0.9999965,1.5513237e-07,9.1337746e-08,3.166199e-06,0.9999965
511,171,walking,2021-05-07 10:51:36.683,2021-05-07 10:51:38.664,0.021,3,3,0.99994653,1.2027666e-06,2.1056856e-06,5.009576e-05,0.99994653
511,171,walking,2021-05-07 10:51:37.683,2021-05-07 10:51:39.664,0.021,3,3,0.9998591,2.0252426e-06,5.3614403e-06,0.00013345058,0.9998591
511,171,walking,2021-05-07 10:51:38.683,2021-05-07 10:51:40.664,0.021,3,3,0.99945956,7.0366204e-06,2.862773e-05,0.00050472957,0.99945956
511,171,walking,2021-05-07 10:51:39.683,2021-05-07 10:51:41.664,0.021,3,3,0.9999041,1.2810438e-06,3.8037385e-06,9.072386e-05,0.9999041
511,171,walking,2021-05-07 10:51:40.683,2021-05-07 10:51:42.664,0.021,3,3,0.9999947,2.7353246e-07,1.2545559e-07,4.905187e-06,0.9999947
511,171,walking,2021-05-07 10:51:41.683,2021-05-07 10:51:43.664,0.021,3,3,0.9999817,5.782379e-07,4.5471674e-07,1.7263152e-05,0.9999817
511,171,walking,2021-05-07 10:51:42.683,2021-05-07 10:51:44.664,0.021,3,3,0.99937904,5.7085867e-06,2.8622093e-05,0.00058661326,0.99937904
511,171,walking,2021-05-07 10:51:43.683,2021-05-07 10:51:45.664,0.021,3,3,0.99971294,2.6241116e-06,1.4696516e-05,0.00026970427,0.99971294
511,171,walking,2021-05-07 10:51:44.683,2021-05-07 10:51:46.664,0.021,3,3,0.99980974,3.2789874e-06,9.63339e-06,0.00017739017,0.99980974
511,171,walking,2021-05-07 10:51:45.683,2021-05-07 10:51:47.664,0.021,3,3,0.9999911,2.704399e-07,2.6420437e-07,8.275615e-06,0.9999911
511,171,walking,2021-05-07 10:51:46.683,2021-05-07 10:51:48.664,0.021,3,3,0.9999866,4.2845534e-07,5.009834e-07,1.2440922e-05,0.9999866
511,171,walking,2021-05-07 10:51:47.683,2021-05-07 10:51:49.664,0.021,3,3,0.9999806,4.5831936e-07,7.932109e-07,1.8008912e-05,0.9999806
511,171,walking,2021-05-07 10:51:48.683,2021-05-07 10:51:50.664,0.021,3,3,0.99908656,8.280091e-06,5.473785e-05,0.00085046067,0.99908656
511,171,walking,2021-05-07 10:51:49.683,2021-05-07 10:51:51.664,0.021,3,3,0.99979186,1.8629165e-06,1.0913243e-05,0.00019545182,0.99979186
511,171,walking,2021-05-07 10:51:50.683,2021-05-07 10:51:52.664,0.021,3,3,0.999608,5.9080926e-06,2.7713724e-05,0.00035841262,0.999608
511,171,walking,2021-05-07 10:51:51.683,2021-05-07 10:51:53.664,0.021,3,3,0.99998707,3.3700786e-07,5.275464e-07,1.19623255e-05,0.99998707
511,171,walking,2021-05-07 10:51:52.683,2021-05-07 10:51:54.664,0.021,3,3,0.99996966,6.587452e-07,1.3316312e-06,2.8280745e-05,0.99996966
511,171,walking,2021-05-07 10:51:53.683,2021-05-07 10:51:55.664,0.021,3,3,0.99999696,1.13610575e-07,1.10912985e-07,2.705074e-06,0.99999696
511,171,walking,2021-05-07 10:51:54.683,2021-05-07 10:51:56.664,0.021,3,3,0.9999983,7.900356e-08,5.5940976e-08,1.5117315e-06,0.9999983
511,171,walking,2021-05-07 10:51:55.683,2021-05-07 10:51:57.664,0.021,3,3,0.999991,4.3324033e-07,3.975015e-07,8.073377e-06,0.999991
511,171,walking,2021-05-07 10:51:56.683,2021-05-07 10:51:58.664,0.021,3,3,0.99999934,5.2968755e-08,1.6836832e-08,5.553729e-07,0.99999934
511,171,walking,2021-05-07 10:51:57.683,2021-05-07 10:51:59.664,0.021,3,3,0.99999446,3.7012708e-07,2.039849e-07,4.9682058e-06,0.99999446
511,171,walking,2021-05-07 10:51:58.683,2021-05-07 10:52:00.664,0.021,3,3,0.9999991,6.368336e-08,2.7204466e-08,8.018001e-07,0.9999991
511,171,walking,2021-05-07 10:51:59.683,2021-05-07 10:52:01.664,0.021,3,3,0.9999837,6.328284e-07,7.745955e-07,1.4820839e-05,0.9999837
511,171,walking,2021-05-07 10:52:00.684,2021-05-07 10:52:02.664,0.021,3,3,0.9999998,1.3404591e-08,2.3564222e-09,8.589094e-08,0.9999998
511,171,walking,2021-05-07 10:52:01.684,2021-05-07 10:52:03.664,0.021,3,3,0.9999996,3.3656672e-08,8.035926e-09,2.8638388e-07,0.9999996
511,171,walking,2021-05-07 10:52:02.684,2021-05-07 10:52:04.664,0.021,3,3,0.99999994,6.4190075e-09,6.4384764e-10,2.9127097e-08,0.99999994
511,171,walking,2021-05-07 10:52:03.684,2021-05-07 10:52:05.664,0.021,3,3,0.9999996,3.0857187e-08,8.271364e-09,2.7439992e-07,0.9999996
511,171,walking,2021-05-07 10:52:04.684,2021-05-07 10:52:06.664,0.021,3,3,0.99999946,3.7134285e-08,1.2402182e-08,4.4069154e-07,0.99999946
511,171,walking,2021-05-07 10:52:05.684,2021-05-07 10:52:07.664,0.021,3,3,0.9999979,1.0287821e-07,6.3887306e-08,1.9103436e-06,0.9999979
511,171,walking,2021-05-07 10:52:06.684,2021-05-07 10:52:08.663,0.021,3,3,0.9999997,2.0094024e-08,4.84789e-09,2.1330382e-07,0.9999997
511,171,walking,2021-05-07 10:52:07.684,2021-05-07 10:52:09.663,0.021,3,3,0.99999696,1.4061315e-07,9.855646e-08,2.7274762e-06,0.99999696
511,171,walking,2021-05-07 10:52:08.684,2021-05-07 10:52:10.663,0.021,3,3,0.99999243,2.1465726e-07,2.4548274e-07,7.0730516e-06,0.99999243
511,171,walking,2021-05-07 10:52:09.684,2021-05-07 10:52:11.663,0.021,3,3,0.99999505,1.5072202e-07,1.7127044e-07,4.5789848e-06,0.99999505
511,171,walking,2021-05-07 10:52:10.684,2021-05-07 10:52:12.663,0.021,3,3,0.9999868,3.7049614e-07,4.831227e-07,1.22727515e-05,0.9999868
511,171,walking,2021-05-07 10:52:11.684,2021-05-07 10:52:13.663,0.021,3,3,0.9998498,2.2523388e-06,9.212922e-06,0.00013875146,0.9998498
511,171,walking,2021-05-07 10:52:12.684,2021-05-07 10:52:14.663,0.021,3,3,0.9999996,2.0941675e-08,8.4828224e-09,2.8518278e-07,0.9999996
511,171,walking,2021-05-07 10:52:13.684,2021-05-07 10:52:15.663,0.021,3,3,0.9999997,2.4438325e-08,6.601328e-09,2.5288432e-07,0.9999997
511,171,walking,2021-05-07 10:52:14.684,2021-05-07 10:52:16.663,0.021,3,3,0.9999998,1.7403998e-08,2.9955647e-09,1.1883123e-07,0.9999998
511,171,walking,2021-05-07 10:52:15.684,2021-05-07 10:52:17.663,0.021,3,3,0.9999991,6.1751464e-08,2.3187207e-08,7.3336264e-07,0.9999991
511,171,walking,2021-05-07 10:52:16.684,2021-05-07 10:52:18.663,0.021,3,3,0.9999998,1.6494345e-08,2.9776945e-09,1.1506012e-07,0.9999998
511,171,walking,2021-05-07 10:52:17.684,2021-05-07 10:52:19.663,0.021,3,3,0.9999997,2.5601768e-08,5.476807e-09,1.7678146e-07,0.9999997
511,171,walking,2021-05-07 10:52:18.684,2021-05-07 10:52:20.663,0.021,3,3,0.99999946,4.1931806e-08,1.1267917e-08,4.091772e-07,0.99999946
511,171,walking,2021-05-07 10:52:19.684,2021-05-07 10:52:21.663,0.021,3,3,0.9999992,5.4064383e-08,2.3181196e-08,6.9018e-07,0.9999992
511,171,walking,2021-05-07 10:52:20.684,2021-05-07 10:52:22.663,0.021,3,3,0.99999446,2.3298605e-07,2.1373724e-07,5.039778e-06,0.99999446
511,171,walking,2021-05-07 10:52:21.684,2021-05-07 10:52:23.663,0.021,3,3,0.9999996,3.0152503e-08,1.0687966e-08,3.2623484e-07,0.9999996
511,171,walking,2021-05-07 10:52:22.684,2021-05-07 10:52:24.663,0.021,3,3,0.99999994,8.81544e-10,5.0569514e-11,2.786534e-09,0.99999994
511,171,walking,2021-05-07 10:52:23.684,2021-05-07 10:52:25.663,0.021,3,3,0.99999994,2.237617e-09,1.1536003e-10,5.562302e-09,0.99999994
511,171,walking,2021-05-07 10:52:24.684,2021-05-07 10:52:26.663,0.021,3,3,0.99999994,3.664582e-10,6.556347e-12,4.0155929e-10,0.99999994
511,171,walking,2021-05-07 10:52:25.684,2021-05-07 10:52:27.663,0.021,3,3,0.99999994,1.6538812e-10,2.0306352e-12,1.5384469e-10,0.99999994
511,171,walking,2021-05-07 10:52:26.684,2021-05-07 10:52:28.663,0.021,3,3,0.99999994,3.0863995e-10,7.657138e-12,5.834056e-10,0.99999994
511,171,walking,2021-05-07 10:52:27.684,2021-05-07 10:52:29.663,0.021,3,3,0.9999998,9.763764e-09,1.2610853e-09,4.964647e-08,0.9999998
511,171,walking,2021-05-07 10:52:28.684,2021-05-07 10:52:30.663,0.021,3,3,0.9999998,2.1206283e-08,3.2365441e-09,1.2108971e-07,0.9999998
511,171,walking,2021-05-07 10:52:29.684,2021-05-07 10:52:31.663,0.021,3,3,0.9999998,1.7393877e-08,2.5582088e-09,9.01736e-08,0.9999998
511,171,walking,2021-05-07 10:52:30.684,2021-05-07 10:52:32.664,0.021,3,3,0.99999994,6.969242e-09,1.0836995e-09,4.4895074e-08,0.99999994
511,171,walking,2021-05-07 10:52:31.684,2021-05-07 10:52:33.664,0.021,3,3,0.9999996,3.7619277e-08,9.700426e-09,2.9601227e-07,0.9999996
511,171,walking,2021-05-07 10:52:32.683,2021-05-07 10:52:34.664,0.021,3,3,0.9999998,2.5799958e-08,3.928698e-09,1.2751441e-07,0.9999998
511,171,walking,2021-05-07 10:52:33.683,2021-05-07 10:52:35.664,0.021,3,3,0.9999998,1.5863243e-08,2.751544e-09,9.8723625e-08,0.9999998
511,171,walking,2021-05-07 10:52:34.683,2021-05-07 10:52:36.664,0.021,3,3,0.9999998,8.5115435e-09,1.8049782e-09,7.238842e-08,0.9999998
511,171,walking,2021-05-07 10:52:35.683,2021-05-07 10:52:37.664,0.021,3,3,0.99999875,6.851591e-08,3.4578495e-08,1.0555494e-06,0.99999875
511,171,walking,2021-05-07 10:52:36.683,2021-05-07 10:52:38.664,0.021,3,3,0.9999996,3.2591934e-08,6.9216157e-09,2.6641294e-07,0.9999996
511,171,walking,2021-05-07 10:52:37.683,2021-05-07 10:52:39.664,0.021,3,3,0.9999998,1.5518635e-08,3.3582406e-09,1.1574798e-07,0.9999998
511,171,walking,2021-05-07 10:52:38.683,2021-05-07 10:52:40.664,0.021,3,3,0.9999991,6.87774e-08,2.980535e-08,7.839984e-07,0.9999991
511,171,walking,2021-05-07 10:52:39.683,2021-05-07 10:52:41.664,0.021,3,3,0.99999946,4.9537956e-08,1.6613216e-08,4.4001794e-07,0.99999946
511,171,walking,2021-05-07 10:52:40.683,2021-05-07 10:52:42.664,0.021,3,3,0.9999991,8.255635e-08,2.5288283e-08,6.9953796e-07,0.9999991
511,171,walking,2021-05-07 10:52:41.683,2021-05-07 10:52:43.664,0.021,3,3,0.9999998,1.7854891e-08,3.6025227e-09,1.293836e-07,0.9999998
511,171,walking,2021-05-07 10:52:42.683,2021-05-07 10:52:44.664,0.021,3,3,0.9999998,1.825761e-08,3.37278e-09,1.4218236e-07,0.9999998
511,171,walking,2021-05-07 10:52:43.683,2021-05-07 10:52:45.664,0.021,3,3,0.99999994,4.2736e-09,4.4102658e-10,2.1230647e-08,0.99999994
511,171,walking,2021-05-07 10:52:44.683,2021-05-07 10:52:46.664,0.021,3,3,0.9999998,1.2123767e-08,1.4188692e-09,5.8430818e-08,0.9999998
511,171,walking,2021-05-07 10:52:45.683,2021-05-07 10:52:47.664,0.021,3,3,0.9999992,6.331107e-08,2.3935666e-08,6.6517555e-07,0.9999992
511,171,walking,2021-05-07 10:52:46.683,2021-05-07 10:52:48.664,0.021,3,3,0.9999998,1.0506665e-08,1.6078139e-09,6.247012e-08,0.9999998
511,171,walking,2021-05-07 10:52:47.683,2021-05-07 10:52:49.664,0.021,3,3,0.99999994,1.3369681e-09,6.239417e-11,3.1818301e-09,0.99999994
511,171,walking,2021-05-07 10:52:48.683,2021-05-07 10:52:50.664,0.021,3,3,0.99999994,3.9012042e-09,4.3041434e-10,2.1505832e-08,0.99999994
511,171,walking,2021-05-07 10:52:49.683,2021-05-07 10:52:51.664,0.021,3,3,0.99999946,4.0929528e-08,1.2994525e-08,4.139819e-07,0.99999946
511,171,walking,2021-05-07 10:52:50.683,2021-05-07 10:52:52.664,0.021,3,3,0.9999991,6.56881e-08,2.5216854e-08,8.0072573e-07,0.9999991
511,171,walking,2021-05-07 10:52:51.683,2021-05-07 10:52:53.664,0.021,3,3,0.9999998,1.6221723e-08,2.7987421e-09,1.03678566e-07,0.9999998
511,171,walking,2021-05-07 10:52:52.683,2021-05-07 10:52:54.664,0.021,3,3,0.99999994,1.6522835e-09,8.726603e-11,4.729885e-09,0.99999994
511,171,walking,2021-05-07 10:52:53.683,2021-05-07 10:52:55.664,0.021,3,3,0.99999994,9.367468e-09,9.446175e-10,3.688442e-08,0.99999994
511,171,walking,2021-05-07 10:52:54.683,2021-05-07 10:52:56.664,0.021,3,3,0.99999994,9.959434e-09,8.588545e-10,3.466398e-08,0.99999994
511,171,walking,2021-05-07 10:52:55.683,2021-05-07 10:52:57.664,0.021,3,3,0.99999994,5.4169367e-09,5.821251e-10,2.4904985e-08,0.99999994
511,171,walking,2021-05-07 10:52:56.683,2021-05-07 10:52:58.664,0.021,3,3,0.9999998,1.3068001e-08,3.5154342e-09,1.2359911e-07,0.9999998
511,171,walking,2021-05-07 10:52:57.683,2021-05-07 10:52:59.664,0.021,3,3,0.9999998,8.674618e-09,1.7546848e-09,6.321723e-08,0.9999998
511,171,walking,2021-05-07 10:52:58.683,2021-05-07 10:53:00.664,0.021,3,3,0.9999998,9.92918e-09,1.584896e-09,5.5374496e-08,0.9999998
511,171,walking,2021-05-07 10:52:59.683,2021-05-07 10:53:01.664,0.021,3,3,0.99999994,3.4258678e-09,4.289768e-10,1.798721e-08,0.99999994
511,171,walking,2021-05-07 10:53:00.684,2021-05-07 10:53:02.664,0.021,3,3,0.99999994,8.285246e-09,1.0684602e-09,4.444606e-08,0.99999994
511,171,walking,2021-05-07 10:53:01.684,2021-05-07 10:53:03.664,0.021,3,3,0.9999997,3.3119964e-08,7.408678e-09,2.2150029e-07,0.9999997
511,171,walking,2021-05-07 10:53:02.684,2021-05-07 10:53:04.664,0.021,3,3,0.9999996,4.037807e-08,1.1296863e-08,3.6500978e-07,0.9999996
511,171,walking,2021-05-07 10:53:03.684,2021-05-07 10:53:05.664,0.021,3,3,0.99999875,6.186556e-08,3.819228e-08,1.100543e-06,0.99999875
511,171,walking,2021-05-07 10:53:04.684,2021-05-07 10:53:06.664,0.021,3,3,0.99998647,3.239296e-07,5.075674e-07,1.2651957e-05,0.99998647
511,171,walking,2021-05-07 10:53:05.684,2021-05-07 10:53:07.664,0.021,3,3,0.9999983,9.2306934e-08,5.078031e-08,1.5129416e-06,0.9999983
511,171,walking,2021-05-07 10:53:06.684,2021-05-07 10:53:08.663,0.021,3,3,0.999999,5.836828e-08,2.5880075e-08,8.583457e-07,0.999999
511,171,walking,2021-05-07 10:53:07.684,2021-05-07 10:53:09.663,0.021,3,3,0.9999978,1.3462864e-07,7.385868e-08,1.9761453e-06,0.9999978
511,171,walking,2021-05-07 10:53:08.684,2021-05-07 10:53:10.663,0.021,3,3,0.9999978,1.1573185e-07,7.5420495e-08,1.9126348e-06,0.9999978
511,171,walking,2021-05-07 10:53:09.684,2021-05-07 10:53:11.663,0.021,3,3,0.99999946,4.997193e-08,1.7035692e-08,4.622338e-07,0.99999946
511,171,walking,2021-05-07 10:53:10.684,2021-05-07 10:53:12.663,0.021,3,3,0.99999815,1.079276e-07,6.7640954e-08,1.6025417e-06,0.99999815
511,171,walking,2021-05-07 10:53:11.684,2021-05-07 10:53:13.663,0.021,3,3,0.99999315,2.5754863e-07,2.8653366e-07,6.2651925e-06,0.99999315
511,171,walking,2021-05-07 10:53:12.684,2021-05-07 10:53:14.663,0.021,3,3,0.99999136,2.7890812e-07,3.3819796e-07,7.989648e-06,0.99999136
511,171,walking,2021-05-07 10:53:13.684,2021-05-07 10:53:15.663,0.021,3,3,0.99999243,2.2476695e-07,2.918921e-07,7.0392375e-06,0.99999243
511,171,walking,2021-05-07 10:53:14.684,2021-05-07 10:53:16.663,0.021,3,3,0.9999992,4.935658e-08,1.854823e-08,6.561564e-07,0.9999992
511,171,walking,2021-05-07 10:53:15.684,2021-05-07 10:53:17.663,0.021,3,3,0.9999998,1.0682364e-08,1.5997321e-09,5.9025275e-08,0.9999998
511,171,walking,2021-05-07 10:53:16.684,2021-05-07 10:53:18.663,0.021,3,3,0.99999994,4.022939e-09,3.5103004e-10,1.5538037e-08,0.99999994
511,171,walking,2021-05-07 10:53:17.684,2021-05-07 10:53:19.663,0.021,3,3,0.9999998,1.4831955e-08,3.6624521e-09,1.10439174e-07,0.9999998
511,171,walking,2021-05-07 10:53:18.684,2021-05-07 10:53:20.663,0.021,3,3,0.99999887,7.9728096e-08,3.599863e-08,9.245292e-07,0.99999887
511,171,walking,2021-05-07 10:53:19.684,2021-05-07 10:53:21.663,0.021,3,3,0.99999624,1.5588333e-07,1.4513832e-07,3.3499173e-06,0.99999624
511,171,walking,2021-05-07 10:53:20.684,2021-05-07 10:53:22.663,0.021,3,3,0.99999756,1.5952483e-07,7.712218e-08,2.1251951e-06,0.99999756
511,171,walking,2021-05-07 10:53:21.684,2021-05-07 10:53:23.663,0.021,3,3,0.99999326,2.6164238e-07,2.2849207e-07,6.152609e-06,0.99999326
511,171,walking,2021-05-07 10:53:22.684,2021-05-07 10:53:24.663,0.021,3,3,0.9999965,1.3476719e-07,1.1790979e-07,3.1506834e-06,0.9999965
511,171,walking,2021-05-07 10:53:23.684,2021-05-07 10:53:25.663,0.021,3,3,0.9999998,1.3194683e-08,2.4433282e-09,1.1528155e-07,0.9999998
511,171,walking,2021-05-07 10:53:24.684,2021-05-07 10:53:26.663,0.021,3,3,0.99999994,3.1746223e-09,1.3682577e-10,8.478991e-09,0.99999994
511,171,walking,2021-05-07 10:53:25.684,2021-05-07 10:53:27.663,0.021,3,3,0.99999994,9.4636e-09,7.4564366e-10,3.7011972e-08,0.99999994
511,171,walking,2021-05-07 10:53:26.684,2021-05-07 10:53:28.663,0.021,3,3,0.99999994,2.6847307e-09,2.045163e-10,1.123796e-08,0.99999994
511,171,walking,2021-05-07 10:53:27.684,2021-05-07 10:53:29.663,0.021,3,3,0.9999998,1.6054889e-08,3.9398413e-09,1.5322262e-07,0.9999998
511,171,walking,2021-05-07 10:53:28.684,2021-05-07 10:53:30.663,0.021,3,3,0.9999998,1.6938237e-08,3.3327676e-09,1.4128781e-07,0.9999998
511,171,walking,2021-05-07 10:53:29.684,2021-05-07 10:53:31.663,0.021,3,3,0.99999994,6.473636e-09,7.018288e-10,3.0383205e-08,0.99999994
511,171,walking,2021-05-07 10:53:30.684,2021-05-07 10:53:32.664,0.021,3,3,0.99999994,3.6003867e-09,1.533958e-10,7.218571e-09,0.99999994
511,171,walking,2021-05-07 10:53:31.684,2021-05-07 10:53:33.664,0.021,3,3,0.99999994,3.4519338e-09,1.15624364e-10,5.9806284e-09,0.99999994
511,171,walking,2021-05-07 10:53:32.683,2021-05-07 10:53:34.664,0.021,3,3,0.99999994,1.5246392e-09,5.5929462e-11,3.5997825e-09,0.99999994
511,171,walking,2021-05-07 10:53:33.683,2021-05-07 10:53:35.664,0.021,3,3,0.9999998,1.1263345e-08,1.6066306e-09,6.625564e-08,0.9999998
511,171,walking,2021-05-07 10:53:34.683,2021-05-07 10:53:36.664,0.021,3,3,0.9999996,3.4188904e-08,8.474494e-09,3.0502915e-07,0.9999996
511,171,walking,2021-05-07 10:53:35.683,2021-05-07 10:53:37.664,0.021,3,3,0.9999977,1.2674813e-07,6.517669e-08,2.065158e-06,0.9999977
511,171,walking,2021-05-07 10:53:36.683,2021-05-07 10:53:38.664,0.021,3,3,0.99999934,4.560848e-08,1.4671766e-08,5.0211764e-07,0.99999934
511,171,walking,2021-05-07 10:53:37.683,2021-05-07 10:53:39.664,0.021,3,3,0.9999992,6.391543e-08,1.9743508e-08,6.488057e-07,0.9999992
511,171,walking,2021-05-07 10:53:38.683,2021-05-07 10:53:40.664,0.021,3,3,0.9999998,9.947188e-09,1.8780693e-09,7.1083825e-08,0.9999998
511,171,walking,2021-05-07 10:53:39.683,2021-05-07 10:53:41.664,0.021,3,3,0.9999998,2.2473872e-08,3.4250638e-09,1.3783652e-07,0.9999998
511,171,walking,2021-05-07 10:53:40.683,2021-05-07 10:53:42.664,0.021,3,3,0.9999998,1.738343e-08,2.254384e-09,8.8895554e-08,0.9999998
511,171,walking,2021-05-07 10:53:41.683,2021-05-07 10:53:43.664,0.021,3,3,0.9999998,1.4241026e-08,2.908916e-09,9.506752e-08,0.9999998
511,171,walking,2021-05-07 10:53:42.683,2021-05-07 10:53:44.664,0.021,3,3,0.99994,1.0641036e-06,3.12403e-06,5.577129e-05,0.99994
511,171,walking,2021-05-07 10:53:43.683,2021-05-07 10:53:45.664,0.021,3,3,0.99999994,3.6545116e-09,3.194763e-10,1.6647956e-08,0.99999994
511,171,walking,2021-05-07 10:53:44.683,2021-05-07 10:53:46.664,0.021,3,3,0.9999997,3.1748353e-08,6.785514e-09,2.3394445e-07,0.9999997
511,171,walking,2021-05-07 10:53:45.683,2021-05-07 10:53:47.664,0.021,3,3,0.9999992,4.8756256e-08,2.3863505e-08,6.841184e-07,0.9999992
511,171,walking,2021-05-07 10:53:46.683,2021-05-07 10:53:48.664,0.021,3,3,0.99992794,1.2077062e-06,4.1281046e-06,6.670522e-05,0.99992794
511,171,walking,2021-05-07 10:53:47.683,2021-05-07 10:53:49.664,0.021,3,3,0.99999696,1.3791185e-07,1.2268802e-07,2.6928785e-06,0.99999696
511,171,walking,2021-05-07 10:53:48.683,2021-05-07 10:53:50.664,0.021,3,3,0.99988765,1.7177045e-06,7.250472e-06,0.00010327023,0.99988765
511,171,walking,2021-05-07 10:53:49.683,2021-05-07 10:53:51.664,0.021,3,3,0.99994427,1.0256065e-06,2.9209987e-06,5.176093e-05,0.99994427
511,171,walking,2021-05-07 10:53:50.683,2021-05-07 10:53:52.664,0.021,3,3,0.9999997,1.8524373e-08,5.6556413e-09,1.9882178e-07,0.9999997
511,173,standing,2021-05-07 10:53:54.723,2021-05-07 10:53:56.703,0.021,2,2,0.8577477,0.00025338278,0.08249978,0.8577477,0.0594991
511,173,standing,2021-05-07 10:53:55.723,2021-05-07 10:53:57.703,0.021,2,3,0.65315425,0.00020900037,0.022228077,0.32440865,0.65315425
511,180,walking,2021-05-07 10:54:04.404,2021-05-07 10:54:06.383,0.021,3,3,0.99998003,7.397407e-07,7.5640105e-07,1.840377e-05,0.99998003
511,189,standing,2021-05-07 10:54:11.843,2021-05-07 10:54:13.823,0.021,2,2,0.8280564,0.00012849158,0.17081974,0.8280564,0.0009953032
511,189,standing,2021-05-07 10:54:12.843,2021-05-07 10:54:14.823,0.021,2,2,0.80588233,0.00012046539,0.1933356,0.80588233,0.00066152425
511,189,standing,2021-05-07 10:54:13.843,2021-05-07 10:54:15.823,0.021,2,2,0.7980741,0.00012359893,0.20111908,0.7980741,0.0006831646
511,189,standing,2021-05-07 10:54:14.843,2021-05-07 10:54:16.823,0.021,2,2,0.81442595,0.0001268721,0.18465051,0.81442595,0.00079665484
511,189,standing,2021-05-07 10:54:15.843,2021-05-07 10:54:17.823,0.021,2,2,0.82808757,0.000117412,0.17108777,0.82808757,0.00070715306
511,189,standing,2021-05-07 10:54:16.843,2021-05-07 10:54:18.823,0.021,2,2,0.8282875,0.00010859251,0.17106135,0.8282875,0.0005425992
511,189,standing,2021-05-07 10:54:17.843,2021-05-07 10:54:19.823,0.021,2,2,0.8340487,0.000117471056,0.16510172,0.8340487,0.00073206204
512,0,standing,2021-05-07 15:39:36.939,2021-05-07 15:39:38.919,0.021,2,2,0.79039615,0.0001164297,0.20836899,0.79039615,0.0011184098
512,0,standing,2021-05-07 15:39:37.939,2021-05-07 15:39:39.919,0.021,2,2,0.78090644,0.00012323284,0.21780379,0.78090644,0.0011665086
512,2,standing,2021-05-07 15:39:47.319,2021-05-07 15:39:49.299,0.021,2,2,0.8697413,8.364212e-05,0.12938148,0.8697413,0.000793538
512,2,standing,2021-05-07 15:39:48.319,2021-05-07 15:39:50.299,0.021,2,2,0.8457962,7.9487254e-05,0.1536378,0.8457962,0.00048645106
512,4,walking,2021-05-07 15:39:52.599,2021-05-07 15:39:54.580,0.021,3,3,0.8581189,8.7529246e-05,0.00656935,0.13522425,0.8581189
512,4,walking,2021-05-07 15:39:53.599,2021-05-07 15:39:55.580,0.021,3,3,0.97341096,3.2539978e-05,0.0014215569,0.025134962,0.97341096
512,4,walking,2021-05-07 15:39:54.599,2021-05-07 15:39:56.580,0.021,3,3,0.99728924,5.3367676e-06,0.00012939548,0.0025759726,0.99728924
512,4,walking,2021-05-07 15:39:55.599,2021-05-07 15:39:57.580,0.021,3,3,0.9816995,2.3213877e-05,0.000829812,0.017447427,0.9816995
512,4,walking,2021-05-07 15:39:56.599,2021-05-07 15:39:58.580,0.021,3,3,0.98441446,2.510885e-05,0.000747006,0.014813481,0.98441446
512,4,walking,2021-05-07 15:39:57.599,2021-05-07 15:39:59.580,0.021,3,3,0.9957944,6.3915713e-06,0.00016065,0.0040384266,0.9957944
512,6,walking,2021-05-07 15:40:00.480,2021-05-07 15:40:02.460,0.021,3,3,0.97667104,1.7944987e-05,0.0009439536,0.022367077,0.97667104
512,6,walking,2021-05-07 15:40:01.480,2021-05-07 15:40:03.460,0.021,3,3,0.9986066,3.3293043e-06,5.0392602e-05,0.0013397188,0.9986066
512,6,walking,2021-05-07 15:40:02.480,2021-05-07 15:40:04.460,0.021,3,3,0.8793471,0.00010529566,0.0066236565,0.113923825,0.8793471
512,6,walking,2021-05-07 15:40:03.480,2021-05-07 15:40:05.460,0.021,3,3,0.9941782,9.322882e-06,0.0002760676,0.0055364855,0.9941782
512,6,walking,2021-05-07 15:40:04.480,2021-05-07 15:40:06.460,0.021,3,3,0.9952523,1.0417832e-05,0.0002699572,0.004467216,0.9952523
512,6,walking,2021-05-07 15:40:05.480,2021-05-07 15:40:07.460,0.021,3,3,0.9925514,1.1247364e-05,0.00040118955,0.0070360852,0.9925514
512,6,walking,2021-05-07 15:40:06.480,2021-05-07 15:40:08.460,0.021,3,3,0.99080735,1.3531542e-05,0.00050298875,0.00867618,0.99080735
512,6,walking,2021-05-07 15:40:07.480,2021-05-07 15:40:09.460,0.021,3,3,0.9730169,3.902863e-05,0.0019485491,0.024995552,0.9730169
512,6,walking,2021-05-07 15:40:08.479,2021-05-07 15:40:10.460,0.021,3,3,0.95261604,4.177298e-05,0.0033632438,0.043978922,0.95261604
512,6,walking,2021-05-07 15:40:09.479,2021-05-07 15:40:11.460,0.021,3,3,0.891748,8.690295e-05,0.007949413,0.1002157,0.891748
512,6,walking,2021-05-07 15:40:10.479,2021-05-07 15:40:12.460,0.021,3,3,0.90099937,9.16589e-05,0.008203301,0.090705656,0.90099937
512,6,walking,2021-05-07 15:40:11.479,2021-05-07 15:40:13.460,0.021,3,3,0.8525597,0.00012353645,0.0139408745,0.13337584,0.8525597
512,6,walking,2021-05-07 15:40:12.479,2021-05-07 15:40:14.460,0.021,3,3,0.99001396,1.5943719e-05,0.0005790323,0.009391059,0.99001396
512,6,walking,2021-05-07 15:40:13.479,2021-05-07 15:40:15.460,0.021,3,3,0.97984356,2.2515065e-05,0.0011775685,0.018956443,0.97984356
512,6,walking,2021-05-07 15:40:14.479,2021-05-07 15:40:16.459,0.021,3,3,0.6166795,0.00018331579,0.031202909,0.35193428,0.6166795
512,6,walking,2021-05-07 15:40:15.479,2021-05-07 15:40:17.459,0.021,3,3,0.8518168,0.00011693786,0.0089989,0.13906734,0.8518168
512,6,walking,2021-05-07 15:40:16.479,2021-05-07 15:40:18.459,0.021,3,3,0.9801508,2.635294e-05,0.0009751426,0.018847713,0.9801508
512,6,walking,2021-05-07 15:40:17.479,2021-05-07 15:40:19.459,0.021,3,3,0.9892985,1.7758435e-05,0.0005271563,0.010156665,0.9892985
512,6,walking,2021-05-07 15:40:18.479,2021-05-07 15:40:20.459,0.021,3,3,0.85987157,0.00010602514,0.0073679467,0.13265447,0.85987157
512,6,walking,2021-05-07 15:40:19.479,2021-05-07 15:40:21.459,0.021,3,3,0.96677697,4.4770695e-05,0.0021614863,0.031016765,0.96677697
512,6,walking,2021-05-07 15:40:20.479,2021-05-07 15:40:22.459,0.021,3,3,0.9777859,2.6282085e-05,0.0011679736,0.021019831,0.9777859
512,6,walking,2021-05-07 15:40:21.479,2021-05-07 15:40:23.459,0.021,3,3,0.9888494,1.807001e-05,0.00051490095,0.010617667,0.9888494
512,6,walking,2021-05-07 15:40:22.479,2021-05-07 15:40:24.459,0.021,3,3,0.9858868,2.4900342e-05,0.0007972469,0.013291111,0.9858868
512,6,walking,2021-05-07 15:40:23.479,2021-05-07 15:40:25.459,0.021,3,3,0.91115,7.4568e-05,0.0052512046,0.08352421,0.91115
512,6,walking,2021-05-07 15:40:24.479,2021-05-07 15:40:26.459,0.021,3,3,0.8881488,7.7146484e-05,0.00611939,0.10565471,0.8881488
512,6,walking,2021-05-07 15:40:25.479,2021-05-07 15:40:27.459,0.021,3,3,0.9630848,3.8754264e-05,0.0025239764,0.034352537,0.9630848
512,6,walking,2021-05-07 15:40:26.479,2021-05-07 15:40:28.459,0.021,3,3,0.85202307,0.00011394491,0.011979712,0.13588338,0.85202307
512,6,walking,2021-05-07 15:40:27.479,2021-05-07 15:40:29.459,0.021,3,3,0.80063033,0.00013416143,0.016482254,0.1827532,0.80063033
512,6,walking,2021-05-07 15:40:28.479,2021-05-07 15:40:30.459,0.021,3,3,0.8360784,0.00011527729,0.012285677,0.15152062,0.8360784
512,6,walking,2021-05-07 15:40:29.479,2021-05-07 15:40:31.459,0.021,3,2,0.53481114,0.0002244431,0.059695344,0.53481114,0.405269
512,6,walking,2021-05-07 15:40:30.479,2021-05-07 15:40:32.459,0.021,3,3,0.70553166,0.0001497637,0.026719745,0.26759884,0.70553166
512,6,walking,2021-05-07 15:40:31.479,2021-05-07 15:40:33.459,0.021,3,3,0.92467,6.868261e-05,0.0052255387,0.070035785,0.92467
512,6,walking,2021-05-07 15:40:32.479,2021-05-07 15:40:34.459,0.021,3,3,0.9614191,4.4996734e-05,0.0022759468,0.03625994,0.9614191
512,6,walking,2021-05-07 15:40:33.479,2021-05-07 15:40:35.459,0.021,3,3,0.99901533,2.913538e-06,4.1747106e-05,0.00094002596,0.99901533
512,6,walking,2021-05-07 15:40:34.479,2021-05-07 15:40:36.459,0.021,3,3,0.98100424,2.3026638e-05,0.0010428409,0.017929822,0.98100424
512,6,walking,2021-05-07 15:40:35.479,2021-05-07 15:40:37.459,0.021,3,3,0.8733834,9.179002e-05,0.006006152,0.120518684,0.8733834
512,6,walking,2021-05-07 15:40:36.479,2021-05-07 15:40:38.459,0.021,3,3,0.996631,6.788332e-06,0.00013696804,0.0032251172,0.996631
512,6,walking,2021-05-07 15:40:37.479,2021-05-07 15:40:39.459,0.021,3,3,0.99115837,2.4817458e-05,0.0004812798,0.008335555,0.99115837
512,7,sitting,2021-05-07 15:40:41.919,2021-05-07 15:40:43.900,0.021,1,2,0.7993587,0.00013853391,0.1662216,0.7993587,0.034281198
512,7,sitting,2021-05-07 15:40:42.919,2021-05-07 15:40:44.900,0.021,1,2,0.6124898,0.00024750165,0.079928786,0.6124898,0.3073339
512,7,sitting,2021-05-07 15:40:43.919,2021-05-07 15:40:45.900,0.021,1,2,0.6903377,8.280244e-05,0.2959555,0.6903377,0.013623882
512,7,sitting,2021-05-07 15:40:44.919,2021-05-07 15:40:46.900,0.021,1,1,0.6599102,3.063288e-05,0.6599102,0.33950168,0.0005575455
512,7,sitting,2021-05-07 15:40:45.919,2021-05-07 15:40:47.900,0.021,1,1,0.67592597,3.2644708e-05,0.67592597,0.323581,0.00046035124
512,7,sitting,2021-05-07 15:40:46.919,2021-05-07 15:40:48.900,0.021,1,1,0.678809,2.7232398e-05,0.678809,0.3207619,0.00040177366
512,7,sitting,2021-05-07 15:40:47.919,2021-05-07 15:40:49.900,0.021,1,1,0.69124335,3.15398e-05,0.69124335,0.3084255,0.0002994271
512,7,sitting,2021-05-07 15:40:48.919,2021-05-07 15:40:50.900,0.021,1,1,0.694376,3.2812106e-05,0.694376,0.3052955,0.00029574538
512,7,sitting,2021-05-07 15:40:49.919,2021-05-07 15:40:51.900,0.021,1,1,0.6649701,3.6144796e-05,0.6649701,0.3345307,0.0004631074
512,7,sitting,2021-05-07 15:40:50.919,2021-05-07 15:40:52.900,0.021,1,1,0.67197144,3.8593294e-05,0.67197144,0.32761753,0.0003724375
512,7,sitting,2021-05-07 15:40:51.919,2021-05-07 15:40:53.900,0.021,1,1,0.79713416,6.0098064e-05,0.79713416,0.20257403,0.00023178145
512,7,sitting,2021-05-07 15:40:52.919,2021-05-07 15:40:54.900,0.021,1,1,0.9209553,9.9575205e-05,0.9209553,0.078796566,0.00014849387
512,7,sitting,2021-05-07 15:40:53.919,2021-05-07 15:40:55.900,0.021,1,1,0.78519857,5.40024e-05,0.78519857,0.21452959,0.00021788782
512,7,sitting,2021-05-07 15:40:54.919,2021-05-07 15:40:56.900,0.021,1,1,0.6821383,4.1273204e-05,0.6821383,0.3175073,0.00031303815
512,7,sitting,2021-05-07 15:40:55.919,2021-05-07 15:40:57.900,0.021,1,1,0.85165703,5.8427388e-05,0.85165703,0.14812839,0.00015626261
512,7,sitting,2021-05-07 15:40:56.919,2021-05-07 15:40:58.900,0.021,1,1,0.90384954,9.129004e-05,0.90384954,0.09587067,0.00018844631
512,7,sitting,2021-05-07 15:40:57.919,2021-05-07 15:40:59.900,0.021,1,1,0.7434646,4.3241762e-05,0.7434646,0.2562556,0.00023648758
512,7,sitting,2021-05-07 15:40:58.919,2021-05-07 15:41:00.900,0.021,1,1,0.7244769,4.424729e-05,0.7244769,0.27520132,0.00027766154
512,7,sitting,2021-05-07 15:40:59.919,2021-05-07 15:41:01.900,0.021,1,1,0.8755588,9.149361e-05,0.8755588,0.12405443,0.00029526418
512,7,sitting,2021-05-07 15:41:00.920,2021-05-07 15:41:02.900,0.021,1,1,0.84021413,9.417474e-05,0.84021413,0.15930615,0.00038550526
512,7,sitting,2021-05-07 15:41:01.920,2021-05-07 15:41:03.900,0.021,1,1,0.8300222,7.5384196e-05,0.8300222,0.16965453,0.0002478565
512,7,sitting,2021-05-07 15:41:02.920,2021-05-07 15:41:04.900,0.021,1,1,0.9451263,0.0001314065,0.9451263,0.054580957,0.00016133506
512,7,sitting,2021-05-07 15:41:03.920,2021-05-07 15:41:05.900,0.021,1,1,0.84407586,7.42279e-05,0.84407586,0.15559496,0.00025487057
512,7,sitting,2021-05-07 15:41:04.920,2021-05-07 15:41:06.900,0.021,1,1,0.72998744,3.21452e-05,0.72998744,0.26981223,0.00016833487
512,7,sitting,2021-05-07 15:41:05.920,2021-05-07 15:41:07.900,0.021,1,1,0.8050608,5.1704235e-05,0.8050608,0.19470204,0.00018539287
512,7,sitting,2021-05-07 15:41:06.920,2021-05-07 15:41:08.899,0.021,1,1,0.91014105,0.00010670238,0.91014105,0.0895565,0.00019588509
512,7,sitting,2021-05-07 15:41:07.920,2021-05-07 15:41:09.899,0.021,1,1,0.79465365,5.1035655e-05,0.79465365,0.20460138,0.0006938582
512,7,sitting,2021-05-07 15:41:08.920,2021-05-07 15:41:10.899,0.021,1,2,0.5900673,3.5869823e-05,0.39701405,0.5900673,0.012882617
512,7,sitting,2021-05-07 15:41:09.920,2021-05-07 15:41:11.899,0.021,1,2,0.828024,0.00015200482,0.1134465,0.828024,0.058377508
512,7,sitting,2021-05-07 15:41:10.920,2021-05-07 15:41:12.899,0.021,1,2,0.86990196,0.00016816994,0.11476679,0.86990196,0.015162918
512,7,sitting,2021-05-07 15:41:11.920,2021-05-07 15:41:13.899,0.021,1,2,0.84964997,0.00013027858,0.14678507,0.84964997,0.003434612
512,7,sitting,2021-05-07 15:41:12.920,2021-05-07 15:41:14.899,0.021,1,2,0.81518877,0.00010320588,0.18378228,0.81518877,0.00092570786
512,7,sitting,2021-05-07 15:41:13.920,2021-05-07 15:41:15.899,0.021,1,2,0.76356643,0.000107394495,0.23546669,0.76356643,0.0008593555
512,7,sitting,2021-05-07 15:41:14.920,2021-05-07 15:41:16.899,0.021,1,2,0.7510665,0.00012776765,0.24699219,0.7510665,0.0018134705
512,7,sitting,2021-05-07 15:41:15.920,2021-05-07 15:41:17.899,0.021,1,2,0.7526818,0.00012304529,0.24565,0.7526818,0.0015452254
512,7,sitting,2021-05-07 15:41:16.920,2021-05-07 15:41:18.899,0.021,1,2,0.7430391,9.6253825e-05,0.25634152,0.7430391,0.0005231062
512,7,sitting,2021-05-07 15:41:17.920,2021-05-07 15:41:19.899,0.021,1,2,0.79014045,0.00011270522,0.20877653,0.79014045,0.0009702519
512,7,sitting,2021-05-07 15:41:18.920,2021-05-07 15:41:20.899,0.021,1,2,0.8085571,0.00010381385,0.19054829,0.8085571,0.00079073315
512,7,sitting,2021-05-07 15:41:19.920,2021-05-07 15:41:21.899,0.021,1,2,0.81146675,9.167751e-05,0.18791138,0.81146675,0.0005302232
512,7,sitting,2021-05-07 15:41:20.920,2021-05-07 15:41:22.899,0.021,1,2,0.8372094,0.00010100579,0.16156085,0.8372094,0.0011287279
512,7,sitting,2021-05-07 15:41:21.920,2021-05-07 15:41:23.899,0.021,1,2,0.8237294,0.00012153119,0.17443906,0.8237294,0.00170997
512,7,sitting,2021-05-07 15:41:22.920,2021-05-07 15:41:24.899,0.021,1,2,0.7721884,0.00011238232,0.22692612,0.7721884,0.0007730073
512,7,sitting,2021-05-07 15:41:23.920,2021-05-07 15:41:25.899,0.021,1,2,0.7123093,8.866886e-05,0.28716025,0.7123093,0.00044180546
512,7,sitting,2021-05-07 15:41:24.920,2021-05-07 15:41:26.899,0.021,1,2,0.6895166,7.893624e-05,0.31000933,0.6895166,0.0003951693
512,7,sitting,2021-05-07 15:41:25.920,2021-05-07 15:41:27.899,0.021,1,2,0.66365165,6.9275506e-05,0.3359245,0.66365165,0.00035447124
512,7,sitting,2021-05-07 15:41:26.920,2021-05-07 15:41:28.899,0.021,1,2,0.7081905,8.608864e-05,0.29119924,0.7081905,0.0005242787
512,7,sitting,2021-05-07 15:41:27.920,2021-05-07 15:41:29.899,0.021,1,2,0.80425215,0.00010023235,0.19489793,0.80425215,0.0007496461
512,7,sitting,2021-05-07 15:41:28.920,2021-05-07 15:41:30.899,0.021,1,2,0.84199584,0.0001004195,0.15671295,0.84199584,0.0011908024
512,7,sitting,2021-05-07 15:41:29.920,2021-05-07 15:41:31.899,0.021,1,2,0.8011803,9.098114e-05,0.19820696,0.8011803,0.00052177586
512,7,sitting,2021-05-07 15:41:30.920,2021-05-07 15:41:32.900,0.021,1,2,0.81165826,8.696916e-05,0.1877547,0.81165826,0.0004999685
512,7,sitting,2021-05-07 15:41:31.920,2021-05-07 15:41:33.900,0.021,1,2,0.8043572,8.113618e-05,0.19518125,0.8043572,0.00038060982
512,7,sitting,2021-05-07 15:41:32.919,2021-05-07 15:41:34.900,0.021,1,2,0.786219,7.2234805e-05,0.21340078,0.786219,0.00030803506
512,7,sitting,2021-05-07 15:41:33.919,2021-05-07 15:41:35.900,0.021,1,2,0.77515274,8.2994884e-05,0.22434703,0.77515274,0.0004173394
512,7,sitting,2021-05-07 15:41:34.919,2021-05-07 15:41:36.900,0.021,1,2,0.7705296,6.955819e-05,0.22894648,0.7705296,0.0004542209
512,7,sitting,2021-05-07 15:41:35.919,2021-05-07 15:41:37.900,0.021,1,2,0.7503417,6.182534e-05,0.24918865,0.7503417,0.00040774656
512,7,sitting,2021-05-07 15:41:36.919,2021-05-07 15:41:38.900,0.021,1,2,0.7702055,8.63231e-05,0.22923067,0.7702055,0.000477543
512,7,sitting,2021-05-07 15:41:37.919,2021-05-07 15:41:39.900,0.021,1,2,0.801945,7.677957e-05,0.19748333,0.801945,0.00049487833
512,7,sitting,2021-05-07 15:41:38.919,2021-05-07 15:41:40.900,0.021,1,2,0.7325503,7.9159836e-05,0.26678425,0.7325503,0.000586282
512,7,sitting,2021-05-07 15:41:39.919,2021-05-07 15:41:41.900,0.021,1,2,0.7391341,0.000117601754,0.2582408,0.7391341,0.0025075446
512,7,sitting,2021-05-07 15:41:40.919,2021-05-07 15:41:42.900,0.021,1,2,0.8521418,0.00012911095,0.14325453,0.8521418,0.0044743875
512,7,sitting,2021-05-07 15:41:41.919,2021-05-07 15:41:43.900,0.021,1,2,0.9038756,0.00012458989,0.0878121,0.9038756,0.008187783
512,7,sitting,2021-05-07 15:41:42.919,2021-05-07 15:41:44.900,0.021,1,2,0.8740178,0.00012062191,0.12100519,0.8740178,0.004856367
512,7,sitting,2021-05-07 15:41:43.919,2021-05-07 15:41:45.900,0.021,1,2,0.75029385,5.3367934e-05,0.24925378,0.75029385,0.00039890216
512,7,sitting,2021-05-07 15:41:44.919,2021-05-07 15:41:46.900,0.021,1,2,0.75360787,6.286249e-05,0.24597229,0.75360787,0.00035698136
512,7,sitting,2021-05-07 15:41:45.919,2021-05-07 15:41:47.900,0.021,1,2,0.76840186,4.180215e-05,0.23124172,0.76840186,0.0003145771
512,7,sitting,2021-05-07 15:41:46.919,2021-05-07 15:41:48.900,0.021,1,2,0.5923323,3.6688154e-05,0.4069473,0.5923323,0.00068356324
512,7,sitting,2021-05-07 15:41:47.919,2021-05-07 15:41:49.900,0.021,1,1,0.62197447,3.693246e-05,0.62197447,0.37729156,0.0006971349
512,7,sitting,2021-05-07 15:41:48.919,2021-05-07 15:41:50.900,0.021,1,1,0.63531435,4.5937537e-05,0.63531435,0.3640722,0.0005673911
512,7,sitting,2021-05-07 15:41:49.919,2021-05-07 15:41:51.900,0.021,1,1,0.64849514,4.410702e-05,0.64849514,0.35100752,0.0004531547
512,7,sitting,2021-05-07 15:41:50.919,2021-05-07 15:41:52.900,0.021,1,1,0.6642235,3.525451e-05,0.6642235,0.3354042,0.0003370491
512,7,sitting,2021-05-07 15:41:51.919,2021-05-07 15:41:53.900,0.021,1,1,0.6467109,4.3922533e-05,0.6467109,0.35279325,0.0004519622
512,7,sitting,2021-05-07 15:41:52.919,2021-05-07 15:41:54.900,0.021,1,1,0.64077395,4.444619e-05,0.64077395,0.3587098,0.0004718118
512,7,sitting,2021-05-07 15:41:53.919,2021-05-07 15:41:55.900,0.021,1,1,0.6477115,4.3400443e-05,0.6477115,0.35184062,0.00040437267
512,7,sitting,2021-05-07 15:41:54.919,2021-05-07 15:41:56.900,0.021,1,1,0.65614444,4.6650588e-05,0.65614444,0.34341055,0.00039840554
512,7,sitting,2021-05-07 15:41:55.919,2021-05-07 15:41:57.900,0.021,1,1,0.66632116,4.8997237e-05,0.66632116,0.33324066,0.0003892331
512,7,sitting,2021-05-07 15:41:56.919,2021-05-07 15:41:58.900,0.021,1,1,0.661217,5.084639e-05,0.661217,0.33832118,0.0004109863
512,7,sitting,2021-05-07 15:41:57.919,2021-05-07 15:41:59.900,0.021,1,1,0.7323281,4.7761005e-05,0.7323281,0.26737705,0.00024705374
512,7,sitting,2021-05-07 15:41:58.919,2021-05-07 15:42:00.900,0.021,1,1,0.73733324,5.2913274e-05,0.73733324,0.26236707,0.00024674155
512,7,sitting,2021-05-07 15:41:59.919,2021-05-07 15:42:01.900,0.021,1,1,0.8440582,7.6789875e-05,0.8440582,0.1556722,0.00019275097
512,7,sitting,2021-05-07 15:42:00.920,2021-05-07 15:42:02.900,0.021,1,1,0.8362269,7.6223085e-05,0.8362269,0.163503,0.00019391617
512,7,sitting,2021-05-07 15:42:01.920,2021-05-07 15:42:03.900,0.021,1,1,0.7147072,6.6953304e-05,0.7147072,0.28483725,0.00038861975
512,7,sitting,2021-05-07 15:42:02.920,2021-05-07 15:42:04.900,0.021,1,1,0.67152286,6.2498686e-05,0.67152286,0.3277215,0.00069306424
512,7,sitting,2021-05-07 15:42:03.920,2021-05-07 15:42:05.900,0.021,1,1,0.62470955,4.8415674e-05,0.62470955,0.3735578,0.001684315
512,7,sitting,2021-05-07 15:42:04.920,2021-05-07 15:42:06.900,0.021,1,1,0.70924145,1.3071738e-05,0.70924145,0.2895367,0.001208718
512,7,sitting,2021-05-07 15:42:05.920,2021-05-07 15:42:07.900,0.021,1,1,0.78786254,5.6686126e-06,0.78786254,0.2116835,0.00044826258
512,7,sitting,2021-05-07 15:42:06.920,2021-05-07 15:42:08.899,0.021,1,1,0.7797016,6.0069738e-06,0.7797016,0.21982864,0.00046377984
512,7,sitting,2021-05-07 15:42:07.920,2021-05-07 15:42:09.899,0.021,1,1,0.7827767,8.254671e-06,0.7827767,0.21667317,0.00054184033
512,7,sitting,2021-05-07 15:42:08.920,2021-05-07 15:42:10.899,0.021,1,1,0.7824687,7.407257e-06,0.7824687,0.21704456,0.00047925662
512,7,sitting,2021-05-07 15:42:09.920,2021-05-07 15:42:11.899,0.021,1,1,0.77071536,6.281064e-06,0.77071536,0.22880784,0.00047053274
512,7,sitting,2021-05-07 15:42:10.920,2021-05-07 15:42:12.899,0.021,1,1,0.7602033,8.841977e-06,0.7602033,0.23918161,0.00060620566
512,7,sitting,2021-05-07 15:42:11.920,2021-05-07 15:42:13.899,0.021,1,1,0.8234075,7.2969224e-06,0.8234075,0.17622647,0.00035878902
512,7,sitting,2021-05-07 15:42:12.920,2021-05-07 15:42:14.899,0.021,1,1,0.81871176,7.009169e-06,0.81871176,0.18087769,0.0004034889
512,7,sitting,2021-05-07 15:42:13.920,2021-05-07 15:42:15.899,0.021,1,1,0.7732205,8.4037e-06,0.7732205,0.22620176,0.0005694108
512,7,sitting,2021-05-07 15:42:14.920,2021-05-07 15:42:16.899,0.021,1,1,0.81167376,7.1227264e-06,0.81167376,0.18782769,0.00049131835
512,7,sitting,2021-05-07 15:42:15.920,2021-05-07 15:42:17.899,0.021,1,1,0.7995413,8.719327e-06,0.7995413,0.19996388,0.00048622556
512,7,sitting,2021-05-07 15:42:16.920,2021-05-07 15:42:18.899,0.021,1,1,0.8097339,8.131259e-06,0.8097339,0.18988019,0.00037772674
512,7,sitting,2021-05-07 15:42:17.920,2021-05-07 15:42:19.899,0.021,1,1,0.81621534,6.45793e-06,0.81621534,0.18339196,0.00038626272
512,7,sitting,2021-05-07 15:42:18.920,2021-05-07 15:42:20.899,0.021,1,1,0.7739616,1.0116059e-05,0.7739616,0.22554238,0.0004859375
512,7,sitting,2021-05-07 15:42:19.920,2021-05-07 15:42:21.899,0.021,1,1,0.8176236,1.0179639e-05,0.8176236,0.18197809,0.0003881412
512,7,sitting,2021-05-07 15:42:20.920,2021-05-07 15:42:22.899,0.021,1,1,0.8163406,8.589818e-06,0.8163406,0.1832614,0.00038938594
512,7,sitting,2021-05-07 15:42:21.920,2021-05-07 15:42:23.899,0.021,1,1,0.79561466,8.703149e-06,0.79561466,0.20395908,0.00041756814
512,7,sitting,2021-05-07 15:42:22.920,2021-05-07 15:42:24.899,0.021,1,1,0.79715735,7.268399e-06,0.79715735,0.2023621,0.00047335995
512,7,sitting,2021-05-07 15:42:23.920,2021-05-07 15:42:25.899,0.021,1,1,0.7743637,8.591241e-06,0.7743637,0.2250775,0.0005502139
512,7,sitting,2021-05-07 15:42:24.920,2021-05-07 15:42:26.899,0.021,1,1,0.81571203,7.461784e-06,0.81571203,0.18386817,0.0004123179
512,7,sitting,2021-05-07 15:42:25.920,2021-05-07 15:42:27.899,0.021,1,1,0.80421764,8.328535e-06,0.80421764,0.1953369,0.00043715042
512,7,sitting,2021-05-07 15:42:26.920,2021-05-07 15:42:28.899,0.021,1,1,0.8081839,7.752562e-06,0.8081839,0.19142674,0.00038162142
512,7,sitting,2021-05-07 15:42:27.920,2021-05-07 15:42:29.899,0.021,1,1,0.8154669,6.7305277e-06,0.8154669,0.18413863,0.0003878102
512,7,sitting,2021-05-07 15:42:28.920,2021-05-07 15:42:30.899,0.021,1,1,0.7860858,8.832743e-06,0.7860858,0.2134429,0.00046257034
512,7,sitting,2021-05-07 15:42:29.920,2021-05-07 15:42:31.899,0.021,1,1,0.77159745,8.839893e-06,0.77159745,0.22786789,0.00052583654
512,7,sitting,2021-05-07 15:42:30.920,2021-05-07 15:42:32.900,0.021,1,1,0.74341315,7.950699e-06,0.74341315,0.2559347,0.0006442653
512,7,sitting,2021-05-07 15:42:31.920,2021-05-07 15:42:33.900,0.021,1,1,0.75612515,9.1335305e-06,0.75612515,0.24327478,0.0005909442
512,7,sitting,2021-05-07 15:42:32.919,2021-05-07 15:42:34.900,0.021,1,1,0.82310796,7.756789e-06,0.82310796,0.1764996,0.00038471175
512,7,sitting,2021-05-07 15:42:33.919,2021-05-07 15:42:35.900,0.021,1,1,0.8179421,7.97362e-06,0.8179421,0.18165386,0.0003960811
512,7,sitting,2021-05-07 15:42:34.919,2021-05-07 15:42:36.900,0.021,1,1,0.78431296,9.70777e-06,0.78431296,0.21518855,0.00048882846
512,7,sitting,2021-05-07 15:42:35.919,2021-05-07 15:42:37.900,0.021,1,1,0.8289123,7.783743e-06,0.8289123,0.17068811,0.0003917807
512,7,sitting,2021-05-07 15:42:36.919,2021-05-07 15:42:38.900,0.021,1,1,0.8086356,8.935815e-06,0.8086356,0.19094285,0.00041262343
512,7,sitting,2021-05-07 15:42:37.919,2021-05-07 15:42:39.900,0.021,1,1,0.8451731,7.7348805e-06,0.8451731,0.15454414,0.00027495765
512,7,sitting,2021-05-07 15:42:38.919,2021-05-07 15:42:40.900,0.021,1,1,0.83117676,8.051628e-06,0.83117676,0.16841228,0.0004029315
512,7,sitting,2021-05-07 15:42:39.919,2021-05-07 15:42:41.900,0.021,1,1,0.7624872,1.2401134e-05,0.7624872,0.23683159,0.00066883053
512,7,sitting,2021-05-07 15:42:40.919,2021-05-07 15:42:42.900,0.021,1,1,0.8335759,8.858466e-06,0.8335759,0.16604966,0.0003656019
512,7,sitting,2021-05-07 15:42:41.919,2021-05-07 15:42:43.900,0.021,1,1,0.8054203,9.599807e-06,0.8054203,0.19413206,0.00043797537
512,7,sitting,2021-05-07 15:42:42.919,2021-05-07 15:42:44.900,0.021,1,1,0.8169416,1.01228015e-05,0.8169416,0.18268563,0.00036262092
512,7,sitting,2021-05-07 15:42:43.919,2021-05-07 15:42:45.900,0.021,1,1,0.82243335,8.453943e-06,0.82243335,0.17717625,0.00038198548
512,7,sitting,2021-05-07 15:42:44.919,2021-05-07 15:42:46.900,0.021,1,1,0.7666584,1.144212e-05,0.7666584,0.23279484,0.00053533603
512,7,sitting,2021-05-07 15:42:45.919,2021-05-07 15:42:47.900,0.021,1,1,0.8100327,9.513197e-06,0.8100327,0.18958175,0.00037601698
512,7,sitting,2021-05-07 15:42:46.919,2021-05-07 15:42:48.900,0.021,1,1,0.7921428,8.6676255e-06,0.7921428,0.20732668,0.0005218568
512,7,sitting,2021-05-07 15:42:47.919,2021-05-07 15:42:49.900,0.021,1,1,0.7662052,1.0710595e-05,0.7662052,0.23327085,0.0005132804
512,7,sitting,2021-05-07 15:42:48.919,2021-05-07 15:42:50.900,0.021,1,1,0.83949864,9.141058e-06,0.83949864,0.1601545,0.00033774637
512,7,sitting,2021-05-07 15:42:49.919,2021-05-07 15:42:51.900,0.021,1,1,0.81008774,1.0216193e-05,0.81008774,0.18941729,0.0004846626
512,7,sitting,2021-05-07 15:42:50.919,2021-05-07 15:42:52.900,0.021,1,1,0.7983961,9.944252e-06,0.7983961,0.20117226,0.00042172422
512,7,sitting,2021-05-07 15:42:51.919,2021-05-07 15:42:53.900,0.021,1,1,0.8076998,9.241263e-06,0.8076998,0.1918791,0.00041183393
512,7,sitting,2021-05-07 15:42:52.919,2021-05-07 15:42:54.900,0.021,1,1,0.78615636,1.0450741e-05,0.78615636,0.21341544,0.00041772338
512,7,sitting,2021-05-07 15:42:53.919,2021-05-07 15:42:55.900,0.021,1,1,0.8448102,7.5598655e-06,0.8448102,0.15491201,0.00027027325
512,7,sitting,2021-05-07 15:42:54.919,2021-05-07 15:42:56.900,0.021,1,1,0.81764656,9.442586e-06,0.81764656,0.1819282,0.00041576513
512,7,sitting,2021-05-07 15:42:55.919,2021-05-07 15:42:57.900,0.021,1,1,0.77298015,1.1564977e-05,0.77298015,0.22647569,0.0005325507
512,7,sitting,2021-05-07 15:42:56.919,2021-05-07 15:42:58.900,0.021,1,1,0.7958491,8.650843e-06,0.7958491,0.20369457,0.00044771953
512,7,sitting,2021-05-07 15:42:57.919,2021-05-07 15:42:59.900,0.021,1,1,0.78481907,9.5918385e-06,0.78481907,0.21474351,0.0004278235
512,7,sitting,2021-05-07 15:42:58.919,2021-05-07 15:43:00.900,0.021,1,1,0.8537809,7.903614e-06,0.8537809,0.1459525,0.00025869382
512,7,sitting,2021-05-07 15:42:59.919,2021-05-07 15:43:01.900,0.021,1,1,0.8341939,8.718576e-06,0.8341939,0.16544147,0.00035590486
512,7,sitting,2021-05-07 15:43:00.920,2021-05-07 15:43:02.900,0.021,1,1,0.7801454,1.2714843e-05,0.7801454,0.21944363,0.0003982224
512,7,sitting,2021-05-07 15:43:01.920,2021-05-07 15:43:03.900,0.021,1,1,0.84202516,9.247452e-06,0.84202516,0.15768316,0.0002823449
512,7,sitting,2021-05-07 15:43:02.920,2021-05-07 15:43:04.900,0.021,1,1,0.8256419,1.1480269e-05,0.8256419,0.17398992,0.00035670734
512,7,sitting,2021-05-07 15:43:03.920,2021-05-07 15:43:05.900,0.021,1,1,0.8071505,1.5116696e-05,0.8071505,0.19247521,0.0003591746
512,7,sitting,2021-05-07 15:43:04.920,2021-05-07 15:43:06.900,0.021,1,1,0.812509,1.3774522e-05,0.812509,0.18713847,0.00033874545
512,7,sitting,2021-05-07 15:43:05.920,2021-05-07 15:43:07.900,0.021,1,1,0.7826356,1.5479029e-05,0.7826356,0.21693636,0.00041256254
512,7,sitting,2021-05-07 15:43:06.920,2021-05-07 15:43:08.899,0.021,1,1,0.8166871,1.3032581e-05,0.8166871,0.18299437,0.00030554773
512,7,sitting,2021-05-07 15:43:07.920,2021-05-07 15:43:09.899,0.021,1,1,0.7997791,1.3336161e-05,0.7997791,0.19983993,0.0003676388
512,7,sitting,2021-05-07 15:43:08.920,2021-05-07 15:43:10.899,0.021,1,1,0.7812665,1.3728276e-05,0.7812665,0.2182429,0.00047682313
512,7,sitting,2021-05-07 15:43:09.920,2021-05-07 15:43:11.899,0.021,1,1,0.7794334,1.2343251e-05,0.7794334,0.21996857,0.00058563025
512,7,sitting,2021-05-07 15:43:10.920,2021-05-07 15:43:12.899,0.021,1,1,0.76231486,1.3898177e-05,0.76231486,0.23709665,0.0005745883
512,7,sitting,2021-05-07 15:43:11.920,2021-05-07 15:43:13.899,0.021,1,1,0.81369644,1.1996518e-05,0.81369644,0.18586022,0.00043131303
512,7,sitting,2021-05-07 15:43:12.920,2021-05-07 15:43:14.899,0.021,1,1,0.8010404,1.1945652e-05,0.8010404,0.19847652,0.0004711717
512,7,sitting,2021-05-07 15:43:13.920,2021-05-07 15:43:15.899,0.021,1,1,0.8102554,1.1740916e-05,0.8102554,0.1893487,0.00038413733
512,7,sitting,2021-05-07 15:43:14.920,2021-05-07 15:43:16.899,0.021,1,1,0.8122158,1.0665195e-05,0.8122158,0.18737532,0.00039810454
512,7,sitting,2021-05-07 15:43:15.920,2021-05-07 15:43:17.899,0.021,1,1,0.79074264,1.0604888e-05,0.79074264,0.20888107,0.0003655729
512,7,sitting,2021-05-07 15:43:16.920,2021-05-07 15:43:18.899,0.021,1,1,0.7973706,9.275883e-06,0.7973706,0.20231445,0.00030569834
512,7,sitting,2021-05-07 15:43:17.920,2021-05-07 15:43:19.899,0.021,1,1,0.78244287,1.1361031e-05,0.78244287,0.2171509,0.00039495595
512,7,sitting,2021-05-07 15:43:18.920,2021-05-07 15:43:20.899,0.021,1,1,0.76545477,1.2824474e-05,0.76545477,0.23405129,0.00048102814
512,7,sitting,2021-05-07 15:43:19.920,2021-05-07 15:43:21.899,0.021,1,1,0.77614266,1.2402669e-05,0.77614266,0.22343637,0.0004086253
512,7,sitting,2021-05-07 15:43:20.920,2021-05-07 15:43:22.899,0.021,1,1,0.82178557,9.946161e-06,0.82178557,0.17784151,0.0003630012
512,7,sitting,2021-05-07 15:43:21.920,2021-05-07 15:43:23.899,0.021,1,1,0.7948907,1.1608969e-05,0.7948907,0.20458464,0.00051301956
512,7,sitting,2021-05-07 15:43:22.920,2021-05-07 15:43:24.899,0.021,1,1,0.805314,1.2532724e-05,0.805314,0.19422719,0.000446271
512,7,sitting,2021-05-07 15:43:23.920,2021-05-07 15:43:25.899,0.021,1,1,0.7984523,1.2015216e-05,0.7984523,0.20104787,0.00048777298
512,7,sitting,2021-05-07 15:43:24.920,2021-05-07 15:43:26.899,0.021,1,1,0.74095935,1.4991267e-05,0.74095935,0.2582988,0.00072679453
512,7,sitting,2021-05-07 15:43:25.920,2021-05-07 15:43:27.899,0.021,1,1,0.78897166,1.3228566e-05,0.78897166,0.21046026,0.0005547719
512,7,sitting,2021-05-07 15:43:26.920,2021-05-07 15:43:28.899,0.021,1,1,0.7539956,1.6232814e-05,0.7539956,0.24513736,0.0008508778
512,7,sitting,2021-05-07 15:43:27.920,2021-05-07 15:43:29.899,0.021,1,1,0.77295697,1.6910122e-05,0.77295697,0.22637603,0.0006500008
512,7,sitting,2021-05-07 15:43:28.920,2021-05-07 15:43:30.899,0.021,1,1,0.81063735,1.2555066e-05,0.81063735,0.18896693,0.00038319174
512,7,sitting,2021-05-07 15:43:29.920,2021-05-07 15:43:31.899,0.021,1,1,0.7761661,1.3171806e-05,0.7761661,0.22334191,0.00047892978
512,7,sitting,2021-05-07 15:43:30.920,2021-05-07 15:43:32.900,0.021,1,1,0.822034,1.1247724e-05,0.822034,0.17760828,0.00034633136
512,7,sitting,2021-05-07 15:43:31.920,2021-05-07 15:43:33.900,0.021,1,1,0.8022954,1.1399039e-05,0.8022954,0.19733463,0.0003586901
512,7,sitting,2021-05-07 15:43:32.919,2021-05-07 15:43:34.900,0.021,1,1,0.8355187,9.5855685e-06,0.8355187,0.16415031,0.0003213012
512,7,sitting,2021-05-07 15:43:33.919,2021-05-07 15:43:35.900,0.021,1,1,0.8275948,9.2638265e-06,0.8275948,0.17207089,0.00032492683
512,7,sitting,2021-05-07 15:43:34.919,2021-05-07 15:43:36.900,0.021,1,1,0.83236253,9.76389e-06,0.83236253,0.16731326,0.00031444413
512,7,sitting,2021-05-07 15:43:35.919,2021-05-07 15:43:37.900,0.021,1,1,0.81086785,1.086707e-05,0.81086785,0.18861829,0.0005030768
512,7,sitting,2021-05-07 15:43:36.919,2021-05-07 15:43:38.900,0.021,1,1,0.794394,1.030971e-05,0.794394,0.20505565,0.0005401142
512,7,sitting,2021-05-07 15:43:37.919,2021-05-07 15:43:39.900,0.021,1,1,0.8260133,9.064305e-06,0.8260133,0.1735794,0.0003981891
512,7,sitting,2021-05-07 15:43:38.919,2021-05-07 15:43:40.900,0.021,1,1,0.79538333,1.0059463e-05,0.79538333,0.2041333,0.00047323309
512,7,sitting,2021-05-07 15:43:39.919,2021-05-07 15:43:41.900,0.021,1,1,0.8653027,8.412366e-06,0.8653027,0.13437575,0.00031308757
512,7,sitting,2021-05-07 15:43:40.919,2021-05-07 15:43:42.900,0.021,1,1,0.84176314,8.150151e-06,0.84176314,0.15786228,0.00036637753
512,7,sitting,2021-05-07 15:43:41.919,2021-05-07 15:43:43.900,0.021,1,1,0.8277314,8.095595e-06,0.8277314,0.17189251,0.00036803234
512,7,sitting,2021-05-07 15:43:42.919,2021-05-07 15:43:44.900,0.021,1,1,0.82483906,8.968904e-06,0.82483906,0.1747404,0.00041155255
512,7,sitting,2021-05-07 15:43:43.919,2021-05-07 15:43:45.900,0.021,1,1,0.81591094,9.321759e-06,0.81591094,0.18364295,0.00043681246
512,7,sitting,2021-05-07 15:43:44.919,2021-05-07 15:43:46.900,0.021,1,1,0.79602295,9.666519e-06,0.79602295,0.2035531,0.0004142996
512,7,sitting,2021-05-07 15:43:45.919,2021-05-07 15:43:47.900,0.021,1,1,0.81702554,8.812488e-06,0.81702554,0.18257125,0.00039432
512,7,sitting,2021-05-07 15:43:46.919,2021-05-07 15:43:48.900,0.021,1,1,0.7963403,1.0113328e-05,0.7963403,0.20325239,0.00039717497
512,7,sitting,2021-05-07 15:43:47.919,2021-05-07 15:43:49.900,0.021,1,1,0.8412716,8.1249245e-06,0.8412716,0.15842952,0.00029071528
512,7,sitting,2021-05-07 15:43:48.919,2021-05-07 15:43:50.900,0.021,1,1,0.8132295,9.9094395e-06,0.8132295,0.18634054,0.00042001426
512,7,sitting,2021-05-07 15:43:49.919,2021-05-07 15:43:51.900,0.021,1,1,0.83746445,1.0571604e-05,0.83746445,0.1620998,0.00042509736
512,7,sitting,2021-05-07 15:43:50.919,2021-05-07 15:43:52.900,0.021,1,1,0.8669659,8.606748e-06,0.8669659,0.1326587,0.00036680754
512,7,sitting,2021-05-07 15:43:51.919,2021-05-07 15:43:53.900,0.021,1,1,0.78774863,1.0265427e-05,0.78774863,0.2118011,0.0004400206
512,7,sitting,2021-05-07 15:43:52.919,2021-05-07 15:43:54.900,0.021,1,1,0.8454496,8.903854e-06,0.8454496,0.15422735,0.00031412666
512,7,sitting,2021-05-07 15:43:53.919,2021-05-07 15:43:55.900,0.021,1,1,0.81009066,1.1765562e-05,0.81009066,0.1894123,0.0004853364
512,7,sitting,2021-05-07 15:43:54.919,2021-05-07 15:43:56.900,0.021,1,1,0.8095159,1.3208582e-05,0.8095159,0.18998763,0.00048315056
512,7,sitting,2021-05-07 15:43:55.919,2021-05-07 15:43:57.900,0.021,1,1,0.8260211,1.0771983e-05,0.8260211,0.17354663,0.00042141715
512,7,sitting,2021-05-07 15:43:56.919,2021-05-07 15:43:58.900,0.021,1,1,0.77115494,1.1426613e-05,0.77115494,0.22832017,0.00051359384
512,7,sitting,2021-05-07 15:43:57.919,2021-05-07 15:43:59.900,0.021,1,1,0.78423715,1.162894e-05,0.78423715,0.21522819,0.0005230688
512,7,sitting,2021-05-07 15:43:58.919,2021-05-07 15:44:00.900,0.021,1,1,0.7464336,1.4715989e-05,0.7464336,0.25280228,0.0007493665
512,7,sitting,2021-05-07 15:43:59.919,2021-05-07 15:44:01.900,0.021,1,1,0.7654698,9.482295e-06,0.7654698,0.2339509,0.00056985195
512,7,sitting,2021-05-07 15:44:00.920,2021-05-07 15:44:02.900,0.021,1,1,0.7656002,9.262115e-06,0.7656002,0.23385155,0.00053900975
512,7,sitting,2021-05-07 15:44:01.920,2021-05-07 15:44:03.900,0.021,1,1,0.83760643,9.0703015e-06,0.83760643,0.16204312,0.00034130612
512,7,sitting,2021-05-07 15:44:02.920,2021-05-07 15:44:04.900,0.021,1,1,0.81702733,9.242918e-06,0.81702733,0.18252563,0.00043771436
512,7,sitting,2021-05-07 15:44:03.920,2021-05-07 15:44:05.900,0.021,1,1,0.75956017,1.1789899e-05,0.75956017,0.23985386,0.0005742739
512,7,sitting,2021-05-07 15:44:04.920,2021-05-07 15:44:06.900,0.021,1,1,0.7898459,1.4473424e-05,0.7898459,0.20972605,0.0004135068
512,7,sitting,2021-05-07 15:44:05.920,2021-05-07 15:44:07.900,0.021,1,1,0.80519676,1.7112427e-05,0.80519676,0.1943877,0.0003983799
512,7,sitting,2021-05-07 15:44:06.920,2021-05-07 15:44:08.899,0.021,1,1,0.7936708,1.7427816e-05,0.7936708,0.20587078,0.00044098223
512,7,sitting,2021-05-07 15:44:07.920,2021-05-07 15:44:09.899,0.021,1,1,0.81923074,1.9359333e-05,0.81923074,0.18038084,0.00036904533
512,7,sitting,2021-05-07 15:44:08.920,2021-05-07 15:44:10.899,0.021,1,1,0.8051432,1.3605124e-05,0.8051432,0.19449113,0.00035217783
512,7,sitting,2021-05-07 15:44:09.920,2021-05-07 15:44:11.899,0.021,1,1,0.76992846,9.666486e-06,0.76992846,0.22958954,0.00047235828
512,7,sitting,2021-05-07 15:44:10.920,2021-05-07 15:44:12.899,0.021,1,1,0.75183964,1.0511377e-05,0.75183964,0.24751307,0.00063682534
512,7,sitting,2021-05-07 15:44:11.920,2021-05-07 15:44:13.899,0.021,1,1,0.6862958,1.7284936e-05,0.6862958,0.31202015,0.0016668132
512,7,sitting,2021-05-07 15:44:12.920,2021-05-07 15:44:14.899,0.021,1,1,0.71701616,1.9334646e-05,0.71701616,0.28164867,0.0013158679
512,7,sitting,2021-05-07 15:44:13.920,2021-05-07 15:44:15.899,0.021,1,1,0.7681936,1.4070874e-05,0.7681936,0.2312581,0.0005342161
512,7,sitting,2021-05-07 15:44:14.920,2021-05-07 15:44:16.899,0.021,1,1,0.75444615,1.41546025e-05,0.75444615,0.24495833,0.00058146106
512,7,sitting,2021-05-07 15:44:15.920,2021-05-07 15:44:17.899,0.021,1,1,0.8008879,1.302012e-05,0.8008879,0.1987024,0.00039682284
512,7,sitting,2021-05-07 15:44:16.920,2021-05-07 15:44:18.899,0.021,1,1,0.79737866,1.2024663e-05,0.79737866,0.20222688,0.0003824677
512,7,sitting,2021-05-07 15:44:17.920,2021-05-07 15:44:19.899,0.021,1,1,0.7917977,1.2708269e-05,0.7917977,0.20771705,0.00047244588
512,7,sitting,2021-05-07 15:44:18.920,2021-05-07 15:44:20.899,0.021,1,1,0.77593195,1.2420215e-05,0.77593195,0.22346291,0.00059270626
512,11,walking,2021-05-07 15:44:26.840,2021-05-07 15:44:28.819,0.021,3,3,0.8977553,9.691121e-05,0.009215023,0.09293267,0.8977553
512,11,walking,2021-05-07 15:44:27.840,2021-05-07 15:44:29.819,0.021,3,3,0.9952039,8.754816e-06,0.00029752383,0.004489711,0.9952039
512,11,walking,2021-05-07 15:44:28.840,2021-05-07 15:44:30.819,0.021,3,3,0.9906172,1.5847907e-05,0.0004931753,0.008873811,0.9906172
512,11,walking,2021-05-07 15:44:29.840,2021-05-07 15:44:31.819,0.021,3,3,0.9932713,1.1604462e-05,0.00035289256,0.006364251,0.9932713
512,11,walking,2021-05-07 15:44:30.840,2021-05-07 15:44:32.819,0.021,3,3,0.96728116,3.9806015e-05,0.0021289887,0.03054997,0.96728116
512,11,walking,2021-05-07 15:44:31.840,2021-05-07 15:44:33.819,0.021,3,3,0.98727727,1.7990356e-05,0.00068143697,0.012023278,0.98727727
512,11,walking,2021-05-07 15:44:32.840,2021-05-07 15:44:34.819,0.021,3,3,0.9941814,8.488819e-06,0.00021967532,0.0055904626,0.9941814
512,12,standing,2021-05-07 15:44:34.959,2021-05-07 15:44:36.939,0.021,2,2,0.919539,0.00010147005,0.0766017,0.919539,0.0037578112
512,14,standing,2021-05-07 15:44:38.520,2021-05-07 15:44:40.500,0.021,2,2,0.8964863,0.00011106207,0.10100681,0.8964863,0.0023958085
512,14,standing,2021-05-07 15:44:39.520,2021-05-07 15:44:41.500,0.021,2,2,0.90499353,0.000106367566,0.09212634,0.90499353,0.0027736477
512,14,standing,2021-05-07 15:44:40.520,2021-05-07 15:44:42.500,0.021,2,2,0.8554554,0.000121716395,0.14260212,0.8554554,0.001820767
512,14,standing,2021-05-07 15:44:41.520,2021-05-07 15:44:43.500,0.021,2,2,0.8962933,0.00012874119,0.09892805,0.8962933,0.0046498706
512,14,standing,2021-05-07 15:44:42.520,2021-05-07 15:44:44.500,0.021,2,2,0.9132262,9.972294e-05,0.084366046,0.9132262,0.0023080714
512,14,standing,2021-05-07 15:44:43.520,2021-05-07 15:44:45.500,0.021,2,2,0.8709506,0.00012426593,0.12648793,0.8709506,0.0024372996
512,14,standing,2021-05-07 15:44:44.520,2021-05-07 15:44:46.500,0.021,2,2,0.8469243,0.00012395764,0.15137237,0.8469243,0.0015792914
512,14,standing,2021-05-07 15:44:45.520,2021-05-07 15:44:47.500,0.021,2,2,0.8484184,0.00012474903,0.14984907,0.8484184,0.0016078348
512,14,standing,2021-05-07 15:44:46.520,2021-05-07 15:44:48.500,0.021,2,2,0.8882126,0.00013078995,0.10829417,0.8882126,0.0033623741
512,15,walking,2021-05-07 15:44:48.599,2021-05-07 15:44:50.580,0.021,3,3,0.5798167,0.00026436534,0.034869406,0.38504958,0.5798167
512,15,walking,2021-05-07 15:44:49.599,2021-05-07 15:44:51.580,0.021,3,3,0.7654389,0.00015462762,0.010479335,0.22392726,0.7654389
512,15,walking,2021-05-07 15:44:50.599,2021-05-07 15:44:52.580,0.021,3,3,0.9415115,6.0553633e-05,0.0025855799,0.055842295,0.9415115
512,16,standing,2021-05-07 15:44:53.319,2021-05-07 15:44:55.299,0.021,2,2,0.8271507,0.00024199467,0.15023199,0.8271507,0.022375349
512,16,standing,2021-05-07 15:44:54.319,2021-05-07 15:44:56.299,0.021,2,2,0.8550827,0.00013502104,0.1426262,0.8550827,0.0021561522
512,17,walking,2021-05-07 15:44:57.000,2021-05-07 15:44:58.979,0.021,3,3,0.8697828,8.0017715e-05,0.007935739,0.12220149,0.8697828
512,17,walking,2021-05-07 15:44:58.000,2021-05-07 15:44:59.979,0.021,3,3,0.9588288,3.4479734e-05,0.0016347757,0.039501913,0.9588288
512,17,walking,2021-05-07 15:44:59.000,2021-05-07 15:45:00.980,0.021,3,3,0.9958793,8.835543e-06,0.00020557824,0.0039062696,0.9958793
512,18,standing,2021-05-07 15:45:01.039,2021-05-07 15:45:03.019,0.021,2,2,0.87007904,0.0001253614,0.1274461,0.87007904,0.0023495976
512,20,standing,2021-05-07 15:45:03.760,2021-05-07 15:45:05.739,0.021,2,2,0.8891258,0.00015859165,0.09965779,0.8891258,0.011057885
512,22,standing,2021-05-07 15:45:06.880,2021-05-07 15:45:08.859,0.021,2,2,0.86338365,0.00014669781,0.13380913,0.86338365,0.0026605984
512,22,standing,2021-05-07 15:45:07.880,2021-05-07 15:45:09.859,0.021,2,2,0.8780318,0.00012158868,0.12007796,0.8780318,0.001768635
512,22,standing,2021-05-07 15:45:08.880,2021-05-07 15:45:10.859,0.021,2,2,0.88392687,0.0001248614,0.11380698,0.88392687,0.0021412286
512,22,standing,2021-05-07 15:45:09.880,2021-05-07 15:45:11.859,0.021,2,2,0.9061586,0.000120781675,0.09081947,0.9061586,0.002901053
512,22,standing,2021-05-07 15:45:10.880,2021-05-07 15:45:12.859,0.021,2,2,0.9052021,0.000117241085,0.092272796,0.9052021,0.0024078356
512,22,standing,2021-05-07 15:45:11.880,2021-05-07 15:45:13.859,0.021,2,2,0.9115341,0.00012151925,0.08495328,0.9115341,0.0033911325
512,22,standing,2021-05-07 15:45:12.880,2021-05-07 15:45:14.859,0.021,2,2,0.87066627,0.0001276504,0.1263355,0.87066627,0.002870579
512,22,standing,2021-05-07 15:45:13.880,2021-05-07 15:45:15.859,0.021,2,2,0.8233807,0.00015060349,0.17239022,0.8233807,0.0040785107
512,22,standing,2021-05-07 15:45:14.880,2021-05-07 15:45:16.860,0.021,2,2,0.83828,0.00022759252,0.10600006,0.83828,0.055492423
512,22,standing,2021-05-07 15:45:15.880,2021-05-07 15:45:17.860,0.021,2,2,0.9104303,0.00016687489,0.04867996,0.9104303,0.04072277
512,22,standing,2021-05-07 15:45:16.880,2021-05-07 15:45:18.860,0.021,2,2,0.92678607,0.00013610366,0.06656721,0.92678607,0.0065105325
512,22,standing,2021-05-07 15:45:17.880,2021-05-07 15:45:19.860,0.021,2,2,0.89765686,0.000105991865,0.10074844,0.89765686,0.0014887064
512,23,walking,2021-05-07 15:45:20.440,2021-05-07 15:45:22.420,0.021,3,2,0.74198663,0.0003124616,0.042837586,0.74198663,0.21486337
512,23,walking,2021-05-07 15:45:21.440,2021-05-07 15:45:23.420,0.021,3,3,0.6000879,0.00019145975,0.019936971,0.37978372,0.6000879
512,23,walking,2021-05-07 15:45:22.440,2021-05-07 15:45:24.420,0.021,3,2,0.7574146,0.00036386802,0.05580502,0.7574146,0.18641661
512,23,walking,2021-05-07 15:45:23.440,2021-05-07 15:45:25.420,0.021,3,2,0.89099336,0.00031366208,0.076752335,0.89099336,0.031940702
512,23,walking,2021-05-07 15:45:24.440,2021-05-07 15:45:26.420,0.021,3,2,0.8288563,0.00023418113,0.055900518,0.8288563,0.115009
512,23,walking,2021-05-07 15:45:25.440,2021-05-07 15:45:27.420,0.021,3,3,0.7549389,0.00014317234,0.017406568,0.22751136,0.7549389
512,23,walking,2021-05-07 15:45:26.440,2021-05-07 15:45:28.420,0.021,3,3,0.9839759,2.629064e-05,0.0010433099,0.014954542,0.9839759
512,23,walking,2021-05-07 15:45:27.440,2021-05-07 15:45:29.420,0.021,3,3,0.98857605,2.0730731e-05,0.00064386753,0.0107593015,0.98857605
512,23,walking,2021-05-07 15:45:28.440,2021-05-07 15:45:30.420,0.021,3,3,0.9968391,6.809086e-06,0.00015174039,0.0030022431,0.9968391
512,23,walking,2021-05-07 15:45:29.440,2021-05-07 15:45:31.420,0.021,3,3,0.9938604,1.5086058e-05,0.00036685896,0.0057575577,0.9938604
512,23,walking,2021-05-07 15:45:30.440,2021-05-07 15:45:32.419,0.021,3,3,0.99925625,2.467886e-06,3.121678e-05,0.00071006117,0.99925625
512,23,walking,2021-05-07 15:45:31.440,2021-05-07 15:45:33.419,0.021,3,3,0.99987125,7.0387637e-07,4.1433545e-06,0.00012397343,0.99987125
512,23,walking,2021-05-07 15:45:32.439,2021-05-07 15:45:34.419,0.021,3,3,0.9991011,2.3024213e-06,3.179692e-05,0.0008647979,0.9991011
512,24,standing,2021-05-07 15:45:35.040,2021-05-07 15:45:37.020,0.021,2,2,0.4690703,0.02205685,0.3931694,0.4690703,0.115703546
512,26,standing,2021-05-07 15:45:40.680,2021-05-07 15:45:42.659,0.021,2,2,0.79912734,0.00014368045,0.19847369,0.79912734,0.002255272
512,26,standing,2021-05-07 15:45:41.680,2021-05-07 15:45:43.659,0.021,2,2,0.7582227,0.000103518796,0.24124038,0.7582227,0.00043337964
512,26,standing,2021-05-07 15:45:42.680,2021-05-07 15:45:44.659,0.021,2,2,0.7747149,9.928049e-05,0.2247372,0.7747149,0.00044852536
512,26,standing,2021-05-07 15:45:43.680,2021-05-07 15:45:45.659,0.021,2,2,0.76298773,0.00010594429,0.23643754,0.76298773,0.0004687863
512,26,standing,2021-05-07 15:45:44.680,2021-05-07 15:45:46.659,0.021,2,2,0.7879053,0.00011658974,0.21132167,0.7879053,0.0006565285
512,26,standing,2021-05-07 15:45:45.680,2021-05-07 15:45:47.659,0.021,2,2,0.7771278,0.000111061796,0.22221576,0.7771278,0.0005452845
512,26,standing,2021-05-07 15:45:46.680,2021-05-07 15:45:48.659,0.021,2,2,0.7455738,0.000107917964,0.25391862,0.7455738,0.0003995729
512,26,standing,2021-05-07 15:45:47.680,2021-05-07 15:45:49.659,0.021,2,2,0.7418046,0.00010673278,0.25770766,0.7418046,0.00038095057
512,28,standing,2021-05-07 15:45:50.000,2021-05-07 15:45:51.979,0.021,2,2,0.88965714,0.00015566302,0.10421157,0.88965714,0.0059757154
512,28,standing,2021-05-07 15:45:51.000,2021-05-07 15:45:52.979,0.021,2,2,0.8533956,0.00011799488,0.14530931,0.8533956,0.0011770839
512,28,standing,2021-05-07 15:45:52.000,2021-05-07 15:45:53.979,0.021,2,2,0.8412403,0.00012093877,0.15756875,0.8412403,0.0010699567
512,28,standing,2021-05-07 15:45:53.000,2021-05-07 15:45:54.979,0.021,2,2,0.83960176,0.0001198401,0.159258,0.83960176,0.0010204313
512,30,standing,2021-05-07 15:45:55.959,2021-05-07 15:45:57.939,0.021,2,2,0.9228336,0.0005519337,0.034213804,0.9228336,0.04240065
512,31,lying,2021-05-07 15:46:07.039,2021-05-07 15:46:09.020,0.021,0,0,0.7941148,0.7941148,0.20588513,2.07237e-09,2.2038765e-10
512,31,lying,2021-05-07 15:46:08.039,2021-05-07 15:46:10.020,0.021,0,0,0.9324283,0.9324283,0.067571685,8.803498e-10,1.1684109e-10
512,31,lying,2021-05-07 15:46:09.039,2021-05-07 15:46:11.020,0.021,0,0,0.9385157,0.9385157,0.061484274,7.776735e-10,8.123096e-11
512,31,lying,2021-05-07 15:46:10.039,2021-05-07 15:46:12.020,0.021,0,0,0.911665,0.911665,0.088335015,8.2417795e-10,7.236782e-11
512,31,lying,2021-05-07 15:46:11.039,2021-05-07 15:46:13.020,0.021,0,0,0.8853732,0.8853732,0.11462679,1.0095124e-09,7.983474e-11
512,31,lying,2021-05-07 15:46:12.039,2021-05-07 15:46:14.020,0.021,0,0,0.89880866,0.89880866,0.10119131,9.811595e-10,8.107606e-11
512,31,lying,2021-05-07 15:46:13.039,2021-05-07 15:46:15.020,0.021,0,0,0.8938259,0.8938259,0.10617406,1.0296071e-09,8.70419e-11
512,31,lying,2021-05-07 15:46:14.039,2021-05-07 15:46:16.020,0.021,0,0,0.89797914,0.89797914,0.10202094,1.0319714e-09,9.042721e-11
512,31,lying,2021-05-07 15:46:15.039,2021-05-07 15:46:17.020,0.021,0,0,0.9036502,0.9036502,0.09634974,1.0363003e-09,9.287098e-11
512,31,lying,2021-05-07 15:46:16.040,2021-05-07 15:46:18.020,0.021,0,0,0.90481144,0.90481144,0.0951886,1.147691e-09,1.0687412e-10
512,31,lying,2021-05-07 15:46:17.040,2021-05-07 15:46:19.020,0.021,0,0,0.90463114,0.90463114,0.09536879,1.1784123e-09,1.10638616e-10
512,31,lying,2021-05-07 15:46:18.040,2021-05-07 15:46:20.020,0.021,0,0,0.90377414,0.90377414,0.09622593,1.1120866e-09,1.0112438e-10
512,31,lying,2021-05-07 15:46:19.040,2021-05-07 15:46:21.020,0.021,0,0,0.90877426,0.90877426,0.09122576,1.0706417e-09,9.890374e-11
512,31,lying,2021-05-07 15:46:20.040,2021-05-07 15:46:22.020,0.021,0,0,0.9122155,0.9122155,0.08778461,1.0681239e-09,1.025239e-10
512,31,lying,2021-05-07 15:46:21.040,2021-05-07 15:46:23.020,0.021,0,0,0.91050965,0.91050965,0.08949034,1.1431325e-09,1.1096511e-10
512,31,lying,2021-05-07 15:46:22.040,2021-05-07 15:46:24.020,0.021,0,0,0.9149338,0.9149338,0.08506624,1.1800615e-09,1.1806148e-10
512,31,lying,2021-05-07 15:46:23.040,2021-05-07 15:46:25.020,0.021,0,0,0.91873103,0.91873103,0.08126897,1.0431609e-09,1.01298435e-10
512,31,lying,2021-05-07 15:46:24.040,2021-05-07 15:46:26.020,0.021,0,0,0.9402353,0.9402353,0.059764735,7.436861e-10,7.559996e-11
512,31,lying,2021-05-07 15:46:25.040,2021-05-07 15:46:27.020,0.021,0,0,0.94248635,0.94248635,0.0575137,7.029695e-10,7.217469e-11
512,31,lying,2021-05-07 15:46:26.040,2021-05-07 15:46:28.020,0.021,0,0,0.9393935,0.9393935,0.060606383,7.343904e-10,7.5150317e-11
512,31,lying,2021-05-07 15:46:27.040,2021-05-07 15:46:29.020,0.021,0,0,0.9294057,0.9294057,0.070594385,8.390919e-10,8.429558e-11
512,31,lying,2021-05-07 15:46:28.040,2021-05-07 15:46:30.020,0.021,0,0,0.92939126,0.92939126,0.07060864,8.4528085e-10,8.4863734e-11
512,31,lying,2021-05-07 15:46:29.040,2021-05-07 15:46:31.020,0.021,0,0,0.9322091,0.9322091,0.06779091,8.1584556e-10,8.203985e-11
512,31,lying,2021-05-07 15:46:30.040,2021-05-07 15:46:32.020,0.021,0,0,0.9276859,0.9276859,0.07231397,8.8336505e-10,8.8009516e-11
512,31,lying,2021-05-07 15:46:31.040,2021-05-07 15:46:33.020,0.021,0,0,0.9352588,0.9352588,0.06474121,7.931515e-10,8.0414e-11
512,31,lying,2021-05-07 15:46:32.040,2021-05-07 15:46:34.020,0.021,0,0,0.931743,0.931743,0.06825693,8.294172e-10,8.3469516e-11
512,31,lying,2021-05-07 15:46:33.040,2021-05-07 15:46:35.020,0.021,0,0,0.93103117,0.93103117,0.068968885,8.3435703e-10,8.386341e-11
512,31,lying,2021-05-07 15:46:34.040,2021-05-07 15:46:36.020,0.021,0,0,0.9328093,0.9328093,0.06719065,7.8740714e-10,7.904494e-11
512,31,lying,2021-05-07 15:46:35.040,2021-05-07 15:46:37.020,0.021,0,0,0.9292364,0.9292364,0.070763566,6.4379535e-10,5.914605e-11
512,31,lying,2021-05-07 15:46:36.040,2021-05-07 15:46:38.020,0.021,0,0,0.9258855,0.9258855,0.07411447,5.9069305e-10,5.08039e-11
512,31,lying,2021-05-07 15:46:37.040,2021-05-07 15:46:39.020,0.021,0,0,0.9310001,0.9310001,0.06899987,5.5392896e-10,4.8876573e-11
512,31,lying,2021-05-07 15:46:38.040,2021-05-07 15:46:40.020,0.021,0,0,0.91485393,0.91485393,0.085146055,6.409452e-10,5.352313e-11
512,31,lying,2021-05-07 15:46:39.040,2021-05-07 15:46:41.020,0.021,0,0,0.905287,0.905287,0.094713025,7.893277e-10,6.666025e-11
512,31,lying,2021-05-07 15:46:40.040,2021-05-07 15:46:42.020,0.021,0,0,0.9077564,0.9077564,0.09224371,8.534996e-10,7.5447565e-11
512,31,lying,2021-05-07 15:46:41.040,2021-05-07 15:46:43.020,0.021,0,0,0.91127354,0.91127354,0.08872649,8.2577634e-10,7.4651896e-11
512,31,lying,2021-05-07 15:46:42.040,2021-05-07 15:46:44.020,0.021,0,0,0.9039076,0.9039076,0.096092395,8.755354e-10,7.653874e-11
512,31,lying,2021-05-07 15:46:43.040,2021-05-07 15:46:45.020,0.021,0,0,0.90607315,0.90607315,0.09392679,8.6633517e-10,7.468414e-11
512,31,lying,2021-05-07 15:46:44.040,2021-05-07 15:46:46.020,0.021,0,0,0.901092,0.901092,0.098907985,9.290746e-10,7.928957e-11
512,31,lying,2021-05-07 15:46:45.040,2021-05-07 15:46:47.020,0.021,0,0,0.9001068,0.9001068,0.09989328,1.040031e-09,9.335424e-11
512,31,lying,2021-05-07 15:46:46.040,2021-05-07 15:46:48.020,0.021,0,0,0.9188444,0.9188444,0.081155546,9.105063e-10,8.81949e-11
512,31,lying,2021-05-07 15:46:47.040,2021-05-07 15:46:49.020,0.021,0,0,0.91630566,0.91630566,0.08369439,7.877887e-10,7.163994e-11
512,31,lying,2021-05-07 15:46:48.040,2021-05-07 15:46:50.020,0.021,0,0,0.8912268,0.8912268,0.10877316,9.2323893e-10,7.577394e-11
512,31,lying,2021-05-07 15:46:49.040,2021-05-07 15:46:51.020,0.021,0,0,0.89285994,0.89285994,0.10713997,9.245691e-10,7.537579e-11
512,31,lying,2021-05-07 15:46:50.040,2021-05-07 15:46:52.020,0.021,0,0,0.89193267,0.89193267,0.10806738,8.751978e-10,7.073695e-11
512,31,lying,2021-05-07 15:46:51.040,2021-05-07 15:46:53.020,0.021,0,0,0.8944241,0.8944241,0.10557597,8.030262e-10,6.5823944e-11
512,31,lying,2021-05-07 15:46:52.040,2021-05-07 15:46:54.020,0.021,0,0,0.8992052,0.8992052,0.10079475,7.998972e-10,6.7102886e-11
512,31,lying,2021-05-07 15:46:53.040,2021-05-07 15:46:55.020,0.021,0,0,0.8965573,0.8965573,0.10344264,8.560683e-10,6.998787e-11
512,31,lying,2021-05-07 15:46:54.040,2021-05-07 15:46:56.020,0.021,0,0,0.8989826,0.8989826,0.10101756,8.734631e-10,7.189212e-11
512,31,lying,2021-05-07 15:46:55.040,2021-05-07 15:46:57.020,0.021,0,0,0.90087885,0.90087885,0.0991212,8.9263397e-10,7.448764e-11
512,31,lying,2021-05-07 15:46:56.040,2021-05-07 15:46:58.020,0.021,0,0,0.9021523,0.9021523,0.09784775,8.560188e-10,7.206061e-11
512,31,lying,2021-05-07 15:46:57.040,2021-05-07 15:46:59.020,0.021,0,0,0.89821583,0.89821583,0.10178405,8.4786705e-10,7.005558e-11
512,31,lying,2021-05-07 15:46:58.040,2021-05-07 15:47:00.019,0.021,0,0,0.8875223,0.8875223,0.11247781,9.413335e-10,7.5658e-11
512,31,lying,2021-05-07 15:46:59.040,2021-05-07 15:47:01.019,0.021,0,0,0.8921829,0.8921829,0.10781704,9.500546e-10,7.772729e-11
512,31,lying,2021-05-07 15:47:00.039,2021-05-07 15:47:02.019,0.021,0,0,0.8920844,0.8920844,0.10791562,9.478033e-10,7.947788e-11
512,31,lying,2021-05-07 15:47:01.039,2021-05-07 15:47:03.019,0.021,0,0,0.9013153,0.9013153,0.09868467,8.635449e-10,7.559255e-11
512,31,lying,2021-05-07 15:47:02.039,2021-05-07 15:47:04.019,0.021,0,0,0.9029243,0.9029243,0.09707572,8.1724655e-10,6.963476e-11
512,31,lying,2021-05-07 15:47:03.039,2021-05-07 15:47:05.019,0.021,0,0,0.8963387,0.8963387,0.10366131,8.380005e-10,6.9013045e-11
512,31,lying,2021-05-07 15:47:04.039,2021-05-07 15:47:06.019,0.021,0,0,0.89646095,0.89646095,0.1035391,8.097546e-10,6.605115e-11
512,31,lying,2021-05-07 15:47:05.039,2021-05-07 15:47:07.019,0.021,0,0,0.9059935,0.9059935,0.09400644,7.636999e-10,6.380571e-11
512,31,lying,2021-05-07 15:47:06.039,2021-05-07 15:47:08.020,0.021,0,0,0.9042637,0.9042637,0.095736206,8.337964e-10,6.945438e-11
512,31,lying,2021-05-07 15:47:07.039,2021-05-07 15:47:09.020,0.021,0,0,0.8906239,0.8906239,0.109376,9.2885777e-10,7.500254e-11
512,31,lying,2021-05-07 15:47:08.039,2021-05-07 15:47:10.020,0.021,0,0,0.88702023,0.88702023,0.112979725,9.720029e-10,7.832487e-11
512,31,lying,2021-05-07 15:47:09.039,2021-05-07 15:47:11.020,0.021,0,0,0.89225954,0.89225954,0.10774047,9.495692e-10,7.7963816e-11
512,31,lying,2021-05-07 15:47:10.039,2021-05-07 15:47:12.020,0.021,0,0,0.90433174,0.90433174,0.0956683,8.1300466e-10,6.8992596e-11
512,31,lying,2021-05-07 15:47:11.039,2021-05-07 15:47:13.020,0.021,0,0,0.9105785,0.9105785,0.089421436,7.3465817e-10,6.366732e-11
512,31,lying,2021-05-07 15:47:12.039,2021-05-07 15:47:14.020,0.021,0,0,0.90745515,0.90745515,0.092544794,7.576572e-10,6.4342726e-11
512,31,lying,2021-05-07 15:47:13.039,2021-05-07 15:47:15.020,0.021,0,0,0.90432376,0.90432376,0.09567621,8.2182333e-10,6.8595456e-11
512,31,lying,2021-05-07 15:47:14.039,2021-05-07 15:47:16.020,0.021,0,0,0.89853567,0.89853567,0.10146426,8.5114765e-10,6.895141e-11
512,31,lying,2021-05-07 15:47:15.039,2021-05-07 15:47:17.020,0.021,0,0,0.88788044,0.88788044,0.11211947,9.09374e-10,7.2535054e-11
512,31,lying,2021-05-07 15:47:16.040,2021-05-07 15:47:18.020,0.021,0,0,0.8946337,0.8946337,0.10536632,9.018028e-10,7.452272e-11
512,31,lying,2021-05-07 15:47:17.040,2021-05-07 15:47:19.020,0.021,0,0,0.89862204,0.89862204,0.10137796,8.1490537e-10,6.686217e-11
512,31,lying,2021-05-07 15:47:18.040,2021-05-07 15:47:20.020,0.021,0,0,0.9180012,0.9180012,0.08199881,5.79674e-10,4.8086164e-11
512,31,lying,2021-05-07 15:47:19.040,2021-05-07 15:47:21.020,0.021,0,0,0.9274742,0.9274742,0.07252578,5.360541e-10,4.611449e-11
512,31,lying,2021-05-07 15:47:20.040,2021-05-07 15:47:22.020,0.021,0,0,0.9232299,0.9232299,0.07677014,6.3938993e-10,5.715295e-11
512,31,lying,2021-05-07 15:47:21.040,2021-05-07 15:47:23.020,0.021,0,0,0.9357032,0.9357032,0.06429678,5.609781e-10,5.344196e-11
512,31,lying,2021-05-07 15:47:22.040,2021-05-07 15:47:24.020,0.021,0,0,0.9294927,0.9294927,0.070507266,5.6758703e-10,5.087261e-11
512,31,lying,2021-05-07 15:47:23.040,2021-05-07 15:47:25.020,0.021,0,0,0.93299747,0.93299747,0.06700249,5.525103e-10,5.0001454e-11
512,31,lying,2021-05-07 15:47:24.040,2021-05-07 15:47:26.020,0.021,0,0,0.93334204,0.93334204,0.06665789,5.696311e-10,5.244483e-11
512,31,lying,2021-05-07 15:47:25.040,2021-05-07 15:47:27.020,0.021,0,0,0.92226803,0.92226803,0.07773192,6.451297e-10,5.627981e-11
512,31,lying,2021-05-07 15:47:26.040,2021-05-07 15:47:28.020,0.021,0,0,0.92954636,0.92954636,0.070453726,5.781398e-10,5.0793036e-11
512,31,lying,2021-05-07 15:47:27.040,2021-05-07 15:47:29.020,0.021,0,0,0.93285453,0.93285453,0.067145415,5.726269e-10,5.2405538e-11
512,31,lying,2021-05-07 15:47:28.040,2021-05-07 15:47:30.020,0.021,0,0,0.9363045,0.9363045,0.06369542,5.6358723e-10,5.3347528e-11
512,31,lying,2021-05-07 15:47:29.040,2021-05-07 15:47:31.020,0.021,0,0,0.937809,0.937809,0.06219112,5.303546e-10,5.0458814e-11
512,31,lying,2021-05-07 15:47:30.040,2021-05-07 15:47:32.020,0.021,0,0,0.93806696,0.93806696,0.061932966,5.479055e-10,5.2652546e-11
512,31,lying,2021-05-07 15:47:31.040,2021-05-07 15:47:33.020,0.021,0,0,0.936152,0.936152,0.06384797,5.5011773e-10,5.16891e-11
512,31,lying,2021-05-07 15:47:32.040,2021-05-07 15:47:34.020,0.021,0,0,0.9396059,0.9396059,0.060394175,5.055485e-10,4.7575815e-11
512,31,lying,2021-05-07 15:47:33.040,2021-05-07 15:47:35.020,0.021,0,0,0.9301874,0.9301874,0.06981257,6.190071e-10,5.8149638e-11
512,31,lying,2021-05-07 15:47:34.040,2021-05-07 15:47:36.020,0.021,0,0,0.92588377,0.92588377,0.07411624,7.0411543e-10,6.6049805e-11
512,31,lying,2021-05-07 15:47:35.040,2021-05-07 15:47:37.020,0.021,0,0,0.9410123,0.9410123,0.05898774,5.958433e-10,5.995777e-11
512,31,lying,2021-05-07 15:47:36.040,2021-05-07 15:47:38.020,0.021,0,0,0.9351297,0.9351297,0.06487027,5.7837113e-10,5.4999585e-11
512,31,lying,2021-05-07 15:47:37.040,2021-05-07 15:47:39.020,0.021,0,0,0.9366489,0.9366489,0.06335112,5.960539e-10,5.7446242e-11
512,31,lying,2021-05-07 15:47:38.040,2021-05-07 15:47:40.020,0.021,0,0,0.9408182,0.9408182,0.059181783,5.4485455e-10,5.2783708e-11
512,31,lying,2021-05-07 15:47:39.040,2021-05-07 15:47:41.020,0.021,0,0,0.9380681,0.9380681,0.061931923,5.3555393e-10,5.0354387e-11
512,31,lying,2021-05-07 15:47:40.040,2021-05-07 15:47:42.020,0.021,0,0,0.9379636,0.9379636,0.062036265,5.436118e-10,5.172595e-11
512,32,sitting,2021-05-07 15:47:46.520,2021-05-07 15:47:48.500,0.021,1,2,0.90544015,0.00017307089,0.05232978,0.90544015,0.042056933
512,32,sitting,2021-05-07 15:47:47.520,2021-05-07 15:47:49.500,0.021,1,2,0.8975133,8.122504e-05,0.09925768,0.8975133,0.0031478708
512,32,sitting,2021-05-07 15:47:48.520,2021-05-07 15:47:50.500,0.021,1,2,0.8664117,0.00011682304,0.13161297,0.8664117,0.0018585267
512,32,sitting,2021-05-07 15:47:49.520,2021-05-07 15:47:51.500,0.021,1,2,0.8887098,7.357986e-05,0.11067705,0.8887098,0.0005396117
512,32,sitting,2021-05-07 15:47:50.520,2021-05-07 15:47:52.500,0.021,1,2,0.909709,6.721182e-05,0.08975421,0.909709,0.00046952406
512,32,sitting,2021-05-07 15:47:51.520,2021-05-07 15:47:53.500,0.021,1,2,0.9094752,7.1076975e-05,0.08991395,0.9094752,0.00053976866
512,32,sitting,2021-05-07 15:47:52.520,2021-05-07 15:47:54.500,0.021,1,2,0.898035,7.495896e-05,0.10135385,0.898035,0.00053613965
512,32,sitting,2021-05-07 15:47:53.520,2021-05-07 15:47:55.500,0.021,1,2,0.8912693,7.629961e-05,0.108132824,0.8912693,0.00052158185
512,32,sitting,2021-05-07 15:47:54.520,2021-05-07 15:47:56.500,0.021,1,2,0.8833188,6.9707465e-05,0.11623661,0.8833188,0.00037483752
512,32,sitting,2021-05-07 15:47:55.520,2021-05-07 15:47:57.500,0.021,1,2,0.88176024,7.2471594e-05,0.11777243,0.88176024,0.00039491
512,32,sitting,2021-05-07 15:47:56.520,2021-05-07 15:47:58.500,0.021,1,2,0.8811471,7.5642056e-05,0.118328884,0.8811471,0.00044832443
512,32,sitting,2021-05-07 15:47:57.520,2021-05-07 15:47:59.500,0.021,1,2,0.88173646,7.97665e-05,0.117642134,0.88173646,0.00054166204
512,32,sitting,2021-05-07 15:47:58.520,2021-05-07 15:48:00.500,0.021,1,2,0.8869758,9.7067095e-05,0.11193183,0.8869758,0.0009952253
512,32,sitting,2021-05-07 15:47:59.520,2021-05-07 15:48:01.500,0.021,1,2,0.883543,0.00010422511,0.11523771,0.883543,0.0011150389
512,32,sitting,2021-05-07 15:48:00.520,2021-05-07 15:48:02.500,0.021,1,2,0.8761968,0.00010238562,0.12280163,0.8761968,0.00089920283
512,32,sitting,2021-05-07 15:48:01.520,2021-05-07 15:48:03.500,0.021,1,2,0.88766354,9.9158126e-05,0.11124911,0.88766354,0.0009881578
512,32,sitting,2021-05-07 15:48:02.520,2021-05-07 15:48:04.500,0.021,1,2,0.892777,9.121374e-05,0.106285155,0.892777,0.00084665715
512,32,sitting,2021-05-07 15:48:03.520,2021-05-07 15:48:05.500,0.021,1,2,0.89480424,8.622893e-05,0.10432663,0.89480424,0.00078291656
512,32,sitting,2021-05-07 15:48:04.520,2021-05-07 15:48:06.500,0.021,1,2,0.8863241,9.2791226e-05,0.11279604,0.8863241,0.0007869605
512,32,sitting,2021-05-07 15:48:05.520,2021-05-07 15:48:07.500,0.021,1,2,0.86672366,9.8433935e-05,0.13248149,0.86672366,0.00069647946
512,32,sitting,2021-05-07 15:48:06.520,2021-05-07 15:48:08.500,0.021,1,2,0.85142726,9.583486e-05,0.14788364,0.85142726,0.0005932288
512,32,sitting,2021-05-07 15:48:07.520,2021-05-07 15:48:09.500,0.021,1,2,0.7871085,0.00010774699,0.2121516,0.7871085,0.00063199847
512,32,sitting,2021-05-07 15:48:08.520,2021-05-07 15:48:10.500,0.021,1,2,0.67210174,8.384359e-05,0.32733575,0.67210174,0.00047866927
512,32,sitting,2021-05-07 15:48:09.520,2021-05-07 15:48:11.500,0.021,1,2,0.82354164,0.000118506774,0.17511916,0.82354164,0.0012206988
512,32,sitting,2021-05-07 15:48:10.520,2021-05-07 15:48:12.500,0.021,1,2,0.8693592,0.00010421908,0.12948298,0.8693592,0.001053661
512,32,sitting,2021-05-07 15:48:11.520,2021-05-07 15:48:13.500,0.021,1,2,0.8535993,9.5365285e-05,0.14565682,0.8535993,0.0006484567
512,32,sitting,2021-05-07 15:48:12.520,2021-05-07 15:48:14.500,0.021,1,2,0.8307138,9.608093e-05,0.16871579,0.8307138,0.00047432233
512,32,sitting,2021-05-07 15:48:13.520,2021-05-07 15:48:15.500,0.021,1,2,0.84341145,0.000104255225,0.15585123,0.84341145,0.00063307513
512,32,sitting,2021-05-07 15:48:14.520,2021-05-07 15:48:16.500,0.021,1,2,0.8673701,0.0001035393,0.13169074,0.8673701,0.00083547237
512,32,sitting,2021-05-07 15:48:15.520,2021-05-07 15:48:17.500,0.021,1,2,0.8936834,0.0001340851,0.102808364,0.8936834,0.003374162
512,32,sitting,2021-05-07 15:48:16.520,2021-05-07 15:48:18.500,0.021,1,2,0.87849206,0.00013047864,0.117624,0.87849206,0.0037534493
512,32,sitting,2021-05-07 15:48:17.520,2021-05-07 15:48:19.500,0.021,1,2,0.82977504,0.00012602509,0.16870609,0.82977504,0.0013928862
512,32,sitting,2021-05-07 15:48:18.520,2021-05-07 15:48:20.500,0.021,1,2,0.84966946,0.00014504757,0.1475913,0.84966946,0.002594164
512,32,sitting,2021-05-07 15:48:19.520,2021-05-07 15:48:21.500,0.021,1,2,0.85155094,0.00017986719,0.13712037,0.85155094,0.011148861
512,32,sitting,2021-05-07 15:48:20.520,2021-05-07 15:48:22.500,0.021,1,2,0.83980733,0.00020950788,0.12983467,0.83980733,0.030148592
512,32,sitting,2021-05-07 15:48:21.520,2021-05-07 15:48:23.500,0.021,1,2,0.85173506,0.00023379896,0.12155855,0.85173506,0.026472628
512,32,sitting,2021-05-07 15:48:22.520,2021-05-07 15:48:24.500,0.021,1,2,0.8474743,0.00019832543,0.14242083,0.8474743,0.009906579
512,32,sitting,2021-05-07 15:48:23.520,2021-05-07 15:48:25.500,0.021,1,2,0.8245987,0.0001537921,0.17259812,0.8245987,0.0026493957
512,32,sitting,2021-05-07 15:48:24.520,2021-05-07 15:48:26.500,0.021,1,2,0.79280347,0.00012442064,0.2060896,0.79280347,0.0009824074
512,32,sitting,2021-05-07 15:48:25.520,2021-05-07 15:48:27.500,0.021,1,2,0.79399073,0.0001211331,0.20503381,0.79399073,0.0008542862
512,32,sitting,2021-05-07 15:48:26.520,2021-05-07 15:48:28.500,0.021,1,2,0.80428195,0.00012296227,0.19463114,0.80428195,0.0009639889
512,32,sitting,2021-05-07 15:48:27.520,2021-05-07 15:48:29.500,0.021,1,2,0.7892774,0.00011557617,0.20981961,0.7892774,0.00078738993
512,32,sitting,2021-05-07 15:48:28.520,2021-05-07 15:48:30.500,0.021,1,2,0.7838426,0.00011297843,0.21527,0.7838426,0.000774401
512,32,sitting,2021-05-07 15:48:29.520,2021-05-07 15:48:31.500,0.021,1,2,0.78682995,0.00011770109,0.212163,0.78682995,0.00088940444
512,32,sitting,2021-05-07 15:48:30.520,2021-05-07 15:48:32.500,0.021,1,2,0.7962643,0.0001226652,0.20257421,0.7962643,0.0010388982
512,32,sitting,2021-05-07 15:48:31.520,2021-05-07 15:48:33.500,0.021,1,2,0.7905135,0.000119826116,0.20843393,0.7905135,0.000932701
512,32,sitting,2021-05-07 15:48:32.520,2021-05-07 15:48:34.500,0.021,1,2,0.7793849,0.00012014807,0.21968701,0.7793849,0.00080785656
512,32,sitting,2021-05-07 15:48:33.520,2021-05-07 15:48:35.500,0.021,1,2,0.8053942,0.00014184017,0.19273841,0.8053942,0.0017255642
512,32,sitting,2021-05-07 15:48:34.520,2021-05-07 15:48:36.500,0.021,1,2,0.83740103,0.00018912037,0.1551098,0.83740103,0.007300031
512,32,sitting,2021-05-07 15:48:35.520,2021-05-07 15:48:37.500,0.021,1,2,0.8379121,0.00018628828,0.15508528,0.8379121,0.0068162708
512,32,sitting,2021-05-07 15:48:36.520,2021-05-07 15:48:38.500,0.021,1,2,0.80561537,0.0001415291,0.1926896,0.80561537,0.0015536307
512,32,sitting,2021-05-07 15:48:37.520,2021-05-07 15:48:39.500,0.021,1,2,0.7970094,0.00012378344,0.2018722,0.7970094,0.0009946559
512,32,sitting,2021-05-07 15:48:38.520,2021-05-07 15:48:40.500,0.021,1,2,0.81539565,0.00014489991,0.18285489,0.81539565,0.0016044748
512,32,sitting,2021-05-07 15:48:39.520,2021-05-07 15:48:41.500,0.021,1,2,0.88501894,0.00016452034,0.11100829,0.88501894,0.00380826
512,32,sitting,2021-05-07 15:48:40.520,2021-05-07 15:48:42.500,0.021,1,2,0.9042422,8.4202526e-05,0.09332832,0.9042422,0.0023451338
512,32,sitting,2021-05-07 15:48:41.520,2021-05-07 15:48:43.500,0.021,1,2,0.88735,0.00011235225,0.08834667,0.88735,0.024190912
512,32,sitting,2021-05-07 15:48:42.520,2021-05-07 15:48:44.500,0.021,1,2,0.6754756,8.8254186e-05,0.30871254,0.6754756,0.015723592
512,32,sitting,2021-05-07 15:48:43.520,2021-05-07 15:48:45.500,0.021,1,1,0.8987395,0.000100181154,0.8987395,0.100791216,0.0003691053
512,32,sitting,2021-05-07 15:48:44.520,2021-05-07 15:48:46.500,0.021,1,1,0.9837068,0.0004857829,0.9837068,0.015653512,0.00015381591
512,32,sitting,2021-05-07 15:48:45.520,2021-05-07 15:48:47.500,0.021,1,1,0.9889538,0.0004367057,0.9889538,0.0105326455,7.684869e-05
512,32,sitting,2021-05-07 15:48:46.520,2021-05-07 15:48:48.500,0.021,1,1,0.98954827,0.00036460755,0.98954827,0.010033012,5.4074248e-05
512,32,sitting,2021-05-07 15:48:47.520,2021-05-07 15:48:49.500,0.021,1,1,0.9912955,0.0003383368,0.9912955,0.0083275,3.8527178e-05
512,32,sitting,2021-05-07 15:48:48.520,2021-05-07 15:48:50.500,0.021,1,1,0.9914812,0.00035969526,0.9914812,0.008121488,3.7743222e-05
512,32,sitting,2021-05-07 15:48:49.520,2021-05-07 15:48:51.500,0.021,1,1,0.9900465,0.00041296138,0.9900465,0.009484145,5.6334695e-05
512,32,sitting,2021-05-07 15:48:50.520,2021-05-07 15:48:52.500,0.021,1,1,0.9907133,0.0003791381,0.9907133,0.008859641,4.796582e-05
512,32,sitting,2021-05-07 15:48:51.520,2021-05-07 15:48:53.500,0.021,1,1,0.9903821,0.0003666076,0.9903821,0.009202619,4.875256e-05
512,32,sitting,2021-05-07 15:48:52.520,2021-05-07 15:48:54.500,0.021,1,1,0.99010396,0.00034465172,0.99010396,0.009505056,4.6349727e-05
512,32,sitting,2021-05-07 15:48:53.520,2021-05-07 15:48:55.500,0.021,1,1,0.9911032,0.00035890465,0.9911032,0.008495913,4.192374e-05
512,32,sitting,2021-05-07 15:48:54.520,2021-05-07 15:48:56.500,0.021,1,1,0.9880297,0.00046657067,0.9880297,0.011417543,8.610017e-05
512,32,sitting,2021-05-07 15:48:55.520,2021-05-07 15:48:57.500,0.021,1,1,0.9891379,0.00058452267,0.9891379,0.010176703,0.00010082169
512,32,sitting,2021-05-07 15:48:56.520,2021-05-07 15:48:58.500,0.021,1,1,0.9923125,0.0006147703,0.9923125,0.00700828,6.448152e-05
512,32,sitting,2021-05-07 15:48:57.520,2021-05-07 15:48:59.500,0.021,1,1,0.99249804,0.000624369,0.99249804,0.0068129394,6.461184e-05
512,32,sitting,2021-05-07 15:48:58.520,2021-05-07 15:49:00.500,0.021,1,1,0.99292547,0.0005949354,0.99292547,0.006426062,5.3486718e-05
512,32,sitting,2021-05-07 15:48:59.520,2021-05-07 15:49:01.500,0.021,1,1,0.9933764,0.0005430697,0.9933764,0.006038267,4.2447762e-05
512,32,sitting,2021-05-07 15:49:00.520,2021-05-07 15:49:02.500,0.021,1,1,0.9924989,0.0004917782,0.9924989,0.006962962,4.6236808e-05
512,32,sitting,2021-05-07 15:49:01.520,2021-05-07 15:49:03.500,0.021,1,1,0.9922069,0.00043899333,0.9922069,0.0073129702,4.1266536e-05
512,32,sitting,2021-05-07 15:49:02.520,2021-05-07 15:49:04.500,0.021,1,1,0.9924237,0.0004166537,0.9924237,0.007121592,3.8111084e-05
512,32,sitting,2021-05-07 15:49:03.520,2021-05-07 15:49:05.500,0.021,1,1,0.9916776,0.00035608787,0.9916776,0.007925847,4.044844e-05
512,32,sitting,2021-05-07 15:49:04.520,2021-05-07 15:49:06.500,0.021,1,1,0.99154705,0.00036423095,0.99154705,0.008044612,4.4185745e-05
512,32,sitting,2021-05-07 15:49:05.520,2021-05-07 15:49:07.500,0.021,1,1,0.9926772,0.00037999023,0.9926772,0.006903585,3.9141712e-05
512,32,sitting,2021-05-07 15:49:06.520,2021-05-07 15:49:08.500,0.021,1,1,0.9930517,0.00039326964,0.9930517,0.0065164375,3.857214e-05
512,32,sitting,2021-05-07 15:49:07.520,2021-05-07 15:49:09.500,0.021,1,1,0.99068296,0.00041497676,0.99068296,0.008840549,6.157752e-05
512,32,sitting,2021-05-07 15:49:08.520,2021-05-07 15:49:10.500,0.021,1,1,0.98942786,0.0004566685,0.98942786,0.010038299,7.7099125e-05
512,32,sitting,2021-05-07 15:49:09.520,2021-05-07 15:49:11.500,0.021,1,1,0.9921294,0.0004439627,0.9921294,0.007377018,4.9592487e-05
512,32,sitting,2021-05-07 15:49:10.520,2021-05-07 15:49:12.500,0.021,1,1,0.99303323,0.00050913676,0.99303323,0.0064088022,4.88063e-05
512,32,sitting,2021-05-07 15:49:11.520,2021-05-07 15:49:13.500,0.021,1,1,0.99344987,0.00058932183,0.99344987,0.0059008473,5.9995567e-05
512,32,sitting,2021-05-07 15:49:12.520,2021-05-07 15:49:14.500,0.021,1,1,0.9918481,0.00056563516,0.9918481,0.007501277,8.5047875e-05
512,32,sitting,2021-05-07 15:49:13.520,2021-05-07 15:49:15.500,0.021,1,1,0.99104476,0.00054944557,0.99104476,0.008309897,9.581966e-05
512,32,sitting,2021-05-07 15:49:14.520,2021-05-07 15:49:16.500,0.021,1,1,0.9943243,0.0005249111,0.9943243,0.0051081222,4.2647243e-05
512,32,sitting,2021-05-07 15:49:15.520,2021-05-07 15:49:17.500,0.021,1,1,0.994762,0.0004983985,0.994762,0.0047050817,3.4557463e-05
512,32,sitting,2021-05-07 15:49:16.520,2021-05-07 15:49:18.500,0.021,1,1,0.99370426,0.00053158775,0.99370426,0.0057154177,4.864665e-05
512,32,sitting,2021-05-07 15:49:17.520,2021-05-07 15:49:19.500,0.021,1,1,0.9932404,0.00051618123,0.9932404,0.0061904867,5.2855437e-05
512,32,sitting,2021-05-07 15:49:18.520,2021-05-07 15:49:20.500,0.021,1,1,0.992787,0.00053369487,0.992787,0.006622532,5.695455e-05
512,32,sitting,2021-05-07 15:49:19.520,2021-05-07 15:49:21.500,0.021,1,1,0.9920898,0.00058595155,0.9920898,0.007248333,7.595553e-05
512,32,sitting,2021-05-07 15:49:20.520,2021-05-07 15:49:22.500,0.021,1,1,0.99191165,0.00058675377,0.99191165,0.0074255154,7.605946e-05
512,32,sitting,2021-05-07 15:49:21.520,2021-05-07 15:49:23.500,0.021,1,1,0.99299735,0.0005672315,0.99299735,0.0063761263,5.9242007e-05
512,32,sitting,2021-05-07 15:49:22.520,2021-05-07 15:49:24.500,0.021,1,1,0.9926785,0.0005828405,0.9926785,0.0066718254,6.688826e-05
512,32,sitting,2021-05-07 15:49:23.520,2021-05-07 15:49:25.500,0.021,1,1,0.99321777,0.0005469698,0.99321777,0.006186002,4.922879e-05
512,32,sitting,2021-05-07 15:49:24.520,2021-05-07 15:49:26.500,0.021,1,1,0.99466586,0.0005702426,0.99466586,0.0047261403,3.7775008e-05
512,32,sitting,2021-05-07 15:49:25.520,2021-05-07 15:49:27.500,0.021,1,1,0.99296963,0.0006485759,0.99296963,0.0063103777,7.1465416e-05
512,32,sitting,2021-05-07 15:49:26.520,2021-05-07 15:49:28.500,0.021,1,1,0.9916499,0.0006371469,0.9916499,0.0076179625,9.492423e-05
512,32,sitting,2021-05-07 15:49:27.520,2021-05-07 15:49:29.500,0.021,1,1,0.99238193,0.00058161275,0.99238193,0.006963616,7.2838135e-05
512,32,sitting,2021-05-07 15:49:28.520,2021-05-07 15:49:30.500,0.021,1,1,0.991975,0.00046687564,0.991975,0.0075024376,5.569975e-05
512,32,sitting,2021-05-07 15:49:29.520,2021-05-07 15:49:31.500,0.021,1,1,0.9900701,0.00048412266,0.9900701,0.0093719885,7.381576e-05
512,32,sitting,2021-05-07 15:49:30.520,2021-05-07 15:49:32.500,0.021,1,1,0.98929733,0.00048720557,0.98929733,0.010137058,7.8432146e-05
512,32,sitting,2021-05-07 15:49:31.520,2021-05-07 15:49:33.500,0.021,1,1,0.9886624,0.0004990309,0.9886624,0.010748776,8.986056e-05
512,32,sitting,2021-05-07 15:49:32.520,2021-05-07 15:49:34.500,0.021,1,1,0.98708194,0.00046864036,0.98708194,0.012340713,0.000108709144
512,33,walking,2021-05-07 15:49:39.080,2021-05-07 15:49:41.060,0.021,3,3,0.9791911,3.5436362e-05,0.0012025094,0.019570874,0.9791911
512,33,walking,2021-05-07 15:49:40.080,2021-05-07 15:49:42.060,0.021,3,3,0.9973656,6.5276686e-06,0.00011741576,0.0025104547,0.9973656
512,35,walking,2021-05-07 15:49:43.439,2021-05-07 15:49:45.419,0.021,3,3,0.96038866,3.742977e-05,0.0014675858,0.038106263,0.96038866
512,35,walking,2021-05-07 15:49:44.439,2021-05-07 15:49:46.419,0.021,3,3,0.99939346,1.9673753e-06,2.0868463e-05,0.0005836586,0.99939346
512,35,walking,2021-05-07 15:49:45.439,2021-05-07 15:49:47.419,0.021,3,3,0.99427927,1.10858255e-05,0.00026611565,0.005443511,0.99427927
512,35,walking,2021-05-07 15:49:46.439,2021-05-07 15:49:48.419,0.021,3,3,0.9917652,1.0401566e-05,0.00025233056,0.007972002,0.9917652
512,35,walking,2021-05-07 15:49:47.439,2021-05-07 15:49:49.419,0.021,3,3,0.98751634,1.2271187e-05,0.0004438844,0.012027514,0.98751634
512,35,walking,2021-05-07 15:49:48.439,2021-05-07 15:49:50.419,0.021,3,3,0.99726546,5.9779395e-06,0.00013694665,0.0025916048,0.99726546
512,35,walking,2021-05-07 15:49:49.439,2021-05-07 15:49:51.419,0.021,3,3,0.99892884,3.6595645e-06,5.502443e-05,0.0010124625,0.99892884
512,35,walking,2021-05-07 15:49:50.439,2021-05-07 15:49:52.419,0.021,3,3,0.9616548,4.7490365e-05,0.0024979417,0.035799738,0.9616548
512,36,standing,2021-05-07 15:49:53.279,2021-05-07 15:49:55.259,0.021,2,1,0.5034986,0.0026077407,0.5034986,0.48806775,0.0058258325
512,36,standing,2021-05-07 15:49:54.279,2021-05-07 15:49:56.259,0.021,2,2,0.741452,0.0003975185,0.25645274,0.741452,0.0016976366
512,36,standing,2021-05-07 15:49:55.279,2021-05-07 15:49:57.259,0.021,2,2,0.8851327,0.00015836995,0.11208662,0.8851327,0.0026223625
512,37,walking,2021-05-07 15:49:57.759,2021-05-07 15:49:59.740,0.021,3,3,0.94390774,7.609934e-05,0.0029147041,0.053101484,0.94390774
512,37,walking,2021-05-07 15:49:58.759,2021-05-07 15:50:00.740,0.021,3,3,0.9314064,7.562508e-05,0.0034141017,0.06510377,0.9314064
512,37,walking,2021-05-07 15:49:59.759,2021-05-07 15:50:01.740,0.021,3,3,0.96635795,3.9669234e-05,0.0017198563,0.031882428,0.96635795
512,37,walking,2021-05-07 15:50:00.760,2021-05-07 15:50:02.740,0.021,3,3,0.9691744,3.9499868e-05,0.0017196499,0.029066524,0.9691744
512,37,walking,2021-05-07 15:50:01.760,2021-05-07 15:50:03.740,0.021,3,3,0.8193999,0.00011343922,0.008235441,0.17225122,0.8193999
512,37,walking,2021-05-07 15:50:02.760,2021-05-07 15:50:04.739,0.021,3,2,0.7917353,0.00037739708,0.06310193,0.7917353,0.14478543
512,38,standing,2021-05-07 15:50:05.239,2021-05-07 15:50:07.220,0.021,2,2,0.89083946,9.268725e-05,0.108085774,0.89083946,0.0009820133
512,38,standing,2021-05-07 15:50:06.239,2021-05-07 15:50:08.220,0.021,2,2,0.83495265,0.00011369679,0.16410396,0.83495265,0.00082966423
512,38,standing,2021-05-07 15:50:07.239,2021-05-07 15:50:09.220,0.021,2,2,0.84269184,0.00011582273,0.15624748,0.84269184,0.0009449309
512,38,standing,2021-05-07 15:50:08.239,2021-05-07 15:50:10.220,0.021,2,2,0.83342135,0.00010434102,0.16585596,0.83342135,0.00061825226
512,38,standing,2021-05-07 15:50:09.239,2021-05-07 15:50:11.220,0.021,2,2,0.8185326,0.0001033105,0.18083055,0.8185326,0.00053348154
512,38,standing,2021-05-07 15:50:10.239,2021-05-07 15:50:12.220,0.021,2,2,0.84236586,0.000106406245,0.15678586,0.84236586,0.0007418385
512,38,standing,2021-05-07 15:50:11.239,2021-05-07 15:50:13.220,0.021,2,2,0.85549873,0.00010684609,0.14355037,0.85549873,0.0008441025
512,38,standing,2021-05-07 15:50:12.239,2021-05-07 15:50:14.220,0.021,2,2,0.84687746,0.0001038081,0.15233617,0.84687746,0.0006825038
512,38,standing,2021-05-07 15:50:13.239,2021-05-07 15:50:15.220,0.021,2,2,0.83122,0.00010358796,0.16802117,0.83122,0.0006553226
512,38,standing,2021-05-07 15:50:14.239,2021-05-07 15:50:16.219,0.021,2,2,0.82834136,0.00010800001,0.17075689,0.82834136,0.0007937169
512,38,standing,2021-05-07 15:50:15.239,2021-05-07 15:50:17.219,0.021,2,2,0.8288783,0.00011074071,0.1701827,0.8288783,0.00082826667
512,39,walking,2021-05-07 15:50:18.040,2021-05-07 15:50:20.020,0.021,3,2,0.88226503,0.00018025792,0.0917286,0.88226503,0.025826
512,39,walking,2021-05-07 15:50:19.040,2021-05-07 15:50:21.020,0.021,3,2,0.899802,0.00022395716,0.06959269,0.899802,0.030381238
512,39,walking,2021-05-07 15:50:20.040,2021-05-07 15:50:22.020,0.021,3,2,0.86561203,0.00026812556,0.06488676,0.86561203,0.06923311
512,39,walking,2021-05-07 15:50:21.040,2021-05-07 15:50:23.020,0.021,3,2,0.80788875,0.00026722348,0.063482225,0.80788875,0.12836184
512,39,walking,2021-05-07 15:50:22.040,2021-05-07 15:50:24.020,0.021,3,3,0.868607,0.00010551562,0.008917284,0.122370325,0.868607
512,39,walking,2021-05-07 15:50:23.040,2021-05-07 15:50:25.020,0.021,3,3,0.9051938,8.412763e-05,0.0060164235,0.08870565,0.9051938
512,40,standing,2021-05-07 15:50:26.000,2021-05-07 15:50:27.979,0.021,2,2,0.88125825,0.0002096885,0.08956112,0.88125825,0.028970983
512,40,standing,2021-05-07 15:50:27.000,2021-05-07 15:50:28.979,0.021,2,2,0.88383496,0.00015605323,0.10687047,0.88383496,0.009138523
512,41,walking,2021-05-07 15:50:29.119,2021-05-07 15:50:31.100,0.021,3,3,0.794308,0.00013657847,0.01212159,0.1934338,0.794308
512,41,walking,2021-05-07 15:50:30.119,2021-05-07 15:50:32.099,0.021,3,3,0.9497098,5.5694254e-05,0.003012611,0.047221866,0.9497098
512,41,walking,2021-05-07 15:50:31.119,2021-05-07 15:50:33.099,0.021,3,3,0.95403445,4.861739e-05,0.0021476934,0.04376933,0.95403445
512,41,walking,2021-05-07 15:50:32.119,2021-05-07 15:50:34.099,0.021,3,3,0.9991199,3.8697763e-06,3.7951395e-05,0.00083824736,0.9991199
512,41,walking,2021-05-07 15:50:33.119,2021-05-07 15:50:35.099,0.021,3,3,0.99860936,6.147476e-06,6.8277935e-05,0.0013162981,0.99860936
512,41,walking,2021-05-07 15:50:34.119,2021-05-07 15:50:36.099,0.021,3,3,0.97083026,3.4689874e-05,0.0015873318,0.027547808,0.97083026
512,41,walking,2021-05-07 15:50:35.119,2021-05-07 15:50:37.099,0.021,3,3,0.98841494,1.778306e-05,0.00062942074,0.0109377615,0.98841494
512,41,walking,2021-05-07 15:50:36.119,2021-05-07 15:50:38.099,0.021,3,3,0.95689934,4.174224e-05,0.00244592,0.04061292,0.95689934
512,41,walking,2021-05-07 15:50:37.119,2021-05-07 15:50:39.099,0.021,3,3,0.94143283,6.9175156e-05,0.0041793995,0.054318592,0.94143283
512,41,walking,2021-05-07 15:50:38.119,2021-05-07 15:50:40.099,0.021,3,3,0.9661034,4.8950395e-05,0.0023460095,0.031501614,0.9661034
512,41,walking,2021-05-07 15:50:39.119,2021-05-07 15:50:41.099,0.021,3,3,0.92704195,6.965494e-05,0.0058836523,0.067004725,0.92704195
512,41,walking,2021-05-07 15:50:40.119,2021-05-07 15:50:42.099,0.021,3,3,0.7039097,0.00017070286,0.020116154,0.2758035,0.7039097
512,41,walking,2021-05-07 15:50:41.119,2021-05-07 15:50:43.099,0.021,3,3,0.93326104,6.260648e-05,0.0036273042,0.063049,0.93326104
512,41,walking,2021-05-07 15:50:42.119,2021-05-07 15:50:44.099,0.021,3,3,0.90329164,8.234609e-05,0.005417755,0.09120819,0.90329164
512,41,walking,2021-05-07 15:50:43.119,2021-05-07 15:50:45.099,0.021,3,3,0.9028555,7.7735305e-05,0.004564649,0.0925022,0.9028555
512,41,walking,2021-05-07 15:50:44.119,2021-05-07 15:50:46.099,0.021,3,3,0.9129631,6.0754304e-05,0.0049008685,0.08207526,0.9129631
512,41,walking,2021-05-07 15:50:45.119,2021-05-07 15:50:47.099,0.021,3,3,0.95761466,3.888637e-05,0.0022943353,0.040052086,0.95761466
512,41,walking,2021-05-07 15:50:46.119,2021-05-07 15:50:48.099,0.021,3,3,0.5911688,0.00020123491,0.024771694,0.38385817,0.5911688
512,41,walking,2021-05-07 15:50:47.119,2021-05-07 15:50:49.099,0.021,3,2,0.6728976,0.0002430571,0.05412676,0.6728976,0.27273256
512,41,walking,2021-05-07 15:50:48.119,2021-05-07 15:50:50.099,0.021,3,3,0.8616036,9.3412076e-05,0.0066030263,0.13169987,0.8616036
512,41,walking,2021-05-07 15:50:49.119,2021-05-07 15:50:51.099,0.021,3,3,0.90420526,7.575132e-05,0.0046467055,0.09107223,0.90420526
512,41,walking,2021-05-07 15:50:50.119,2021-05-07 15:50:52.099,0.021,3,3,0.90999943,8.1279606e-05,0.0037750343,0.08614422,0.90999943
512,42,standing,2021-05-07 15:50:52.639,2021-05-07 15:50:54.619,0.021,2,2,0.904082,0.000119433535,0.09287188,0.904082,0.0029267473
512,42,standing,2021-05-07 15:50:53.639,2021-05-07 15:50:55.619,0.021,2,2,0.8935788,0.00010199638,0.10500929,0.8935788,0.0013098636
512,43,walking,2021-05-07 15:50:56.159,2021-05-07 15:50:58.139,0.021,3,2,0.587125,0.0002459544,0.042504877,0.587125,0.37012413
512,43,walking,2021-05-07 15:50:57.159,2021-05-07 15:50:59.139,0.021,3,3,0.7772808,0.000114291994,0.010572389,0.21203242,0.7772808
512,43,walking,2021-05-07 15:50:58.159,2021-05-07 15:51:00.140,0.021,3,3,0.8363627,9.071655e-05,0.010712616,0.15283388,0.8363627
512,43,walking,2021-05-07 15:50:59.159,2021-05-07 15:51:01.140,0.021,3,3,0.91414773,7.0380425e-05,0.005896752,0.07988519,0.91414773
512,43,walking,2021-05-07 15:51:00.160,2021-05-07 15:51:02.140,0.021,3,3,0.96054286,4.228809e-05,0.002228104,0.03718666,0.96054286
512,43,walking,2021-05-07 15:51:01.160,2021-05-07 15:51:03.140,0.021,3,3,0.67914623,0.000201513,0.027236667,0.29341564,0.67914623
512,43,walking,2021-05-07 15:51:02.160,2021-05-07 15:51:04.140,0.021,3,3,0.6688187,0.00016950321,0.028777113,0.30223465,0.6688187
512,43,walking,2021-05-07 15:51:03.160,2021-05-07 15:51:05.140,0.021,3,3,0.843489,9.547177e-05,0.00974387,0.14667171,0.843489
512,43,walking,2021-05-07 15:51:04.159,2021-05-07 15:51:06.140,0.021,3,3,0.8126097,0.00011160464,0.008268616,0.17901008,0.8126097
512,43,walking,2021-05-07 15:51:05.159,2021-05-07 15:51:07.140,0.021,3,3,0.90458953,7.1528484e-05,0.0033811165,0.09195784,0.90458953
512,43,walking,2021-05-07 15:51:06.159,2021-05-07 15:51:08.140,0.021,3,3,0.9622428,4.199704e-05,0.0016995393,0.036015734,0.9622428
512,43,walking,2021-05-07 15:51:07.159,2021-05-07 15:51:09.140,0.021,3,3,0.9324734,5.913103e-05,0.0026286212,0.06483878,0.9324734
512,43,walking,2021-05-07 15:51:08.159,2021-05-07 15:51:10.140,0.021,3,3,0.56982696,0.0002722402,0.026608584,0.4032923,0.56982696
512,43,walking,2021-05-07 15:51:09.159,2021-05-07 15:51:11.140,0.021,3,3,0.99112636,1.515203e-05,0.00053119415,0.008327337,0.99112636
512,43,walking,2021-05-07 15:51:10.159,2021-05-07 15:51:12.140,0.021,3,3,0.9876284,2.0645977e-05,0.0007288168,0.011622249,0.9876284
512,43,walking,2021-05-07 15:51:11.159,2021-05-07 15:51:13.140,0.021,3,3,0.7424497,0.00016440137,0.015892781,0.24149308,0.7424497
512,43,walking,2021-05-07 15:51:12.159,2021-05-07 15:51:14.140,0.021,3,3,0.5657488,0.00022460321,0.033942167,0.4000844,0.5657488
512,43,walking,2021-05-07 15:51:13.159,2021-05-07 15:51:15.140,0.021,3,3,0.8446207,0.00012440838,0.011777565,0.14347728,0.8446207
512,43,walking,2021-05-07 15:51:14.159,2021-05-07 15:51:16.139,0.021,3,3,0.9521303,5.2253996e-05,0.003046667,0.044770744,0.9521303
512,43,walking,2021-05-07 15:51:15.159,2021-05-07 15:51:17.139,0.021,3,3,0.8292013,0.00014286788,0.013963371,0.15669252,0.8292013
512,43,walking,2021-05-07 15:51:16.159,2021-05-07 15:51:18.139,0.021,3,2,0.67579347,0.00026448895,0.06699847,0.67579347,0.2569435
512,43,walking,2021-05-07 15:51:17.159,2021-05-07 15:51:19.139,0.021,3,3,0.8838244,9.278879e-05,0.006571819,0.10951097,0.8838244
512,44,standing,2021-05-07 15:51:19.959,2021-05-07 15:51:21.940,0.021,2,2,0.79917,0.00011510506,0.19988446,0.79917,0.00083048036
512,44,standing,2021-05-07 15:51:20.959,2021-05-07 15:51:22.940,0.021,2,2,0.7798057,9.144682e-05,0.2197263,0.7798057,0.00037662307
512,45,walking,2021-05-07 15:51:23.760,2021-05-07 15:51:25.739,0.021,3,3,0.5162653,0.00022847168,0.027395694,0.4561105,0.5162653
512,45,walking,2021-05-07 15:51:24.760,2021-05-07 15:51:26.739,0.021,3,3,0.9174024,7.937729e-05,0.0050937934,0.07742451,0.9174024
512,45,walking,2021-05-07 15:51:25.760,2021-05-07 15:51:27.739,0.021,3,3,0.94068104,5.3608557e-05,0.0037637576,0.055501517,0.94068104
512,45,walking,2021-05-07 15:51:26.760,2021-05-07 15:51:28.739,0.021,3,3,0.88616633,7.7700905e-05,0.0050541204,0.10870184,0.88616633
512,45,walking,2021-05-07 15:51:27.760,2021-05-07 15:51:29.739,0.021,3,2,0.5245672,0.0002856711,0.025677057,0.5245672,0.44947007
512,45,walking,2021-05-07 15:51:28.760,2021-05-07 15:51:30.739,0.021,3,2,0.5331447,0.00030010604,0.029583156,0.5331447,0.43697208
512,45,walking,2021-05-07 15:51:29.760,2021-05-07 15:51:31.739,0.021,3,3,0.81711346,0.00013717733,0.013580912,0.16916844,0.81711346
512,45,walking,2021-05-07 15:51:30.760,2021-05-07 15:51:32.740,0.021,3,3,0.840721,0.000111427995,0.0100196535,0.149148,0.840721
512,45,walking,2021-05-07 15:51:31.760,2021-05-07 15:51:33.740,0.021,3,3,0.90469825,8.0850434e-05,0.005427188,0.0897938,0.90469825
512,45,walking,2021-05-07 15:51:32.759,2021-05-07 15:51:34.740,0.021,3,3,0.9206775,7.4125965e-05,0.0056936992,0.073554724,0.9206775
512,45,walking,2021-05-07 15:51:33.759,2021-05-07 15:51:35.740,0.021,3,3,0.94843185,5.040783e-05,0.0024045596,0.049113266,0.94843185
512,45,walking,2021-05-07 15:51:34.759,2021-05-07 15:51:36.740,0.021,3,3,0.986449,2.2132292e-05,0.00086606364,0.012662813,0.986449
512,45,walking,2021-05-07 15:51:35.759,2021-05-07 15:51:37.740,0.021,3,3,0.9967462,9.462565e-06,0.00023734308,0.003007002,0.9967462
512,45,walking,2021-05-07 15:51:36.759,2021-05-07 15:51:38.740,0.021,3,3,0.99986076,8.856575e-07,5.816053e-06,0.00013265926,0.99986076
512,46,standing,2021-05-07 15:51:39.639,2021-05-07 15:51:41.619,0.021,2,2,0.96110314,0.0040178797,0.026271107,0.96110314,0.008607997
512,46,standing,2021-05-07 15:51:40.639,2021-05-07 15:51:42.619,0.021,2,2,0.97179884,0.0023984804,0.024249919,0.97179884,0.001552833
512,46,standing,2021-05-07 15:51:41.639,2021-05-07 15:51:43.619,0.021,2,2,0.91224414,0.022795068,0.06471737,0.91224414,0.00024340872
512,47,walking,2021-05-07 15:51:44.560,2021-05-07 15:51:46.540,0.021,3,3,0.989344,2.6269812e-05,0.0005624047,0.010067392,0.989344
512,47,walking,2021-05-07 15:51:45.560,2021-05-07 15:51:47.540,0.021,3,3,0.99981403,7.9014956e-07,4.9687455e-06,0.00018011726,0.99981403
512,47,walking,2021-05-07 15:51:46.560,2021-05-07 15:51:48.540,0.021,3,3,0.99673706,7.832417e-06,0.00015481832,0.003100261,0.99673706
512,47,walking,2021-05-07 15:51:47.560,2021-05-07 15:51:49.540,0.021,3,3,0.9592432,4.4379343e-05,0.0024761627,0.038236175,0.9592432
512,47,walking,2021-05-07 15:51:48.560,2021-05-07 15:51:50.540,0.021,3,3,0.9986676,3.1987756e-06,5.038674e-05,0.0012788601,0.9986676
512,47,walking,2021-05-07 15:51:49.560,2021-05-07 15:51:51.540,0.021,3,3,0.99361813,1.1599517e-05,0.00028476556,0.0060855513,0.99361813
512,48,standing,2021-05-07 15:51:52.360,2021-05-07 15:51:54.340,0.021,2,2,0.88632107,9.8144505e-05,0.11244814,0.88632107,0.0011326908
512,48,standing,2021-05-07 15:51:53.360,2021-05-07 15:51:55.340,0.021,2,2,0.8885195,8.558134e-05,0.11061377,0.8885195,0.0007812051
512,49,walking,2021-05-07 15:51:55.520,2021-05-07 15:51:57.500,0.021,3,3,0.8916813,0.00010226628,0.008516649,0.09969975,0.8916813
512,51,walking,2021-05-07 15:51:58.639,2021-05-07 15:52:00.619,0.021,3,2,0.7110867,0.00024052618,0.051438235,0.7110867,0.2372345
512,51,walking,2021-05-07 15:51:59.639,2021-05-07 15:52:01.619,0.021,3,3,0.93238235,5.844835e-05,0.004613121,0.06294606,0.93238235
512,51,walking,2021-05-07 15:52:00.640,2021-05-07 15:52:02.619,0.021,3,3,0.98640454,2.1424237e-05,0.00086489256,0.012709134,0.98640454
512,51,walking,2021-05-07 15:52:01.640,2021-05-07 15:52:03.619,0.021,3,3,0.98926735,1.8039276e-05,0.00045075448,0.010263939,0.98926735
512,54,walking,2021-05-07 15:52:04.640,2021-05-07 15:52:06.619,0.021,3,3,0.9970073,5.453422e-06,0.00013086529,0.0028563347,0.9970073
512,54,walking,2021-05-07 15:52:05.640,2021-05-07 15:52:07.619,0.021,3,3,0.9982782,4.380593e-06,6.190504e-05,0.0016556327,0.9982782
512,54,walking,2021-05-07 15:52:06.640,2021-05-07 15:52:08.619,0.021,3,3,0.99979496,8.542878e-07,6.362029e-06,0.0001977771,0.99979496
512,54,walking,2021-05-07 15:52:07.640,2021-05-07 15:52:09.619,0.021,3,3,0.9997269,1.7090092e-06,1.268074e-05,0.00025868302,0.9997269
512,54,walking,2021-05-07 15:52:08.640,2021-05-07 15:52:10.619,0.021,3,3,0.99490625,1.29468435e-05,0.00029573834,0.004785066,0.99490625
512,54,walking,2021-05-07 15:52:09.640,2021-05-07 15:52:11.619,0.021,3,3,0.99950475,1.5084414e-06,1.4778421e-05,0.0004788928,0.99950475
512,54,walking,2021-05-07 15:52:10.640,2021-05-07 15:52:12.619,0.021,3,3,0.9974985,5.084416e-06,7.511762e-05,0.002421201,0.9974985
512,58,walking,2021-05-07 15:52:36.400,2021-05-07 15:52:38.380,0.021,3,3,0.97398543,4.951202e-05,0.00246038,0.023504656,0.97398543
512,58,walking,2021-05-07 15:52:37.400,2021-05-07 15:52:39.380,0.021,3,3,0.9985794,4.321754e-06,7.447625e-05,0.0013418298,0.9985794
512,60,standing,2021-05-07 15:52:40.200,2021-05-07 15:52:42.180,0.021,2,2,0.92070174,0.000121136065,0.07608546,0.92070174,0.0030916813
512,61,walking,2021-05-07 15:52:42.319,2021-05-07 15:52:44.299,0.021,3,3,0.998587,5.592419e-06,6.548044e-05,0.001341906,0.998587
512,61,walking,2021-05-07 15:52:43.319,2021-05-07 15:52:45.299,0.021,3,3,0.9992246,3.016269e-06,2.7293738e-05,0.0007449687,0.9992246
512,63,walking,2021-05-07 15:53:11.880,2021-05-07 15:53:13.859,0.021,3,3,0.9999123,6.725178e-07,2.5278787e-06,8.43849e-05,0.9999123
512,63,walking,2021-05-07 15:53:12.880,2021-05-07 15:53:14.859,0.021,3,3,0.9999245,6.29848e-07,2.574147e-06,7.2304836e-05,0.9999245
512,65,walking,2021-05-07 15:53:16.959,2021-05-07 15:53:18.940,0.021,3,3,0.99850297,4.3811992e-06,5.7512472e-05,0.0014351625,0.99850297
512,65,walking,2021-05-07 15:53:17.959,2021-05-07 15:53:19.940,0.021,3,3,0.9739439,3.9135357e-05,0.0011499976,0.024867,0.9739439
512,65,walking,2021-05-07 15:53:18.959,2021-05-07 15:53:20.940,0.021,3,3,0.9976796,6.60163e-06,9.711253e-05,0.002216703,0.9976796
512,65,walking,2021-05-07 15:53:19.959,2021-05-07 15:53:21.940,0.021,3,3,0.99976707,2.6234682e-06,9.194343e-06,0.00022122578,0.99976707
512,65,walking,2021-05-07 15:53:20.959,2021-05-07 15:53:22.940,0.021,3,3,0.99939907,2.1868032e-06,2.0376065e-05,0.00057835155,0.99939907
512,67,walking,2021-05-07 15:53:32.840,2021-05-07 15:53:34.819,0.021,3,3,0.99932,3.2138528e-06,3.167262e-05,0.0006450615,0.99932
512,69,walking,2021-05-07 15:53:45.319,2021-05-07 15:53:47.299,0.021,3,3,0.9942169,1.2650661e-05,0.00030198286,0.0054683704,0.9942169
512,69,walking,2021-05-07 15:53:46.319,2021-05-07 15:53:48.299,0.021,3,3,0.99985385,1.0978165e-06,4.8458405e-06,0.00014024854,0.99985385
512,69,walking,2021-05-07 15:53:47.319,2021-05-07 15:53:49.299,0.021,3,3,0.9997864,1.2174693e-06,6.3313723e-06,0.00020597932,0.9997864
512,69,walking,2021-05-07 15:53:48.319,2021-05-07 15:53:50.299,0.021,3,3,0.9998486,1.2331618e-06,6.8059235e-06,0.00014351237,0.9998486
512,69,walking,2021-05-07 15:53:49.319,2021-05-07 15:53:51.299,0.021,3,3,0.9996421,1.5400261e-06,1.3782494e-05,0.00034268427,0.9996421
512,69,walking,2021-05-07 15:53:50.319,2021-05-07 15:53:52.299,0.021,3,3,0.9915927,1.4570373e-05,0.0003373864,0.008055228,0.9915927
512,69,walking,2021-05-07 15:53:51.319,2021-05-07 15:53:53.299,0.021,3,3,0.99687314,6.6059824e-06,0.00010259339,0.0030176025,0.99687314
512,70,standing,2021-05-07 15:53:53.639,2021-05-07 15:53:55.619,0.021,2,2,0.9002012,0.0002291521,0.08432606,0.9002012,0.015243494
512,70,standing,2021-05-07 15:53:54.639,2021-05-07 15:53:56.619,0.021,2,2,0.9161586,0.00016291629,0.059988707,0.9161586,0.023689754
512,70,standing,2021-05-07 15:53:55.639,2021-05-07 15:53:57.619,0.021,2,2,0.94112986,0.00011158396,0.054164313,0.94112986,0.0045942105
512,70,standing,2021-05-07 15:53:56.639,2021-05-07 15:53:58.619,0.021,2,2,0.93267196,8.836105e-05,0.065903984,0.93267196,0.0013356971
512,70,standing,2021-05-07 15:53:57.639,2021-05-07 15:53:59.619,0.021,2,2,0.92153484,9.31062e-05,0.076778844,0.92153484,0.0015932771
512,70,standing,2021-05-07 15:53:58.639,2021-05-07 15:54:00.619,0.021,2,2,0.9091429,9.478849e-05,0.08953198,0.9091429,0.0012303278
512,70,standing,2021-05-07 15:53:59.639,2021-05-07 15:54:01.619,0.021,2,2,0.90575224,9.587592e-05,0.09300728,0.90575224,0.0011446663
512,70,standing,2021-05-07 15:54:00.640,2021-05-07 15:54:02.619,0.021,2,2,0.89428616,0.00019938516,0.07206375,0.89428616,0.033450693
512,70,standing,2021-05-07 15:54:01.640,2021-05-07 15:54:03.619,0.021,2,2,0.87201375,0.00023647072,0.075283416,0.87201375,0.052466437
512,70,standing,2021-05-07 15:54:02.640,2021-05-07 15:54:04.619,0.021,2,2,0.88535213,0.00012278048,0.1122639,0.88535213,0.0022611427
512,70,standing,2021-05-07 15:54:03.640,2021-05-07 15:54:05.619,0.021,2,2,0.8818611,0.00012835237,0.115737535,0.8818611,0.0022730657
512,70,standing,2021-05-07 15:54:04.640,2021-05-07 15:54:06.619,0.021,2,2,0.8353233,0.00012176748,0.1633805,0.8353233,0.0011744236
512,74,standing,2021-05-07 15:54:08.520,2021-05-07 15:54:10.500,0.021,2,2,0.8894763,0.0001155444,0.108534634,0.8894763,0.0018735481
512,74,standing,2021-05-07 15:54:09.520,2021-05-07 15:54:11.500,0.021,2,2,0.8755903,9.4329516e-05,0.12354705,0.8755903,0.0007683178
512,74,standing,2021-05-07 15:54:10.520,2021-05-07 15:54:12.500,0.021,2,2,0.8653149,9.105616e-05,0.13398837,0.8653149,0.00060575403
512,74,standing,2021-05-07 15:54:11.520,2021-05-07 15:54:13.500,0.021,2,2,0.87500775,8.273589e-05,0.12442693,0.87500775,0.0004826851
512,74,standing,2021-05-07 15:54:12.520,2021-05-07 15:54:14.500,0.021,2,2,0.8845169,9.5450276e-05,0.114626855,0.8845169,0.00076073
512,74,standing,2021-05-07 15:54:13.520,2021-05-07 15:54:15.500,0.021,2,2,0.8739454,0.00010181369,0.12507711,0.8739454,0.0008756627
512,75,walking,2021-05-07 15:54:16.040,2021-05-07 15:54:18.020,0.021,3,2,0.8795084,0.0002806688,0.06290327,0.8795084,0.057307623
512,75,walking,2021-05-07 15:54:17.040,2021-05-07 15:54:19.020,0.021,3,2,0.54696244,0.00038037857,0.03829067,0.54696244,0.41436645
512,75,walking,2021-05-07 15:54:18.040,2021-05-07 15:54:20.020,0.021,3,3,0.8802721,9.63297e-05,0.00784192,0.11178972,0.8802721
512,77,standing,2021-05-07 15:54:21.559,2021-05-07 15:54:23.540,0.021,2,2,0.8508396,8.4457584e-05,0.14854243,0.8508396,0.00053338835
512,77,standing,2021-05-07 15:54:22.559,2021-05-07 15:54:24.540,0.021,2,2,0.8890366,8.781261e-05,0.1099262,0.8890366,0.0009493589
512,77,standing,2021-05-07 15:54:23.559,2021-05-07 15:54:25.540,0.021,2,2,0.8810604,0.00012514919,0.116244555,0.8810604,0.002569824
512,77,standing,2021-05-07 15:54:24.559,2021-05-07 15:54:26.540,0.021,2,2,0.8267913,0.00012350491,0.17178844,0.8267913,0.0012967278
512,77,standing,2021-05-07 15:54:25.559,2021-05-07 15:54:27.540,0.021,2,2,0.9023273,9.7920725e-05,0.096036874,0.9023273,0.0015379398
512,77,standing,2021-05-07 15:54:26.559,2021-05-07 15:54:28.540,0.021,2,2,0.93754065,9.255457e-05,0.05980887,0.93754065,0.0025578337
512,77,standing,2021-05-07 15:54:27.559,2021-05-07 15:54:29.540,0.021,2,2,0.9376243,9.3311675e-05,0.059486657,0.9376243,0.0027957594
512,77,standing,2021-05-07 15:54:28.559,2021-05-07 15:54:30.540,0.021,2,3,0.9306947,5.127994e-05,0.004390728,0.06486329,0.9306947
512,77,standing,2021-05-07 15:54:29.559,2021-05-07 15:54:31.540,0.021,2,3,0.98689336,2.6090358e-05,0.00093785033,0.012142717,0.98689336
512,77,standing,2021-05-07 15:54:30.559,2021-05-07 15:54:32.540,0.021,2,2,0.85212,0.00021628311,0.11233341,0.85212,0.035330236
512,77,standing,2021-05-07 15:54:31.559,2021-05-07 15:54:33.540,0.021,2,2,0.89696497,0.0001409717,0.09707063,0.89696497,0.005823443
512,78,walking,2021-05-07 15:54:34.279,2021-05-07 15:54:36.259,0.021,3,2,0.6099138,0.00026953113,0.04434376,0.6099138,0.34547296
512,78,walking,2021-05-07 15:54:35.279,2021-05-07 15:54:37.259,0.021,3,3,0.9002599,9.494956e-05,0.0066002184,0.09304497,0.9002599
512,81,standing,2021-05-07 15:54:39.240,2021-05-07 15:54:41.220,0.021,2,2,0.7981029,0.00010612148,0.20115685,0.7981029,0.00063412916
512,81,standing,2021-05-07 15:54:40.240,2021-05-07 15:54:42.220,0.021,2,2,0.7739118,0.00011788023,0.22514962,0.7739118,0.0008207057
512,83,standing,2021-05-07 15:54:43.840,2021-05-07 15:54:45.819,0.021,2,2,0.8716811,0.0001369658,0.12387329,0.8716811,0.004308583
512,83,standing,2021-05-07 15:54:44.840,2021-05-07 15:54:46.819,0.021,2,2,0.83708704,0.000116442556,0.16166346,0.83708704,0.0011331058
512,83,standing,2021-05-07 15:54:45.840,2021-05-07 15:54:47.819,0.021,2,2,0.8800632,0.00011211653,0.118187994,0.8800632,0.001636687
512,85,standing,2021-05-07 15:54:48.840,2021-05-07 15:54:50.819,0.021,2,2,0.9099518,9.0397836e-05,0.08868421,0.9099518,0.0012735125
512,86,walking,2021-05-07 15:54:51.080,2021-05-07 15:54:53.060,0.021,3,2,0.63816464,0.00029297272,0.04712885,0.63816464,0.31441355
512,86,walking,2021-05-07 15:54:52.080,2021-05-07 15:54:54.060,0.021,3,3,0.63037115,0.00023362857,0.024142448,0.34525278,0.63037115
512,86,walking,2021-05-07 15:54:53.080,2021-05-07 15:54:55.060,0.021,3,3,0.9030857,9.297501e-05,0.0052768807,0.09154443,0.9030857
512,86,walking,2021-05-07 15:54:54.080,2021-05-07 15:54:56.060,0.021,3,3,0.9972413,6.024197e-06,0.00011488667,0.0026377356,0.9972413
512,86,walking,2021-05-07 15:54:55.080,2021-05-07 15:54:57.060,0.021,3,3,0.9992034,2.889995e-06,3.9181305e-05,0.000754553,0.9992034
512,86,walking,2021-05-07 15:54:56.080,2021-05-07 15:54:58.060,0.021,3,3,0.9881201,2.0589505e-05,0.0006607147,0.011198603,0.9881201
512,86,walking,2021-05-07 15:54:57.080,2021-05-07 15:54:59.060,0.021,3,3,0.9917049,1.677775e-05,0.0004080823,0.007870352,0.9917049
512,86,walking,2021-05-07 15:54:58.080,2021-05-07 15:55:00.059,0.021,3,3,0.99215883,1.4874158e-05,0.00032280563,0.007503405,0.99215883
512,86,walking,2021-05-07 15:54:59.080,2021-05-07 15:55:01.059,0.021,3,3,0.5808735,0.00031695035,0.025162559,0.39364702,0.5808735
512,86,walking,2021-05-07 15:55:00.079,2021-05-07 15:55:02.059,0.021,3,3,0.98472255,2.558265e-05,0.0007923844,0.014459528,0.98472255
512,86,walking,2021-05-07 15:55:01.079,2021-05-07 15:55:03.059,0.021,3,3,0.9925048,1.7924822e-05,0.0003217829,0.0071554924,0.9925048
512,88,sitting,2021-05-07 15:55:07.079,2021-05-07 15:55:09.059,0.021,1,1,0.49979278,0.00013974495,0.49979278,0.48283127,0.017236227
512,88,sitting,2021-05-07 15:55:08.079,2021-05-07 15:55:10.059,0.021,1,1,0.9187079,0.00013003265,0.9187079,0.08074786,0.00041417166
512,88,sitting,2021-05-07 15:55:09.079,2021-05-07 15:55:11.059,0.021,1,1,0.96674377,0.00027913082,0.96674377,0.032645002,0.00033216656
512,88,sitting,2021-05-07 15:55:10.079,2021-05-07 15:55:12.059,0.021,1,1,0.9882358,0.0005104832,0.9882358,0.011071309,0.00018264186
512,88,sitting,2021-05-07 15:55:11.079,2021-05-07 15:55:13.059,0.021,1,1,0.9948586,0.0010089349,0.9948586,0.003984426,0.00014802045
512,88,sitting,2021-05-07 15:55:12.079,2021-05-07 15:55:14.059,0.021,1,1,0.9756299,0.00038377428,0.9756299,0.023658423,0.00032772042
512,88,sitting,2021-05-07 15:55:13.079,2021-05-07 15:55:15.059,0.021,1,1,0.96946377,0.00027356626,0.96946377,0.029998122,0.0002645476
512,88,sitting,2021-05-07 15:55:14.079,2021-05-07 15:55:16.059,0.021,1,1,0.9873518,0.0003709033,0.9873518,0.01212059,0.00015683548
512,88,sitting,2021-05-07 15:55:15.079,2021-05-07 15:55:17.059,0.021,1,1,0.9864906,0.0002622115,0.9864906,0.013127055,0.000120037505
512,88,sitting,2021-05-07 15:55:16.079,2021-05-07 15:55:18.059,0.021,1,1,0.98953885,0.00031420524,0.98953885,0.010036486,0.000110420086
512,88,sitting,2021-05-07 15:55:17.079,2021-05-07 15:55:19.059,0.021,1,1,0.9882116,0.00027177387,0.9882116,0.011415845,0.00010079963
512,88,sitting,2021-05-07 15:55:18.079,2021-05-07 15:55:20.059,0.021,1,1,0.9906114,0.00031124256,0.9906114,0.008986665,9.066516e-05
512,88,sitting,2021-05-07 15:55:19.079,2021-05-07 15:55:21.059,0.021,1,1,0.99014205,0.00030095575,0.99014205,0.009466819,9.017426e-05
512,88,sitting,2021-05-07 15:55:20.079,2021-05-07 15:55:22.059,0.021,1,1,0.98845524,0.00033687067,0.98845524,0.011085592,0.00012215259
512,88,sitting,2021-05-07 15:55:21.079,2021-05-07 15:55:23.059,0.021,1,1,0.9907164,0.0004690431,0.9907164,0.008660697,0.00015390811
512,88,sitting,2021-05-07 15:55:22.079,2021-05-07 15:55:24.059,0.021,1,1,0.980155,0.00022228807,0.980155,0.019463554,0.0001591768
512,88,sitting,2021-05-07 15:55:23.079,2021-05-07 15:55:25.059,0.021,1,1,0.96687883,0.00013564671,0.96687883,0.03283046,0.0001549811
512,88,sitting,2021-05-07 15:55:24.079,2021-05-07 15:55:26.059,0.021,1,1,0.89998955,6.3867825e-05,0.89998955,0.09965468,0.00029192574
512,88,sitting,2021-05-07 15:55:25.079,2021-05-07 15:55:27.059,0.021,1,1,0.86019534,5.0602182e-05,0.86019534,0.13927907,0.0004749917
512,88,sitting,2021-05-07 15:55:26.079,2021-05-07 15:55:28.059,0.021,1,1,0.6615945,2.8534987e-05,0.6615945,0.33450967,0.0038672343
512,88,sitting,2021-05-07 15:55:27.079,2021-05-07 15:55:29.059,0.021,1,2,0.7678012,6.0834303e-05,0.18269907,0.7678012,0.049438946
512,88,sitting,2021-05-07 15:55:28.079,2021-05-07 15:55:30.059,0.021,1,2,0.7438134,0.00015139418,0.2508582,0.7438134,0.0051769274
512,88,sitting,2021-05-07 15:55:29.079,2021-05-07 15:55:31.059,0.021,1,2,0.6083102,8.3257706e-05,0.3911341,0.6083102,0.00047235595
512,88,sitting,2021-05-07 15:55:30.079,2021-05-07 15:55:32.060,0.021,1,2,0.5437924,6.296946e-05,0.45587674,0.5437924,0.00026771415
512,88,sitting,2021-05-07 15:55:31.079,2021-05-07 15:55:33.060,0.021,1,2,0.5405343,6.1092695e-05,0.45917094,0.5405343,0.00023374028
512,88,sitting,2021-05-07 15:55:32.080,2021-05-07 15:55:34.060,0.021,1,2,0.5182574,5.779037e-05,0.48148727,0.5182574,0.00019757896
512,88,sitting,2021-05-07 15:55:33.080,2021-05-07 15:55:35.060,0.021,1,2,0.5261225,5.8965757e-05,0.47361413,0.5261225,0.00020443997
512,88,sitting,2021-05-07 15:55:34.080,2021-05-07 15:55:36.060,0.021,1,2,0.5074055,5.5049935e-05,0.4923727,0.5074055,0.00016676118
512,88,sitting,2021-05-07 15:55:35.080,2021-05-07 15:55:37.060,0.021,1,2,0.5124618,5.5128963e-05,0.4873154,0.5124618,0.00016773882
512,88,sitting,2021-05-07 15:55:36.080,2021-05-07 15:55:38.060,0.021,1,2,0.52492887,5.6022716e-05,0.47483096,0.52492887,0.0001841004
512,88,sitting,2021-05-07 15:55:37.080,2021-05-07 15:55:39.060,0.021,1,2,0.68888545,6.51567e-05,0.31063005,0.68888545,0.00041933687
512,88,sitting,2021-05-07 15:55:38.080,2021-05-07 15:55:40.060,0.021,1,2,0.8169595,9.60957e-05,0.18202864,0.8169595,0.00091579795
512,88,sitting,2021-05-07 15:55:39.080,2021-05-07 15:55:41.060,0.021,1,2,0.7456255,7.704057e-05,0.25357777,0.7456255,0.00071968726
512,88,sitting,2021-05-07 15:55:40.080,2021-05-07 15:55:42.060,0.021,1,1,0.85229385,0.00023882845,0.85229385,0.14693862,0.00052876264
512,88,sitting,2021-05-07 15:55:41.080,2021-05-07 15:55:43.060,0.021,1,1,0.9943675,0.0009652402,0.9943675,0.004544118,0.00012316105
512,88,sitting,2021-05-07 15:55:42.080,2021-05-07 15:55:44.060,0.021,1,1,0.991699,0.0006108966,0.991699,0.007549781,0.00014049602
512,88,sitting,2021-05-07 15:55:43.080,2021-05-07 15:55:45.060,0.021,1,1,0.9914231,0.00059255987,0.9914231,0.007841661,0.0001426095
512,88,sitting,2021-05-07 15:55:44.080,2021-05-07 15:55:46.060,0.021,1,1,0.9739773,0.00042254277,0.9739773,0.025020653,0.0005796125
512,88,sitting,2021-05-07 15:55:45.080,2021-05-07 15:55:47.060,0.021,1,2,0.49987555,0.0003387508,0.4837529,0.49987555,0.016032778
512,88,sitting,2021-05-07 15:55:46.080,2021-05-07 15:55:48.060,0.021,1,2,0.7595687,0.00021966567,0.22271949,0.7595687,0.01749216
512,88,sitting,2021-05-07 15:55:47.080,2021-05-07 15:55:49.060,0.021,1,2,0.7253954,0.00017230495,0.2673623,0.7253954,0.00707002
512,88,sitting,2021-05-07 15:55:48.080,2021-05-07 15:55:50.060,0.021,1,2,0.6846776,0.00012223449,0.31259742,0.6846776,0.0026027919
512,88,sitting,2021-05-07 15:55:49.080,2021-05-07 15:55:51.060,0.021,1,2,0.63422424,9.1425885e-05,0.36464372,0.63422424,0.0010406286
512,88,sitting,2021-05-07 15:55:50.080,2021-05-07 15:55:52.060,0.021,1,2,0.6139691,8.086819e-05,0.38542852,0.6139691,0.00052155746
512,88,sitting,2021-05-07 15:55:51.080,2021-05-07 15:55:53.060,0.021,1,2,0.61679244,8.2544124e-05,0.38260624,0.61679244,0.0005187351
512,88,sitting,2021-05-07 15:55:52.080,2021-05-07 15:55:54.060,0.021,1,2,0.6926842,0.00013598126,0.30436307,0.6926842,0.0028167402
512,88,sitting,2021-05-07 15:55:53.080,2021-05-07 15:55:55.060,0.021,1,2,0.7062027,0.0001415097,0.29050437,0.7062027,0.0031515367
512,88,sitting,2021-05-07 15:55:54.080,2021-05-07 15:55:56.060,0.021,1,2,0.6373146,9.3299444e-05,0.3618507,0.6373146,0.0007414093
512,88,sitting,2021-05-07 15:55:55.080,2021-05-07 15:55:57.060,0.021,1,2,0.58125156,7.2836614e-05,0.41833502,0.58125156,0.00034050384
512,88,sitting,2021-05-07 15:55:56.080,2021-05-07 15:55:58.060,0.021,1,2,0.57496554,7.1754264e-05,0.4246331,0.57496554,0.00032961852
512,88,sitting,2021-05-07 15:55:57.080,2021-05-07 15:55:59.060,0.021,1,2,0.5816697,7.137165e-05,0.41791815,0.5816697,0.00034080824
512,88,sitting,2021-05-07 15:55:58.080,2021-05-07 15:56:00.059,0.021,1,2,0.61011297,7.4519485e-05,0.38944846,0.61011297,0.0003641829
512,88,sitting,2021-05-07 15:55:59.080,2021-05-07 15:56:01.059,0.021,1,2,0.6641082,9.015167e-05,0.3352087,0.6641082,0.00059290184
512,88,sitting,2021-05-07 15:56:00.079,2021-05-07 15:56:02.059,0.021,1,2,0.645623,8.540074e-05,0.35376674,0.645623,0.0005248287
512,88,sitting,2021-05-07 15:56:01.079,2021-05-07 15:56:03.059,0.021,1,2,0.6030479,7.117054e-05,0.39652666,0.6030479,0.0003542013
512,88,sitting,2021-05-07 15:56:02.079,2021-05-07 15:56:04.059,0.021,1,2,0.602585,7.4279276e-05,0.3969775,0.602585,0.000363148
512,88,sitting,2021-05-07 15:56:03.079,2021-05-07 15:56:05.059,0.021,1,2,0.63676095,8.729441e-05,0.36268684,0.63676095,0.00046501087
512,88,sitting,2021-05-07 15:56:04.079,2021-05-07 15:56:06.059,0.021,1,2,0.62382793,6.050604e-05,0.37569264,0.62382793,0.00041888296
512,88,sitting,2021-05-07 15:56:05.079,2021-05-07 15:56:07.059,0.021,1,1,0.5277254,2.4340867e-05,0.5277254,0.47157773,0.00067256496
512,88,sitting,2021-05-07 15:56:06.079,2021-05-07 15:56:08.059,0.021,1,2,0.67722356,6.4290965e-05,0.32073194,0.67722356,0.0019801839
512,88,sitting,2021-05-07 15:56:07.079,2021-05-07 15:56:09.059,0.021,1,2,0.7558961,0.00016953929,0.23911832,0.7558961,0.0048161354
512,88,sitting,2021-05-07 15:56:08.079,2021-05-07 15:56:10.059,0.021,1,2,0.73694164,0.00013451501,0.2599069,0.73694164,0.003016881
512,88,sitting,2021-05-07 15:56:09.079,2021-05-07 15:56:11.059,0.021,1,2,0.699469,0.00013761195,0.2954926,0.699469,0.0049008364
512,88,sitting,2021-05-07 15:56:10.079,2021-05-07 15:56:12.059,0.021,1,2,0.7123171,0.0001504971,0.28134757,0.7123171,0.0061847526
512,88,sitting,2021-05-07 15:56:11.079,2021-05-07 15:56:13.059,0.021,1,2,0.6267037,9.5345145e-05,0.3722232,0.6267037,0.0009777626
512,88,sitting,2021-05-07 15:56:12.079,2021-05-07 15:56:14.059,0.021,1,2,0.5950257,7.972482e-05,0.40441793,0.5950257,0.00047659493
512,88,sitting,2021-05-07 15:56:13.079,2021-05-07 15:56:15.059,0.021,1,2,0.59032243,7.4212396e-05,0.4091175,0.59032243,0.00048586924
512,88,sitting,2021-05-07 15:56:14.079,2021-05-07 15:56:16.059,0.021,1,2,0.5637344,6.813683e-05,0.4358498,0.5637344,0.00034760375
512,88,sitting,2021-05-07 15:56:15.079,2021-05-07 15:56:17.059,0.021,1,2,0.5543498,6.837841e-05,0.4452988,0.5543498,0.00028302925
512,88,sitting,2021-05-07 15:56:16.079,2021-05-07 15:56:18.059,0.021,1,2,0.55392927,6.406771e-05,0.4457292,0.55392927,0.00027753267
512,88,sitting,2021-05-07 15:56:17.079,2021-05-07 15:56:19.059,0.021,1,2,0.617167,6.105325e-05,0.3823459,0.617167,0.00042603043
512,88,sitting,2021-05-07 15:56:18.079,2021-05-07 15:56:20.059,0.021,1,2,0.62392557,4.7532427e-05,0.37553507,0.62392557,0.00049185485
512,88,sitting,2021-05-07 15:56:19.079,2021-05-07 15:56:21.059,0.021,1,2,0.7095336,0.00012725925,0.28139094,0.7095336,0.008948276
512,88,sitting,2021-05-07 15:56:20.079,2021-05-07 15:56:22.059,0.021,1,2,0.75241756,0.00019214497,0.22995442,0.75241756,0.017435873
512,88,sitting,2021-05-07 15:56:21.079,2021-05-07 15:56:23.059,0.021,1,2,0.69610286,0.0001113269,0.30262962,0.69610286,0.001156146
512,88,sitting,2021-05-07 15:56:22.079,2021-05-07 15:56:24.059,0.021,1,2,0.67098284,8.403201e-05,0.32834992,0.67098284,0.00058322493
512,88,sitting,2021-05-07 15:56:23.079,2021-05-07 15:56:25.059,0.021,1,2,0.65922606,7.48959e-05,0.34020332,0.65922606,0.0004956964
512,88,sitting,2021-05-07 15:56:24.079,2021-05-07 15:56:26.059,0.021,1,2,0.6555503,7.7272314e-05,0.3435928,0.6555503,0.0007796394
512,88,sitting,2021-05-07 15:56:25.079,2021-05-07 15:56:27.059,0.021,1,2,0.6815462,4.255321e-05,0.31679597,0.6815462,0.0016152941
512,88,sitting,2021-05-07 15:56:26.079,2021-05-07 15:56:28.059,0.021,1,2,0.7564774,5.7695386e-05,0.24017587,0.7564774,0.0032889962
512,88,sitting,2021-05-07 15:56:27.079,2021-05-07 15:56:29.059,0.021,1,2,0.81671125,7.849719e-05,0.17979716,0.81671125,0.0034130306
512,88,sitting,2021-05-07 15:56:28.079,2021-05-07 15:56:30.059,0.021,1,2,0.7795305,5.5117278e-05,0.2195929,0.7795305,0.00082149764
512,88,sitting,2021-05-07 15:56:29.079,2021-05-07 15:56:31.059,0.021,1,2,0.7448418,6.5233085e-05,0.2544102,0.7448418,0.0006828084
512,88,sitting,2021-05-07 15:56:30.079,2021-05-07 15:56:32.060,0.021,1,1,0.51509017,5.7943525e-05,0.51509017,0.4835473,0.0013045938
512,88,sitting,2021-05-07 15:56:31.079,2021-05-07 15:56:33.060,0.021,1,1,0.94335943,0.0002101751,0.94335943,0.055832062,0.00059832726
512,88,sitting,2021-05-07 15:56:32.080,2021-05-07 15:56:34.060,0.021,1,1,0.95554054,0.00019178407,0.95554054,0.04395218,0.00031554812
512,88,sitting,2021-05-07 15:56:33.080,2021-05-07 15:56:35.060,0.021,1,1,0.9770849,0.0003389971,0.9770849,0.022349032,0.0002271699
512,88,sitting,2021-05-07 15:56:34.080,2021-05-07 15:56:36.060,0.021,1,1,0.9942352,0.0008475454,0.9942352,0.0048281667,8.908459e-05
512,88,sitting,2021-05-07 15:56:35.080,2021-05-07 15:56:37.060,0.021,1,1,0.99133086,0.0008241346,0.99133086,0.0077012987,0.00014372259
512,88,sitting,2021-05-07 15:56:36.080,2021-05-07 15:56:38.060,0.021,1,1,0.9909108,0.0008149968,0.9909108,0.0081196185,0.00015465214
512,88,sitting,2021-05-07 15:56:37.080,2021-05-07 15:56:39.060,0.021,1,1,0.9948584,0.0008842717,0.9948584,0.0041810907,7.609403e-05
512,88,sitting,2021-05-07 15:56:38.080,2021-05-07 15:56:40.060,0.021,1,1,0.9952317,0.0008936428,0.9952317,0.0038127594,6.195631e-05
512,88,sitting,2021-05-07 15:56:39.080,2021-05-07 15:56:41.060,0.021,1,1,0.9912368,0.0005722088,0.9912368,0.008088078,0.00010290965
512,88,sitting,2021-05-07 15:56:40.080,2021-05-07 15:56:42.060,0.021,1,1,0.71010476,0.000108766115,0.71010476,0.28903246,0.0007540669
512,88,sitting,2021-05-07 15:56:41.080,2021-05-07 15:56:43.060,0.021,1,2,0.643877,4.1616408e-05,0.35550672,0.643877,0.00057456526
512,88,sitting,2021-05-07 15:56:42.080,2021-05-07 15:56:44.060,0.021,1,2,0.5428228,4.4267155e-05,0.4569113,0.5428228,0.0002215645
512,88,sitting,2021-05-07 15:56:43.080,2021-05-07 15:56:45.060,0.021,1,2,0.56130713,5.934654e-05,0.43832126,0.56130713,0.00031229394
512,89,walking,2021-05-07 15:56:47.840,2021-05-07 15:56:49.819,0.021,3,3,0.999968,3.7778378e-07,1.0682759e-06,3.0481451e-05,0.999968
512,89,walking,2021-05-07 15:56:48.840,2021-05-07 15:56:50.819,0.021,3,3,0.9994928,1.7637929e-06,1.5172219e-05,0.00049025967,0.9994928
512,89,walking,2021-05-07 15:56:49.840,2021-05-07 15:56:51.819,0.021,3,3,0.996747,5.6876156e-06,9.189761e-05,0.0031553914,0.996747
512,89,walking,2021-05-07 15:56:50.840,2021-05-07 15:56:52.819,0.021,3,3,0.98335767,2.4932197e-05,0.0008091143,0.015808344,0.98335767
512,90,standing,2021-05-07 15:56:53.799,2021-05-07 15:56:55.779,0.021,2,2,0.8919078,0.00011415052,0.10618256,0.8919078,0.0017954862
512,90,standing,2021-05-07 15:56:54.799,2021-05-07 15:56:56.779,0.021,2,2,0.88653815,9.7278986e-05,0.112454824,0.88653815,0.000909801
512,90,standing,2021-05-07 15:56:55.799,2021-05-07 15:56:57.779,0.021,2,2,0.89843214,9.362604e-05,0.10040727,0.89843214,0.0010668448
512,92,standing,2021-05-07 15:56:59.159,2021-05-07 15:57:01.140,0.021,2,2,0.8679009,0.00048741014,0.092582405,0.8679009,0.039029326
512,94,standing,2021-05-07 15:57:02.480,2021-05-07 15:57:04.460,0.021,2,2,0.9055871,7.711343e-05,0.09365635,0.9055871,0.00067940046
512,94,standing,2021-05-07 15:57:03.480,2021-05-07 15:57:05.460,0.021,2,2,0.897675,8.7371496e-05,0.101395294,0.897675,0.0008424448
512,94,standing,2021-05-07 15:57:04.480,2021-05-07 15:57:06.460,0.021,2,2,0.8860794,9.329259e-05,0.113010265,0.8860794,0.00081696385
512,94,standing,2021-05-07 15:57:05.480,2021-05-07 15:57:07.460,0.021,2,2,0.87124926,0.000100554054,0.12783061,0.87124926,0.00081961503
512,94,standing,2021-05-07 15:57:06.480,2021-05-07 15:57:08.460,0.021,2,2,0.885735,9.770757e-05,0.11324942,0.885735,0.00091791933
512,94,standing,2021-05-07 15:57:07.480,2021-05-07 15:57:09.460,0.021,2,2,0.9160394,8.9646186e-05,0.08268843,0.9160394,0.001182496
512,94,standing,2021-05-07 15:57:08.479,2021-05-07 15:57:10.460,0.021,2,2,0.9191509,8.988097e-05,0.07943403,0.9191509,0.0013252842
512,98,standing,2021-05-07 15:57:17.799,2021-05-07 15:57:19.780,0.021,2,2,0.87379843,9.8815566e-05,0.124938235,0.87379843,0.0011645035
512,100,standing,2021-05-07 15:57:20.840,2021-05-07 15:57:22.819,0.021,2,2,0.94628894,0.0001927723,0.03471159,0.94628894,0.0188068
512,100,standing,2021-05-07 15:57:21.840,2021-05-07 15:57:23.819,0.021,2,2,0.9498993,0.00013592126,0.04422884,0.9498993,0.005735891
512,100,standing,2021-05-07 15:57:22.840,2021-05-07 15:57:24.819,0.021,2,2,0.94296056,0.00010497937,0.053619795,0.94296056,0.0033146988
512,100,standing,2021-05-07 15:57:23.840,2021-05-07 15:57:25.819,0.021,2,2,0.93115366,8.3592655e-05,0.0675278,0.93115366,0.0012349341
512,100,standing,2021-05-07 15:57:24.840,2021-05-07 15:57:26.819,0.021,2,2,0.89887446,8.244147e-05,0.10042266,0.89887446,0.0006205777
512,100,standing,2021-05-07 15:57:25.840,2021-05-07 15:57:27.819,0.021,2,2,0.8958998,8.51431e-05,0.103387706,0.8958998,0.00062732736
512,100,standing,2021-05-07 15:57:26.840,2021-05-07 15:57:28.819,0.021,2,2,0.88932395,8.924317e-05,0.109949805,0.88932395,0.00063699076
512,102,standing,2021-05-07 15:57:30.920,2021-05-07 15:57:32.900,0.021,2,2,0.8890968,0.00011155068,0.10917148,0.8890968,0.001620148
512,102,standing,2021-05-07 15:57:31.920,2021-05-07 15:57:33.900,0.021,2,2,0.92247987,0.00010171257,0.0751089,0.92247987,0.002309534
512,102,standing,2021-05-07 15:57:32.919,2021-05-07 15:57:34.900,0.021,2,2,0.9166248,9.15647e-05,0.08191274,0.9166248,0.0013708612
512,102,standing,2021-05-07 15:57:33.919,2021-05-07 15:57:35.900,0.021,2,2,0.899216,0.00010056949,0.09956822,0.899216,0.0011151744
512,102,standing,2021-05-07 15:57:34.919,2021-05-07 15:57:36.900,0.021,2,2,0.88634706,0.000110706234,0.11197471,0.88634706,0.0015675541
512,102,standing,2021-05-07 15:57:35.919,2021-05-07 15:57:37.900,0.021,2,2,0.85642475,0.00012519928,0.14193745,0.85642475,0.0015124718
512,102,standing,2021-05-07 15:57:36.919,2021-05-07 15:57:38.900,0.021,2,2,0.8810844,0.00011750049,0.11723566,0.8810844,0.0015624714
512,108,standing,2021-05-07 15:57:43.279,2021-05-07 15:57:45.259,0.021,2,2,0.7794517,0.00013137131,0.21954279,0.7794517,0.00087412866
512,108,standing,2021-05-07 15:57:44.279,2021-05-07 15:57:46.259,0.021,2,2,0.8012468,0.00013057006,0.19726738,0.8012468,0.0013553159
512,108,standing,2021-05-07 15:57:45.279,2021-05-07 15:57:47.259,0.021,2,2,0.8053484,0.0001365596,0.19297537,0.8053484,0.0015396514
512,108,standing,2021-05-07 15:57:46.279,2021-05-07 15:57:48.259,0.021,2,2,0.78157353,0.00012371414,0.21738407,0.78157353,0.00091870845
512,108,standing,2021-05-07 15:57:47.279,2021-05-07 15:57:49.259,0.021,2,2,0.7791464,0.00011021496,0.22012296,0.7791464,0.00062049716
512,108,standing,2021-05-07 15:57:48.279,2021-05-07 15:57:50.259,0.021,2,2,0.77864724,0.00010345427,0.22076236,0.77864724,0.0004868302
512,108,standing,2021-05-07 15:57:49.279,2021-05-07 15:57:51.259,0.021,2,2,0.7945243,0.000109102984,0.20472002,0.7945243,0.00064660714
512,110,standing,2021-05-07 15:57:53.439,2021-05-07 15:57:55.419,0.021,2,2,0.8647779,0.00017500375,0.12398462,0.8647779,0.011062434
512,112,standing,2021-05-07 15:57:56.599,2021-05-07 15:57:58.580,0.021,2,2,0.8712611,0.00013884009,0.12528054,0.8712611,0.0033195098
512,112,standing,2021-05-07 15:57:57.599,2021-05-07 15:57:59.580,0.021,2,2,0.8578391,0.0001331679,0.14023589,0.8578391,0.0017918801
512,112,standing,2021-05-07 15:57:58.599,2021-05-07 15:58:00.579,0.021,2,2,0.8706312,0.00014093972,0.12706663,0.8706312,0.002161258
512,112,standing,2021-05-07 15:57:59.599,2021-05-07 15:58:01.579,0.021,2,2,0.88578755,0.000119728,0.11255174,0.88578755,0.0015409841
512,113,walking,2021-05-07 15:58:02.240,2021-05-07 15:58:04.220,0.021,3,2,0.6258257,0.00025181047,0.04984627,0.6258257,0.3240762
512,113,walking,2021-05-07 15:58:03.240,2021-05-07 15:58:05.220,0.021,3,2,0.78271794,0.00022600232,0.0543044,0.78271794,0.16275167
512,114,standing,2021-05-07 15:58:05.840,2021-05-07 15:58:07.819,0.021,2,2,0.86082476,0.000113045404,0.13808377,0.86082476,0.0009784641
512,114,standing,2021-05-07 15:58:06.840,2021-05-07 15:58:08.819,0.021,2,2,0.8571968,0.000100963356,0.14185414,0.8571968,0.00084816566
512,114,standing,2021-05-07 15:58:07.840,2021-05-07 15:58:09.819,0.021,2,2,0.8664834,0.00010750741,0.13227259,0.8664834,0.0011365789
512,114,standing,2021-05-07 15:58:08.840,2021-05-07 15:58:10.819,0.021,2,2,0.83961606,0.000101636084,0.15969436,0.83961606,0.0005878446
512,114,standing,2021-05-07 15:58:09.840,2021-05-07 15:58:11.819,0.021,2,2,0.83311856,0.00010243096,0.16610684,0.83311856,0.00067216274
512,114,standing,2021-05-07 15:58:10.840,2021-05-07 15:58:12.819,0.021,2,2,0.8869196,0.00011121588,0.111183554,0.8869196,0.0017856165
512,114,standing,2021-05-07 15:58:11.840,2021-05-07 15:58:13.819,0.021,2,2,0.84597284,8.591737e-05,0.15349963,0.84597284,0.00044158593
512,114,standing,2021-05-07 15:58:12.840,2021-05-07 15:58:14.819,0.021,2,2,0.82239944,8.455147e-05,0.1771529,0.82239944,0.00036307838
512,114,standing,2021-05-07 15:58:13.840,2021-05-07 15:58:15.819,0.021,2,2,0.83890665,9.067578e-05,0.16052346,0.83890665,0.00047923083
512,114,standing,2021-05-07 15:58:14.840,2021-05-07 15:58:16.819,0.021,2,2,0.8226769,9.484126e-05,0.17681292,0.8226769,0.00041530732
512,114,standing,2021-05-07 15:58:15.840,2021-05-07 15:58:17.819,0.021,2,2,0.8266259,8.956925e-05,0.17289786,0.8266259,0.00038679654
512,114,standing,2021-05-07 15:58:16.840,2021-05-07 15:58:18.819,0.021,2,2,0.81733847,8.905082e-05,0.18225576,0.81733847,0.00031661292
512,114,standing,2021-05-07 15:58:17.840,2021-05-07 15:58:19.819,0.021,2,2,0.8220938,8.792434e-05,0.17749488,0.8220938,0.0003234224
512,114,standing,2021-05-07 15:58:18.840,2021-05-07 15:58:20.819,0.021,2,2,0.8501876,9.107899e-05,0.14922296,0.8501876,0.00049828104
512,114,standing,2021-05-07 15:58:19.840,2021-05-07 15:58:21.819,0.021,2,2,0.8631353,8.768296e-05,0.13623004,0.8631353,0.0005470254
512,114,standing,2021-05-07 15:58:20.840,2021-05-07 15:58:22.819,0.021,2,2,0.8793719,8.406186e-05,0.11994254,0.8793719,0.000601533
512,114,standing,2021-05-07 15:58:21.840,2021-05-07 15:58:23.819,0.021,2,2,0.88295543,8.102091e-05,0.116407044,0.88295543,0.00055652123
512,114,standing,2021-05-07 15:58:22.840,2021-05-07 15:58:24.819,0.021,2,2,0.8700928,8.244364e-05,0.12936285,0.8700928,0.00046199065
512,114,standing,2021-05-07 15:58:23.840,2021-05-07 15:58:25.819,0.021,2,2,0.8689359,9.109652e-05,0.13037,0.8689359,0.0006030517
512,114,standing,2021-05-07 15:58:24.840,2021-05-07 15:58:26.819,0.021,2,2,0.8664744,8.942793e-05,0.1328294,0.8664744,0.00060683535
512,114,standing,2021-05-07 15:58:25.840,2021-05-07 15:58:27.819,0.021,2,2,0.85528713,8.886456e-05,0.14414862,0.85528713,0.0004754058
512,116,standing,2021-05-07 15:58:28.639,2021-05-07 15:58:30.619,0.021,2,2,0.88275313,0.00010608848,0.11603037,0.88275313,0.0011103927
512,116,standing,2021-05-07 15:58:29.639,2021-05-07 15:58:31.619,0.021,2,2,0.8832619,9.976229e-05,0.115731016,0.8832619,0.000907295
512,117,walking,2021-05-07 15:58:31.840,2021-05-07 15:58:33.819,0.021,3,3,0.94874495,5.73951e-05,0.0035183514,0.047679238,0.94874495
512,117,walking,2021-05-07 15:58:32.840,2021-05-07 15:58:34.819,0.021,3,3,0.9836695,2.3392602e-05,0.0010719801,0.015235123,0.9836695
512,117,walking,2021-05-07 15:58:33.840,2021-05-07 15:58:35.819,0.021,3,3,0.97664046,3.0526648e-05,0.001116447,0.02221259,0.97664046
512,117,walking,2021-05-07 15:58:34.840,2021-05-07 15:58:36.819,0.021,3,3,0.9690287,3.810942e-05,0.001556457,0.029376647,0.9690287
512,119,standing,2021-05-07 15:58:38.119,2021-05-07 15:58:40.099,0.021,2,2,0.8707176,8.684047e-05,0.12865283,0.8707176,0.00054277154
512,120,walking,2021-05-07 15:58:40.200,2021-05-07 15:58:42.180,0.021,3,2,0.8814189,0.00020471957,0.09189935,0.8814189,0.026476985
512,120,walking,2021-05-07 15:58:41.200,2021-05-07 15:58:43.180,0.021,3,3,0.63233703,0.00020565315,0.026497109,0.34096012,0.63233703
512,121,standing,2021-05-07 15:58:43.360,2021-05-07 15:58:45.340,0.021,2,2,0.8629773,0.0002031325,0.12103669,0.8629773,0.01578283
512,121,standing,2021-05-07 15:58:44.360,2021-05-07 15:58:46.340,0.021,2,2,0.83549076,0.00012552683,0.16301669,0.83549076,0.0013670173
512,121,standing,2021-05-07 15:58:45.360,2021-05-07 15:58:47.340,0.021,2,2,0.79101515,0.000116261814,0.20816979,0.79101515,0.00069887
512,121,standing,2021-05-07 15:58:46.360,2021-05-07 15:58:48.340,0.021,2,2,0.80492806,0.00010217786,0.1944719,0.80492806,0.0004978505
512,121,standing,2021-05-07 15:58:47.360,2021-05-07 15:58:49.340,0.021,2,2,0.8291001,0.00010562374,0.17013086,0.8291001,0.0006635185
512,121,standing,2021-05-07 15:58:48.360,2021-05-07 15:58:50.340,0.021,2,2,0.84081763,0.00012970409,0.15731715,0.84081763,0.0017355207
512,121,standing,2021-05-07 15:58:49.360,2021-05-07 15:58:51.340,0.021,2,2,0.8532096,0.00012866982,0.14470492,0.8532096,0.0019568454
512,121,standing,2021-05-07 15:58:50.360,2021-05-07 15:58:52.340,0.021,2,2,0.8300868,0.00010475052,0.16921683,0.8300868,0.00059157383
512,121,standing,2021-05-07 15:58:51.360,2021-05-07 15:58:53.340,0.021,2,2,0.8131116,9.0258356e-05,0.1864963,0.8131116,0.00030180564
512,121,standing,2021-05-07 15:58:52.360,2021-05-07 15:58:54.340,0.021,2,2,0.8633671,8.634823e-05,0.13608167,0.8633671,0.00046491128
512,125,standing,2021-05-07 15:58:57.959,2021-05-07 15:58:59.939,0.021,2,2,0.8567778,9.964657e-05,0.14243758,0.8567778,0.00068495923
512,125,standing,2021-05-07 15:58:58.959,2021-05-07 15:59:00.940,0.021,2,2,0.83730245,9.4537376e-05,0.16212553,0.83730245,0.0004774253
512,125,standing,2021-05-07 15:58:59.959,2021-05-07 15:59:01.940,0.021,2,2,0.8139655,9.224281e-05,0.1855454,0.8139655,0.00039685532
512,125,standing,2021-05-07 15:59:00.960,2021-05-07 15:59:02.940,0.021,2,2,0.7906144,8.7801694e-05,0.20898926,0.7906144,0.0003084498
512,125,standing,2021-05-07 15:59:01.960,2021-05-07 15:59:03.940,0.021,2,2,0.7830328,8.849447e-05,0.21657446,0.7830328,0.0003041667
512,125,standing,2021-05-07 15:59:02.960,2021-05-07 15:59:04.940,0.021,2,2,0.7865442,8.9737965e-05,0.21303888,0.7865442,0.00032717866
512,125,standing,2021-05-07 15:59:03.960,2021-05-07 15:59:05.940,0.021,2,2,0.815274,9.800049e-05,0.18413813,0.815274,0.0004899265
512,127,standing,2021-05-07 15:59:07.000,2021-05-07 15:59:08.979,0.021,2,2,0.81695104,0.00010373146,0.18238732,0.81695104,0.0005578636
512,127,standing,2021-05-07 15:59:08.000,2021-05-07 15:59:09.979,0.021,2,2,0.8510673,0.00010280134,0.14806446,0.8510673,0.00076536246
512,127,standing,2021-05-07 15:59:09.000,2021-05-07 15:59:10.979,0.021,2,2,0.85597694,0.00010098269,0.1432104,0.85597694,0.0007117726
512,127,standing,2021-05-07 15:59:10.000,2021-05-07 15:59:11.979,0.021,2,2,0.8288987,9.50968e-05,0.17052858,0.8288987,0.00047760207
512,127,standing,2021-05-07 15:59:11.000,2021-05-07 15:59:12.979,0.021,2,2,0.81268996,9.099855e-05,0.18683447,0.81268996,0.00038452857
512,127,standing,2021-05-07 15:59:12.000,2021-05-07 15:59:13.979,0.021,2,2,0.83769274,9.490871e-05,0.16164687,0.83769274,0.0005655124
512,127,standing,2021-05-07 15:59:13.000,2021-05-07 15:59:14.979,0.021,2,2,0.84699064,9.220038e-05,0.15237147,0.84699064,0.0005457227
512,127,standing,2021-05-07 15:59:14.000,2021-05-07 15:59:15.979,0.021,2,2,0.856606,8.348672e-05,0.14288004,0.856606,0.00043048704
512,127,standing,2021-05-07 15:59:15.000,2021-05-07 15:59:16.979,0.021,2,2,0.8601295,8.30541e-05,0.13937263,0.8601295,0.0004149079
512,127,standing,2021-05-07 15:59:16.000,2021-05-07 15:59:17.979,0.021,2,2,0.84360653,9.041164e-05,0.15588094,0.84360653,0.00042221576
512,127,standing,2021-05-07 15:59:17.000,2021-05-07 15:59:18.979,0.021,2,2,0.8190626,9.02763e-05,0.18048069,0.8190626,0.00036644962
512,127,standing,2021-05-07 15:59:18.000,2021-05-07 15:59:19.979,0.021,2,2,0.83481777,9.90777e-05,0.164569,0.83481777,0.00051407475
512,127,standing,2021-05-07 15:59:19.000,2021-05-07 15:59:20.979,0.021,2,2,0.8470724,9.823213e-05,0.15221454,0.8470724,0.0006149089
512,127,standing,2021-05-07 15:59:20.000,2021-05-07 15:59:21.979,0.021,2,2,0.8439985,9.4814866e-05,0.15536448,0.8439985,0.00054215547
512,127,standing,2021-05-07 15:59:21.000,2021-05-07 15:59:22.979,0.021,2,2,0.8388956,9.43901e-05,0.16051331,0.8388956,0.0004967648
512,127,standing,2021-05-07 15:59:22.000,2021-05-07 15:59:23.979,0.021,2,2,0.84480953,9.5909105e-05,0.15454707,0.84480953,0.0005474483
512,127,standing,2021-05-07 15:59:23.000,2021-05-07 15:59:24.979,0.021,2,2,0.86324006,9.09794e-05,0.13615933,0.86324006,0.0005095878
512,127,standing,2021-05-07 15:59:24.000,2021-05-07 15:59:25.979,0.021,2,2,0.8460408,9.7173666e-05,0.15329416,0.8460408,0.0005678288
512,129,standing,2021-05-07 15:59:29.440,2021-05-07 15:59:31.420,0.021,2,2,0.9257097,0.000104484505,0.07131212,0.9257097,0.0028736035
512,129,standing,2021-05-07 15:59:30.440,2021-05-07 15:59:32.419,0.021,2,2,0.9223097,0.00010558793,0.074778184,0.9223097,0.0028064854
512,129,standing,2021-05-07 15:59:31.440,2021-05-07 15:59:33.419,0.021,2,2,0.87991554,0.000100191326,0.11908057,0.87991554,0.0009035473
512,129,standing,2021-05-07 15:59:32.439,2021-05-07 15:59:34.419,0.021,2,2,0.8726878,9.080689e-05,0.12661624,0.8726878,0.00060510833
512,129,standing,2021-05-07 15:59:33.439,2021-05-07 15:59:35.419,0.021,2,2,0.9023515,0.00010062234,0.0962341,0.9023515,0.0013137809
512,129,standing,2021-05-07 15:59:34.439,2021-05-07 15:59:36.419,0.021,2,2,0.9144672,0.000102605314,0.08362433,0.9144672,0.0018057511
512,129,standing,2021-05-07 15:59:35.439,2021-05-07 15:59:37.419,0.021,2,2,0.91506886,0.0001249891,0.08079316,0.91506886,0.004012978
512,129,standing,2021-05-07 15:59:36.439,2021-05-07 15:59:38.419,0.021,2,2,0.9096653,0.00013327227,0.086231805,0.9096653,0.003969723
512,129,standing,2021-05-07 15:59:37.439,2021-05-07 15:59:39.419,0.021,2,2,0.8919671,0.00011476394,0.10577716,0.8919671,0.0021408976
512,130,walking,2021-05-07 15:59:40.000,2021-05-07 15:59:41.979,0.021,3,2,0.7761301,0.00028064608,0.05668223,0.7761301,0.16690694
512,133,walking,2021-05-07 15:59:43.720,2021-05-07 15:59:45.700,0.021,3,3,0.5126022,0.00026974754,0.046497427,0.4406307,0.5126022
512,133,walking,2021-05-07 15:59:44.720,2021-05-07 15:59:46.700,0.021,3,2,0.6680326,0.00025376736,0.05841773,0.6680326,0.27329582
512,133,walking,2021-05-07 15:59:45.720,2021-05-07 15:59:47.700,0.021,3,3,0.6459998,0.00020320412,0.029680261,0.32411677,0.6459998
512,133,walking,2021-05-07 15:59:46.720,2021-05-07 15:59:48.700,0.021,3,3,0.9577076,5.4832177e-05,0.003632061,0.03860547,0.9577076
512,133,walking,2021-05-07 15:59:47.720,2021-05-07 15:59:49.700,0.021,3,3,0.9264191,7.020628e-05,0.0058137043,0.06769705,0.9264191
512,138,walking,2021-05-07 15:59:53.720,2021-05-07 15:59:55.700,0.021,3,3,0.8443769,0.00010102129,0.0066850255,0.14883696,0.8443769
512,138,walking,2021-05-07 15:59:54.720,2021-05-07 15:59:56.700,0.021,3,3,0.981735,3.0887182e-05,0.0013037927,0.01693039,0.981735
512,144,standing,2021-05-07 16:00:02.599,2021-05-07 16:00:04.579,0.021,2,2,0.65478486,8.6548804e-05,0.34440112,0.65478486,0.0007273729
512,145,walking,2021-05-07 16:00:05.000,2021-05-07 16:00:06.980,0.021,3,3,0.99450314,1.2115562e-05,0.00033147194,0.0051533263,0.99450314
512,145,walking,2021-05-07 16:00:06.000,2021-05-07 16:00:07.980,0.021,3,3,0.99888563,3.0164047e-06,4.5361194e-05,0.0010659301,0.99888563
512,145,walking,2021-05-07 16:00:07.000,2021-05-07 16:00:08.979,0.021,3,3,0.99987054,8.7174396e-07,4.4868725e-06,0.00012423952,0.99987054
512,145,walking,2021-05-07 16:00:08.000,2021-05-07 16:00:09.979,0.021,3,3,0.99999064,8.8334104e-08,2.0639965e-07,9.040336e-06,0.99999064
512,146,standing,2021-05-07 16:01:03.319,2021-05-07 16:01:05.300,0.021,2,3,0.93731,5.891728e-05,0.0050375615,0.05759344,0.93731
512,148,standing,2021-05-07 16:01:06.159,2021-05-07 16:01:08.140,0.021,2,2,0.9037113,0.00014992742,0.08955595,0.9037113,0.006582799
512,148,standing,2021-05-07 16:01:07.159,2021-05-07 16:01:09.140,0.021,2,2,0.91185313,0.00013950573,0.08357949,0.91185313,0.004427842
512,148,standing,2021-05-07 16:01:08.159,2021-05-07 16:01:10.140,0.021,2,2,0.90869206,0.00012493908,0.088766314,0.90869206,0.002416756
512,149,standing,2021-05-07 16:01:21.000,2021-05-07 16:01:22.979,0.021,2,2,0.8926554,0.00013958491,0.10239465,0.8926554,0.004810243
512,149,standing,2021-05-07 16:01:22.000,2021-05-07 16:01:23.979,0.021,2,2,0.9416823,9.479525e-05,0.05364546,0.9416823,0.0045775073
512,149,standing,2021-05-07 16:01:23.000,2021-05-07 16:01:24.979,0.021,2,3,0.55335647,0.00010461916,0.013980285,0.43255854,0.55335647
512,149,standing,2021-05-07 16:01:24.000,2021-05-07 16:01:25.979,0.021,2,3,0.8760145,6.289533e-05,0.0103374785,0.1135851,0.8760145
512,149,standing,2021-05-07 16:01:25.000,2021-05-07 16:01:26.979,0.021,2,3,0.7693339,0.000104167026,0.03678709,0.19377482,0.7693339
512,149,standing,2021-05-07 16:01:26.000,2021-05-07 16:01:27.979,0.021,2,3,0.9849201,2.1798818e-05,0.002665585,0.0123924455,0.9849201
512,149,standing,2021-05-07 16:01:27.000,2021-05-07 16:01:28.979,0.021,2,3,0.9999986,2.690439e-08,6.164482e-08,1.2280827e-06,0.9999986
512,149,standing,2021-05-07 16:01:28.000,2021-05-07 16:01:29.979,0.021,2,3,0.99923986,2.9927817e-06,4.4524393e-05,0.000712745,0.99923986
512,149,standing,2021-05-07 16:01:29.000,2021-05-07 16:01:30.979,0.021,2,3,0.49879104,0.00021000615,0.043632306,0.45736665,0.49879104
512,149,standing,2021-05-07 16:01:30.000,2021-05-07 16:01:31.979,0.021,2,2,0.81793934,0.00021707106,0.059117038,0.81793934,0.12272652
512,149,standing,2021-05-07 16:01:31.000,2021-05-07 16:01:32.979,0.021,2,2,0.7487739,0.00024777226,0.06231486,0.7487739,0.18866345
512,149,standing,2021-05-07 16:01:32.000,2021-05-07 16:01:33.979,0.021,2,2,0.8605869,0.00022382462,0.108422905,0.8605869,0.03076638
512,149,standing,2021-05-07 16:01:33.000,2021-05-07 16:01:34.979,0.021,2,2,0.873887,0.00016531005,0.12138485,0.873887,0.0045629335
512,149,standing,2021-05-07 16:01:34.000,2021-05-07 16:01:35.979,0.021,2,2,0.88307345,0.00018008408,0.10932026,0.88307345,0.007426256
512,149,standing,2021-05-07 16:01:35.000,2021-05-07 16:01:36.979,0.021,2,2,0.89349705,0.00018597193,0.09313623,0.89349705,0.013180647
512,149,standing,2021-05-07 16:01:36.000,2021-05-07 16:01:37.979,0.021,2,2,0.88852185,0.00016267497,0.10436081,0.88852185,0.00695474
512,149,standing,2021-05-07 16:01:37.000,2021-05-07 16:01:38.979,0.021,2,2,0.8590563,0.00024568813,0.10139588,0.8590563,0.039302003
512,149,standing,2021-05-07 16:01:38.000,2021-05-07 16:01:39.979,0.021,2,2,0.86494505,0.00022861971,0.1068686,0.86494505,0.027957624
512,149,standing,2021-05-07 16:01:39.000,2021-05-07 16:01:40.979,0.021,2,2,0.8708174,0.00024451458,0.07606357,0.8708174,0.052874442
512,149,standing,2021-05-07 16:01:40.000,2021-05-07 16:01:41.979,0.021,2,2,0.7937817,0.00029810236,0.06427565,0.7937817,0.14164458
512,149,standing,2021-05-07 16:01:41.000,2021-05-07 16:01:42.979,0.021,2,2,0.8632211,0.00018398072,0.1295566,0.8632211,0.0070383465
512,149,standing,2021-05-07 16:01:42.000,2021-05-07 16:01:43.979,0.021,2,2,0.841395,0.00012178411,0.15753992,0.841395,0.00094336516
512,149,standing,2021-05-07 16:01:43.000,2021-05-07 16:01:44.979,0.021,2,2,0.86118317,0.00012491578,0.13734514,0.86118317,0.0013467406
512,149,standing,2021-05-07 16:01:44.000,2021-05-07 16:01:45.979,0.021,2,2,0.8695337,0.0001327348,0.12858967,0.8695337,0.001743812
512,149,standing,2021-05-07 16:01:45.000,2021-05-07 16:01:46.979,0.021,2,2,0.85752535,0.00012813795,0.14104061,0.85752535,0.0013058787
512,149,standing,2021-05-07 16:01:46.000,2021-05-07 16:01:47.979,0.021,2,2,0.8692439,0.00011679476,0.12943296,0.8692439,0.0012063849
512,149,standing,2021-05-07 16:01:47.000,2021-05-07 16:01:48.979,0.021,2,2,0.8957951,0.00011569906,0.102409825,0.8957951,0.0016794724
512,149,standing,2021-05-07 16:01:48.000,2021-05-07 16:01:49.979,0.021,2,2,0.89092016,0.00012384285,0.1069761,0.89092016,0.0019800046
512,149,standing,2021-05-07 16:01:49.000,2021-05-07 16:01:50.979,0.021,2,2,0.9032026,0.00014743145,0.09037952,0.9032026,0.006270461
512,149,standing,2021-05-07 16:01:50.000,2021-05-07 16:01:51.979,0.021,2,2,0.8974522,0.00015979356,0.094586976,0.8974522,0.007801067
512,149,standing,2021-05-07 16:01:51.000,2021-05-07 16:01:52.979,0.021,2,2,0.8858276,0.00013942856,0.11099121,0.8858276,0.0030416888
512,149,standing,2021-05-07 16:01:52.000,2021-05-07 16:01:53.979,0.021,2,2,0.8916857,0.00014530218,0.1042237,0.8916857,0.0039453763
512,149,standing,2021-05-07 16:01:53.000,2021-05-07 16:01:54.979,0.021,2,2,0.9150593,0.00013321475,0.07952147,0.9150593,0.005286009
512,151,standing,2021-05-07 16:01:57.959,2021-05-07 16:01:59.939,0.021,2,2,0.8461362,0.00014173532,0.15173529,0.8461362,0.0019867804
512,151,standing,2021-05-07 16:01:58.959,2021-05-07 16:02:00.940,0.021,2,2,0.864418,0.00011271287,0.13455254,0.864418,0.0009166857
512,151,standing,2021-05-07 16:01:59.959,2021-05-07 16:02:01.940,0.021,2,2,0.89714503,0.00010167826,0.101745084,0.89714503,0.001008201
512,151,standing,2021-05-07 16:02:00.960,2021-05-07 16:02:02.940,0.021,2,2,0.8946367,9.655807e-05,0.10446961,0.8946367,0.00079720677
512,151,standing,2021-05-07 16:02:01.960,2021-05-07 16:02:03.940,0.021,2,2,0.9094581,0.00011174966,0.08813286,0.9094581,0.002297242
512,151,standing,2021-05-07 16:02:02.960,2021-05-07 16:02:04.940,0.021,2,2,0.91612,0.000114236514,0.080749944,0.91612,0.003015706
512,151,standing,2021-05-07 16:02:03.960,2021-05-07 16:02:05.940,0.021,2,2,0.9028135,0.000118273754,0.095115,0.9028135,0.0019531685
512,151,standing,2021-05-07 16:02:04.960,2021-05-07 16:02:06.940,0.021,2,2,0.9046059,0.00016978466,0.08636071,0.9046059,0.00886357
512,151,standing,2021-05-07 16:02:05.960,2021-05-07 16:02:07.940,0.021,2,2,0.88846684,0.00018556713,0.10014447,0.88846684,0.011203031
512,151,standing,2021-05-07 16:02:06.960,2021-05-07 16:02:08.940,0.021,2,2,0.87263376,0.00013711746,0.12499842,0.87263376,0.0022306892
512,151,standing,2021-05-07 16:02:07.960,2021-05-07 16:02:09.940,0.021,2,2,0.87905556,0.000121661855,0.119504645,0.87905556,0.0013180502
512,151,standing,2021-05-07 16:02:08.960,2021-05-07 16:02:10.940,0.021,2,2,0.88414514,0.0001317425,0.114024654,0.88414514,0.0016984986
512,151,standing,2021-05-07 16:02:09.960,2021-05-07 16:02:11.940,0.021,2,2,0.883881,0.00012786941,0.11439286,0.883881,0.0015981961
512,151,standing,2021-05-07 16:02:10.960,2021-05-07 16:02:12.940,0.021,2,2,0.8737456,0.000118465716,0.12499892,0.8737456,0.0011370404
512,151,standing,2021-05-07 16:02:11.960,2021-05-07 16:02:13.940,0.021,2,2,0.8729594,0.00011365347,0.12585896,0.8729594,0.0010679857
512,151,standing,2021-05-07 16:02:12.960,2021-05-07 16:02:14.940,0.021,2,2,0.867414,0.00011197713,0.13141654,0.867414,0.001057523
512,151,standing,2021-05-07 16:02:13.960,2021-05-07 16:02:15.940,0.021,2,2,0.9119621,0.00015106153,0.07772496,0.9119621,0.010161977
512,152,walking,2021-05-07 16:02:16.159,2021-05-07 16:02:18.139,0.021,3,3,0.8584082,0.00013843895,0.0062758476,0.13517742,0.8584082
512,152,walking,2021-05-07 16:02:17.159,2021-05-07 16:02:19.139,0.021,3,3,0.8537264,0.00013934328,0.008178763,0.13795552,0.8537264
512,156,standing,2021-05-07 16:02:23.280,2021-05-07 16:02:25.260,0.021,2,2,0.9162965,0.000101513986,0.08079928,0.9162965,0.0028027522
512,157,walking,2021-05-07 16:02:26.119,2021-05-07 16:02:28.100,0.021,3,3,0.98068017,4.203244e-05,0.0009468079,0.018330937,0.98068017
512,157,walking,2021-05-07 16:02:27.119,2021-05-07 16:02:29.100,0.021,3,3,0.99812025,1.6420483e-05,9.094455e-05,0.0017723142,0.99812025
512,160,walking,2021-05-07 16:02:32.159,2021-05-07 16:02:34.139,0.021,3,3,0.9849237,2.851715e-05,0.00051485305,0.0145329535,0.9849237
512,165,standing,2021-05-07 16:02:40.840,2021-05-07 16:02:42.819,0.021,2,2,0.8649682,0.00011981473,0.13350616,0.8649682,0.0014059608
512,165,standing,2021-05-07 16:02:41.840,2021-05-07 16:02:43.819,0.021,2,2,0.87835455,0.0001029603,0.12058429,0.87835455,0.0009583369
512,165,standing,2021-05-07 16:02:42.840,2021-05-07 16:02:44.819,0.021,2,2,0.84788114,0.00010429134,0.15126792,0.84788114,0.00074667175
512,165,standing,2021-05-07 16:02:43.840,2021-05-07 16:02:45.819,0.021,2,2,0.84768957,0.000119082775,0.15103179,0.84768957,0.0011596015
512,165,standing,2021-05-07 16:02:44.840,2021-05-07 16:02:46.819,0.021,2,2,0.85961926,0.0001294304,0.13856004,0.85961926,0.001691294
512,165,standing,2021-05-07 16:02:45.840,2021-05-07 16:02:47.819,0.021,2,2,0.8878343,0.00012875,0.10931979,0.8878343,0.002717073
512,166,walking,2021-05-07 16:02:48.680,2021-05-07 16:02:50.659,0.021,3,3,0.9855132,2.3996345e-05,0.00068924186,0.013773484,0.9855132
512,166,walking,2021-05-07 16:02:49.680,2021-05-07 16:02:51.659,0.021,3,3,0.999991,9.5621154e-08,2.4356203e-07,8.629266e-06,0.999991
512,166,walking,2021-05-07 16:02:50.680,2021-05-07 16:02:52.659,0.021,3,3,0.99999946,2.4275673e-08,1.3982313e-08,4.4321706e-07,0.99999946
512,166,walking,2021-05-07 16:02:51.680,2021-05-07 16:02:53.659,0.021,3,3,0.9999687,3.979626e-07,1.0791408e-06,2.9726853e-05,0.9999687
512,166,walking,2021-05-07 16:02:52.680,2021-05-07 16:02:54.659,0.021,3,3,0.9999415,3.103401e-07,1.8729583e-06,5.6178516e-05,0.9999415
512,166,walking,2021-05-07 16:02:53.680,2021-05-07 16:02:55.659,0.021,3,3,0.9998307,1.1233489e-06,6.966798e-06,0.00016125519,0.9998307
512,166,walking,2021-05-07 16:02:54.680,2021-05-07 16:02:56.659,0.021,3,3,0.99997956,1.8139669e-07,5.187706e-07,1.9653186e-05,0.99997956
512,166,walking,2021-05-07 16:02:55.680,2021-05-07 16:02:57.659,0.021,3,3,0.9999445,2.52003e-07,1.4505865e-06,5.3778585e-05,0.9999445
512,166,walking,2021-05-07 16:02:56.680,2021-05-07 16:02:58.659,0.021,3,3,0.9981219,7.35713e-06,9.303376e-05,0.0017776178,0.9981219
512,166,walking,2021-05-07 16:02:57.680,2021-05-07 16:02:59.659,0.021,3,3,0.9997642,9.097973e-07,8.937455e-06,0.00022588162,0.9997642
512,166,walking,2021-05-07 16:02:58.680,2021-05-07 16:03:00.660,0.021,3,3,0.9996978,1.3243956e-06,1.07389105e-05,0.00029007852,0.9996978
512,166,walking,2021-05-07 16:02:59.680,2021-05-07 16:03:01.660,0.021,3,3,0.9999736,1.6843408e-07,6.477684e-07,2.5530724e-05,0.9999736
512,166,walking,2021-05-07 16:03:00.680,2021-05-07 16:03:02.660,0.021,3,3,0.9999543,2.4441843e-07,1.4611694e-06,4.3900807e-05,0.9999543
512,166,walking,2021-05-07 16:03:01.680,2021-05-07 16:03:03.660,0.021,3,3,0.99981475,7.8194773e-07,6.5403724e-06,0.00017804392,0.99981475
512,166,walking,2021-05-07 16:03:02.680,2021-05-07 16:03:04.659,0.021,3,3,0.9999183,2.8154616e-07,1.9132472e-06,7.9493584e-05,0.9999183
512,166,walking,2021-05-07 16:03:03.680,2021-05-07 16:03:05.659,0.021,3,3,0.99561596,9.793594e-06,0.00019516873,0.004179052,0.99561596
512,166,walking,2021-05-07 16:03:04.680,2021-05-07 16:03:06.659,0.021,3,3,0.9999828,1.0374227e-07,4.2440448e-07,1.6688486e-05,0.9999828
512,166,walking,2021-05-07 16:03:05.680,2021-05-07 16:03:07.659,0.021,3,3,0.9994543,1.8136236e-06,2.0311922e-05,0.0005235023,0.9994543
512,166,walking,2021-05-07 16:03:06.680,2021-05-07 16:03:08.659,0.021,3,3,0.99982905,1.6589378e-06,8.262209e-06,0.0001609507,0.99982905
512,166,walking,2021-05-07 16:03:07.680,2021-05-07 16:03:09.659,0.021,3,3,0.9999419,5.2770065e-07,2.63387e-06,5.4897995e-05,0.9999419
512,166,walking,2021-05-07 16:03:08.680,2021-05-07 16:03:10.659,0.021,3,3,0.9965143,7.762167e-06,0.00017941516,0.0032984822,0.9965143
512,166,walking,2021-05-07 16:03:09.680,2021-05-07 16:03:11.659,0.021,3,3,0.99969023,2.5467918e-06,1.5393302e-05,0.0002919243,0.99969023
512,166,walking,2021-05-07 16:03:10.680,2021-05-07 16:03:12.659,0.021,3,3,0.9999941,9.875733e-08,1.7227002e-07,5.5805035e-06,0.9999941
512,166,walking,2021-05-07 16:03:11.680,2021-05-07 16:03:13.659,0.021,3,3,0.99983454,7.429231e-07,5.8785895e-06,0.0001589765,0.99983454
512,166,walking,2021-05-07 16:03:12.680,2021-05-07 16:03:14.659,0.021,3,3,0.99407625,1.2635344e-05,0.00031573122,0.0055953437,0.99407625
512,166,walking,2021-05-07 16:03:13.680,2021-05-07 16:03:15.659,0.021,3,3,0.9981254,3.3781503e-06,6.04959e-05,0.001810746,0.9981254
512,166,walking,2021-05-07 16:03:14.680,2021-05-07 16:03:16.659,0.021,3,3,0.9963216,5.8177334e-06,0.00013269098,0.003539773,0.9963216
512,166,walking,2021-05-07 16:03:15.680,2021-05-07 16:03:17.659,0.021,3,3,0.99836665,4.9627733e-06,7.6140284e-05,0.0015522488,0.99836665
512,166,walking,2021-05-07 16:03:16.680,2021-05-07 16:03:18.659,0.021,3,3,0.999877,6.7280837e-07,4.2993033e-06,0.0001181666,0.999877
512,166,walking,2021-05-07 16:03:17.680,2021-05-07 16:03:19.659,0.021,3,3,0.9999977,3.4655375e-08,4.291113e-08,2.1697954e-06,0.9999977
512,166,walking,2021-05-07 16:03:18.680,2021-05-07 16:03:20.659,0.021,3,3,0.99929005,3.2642663e-06,2.9004634e-05,0.00067775254,0.99929005
512,166,walking,2021-05-07 16:03:19.680,2021-05-07 16:03:21.659,0.021,3,3,0.99992675,4.8330145e-07,2.5659e-06,7.012119e-05,0.99992675
512,166,walking,2021-05-07 16:03:20.680,2021-05-07 16:03:22.659,0.021,3,3,0.9999086,5.468684e-07,3.1334532e-06,8.7625e-05,0.9999086
512,166,walking,2021-05-07 16:03:21.680,2021-05-07 16:03:23.659,0.021,3,3,0.9997268,2.60635e-06,1.38926425e-05,0.0002566263,0.9997268
512,166,walking,2021-05-07 16:03:22.680,2021-05-07 16:03:24.659,0.021,3,3,0.9999632,3.6649215e-07,1.5366868e-06,3.4767814e-05,0.9999632
512,166,walking,2021-05-07 16:03:23.680,2021-05-07 16:03:25.659,0.021,3,3,0.999702,1.0113355e-06,1.1187244e-05,0.00028578733,0.999702
512,166,walking,2021-05-07 16:03:24.680,2021-05-07 16:03:26.659,0.021,3,3,0.9947474,1.3429613e-05,0.00026471325,0.004974484,0.9947474
512,167,standing,2021-05-07 16:03:27.440,2021-05-07 16:03:29.420,0.021,2,2,0.9002308,0.00020084996,0.0924194,0.9002308,0.007148957
512,169,standing,2021-05-07 16:03:30.319,2021-05-07 16:03:32.299,0.021,2,2,0.8376267,0.00022717129,0.1407577,0.8376267,0.021388384
512,169,standing,2021-05-07 16:03:31.319,2021-05-07 16:03:33.299,0.021,2,2,0.8500329,0.00020091045,0.14121844,0.8500329,0.008547603
512,173,walking,2021-05-07 16:03:38.360,2021-05-07 16:03:40.340,0.021,3,3,0.9883844,1.5454105e-05,0.00056179415,0.01103835,0.9883844
512,173,walking,2021-05-07 16:03:39.360,2021-05-07 16:03:41.340,0.021,3,3,0.994312,1.459561e-05,0.00028201804,0.0053914534,0.994312
512,173,walking,2021-05-07 16:03:40.360,2021-05-07 16:03:42.340,0.021,3,3,0.999408,1.9832446e-06,1.9540892e-05,0.0005705231,0.999408
512,173,walking,2021-05-07 16:03:41.360,2021-05-07 16:03:43.340,0.021,3,3,0.99963135,1.0477723e-06,1.3100184e-05,0.00035447205,0.99963135
512,173,walking,2021-05-07 16:03:42.360,2021-05-07 16:03:44.340,0.021,3,3,0.99336165,1.564964e-05,0.00037920423,0.0062435716,0.99336165
512,173,walking,2021-05-07 16:03:43.360,2021-05-07 16:03:45.340,0.021,3,3,0.9999638,2.728594e-07,1.2234788e-06,3.456919e-05,0.9999638
512,173,walking,2021-05-07 16:03:44.360,2021-05-07 16:03:46.340,0.021,3,3,0.99998444,1.5010089e-07,4.3348382e-07,1.48949275e-05,0.99998444
512,173,walking,2021-05-07 16:03:45.360,2021-05-07 16:03:47.340,0.021,3,3,0.9993401,3.5318856e-06,3.6102203e-05,0.00062021235,0.9993401
512,173,walking,2021-05-07 16:03:46.360,2021-05-07 16:03:48.340,0.021,3,3,0.9999611,3.0135286e-07,1.6878871e-06,3.6929396e-05,0.9999611
512,173,walking,2021-05-07 16:03:47.360,2021-05-07 16:03:49.340,0.021,3,3,0.9998467,6.9203736e-07,5.572826e-06,0.00014718926,0.9998467
512,173,walking,2021-05-07 16:03:48.360,2021-05-07 16:03:50.340,0.021,3,3,0.99754614,5.330583e-06,0.0001163581,0.0023321542,0.99754614
512,173,walking,2021-05-07 16:03:49.360,2021-05-07 16:03:51.340,0.021,3,3,0.9986739,2.7454535e-06,6.1201834e-05,0.001262161,0.9986739
512,173,walking,2021-05-07 16:03:50.360,2021-05-07 16:03:52.340,0.021,3,3,0.99303037,1.8574277e-05,0.00031629333,0.0066346345,0.99303037
512,173,walking,2021-05-07 16:03:51.360,2021-05-07 16:03:53.340,0.021,3,3,0.99989206,6.63292e-07,3.6636454e-06,0.000103556784,0.99989206
512,173,walking,2021-05-07 16:03:52.360,2021-05-07 16:03:54.340,0.021,3,3,0.9999854,1.7241629e-07,4.7557833e-07,1.3867693e-05,0.9999854
512,173,walking,2021-05-07 16:03:53.360,2021-05-07 16:03:55.340,0.021,3,3,0.9999127,5.448004e-07,3.3443612e-06,8.34073e-05,0.9999127
512,173,walking,2021-05-07 16:03:54.360,2021-05-07 16:03:56.340,0.021,3,3,0.9997935,8.0242694e-07,7.4339546e-06,0.00019829885,0.9997935
512,175,walking,2021-05-07 16:03:58.040,2021-05-07 16:04:00.019,0.021,3,3,0.9976985,6.1839623e-06,9.744557e-05,0.0021978586,0.9976985
512,175,walking,2021-05-07 16:03:59.040,2021-05-07 16:04:01.019,0.021,3,3,0.9991811,3.0463693e-06,3.3601347e-05,0.0007822285,0.9991811
512,175,walking,2021-05-07 16:04:00.039,2021-05-07 16:04:02.019,0.021,3,3,0.99992687,7.1735144e-07,2.8744864e-06,6.950283e-05,0.99992687
512,175,walking,2021-05-07 16:04:01.039,2021-05-07 16:04:03.019,0.021,3,3,0.9999756,3.6690724e-07,7.052514e-07,2.3256014e-05,0.9999756
512,175,walking,2021-05-07 16:04:02.039,2021-05-07 16:04:04.019,0.021,3,3,0.9999892,1.5683986e-07,3.2108366e-07,1.0238628e-05,0.9999892
512,175,walking,2021-05-07 16:04:03.039,2021-05-07 16:04:05.019,0.021,3,3,0.99996823,3.2288338e-07,1.0684687e-06,3.0356427e-05,0.99996823
512,175,walking,2021-05-07 16:04:04.039,2021-05-07 16:04:06.019,0.021,3,3,0.999877,6.653772e-07,3.5890794e-06,0.0001188804,0.999877
512,175,walking,2021-05-07 16:04:05.039,2021-05-07 16:04:07.019,0.021,3,3,0.99970365,6.9889194e-07,6.8633076e-06,0.00028869533,0.99970365
512,175,walking,2021-05-07 16:04:06.039,2021-05-07 16:04:08.020,0.021,3,3,0.9807987,2.7917433e-05,0.00090971065,0.018263781,0.9807987
512,175,walking,2021-05-07 16:04:07.039,2021-05-07 16:04:09.020,0.021,3,3,0.9972303,5.3281633e-06,9.8534234e-05,0.0026658494,0.9972303
512,175,walking,2021-05-07 16:04:08.039,2021-05-07 16:04:10.020,0.021,3,3,0.9941158,1.0923261e-05,0.00030165858,0.0055715963,0.9941158
512,175,walking,2021-05-07 16:04:09.039,2021-05-07 16:04:11.020,0.021,3,3,0.97107476,4.300882e-05,0.0019342096,0.026948001,0.97107476
512,175,walking,2021-05-07 16:04:10.039,2021-05-07 16:04:12.020,0.021,3,3,0.98352027,2.674348e-05,0.0010578857,0.015395037,0.98352027
512,175,walking,2021-05-07 16:04:11.039,2021-05-07 16:04:13.020,0.021,3,3,0.99541944,1.275963e-05,0.00031882562,0.004248905,0.99541944
512,176,standing,2021-05-07 16:04:13.880,2021-05-07 16:04:15.859,0.021,2,2,0.8613038,0.00015771131,0.135567,0.8613038,0.0029715349
512,176,standing,2021-05-07 16:04:14.880,2021-05-07 16:04:16.860,0.021,2,2,0.84539324,0.00013994037,0.15295973,0.84539324,0.0015070498
512,176,standing,2021-05-07 16:04:15.880,2021-05-07 16:04:17.860,0.021,2,2,0.8343418,0.00013631671,0.16422343,0.8343418,0.0012983741
512,176,standing,2021-05-07 16:04:16.880,2021-05-07 16:04:18.860,0.021,2,2,0.8454282,0.00013860333,0.15290022,0.8454282,0.0015329026
512,177,walking,2021-05-07 16:04:19.360,2021-05-07 16:04:21.340,0.021,3,3,0.9988249,3.2366738e-06,4.8343052e-05,0.0011234819,0.9988249
512,179,walking,2021-05-07 16:04:22.479,2021-05-07 16:04:24.459,0.021,3,3,0.99656767,7.3985507e-06,0.00013718757,0.003287833,0.99656767
512,179,walking,2021-05-07 16:04:23.479,2021-05-07 16:04:25.459,0.021,3,3,0.99999124,9.5491586e-08,1.7544106e-07,8.414263e-06,0.99999124
512,179,walking,2021-05-07 16:04:24.479,2021-05-07 16:04:26.459,0.021,3,3,0.99951625,1.6246399e-06,1.5922496e-05,0.00046622418,0.99951625
512,179,walking,2021-05-07 16:04:25.479,2021-05-07 16:04:27.459,0.021,3,2,0.49320468,0.00034832762,0.04650151,0.49320468,0.45994547
512,183,walking,2021-05-07 16:04:30.959,2021-05-07 16:04:32.939,0.021,3,3,0.9929007,1.3486349e-05,0.00041689712,0.0066689285,0.9929007
512,183,walking,2021-05-07 16:04:31.959,2021-05-07 16:04:33.939,0.021,3,3,0.9984951,4.042794e-06,6.332921e-05,0.0014375764,0.9984951
512,183,walking,2021-05-07 16:04:32.959,2021-05-07 16:04:34.939,0.021,3,3,0.99979925,5.7887553e-07,7.112185e-06,0.00019300675,0.99979925
512,185,walking,2021-05-07 16:04:36.599,2021-05-07 16:04:38.580,0.021,3,3,0.9094069,7.000482e-05,0.0035098612,0.08701324,0.9094069
512,185,walking,2021-05-07 16:04:37.599,2021-05-07 16:04:39.580,0.021,3,3,0.97238153,3.356745e-05,0.0013379984,0.02624693,0.97238153
512,185,walking,2021-05-07 16:04:38.599,2021-05-07 16:04:40.580,0.021,3,3,0.9902086,1.690874e-05,0.00038767196,0.009386777,0.9902086
512,185,walking,2021-05-07 16:04:39.599,2021-05-07 16:04:41.580,0.021,3,3,0.9990078,3.1178868e-06,3.1040214e-05,0.0009580277,0.9990078
512,188,standing,2021-05-07 16:04:43.599,2021-05-07 16:04:45.580,0.021,2,2,0.8490306,0.00013723681,0.14911354,0.8490306,0.001718605
512,191,walking,2021-05-07 16:04:47.080,2021-05-07 16:04:49.060,0.021,3,3,0.9906755,1.4667612e-05,0.00043723345,0.008872493,0.9906755
512,191,walking,2021-05-07 16:04:48.080,2021-05-07 16:04:50.060,0.021,3,3,0.9869578,1.9279893e-05,0.00063713785,0.012385818,0.9869578
512,191,walking,2021-05-07 16:04:49.080,2021-05-07 16:04:51.060,0.021,3,3,0.96547616,4.434391e-05,0.0018937459,0.032585766,0.96547616
512,191,walking,2021-05-07 16:04:50.080,2021-05-07 16:04:52.060,0.021,3,3,0.98728406,2.1710266e-05,0.00065541733,0.012038816,0.98728406
512,191,walking,2021-05-07 16:04:51.080,2021-05-07 16:04:53.060,0.021,3,3,0.9790111,2.8328826e-05,0.0009787594,0.019981798,0.9790111
512,191,walking,2021-05-07 16:04:52.080,2021-05-07 16:04:54.060,0.021,3,3,0.99352795,1.1016303e-05,0.00030382327,0.0061572,0.99352795
512,191,walking,2021-05-07 16:04:53.080,2021-05-07 16:04:55.060,0.021,3,3,0.98451173,1.9645704e-05,0.0007206435,0.01474793,0.98451173
512,191,walking,2021-05-07 16:04:54.080,2021-05-07 16:04:56.060,0.021,3,3,0.9949429,9.99267e-06,0.00020932418,0.004837685,0.9949429
512,191,walking,2021-05-07 16:04:55.080,2021-05-07 16:04:57.060,0.021,3,3,0.99602807,7.760347e-06,0.00018115896,0.0037830838,0.99602807
512,191,walking,2021-05-07 16:04:56.080,2021-05-07 16:04:58.060,0.021,3,3,0.9647271,4.056231e-05,0.0020318404,0.03320046,0.9647271
512,191,walking,2021-05-07 16:04:57.080,2021-05-07 16:04:59.060,0.021,3,3,0.9711649,3.8181995e-05,0.0014910442,0.02730586,0.9711649
512,191,walking,2021-05-07 16:04:58.080,2021-05-07 16:05:00.059,0.021,3,3,0.93074465,5.633081e-05,0.0031928783,0.066006176,0.93074465
512,191,walking,2021-05-07 16:04:59.080,2021-05-07 16:05:01.059,0.021,3,3,0.92728645,6.0250775e-05,0.003400264,0.06925306,0.92728645
512,193,standing,2021-05-07 16:05:03.200,2021-05-07 16:05:05.180,0.021,2,2,0.8424597,0.0001499112,0.15538788,0.8424597,0.002002463
512,195,walking,2021-05-07 16:05:06.440,2021-05-07 16:05:08.420,0.021,3,3,0.99502975,1.103887e-05,0.00021801473,0.0047412636,0.99502975
512,195,walking,2021-05-07 16:05:07.440,2021-05-07 16:05:09.420,0.021,3,3,0.99801785,5.374419e-06,9.324692e-05,0.0018835946,0.99801785
512,195,walking,2021-05-07 16:05:08.440,2021-05-07 16:05:10.420,0.021,3,3,0.9997033,1.2024282e-06,1.1428129e-05,0.00028401325,0.9997033
512,195,walking,2021-05-07 16:05:09.440,2021-05-07 16:05:11.420,0.021,3,3,0.99941564,2.2625186e-06,2.6703348e-05,0.0005554615,0.99941564
512,195,walking,2021-05-07 16:05:10.440,2021-05-07 16:05:12.420,0.021,3,3,0.99912167,2.6769133e-06,3.977458e-05,0.0008358302,0.99912167
512,195,walking,2021-05-07 16:05:11.440,2021-05-07 16:05:13.420,0.021,3,3,0.9998319,8.8999076e-07,6.0949546e-06,0.00016108538,0.9998319
512,195,walking,2021-05-07 16:05:12.440,2021-05-07 16:05:14.420,0.021,3,3,0.9999108,5.723039e-07,2.907971e-06,8.566068e-05,0.9999108
512,195,walking,2021-05-07 16:05:13.440,2021-05-07 16:05:15.420,0.021,3,3,0.9978188,6.52046e-06,9.8401986e-05,0.0020762363,0.9978188
512,195,walking,2021-05-07 16:05:14.440,2021-05-07 16:05:16.420,0.021,3,3,0.99342525,1.4741464e-05,0.00038797903,0.006171992,0.99342525
512,195,walking,2021-05-07 16:05:15.440,2021-05-07 16:05:17.420,0.021,3,3,0.99767756,6.322665e-06,0.00010912106,0.0022069882,0.99767756
512,195,walking,2021-05-07 16:05:16.440,2021-05-07 16:05:18.420,0.021,3,3,0.99885076,2.2774238e-06,3.9463455e-05,0.0011075455,0.99885076
512,195,walking,2021-05-07 16:05:17.440,2021-05-07 16:05:19.420,0.021,3,3,0.99947995,1.6177844e-06,1.911237e-05,0.0004992831,0.99947995
512,195,walking,2021-05-07 16:05:18.440,2021-05-07 16:05:20.420,0.021,3,3,0.9948387,1.0528027e-05,0.00022633192,0.0049244165,0.9948387
512,195,walking,2021-05-07 16:05:19.440,2021-05-07 16:05:21.420,0.021,3,3,0.9938951,1.1535515e-05,0.0003118737,0.005781487,0.9938951
512,195,walking,2021-05-07 16:05:20.440,2021-05-07 16:05:22.420,0.021,3,3,0.9995179,1.5625734e-06,2.142857e-05,0.00045911045,0.9995179
512,195,walking,2021-05-07 16:05:21.440,2021-05-07 16:05:23.420,0.021,3,3,0.99757993,4.7901185e-06,0.0001090071,0.0023062911,0.99757993
512,195,walking,2021-05-07 16:05:22.440,2021-05-07 16:05:24.420,0.021,3,3,0.9767498,2.8033657e-05,0.0011396591,0.022082455,0.9767498
512,195,walking,2021-05-07 16:05:23.440,2021-05-07 16:05:25.420,0.021,3,3,0.9901528,1.6588698e-05,0.00044251277,0.009388154,0.9901528
512,195,walking,2021-05-07 16:05:24.440,2021-05-07 16:05:26.420,0.021,3,3,0.99828225,5.4052275e-06,7.498489e-05,0.0016374738,0.99828225
512,195,walking,2021-05-07 16:05:25.440,2021-05-07 16:05:27.420,0.021,3,3,0.99992007,4.3603893e-07,2.7812662e-06,7.659447e-05,0.99992007
512,195,walking,2021-05-07 16:05:26.440,2021-05-07 16:05:28.420,0.021,3,3,0.9994919,1.7530871e-06,2.0787804e-05,0.0004855166,0.9994919
512,195,walking,2021-05-07 16:05:27.440,2021-05-07 16:05:29.420,0.021,3,3,0.99132186,1.6819962e-05,0.00047509465,0.0081860805,0.99132186
512,195,walking,2021-05-07 16:05:28.440,2021-05-07 16:05:30.420,0.021,3,3,0.9877681,2.1098333e-05,0.0007165717,0.0114942575,0.9877681
512,195,walking,2021-05-07 16:05:29.440,2021-05-07 16:05:31.420,0.021,3,3,0.95894814,4.8700585e-05,0.0025114715,0.038491666,0.95894814
512,195,walking,2021-05-07 16:05:30.440,2021-05-07 16:05:32.419,0.021,3,3,0.968604,3.4707205e-05,0.0014968198,0.029864453,0.968604
512,195,walking,2021-05-07 16:05:31.440,2021-05-07 16:05:33.419,0.021,3,3,0.998959,3.3685612e-06,4.4642133e-05,0.0009930352,0.998959
512,195,walking,2021-05-07 16:05:32.439,2021-05-07 16:05:34.419,0.021,3,3,0.9996452,1.7356894e-06,1.4340348e-05,0.00033881134,0.9996452
512,195,walking,2021-05-07 16:05:33.439,2021-05-07 16:05:35.419,0.021,3,3,0.99614,9.132916e-06,0.00016073702,0.003690081,0.99614
512,197,walking,2021-05-07 16:05:37.080,2021-05-07 16:05:39.060,0.021,3,3,0.9965591,6.743824e-06,0.00011859309,0.0033155952,0.9965591
512,197,walking,2021-05-07 16:05:38.080,2021-05-07 16:05:40.060,0.021,3,3,0.999773,9.848334e-07,5.7872157e-06,0.0002203144,0.999773
512,197,walking,2021-05-07 16:05:39.080,2021-05-07 16:05:41.060,0.021,3,3,0.9999054,6.217209e-07,3.168324e-06,9.075695e-05,0.9999054
512,197,walking,2021-05-07 16:05:40.080,2021-05-07 16:05:42.060,0.021,3,3,0.9998543,5.237655e-07,4.718594e-06,0.00014041737,0.9998543
512,197,walking,2021-05-07 16:05:41.080,2021-05-07 16:05:43.060,0.021,3,3,0.99724907,6.281547e-06,0.00010252163,0.0026421344,0.99724907
512,197,walking,2021-05-07 16:05:42.080,2021-05-07 16:05:44.060,0.021,3,3,0.9983669,5.1491916e-06,6.4738786e-05,0.0015631865,0.9983669
512,197,walking,2021-05-07 16:05:43.080,2021-05-07 16:05:45.060,0.021,3,3,0.99488187,1.0697241e-05,0.00018211629,0.004925234,0.99488187
512,197,walking,2021-05-07 16:05:44.080,2021-05-07 16:05:46.060,0.021,3,3,0.9959999,5.7688508e-06,0.00012209309,0.0038722865,0.9959999
512,197,walking,2021-05-07 16:05:45.080,2021-05-07 16:05:47.060,0.021,3,3,0.99571586,8.0808995e-06,0.00013003325,0.0041460413,0.99571586
512,197,walking,2021-05-07 16:05:46.080,2021-05-07 16:05:48.060,0.021,3,3,0.9937717,1.718247e-05,0.00023599698,0.005975067,0.9937717
512,197,walking,2021-05-07 16:05:47.080,2021-05-07 16:05:49.060,0.021,3,3,0.9969999,9.431931e-06,0.00011834631,0.0028722235,0.9969999
512,197,walking,2021-05-07 16:05:48.080,2021-05-07 16:05:50.060,0.021,3,3,0.9992294,3.2804735e-06,2.520104e-05,0.00074203074,0.9992294
512,197,walking,2021-05-07 16:05:49.080,2021-05-07 16:05:51.060,0.021,3,3,0.99974537,1.1279869e-06,7.5564794e-06,0.00024590438,0.99974537
512,197,walking,2021-05-07 16:05:50.080,2021-05-07 16:05:52.060,0.021,3,3,0.99776226,8.5247575e-06,9.202297e-05,0.0021371825,0.99776226
512,197,walking,2021-05-07 16:05:51.080,2021-05-07 16:05:53.060,0.021,3,3,0.9970921,1.0006161e-05,0.00015296918,0.0027449178,0.9970921
512,197,walking,2021-05-07 16:05:52.080,2021-05-07 16:05:54.060,0.021,3,3,0.99735916,9.294746e-06,0.00011986699,0.0025116361,0.99735916
512,197,walking,2021-05-07 16:05:53.080,2021-05-07 16:05:55.060,0.021,3,3,0.99988836,9.2288025e-07,3.4401903e-06,0.000107146494,0.99988836
512,200,standing,2021-05-07 16:05:57.400,2021-05-07 16:05:59.380,0.021,2,2,0.88055634,0.00021479903,0.065373294,0.88055634,0.05385553
512,200,standing,2021-05-07 16:05:58.400,2021-05-07 16:06:00.380,0.021,2,2,0.8702303,0.00023907529,0.05664575,0.8702303,0.07288483
512,201,walking,2021-05-07 16:06:00.400,2021-05-07 16:06:02.380,0.021,3,3,0.9996862,1.9925071e-06,1.69314e-05,0.00029479718,0.9996862
512,201,walking,2021-05-07 16:06:01.400,2021-05-07 16:06:03.380,0.021,3,3,0.99987245,6.5203375e-07,5.3856234e-06,0.000121667224,0.99987245
512,201,walking,2021-05-07 16:06:02.400,2021-05-07 16:06:04.380,0.021,3,3,0.9976275,6.040742e-06,0.00012587929,0.0022405372,0.9976275
512,201,walking,2021-05-07 16:06:03.400,2021-05-07 16:06:05.380,0.021,3,3,0.9788794,2.986783e-05,0.0013119525,0.019778783,0.9788794
512,201,walking,2021-05-07 16:06:04.400,2021-05-07 16:06:06.380,0.021,3,3,0.97793746,2.7874774e-05,0.0011339945,0.020900656,0.97793746
512,201,walking,2021-05-07 16:06:05.400,2021-05-07 16:06:07.380,0.021,3,3,0.98178947,2.049751e-05,0.0007818163,0.017408218,0.98178947
512,201,walking,2021-05-07 16:06:06.400,2021-05-07 16:06:08.380,0.021,3,3,0.94960123,4.4972447e-05,0.0027591584,0.047594678,0.94960123
512,201,walking,2021-05-07 16:06:07.400,2021-05-07 16:06:09.380,0.021,3,3,0.9855432,2.183721e-05,0.0007424591,0.0136926165,0.9855432
512,201,walking,2021-05-07 16:06:08.399,2021-05-07 16:06:10.380,0.021,3,3,0.9975925,4.0345158e-06,9.392164e-05,0.002309494,0.9975925
512,201,walking,2021-05-07 16:06:09.399,2021-05-07 16:06:11.380,0.021,3,3,0.99492204,9.483797e-06,0.00026431974,0.0048041246,0.99492204
512,201,walking,2021-05-07 16:06:10.399,2021-05-07 16:06:12.380,0.021,3,3,0.99026436,1.4990586e-05,0.0004446856,0.009276051,0.99026436
512,201,walking,2021-05-07 16:06:11.399,2021-05-07 16:06:13.380,0.021,3,3,0.99736714,7.0926035e-06,0.0001327235,0.0024930562,0.99736714
512,201,walking,2021-05-07 16:06:12.399,2021-05-07 16:06:14.380,0.021,3,3,0.9974177,6.7754313e-06,0.000124303,0.0024512159,0.9974177
512,201,walking,2021-05-07 16:06:13.399,2021-05-07 16:06:15.380,0.021,3,3,0.93174833,5.9635295e-05,0.0039074086,0.06428462,0.93174833
512,201,walking,2021-05-07 16:06:14.399,2021-05-07 16:06:16.380,0.021,3,3,0.8752404,0.00010594055,0.0074313767,0.11722229,0.8752404
512,201,walking,2021-05-07 16:06:15.399,2021-05-07 16:06:17.380,0.021,3,3,0.9586295,3.9942875e-05,0.0024960097,0.038834587,0.9586295
512,201,walking,2021-05-07 16:06:16.399,2021-05-07 16:06:18.380,0.021,3,3,0.91059214,7.742775e-05,0.0053925435,0.083937876,0.91059214
512,201,walking,2021-05-07 16:06:17.399,2021-05-07 16:06:19.380,0.021,3,3,0.97682136,2.646835e-05,0.0010275639,0.022124618,0.97682136
512,201,walking,2021-05-07 16:06:18.399,2021-05-07 16:06:20.380,0.021,3,3,0.9647155,3.844985e-05,0.0017133111,0.033532716,0.9647155
512,201,walking,2021-05-07 16:06:19.399,2021-05-07 16:06:21.380,0.021,3,3,0.9858493,2.1464355e-05,0.0007162182,0.013412914,0.9858493
512,201,walking,2021-05-07 16:06:20.399,2021-05-07 16:06:22.380,0.021,3,3,0.96760994,4.2511805e-05,0.0018173745,0.03053016,0.96760994
512,201,walking,2021-05-07 16:06:21.399,2021-05-07 16:06:23.380,0.021,3,3,0.9980183,4.030472e-06,6.004639e-05,0.001917684,0.9980183
512,201,walking,2021-05-07 16:06:22.399,2021-05-07 16:06:24.380,0.021,3,3,0.9996192,1.4317775e-06,1.1731167e-05,0.0003676401,0.9996192
512,201,walking,2021-05-07 16:06:23.399,2021-05-07 16:06:25.380,0.021,3,3,0.9997544,1.3634547e-06,1.0176848e-05,0.00023396776,0.9997544
512,201,walking,2021-05-07 16:06:24.399,2021-05-07 16:06:26.380,0.021,3,3,0.9999984,3.976696e-08,3.791862e-08,1.4781413e-06,0.9999984
512,201,walking,2021-05-07 16:06:25.399,2021-05-07 16:06:27.380,0.021,3,3,0.99997956,2.950329e-07,5.9432097e-07,1.9509302e-05,0.99997956
512,201,walking,2021-05-07 16:06:26.399,2021-05-07 16:06:28.380,0.021,3,3,0.99927646,2.967033e-06,2.9534835e-05,0.00069105165,0.99927646
512,201,walking,2021-05-07 16:06:27.399,2021-05-07 16:06:29.380,0.021,3,3,0.99920124,2.2447339e-06,2.6436128e-05,0.0007699819,0.99920124
512,201,walking,2021-05-07 16:06:28.399,2021-05-07 16:06:30.380,0.021,3,3,0.98674375,1.6870892e-05,0.0004957251,0.012743663,0.98674375
512,201,walking,2021-05-07 16:06:29.399,2021-05-07 16:06:31.380,0.021,3,3,0.98034155,3.106966e-05,0.0009229309,0.01870448,0.98034155
512,201,walking,2021-05-07 16:06:30.399,2021-05-07 16:06:32.380,0.021,3,3,0.9909935,1.7283784e-05,0.00035008727,0.008639227,0.9909935
512,201,walking,2021-05-07 16:06:31.399,2021-05-07 16:06:33.380,0.021,3,3,0.9960748,6.373233e-06,0.00012387121,0.0037949004,0.9960748
512,201,walking,2021-05-07 16:06:32.400,2021-05-07 16:06:34.380,0.021,3,3,0.99591076,7.282066e-06,0.00014889719,0.0039331075,0.99591076
512,201,walking,2021-05-07 16:06:33.400,2021-05-07 16:06:35.380,0.021,3,3,0.99373025,1.1743821e-05,0.00024296973,0.006015122,0.99373025
512,201,walking,2021-05-07 16:06:34.400,2021-05-07 16:06:36.380,0.021,3,3,0.9996831,9.493563e-07,8.865366e-06,0.00030715647,0.9996831
512,201,walking,2021-05-07 16:06:35.400,2021-05-07 16:06:37.380,0.021,3,3,0.9994802,1.5695427e-06,1.4902503e-05,0.00050330017,0.9994802
512,201,walking,2021-05-07 16:06:36.400,2021-05-07 16:06:38.380,0.021,3,3,0.99663997,7.1684326e-06,0.00011910235,0.0032337033,0.99663997
512,201,walking,2021-05-07 16:06:37.400,2021-05-07 16:06:39.380,0.021,3,3,0.9993439,1.502644e-06,1.7775712e-05,0.0006367709,0.9993439
512,201,walking,2021-05-07 16:06:38.400,2021-05-07 16:06:40.380,0.021,3,3,0.9994004,1.3077032e-06,1.5617381e-05,0.0005827466,0.9994004
512,201,walking,2021-05-07 16:06:39.400,2021-05-07 16:06:41.380,0.021,3,3,0.99810755,5.081251e-06,6.144888e-05,0.001825891,0.99810755
512,201,walking,2021-05-07 16:06:40.400,2021-05-07 16:06:42.380,0.021,3,3,0.9978041,6.257543e-06,8.389429e-05,0.0021057578,0.9978041
512,201,walking,2021-05-07 16:06:41.400,2021-05-07 16:06:43.380,0.021,3,3,0.99985695,5.142465e-07,3.8011406e-06,0.00013888246,0.99985695
512,201,walking,2021-05-07 16:06:42.400,2021-05-07 16:06:44.380,0.021,3,3,0.99736047,5.5554865e-06,8.348546e-05,0.0025504401,0.99736047
512,201,walking,2021-05-07 16:06:43.400,2021-05-07 16:06:45.380,0.021,3,3,0.9975549,5.5612454e-06,8.96613e-05,0.0023498028,0.9975549
512,201,walking,2021-05-07 16:06:44.400,2021-05-07 16:06:46.380,0.021,3,3,0.99916565,2.4198434e-06,2.6449536e-05,0.000805536,0.99916565
512,201,walking,2021-05-07 16:06:45.400,2021-05-07 16:06:47.380,0.021,3,3,0.99972117,8.723872e-07,6.89288e-06,0.0002709602,0.99972117
512,201,walking,2021-05-07 16:06:46.400,2021-05-07 16:06:48.380,0.021,3,3,0.99916553,2.7023946e-06,2.4994792e-05,0.0008068133,0.99916553
512,201,walking,2021-05-07 16:06:47.400,2021-05-07 16:06:49.380,0.021,3,3,0.9979512,5.435863e-06,6.9999944e-05,0.001973397,0.9979512
512,201,walking,2021-05-07 16:06:48.400,2021-05-07 16:06:50.380,0.021,3,3,0.99991304,5.7626266e-07,2.5470922e-06,8.3811356e-05,0.99991304
512,201,walking,2021-05-07 16:06:49.400,2021-05-07 16:06:51.380,0.021,3,3,0.9993944,1.6572681e-06,2.055226e-05,0.00058342045,0.9993944
512,201,walking,2021-05-07 16:06:50.400,2021-05-07 16:06:52.380,0.021,3,3,0.99767375,5.053339e-06,7.7373326e-05,0.002243823,0.99767375
512,201,walking,2021-05-07 16:06:51.400,2021-05-07 16:06:53.380,0.021,3,3,0.9996416,1.4079268e-06,9.949882e-06,0.00034697747,0.9996416
512,201,walking,2021-05-07 16:06:52.400,2021-05-07 16:06:54.380,0.021,3,3,0.9948303,1.0854136e-05,0.00020777887,0.004951124,0.9948303
512,201,walking,2021-05-07 16:06:53.400,2021-05-07 16:06:55.380,0.021,3,3,0.9989083,2.5277257e-06,3.716755e-05,0.0010519814,0.9989083
512,201,walking,2021-05-07 16:06:54.400,2021-05-07 16:06:56.380,0.021,3,3,0.99790686,4.8387205e-06,7.9974125e-05,0.0020084174,0.99790686
512,201,walking,2021-05-07 16:06:55.400,2021-05-07 16:06:57.380,0.021,3,3,0.98244226,2.5183963e-05,0.0008257019,0.016706917,0.98244226
512,201,walking,2021-05-07 16:06:56.400,2021-05-07 16:06:58.380,0.021,3,3,0.99886066,3.7917873e-06,4.2463555e-05,0.0010931367,0.99886066
512,201,walking,2021-05-07 16:06:57.400,2021-05-07 16:06:59.380,0.021,3,3,0.9999221,3.6934082e-07,2.1148492e-06,7.536198e-05,0.9999221
512,201,walking,2021-05-07 16:06:58.400,2021-05-07 16:07:00.380,0.021,3,3,0.9858357,2.3902861e-05,0.00063627725,0.013504133,0.9858357
512,201,walking,2021-05-07 16:06:59.400,2021-05-07 16:07:01.380,0.021,3,3,0.9807996,2.4759764e-05,0.0007285167,0.018447004,0.9807996
512,201,walking,2021-05-07 16:07:00.400,2021-05-07 16:07:02.380,0.021,3,3,0.9965642,7.305269e-06,0.00011218764,0.003316327,0.9965642
512,201,walking,2021-05-07 16:07:01.400,2021-05-07 16:07:03.380,0.021,3,3,0.9996678,1.6895402e-06,9.584229e-06,0.0003209822,0.9996678
512,201,walking,2021-05-07 16:07:02.400,2021-05-07 16:07:04.380,0.021,3,3,0.9999326,3.0284414e-07,1.608917e-06,6.542432e-05,0.9999326
512,201,walking,2021-05-07 16:07:03.400,2021-05-07 16:07:05.380,0.021,3,3,0.99891615,3.2809435e-06,3.0439254e-05,0.0010501483,0.99891615
512,201,walking,2021-05-07 16:07:04.400,2021-05-07 16:07:06.380,0.021,3,3,0.9917491,1.5591359e-05,0.0002820761,0.007953189,0.9917491
512,201,walking,2021-05-07 16:07:05.400,2021-05-07 16:07:07.380,0.021,3,3,0.97262067,3.4493693e-05,0.0007897797,0.02655503,0.97262067
512,201,walking,2021-05-07 16:07:06.400,2021-05-07 16:07:08.380,0.021,3,3,0.8998056,0.0001011094,0.003275765,0.096817546,0.8998056
512,201,walking,2021-05-07 16:07:07.400,2021-05-07 16:07:09.380,0.021,3,3,0.99872696,3.0727326e-06,3.4408527e-05,0.0012355109,0.99872696
512,201,walking,2021-05-07 16:07:08.399,2021-05-07 16:07:10.380,0.021,3,3,0.99990636,3.395896e-07,1.5972453e-06,9.157472e-05,0.99990636
512,201,walking,2021-05-07 16:07:09.399,2021-05-07 16:07:11.380,0.021,3,3,0.9868698,2.1895568e-05,0.0005078718,0.012600542,0.9868698
512,201,walking,2021-05-07 16:07:10.399,2021-05-07 16:07:12.380,0.021,3,3,0.917873,7.246197e-05,0.004754092,0.07730045,0.917873
512,201,walking,2021-05-07 16:07:11.399,2021-05-07 16:07:13.380,0.021,3,3,0.96953285,4.105244e-05,0.0013846562,0.029041389,0.96953285
512,201,walking,2021-05-07 16:07:12.399,2021-05-07 16:07:14.380,0.021,3,3,0.9620786,4.31731e-05,0.0012929764,0.036585324,0.9620786
512,201,walking,2021-05-07 16:07:13.399,2021-05-07 16:07:15.380,0.021,3,3,0.97873324,2.0222164e-05,0.00080731016,0.020439202,0.97873324
512,201,walking,2021-05-07 16:07:14.399,2021-05-07 16:07:16.380,0.021,3,3,0.94440913,4.410176e-05,0.0021188708,0.05342782,0.94440913
512,201,walking,2021-05-07 16:07:15.399,2021-05-07 16:07:17.380,0.021,3,3,0.9226754,6.184514e-05,0.0035243307,0.0737385,0.9226754
512,201,walking,2021-05-07 16:07:16.399,2021-05-07 16:07:18.380,0.021,3,3,0.97143495,3.3843717e-05,0.0012865722,0.027244676,0.97143495
512,201,walking,2021-05-07 16:07:17.399,2021-05-07 16:07:19.380,0.021,3,3,0.95836574,4.443632e-05,0.0019098623,0.039679974,0.95836574
512,201,walking,2021-05-07 16:07:18.399,2021-05-07 16:07:20.380,0.021,3,3,0.9574676,4.602013e-05,0.001966494,0.04051975,0.9574676
512,201,walking,2021-05-07 16:07:19.399,2021-05-07 16:07:21.380,0.021,3,3,0.9992716,1.8003462e-06,2.0819289e-05,0.00070576445,0.9992716
512,201,walking,2021-05-07 16:07:20.399,2021-05-07 16:07:22.380,0.021,3,3,0.998762,4.0015066e-06,4.4798406e-05,0.0011891467,0.998762
512,201,walking,2021-05-07 16:07:21.399,2021-05-07 16:07:23.380,0.021,3,3,0.9951657,1.2226996e-05,0.00021174815,0.004610318,0.9951657
512,201,walking,2021-05-07 16:07:22.399,2021-05-07 16:07:24.380,0.021,3,3,0.9998823,6.2207846e-07,2.9419325e-06,0.000114118164,0.9998823
512,201,walking,2021-05-07 16:07:23.399,2021-05-07 16:07:25.380,0.021,3,3,0.99980545,1.0061575e-06,6.0868992e-06,0.0001874703,0.99980545
512,203,walking,2021-05-07 16:07:27.200,2021-05-07 16:07:29.180,0.021,3,3,0.93654263,6.340772e-05,0.002404151,0.060989793,0.93654263
512,203,walking,2021-05-07 16:07:28.200,2021-05-07 16:07:30.180,0.021,3,3,0.9678009,4.2242445e-05,0.0012584899,0.030898318,0.9678009
512,203,walking,2021-05-07 16:07:29.200,2021-05-07 16:07:31.180,0.021,3,3,0.999188,2.4567632e-06,2.129178e-05,0.00078824005,0.999188
512,206,standing,2021-05-07 16:07:32.639,2021-05-07 16:07:34.619,0.021,2,2,0.9062431,0.000134286,0.08983318,0.9062431,0.0037895031
512,206,standing,2021-05-07 16:07:33.639,2021-05-07 16:07:35.619,0.021,2,2,0.8965695,0.00013157807,0.10047721,0.8965695,0.002821703
512,206,standing,2021-05-07 16:07:34.639,2021-05-07 16:07:36.619,0.021,2,2,0.9069808,0.0001336438,0.088918865,0.9069808,0.0039667767
512,206,standing,2021-05-07 16:07:35.639,2021-05-07 16:07:37.619,0.021,2,2,0.913129,0.00011985146,0.08396705,0.913129,0.002784161
512,206,standing,2021-05-07 16:07:36.639,2021-05-07 16:07:38.619,0.021,2,2,0.9051078,0.00012285,0.09244065,0.9051078,0.0023286592
512,206,standing,2021-05-07 16:07:37.639,2021-05-07 16:07:39.619,0.021,2,2,0.8883737,0.00014017752,0.108845346,0.8883737,0.0026408976
512,206,standing,2021-05-07 16:07:38.639,2021-05-07 16:07:40.619,0.021,2,2,0.89089304,0.00014361118,0.105975226,0.89089304,0.0029881033
512,206,standing,2021-05-07 16:07:39.639,2021-05-07 16:07:41.619,0.021,2,2,0.8876096,0.00012772779,0.11015317,0.8876096,0.0021095085
512,206,standing,2021-05-07 16:07:40.639,2021-05-07 16:07:42.619,0.021,2,2,0.89242566,0.00012924105,0.10533784,0.89242566,0.0021073087
512,210,standing,2021-05-07 16:07:48.240,2021-05-07 16:07:50.220,0.021,2,2,0.8581239,0.00018160626,0.13600634,0.8581239,0.0056882226
512,210,standing,2021-05-07 16:07:49.240,2021-05-07 16:07:51.220,0.021,2,2,0.8024722,0.0001342146,0.19628403,0.8024722,0.0011095876
512,210,standing,2021-05-07 16:07:50.240,2021-05-07 16:07:52.220,0.021,2,2,0.8140846,0.00014794205,0.1843221,0.8140846,0.0014453841
512,210,standing,2021-05-07 16:07:51.240,2021-05-07 16:07:53.220,0.021,2,2,0.8179081,0.00014100157,0.180568,0.8179081,0.0013828971
512,210,standing,2021-05-07 16:07:52.240,2021-05-07 16:07:54.220,0.021,2,2,0.78099763,0.0001258432,0.21815427,0.78099763,0.00072219135
512,210,standing,2021-05-07 16:07:53.240,2021-05-07 16:07:55.220,0.021,2,2,0.8050059,0.00014209664,0.19356939,0.8050059,0.0012825242
512,210,standing,2021-05-07 16:07:54.240,2021-05-07 16:07:56.220,0.021,2,2,0.82965356,0.00016032365,0.1677726,0.82965356,0.0024135776
512,210,standing,2021-05-07 16:07:55.240,2021-05-07 16:07:57.220,0.021,2,2,0.8152022,0.00015522547,0.18279576,0.8152022,0.0018468231
512,210,standing,2021-05-07 16:07:56.240,2021-05-07 16:07:58.220,0.021,2,2,0.850444,0.00019635615,0.13870794,0.850444,0.010651663
512,210,standing,2021-05-07 16:07:57.240,2021-05-07 16:07:59.220,0.021,2,2,0.8123333,0.00028049733,0.1264257,0.8123333,0.060960595
512,210,standing,2021-05-07 16:07:58.240,2021-05-07 16:08:00.220,0.021,2,2,0.8326859,0.00021327613,0.15565827,0.8326859,0.011442543
512,210,standing,2021-05-07 16:07:59.240,2021-05-07 16:08:01.220,0.021,2,2,0.8211388,0.00015500099,0.17644066,0.8211388,0.002265513
512,210,standing,2021-05-07 16:08:00.240,2021-05-07 16:08:02.220,0.021,2,2,0.8018851,0.00014471145,0.1967714,0.8018851,0.0011986977
512,210,standing,2021-05-07 16:08:01.240,2021-05-07 16:08:03.220,0.021,2,2,0.8182219,0.00014702327,0.17987554,0.8182219,0.0017554119
512,210,standing,2021-05-07 16:08:02.240,2021-05-07 16:08:04.220,0.021,2,2,0.82417405,0.000154646,0.17343205,0.82417405,0.0022393258
512,212,standing,2021-05-07 16:08:06.680,2021-05-07 16:08:08.659,0.021,2,2,0.85711,0.0002059717,0.1315392,0.85711,0.011144774
512,212,standing,2021-05-07 16:08:07.680,2021-05-07 16:08:09.659,0.021,2,2,0.8326285,0.0001539141,0.16494918,0.8326285,0.0022684475
512,212,standing,2021-05-07 16:08:08.680,2021-05-07 16:08:10.659,0.021,2,2,0.8346752,0.00012979376,0.16403738,0.8346752,0.0011576271
512,212,standing,2021-05-07 16:08:09.680,2021-05-07 16:08:11.659,0.021,2,2,0.8438551,0.00012224227,0.15493378,0.8438551,0.0010888318
512,212,standing,2021-05-07 16:08:10.680,2021-05-07 16:08:12.659,0.021,2,2,0.87350553,0.000106431544,0.12536639,0.87350553,0.0010216605
512,212,standing,2021-05-07 16:08:11.680,2021-05-07 16:08:13.659,0.021,2,2,0.87584716,0.000101993406,0.12311516,0.87584716,0.00093566213
512,212,standing,2021-05-07 16:08:12.680,2021-05-07 16:08:14.659,0.021,2,2,0.86873674,0.00011210437,0.12993321,0.86873674,0.0012180326
512,212,standing,2021-05-07 16:08:13.680,2021-05-07 16:08:15.659,0.021,2,2,0.89098686,0.00011190387,0.106741935,0.89098686,0.002159308
512,215,walking,2021-05-07 16:08:16.760,2021-05-07 16:08:18.739,0.021,3,3,0.98135877,4.3074222e-05,0.0011680432,0.017430095,0.98135877
512,215,walking,2021-05-07 16:08:17.760,2021-05-07 16:08:19.739,0.021,3,3,0.97201896,5.362467e-05,0.0023875658,0.025539873,0.97201896
512,215,walking,2021-05-07 16:08:18.760,2021-05-07 16:08:20.739,0.021,3,3,0.92343134,6.94517e-05,0.0046166917,0.071882516,0.92343134
512,215,walking,2021-05-07 16:08:19.760,2021-05-07 16:08:21.739,0.021,3,2,0.8521699,0.00029528313,0.06918863,0.8521699,0.07834618
512,215,walking,2021-05-07 16:08:20.760,2021-05-07 16:08:22.739,0.021,3,3,0.9352627,5.3555603e-05,0.0032411667,0.061442517,0.9352627
512,215,walking,2021-05-07 16:08:21.760,2021-05-07 16:08:23.739,0.021,3,3,0.9508217,4.2272524e-05,0.0024255342,0.046710383,0.9508217
512,215,walking,2021-05-07 16:08:22.760,2021-05-07 16:08:24.739,0.021,3,3,0.99296963,1.4179554e-05,0.00031529073,0.006700976,0.99296963
512,215,walking,2021-05-07 16:08:23.760,2021-05-07 16:08:25.739,0.021,3,3,0.99672645,8.48143e-06,0.00012599092,0.0031389466,0.99672645
512,215,walking,2021-05-07 16:08:24.760,2021-05-07 16:08:26.739,0.021,3,3,0.97120064,3.297286e-05,0.0013927537,0.027373549,0.97120064
512,215,walking,2021-05-07 16:08:25.760,2021-05-07 16:08:27.739,0.021,3,3,0.9994056,1.6239087e-06,1.9374469e-05,0.0005734324,0.9994056
512,215,walking,2021-05-07 16:08:26.760,2021-05-07 16:08:28.739,0.021,3,3,0.99954295,2.012609e-06,1.3069441e-05,0.00044195072,0.99954295
512,215,walking,2021-05-07 16:08:27.760,2021-05-07 16:08:29.739,0.021,3,3,0.9977487,6.8060494e-06,8.733605e-05,0.002157147,0.9977487
512,215,walking,2021-05-07 16:08:28.760,2021-05-07 16:08:30.739,0.021,3,3,0.99719214,6.372854e-06,9.9722725e-05,0.0027017156,0.99719214
512,215,walking,2021-05-07 16:08:29.760,2021-05-07 16:08:31.739,0.021,3,3,0.99689794,5.285421e-06,0.00010936185,0.00298732,0.99689794
512,215,walking,2021-05-07 16:08:30.760,2021-05-07 16:08:32.740,0.021,3,3,0.985734,1.990849e-05,0.00062575156,0.0136204,0.985734
512,215,walking,2021-05-07 16:08:31.760,2021-05-07 16:08:33.740,0.021,3,3,0.85022175,9.661435e-05,0.0067238067,0.14295779,0.85022175
512,215,walking,2021-05-07 16:08:32.759,2021-05-07 16:08:34.740,0.021,3,3,0.9724382,3.282763e-05,0.0013463929,0.026182605,0.9724382
512,215,walking,2021-05-07 16:08:33.759,2021-05-07 16:08:35.740,0.021,3,3,0.9971151,7.3908836e-06,0.00012484887,0.0027526752,0.9971151
512,215,walking,2021-05-07 16:08:34.759,2021-05-07 16:08:36.740,0.021,3,3,0.99950737,1.7135228e-06,1.6873764e-05,0.00047392768,0.99950737
512,215,walking,2021-05-07 16:08:35.759,2021-05-07 16:08:37.740,0.021,3,3,0.9994969,1.4954068e-06,1.559967e-05,0.00048594773,0.9994969
512,215,walking,2021-05-07 16:08:36.759,2021-05-07 16:08:38.740,0.021,3,3,0.99271154,1.2227193e-05,0.00024341888,0.007032846,0.99271154
512,215,walking,2021-05-07 16:08:37.759,2021-05-07 16:08:39.740,0.021,3,3,0.99942386,1.5880742e-06,2.1053207e-05,0.0005535,0.99942386
512,215,walking,2021-05-07 16:08:38.759,2021-05-07 16:08:40.740,0.021,3,3,0.9998799,6.2501397e-07,4.3124523e-06,0.00011509139,0.9998799
512,215,walking,2021-05-07 16:08:39.759,2021-05-07 16:08:41.740,0.021,3,3,0.99980927,9.4045805e-07,5.96688e-06,0.00018379539,0.99980927
512,215,walking,2021-05-07 16:08:40.759,2021-05-07 16:08:42.740,0.021,3,3,0.9996409,1.5316799e-06,1.36922645e-05,0.0003437893,0.9996409
512,215,walking,2021-05-07 16:08:41.759,2021-05-07 16:08:43.740,0.021,3,3,0.99478596,1.126628e-05,0.00027152096,0.004931305,0.99478596
512,215,walking,2021-05-07 16:08:42.759,2021-05-07 16:08:44.740,0.021,3,3,0.99984837,6.4009936e-07,5.0957574e-06,0.00014594704,0.99984837
512,215,walking,2021-05-07 16:08:43.759,2021-05-07 16:08:45.740,0.021,3,3,0.99999696,4.5229193e-08,6.9643754e-08,2.861889e-06,0.99999696
512,215,walking,2021-05-07 16:08:44.759,2021-05-07 16:08:46.740,0.021,3,3,0.9998076,8.830366e-07,5.4889497e-06,0.00018605562,0.9998076
512,215,walking,2021-05-07 16:08:45.759,2021-05-07 16:08:47.740,0.021,3,3,0.99980617,7.7333686e-07,5.2627797e-06,0.00018785827,0.99980617
512,215,walking,2021-05-07 16:08:46.759,2021-05-07 16:08:48.740,0.021,3,3,0.9999164,4.3097458e-07,2.398823e-06,8.07348e-05,0.9999164
512,215,walking,2021-05-07 16:08:47.759,2021-05-07 16:08:49.740,0.021,3,3,0.9969425,7.1027603e-06,0.00013905382,0.0029112026,0.9969425
512,215,walking,2021-05-07 16:08:48.759,2021-05-07 16:08:50.740,0.021,3,3,0.9876791,2.221353e-05,0.0007285676,0.011570034,0.9876791
512,215,walking,2021-05-07 16:08:49.759,2021-05-07 16:08:51.740,0.021,3,3,0.9956825,1.0280938e-05,0.00019302322,0.004114231,0.9956825
512,215,walking,2021-05-07 16:08:50.759,2021-05-07 16:08:52.740,0.021,3,3,0.99993366,3.4328656e-07,1.782858e-06,6.409989e-05,0.99993366
512,215,walking,2021-05-07 16:08:51.759,2021-05-07 16:08:53.740,0.021,3,3,0.999639,1.075503e-06,1.094433e-05,0.00034892772,0.999639
512,215,walking,2021-05-07 16:08:52.759,2021-05-07 16:08:54.740,0.021,3,3,0.99146515,1.2770651e-05,0.0003400436,0.008182006,0.99146515
512,215,walking,2021-05-07 16:08:53.759,2021-05-07 16:08:55.740,0.021,3,3,0.9787511,2.5302308e-05,0.0009550813,0.020268505,0.9787511
512,215,walking,2021-05-07 16:08:54.759,2021-05-07 16:08:56.740,0.021,3,3,0.9864055,1.924756e-05,0.0005960726,0.012979107,0.9864055
512,215,walking,2021-05-07 16:08:55.759,2021-05-07 16:08:57.740,0.021,3,3,0.99967355,1.0074053e-06,1.0577255e-05,0.00031499905,0.99967355
512,215,walking,2021-05-07 16:08:56.759,2021-05-07 16:08:58.740,0.021,3,3,0.9997517,9.487373e-07,7.346506e-06,0.0002399279,0.9997517
512,215,walking,2021-05-07 16:08:57.759,2021-05-07 16:08:59.740,0.021,3,3,0.99701566,6.0001767e-06,0.000101357036,0.0028770582,0.99701566
512,215,walking,2021-05-07 16:08:58.759,2021-05-07 16:09:00.740,0.021,3,3,0.9998541,6.306974e-07,4.6945656e-06,0.00014061635,0.9998541
512,215,walking,2021-05-07 16:08:59.759,2021-05-07 16:09:01.740,0.021,3,3,0.99993616,4.9454513e-07,2.2810382e-06,6.09582e-05,0.99993616
512,215,walking,2021-05-07 16:09:00.760,2021-05-07 16:09:02.740,0.021,3,3,0.9961107,1.0673501e-05,0.00016193994,0.0037167096,0.9961107
512,215,walking,2021-05-07 16:09:01.760,2021-05-07 16:09:03.740,0.021,3,3,0.9999624,1.6757326e-07,9.366714e-07,3.64342e-05,0.9999624
512,215,walking,2021-05-07 16:09:02.760,2021-05-07 16:09:04.739,0.021,3,3,0.9996063,1.391025e-06,1.2765e-05,0.00037941878,0.9996063
512,215,walking,2021-05-07 16:09:03.760,2021-05-07 16:09:05.739,0.021,3,3,0.9993614,2.3249388e-06,1.940912e-05,0.0006168726,0.9993614
512,215,walking,2021-05-07 16:09:04.760,2021-05-07 16:09:06.739,0.021,3,3,0.9999531,2.3571796e-07,1.0680409e-06,4.558235e-05,0.9999531
512,215,walking,2021-05-07 16:09:05.760,2021-05-07 16:09:07.739,0.021,3,3,0.998872,2.692231e-06,3.6920672e-05,0.0010883817,0.998872
512,215,walking,2021-05-07 16:09:06.760,2021-05-07 16:09:08.739,0.021,3,3,0.98861635,1.879702e-05,0.0005270239,0.010837886,0.98861635
512,215,walking,2021-05-07 16:09:07.760,2021-05-07 16:09:09.739,0.021,3,3,0.99869865,3.6014176e-06,4.721537e-05,0.0012505812,0.99869865
512,215,walking,2021-05-07 16:09:08.760,2021-05-07 16:09:10.739,0.021,3,3,0.9994876,1.2931652e-06,1.7155617e-05,0.00049405015,0.9994876
512,215,walking,2021-05-07 16:09:09.760,2021-05-07 16:09:11.739,0.021,3,3,0.99712646,6.6332886e-06,0.000103828905,0.0027630602,0.99712646
512,215,walking,2021-05-07 16:09:10.760,2021-05-07 16:09:12.739,0.021,3,3,0.9985068,4.5473926e-06,5.994169e-05,0.0014287808,0.9985068
512,215,walking,2021-05-07 16:09:11.760,2021-05-07 16:09:13.739,0.021,3,3,0.9994578,1.5367773e-06,2.3307057e-05,0.0005174374,0.9994578
512,215,walking,2021-05-07 16:09:12.760,2021-05-07 16:09:14.739,0.021,3,3,0.9998455,6.721427e-07,5.4697443e-06,0.00014844512,0.9998455
512,215,walking,2021-05-07 16:09:13.760,2021-05-07 16:09:15.739,0.021,3,3,0.99949497,2.7496765e-06,2.3872628e-05,0.00047833283,0.99949497
512,215,walking,2021-05-07 16:09:14.760,2021-05-07 16:09:16.739,0.021,3,3,0.99972475,1.2652234e-06,9.389658e-06,0.00026450196,0.99972475
512,215,walking,2021-05-07 16:09:15.760,2021-05-07 16:09:17.739,0.021,3,3,0.99994177,2.2665729e-07,1.2372632e-06,5.6735247e-05,0.99994177
512,215,walking,2021-05-07 16:09:16.760,2021-05-07 16:09:18.739,0.021,3,3,0.99941945,1.8544035e-06,1.6273163e-05,0.00056241336,0.99941945
512,215,walking,2021-05-07 16:09:17.760,2021-05-07 16:09:19.739,0.021,3,3,0.99046046,1.5118185e-05,0.00042569646,0.009098676,0.99046046
512,215,walking,2021-05-07 16:09:18.760,2021-05-07 16:09:20.739,0.021,3,3,0.84466946,0.00011665333,0.0086831385,0.14653076,0.84466946
512,215,walking,2021-05-07 16:09:19.760,2021-05-07 16:09:21.739,0.021,3,3,0.9673638,3.9754173e-05,0.001337369,0.03125915,0.9673638
512,215,walking,2021-05-07 16:09:20.760,2021-05-07 16:09:22.739,0.021,3,3,0.9999202,3.201305e-07,1.8417337e-06,7.75434e-05,0.9999202
512,215,walking,2021-05-07 16:09:21.760,2021-05-07 16:09:23.739,0.021,3,3,0.99649066,7.035443e-06,0.0001262424,0.0033760904,0.99649066
512,215,walking,2021-05-07 16:09:22.760,2021-05-07 16:09:24.739,0.021,3,3,0.995899,8.589046e-06,0.00017461977,0.0039176997,0.995899
512,215,walking,2021-05-07 16:09:23.760,2021-05-07 16:09:25.739,0.021,3,3,0.9993157,3.2593045e-06,3.571971e-05,0.000645458,0.9993157
512,215,walking,2021-05-07 16:09:24.760,2021-05-07 16:09:26.739,0.021,3,3,0.9993818,2.3063255e-06,3.1248048e-05,0.0005846754,0.9993818
512,215,walking,2021-05-07 16:09:25.760,2021-05-07 16:09:27.739,0.021,3,3,0.9999152,5.504363e-07,2.916104e-06,8.133688e-05,0.9999152
512,215,walking,2021-05-07 16:09:26.760,2021-05-07 16:09:28.739,0.021,3,3,0.99994975,6.372272e-07,1.8594493e-06,4.769176e-05,0.99994975
512,215,walking,2021-05-07 16:09:27.760,2021-05-07 16:09:29.739,0.021,3,3,0.9999351,2.7489978e-07,2.01487e-06,6.2552135e-05,0.9999351
512,215,walking,2021-05-07 16:09:28.760,2021-05-07 16:09:30.739,0.021,3,3,0.992226,1.5605714e-05,0.00042286166,0.0073354803,0.992226
512,215,walking,2021-05-07 16:09:29.760,2021-05-07 16:09:31.739,0.021,3,3,0.9907432,1.9743069e-05,0.00051114,0.008725869,0.9907432
512,215,walking,2021-05-07 16:09:30.760,2021-05-07 16:09:32.740,0.021,3,3,0.9972329,7.4906097e-06,0.000101396145,0.0026582733,0.9972329
512,215,walking,2021-05-07 16:09:31.760,2021-05-07 16:09:33.740,0.021,3,3,0.99982476,6.491171e-07,4.985245e-06,0.00016966103,0.99982476
512,215,walking,2021-05-07 16:09:32.759,2021-05-07 16:09:34.740,0.021,3,3,0.9981435,4.5765737e-06,8.386786e-05,0.0017680867,0.9981435
512,217,standing,2021-05-07 16:09:36.240,2021-05-07 16:09:38.220,0.021,2,2,0.9236935,0.00016017735,0.06358519,0.9236935,0.012561146
512,217,standing,2021-05-07 16:09:37.240,2021-05-07 16:09:39.220,0.021,2,2,0.92151177,0.00014670669,0.0675517,0.92151177,0.010789881
512,219,standing,2021-05-07 16:09:42.080,2021-05-07 16:09:44.060,0.021,2,2,0.8274946,0.00013866492,0.17106067,0.8274946,0.0013059183
512,219,standing,2021-05-07 16:09:43.080,2021-05-07 16:09:45.060,0.021,2,2,0.829753,0.00012518634,0.16895813,0.829753,0.0011636724
512,219,standing,2021-05-07 16:09:44.080,2021-05-07 16:09:46.060,0.021,2,2,0.8411702,0.000129779,0.15718384,0.8411702,0.0015163099
512,219,standing,2021-05-07 16:09:45.080,2021-05-07 16:09:47.060,0.021,2,2,0.8523308,0.00015600951,0.14428894,0.8523308,0.0032241163
512,219,standing,2021-05-07 16:09:46.080,2021-05-07 16:09:48.060,0.021,2,2,0.85094416,0.00012174713,0.14768861,0.85094416,0.0012455889
512,219,standing,2021-05-07 16:09:47.080,2021-05-07 16:09:49.060,0.021,2,2,0.8252213,0.000118320044,0.17365627,0.8252213,0.00100423
512,219,standing,2021-05-07 16:09:48.080,2021-05-07 16:09:50.060,0.021,2,2,0.8662958,0.00014393835,0.13039108,0.8662958,0.003169316
512,219,standing,2021-05-07 16:09:49.080,2021-05-07 16:09:51.060,0.021,2,2,0.895167,0.00017756213,0.09314933,0.895167,0.011506076
512,219,standing,2021-05-07 16:09:50.080,2021-05-07 16:09:52.060,0.021,2,2,0.8722184,0.00012747882,0.12591997,0.8722184,0.0017340897
512,219,standing,2021-05-07 16:09:51.080,2021-05-07 16:09:53.060,0.021,2,2,0.8669442,0.00013028255,0.13107592,0.8669442,0.0018495248
512,219,standing,2021-05-07 16:09:52.080,2021-05-07 16:09:54.060,0.021,2,2,0.89437836,0.00011587567,0.10368336,0.89437836,0.0018223884
512,219,standing,2021-05-07 16:09:53.080,2021-05-07 16:09:55.060,0.021,2,2,0.8863484,0.00011360594,0.11220587,0.8863484,0.0013320647
512,219,standing,2021-05-07 16:09:54.080,2021-05-07 16:09:56.060,0.021,2,2,0.88974357,0.000108258595,0.108956285,0.88974357,0.0011919102
512,219,standing,2021-05-07 16:09:55.080,2021-05-07 16:09:57.060,0.021,2,2,0.90043914,0.00011104993,0.097729765,0.90043914,0.0017199249
512,221,standing,2021-05-07 16:09:59.680,2021-05-07 16:10:01.660,0.021,2,2,0.9112258,0.00012974394,0.08451145,0.9112258,0.0041330513
512,221,standing,2021-05-07 16:10:00.680,2021-05-07 16:10:02.660,0.021,2,2,0.8899113,0.00012465855,0.107744604,0.8899113,0.002219533
512,221,standing,2021-05-07 16:10:01.680,2021-05-07 16:10:03.660,0.021,2,2,0.8958869,0.00017244248,0.09277347,0.8958869,0.011167204
512,221,standing,2021-05-07 16:10:02.680,2021-05-07 16:10:04.659,0.021,2,2,0.908887,0.00014707485,0.08458974,0.908887,0.0063761994
512,223,standing,2021-05-07 16:10:05.720,2021-05-07 16:10:07.699,0.021,2,2,0.8291184,0.0001386297,0.16925228,0.8291184,0.0014907252
512,223,standing,2021-05-07 16:10:06.720,2021-05-07 16:10:08.699,0.021,2,2,0.8246386,0.00014254157,0.17374615,0.8246386,0.0014727181
512,223,standing,2021-05-07 16:10:07.720,2021-05-07 16:10:09.699,0.021,2,2,0.8432929,0.000130458,0.15524963,0.8432929,0.0013271116
512,223,standing,2021-05-07 16:10:08.720,2021-05-07 16:10:10.699,0.021,2,2,0.85112655,0.000119953685,0.14777535,0.85112655,0.0009780797
512,227,standing,2021-05-07 16:10:12.960,2021-05-07 16:10:14.940,0.021,2,2,0.9061316,8.787538e-05,0.09292841,0.9061316,0.0008521143
512,227,standing,2021-05-07 16:10:13.960,2021-05-07 16:10:15.940,0.021,2,2,0.90095747,8.6991306e-05,0.09816247,0.90095747,0.0007930637
512,227,standing,2021-05-07 16:10:14.960,2021-05-07 16:10:16.940,0.021,2,2,0.86269206,0.00011106719,0.13606247,0.86269206,0.0011344778
512,227,standing,2021-05-07 16:10:15.960,2021-05-07 16:10:17.940,0.021,2,2,0.83282125,0.00015051535,0.16478546,0.83282125,0.0022427086
512,227,standing,2021-05-07 16:10:16.959,2021-05-07 16:10:18.940,0.021,2,2,0.8339552,0.00014666494,0.16374587,0.8339552,0.002152245
512,229,standing,2021-05-07 16:10:19.600,2021-05-07 16:10:21.579,0.021,2,2,0.8845624,0.00015537319,0.111028835,0.8845624,0.0042534475
512,229,standing,2021-05-07 16:10:20.600,2021-05-07 16:10:22.579,0.021,2,2,0.87662643,0.00012755836,0.12130676,0.87662643,0.0019392788
512,229,standing,2021-05-07 16:10:21.600,2021-05-07 16:10:23.579,0.021,2,2,0.8525525,0.0001114877,0.14633098,0.8525525,0.0010049207
512,229,standing,2021-05-07 16:10:22.600,2021-05-07 16:10:24.579,0.021,2,2,0.8547356,0.00014334371,0.14286532,0.8547356,0.0022556682
512,229,standing,2021-05-07 16:10:23.600,2021-05-07 16:10:25.579,0.021,2,2,0.8587964,0.00015512815,0.13817565,0.8587964,0.0028728982
512,229,standing,2021-05-07 16:10:24.600,2021-05-07 16:10:26.579,0.021,2,2,0.8669135,0.00016204448,0.12870987,0.8669135,0.0042145317
512,229,standing,2021-05-07 16:10:25.600,2021-05-07 16:10:27.579,0.021,2,2,0.87176764,0.00014928138,0.124982975,0.87176764,0.003100026
512,229,standing,2021-05-07 16:10:26.600,2021-05-07 16:10:28.579,0.021,2,2,0.8580832,0.00013035953,0.1402974,0.8580832,0.0014889615
512,229,standing,2021-05-07 16:10:27.600,2021-05-07 16:10:29.579,0.021,2,2,0.84185606,0.00012958245,0.15675187,0.84185606,0.0012623933
512,233,standing,2021-05-07 16:10:33.279,2021-05-07 16:10:35.259,0.021,2,2,0.8490987,0.0001280004,0.14923197,0.8490987,0.0015413074
512,233,standing,2021-05-07 16:10:34.279,2021-05-07 16:10:36.259,0.021,2,2,0.8429166,0.0001245422,0.15578592,0.8429166,0.0011729833
512,233,standing,2021-05-07 16:10:35.279,2021-05-07 16:10:37.259,0.021,2,2,0.84581304,0.00012776206,0.15275908,0.84581304,0.001300123
512,233,standing,2021-05-07 16:10:36.279,2021-05-07 16:10:38.259,0.021,2,2,0.8680976,0.00012384033,0.13024299,0.8680976,0.0015355205
512,233,standing,2021-05-07 16:10:37.279,2021-05-07 16:10:39.259,0.021,2,2,0.87459344,0.0001282192,0.12365236,0.87459344,0.0016259789
512,233,standing,2021-05-07 16:10:38.279,2021-05-07 16:10:40.259,0.021,2,2,0.8758327,0.00013910973,0.121859044,0.8758327,0.0021691676
512,235,standing,2021-05-07 16:10:42.680,2021-05-07 16:10:44.659,0.021,2,2,0.8836648,0.00013458366,0.11317541,0.8836648,0.0030252158
512,237,standing,2021-05-07 16:10:45.119,2021-05-07 16:10:47.099,0.021,2,2,0.91263866,0.00013206662,0.08288654,0.91263866,0.0043426775
512,237,standing,2021-05-07 16:10:46.119,2021-05-07 16:10:48.099,0.021,2,2,0.9020147,0.00012134194,0.095063284,0.9020147,0.0028007994
512,237,standing,2021-05-07 16:10:47.119,2021-05-07 16:10:49.099,0.021,2,2,0.89160407,0.00013050939,0.105695516,0.89160407,0.0025699092
512,237,standing,2021-05-07 16:10:48.119,2021-05-07 16:10:50.099,0.021,2,2,0.88953674,0.0001314705,0.108049884,0.88953674,0.0022817834
512,237,standing,2021-05-07 16:10:49.119,2021-05-07 16:10:51.099,0.021,2,2,0.8635713,0.00012970294,0.13478537,0.8635713,0.0015134886
512,237,standing,2021-05-07 16:10:50.119,2021-05-07 16:10:52.099,0.021,2,2,0.8383087,0.00012702124,0.16054149,0.8383087,0.0010227826
512,237,standing,2021-05-07 16:10:51.119,2021-05-07 16:10:53.099,0.021,2,2,0.80876374,0.00012131837,0.19034567,0.80876374,0.0007691902
512,237,standing,2021-05-07 16:10:52.119,2021-05-07 16:10:54.099,0.021,2,2,0.7891769,0.00013318077,0.20983502,0.7891769,0.000854947
512,237,standing,2021-05-07 16:10:53.119,2021-05-07 16:10:55.099,0.021,2,2,0.80285805,0.00012678665,0.19631025,0.80285805,0.0007049008
512,237,standing,2021-05-07 16:10:54.119,2021-05-07 16:10:56.099,0.021,2,2,0.82029676,0.00011681337,0.17895173,0.82029676,0.00063471973
512,237,standing,2021-05-07 16:10:55.119,2021-05-07 16:10:57.099,0.021,2,2,0.8615946,0.00012168196,0.13718326,0.8615946,0.0011004949
512,237,standing,2021-05-07 16:10:56.119,2021-05-07 16:10:58.099,0.021,2,2,0.87991136,0.00013543855,0.11697177,0.87991136,0.0029813892
512,239,standing,2021-05-07 16:10:59.959,2021-05-07 16:11:01.940,0.021,2,2,0.8597925,0.00014469595,0.13748108,0.8597925,0.0025818015
512,239,standing,2021-05-07 16:11:00.960,2021-05-07 16:11:02.940,0.021,2,2,0.8609409,0.0001182346,0.13775264,0.8609409,0.0011882904
512,239,standing,2021-05-07 16:11:01.960,2021-05-07 16:11:03.940,0.021,2,2,0.8526425,0.00014071968,0.14542753,0.8526425,0.0017890877
512,239,standing,2021-05-07 16:11:02.960,2021-05-07 16:11:04.940,0.021,2,2,0.8514217,0.00014146548,0.14651735,0.8514217,0.0019194294
512,239,standing,2021-05-07 16:11:03.960,2021-05-07 16:11:05.940,0.021,2,2,0.86242646,0.00014989047,0.13453886,0.86242646,0.0028847884
512,239,standing,2021-05-07 16:11:04.960,2021-05-07 16:11:06.940,0.021,2,2,0.83867985,0.00013302907,0.15959735,0.83867985,0.0015899045
512,239,standing,2021-05-07 16:11:05.960,2021-05-07 16:11:07.940,0.021,2,2,0.8108173,0.00012893895,0.18799064,0.8108173,0.0010631288
512,241,standing,2021-05-07 16:11:08.359,2021-05-07 16:11:10.340,0.021,2,2,0.78131145,0.00014100914,0.2173698,0.78131145,0.001177776
512,241,standing,2021-05-07 16:11:09.359,2021-05-07 16:11:11.340,0.021,2,2,0.753391,0.00014436462,0.24556014,0.753391,0.0009044495
512,241,standing,2021-05-07 16:11:10.359,2021-05-07 16:11:12.340,0.021,2,2,0.75637645,0.00014448774,0.24262127,0.75637645,0.00085784105
512,241,standing,2021-05-07 16:11:11.359,2021-05-07 16:11:13.340,0.021,2,2,0.7922726,0.00013258758,0.20673688,0.7922726,0.0008579881
512,241,standing,2021-05-07 16:11:12.359,2021-05-07 16:11:14.340,0.021,2,2,0.82576084,0.00012583306,0.17308508,0.82576084,0.0010281621
512,241,standing,2021-05-07 16:11:13.359,2021-05-07 16:11:15.340,0.021,2,2,0.79812443,0.00013918486,0.20068648,0.79812443,0.0010499435
512,241,standing,2021-05-07 16:11:14.359,2021-05-07 16:11:16.340,0.021,2,2,0.76825076,0.00013960782,0.23071258,0.76825076,0.0008971236
512,241,standing,2021-05-07 16:11:15.359,2021-05-07 16:11:17.340,0.021,2,2,0.79136735,0.00013184077,0.20763114,0.79136735,0.0008695498
512,241,standing,2021-05-07 16:11:16.360,2021-05-07 16:11:18.340,0.021,2,2,0.8291049,0.00012031842,0.16982217,0.8291049,0.0009526239
512,241,standing,2021-05-07 16:11:17.360,2021-05-07 16:11:19.340,0.021,2,2,0.8570143,0.00013687475,0.1407464,0.8570143,0.0021024572
512,241,standing,2021-05-07 16:11:18.360,2021-05-07 16:11:20.340,0.021,2,2,0.8851023,0.00016464226,0.10798144,0.8851023,0.006751668
512,245,standing,2021-05-07 16:11:23.000,2021-05-07 16:11:24.979,0.021,2,2,0.8847086,0.00013022628,0.11245126,0.8847086,0.002710004
512,245,standing,2021-05-07 16:11:24.000,2021-05-07 16:11:25.979,0.021,2,2,0.8777913,0.00014440261,0.11908561,0.8777913,0.002978725
512,245,standing,2021-05-07 16:11:25.000,2021-05-07 16:11:26.979,0.021,2,2,0.8537993,0.0001442826,0.14361115,0.8537993,0.002445335
512,245,standing,2021-05-07 16:11:26.000,2021-05-07 16:11:27.979,0.021,2,2,0.8343501,0.00017431688,0.1616483,0.8343501,0.003827182
512,245,standing,2021-05-07 16:11:27.000,2021-05-07 16:11:28.979,0.021,2,2,0.81355673,0.0001508759,0.18457025,0.81355673,0.00172215
512,245,standing,2021-05-07 16:11:28.000,2021-05-07 16:11:29.979,0.021,2,2,0.78030115,0.00012586883,0.21875203,0.78030115,0.0008207937
512,245,standing,2021-05-07 16:11:29.000,2021-05-07 16:11:30.979,0.021,2,2,0.8051489,0.000121488425,0.19391833,0.8051489,0.0008113658
512,245,standing,2021-05-07 16:11:30.000,2021-05-07 16:11:31.979,0.021,2,2,0.82739335,0.00012908752,0.17153114,0.82739335,0.00094635476
512,245,standing,2021-05-07 16:11:31.000,2021-05-07 16:11:32.979,0.021,2,2,0.8390282,0.0001290002,0.15984838,0.8390282,0.0009943927
512,245,standing,2021-05-07 16:11:32.000,2021-05-07 16:11:33.979,0.021,2,2,0.8418007,0.00011858166,0.15719649,0.8418007,0.00088419614
512,245,standing,2021-05-07 16:11:33.000,2021-05-07 16:11:34.979,0.021,2,2,0.8692707,0.00012585858,0.12895608,0.8692707,0.0016473825
512,245,standing,2021-05-07 16:11:34.000,2021-05-07 16:11:35.979,0.021,2,2,0.906175,0.00019241513,0.082167044,0.906175,0.0114655085
512,247,walking,2021-05-07 16:11:37.799,2021-05-07 16:11:39.779,0.021,3,3,0.9994945,1.8867645e-06,1.3652279e-05,0.00049005175,0.9994945
512,247,walking,2021-05-07 16:11:38.799,2021-05-07 16:11:40.779,0.021,3,3,0.9997412,7.880497e-07,6.820734e-06,0.00025114822,0.9997412
512,247,walking,2021-05-07 16:11:39.799,2021-05-07 16:11:41.779,0.021,3,3,0.99199027,1.3276365e-05,0.000299694,0.0076967045,0.99199027
512,247,walking,2021-05-07 16:11:40.799,2021-05-07 16:11:42.779,0.021,3,3,0.98955584,1.8603701e-05,0.0005237601,0.0099018635,0.98955584
512,247,walking,2021-05-07 16:11:41.799,2021-05-07 16:11:43.779,0.021,3,3,0.92249215,6.64289e-05,0.003844773,0.07359666,0.92249215
512,247,walking,2021-05-07 16:11:42.799,2021-05-07 16:11:44.779,0.021,3,3,0.9142152,6.0858747e-05,0.0045148963,0.08120906,0.9142152
512,247,walking,2021-05-07 16:11:43.799,2021-05-07 16:11:45.779,0.021,3,3,0.935435,6.353618e-05,0.0036577943,0.060843654,0.935435
512,247,walking,2021-05-07 16:11:44.799,2021-05-07 16:11:46.779,0.021,3,3,0.9697233,4.2326108e-05,0.0014628251,0.02877151,0.9697233
512,249,standing,2021-05-07 16:11:48.080,2021-05-07 16:11:50.060,0.021,2,2,0.8610414,0.00013727513,0.13597924,0.8610414,0.002841972
512,249,standing,2021-05-07 16:11:49.080,2021-05-07 16:11:51.060,0.021,2,2,0.8355114,0.0001261493,0.16306704,0.8355114,0.0012955242
512,249,standing,2021-05-07 16:11:50.080,2021-05-07 16:11:52.060,0.021,2,2,0.85531414,0.0001484778,0.14216882,0.85531414,0.0023684262
512,249,standing,2021-05-07 16:11:51.080,2021-05-07 16:11:53.060,0.021,2,2,0.846993,0.0001419927,0.15110487,0.846993,0.0017599908
512,250,walking,2021-05-07 16:11:54.040,2021-05-07 16:11:56.020,0.021,3,3,0.99614227,8.270253e-06,0.00016593165,0.00368346,0.99614227
512,250,walking,2021-05-07 16:11:55.040,2021-05-07 16:11:57.020,0.021,3,3,0.99962324,1.2967e-06,1.1462927e-05,0.00036397108,0.99962324
512,250,walking,2021-05-07 16:11:56.040,2021-05-07 16:11:58.020,0.021,3,3,0.9933072,1.0422577e-05,0.00030701148,0.0063754525,0.9933072
512,250,walking,2021-05-07 16:11:57.040,2021-05-07 16:11:59.020,0.021,3,3,0.99898994,3.1715117e-06,4.3778655e-05,0.0009630707,0.99898994
512,250,walking,2021-05-07 16:11:58.040,2021-05-07 16:12:00.019,0.021,3,3,0.9988785,4.1747817e-06,5.505299e-05,0.0010621969,0.9988785
512,250,walking,2021-05-07 16:11:59.040,2021-05-07 16:12:01.019,0.021,3,3,0.9926771,1.4256802e-05,0.00040909892,0.00689951,0.9926771
512,250,walking,2021-05-07 16:12:00.039,2021-05-07 16:12:02.019,0.021,3,3,0.99916756,2.7153144e-06,4.000771e-05,0.0007897296,0.99916756
512,250,walking,2021-05-07 16:12:01.039,2021-05-07 16:12:03.019,0.021,3,3,0.99875104,3.2857145e-06,6.758151e-05,0.0011780408,0.99875104
512,250,walking,2021-05-07 16:12:02.039,2021-05-07 16:12:04.019,0.021,3,3,0.99523723,1.101074e-05,0.00020519154,0.004546514,0.99523723
512,250,walking,2021-05-07 16:12:03.039,2021-05-07 16:12:05.019,0.021,3,3,0.98786575,2.0986628e-05,0.0006206725,0.011492626,0.98786575
512,250,walking,2021-05-07 16:12:04.039,2021-05-07 16:12:06.019,0.021,3,3,0.903998,5.7213354e-05,0.004726154,0.09121849,0.903998
512,250,walking,2021-05-07 16:12:05.039,2021-05-07 16:12:07.019,0.021,3,3,0.88793314,7.348696e-05,0.005164481,0.106828906,0.88793314
512,250,walking,2021-05-07 16:12:06.039,2021-05-07 16:12:08.020,0.021,3,3,0.99352133,1.0290027e-05,0.00025985128,0.0062085046,0.99352133
512,250,walking,2021-05-07 16:12:07.039,2021-05-07 16:12:09.020,0.021,3,3,0.99433905,9.356878e-06,0.0002555863,0.005395975,0.99433905
512,250,walking,2021-05-07 16:12:08.039,2021-05-07 16:12:10.020,0.021,3,3,0.9404302,5.277076e-05,0.0034021947,0.056114737,0.9404302
512,250,walking,2021-05-07 16:12:09.039,2021-05-07 16:12:11.020,0.021,3,3,0.9811371,2.5081164e-05,0.00083799293,0.017999774,0.9811371
512,250,walking,2021-05-07 16:12:10.039,2021-05-07 16:12:12.020,0.021,3,3,0.99919087,1.9815454e-06,2.3327268e-05,0.00078381365,0.99919087
512,250,walking,2021-05-07 16:12:11.039,2021-05-07 16:12:13.020,0.021,3,3,0.9995192,1.765009e-06,1.7482993e-05,0.0004615704,0.9995192
512,250,walking,2021-05-07 16:12:12.039,2021-05-07 16:12:14.020,0.021,3,3,0.99865115,3.966732e-06,5.266342e-05,0.001292218,0.99865115
512,250,walking,2021-05-07 16:12:13.039,2021-05-07 16:12:15.020,0.021,3,3,0.9996647,1.3267562e-06,1.1486997e-05,0.00032243328,0.9996647
512,250,walking,2021-05-07 16:12:14.039,2021-05-07 16:12:16.020,0.021,3,3,0.99998266,1.7851394e-07,4.8136155e-07,1.6627955e-05,0.99998266
512,250,walking,2021-05-07 16:12:15.039,2021-05-07 16:12:17.020,0.021,3,3,0.99998015,2.0543465e-07,5.1048517e-07,1.903729e-05,0.99998015
512,250,walking,2021-05-07 16:12:16.040,2021-05-07 16:12:18.020,0.021,3,3,0.99891746,4.466223e-06,4.2183667e-05,0.0010359506,0.99891746
512,250,walking,2021-05-07 16:12:17.040,2021-05-07 16:12:19.020,0.021,3,3,0.99988836,4.83064e-07,2.5430802e-06,0.00010851035,0.99988836
512,250,walking,2021-05-07 16:12:18.040,2021-05-07 16:12:20.020,0.021,3,3,0.99717015,5.4942825e-06,9.813453e-05,0.002726288,0.99717015
512,250,walking,2021-05-07 16:12:19.040,2021-05-07 16:12:21.020,0.021,3,3,0.9852423,2.3854462e-05,0.00081833126,0.013915552,0.9852423
512,250,walking,2021-05-07 16:12:20.040,2021-05-07 16:12:22.020,0.021,3,3,0.9937351,9.646147e-06,0.00025148172,0.0060037263,0.9937351
512,250,walking,2021-05-07 16:12:21.040,2021-05-07 16:12:23.020,0.021,3,3,0.9733436,2.1579943e-05,0.0009236015,0.02571109,0.9733436
512,250,walking,2021-05-07 16:12:22.040,2021-05-07 16:12:24.020,0.021,3,3,0.9860667,2.1288488e-05,0.00062070304,0.013291375,0.9860667
512,250,walking,2021-05-07 16:12:23.040,2021-05-07 16:12:25.020,0.021,3,3,0.9999127,4.7601833e-07,3.092058e-06,8.371578e-05,0.9999127
512,250,walking,2021-05-07 16:12:24.040,2021-05-07 16:12:26.020,0.021,3,3,0.9999711,1.5653146e-07,8.405075e-07,2.7815953e-05,0.9999711
512,250,walking,2021-05-07 16:12:25.040,2021-05-07 16:12:27.020,0.021,3,3,0.99551105,1.0537021e-05,0.00020810911,0.0042702905,0.99551105
512,250,walking,2021-05-07 16:12:26.040,2021-05-07 16:12:28.020,0.021,3,3,0.9967469,8.898823e-06,0.00013715586,0.0031070698,0.9967469
512,250,walking,2021-05-07 16:12:27.040,2021-05-07 16:12:29.020,0.021,3,3,0.99979067,9.1213667e-07,6.7340475e-06,0.00020178132,0.99979067
512,250,walking,2021-05-07 16:12:28.040,2021-05-07 16:12:30.020,0.021,3,3,0.9997728,9.953175e-07,7.571092e-06,0.00021866531,0.9997728
512,250,walking,2021-05-07 16:12:29.040,2021-05-07 16:12:31.020,0.021,3,3,0.98570895,2.1929442e-05,0.000660295,0.013608803,0.98570895
512,250,walking,2021-05-07 16:12:30.040,2021-05-07 16:12:32.020,0.021,3,3,0.943018,6.056683e-05,0.0034012827,0.053520218,0.943018
512,250,walking,2021-05-07 16:12:31.040,2021-05-07 16:12:33.020,0.021,3,3,0.9854147,2.9239767e-05,0.0008678631,0.013688227,0.9854147
512,250,walking,2021-05-07 16:12:32.040,2021-05-07 16:12:34.020,0.021,3,3,0.99994,4.891252e-07,2.0924717e-06,5.742095e-05,0.99994
512,250,walking,2021-05-07 16:12:33.040,2021-05-07 16:12:35.020,0.021,3,3,0.99927145,2.8197503e-06,3.468675e-05,0.00069100765,0.99927145
512,250,walking,2021-05-07 16:12:34.040,2021-05-07 16:12:36.020,0.021,3,3,0.9981931,4.9019654e-06,7.639527e-05,0.0017255751,0.9981931
512,250,walking,2021-05-07 16:12:35.040,2021-05-07 16:12:37.020,0.021,3,3,0.99813396,4.57756e-06,6.752475e-05,0.0017940189,0.99813396
512,250,walking,2021-05-07 16:12:36.040,2021-05-07 16:12:38.020,0.021,3,3,0.99994844,2.405015e-07,1.4567613e-06,4.978096e-05,0.99994844
512,250,walking,2021-05-07 16:12:37.040,2021-05-07 16:12:39.020,0.021,3,3,0.9991079,2.4430578e-06,2.774692e-05,0.00086187926,0.9991079
512,250,walking,2021-05-07 16:12:38.040,2021-05-07 16:12:40.020,0.021,3,3,0.9997573,1.1255021e-06,6.847279e-06,0.00023485548,0.9997573
512,250,walking,2021-05-07 16:12:39.040,2021-05-07 16:12:41.020,0.021,3,3,0.9998753,5.614908e-07,3.5930493e-06,0.00012065894,0.9998753
512,250,walking,2021-05-07 16:12:40.040,2021-05-07 16:12:42.020,0.021,3,3,0.9870911,2.1855203e-05,0.00050714274,0.012379845,0.9870911
512,250,walking,2021-05-07 16:12:41.040,2021-05-07 16:12:43.020,0.021,3,3,0.9970639,6.7382757e-06,9.029369e-05,0.0028390286,0.9970639
512,250,walking,2021-05-07 16:12:42.040,2021-05-07 16:12:44.020,0.021,3,3,0.9999694,1.7025656e-07,7.425084e-07,2.9639657e-05,0.9999694
512,250,walking,2021-05-07 16:12:43.040,2021-05-07 16:12:45.020,0.021,3,3,0.9981568,4.272586e-06,6.520438e-05,0.0017736227,0.9981568
512,250,walking,2021-05-07 16:12:44.040,2021-05-07 16:12:46.020,0.021,3,3,0.9990237,2.262369e-06,3.107388e-05,0.0009429533,0.9990237
512,250,walking,2021-05-07 16:12:45.040,2021-05-07 16:12:47.020,0.021,3,3,0.9997089,1.0076927e-06,1.1663412e-05,0.00027831967,0.9997089
512,250,walking,2021-05-07 16:12:46.040,2021-05-07 16:12:48.020,0.021,3,3,0.9971471,6.0394805e-06,0.00013041291,0.002716415,0.9971471
512,250,walking,2021-05-07 16:12:47.040,2021-05-07 16:12:49.020,0.021,3,3,0.98695296,1.8848761e-05,0.0006452082,0.012382989,0.98695296
512,250,walking,2021-05-07 16:12:48.040,2021-05-07 16:12:50.020,0.021,3,3,0.984495,1.8139408e-05,0.0008738098,0.014613101,0.984495
512,250,walking,2021-05-07 16:12:49.040,2021-05-07 16:12:51.020,0.021,3,3,0.9995142,1.7998802e-06,1.5873751e-05,0.00046809865,0.9995142
512,250,walking,2021-05-07 16:12:50.040,2021-05-07 16:12:52.020,0.021,3,3,0.99992675,5.348007e-07,2.6387404e-06,6.9993046e-05,0.99992675
512,250,walking,2021-05-07 16:12:51.040,2021-05-07 16:12:53.020,0.021,3,3,0.9995583,1.6737023e-06,2.1934171e-05,0.0004181615,0.9995583
512,250,walking,2021-05-07 16:12:52.040,2021-05-07 16:12:54.020,0.021,3,3,0.9933156,1.40545535e-05,0.0003273182,0.00634303,0.9933156
512,250,walking,2021-05-07 16:12:53.040,2021-05-07 16:12:55.020,0.021,3,3,0.9984282,4.4349767e-06,5.9781414e-05,0.001507529,0.9984282
512,250,walking,2021-05-07 16:12:54.040,2021-05-07 16:12:56.020,0.021,3,3,0.99987507,4.5906927e-07,3.9181455e-06,0.00012071461,0.99987507
512,250,walking,2021-05-07 16:12:55.040,2021-05-07 16:12:57.020,0.021,3,3,0.99248016,1.2804553e-05,0.00027998898,0.0072270874,0.99248016
512,250,walking,2021-05-07 16:12:56.040,2021-05-07 16:12:58.020,0.021,3,3,0.9997606,1.2963155e-06,8.558793e-06,0.00022961677,0.9997606
512,250,walking,2021-05-07 16:12:57.040,2021-05-07 16:12:59.020,0.021,3,3,0.99989694,5.2064377e-07,4.039515e-06,9.839575e-05,0.99989694
512,250,walking,2021-05-07 16:12:58.040,2021-05-07 16:13:00.019,0.021,3,3,0.9906949,1.5290345e-05,0.00044362803,0.008846226,0.9906949
512,250,walking,2021-05-07 16:12:59.040,2021-05-07 16:13:01.019,0.021,3,3,0.9983331,4.50621e-06,6.852692e-05,0.0015938741,0.9983331
512,250,walking,2021-05-07 16:13:00.039,2021-05-07 16:13:02.019,0.021,3,3,0.9913851,1.2383706e-05,0.0004437604,0.008158715,0.9913851
512,250,walking,2021-05-07 16:13:01.039,2021-05-07 16:13:03.019,0.021,3,3,0.9908875,1.9314302e-05,0.00044132207,0.008651886,0.9908875
512,250,walking,2021-05-07 16:13:02.039,2021-05-07 16:13:04.019,0.021,3,3,0.9999966,3.984243e-08,6.069755e-08,3.231031e-06,0.9999966
512,250,walking,2021-05-07 16:13:03.039,2021-05-07 16:13:05.019,0.021,3,3,0.9999915,7.934643e-08,2.1706686e-07,8.202544e-06,0.9999915
512,250,walking,2021-05-07 16:13:04.039,2021-05-07 16:13:06.019,0.021,3,3,0.9997604,1.4331521e-06,8.713584e-06,0.00022945559,0.9997604
512,250,walking,2021-05-07 16:13:05.039,2021-05-07 16:13:07.019,0.021,3,3,0.9998667,5.3081396e-07,3.6004926e-06,0.0001292303,0.9998667
512,250,walking,2021-05-07 16:13:06.039,2021-05-07 16:13:08.020,0.021,3,3,0.9992591,2.7113244e-06,3.3487937e-05,0.000704654,0.9992591
512,253,standing,2021-05-07 16:13:09.680,2021-05-07 16:13:11.659,0.021,2,2,0.9162316,0.0002464439,0.07703624,0.9162316,0.0064856918
512,255,standing,2021-05-07 16:13:13.319,2021-05-07 16:13:15.300,0.021,2,2,0.89129037,0.00015307822,0.10622265,0.89129037,0.0023338648
512,255,standing,2021-05-07 16:13:14.319,2021-05-07 16:13:16.299,0.021,2,2,0.861103,0.00013160602,0.13721992,0.861103,0.0015454525
512,255,standing,2021-05-07 16:13:15.319,2021-05-07 16:13:17.299,0.021,2,2,0.8190199,0.00014887853,0.17889291,0.8190199,0.0019382539
512,256,walking,2021-05-07 16:13:17.559,2021-05-07 16:13:19.540,0.021,3,3,0.98836344,1.804863e-05,0.0004499966,0.011168417,0.98836344
512,256,walking,2021-05-07 16:13:18.559,2021-05-07 16:13:20.540,0.021,3,3,0.9994584,2.5641286e-06,2.6248665e-05,0.0005127976,0.9994584
512,256,walking,2021-05-07 16:13:19.559,2021-05-07 16:13:21.540,0.021,3,3,0.99935293,2.0038578e-06,3.152783e-05,0.0006134604,0.99935293
512,256,walking,2021-05-07 16:13:20.559,2021-05-07 16:13:22.540,0.021,3,3,0.9865178,1.6744198e-05,0.00061487744,0.012850479,0.9865178
512,256,walking,2021-05-07 16:13:21.559,2021-05-07 16:13:23.540,0.021,3,3,0.87354183,8.766128e-05,0.0064081056,0.11996233,0.87354183
512,256,walking,2021-05-07 16:13:22.559,2021-05-07 16:13:24.540,0.021,3,3,0.85906285,8.213824e-05,0.0062661017,0.1345889,0.85906285
512,256,walking,2021-05-07 16:13:23.559,2021-05-07 16:13:25.540,0.021,3,3,0.8232612,9.821567e-05,0.009091932,0.1675487,0.8232612
512,256,walking,2021-05-07 16:13:24.559,2021-05-07 16:13:26.540,0.021,3,3,0.9939204,1.2292458e-05,0.00030197744,0.005765279,0.9939204
512,256,walking,2021-05-07 16:13:25.559,2021-05-07 16:13:27.540,0.021,3,3,0.9997139,1.1797596e-06,9.659494e-06,0.0002751819,0.9997139
512,256,walking,2021-05-07 16:13:26.559,2021-05-07 16:13:28.540,0.021,3,3,0.9962494,5.8276837e-06,0.00015943234,0.0035853263,0.9962494
512,256,walking,2021-05-07 16:13:27.559,2021-05-07 16:13:29.540,0.021,3,3,0.98814565,2.026875e-05,0.00056559406,0.011268431,0.98814565
512,256,walking,2021-05-07 16:13:28.559,2021-05-07 16:13:30.540,0.021,3,3,0.9964435,8.903523e-06,0.00016587105,0.0033816646,0.9964435
512,256,walking,2021-05-07 16:13:29.559,2021-05-07 16:13:31.540,0.021,3,3,0.9995407,1.433701e-06,1.6190086e-05,0.00044174114,0.9995407
512,256,walking,2021-05-07 16:13:30.559,2021-05-07 16:13:32.540,0.021,3,3,0.9998677,3.988361e-07,3.3714134e-06,0.00012862255,0.9998677
512,256,walking,2021-05-07 16:13:31.559,2021-05-07 16:13:33.540,0.021,3,3,0.9997525,1.2600422e-06,1.0513002e-05,0.00023569285,0.9997525
512,256,walking,2021-05-07 16:13:32.560,2021-05-07 16:13:34.540,0.021,3,3,0.99864364,3.9105257e-06,5.9174105e-05,0.0012932019,0.99864364
512,256,walking,2021-05-07 16:13:33.560,2021-05-07 16:13:35.540,0.021,3,3,0.99638635,6.013696e-06,0.00015189251,0.0034556782,0.99638635
512,256,walking,2021-05-07 16:13:34.560,2021-05-07 16:13:36.540,0.021,3,3,0.997346,7.95191e-06,0.00014526153,0.002500721,0.997346
512,256,walking,2021-05-07 16:13:35.560,2021-05-07 16:13:37.540,0.021,3,3,0.9995963,1.6298246e-06,1.7227541e-05,0.0003848019,0.9995963
512,256,walking,2021-05-07 16:13:36.560,2021-05-07 16:13:38.540,0.021,3,3,0.9998543,5.024414e-07,4.824622e-06,0.0001404794,0.9998543
512,256,walking,2021-05-07 16:13:37.560,2021-05-07 16:13:39.540,0.021,3,3,0.99794203,7.097281e-06,0.000101075064,0.0019497422,0.99794203
512,256,walking,2021-05-07 16:13:38.560,2021-05-07 16:13:40.540,0.021,3,3,0.99786186,4.9525497e-06,8.707415e-05,0.0020460028,0.99786186
512,256,walking,2021-05-07 16:13:39.560,2021-05-07 16:13:41.540,0.021,3,3,0.9977637,4.345083e-06,8.727616e-05,0.0021445795,0.9977637
512,256,walking,2021-05-07 16:13:40.560,2021-05-07 16:13:42.540,0.021,3,3,0.9949424,8.844876e-06,0.00022379415,0.0048248963,0.9949424
512,256,walking,2021-05-07 16:13:41.560,2021-05-07 16:13:43.540,0.021,3,3,0.88061553,7.704972e-05,0.005012208,0.11429518,0.88061553
512,256,walking,2021-05-07 16:13:42.560,2021-05-07 16:13:44.540,0.021,3,3,0.9999711,2.5160097e-07,7.277629e-07,2.7917233e-05,0.9999711
512,256,walking,2021-05-07 16:13:43.560,2021-05-07 16:13:45.540,0.021,3,3,0.99999803,3.229831e-08,4.337194e-08,1.8728908e-06,0.99999803
512,256,walking,2021-05-07 16:13:44.560,2021-05-07 16:13:46.540,0.021,3,3,0.9993769,2.158876e-06,2.1327165e-05,0.0005995603,0.9993769
512,256,walking,2021-05-07 16:13:45.560,2021-05-07 16:13:47.540,0.021,3,3,0.9984844,5.8750024e-06,6.7789166e-05,0.0014418826,0.9984844
512,256,walking,2021-05-07 16:13:46.560,2021-05-07 16:13:48.540,0.021,3,3,0.99993974,3.9182623e-07,2.2181139e-06,5.7529793e-05,0.99993974
512,256,walking,2021-05-07 16:13:47.560,2021-05-07 16:13:49.540,0.021,3,3,0.99856603,3.7028262e-06,5.8757887e-05,0.0013714605,0.99856603
512,256,walking,2021-05-07 16:13:48.560,2021-05-07 16:13:50.540,0.021,3,3,0.988431,1.9868714e-05,0.00053413026,0.011015067,0.988431
512,256,walking,2021-05-07 16:13:49.560,2021-05-07 16:13:51.540,0.021,3,3,0.9993077,1.524723e-06,1.8899116e-05,0.000671909,0.9993077
512,256,walking,2021-05-07 16:13:50.560,2021-05-07 16:13:52.540,0.021,3,3,0.9974292,4.160162e-06,9.14665e-05,0.0024752016,0.9974292
512,256,walking,2021-05-07 16:13:51.560,2021-05-07 16:13:53.540,0.021,3,3,0.9992591,3.2002247e-06,3.2394382e-05,0.0007052181,0.9992591
512,256,walking,2021-05-07 16:13:52.560,2021-05-07 16:13:54.540,0.021,3,3,0.9998943,5.951902e-07,3.951563e-06,0.00010104898,0.9998943
512,256,walking,2021-05-07 16:13:53.560,2021-05-07 16:13:55.540,0.021,3,3,0.9965533,9.336657e-06,0.00015615801,0.0032812292,0.9965533
512,256,walking,2021-05-07 16:13:54.560,2021-05-07 16:13:56.540,0.021,3,3,0.997918,4.7478366e-06,6.950477e-05,0.0020077187,0.997918
512,256,walking,2021-05-07 16:13:55.560,2021-05-07 16:13:57.540,0.021,3,3,0.9990262,2.195973e-06,3.4479155e-05,0.00093709806,0.9990262
512,256,walking,2021-05-07 16:13:56.560,2021-05-07 16:13:58.540,0.021,3,3,0.994118,1.2442903e-05,0.00025725376,0.0056123086,0.994118
512,256,walking,2021-05-07 16:13:57.560,2021-05-07 16:13:59.540,0.021,3,3,0.999999,3.0782395e-08,1.9672646e-08,8.637481e-07,0.999999
512,256,walking,2021-05-07 16:13:58.560,2021-05-07 16:14:00.539,0.021,3,3,0.999999,4.1153783e-08,2.4017197e-08,9.471474e-07,0.999999
512,256,walking,2021-05-07 16:13:59.560,2021-05-07 16:14:01.539,0.021,3,3,0.99794394,7.512267e-06,9.824647e-05,0.0019502667,0.99794394
512,256,walking,2021-05-07 16:14:00.559,2021-05-07 16:14:02.539,0.021,3,3,0.99998015,1.6766592e-07,6.575796e-07,1.8962564e-05,0.99998015
512,256,walking,2021-05-07 16:14:01.559,2021-05-07 16:14:03.539,0.021,3,3,0.9998727,8.611716e-07,5.4667435e-06,0.000121025325,0.9998727
512,257,standing,2021-05-07 16:14:03.920,2021-05-07 16:14:05.900,0.021,2,2,0.9262256,0.00014460768,0.06808169,0.9262256,0.0055479645
512,257,standing,2021-05-07 16:14:04.920,2021-05-07 16:14:06.900,0.021,2,2,0.9216361,0.00011393098,0.0750446,0.9216361,0.003205374
512,258,walking,2021-05-07 16:14:07.720,2021-05-07 16:14:09.699,0.021,3,3,0.9940073,1.2860581e-05,0.00027720092,0.0057026185,0.9940073
512,258,walking,2021-05-07 16:14:08.720,2021-05-07 16:14:10.699,0.021,3,3,0.99796784,6.074501e-06,9.286969e-05,0.0019332804,0.99796784
512,258,walking,2021-05-07 16:14:09.720,2021-05-07 16:14:11.699,0.021,3,3,0.99254185,1.2086388e-05,0.00033172715,0.007114324,0.99254185
512,258,walking,2021-05-07 16:14:10.720,2021-05-07 16:14:12.699,0.021,3,3,0.9995531,1.2127427e-06,1.270583e-05,0.0004329871,0.9995531
512,258,walking,2021-05-07 16:14:11.720,2021-05-07 16:14:13.699,0.021,3,3,0.9997885,1.4301476e-06,7.631401e-06,0.0002024785,0.9997885
512,258,walking,2021-05-07 16:14:12.720,2021-05-07 16:14:14.699,0.021,3,3,0.99999124,1.10890134e-07,2.4772416e-07,8.347907e-06,0.99999124
512,258,walking,2021-05-07 16:14:13.720,2021-05-07 16:14:15.699,0.021,3,3,0.9996094,1.8357891e-06,1.3764678e-05,0.00037497384,0.9996094
512,258,walking,2021-05-07 16:14:14.720,2021-05-07 16:14:16.700,0.021,3,3,0.9987967,3.480797e-06,4.4624452e-05,0.0011552008,0.9987967
512,258,walking,2021-05-07 16:14:15.720,2021-05-07 16:14:17.700,0.021,3,3,0.9999512,2.573792e-07,1.6075313e-06,4.694021e-05,0.9999512
512,258,walking,2021-05-07 16:14:16.719,2021-05-07 16:14:18.700,0.021,3,3,0.99885625,3.7423413e-06,4.4741573e-05,0.0010953849,0.99885625
512,258,walking,2021-05-07 16:14:17.719,2021-05-07 16:14:19.700,0.021,3,3,0.99974966,1.287572e-06,9.507557e-06,0.00023943666,0.99974966
512,258,walking,2021-05-07 16:14:18.719,2021-05-07 16:14:20.700,0.021,3,3,0.9990768,2.159183e-06,3.4446388e-05,0.00088662485,0.9990768
512,258,walking,2021-05-07 16:14:19.719,2021-05-07 16:14:21.700,0.021,3,3,0.97555417,2.9512652e-05,0.00094477506,0.023471516,0.97555417
512,258,walking,2021-05-07 16:14:20.719,2021-05-07 16:14:22.700,0.021,3,3,0.9998665,1.0758708e-06,4.3601203e-06,0.00012808724,0.9998665
512,258,walking,2021-05-07 16:14:21.719,2021-05-07 16:14:23.700,0.021,3,3,0.99997026,2.3083074e-07,8.2750194e-07,2.856911e-05,0.99997026
512,258,walking,2021-05-07 16:14:22.719,2021-05-07 16:14:24.700,0.021,3,3,0.9932444,1.3783684e-05,0.00025784085,0.0064839143,0.9932444
512,258,walking,2021-05-07 16:14:23.719,2021-05-07 16:14:25.700,0.021,3,3,0.99998707,9.8275414e-08,2.595705e-07,1.2464406e-05,0.99998707
512,258,walking,2021-05-07 16:14:24.719,2021-05-07 16:14:26.700,0.021,3,3,0.9996068,1.4350843e-06,1.3806804e-05,0.0003778226,0.9996068
512,258,walking,2021-05-07 16:14:25.719,2021-05-07 16:14:27.700,0.021,3,3,0.9801974,3.1260373e-05,0.0010651998,0.01870616,0.9801974
512,258,walking,2021-05-07 16:14:26.719,2021-05-07 16:14:28.700,0.021,3,3,0.9997783,7.957975e-07,7.1452796e-06,0.00021373825,0.9997783
512,258,walking,2021-05-07 16:14:27.719,2021-05-07 16:14:29.700,0.021,3,3,0.99998814,1.458954e-07,3.3207047e-07,1.1266443e-05,0.99998814
512,258,walking,2021-05-07 16:14:28.719,2021-05-07 16:14:30.700,0.021,3,3,0.9998598,8.588649e-07,3.9248216e-06,0.00013537897,0.9998598
512,258,walking,2021-05-07 16:14:29.719,2021-05-07 16:14:31.700,0.021,3,3,0.999957,2.2320863e-07,9.539225e-07,4.1792915e-05,0.999957
512,258,walking,2021-05-07 16:14:30.719,2021-05-07 16:14:32.700,0.021,3,3,0.99957263,1.946037e-06,1.6197555e-05,0.0004092656,0.99957263
512,258,walking,2021-05-07 16:14:31.719,2021-05-07 16:14:33.700,0.021,3,3,0.99690175,6.5569193e-06,0.00011352762,0.0029781123,0.99690175
512,258,walking,2021-05-07 16:14:32.720,2021-05-07 16:14:34.700,0.021,3,3,0.9999364,2.9484295e-07,1.3229744e-06,6.196613e-05,0.9999364
512,258,walking,2021-05-07 16:14:33.720,2021-05-07 16:14:35.700,0.021,3,3,0.9995518,2.215594e-06,1.4799892e-05,0.0004312954,0.9995518
512,258,walking,2021-05-07 16:14:34.720,2021-05-07 16:14:36.700,0.021,3,3,0.9910604,1.5353435e-05,0.00036467746,0.0085594915,0.9910604
512,258,walking,2021-05-07 16:14:35.720,2021-05-07 16:14:37.700,0.021,3,3,0.9998114,6.385764e-07,5.040206e-06,0.00018295375,0.9998114
512,258,walking,2021-05-07 16:14:36.720,2021-05-07 16:14:38.700,0.021,3,3,0.99915314,3.009238e-06,3.3501412e-05,0.0008104003,0.99915314
512,258,walking,2021-05-07 16:14:37.720,2021-05-07 16:14:39.700,0.021,3,3,0.9970408,6.383102e-06,9.891223e-05,0.002853837,0.9970408
512,258,walking,2021-05-07 16:14:38.720,2021-05-07 16:14:40.700,0.021,3,3,0.9994866,1.0303996e-06,1.0591406e-05,0.00050163845,0.9994866
512,258,walking,2021-05-07 16:14:39.720,2021-05-07 16:14:41.700,0.021,3,3,0.99931115,3.0755448e-06,2.3178407e-05,0.0006627006,0.99931115
512,258,walking,2021-05-07 16:14:40.720,2021-05-07 16:14:42.700,0.021,3,3,0.99994105,4.6941923e-07,1.6437446e-06,5.6768222e-05,0.99994105
512,258,walking,2021-05-07 16:14:41.720,2021-05-07 16:14:43.700,0.021,3,3,0.9999525,2.7773606e-07,1.031767e-06,4.614273e-05,0.9999525
512,258,walking,2021-05-07 16:14:42.720,2021-05-07 16:14:44.700,0.021,3,3,0.9996428,2.0297693e-06,1.2810297e-05,0.00034239655,0.9996428
512,258,walking,2021-05-07 16:14:43.720,2021-05-07 16:14:45.700,0.021,3,3,0.9999384,4.108927e-07,1.6530292e-06,5.945783e-05,0.9999384
512,258,walking,2021-05-07 16:14:44.720,2021-05-07 16:14:46.700,0.021,3,3,0.99981046,7.18603e-07,5.5993505e-06,0.0001831552,0.99981046
512,258,walking,2021-05-07 16:14:45.720,2021-05-07 16:14:47.700,0.021,3,3,0.981981,3.8052098e-05,0.0010567182,0.016924186,0.981981
512,258,walking,2021-05-07 16:14:46.720,2021-05-07 16:14:48.700,0.021,3,3,0.9997573,9.927975e-07,6.6554853e-06,0.00023496436,0.9997573
512,258,walking,2021-05-07 16:14:47.720,2021-05-07 16:14:49.700,0.021,3,3,0.99701935,5.7391403e-06,0.000101779355,0.0028731413,0.99701935
512,258,walking,2021-05-07 16:14:48.720,2021-05-07 16:14:50.700,0.021,3,3,0.9981385,5.6511512e-06,7.423394e-05,0.0017817277,0.9981385
512,258,walking,2021-05-07 16:14:49.720,2021-05-07 16:14:51.700,0.021,3,3,0.998119,4.5568895e-06,9.248035e-05,0.001783994,0.998119
512,258,walking,2021-05-07 16:14:50.720,2021-05-07 16:14:52.700,0.021,3,3,0.9931818,1.3770689e-05,0.0003121142,0.006492257,0.9931818
512,258,walking,2021-05-07 16:14:51.720,2021-05-07 16:14:53.700,0.021,3,3,0.99992114,6.019628e-07,2.6898717e-06,7.555542e-05,0.99992114
512,258,walking,2021-05-07 16:14:52.720,2021-05-07 16:14:54.700,0.021,3,3,0.99998647,1.7721395e-07,4.8751104e-07,1.2804062e-05,0.99998647
512,258,walking,2021-05-07 16:14:53.720,2021-05-07 16:14:55.700,0.021,3,3,0.9993406,2.751277e-06,3.0690357e-05,0.00062592566,0.9993406
512,258,walking,2021-05-07 16:14:54.720,2021-05-07 16:14:56.700,0.021,3,3,0.99843615,6.4231876e-06,8.2271e-05,0.0014751335,0.99843615
512,258,walking,2021-05-07 16:14:55.720,2021-05-07 16:14:57.700,0.021,3,3,0.9999718,2.3834274e-07,9.700158e-07,2.6980537e-05,0.9999718
512,258,walking,2021-05-07 16:14:56.720,2021-05-07 16:14:58.700,0.021,3,3,0.9998825,7.4194344e-07,3.854719e-06,0.00011276868,0.9998825
512,258,walking,2021-05-07 16:14:57.720,2021-05-07 16:14:59.700,0.021,3,3,0.9999983,5.941487e-08,4.1314117e-08,1.5582352e-06,0.9999983
512,258,walking,2021-05-07 16:14:58.720,2021-05-07 16:15:00.700,0.021,3,3,0.9999818,1.6624261e-07,6.562163e-07,1.7278093e-05,0.9999818
512,258,walking,2021-05-07 16:14:59.720,2021-05-07 16:15:01.700,0.021,3,3,0.99573517,1.0401328e-05,0.00019988042,0.004054517,0.99573517
512,258,walking,2021-05-07 16:15:00.720,2021-05-07 16:15:02.700,0.021,3,3,0.9980081,5.405269e-06,6.916059e-05,0.0019172328,0.9980081
512,258,walking,2021-05-07 16:15:01.720,2021-05-07 16:15:03.700,0.021,3,3,0.9993807,2.1430521e-06,2.715048e-05,0.00058997434,0.9993807
512,258,walking,2021-05-07 16:15:02.720,2021-05-07 16:15:04.699,0.021,3,3,0.99863803,4.741933e-06,5.959603e-05,0.00129754,0.99863803
512,258,walking,2021-05-07 16:15:03.720,2021-05-07 16:15:05.699,0.021,3,3,0.99977565,8.3926517e-07,5.514573e-06,0.00021808801,0.99977565
512,258,walking,2021-05-07 16:15:04.720,2021-05-07 16:15:06.699,0.021,3,3,0.998677,4.0636637e-06,5.7546862e-05,0.0012613598,0.998677
512,258,walking,2021-05-07 16:15:05.720,2021-05-07 16:15:07.699,0.021,3,3,0.99554014,1.219e-05,0.00021330951,0.0042342725,0.99554014
512,258,walking,2021-05-07 16:15:06.720,2021-05-07 16:15:08.699,0.021,3,3,0.99995965,2.0751983e-07,9.2371124e-07,3.9155693e-05,0.99995965
512,258,walking,2021-05-07 16:15:07.720,2021-05-07 16:15:09.699,0.021,3,3,0.97375625,2.7265152e-05,0.001395669,0.024820708,0.97375625
512,258,walking,2021-05-07 16:15:08.720,2021-05-07 16:15:10.699,0.021,3,3,0.89786875,8.278743e-05,0.003981264,0.09806708,0.89786875
512,258,walking,2021-05-07 16:15:09.720,2021-05-07 16:15:11.699,0.021,3,3,0.9998226,5.2837544e-07,4.128075e-06,0.00017264744,0.9998226
512,258,walking,2021-05-07 16:15:10.720,2021-05-07 16:15:12.699,0.021,3,3,0.99995834,2.5427477e-07,1.4466802e-06,3.9902185e-05,0.99995834
512,258,walking,2021-05-07 16:15:11.720,2021-05-07 16:15:13.699,0.021,3,3,0.9999971,6.458821e-08,8.279224e-08,2.6687676e-06,0.9999971
512,258,walking,2021-05-07 16:15:12.720,2021-05-07 16:15:14.699,0.021,3,3,0.99998873,1.0848941e-07,2.6243862e-07,1.0843636e-05,0.99998873
512,258,walking,2021-05-07 16:15:13.720,2021-05-07 16:15:15.699,0.021,3,3,0.9988659,5.195891e-06,5.004568e-05,0.0010788275,0.9988659
512,258,walking,2021-05-07 16:15:14.720,2021-05-07 16:15:16.700,0.021,3,3,0.99989814,4.5639607e-07,3.4848117e-06,9.780805e-05,0.99989814
512,258,walking,2021-05-07 16:15:15.720,2021-05-07 16:15:17.700,0.021,3,3,0.9998831,8.0327294e-07,3.6127176e-06,0.00011235813,0.9998831
512,258,walking,2021-05-07 16:15:16.719,2021-05-07 16:15:18.700,0.021,3,3,0.9999723,2.8380975e-07,7.254673e-07,2.6617865e-05,0.9999723
512,258,walking,2021-05-07 16:15:17.719,2021-05-07 16:15:19.700,0.021,3,3,0.9993688,2.9247099e-06,3.1423806e-05,0.00059681205,0.9993688
512,258,walking,2021-05-07 16:15:18.719,2021-05-07 16:15:20.700,0.021,3,3,0.9999394,5.294783e-07,2.4848985e-06,5.7573627e-05,0.9999394
512,258,walking,2021-05-07 16:15:19.719,2021-05-07 16:15:21.700,0.021,3,3,0.9999954,4.9638484e-08,8.539333e-08,4.4369845e-06,0.9999954
512,258,walking,2021-05-07 16:15:20.719,2021-05-07 16:15:22.700,0.021,3,3,0.99916816,3.6329775e-06,3.9901046e-05,0.00078832667,0.99916816
512,258,walking,2021-05-07 16:15:21.719,2021-05-07 16:15:23.700,0.021,3,3,0.99994975,3.2918186e-07,1.8865801e-06,4.799028e-05,0.99994975
512,258,walking,2021-05-07 16:15:22.719,2021-05-07 16:15:24.700,0.021,3,3,0.99998754,7.891236e-08,2.5593317e-07,1.2065367e-05,0.99998754
512,258,walking,2021-05-07 16:15:23.719,2021-05-07 16:15:25.700,0.021,3,3,0.9988915,5.0177405e-06,5.1364266e-05,0.0010521543,0.9988915
512,258,walking,2021-05-07 16:15:24.719,2021-05-07 16:15:26.700,0.021,3,3,0.99751425,6.013067e-06,0.00012224643,0.0023575001,0.99751425
512,258,walking,2021-05-07 16:15:25.719,2021-05-07 16:15:27.700,0.021,3,3,0.9996156,1.2842258e-06,1.3779724e-05,0.00036930514,0.9996156
512,258,walking,2021-05-07 16:15:26.719,2021-05-07 16:15:28.700,0.021,3,3,0.9996454,2.0036912e-06,1.6429867e-05,0.00033616964,0.9996454
512,258,walking,2021-05-07 16:15:27.719,2021-05-07 16:15:29.700,0.021,3,3,0.9999543,3.5628665e-07,1.591527e-06,4.3713935e-05,0.9999543
512,258,walking,2021-05-07 16:15:28.719,2021-05-07 16:15:30.700,0.021,3,3,0.9999611,2.0534044e-07,1.0999329e-06,3.751088e-05,0.9999611
512,258,walking,2021-05-07 16:15:29.719,2021-05-07 16:15:31.700,0.021,3,3,0.99864197,5.1871916e-06,5.8927682e-05,0.001293827,0.99864197
512,263,standing,2021-05-07 16:15:35.279,2021-05-07 16:15:37.259,0.021,2,2,0.8221587,0.00018169274,0.17347485,0.8221587,0.0041847434
512,263,standing,2021-05-07 16:15:36.279,2021-05-07 16:15:38.259,0.021,2,2,0.80717504,0.00017728483,0.18959174,0.80717504,0.003055978
512,263,standing,2021-05-07 16:15:37.279,2021-05-07 16:15:39.259,0.021,2,2,0.82096314,0.00016898262,0.17630012,0.82096314,0.0025677262
512,263,standing,2021-05-07 16:15:38.279,2021-05-07 16:15:40.259,0.021,2,2,0.80890405,0.00015775285,0.18931295,0.80890405,0.0016252616
512,263,standing,2021-05-07 16:15:39.279,2021-05-07 16:15:41.259,0.021,2,2,0.76534754,0.00015183073,0.23332822,0.76534754,0.0011723833
512,263,standing,2021-05-07 16:15:40.279,2021-05-07 16:15:42.259,0.021,2,2,0.7583168,0.00014645682,0.24050176,0.7583168,0.0010349617
512,263,standing,2021-05-07 16:15:41.279,2021-05-07 16:15:43.259,0.021,2,2,0.8126323,0.00015554247,0.18529367,0.8126323,0.0019184479
512,263,standing,2021-05-07 16:15:42.279,2021-05-07 16:15:44.259,0.021,2,2,0.8110838,0.00013520557,0.18759207,0.8110838,0.0011889935
512,263,standing,2021-05-07 16:15:43.279,2021-05-07 16:15:45.259,0.021,2,2,0.79255605,0.00013853105,0.20627639,0.79255605,0.0010290507
512,263,standing,2021-05-07 16:15:44.279,2021-05-07 16:15:46.259,0.021,2,2,0.77692574,0.00014462789,0.22195037,0.77692574,0.000979224
512,263,standing,2021-05-07 16:15:45.279,2021-05-07 16:15:47.259,0.021,2,2,0.754267,0.00013865157,0.24488036,0.754267,0.000714004
512,263,standing,2021-05-07 16:15:46.279,2021-05-07 16:15:48.259,0.021,2,2,0.77250236,0.00014615657,0.22627848,0.77250236,0.0010729874
512,263,standing,2021-05-07 16:15:47.279,2021-05-07 16:15:49.259,0.021,2,2,0.7838762,0.0001505841,0.21465664,0.7838762,0.0013165888
512,263,standing,2021-05-07 16:15:48.279,2021-05-07 16:15:50.259,0.021,2,2,0.776721,0.0001398107,0.22219615,0.776721,0.00094318023
512,263,standing,2021-05-07 16:15:49.279,2021-05-07 16:15:51.259,0.021,2,2,0.81126887,0.00013581739,0.18746792,0.81126887,0.001127391
512,263,standing,2021-05-07 16:15:50.279,2021-05-07 16:15:52.259,0.021,2,2,0.8255763,0.0001391607,0.17282589,0.8255763,0.0014585975
512,263,standing,2021-05-07 16:15:51.279,2021-05-07 16:15:53.259,0.021,2,2,0.83183074,0.00015537709,0.16532496,0.83183074,0.0026888915
512,263,standing,2021-05-07 16:15:52.279,2021-05-07 16:15:54.259,0.021,2,2,0.86203897,0.00021748882,0.12208303,0.86203897,0.015660444
512,263,standing,2021-05-07 16:15:53.279,2021-05-07 16:15:55.259,0.021,2,2,0.85158426,0.00026828697,0.10109522,0.85158426,0.04705223
512,265,standing,2021-05-07 16:15:56.119,2021-05-07 16:15:58.099,0.021,2,2,0.84812593,0.00015788256,0.1488028,0.84812593,0.0029134038
512,267,standing,2021-05-07 16:16:00.480,2021-05-07 16:16:02.460,0.021,2,2,0.87509984,0.000118228585,0.1231801,0.87509984,0.0016018423
512,267,standing,2021-05-07 16:16:01.480,2021-05-07 16:16:03.460,0.021,2,2,0.8702125,0.00011663656,0.12829527,0.8702125,0.0013757054
512,267,standing,2021-05-07 16:16:02.480,2021-05-07 16:16:04.460,0.021,2,2,0.8839354,0.0001282702,0.11378639,0.8839354,0.0021499374
512,267,standing,2021-05-07 16:16:03.480,2021-05-07 16:16:05.460,0.021,2,2,0.8604455,0.00012452713,0.1379322,0.8604455,0.001497791
512,267,standing,2021-05-07 16:16:04.480,2021-05-07 16:16:06.460,0.021,2,2,0.84438396,0.00011841315,0.154426,0.84438396,0.0010716358
512,267,standing,2021-05-07 16:16:05.480,2021-05-07 16:16:07.460,0.021,2,2,0.84264386,0.00012878029,0.15589556,0.84264386,0.001331796
512,267,standing,2021-05-07 16:16:06.480,2021-05-07 16:16:08.460,0.021,2,2,0.7852352,0.00013671647,0.21377392,0.7852352,0.00085408083
512,267,standing,2021-05-07 16:16:07.480,2021-05-07 16:16:09.460,0.021,2,2,0.77043825,0.00014054995,0.22860074,0.77043825,0.00082037237
512,267,standing,2021-05-07 16:16:08.479,2021-05-07 16:16:10.460,0.021,2,2,0.76540476,0.00013671828,0.23380256,0.76540476,0.0006559556
512,267,standing,2021-05-07 16:16:09.479,2021-05-07 16:16:11.460,0.021,2,2,0.764748,0.0001267666,0.23460324,0.764748,0.00052198075
512,267,standing,2021-05-07 16:16:10.479,2021-05-07 16:16:12.460,0.021,2,2,0.7966808,0.00012577408,0.20246717,0.7966808,0.000726199
512,267,standing,2021-05-07 16:16:11.479,2021-05-07 16:16:13.460,0.021,2,2,0.79534817,0.00012321364,0.20384508,0.79534817,0.0006834805
512,269,standing,2021-05-07 16:16:16.079,2021-05-07 16:16:18.059,0.021,2,2,0.9179377,0.00014203148,0.0765659,0.9179377,0.005354472
512,270,walking,2021-05-07 16:16:18.239,2021-05-07 16:16:20.219,0.021,3,3,0.7331469,0.00017897796,0.016747309,0.24992673,0.7331469
512,270,walking,2021-05-07 16:16:19.239,2021-05-07 16:16:21.219,0.021,3,3,0.9990083,3.024377e-06,4.079383e-05,0.00094785064,0.9990083
512,270,walking,2021-05-07 16:16:20.239,2021-05-07 16:16:22.219,0.021,3,3,0.99811375,4.9132577e-06,7.4207186e-05,0.001807134,0.99811375
512,270,walking,2021-05-07 16:16:21.239,2021-05-07 16:16:23.219,0.021,3,3,0.9944376,1.058827e-05,0.00024932466,0.0053025135,0.9944376
512,270,walking,2021-05-07 16:16:22.239,2021-05-07 16:16:24.219,0.021,3,3,0.9998862,7.0818e-07,4.745058e-06,0.000108292705,0.9998862
512,270,walking,2021-05-07 16:16:23.239,2021-05-07 16:16:25.219,0.021,3,3,0.9993046,2.1008245e-06,2.3576356e-05,0.0006697924,0.9993046
512,271,standing,2021-05-07 16:16:25.680,2021-05-07 16:16:27.659,0.021,2,2,0.85112303,0.00015303172,0.14689311,0.85112303,0.0018308426
512,272,walking,2021-05-07 16:16:28.639,2021-05-07 16:16:30.619,0.021,3,3,0.9834313,3.433938e-05,0.0010948104,0.015439619,0.9834313
512,272,walking,2021-05-07 16:16:29.639,2021-05-07 16:16:31.619,0.021,3,3,0.9999955,8.38398e-08,1.2686566e-07,4.144336e-06,0.9999955
512,272,walking,2021-05-07 16:16:30.639,2021-05-07 16:16:32.619,0.021,3,3,0.9999594,2.870869e-07,1.3575033e-06,3.8842416e-05,0.9999594
512,272,walking,2021-05-07 16:16:31.639,2021-05-07 16:16:33.619,0.021,3,3,0.9998955,9.185203e-07,3.809943e-06,9.966709e-05,0.9998955
512,272,walking,2021-05-07 16:16:32.639,2021-05-07 16:16:34.619,0.021,3,3,0.99999136,1.16383674e-07,2.5855346e-07,8.182261e-06,0.99999136
512,272,walking,2021-05-07 16:16:33.639,2021-05-07 16:16:35.619,0.021,3,3,0.9916407,1.5428996e-05,0.0004426343,0.007901228,0.9916407
512,272,walking,2021-05-07 16:16:34.639,2021-05-07 16:16:36.619,0.021,3,3,0.9981397,6.096825e-06,0.00010278949,0.0017515089,0.9981397
512,272,walking,2021-05-07 16:16:35.639,2021-05-07 16:16:37.619,0.021,3,3,0.99993855,4.8234807e-07,2.2878453e-06,5.8606576e-05,0.99993855
512,272,walking,2021-05-07 16:16:36.639,2021-05-07 16:16:38.619,0.021,3,3,0.9995359,1.7683998e-06,1.7595909e-05,0.00044479538,0.9995359
512,272,walking,2021-05-07 16:16:37.639,2021-05-07 16:16:39.619,0.021,3,3,0.996667,8.898076e-06,0.00017555706,0.0031484638,0.996667
512,272,walking,2021-05-07 16:16:38.639,2021-05-07 16:16:40.619,0.021,3,3,0.99988717,7.916601e-07,5.111589e-06,0.000106898246,0.99988717
512,272,walking,2021-05-07 16:16:39.639,2021-05-07 16:16:41.619,0.021,3,3,0.9999872,1.11593266e-07,3.490995e-07,1.22989895e-05,0.9999872
512,272,walking,2021-05-07 16:16:40.639,2021-05-07 16:16:42.619,0.021,3,3,0.9999811,5.5102197e-07,6.6490026e-07,1.7622726e-05,0.9999811
512,272,walking,2021-05-07 16:16:41.639,2021-05-07 16:16:43.619,0.021,3,3,0.99999946,1.4118881e-08,1.1110354e-08,4.0130624e-07,0.99999946
512,272,walking,2021-05-07 16:16:42.639,2021-05-07 16:16:44.619,0.021,3,3,0.9996423,1.3459702e-06,1.6096861e-05,0.0003403144,0.9996423
512,272,walking,2021-05-07 16:16:43.639,2021-05-07 16:16:45.619,0.021,3,3,0.99996287,3.028735e-07,1.1183799e-06,3.568396e-05,0.99996287
512,272,walking,2021-05-07 16:16:44.639,2021-05-07 16:16:46.619,0.021,3,3,0.99999756,1.0734428e-07,6.577789e-08,2.203338e-06,0.99999756
512,272,walking,2021-05-07 16:16:45.639,2021-05-07 16:16:47.619,0.021,3,3,0.9999946,1.0260372e-07,1.4541654e-07,5.146365e-06,0.9999946
512,272,walking,2021-05-07 16:16:46.639,2021-05-07 16:16:48.619,0.021,3,3,0.9902495,1.8254224e-05,0.00037082157,0.009361466,0.9902495
512,272,walking,2021-05-07 16:16:47.639,2021-05-07 16:16:49.619,0.021,3,3,0.9919705,1.2236746e-05,0.00032929576,0.0076879864,0.9919705
512,272,walking,2021-05-07 16:16:48.639,2021-05-07 16:16:50.619,0.021,3,3,0.9974688,7.6213296e-06,0.00016153039,0.0023620487,0.9974688
512,272,walking,2021-05-07 16:16:49.639,2021-05-07 16:16:51.619,0.021,3,3,0.999623,2.3516523e-06,1.6386857e-05,0.00035820564,0.999623
512,272,walking,2021-05-07 16:16:50.639,2021-05-07 16:16:52.619,0.021,3,3,0.99918133,2.4572341e-06,3.058998e-05,0.00078561006,0.99918133
512,272,walking,2021-05-07 16:16:51.639,2021-05-07 16:16:53.619,0.021,3,3,0.9993732,2.1242065e-06,3.3010558e-05,0.00059166504,0.9993732
512,272,walking,2021-05-07 16:16:52.639,2021-05-07 16:16:54.619,0.021,3,3,0.999856,8.929657e-07,5.879091e-06,0.00013731836,0.999856
512,272,walking,2021-05-07 16:16:53.639,2021-05-07 16:16:55.619,0.021,3,3,0.9999955,1.0821837e-07,1.1875787e-07,4.2184092e-06,0.9999955
512,272,walking,2021-05-07 16:16:54.639,2021-05-07 16:16:56.619,0.021,3,3,0.99999493,1.7189092e-07,1.9426683e-07,4.6329556e-06,0.99999493
512,272,walking,2021-05-07 16:16:55.639,2021-05-07 16:16:57.619,0.021,3,3,0.9999917,1.2500568e-07,2.6809198e-07,7.877651e-06,0.9999917
512,272,walking,2021-05-07 16:16:56.639,2021-05-07 16:16:58.619,0.021,3,3,0.9998505,4.034324e-07,3.9889037e-06,0.0001450453,0.9998505
512,272,walking,2021-05-07 16:16:57.639,2021-05-07 16:16:59.619,0.021,3,3,0.98148346,2.7371294e-05,0.00090705743,0.017582107,0.98148346
512,272,walking,2021-05-07 16:16:58.639,2021-05-07 16:17:00.619,0.021,3,3,0.98966557,1.8746381e-05,0.0004830589,0.009832711,0.98966557
512,272,walking,2021-05-07 16:16:59.639,2021-05-07 16:17:01.619,0.021,3,3,0.99925125,2.033009e-06,2.702883e-05,0.0007196005,0.99925125
512,272,walking,2021-05-07 16:17:00.640,2021-05-07 16:17:02.619,0.021,3,3,0.99355435,1.2447536e-05,0.00035688427,0.0060761753,0.99355435
512,272,walking,2021-05-07 16:17:01.640,2021-05-07 16:17:03.619,0.021,3,3,0.9960278,8.767975e-06,0.00015778298,0.003805601,0.9960278
512,272,walking,2021-05-07 16:17:02.640,2021-05-07 16:17:04.619,0.021,3,3,0.9999085,3.4627791e-07,2.0269117e-06,8.9056e-05,0.9999085
512,272,walking,2021-05-07 16:17:03.640,2021-05-07 16:17:05.619,0.021,3,3,0.99965113,1.7772995e-06,1.416181e-05,0.00033300577,0.99965113
512,272,walking,2021-05-07 16:17:04.640,2021-05-07 16:17:06.619,0.021,3,3,0.99955356,2.4369579e-06,1.7919092e-05,0.00042615147,0.99955356
512,272,walking,2021-05-07 16:17:05.640,2021-05-07 16:17:07.619,0.021,3,3,0.99980783,7.5372697e-07,5.7858338e-06,0.00018558747,0.99980783
512,272,walking,2021-05-07 16:17:06.640,2021-05-07 16:17:08.619,0.021,3,3,0.99926484,2.7781346e-06,3.694009e-05,0.0006955429,0.99926484
512,272,walking,2021-05-07 16:17:07.640,2021-05-07 16:17:09.619,0.021,3,3,0.999701,1.5481927e-06,1.1133326e-05,0.0002862,0.999701
512,272,walking,2021-05-07 16:17:08.640,2021-05-07 16:17:10.619,0.021,3,3,0.9963423,6.1211435e-06,0.00011001086,0.0035416058,0.9963423
512,272,walking,2021-05-07 16:17:09.640,2021-05-07 16:17:11.619,0.021,3,3,0.988391,1.7743565e-05,0.00056545995,0.011025635,0.988391
512,272,walking,2021-05-07 16:17:10.640,2021-05-07 16:17:12.619,0.021,3,3,0.9700337,3.3126205e-05,0.0013160382,0.028617106,0.9700337
512,272,walking,2021-05-07 16:17:11.640,2021-05-07 16:17:13.619,0.021,3,3,0.99317116,8.508432e-06,0.00023466437,0.006585777,0.99317116
512,272,walking,2021-05-07 16:17:12.640,2021-05-07 16:17:14.619,0.021,3,3,0.97749794,3.5412555e-05,0.0011908759,0.021275694,0.97749794
512,272,walking,2021-05-07 16:17:13.640,2021-05-07 16:17:15.619,0.021,3,3,0.88700193,0.000107512344,0.004942562,0.10794802,0.88700193
512,272,walking,2021-05-07 16:17:14.640,2021-05-07 16:17:16.619,0.021,3,3,0.99560803,7.825418e-06,0.00018180585,0.004202391,0.99560803
512,272,walking,2021-05-07 16:17:15.640,2021-05-07 16:17:17.619,0.021,3,3,0.8782492,8.749253e-05,0.0070020696,0.114661194,0.8782492
512,272,walking,2021-05-07 16:17:16.639,2021-05-07 16:17:18.619,0.021,3,2,0.5300769,0.0002983567,0.033855453,0.5300769,0.43576926
512,272,walking,2021-05-07 16:17:17.639,2021-05-07 16:17:19.619,0.021,3,3,0.98446304,3.0165802e-05,0.0008520893,0.01465462,0.98446304
512,272,walking,2021-05-07 16:17:18.639,2021-05-07 16:17:20.619,0.021,3,3,0.99773896,3.9915417e-06,8.155875e-05,0.002175521,0.99773896
512,272,walking,2021-05-07 16:17:19.639,2021-05-07 16:17:21.619,0.021,3,3,0.9894335,1.3630456e-05,0.00033934426,0.010213532,0.9894335
512,272,walking,2021-05-07 16:17:20.639,2021-05-07 16:17:22.619,0.021,3,3,0.9978898,6.3727775e-06,7.879824e-05,0.002025029,0.9978898
512,272,walking,2021-05-07 16:17:21.639,2021-05-07 16:17:23.619,0.021,3,3,0.99820656,3.3526617e-06,5.56642e-05,0.0017344442,0.99820656
512,272,walking,2021-05-07 16:17:22.639,2021-05-07 16:17:24.619,0.021,3,3,0.99232846,9.37135e-06,0.00019700582,0.0074651106,0.99232846
512,272,walking,2021-05-07 16:17:23.639,2021-05-07 16:17:25.619,0.021,3,3,0.998654,4.1163744e-06,4.575774e-05,0.001296049,0.998654
512,272,walking,2021-05-07 16:17:24.639,2021-05-07 16:17:26.619,0.021,3,3,0.9923008,1.3592361e-05,0.0003399651,0.0073457225,0.9923008
512,272,walking,2021-05-07 16:17:25.639,2021-05-07 16:17:27.619,0.021,3,3,0.99497885,8.631785e-06,0.0001718461,0.0048406743,0.99497885
512,272,walking,2021-05-07 16:17:26.639,2021-05-07 16:17:28.619,0.021,3,3,0.9957225,6.609744e-06,0.00013863262,0.0041322527,0.9957225
512,272,walking,2021-05-07 16:17:27.639,2021-05-07 16:17:29.619,0.021,3,3,0.9976188,6.6918565e-06,7.345793e-05,0.0023010292,0.9976188
512,272,walking,2021-05-07 16:17:28.639,2021-05-07 16:17:30.619,0.021,3,3,0.99771184,8.182269e-06,7.9326266e-05,0.00220058,0.99771184
512,272,walking,2021-05-07 16:17:29.639,2021-05-07 16:17:31.619,0.021,3,3,0.9996547,1.0877651e-06,1.1052381e-05,0.00033312762,0.9996547
512,272,walking,2021-05-07 16:17:30.639,2021-05-07 16:17:32.619,0.021,3,3,0.99927205,2.6623295e-06,3.1458847e-05,0.0006938201,0.99927205
512,272,walking,2021-05-07 16:17:31.639,2021-05-07 16:17:33.619,0.021,3,3,0.99914825,3.58527e-06,4.2057385e-05,0.00080604875,0.99914825
512,272,walking,2021-05-07 16:17:32.639,2021-05-07 16:17:34.619,0.021,3,3,0.9994074,2.1670737e-06,2.3959416e-05,0.00056651793,0.9994074
512,272,walking,2021-05-07 16:17:33.639,2021-05-07 16:17:35.619,0.021,3,3,0.997382,4.6677005e-06,8.485976e-05,0.0025285229,0.997382
512,272,walking,2021-05-07 16:17:34.639,2021-05-07 16:17:36.619,0.021,3,3,0.9398957,5.9289105e-05,0.002474673,0.057570316,0.9398957
512,272,walking,2021-05-07 16:17:35.639,2021-05-07 16:17:37.619,0.021,3,3,0.7569085,0.0001716473,0.008747809,0.23417209,0.7569085
512,272,walking,2021-05-07 16:17:36.639,2021-05-07 16:17:38.619,0.021,3,3,0.9212653,5.9017453e-05,0.0031130754,0.07556255,0.9212653
512,272,walking,2021-05-07 16:17:37.639,2021-05-07 16:17:39.619,0.021,3,3,0.7939549,0.00015162195,0.012000789,0.19389263,0.7939549
512,275,standing,2021-05-07 16:17:42.439,2021-05-07 16:17:44.419,0.021,2,2,0.80634,0.00013999779,0.19248308,0.80634,0.0010370008
512,275,standing,2021-05-07 16:17:43.439,2021-05-07 16:17:45.419,0.021,2,2,0.7926576,0.00012541837,0.20649081,0.7926576,0.00072621723
512,275,standing,2021-05-07 16:17:44.439,2021-05-07 16:17:46.419,0.021,2,2,0.80211765,0.0001281152,0.19694042,0.80211765,0.0008137272
512,275,standing,2021-05-07 16:17:45.439,2021-05-07 16:17:47.419,0.021,2,2,0.8182984,0.0001482708,0.17984766,0.8182984,0.0017056542
512,275,standing,2021-05-07 16:17:46.439,2021-05-07 16:17:48.419,0.021,2,2,0.81348974,0.000159621,0.18416174,0.81348974,0.0021888912
512,275,standing,2021-05-07 16:17:47.439,2021-05-07 16:17:49.419,0.021,2,2,0.8052015,0.000141964,0.19347967,0.8052015,0.0011767889
512,275,standing,2021-05-07 16:17:48.439,2021-05-07 16:17:50.419,0.021,2,2,0.8084746,0.00013900826,0.19025177,0.8084746,0.0011346021
512,275,standing,2021-05-07 16:17:49.439,2021-05-07 16:17:51.419,0.021,2,2,0.7998229,0.00014957972,0.19877005,0.7998229,0.0012574517
512,275,standing,2021-05-07 16:17:50.439,2021-05-07 16:17:52.419,0.021,2,2,0.7821,0.00014005127,0.21689351,0.7821,0.0008662909
512,279,standing,2021-05-07 16:17:56.159,2021-05-07 16:17:58.139,0.021,2,2,0.8855688,0.0001549221,0.11016736,0.8855688,0.0041089715
512,279,standing,2021-05-07 16:17:57.159,2021-05-07 16:17:59.139,0.021,2,2,0.83895713,0.00018131516,0.15697525,0.83895713,0.0038861965
512,279,standing,2021-05-07 16:17:58.159,2021-05-07 16:18:00.140,0.021,2,2,0.8061511,0.00016197187,0.19162454,0.8061511,0.0020623053
512,279,standing,2021-05-07 16:17:59.159,2021-05-07 16:18:01.140,0.021,2,2,0.78667885,0.00014895505,0.21191178,0.78667885,0.0012604519
512,279,standing,2021-05-07 16:18:00.160,2021-05-07 16:18:02.140,0.021,2,2,0.83472234,0.00016737798,0.16262569,0.83472234,0.0024845407
512,281,standing,2021-05-07 16:18:06.840,2021-05-07 16:18:08.819,0.021,2,2,0.8594549,0.00014275895,0.13835458,0.8594549,0.0020478033
512,281,standing,2021-05-07 16:18:07.840,2021-05-07 16:18:09.819,0.021,2,2,0.8617843,0.00013591687,0.13639393,0.8617843,0.0016858046
512,281,standing,2021-05-07 16:18:08.840,2021-05-07 16:18:10.819,0.021,2,2,0.8832673,0.00013491047,0.11427433,0.8832673,0.0023234426
512,285,standing,2021-05-07 16:18:13.520,2021-05-07 16:18:15.500,0.021,2,2,0.8336834,0.00021407442,0.15825118,0.8336834,0.007851357
512,285,standing,2021-05-07 16:18:14.520,2021-05-07 16:18:16.500,0.021,2,2,0.8447618,0.00017044423,0.15219273,0.8447618,0.002875122
512,287,standing,2021-05-07 16:18:18.280,2021-05-07 16:18:20.260,0.021,2,2,0.8679683,0.00019824458,0.12215991,0.8679683,0.009673462
512,288,walking,2021-05-07 16:18:20.319,2021-05-07 16:18:22.299,0.021,3,3,0.9261043,6.829602e-05,0.004557636,0.06926984,0.9261043
512,288,walking,2021-05-07 16:18:21.319,2021-05-07 16:18:23.299,0.021,3,3,0.92865694,5.9304264e-05,0.004578996,0.06670469,0.92865694
512,288,walking,2021-05-07 16:18:22.319,2021-05-07 16:18:24.299,0.021,3,3,0.99217176,1.6869932e-05,0.00055613683,0.007255274,0.99217176
512,288,walking,2021-05-07 16:18:23.319,2021-05-07 16:18:25.299,0.021,3,3,0.9983571,5.3777126e-06,7.5639095e-05,0.0015618153,0.9983571
512,288,walking,2021-05-07 16:18:24.319,2021-05-07 16:18:26.299,0.021,3,3,0.98278785,3.506347e-05,0.001064826,0.01611227,0.98278785
512,288,walking,2021-05-07 16:18:25.319,2021-05-07 16:18:27.299,0.021,3,3,0.9989514,3.085205e-06,4.6585807e-05,0.0009988688,0.9989514
512,288,walking,2021-05-07 16:18:26.319,2021-05-07 16:18:28.299,0.021,3,3,0.9992351,2.7205108e-06,4.3410688e-05,0.0007187058,0.9992351
512,289,standing,2021-05-07 16:18:28.360,2021-05-07 16:18:30.340,0.021,2,2,0.8563002,0.00019876032,0.10003194,0.8563002,0.043469064
512,290,walking,2021-05-07 16:18:30.360,2021-05-07 16:18:32.340,0.021,3,3,0.99277055,1.5199994e-05,0.0003673929,0.0068468736,0.99277055
512,290,walking,2021-05-07 16:18:31.360,2021-05-07 16:18:33.340,0.021,3,3,0.9869538,2.1512373e-05,0.00067199307,0.012352628,0.9869538
512,290,walking,2021-05-07 16:18:32.360,2021-05-07 16:18:34.340,0.021,3,3,0.998393,3.97716e-06,7.07625e-05,0.0015322889,0.998393
512,290,walking,2021-05-07 16:18:33.360,2021-05-07 16:18:35.340,0.021,3,3,0.9986177,4.304085e-06,6.084857e-05,0.0013171881,0.9986177
512,290,walking,2021-05-07 16:18:34.360,2021-05-07 16:18:36.340,0.021,3,3,0.984039,2.2759625e-05,0.00080767786,0.015130579,0.984039
512,290,walking,2021-05-07 16:18:35.360,2021-05-07 16:18:37.340,0.021,3,3,0.9949625,1.0579523e-05,0.00026887745,0.0047581145,0.9949625
512,290,walking,2021-05-07 16:18:36.360,2021-05-07 16:18:38.340,0.021,3,3,0.9950283,9.464083e-06,0.00022170757,0.004740524,0.9950283
512,290,walking,2021-05-07 16:18:37.360,2021-05-07 16:18:39.340,0.021,3,3,0.9826152,2.797938e-05,0.0009056143,0.016451282,0.9826152
512,290,walking,2021-05-07 16:18:38.360,2021-05-07 16:18:40.340,0.021,3,3,0.99535966,1.03861075e-05,0.0002857256,0.0043441514,0.99535966
512,290,walking,2021-05-07 16:18:39.360,2021-05-07 16:18:41.340,0.021,3,3,0.95482945,6.063826e-05,0.0033658477,0.041744024,0.95482945
512,290,walking,2021-05-07 16:18:40.360,2021-05-07 16:18:42.340,0.021,3,2,0.6766447,0.0002850964,0.066997506,0.6766447,0.25607264
512,290,walking,2021-05-07 16:18:41.360,2021-05-07 16:18:43.340,0.021,3,3,0.8737913,8.241154e-05,0.0075348755,0.118591435,0.8737913
512,290,walking,2021-05-07 16:18:42.360,2021-05-07 16:18:44.340,0.021,3,3,0.99137247,1.3133343e-05,0.0003564136,0.008258014,0.99137247
512,290,walking,2021-05-07 16:18:43.360,2021-05-07 16:18:45.340,0.021,3,3,0.9740745,3.1393392e-05,0.0014889977,0.024405131,0.9740745
512,290,walking,2021-05-07 16:18:44.360,2021-05-07 16:18:46.340,0.021,3,3,0.9356558,7.394731e-05,0.004149461,0.06012084,0.9356558
512,290,walking,2021-05-07 16:18:45.360,2021-05-07 16:18:47.340,0.021,3,3,0.9882911,1.9532243e-05,0.00054094935,0.01114838,0.9882911
512,290,walking,2021-05-07 16:18:46.360,2021-05-07 16:18:48.340,0.021,3,3,0.99984074,8.6042746e-07,4.738425e-06,0.00015372621,0.99984074
512,290,walking,2021-05-07 16:18:47.360,2021-05-07 16:18:49.340,0.021,3,3,0.9974513,5.5398978e-06,9.1200076e-05,0.002451821,0.9974513
512,290,walking,2021-05-07 16:18:48.360,2021-05-07 16:18:50.340,0.021,3,3,0.966565,4.5658864e-05,0.0017958571,0.03159342,0.966565
512,290,walking,2021-05-07 16:18:49.360,2021-05-07 16:18:51.340,0.021,3,3,0.9254441,9.5321404e-05,0.004601554,0.06985897,0.9254441
512,290,walking,2021-05-07 16:18:50.360,2021-05-07 16:18:52.340,0.021,3,3,0.98617613,1.9133617e-05,0.00055590103,0.013248712,0.98617613
512,290,walking,2021-05-07 16:18:51.360,2021-05-07 16:18:53.340,0.021,3,3,0.9775477,3.0100235e-05,0.0011032302,0.02131901,0.9775477
512,290,walking,2021-05-07 16:18:52.360,2021-05-07 16:18:54.340,0.021,3,3,0.97344995,4.102293e-05,0.0011942248,0.025314908,0.97344995
512,290,walking,2021-05-07 16:18:53.360,2021-05-07 16:18:55.340,0.021,3,3,0.9969046,8.011624e-06,9.510842e-05,0.0029922186,0.9969046
512,290,walking,2021-05-07 16:18:54.360,2021-05-07 16:18:56.340,0.021,3,3,0.99977684,9.294526e-07,6.7384894e-06,0.00021557604,0.99977684
512,290,walking,2021-05-07 16:18:55.360,2021-05-07 16:18:57.340,0.021,3,3,0.99278,1.4080425e-05,0.0003436344,0.0068622716,0.99278
512,290,walking,2021-05-07 16:18:56.360,2021-05-07 16:18:58.340,0.021,3,3,0.93490076,7.967801e-05,0.0034791057,0.061540548,0.93490076
512,290,walking,2021-05-07 16:18:57.360,2021-05-07 16:18:59.340,0.021,3,3,0.99886686,2.4511862e-06,4.1704494e-05,0.0010889976,0.99886686
512,290,walking,2021-05-07 16:18:58.360,2021-05-07 16:19:00.339,0.021,3,3,0.9999581,3.6371313e-07,1.1694339e-06,4.0267285e-05,0.9999581
512,290,walking,2021-05-07 16:18:59.360,2021-05-07 16:19:01.339,0.021,3,3,0.99884325,4.30033e-06,5.047747e-05,0.001102041,0.99884325
512,290,walking,2021-05-07 16:19:00.359,2021-05-07 16:19:02.339,0.021,3,3,0.95643556,4.975749e-05,0.002517435,0.040997237,0.95643556
512,290,walking,2021-05-07 16:19:01.359,2021-05-07 16:19:03.339,0.021,3,3,0.9872008,1.9619194e-05,0.0005469108,0.012232559,0.9872008
512,290,walking,2021-05-07 16:19:02.359,2021-05-07 16:19:04.340,0.021,3,3,0.9704747,2.815247e-05,0.0011352871,0.028361812,0.9704747
512,290,walking,2021-05-07 16:19:03.359,2021-05-07 16:19:05.340,0.021,3,3,0.9845297,1.665774e-05,0.00063607213,0.014817561,0.9845297
512,290,walking,2021-05-07 16:19:04.359,2021-05-07 16:19:06.340,0.021,3,3,0.9889072,2.0921541e-05,0.0005030221,0.010568779,0.9889072
512,290,walking,2021-05-07 16:19:05.359,2021-05-07 16:19:07.340,0.021,3,3,0.96950024,4.4071614e-05,0.0015512927,0.028904337,0.96950024
512,290,walking,2021-05-07 16:19:06.359,2021-05-07 16:19:08.340,0.021,3,3,0.99377704,1.1542354e-05,0.00023968704,0.0059716958,0.99377704
512,292,standing,2021-05-07 16:19:10.559,2021-05-07 16:19:12.539,0.021,2,2,0.8536246,0.00014187788,0.14385122,0.8536246,0.0023823415
512,292,standing,2021-05-07 16:19:11.559,2021-05-07 16:19:13.539,0.021,2,2,0.85370225,0.00013660557,0.14405422,0.85370225,0.002106962
512,292,standing,2021-05-07 16:19:12.559,2021-05-07 16:19:14.539,0.021,2,2,0.8312034,0.00012493724,0.16743487,0.8312034,0.0012368534
512,292,standing,2021-05-07 16:19:13.559,2021-05-07 16:19:15.539,0.021,2,2,0.82358795,0.00012904471,0.17512855,0.82358795,0.0011543815
512,292,standing,2021-05-07 16:19:14.559,2021-05-07 16:19:16.540,0.021,2,2,0.8257145,0.00014597658,0.17237999,0.8257145,0.0017596218
512,292,standing,2021-05-07 16:19:15.559,2021-05-07 16:19:17.540,0.021,2,2,0.83373946,0.0001541818,0.16412024,0.83373946,0.0019860514
512,292,standing,2021-05-07 16:19:16.559,2021-05-07 16:19:18.540,0.021,2,2,0.8744007,0.00017972704,0.118945844,0.8744007,0.0064737196
512,292,standing,2021-05-07 16:19:17.559,2021-05-07 16:19:19.540,0.021,2,2,0.8799313,0.00022826377,0.085240446,0.8799313,0.034599904
512,292,standing,2021-05-07 16:19:18.559,2021-05-07 16:19:20.540,0.021,2,2,0.90057516,0.00019432267,0.08345703,0.90057516,0.015773488
512,292,standing,2021-05-07 16:19:19.559,2021-05-07 16:19:21.540,0.021,2,2,0.9138974,0.00014821658,0.0821788,0.9138974,0.0037755098
512,293,walking,2021-05-07 16:19:21.680,2021-05-07 16:19:23.659,0.021,3,3,0.9908458,1.4301601e-05,0.0003630171,0.008776845,0.9908458
512,293,walking,2021-05-07 16:19:22.680,2021-05-07 16:19:24.659,0.021,3,3,0.99406064,7.3660935e-06,0.0001938228,0.005738184,0.99406064
512,293,walking,2021-05-07 16:19:23.680,2021-05-07 16:19:25.659,0.021,3,3,0.9695927,3.5598398e-05,0.0012235853,0.029148115,0.9695927
512,293,walking,2021-05-07 16:19:24.680,2021-05-07 16:19:26.659,0.021,3,3,0.9453083,5.654154e-05,0.0026706068,0.05196441,0.9453083
512,293,walking,2021-05-07 16:19:25.680,2021-05-07 16:19:27.659,0.021,3,3,0.98648286,2.245839e-05,0.00062040327,0.012874213,0.98648286
512,293,walking,2021-05-07 16:19:26.680,2021-05-07 16:19:28.659,0.021,3,3,0.9930587,1.4682019e-05,0.00028644674,0.006640239,0.9930587
512,293,walking,2021-05-07 16:19:27.680,2021-05-07 16:19:29.659,0.021,3,3,0.9972407,4.9077103e-06,8.821625e-05,0.0026661037,0.9972407
512,293,walking,2021-05-07 16:19:28.680,2021-05-07 16:19:30.659,0.021,3,3,0.99400455,1.269757e-05,0.00023542909,0.0057473676,0.99400455
512,293,walking,2021-05-07 16:19:29.680,2021-05-07 16:19:31.659,0.021,3,3,0.9977225,8.792681e-06,0.00010387641,0.0021647648,0.9977225
512,293,walking,2021-05-07 16:19:30.680,2021-05-07 16:19:32.659,0.021,3,3,0.99577,1.1141586e-05,0.00021403986,0.0040048286,0.99577
512,293,walking,2021-05-07 16:19:31.680,2021-05-07 16:19:33.659,0.021,3,3,0.99824905,4.8975953e-06,7.935097e-05,0.0016667737,0.99824905
512,293,walking,2021-05-07 16:19:32.680,2021-05-07 16:19:34.659,0.021,3,3,0.9995519,2.0175216e-06,1.6959279e-05,0.00042911316,0.9995519
512,293,walking,2021-05-07 16:19:33.680,2021-05-07 16:19:35.659,0.021,3,3,0.98332256,2.6053614e-05,0.0007154809,0.01593582,0.98332256
512,293,walking,2021-05-07 16:19:34.680,2021-05-07 16:19:36.659,0.021,3,3,0.9764412,3.3445467e-05,0.0012468576,0.022278547,0.9764412
512,293,walking,2021-05-07 16:19:35.680,2021-05-07 16:19:37.659,0.021,3,3,0.9950089,1.1950444e-05,0.00024746582,0.004731683,0.9950089
512,293,walking,2021-05-07 16:19:36.680,2021-05-07 16:19:38.659,0.021,3,3,0.9936991,1.1340517e-05,0.0002733839,0.0060161725,0.9936991
512,293,walking,2021-05-07 16:19:37.680,2021-05-07 16:19:39.659,0.021,3,3,0.99961275,1.4005635e-06,1.3401941e-05,0.00037242656,0.99961275
512,293,walking,2021-05-07 16:19:38.680,2021-05-07 16:19:40.659,0.021,3,3,0.9990899,4.57433e-06,3.7969985e-05,0.0008676506,0.9990899
512,293,walking,2021-05-07 16:19:39.680,2021-05-07 16:19:41.659,0.021,3,3,0.9985491,5.328447e-06,6.0955263e-05,0.0013845043,0.9985491
512,293,walking,2021-05-07 16:19:40.680,2021-05-07 16:19:42.659,0.021,3,3,0.9946871,1.16683e-05,0.00021491735,0.0050862907,0.9946871
512,293,walking,2021-05-07 16:19:41.680,2021-05-07 16:19:43.659,0.021,3,3,0.99985933,8.229936e-07,5.1557777e-06,0.00013462354,0.99985933
512,293,walking,2021-05-07 16:19:42.680,2021-05-07 16:19:44.659,0.021,3,3,0.99711543,8.019129e-06,0.00010119911,0.0027752684,0.99711543
512,293,walking,2021-05-07 16:19:43.680,2021-05-07 16:19:45.659,0.021,3,3,0.99288183,1.593103e-05,0.0002448061,0.0068574795,0.99288183
512,293,walking,2021-05-07 16:19:44.680,2021-05-07 16:19:46.659,0.021,3,3,0.9856134,2.5781534e-05,0.0006353522,0.013725461,0.9856134
512,293,walking,2021-05-07 16:19:45.680,2021-05-07 16:19:47.659,0.021,3,3,0.9998603,7.0144824e-07,3.8256358e-06,0.00013526004,0.9998603
512,293,walking,2021-05-07 16:19:46.680,2021-05-07 16:19:48.659,0.021,3,3,0.99993426,5.2906324e-07,1.91537e-06,6.325358e-05,0.99993426
512,293,walking,2021-05-07 16:19:47.680,2021-05-07 16:19:49.659,0.021,3,3,0.99729735,8.684983e-06,0.00013380588,0.0025601443,0.99729735
512,293,walking,2021-05-07 16:19:48.680,2021-05-07 16:19:50.659,0.021,3,3,0.9884781,2.315673e-05,0.000614422,0.010884241,0.9884781
512,293,walking,2021-05-07 16:19:49.680,2021-05-07 16:19:51.659,0.021,3,3,0.9993252,2.219162e-06,2.1551761e-05,0.0006510058,0.9993252
512,293,walking,2021-05-07 16:19:50.680,2021-05-07 16:19:52.659,0.021,3,3,0.99994,3.1244574e-07,1.4823971e-06,5.819713e-05,0.99994
512,293,walking,2021-05-07 16:19:51.680,2021-05-07 16:19:53.659,0.021,3,3,0.9982682,5.012506e-06,5.8821028e-05,0.0016680722,0.9982682
512,293,walking,2021-05-07 16:19:52.680,2021-05-07 16:19:54.659,0.021,3,3,0.99301416,1.6132657e-05,0.00033994048,0.0066296784,0.99301416
512,293,walking,2021-05-07 16:19:53.680,2021-05-07 16:19:55.659,0.021,3,3,0.98727775,2.5098541e-05,0.00067787594,0.012019283,0.98727775
512,293,walking,2021-05-07 16:19:54.680,2021-05-07 16:19:56.659,0.021,3,3,0.999135,2.5539828e-06,3.344625e-05,0.00082896237,0.999135
512,293,walking,2021-05-07 16:19:55.680,2021-05-07 16:19:57.659,0.021,3,3,0.99921674,2.8399547e-06,2.7986958e-05,0.0007523593,0.99921674
512,293,walking,2021-05-07 16:19:56.680,2021-05-07 16:19:58.659,0.021,3,3,0.99608076,9.969231e-06,0.00015740887,0.0037518537,0.99608076
512,293,walking,2021-05-07 16:19:57.680,2021-05-07 16:19:59.659,0.021,3,3,0.9993004,2.0641749e-06,2.3877998e-05,0.00067370065,0.9993004
512,293,walking,2021-05-07 16:19:58.680,2021-05-07 16:20:00.660,0.021,3,3,0.99982953,9.009013e-07,5.673946e-06,0.00016395973,0.99982953
512,293,walking,2021-05-07 16:19:59.680,2021-05-07 16:20:01.660,0.021,3,3,0.99830276,4.92791e-06,6.634496e-05,0.0016260082,0.99830276
512,293,walking,2021-05-07 16:20:00.680,2021-05-07 16:20:02.660,0.021,3,3,0.9900478,2.070143e-05,0.0004934952,0.009437979,0.9900478
512,293,walking,2021-05-07 16:20:01.680,2021-05-07 16:20:03.660,0.021,3,3,0.9999308,4.139997e-07,1.8121416e-06,6.6931825e-05,0.9999308
512,293,walking,2021-05-07 16:20:02.680,2021-05-07 16:20:04.659,0.021,3,3,0.9994716,2.1536312e-06,1.6002848e-05,0.000510183,0.9994716
512,293,walking,2021-05-07 16:20:03.680,2021-05-07 16:20:05.659,0.021,3,3,0.99911845,3.6558251e-06,4.1085346e-05,0.00083679374,0.99911845
512,293,walking,2021-05-07 16:20:04.680,2021-05-07 16:20:06.659,0.021,3,3,0.9999812,1.4249845e-07,4.805146e-07,1.8068444e-05,0.9999812
512,293,walking,2021-05-07 16:20:05.680,2021-05-07 16:20:07.659,0.021,3,3,0.9998393,9.4957534e-07,5.003737e-06,0.00015477723,0.9998393
512,293,walking,2021-05-07 16:20:06.680,2021-05-07 16:20:08.659,0.021,3,3,0.99650234,9.920981e-06,0.0001652518,0.0033225566,0.99650234
512,293,walking,2021-05-07 16:20:07.680,2021-05-07 16:20:09.659,0.021,3,3,0.9897311,1.8735664e-05,0.00046498264,0.009785217,0.9897311
512,293,walking,2021-05-07 16:20:08.680,2021-05-07 16:20:10.659,0.021,3,3,0.9991497,2.4271867e-06,3.121893e-05,0.00081666553,0.9991497
512,293,walking,2021-05-07 16:20:09.680,2021-05-07 16:20:11.659,0.021,3,3,0.9992712,3.2392381e-06,2.9062925e-05,0.0006964534,0.9992712
512,293,walking,2021-05-07 16:20:10.680,2021-05-07 16:20:12.659,0.021,3,3,0.99978137,1.3625997e-06,6.470558e-06,0.00021090677,0.99978137
512,293,walking,2021-05-07 16:20:11.680,2021-05-07 16:20:13.659,0.021,3,3,0.9998629,7.150673e-07,3.9201054e-06,0.00013260363,0.9998629
512,293,walking,2021-05-07 16:20:12.680,2021-05-07 16:20:14.659,0.021,3,3,0.99962133,1.5602274e-06,1.3365462e-05,0.00036372922,0.99962133
512,293,walking,2021-05-07 16:20:13.680,2021-05-07 16:20:15.659,0.021,3,3,0.9981392,6.103443e-06,7.78471e-05,0.0017768631,0.9981392
512,293,walking,2021-05-07 16:20:14.680,2021-05-07 16:20:16.659,0.021,3,3,0.99950117,1.6533452e-06,1.7201688e-05,0.00048002158,0.99950117
512,293,walking,2021-05-07 16:20:15.680,2021-05-07 16:20:17.659,0.021,3,3,0.9999853,1.1390238e-07,3.731675e-07,1.4171638e-05,0.9999853
512,293,walking,2021-05-07 16:20:16.680,2021-05-07 16:20:18.659,0.021,3,3,0.99981475,9.217428e-07,5.044681e-06,0.00017931785,0.99981475
512,293,walking,2021-05-07 16:20:17.680,2021-05-07 16:20:19.659,0.021,3,3,0.999846,1.0385722e-06,5.0959493e-06,0.00014785053,0.999846
512,293,walking,2021-05-07 16:20:18.680,2021-05-07 16:20:20.659,0.021,3,3,0.9999978,3.5062616e-08,4.5444033e-08,2.0071714e-06,0.9999978
512,293,walking,2021-05-07 16:20:19.680,2021-05-07 16:20:21.659,0.021,3,3,0.9999564,3.736018e-07,1.2430851e-06,4.1874315e-05,0.9999564
512,293,walking,2021-05-07 16:20:20.680,2021-05-07 16:20:22.659,0.021,3,3,0.9997952,1.3054182e-06,8.020707e-06,0.0001955209,0.9997952
512,293,walking,2021-05-07 16:20:21.680,2021-05-07 16:20:23.659,0.021,3,3,0.99987483,4.6756668e-07,3.574844e-06,0.000121249825,0.99987483
512,293,walking,2021-05-07 16:20:22.680,2021-05-07 16:20:24.659,0.021,3,3,0.99815845,4.656186e-06,6.318577e-05,0.0017736849,0.99815845
512,293,walking,2021-05-07 16:20:23.680,2021-05-07 16:20:25.659,0.021,3,3,0.99134856,1.8562709e-05,0.0004796425,0.008153222,0.99134856
512,293,walking,2021-05-07 16:20:24.680,2021-05-07 16:20:26.659,0.021,3,3,0.99016297,1.7863167e-05,0.0004942332,0.009324959,0.99016297
512,293,walking,2021-05-07 16:20:25.680,2021-05-07 16:20:27.659,0.021,3,3,0.99980664,6.735577e-07,5.3288572e-06,0.00018729059,0.99980664
512,296,standing,2021-05-07 16:20:32.400,2021-05-07 16:20:34.380,0.021,2,2,0.8328927,0.00013942395,0.16559815,0.8328927,0.0013696589
512,296,standing,2021-05-07 16:20:33.400,2021-05-07 16:20:35.380,0.021,2,2,0.856544,0.00015390996,0.14079547,0.856544,0.0025066342
512,296,standing,2021-05-07 16:20:34.400,2021-05-07 16:20:36.380,0.021,2,2,0.9015191,0.00017392439,0.091564044,0.9015191,0.0067429254
512,298,standing,2021-05-07 16:20:39.400,2021-05-07 16:20:41.380,0.021,2,2,0.9360006,0.00013709854,0.055110447,0.9360006,0.00875183
512,301,walking,2021-05-07 16:20:49.000,2021-05-07 16:20:50.979,0.021,3,3,0.8690594,9.0159374e-05,0.0042476244,0.12660283,0.8690594
512,301,walking,2021-05-07 16:20:50.000,2021-05-07 16:20:51.979,0.021,3,3,0.9964252,9.74128e-06,0.00014737237,0.0034176467,0.9964252
512,301,walking,2021-05-07 16:20:51.000,2021-05-07 16:20:52.979,0.021,3,3,0.97136,0.00011766062,0.0024038972,0.026118444,0.97136
512,301,walking,2021-05-07 16:20:52.000,2021-05-07 16:20:53.979,0.021,3,3,0.99983335,1.242964e-06,6.716459e-06,0.00015872,0.99983335
512,301,walking,2021-05-07 16:20:53.000,2021-05-07 16:20:54.979,0.021,3,3,0.9995932,1.635952e-06,1.2664845e-05,0.00039253244,0.9995932
512,302,walking,2021-05-07 16:21:35.360,2021-05-07 16:21:37.340,0.021,3,3,0.9675531,4.3309545e-05,0.0013305414,0.031073008,0.9675531
512,304,walking,2021-05-07 16:21:38.319,2021-05-07 16:21:40.299,0.021,3,3,0.9998354,9.762438e-07,4.9422583e-06,0.00015867688,0.9998354
512,304,walking,2021-05-07 16:21:39.319,2021-05-07 16:21:41.299,0.021,3,3,0.9996326,2.4949936e-06,1.5156855e-05,0.00034971136,0.9996326
512,304,walking,2021-05-07 16:21:40.319,2021-05-07 16:21:42.299,0.021,3,3,0.99390256,1.1730778e-05,0.00026492312,0.005820783,0.99390256
512,304,walking,2021-05-07 16:21:41.319,2021-05-07 16:21:43.299,0.021,3,3,0.83266723,9.173107e-05,0.005982684,0.16125828,0.83266723
