subject,segment,activity,start_time,end_time,max_interval_seconds,true,predicted,confidence,prob_lying,prob_sitting,prob_standing,prob_walking
511,0,standing,2021-05-07 10:10:25.903,2021-05-07 10:10:27.884,0.021,2,2,0.9991311,7.889193e-06,7.852743e-06,0.9991311,0.00085318106
511,0,standing,2021-05-07 10:10:26.903,2021-05-07 10:10:28.884,0.021,2,2,0.99931735,5.7330903e-06,6.1517876e-06,0.99931735,0.00067063165
511,0,standing,2021-05-07 10:10:27.903,2021-05-07 10:10:29.884,0.021,2,2,0.9994952,5.9130175e-06,6.0057787e-06,0.9994952,0.0004929432
511,0,standing,2021-05-07 10:10:28.903,2021-05-07 10:10:30.884,0.021,2,2,0.9994118,7.498962e-06,7.765865e-06,0.9994118,0.0005729399
511,0,standing,2021-05-07 10:10:29.903,2021-05-07 10:10:31.884,0.021,2,2,0.9993122,8.66518e-06,9.225935e-06,0.9993122,0.00067001034
511,0,standing,2021-05-07 10:10:30.903,2021-05-07 10:10:32.883,0.021,2,2,0.9996571,6.2914323e-06,5.392187e-06,0.9996571,0.00033125898
511,0,standing,2021-05-07 10:10:31.903,2021-05-07 10:10:33.883,0.021,2,2,0.9997678,4.742935e-06,3.8437493e-06,0.9997678,0.00022360154
511,0,standing,2021-05-07 10:10:32.903,2021-05-07 10:10:34.883,0.021,2,2,0.99978304,4.5080747e-06,3.5713672e-06,0.99978304,0.0002089617
511,0,standing,2021-05-07 10:10:33.903,2021-05-07 10:10:35.883,0.021,2,2,0.9997113,5.3064873e-06,4.482989e-06,0.9997113,0.0002788876
511,0,standing,2021-05-07 10:10:34.903,2021-05-07 10:10:36.883,0.021,2,2,0.9996881,5.710363e-06,4.7142876e-06,0.9996881,0.00030160107
511,0,standing,2021-05-07 10:10:35.903,2021-05-07 10:10:37.883,0.021,2,2,0.99975383,5.2588825e-06,3.9382103e-06,0.99975383,0.00023690486
511,0,standing,2021-05-07 10:10:36.903,2021-05-07 10:10:38.883,0.021,2,2,0.99981904,4.527393e-06,3.135169e-06,0.99981904,0.00017347667
511,0,standing,2021-05-07 10:10:37.903,2021-05-07 10:10:39.883,0.021,2,2,0.9998684,3.65343e-06,2.3762036e-06,0.9998684,0.00012565976
511,0,standing,2021-05-07 10:10:38.903,2021-05-07 10:10:40.883,0.021,2,2,0.9998083,4.390928e-06,2.8346963e-06,0.9998083,0.00018442326
511,0,standing,2021-05-07 10:10:39.903,2021-05-07 10:10:41.883,0.021,2,2,0.99972403,5.1790335e-06,3.8174544e-06,0.99972403,0.00026694106
511,0,standing,2021-05-07 10:10:40.903,2021-05-07 10:10:42.883,0.021,2,2,0.9997413,4.5942284e-06,3.8615476e-06,0.9997413,0.0002501992
511,0,standing,2021-05-07 10:10:41.903,2021-05-07 10:10:43.883,0.021,2,2,0.99980164,4.2347037e-06,3.2475568e-06,0.99980164,0.00019097194
511,0,standing,2021-05-07 10:10:42.903,2021-05-07 10:10:44.883,0.021,2,2,0.99989,3.5645967e-06,2.0583295e-06,0.99989,0.000104336345
511,0,standing,2021-05-07 10:10:43.903,2021-05-07 10:10:45.883,0.021,2,2,0.99992245,3.1597447e-06,1.5873306e-06,0.99992245,7.271018e-05
511,0,standing,2021-05-07 10:10:44.903,2021-05-07 10:10:46.883,0.021,2,2,0.9999171,3.0360852e-06,1.6395047e-06,0.9999171,7.819011e-05
511,2,standing,2021-05-07 10:10:51.243,2021-05-07 10:10:53.223,0.021,2,2,0.99676174,2.039553e-05,2.787337e-05,0.99676174,0.0031899095
511,3,walking,2021-05-07 10:10:54.043,2021-05-07 10:10:56.023,0.021,3,3,0.9999868,3.1476285e-10,7.4010025e-08,1.3038188e-05,0.9999868
511,3,walking,2021-05-07 10:10:55.043,2021-05-07 10:10:57.023,0.021,3,3,0.99999696,2.4693783e-10,2.9234876e-08,2.9423009e-06,0.99999696
511,3,walking,2021-05-07 10:10:56.043,2021-05-07 10:10:58.023,0.021,3,3,0.999996,1.6189887e-08,5.1816556e-07,3.3620463e-06,0.999996
511,4,sitting,2021-05-07 10:11:00.444,2021-05-07 10:11:02.424,0.021,1,1,0.9999996,3.353219e-07,0.9999996,1.08784605e-11,5.68027e-08
511,4,sitting,2021-05-07 10:11:01.444,2021-05-07 10:11:03.424,0.021,1,1,0.9999998,1.1448013e-07,0.9999998,5.9468246e-12,2.3380988e-08
511,4,sitting,2021-05-07 10:11:02.444,2021-05-07 10:11:04.423,0.021,1,1,0.99999994,3.94836e-08,0.99999994,1.3350192e-12,2.2593527e-08
511,4,sitting,2021-05-07 10:11:03.444,2021-05-07 10:11:05.423,0.021,1,1,0.99999994,2.916401e-08,0.99999994,9.670667e-13,1.6800591e-08
511,4,sitting,2021-05-07 10:11:04.444,2021-05-07 10:11:06.423,0.021,1,1,0.99999994,2.5172424e-08,0.99999994,7.6154496e-13,1.9270573e-08
511,4,sitting,2021-05-07 10:11:05.444,2021-05-07 10:11:07.423,0.021,1,1,0.99999994,2.2955541e-08,0.99999994,7.10144e-13,2.0782082e-08
511,4,sitting,2021-05-07 10:11:06.444,2021-05-07 10:11:08.423,0.021,1,1,0.99999994,2.011719e-08,0.99999994,7.841261e-13,1.9630459e-08
511,4,sitting,2021-05-07 10:11:07.444,2021-05-07 10:11:09.423,0.021,1,1,0.99999994,1.6951846e-08,0.99999994,6.73601e-13,1.9781554e-08
511,4,sitting,2021-05-07 10:11:08.444,2021-05-07 10:11:10.423,0.021,1,1,0.99999994,1.6887432e-08,0.99999994,7.030174e-13,1.9850646e-08
511,4,sitting,2021-05-07 10:11:09.444,2021-05-07 10:11:11.423,0.021,1,1,0.99999994,1.6284842e-08,0.99999994,6.2540066e-13,2.1093413e-08
511,4,sitting,2021-05-07 10:11:10.444,2021-05-07 10:11:12.423,0.021,1,1,0.99999994,1.5642142e-08,0.99999994,5.089866e-13,2.1486276e-08
511,4,sitting,2021-05-07 10:11:11.444,2021-05-07 10:11:13.423,0.021,1,1,0.99999994,1.5084446e-08,0.99999994,5.117805e-13,2.1966837e-08
511,4,sitting,2021-05-07 10:11:12.444,2021-05-07 10:11:14.423,0.021,1,1,0.99999994,1.5070068e-08,0.99999994,5.084452e-13,2.2391252e-08
511,4,sitting,2021-05-07 10:11:13.444,2021-05-07 10:11:15.423,0.021,1,1,0.99999994,1.6308682e-08,0.99999994,5.87309e-13,2.1215143e-08
511,4,sitting,2021-05-07 10:11:14.444,2021-05-07 10:11:16.423,0.021,1,1,0.99999994,1.5140799e-08,0.99999994,5.6883675e-13,2.1227002e-08
511,4,sitting,2021-05-07 10:11:15.444,2021-05-07 10:11:17.423,0.021,1,1,0.99999994,1.2357395e-08,0.99999994,4.5963293e-13,2.5862237e-08
511,4,sitting,2021-05-07 10:11:16.444,2021-05-07 10:11:18.423,0.021,1,1,0.99999994,1.3964809e-08,0.99999994,5.1695464e-13,2.488414e-08
511,4,sitting,2021-05-07 10:11:17.444,2021-05-07 10:11:19.423,0.021,1,1,0.99999994,1.5141348e-08,0.99999994,4.5938047e-13,2.5044223e-08
511,4,sitting,2021-05-07 10:11:18.444,2021-05-07 10:11:20.423,0.021,1,1,0.99999994,1.4791615e-08,0.99999994,3.4321984e-13,2.7633478e-08
511,4,sitting,2021-05-07 10:11:19.444,2021-05-07 10:11:21.423,0.021,1,1,0.99999994,1.8389652e-08,0.99999994,4.011162e-13,1.8283924e-08
511,4,sitting,2021-05-07 10:11:20.444,2021-05-07 10:11:22.423,0.021,1,1,0.99999994,1.7603309e-08,0.99999994,3.3965108e-13,1.5628125e-08
511,4,sitting,2021-05-07 10:11:21.444,2021-05-07 10:11:23.423,0.021,1,1,0.99999994,1.5532466e-08,0.99999994,2.885838e-13,2.034404e-08
511,4,sitting,2021-05-07 10:11:22.444,2021-05-07 10:11:24.423,0.021,1,1,0.99999994,1.7666174e-08,0.99999994,2.635008e-13,3.1977354e-08
511,4,sitting,2021-05-07 10:11:23.444,2021-05-07 10:11:25.423,0.021,1,1,0.99999994,1.7890006e-08,0.99999994,2.2743802e-13,4.0623966e-08
511,4,sitting,2021-05-07 10:11:24.444,2021-05-07 10:11:26.423,0.021,1,1,0.99999994,2.3890937e-08,0.99999994,2.9730634e-13,5.6021364e-08
511,4,sitting,2021-05-07 10:11:25.444,2021-05-07 10:11:27.423,0.021,1,1,0.99999994,2.4882336e-08,0.99999994,4.1182376e-13,4.504724e-08
511,4,sitting,2021-05-07 10:11:26.444,2021-05-07 10:11:28.423,0.021,1,1,0.9999997,1.4039665e-08,0.9999997,4.1902124e-13,2.4201557e-07
511,4,sitting,2021-05-07 10:11:27.444,2021-05-07 10:11:29.423,0.021,1,1,0.99999875,6.4964247e-09,0.99999875,3.0105047e-13,1.1874914e-06
511,4,sitting,2021-05-07 10:11:28.444,2021-05-07 10:11:30.423,0.021,1,1,0.999994,6.7980928e-09,0.999994,1.9733565e-13,5.913526e-06
511,4,sitting,2021-05-07 10:11:29.444,2021-05-07 10:11:31.423,0.021,1,1,0.99999446,1.1649025e-08,0.99999446,1.2633437e-13,5.5417895e-06
511,4,sitting,2021-05-07 10:11:30.444,2021-05-07 10:11:32.423,0.021,1,1,0.99999887,1.4314432e-08,0.99999887,1.2456812e-13,1.0208205e-06
511,4,sitting,2021-05-07 10:11:31.444,2021-05-07 10:11:33.423,0.021,1,1,0.9999992,1.4997196e-08,0.9999992,1.3840689e-13,7.531017e-07
511,4,sitting,2021-05-07 10:11:32.444,2021-05-07 10:11:34.423,0.021,1,1,0.99999887,1.4688448e-08,0.99999887,1.12046596e-13,1.0251736e-06
511,4,sitting,2021-05-07 10:11:33.444,2021-05-07 10:11:35.423,0.021,1,1,0.9999977,1.4879129e-08,0.9999977,9.10933e-14,2.247046e-06
511,4,sitting,2021-05-07 10:11:34.444,2021-05-07 10:11:36.423,0.021,1,1,0.9999979,1.33511096e-08,0.9999979,1.0438126e-13,2.0432292e-06
511,4,sitting,2021-05-07 10:11:35.444,2021-05-07 10:11:37.423,0.021,1,1,0.999999,1.1070116e-08,0.999999,1.2540466e-13,9.949828e-07
511,4,sitting,2021-05-07 10:11:36.444,2021-05-07 10:11:38.423,0.021,1,1,0.9999985,1.071545e-08,0.9999985,1.184954e-13,1.416078e-06
511,4,sitting,2021-05-07 10:11:37.444,2021-05-07 10:11:39.423,0.021,1,1,0.9999984,1.0708502e-08,0.9999984,1.2207137e-13,1.5300767e-06
511,4,sitting,2021-05-07 10:11:38.444,2021-05-07 10:11:40.423,0.021,1,1,0.9999984,1.144249e-08,0.9999984,1.1552017e-13,1.5754582e-06
511,4,sitting,2021-05-07 10:11:39.444,2021-05-07 10:11:41.423,0.021,1,1,0.9999972,1.442244e-08,0.9999972,1.1701425e-13,2.7480849e-06
511,4,sitting,2021-05-07 10:11:40.444,2021-05-07 10:11:42.423,0.021,1,1,0.99999756,1.6813216e-08,0.99999756,1.2234304e-13,2.3619596e-06
511,4,sitting,2021-05-07 10:11:41.444,2021-05-07 10:11:43.423,0.021,1,1,0.9999985,1.5965487e-08,0.9999985,1.0823096e-13,1.4798156e-06
511,4,sitting,2021-05-07 10:11:42.444,2021-05-07 10:11:44.423,0.021,1,1,0.9999986,1.4213059e-08,0.9999986,1.2711295e-13,1.2569793e-06
511,4,sitting,2021-05-07 10:11:43.444,2021-05-07 10:11:45.423,0.021,1,1,0.999999,1.7897907e-08,0.999999,1.624337e-13,8.9602304e-07
511,4,sitting,2021-05-07 10:11:44.444,2021-05-07 10:11:46.423,0.021,1,1,0.99999875,2.2239021e-08,0.99999875,1.3761659e-13,1.1422325e-06
511,4,sitting,2021-05-07 10:11:45.444,2021-05-07 10:11:47.423,0.021,1,1,0.9999972,1.6415306e-08,0.9999972,8.859965e-14,2.761715e-06
511,4,sitting,2021-05-07 10:11:46.444,2021-05-07 10:11:48.423,0.021,1,1,0.99999624,1.3906467e-08,0.99999624,7.8807505e-14,3.6987385e-06
511,4,sitting,2021-05-07 10:11:47.444,2021-05-07 10:11:49.423,0.021,1,1,0.99999684,1.271487e-08,0.99999684,9.420917e-14,3.097968e-06
511,4,sitting,2021-05-07 10:11:48.444,2021-05-07 10:11:50.423,0.021,1,1,0.99999696,1.1075923e-08,0.99999696,1.1556497e-13,2.9667663e-06
511,4,sitting,2021-05-07 10:11:49.444,2021-05-07 10:11:51.423,0.021,1,1,0.9999954,1.3299735e-08,0.9999954,1.032346e-13,4.5559354e-06
511,4,sitting,2021-05-07 10:11:50.444,2021-05-07 10:11:52.423,0.021,1,1,0.99999446,1.2567834e-08,0.99999446,7.7999835e-14,5.45812e-06
511,4,sitting,2021-05-07 10:11:51.444,2021-05-07 10:11:53.423,0.021,1,1,0.99999565,1.2320182e-08,0.99999565,8.426568e-14,4.2415563e-06
511,4,sitting,2021-05-07 10:11:52.444,2021-05-07 10:11:54.423,0.021,1,1,0.9999955,1.2538972e-08,0.9999955,8.748015e-14,4.4080984e-06
511,4,sitting,2021-05-07 10:11:53.444,2021-05-07 10:11:55.423,0.021,1,1,0.99999565,1.3234704e-08,0.99999565,7.988682e-14,4.2898278e-06
511,4,sitting,2021-05-07 10:11:54.444,2021-05-07 10:11:56.423,0.021,1,1,0.9999967,1.38929e-08,0.9999967,8.174643e-14,3.2631965e-06
511,4,sitting,2021-05-07 10:11:55.444,2021-05-07 10:11:57.423,0.021,1,1,0.9999973,1.3938827e-08,0.9999973,9.509564e-14,2.6116668e-06
511,4,sitting,2021-05-07 10:11:56.444,2021-05-07 10:11:58.423,0.021,1,1,0.9999977,1.3702826e-08,0.9999977,1.041871e-13,2.2705194e-06
511,4,sitting,2021-05-07 10:11:57.444,2021-05-07 10:11:59.423,0.021,1,1,0.9999954,1.2481298e-08,0.9999954,9.7188804e-14,4.5094575e-06
511,4,sitting,2021-05-07 10:11:58.444,2021-05-07 10:12:00.424,0.021,1,1,0.9999897,1.0782766e-08,0.9999897,6.445056e-14,1.0235264e-05
511,4,sitting,2021-05-07 10:11:59.444,2021-05-07 10:12:01.424,0.021,1,1,0.999989,1.0467646e-08,0.999989,5.300261e-14,1.1018119e-05
511,4,sitting,2021-05-07 10:12:00.444,2021-05-07 10:12:02.424,0.021,1,1,0.99999195,1.116195e-08,0.99999195,5.6564464e-14,7.950918e-06
511,4,sitting,2021-05-07 10:12:01.444,2021-05-07 10:12:03.424,0.021,1,1,0.9999959,1.31218485e-08,0.9999959,7.586709e-14,4.0679324e-06
511,4,sitting,2021-05-07 10:12:02.444,2021-05-07 10:12:04.423,0.021,1,1,0.99999684,1.2486721e-08,0.99999684,7.4102345e-14,3.042101e-06
511,4,sitting,2021-05-07 10:12:03.444,2021-05-07 10:12:05.423,0.021,1,1,0.9999966,1.0556266e-08,0.9999966,7.350589e-14,3.3682068e-06
511,4,sitting,2021-05-07 10:12:04.444,2021-05-07 10:12:06.423,0.021,1,1,0.99999374,9.312505e-09,0.99999374,6.540687e-14,6.2279455e-06
511,4,sitting,2021-05-07 10:12:05.444,2021-05-07 10:12:07.423,0.021,1,1,0.99999756,1.9948981e-08,0.99999756,1.1984451e-13,2.3395323e-06
511,4,sitting,2021-05-07 10:12:06.444,2021-05-07 10:12:08.423,0.021,1,1,0.99999934,3.436293e-08,0.99999934,2.3719777e-13,6.036955e-07
511,4,sitting,2021-05-07 10:12:07.444,2021-05-07 10:12:09.423,0.021,1,1,0.9999985,2.294833e-08,0.9999985,1.2273933e-13,1.3729459e-06
511,4,sitting,2021-05-07 10:12:08.444,2021-05-07 10:12:10.423,0.021,1,1,0.99999803,1.5137104e-08,0.99999803,9.350361e-14,1.8556186e-06
511,4,sitting,2021-05-07 10:12:09.444,2021-05-07 10:12:11.423,0.021,1,1,0.9999979,1.369567e-08,0.9999979,8.7916945e-14,2.0651585e-06
511,4,sitting,2021-05-07 10:12:10.444,2021-05-07 10:12:12.423,0.021,1,1,0.9999843,1.1743586e-08,0.9999843,4.456662e-14,1.5618236e-05
511,4,sitting,2021-05-07 10:12:11.444,2021-05-07 10:12:13.423,0.021,1,1,0.9997152,2.6748145e-08,0.9997152,2.2429554e-14,0.00028472932
511,4,sitting,2021-05-07 10:12:12.444,2021-05-07 10:12:14.423,0.021,1,1,0.99998635,1.2488257e-08,0.99998635,5.8941643e-13,1.3552367e-05
511,4,sitting,2021-05-07 10:12:13.444,2021-05-07 10:12:15.423,0.021,1,1,0.99999946,5.081872e-09,0.99999946,1.6753645e-11,5.0082787e-07
511,4,sitting,2021-05-07 10:12:14.444,2021-05-07 10:12:16.423,0.021,1,1,0.9999997,1.3040711e-08,0.9999997,7.815943e-11,2.7211814e-07
511,4,sitting,2021-05-07 10:12:15.444,2021-05-07 10:12:17.423,0.021,1,1,0.9999997,1.6141936e-08,0.9999997,1.3463536e-10,2.8715021e-07
511,4,sitting,2021-05-07 10:12:16.444,2021-05-07 10:12:18.423,0.021,1,1,0.9999997,1.5122007e-08,0.9999997,1.0866833e-10,2.7075447e-07
511,4,sitting,2021-05-07 10:12:17.444,2021-05-07 10:12:19.423,0.021,1,1,0.9999997,2.0957739e-08,0.9999997,1.0756283e-10,2.342693e-07
511,4,sitting,2021-05-07 10:12:18.444,2021-05-07 10:12:20.423,0.021,1,1,0.9999998,3.2984932e-08,0.9999998,1.6206923e-10,1.711346e-07
511,4,sitting,2021-05-07 10:12:19.444,2021-05-07 10:12:21.423,0.021,1,1,0.9999998,5.243622e-08,0.9999998,2.1128904e-10,1.283739e-07
511,4,sitting,2021-05-07 10:12:20.444,2021-05-07 10:12:22.423,0.021,1,1,0.99999946,1.4123136e-08,0.99999946,1.0252185e-11,4.7364279e-07
511,4,sitting,2021-05-07 10:12:21.444,2021-05-07 10:12:23.423,0.021,1,1,0.9999855,4.970581e-09,0.9999855,3.3316072e-13,1.43860425e-05
511,4,sitting,2021-05-07 10:12:22.444,2021-05-07 10:12:24.423,0.021,1,1,0.99998504,1.5247192e-08,0.99998504,1.7919199e-13,1.4914297e-05
511,4,sitting,2021-05-07 10:12:23.444,2021-05-07 10:12:25.423,0.021,1,1,0.9999965,4.109383e-08,0.9999965,2.0700225e-13,3.4682412e-06
511,4,sitting,2021-05-07 10:12:24.444,2021-05-07 10:12:26.423,0.021,1,1,0.99999684,3.5383582e-08,0.99999684,1.8261689e-13,3.1255936e-06
511,4,sitting,2021-05-07 10:12:25.444,2021-05-07 10:12:27.423,0.021,1,1,0.99999744,2.5616167e-08,0.99999744,1.5019373e-13,2.5480847e-06
511,4,sitting,2021-05-07 10:12:26.444,2021-05-07 10:12:28.423,0.021,1,1,0.9999985,1.807385e-08,0.9999985,1.8569585e-13,1.4307562e-06
511,4,sitting,2021-05-07 10:12:27.444,2021-05-07 10:12:29.423,0.021,1,1,0.9999986,1.12070575e-08,0.9999986,1.9008102e-13,1.3039553e-06
511,4,sitting,2021-05-07 10:12:28.444,2021-05-07 10:12:30.423,0.021,1,1,0.99999434,1.017256e-08,0.99999434,1.3369374e-13,5.557969e-06
511,4,sitting,2021-05-07 10:12:29.444,2021-05-07 10:12:31.423,0.021,1,1,0.99999875,8.9905035e-09,0.99999875,2.2590945e-13,1.18645e-06
511,4,sitting,2021-05-07 10:12:30.444,2021-05-07 10:12:32.423,0.021,1,1,0.9999998,9.0375005e-09,0.9999998,6.4850284e-13,1.1269851e-07
511,4,sitting,2021-05-07 10:12:31.444,2021-05-07 10:12:33.423,0.021,1,1,0.9999998,9.871887e-09,0.9999998,1.0691189e-12,1.23121e-07
511,4,sitting,2021-05-07 10:12:32.444,2021-05-07 10:12:34.423,0.021,1,1,0.9999998,1.4580578e-08,0.9999998,3.4043603e-12,9.788793e-08
511,4,sitting,2021-05-07 10:12:33.444,2021-05-07 10:12:35.423,0.021,1,1,0.9999998,9.817264e-09,0.9999998,3.640987e-12,1.0798605e-07
511,4,sitting,2021-05-07 10:12:34.444,2021-05-07 10:12:36.423,0.021,1,1,0.9999997,6.160442e-09,0.9999997,1.2118978e-12,2.4075752e-07
511,4,sitting,2021-05-07 10:12:35.444,2021-05-07 10:12:37.423,0.021,1,1,0.9999998,1.214696e-08,0.9999998,3.7713244e-12,1.4517053e-07
511,4,sitting,2021-05-07 10:12:36.444,2021-05-07 10:12:38.423,0.021,1,1,0.9999998,1.3574427e-08,0.9999998,7.243551e-12,1.5931538e-07
511,4,sitting,2021-05-07 10:12:37.444,2021-05-07 10:12:39.423,0.021,1,1,0.9999997,8.195374e-09,0.9999997,2.8480484e-12,2.7468874e-07
511,4,sitting,2021-05-07 10:12:38.444,2021-05-07 10:12:40.423,0.021,1,1,0.9999998,4.9529e-08,0.9999998,1.9952193e-11,1.3374412e-07
511,4,sitting,2021-05-07 10:12:39.444,2021-05-07 10:12:41.423,0.021,1,1,0.9999971,2.8655734e-06,0.9999971,1.0737362e-09,4.1138165e-08
511,4,sitting,2021-05-07 10:12:40.444,2021-05-07 10:12:42.423,0.021,1,1,0.99999934,6.284671e-07,0.99999934,8.053316e-11,5.7178138e-08
511,4,sitting,2021-05-07 10:12:41.444,2021-05-07 10:12:43.423,0.021,1,1,0.9999997,5.9816e-08,0.9999997,1.6820826e-11,1.7077834e-07
511,4,sitting,2021-05-07 10:12:42.444,2021-05-07 10:12:44.423,0.021,1,1,0.9999996,5.063559e-08,0.9999996,5.271169e-11,3.7246673e-07
511,4,sitting,2021-05-07 10:12:43.444,2021-05-07 10:12:45.423,0.021,1,1,0.99999946,2.0472181e-07,0.99999946,1.2084156e-10,2.699639e-07
511,4,sitting,2021-05-07 10:12:44.444,2021-05-07 10:12:46.423,0.021,1,1,0.9999984,1.4832134e-06,0.9999984,7.0213835e-10,1.712253e-07
511,4,sitting,2021-05-07 10:12:45.444,2021-05-07 10:12:47.423,0.021,1,1,0.9999992,5.4907844e-07,0.9999992,2.4826594e-10,1.2065748e-07
511,4,sitting,2021-05-07 10:12:46.444,2021-05-07 10:12:48.423,0.021,1,1,0.9999997,1.6690055e-07,0.9999997,1.2999522e-10,1.4478297e-07
511,4,sitting,2021-05-07 10:12:47.444,2021-05-07 10:12:49.423,0.021,1,1,0.9999997,8.843453e-08,0.9999997,7.796587e-11,1.3938815e-07
511,4,sitting,2021-05-07 10:12:48.444,2021-05-07 10:12:50.423,0.021,1,1,0.9999997,1.1518164e-07,0.9999997,9.447735e-11,1.0873857e-07
511,4,sitting,2021-05-07 10:12:49.444,2021-05-07 10:12:51.423,0.021,1,1,0.9999997,1.2144184e-07,0.9999997,9.2916515e-11,8.4605446e-08
511,4,sitting,2021-05-07 10:12:50.444,2021-05-07 10:12:52.423,0.021,1,1,0.9999997,1.692652e-07,0.9999997,1.2844448e-10,7.9153146e-08
511,4,sitting,2021-05-07 10:12:51.444,2021-05-07 10:12:53.423,0.021,1,1,0.9999996,2.597602e-07,0.9999996,2.012837e-10,8.270753e-08
511,4,sitting,2021-05-07 10:12:52.444,2021-05-07 10:12:54.423,0.021,1,1,0.9999996,2.2790353e-07,0.9999996,1.8072367e-10,8.1296314e-08
511,4,sitting,2021-05-07 10:12:53.444,2021-05-07 10:12:55.423,0.021,1,1,0.9999996,2.3417411e-07,0.9999996,1.9101262e-10,8.020449e-08
511,4,sitting,2021-05-07 10:12:54.444,2021-05-07 10:12:56.423,0.021,1,1,0.99999934,4.2242843e-07,0.99999934,2.8727484e-10,7.9795534e-08
511,4,sitting,2021-05-07 10:12:55.444,2021-05-07 10:12:57.423,0.021,1,1,0.9999991,7.421198e-07,0.9999991,3.379866e-10,7.287379e-08
511,4,sitting,2021-05-07 10:12:56.444,2021-05-07 10:12:58.423,0.021,1,1,0.99999887,9.232992e-07,0.99999887,4.158265e-10,6.9955284e-08
511,4,sitting,2021-05-07 10:12:57.444,2021-05-07 10:12:59.423,0.021,1,1,0.999999,8.314486e-07,0.999999,4.0582146e-10,7.189493e-08
511,4,sitting,2021-05-07 10:12:58.444,2021-05-07 10:13:00.424,0.021,1,1,0.99999934,5.2733554e-07,0.99999934,2.0467189e-10,6.666721e-08
511,4,sitting,2021-05-07 10:12:59.444,2021-05-07 10:13:01.424,0.021,1,1,0.99999934,5.037527e-07,0.99999934,1.5750434e-10,6.789568e-08
511,4,sitting,2021-05-07 10:13:00.444,2021-05-07 10:13:02.424,0.021,1,1,0.9999997,2.1884311e-07,0.9999997,4.972457e-11,5.639809e-08
511,4,sitting,2021-05-07 10:13:01.444,2021-05-07 10:13:03.424,0.021,1,1,0.99999994,5.1599848e-08,0.99999994,1.6245602e-11,3.066066e-08
511,4,sitting,2021-05-07 10:13:02.444,2021-05-07 10:13:04.423,0.021,1,1,0.99999994,3.427654e-08,0.99999994,1.0084989e-11,2.7859826e-08
511,4,sitting,2021-05-07 10:13:03.444,2021-05-07 10:13:05.423,0.021,1,1,0.99999994,2.4369488e-08,0.99999994,7.982357e-12,4.8285973e-08
511,4,sitting,2021-05-07 10:13:04.444,2021-05-07 10:13:06.423,0.021,1,1,0.9999998,2.8330739e-08,0.9999998,2.388583e-12,1.3915785e-07
511,4,sitting,2021-05-07 10:13:05.444,2021-05-07 10:13:07.423,0.021,1,1,0.99999934,2.4391701e-08,0.99999934,6.5484906e-13,6.1090026e-07
511,4,sitting,2021-05-07 10:13:06.444,2021-05-07 10:13:08.423,0.021,1,1,0.9999991,1.1674681e-08,0.9999991,3.4664063e-13,8.9228814e-07
511,4,sitting,2021-05-07 10:13:07.444,2021-05-07 10:13:09.423,0.021,1,1,0.9999991,1.28345095e-08,0.9999991,3.429107e-13,8.6423097e-07
511,4,sitting,2021-05-07 10:13:08.444,2021-05-07 10:13:10.423,0.021,1,1,0.99999934,1.6276417e-08,0.99999934,3.926471e-13,5.609648e-07
511,4,sitting,2021-05-07 10:13:09.444,2021-05-07 10:13:11.423,0.021,1,1,0.9999996,1.8360417e-08,0.9999996,4.5669653e-13,3.440837e-07
511,4,sitting,2021-05-07 10:13:10.444,2021-05-07 10:13:12.423,0.021,1,1,0.9999996,1.4112906e-08,0.9999996,3.660544e-13,3.9671417e-07
511,4,sitting,2021-05-07 10:13:11.444,2021-05-07 10:13:13.423,0.021,1,1,0.9999997,9.688709e-08,0.9999997,5.3948413e-12,1.2789829e-07
511,4,sitting,2021-05-07 10:13:12.444,2021-05-07 10:13:14.423,0.021,1,1,0.9999992,6.7540185e-07,0.9999992,1.4730832e-10,4.1095905e-08
511,4,sitting,2021-05-07 10:13:13.444,2021-05-07 10:13:15.423,0.021,1,1,0.9999997,2.3946876e-07,0.9999997,5.0784668e-11,2.8215494e-08
511,4,sitting,2021-05-07 10:13:14.444,2021-05-07 10:13:16.423,0.021,1,1,0.9999998,1.04488336e-07,0.9999998,2.3012934e-11,2.745417e-08
511,4,sitting,2021-05-07 10:13:15.444,2021-05-07 10:13:17.423,0.021,1,1,0.9999998,8.705852e-08,0.9999998,6.0624613e-12,5.569895e-08
511,4,sitting,2021-05-07 10:13:16.444,2021-05-07 10:13:18.423,0.021,1,1,0.99999946,4.5429285e-08,0.99999946,5.806735e-13,5.175238e-07
511,4,sitting,2021-05-07 10:13:17.444,2021-05-07 10:13:19.423,0.021,1,1,0.9999986,2.3786829e-08,0.9999986,1.8432106e-13,1.3052803e-06
511,4,sitting,2021-05-07 10:13:18.444,2021-05-07 10:13:20.423,0.021,1,1,0.999999,2.2658844e-08,0.999999,2.0152298e-13,9.615932e-07
511,4,sitting,2021-05-07 10:13:19.444,2021-05-07 10:13:21.423,0.021,1,1,0.99999887,2.0738108e-08,0.99999887,1.9110002e-13,1.101379e-06
511,4,sitting,2021-05-07 10:13:20.444,2021-05-07 10:13:22.423,0.021,1,1,0.99999887,1.8112091e-08,0.99999887,1.749146e-13,1.0249146e-06
511,4,sitting,2021-05-07 10:13:21.444,2021-05-07 10:13:23.423,0.021,1,1,0.9999991,1.6924758e-08,0.9999991,1.694723e-13,8.620595e-07
511,4,sitting,2021-05-07 10:13:22.444,2021-05-07 10:13:24.423,0.021,1,1,0.9999991,1.462728e-08,0.9999991,1.8597207e-13,8.332156e-07
511,4,sitting,2021-05-07 10:13:23.444,2021-05-07 10:13:25.423,0.021,1,1,0.9999991,1.311291e-08,0.9999991,1.8885964e-13,8.896957e-07
511,4,sitting,2021-05-07 10:13:24.444,2021-05-07 10:13:26.423,0.021,1,1,0.9999991,1.4324322e-08,0.9999991,1.7943187e-13,8.782518e-07
511,4,sitting,2021-05-07 10:13:25.444,2021-05-07 10:13:27.423,0.021,1,1,0.9999997,2.7065363e-08,0.9999997,3.8387945e-13,2.82161e-07
511,4,sitting,2021-05-07 10:13:26.444,2021-05-07 10:13:28.423,0.021,1,1,0.9999997,2.4133255e-08,0.9999997,3.9803105e-13,2.1870353e-07
511,4,sitting,2021-05-07 10:13:27.444,2021-05-07 10:13:29.423,0.021,1,1,0.9999996,1.520188e-08,0.9999996,2.2999736e-13,3.4545053e-07
511,4,sitting,2021-05-07 10:13:28.444,2021-05-07 10:13:30.423,0.021,1,1,0.9999996,1.5799436e-08,0.9999996,2.1904936e-13,2.9990315e-07
511,4,sitting,2021-05-07 10:13:29.444,2021-05-07 10:13:31.423,0.021,1,1,0.9999996,1.5651239e-08,0.9999996,2.0371938e-13,3.4312524e-07
511,4,sitting,2021-05-07 10:13:30.444,2021-05-07 10:13:32.423,0.021,1,1,0.99999946,1.4209222e-08,0.99999946,1.9716066e-13,4.6492974e-07
511,4,sitting,2021-05-07 10:13:31.444,2021-05-07 10:13:33.423,0.021,1,1,0.99999934,1.4034092e-08,0.99999934,1.9968418e-13,5.690188e-07
511,4,sitting,2021-05-07 10:13:32.444,2021-05-07 10:13:34.423,0.021,1,1,0.99999887,1.5123062e-08,0.99999887,1.571769e-13,1.0356104e-06
511,4,sitting,2021-05-07 10:13:33.444,2021-05-07 10:13:35.423,0.021,1,1,0.9999984,1.5564591e-08,0.9999984,1.2255473e-13,1.4931894e-06
511,4,sitting,2021-05-07 10:13:34.444,2021-05-07 10:13:36.423,0.021,1,1,0.99999887,1.6578259e-08,0.99999887,1.4023506e-13,1.0692129e-06
511,4,sitting,2021-05-07 10:13:35.444,2021-05-07 10:13:37.423,0.021,1,1,0.99999887,1.5149478e-08,0.99999887,1.6474573e-13,1.050271e-06
511,4,sitting,2021-05-07 10:13:36.444,2021-05-07 10:13:38.423,0.021,1,1,0.99999887,1.5112278e-08,0.99999887,2.656721e-13,1.0243166e-06
511,4,sitting,2021-05-07 10:13:37.444,2021-05-07 10:13:39.423,0.021,1,1,0.99999875,1.4527569e-08,0.99999875,1.2863251e-12,1.1445146e-06
511,4,sitting,2021-05-07 10:13:38.444,2021-05-07 10:13:40.423,0.021,1,1,0.9999972,6.3227765e-09,0.9999972,1.3534499e-12,2.7327123e-06
511,4,sitting,2021-05-07 10:13:39.444,2021-05-07 10:13:41.423,0.021,1,1,0.99999756,4.6404955e-09,0.99999756,9.848222e-13,2.4144854e-06
511,4,sitting,2021-05-07 10:13:40.444,2021-05-07 10:13:42.423,0.021,1,1,0.9999983,4.6754054e-09,0.9999983,1.1959576e-12,1.6264421e-06
511,4,sitting,2021-05-07 10:13:41.444,2021-05-07 10:13:43.423,0.021,1,1,0.9999984,4.9156688e-09,0.9999984,1.1887439e-12,1.5359159e-06
511,4,sitting,2021-05-07 10:13:42.444,2021-05-07 10:13:44.423,0.021,1,1,0.9999986,5.1017572e-09,0.9999986,1.2002657e-12,1.2911208e-06
511,4,sitting,2021-05-07 10:13:43.444,2021-05-07 10:13:45.423,0.021,1,1,0.999999,4.917425e-09,0.999999,1.1895204e-12,9.968243e-07
511,4,sitting,2021-05-07 10:13:44.444,2021-05-07 10:13:46.423,0.021,1,1,0.999999,4.3534905e-09,0.999999,1.0001569e-12,9.985455e-07
511,4,sitting,2021-05-07 10:13:45.444,2021-05-07 10:13:47.423,0.021,1,1,0.999999,4.5059467e-09,0.999999,1.0053439e-12,9.749241e-07
511,4,sitting,2021-05-07 10:13:46.444,2021-05-07 10:13:48.423,0.021,1,1,0.9999992,4.667694e-09,0.9999992,1.1593686e-12,7.618649e-07
511,4,sitting,2021-05-07 10:13:47.444,2021-05-07 10:13:49.423,0.021,1,1,0.99999934,4.989809e-09,0.99999934,1.4863637e-12,6.152473e-07
511,4,sitting,2021-05-07 10:13:48.444,2021-05-07 10:13:50.423,0.021,1,1,0.99999946,5.0753624e-09,0.99999946,1.5985031e-12,5.346978e-07
511,4,sitting,2021-05-07 10:13:49.444,2021-05-07 10:13:51.423,0.021,1,1,0.99999946,5.001434e-09,0.99999946,1.4894801e-12,5.017539e-07
511,4,sitting,2021-05-07 10:13:50.444,2021-05-07 10:13:52.423,0.021,1,1,0.99999946,4.9945896e-09,0.99999946,1.4983188e-12,5.050188e-07
511,4,sitting,2021-05-07 10:13:51.444,2021-05-07 10:13:53.423,0.021,1,1,0.9999996,5.0130957e-09,0.9999996,1.5637272e-12,4.07652e-07
511,4,sitting,2021-05-07 10:13:52.444,2021-05-07 10:13:54.423,0.021,1,1,0.9999996,5.419229e-09,0.9999996,1.68264e-12,3.506377e-07
511,4,sitting,2021-05-07 10:13:53.444,2021-05-07 10:13:55.423,0.021,1,1,0.9999996,5.5847416e-09,0.9999996,1.6909212e-12,3.1623202e-07
511,4,sitting,2021-05-07 10:13:54.444,2021-05-07 10:13:56.423,0.021,1,1,0.9999996,5.6018536e-09,0.9999996,1.8034885e-12,3.468148e-07
511,4,sitting,2021-05-07 10:13:55.444,2021-05-07 10:13:57.423,0.021,1,1,0.99999946,4.858868e-09,0.99999946,1.4865057e-12,5.1569697e-07
511,4,sitting,2021-05-07 10:13:56.444,2021-05-07 10:13:58.423,0.021,1,1,0.99999934,4.596275e-09,0.99999934,1.3593826e-12,6.003329e-07
511,4,sitting,2021-05-07 10:13:57.444,2021-05-07 10:13:59.423,0.021,1,1,0.9999996,5.6907323e-09,0.9999996,1.7489446e-12,3.2069894e-07
511,4,sitting,2021-05-07 10:13:58.444,2021-05-07 10:14:00.424,0.021,1,1,0.9999997,6.2062013e-09,0.9999997,1.9996218e-12,2.3911937e-07
511,4,sitting,2021-05-07 10:13:59.444,2021-05-07 10:14:01.424,0.021,1,1,0.9999996,5.676466e-09,0.9999996,1.8166352e-12,3.1272788e-07
511,4,sitting,2021-05-07 10:14:00.444,2021-05-07 10:14:02.424,0.021,1,1,0.9999996,4.9349516e-09,0.9999996,1.6595702e-12,3.678326e-07
511,4,sitting,2021-05-07 10:14:01.444,2021-05-07 10:14:03.424,0.021,1,1,0.99999946,4.8079793e-09,0.99999946,1.7202572e-12,5.1220326e-07
511,4,sitting,2021-05-07 10:14:02.444,2021-05-07 10:14:04.423,0.021,1,1,0.99999946,4.968015e-09,0.99999946,1.4461725e-12,4.8815804e-07
511,4,sitting,2021-05-07 10:14:03.444,2021-05-07 10:14:05.423,0.021,1,1,0.99999934,5.8988188e-09,0.99999934,1.4230265e-12,6.377993e-07
511,4,sitting,2021-05-07 10:14:04.444,2021-05-07 10:14:06.423,0.021,1,1,0.99999815,4.9442717e-09,0.99999815,9.010324e-13,1.8079808e-06
511,4,sitting,2021-05-07 10:14:05.444,2021-05-07 10:14:07.423,0.021,1,1,0.9999985,3.6470558e-09,0.9999985,7.361734e-13,1.4109462e-06
511,4,sitting,2021-05-07 10:14:06.444,2021-05-07 10:14:08.423,0.021,1,1,0.999999,1.0980658e-08,0.999999,1.5022842e-12,1.0058178e-06
511,4,sitting,2021-05-07 10:14:07.444,2021-05-07 10:14:09.423,0.021,1,1,0.99999934,3.4965186e-07,0.99999934,4.8688446e-11,1.9172262e-07
511,4,sitting,2021-05-07 10:14:08.444,2021-05-07 10:14:10.423,0.021,1,1,0.999991,8.95216e-06,0.999991,2.8136933e-09,5.3762847e-08
511,4,sitting,2021-05-07 10:14:09.444,2021-05-07 10:14:11.423,0.021,1,1,0.99998075,1.9066681e-05,0.99998075,7.469165e-09,6.3572365e-08
511,4,sitting,2021-05-07 10:14:10.444,2021-05-07 10:14:12.423,0.021,1,1,0.99998647,1.3411644e-05,0.99998647,3.4738685e-09,4.76353e-08
511,4,sitting,2021-05-07 10:14:11.444,2021-05-07 10:14:13.423,0.021,1,1,0.9999867,1.3218814e-05,0.9999867,5.3099054e-09,4.0352376e-08
511,4,sitting,2021-05-07 10:14:12.444,2021-05-07 10:14:14.423,0.021,1,1,0.9999855,1.4386344e-05,0.9999855,2.5982752e-08,5.0335988e-08
511,4,sitting,2021-05-07 10:14:13.444,2021-05-07 10:14:15.423,0.021,1,1,0.99998516,1.4758025e-05,0.99998516,3.3661323e-08,5.3436516e-08
511,4,sitting,2021-05-07 10:14:14.444,2021-05-07 10:14:16.423,0.021,1,1,0.99998873,1.1064184e-05,0.99998873,3.4046412e-08,6.637887e-08
511,4,sitting,2021-05-07 10:14:15.444,2021-05-07 10:14:17.423,0.021,1,1,0.9999885,1.1087557e-05,0.9999885,2.8341432e-07,7.063768e-08
511,4,sitting,2021-05-07 10:14:16.444,2021-05-07 10:14:18.423,0.021,1,1,0.999983,1.6364549e-05,0.999983,5.1457283e-07,9.107313e-08
511,4,sitting,2021-05-07 10:14:17.444,2021-05-07 10:14:19.423,0.021,1,1,0.9999977,2.1342537e-06,0.9999977,2.7781322e-09,1.1427547e-07
511,4,sitting,2021-05-07 10:14:18.444,2021-05-07 10:14:20.423,0.021,1,1,0.9999992,1.4754798e-07,0.9999992,3.1445468e-10,5.735883e-07
511,4,sitting,2021-05-07 10:14:19.444,2021-05-07 10:14:21.423,0.021,1,1,0.9999985,1.5011975e-07,0.9999985,7.742639e-10,1.2804464e-06
511,4,sitting,2021-05-07 10:14:20.444,2021-05-07 10:14:22.423,0.021,1,1,0.99999875,1.5246827e-07,0.99999875,7.132855e-10,1.1087591e-06
511,4,sitting,2021-05-07 10:14:21.444,2021-05-07 10:14:23.423,0.021,1,1,0.99999946,2.2183488e-07,0.99999946,5.8080507e-10,2.1665186e-07
511,4,sitting,2021-05-07 10:14:22.444,2021-05-07 10:14:24.423,0.021,1,1,0.99999946,4.1424002e-08,0.99999946,1.7677634e-11,5.145116e-07
511,4,sitting,2021-05-07 10:14:23.444,2021-05-07 10:14:25.423,0.021,1,1,0.9999983,5.770289e-07,0.9999983,2.670792e-10,1.129239e-06
511,4,sitting,2021-05-07 10:14:24.444,2021-05-07 10:14:26.423,0.021,1,1,0.9999971,2.5784984e-06,0.9999971,1.7476158e-09,2.7645197e-07
511,4,sitting,2021-05-07 10:14:25.444,2021-05-07 10:14:27.423,0.021,1,1,0.9999992,4.4113884e-07,0.9999992,1.19943e-10,2.5788643e-07
511,4,sitting,2021-05-07 10:14:26.444,2021-05-07 10:14:28.423,0.021,1,1,0.9999961,3.4528807e-06,0.9999961,5.2313824e-09,4.0051728e-07
511,4,sitting,2021-05-07 10:14:27.444,2021-05-07 10:14:29.423,0.021,1,1,0.9999992,2.8126837e-07,0.9999992,3.8190798e-10,4.4856847e-07
511,4,sitting,2021-05-07 10:14:28.444,2021-05-07 10:14:30.423,0.021,1,1,0.9999996,2.4368177e-08,0.9999996,1.8418472e-11,3.4358726e-07
511,4,sitting,2021-05-07 10:14:29.444,2021-05-07 10:14:31.423,0.021,1,1,0.9999992,2.9542585e-07,0.9999992,6.851652e-10,4.8218317e-07
511,4,sitting,2021-05-07 10:14:30.444,2021-05-07 10:14:32.423,0.021,1,1,0.99999875,6.2662576e-07,0.99999875,2.5609546e-09,6.37293e-07
511,4,sitting,2021-05-07 10:14:31.444,2021-05-07 10:14:33.423,0.021,1,1,0.99999946,1.3558491e-07,0.99999946,3.355459e-10,3.5469506e-07
511,4,sitting,2021-05-07 10:14:32.444,2021-05-07 10:14:34.423,0.021,1,1,0.9999996,1.1294983e-07,0.9999996,7.266621e-11,2.2249148e-07
511,4,sitting,2021-05-07 10:14:33.444,2021-05-07 10:14:35.423,0.021,1,1,0.999935,1.8696142e-08,0.999935,4.077362e-12,6.494054e-05
511,4,sitting,2021-05-07 10:14:34.444,2021-05-07 10:14:36.423,0.021,1,1,0.982599,5.575895e-09,0.982599,3.6283105e-13,0.017400945
511,4,sitting,2021-05-07 10:14:35.444,2021-05-07 10:14:37.423,0.021,1,1,0.98315686,8.740491e-09,0.98315686,2.9268038e-13,0.01684309
511,4,sitting,2021-05-07 10:14:36.444,2021-05-07 10:14:38.423,0.021,1,1,0.9890632,1.18938415e-08,0.9890632,2.424436e-13,0.010936797
511,4,sitting,2021-05-07 10:14:37.444,2021-05-07 10:14:39.423,0.021,1,1,0.9994709,3.299691e-09,0.9994709,1.3722008e-13,0.0005289899
511,4,sitting,2021-05-07 10:14:38.444,2021-05-07 10:14:40.423,0.021,1,1,0.9988091,2.4037983e-09,0.9988091,1.5565414e-13,0.0011908715
511,4,sitting,2021-05-07 10:14:39.444,2021-05-07 10:14:41.423,0.021,1,1,0.98861235,4.715071e-09,0.98861235,2.354101e-13,0.011387607
511,4,sitting,2021-05-07 10:14:40.444,2021-05-07 10:14:42.423,0.021,1,1,0.9877639,5.246163e-09,0.9877639,2.2774894e-13,0.012236088
511,4,sitting,2021-05-07 10:14:41.444,2021-05-07 10:14:43.423,0.021,1,1,0.9886271,4.9409827e-09,0.9886271,2.1451586e-13,0.011373028
511,4,sitting,2021-05-07 10:14:42.444,2021-05-07 10:14:44.423,0.021,1,1,0.9878504,4.9028492e-09,0.9878504,2.155634e-13,0.012149492
511,4,sitting,2021-05-07 10:14:43.444,2021-05-07 10:14:45.423,0.021,1,1,0.98658544,5.796075e-09,0.98658544,2.203671e-13,0.013414592
511,4,sitting,2021-05-07 10:14:44.444,2021-05-07 10:14:46.423,0.021,1,1,0.9988691,3.9197228e-09,0.9988691,3.7410027e-13,0.0011308403
511,4,sitting,2021-05-07 10:14:45.444,2021-05-07 10:14:47.423,0.021,1,1,0.9999977,1.888966e-08,0.9999977,1.9127904e-11,2.28641e-06
511,4,sitting,2021-05-07 10:14:46.444,2021-05-07 10:14:48.423,0.021,1,1,0.9999998,4.870656e-08,0.9999998,2.2961723e-11,1.4938288e-07
511,4,sitting,2021-05-07 10:14:47.444,2021-05-07 10:14:49.423,0.021,1,1,0.9999998,1.2225219e-08,0.9999998,4.2081555e-12,1.580712e-07
511,4,sitting,2021-05-07 10:14:48.444,2021-05-07 10:14:50.423,0.021,1,1,0.9999991,2.072197e-09,0.9999991,1.5055029e-12,7.816699e-07
511,4,sitting,2021-05-07 10:14:49.444,2021-05-07 10:14:51.423,0.021,1,1,0.9999965,9.972282e-10,0.9999965,6.916644e-13,3.4343304e-06
511,4,sitting,2021-05-07 10:14:50.444,2021-05-07 10:14:52.423,0.021,1,1,0.99999577,1.0207534e-09,0.99999577,5.6991716e-13,4.1873905e-06
511,4,sitting,2021-05-07 10:14:51.444,2021-05-07 10:14:53.423,0.021,1,1,0.99999577,9.396521e-10,0.99999577,4.615796e-13,4.2154984e-06
511,4,sitting,2021-05-07 10:14:52.444,2021-05-07 10:14:54.423,0.021,1,1,0.99999326,1.2928333e-09,0.99999326,5.1501636e-13,6.7269766e-06
511,4,sitting,2021-05-07 10:14:53.444,2021-05-07 10:14:55.423,0.021,1,1,0.9999891,1.4120425e-09,0.9999891,3.826188e-13,1.08683735e-05
511,4,sitting,2021-05-07 10:14:54.444,2021-05-07 10:14:56.423,0.021,1,1,0.99999005,1.2952034e-09,0.99999005,3.3701614e-13,9.870572e-06
511,4,sitting,2021-05-07 10:14:55.444,2021-05-07 10:14:57.423,0.021,1,1,0.99999076,1.47926e-09,0.99999076,4.2321024e-13,9.2164355e-06
511,4,sitting,2021-05-07 10:14:56.444,2021-05-07 10:14:58.423,0.021,1,1,0.9999897,1.558643e-09,0.9999897,5.5477606e-13,1.0218723e-05
511,4,sitting,2021-05-07 10:14:57.444,2021-05-07 10:14:59.423,0.021,1,1,0.99998575,1.6364404e-09,0.99998575,5.0592576e-13,1.4135821e-05
511,4,sitting,2021-05-07 10:14:58.444,2021-05-07 10:15:00.424,0.021,1,1,0.999988,1.7080386e-09,0.999988,5.4349407e-13,1.1926535e-05
511,4,sitting,2021-05-07 10:14:59.444,2021-05-07 10:15:01.424,0.021,1,1,0.9999828,1.8157413e-09,0.9999828,5.6317874e-13,1.7181836e-05
511,4,sitting,2021-05-07 10:15:00.444,2021-05-07 10:15:02.424,0.021,1,1,0.99998254,1.5721123e-09,0.99998254,4.1069332e-13,1.744259e-05
511,4,sitting,2021-05-07 10:15:01.444,2021-05-07 10:15:03.424,0.021,1,1,0.9999898,1.4436362e-09,0.9999898,5.02438e-13,1.0143322e-05
511,4,sitting,2021-05-07 10:15:02.444,2021-05-07 10:15:04.423,0.021,1,1,0.99999076,1.3075506e-09,0.99999076,6.20017e-13,9.182711e-06
511,4,sitting,2021-05-07 10:15:03.444,2021-05-07 10:15:05.423,0.021,1,1,0.9999837,1.3035671e-09,0.9999837,4.8846127e-13,1.616225e-05
511,4,sitting,2021-05-07 10:15:04.444,2021-05-07 10:15:06.423,0.021,1,1,0.99996,1.4926428e-09,0.99996,3.3408123e-13,3.9897568e-05
511,4,sitting,2021-05-07 10:15:05.444,2021-05-07 10:15:07.423,0.021,1,1,0.99994296,1.6194175e-09,0.99994296,2.406233e-13,5.6970843e-05
511,4,sitting,2021-05-07 10:15:06.444,2021-05-07 10:15:08.423,0.021,1,1,0.9999506,1.732094e-09,0.9999506,2.067982e-13,4.9310125e-05
511,4,sitting,2021-05-07 10:15:07.444,2021-05-07 10:15:09.423,0.021,1,1,0.9999264,2.3621214e-09,0.9999264,1.9098233e-13,7.352974e-05
511,4,sitting,2021-05-07 10:15:08.444,2021-05-07 10:15:10.423,0.021,1,1,0.9999054,3.3156136e-09,0.9999054,1.7848121e-13,9.4568066e-05
511,4,sitting,2021-05-07 10:15:09.444,2021-05-07 10:15:11.423,0.021,1,1,0.9999351,4.5224047e-09,0.9999351,1.8038185e-13,6.479511e-05
511,4,sitting,2021-05-07 10:15:10.444,2021-05-07 10:15:12.423,0.021,1,1,0.99996156,5.7703025e-09,0.99996156,2.0278898e-13,3.837302e-05
511,4,sitting,2021-05-07 10:15:11.444,2021-05-07 10:15:13.423,0.021,1,1,0.9999669,5.3014415e-09,0.9999669,2.0278698e-13,3.305254e-05
511,4,sitting,2021-05-07 10:15:12.444,2021-05-07 10:15:14.423,0.021,1,1,0.9999507,6.3579875e-09,0.9999507,1.8465601e-13,4.918647e-05
511,4,sitting,2021-05-07 10:15:13.444,2021-05-07 10:15:15.423,0.021,1,1,0.9999426,6.3934698e-09,0.9999426,1.8002642e-13,5.7323272e-05
511,4,sitting,2021-05-07 10:15:14.444,2021-05-07 10:15:16.423,0.021,1,1,0.9999489,6.3315464e-09,0.9999489,2.0130237e-13,5.098912e-05
511,4,sitting,2021-05-07 10:15:15.444,2021-05-07 10:15:17.423,0.021,1,1,0.9999456,6.482044e-09,0.9999456,1.945598e-13,5.441371e-05
511,4,sitting,2021-05-07 10:15:16.444,2021-05-07 10:15:18.423,0.021,1,1,0.9999377,6.1059118e-09,0.9999377,1.7864502e-13,6.227107e-05
511,4,sitting,2021-05-07 10:15:17.444,2021-05-07 10:15:19.423,0.021,1,1,0.9999395,5.4229257e-09,0.9999395,1.8047177e-13,6.0469716e-05
511,4,sitting,2021-05-07 10:15:18.444,2021-05-07 10:15:20.423,0.021,1,1,0.9999475,5.3492086e-09,0.9999475,1.7173673e-13,5.2452266e-05
511,4,sitting,2021-05-07 10:15:19.444,2021-05-07 10:15:21.423,0.021,1,1,0.9999793,6.748166e-09,0.9999793,2.0826677e-13,2.0599637e-05
511,4,sitting,2021-05-07 10:15:20.444,2021-05-07 10:15:22.423,0.021,1,1,0.99999815,1.4259703e-08,0.99999815,1.0510092e-12,1.753246e-06
511,4,sitting,2021-05-07 10:15:21.444,2021-05-07 10:15:23.423,0.021,1,1,0.9999991,1.4958293e-07,0.9999991,1.3846307e-10,6.7422917e-07
511,4,sitting,2021-05-07 10:15:22.444,2021-05-07 10:15:24.423,0.021,1,1,0.99999946,2.0050344e-07,0.99999946,3.0199665e-10,2.813189e-07
511,4,sitting,2021-05-07 10:15:23.444,2021-05-07 10:15:25.423,0.021,1,1,0.9999997,6.706873e-08,0.9999997,6.038862e-11,1.4605565e-07
511,4,sitting,2021-05-07 10:15:24.444,2021-05-07 10:15:26.423,0.021,1,1,0.99999946,1.2403105e-08,0.99999946,2.8152819e-11,4.872069e-07
511,4,sitting,2021-05-07 10:15:25.444,2021-05-07 10:15:27.423,0.021,1,1,0.99999696,5.0693294e-10,0.99999696,1.4423343e-12,2.9241266e-06
511,4,sitting,2021-05-07 10:15:26.444,2021-05-07 10:15:28.423,0.021,1,1,0.9999934,2.8986996e-10,0.9999934,1.1074762e-12,6.53138e-06
511,4,sitting,2021-05-07 10:15:27.444,2021-05-07 10:15:29.423,0.021,1,1,0.9999904,2.2116228e-10,0.9999904,8.239527e-13,9.583556e-06
511,4,sitting,2021-05-07 10:15:28.444,2021-05-07 10:15:30.423,0.021,1,1,0.99998707,2.340757e-10,0.99998707,7.2950603e-13,1.2930461e-05
511,4,sitting,2021-05-07 10:15:29.444,2021-05-07 10:15:31.423,0.021,1,1,0.99999005,2.607812e-10,0.99999005,8.8480525e-13,9.847837e-06
511,5,walking,2021-05-07 10:15:33.604,2021-05-07 10:15:35.583,0.021,3,3,0.9999996,1.6524261e-11,4.8492975e-08,2.7063285e-07,0.9999996
511,5,walking,2021-05-07 10:15:34.604,2021-05-07 10:15:36.583,0.021,3,3,0.9999985,1.4132171e-09,5.1356204e-07,8.865757e-07,0.9999985
511,5,walking,2021-05-07 10:15:35.604,2021-05-07 10:15:37.583,0.021,3,3,0.99998695,2.0021909e-09,2.3135514e-07,1.2767511e-05,0.99998695
511,5,walking,2021-05-07 10:15:36.604,2021-05-07 10:15:38.583,0.021,3,3,0.9987602,9.341697e-09,1.5490896e-07,0.0012396678,0.9987602
511,5,walking,2021-05-07 10:15:37.604,2021-05-07 10:15:39.583,0.021,3,3,0.99924964,5.985895e-09,8.607799e-08,0.0007502932,0.99924964
511,5,walking,2021-05-07 10:15:38.604,2021-05-07 10:15:40.583,0.021,3,3,0.999463,9.675972e-09,1.2582575e-07,0.0005368033,0.999463
511,5,walking,2021-05-07 10:15:39.604,2021-05-07 10:15:41.583,0.021,3,3,0.9995739,7.4433335e-09,1.4900857e-07,0.00042586215,0.9995739
511,5,walking,2021-05-07 10:15:40.604,2021-05-07 10:15:42.583,0.021,3,3,0.9991138,7.4189916e-09,2.569972e-07,0.0008858882,0.9991138
511,5,walking,2021-05-07 10:15:41.604,2021-05-07 10:15:43.583,0.021,3,3,0.99840736,1.0696156e-08,4.5911247e-07,0.0015921011,0.99840736
511,5,walking,2021-05-07 10:15:42.604,2021-05-07 10:15:44.583,0.021,3,3,0.9984795,1.3252246e-08,5.72174e-07,0.001519851,0.9984795
511,5,walking,2021-05-07 10:15:43.604,2021-05-07 10:15:45.583,0.021,3,3,0.999193,3.5404064e-08,1.2155567e-06,0.0008057563,0.999193
511,5,walking,2021-05-07 10:15:44.604,2021-05-07 10:15:46.583,0.021,3,3,0.9989923,1.6517598e-08,9.996573e-07,0.0010066042,0.9989923
511,5,walking,2021-05-07 10:15:45.604,2021-05-07 10:15:47.583,0.021,3,3,0.99945766,1.2206944e-08,1.1605315e-06,0.0005411693,0.99945766
511,5,walking,2021-05-07 10:15:46.604,2021-05-07 10:15:48.583,0.021,3,3,0.99950117,7.0877393e-09,3.810164e-07,0.0004985144,0.99950117
511,5,walking,2021-05-07 10:15:47.604,2021-05-07 10:15:49.583,0.021,3,3,0.9954884,3.446964e-08,2.4191413e-06,0.004509131,0.9954884
511,5,walking,2021-05-07 10:15:48.604,2021-05-07 10:15:50.583,0.021,3,3,0.9765796,1.3587115e-07,1.7168435e-05,0.023403065,0.9765796
511,5,walking,2021-05-07 10:15:49.604,2021-05-07 10:15:51.583,0.021,3,3,0.99743074,1.9045165e-08,1.2310517e-06,0.0025680298,0.99743074
511,5,walking,2021-05-07 10:15:50.604,2021-05-07 10:15:52.583,0.021,3,3,0.99883085,4.7540043e-09,8.3829934e-07,0.001168309,0.99883085
511,5,walking,2021-05-07 10:15:51.604,2021-05-07 10:15:53.583,0.021,3,3,0.99518466,2.8647605e-08,5.900073e-06,0.0048094117,0.99518466
511,5,walking,2021-05-07 10:15:52.604,2021-05-07 10:15:54.583,0.021,3,3,0.9983369,9.278299e-09,9.445223e-07,0.0016621026,0.9983369
511,5,walking,2021-05-07 10:15:53.604,2021-05-07 10:15:55.583,0.021,3,3,0.99893504,1.8085544e-08,1.1261851e-06,0.0010638477,0.99893504
511,5,walking,2021-05-07 10:15:54.604,2021-05-07 10:15:56.583,0.021,3,3,0.9997071,2.7774785e-09,5.525399e-07,0.0002922886,0.9997071
511,5,walking,2021-05-07 10:15:55.604,2021-05-07 10:15:57.583,0.021,3,3,0.9993028,1.4667449e-08,1.3098769e-06,0.0006959395,0.9993028
511,5,walking,2021-05-07 10:15:56.604,2021-05-07 10:15:58.583,0.021,3,3,0.99889374,1.08454925e-08,3.7829676e-07,0.0011058996,0.99889374
511,5,walking,2021-05-07 10:15:57.604,2021-05-07 10:15:59.583,0.021,3,3,0.9998002,3.378184e-09,1.845098e-07,0.00019965999,0.9998002
511,5,walking,2021-05-07 10:15:58.604,2021-05-07 10:16:00.584,0.021,3,3,0.9992735,3.821285e-09,6.2061264e-07,0.00072594004,0.9992735
511,5,walking,2021-05-07 10:15:59.604,2021-05-07 10:16:01.584,0.021,3,3,0.99146736,7.8593125e-08,7.590886e-06,0.008525011,0.99146736
511,5,walking,2021-05-07 10:16:00.604,2021-05-07 10:16:02.584,0.021,3,3,0.98812634,7.313613e-08,2.2713261e-06,0.011871297,0.98812634
511,5,walking,2021-05-07 10:16:01.604,2021-05-07 10:16:03.584,0.021,3,3,0.99805933,3.449465e-08,1.7250525e-06,0.0019388306,0.99805933
511,5,walking,2021-05-07 10:16:02.604,2021-05-07 10:16:04.584,0.021,3,3,0.9924577,8.2394806e-08,6.5992144e-06,0.0075355377,0.9924577
511,5,walking,2021-05-07 10:16:03.604,2021-05-07 10:16:05.584,0.021,3,3,0.95979595,2.7328704e-07,9.57434e-06,0.040194213,0.95979595
511,8,standing,2021-05-07 10:16:07.084,2021-05-07 10:16:09.064,0.021,2,2,0.9994909,6.996691e-06,6.1736987e-06,0.9994909,0.0004958992
511,8,standing,2021-05-07 10:16:08.083,2021-05-07 10:16:10.064,0.021,2,2,0.99943906,4.8754146e-06,5.664902e-06,0.99943906,0.0005504104
511,8,standing,2021-05-07 10:16:09.083,2021-05-07 10:16:11.064,0.021,2,2,0.99904984,4.748682e-06,6.9866837e-06,0.99904984,0.0009383924
511,8,standing,2021-05-07 10:16:10.083,2021-05-07 10:16:12.064,0.021,2,2,0.9993653,2.8090158e-06,3.5111525e-06,0.9993653,0.000628358
511,8,standing,2021-05-07 10:16:11.083,2021-05-07 10:16:13.064,0.021,2,2,0.9992253,4.5669376e-06,5.4559405e-06,0.9992253,0.00076464785
511,8,standing,2021-05-07 10:16:12.083,2021-05-07 10:16:14.064,0.021,2,2,0.9992303,6.4280703e-06,7.741416e-06,0.9992303,0.0007555159
511,8,standing,2021-05-07 10:16:13.083,2021-05-07 10:16:15.064,0.021,2,2,0.9995758,1.5072371e-06,2.028956e-06,0.9995758,0.00042047203
511,8,standing,2021-05-07 10:16:14.083,2021-05-07 10:16:16.063,0.021,2,2,0.99950427,8.562544e-07,1.2698953e-06,0.99950427,0.00049366517
511,8,standing,2021-05-07 10:16:15.083,2021-05-07 10:16:17.063,0.021,2,2,0.99937654,3.5857404e-06,4.3512605e-06,0.99937654,0.0006154036
511,11,walking,2021-05-07 10:16:27.684,2021-05-07 10:16:29.663,0.021,3,3,0.9992437,1.9989416e-08,2.0067941e-06,0.0007543485,0.9992437
511,11,walking,2021-05-07 10:16:28.684,2021-05-07 10:16:30.663,0.021,3,3,0.99986625,3.7761603e-09,4.7660083e-07,0.00013342442,0.99986625
511,11,walking,2021-05-07 10:16:29.684,2021-05-07 10:16:31.663,0.021,3,3,0.99950093,1.4155082e-08,9.2915536e-07,0.0004981279,0.99950093
511,11,walking,2021-05-07 10:16:30.684,2021-05-07 10:16:32.664,0.021,3,3,0.99963063,1.5761227e-08,1.1423206e-06,0.00036820763,0.99963063
511,11,walking,2021-05-07 10:16:31.684,2021-05-07 10:16:33.664,0.021,3,3,0.9991677,9.395301e-09,3.8498166e-07,0.0008319225,0.9991677
511,11,walking,2021-05-07 10:16:32.683,2021-05-07 10:16:34.664,0.021,3,3,0.9997783,3.31003e-09,2.6722847e-07,0.00022156186,0.9997783
511,11,walking,2021-05-07 10:16:33.683,2021-05-07 10:16:35.664,0.021,3,3,0.999965,4.1245483e-09,2.1288103e-07,3.468756e-05,0.999965
511,11,walking,2021-05-07 10:16:34.683,2021-05-07 10:16:36.664,0.021,3,3,0.9999961,1.4404549e-09,4.2127445e-07,3.3497508e-06,0.9999961
511,11,walking,2021-05-07 10:16:35.683,2021-05-07 10:16:37.664,0.021,3,3,0.99997276,1.8175597e-09,9.431143e-07,2.6175732e-05,0.99997276
511,11,walking,2021-05-07 10:16:36.683,2021-05-07 10:16:38.664,0.021,3,3,0.99651706,4.8226404e-08,8.184821e-07,0.003482051,0.99651706
511,11,walking,2021-05-07 10:16:37.683,2021-05-07 10:16:39.664,0.021,3,3,0.9969683,7.776478e-08,4.617112e-07,0.0030311632,0.9969683
511,11,walking,2021-05-07 10:16:38.683,2021-05-07 10:16:40.664,0.021,3,3,0.9986471,1.5372288e-08,5.704512e-07,0.0013523063,0.9986471
511,11,walking,2021-05-07 10:16:39.683,2021-05-07 10:16:41.664,0.021,3,3,0.9920413,5.971133e-08,1.3205541e-06,0.007957269,0.9920413
511,11,walking,2021-05-07 10:16:40.683,2021-05-07 10:16:42.664,0.021,3,3,0.995314,3.8095667e-08,4.6900294e-07,0.00468549,0.995314
511,11,walking,2021-05-07 10:16:41.683,2021-05-07 10:16:43.664,0.021,3,3,0.9963361,4.6784894e-08,6.7602105e-07,0.0036631315,0.9963361
511,11,walking,2021-05-07 10:16:42.683,2021-05-07 10:16:44.664,0.021,3,3,0.99909633,2.4738055e-08,3.898553e-07,0.00090317096,0.99909633
511,11,walking,2021-05-07 10:16:43.683,2021-05-07 10:16:45.664,0.021,3,3,0.9991091,2.845751e-08,1.6968547e-06,0.0008891443,0.9991091
511,11,walking,2021-05-07 10:16:44.683,2021-05-07 10:16:46.664,0.021,3,3,0.9607385,3.5526443e-07,1.7228902e-05,0.039243974,0.9607385
511,11,walking,2021-05-07 10:16:45.683,2021-05-07 10:16:47.664,0.021,3,3,0.9981165,1.769135e-08,1.2435306e-06,0.0018822176,0.9981165
511,11,walking,2021-05-07 10:16:46.683,2021-05-07 10:16:48.664,0.021,3,3,0.99679065,4.3302975e-08,1.6548272e-06,0.0032077294,0.99679065
511,11,walking,2021-05-07 10:16:47.683,2021-05-07 10:16:49.664,0.021,3,3,0.88877815,3.9535576e-07,1.4507215e-05,0.11120693,0.88877815
511,11,walking,2021-05-07 10:16:48.683,2021-05-07 10:16:50.664,0.021,3,3,0.7624051,1.1491e-06,2.7173863e-05,0.23756664,0.7624051
511,11,walking,2021-05-07 10:16:49.683,2021-05-07 10:16:51.664,0.021,3,3,0.98768187,1.1981105e-07,1.6336055e-06,0.012316435,0.98768187
511,11,walking,2021-05-07 10:16:50.683,2021-05-07 10:16:52.664,0.021,3,3,0.99854106,3.0010828e-08,1.0138314e-06,0.0014578826,0.99854106
511,11,walking,2021-05-07 10:16:51.683,2021-05-07 10:16:53.664,0.021,3,3,0.99876803,4.4933085e-08,2.0541736e-06,0.0012298272,0.99876803
511,11,walking,2021-05-07 10:16:52.683,2021-05-07 10:16:54.664,0.021,3,3,0.9956926,1.338495e-07,6.4191686e-06,0.0043008337,0.9956926
511,13,walking,2021-05-07 10:16:56.644,2021-05-07 10:16:58.624,0.021,3,3,0.992857,1.17485826e-07,7.250341e-06,0.0071356795,0.992857
511,13,walking,2021-05-07 10:16:57.644,2021-05-07 10:16:59.624,0.021,3,3,0.992923,1.0227162e-07,5.1215975e-06,0.007071881,0.992923
511,13,walking,2021-05-07 10:16:58.644,2021-05-07 10:17:00.624,0.021,3,3,0.99684995,3.5424673e-08,7.5260054e-06,0.003142524,0.99684995
511,13,walking,2021-05-07 10:16:59.644,2021-05-07 10:17:01.624,0.021,3,3,0.9986257,2.7668815e-08,3.5926507e-06,0.0013707022,0.9986257
511,13,walking,2021-05-07 10:17:00.644,2021-05-07 10:17:02.624,0.021,3,3,0.9956608,5.321629e-08,5.4633797e-06,0.0043337448,0.9956608
511,13,walking,2021-05-07 10:17:01.644,2021-05-07 10:17:03.624,0.021,3,3,0.99319214,4.5859252e-08,5.6856716e-06,0.0068021235,0.99319214
511,13,walking,2021-05-07 10:17:02.644,2021-05-07 10:17:04.624,0.021,3,3,0.99813956,2.0878187e-07,3.5398623e-06,0.0018567287,0.99813956
511,16,standing,2021-05-07 10:17:08.404,2021-05-07 10:17:10.383,0.021,2,2,0.9997511,3.1082438e-06,2.026755e-06,0.9997511,0.00024367726
511,16,standing,2021-05-07 10:17:09.404,2021-05-07 10:17:11.383,0.021,2,2,0.99988014,3.1658637e-06,1.5818355e-06,0.99988014,0.00011504916
511,16,standing,2021-05-07 10:17:10.404,2021-05-07 10:17:12.383,0.021,2,2,0.9997361,4.9521936e-06,2.4324406e-06,0.9997361,0.0002564423
511,16,standing,2021-05-07 10:17:11.404,2021-05-07 10:17:13.383,0.021,2,2,0.9997115,5.291762e-06,2.5330148e-06,0.9997115,0.00028054047
511,16,standing,2021-05-07 10:17:12.404,2021-05-07 10:17:14.383,0.021,2,2,0.9998812,3.7230845e-06,1.8255533e-06,0.9998812,0.0001131419
511,16,standing,2021-05-07 10:17:13.404,2021-05-07 10:17:15.383,0.021,2,2,0.999877,3.7600998e-06,1.7954975e-06,0.999877,0.000117375566
511,16,standing,2021-05-07 10:17:14.404,2021-05-07 10:17:16.384,0.021,2,2,0.99982667,4.529474e-06,2.2498393e-06,0.99982667,0.00016654824
511,16,standing,2021-05-07 10:17:15.404,2021-05-07 10:17:17.384,0.021,2,2,0.9998493,4.2852016e-06,2.1736566e-06,0.9998493,0.00014437662
511,16,standing,2021-05-07 10:17:16.403,2021-05-07 10:17:18.384,0.021,2,2,0.99988586,3.8753883e-06,1.8670011e-06,0.99988586,0.00010832665
511,16,standing,2021-05-07 10:17:17.403,2021-05-07 10:17:19.384,0.021,2,2,0.9999133,3.4301497e-06,1.5069381e-06,0.9999133,8.1783575e-05
511,16,standing,2021-05-07 10:17:18.403,2021-05-07 10:17:20.384,0.021,2,2,0.99989945,3.6306885e-06,1.7217184e-06,0.99989945,9.507408e-05
511,16,standing,2021-05-07 10:17:19.403,2021-05-07 10:17:21.384,0.021,2,2,0.9998906,3.4694092e-06,1.7588751e-06,0.9998906,0.000104066996
511,20,standing,2021-05-07 10:17:50.563,2021-05-07 10:17:52.543,0.021,2,2,0.9994104,6.1235605e-06,1.8019879e-06,0.9994104,0.0005816176
511,22,standing,2021-05-07 10:17:55.004,2021-05-07 10:17:56.984,0.021,2,2,0.9997536,3.4957309e-06,2.075496e-06,0.9997536,0.00024073079
511,22,standing,2021-05-07 10:17:56.004,2021-05-07 10:17:57.984,0.021,2,2,0.9998811,3.1982186e-06,1.3355243e-06,0.9998811,0.00011428739
511,22,standing,2021-05-07 10:17:57.004,2021-05-07 10:17:58.984,0.021,2,2,0.9998991,2.9038715e-06,1.196938e-06,0.9998991,9.680869e-05
511,24,standing,2021-05-07 10:18:02.043,2021-05-07 10:18:04.024,0.021,2,2,0.9986371,6.0801513e-06,4.999856e-06,0.9986371,0.0013517739
511,24,standing,2021-05-07 10:18:03.043,2021-05-07 10:18:05.024,0.021,2,2,0.998657,6.601874e-06,4.1719813e-06,0.998657,0.0013322666
511,34,standing,2021-05-07 10:19:04.604,2021-05-07 10:19:06.584,0.021,2,2,0.9998388,5.5492952e-09,3.8851415e-08,0.9998388,0.00016119944
511,34,standing,2021-05-07 10:19:05.604,2021-05-07 10:19:07.584,0.021,2,2,0.9999376,3.2396161e-09,2.4907138e-08,0.9999376,6.236502e-05
511,34,standing,2021-05-07 10:19:06.604,2021-05-07 10:19:08.583,0.021,2,2,0.9999437,3.1457774e-09,2.4495893e-08,0.9999437,5.6314133e-05
511,34,standing,2021-05-07 10:19:07.604,2021-05-07 10:19:09.583,0.021,2,2,0.9999375,2.9714269e-09,2.6699038e-08,0.9999375,6.249576e-05
511,39,walking,2021-05-07 10:19:20.723,2021-05-07 10:19:22.704,0.021,3,3,0.98440766,2.0995714e-07,9.675107e-06,0.015582433,0.98440766
511,39,walking,2021-05-07 10:19:21.723,2021-05-07 10:19:23.704,0.021,3,3,0.9987015,8.3018726e-08,6.1617316e-06,0.0012922283,0.9987015
511,41,walking,2021-05-07 10:19:24.524,2021-05-07 10:19:26.503,0.021,3,3,0.9977601,2.8988227e-08,5.0133576e-06,0.00223477,0.9977601
511,41,walking,2021-05-07 10:19:25.524,2021-05-07 10:19:27.503,0.021,3,3,0.9933966,6.801567e-08,2.4048966e-06,0.0066009713,0.9933966
511,42,sitting,2021-05-07 10:19:29.964,2021-05-07 10:19:31.944,0.021,1,1,0.99995345,4.654625e-05,0.99995345,1.0259416e-08,2.2055069e-08
511,42,sitting,2021-05-07 10:19:30.964,2021-05-07 10:19:32.944,0.021,1,1,0.99971545,0.0002840966,0.99971545,3.2179665e-07,5.3070604e-08
511,42,sitting,2021-05-07 10:19:31.964,2021-05-07 10:19:33.944,0.021,1,1,0.9996366,0.00036172633,0.9996366,1.6507598e-06,4.1965304e-08
511,42,sitting,2021-05-07 10:19:32.964,2021-05-07 10:19:34.944,0.021,1,1,0.9997382,0.0002543152,0.9997382,7.3499464e-06,4.5708983e-08
511,42,sitting,2021-05-07 10:19:33.964,2021-05-07 10:19:35.944,0.021,1,1,0.99965876,0.00032355104,0.99965876,1.7748884e-05,5.941113e-08
511,42,sitting,2021-05-07 10:19:34.964,2021-05-07 10:19:36.944,0.021,1,1,0.9996099,0.0003701923,0.9996099,1.9804178e-05,6.461198e-08
511,42,sitting,2021-05-07 10:19:35.964,2021-05-07 10:19:37.944,0.021,1,1,0.9996037,0.0003756324,0.9996037,2.044432e-05,6.494481e-08
511,42,sitting,2021-05-07 10:19:36.964,2021-05-07 10:19:38.944,0.021,1,1,0.9996001,0.00037866688,0.9996001,2.1044212e-05,6.678515e-08
511,42,sitting,2021-05-07 10:19:37.964,2021-05-07 10:19:39.944,0.021,1,1,0.999602,0.00037751757,0.999602,2.0375344e-05,6.534691e-08
511,42,sitting,2021-05-07 10:19:38.964,2021-05-07 10:19:40.944,0.021,1,1,0.9996018,0.00037811682,0.9996018,1.9922392e-05,6.3830825e-08
511,42,sitting,2021-05-07 10:19:39.964,2021-05-07 10:19:41.944,0.021,1,1,0.99959964,0.00038035947,0.99959964,1.9752295e-05,6.369934e-08
511,42,sitting,2021-05-07 10:19:40.964,2021-05-07 10:19:42.944,0.021,1,1,0.99961776,0.0003626976,0.99961776,1.9331312e-05,6.261394e-08
511,42,sitting,2021-05-07 10:19:41.964,2021-05-07 10:19:43.944,0.021,1,1,0.99961466,0.00036556466,0.99961466,1.967806e-05,6.4566095e-08
511,42,sitting,2021-05-07 10:19:42.964,2021-05-07 10:19:44.944,0.021,1,1,0.99962276,0.00035729154,0.99962276,1.9884108e-05,6.317665e-08
511,42,sitting,2021-05-07 10:19:43.964,2021-05-07 10:19:45.944,0.021,1,1,0.9996163,0.00036391424,0.9996163,1.9701583e-05,6.5221464e-08
511,42,sitting,2021-05-07 10:19:44.964,2021-05-07 10:19:46.944,0.021,1,1,0.99959654,0.0003833261,0.99959654,2.0068126e-05,6.75116e-08
511,42,sitting,2021-05-07 10:19:45.964,2021-05-07 10:19:47.944,0.021,1,1,0.9996063,0.0003741741,0.9996063,1.9318079e-05,6.2773104e-08
511,42,sitting,2021-05-07 10:19:46.964,2021-05-07 10:19:48.944,0.021,1,1,0.99963063,0.00035061734,0.99963063,1.8571416e-05,6.3832665e-08
511,42,sitting,2021-05-07 10:19:47.964,2021-05-07 10:19:49.944,0.021,1,1,0.99963206,0.00034908106,0.99963206,1.8866564e-05,6.411964e-08
511,42,sitting,2021-05-07 10:19:48.964,2021-05-07 10:19:50.944,0.021,1,1,0.9996242,0.0003560035,0.9996242,1.977321e-05,6.250326e-08
511,42,sitting,2021-05-07 10:19:49.964,2021-05-07 10:19:51.944,0.021,1,1,0.9996185,0.0003616294,0.9996185,1.980363e-05,6.254977e-08
511,42,sitting,2021-05-07 10:19:50.964,2021-05-07 10:19:52.944,0.021,1,1,0.99962276,0.00035751652,0.99962276,1.9582087e-05,6.208411e-08
511,42,sitting,2021-05-07 10:19:51.964,2021-05-07 10:19:53.944,0.021,1,1,0.9996335,0.00034951928,0.9996335,1.6872933e-05,5.75281e-08
511,42,sitting,2021-05-07 10:19:52.964,2021-05-07 10:19:54.944,0.021,1,1,0.999659,0.00032636846,0.999659,1.4597764e-05,5.181042e-08
511,42,sitting,2021-05-07 10:19:53.964,2021-05-07 10:19:55.944,0.021,1,1,0.9996423,0.00034134332,0.9996423,1.6293223e-05,5.214972e-08
511,42,sitting,2021-05-07 10:19:54.964,2021-05-07 10:19:56.944,0.021,1,1,0.9996163,0.0003666623,0.9996163,1.698083e-05,5.2681816e-08
511,42,sitting,2021-05-07 10:19:55.964,2021-05-07 10:19:57.944,0.021,1,1,0.9996092,0.00037367718,0.9996092,1.7025786e-05,5.4491682e-08
511,42,sitting,2021-05-07 10:19:56.964,2021-05-07 10:19:58.944,0.021,1,1,0.99960226,0.00038099015,0.99960226,1.6811404e-05,5.638546e-08
511,42,sitting,2021-05-07 10:19:57.964,2021-05-07 10:19:59.944,0.021,1,1,0.99961394,0.00037043553,0.99961394,1.5495209e-05,6.0268555e-08
511,42,sitting,2021-05-07 10:19:58.964,2021-05-07 10:20:00.944,0.021,1,1,0.9995309,0.00045868664,0.9995309,1.0226423e-05,1.0461459e-07
511,42,sitting,2021-05-07 10:19:59.964,2021-05-07 10:20:01.944,0.021,1,1,0.99950784,0.00048787156,0.99950784,4.0365567e-06,9.504105e-08
511,42,sitting,2021-05-07 10:20:00.964,2021-05-07 10:20:02.944,0.021,1,1,0.9997854,0.000208086,0.9997854,6.447633e-06,8.4669324e-08
511,42,sitting,2021-05-07 10:20:01.964,2021-05-07 10:20:03.944,0.021,1,1,0.9998338,0.00014382304,0.9998338,2.2292206e-05,1.217804e-07
511,42,sitting,2021-05-07 10:20:02.964,2021-05-07 10:20:04.944,0.021,1,1,0.99980617,0.00017321456,0.99980617,2.0562431e-05,8.5215454e-08
511,42,sitting,2021-05-07 10:20:03.964,2021-05-07 10:20:05.944,0.021,1,1,0.9996883,0.00029834136,0.9996883,1.3521002e-05,5.7697083e-08
511,42,sitting,2021-05-07 10:20:04.963,2021-05-07 10:20:06.944,0.021,1,1,0.9997499,0.00023821433,0.9997499,1.1713249e-05,6.3710615e-08
511,42,sitting,2021-05-07 10:20:05.963,2021-05-07 10:20:07.944,0.021,1,1,0.99982095,0.00016984218,0.99982095,9.209986e-06,6.093068e-08
511,42,sitting,2021-05-07 10:20:06.963,2021-05-07 10:20:08.944,0.021,1,1,0.9998343,0.00015746035,0.9998343,8.173162e-06,6.842616e-08
511,42,sitting,2021-05-07 10:20:07.963,2021-05-07 10:20:09.944,0.021,1,1,0.99980307,0.0001874999,0.99980307,9.318348e-06,6.637933e-08
511,42,sitting,2021-05-07 10:20:08.963,2021-05-07 10:20:10.944,0.021,1,1,0.99972105,0.00026783507,0.99972105,1.1099253e-05,5.643122e-08
511,42,sitting,2021-05-07 10:20:09.963,2021-05-07 10:20:11.944,0.021,1,1,0.999643,0.00034373315,0.999643,1.3388614e-05,5.429972e-08
511,42,sitting,2021-05-07 10:20:10.963,2021-05-07 10:20:12.944,0.021,1,1,0.9996695,0.0003155528,0.9996695,1.5003144e-05,5.325677e-08
511,42,sitting,2021-05-07 10:20:11.963,2021-05-07 10:20:13.944,0.021,1,1,0.9996647,0.0003195737,0.9996647,1.5684192e-05,5.6521213e-08
511,42,sitting,2021-05-07 10:20:12.963,2021-05-07 10:20:14.944,0.021,1,1,0.9996888,0.0002961556,0.9996888,1.5109833e-05,5.583435e-08
511,42,sitting,2021-05-07 10:20:13.963,2021-05-07 10:20:15.944,0.021,1,1,0.99974144,0.00025001008,0.99974144,8.45145e-06,5.4577743e-08
511,42,sitting,2021-05-07 10:20:14.963,2021-05-07 10:20:16.944,0.021,1,1,0.99975467,0.00023876087,0.99975467,6.443759e-06,6.1553656e-08
511,42,sitting,2021-05-07 10:20:15.963,2021-05-07 10:20:17.944,0.021,1,1,0.99971366,0.00027543784,0.99971366,1.0724394e-05,6.2660575e-08
511,42,sitting,2021-05-07 10:20:16.964,2021-05-07 10:20:18.944,0.021,1,1,0.9997251,0.00025920806,0.9997251,1.564237e-05,5.152018e-08
511,42,sitting,2021-05-07 10:20:17.964,2021-05-07 10:20:19.944,0.021,1,1,0.9997469,0.00023617572,0.9997469,1.6771526e-05,5.4320072e-08
511,42,sitting,2021-05-07 10:20:18.964,2021-05-07 10:20:20.944,0.021,1,1,0.999773,0.0002101974,0.999773,1.6735581e-05,5.649317e-08
511,42,sitting,2021-05-07 10:20:19.964,2021-05-07 10:20:21.944,0.021,1,1,0.99977446,0.00020785247,0.99977446,1.7717639e-05,5.849804e-08
511,42,sitting,2021-05-07 10:20:20.964,2021-05-07 10:20:22.944,0.021,1,1,0.9997064,0.00027388884,0.9997064,1.9587442e-05,6.252795e-08
511,42,sitting,2021-05-07 10:20:21.964,2021-05-07 10:20:23.944,0.021,1,1,0.99964327,0.00033554868,0.99964327,2.1084134e-05,6.943876e-08
511,42,sitting,2021-05-07 10:20:22.964,2021-05-07 10:20:24.944,0.021,1,1,0.9996328,0.00034507806,0.9996328,2.19057e-05,7.358807e-08
511,42,sitting,2021-05-07 10:20:23.964,2021-05-07 10:20:25.944,0.021,1,1,0.9996299,0.00034847396,0.9996299,2.1613234e-05,7.595667e-08
511,42,sitting,2021-05-07 10:20:24.964,2021-05-07 10:20:26.944,0.021,1,1,0.9997103,0.00027067136,0.9997103,1.8835695e-05,7.088739e-08
511,42,sitting,2021-05-07 10:20:25.964,2021-05-07 10:20:27.944,0.021,1,1,0.9997716,0.00020999773,0.9997716,1.8246858e-05,6.862864e-08
511,42,sitting,2021-05-07 10:20:26.964,2021-05-07 10:20:28.944,0.021,1,1,0.9997642,0.00021670971,0.9997642,1.89684e-05,7.53494e-08
511,42,sitting,2021-05-07 10:20:27.964,2021-05-07 10:20:29.944,0.021,1,1,0.9997524,0.00022862111,0.9997524,1.8858635e-05,7.597859e-08
511,42,sitting,2021-05-07 10:20:28.964,2021-05-07 10:20:30.944,0.021,1,1,0.9997469,0.00023935655,0.9997469,1.3719978e-05,5.5426952e-08
511,42,sitting,2021-05-07 10:20:29.964,2021-05-07 10:20:31.944,0.021,1,1,0.99993914,6.0519542e-05,0.99993914,2.7928962e-07,2.1737192e-08
511,42,sitting,2021-05-07 10:20:30.964,2021-05-07 10:20:32.944,0.021,1,1,0.99999565,4.2452793e-06,0.99999565,2.561098e-09,1.953159e-08
511,42,sitting,2021-05-07 10:20:31.964,2021-05-07 10:20:33.944,0.021,1,1,0.9999986,1.2562148e-06,0.9999986,7.6589185e-10,1.2225577e-08
511,42,sitting,2021-05-07 10:20:32.964,2021-05-07 10:20:34.944,0.021,1,1,0.9999879,1.2078506e-05,0.9999879,1.6260064e-08,2.2424619e-08
511,42,sitting,2021-05-07 10:20:33.964,2021-05-07 10:20:35.944,0.021,1,1,0.99985576,0.00014365908,0.99985576,6.7476293e-07,2.7436398e-08
511,42,sitting,2021-05-07 10:20:34.964,2021-05-07 10:20:36.944,0.021,1,1,0.99980927,0.00018891903,0.99980927,1.779124e-06,4.390622e-08
511,42,sitting,2021-05-07 10:20:35.964,2021-05-07 10:20:37.944,0.021,1,1,0.9998009,0.0001966157,0.9998009,2.395405e-06,4.1197065e-08
511,42,sitting,2021-05-07 10:20:36.964,2021-05-07 10:20:38.944,0.021,1,1,0.9997921,0.00020512992,0.9997921,2.881127e-06,4.1329397e-08
511,42,sitting,2021-05-07 10:20:37.964,2021-05-07 10:20:39.944,0.021,1,1,0.99979305,0.00020391593,0.99979305,3.1059087e-06,4.0047397e-08
511,42,sitting,2021-05-07 10:20:38.964,2021-05-07 10:20:40.944,0.021,1,1,0.9997895,0.00020723409,0.9997895,3.2685336e-06,4.1585484e-08
511,42,sitting,2021-05-07 10:20:39.964,2021-05-07 10:20:41.944,0.021,1,1,0.9997852,0.00021171223,0.9997852,3.1991076e-06,4.1947132e-08
511,42,sitting,2021-05-07 10:20:40.964,2021-05-07 10:20:42.944,0.021,1,1,0.9997921,0.00020473727,0.9997921,3.1416303e-06,4.1421576e-08
511,42,sitting,2021-05-07 10:20:41.964,2021-05-07 10:20:43.944,0.021,1,1,0.9997916,0.00020510478,0.9997916,3.2559965e-06,4.1785142e-08
511,42,sitting,2021-05-07 10:20:42.964,2021-05-07 10:20:44.944,0.021,1,1,0.9997885,0.0002082415,0.9997885,3.2750613e-06,4.2740435e-08
511,42,sitting,2021-05-07 10:20:43.964,2021-05-07 10:20:45.944,0.021,1,1,0.9997878,0.00020898382,0.9997878,3.3391154e-06,4.2908752e-08
511,42,sitting,2021-05-07 10:20:44.964,2021-05-07 10:20:46.944,0.021,1,1,0.99979424,0.00020265565,0.99979424,3.2326916e-06,4.102562e-08
511,42,sitting,2021-05-07 10:20:45.964,2021-05-07 10:20:47.944,0.021,1,1,0.999794,0.00020274761,0.999794,3.2623514e-06,4.1557765e-08
511,42,sitting,2021-05-07 10:20:46.964,2021-05-07 10:20:48.944,0.021,1,1,0.99978137,0.00021518777,0.99978137,3.5117703e-06,4.357978e-08
511,42,sitting,2021-05-07 10:20:47.964,2021-05-07 10:20:49.944,0.021,1,1,0.99978757,0.00020914726,0.99978757,3.395789e-06,4.090174e-08
511,42,sitting,2021-05-07 10:20:48.964,2021-05-07 10:20:50.944,0.021,1,1,0.99979305,0.00020371728,0.99979305,3.2928115e-06,3.9990226e-08
511,42,sitting,2021-05-07 10:20:49.964,2021-05-07 10:20:51.944,0.021,1,1,0.9997926,0.00020421534,0.9997926,3.204096e-06,4.2505825e-08
511,42,sitting,2021-05-07 10:20:50.964,2021-05-07 10:20:52.944,0.021,1,1,0.99978876,0.00020780232,0.99978876,3.3146061e-06,4.471478e-08
511,42,sitting,2021-05-07 10:20:51.964,2021-05-07 10:20:53.944,0.021,1,1,0.99978375,0.00021284683,0.99978375,3.4426855e-06,4.5848505e-08
511,42,sitting,2021-05-07 10:20:52.964,2021-05-07 10:20:54.944,0.021,1,1,0.99978876,0.00020775635,0.99978876,3.4894088e-06,4.432291e-08
511,42,sitting,2021-05-07 10:20:53.964,2021-05-07 10:20:55.944,0.021,1,1,0.99979544,0.00020122614,0.99979544,3.3676095e-06,4.3076607e-08
511,42,sitting,2021-05-07 10:20:54.964,2021-05-07 10:20:56.944,0.021,1,1,0.99979734,0.00019941527,0.99979734,3.2160629e-06,4.211881e-08
511,42,sitting,2021-05-07 10:20:55.964,2021-05-07 10:20:57.944,0.021,1,1,0.9998007,0.00019618522,0.9998007,3.0522613e-06,4.0595584e-08
511,42,sitting,2021-05-07 10:20:56.964,2021-05-07 10:20:58.944,0.021,1,1,0.9997964,0.00020037628,0.9997964,3.1731881e-06,4.1095483e-08
511,42,sitting,2021-05-07 10:20:57.964,2021-05-07 10:20:59.944,0.021,1,1,0.9997909,0.00020610169,0.9997909,3.1489365e-06,4.2788336e-08
511,42,sitting,2021-05-07 10:20:58.964,2021-05-07 10:21:00.944,0.021,1,1,0.99978924,0.00020777567,0.99978924,3.1277261e-06,4.2287752e-08
511,42,sitting,2021-05-07 10:20:59.964,2021-05-07 10:21:01.944,0.021,1,1,0.9997909,0.00020598635,0.9997909,3.223722e-06,4.3427768e-08
511,42,sitting,2021-05-07 10:21:00.964,2021-05-07 10:21:02.944,0.021,1,1,0.99979043,0.0002063248,0.99979043,3.288378e-06,4.486641e-08
511,42,sitting,2021-05-07 10:21:01.964,2021-05-07 10:21:03.944,0.021,1,1,0.99979115,0.00020547293,0.99979115,3.2966448e-06,4.3628777e-08
511,42,sitting,2021-05-07 10:21:02.964,2021-05-07 10:21:04.944,0.021,1,1,0.99979115,0.0002055137,0.99979115,3.3780486e-06,4.281896e-08
511,42,sitting,2021-05-07 10:21:03.964,2021-05-07 10:21:05.944,0.021,1,1,0.9997864,0.00021020322,0.9997864,3.3408435e-06,4.2931447e-08
511,42,sitting,2021-05-07 10:21:04.963,2021-05-07 10:21:06.944,0.021,1,1,0.9997859,0.00021083813,0.9997859,3.3591673e-06,4.3511786e-08
511,42,sitting,2021-05-07 10:21:05.963,2021-05-07 10:21:07.944,0.021,1,1,0.9997983,0.00019858897,0.9997983,3.122637e-06,4.2882775e-08
511,42,sitting,2021-05-07 10:21:06.963,2021-05-07 10:21:08.944,0.021,1,1,0.9997988,0.00019815659,0.9997988,2.9548903e-06,4.2663174e-08
511,42,sitting,2021-05-07 10:21:07.963,2021-05-07 10:21:09.944,0.021,1,1,0.9997902,0.00020643772,0.9997902,3.3211038e-06,4.275119e-08
511,42,sitting,2021-05-07 10:21:08.963,2021-05-07 10:21:10.944,0.021,1,1,0.9997976,0.0001992087,0.9997976,3.178071e-06,4.1460133e-08
511,42,sitting,2021-05-07 10:21:09.963,2021-05-07 10:21:11.944,0.021,1,1,0.99979234,0.00020447253,0.99979234,3.2537703e-06,4.2326047e-08
511,42,sitting,2021-05-07 10:21:10.963,2021-05-07 10:21:12.944,0.021,1,1,0.99978995,0.00020671211,0.99978995,3.27952e-06,4.41783e-08
511,42,sitting,2021-05-07 10:21:11.963,2021-05-07 10:21:13.944,0.021,1,1,0.9997952,0.00020154049,0.9997952,3.305372e-06,4.3132257e-08
511,42,sitting,2021-05-07 10:21:12.963,2021-05-07 10:21:14.944,0.021,1,1,0.9997859,0.00021072416,0.9997859,3.4466416e-06,4.4054595e-08
511,42,sitting,2021-05-07 10:21:13.963,2021-05-07 10:21:15.944,0.021,1,1,0.9997809,0.00021565937,0.9997809,3.5060864e-06,4.5618783e-08
511,42,sitting,2021-05-07 10:21:14.963,2021-05-07 10:21:16.944,0.021,1,1,0.99978375,0.00021259792,0.99978375,3.5204264e-06,4.5273318e-08
511,42,sitting,2021-05-07 10:21:15.963,2021-05-07 10:21:17.944,0.021,1,1,0.9997854,0.00021108994,0.9997854,3.4382356e-06,4.4787864e-08
511,42,sitting,2021-05-07 10:21:16.964,2021-05-07 10:21:18.944,0.021,1,1,0.9997926,0.00020418673,0.9997926,3.20001e-06,4.4239464e-08
511,42,sitting,2021-05-07 10:21:17.964,2021-05-07 10:21:19.944,0.021,1,1,0.99979615,0.00020068239,0.99979615,3.2215814e-06,4.4670355e-08
511,42,sitting,2021-05-07 10:21:18.964,2021-05-07 10:21:20.944,0.021,1,1,0.9997935,0.00020317045,0.9997935,3.3515835e-06,4.4100076e-08
511,42,sitting,2021-05-07 10:21:19.964,2021-05-07 10:21:21.944,0.021,1,1,0.9997971,0.00019958419,0.9997971,3.2833739e-06,4.471916e-08
511,42,sitting,2021-05-07 10:21:20.964,2021-05-07 10:21:22.944,0.021,1,1,0.99982715,0.00016975027,0.99982715,3.0533026e-06,4.399083e-08
511,42,sitting,2021-05-07 10:21:21.964,2021-05-07 10:21:23.944,0.021,1,1,0.99986506,0.00013125641,0.99986506,3.7454674e-06,4.327842e-08
511,42,sitting,2021-05-07 10:21:22.964,2021-05-07 10:21:24.944,0.021,1,1,0.99985456,0.00014126333,0.99985456,4.1950007e-06,4.964229e-08
511,42,sitting,2021-05-07 10:21:23.964,2021-05-07 10:21:25.944,0.021,1,1,0.99984884,0.00014730207,0.99984884,3.665951e-06,6.198053e-08
511,42,sitting,2021-05-07 10:21:24.964,2021-05-07 10:21:26.944,0.021,1,1,0.99985576,0.00014061283,0.99985576,3.457259e-06,6.271421e-08
511,42,sitting,2021-05-07 10:21:25.964,2021-05-07 10:21:27.944,0.021,1,1,0.9998419,0.00015408028,0.9998419,3.939361e-06,5.4831364e-08
511,42,sitting,2021-05-07 10:21:26.964,2021-05-07 10:21:28.944,0.021,1,1,0.9998431,0.00015312975,0.9998431,3.7936784e-06,5.2536716e-08
511,42,sitting,2021-05-07 10:21:27.964,2021-05-07 10:21:29.944,0.021,1,1,0.99983525,0.00016082634,0.99983525,4.0506916e-06,5.224053e-08
511,42,sitting,2021-05-07 10:21:28.964,2021-05-07 10:21:30.944,0.021,1,1,0.9998188,0.00017668908,0.9998188,4.547704e-06,5.1840555e-08
511,42,sitting,2021-05-07 10:21:29.964,2021-05-07 10:21:31.944,0.021,1,1,0.9998393,0.00015679924,0.9998393,3.811557e-06,5.4476065e-08
511,42,sitting,2021-05-07 10:21:30.964,2021-05-07 10:21:32.944,0.021,1,1,0.9998567,0.00013989829,0.9998567,3.3536626e-06,5.5500216e-08
511,42,sitting,2021-05-07 10:21:31.964,2021-05-07 10:21:33.944,0.021,1,1,0.9998481,0.0001481488,0.9998481,3.6381346e-06,5.402261e-08
511,42,sitting,2021-05-07 10:21:32.964,2021-05-07 10:21:34.944,0.021,1,1,0.99983644,0.00015950027,0.99983644,4.011129e-06,5.2464966e-08
511,42,sitting,2021-05-07 10:21:33.964,2021-05-07 10:21:35.944,0.021,1,1,0.99983025,0.00016581442,0.99983025,4.0789932e-06,5.124881e-08
511,42,sitting,2021-05-07 10:21:34.964,2021-05-07 10:21:36.944,0.021,1,1,0.9998398,0.00015636985,0.9998398,3.9030606e-06,5.1496812e-08
511,42,sitting,2021-05-07 10:21:35.964,2021-05-07 10:21:37.944,0.021,1,1,0.9998548,0.00014180326,0.9998548,3.4140853e-06,5.2788845e-08
511,42,sitting,2021-05-07 10:21:36.964,2021-05-07 10:21:38.944,0.021,1,1,0.9998522,0.00014445801,0.9998522,3.472132e-06,5.476284e-08
511,42,sitting,2021-05-07 10:21:37.964,2021-05-07 10:21:39.944,0.021,1,1,0.99983835,0.00015784526,0.99983835,3.9009597e-06,5.5268803e-08
511,42,sitting,2021-05-07 10:21:38.964,2021-05-07 10:21:40.944,0.021,1,1,0.9998424,0.00015368235,0.9998424,3.9189636e-06,5.34918e-08
511,42,sitting,2021-05-07 10:21:39.964,2021-05-07 10:21:41.944,0.021,1,1,0.99984145,0.00015470243,0.99984145,3.817681e-06,5.293979e-08
511,42,sitting,2021-05-07 10:21:40.964,2021-05-07 10:21:42.944,0.021,1,1,0.9998226,0.00017344188,0.9998226,4.049783e-06,5.682093e-08
511,42,sitting,2021-05-07 10:21:41.964,2021-05-07 10:21:43.944,0.021,1,1,0.9998009,0.00019455647,0.9998009,4.5290813e-06,5.86314e-08
511,42,sitting,2021-05-07 10:21:42.964,2021-05-07 10:21:44.944,0.021,1,1,0.9997933,0.00020205528,0.9997933,4.678825e-06,5.796347e-08
511,42,sitting,2021-05-07 10:21:43.964,2021-05-07 10:21:45.944,0.021,1,1,0.99979377,0.00020166209,0.99979377,4.6560904e-06,5.7620245e-08
511,42,sitting,2021-05-07 10:21:44.964,2021-05-07 10:21:46.944,0.021,1,1,0.99979854,0.0001970524,0.99979854,4.374731e-06,5.898425e-08
511,42,sitting,2021-05-07 10:21:45.964,2021-05-07 10:21:47.944,0.021,1,1,0.99979115,0.00020385567,0.99979115,5.0226718e-06,6.051009e-08
511,42,sitting,2021-05-07 10:21:46.964,2021-05-07 10:21:48.944,0.021,1,1,0.99977875,0.0002151665,0.99977875,6.041126e-06,5.7620696e-08
511,42,sitting,2021-05-07 10:21:47.964,2021-05-07 10:21:49.944,0.021,1,1,0.99976754,0.00022525337,0.99976754,7.2351045e-06,5.8376035e-08
511,42,sitting,2021-05-07 10:21:48.964,2021-05-07 10:21:50.944,0.021,1,1,0.99977684,0.00021594478,0.99977684,7.270884e-06,5.6490045e-08
511,42,sitting,2021-05-07 10:21:49.964,2021-05-07 10:21:51.944,0.021,1,1,0.99981594,0.00017742004,0.99981594,6.5568556e-06,5.5159305e-08
511,42,sitting,2021-05-07 10:21:50.964,2021-05-07 10:21:52.944,0.021,1,1,0.99982643,0.00016854885,0.99982643,4.9683517e-06,6.687905e-08
511,42,sitting,2021-05-07 10:21:51.964,2021-05-07 10:21:53.944,0.021,1,1,0.99982643,0.00016890238,0.99982643,4.5906427e-06,7.547837e-08
511,42,sitting,2021-05-07 10:21:52.964,2021-05-07 10:21:54.944,0.021,1,1,0.999846,0.00014985765,0.999846,4.1909097e-06,7.9240216e-08
511,42,sitting,2021-05-07 10:21:53.964,2021-05-07 10:21:55.944,0.021,1,1,0.9998443,0.00015119428,0.9998443,4.336391e-06,8.466382e-08
511,42,sitting,2021-05-07 10:21:54.964,2021-05-07 10:21:56.944,0.021,1,1,0.99982786,0.00016697416,0.99982786,5.079622e-06,8.415528e-08
511,42,sitting,2021-05-07 10:21:55.964,2021-05-07 10:21:57.944,0.021,1,1,0.999809,0.00018539769,0.999809,5.4050756e-06,8.129276e-08
511,42,sitting,2021-05-07 10:21:56.964,2021-05-07 10:21:58.944,0.021,1,1,0.9998033,0.00019102744,0.9998033,5.5662954e-06,7.6490224e-08
511,42,sitting,2021-05-07 10:21:57.964,2021-05-07 10:21:59.944,0.021,1,1,0.9998059,0.00018843832,0.9998059,5.456535e-06,7.418388e-08
511,42,sitting,2021-05-07 10:21:58.964,2021-05-07 10:22:00.944,0.021,1,1,0.9998028,0.00019168049,0.9998028,5.372163e-06,7.3847936e-08
511,42,sitting,2021-05-07 10:21:59.964,2021-05-07 10:22:01.944,0.021,1,1,0.9997866,0.00020734973,0.9997866,5.972421e-06,6.9705244e-08
511,42,sitting,2021-05-07 10:22:00.964,2021-05-07 10:22:02.944,0.021,1,1,0.9997871,0.00020659149,0.9997871,6.2737354e-06,6.908543e-08
511,42,sitting,2021-05-07 10:22:01.964,2021-05-07 10:22:03.944,0.021,1,1,0.9998157,0.0001787048,0.9998157,5.631549e-06,6.9906456e-08
511,42,sitting,2021-05-07 10:22:02.964,2021-05-07 10:22:04.944,0.021,1,1,0.99981403,0.0001797012,0.99981403,6.091063e-06,6.875917e-08
511,42,sitting,2021-05-07 10:22:03.964,2021-05-07 10:22:05.944,0.021,1,1,0.9998205,0.00017354345,0.9998205,5.8672936e-06,7.2169904e-08
511,42,sitting,2021-05-07 10:22:04.963,2021-05-07 10:22:06.944,0.021,1,1,0.9998379,0.00015685883,0.9998379,5.1221505e-06,7.27447e-08
511,42,sitting,2021-05-07 10:22:05.963,2021-05-07 10:22:07.944,0.021,1,1,0.99983215,0.000162445,0.99983215,5.1967527e-06,6.928597e-08
511,42,sitting,2021-05-07 10:22:06.963,2021-05-07 10:22:08.944,0.021,1,1,0.9998269,0.0001675609,0.9998269,5.482077e-06,6.864971e-08
511,42,sitting,2021-05-07 10:22:07.963,2021-05-07 10:22:09.944,0.021,1,1,0.9998238,0.00017039297,0.9998238,5.7224565e-06,6.8709895e-08
511,42,sitting,2021-05-07 10:22:08.963,2021-05-07 10:22:10.944,0.021,1,1,0.9998238,0.00017053733,0.9998238,5.6573094e-06,6.965427e-08
511,42,sitting,2021-05-07 10:22:09.963,2021-05-07 10:22:11.944,0.021,1,1,0.99982476,0.00016939927,0.99982476,5.8298765e-06,7.282941e-08
511,42,sitting,2021-05-07 10:22:10.963,2021-05-07 10:22:12.944,0.021,1,1,0.9998348,0.00015976871,0.9998348,5.399573e-06,7.1764624e-08
511,42,sitting,2021-05-07 10:22:11.963,2021-05-07 10:22:13.944,0.021,1,1,0.9998288,0.00016547991,0.9998288,5.619777e-06,7.031806e-08
511,42,sitting,2021-05-07 10:22:12.963,2021-05-07 10:22:14.944,0.021,1,1,0.9998338,0.00016055992,0.9998338,5.484348e-06,7.237171e-08
511,42,sitting,2021-05-07 10:22:13.963,2021-05-07 10:22:15.944,0.021,1,1,0.9998448,0.00015002507,0.9998448,5.0503004e-06,6.902962e-08
511,42,sitting,2021-05-07 10:22:14.963,2021-05-07 10:22:16.944,0.021,1,1,0.9998405,0.00015399676,0.9998405,5.3240847e-06,6.9540484e-08
511,42,sitting,2021-05-07 10:22:15.963,2021-05-07 10:22:17.944,0.021,1,1,0.9998419,0.00015284811,0.9998419,5.1198463e-06,7.295203e-08
511,42,sitting,2021-05-07 10:22:16.964,2021-05-07 10:22:18.944,0.021,1,1,0.9998274,0.00016706552,0.9998274,5.527558e-06,7.091896e-08
511,42,sitting,2021-05-07 10:22:17.964,2021-05-07 10:22:19.944,0.021,1,1,0.99981284,0.00018092137,0.99981284,6.1358082e-06,6.872591e-08
511,42,sitting,2021-05-07 10:22:18.964,2021-05-07 10:22:20.944,0.021,1,1,0.9998164,0.00017776496,0.9998164,5.89523e-06,6.753483e-08
511,42,sitting,2021-05-07 10:22:19.964,2021-05-07 10:22:21.944,0.021,1,1,0.9998181,0.00017613763,0.9998181,5.7586108e-06,6.64912e-08
511,42,sitting,2021-05-07 10:22:20.964,2021-05-07 10:22:22.944,0.021,1,1,0.99982905,0.00016560024,0.99982905,5.236266e-06,6.728085e-08
511,42,sitting,2021-05-07 10:22:21.964,2021-05-07 10:22:23.944,0.021,1,1,0.9998212,0.00017307153,0.9998212,5.7556417e-06,6.956461e-08
511,42,sitting,2021-05-07 10:22:22.964,2021-05-07 10:22:24.944,0.021,1,1,0.9998143,0.00017951077,0.9998143,6.051403e-06,6.841121e-08
511,42,sitting,2021-05-07 10:22:23.964,2021-05-07 10:22:25.944,0.021,1,1,0.9998269,0.00016740785,0.9998269,5.649784e-06,6.9095826e-08
511,42,sitting,2021-05-07 10:22:24.964,2021-05-07 10:22:26.944,0.021,1,1,0.99982953,0.00016483897,0.99982953,5.538984e-06,6.950365e-08
511,42,sitting,2021-05-07 10:22:25.964,2021-05-07 10:22:27.944,0.021,1,1,0.9998281,0.00016633086,0.9998281,5.5078453e-06,6.850944e-08
511,42,sitting,2021-05-07 10:22:26.964,2021-05-07 10:22:28.944,0.021,1,1,0.99982214,0.00017187983,0.99982214,5.792409e-06,6.943715e-08
511,42,sitting,2021-05-07 10:22:27.964,2021-05-07 10:22:29.944,0.021,1,1,0.99981284,0.00018079337,0.99981284,6.1938536e-06,6.833926e-08
511,42,sitting,2021-05-07 10:22:28.964,2021-05-07 10:22:30.944,0.021,1,1,0.9998088,0.00018495898,0.9998088,6.2015833e-06,6.648158e-08
511,42,sitting,2021-05-07 10:22:29.964,2021-05-07 10:22:31.944,0.021,1,1,0.99981165,0.00018227023,0.99981165,6.09418e-06,6.793954e-08
511,42,sitting,2021-05-07 10:22:30.964,2021-05-07 10:22:32.944,0.021,1,1,0.9998307,0.00016383223,0.9998307,5.3712215e-06,6.9437476e-08
511,42,sitting,2021-05-07 10:22:31.964,2021-05-07 10:22:33.944,0.021,1,1,0.999825,0.00016902508,0.999825,5.8154847e-06,6.7014824e-08
511,42,sitting,2021-05-07 10:22:32.964,2021-05-07 10:22:34.944,0.021,1,1,0.9998162,0.00017761832,0.9998162,6.0958932e-06,6.61103e-08
511,42,sitting,2021-05-07 10:22:33.964,2021-05-07 10:22:35.944,0.021,1,1,0.99982023,0.0001736255,0.99982023,5.9191498e-06,6.904926e-08
511,42,sitting,2021-05-07 10:22:34.964,2021-05-07 10:22:36.944,0.021,1,1,0.99981904,0.00017486511,0.99981904,6.1074793e-06,7.0656704e-08
511,42,sitting,2021-05-07 10:22:35.964,2021-05-07 10:22:37.944,0.021,1,1,0.999815,0.0001785311,0.999815,6.259884e-06,6.983977e-08
511,42,sitting,2021-05-07 10:22:36.964,2021-05-07 10:22:38.944,0.021,1,1,0.99981976,0.00017429018,0.99981976,5.979948e-06,7.035377e-08
511,42,sitting,2021-05-07 10:22:37.964,2021-05-07 10:22:39.944,0.021,1,1,0.99983716,0.00015751997,0.99983716,5.2603336e-06,7.309612e-08
511,42,sitting,2021-05-07 10:22:38.964,2021-05-07 10:22:40.944,0.021,1,1,0.9998543,0.00014100365,0.9998543,4.6857645e-06,7.645066e-08
511,42,sitting,2021-05-07 10:22:39.964,2021-05-07 10:22:41.944,0.021,1,1,0.99984,0.00015477378,0.99984,5.0723593e-06,7.595381e-08
511,42,sitting,2021-05-07 10:22:40.964,2021-05-07 10:22:42.944,0.021,1,1,0.99982333,0.0001714372,0.99982333,5.194715e-06,7.3142516e-08
511,42,sitting,2021-05-07 10:22:41.964,2021-05-07 10:22:43.944,0.021,1,1,0.9998212,0.00017377558,0.9998212,4.963235e-06,7.577382e-08
511,42,sitting,2021-05-07 10:22:42.964,2021-05-07 10:22:44.944,0.021,1,1,0.9998317,0.00016336885,0.9998317,4.787589e-06,7.449234e-08
511,42,sitting,2021-05-07 10:22:43.964,2021-05-07 10:22:45.944,0.021,1,1,0.99983025,0.00016457944,0.99983025,5.1679e-06,7.529446e-08
511,42,sitting,2021-05-07 10:22:44.964,2021-05-07 10:22:46.944,0.021,1,1,0.9998255,0.0001692292,0.9998255,5.0658414e-06,7.7126856e-08
511,42,sitting,2021-05-07 10:22:45.964,2021-05-07 10:22:47.944,0.021,1,1,0.9998281,0.00016711425,0.9998281,4.788736e-06,7.716002e-08
511,42,sitting,2021-05-07 10:22:46.964,2021-05-07 10:22:48.944,0.021,1,1,0.9998312,0.0001638495,0.9998312,4.8930974e-06,8.2084675e-08
511,42,sitting,2021-05-07 10:22:47.964,2021-05-07 10:22:49.944,0.021,1,1,0.999835,0.00015990715,0.999835,5.04435e-06,7.921955e-08
511,42,sitting,2021-05-07 10:22:48.964,2021-05-07 10:22:50.944,0.021,1,1,0.99983716,0.00015782884,0.99983716,4.9514856e-06,7.681476e-08
511,42,sitting,2021-05-07 10:22:49.964,2021-05-07 10:22:51.944,0.021,1,1,0.99983454,0.00016017875,0.99983454,5.0981657e-06,7.689811e-08
511,42,sitting,2021-05-07 10:22:50.964,2021-05-07 10:22:52.944,0.021,1,1,0.99983406,0.00016088353,0.99983406,4.928038e-06,7.595596e-08
511,42,sitting,2021-05-07 10:22:51.964,2021-05-07 10:22:53.944,0.021,1,1,0.99982333,0.00017140387,0.99982333,5.0975395e-06,7.5689194e-08
511,42,sitting,2021-05-07 10:22:52.964,2021-05-07 10:22:54.944,0.021,1,1,0.9998312,0.0001636571,0.9998312,5.053571e-06,7.672542e-08
511,42,sitting,2021-05-07 10:22:53.964,2021-05-07 10:22:55.944,0.021,1,1,0.99983764,0.00015740456,0.99983764,4.8041425e-06,7.885208e-08
511,42,sitting,2021-05-07 10:22:54.964,2021-05-07 10:22:56.944,0.021,1,1,0.99984074,0.00015461899,0.99984074,4.5753845e-06,7.697343e-08
511,42,sitting,2021-05-07 10:22:55.964,2021-05-07 10:22:57.944,0.021,1,1,0.9998336,0.00016153562,0.9998336,4.8215325e-06,7.715971e-08
511,42,sitting,2021-05-07 10:22:56.964,2021-05-07 10:22:58.944,0.021,1,1,0.9998336,0.00016137348,0.9998336,5.0563885e-06,7.477505e-08
511,42,sitting,2021-05-07 10:22:57.964,2021-05-07 10:22:59.944,0.021,1,1,0.99981284,0.00018139077,0.99981284,5.7525317e-06,6.8077505e-08
511,42,sitting,2021-05-07 10:22:58.964,2021-05-07 10:23:00.944,0.021,1,1,0.99979734,0.0001976995,0.99979734,4.749154e-06,6.761602e-08
511,42,sitting,2021-05-07 10:22:59.964,2021-05-07 10:23:01.944,0.021,1,1,0.99986243,0.00013406253,0.99986243,3.303168e-06,8.7072955e-08
511,43,walking,2021-05-07 10:23:04.444,2021-05-07 10:23:06.423,0.021,3,3,0.99986625,2.210156e-09,1.710145e-07,0.00013372824,0.99986625
511,43,walking,2021-05-07 10:23:05.444,2021-05-07 10:23:07.423,0.021,3,3,0.9999196,1.6202818e-09,5.8517024e-08,8.0290716e-05,0.9999196
511,43,walking,2021-05-07 10:23:06.444,2021-05-07 10:23:08.423,0.021,3,3,0.99947566,7.244268e-09,7.8562366e-08,0.0005241949,0.99947566
511,43,walking,2021-05-07 10:23:07.444,2021-05-07 10:23:09.423,0.021,3,3,0.9989459,4.4562767e-09,4.3718206e-08,0.0010540537,0.9989459
511,43,walking,2021-05-07 10:23:08.444,2021-05-07 10:23:10.423,0.021,3,3,0.9995247,1.9335649e-09,9.017581e-08,0.00047523758,0.9995247
511,43,walking,2021-05-07 10:23:09.444,2021-05-07 10:23:11.423,0.021,3,3,0.9991784,5.3381664e-09,1.6482409e-07,0.0008214879,0.9991784
511,43,walking,2021-05-07 10:23:10.444,2021-05-07 10:23:12.423,0.021,3,3,0.9992179,1.7766961e-09,7.0321754e-08,0.00078198244,0.9992179
511,43,walking,2021-05-07 10:23:11.444,2021-05-07 10:23:13.423,0.021,3,3,0.9995064,1.3007673e-09,4.3292776e-08,0.0004936182,0.9995064
511,43,walking,2021-05-07 10:23:12.444,2021-05-07 10:23:14.423,0.021,3,3,0.99892414,1.2815237e-08,3.1668947e-07,0.0010755721,0.99892414
511,43,walking,2021-05-07 10:23:13.444,2021-05-07 10:23:15.423,0.021,3,3,0.9994148,8.128036e-09,3.7193945e-07,0.0005848163,0.9994148
511,43,walking,2021-05-07 10:23:14.444,2021-05-07 10:23:16.423,0.021,3,3,0.9998114,2.6071685e-09,6.974474e-08,0.00018854775,0.9998114
511,43,walking,2021-05-07 10:23:15.444,2021-05-07 10:23:17.423,0.021,3,3,0.9994535,6.845109e-09,1.9739406e-07,0.0005462761,0.9994535
511,43,walking,2021-05-07 10:23:16.444,2021-05-07 10:23:18.423,0.021,3,3,0.9999344,4.441245e-09,9.012492e-07,6.465802e-05,0.9999344
511,43,walking,2021-05-07 10:23:17.444,2021-05-07 10:23:19.423,0.021,3,3,0.9998906,3.08564e-09,3.3959657e-07,0.000108953995,0.9998906
511,43,walking,2021-05-07 10:23:18.444,2021-05-07 10:23:20.423,0.021,3,3,0.9987272,1.6829723e-08,7.660588e-07,0.0012720274,0.9987272
511,43,walking,2021-05-07 10:23:19.444,2021-05-07 10:23:21.423,0.021,3,3,0.9987612,1.602577e-08,7.2758354e-07,0.0012380397,0.9987612
511,43,walking,2021-05-07 10:23:20.444,2021-05-07 10:23:22.423,0.021,3,3,0.9997461,7.748813e-09,1.1381787e-06,0.00025268513,0.9997461
511,43,walking,2021-05-07 10:23:21.444,2021-05-07 10:23:23.423,0.021,3,3,0.99951565,5.8331135e-09,4.7314734e-07,0.0004839072,0.99951565
511,43,walking,2021-05-07 10:23:22.444,2021-05-07 10:23:24.423,0.021,3,3,0.9958854,4.3288992e-08,1.1859091e-06,0.004113394,0.9958854
511,43,walking,2021-05-07 10:23:23.444,2021-05-07 10:23:25.423,0.021,3,3,0.80623186,9.971321e-07,9.427643e-06,0.19375767,0.80623186
511,43,walking,2021-05-07 10:23:24.444,2021-05-07 10:23:26.423,0.021,3,3,0.85998887,7.3433057e-07,1.0718846e-05,0.13999966,0.85998887
511,46,standing,2021-05-07 10:23:28.884,2021-05-07 10:23:30.864,0.021,2,2,0.99875855,2.4397767e-07,4.7049187e-07,0.99875855,0.0012407928
511,46,standing,2021-05-07 10:23:29.884,2021-05-07 10:23:31.864,0.021,2,2,0.99911845,1.9269706e-07,5.4039566e-07,0.99911845,0.00088079734
511,46,standing,2021-05-07 10:23:30.884,2021-05-07 10:23:32.863,0.021,2,2,0.99921435,1.820126e-07,5.9226954e-07,0.99921435,0.0007847296
511,46,standing,2021-05-07 10:23:31.884,2021-05-07 10:23:33.863,0.021,2,2,0.99890316,2.0019732e-07,7.411793e-07,0.99890316,0.0010958617
511,46,standing,2021-05-07 10:23:32.883,2021-05-07 10:23:34.863,0.021,2,2,0.99919266,1.3175394e-07,4.592642e-07,0.99919266,0.0008067156
511,46,standing,2021-05-07 10:23:33.883,2021-05-07 10:23:35.863,0.021,2,2,0.99938226,1.0313975e-07,3.2545688e-07,0.99938226,0.0006172845
511,46,standing,2021-05-07 10:23:34.883,2021-05-07 10:23:36.863,0.021,2,2,0.99883634,2.9850312e-07,8.185489e-07,0.99883634,0.0011626518
511,46,standing,2021-05-07 10:23:35.883,2021-05-07 10:23:37.863,0.021,2,2,0.9997529,1.6956825e-06,1.6124616e-06,0.9997529,0.00024367003
511,46,standing,2021-05-07 10:23:36.883,2021-05-07 10:23:38.863,0.021,2,2,0.9998928,3.2926375e-06,1.7630942e-06,0.9998928,0.00010218381
511,46,standing,2021-05-07 10:23:37.883,2021-05-07 10:23:39.863,0.021,2,2,0.9998703,2.992606e-06,1.5550047e-06,0.9998703,0.00012524748
511,46,standing,2021-05-07 10:23:38.883,2021-05-07 10:23:40.863,0.021,2,2,0.9996671,4.1820003e-06,2.3291614e-06,0.9996671,0.00032626407
511,46,standing,2021-05-07 10:23:39.883,2021-05-07 10:23:41.863,0.021,2,2,0.99972343,4.7295134e-06,2.5972552e-06,0.99972343,0.00026919265
511,46,standing,2021-05-07 10:23:40.883,2021-05-07 10:23:42.863,0.021,2,2,0.99986506,3.7097088e-06,1.950014e-06,0.99986506,0.0001293693
511,46,standing,2021-05-07 10:23:41.883,2021-05-07 10:23:43.863,0.021,2,2,0.9997287,2.986446e-06,2.2433735e-06,0.9997287,0.0002659442
511,46,standing,2021-05-07 10:23:42.883,2021-05-07 10:23:44.863,0.021,2,2,0.99551237,7.977263e-07,1.6319401e-06,0.99551237,0.004485286
511,46,standing,2021-05-07 10:23:43.883,2021-05-07 10:23:45.863,0.021,2,2,0.997921,1.5769581e-07,4.174534e-07,0.997921,0.002078319
511,48,standing,2021-05-07 10:23:47.683,2021-05-07 10:23:49.664,0.021,2,2,0.99940014,9.141919e-06,7.94275e-06,0.99940014,0.000582769
511,50,standing,2021-05-07 10:23:51.043,2021-05-07 10:23:53.023,0.021,2,2,0.9998928,5.1633378e-09,4.3562277e-08,0.9998928,0.000107117434
511,50,standing,2021-05-07 10:23:52.043,2021-05-07 10:23:54.023,0.021,2,2,0.99992794,2.6006182e-09,4.3366914e-08,0.99992794,7.199504e-05
511,50,standing,2021-05-07 10:23:53.043,2021-05-07 10:23:55.023,0.021,2,2,0.98207885,1.00141825e-07,4.5575553e-06,0.98207885,0.017916387
511,50,standing,2021-05-07 10:23:54.043,2021-05-07 10:23:56.023,0.021,2,2,0.7512872,1.9094052e-06,1.7871236e-05,0.7512872,0.248693
511,50,standing,2021-05-07 10:23:55.043,2021-05-07 10:23:57.023,0.021,2,2,0.9997616,3.6819367e-06,2.0980924e-06,0.9997616,0.00023272789
511,50,standing,2021-05-07 10:23:56.043,2021-05-07 10:23:58.023,0.021,2,2,0.999891,2.610769e-06,1.2285819e-06,0.999891,0.000105185754
511,50,standing,2021-05-07 10:23:57.043,2021-05-07 10:23:59.023,0.021,2,2,0.9998998,2.641804e-06,1.259418e-06,0.9998998,9.61707e-05
511,50,standing,2021-05-07 10:23:58.043,2021-05-07 10:24:00.023,0.021,2,2,0.9998931,2.704721e-06,1.3035578e-06,0.9998931,0.000102776394
511,50,standing,2021-05-07 10:23:59.043,2021-05-07 10:24:01.023,0.021,2,2,0.9996485,1.3997377e-06,8.913172e-07,0.9996485,0.0003492515
511,50,standing,2021-05-07 10:24:00.043,2021-05-07 10:24:02.023,0.021,2,2,0.99972284,7.739401e-07,4.083122e-07,0.99972284,0.00027594937
511,50,standing,2021-05-07 10:24:01.043,2021-05-07 10:24:03.023,0.021,2,2,0.9998691,9.294409e-07,4.3898237e-07,0.9998691,0.00012958988
511,50,standing,2021-05-07 10:24:02.043,2021-05-07 10:24:04.024,0.021,2,2,0.99986887,1.4464956e-06,7.9523005e-07,0.99986887,0.00012895458
511,50,standing,2021-05-07 10:24:03.043,2021-05-07 10:24:05.024,0.021,2,2,0.99988157,1.7173159e-06,1.0099682e-06,0.99988157,0.00011556716
511,50,standing,2021-05-07 10:24:04.043,2021-05-07 10:24:06.024,0.021,2,2,0.9998679,1.3569053e-06,9.441538e-07,0.9998679,0.00012977103
511,56,standing,2021-05-07 10:24:09.803,2021-05-07 10:24:11.784,0.021,2,2,0.99987847,3.982025e-06,1.9362622e-06,0.99987847,0.00011553495
511,60,standing,2021-05-07 10:24:15.963,2021-05-07 10:24:17.944,0.021,2,2,0.99938834,1.4211283e-06,3.2065536e-06,0.99938834,0.0006069793
511,65,walking,2021-05-07 10:24:21.163,2021-05-07 10:24:23.144,0.021,3,3,0.99888515,7.767585e-08,6.199637e-06,0.0011085015,0.99888515
511,66,standing,2021-05-07 10:24:23.964,2021-05-07 10:24:25.944,0.021,2,2,0.9998412,2.2128415e-06,1.2572995e-06,0.9998412,0.00015530981
511,66,standing,2021-05-07 10:24:24.964,2021-05-07 10:24:26.944,0.021,2,2,0.9998741,2.6629202e-06,1.3926416e-06,0.9998741,0.00012196239
511,66,standing,2021-05-07 10:24:25.964,2021-05-07 10:24:27.944,0.021,2,2,0.99982715,2.569935e-06,1.502472e-06,0.99982715,0.00016888704
511,66,standing,2021-05-07 10:24:26.964,2021-05-07 10:24:28.944,0.021,2,2,0.99977994,2.2100994e-06,1.3827679e-06,0.99977994,0.00021642025
511,66,standing,2021-05-07 10:24:27.964,2021-05-07 10:24:29.944,0.021,2,2,0.99983263,1.8974806e-06,1.2233171e-06,0.99983263,0.00016430696
511,66,standing,2021-05-07 10:24:28.964,2021-05-07 10:24:30.944,0.021,2,2,0.9996862,2.2879658e-06,1.8137711e-06,0.9996862,0.00030969997
511,66,standing,2021-05-07 10:24:29.964,2021-05-07 10:24:31.944,0.021,2,2,0.99947876,2.8873417e-06,2.64648e-06,0.99947876,0.00051573873
511,70,standing,2021-05-07 10:24:35.203,2021-05-07 10:24:37.183,0.021,2,2,0.9963387,2.7106586e-05,2.862693e-05,0.9963387,0.0036056272
511,70,standing,2021-05-07 10:24:36.203,2021-05-07 10:24:38.183,0.021,2,2,0.9988653,2.3720062e-05,1.6898246e-05,0.9988653,0.0010940444
511,71,walking,2021-05-07 10:24:38.883,2021-05-07 10:24:40.863,0.021,3,3,0.9998634,4.5554267e-09,5.6831243e-07,0.00013614437,0.9998634
511,71,walking,2021-05-07 10:24:39.883,2021-05-07 10:24:41.863,0.021,3,3,0.9998862,1.9407203e-09,1.0413746e-07,0.000113575,0.9998862
511,71,walking,2021-05-07 10:24:40.883,2021-05-07 10:24:42.863,0.021,3,3,0.9998324,6.7427104e-09,2.0449698e-07,0.0001675276,0.9998324
511,71,walking,2021-05-07 10:24:41.883,2021-05-07 10:24:43.863,0.021,3,3,0.9999568,1.1846087e-09,3.1972682e-08,4.315699e-05,0.9999568
511,71,walking,2021-05-07 10:24:42.883,2021-05-07 10:24:44.863,0.021,3,3,0.9999477,9.938984e-10,4.1934832e-08,5.2135496e-05,0.9999477
511,71,walking,2021-05-07 10:24:43.883,2021-05-07 10:24:45.863,0.021,3,3,0.99996036,7.5800477e-10,3.496474e-08,3.949445e-05,0.99996036
511,71,walking,2021-05-07 10:24:44.883,2021-05-07 10:24:46.863,0.021,3,3,0.9997668,2.0638395e-09,5.6029034e-08,0.00023319744,0.9997668
511,71,walking,2021-05-07 10:24:45.883,2021-05-07 10:24:47.863,0.021,3,3,0.99983025,4.363102e-10,6.6052217e-09,0.00016977022,0.99983025
511,71,walking,2021-05-07 10:24:46.883,2021-05-07 10:24:48.863,0.021,3,3,0.9999253,1.0018508e-09,1.8287023e-08,7.458509e-05,0.9999253
511,71,walking,2021-05-07 10:24:47.883,2021-05-07 10:24:49.863,0.021,3,3,0.99998564,2.2202524e-09,2.4742337e-07,1.4111574e-05,0.99998564
511,71,walking,2021-05-07 10:24:48.883,2021-05-07 10:24:50.863,0.021,3,3,0.99990064,1.2207906e-08,4.4515733e-07,9.878952e-05,0.99990064
511,71,walking,2021-05-07 10:24:49.883,2021-05-07 10:24:51.863,0.021,3,3,0.9996757,1.332173e-08,3.475251e-07,0.00032397182,0.9996757
511,71,walking,2021-05-07 10:24:50.883,2021-05-07 10:24:52.863,0.021,3,3,0.9997847,3.1406973e-09,1.7172978e-07,0.00021510376,0.9997847
511,71,walking,2021-05-07 10:24:51.883,2021-05-07 10:24:53.863,0.021,3,3,0.9999748,1.9469877e-09,2.2787766e-07,2.4883839e-05,0.9999748
511,71,walking,2021-05-07 10:24:52.883,2021-05-07 10:24:54.863,0.021,3,3,0.9998823,2.5748936e-09,4.9260836e-07,0.000117156436,0.9998823
511,71,walking,2021-05-07 10:24:53.883,2021-05-07 10:24:55.863,0.021,3,3,0.9965722,1.10239625e-07,4.4731123e-06,0.0034233197,0.9965722
511,71,walking,2021-05-07 10:24:54.883,2021-05-07 10:24:56.863,0.021,3,3,0.99858093,7.9492146e-08,1.7498365e-06,0.0014171901,0.99858093
511,71,walking,2021-05-07 10:24:55.883,2021-05-07 10:24:57.863,0.021,3,3,0.99508786,2.4021213e-07,4.8863667e-06,0.0049070055,0.99508786
511,75,walking,2021-05-07 10:25:00.204,2021-05-07 10:25:02.184,0.021,3,3,0.5989752,3.6657573e-06,7.078838e-05,0.4009504,0.5989752
511,75,walking,2021-05-07 10:25:01.204,2021-05-07 10:25:03.184,0.021,3,3,0.9947117,4.2295397e-07,8.021218e-06,0.0052798516,0.9947117
511,75,walking,2021-05-07 10:25:02.204,2021-05-07 10:25:04.184,0.021,3,3,0.99391824,5.5840115e-07,1.0154558e-05,0.0060709794,0.99391824
511,81,walking,2021-05-07 10:25:18.163,2021-05-07 10:25:20.144,0.021,3,3,0.8358494,3.6787753e-06,3.0714622e-05,0.1641162,0.8358494
511,81,walking,2021-05-07 10:25:19.163,2021-05-07 10:25:21.144,0.021,3,3,0.9974028,3.7169227e-07,7.625776e-06,0.0025891266,0.9974028
511,81,walking,2021-05-07 10:25:20.163,2021-05-07 10:25:22.144,0.021,3,3,0.9991374,5.509517e-08,1.2559375e-06,0.00086120184,0.9991374
511,81,walking,2021-05-07 10:25:21.163,2021-05-07 10:25:23.144,0.021,3,3,0.99911666,4.299813e-08,1.1079692e-06,0.0008821736,0.99911666
511,81,walking,2021-05-07 10:25:22.163,2021-05-07 10:25:24.144,0.021,3,3,0.9898213,2.6301842e-07,1.0500775e-05,0.010167897,0.9898213
511,81,walking,2021-05-07 10:25:23.163,2021-05-07 10:25:25.144,0.021,3,3,0.9958134,7.517441e-08,4.0151413e-06,0.004182465,0.9958134
511,81,walking,2021-05-07 10:25:24.163,2021-05-07 10:25:26.144,0.021,3,3,0.95497334,4.803221e-07,9.414655e-06,0.045016658,0.95497334
511,81,walking,2021-05-07 10:25:25.163,2021-05-07 10:25:27.144,0.021,3,3,0.9874008,3.0305984e-07,7.196483e-06,0.0125917075,0.9874008
511,81,walking,2021-05-07 10:25:26.163,2021-05-07 10:25:28.144,0.021,3,3,0.9991059,3.5192677e-08,2.4170604e-06,0.000891615,0.9991059
511,81,walking,2021-05-07 10:25:27.163,2021-05-07 10:25:29.144,0.021,3,3,0.9988147,5.3117937e-08,1.8648996e-06,0.0011833851,0.9988147
511,81,walking,2021-05-07 10:25:28.163,2021-05-07 10:25:30.144,0.021,3,3,0.9980809,1.5526756e-07,2.9681842e-06,0.0019159807,0.9980809
511,81,walking,2021-05-07 10:25:29.163,2021-05-07 10:25:31.144,0.021,3,3,0.99321634,2.1587104e-07,6.4461424e-06,0.0067769717,0.99321634
511,81,walking,2021-05-07 10:25:30.163,2021-05-07 10:25:32.144,0.021,3,3,0.9031795,1.0282839e-06,2.929634e-05,0.09679019,0.9031795
511,81,walking,2021-05-07 10:25:31.163,2021-05-07 10:25:33.144,0.021,3,3,0.98710173,3.3291286e-07,9.596407e-06,0.012888471,0.98710173
511,81,walking,2021-05-07 10:25:32.164,2021-05-07 10:25:34.144,0.021,3,3,0.97649425,4.863123e-07,1.1730838e-05,0.023493579,0.97649425
511,81,walking,2021-05-07 10:25:33.164,2021-05-07 10:25:35.144,0.021,3,3,0.8514902,2.9865762e-06,4.320495e-05,0.14846358,0.8514902
511,83,walking,2021-05-07 10:25:37.484,2021-05-07 10:25:39.464,0.021,3,3,0.9998818,7.2181865e-09,8.182655e-07,0.00011734424,0.9998818
511,83,walking,2021-05-07 10:25:38.484,2021-05-07 10:25:40.464,0.021,3,3,0.9997237,4.0998078e-08,8.740824e-07,0.0002753928,0.9997237
511,83,walking,2021-05-07 10:25:39.484,2021-05-07 10:25:41.464,0.021,3,3,0.9903832,1.9238703e-06,2.2193337e-06,0.009612662,0.9903832
511,83,walking,2021-05-07 10:25:40.484,2021-05-07 10:25:42.464,0.021,3,3,0.9998691,4.3729575e-08,9.4033044e-07,0.00012991283,0.9998691
511,83,walking,2021-05-07 10:25:41.484,2021-05-07 10:25:43.464,0.021,3,3,0.9996113,8.898172e-09,2.0194952e-06,0.00038661953,0.9996113
511,84,lying,2021-05-07 10:25:48.964,2021-05-07 10:25:50.944,0.021,0,0,0.99999994,0.99999994,5.0728626e-11,5.9206478e-08,3.6075176e-15
511,84,lying,2021-05-07 10:25:49.964,2021-05-07 10:25:51.944,0.021,0,0,0.9999998,0.9999998,1.2936031e-10,1.308241e-07,7.6182296e-15
511,84,lying,2021-05-07 10:25:50.964,2021-05-07 10:25:52.944,0.021,0,0,0.9999996,0.9999996,5.739094e-10,4.0659864e-07,4.1998272e-14
511,84,lying,2021-05-07 10:25:51.964,2021-05-07 10:25:53.944,0.021,0,0,0.99999934,0.99999934,1.0816462e-09,5.8230614e-07,8.9153836e-14
511,84,lying,2021-05-07 10:25:52.964,2021-05-07 10:25:54.944,0.021,0,0,0.99999946,0.99999946,9.028826e-10,5.1560403e-07,7.1205296e-14
511,84,lying,2021-05-07 10:25:53.964,2021-05-07 10:25:55.944,0.021,0,0,0.999999,0.999999,2.105644e-09,9.418025e-07,2.1047404e-13
511,84,lying,2021-05-07 10:25:54.964,2021-05-07 10:25:56.944,0.021,0,0,0.99999875,0.99999875,3.2451517e-09,1.2426042e-06,3.8242768e-13
511,84,lying,2021-05-07 10:25:55.964,2021-05-07 10:25:57.944,0.021,0,0,0.999999,0.999999,2.4148377e-09,9.813634e-07,2.540967e-13
511,84,lying,2021-05-07 10:25:56.964,2021-05-07 10:25:58.944,0.021,0,0,0.99999887,0.99999887,2.4914115e-09,1.0531455e-06,2.549044e-13
511,84,lying,2021-05-07 10:25:57.964,2021-05-07 10:25:59.944,0.021,0,0,0.99999875,0.99999875,3.2987835e-09,1.2284788e-06,3.6492828e-13
511,84,lying,2021-05-07 10:25:58.964,2021-05-07 10:26:00.944,0.021,0,0,0.9999986,0.9999986,3.502092e-09,1.274623e-06,3.8040377e-13
511,84,lying,2021-05-07 10:25:59.964,2021-05-07 10:26:01.944,0.021,0,0,0.99999875,0.99999875,3.241372e-09,1.2289006e-06,3.4023294e-13
511,84,lying,2021-05-07 10:26:00.964,2021-05-07 10:26:02.944,0.021,0,0,0.9999986,0.9999986,3.4758263e-09,1.2645543e-06,3.6907147e-13
511,84,lying,2021-05-07 10:26:01.964,2021-05-07 10:26:03.944,0.021,0,0,0.9999985,0.9999985,4.176516e-09,1.4483811e-06,4.6166716e-13
511,84,lying,2021-05-07 10:26:02.964,2021-05-07 10:26:04.944,0.021,0,0,0.9999984,0.9999984,4.4424615e-09,1.4969221e-06,5.0835134e-13
511,84,lying,2021-05-07 10:26:03.964,2021-05-07 10:26:05.944,0.021,0,0,0.9999985,0.9999985,4.348252e-09,1.4603299e-06,4.983925e-13
511,84,lying,2021-05-07 10:26:04.963,2021-05-07 10:26:06.944,0.021,0,0,0.9999986,0.9999986,3.7717505e-09,1.2993078e-06,4.159075e-13
511,84,lying,2021-05-07 10:26:05.963,2021-05-07 10:26:07.944,0.021,0,0,0.99999875,0.99999875,3.0814682e-09,1.1762922e-06,3.3059574e-13
511,84,lying,2021-05-07 10:26:06.963,2021-05-07 10:26:08.944,0.021,0,0,0.9999986,0.9999986,3.3562257e-09,1.2861547e-06,3.611386e-13
511,84,lying,2021-05-07 10:26:07.963,2021-05-07 10:26:09.944,0.021,0,0,0.9999985,0.9999985,3.9759738e-09,1.4171412e-06,4.423412e-13
511,84,lying,2021-05-07 10:26:08.963,2021-05-07 10:26:10.944,0.021,0,0,0.9999986,0.9999986,3.207393e-09,1.2753793e-06,3.4073035e-13
511,84,lying,2021-05-07 10:26:09.963,2021-05-07 10:26:11.944,0.021,0,0,0.999999,0.999999,1.9494502e-09,9.4636727e-07,1.9898075e-13
511,84,lying,2021-05-07 10:26:10.963,2021-05-07 10:26:12.944,0.021,0,0,0.9999985,0.9999985,3.954306e-09,1.4521487e-06,4.9075837e-13
511,84,lying,2021-05-07 10:26:11.963,2021-05-07 10:26:13.944,0.021,0,0,0.9999986,0.9999986,3.5833916e-09,1.3424739e-06,4.0290536e-13
511,84,lying,2021-05-07 10:26:12.963,2021-05-07 10:26:14.944,0.021,0,0,0.9999984,0.9999984,4.818486e-09,1.60867e-06,5.828099e-13
511,84,lying,2021-05-07 10:26:13.963,2021-05-07 10:26:15.944,0.021,0,0,0.9999978,0.9999978,7.7915105e-09,2.1177561e-06,1.0815128e-12
511,84,lying,2021-05-07 10:26:14.963,2021-05-07 10:26:16.944,0.021,0,0,0.99999803,0.99999803,6.648043e-09,1.896499e-06,8.8421e-13
511,84,lying,2021-05-07 10:26:15.963,2021-05-07 10:26:17.944,0.021,0,0,0.9999983,0.9999983,5.3217484e-09,1.6453553e-06,6.7366674e-13
511,84,lying,2021-05-07 10:26:16.964,2021-05-07 10:26:18.944,0.021,0,0,0.9999984,0.9999984,4.823194e-09,1.534048e-06,5.8857194e-13
511,84,lying,2021-05-07 10:26:17.964,2021-05-07 10:26:19.944,0.021,0,0,0.9999983,0.9999983,5.4177955e-09,1.6728237e-06,6.7836264e-13
511,84,lying,2021-05-07 10:26:18.964,2021-05-07 10:26:20.944,0.021,0,0,0.9999979,0.9999979,6.9775274e-09,1.975761e-06,9.384132e-13
511,84,lying,2021-05-07 10:26:19.964,2021-05-07 10:26:21.944,0.021,0,0,0.99999803,0.99999803,6.2620886e-09,1.8507973e-06,8.2148595e-13
511,84,lying,2021-05-07 10:26:20.964,2021-05-07 10:26:22.944,0.021,0,0,0.99999803,0.99999803,6.2872334e-09,1.8661407e-06,8.263655e-13
511,84,lying,2021-05-07 10:26:21.964,2021-05-07 10:26:23.944,0.021,0,0,0.99999815,0.99999815,6.059801e-09,1.8112615e-06,7.743171e-13
511,84,lying,2021-05-07 10:26:22.964,2021-05-07 10:26:24.944,0.021,0,0,0.99999803,0.99999803,6.642669e-09,1.8779577e-06,8.6352307e-13
511,84,lying,2021-05-07 10:26:23.964,2021-05-07 10:26:25.944,0.021,0,0,0.99999815,0.99999815,6.225564e-09,1.7985652e-06,7.963939e-13
511,84,lying,2021-05-07 10:26:24.964,2021-05-07 10:26:26.944,0.021,0,0,0.9999983,0.9999983,5.4745226e-09,1.67553e-06,6.846527e-13
511,84,lying,2021-05-07 10:26:25.964,2021-05-07 10:26:27.944,0.021,0,0,0.9999983,0.9999983,5.630705e-09,1.712794e-06,7.10552e-13
511,84,lying,2021-05-07 10:26:26.964,2021-05-07 10:26:28.944,0.021,0,0,0.99999815,0.99999815,5.9028746e-09,1.74359e-06,7.47615e-13
511,84,lying,2021-05-07 10:26:27.964,2021-05-07 10:26:29.944,0.021,0,0,0.9999983,0.9999983,5.71509e-09,1.7050527e-06,7.0827063e-13
511,84,lying,2021-05-07 10:26:28.964,2021-05-07 10:26:30.944,0.021,0,0,0.9999984,0.9999984,4.5447592e-09,1.4963883e-06,5.25259e-13
511,84,lying,2021-05-07 10:26:29.964,2021-05-07 10:26:31.944,0.021,0,0,0.9999984,0.9999984,4.663801e-09,1.5219226e-06,5.3650427e-13
511,84,lying,2021-05-07 10:26:30.964,2021-05-07 10:26:32.944,0.021,0,0,0.9999984,0.9999984,4.8604383e-09,1.542067e-06,5.715722e-13
511,84,lying,2021-05-07 10:26:31.964,2021-05-07 10:26:33.944,0.021,0,0,0.9999985,0.9999985,4.1822155e-09,1.3946451e-06,4.805022e-13
511,84,lying,2021-05-07 10:26:32.964,2021-05-07 10:26:34.944,0.021,0,0,0.9999985,0.9999985,4.4475232e-09,1.4657156e-06,5.1919607e-13
511,84,lying,2021-05-07 10:26:33.964,2021-05-07 10:26:35.944,0.021,0,0,0.9999984,0.9999984,5.0668647e-09,1.599769e-06,6.1334087e-13
511,84,lying,2021-05-07 10:26:34.964,2021-05-07 10:26:36.944,0.021,0,0,0.9999984,0.9999984,4.3476542e-09,1.4948778e-06,5.2281915e-13
511,84,lying,2021-05-07 10:26:35.964,2021-05-07 10:26:37.944,0.021,0,0,0.9999986,0.9999986,3.183896e-09,1.2566701e-06,3.4992536e-13
511,84,lying,2021-05-07 10:26:36.964,2021-05-07 10:26:38.944,0.021,0,0,0.99999875,0.99999875,3.02501e-09,1.2383052e-06,3.1314808e-13
511,84,lying,2021-05-07 10:26:37.964,2021-05-07 10:26:39.944,0.021,0,0,0.9999986,0.9999986,3.3345884e-09,1.3174839e-06,3.6247118e-13
511,84,lying,2021-05-07 10:26:38.964,2021-05-07 10:26:40.944,0.021,0,0,0.9999985,0.9999985,3.87508e-09,1.4768099e-06,4.718488e-13
511,84,lying,2021-05-07 10:26:39.964,2021-05-07 10:26:41.944,0.021,0,0,0.99999875,0.99999875,2.7599245e-09,1.2434222e-06,3.126372e-13
511,84,lying,2021-05-07 10:26:40.964,2021-05-07 10:26:42.944,0.021,0,0,0.9999986,0.9999986,2.8604674e-09,1.2699322e-06,3.1462138e-13
511,84,lying,2021-05-07 10:26:41.964,2021-05-07 10:26:43.944,0.021,0,0,0.9999985,0.9999985,3.7096075e-09,1.4298738e-06,4.3350265e-13
511,84,lying,2021-05-07 10:26:42.964,2021-05-07 10:26:44.944,0.021,0,0,0.9999983,0.9999983,4.3214046e-09,1.654371e-06,5.5808467e-13
511,84,lying,2021-05-07 10:26:43.964,2021-05-07 10:26:45.944,0.021,0,0,0.9999983,0.9999983,5.0076996e-09,1.6816739e-06,6.170463e-13
511,84,lying,2021-05-07 10:26:44.964,2021-05-07 10:26:46.944,0.021,0,0,0.9999984,0.9999984,5.0802482e-09,1.5668007e-06,5.927109e-13
511,84,lying,2021-05-07 10:26:45.964,2021-05-07 10:26:47.944,0.021,0,0,0.9999979,0.9999979,7.835341e-09,2.0543193e-06,1.1013724e-12
511,84,lying,2021-05-07 10:26:46.964,2021-05-07 10:26:48.944,0.021,0,0,0.99999756,0.99999756,1.01387325e-08,2.4156025e-06,1.5289637e-12
511,84,lying,2021-05-07 10:26:47.964,2021-05-07 10:26:49.944,0.021,0,0,0.99999756,0.99999756,9.9005835e-09,2.3806663e-06,1.4872316e-12
511,84,lying,2021-05-07 10:26:48.964,2021-05-07 10:26:50.944,0.021,0,0,0.9999978,0.9999978,8.126822e-09,2.0906957e-06,1.1476556e-12
511,84,lying,2021-05-07 10:26:49.964,2021-05-07 10:26:51.944,0.021,0,0,0.99999803,0.99999803,7.023514e-09,1.9523836e-06,9.901341e-13
511,84,lying,2021-05-07 10:26:50.964,2021-05-07 10:26:52.944,0.021,0,0,0.9999979,0.9999979,7.573298e-09,2.0785233e-06,1.106261e-12
511,84,lying,2021-05-07 10:26:51.964,2021-05-07 10:26:53.944,0.021,0,0,0.9999978,0.9999978,8.237311e-09,2.160174e-06,1.2155369e-12
511,84,lying,2021-05-07 10:26:52.964,2021-05-07 10:26:54.944,0.021,0,0,0.9999977,0.9999977,8.955358e-09,2.274377e-06,1.3448686e-12
511,84,lying,2021-05-07 10:26:53.964,2021-05-07 10:26:55.944,0.021,0,0,0.9999978,0.9999978,8.267785e-09,2.147732e-06,1.2048979e-12
511,84,lying,2021-05-07 10:26:54.964,2021-05-07 10:26:56.944,0.021,0,0,0.9999979,0.9999979,7.114428e-09,2.0332961e-06,1.0064191e-12
511,84,lying,2021-05-07 10:26:55.964,2021-05-07 10:26:57.944,0.021,0,0,0.9999979,0.9999979,7.1624084e-09,2.0657671e-06,1.019705e-12
511,84,lying,2021-05-07 10:26:56.964,2021-05-07 10:26:58.944,0.021,0,0,0.9999979,0.9999979,6.7673165e-09,2.0102634e-06,9.642063e-13
511,84,lying,2021-05-07 10:26:57.964,2021-05-07 10:26:59.944,0.021,0,0,0.9999983,0.9999983,4.3010364e-09,1.6651805e-06,5.8704707e-13
511,84,lying,2021-05-07 10:26:58.964,2021-05-07 10:27:00.944,0.021,0,0,0.9999986,0.9999986,2.884734e-09,1.3422755e-06,3.4579585e-13
511,84,lying,2021-05-07 10:26:59.964,2021-05-07 10:27:01.944,0.021,0,0,0.9999985,0.9999985,3.4487504e-09,1.3870263e-06,4.1966541e-13
511,84,lying,2021-05-07 10:27:00.964,2021-05-07 10:27:02.944,0.021,0,0,0.99999875,0.99999875,2.8974783e-09,1.1440083e-06,3.2227847e-13
511,84,lying,2021-05-07 10:27:01.964,2021-05-07 10:27:03.944,0.021,0,0,0.9999986,0.9999986,3.4434464e-09,1.2768165e-06,4.0708588e-13
511,84,lying,2021-05-07 10:27:02.964,2021-05-07 10:27:04.944,0.021,0,0,0.9999978,0.9999978,7.425938e-09,2.1400892e-06,1.1538012e-12
511,84,lying,2021-05-07 10:27:03.964,2021-05-07 10:27:05.944,0.021,0,0,0.9999977,0.9999977,8.904686e-09,2.3145662e-06,1.4052307e-12
511,84,lying,2021-05-07 10:27:04.963,2021-05-07 10:27:06.944,0.021,0,0,0.9999978,0.9999978,7.220332e-09,2.1190108e-06,1.0411188e-12
511,84,lying,2021-05-07 10:27:05.963,2021-05-07 10:27:07.944,0.021,0,0,0.99999803,0.99999803,6.24583e-09,1.9527558e-06,8.1906714e-13
511,84,lying,2021-05-07 10:27:06.963,2021-05-07 10:27:08.944,0.021,0,0,0.99999803,0.99999803,7.0193624e-09,1.9578467e-06,9.388501e-13
511,84,lying,2021-05-07 10:27:07.963,2021-05-07 10:27:09.944,0.021,0,0,0.99999815,0.99999815,6.2353327e-09,1.7847457e-06,8.457219e-13
511,84,lying,2021-05-07 10:27:08.963,2021-05-07 10:27:10.944,0.021,0,0,0.9999986,0.9999986,4.4016484e-09,1.3485176e-06,5.1172716e-13
511,84,lying,2021-05-07 10:27:09.963,2021-05-07 10:27:11.944,0.021,0,0,0.9999984,0.9999984,5.674413e-09,1.5720527e-06,6.7721474e-13
511,84,lying,2021-05-07 10:27:10.963,2021-05-07 10:27:12.944,0.021,0,0,0.9999979,0.9999979,7.536338e-09,1.9935258e-06,1.0154255e-12
511,84,lying,2021-05-07 10:27:11.963,2021-05-07 10:27:13.944,0.021,0,0,0.9999979,0.9999979,7.469065e-09,2.0125901e-06,1.0216149e-12
511,84,lying,2021-05-07 10:27:12.963,2021-05-07 10:27:14.944,0.021,0,0,0.9999979,0.9999979,7.780507e-09,2.0454793e-06,1.0750427e-12
511,84,lying,2021-05-07 10:27:13.963,2021-05-07 10:27:15.944,0.021,0,0,0.99999803,0.99999803,7.4291413e-09,1.954427e-06,1.019892e-12
511,84,lying,2021-05-07 10:27:14.963,2021-05-07 10:27:16.944,0.021,0,0,0.9999991,0.9999991,2.55193e-09,8.8941744e-07,2.6719976e-13
511,84,lying,2021-05-07 10:27:15.963,2021-05-07 10:27:17.944,0.021,0,0,0.9999992,0.9999992,2.0067614e-09,7.6154384e-07,1.8876963e-13
511,84,lying,2021-05-07 10:27:16.964,2021-05-07 10:27:18.944,0.021,0,0,0.99999815,0.99999815,6.1809113e-09,1.7289525e-06,7.956924e-13
511,84,lying,2021-05-07 10:27:17.964,2021-05-07 10:27:19.944,0.021,0,0,0.99999815,0.99999815,6.6831585e-09,1.7980644e-06,9.0505945e-13
511,84,lying,2021-05-07 10:27:18.964,2021-05-07 10:27:20.944,0.021,0,0,0.99999815,0.99999815,6.569702e-09,1.7443351e-06,8.835577e-13
511,84,lying,2021-05-07 10:27:19.964,2021-05-07 10:27:21.944,0.021,0,0,0.99999803,0.99999803,7.498099e-09,1.8752249e-06,1.0529675e-12
511,84,lying,2021-05-07 10:27:20.964,2021-05-07 10:27:22.944,0.021,0,0,0.99999803,0.99999803,7.580381e-09,1.8970887e-06,1.0682589e-12
511,84,lying,2021-05-07 10:27:21.964,2021-05-07 10:27:23.944,0.021,0,0,0.99999803,0.99999803,7.500531e-09,1.870399e-06,1.0629013e-12
511,84,lying,2021-05-07 10:27:22.964,2021-05-07 10:27:24.944,0.021,0,0,0.99999803,0.99999803,7.1937483e-09,1.8540585e-06,1.0038484e-12
511,84,lying,2021-05-07 10:27:23.964,2021-05-07 10:27:25.944,0.021,0,0,0.99999815,0.99999815,6.7637695e-09,1.8062333e-06,9.256215e-13
511,84,lying,2021-05-07 10:27:24.964,2021-05-07 10:27:26.944,0.021,0,0,0.99999803,0.99999803,7.3261663e-09,1.8859444e-06,1.0307909e-12
511,84,lying,2021-05-07 10:27:25.964,2021-05-07 10:27:27.944,0.021,0,0,0.99999803,0.99999803,7.379599e-09,1.8671839e-06,1.0364134e-12
511,84,lying,2021-05-07 10:27:26.964,2021-05-07 10:27:28.944,0.021,0,0,0.99999815,0.99999815,7.0962964e-09,1.817241e-06,9.760003e-13
511,84,lying,2021-05-07 10:27:27.964,2021-05-07 10:27:29.944,0.021,0,0,0.99999803,0.99999803,7.341959e-09,1.8627304e-06,1.0338626e-12
511,84,lying,2021-05-07 10:27:28.964,2021-05-07 10:27:30.944,0.021,0,0,0.99999815,0.99999815,7.234713e-09,1.8402093e-06,1.0212645e-12
511,84,lying,2021-05-07 10:27:29.964,2021-05-07 10:27:31.944,0.021,0,0,0.99999815,0.99999815,6.7751964e-09,1.7801169e-06,9.339547e-13
511,84,lying,2021-05-07 10:27:30.964,2021-05-07 10:27:32.944,0.021,0,0,0.99999815,0.99999815,6.74689e-09,1.7702927e-06,9.322213e-13
511,84,lying,2021-05-07 10:27:31.964,2021-05-07 10:27:33.944,0.021,0,0,0.99999815,0.99999815,6.839062e-09,1.7901665e-06,9.437768e-13
511,84,lying,2021-05-07 10:27:32.964,2021-05-07 10:27:34.944,0.021,0,0,0.99999815,0.99999815,6.4604753e-09,1.7535202e-06,8.7714677e-13
511,84,lying,2021-05-07 10:27:33.964,2021-05-07 10:27:35.944,0.021,0,0,0.99999803,0.99999803,7.887613e-09,1.9436222e-06,1.145102e-12
511,84,lying,2021-05-07 10:27:34.964,2021-05-07 10:27:36.944,0.021,0,0,0.9999979,0.9999979,8.474673e-09,2.0144355e-06,1.2639441e-12
511,84,lying,2021-05-07 10:27:35.964,2021-05-07 10:27:37.944,0.021,0,0,0.99999803,0.99999803,7.507487e-09,1.9169925e-06,1.0741534e-12
511,84,lying,2021-05-07 10:27:36.964,2021-05-07 10:27:38.944,0.021,0,0,0.99999803,0.99999803,7.326208e-09,1.9004298e-06,1.0533251e-12
511,84,lying,2021-05-07 10:27:37.964,2021-05-07 10:27:39.944,0.021,0,0,0.9999979,0.9999979,8.034149e-09,2.0073246e-06,1.1972536e-12
511,84,lying,2021-05-07 10:27:38.964,2021-05-07 10:27:40.944,0.021,0,0,0.99999803,0.99999803,7.1635298e-09,1.8684522e-06,1.0450124e-12
511,84,lying,2021-05-07 10:27:39.964,2021-05-07 10:27:41.944,0.021,0,0,0.9999979,0.9999979,8.124592e-09,2.0080886e-06,1.2178345e-12
511,84,lying,2021-05-07 10:27:40.964,2021-05-07 10:27:42.944,0.021,0,0,0.9999978,0.9999978,9.050679e-09,2.1524131e-06,1.4119422e-12
511,84,lying,2021-05-07 10:27:41.964,2021-05-07 10:27:43.944,0.021,0,0,0.9999979,0.9999979,7.739065e-09,2.0178597e-06,1.1774178e-12
511,84,lying,2021-05-07 10:27:42.964,2021-05-07 10:27:44.944,0.021,0,0,0.99999803,0.99999803,5.83673e-09,1.8672266e-06,9.048522e-13
511,84,lying,2021-05-07 10:27:43.964,2021-05-07 10:27:45.944,0.021,0,0,0.99999815,0.99999815,4.943602e-09,1.7577913e-06,7.6440465e-13
511,84,lying,2021-05-07 10:27:44.964,2021-05-07 10:27:46.944,0.021,0,0,0.99999803,0.99999803,5.8126113e-09,1.9555737e-06,8.789906e-13
511,84,lying,2021-05-07 10:27:45.964,2021-05-07 10:27:47.944,0.021,0,0,0.9999979,0.9999979,6.1130496e-09,2.0836617e-06,9.355609e-13
511,84,lying,2021-05-07 10:27:46.964,2021-05-07 10:27:48.944,0.021,0,0,0.99999756,0.99999756,8.365209e-09,2.3968269e-06,1.452744e-12
511,84,lying,2021-05-07 10:27:47.964,2021-05-07 10:27:49.944,0.021,0,0,0.9999977,0.9999977,8.0148626e-09,2.2784e-06,1.4147726e-12
511,84,lying,2021-05-07 10:27:48.964,2021-05-07 10:27:50.944,0.021,0,0,0.9999978,0.9999978,7.27334e-09,2.1092224e-06,1.192206e-12
511,84,lying,2021-05-07 10:27:49.964,2021-05-07 10:27:51.944,0.021,0,0,0.9999979,0.9999979,7.227649e-09,2.00896e-06,1.0857438e-12
511,84,lying,2021-05-07 10:27:50.964,2021-05-07 10:27:52.944,0.021,0,0,0.9999978,0.9999978,8.060857e-09,2.1211702e-06,1.1814264e-12
511,84,lying,2021-05-07 10:27:51.964,2021-05-07 10:27:53.944,0.021,0,0,0.9999979,0.9999979,7.3385005e-09,2.0769144e-06,1.0875179e-12
511,84,lying,2021-05-07 10:27:52.964,2021-05-07 10:27:54.944,0.021,0,0,0.9999977,0.9999977,7.528937e-09,2.2745355e-06,1.217119e-12
511,84,lying,2021-05-07 10:27:53.964,2021-05-07 10:27:55.944,0.021,0,0,0.99999815,0.99999815,5.5679075e-09,1.7527077e-06,9.161471e-13
511,84,lying,2021-05-07 10:27:54.964,2021-05-07 10:27:56.944,0.021,0,0,0.9999986,0.9999986,5.0322413e-09,1.3487928e-06,8.0999476e-13
511,84,lying,2021-05-07 10:27:55.964,2021-05-07 10:27:57.944,0.021,0,0,0.99999815,0.99999815,7.0225505e-09,1.7861198e-06,1.2355887e-12
511,84,lying,2021-05-07 10:27:56.964,2021-05-07 10:27:58.944,0.021,0,0,0.9999983,0.9999983,5.653638e-09,1.6279955e-06,9.05892e-13
511,84,lying,2021-05-07 10:27:57.964,2021-05-07 10:27:59.944,0.021,0,0,0.99999696,0.99999696,1.2662161e-08,2.9305895e-06,2.2587897e-12
511,84,lying,2021-05-07 10:27:58.964,2021-05-07 10:28:00.944,0.021,0,0,0.9999966,0.9999966,1.4949006e-08,3.3613271e-06,2.8274234e-12
511,84,lying,2021-05-07 10:27:59.964,2021-05-07 10:28:01.944,0.021,0,0,0.9999966,0.9999966,1.5167313e-08,3.3876963e-06,3.1036946e-12
511,84,lying,2021-05-07 10:28:00.964,2021-05-07 10:28:02.944,0.021,0,0,0.9999967,0.9999967,1.4219703e-08,3.1649558e-06,2.867603e-12
511,84,lying,2021-05-07 10:28:01.964,2021-05-07 10:28:03.944,0.021,0,0,0.99999696,0.99999696,1.27701885e-08,3.0298252e-06,2.5952834e-12
511,84,lying,2021-05-07 10:28:02.964,2021-05-07 10:28:04.944,0.021,0,0,0.99999696,0.99999696,1.2551791e-08,2.9414787e-06,2.4498181e-12
511,84,lying,2021-05-07 10:28:03.964,2021-05-07 10:28:05.944,0.021,0,0,0.99999696,0.99999696,1.3081405e-08,2.964577e-06,2.40314e-12
511,84,lying,2021-05-07 10:28:04.963,2021-05-07 10:28:06.944,0.021,0,0,0.9999973,0.9999973,1.0156595e-08,2.5718093e-06,1.6468399e-12
511,84,lying,2021-05-07 10:28:05.963,2021-05-07 10:28:07.944,0.021,0,0,0.9999972,0.9999972,1.06921405e-08,2.6849682e-06,1.8093e-12
511,84,lying,2021-05-07 10:28:06.963,2021-05-07 10:28:08.944,0.021,0,0,0.99999684,0.99999684,1.3813949e-08,3.0870558e-06,2.5878388e-12
511,84,lying,2021-05-07 10:28:07.963,2021-05-07 10:28:09.944,0.021,0,0,0.9999971,0.9999971,1.3196686e-08,2.9121213e-06,2.3926028e-12
511,84,lying,2021-05-07 10:28:08.963,2021-05-07 10:28:10.944,0.021,0,0,0.9999972,0.9999972,1.2256239e-08,2.7185902e-06,2.1316688e-12
511,84,lying,2021-05-07 10:28:09.963,2021-05-07 10:28:11.944,0.021,0,0,0.9999973,0.9999973,1.1932339e-08,2.64926e-06,2.066045e-12
511,84,lying,2021-05-07 10:28:10.963,2021-05-07 10:28:12.944,0.021,0,0,0.9999972,0.9999972,1.2592342e-08,2.7785406e-06,2.260342e-12
511,84,lying,2021-05-07 10:28:11.963,2021-05-07 10:28:13.944,0.021,0,0,0.9999971,0.9999971,1.3903562e-08,2.9116993e-06,2.5324723e-12
511,84,lying,2021-05-07 10:28:12.963,2021-05-07 10:28:14.944,0.021,0,0,0.9999977,0.9999977,9.597696e-09,2.2357895e-06,1.5377788e-12
511,84,lying,2021-05-07 10:28:13.963,2021-05-07 10:28:15.944,0.021,0,0,0.9999978,0.9999978,8.929058e-09,2.1177036e-06,1.4094936e-12
511,84,lying,2021-05-07 10:28:14.963,2021-05-07 10:28:16.944,0.021,0,0,0.99999744,0.99999744,1.11008e-08,2.4761243e-06,1.8256275e-12
511,84,lying,2021-05-07 10:28:15.963,2021-05-07 10:28:17.944,0.021,0,0,0.9999971,0.9999971,1.371707e-08,2.8630193e-06,2.4203718e-12
511,84,lying,2021-05-07 10:28:16.964,2021-05-07 10:28:18.944,0.021,0,0,0.9999971,0.9999971,1.34607925e-08,2.8658849e-06,2.3832021e-12
511,84,lying,2021-05-07 10:28:17.964,2021-05-07 10:28:19.944,0.021,0,0,0.9999971,0.9999971,1.3152134e-08,2.8228533e-06,2.342212e-12
511,84,lying,2021-05-07 10:28:18.964,2021-05-07 10:28:20.944,0.021,0,0,0.99999696,0.99999696,1.4676518e-08,3.0003812e-06,2.7289273e-12
511,84,lying,2021-05-07 10:28:19.964,2021-05-07 10:28:21.944,0.021,0,0,0.9999971,0.9999971,1.3990683e-08,2.9056744e-06,2.591727e-12
511,84,lying,2021-05-07 10:28:20.964,2021-05-07 10:28:22.944,0.021,0,0,0.99999696,0.99999696,1.4182272e-08,2.9412488e-06,2.6756804e-12
511,84,lying,2021-05-07 10:28:21.964,2021-05-07 10:28:23.944,0.021,0,0,0.99999696,0.99999696,1.44662415e-08,2.9547152e-06,2.7208194e-12
511,84,lying,2021-05-07 10:28:22.964,2021-05-07 10:28:24.944,0.021,0,0,0.9999971,0.9999971,1.3959682e-08,2.9087241e-06,2.5772882e-12
511,84,lying,2021-05-07 10:28:23.964,2021-05-07 10:28:25.944,0.021,0,0,0.9999972,0.9999972,1.2716863e-08,2.7849978e-06,2.3437853e-12
511,84,lying,2021-05-07 10:28:24.964,2021-05-07 10:28:26.944,0.021,0,0,0.9999971,0.9999971,1.3445268e-08,2.9043695e-06,2.598414e-12
511,84,lying,2021-05-07 10:28:25.964,2021-05-07 10:28:27.944,0.021,0,0,0.9999967,0.9999967,1.5223337e-08,3.175792e-06,3.0243243e-12
511,84,lying,2021-05-07 10:28:26.964,2021-05-07 10:28:28.944,0.021,0,0,0.9999966,0.9999966,1.6020547e-08,3.3268777e-06,3.2060543e-12
511,84,lying,2021-05-07 10:28:27.964,2021-05-07 10:28:29.944,0.021,0,0,0.9999965,0.9999965,1.7043115e-08,3.4300783e-06,3.4831669e-12
511,84,lying,2021-05-07 10:28:28.964,2021-05-07 10:28:30.944,0.021,0,0,0.9999966,0.9999966,1.6418742e-08,3.337269e-06,3.3317223e-12
511,84,lying,2021-05-07 10:28:29.964,2021-05-07 10:28:31.944,0.021,0,0,0.9999967,0.9999967,1.5616633e-08,3.252977e-06,3.0980407e-12
511,84,lying,2021-05-07 10:28:30.964,2021-05-07 10:28:32.944,0.021,0,0,0.99999696,0.99999696,1.3996126e-08,3.0036047e-06,2.7159455e-12
511,84,lying,2021-05-07 10:28:31.964,2021-05-07 10:28:33.944,0.021,0,0,0.9999972,0.9999972,1.2918455e-08,2.7768162e-06,2.3705447e-12
511,84,lying,2021-05-07 10:28:32.964,2021-05-07 10:28:34.944,0.021,0,0,0.99999756,0.99999756,1.0211881e-08,2.4127476e-06,1.6762556e-12
511,84,lying,2021-05-07 10:28:33.964,2021-05-07 10:28:35.944,0.021,0,0,0.9999977,0.9999977,8.778746e-09,2.3192704e-06,1.372108e-12
511,84,lying,2021-05-07 10:28:34.964,2021-05-07 10:28:36.944,0.021,0,0,0.9999979,0.9999979,6.862175e-09,2.0233015e-06,9.539768e-13
511,84,lying,2021-05-07 10:28:35.964,2021-05-07 10:28:37.944,0.021,0,0,0.9999979,0.9999979,7.488836e-09,2.0447087e-06,1.0841276e-12
511,84,lying,2021-05-07 10:28:36.964,2021-05-07 10:28:38.944,0.021,0,0,0.9999973,0.9999973,1.18716805e-08,2.6063121e-06,2.0445824e-12
511,84,lying,2021-05-07 10:28:37.964,2021-05-07 10:28:39.944,0.021,0,0,0.99999684,0.99999684,1.5103891e-08,3.113999e-06,2.865471e-12
511,84,lying,2021-05-07 10:28:38.964,2021-05-07 10:28:40.944,0.021,0,0,0.999996,0.999996,2.023699e-08,3.91797e-06,4.5978833e-12
511,84,lying,2021-05-07 10:28:39.964,2021-05-07 10:28:41.944,0.021,0,0,0.9999959,0.9999959,2.163357e-08,4.107038e-06,4.880801e-12
511,84,lying,2021-05-07 10:28:40.964,2021-05-07 10:28:42.944,0.021,0,0,0.9999961,0.9999961,1.896823e-08,3.7674472e-06,3.852969e-12
511,84,lying,2021-05-07 10:28:41.964,2021-05-07 10:28:43.944,0.021,0,0,0.999996,0.999996,1.9395205e-08,3.883537e-06,4.010062e-12
511,84,lying,2021-05-07 10:28:42.964,2021-05-07 10:28:44.944,0.021,0,0,0.99999636,0.99999636,1.7877763e-08,3.5857101e-06,3.5261076e-12
511,84,lying,2021-05-07 10:28:43.964,2021-05-07 10:28:45.944,0.021,0,0,0.9999965,0.9999965,1.6780712e-08,3.4170675e-06,3.1939325e-12
511,84,lying,2021-05-07 10:28:44.964,2021-05-07 10:28:46.944,0.021,0,0,0.9999966,0.9999966,1.5934638e-08,3.3695112e-06,3.0616902e-12
511,84,lying,2021-05-07 10:28:45.964,2021-05-07 10:28:47.944,0.021,0,0,0.9999966,0.9999966,1.5355763e-08,3.3206238e-06,2.9374543e-12
511,84,lying,2021-05-07 10:28:46.964,2021-05-07 10:28:48.944,0.021,0,0,0.99999684,0.99999684,1.3469983e-08,3.1372072e-06,2.4451773e-12
511,84,lying,2021-05-07 10:28:47.964,2021-05-07 10:28:49.944,0.021,0,0,0.9999972,0.9999972,1.1284818e-08,2.7462509e-06,1.8681617e-12
511,84,lying,2021-05-07 10:28:48.964,2021-05-07 10:28:50.944,0.021,0,0,0.9999973,0.9999973,1.1126575e-08,2.583348e-06,1.7542696e-12
511,84,lying,2021-05-07 10:28:49.964,2021-05-07 10:28:51.944,0.021,0,0,0.9999973,0.9999973,1.1870481e-08,2.6681269e-06,1.9192863e-12
511,84,lying,2021-05-07 10:28:50.964,2021-05-07 10:28:52.944,0.021,0,0,0.9999972,0.9999972,1.2294074e-08,2.7099834e-06,2.004218e-12
511,84,lying,2021-05-07 10:28:51.964,2021-05-07 10:28:53.944,0.021,0,0,0.99999744,0.99999744,1.1513081e-08,2.5626505e-06,1.846221e-12
511,84,lying,2021-05-07 10:28:52.964,2021-05-07 10:28:54.944,0.021,0,0,0.99999756,0.99999756,1.02843405e-08,2.3307848e-06,1.5683897e-12
511,84,lying,2021-05-07 10:28:53.964,2021-05-07 10:28:55.944,0.021,0,0,0.99999756,0.99999756,1.1184751e-08,2.4276624e-06,1.7036015e-12
511,84,lying,2021-05-07 10:28:54.964,2021-05-07 10:28:56.944,0.021,0,0,0.9999973,0.9999973,1.1670074e-08,2.6227262e-06,1.8454886e-12
511,84,lying,2021-05-07 10:28:55.964,2021-05-07 10:28:57.944,0.021,0,0,0.9999973,0.9999973,1.2306275e-08,2.6713908e-06,1.9905794e-12
511,84,lying,2021-05-07 10:28:56.964,2021-05-07 10:28:58.944,0.021,0,0,0.9999972,0.9999972,1.366018e-08,2.7170092e-06,2.2115552e-12
511,84,lying,2021-05-07 10:28:57.964,2021-05-07 10:28:59.944,0.021,0,0,0.9999972,0.9999972,1.328024e-08,2.6992172e-06,2.190431e-12
511,84,lying,2021-05-07 10:28:58.964,2021-05-07 10:29:00.944,0.021,0,0,0.9999972,0.9999972,1.3312042e-08,2.722505e-06,2.1891445e-12
511,84,lying,2021-05-07 10:28:59.964,2021-05-07 10:29:01.944,0.021,0,0,0.9999971,0.9999971,1.44642565e-08,2.8719753e-06,2.4948986e-12
511,84,lying,2021-05-07 10:29:00.964,2021-05-07 10:29:02.944,0.021,0,0,0.99999744,0.99999744,1.122373e-08,2.5218067e-06,1.82299e-12
511,84,lying,2021-05-07 10:29:01.964,2021-05-07 10:29:03.944,0.021,0,0,0.9999973,0.9999973,1.1796314e-08,2.5983456e-06,1.872246e-12
511,84,lying,2021-05-07 10:29:02.964,2021-05-07 10:29:04.944,0.021,0,0,0.9999972,0.9999972,1.2618646e-08,2.6952018e-06,2.024817e-12
511,84,lying,2021-05-07 10:29:03.964,2021-05-07 10:29:05.944,0.021,0,0,0.9999973,0.9999973,1.2498616e-08,2.6647626e-06,2.0065438e-12
511,84,lying,2021-05-07 10:29:04.963,2021-05-07 10:29:06.944,0.021,0,0,0.9999973,0.9999973,1.2351402e-08,2.635094e-06,2.0116211e-12
511,84,lying,2021-05-07 10:29:05.963,2021-05-07 10:29:07.944,0.021,0,0,0.99999744,0.99999744,1.1698579e-08,2.5407903e-06,1.893088e-12
511,84,lying,2021-05-07 10:29:06.963,2021-05-07 10:29:08.944,0.021,0,0,0.99999744,0.99999744,1.1429936e-08,2.5115942e-06,1.8417158e-12
511,84,lying,2021-05-07 10:29:07.963,2021-05-07 10:29:09.944,0.021,0,0,0.9999973,0.9999973,1.1959202e-08,2.5718414e-06,1.9429478e-12
511,84,lying,2021-05-07 10:29:08.963,2021-05-07 10:29:10.944,0.021,0,0,0.99999744,0.99999744,1.1556687e-08,2.5371462e-06,1.869652e-12
511,84,lying,2021-05-07 10:29:09.963,2021-05-07 10:29:11.944,0.021,0,0,0.99999744,0.99999744,1.1316462e-08,2.5207655e-06,1.8290363e-12
511,84,lying,2021-05-07 10:29:10.963,2021-05-07 10:29:12.944,0.021,0,0,0.9999973,0.9999973,1.2858499e-08,2.6328757e-06,2.1069268e-12
511,84,lying,2021-05-07 10:29:11.963,2021-05-07 10:29:13.944,0.021,0,0,0.9999973,0.9999973,1.2625653e-08,2.634908e-06,2.118977e-12
511,84,lying,2021-05-07 10:29:12.963,2021-05-07 10:29:14.944,0.021,0,0,0.99999744,0.99999744,1.1162373e-08,2.5141487e-06,1.7784864e-12
511,84,lying,2021-05-07 10:29:13.963,2021-05-07 10:29:15.944,0.021,0,0,0.99999756,0.99999756,1.039442e-08,2.4336616e-06,1.626481e-12
511,84,lying,2021-05-07 10:29:14.963,2021-05-07 10:29:16.944,0.021,0,0,0.9999973,0.9999973,1.20069705e-08,2.6304715e-06,1.9724272e-12
511,84,lying,2021-05-07 10:29:15.963,2021-05-07 10:29:17.944,0.021,0,0,0.9999972,0.9999972,1.290907e-08,2.7560793e-06,2.2207193e-12
511,84,lying,2021-05-07 10:29:16.964,2021-05-07 10:29:18.944,0.021,0,0,0.9999971,0.9999971,1.3901493e-08,2.843927e-06,2.4461203e-12
511,84,lying,2021-05-07 10:29:17.964,2021-05-07 10:29:19.944,0.021,0,0,0.99999696,0.99999696,1.5035369e-08,2.9967607e-06,2.6912144e-12
511,84,lying,2021-05-07 10:29:18.964,2021-05-07 10:29:20.944,0.021,0,0,0.99999696,0.99999696,1.54438e-08,3.017305e-06,2.7873294e-12
511,84,lying,2021-05-07 10:29:19.964,2021-05-07 10:29:21.944,0.021,0,0,0.9999971,0.9999971,1.4138467e-08,2.8340287e-06,2.4508557e-12
511,84,lying,2021-05-07 10:29:20.964,2021-05-07 10:29:22.944,0.021,0,0,0.9999971,0.9999971,1.3817958e-08,2.835832e-06,2.3691795e-12
511,84,lying,2021-05-07 10:29:21.964,2021-05-07 10:29:23.944,0.021,0,0,0.99999696,0.99999696,1.44067105e-08,2.9303071e-06,2.5155021e-12
511,84,lying,2021-05-07 10:29:22.964,2021-05-07 10:29:24.944,0.021,0,0,0.99999696,0.99999696,1.5640545e-08,3.033254e-06,2.7779881e-12
511,84,lying,2021-05-07 10:29:23.964,2021-05-07 10:29:25.944,0.021,0,0,0.9999972,0.9999972,1.31744295e-08,2.7497101e-06,2.245046e-12
511,84,lying,2021-05-07 10:29:24.964,2021-05-07 10:29:26.944,0.021,0,0,0.9999973,0.9999973,1.2358448e-08,2.6821713e-06,2.0960805e-12
511,84,lying,2021-05-07 10:29:25.964,2021-05-07 10:29:27.944,0.021,0,0,0.9999971,0.9999971,1.3677776e-08,2.8583133e-06,2.3261664e-12
511,84,lying,2021-05-07 10:29:26.964,2021-05-07 10:29:28.944,0.021,0,0,0.9999971,0.9999971,1.3366997e-08,2.8154946e-06,2.2787824e-12
511,84,lying,2021-05-07 10:29:27.964,2021-05-07 10:29:29.944,0.021,0,0,0.9999972,0.9999972,1.3017715e-08,2.7450778e-06,2.2730008e-12
511,84,lying,2021-05-07 10:29:28.964,2021-05-07 10:29:30.944,0.021,0,0,0.9999971,0.9999971,1.3139045e-08,2.8213515e-06,2.3318391e-12
511,84,lying,2021-05-07 10:29:29.964,2021-05-07 10:29:31.944,0.021,0,0,0.9999973,0.9999973,1.18943e-08,2.6671296e-06,2.0504598e-12
511,84,lying,2021-05-07 10:29:30.964,2021-05-07 10:29:32.944,0.021,0,0,0.9999972,0.9999972,1.1808762e-08,2.6978944e-06,2.0200913e-12
511,84,lying,2021-05-07 10:29:31.964,2021-05-07 10:29:33.944,0.021,0,0,0.9999971,0.9999971,1.3126396e-08,2.8768904e-06,2.2229566e-12
511,84,lying,2021-05-07 10:29:32.964,2021-05-07 10:29:34.944,0.021,0,0,0.9999971,0.9999971,1.311711e-08,2.872507e-06,2.234792e-12
511,84,lying,2021-05-07 10:29:33.964,2021-05-07 10:29:35.944,0.021,0,0,0.9999971,0.9999971,1.2471538e-08,2.8738357e-06,2.119057e-12
511,84,lying,2021-05-07 10:29:34.964,2021-05-07 10:29:36.944,0.021,0,0,0.9999972,0.9999972,1.09443405e-08,2.7477545e-06,1.820071e-12
511,84,lying,2021-05-07 10:29:35.964,2021-05-07 10:29:37.944,0.021,0,0,0.99999744,0.99999744,9.80519e-09,2.5579284e-06,1.5964462e-12
511,84,lying,2021-05-07 10:29:36.964,2021-05-07 10:29:38.944,0.021,0,0,0.99999744,0.99999744,9.552601e-09,2.4707767e-06,1.5303201e-12
511,84,lying,2021-05-07 10:29:37.964,2021-05-07 10:29:39.944,0.021,0,0,0.9999973,0.9999973,1.148667e-08,2.6665473e-06,1.9679666e-12
511,84,lying,2021-05-07 10:29:38.964,2021-05-07 10:29:40.944,0.021,0,0,0.9999972,0.9999972,1.29993545e-08,2.7750477e-06,2.327698e-12
511,84,lying,2021-05-07 10:29:39.964,2021-05-07 10:29:41.944,0.021,0,0,0.9999972,0.9999972,1.26983215e-08,2.7963647e-06,2.2941117e-12
511,84,lying,2021-05-07 10:29:40.964,2021-05-07 10:29:42.944,0.021,0,0,0.9999973,0.9999973,1.1139019e-08,2.6317864e-06,1.8873984e-12
511,84,lying,2021-05-07 10:29:41.964,2021-05-07 10:29:43.944,0.021,0,0,0.99999744,0.99999744,1.0035971e-08,2.5452066e-06,1.6000128e-12
511,84,lying,2021-05-07 10:29:42.964,2021-05-07 10:29:44.944,0.021,0,0,0.9999973,0.9999973,1.0103808e-08,2.574386e-06,1.625668e-12
511,84,lying,2021-05-07 10:29:43.964,2021-05-07 10:29:45.944,0.021,0,0,0.9999973,0.9999973,1.1070163e-08,2.6679488e-06,1.8008924e-12
511,84,lying,2021-05-07 10:29:44.964,2021-05-07 10:29:46.944,0.021,0,0,0.9999973,0.9999973,1.2111602e-08,2.6564426e-06,2.03941e-12
511,84,lying,2021-05-07 10:29:45.964,2021-05-07 10:29:47.944,0.021,0,0,0.9999986,0.9999986,4.7912407e-09,1.3077911e-06,5.948379e-13
511,84,lying,2021-05-07 10:29:46.964,2021-05-07 10:29:48.944,0.021,0,0,0.99999946,0.99999946,1.1901877e-09,5.125673e-07,8.488577e-14
511,84,lying,2021-05-07 10:29:47.964,2021-05-07 10:29:49.944,0.021,0,0,0.99999887,0.99999887,3.208336e-09,1.0444207e-06,3.2161903e-13
511,84,lying,2021-05-07 10:29:48.964,2021-05-07 10:29:50.944,0.021,0,0,0.99999815,0.99999815,7.275979e-09,1.7305873e-06,9.809853e-13
511,84,lying,2021-05-07 10:29:49.964,2021-05-07 10:29:51.944,0.021,0,0,0.99999756,0.99999756,1.2039836e-08,2.3343262e-06,2.0181972e-12
511,84,lying,2021-05-07 10:29:50.964,2021-05-07 10:29:52.944,0.021,0,0,0.9999973,0.9999973,1.2112503e-08,2.5860174e-06,2.1728379e-12
511,84,lying,2021-05-07 10:29:51.964,2021-05-07 10:29:53.944,0.021,0,0,0.9999966,0.9999966,1.6039532e-08,3.3308588e-06,3.1009134e-12
511,84,lying,2021-05-07 10:29:52.964,2021-05-07 10:29:54.944,0.021,0,0,0.9999961,0.9999961,1.999966e-08,3.7689385e-06,4.110431e-12
511,84,lying,2021-05-07 10:29:53.964,2021-05-07 10:29:55.944,0.021,0,0,0.99999636,0.99999636,1.8808134e-08,3.6338708e-06,3.7831123e-12
511,84,lying,2021-05-07 10:29:54.964,2021-05-07 10:29:56.944,0.021,0,0,0.99999636,0.99999636,1.7974662e-08,3.6001834e-06,3.5846634e-12
511,84,lying,2021-05-07 10:29:55.964,2021-05-07 10:29:57.944,0.021,0,0,0.99999636,0.99999636,1.7277891e-08,3.5179999e-06,3.4444056e-12
511,84,lying,2021-05-07 10:29:56.964,2021-05-07 10:29:58.944,0.021,0,0,0.99999636,0.99999636,1.7275024e-08,3.5193689e-06,3.479541e-12
511,84,lying,2021-05-07 10:29:57.964,2021-05-07 10:29:59.944,0.021,0,0,0.9999965,0.9999965,1.6636694e-08,3.4517034e-06,3.2958846e-12
511,84,lying,2021-05-07 10:29:58.964,2021-05-07 10:30:00.944,0.021,0,0,0.9999967,0.9999967,1.599185e-08,3.2642547e-06,3.1740504e-12
511,84,lying,2021-05-07 10:29:59.964,2021-05-07 10:30:01.944,0.021,0,0,0.9999965,0.9999965,1.754998e-08,3.4129216e-06,3.5912267e-12
511,84,lying,2021-05-07 10:30:00.964,2021-05-07 10:30:02.944,0.021,0,0,0.9999966,0.9999966,1.6584073e-08,3.319123e-06,3.3422115e-12
511,84,lying,2021-05-07 10:30:01.964,2021-05-07 10:30:03.944,0.021,0,0,0.99999636,0.99999636,1.8491763e-08,3.574249e-06,3.8193563e-12
511,84,lying,2021-05-07 10:30:02.964,2021-05-07 10:30:04.944,0.021,0,0,0.9999965,0.9999965,1.7894347e-08,3.4967202e-06,3.617143e-12
511,84,lying,2021-05-07 10:30:03.964,2021-05-07 10:30:05.944,0.021,0,0,0.9999965,0.9999965,1.7651463e-08,3.4863413e-06,3.576257e-12
511,84,lying,2021-05-07 10:30:04.963,2021-05-07 10:30:06.944,0.021,0,0,0.9999965,0.9999965,1.7080017e-08,3.4155428e-06,3.4196946e-12
511,84,lying,2021-05-07 10:30:05.963,2021-05-07 10:30:07.944,0.021,0,0,0.9999965,0.9999965,1.7594623e-08,3.4535078e-06,3.5360488e-12
511,84,lying,2021-05-07 10:30:06.963,2021-05-07 10:30:08.944,0.021,0,0,0.9999986,0.9999986,4.602035e-09,1.3625593e-06,6.406095e-13
511,84,lying,2021-05-07 10:30:07.963,2021-05-07 10:30:09.944,0.021,0,0,0.99999934,0.99999934,1.4871032e-09,5.9917926e-07,1.3932653e-13
511,84,lying,2021-05-07 10:30:08.963,2021-05-07 10:30:10.944,0.021,0,0,0.99999875,0.99999875,3.8422123e-09,1.180045e-06,4.5371123e-13
511,84,lying,2021-05-07 10:30:09.963,2021-05-07 10:30:11.944,0.021,0,0,0.99999756,0.99999756,9.896392e-09,2.4014005e-06,1.7515284e-12
511,84,lying,2021-05-07 10:30:10.963,2021-05-07 10:30:12.944,0.021,0,0,0.99999696,0.99999696,1.4158057e-08,3.0201033e-06,2.8229626e-12
511,84,lying,2021-05-07 10:30:11.963,2021-05-07 10:30:13.944,0.021,0,0,0.9999973,0.9999973,1.2239747e-08,2.6487246e-06,2.3298436e-12
511,84,lying,2021-05-07 10:30:12.963,2021-05-07 10:30:14.944,0.021,0,0,0.9999972,0.9999972,1.3693832e-08,2.8007655e-06,2.7919485e-12
511,84,lying,2021-05-07 10:30:13.963,2021-05-07 10:30:15.944,0.021,0,0,0.99999696,0.99999696,1.45034e-08,2.9450969e-06,3.0675599e-12
511,84,lying,2021-05-07 10:30:14.963,2021-05-07 10:30:16.944,0.021,0,0,0.9999971,0.9999971,1.3449988e-08,2.8100385e-06,2.6888854e-12
511,84,lying,2021-05-07 10:30:15.963,2021-05-07 10:30:17.944,0.021,0,0,0.9999973,0.9999973,1.2473777e-08,2.6644907e-06,2.4256226e-12
511,84,lying,2021-05-07 10:30:16.964,2021-05-07 10:30:18.944,0.021,0,0,0.99999756,0.99999756,1.0646337e-08,2.3975722e-06,1.959958e-12
511,84,lying,2021-05-07 10:30:17.964,2021-05-07 10:30:19.944,0.021,0,0,0.99999756,0.99999756,1.0492082e-08,2.3585922e-06,1.8651075e-12
511,84,lying,2021-05-07 10:30:18.964,2021-05-07 10:30:20.944,0.021,0,0,0.99999744,0.99999744,1.10076295e-08,2.4457831e-06,1.9483735e-12
511,84,lying,2021-05-07 10:30:19.964,2021-05-07 10:30:21.944,0.021,0,0,0.99999744,0.99999744,1.1190426e-08,2.459159e-06,1.9941934e-12
511,84,lying,2021-05-07 10:30:20.964,2021-05-07 10:30:22.944,0.021,0,0,0.99999744,0.99999744,1.1778667e-08,2.5268912e-06,2.138091e-12
511,84,lying,2021-05-07 10:30:21.964,2021-05-07 10:30:23.944,0.021,0,0,0.9999973,0.9999973,1.2729072e-08,2.6384307e-06,2.4038055e-12
511,84,lying,2021-05-07 10:30:22.964,2021-05-07 10:30:24.944,0.021,0,0,0.9999973,0.9999973,1.2580869e-08,2.6343025e-06,2.4003052e-12
511,84,lying,2021-05-07 10:30:23.964,2021-05-07 10:30:25.944,0.021,0,0,0.99999744,0.99999744,1.1067334e-08,2.4714861e-06,2.007838e-12
511,84,lying,2021-05-07 10:30:24.964,2021-05-07 10:30:26.944,0.021,0,0,0.99999756,0.99999756,1.0807374e-08,2.4423434e-06,1.9492658e-12
511,84,lying,2021-05-07 10:30:25.964,2021-05-07 10:30:27.944,0.021,0,0,0.99999744,0.99999744,1.1059674e-08,2.468784e-06,2.0226904e-12
511,84,lying,2021-05-07 10:30:26.964,2021-05-07 10:30:28.944,0.021,0,0,0.9999973,0.9999973,1.2336521e-08,2.6076473e-06,2.3740701e-12
511,84,lying,2021-05-07 10:30:27.964,2021-05-07 10:30:29.944,0.021,0,0,0.99999696,0.99999696,1.5588068e-08,2.9946123e-06,3.2522357e-12
511,84,lying,2021-05-07 10:30:28.964,2021-05-07 10:30:30.944,0.021,0,0,0.9999977,0.9999977,1.0411188e-08,2.2930221e-06,1.840831e-12
511,84,lying,2021-05-07 10:30:29.964,2021-05-07 10:30:31.944,0.021,0,0,0.9999977,0.9999977,1.0294684e-08,2.281298e-06,1.7654814e-12
511,84,lying,2021-05-07 10:30:30.964,2021-05-07 10:30:32.944,0.021,0,0,0.99999744,0.99999744,1.1972737e-08,2.5017046e-06,2.231343e-12
511,84,lying,2021-05-07 10:30:31.964,2021-05-07 10:30:33.944,0.021,0,0,0.99999887,0.99999887,3.829482e-09,1.1165382e-06,4.922219e-13
511,84,lying,2021-05-07 10:30:32.964,2021-05-07 10:30:34.944,0.021,0,0,0.9999986,0.9999986,4.8008184e-09,1.2608344e-06,6.4990873e-13
511,84,lying,2021-05-07 10:30:33.964,2021-05-07 10:30:35.944,0.021,0,0,0.9999977,0.9999977,1.0467877e-08,2.3200448e-06,1.850459e-12
511,84,lying,2021-05-07 10:30:34.964,2021-05-07 10:30:36.944,0.021,0,0,0.99999756,0.99999756,1.0845659e-08,2.3748248e-06,1.9379e-12
511,84,lying,2021-05-07 10:30:35.964,2021-05-07 10:30:37.944,0.021,0,0,0.99999744,0.99999744,1.191426e-08,2.5169966e-06,2.2085294e-12
511,84,lying,2021-05-07 10:30:36.964,2021-05-07 10:30:38.944,0.021,0,0,0.99999744,0.99999744,1.18977965e-08,2.5454665e-06,2.1611905e-12
511,84,lying,2021-05-07 10:30:37.964,2021-05-07 10:30:39.944,0.021,0,0,0.99999744,0.99999744,1.1656016e-08,2.4941362e-06,2.1059428e-12
511,84,lying,2021-05-07 10:30:38.964,2021-05-07 10:30:40.944,0.021,0,0,0.99999756,0.99999756,1.099909e-08,2.4147203e-06,1.9759483e-12
511,84,lying,2021-05-07 10:30:39.964,2021-05-07 10:30:41.944,0.021,0,0,0.99999744,0.99999744,1.1051555e-08,2.4629167e-06,2.002224e-12
511,84,lying,2021-05-07 10:30:40.964,2021-05-07 10:30:42.944,0.021,0,0,0.99999744,0.99999744,1.113696e-08,2.47675e-06,2.014478e-12
511,84,lying,2021-05-07 10:30:41.964,2021-05-07 10:30:43.944,0.021,0,0,0.99999756,0.99999756,1.0324001e-08,2.3502305e-06,1.8265333e-12
511,84,lying,2021-05-07 10:30:42.964,2021-05-07 10:30:44.944,0.021,0,0,0.99999756,0.99999756,1.0467117e-08,2.3697642e-06,1.8698697e-12
511,84,lying,2021-05-07 10:30:43.964,2021-05-07 10:30:45.944,0.021,0,0,0.99999756,0.99999756,1.0291012e-08,2.4086598e-06,1.8234283e-12
511,84,lying,2021-05-07 10:30:44.964,2021-05-07 10:30:46.944,0.021,0,0,0.99999756,0.99999756,1.0232822e-08,2.376293e-06,1.8085829e-12
511,84,lying,2021-05-07 10:30:45.964,2021-05-07 10:30:47.944,0.021,0,0,0.99999756,0.99999756,1.0489841e-08,2.344227e-06,1.8549608e-12
511,84,lying,2021-05-07 10:30:46.964,2021-05-07 10:30:48.944,0.021,0,0,0.99999815,0.99999815,6.733469e-09,1.7569416e-06,1.0432062e-12
511,84,lying,2021-05-07 10:30:47.964,2021-05-07 10:30:49.944,0.021,0,0,0.99999815,0.99999815,7.0905597e-09,1.7793922e-06,1.0822231e-12
511,84,lying,2021-05-07 10:30:48.964,2021-05-07 10:30:50.944,0.021,0,0,0.9999983,0.9999983,6.4979084e-09,1.6664625e-06,9.472323e-13
511,84,lying,2021-05-07 10:30:49.964,2021-05-07 10:30:51.944,0.021,0,0,0.99999815,0.99999815,6.9302186e-09,1.7299982e-06,1.0421542e-12
511,84,lying,2021-05-07 10:30:50.964,2021-05-07 10:30:52.944,0.021,0,0,0.9999977,0.9999977,1.05376285e-08,2.3067214e-06,1.8272688e-12
511,84,lying,2021-05-07 10:30:51.964,2021-05-07 10:30:53.944,0.021,0,0,0.99999744,0.99999744,1.1900406e-08,2.4776243e-06,2.1854235e-12
511,84,lying,2021-05-07 10:30:52.964,2021-05-07 10:30:54.944,0.021,0,0,0.99999756,0.99999756,1.1250887e-08,2.3923828e-06,2.0430313e-12
511,84,lying,2021-05-07 10:30:53.964,2021-05-07 10:30:55.944,0.021,0,0,0.99999756,0.99999756,1.1041402e-08,2.3733419e-06,1.9795999e-12
511,84,lying,2021-05-07 10:30:54.964,2021-05-07 10:30:56.944,0.021,0,0,0.99999756,0.99999756,1.1370793e-08,2.434495e-06,2.0673504e-12
511,84,lying,2021-05-07 10:30:55.964,2021-05-07 10:30:57.944,0.021,0,0,0.9999977,0.9999977,1.0699715e-08,2.3207065e-06,1.9067135e-12
511,84,lying,2021-05-07 10:30:56.964,2021-05-07 10:30:58.944,0.021,0,0,0.9999983,0.9999983,6.9128463e-09,1.6545982e-06,1.0949508e-12
511,84,lying,2021-05-07 10:30:57.964,2021-05-07 10:30:59.944,0.021,0,0,0.9999986,0.9999986,5.3977462e-09,1.2525016e-06,9.492655e-13
511,84,lying,2021-05-07 10:30:58.964,2021-05-07 10:31:00.944,0.021,0,0,0.99999565,0.99999565,3.0793508e-08,4.3489886e-06,9.868216e-12
511,84,lying,2021-05-07 10:30:59.964,2021-05-07 10:31:01.944,0.021,0,0,0.9999873,0.9999873,1.2156177e-07,1.2531763e-05,5.5970586e-11
511,84,lying,2021-05-07 10:31:00.964,2021-05-07 10:31:02.944,0.021,0,0,0.9999936,0.9999936,5.1064166e-08,6.340208e-06,1.7910314e-11
511,84,lying,2021-05-07 10:31:01.964,2021-05-07 10:31:03.944,0.021,0,0,0.99999934,0.99999934,3.1843903e-09,6.421797e-07,7.983293e-13
511,84,lying,2021-05-07 10:31:02.964,2021-05-07 10:31:04.944,0.021,0,0,0.99999994,0.99999994,1.13475765e-11,1.0550504e-08,7.5620566e-16
511,84,lying,2021-05-07 10:31:03.964,2021-05-07 10:31:05.944,0.021,0,0,0.99999994,0.99999994,1.6092435e-13,6.9889e-10,2.5225262e-18
511,84,lying,2021-05-07 10:31:04.963,2021-05-07 10:31:06.944,0.021,0,0,0.99999994,0.99999994,8.6270325e-13,2.3099018e-09,1.9016283e-17
511,84,lying,2021-05-07 10:31:05.963,2021-05-07 10:31:07.944,0.021,0,0,0.99999994,0.99999994,2.194288e-12,4.8479283e-09,5.232569e-17
511,84,lying,2021-05-07 10:31:06.963,2021-05-07 10:31:08.944,0.021,0,0,0.99999994,0.99999994,3.8312188e-12,7.098394e-09,9.694767e-17
511,84,lying,2021-05-07 10:31:07.963,2021-05-07 10:31:09.944,0.021,0,0,0.99999994,0.99999994,4.4235635e-12,8.0368325e-09,1.1831155e-16
511,84,lying,2021-05-07 10:31:08.963,2021-05-07 10:31:10.944,0.021,0,0,0.99999994,0.99999994,4.7414212e-12,8.408323e-09,1.2864711e-16
511,84,lying,2021-05-07 10:31:09.963,2021-05-07 10:31:11.944,0.021,0,0,0.99999994,0.99999994,4.5430773e-12,8.339405e-09,1.2252996e-16
511,84,lying,2021-05-07 10:31:10.963,2021-05-07 10:31:12.944,0.021,0,0,0.99999994,0.99999994,4.5328984e-12,8.174863e-09,1.2101562e-16
511,84,lying,2021-05-07 10:31:11.963,2021-05-07 10:31:13.944,0.021,0,0,0.99999994,0.99999994,4.919702e-12,8.608936e-09,1.3698123e-16
511,84,lying,2021-05-07 10:31:12.963,2021-05-07 10:31:14.944,0.021,0,0,0.99999994,0.99999994,5.128518e-12,8.903534e-09,1.4259126e-16
511,84,lying,2021-05-07 10:31:13.963,2021-05-07 10:31:15.944,0.021,0,0,0.99999994,0.99999994,5.283045e-12,9.039295e-09,1.4920196e-16
511,84,lying,2021-05-07 10:31:14.963,2021-05-07 10:31:16.944,0.021,0,0,0.99999994,0.99999994,4.6936066e-12,8.493138e-09,1.278131e-16
511,84,lying,2021-05-07 10:31:15.963,2021-05-07 10:31:17.944,0.021,0,0,0.99999994,0.99999994,5.1203273e-12,9.056086e-09,1.3842261e-16
511,84,lying,2021-05-07 10:31:16.964,2021-05-07 10:31:18.944,0.021,0,0,0.99999994,0.99999994,4.7883347e-12,8.757793e-09,1.2756274e-16
511,84,lying,2021-05-07 10:31:17.964,2021-05-07 10:31:19.944,0.021,0,0,0.99999994,0.99999994,5.1167347e-12,9.096665e-09,1.3887378e-16
511,84,lying,2021-05-07 10:31:18.964,2021-05-07 10:31:20.944,0.021,0,0,0.99999994,0.99999994,5.6426504e-12,9.885246e-09,1.4899378e-16
511,84,lying,2021-05-07 10:31:19.964,2021-05-07 10:31:21.944,0.021,0,0,0.99999994,0.99999994,6.024779e-12,1.043479e-08,1.4817871e-16
511,84,lying,2021-05-07 10:31:20.964,2021-05-07 10:31:22.944,0.021,0,0,0.99999994,0.99999994,7.27519e-12,1.1738237e-08,1.8314459e-16
511,84,lying,2021-05-07 10:31:21.964,2021-05-07 10:31:23.944,0.021,0,0,0.99999994,0.99999994,7.347677e-12,1.20676145e-08,2.0285951e-16
511,84,lying,2021-05-07 10:31:22.964,2021-05-07 10:31:24.944,0.021,0,0,0.99999994,0.99999994,6.673505e-12,1.1393615e-08,1.9000558e-16
511,84,lying,2021-05-07 10:31:23.964,2021-05-07 10:31:25.944,0.021,0,0,0.99999994,0.99999994,5.323668e-12,9.820225e-09,1.3927113e-16
511,84,lying,2021-05-07 10:31:24.964,2021-05-07 10:31:26.944,0.021,0,0,0.99999994,0.99999994,5.3492874e-12,9.747149e-09,1.3928548e-16
511,84,lying,2021-05-07 10:31:25.964,2021-05-07 10:31:27.944,0.021,0,0,0.99999994,0.99999994,5.9195856e-12,1.0215567e-08,1.5730278e-16
511,84,lying,2021-05-07 10:31:26.964,2021-05-07 10:31:28.944,0.021,0,0,0.99999994,0.99999994,5.5459057e-12,9.746145e-09,1.4592149e-16
511,84,lying,2021-05-07 10:31:27.964,2021-05-07 10:31:29.944,0.021,0,0,0.99999994,0.99999994,5.5695977e-12,9.827176e-09,1.48618e-16
511,84,lying,2021-05-07 10:31:28.964,2021-05-07 10:31:30.944,0.021,0,0,0.99999994,0.99999994,5.7457272e-12,9.959415e-09,1.5773723e-16
511,84,lying,2021-05-07 10:31:29.964,2021-05-07 10:31:31.944,0.021,0,0,0.99999994,0.99999994,5.818004e-12,1.0018267e-08,1.5874894e-16
511,85,sitting,2021-05-07 10:31:39.484,2021-05-07 10:31:41.464,0.021,1,1,0.9999822,1.7696308e-05,0.9999822,1.3842945e-08,8.311282e-08
511,85,sitting,2021-05-07 10:31:40.484,2021-05-07 10:31:42.464,0.021,1,1,0.9999792,2.0601343e-05,0.9999792,1.6452812e-08,7.988316e-08
511,86,walking,2021-05-07 10:31:44.644,2021-05-07 10:31:46.624,0.021,3,3,0.99997646,2.2436147e-10,2.848204e-07,2.3140328e-05,0.99997646
511,86,walking,2021-05-07 10:31:45.644,2021-05-07 10:31:47.624,0.021,3,3,0.99999183,1.6789546e-10,1.6575511e-07,7.887733e-06,0.99999183
511,86,walking,2021-05-07 10:31:46.644,2021-05-07 10:31:48.624,0.021,3,3,0.9999972,6.1440775e-10,3.205878e-07,2.4584856e-06,0.9999972
511,86,walking,2021-05-07 10:31:47.644,2021-05-07 10:31:49.624,0.021,3,3,0.99999565,3.0834563e-10,6.4106516e-08,4.1677804e-06,0.99999565
511,86,walking,2021-05-07 10:31:48.644,2021-05-07 10:31:50.624,0.021,3,3,0.99998575,1.0409187e-10,5.5692935e-09,1.4238091e-05,0.99998575
511,86,walking,2021-05-07 10:31:49.644,2021-05-07 10:31:51.624,0.021,3,3,0.9999338,5.92077e-10,8.396453e-09,6.620601e-05,0.9999338
511,86,walking,2021-05-07 10:31:50.644,2021-05-07 10:31:52.624,0.021,3,3,0.9999576,2.5581773e-10,7.744202e-09,4.2323547e-05,0.9999576
511,86,walking,2021-05-07 10:31:51.644,2021-05-07 10:31:53.624,0.021,3,3,0.9999086,5.3577187e-10,7.986057e-09,9.125063e-05,0.9999086
511,86,walking,2021-05-07 10:31:52.644,2021-05-07 10:31:54.624,0.021,3,3,0.9998255,3.5576164e-09,7.33107e-08,0.00017442304,0.9998255
511,86,walking,2021-05-07 10:31:53.644,2021-05-07 10:31:55.624,0.021,3,3,0.9999538,5.279342e-10,5.3202356e-08,4.6060573e-05,0.9999538
511,86,walking,2021-05-07 10:31:54.644,2021-05-07 10:31:56.624,0.021,3,3,0.99995893,1.8140148e-10,1.7491475e-08,4.102911e-05,0.99995893
511,86,walking,2021-05-07 10:31:55.644,2021-05-07 10:31:57.624,0.021,3,3,0.9999319,2.4264565e-10,3.229032e-08,6.798722e-05,0.9999319
511,86,walking,2021-05-07 10:31:56.644,2021-05-07 10:31:58.624,0.021,3,3,0.9997978,1.2072213e-09,6.811713e-08,0.00020207952,0.9997978
511,86,walking,2021-05-07 10:31:57.644,2021-05-07 10:31:59.624,0.021,3,3,0.9999189,7.776298e-10,4.2094776e-08,8.10666e-05,0.9999189
511,86,walking,2021-05-07 10:31:58.644,2021-05-07 10:32:00.624,0.021,3,3,0.9999599,1.6483355e-10,9.4425054e-09,4.006182e-05,0.9999599
511,86,walking,2021-05-07 10:31:59.644,2021-05-07 10:32:01.624,0.021,3,3,0.9998503,2.083603e-09,1.0882689e-07,0.00014953964,0.9998503
511,86,walking,2021-05-07 10:32:00.644,2021-05-07 10:32:02.624,0.021,3,3,0.9997587,2.9601603e-09,2.3033533e-07,0.00024114677,0.9997587
511,86,walking,2021-05-07 10:32:01.644,2021-05-07 10:32:03.624,0.021,3,3,0.9999017,4.089695e-09,4.268802e-07,9.778378e-05,0.9999017
511,86,walking,2021-05-07 10:32:02.644,2021-05-07 10:32:04.624,0.021,3,3,0.9998462,3.7243904e-09,3.9952877e-07,0.00015330616,0.9998462
511,86,walking,2021-05-07 10:32:03.644,2021-05-07 10:32:05.624,0.021,3,3,0.9997952,1.4623341e-09,8.999005e-08,0.00020471272,0.9997952
511,86,walking,2021-05-07 10:32:04.644,2021-05-07 10:32:06.624,0.021,3,3,0.9998281,8.597607e-10,3.1755015e-08,0.0001720127,0.9998281
511,86,walking,2021-05-07 10:32:05.644,2021-05-07 10:32:07.624,0.021,3,3,0.99978805,1.2786596e-09,8.355855e-08,0.00021188999,0.99978805
511,86,walking,2021-05-07 10:32:06.644,2021-05-07 10:32:08.624,0.021,3,3,0.9994593,5.605762e-09,3.8194125e-07,0.0005402747,0.9994593
511,86,walking,2021-05-07 10:32:07.644,2021-05-07 10:32:09.624,0.021,3,3,0.99802995,2.584321e-08,1.1739966e-06,0.001968732,0.99802995
511,87,standing,2021-05-07 10:32:10.604,2021-05-07 10:32:12.583,0.021,2,2,0.99402803,1.5149615e-06,9.71174e-06,0.99402803,0.005960628
511,92,walking,2021-05-07 10:32:15.883,2021-05-07 10:32:17.864,0.021,3,3,0.9999233,9.740083e-09,7.0225343e-07,7.5928445e-05,0.9999233
511,92,walking,2021-05-07 10:32:16.884,2021-05-07 10:32:18.864,0.021,3,3,0.99986315,5.955509e-09,1.0757606e-06,0.00013579955,0.99986315
511,92,walking,2021-05-07 10:32:17.884,2021-05-07 10:32:19.864,0.021,3,3,0.99828154,1.5618658e-08,2.0436673e-06,0.0017163799,0.99828154
511,92,walking,2021-05-07 10:32:18.884,2021-05-07 10:32:20.864,0.021,3,3,0.9971618,6.9613925e-08,1.776543e-06,0.002836283,0.9971618
511,92,walking,2021-05-07 10:32:19.884,2021-05-07 10:32:21.864,0.021,3,3,0.9943651,3.796017e-08,1.5766506e-06,0.005633179,0.9943651
511,92,walking,2021-05-07 10:32:20.884,2021-05-07 10:32:22.864,0.021,3,3,0.98673385,2.6010127e-07,5.558951e-06,0.013260409,0.98673385
511,92,walking,2021-05-07 10:32:21.884,2021-05-07 10:32:23.864,0.021,3,3,0.997829,3.967314e-07,5.3924578e-06,0.002165157,0.997829
511,92,walking,2021-05-07 10:32:22.884,2021-05-07 10:32:24.864,0.021,3,3,0.99980664,1.388724e-08,1.3876861e-06,0.00019207831,0.99980664
511,92,walking,2021-05-07 10:32:23.884,2021-05-07 10:32:25.864,0.021,3,3,0.9995413,1.0231079e-08,9.578862e-07,0.00045779813,0.9995413
511,92,walking,2021-05-07 10:32:24.884,2021-05-07 10:32:26.864,0.021,3,3,0.97517437,2.8067907e-07,6.6963676e-06,0.024818642,0.97517437
511,94,walking,2021-05-07 10:32:28.323,2021-05-07 10:32:30.304,0.021,3,3,0.99991804,2.2551545e-09,8.36184e-07,8.105525e-05,0.99991804
511,94,walking,2021-05-07 10:32:29.323,2021-05-07 10:32:31.304,0.021,3,3,0.99980927,1.3952821e-09,3.558143e-07,0.00019051263,0.99980927
511,94,walking,2021-05-07 10:32:30.323,2021-05-07 10:32:32.304,0.021,3,3,0.999638,3.744226e-09,3.5426942e-07,0.00036154958,0.999638
511,94,walking,2021-05-07 10:32:31.323,2021-05-07 10:32:33.304,0.021,3,3,0.99930686,1.05715845e-08,2.6111209e-06,0.00069058914,0.99930686
511,94,walking,2021-05-07 10:32:32.324,2021-05-07 10:32:34.304,0.021,3,3,0.99983764,2.2734046e-09,3.5266902e-07,0.00016210387,0.99983764
511,94,walking,2021-05-07 10:32:33.324,2021-05-07 10:32:35.304,0.021,3,3,0.99997336,3.0905234e-10,5.4253878e-08,2.649165e-05,0.99997336
511,94,walking,2021-05-07 10:32:34.324,2021-05-07 10:32:36.304,0.021,3,3,0.99997276,7.724208e-10,6.4086095e-08,2.7126127e-05,0.99997276
511,94,walking,2021-05-07 10:32:35.324,2021-05-07 10:32:37.304,0.021,3,3,0.99994594,1.5554774e-09,1.4369155e-07,5.390981e-05,0.99994594
511,94,walking,2021-05-07 10:32:36.324,2021-05-07 10:32:38.304,0.021,3,3,0.9999438,7.3255696e-10,1.1817217e-07,5.607304e-05,0.9999438
511,94,walking,2021-05-07 10:32:37.324,2021-05-07 10:32:39.304,0.021,3,3,0.99995095,1.7571233e-10,4.4367233e-08,4.8929396e-05,0.99995095
511,94,walking,2021-05-07 10:32:38.324,2021-05-07 10:32:40.304,0.021,3,3,0.99991816,3.9495843e-10,8.6601936e-08,8.1722545e-05,0.99991816
511,94,walking,2021-05-07 10:32:39.324,2021-05-07 10:32:41.304,0.021,3,3,0.99842465,4.8140627e-08,7.2604685e-06,0.001568052,0.99842465
511,94,walking,2021-05-07 10:32:40.324,2021-05-07 10:32:42.304,0.021,3,3,0.99981666,6.1105894e-09,1.5246676e-06,0.00018176134,0.99981666
511,94,walking,2021-05-07 10:32:41.324,2021-05-07 10:32:43.304,0.021,3,3,0.99815273,8.2634024e-08,9.354781e-06,0.0018377502,0.99815273
511,94,walking,2021-05-07 10:32:42.324,2021-05-07 10:32:44.304,0.021,3,3,0.99890447,2.5102775e-08,4.6805985e-06,0.0010908727,0.99890447
511,95,standing,2021-05-07 10:32:45.243,2021-05-07 10:32:47.223,0.021,2,2,0.99607325,5.9117167e-07,3.720834e-06,0.99607325,0.0039223367
511,95,standing,2021-05-07 10:32:46.243,2021-05-07 10:32:48.223,0.021,2,2,0.9504082,5.1108423e-06,3.6137055e-05,0.9504082,0.049550574
511,103,standing,2021-05-07 10:33:46.004,2021-05-07 10:33:47.984,0.021,2,2,0.99912894,8.015969e-07,1.4316541e-06,0.99912894,0.00086876506
511,107,standing,2021-05-07 10:33:51.683,2021-05-07 10:33:53.664,0.021,2,3,0.8429762,1.5032668e-07,3.0891988e-05,0.15699278,0.8429762
511,107,standing,2021-05-07 10:33:52.683,2021-05-07 10:33:54.664,0.021,2,2,0.91034734,7.207723e-08,3.0831177e-06,0.91034734,0.08964944
511,107,standing,2021-05-07 10:33:53.683,2021-05-07 10:33:55.664,0.021,2,2,0.9267471,4.839561e-08,3.2319017e-06,0.9267471,0.07324956
511,107,standing,2021-05-07 10:33:54.683,2021-05-07 10:33:56.664,0.021,2,2,0.92202646,9.035121e-08,3.6449496e-06,0.92202646,0.07796983
511,107,standing,2021-05-07 10:33:55.683,2021-05-07 10:33:57.664,0.021,2,3,0.79318583,2.5128927e-06,3.0861935e-05,0.20678084,0.79318583
511,107,standing,2021-05-07 10:33:56.683,2021-05-07 10:33:58.664,0.021,2,2,0.9928323,7.4227305e-06,9.0176545e-06,0.9928323,0.0071512936
511,107,standing,2021-05-07 10:33:57.683,2021-05-07 10:33:59.664,0.021,2,2,0.98893094,1.2531881e-05,2.3150751e-05,0.98893094,0.011033311
511,109,standing,2021-05-07 10:34:00.364,2021-05-07 10:34:02.344,0.021,2,2,0.9987106,1.8835262e-07,8.8691786e-07,0.9987106,0.0012884665
511,109,standing,2021-05-07 10:34:01.364,2021-05-07 10:34:03.344,0.021,2,2,0.9988903,1.440577e-07,7.8230727e-07,0.9988903,0.0011086741
511,109,standing,2021-05-07 10:34:02.364,2021-05-07 10:34:04.343,0.021,2,2,0.9979229,2.3522479e-07,1.1438524e-06,0.9979229,0.0020756915
511,109,standing,2021-05-07 10:34:03.364,2021-05-07 10:34:05.343,0.021,2,2,0.9666069,2.7289704e-07,3.0859612e-06,0.9666069,0.03338977
511,109,standing,2021-05-07 10:34:04.364,2021-05-07 10:34:06.343,0.021,2,2,0.9703042,5.810542e-08,1.4160978e-06,0.9703042,0.029694222
511,109,standing,2021-05-07 10:34:05.364,2021-05-07 10:34:07.343,0.021,2,2,0.998318,5.5056892e-09,1.2779309e-07,0.998318,0.0016818404
511,109,standing,2021-05-07 10:34:06.364,2021-05-07 10:34:08.343,0.021,2,2,0.99903417,3.4328955e-09,7.0273565e-08,0.99903417,0.0009657577
511,109,standing,2021-05-07 10:34:07.364,2021-05-07 10:34:09.343,0.021,2,2,0.9966243,9.517983e-09,1.9150406e-07,0.9966243,0.003375442
511,109,standing,2021-05-07 10:34:08.364,2021-05-07 10:34:10.343,0.021,2,2,0.9984304,9.714102e-09,1.3767205e-07,0.9984304,0.0015695766
511,109,standing,2021-05-07 10:34:09.364,2021-05-07 10:34:11.343,0.021,2,2,0.995314,3.5199616e-08,7.971141e-07,0.995314,0.0046851975
511,115,standing,2021-05-07 10:34:14.724,2021-05-07 10:34:16.704,0.021,2,2,0.99960154,4.8234438e-06,4.67428e-06,0.99960154,0.00038886545
511,115,standing,2021-05-07 10:34:15.724,2021-05-07 10:34:17.704,0.021,2,2,0.99911594,5.135286e-06,7.448077e-06,0.99911594,0.0008713866
511,116,standing,2021-05-07 10:34:26.044,2021-05-07 10:34:28.024,0.021,2,2,0.9998472,3.7286393e-06,2.2560346e-06,0.9998472,0.00014699926
511,116,standing,2021-05-07 10:34:27.044,2021-05-07 10:34:29.024,0.021,2,2,0.99981856,3.927932e-06,2.587472e-06,0.99981856,0.00017491473
511,116,standing,2021-05-07 10:34:28.044,2021-05-07 10:34:30.024,0.021,2,2,0.99970603,3.4062602e-06,2.9597943e-06,0.99970603,0.0002875557
511,116,standing,2021-05-07 10:34:29.044,2021-05-07 10:34:31.024,0.021,2,2,0.9997752,3.0571532e-06,2.6526732e-06,0.9997752,0.00021916669
511,116,standing,2021-05-07 10:34:30.044,2021-05-07 10:34:32.023,0.021,2,2,0.9998517,4.0252808e-06,2.717824e-06,0.9998517,0.00014162726
511,116,standing,2021-05-07 10:34:31.044,2021-05-07 10:34:33.023,0.021,2,2,0.9998879,3.7126852e-06,2.2866188e-06,0.9998879,0.00010603579
511,116,standing,2021-05-07 10:34:32.043,2021-05-07 10:34:34.023,0.021,2,2,0.9998928,3.7412585e-06,2.193637e-06,0.9998928,0.000101161546
511,116,standing,2021-05-07 10:34:33.043,2021-05-07 10:34:35.023,0.021,2,2,0.99989766,3.62281e-06,1.9761112e-06,0.99989766,9.663763e-05
511,116,standing,2021-05-07 10:34:34.043,2021-05-07 10:34:36.023,0.021,2,2,0.99984384,3.9133147e-06,2.3523805e-06,0.99984384,0.00014993266
511,119,walking,2021-05-07 10:34:39.844,2021-05-07 10:34:41.824,0.021,3,3,0.9999991,7.664417e-10,5.395593e-07,2.3896717e-07,0.9999991
511,119,walking,2021-05-07 10:34:40.844,2021-05-07 10:34:42.824,0.021,3,3,0.9999942,5.988183e-10,8.3269796e-08,5.596813e-06,0.9999942
511,119,walking,2021-05-07 10:34:41.844,2021-05-07 10:34:43.824,0.021,3,3,0.99999565,1.7625601e-09,1.5721196e-07,4.136538e-06,0.99999565
511,119,walking,2021-05-07 10:34:42.844,2021-05-07 10:34:44.824,0.021,3,3,0.99979615,2.4913211e-08,1.7346854e-06,0.00020206897,0.99979615
511,120,standing,2021-05-07 10:34:45.484,2021-05-07 10:34:47.464,0.021,2,2,0.9963941,4.868614e-08,1.5384488e-06,0.9963941,0.0036043783
511,120,standing,2021-05-07 10:34:46.484,2021-05-07 10:34:48.464,0.021,2,2,0.99570674,2.4803029e-08,5.780889e-07,0.99570674,0.0042926585
511,124,standing,2021-05-07 10:34:52.444,2021-05-07 10:34:54.423,0.021,2,2,0.99863636,9.547655e-07,1.2733541e-06,0.99863636,0.0013612761
511,124,standing,2021-05-07 10:34:53.444,2021-05-07 10:34:55.423,0.021,2,2,0.99968785,5.108638e-07,4.7227394e-07,0.99968785,0.00031124905
511,124,standing,2021-05-07 10:34:54.444,2021-05-07 10:34:56.423,0.021,2,2,0.99979544,6.248694e-07,5.6007804e-07,0.99979544,0.00020340987
511,124,standing,2021-05-07 10:34:55.444,2021-05-07 10:34:57.423,0.021,2,2,0.9998126,1.1303533e-06,1.2349792e-06,0.9998126,0.00018495828
511,125,walking,2021-05-07 10:34:57.683,2021-05-07 10:34:59.664,0.021,3,3,0.99999315,2.7007507e-10,1.2492804e-07,6.638087e-06,0.99999315
511,125,walking,2021-05-07 10:34:58.683,2021-05-07 10:35:00.664,0.021,3,3,0.999898,2.1589759e-10,1.5021813e-08,0.00010189222,0.999898
511,125,walking,2021-05-07 10:34:59.683,2021-05-07 10:35:01.664,0.021,3,3,0.9998565,1.7587612e-10,1.2922945e-08,0.00014359823,0.9998565
511,125,walking,2021-05-07 10:35:00.684,2021-05-07 10:35:02.664,0.021,3,3,0.9999551,2.0002167e-11,2.1320652e-10,4.477743e-05,0.9999551
511,125,walking,2021-05-07 10:35:01.684,2021-05-07 10:35:03.664,0.021,3,3,0.99998575,1.13885915e-11,1.6444685e-10,1.4179162e-05,0.99998575
511,125,walking,2021-05-07 10:35:02.684,2021-05-07 10:35:04.664,0.021,3,3,0.99997705,1.6459102e-10,1.07672165e-08,2.2933915e-05,0.99997705
511,125,walking,2021-05-07 10:35:03.684,2021-05-07 10:35:05.664,0.021,3,3,0.999934,1.4911748e-10,5.0625006e-09,6.591484e-05,0.999934
511,125,walking,2021-05-07 10:35:04.684,2021-05-07 10:35:06.664,0.021,3,3,0.9999737,1.2068596e-10,2.4468414e-09,2.6212929e-05,0.9999737
511,125,walking,2021-05-07 10:35:05.684,2021-05-07 10:35:07.664,0.021,3,3,0.99999124,4.921032e-11,1.7441524e-09,8.671397e-06,0.99999124
511,125,walking,2021-05-07 10:35:06.684,2021-05-07 10:35:08.663,0.021,3,3,0.9999978,1.6231103e-11,6.3248157e-10,2.148027e-06,0.9999978
511,125,walking,2021-05-07 10:35:07.684,2021-05-07 10:35:09.663,0.021,3,3,0.99999183,7.464199e-11,4.171878e-09,8.160391e-06,0.99999183
511,125,walking,2021-05-07 10:35:08.684,2021-05-07 10:35:10.663,0.021,3,3,0.9999674,3.334405e-11,4.706009e-10,3.2541055e-05,0.9999674
511,125,walking,2021-05-07 10:35:09.684,2021-05-07 10:35:11.663,0.021,3,3,0.9999729,6.9599874e-11,2.3383377e-09,2.7061662e-05,0.9999729
511,125,walking,2021-05-07 10:35:10.684,2021-05-07 10:35:12.663,0.021,3,3,0.9999381,6.257926e-10,3.948816e-08,6.178478e-05,0.9999381
511,125,walking,2021-05-07 10:35:11.684,2021-05-07 10:35:13.663,0.021,3,3,0.9999897,1.3552287e-10,1.05844995e-08,1.0281499e-05,0.9999897
511,125,walking,2021-05-07 10:35:12.684,2021-05-07 10:35:14.663,0.021,3,3,0.9999905,1.01768184e-10,2.3886113e-08,9.395944e-06,0.9999905
511,125,walking,2021-05-07 10:35:13.684,2021-05-07 10:35:15.663,0.021,3,3,0.99995035,1.1972161e-10,1.6558873e-08,4.958485e-05,0.99995035
511,125,walking,2021-05-07 10:35:14.684,2021-05-07 10:35:16.663,0.021,3,3,0.9999134,2.659489e-10,5.038557e-08,8.6455686e-05,0.9999134
511,125,walking,2021-05-07 10:35:15.684,2021-05-07 10:35:17.663,0.021,3,3,0.9998937,1.1446569e-09,5.246887e-08,0.00010616056,0.9998937
511,125,walking,2021-05-07 10:35:16.684,2021-05-07 10:35:18.663,0.021,3,3,0.9998586,5.4161375e-10,3.712417e-08,0.00014146464,0.9998586
511,125,walking,2021-05-07 10:35:17.684,2021-05-07 10:35:19.663,0.021,3,3,0.99996847,1.1939358e-10,7.2733766e-09,3.146561e-05,0.99996847
511,125,walking,2021-05-07 10:35:18.684,2021-05-07 10:35:20.663,0.021,3,3,0.9999866,5.5071073e-11,5.710164e-09,1.3309955e-05,0.9999866
511,125,walking,2021-05-07 10:35:19.684,2021-05-07 10:35:21.663,0.021,3,3,0.999975,3.3452166e-10,1.947238e-08,2.4886216e-05,0.999975
511,125,walking,2021-05-07 10:35:20.684,2021-05-07 10:35:22.663,0.021,3,3,0.9999897,1.3444976e-10,4.2632253e-09,1.0193465e-05,0.9999897
511,125,walking,2021-05-07 10:35:21.684,2021-05-07 10:35:23.663,0.021,3,3,0.9999952,2.1033338e-11,8.2296997e-10,4.7908616e-06,0.9999952
511,125,walking,2021-05-07 10:35:22.684,2021-05-07 10:35:24.663,0.021,3,3,0.99999493,1.1827788e-11,1.9461508e-09,5.041343e-06,0.99999493
511,125,walking,2021-05-07 10:35:23.684,2021-05-07 10:35:25.663,0.021,3,3,0.99995905,3.6666203e-10,5.9570716e-08,4.0789335e-05,0.99995905
511,125,walking,2021-05-07 10:35:24.684,2021-05-07 10:35:26.663,0.021,3,3,0.9999916,4.8465055e-11,1.7802547e-08,8.384037e-06,0.9999916
511,125,walking,2021-05-07 10:35:25.684,2021-05-07 10:35:27.663,0.021,3,3,0.99999875,5.8395094e-12,1.6184858e-09,1.2316074e-06,0.99999875
511,126,standing,2021-05-07 10:35:28.644,2021-05-07 10:35:30.624,0.021,2,2,0.9988078,3.1414822e-07,4.3855403e-07,0.9988078,0.0011915226
511,129,walking,2021-05-07 10:35:32.723,2021-05-07 10:35:34.703,0.021,3,3,0.9999979,1.2689366e-09,3.5897892e-07,1.6378931e-06,0.9999979
511,129,walking,2021-05-07 10:35:33.723,2021-05-07 10:35:35.703,0.021,3,3,0.9999972,1.9851594e-10,2.3834298e-08,2.7232245e-06,0.9999972
511,129,walking,2021-05-07 10:35:34.723,2021-05-07 10:35:36.703,0.021,3,3,0.9999961,5.384473e-11,4.314313e-09,3.818184e-06,0.9999961
511,129,walking,2021-05-07 10:35:35.723,2021-05-07 10:35:37.703,0.021,3,3,0.9999928,7.846838e-11,4.9016626e-09,7.0969463e-06,0.9999928
511,129,walking,2021-05-07 10:35:36.723,2021-05-07 10:35:38.703,0.021,3,3,0.9999642,7.996187e-11,2.8316318e-09,3.578908e-05,0.9999642
511,129,walking,2021-05-07 10:35:37.723,2021-05-07 10:35:39.703,0.021,3,3,0.9999744,3.0477627e-11,1.0155214e-09,2.5450767e-05,0.9999744
511,129,walking,2021-05-07 10:35:38.723,2021-05-07 10:35:40.703,0.021,3,3,0.9999545,7.431277e-11,4.0235544e-09,4.5460645e-05,0.9999545
511,129,walking,2021-05-07 10:35:39.723,2021-05-07 10:35:41.703,0.021,3,3,0.99995273,6.555015e-11,9.2587795e-09,4.7225003e-05,0.99995273
511,129,walking,2021-05-07 10:35:40.723,2021-05-07 10:35:42.703,0.021,3,3,0.9999785,2.548674e-11,4.1521515e-09,2.1472964e-05,0.9999785
511,129,walking,2021-05-07 10:35:41.723,2021-05-07 10:35:43.703,0.021,3,3,0.99996024,4.740268e-11,3.2895024e-09,3.9659535e-05,0.99996024
511,129,walking,2021-05-07 10:35:42.723,2021-05-07 10:35:44.703,0.021,3,3,0.9999816,2.7678346e-11,3.993006e-09,1.8341283e-05,0.9999816
511,129,walking,2021-05-07 10:35:43.723,2021-05-07 10:35:45.703,0.021,3,3,0.9999835,4.4848052e-11,5.1574967e-09,1.6390984e-05,0.9999835
511,129,walking,2021-05-07 10:35:44.723,2021-05-07 10:35:46.703,0.021,3,3,0.9999588,4.9316214e-11,3.9710795e-09,4.1075342e-05,0.9999588
511,129,walking,2021-05-07 10:35:45.723,2021-05-07 10:35:47.703,0.021,3,3,0.9999183,7.7195715e-11,3.379324e-09,8.1635466e-05,0.9999183
511,129,walking,2021-05-07 10:35:46.723,2021-05-07 10:35:48.703,0.021,3,3,0.99994797,3.441135e-11,1.714001e-09,5.1928633e-05,0.99994797
511,129,walking,2021-05-07 10:35:47.723,2021-05-07 10:35:49.703,0.021,3,3,0.9999482,4.485622e-11,3.0388805e-09,5.1756495e-05,0.9999482
511,129,walking,2021-05-07 10:35:48.723,2021-05-07 10:35:50.703,0.021,3,3,0.99994963,7.841533e-11,1.0255856e-08,5.0328978e-05,0.99994963
511,129,walking,2021-05-07 10:35:49.723,2021-05-07 10:35:51.703,0.021,3,3,0.9998369,3.8553147e-10,2.6574224e-08,0.00016298828,0.9998369
511,129,walking,2021-05-07 10:35:50.723,2021-05-07 10:35:52.703,0.021,3,3,0.9995426,2.5048663e-09,9.45026e-08,0.00045738916,0.9995426
511,129,walking,2021-05-07 10:35:51.723,2021-05-07 10:35:53.703,0.021,3,3,0.99972856,1.3741316e-09,9.4194974e-08,0.0002712668,0.99972856
511,129,walking,2021-05-07 10:35:52.723,2021-05-07 10:35:54.703,0.021,3,3,0.99970186,3.1472491e-09,1.3934331e-07,0.00029789846,0.99970186
511,129,walking,2021-05-07 10:35:53.723,2021-05-07 10:35:55.703,0.021,3,3,0.9999154,7.9903123e-10,1.5994821e-08,8.445359e-05,0.9999154
511,129,walking,2021-05-07 10:35:54.723,2021-05-07 10:35:56.703,0.021,3,3,0.99987507,2.289415e-10,3.9832173e-09,0.00012496351,0.99987507
511,129,walking,2021-05-07 10:35:55.723,2021-05-07 10:35:57.703,0.021,3,3,0.99999255,4.153233e-12,5.436384e-10,7.437392e-06,0.99999255
511,129,walking,2021-05-07 10:35:56.723,2021-05-07 10:35:58.703,0.021,3,3,0.99999243,1.3768695e-12,2.0262195e-10,7.4871928e-06,0.99999243
511,129,walking,2021-05-07 10:35:57.723,2021-05-07 10:35:59.703,0.021,3,3,0.9999853,7.025089e-12,8.030244e-10,1.4617409e-05,0.9999853
511,129,walking,2021-05-07 10:35:58.723,2021-05-07 10:36:00.704,0.021,3,3,0.999981,1.4269231e-11,1.6481164e-09,1.8947161e-05,0.999981
511,129,walking,2021-05-07 10:35:59.723,2021-05-07 10:36:01.704,0.021,3,3,0.9999334,1.0251102e-10,5.817271e-09,6.65562e-05,0.9999334
511,129,walking,2021-05-07 10:36:00.724,2021-05-07 10:36:02.704,0.021,3,3,0.9999706,5.2453018e-11,5.949507e-09,2.9366098e-05,0.9999706
511,129,walking,2021-05-07 10:36:01.724,2021-05-07 10:36:03.704,0.021,3,3,0.9999823,8.406771e-11,4.942308e-09,1.7641192e-05,0.9999823
511,129,walking,2021-05-07 10:36:02.724,2021-05-07 10:36:04.704,0.021,3,3,0.99997765,1.771506e-10,1.6625597e-08,2.2276456e-05,0.99997765
511,129,walking,2021-05-07 10:36:03.724,2021-05-07 10:36:05.704,0.021,3,3,0.99998623,3.152397e-10,3.9332804e-08,1.36675835e-05,0.99998623
511,129,walking,2021-05-07 10:36:04.724,2021-05-07 10:36:06.704,0.021,3,3,0.9999897,1.7432242e-10,9.156977e-09,1.0290121e-05,0.9999897
511,129,walking,2021-05-07 10:36:05.724,2021-05-07 10:36:07.704,0.021,3,3,0.999958,3.3494243e-10,1.3324857e-08,4.1918414e-05,0.999958
511,129,walking,2021-05-07 10:36:06.724,2021-05-07 10:36:08.704,0.021,3,3,0.9999872,1.6727969e-10,1.6468643e-08,1.2697257e-05,0.9999872
511,129,walking,2021-05-07 10:36:07.724,2021-05-07 10:36:09.704,0.021,3,3,0.9999892,1.6548575e-10,1.0225653e-08,1.0747472e-05,0.9999892
511,129,walking,2021-05-07 10:36:08.724,2021-05-07 10:36:10.704,0.021,3,3,0.99995416,1.0448925e-09,4.3480032e-08,4.5691162e-05,0.99995416
511,129,walking,2021-05-07 10:36:09.724,2021-05-07 10:36:11.704,0.021,3,3,0.99985194,1.243998e-09,4.9685067e-08,0.00014804979,0.99985194
511,129,walking,2021-05-07 10:36:10.724,2021-05-07 10:36:12.704,0.021,3,3,0.999927,2.0186038e-10,9.343018e-09,7.296753e-05,0.999927
511,129,walking,2021-05-07 10:36:11.724,2021-05-07 10:36:13.704,0.021,3,3,0.9999407,2.0490752e-10,7.921186e-09,5.9239206e-05,0.9999407
511,129,walking,2021-05-07 10:36:12.724,2021-05-07 10:36:14.704,0.021,3,3,0.99989706,4.5348236e-10,1.2869133e-08,0.00010283308,0.99989706
511,129,walking,2021-05-07 10:36:13.724,2021-05-07 10:36:15.704,0.021,3,3,0.9999686,1.4671497e-10,6.1754966e-09,3.136537e-05,0.9999686
511,129,walking,2021-05-07 10:36:14.724,2021-05-07 10:36:16.704,0.021,3,3,0.9999755,5.503392e-11,1.5943383e-09,2.4379717e-05,0.9999755
511,129,walking,2021-05-07 10:36:15.724,2021-05-07 10:36:17.704,0.021,3,3,0.9999935,4.2030456e-11,1.4725025e-09,6.4011388e-06,0.9999935
511,129,walking,2021-05-07 10:36:16.723,2021-05-07 10:36:18.704,0.021,3,3,0.99996847,6.7999e-10,1.8599346e-08,3.145052e-05,0.99996847
511,129,walking,2021-05-07 10:36:17.723,2021-05-07 10:36:19.704,0.021,3,3,0.9999047,4.6401682e-10,1.27081945e-08,9.52026e-05,0.9999047
511,129,walking,2021-05-07 10:36:18.723,2021-05-07 10:36:20.704,0.021,3,3,0.9999983,5.5522073e-11,5.0721916e-09,1.6862878e-06,0.9999983
511,129,walking,2021-05-07 10:36:19.723,2021-05-07 10:36:21.704,0.021,3,3,0.9999961,2.6384123e-10,1.3006533e-08,3.836112e-06,0.9999961
511,129,walking,2021-05-07 10:36:20.723,2021-05-07 10:36:22.704,0.021,3,3,0.9999866,3.1862114e-11,1.4093913e-09,1.3384061e-05,0.9999866
511,129,walking,2021-05-07 10:36:21.723,2021-05-07 10:36:23.704,0.021,3,3,0.9999787,3.816728e-11,1.4395316e-09,2.1171736e-05,0.9999787
511,129,walking,2021-05-07 10:36:22.723,2021-05-07 10:36:24.704,0.021,3,3,0.9999812,1.4096922e-10,6.860791e-09,1.8703668e-05,0.9999812
511,129,walking,2021-05-07 10:36:23.723,2021-05-07 10:36:25.704,0.021,3,3,0.99999076,1.0616811e-10,2.7286086e-08,9.204893e-06,0.99999076
511,129,walking,2021-05-07 10:36:24.723,2021-05-07 10:36:26.704,0.021,3,3,0.9999853,1.5295533e-10,3.4616765e-08,1.4606038e-05,0.9999853
511,129,walking,2021-05-07 10:36:25.723,2021-05-07 10:36:27.704,0.021,3,3,0.9999371,1.3931649e-10,1.5612427e-08,6.285305e-05,0.9999371
511,129,walking,2021-05-07 10:36:26.723,2021-05-07 10:36:28.704,0.021,3,3,0.9998474,3.7760656e-10,2.3723835e-08,0.00015255173,0.9998474
511,129,walking,2021-05-07 10:36:27.723,2021-05-07 10:36:29.704,0.021,3,3,0.9998703,3.8153697e-10,2.6752653e-08,0.00012981096,0.9998703
511,129,walking,2021-05-07 10:36:28.723,2021-05-07 10:36:30.704,0.021,3,3,0.99990886,2.929881e-10,4.2135483e-08,9.104456e-05,0.99990886
511,129,walking,2021-05-07 10:36:29.723,2021-05-07 10:36:31.704,0.021,3,3,0.99999136,1.524046e-11,6.8367463e-09,8.518329e-06,0.99999136
511,129,walking,2021-05-07 10:36:30.723,2021-05-07 10:36:32.703,0.021,3,3,0.99998266,9.286426e-11,1.4826327e-08,1.7226594e-05,0.99998266
511,129,walking,2021-05-07 10:36:31.723,2021-05-07 10:36:33.703,0.021,3,3,0.99989194,3.2202707e-10,2.6189133e-08,0.000107954285,0.99989194
511,129,walking,2021-05-07 10:36:32.723,2021-05-07 10:36:34.703,0.021,3,3,0.9999462,2.0520512e-10,2.8750378e-08,5.373561e-05,0.9999462
511,129,walking,2021-05-07 10:36:33.723,2021-05-07 10:36:35.703,0.021,3,3,0.9999042,4.886236e-10,1.4667405e-08,9.573016e-05,0.9999042
511,129,walking,2021-05-07 10:36:34.723,2021-05-07 10:36:36.703,0.021,3,3,0.99981403,9.2544894e-10,1.531044e-08,0.00018585783,0.99981403
511,129,walking,2021-05-07 10:36:35.723,2021-05-07 10:36:37.703,0.021,3,3,0.9998243,3.0766953e-10,7.675397e-09,0.0001758098,0.9998243
511,129,walking,2021-05-07 10:36:36.723,2021-05-07 10:36:38.703,0.021,3,3,0.99993557,4.2357003e-11,4.343171e-09,6.430941e-05,0.99993557
511,129,walking,2021-05-07 10:36:37.723,2021-05-07 10:36:39.703,0.021,3,3,0.9999601,3.3412755e-11,6.5361436e-09,3.979395e-05,0.9999601
511,129,walking,2021-05-07 10:36:38.723,2021-05-07 10:36:40.703,0.021,3,3,0.99997956,2.1789676e-11,7.663219e-09,2.0368834e-05,0.99997956
511,129,walking,2021-05-07 10:36:39.723,2021-05-07 10:36:41.703,0.021,3,3,0.9999787,3.5966074e-11,7.1796142e-09,2.1244123e-05,0.9999787
511,129,walking,2021-05-07 10:36:40.723,2021-05-07 10:36:42.703,0.021,3,3,0.9999941,2.2521596e-11,5.8949188e-09,5.7944717e-06,0.9999941
511,129,walking,2021-05-07 10:36:41.723,2021-05-07 10:36:43.703,0.021,3,3,0.9999792,1.8778792e-10,1.8796012e-08,2.0742182e-05,0.9999792
511,129,walking,2021-05-07 10:36:42.723,2021-05-07 10:36:44.703,0.021,3,3,0.99991065,2.2946202e-10,6.2894903e-09,8.9299676e-05,0.99991065
511,129,walking,2021-05-07 10:36:43.723,2021-05-07 10:36:45.703,0.021,3,3,0.99998826,6.888263e-11,1.6899857e-09,1.1677757e-05,0.99998826
511,129,walking,2021-05-07 10:36:44.723,2021-05-07 10:36:46.703,0.021,3,3,0.9999986,2.9826033e-12,3.0195607e-10,1.3413759e-06,0.9999986
511,129,walking,2021-05-07 10:36:45.723,2021-05-07 10:36:47.703,0.021,3,3,0.99999505,3.6000478e-12,2.4675986e-10,4.937234e-06,0.99999505
511,129,walking,2021-05-07 10:36:46.723,2021-05-07 10:36:48.703,0.021,3,3,0.9999588,1.972627e-11,8.8178354e-10,4.1135278e-05,0.9999588
511,129,walking,2021-05-07 10:36:47.723,2021-05-07 10:36:49.703,0.021,3,3,0.9999643,4.1216232e-11,3.0200977e-09,3.563293e-05,0.9999643
511,129,walking,2021-05-07 10:36:48.723,2021-05-07 10:36:50.703,0.021,3,3,0.9999892,1.9717915e-11,2.912488e-09,1.0678224e-05,0.9999892
511,129,walking,2021-05-07 10:36:49.723,2021-05-07 10:36:51.703,0.021,3,3,0.99998695,1.7761024e-11,1.2987715e-09,1.302991e-05,0.99998695
511,129,walking,2021-05-07 10:36:50.723,2021-05-07 10:36:52.703,0.021,3,3,0.99998075,5.5558072e-11,5.4666636e-09,1.9236044e-05,0.99998075
511,129,walking,2021-05-07 10:36:51.723,2021-05-07 10:36:53.703,0.021,3,3,0.9999687,4.020723e-11,4.524662e-09,3.1256084e-05,0.9999687
511,129,walking,2021-05-07 10:36:52.723,2021-05-07 10:36:54.703,0.021,3,3,0.999999,2.2980106e-11,3.6144956e-09,9.373393e-07,0.999999
511,129,walking,2021-05-07 10:36:53.723,2021-05-07 10:36:55.703,0.021,3,3,0.99999803,4.945551e-10,2.5274866e-07,1.6710949e-06,0.99999803
511,129,walking,2021-05-07 10:36:54.723,2021-05-07 10:36:56.703,0.021,3,3,0.9998954,3.96438e-09,4.0197764e-07,0.00010410065,0.9998954
511,129,walking,2021-05-07 10:36:55.723,2021-05-07 10:36:57.703,0.021,3,3,0.99995404,1.7610989e-09,1.05423005e-07,4.5827182e-05,0.99995404
511,133,walking,2021-05-07 10:37:00.084,2021-05-07 10:37:02.063,0.021,3,3,0.99999946,1.3172287e-10,3.6289784e-08,4.5167e-07,0.99999946
511,133,walking,2021-05-07 10:37:01.084,2021-05-07 10:37:03.063,0.021,3,3,0.99996394,1.5546571e-09,1.2494607e-07,3.585948e-05,0.99996394
511,133,walking,2021-05-07 10:37:02.084,2021-05-07 10:37:04.064,0.021,3,3,0.99998707,9.50464e-11,1.341043e-08,1.2840447e-05,0.99998707
511,133,walking,2021-05-07 10:37:03.084,2021-05-07 10:37:05.064,0.021,3,3,0.99990004,3.7641615e-10,3.133163e-08,9.986754e-05,0.99990004
511,133,walking,2021-05-07 10:37:04.084,2021-05-07 10:37:06.064,0.021,3,3,0.9998781,3.7430878e-10,2.0568036e-08,0.000121778656,0.9998781
511,133,walking,2021-05-07 10:37:05.084,2021-05-07 10:37:07.064,0.021,3,3,0.9999625,9.634893e-11,1.1033983e-08,3.744327e-05,0.9999625
511,133,walking,2021-05-07 10:37:06.084,2021-05-07 10:37:08.064,0.021,3,3,0.99997765,4.5968455e-11,1.4674835e-08,2.2240814e-05,0.99997765
511,133,walking,2021-05-07 10:37:07.084,2021-05-07 10:37:09.064,0.021,3,3,0.99997514,8.724822e-11,1.1178828e-08,2.4802535e-05,0.99997514
511,133,walking,2021-05-07 10:37:08.083,2021-05-07 10:37:10.064,0.021,3,3,0.9999648,1.3277973e-10,1.2225606e-08,3.5100555e-05,0.9999648
511,133,walking,2021-05-07 10:37:09.083,2021-05-07 10:37:11.064,0.021,3,3,0.999932,8.927393e-10,3.3602507e-08,6.7861045e-05,0.999932
511,133,walking,2021-05-07 10:37:10.083,2021-05-07 10:37:12.064,0.021,3,3,0.999976,2.3126977e-10,8.1832e-09,2.3916002e-05,0.999976
511,133,walking,2021-05-07 10:37:11.083,2021-05-07 10:37:13.064,0.021,3,3,0.9999961,1.9265178e-11,2.4777898e-09,3.829934e-06,0.9999961
511,133,walking,2021-05-07 10:37:12.083,2021-05-07 10:37:14.064,0.021,3,3,0.9999936,2.4128607e-11,2.814667e-09,6.362201e-06,0.9999936
511,133,walking,2021-05-07 10:37:13.083,2021-05-07 10:37:15.064,0.021,3,3,0.9999816,5.4739765e-11,8.8008845e-09,1.836549e-05,0.9999816
511,133,walking,2021-05-07 10:37:14.083,2021-05-07 10:37:16.063,0.021,3,3,0.9999036,1.1139946e-09,1.0355516e-07,9.625135e-05,0.9999036
511,133,walking,2021-05-07 10:37:15.083,2021-05-07 10:37:17.063,0.021,3,3,0.99990636,1.1696727e-09,2.904604e-08,9.3598595e-05,0.99990636
511,134,standing,2021-05-07 10:37:17.323,2021-05-07 10:37:19.304,0.021,2,2,0.99953306,1.3048493e-06,1.9682675e-06,0.99953306,0.00046370915
511,134,standing,2021-05-07 10:37:18.323,2021-05-07 10:37:20.304,0.021,2,2,0.99920624,5.6552008e-06,8.146914e-06,0.99920624,0.0007799951
511,134,standing,2021-05-07 10:37:19.323,2021-05-07 10:37:21.304,0.021,2,2,0.99937797,7.226914e-06,8.604194e-06,0.99937797,0.0006061074
511,134,standing,2021-05-07 10:37:20.323,2021-05-07 10:37:22.304,0.021,2,2,0.999709,4.933459e-06,4.3192304e-06,0.999709,0.00028161416
511,134,standing,2021-05-07 10:37:21.323,2021-05-07 10:37:23.304,0.021,2,2,0.9996645,5.022452e-06,4.670047e-06,0.9996645,0.00032587294
511,134,standing,2021-05-07 10:37:22.323,2021-05-07 10:37:24.304,0.021,2,2,0.9992022,6.33904e-06,7.751607e-06,0.9992022,0.0007836659
511,135,walking,2021-05-07 10:37:24.323,2021-05-07 10:37:26.304,0.021,3,3,0.99998075,3.0049654e-10,1.1830238e-07,1.9017232e-05,0.99998075
511,135,walking,2021-05-07 10:37:25.323,2021-05-07 10:37:27.304,0.021,3,3,0.9999977,7.1575385e-11,2.5435256e-08,2.245313e-06,0.9999977
511,135,walking,2021-05-07 10:37:26.323,2021-05-07 10:37:28.304,0.021,3,3,0.9999965,1.002529e-11,9.018202e-09,3.3898066e-06,0.9999965
511,135,walking,2021-05-07 10:37:27.323,2021-05-07 10:37:29.304,0.021,3,3,0.99999183,4.1745062e-12,1.0782106e-09,8.127429e-06,0.99999183
511,135,walking,2021-05-07 10:37:28.323,2021-05-07 10:37:30.304,0.021,3,3,0.99999243,4.6413142e-12,2.2186124e-09,7.488121e-06,0.99999243
511,135,walking,2021-05-07 10:37:29.323,2021-05-07 10:37:31.304,0.021,3,3,0.9999867,6.9331966e-12,8.168582e-09,1.3259671e-05,0.9999867
511,135,walking,2021-05-07 10:37:30.323,2021-05-07 10:37:32.304,0.021,3,3,0.99997705,1.3377779e-11,3.8972797e-08,2.286146e-05,0.99997705
511,135,walking,2021-05-07 10:37:31.323,2021-05-07 10:37:33.304,0.021,3,3,0.99996644,1.27982356e-11,8.750459e-08,3.3439654e-05,0.99996644
511,135,walking,2021-05-07 10:37:32.324,2021-05-07 10:37:34.304,0.021,3,3,0.9999824,9.343801e-13,4.0122785e-09,1.7488908e-05,0.9999824
511,135,walking,2021-05-07 10:37:33.324,2021-05-07 10:37:35.304,0.021,3,3,0.99996656,2.3831885e-12,8.827265e-09,3.3384404e-05,0.99996656
511,135,walking,2021-05-07 10:37:34.324,2021-05-07 10:37:36.304,0.021,3,3,0.9999333,3.028255e-11,6.78754e-08,6.659175e-05,0.9999333
511,135,walking,2021-05-07 10:37:35.324,2021-05-07 10:37:37.304,0.021,3,3,0.99995905,5.0085963e-11,4.5739665e-08,4.0848543e-05,0.99995905
511,135,walking,2021-05-07 10:37:36.324,2021-05-07 10:37:38.304,0.021,3,3,0.9999245,5.0901866e-11,5.0705623e-08,7.5443706e-05,0.9999245
511,135,walking,2021-05-07 10:37:37.324,2021-05-07 10:37:39.304,0.021,3,3,0.99992114,1.8584854e-11,1.7975196e-08,7.8807665e-05,0.99992114
511,135,walking,2021-05-07 10:37:38.324,2021-05-07 10:37:40.304,0.021,3,3,0.99994594,2.2083451e-11,3.2719612e-08,5.3917727e-05,0.99994594
511,135,walking,2021-05-07 10:37:39.324,2021-05-07 10:37:41.304,0.021,3,3,0.99983144,1.6181247e-10,2.0637229e-07,0.00016845585,0.99983144
511,135,walking,2021-05-07 10:37:40.324,2021-05-07 10:37:42.304,0.021,3,3,0.9997883,1.2178498e-10,1.5209842e-07,0.00021152158,0.9997883
511,135,walking,2021-05-07 10:37:41.324,2021-05-07 10:37:43.304,0.021,3,3,0.9998193,5.166115e-11,1.1614435e-07,0.00018053525,0.9998193
511,135,walking,2021-05-07 10:37:42.324,2021-05-07 10:37:44.304,0.021,3,3,0.9999568,1.4114139e-11,2.3893735e-08,4.308219e-05,0.9999568
511,135,walking,2021-05-07 10:37:43.324,2021-05-07 10:37:45.304,0.021,3,3,0.9999185,9.913826e-12,2.987449e-08,8.1405204e-05,0.9999185
511,135,walking,2021-05-07 10:37:44.324,2021-05-07 10:37:46.304,0.021,3,3,0.99964947,3.7275624e-11,9.1934275e-08,0.00035043622,0.99964947
511,135,walking,2021-05-07 10:37:45.324,2021-05-07 10:37:47.304,0.021,3,3,0.99989074,5.0071843e-11,6.9833874e-08,0.000109111745,0.99989074
511,135,walking,2021-05-07 10:37:46.324,2021-05-07 10:37:48.304,0.021,3,3,0.99997646,3.987182e-11,2.1529583e-08,2.3501732e-05,0.99997646
511,135,walking,2021-05-07 10:37:47.324,2021-05-07 10:37:49.304,0.021,3,3,0.9999928,3.860165e-12,2.623651e-09,7.1144027e-06,0.9999928
511,135,walking,2021-05-07 10:37:48.324,2021-05-07 10:37:50.304,0.021,3,3,0.999953,1.6700832e-11,2.748474e-08,4.6962505e-05,0.999953
511,135,walking,2021-05-07 10:37:49.324,2021-05-07 10:37:51.304,0.021,3,3,0.9999079,1.606987e-11,5.257621e-08,9.193924e-05,0.9999079
511,135,walking,2021-05-07 10:37:50.324,2021-05-07 10:37:52.304,0.021,3,3,0.99995667,1.1545557e-11,2.6525903e-08,4.3249485e-05,0.99995667
511,135,walking,2021-05-07 10:37:51.324,2021-05-07 10:37:53.304,0.021,3,3,0.9997573,1.1814476e-10,2.489938e-07,0.0002424671,0.9997573
511,135,walking,2021-05-07 10:37:52.324,2021-05-07 10:37:54.304,0.021,3,3,0.9998553,5.4260017e-11,8.5674834e-08,0.00014457478,0.9998553
511,135,walking,2021-05-07 10:37:53.324,2021-05-07 10:37:55.304,0.021,3,3,0.999983,3.14273e-12,3.3590104e-09,1.6893277e-05,0.999983
511,135,walking,2021-05-07 10:37:54.324,2021-05-07 10:37:56.304,0.021,3,3,0.99997836,4.3317676e-12,1.745129e-08,2.1570288e-05,0.99997836
511,135,walking,2021-05-07 10:37:55.324,2021-05-07 10:37:57.304,0.021,3,3,0.9999834,2.1077255e-12,1.7173251e-08,1.656842e-05,0.9999834
511,135,walking,2021-05-07 10:37:56.324,2021-05-07 10:37:58.304,0.021,3,3,0.99996644,3.0328398e-12,1.0055088e-08,3.347727e-05,0.99996644
511,135,walking,2021-05-07 10:37:57.324,2021-05-07 10:37:59.304,0.021,3,3,0.99994904,5.899661e-12,9.938396e-09,5.0936927e-05,0.99994904
511,135,walking,2021-05-07 10:37:58.324,2021-05-07 10:38:00.303,0.021,3,3,0.9999457,9.38687e-12,1.4988387e-08,5.4259708e-05,0.9999457
511,135,walking,2021-05-07 10:37:59.324,2021-05-07 10:38:01.303,0.021,3,3,0.9999575,1.07511465e-11,2.331378e-08,4.2377866e-05,0.9999575
511,135,walking,2021-05-07 10:38:00.323,2021-05-07 10:38:02.303,0.021,3,3,0.9999643,1.1464627e-11,1.5643137e-08,3.5649755e-05,0.9999643
511,135,walking,2021-05-07 10:38:01.323,2021-05-07 10:38:03.303,0.021,3,3,0.9999693,1.4700715e-11,1.8144853e-08,3.0585736e-05,0.9999693
511,135,walking,2021-05-07 10:38:02.323,2021-05-07 10:38:04.303,0.021,3,3,0.9999835,5.6648283e-11,2.6898443e-08,1.6382077e-05,0.9999835
511,135,walking,2021-05-07 10:38:03.323,2021-05-07 10:38:05.303,0.021,3,3,0.99999386,1.2389587e-11,9.9606465e-09,6.04189e-06,0.99999386
511,135,walking,2021-05-07 10:38:04.323,2021-05-07 10:38:06.303,0.021,3,3,0.9999947,9.421406e-13,3.929388e-10,5.2309892e-06,0.9999947
511,135,walking,2021-05-07 10:38:05.323,2021-05-07 10:38:07.303,0.021,3,3,0.9999872,3.444801e-12,7.962359e-10,1.2752254e-05,0.9999872
511,135,walking,2021-05-07 10:38:06.323,2021-05-07 10:38:08.303,0.021,3,3,0.9999736,6.5925924e-11,2.1268187e-08,2.6368074e-05,0.9999736
511,135,walking,2021-05-07 10:38:07.323,2021-05-07 10:38:09.303,0.021,3,3,0.9999495,3.8089514e-11,6.9616637e-09,5.035768e-05,0.9999495
511,135,walking,2021-05-07 10:38:08.323,2021-05-07 10:38:10.303,0.021,3,3,0.9999612,1.8479168e-11,8.4762974e-10,3.870101e-05,0.9999612
511,135,walking,2021-05-07 10:38:09.323,2021-05-07 10:38:11.303,0.021,3,3,0.9999897,3.314048e-12,2.0287817e-10,1.0247913e-05,0.9999897
511,135,walking,2021-05-07 10:38:10.323,2021-05-07 10:38:12.303,0.021,3,3,0.9999966,8.053654e-13,1.2829424e-10,3.3730864e-06,0.9999966
511,135,walking,2021-05-07 10:38:11.323,2021-05-07 10:38:13.303,0.021,3,3,0.9999899,5.428148e-12,9.367263e-10,9.977079e-06,0.9999899
511,135,walking,2021-05-07 10:38:12.323,2021-05-07 10:38:14.303,0.021,3,3,0.9999891,4.690674e-12,7.0738365e-10,1.0792777e-05,0.9999891
511,135,walking,2021-05-07 10:38:13.323,2021-05-07 10:38:15.303,0.021,3,3,0.9999922,9.7342395e-12,5.0441223e-10,7.784401e-06,0.9999922
511,135,walking,2021-05-07 10:38:14.323,2021-05-07 10:38:16.304,0.021,3,3,0.99998754,3.1224964e-11,1.008674e-09,1.2397147e-05,0.99998754
511,135,walking,2021-05-07 10:38:15.323,2021-05-07 10:38:17.304,0.021,3,3,0.99995476,2.4672453e-10,3.4638803e-09,4.5229255e-05,0.99995476
511,135,walking,2021-05-07 10:38:16.323,2021-05-07 10:38:18.304,0.021,3,3,0.9999861,1.3899842e-10,1.0212401e-09,1.3856836e-05,0.9999861
511,135,walking,2021-05-07 10:38:17.323,2021-05-07 10:38:19.304,0.021,3,3,0.999991,1.6389338e-11,3.3402714e-10,8.970398e-06,0.999991
511,135,walking,2021-05-07 10:38:18.323,2021-05-07 10:38:20.304,0.021,3,3,0.9999948,1.0549569e-11,8.3426666e-10,5.106599e-06,0.9999948
511,135,walking,2021-05-07 10:38:19.323,2021-05-07 10:38:21.304,0.021,3,3,0.9999983,1.5396646e-11,2.3595579e-09,1.6418269e-06,0.9999983
511,135,walking,2021-05-07 10:38:20.323,2021-05-07 10:38:22.304,0.021,3,3,0.99999577,2.28412e-11,8.043532e-09,4.1657545e-06,0.99999577
511,135,walking,2021-05-07 10:38:21.323,2021-05-07 10:38:23.304,0.021,3,3,0.99996024,2.0254472e-10,1.8294607e-08,3.9694194e-05,0.99996024
511,135,walking,2021-05-07 10:38:22.323,2021-05-07 10:38:24.304,0.021,3,3,0.999942,2.399685e-10,5.2461275e-09,5.791239e-05,0.999942
511,135,walking,2021-05-07 10:38:23.323,2021-05-07 10:38:25.304,0.021,3,3,0.99997884,5.572873e-11,2.799954e-09,2.1103222e-05,0.99997884
511,135,walking,2021-05-07 10:38:24.323,2021-05-07 10:38:26.304,0.021,3,3,0.99999493,1.1378492e-11,2.8221914e-09,4.988738e-06,0.99999493
511,135,walking,2021-05-07 10:38:25.323,2021-05-07 10:38:27.304,0.021,3,3,0.9999978,1.1002873e-11,4.4357025e-09,2.173621e-06,0.9999978
511,135,walking,2021-05-07 10:38:26.323,2021-05-07 10:38:28.304,0.021,3,3,0.9999985,2.9844592e-11,2.3225204e-09,1.4077715e-06,0.9999985
511,135,walking,2021-05-07 10:38:27.323,2021-05-07 10:38:29.304,0.021,3,3,0.99999195,2.372991e-10,6.3525767e-09,7.981245e-06,0.99999195
511,135,walking,2021-05-07 10:38:28.323,2021-05-07 10:38:30.304,0.021,3,3,0.99996275,3.5300435e-10,1.0586152e-08,3.7205224e-05,0.99996275
511,135,walking,2021-05-07 10:38:29.323,2021-05-07 10:38:31.304,0.021,3,3,0.9999829,1.1458877e-10,1.0530341e-08,1.7081295e-05,0.9999829
511,135,walking,2021-05-07 10:38:30.323,2021-05-07 10:38:32.304,0.021,3,3,0.99999374,5.321648e-11,1.6416722e-08,6.2252197e-06,0.99999374
511,135,walking,2021-05-07 10:38:31.323,2021-05-07 10:38:33.304,0.021,3,3,0.9999872,2.4151856e-10,3.403597e-08,1.2755222e-05,0.9999872
511,135,walking,2021-05-07 10:38:32.324,2021-05-07 10:38:34.304,0.021,3,3,0.9998812,1.2800428e-09,4.86256e-08,0.00011862677,0.9998812
511,135,walking,2021-05-07 10:38:33.324,2021-05-07 10:38:35.304,0.021,3,3,0.9998381,4.3475937e-10,1.8350836e-08,0.00016190033,0.9998381
511,135,walking,2021-05-07 10:38:34.324,2021-05-07 10:38:36.304,0.021,3,3,0.99998313,2.9966998e-11,1.035013e-09,1.677371e-05,0.99998313
511,135,walking,2021-05-07 10:38:35.324,2021-05-07 10:38:37.304,0.021,3,3,0.99998575,4.8436213e-11,3.8328154e-09,1.41669825e-05,0.99998575
511,135,walking,2021-05-07 10:38:36.324,2021-05-07 10:38:38.304,0.021,3,3,0.9999072,3.8806576e-09,2.593805e-07,9.2512106e-05,0.9999072
511,135,walking,2021-05-07 10:38:37.324,2021-05-07 10:38:39.304,0.021,3,3,0.9999258,1.7992352e-09,9.616782e-08,7.409439e-05,0.9999258
511,135,walking,2021-05-07 10:38:38.324,2021-05-07 10:38:40.304,0.021,3,3,0.9999899,9.068915e-11,9.141395e-09,9.966989e-06,0.9999899
511,135,walking,2021-05-07 10:38:39.324,2021-05-07 10:38:41.304,0.021,3,3,0.99997765,1.5743754e-10,1.33771945e-08,2.2312515e-05,0.99997765
511,135,walking,2021-05-07 10:38:40.324,2021-05-07 10:38:42.304,0.021,3,3,0.9999103,3.1720124e-10,1.6342906e-08,8.960829e-05,0.9999103
511,135,walking,2021-05-07 10:38:41.324,2021-05-07 10:38:43.304,0.021,3,3,0.99995524,2.6391045e-10,1.6028045e-08,4.4676428e-05,0.99995524
511,135,walking,2021-05-07 10:38:42.324,2021-05-07 10:38:44.304,0.021,3,3,0.99999267,2.0273179e-10,1.9942911e-08,7.2539938e-06,0.99999267
511,135,walking,2021-05-07 10:38:43.324,2021-05-07 10:38:45.304,0.021,3,3,0.99999446,6.6012773e-10,7.391889e-08,5.4080683e-06,0.99999446
511,135,walking,2021-05-07 10:38:44.324,2021-05-07 10:38:46.304,0.021,3,3,0.9999742,1.226727e-09,6.239541e-08,2.565507e-05,0.9999742
511,135,walking,2021-05-07 10:38:45.324,2021-05-07 10:38:47.304,0.021,3,3,0.99986744,1.6801754e-09,8.915715e-08,0.00013240584,0.99986744
511,135,walking,2021-05-07 10:38:46.324,2021-05-07 10:38:48.304,0.021,3,3,0.9999171,2.1284087e-10,9.489331e-09,8.279127e-05,0.9999171
511,135,walking,2021-05-07 10:38:47.324,2021-05-07 10:38:49.304,0.021,3,3,0.9996099,2.3733893e-09,2.1550157e-08,0.0003900461,0.9996099
511,135,walking,2021-05-07 10:38:48.324,2021-05-07 10:38:50.304,0.021,3,3,0.99965495,5.0051305e-09,2.613549e-07,0.00034469613,0.99965495
511,135,walking,2021-05-07 10:38:49.324,2021-05-07 10:38:51.304,0.021,3,3,0.99866164,1.697912e-08,1.4737712e-06,0.0013369082,0.99866164
511,135,walking,2021-05-07 10:38:50.324,2021-05-07 10:38:52.304,0.021,3,3,0.999563,1.7088448e-08,5.1648926e-06,0.00043185975,0.999563
511,135,walking,2021-05-07 10:38:51.324,2021-05-07 10:38:53.304,0.021,3,3,0.99986434,2.7285798e-09,1.446467e-06,0.00013428954,0.99986434
511,135,walking,2021-05-07 10:38:52.324,2021-05-07 10:38:54.304,0.021,3,3,0.9998379,3.5946643e-09,7.007251e-07,0.00016143928,0.9998379
511,135,walking,2021-05-07 10:38:53.324,2021-05-07 10:38:55.304,0.021,3,3,0.99997836,8.05229e-10,1.4986911e-07,2.1474232e-05,0.99997836
511,135,walking,2021-05-07 10:38:54.324,2021-05-07 10:38:56.304,0.021,3,3,0.99987197,2.9772966e-09,1.1515331e-07,0.00012788776,0.99987197
511,135,walking,2021-05-07 10:38:55.324,2021-05-07 10:38:57.304,0.021,3,3,0.999924,1.44553125e-08,8.6921295e-07,7.502409e-05,0.999924
511,135,walking,2021-05-07 10:38:56.324,2021-05-07 10:38:58.304,0.021,3,3,0.9996912,3.1462626e-08,1.1128699e-06,0.00030762714,0.9996912
511,137,walking,2021-05-07 10:39:00.604,2021-05-07 10:39:02.584,0.021,3,3,0.99998814,1.7523767e-09,7.786436e-07,1.10629435e-05,0.99998814
511,142,standing,2021-05-07 10:39:05.883,2021-05-07 10:39:07.864,0.021,2,2,0.9996814,1.24444846e-08,1.1941603e-06,0.9996814,0.00031748484
511,145,walking,2021-05-07 10:39:08.724,2021-05-07 10:39:10.704,0.021,3,3,0.9994759,5.0736535e-09,6.566291e-07,0.0005233284,0.9994759
511,145,walking,2021-05-07 10:39:09.724,2021-05-07 10:39:11.704,0.021,3,3,0.99990886,5.2476923e-10,4.9608254e-08,9.107434e-05,0.99990886
511,145,walking,2021-05-07 10:39:10.724,2021-05-07 10:39:12.704,0.021,3,3,0.99994344,1.2378054e-10,1.7447187e-08,5.6530862e-05,0.99994344
511,145,walking,2021-05-07 10:39:11.724,2021-05-07 10:39:13.704,0.021,3,3,0.9997046,1.8372504e-09,1.1966522e-07,0.00029516016,0.9997046
511,145,walking,2021-05-07 10:39:12.724,2021-05-07 10:39:14.704,0.021,3,3,0.9999463,7.528718e-10,9.139362e-08,5.3502747e-05,0.9999463
511,145,walking,2021-05-07 10:39:13.724,2021-05-07 10:39:15.704,0.021,3,3,0.99998087,4.0768225e-10,2.2284311e-08,1.9035924e-05,0.99998087
511,145,walking,2021-05-07 10:39:14.724,2021-05-07 10:39:16.704,0.021,3,3,0.9999774,1.467409e-10,1.8483973e-08,2.2464552e-05,0.9999774
511,145,walking,2021-05-07 10:39:15.724,2021-05-07 10:39:17.704,0.021,3,3,0.99981904,1.6348825e-09,1.578733e-07,0.00018084813,0.99981904
511,145,walking,2021-05-07 10:39:16.723,2021-05-07 10:39:18.704,0.021,3,3,0.999758,1.1754747e-09,4.0934008e-08,0.00024195561,0.999758
511,145,walking,2021-05-07 10:39:17.723,2021-05-07 10:39:19.704,0.021,3,3,0.99984217,1.4077558e-09,8.102455e-08,0.00015767211,0.99984217
511,145,walking,2021-05-07 10:39:18.723,2021-05-07 10:39:20.704,0.021,3,3,0.99996275,2.7628155e-10,1.8815717e-08,3.7154874e-05,0.99996275
511,145,walking,2021-05-07 10:39:19.723,2021-05-07 10:39:21.704,0.021,3,3,0.99996656,1.1635387e-10,1.1168928e-08,3.335131e-05,0.99996656
511,145,walking,2021-05-07 10:39:20.723,2021-05-07 10:39:22.704,0.021,3,3,0.9999568,1.1749723e-10,9.379829e-09,4.3116266e-05,0.9999568
511,145,walking,2021-05-07 10:39:21.723,2021-05-07 10:39:23.704,0.021,3,3,0.99997157,1.4066517e-10,1.8648993e-08,2.8351065e-05,0.99997157
511,145,walking,2021-05-07 10:39:22.723,2021-05-07 10:39:24.704,0.021,3,3,0.99992996,1.4133061e-09,1.4721253e-07,6.984405e-05,0.99992996
511,145,walking,2021-05-07 10:39:23.723,2021-05-07 10:39:25.704,0.021,3,3,0.99994725,4.270244e-10,3.71926e-08,5.270261e-05,0.99994725
511,145,walking,2021-05-07 10:39:24.723,2021-05-07 10:39:26.704,0.021,3,3,0.99993366,3.8387515e-10,2.2433627e-08,6.623967e-05,0.99993366
511,145,walking,2021-05-07 10:39:25.723,2021-05-07 10:39:27.704,0.021,3,3,0.9999693,3.5904887e-10,5.42067e-08,3.0594547e-05,0.9999693
511,145,walking,2021-05-07 10:39:26.723,2021-05-07 10:39:28.704,0.021,3,3,0.99995023,5.7489996e-10,4.8315815e-08,4.9718423e-05,0.99995023
511,145,walking,2021-05-07 10:39:27.723,2021-05-07 10:39:29.704,0.021,3,3,0.99995416,1.2541886e-10,6.640148e-09,4.5810364e-05,0.99995416
511,145,walking,2021-05-07 10:39:28.723,2021-05-07 10:39:30.704,0.021,3,3,0.99995154,3.1432337e-10,1.657365e-08,4.8338818e-05,0.99995154
511,145,walking,2021-05-07 10:39:29.723,2021-05-07 10:39:31.704,0.021,3,3,0.99983096,2.188283e-09,8.475688e-08,0.00016899999,0.99983096
511,145,walking,2021-05-07 10:39:30.723,2021-05-07 10:39:32.703,0.021,3,3,0.99990624,6.3951366e-10,3.410704e-08,9.369058e-05,0.99990624
511,145,walking,2021-05-07 10:39:31.723,2021-05-07 10:39:33.703,0.021,3,3,0.99994653,1.4661607e-10,6.053389e-09,5.3366904e-05,0.99994653
511,145,walking,2021-05-07 10:39:32.723,2021-05-07 10:39:34.703,0.021,3,3,0.99994665,4.3278522e-10,4.5699945e-08,5.3271415e-05,0.99994665
511,145,walking,2021-05-07 10:39:33.723,2021-05-07 10:39:35.703,0.021,3,3,0.9998338,1.6169939e-09,1.4074718e-07,0.00016595582,0.9998338
511,145,walking,2021-05-07 10:39:34.723,2021-05-07 10:39:36.703,0.021,3,3,0.9997947,6.7443306e-10,3.35443e-08,0.00020516527,0.9997947
511,145,walking,2021-05-07 10:39:35.723,2021-05-07 10:39:37.703,0.021,3,3,0.99988574,8.8750296e-10,2.4579935e-08,0.00011416418,0.99988574
511,145,walking,2021-05-07 10:39:36.723,2021-05-07 10:39:38.703,0.021,3,3,0.9999111,3.9954118e-10,1.0617797e-08,8.881832e-05,0.9999111
511,145,walking,2021-05-07 10:39:37.723,2021-05-07 10:39:39.703,0.021,3,3,0.9999781,2.481859e-10,2.063021e-08,2.178747e-05,0.9999781
511,145,walking,2021-05-07 10:39:38.723,2021-05-07 10:39:40.703,0.021,3,3,0.99998194,5.311184e-10,4.343706e-08,1.8001328e-05,0.99998194
511,145,walking,2021-05-07 10:39:39.723,2021-05-07 10:39:41.703,0.021,3,3,0.99996895,1.8754974e-10,1.5836333e-08,3.0929117e-05,0.99996895
511,145,walking,2021-05-07 10:39:40.723,2021-05-07 10:39:42.703,0.021,3,3,0.9999878,1.9745813e-11,4.1923376e-09,1.2164755e-05,0.9999878
511,145,walking,2021-05-07 10:39:41.723,2021-05-07 10:39:43.703,0.021,3,3,0.9999673,1.7413042e-10,1.13834036e-08,3.264627e-05,0.9999673
511,145,walking,2021-05-07 10:39:42.723,2021-05-07 10:39:44.703,0.021,3,3,0.9998596,6.9062306e-10,1.8839954e-08,0.00014044289,0.9998596
511,145,walking,2021-05-07 10:39:43.723,2021-05-07 10:39:45.703,0.021,3,3,0.999934,5.764608e-10,2.4609736e-08,6.586596e-05,0.999934
511,145,walking,2021-05-07 10:39:44.723,2021-05-07 10:39:46.703,0.021,3,3,0.99997836,7.290442e-11,5.438996e-09,2.1553058e-05,0.99997836
511,145,walking,2021-05-07 10:39:45.723,2021-05-07 10:39:47.703,0.021,3,3,0.9999731,4.2506058e-11,2.8018292e-09,2.6793467e-05,0.9999731
511,145,walking,2021-05-07 10:39:46.723,2021-05-07 10:39:48.703,0.021,3,3,0.9997909,5.7934535e-10,1.3372427e-08,0.00020913799,0.9997909
511,145,walking,2021-05-07 10:39:47.723,2021-05-07 10:39:49.703,0.021,3,3,0.9996926,9.67317e-10,1.5857616e-08,0.00030741643,0.9996926
511,145,walking,2021-05-07 10:39:48.723,2021-05-07 10:39:50.703,0.021,3,3,0.9999377,3.417893e-10,1.1995657e-08,6.219872e-05,0.9999377
511,145,walking,2021-05-07 10:39:49.723,2021-05-07 10:39:51.703,0.021,3,3,0.99991184,5.402683e-10,4.0015657e-08,8.809392e-05,0.99991184
511,145,walking,2021-05-07 10:39:50.723,2021-05-07 10:39:52.703,0.021,3,3,0.99992055,3.97947e-10,8.800835e-09,7.940632e-05,0.99992055
511,145,walking,2021-05-07 10:39:51.723,2021-05-07 10:39:53.703,0.021,3,3,0.9998715,5.87295e-10,1.7874545e-08,0.00012856956,0.9998715
511,145,walking,2021-05-07 10:39:52.723,2021-05-07 10:39:54.703,0.021,3,3,0.99992555,1.0471444e-10,3.4460135e-09,7.436876e-05,0.99992555
511,145,walking,2021-05-07 10:39:53.723,2021-05-07 10:39:55.703,0.021,3,3,0.9999679,8.1736104e-11,3.3794207e-09,3.20392e-05,0.9999679
511,145,walking,2021-05-07 10:39:54.723,2021-05-07 10:39:56.703,0.021,3,3,0.9999564,3.1989292e-10,1.2901234e-08,4.3505293e-05,0.9999564
511,145,walking,2021-05-07 10:39:55.723,2021-05-07 10:39:57.703,0.021,3,3,0.9999123,1.0679775e-09,3.226845e-08,8.75347e-05,0.9999123
511,145,walking,2021-05-07 10:39:56.723,2021-05-07 10:39:58.703,0.021,3,3,0.9999557,2.5694294e-10,2.2829171e-08,4.4250337e-05,0.9999557
511,145,walking,2021-05-07 10:39:57.723,2021-05-07 10:39:59.703,0.021,3,3,0.99989945,6.3928735e-10,6.9347614e-08,0.00010035592,0.99989945
511,145,walking,2021-05-07 10:39:58.723,2021-05-07 10:40:00.704,0.021,3,3,0.99945456,3.8673025e-09,1.2019898e-07,0.00054534053,0.99945456
511,145,walking,2021-05-07 10:39:59.723,2021-05-07 10:40:01.704,0.021,3,3,0.9998181,1.0722752e-09,4.6520178e-08,0.00018187882,0.9998181
511,145,walking,2021-05-07 10:40:00.724,2021-05-07 10:40:02.704,0.021,3,3,0.99995154,1.2068606e-10,5.0524416e-09,4.835643e-05,0.99995154
511,145,walking,2021-05-07 10:40:01.724,2021-05-07 10:40:03.704,0.021,3,3,0.99996763,5.8829296e-11,1.854314e-09,3.2256128e-05,0.99996763
511,145,walking,2021-05-07 10:40:02.724,2021-05-07 10:40:04.704,0.021,3,3,0.99993795,2.3725008e-10,3.3942351e-09,6.2023755e-05,0.99993795
511,145,walking,2021-05-07 10:40:03.724,2021-05-07 10:40:05.704,0.021,3,3,0.9998978,4.222685e-10,9.25151e-09,0.00010210639,0.9998978
511,145,walking,2021-05-07 10:40:04.724,2021-05-07 10:40:06.704,0.021,3,3,0.9999582,1.4898463e-10,1.1211266e-08,4.1734856e-05,0.9999582
511,145,walking,2021-05-07 10:40:05.724,2021-05-07 10:40:07.704,0.021,3,3,0.9999394,2.466586e-10,8.35718e-09,6.05505e-05,0.9999394
511,145,walking,2021-05-07 10:40:06.724,2021-05-07 10:40:08.704,0.021,3,3,0.9998257,7.175706e-10,1.7091276e-08,0.00017439447,0.9998257
511,145,walking,2021-05-07 10:40:07.724,2021-05-07 10:40:09.704,0.021,3,3,0.9999619,2.3279068e-10,6.7708683e-09,3.8037466e-05,0.9999619
511,145,walking,2021-05-07 10:40:08.724,2021-05-07 10:40:10.704,0.021,3,3,0.99995726,2.8311248e-10,8.1208835e-09,4.271495e-05,0.99995726
511,145,walking,2021-05-07 10:40:09.724,2021-05-07 10:40:11.704,0.021,3,3,0.99990076,9.31789e-10,1.2268809e-08,9.9181474e-05,0.99990076
511,145,walking,2021-05-07 10:40:10.724,2021-05-07 10:40:12.704,0.021,3,3,0.9999091,3.5052583e-10,6.240631e-09,9.083478e-05,0.9999091
511,145,walking,2021-05-07 10:40:11.724,2021-05-07 10:40:13.704,0.021,3,3,0.9999668,2.5679295e-10,9.1799555e-09,3.3164408e-05,0.9999668
511,146,standing,2021-05-07 10:40:14.364,2021-05-07 10:40:16.343,0.021,2,2,0.9996607,5.261803e-06,3.29585e-06,0.9996607,0.0003307958
511,146,standing,2021-05-07 10:40:15.364,2021-05-07 10:40:17.343,0.021,2,2,0.9998648,1.9683182e-06,1.5418948e-06,0.9998648,0.00013166333
511,146,standing,2021-05-07 10:40:16.364,2021-05-07 10:40:18.343,0.021,2,2,0.99986935,2.2232075e-06,1.6710408e-06,0.99986935,0.0001267803
511,146,standing,2021-05-07 10:40:17.364,2021-05-07 10:40:19.343,0.021,2,2,0.9998806,2.9345495e-06,2.1398835e-06,0.9998806,0.00011420083
511,146,standing,2021-05-07 10:40:18.364,2021-05-07 10:40:20.343,0.021,2,2,0.9998419,2.9904156e-06,2.4200383e-06,0.9998419,0.00015268553
511,146,standing,2021-05-07 10:40:19.364,2021-05-07 10:40:21.343,0.021,2,2,0.99965614,4.6385867e-06,3.8355356e-06,0.99965614,0.0003352958
511,147,walking,2021-05-07 10:40:21.563,2021-05-07 10:40:23.544,0.021,3,3,0.9999812,6.221468e-10,1.3479624e-07,1.8603283e-05,0.9999812
511,147,walking,2021-05-07 10:40:22.563,2021-05-07 10:40:24.544,0.021,3,3,0.9999674,5.1809133e-11,4.8393085e-09,3.2544656e-05,0.9999674
511,147,walking,2021-05-07 10:40:23.563,2021-05-07 10:40:25.544,0.021,3,3,0.9999623,8.010135e-12,1.4074812e-10,3.768378e-05,0.9999623
511,147,walking,2021-05-07 10:40:24.563,2021-05-07 10:40:26.544,0.021,3,3,0.99998933,2.91169e-12,4.8574793e-11,1.05990175e-05,0.99998933
511,147,walking,2021-05-07 10:40:25.563,2021-05-07 10:40:27.544,0.021,3,3,0.9999934,1.9088815e-12,8.0835845e-11,6.5606964e-06,0.9999934
511,147,walking,2021-05-07 10:40:26.563,2021-05-07 10:40:28.544,0.021,3,3,0.99987006,5.6026395e-11,8.007617e-10,0.00012993366,0.99987006
511,147,walking,2021-05-07 10:40:27.563,2021-05-07 10:40:29.544,0.021,3,3,0.9998331,4.8041314e-11,5.302752e-10,0.00016697808,0.9998331
511,147,walking,2021-05-07 10:40:28.563,2021-05-07 10:40:30.544,0.021,3,3,0.999971,7.2266164e-12,1.0121624e-10,2.8993329e-05,0.999971
511,147,walking,2021-05-07 10:40:29.563,2021-05-07 10:40:31.544,0.021,3,3,0.9999587,1.6310224e-11,3.7324102e-10,4.1186617e-05,0.9999587
511,147,walking,2021-05-07 10:40:30.563,2021-05-07 10:40:32.543,0.021,3,3,0.99996847,2.0095512e-11,3.4308847e-10,3.146369e-05,0.99996847
511,147,walking,2021-05-07 10:40:31.563,2021-05-07 10:40:33.543,0.021,3,3,0.999986,5.023693e-12,9.387289e-11,1.3924688e-05,0.999986
511,147,walking,2021-05-07 10:40:32.563,2021-05-07 10:40:34.543,0.021,3,3,0.99997574,6.1170105e-12,1.600114e-10,2.4147012e-05,0.99997574
511,147,walking,2021-05-07 10:40:33.563,2021-05-07 10:40:35.543,0.021,3,3,0.9999142,2.6409689e-11,3.4817546e-10,8.565166e-05,0.9999142
511,147,walking,2021-05-07 10:40:34.563,2021-05-07 10:40:36.543,0.021,3,3,0.9999494,1.9288912e-11,2.6327746e-10,5.0515155e-05,0.9999494
511,147,walking,2021-05-07 10:40:35.563,2021-05-07 10:40:37.543,0.021,3,3,0.9999462,4.4437672e-11,4.4467285e-10,5.3725464e-05,0.9999462
511,147,walking,2021-05-07 10:40:36.563,2021-05-07 10:40:38.543,0.021,3,3,0.9999092,3.9445183e-11,3.1226766e-10,9.066672e-05,0.9999092
511,147,walking,2021-05-07 10:40:37.563,2021-05-07 10:40:39.543,0.021,3,3,0.99987197,4.671753e-11,1.0289223e-09,0.00012797938,0.99987197
511,147,walking,2021-05-07 10:40:38.563,2021-05-07 10:40:40.543,0.021,3,3,0.9999822,4.8441745e-12,4.3329207e-10,1.7770686e-05,0.9999822
511,147,walking,2021-05-07 10:40:39.563,2021-05-07 10:40:41.543,0.021,3,3,0.99998087,1.4727484e-12,1.1328185e-10,1.9060575e-05,0.99998087
511,147,walking,2021-05-07 10:40:40.563,2021-05-07 10:40:42.543,0.021,3,3,0.9999246,9.279295e-12,2.9133768e-10,7.531777e-05,0.9999246
511,147,walking,2021-05-07 10:40:41.563,2021-05-07 10:40:43.543,0.021,3,3,0.9999414,3.0119546e-11,3.4705114e-10,5.8528884e-05,0.9999414
511,147,walking,2021-05-07 10:40:42.563,2021-05-07 10:40:44.543,0.021,3,3,0.9999619,2.8528572e-11,1.4621841e-10,3.7978563e-05,0.9999619
511,147,walking,2021-05-07 10:40:43.563,2021-05-07 10:40:45.543,0.021,3,3,0.9999642,1.3453296e-11,1.8966553e-10,3.5802044e-05,0.9999642
511,147,walking,2021-05-07 10:40:44.563,2021-05-07 10:40:46.543,0.021,3,3,0.99991196,1.5368033e-11,2.7945052e-10,8.797236e-05,0.99991196
511,147,walking,2021-05-07 10:40:45.563,2021-05-07 10:40:47.543,0.021,3,3,0.9999426,2.579987e-11,4.0214634e-10,5.7291243e-05,0.9999426
511,147,walking,2021-05-07 10:40:46.563,2021-05-07 10:40:48.543,0.021,3,3,0.9999867,1.0032747e-11,2.720675e-10,1.3193587e-05,0.9999867
511,147,walking,2021-05-07 10:40:47.563,2021-05-07 10:40:49.543,0.021,3,3,0.9999797,6.6367367e-12,1.4987937e-10,2.023148e-05,0.9999797
511,147,walking,2021-05-07 10:40:48.563,2021-05-07 10:40:50.543,0.021,3,3,0.99993056,1.2740978e-11,3.0693317e-10,6.9413e-05,0.99993056
511,147,walking,2021-05-07 10:40:49.563,2021-05-07 10:40:51.543,0.021,3,3,0.9999599,4.0517403e-12,9.9770484e-11,4.0020466e-05,0.9999599
511,147,walking,2021-05-07 10:40:50.563,2021-05-07 10:40:52.543,0.021,3,3,0.9999884,1.2466694e-12,2.282679e-11,1.1593193e-05,0.9999884
511,147,walking,2021-05-07 10:40:51.563,2021-05-07 10:40:53.543,0.021,3,3,0.9999911,1.8502105e-12,3.126882e-11,8.80618e-06,0.9999911
511,147,walking,2021-05-07 10:40:52.563,2021-05-07 10:40:54.543,0.021,3,3,0.9999766,6.608623e-12,8.578599e-11,2.3394019e-05,0.9999766
511,147,walking,2021-05-07 10:40:53.563,2021-05-07 10:40:55.543,0.021,3,3,0.9999816,6.3108125e-12,8.364683e-11,1.8369115e-05,0.9999816
511,147,walking,2021-05-07 10:40:54.563,2021-05-07 10:40:56.543,0.021,3,3,0.99996823,1.0877497e-11,1.0997224e-10,3.1655283e-05,0.99996823
511,147,walking,2021-05-07 10:40:55.563,2021-05-07 10:40:57.543,0.021,3,3,0.9999744,7.959501e-12,3.1093172e-10,2.5531039e-05,0.9999744
511,147,walking,2021-05-07 10:40:56.563,2021-05-07 10:40:58.543,0.021,3,3,0.9999847,2.5936729e-12,1.03372366e-10,1.5246191e-05,0.9999847
511,147,walking,2021-05-07 10:40:57.563,2021-05-07 10:40:59.543,0.021,3,3,0.99998933,2.6628797e-13,7.1404844e-12,1.0574857e-05,0.99998933
511,147,walking,2021-05-07 10:40:58.563,2021-05-07 10:41:00.543,0.021,3,3,0.99997646,1.3547261e-12,2.6803006e-11,2.3468965e-05,0.99997646
511,147,walking,2021-05-07 10:40:59.563,2021-05-07 10:41:01.543,0.021,3,3,0.99998444,6.0111412e-12,1.1703125e-10,1.5529702e-05,0.99998444
511,147,walking,2021-05-07 10:41:00.563,2021-05-07 10:41:02.543,0.021,3,3,0.9999911,6.981233e-13,1.3208398e-11,8.83606e-06,0.9999911
511,147,walking,2021-05-07 10:41:01.563,2021-05-07 10:41:03.543,0.021,3,3,0.9999952,4.4846307e-13,3.7171394e-12,4.7397134e-06,0.9999952
511,147,walking,2021-05-07 10:41:02.563,2021-05-07 10:41:04.543,0.021,3,3,0.9999898,1.7677993e-12,6.8803917e-12,1.0141841e-05,0.9999898
511,147,walking,2021-05-07 10:41:03.563,2021-05-07 10:41:05.543,0.021,3,3,0.99999434,6.1478833e-13,1.6232501e-11,5.597785e-06,0.99999434
511,147,walking,2021-05-07 10:41:04.564,2021-05-07 10:41:06.543,0.021,3,3,0.9999961,6.7346226e-13,4.332855e-11,3.7822683e-06,0.9999961
511,147,walking,2021-05-07 10:41:05.564,2021-05-07 10:41:07.543,0.021,3,3,0.9999898,1.9363627e-12,9.509489e-11,1.0103276e-05,0.9999898
511,147,walking,2021-05-07 10:41:06.564,2021-05-07 10:41:08.543,0.021,3,3,0.99992234,1.0667268e-11,1.83398e-10,7.7602235e-05,0.99992234
511,147,walking,2021-05-07 10:41:07.564,2021-05-07 10:41:09.543,0.021,3,3,0.9999667,6.3607964e-12,1.8434287e-10,3.330786e-05,0.9999667
511,147,walking,2021-05-07 10:41:08.564,2021-05-07 10:41:10.543,0.021,3,3,0.9999868,1.1112741e-11,3.242655e-10,1.3160074e-05,0.9999868
511,147,walking,2021-05-07 10:41:09.564,2021-05-07 10:41:11.543,0.021,3,3,0.9999955,7.387551e-13,2.477365e-11,4.4640556e-06,0.9999955
511,147,walking,2021-05-07 10:41:10.564,2021-05-07 10:41:12.543,0.021,3,3,0.9999824,3.9886866e-12,3.1768407e-11,1.757349e-05,0.9999824
511,147,walking,2021-05-07 10:41:11.564,2021-05-07 10:41:13.543,0.021,3,3,0.99994725,2.192927e-11,3.2865544e-10,5.2730258e-05,0.99994725
511,147,walking,2021-05-07 10:41:12.564,2021-05-07 10:41:14.543,0.021,3,3,0.9999687,7.255244e-12,2.0518703e-10,3.1270425e-05,0.9999687
511,147,walking,2021-05-07 10:41:13.564,2021-05-07 10:41:15.543,0.021,3,3,0.9999508,9.416794e-12,2.1702955e-10,4.9108156e-05,0.9999508
511,147,walking,2021-05-07 10:41:14.564,2021-05-07 10:41:16.544,0.021,3,3,0.9999804,1.10578656e-11,2.4708025e-10,1.9496521e-05,0.9999804
511,147,walking,2021-05-07 10:41:15.564,2021-05-07 10:41:17.544,0.021,3,3,0.9999953,3.3769502e-12,1.181499e-10,4.658166e-06,0.9999953
511,147,walking,2021-05-07 10:41:16.563,2021-05-07 10:41:18.544,0.021,3,3,0.99999124,7.383057e-12,1.6173249e-10,8.727166e-06,0.99999124
511,147,walking,2021-05-07 10:41:17.563,2021-05-07 10:41:19.544,0.021,3,3,0.9999835,3.6840917e-12,3.0958687e-11,1.639114e-05,0.9999835
511,147,walking,2021-05-07 10:41:18.563,2021-05-07 10:41:20.544,0.021,3,3,0.99999124,7.0329696e-13,1.0809288e-11,8.646361e-06,0.99999124
511,147,walking,2021-05-07 10:41:19.563,2021-05-07 10:41:21.544,0.021,3,3,0.9999878,2.0249215e-12,2.690842e-11,1.2157959e-05,0.9999878
511,147,walking,2021-05-07 10:41:20.563,2021-05-07 10:41:22.544,0.021,3,3,0.9999929,1.6037269e-12,2.3485915e-11,7.0498018e-06,0.9999929
511,147,walking,2021-05-07 10:41:21.563,2021-05-07 10:41:23.544,0.021,3,3,0.99999696,2.3240361e-13,3.7805687e-12,3.00053e-06,0.99999696
511,147,walking,2021-05-07 10:41:22.563,2021-05-07 10:41:24.544,0.021,3,3,0.9999923,3.8875072e-13,6.4875813e-12,7.681474e-06,0.9999923
511,147,walking,2021-05-07 10:41:23.563,2021-05-07 10:41:25.544,0.021,3,3,0.9999892,2.69334e-12,5.8182775e-11,1.0672369e-05,0.9999892
511,147,walking,2021-05-07 10:41:24.563,2021-05-07 10:41:26.544,0.021,3,3,0.999996,1.1077749e-12,1.9823448e-11,3.985339e-06,0.999996
511,147,walking,2021-05-07 10:41:25.563,2021-05-07 10:41:27.544,0.021,3,3,0.99999636,4.469726e-13,9.564501e-12,3.57154e-06,0.99999636
511,147,walking,2021-05-07 10:41:26.563,2021-05-07 10:41:28.544,0.021,3,3,0.99999195,6.470287e-13,1.00858315e-11,8.017352e-06,0.99999195
511,147,walking,2021-05-07 10:41:27.563,2021-05-07 10:41:29.544,0.021,3,3,0.9999768,8.082073e-12,1.4891864e-10,2.3105978e-05,0.9999768
511,147,walking,2021-05-07 10:41:28.563,2021-05-07 10:41:30.544,0.021,3,3,0.99990946,4.865661e-10,1.1882009e-08,9.0442634e-05,0.99990946
511,148,standing,2021-05-07 10:41:30.723,2021-05-07 10:41:32.703,0.021,2,2,0.9977451,4.27518e-06,1.6847323e-05,0.9977451,0.0022336624
511,148,standing,2021-05-07 10:41:31.723,2021-05-07 10:41:33.703,0.021,2,2,0.99934125,1.9675763e-06,5.0257863e-06,0.99934125,0.0006516538
511,148,standing,2021-05-07 10:41:32.723,2021-05-07 10:41:34.703,0.021,2,2,0.999463,1.2856901e-06,3.6369029e-06,0.999463,0.0005321121
511,148,standing,2021-05-07 10:41:33.723,2021-05-07 10:41:35.703,0.021,2,2,0.99940825,1.2697817e-06,3.9613547e-06,0.99940825,0.0005864928
511,148,standing,2021-05-07 10:41:34.723,2021-05-07 10:41:36.703,0.021,2,2,0.9992189,1.4956838e-06,4.8376396e-06,0.9992189,0.00077487243
511,148,standing,2021-05-07 10:41:35.723,2021-05-07 10:41:37.703,0.021,2,2,0.97389245,9.958073e-07,9.732531e-06,0.97389245,0.026096854
511,149,walking,2021-05-07 10:41:37.763,2021-05-07 10:41:39.743,0.021,3,3,0.9999985,5.31837e-13,5.916182e-11,1.4741701e-06,0.9999985
511,149,walking,2021-05-07 10:41:38.763,2021-05-07 10:41:40.743,0.021,3,3,0.999993,3.4692559e-13,1.3021093e-11,6.924209e-06,0.999993
511,149,walking,2021-05-07 10:41:39.763,2021-05-07 10:41:41.743,0.021,3,3,0.9999829,2.1078371e-12,4.562628e-11,1.7073933e-05,0.9999829
511,149,walking,2021-05-07 10:41:40.763,2021-05-07 10:41:42.743,0.021,3,3,0.9999837,1.0853722e-12,2.1228571e-11,1.6257494e-05,0.9999837
511,149,walking,2021-05-07 10:41:41.763,2021-05-07 10:41:43.743,0.021,3,3,0.9999798,2.7708285e-12,9.429059e-11,2.0194433e-05,0.9999798
511,149,walking,2021-05-07 10:41:42.763,2021-05-07 10:41:44.743,0.021,3,3,0.999988,2.248505e-12,1.3963802e-10,1.1924431e-05,0.999988
511,149,walking,2021-05-07 10:41:43.763,2021-05-07 10:41:45.743,0.021,3,3,0.99997073,5.5755257e-12,1.0232594e-10,2.9194174e-05,0.99997073
511,149,walking,2021-05-07 10:41:44.763,2021-05-07 10:41:46.743,0.021,3,3,0.9999754,5.1533465e-12,8.813705e-11,2.4598381e-05,0.9999754
511,149,walking,2021-05-07 10:41:45.763,2021-05-07 10:41:47.743,0.021,3,3,0.99998957,2.0410637e-12,6.685033e-11,1.040695e-05,0.99998957
511,149,walking,2021-05-07 10:41:46.763,2021-05-07 10:41:48.743,0.021,3,3,0.99998873,1.462749e-12,8.390838e-11,1.1171676e-05,0.99998873
511,149,walking,2021-05-07 10:41:47.763,2021-05-07 10:41:49.743,0.021,3,3,0.9999576,8.193438e-12,4.2133716e-10,4.2299132e-05,0.9999576
511,149,walking,2021-05-07 10:41:48.763,2021-05-07 10:41:50.743,0.021,3,3,0.9999909,6.5760467e-13,1.9645422e-11,9.097091e-06,0.9999909
511,149,walking,2021-05-07 10:41:49.763,2021-05-07 10:41:51.743,0.021,3,3,0.9999911,8.1450623e-13,1.5092694e-11,8.860667e-06,0.9999911
511,149,walking,2021-05-07 10:41:50.763,2021-05-07 10:41:52.743,0.021,3,3,0.999994,4.5008555e-13,1.759888e-11,5.938307e-06,0.999994
511,149,walking,2021-05-07 10:41:51.763,2021-05-07 10:41:53.743,0.021,3,3,0.9999884,5.4564854e-13,1.556444e-11,1.157289e-05,0.9999884
511,149,walking,2021-05-07 10:41:52.763,2021-05-07 10:41:54.743,0.021,3,3,0.9999824,1.4421538e-12,4.277109e-11,1.75075e-05,0.9999824
511,149,walking,2021-05-07 10:41:53.763,2021-05-07 10:41:55.743,0.021,3,3,0.99999565,2.61046e-13,5.4934325e-12,4.329869e-06,0.99999565
511,149,walking,2021-05-07 10:41:54.763,2021-05-07 10:41:56.743,0.021,3,3,0.9999948,2.4423853e-12,2.6241792e-11,5.1159873e-06,0.9999948
511,149,walking,2021-05-07 10:41:55.763,2021-05-07 10:41:57.743,0.021,3,3,0.99998945,4.650605e-12,5.441012e-11,1.0523248e-05,0.99998945
511,149,walking,2021-05-07 10:41:56.763,2021-05-07 10:41:58.743,0.021,3,3,0.99997383,4.548855e-12,3.7988283e-11,2.6095679e-05,0.99997383
511,149,walking,2021-05-07 10:41:57.763,2021-05-07 10:41:59.743,0.021,3,3,0.9999936,9.658605e-13,2.3755163e-11,6.359429e-06,0.9999936
511,149,walking,2021-05-07 10:41:58.763,2021-05-07 10:42:00.743,0.021,3,3,0.9999954,1.081832e-12,1.885201e-11,4.5508546e-06,0.9999954
511,149,walking,2021-05-07 10:41:59.763,2021-05-07 10:42:01.743,0.021,3,3,0.9999947,7.168658e-13,7.668601e-12,5.2681116e-06,0.9999947
511,149,walking,2021-05-07 10:42:00.763,2021-05-07 10:42:02.743,0.021,3,3,0.99999744,2.3344778e-13,3.22368e-12,2.515487e-06,0.99999744
511,149,walking,2021-05-07 10:42:01.763,2021-05-07 10:42:03.743,0.021,3,3,0.999988,1.6087803e-12,2.0265381e-11,1.1897033e-05,0.999988
511,149,walking,2021-05-07 10:42:02.763,2021-05-07 10:42:04.743,0.021,3,3,0.99996024,5.511478e-12,6.799335e-11,3.9710096e-05,0.99996024
511,149,walking,2021-05-07 10:42:03.763,2021-05-07 10:42:05.743,0.021,3,3,0.9999886,1.8888693e-12,2.5222756e-11,1.1351748e-05,0.9999886
511,149,walking,2021-05-07 10:42:04.763,2021-05-07 10:42:06.743,0.021,3,3,0.99997705,3.2154533e-12,5.2249153e-11,2.292084e-05,0.99997705
511,149,walking,2021-05-07 10:42:05.763,2021-05-07 10:42:07.743,0.021,3,3,0.99998325,2.4673317e-12,3.5678384e-11,1.674643e-05,0.99998325
511,149,walking,2021-05-07 10:42:06.763,2021-05-07 10:42:08.743,0.021,3,3,0.99999005,2.5263418e-12,6.630584e-11,9.909186e-06,0.99999005
511,149,walking,2021-05-07 10:42:07.763,2021-05-07 10:42:09.743,0.021,3,3,0.9999953,2.8004855e-13,1.0063556e-11,4.6388996e-06,0.9999953
511,149,walking,2021-05-07 10:42:08.763,2021-05-07 10:42:10.743,0.021,3,3,0.99999493,1.6467502e-13,9.310087e-12,5.010461e-06,0.99999493
511,149,walking,2021-05-07 10:42:09.763,2021-05-07 10:42:11.743,0.021,3,3,0.99998564,4.721011e-13,4.5812493e-11,1.4251185e-05,0.99998564
511,149,walking,2021-05-07 10:42:10.763,2021-05-07 10:42:12.743,0.021,3,3,0.99998707,1.217891e-12,5.3838694e-11,1.289577e-05,0.99998707
511,149,walking,2021-05-07 10:42:11.763,2021-05-07 10:42:13.743,0.021,3,3,0.9999903,1.7317769e-12,2.1681169e-11,9.670573e-06,0.9999903
511,149,walking,2021-05-07 10:42:12.763,2021-05-07 10:42:14.743,0.021,3,3,0.9999868,1.7332976e-12,4.6994866e-11,1.3081393e-05,0.9999868
511,149,walking,2021-05-07 10:42:13.763,2021-05-07 10:42:15.743,0.021,3,3,0.9999955,1.7234493e-12,9.491188e-11,4.436037e-06,0.9999955
511,149,walking,2021-05-07 10:42:14.763,2021-05-07 10:42:16.743,0.021,3,3,0.9999909,1.4068525e-11,2.8942945e-10,9.080821e-06,0.9999909
511,149,walking,2021-05-07 10:42:15.763,2021-05-07 10:42:17.743,0.021,3,3,0.99997824,9.274448e-12,3.4568318e-10,2.1684036e-05,0.99997824
511,149,walking,2021-05-07 10:42:16.763,2021-05-07 10:42:18.743,0.021,3,3,0.9999853,6.3885394e-12,7.3802614e-10,1.464452e-05,0.9999853
511,149,walking,2021-05-07 10:42:17.763,2021-05-07 10:42:19.743,0.021,3,3,0.9999941,6.351309e-12,4.1262552e-10,5.7882858e-06,0.9999941
511,149,walking,2021-05-07 10:42:18.763,2021-05-07 10:42:20.743,0.021,3,3,0.99999064,3.891078e-12,7.982729e-11,9.28562e-06,0.99999064
511,149,walking,2021-05-07 10:42:19.763,2021-05-07 10:42:21.743,0.021,3,3,0.99996597,1.03812575e-11,2.3079859e-10,3.401817e-05,0.99996597
511,149,walking,2021-05-07 10:42:20.763,2021-05-07 10:42:22.743,0.021,3,3,0.99999326,2.5843128e-12,6.2892594e-11,6.6793264e-06,0.99999326
511,149,walking,2021-05-07 10:42:21.763,2021-05-07 10:42:23.743,0.021,3,3,0.99998623,1.0304136e-11,5.02184e-10,1.3729336e-05,0.99998623
511,149,walking,2021-05-07 10:42:22.763,2021-05-07 10:42:24.743,0.021,3,3,0.9999723,1.507992e-11,1.7619138e-09,2.7632072e-05,0.9999723
511,149,walking,2021-05-07 10:42:23.763,2021-05-07 10:42:25.743,0.021,3,3,0.9999842,4.9573206e-12,7.0742745e-10,1.5741749e-05,0.9999842
511,149,walking,2021-05-07 10:42:24.763,2021-05-07 10:42:26.743,0.021,3,3,0.99997765,1.1001455e-11,6.4757855e-10,2.2283424e-05,0.99997765
511,149,walking,2021-05-07 10:42:25.763,2021-05-07 10:42:27.743,0.021,3,3,0.99997765,1.4409049e-11,2.8457894e-10,2.2337532e-05,0.99997765
511,149,walking,2021-05-07 10:42:26.763,2021-05-07 10:42:28.743,0.021,3,3,0.99998933,5.380738e-12,2.6846858e-10,1.063908e-05,0.99998933
511,149,walking,2021-05-07 10:42:27.763,2021-05-07 10:42:29.743,0.021,3,3,0.9999817,7.396843e-12,3.873062e-10,1.82978e-05,0.9999817
511,149,walking,2021-05-07 10:42:28.763,2021-05-07 10:42:30.743,0.021,3,3,0.9999477,1.0558755e-11,2.3909358e-10,5.224574e-05,0.9999477
511,149,walking,2021-05-07 10:42:29.763,2021-05-07 10:42:31.743,0.021,3,3,0.9999129,1.6441973e-11,2.3639674e-10,8.6989916e-05,0.9999129
511,149,walking,2021-05-07 10:42:30.763,2021-05-07 10:42:32.743,0.021,3,3,0.99995047,6.431781e-12,1.4525442e-10,4.944928e-05,0.99995047
511,149,walking,2021-05-07 10:42:31.763,2021-05-07 10:42:33.743,0.021,3,3,0.9999822,3.4745043e-12,7.745788e-11,1.7774077e-05,0.9999822
511,149,walking,2021-05-07 10:42:32.763,2021-05-07 10:42:34.743,0.021,3,3,0.99997383,1.4976752e-11,3.9644996e-10,2.607841e-05,0.99997383
511,149,walking,2021-05-07 10:42:33.763,2021-05-07 10:42:35.743,0.021,3,3,0.9999239,3.1397177e-11,1.3060326e-09,7.6031894e-05,0.9999239
511,149,walking,2021-05-07 10:42:34.763,2021-05-07 10:42:36.743,0.021,3,3,0.9999818,2.0002307e-12,2.3942665e-10,1.8153522e-05,0.9999818
511,149,walking,2021-05-07 10:42:35.763,2021-05-07 10:42:37.743,0.021,3,3,0.9999953,4.782261e-12,2.2292942e-10,4.614411e-06,0.9999953
511,149,walking,2021-05-07 10:42:36.763,2021-05-07 10:42:38.743,0.021,3,3,0.999989,5.9167103e-12,2.852838e-10,1.10218925e-05,0.999989
511,149,walking,2021-05-07 10:42:37.763,2021-05-07 10:42:39.743,0.021,3,3,0.99997324,1.5670605e-11,4.5845866e-10,2.6716592e-05,0.99997324
511,149,walking,2021-05-07 10:42:38.763,2021-05-07 10:42:40.743,0.021,3,3,0.9999357,2.8527332e-11,5.0155563e-10,6.422344e-05,0.9999357
511,149,walking,2021-05-07 10:42:39.763,2021-05-07 10:42:41.743,0.021,3,3,0.99985075,7.003305e-11,1.1883119e-09,0.00014931397,0.99985075
511,149,walking,2021-05-07 10:42:40.763,2021-05-07 10:42:42.743,0.021,3,3,0.99994093,7.8780725e-11,2.3208104e-09,5.8946964e-05,0.99994093
511,149,walking,2021-05-07 10:42:41.763,2021-05-07 10:42:43.743,0.021,3,3,0.99995035,1.0009604e-10,4.8072573e-09,4.9532387e-05,0.99995035
511,149,walking,2021-05-07 10:42:42.763,2021-05-07 10:42:44.743,0.021,3,3,0.9999632,3.8107767e-11,2.0432451e-09,3.6728572e-05,0.9999632
511,149,walking,2021-05-07 10:42:43.763,2021-05-07 10:42:45.743,0.021,3,3,0.99998134,2.3682938e-11,2.1090598e-09,1.8610099e-05,0.99998134
511,149,walking,2021-05-07 10:42:44.763,2021-05-07 10:42:46.743,0.021,3,3,0.99998325,3.4114166e-11,3.184916e-09,1.6705419e-05,0.99998325
511,149,walking,2021-05-07 10:42:45.763,2021-05-07 10:42:47.743,0.021,3,3,0.9999668,4.917862e-11,2.693962e-09,3.3137505e-05,0.9999668
511,149,walking,2021-05-07 10:42:46.763,2021-05-07 10:42:48.743,0.021,3,3,0.99998266,9.237962e-12,4.5691606e-10,1.7315866e-05,0.99998266
511,149,walking,2021-05-07 10:42:47.763,2021-05-07 10:42:49.743,0.021,3,3,0.9999806,4.0002984e-12,3.5971373e-10,1.9285178e-05,0.9999806
511,149,walking,2021-05-07 10:42:48.763,2021-05-07 10:42:50.743,0.021,3,3,0.9999619,8.300529e-12,2.8912753e-10,3.8073795e-05,0.9999619
511,149,walking,2021-05-07 10:42:49.763,2021-05-07 10:42:51.743,0.021,3,3,0.99994045,3.1514333e-11,1.3623569e-09,5.9460333e-05,0.99994045
511,149,walking,2021-05-07 10:42:50.763,2021-05-07 10:42:52.743,0.021,3,3,0.99997216,4.6879584e-11,3.0447376e-09,2.772591e-05,0.99997216
511,149,walking,2021-05-07 10:42:51.763,2021-05-07 10:42:53.743,0.021,3,3,0.99998933,5.049043e-11,3.731935e-09,1.0590985e-05,0.99998933
511,149,walking,2021-05-07 10:42:52.763,2021-05-07 10:42:54.743,0.021,3,3,0.99998575,4.3321322e-11,3.1288792e-09,1.4178552e-05,0.99998575
511,149,walking,2021-05-07 10:42:53.763,2021-05-07 10:42:55.743,0.021,3,3,0.9999277,1.3646614e-10,1.12575504e-08,7.2223615e-05,0.9999277
511,149,walking,2021-05-07 10:42:54.763,2021-05-07 10:42:56.743,0.021,3,3,0.99995786,4.044801e-11,7.374814e-09,4.2035783e-05,0.99995786
511,149,walking,2021-05-07 10:42:55.763,2021-05-07 10:42:57.743,0.021,3,3,0.99999434,3.8192928e-11,5.8624257e-09,5.5699825e-06,0.99999434
511,149,walking,2021-05-07 10:42:56.763,2021-05-07 10:42:58.743,0.021,3,3,0.99999374,2.8482247e-10,5.0709136e-08,6.1301334e-06,0.99999374
511,149,walking,2021-05-07 10:42:57.763,2021-05-07 10:42:59.743,0.021,3,3,0.99998575,1.8288912e-10,3.525674e-08,1.4101835e-05,0.99998575
511,149,walking,2021-05-07 10:42:58.763,2021-05-07 10:43:00.743,0.021,3,3,0.9999079,2.864368e-09,4.1717033e-07,9.164502e-05,0.9999079
511,149,walking,2021-05-07 10:42:59.763,2021-05-07 10:43:01.743,0.021,3,3,0.99986434,8.4746885e-09,1.5602138e-06,0.0001341486,0.99986434
511,149,walking,2021-05-07 10:43:00.763,2021-05-07 10:43:02.743,0.021,3,3,0.99989027,1.2736402e-08,6.87897e-07,0.00010891521,0.99989027
511,149,walking,2021-05-07 10:43:01.763,2021-05-07 10:43:03.743,0.021,3,3,0.99985504,5.027097e-09,3.5889818e-07,0.00014458358,0.99985504
511,149,walking,2021-05-07 10:43:02.763,2021-05-07 10:43:04.743,0.021,3,3,0.9999663,9.825379e-10,6.140236e-07,3.2989163e-05,0.9999663
511,149,walking,2021-05-07 10:43:03.763,2021-05-07 10:43:05.743,0.021,3,3,0.9999953,1.4155589e-10,4.3821703e-07,4.2475785e-06,0.9999953
511,149,walking,2021-05-07 10:43:04.763,2021-05-07 10:43:06.743,0.021,3,3,0.99997336,7.550666e-10,1.436511e-07,2.6388847e-05,0.99997336
511,149,walking,2021-05-07 10:43:05.763,2021-05-07 10:43:07.743,0.021,3,3,0.99984646,1.5562003e-10,1.1182081e-08,0.00015355975,0.99984646
511,149,walking,2021-05-07 10:43:06.763,2021-05-07 10:43:08.743,0.021,3,3,0.9999575,1.739464e-11,1.2058836e-09,4.242056e-05,0.9999575
511,149,walking,2021-05-07 10:43:07.763,2021-05-07 10:43:09.743,0.021,3,3,0.9999915,1.5103297e-11,1.1257834e-09,8.412123e-06,0.9999915
511,149,walking,2021-05-07 10:43:08.763,2021-05-07 10:43:10.743,0.021,3,3,0.9999891,1.15653986e-10,2.6163802e-09,1.0855135e-05,0.9999891
511,149,walking,2021-05-07 10:43:09.763,2021-05-07 10:43:11.743,0.021,3,3,0.9999935,2.5040883e-10,1.2654463e-08,6.3868515e-06,0.9999935
511,149,walking,2021-05-07 10:43:10.763,2021-05-07 10:43:12.743,0.021,3,3,0.9999909,2.021183e-10,1.912007e-08,9.031919e-06,0.9999909
511,149,walking,2021-05-07 10:43:11.763,2021-05-07 10:43:13.743,0.021,3,3,0.9999538,1.9935079e-10,2.5885226e-08,4.614706e-05,0.9999538
511,149,walking,2021-05-07 10:43:12.763,2021-05-07 10:43:14.743,0.021,3,3,0.99981403,6.411511e-10,4.3005002e-08,0.0001860059,0.99981403
511,149,walking,2021-05-07 10:43:13.763,2021-05-07 10:43:15.743,0.021,3,3,0.99994797,2.170488e-10,1.1930748e-08,5.1941068e-05,0.99994797
511,149,walking,2021-05-07 10:43:14.763,2021-05-07 10:43:16.743,0.021,3,3,0.9999704,8.155162e-11,7.5958315e-09,2.9608298e-05,0.9999704
511,149,walking,2021-05-07 10:43:15.763,2021-05-07 10:43:17.743,0.021,3,3,0.9999804,8.532662e-11,5.360211e-09,1.9560513e-05,0.9999804
511,149,walking,2021-05-07 10:43:16.763,2021-05-07 10:43:18.743,0.021,3,3,0.99999326,1.415637e-10,8.145656e-09,6.7240644e-06,0.99999326
511,149,walking,2021-05-07 10:43:17.763,2021-05-07 10:43:19.743,0.021,3,3,0.9999898,1.2826351e-10,1.8370782e-08,1.0111035e-05,0.9999898
511,149,walking,2021-05-07 10:43:18.763,2021-05-07 10:43:20.743,0.021,3,3,0.9999787,5.5845342e-11,6.952207e-09,2.1261108e-05,0.9999787
511,149,walking,2021-05-07 10:43:19.763,2021-05-07 10:43:21.743,0.021,3,3,0.9999432,1.2905753e-10,3.6337586e-09,5.6757355e-05,0.9999432
511,149,walking,2021-05-07 10:43:20.763,2021-05-07 10:43:22.743,0.021,3,3,0.99998456,3.2932074e-11,2.1530282e-09,1.5335536e-05,0.99998456
511,149,walking,2021-05-07 10:43:21.763,2021-05-07 10:43:23.743,0.021,3,3,0.99998873,4.275486e-12,5.73378e-10,1.1199379e-05,0.99998873
511,149,walking,2021-05-07 10:43:22.763,2021-05-07 10:43:24.743,0.021,3,3,0.9999818,2.7939526e-11,5.36607e-09,1.8070541e-05,0.9999818
511,149,walking,2021-05-07 10:43:23.763,2021-05-07 10:43:25.743,0.021,3,3,0.9999836,1.13244567e-10,1.842151e-08,1.6257429e-05,0.9999836
511,149,walking,2021-05-07 10:43:24.763,2021-05-07 10:43:26.743,0.021,3,3,0.99997586,3.7533343e-10,2.048118e-08,2.4071554e-05,0.99997586
511,149,walking,2021-05-07 10:43:25.763,2021-05-07 10:43:27.743,0.021,3,3,0.9999905,4.964811e-11,8.2874285e-09,9.459402e-06,0.9999905
511,149,walking,2021-05-07 10:43:26.763,2021-05-07 10:43:28.743,0.021,3,3,0.99999386,1.0460337e-11,6.044895e-09,6.05193e-06,0.99999386
511,149,walking,2021-05-07 10:43:27.763,2021-05-07 10:43:29.743,0.021,3,3,0.9998892,9.1323665e-10,5.6181975e-08,0.000110659166,0.9998892
511,149,walking,2021-05-07 10:43:28.763,2021-05-07 10:43:30.743,0.021,3,3,0.99995786,3.1215658e-10,2.5810984e-08,4.201911e-05,0.99995786
511,149,walking,2021-05-07 10:43:29.763,2021-05-07 10:43:31.743,0.021,3,3,0.9999657,1.604799e-10,9.570664e-09,3.423008e-05,0.9999657
511,149,walking,2021-05-07 10:43:30.763,2021-05-07 10:43:32.743,0.021,3,3,0.99998313,1.3508525e-11,2.0809765e-09,1.6786482e-05,0.99998313
511,149,walking,2021-05-07 10:43:31.763,2021-05-07 10:43:33.743,0.021,3,3,0.9999822,7.9598056e-12,2.0365591e-10,1.7762164e-05,0.9999822
511,149,walking,2021-05-07 10:43:32.763,2021-05-07 10:43:34.743,0.021,3,3,0.9999979,4.721708e-13,8.70182e-11,1.981501e-06,0.9999979
511,149,walking,2021-05-07 10:43:33.763,2021-05-07 10:43:35.743,0.021,3,3,0.9999946,3.517572e-11,4.2585895e-09,5.329538e-06,0.9999946
511,149,walking,2021-05-07 10:43:34.763,2021-05-07 10:43:36.743,0.021,3,3,0.999993,7.724567e-11,2.1298305e-09,6.915762e-06,0.999993
511,149,walking,2021-05-07 10:43:35.763,2021-05-07 10:43:37.743,0.021,3,3,0.99998254,5.4404654e-11,1.685209e-09,1.7445915e-05,0.99998254
511,149,walking,2021-05-07 10:43:36.763,2021-05-07 10:43:38.743,0.021,3,3,0.9999811,1.1345183e-10,2.843191e-09,1.8868526e-05,0.9999811
511,149,walking,2021-05-07 10:43:37.763,2021-05-07 10:43:39.743,0.021,3,3,0.9999884,4.7671037e-11,1.664897e-08,1.1604786e-05,0.9999884
511,149,walking,2021-05-07 10:43:38.763,2021-05-07 10:43:40.743,0.021,3,3,0.9999965,2.7310206e-11,1.175861e-08,3.4208238e-06,0.9999965
511,149,walking,2021-05-07 10:43:39.763,2021-05-07 10:43:41.743,0.021,3,3,0.9999936,5.496243e-11,1.8654243e-08,6.3048265e-06,0.9999936
511,149,walking,2021-05-07 10:43:40.763,2021-05-07 10:43:42.743,0.021,3,3,0.9999884,8.855267e-12,1.7703572e-09,1.1605329e-05,0.9999884
511,149,walking,2021-05-07 10:43:41.763,2021-05-07 10:43:43.743,0.021,3,3,0.999994,1.9918262e-12,1.5742961e-10,5.932612e-06,0.999994
511,149,walking,2021-05-07 10:43:42.763,2021-05-07 10:43:44.743,0.021,3,3,0.9999955,3.3897219e-12,5.4806065e-10,4.427162e-06,0.9999955
511,149,walking,2021-05-07 10:43:43.763,2021-05-07 10:43:45.743,0.021,3,3,0.99998766,1.2872056e-10,7.2620656e-09,1.2303382e-05,0.99998766
511,149,walking,2021-05-07 10:43:44.763,2021-05-07 10:43:46.743,0.021,3,3,0.9999899,7.2260303e-10,5.3873958e-08,1.0007029e-05,0.9999899
511,149,walking,2021-05-07 10:43:45.763,2021-05-07 10:43:47.743,0.021,3,3,0.99999875,5.3675914e-10,7.746445e-08,1.0724725e-06,0.99999875
511,149,walking,2021-05-07 10:43:46.763,2021-05-07 10:43:48.743,0.021,3,3,0.9999979,8.054076e-10,6.5931154e-08,2.0002656e-06,0.9999979
511,149,walking,2021-05-07 10:43:47.763,2021-05-07 10:43:49.743,0.021,3,3,0.99999803,3.51943e-11,3.778387e-09,1.9468446e-06,0.99999803
511,149,walking,2021-05-07 10:43:48.763,2021-05-07 10:43:50.743,0.021,3,3,0.99999374,2.4561367e-11,6.0054733e-10,6.230583e-06,0.99999374
511,149,walking,2021-05-07 10:43:49.763,2021-05-07 10:43:51.743,0.021,3,3,0.9999868,4.3839973e-11,9.506638e-10,1.3126044e-05,0.9999868
511,149,walking,2021-05-07 10:43:50.763,2021-05-07 10:43:52.743,0.021,3,3,0.99996585,4.1974518e-10,6.8690262e-09,3.4039353e-05,0.99996585
511,149,walking,2021-05-07 10:43:51.763,2021-05-07 10:43:53.743,0.021,3,3,0.9999493,3.0742537e-09,1.0401122e-07,5.0515682e-05,0.9999493
511,149,walking,2021-05-07 10:43:52.763,2021-05-07 10:43:54.743,0.021,3,3,0.9999525,1.3602443e-09,1.1763023e-07,4.7359983e-05,0.9999525
511,149,walking,2021-05-07 10:43:53.763,2021-05-07 10:43:55.743,0.021,3,3,0.99992067,1.1928096e-09,1.09633774e-07,7.9130485e-05,0.99992067
511,149,walking,2021-05-07 10:43:54.763,2021-05-07 10:43:56.743,0.021,3,3,0.9999489,4.771521e-10,3.0208366e-08,5.101018e-05,0.9999489
511,149,walking,2021-05-07 10:43:55.763,2021-05-07 10:43:57.743,0.021,3,3,0.99995476,8.823229e-11,4.566248e-09,4.512284e-05,0.99995476
511,149,walking,2021-05-07 10:43:56.763,2021-05-07 10:43:58.743,0.021,3,3,0.99999064,1.0806113e-10,1.5234168e-08,9.271816e-06,0.99999064
511,149,walking,2021-05-07 10:43:57.763,2021-05-07 10:43:59.743,0.021,3,3,0.9999916,9.57954e-11,7.209746e-09,8.354871e-06,0.9999916
511,149,walking,2021-05-07 10:43:58.763,2021-05-07 10:44:00.743,0.021,3,3,0.99995893,1.4674323e-10,5.3598916e-09,4.0993753e-05,0.99995893
511,149,walking,2021-05-07 10:43:59.763,2021-05-07 10:44:01.743,0.021,3,3,0.99996644,2.6434616e-10,3.635634e-08,3.3481134e-05,0.99996644
511,149,walking,2021-05-07 10:44:00.763,2021-05-07 10:44:02.743,0.021,3,3,0.99994546,5.3342997e-10,3.1555924e-08,5.4476062e-05,0.99994546
511,149,walking,2021-05-07 10:44:01.763,2021-05-07 10:44:03.743,0.021,3,3,0.9999786,7.3826584e-11,7.334063e-09,2.1316817e-05,0.9999786
511,149,walking,2021-05-07 10:44:02.763,2021-05-07 10:44:04.743,0.021,3,3,0.999981,5.3831488e-11,3.973516e-09,1.8917117e-05,0.999981
511,149,walking,2021-05-07 10:44:03.763,2021-05-07 10:44:05.743,0.021,3,3,0.9999562,2.440403e-10,2.054114e-08,4.3682638e-05,0.9999562
511,149,walking,2021-05-07 10:44:04.763,2021-05-07 10:44:06.743,0.021,3,3,0.9999749,2.0813234e-10,1.10577165e-08,2.5005378e-05,0.9999749
511,149,walking,2021-05-07 10:44:05.763,2021-05-07 10:44:07.743,0.021,3,3,0.999978,1.5925546e-10,1.3903244e-08,2.196618e-05,0.999978
511,149,walking,2021-05-07 10:44:06.763,2021-05-07 10:44:08.743,0.021,3,3,0.9999588,3.6007658e-10,5.0774336e-08,4.1073148e-05,0.9999588
511,149,walking,2021-05-07 10:44:07.763,2021-05-07 10:44:09.743,0.021,3,3,0.99988526,1.4275501e-09,9.134797e-08,0.00011454134,0.99988526
511,149,walking,2021-05-07 10:44:08.763,2021-05-07 10:44:10.743,0.021,3,3,0.99997145,1.375527e-10,1.13899885e-08,2.8442733e-05,0.99997145
511,149,walking,2021-05-07 10:44:09.763,2021-05-07 10:44:11.743,0.021,3,3,0.99996513,9.1391894e-11,4.214563e-09,3.483841e-05,0.99996513
511,149,walking,2021-05-07 10:44:10.763,2021-05-07 10:44:12.743,0.021,3,3,0.99995047,6.955121e-11,5.6799667e-09,4.9495422e-05,0.99995047
511,149,walking,2021-05-07 10:44:11.763,2021-05-07 10:44:13.743,0.021,3,3,0.99986935,2.6370867e-10,1.1614513e-08,0.00013076347,0.99986935
511,149,walking,2021-05-07 10:44:12.763,2021-05-07 10:44:14.743,0.021,3,3,0.9999147,2.043207e-10,1.5856148e-08,8.524231e-05,0.9999147
511,149,walking,2021-05-07 10:44:13.763,2021-05-07 10:44:15.743,0.021,3,3,0.9997376,1.088899e-09,2.2822885e-08,0.0002623193,0.9997376
511,149,walking,2021-05-07 10:44:14.763,2021-05-07 10:44:16.743,0.021,3,3,0.9998572,4.742631e-10,1.44605234e-08,0.00014291346,0.9998572
511,149,walking,2021-05-07 10:44:15.763,2021-05-07 10:44:17.743,0.021,3,3,0.9999599,3.2072917e-10,8.021412e-09,4.004329e-05,0.9999599
511,149,walking,2021-05-07 10:44:16.763,2021-05-07 10:44:18.743,0.021,3,3,0.9999644,1.1844001e-10,5.940331e-09,3.5490764e-05,0.9999644
511,149,walking,2021-05-07 10:44:17.763,2021-05-07 10:44:19.743,0.021,3,3,0.9999271,8.6169245e-11,3.2871605e-09,7.277712e-05,0.9999271
511,149,walking,2021-05-07 10:44:18.763,2021-05-07 10:44:20.743,0.021,3,3,0.9999632,4.362016e-11,2.0360014e-09,3.6675858e-05,0.9999632
511,149,walking,2021-05-07 10:44:19.763,2021-05-07 10:44:21.743,0.021,3,3,0.9999555,1.5004908e-10,8.315448e-09,4.4430253e-05,0.9999555
511,149,walking,2021-05-07 10:44:20.763,2021-05-07 10:44:22.743,0.021,3,3,0.9999065,4.3514503e-10,1.5649633e-08,9.348175e-05,0.9999065
511,149,walking,2021-05-07 10:44:21.763,2021-05-07 10:44:23.743,0.021,3,3,0.9999619,1.8016862e-10,1.1390792e-08,3.8057606e-05,0.9999619
511,149,walking,2021-05-07 10:44:22.763,2021-05-07 10:44:24.743,0.021,3,3,0.99998003,1.1001419e-11,1.0530888e-09,1.9883817e-05,0.99998003
511,149,walking,2021-05-07 10:44:23.763,2021-05-07 10:44:25.743,0.021,3,3,0.99997383,2.8427065e-11,3.2181475e-09,2.6055714e-05,0.99997383
511,149,walking,2021-05-07 10:44:24.763,2021-05-07 10:44:26.743,0.021,3,3,0.9999475,1.9481074e-10,1.0019768e-08,5.2448362e-05,0.9999475
511,149,walking,2021-05-07 10:44:25.763,2021-05-07 10:44:27.743,0.021,3,3,0.9999835,1.7955532e-10,1.1476373e-08,1.6432712e-05,0.9999835
511,149,walking,2021-05-07 10:44:26.763,2021-05-07 10:44:28.743,0.021,3,3,0.9999946,5.1125344e-11,1.6368336e-08,5.3918625e-06,0.9999946
511,149,walking,2021-05-07 10:44:27.763,2021-05-07 10:44:29.743,0.021,3,3,0.9999607,4.004834e-10,3.5898044e-08,3.9175604e-05,0.9999607
511,149,walking,2021-05-07 10:44:28.763,2021-05-07 10:44:30.743,0.021,3,3,0.9999594,2.4052166e-10,1.6781561e-08,4.05122e-05,0.9999594
511,149,walking,2021-05-07 10:44:29.763,2021-05-07 10:44:31.743,0.021,3,3,0.9998935,3.3550138e-10,1.5691183e-08,0.00010637447,0.9998935
511,152,standing,2021-05-07 10:44:33.083,2021-05-07 10:44:35.063,0.021,2,2,0.99958867,5.0102453e-06,6.493622e-06,0.99958867,0.0003996231
511,152,standing,2021-05-07 10:44:34.083,2021-05-07 10:44:36.063,0.021,2,2,0.99965614,2.8449888e-06,4.4580997e-06,0.99965614,0.00033660603
511,156,standing,2021-05-07 10:44:38.923,2021-05-07 10:44:40.903,0.021,2,2,0.9998997,5.393639e-10,2.2308187e-08,0.9998997,0.0001002906
511,156,standing,2021-05-07 10:44:39.923,2021-05-07 10:44:41.903,0.021,2,2,0.99994415,3.371105e-10,1.3790477e-08,0.99994415,5.573138e-05
511,156,standing,2021-05-07 10:44:40.923,2021-05-07 10:44:42.903,0.021,2,2,0.9999401,3.9119816e-10,1.404306e-08,0.9999401,5.981036e-05
511,156,standing,2021-05-07 10:44:41.923,2021-05-07 10:44:43.903,0.021,2,2,0.999871,6.036085e-10,1.5519687e-08,0.999871,0.00012896334
511,156,standing,2021-05-07 10:44:42.923,2021-05-07 10:44:44.903,0.021,2,2,0.9999011,4.6191356e-10,1.09197495e-08,0.9999011,9.8815384e-05
511,156,standing,2021-05-07 10:44:43.923,2021-05-07 10:44:45.903,0.021,2,2,0.99988526,4.77311e-10,1.5135223e-08,0.99988526,0.00011469339
511,156,standing,2021-05-07 10:44:44.923,2021-05-07 10:44:46.903,0.021,2,2,0.9997933,8.133978e-10,2.1776053e-08,0.9997933,0.00020663395
511,156,standing,2021-05-07 10:44:45.923,2021-05-07 10:44:47.903,0.021,2,2,0.99974,1.1441885e-09,2.6475629e-08,0.99974,0.00025994913
511,156,standing,2021-05-07 10:44:46.923,2021-05-07 10:44:48.903,0.021,2,2,0.99986553,6.035995e-10,2.1073932e-08,0.99986553,0.00013461616
511,156,standing,2021-05-07 10:44:47.923,2021-05-07 10:44:49.903,0.021,2,2,0.99995595,2.7480287e-10,1.1102372e-08,0.99995595,4.4039974e-05
511,156,standing,2021-05-07 10:44:48.923,2021-05-07 10:44:50.903,0.021,2,2,0.9999388,3.5386685e-10,1.390848e-08,0.9999388,6.1162165e-05
511,156,standing,2021-05-07 10:44:49.923,2021-05-07 10:44:51.903,0.021,2,2,0.9999352,3.3418118e-10,1.215505e-08,0.9999352,6.478461e-05
511,156,standing,2021-05-07 10:44:50.923,2021-05-07 10:44:52.903,0.021,2,2,0.99994236,3.286626e-10,1.2331915e-08,0.99994236,5.752627e-05
511,156,standing,2021-05-07 10:44:51.923,2021-05-07 10:44:53.903,0.021,2,2,0.9995452,1.5419274e-09,6.670294e-08,0.9995452,0.00045475288
511,156,standing,2021-05-07 10:44:52.923,2021-05-07 10:44:54.903,0.021,2,2,0.9990326,2.4358722e-09,1.1597099e-07,0.9990326,0.00096729916
511,156,standing,2021-05-07 10:44:53.923,2021-05-07 10:44:55.903,0.021,2,2,0.9995396,9.315323e-10,4.1883354e-08,0.9995396,0.00046046657
511,159,walking,2021-05-07 10:44:57.284,2021-05-07 10:44:59.263,0.021,3,3,0.99991363,9.031186e-10,4.8190262e-08,8.630395e-05,0.99991363
511,159,walking,2021-05-07 10:44:58.284,2021-05-07 10:45:00.263,0.021,3,3,0.9999513,1.2285246e-10,3.740131e-09,4.858023e-05,0.9999513
511,159,walking,2021-05-07 10:44:59.284,2021-05-07 10:45:01.263,0.021,3,3,0.9999555,2.842385e-10,1.5544371e-08,4.446514e-05,0.9999555
511,159,walking,2021-05-07 10:45:00.283,2021-05-07 10:45:02.263,0.021,3,3,0.999976,2.321643e-10,1.6098324e-08,2.392077e-05,0.999976
511,159,walking,2021-05-07 10:45:01.283,2021-05-07 10:45:03.263,0.021,3,3,0.9999761,4.971704e-11,4.1339194e-09,2.3787214e-05,0.9999761
511,159,walking,2021-05-07 10:45:02.283,2021-05-07 10:45:04.263,0.021,3,3,0.99990505,9.200137e-10,3.4925943e-08,9.48911e-05,0.99990505
511,159,walking,2021-05-07 10:45:03.283,2021-05-07 10:45:05.263,0.021,3,3,0.99987125,4.3879847e-10,1.0158105e-08,0.00012869074,0.99987125
511,159,walking,2021-05-07 10:45:04.283,2021-05-07 10:45:06.263,0.021,3,3,0.99987555,5.290743e-10,1.8276909e-08,0.00012440684,0.99987555
511,159,walking,2021-05-07 10:45:05.283,2021-05-07 10:45:07.263,0.021,3,3,0.9999543,1.3679656e-10,4.92993e-09,4.565088e-05,0.9999543
511,159,walking,2021-05-07 10:45:06.283,2021-05-07 10:45:08.263,0.021,3,3,0.99996394,1.3073453e-10,3.7286534e-09,3.600639e-05,0.99996394
511,159,walking,2021-05-07 10:45:07.283,2021-05-07 10:45:09.263,0.021,3,3,0.9999564,1.1236881e-10,3.1342346e-09,4.355515e-05,0.9999564
511,159,walking,2021-05-07 10:45:08.284,2021-05-07 10:45:10.263,0.021,3,3,0.999986,1.2906888e-11,1.1427904e-09,1.39218855e-05,0.999986
511,159,walking,2021-05-07 10:45:09.284,2021-05-07 10:45:11.263,0.021,3,3,0.9999706,8.360349e-11,1.8487187e-09,2.9329685e-05,0.9999706
511,159,walking,2021-05-07 10:45:10.284,2021-05-07 10:45:12.263,0.021,3,3,0.9999481,2.0406347e-10,1.5824558e-08,5.186534e-05,0.9999481
511,159,walking,2021-05-07 10:45:11.284,2021-05-07 10:45:13.263,0.021,3,3,0.99996334,1.8635735e-10,7.3098887e-09,3.6637306e-05,0.99996334
511,159,walking,2021-05-07 10:45:12.284,2021-05-07 10:45:14.263,0.021,3,3,0.99998313,1.4582435e-10,1.1443625e-08,1.6822252e-05,0.99998313
511,159,walking,2021-05-07 10:45:13.284,2021-05-07 10:45:15.263,0.021,3,3,0.9999744,2.0652081e-10,3.5938525e-09,2.547748e-05,0.9999744
511,159,walking,2021-05-07 10:45:14.284,2021-05-07 10:45:16.263,0.021,3,3,0.99996763,1.6442349e-10,2.2899689e-09,3.2330718e-05,0.99996763
511,159,walking,2021-05-07 10:45:15.284,2021-05-07 10:45:17.263,0.021,3,3,0.9999748,9.87694e-11,7.655323e-09,2.5187921e-05,0.9999748
511,159,walking,2021-05-07 10:45:16.284,2021-05-07 10:45:18.263,0.021,3,3,0.99994534,1.8146823e-10,8.569607e-09,5.4621247e-05,0.99994534
511,159,walking,2021-05-07 10:45:17.284,2021-05-07 10:45:19.263,0.021,3,3,0.9999364,2.417017e-10,9.459445e-09,6.357109e-05,0.9999364
511,159,walking,2021-05-07 10:45:18.284,2021-05-07 10:45:20.263,0.021,3,3,0.99988395,1.7758561e-10,3.8137866e-09,0.00011594575,0.99988395
511,159,walking,2021-05-07 10:45:19.284,2021-05-07 10:45:21.263,0.021,3,3,0.9999139,4.010578e-10,8.195187e-09,8.607178e-05,0.9999139
511,159,walking,2021-05-07 10:45:20.284,2021-05-07 10:45:22.263,0.021,3,3,0.9999115,1.6858029e-09,3.9642188e-08,8.8413624e-05,0.9999115
511,159,walking,2021-05-07 10:45:21.284,2021-05-07 10:45:23.263,0.021,3,3,0.99993414,7.016769e-10,1.3970657e-08,6.573506e-05,0.99993414
511,159,walking,2021-05-07 10:45:22.284,2021-05-07 10:45:24.263,0.021,3,3,0.9999494,1.0673062e-09,1.2208042e-07,5.043751e-05,0.9999494
511,159,walking,2021-05-07 10:45:23.284,2021-05-07 10:45:25.263,0.021,3,3,0.9999183,8.022251e-10,2.3042494e-08,8.1619895e-05,0.9999183
511,159,walking,2021-05-07 10:45:24.284,2021-05-07 10:45:26.263,0.021,3,3,0.9997431,1.4415907e-09,1.760453e-08,0.00025682172,0.9997431
511,159,walking,2021-05-07 10:45:25.284,2021-05-07 10:45:27.263,0.021,3,3,0.99995416,1.03688315e-10,2.889292e-09,4.575657e-05,0.99995416
511,159,walking,2021-05-07 10:45:26.284,2021-05-07 10:45:28.263,0.021,3,3,0.9999859,1.5690373e-10,3.70874e-09,1.4095827e-05,0.9999859
511,159,walking,2021-05-07 10:45:27.284,2021-05-07 10:45:29.263,0.021,3,3,0.9999626,9.933901e-10,3.4270357e-08,3.7239293e-05,0.9999626
511,159,walking,2021-05-07 10:45:28.284,2021-05-07 10:45:30.263,0.021,3,3,0.9999035,2.0298543e-09,5.866706e-08,9.6361735e-05,0.9999035
511,159,walking,2021-05-07 10:45:29.284,2021-05-07 10:45:31.263,0.021,3,3,0.9998491,9.1366e-10,2.6929886e-08,0.0001509305,0.9998491
511,159,walking,2021-05-07 10:45:30.284,2021-05-07 10:45:32.263,0.021,3,3,0.99991006,2.3449068e-10,5.2715667e-09,8.992459e-05,0.99991006
511,159,walking,2021-05-07 10:45:31.284,2021-05-07 10:45:33.263,0.021,3,3,0.99995404,1.3076167e-10,2.5580233e-09,4.593088e-05,0.99995404
511,159,walking,2021-05-07 10:45:32.284,2021-05-07 10:45:34.263,0.021,3,3,0.99997777,1.1903042e-10,4.349049e-09,2.2177954e-05,0.99997777
511,159,walking,2021-05-07 10:45:33.284,2021-05-07 10:45:35.263,0.021,3,3,0.9999754,1.437323e-10,1.849768e-09,2.4501873e-05,0.9999754
511,159,walking,2021-05-07 10:45:34.284,2021-05-07 10:45:36.263,0.021,3,3,0.9999953,1.7343184e-11,7.2281786e-10,4.6137598e-06,0.9999953
511,159,walking,2021-05-07 10:45:35.284,2021-05-07 10:45:37.263,0.021,3,3,0.99989635,8.941372e-10,1.581309e-08,0.0001035602,0.99989635
511,159,walking,2021-05-07 10:45:36.284,2021-05-07 10:45:38.263,0.021,3,3,0.99983,1.0028718e-09,3.124476e-08,0.00016989166,0.99983
511,159,walking,2021-05-07 10:45:37.284,2021-05-07 10:45:39.263,0.021,3,3,0.99993855,1.3618835e-10,3.3995888e-09,6.140751e-05,0.99993855
511,159,walking,2021-05-07 10:45:38.284,2021-05-07 10:45:40.263,0.021,3,3,0.99996144,5.5885935e-11,4.3480326e-09,3.846542e-05,0.99996144
511,159,walking,2021-05-07 10:45:39.284,2021-05-07 10:45:41.263,0.021,3,3,0.9998605,1.222547e-09,4.348583e-08,0.00013947174,0.9998605
511,159,walking,2021-05-07 10:45:40.284,2021-05-07 10:45:42.263,0.021,3,3,0.999628,9.08548e-09,1.2795638e-07,0.0003719167,0.999628
511,160,standing,2021-05-07 10:45:42.324,2021-05-07 10:45:44.304,0.021,2,2,0.9998045,1.8268867e-06,1.2906424e-06,0.9998045,0.00019234534
511,160,standing,2021-05-07 10:45:43.324,2021-05-07 10:45:45.304,0.021,2,2,0.99981236,3.9934635e-06,2.7753392e-06,0.99981236,0.00018082968
511,160,standing,2021-05-07 10:45:44.324,2021-05-07 10:45:46.304,0.021,2,2,0.9997928,6.96672e-06,4.4632143e-06,0.9997928,0.00019579454
511,160,standing,2021-05-07 10:45:45.324,2021-05-07 10:45:47.304,0.021,2,2,0.9998779,6.8199497e-06,3.4089585e-06,0.9998779,0.000111809415
511,160,standing,2021-05-07 10:45:46.324,2021-05-07 10:45:48.304,0.021,2,2,0.999825,7.160963e-06,3.903963e-06,0.999825,0.00016402734
511,160,standing,2021-05-07 10:45:47.324,2021-05-07 10:45:49.304,0.021,2,2,0.99986315,5.878483e-06,3.048391e-06,0.99986315,0.00012792261
511,160,standing,2021-05-07 10:45:48.324,2021-05-07 10:45:50.304,0.021,2,2,0.999929,4.1649364e-06,2.0206344e-06,0.999929,6.472325e-05
511,160,standing,2021-05-07 10:45:49.324,2021-05-07 10:45:51.304,0.021,2,2,0.9999141,3.7193424e-06,2.106915e-06,0.9999141,7.992662e-05
511,160,standing,2021-05-07 10:45:50.324,2021-05-07 10:45:52.304,0.021,2,2,0.99990946,3.0037831e-06,1.8994859e-06,0.99990946,8.5592954e-05
511,160,standing,2021-05-07 10:45:51.324,2021-05-07 10:45:53.304,0.021,2,2,0.99990505,3.2451715e-06,2.1319977e-06,0.99990505,8.9569716e-05
511,160,standing,2021-05-07 10:45:52.324,2021-05-07 10:45:54.304,0.021,2,2,0.9999065,3.6207007e-06,2.3084563e-06,0.9999065,8.7544046e-05
511,160,standing,2021-05-07 10:45:53.324,2021-05-07 10:45:55.304,0.021,2,2,0.999916,3.5818232e-06,2.2188165e-06,0.999916,7.808436e-05
511,160,standing,2021-05-07 10:45:54.324,2021-05-07 10:45:56.304,0.021,2,2,0.9999165,3.483995e-06,2.2261531e-06,0.9999165,7.769405e-05
511,160,standing,2021-05-07 10:45:55.324,2021-05-07 10:45:57.304,0.021,2,2,0.9999235,3.4948614e-06,1.989065e-06,0.9999235,7.09129e-05
511,160,standing,2021-05-07 10:45:56.324,2021-05-07 10:45:58.304,0.021,2,2,0.9999171,3.7421203e-06,2.0741556e-06,0.9999171,7.700035e-05
511,160,standing,2021-05-07 10:45:57.324,2021-05-07 10:45:59.304,0.021,2,2,0.9999115,3.740615e-06,2.2165625e-06,0.9999115,8.2541526e-05
511,160,standing,2021-05-07 10:45:58.324,2021-05-07 10:46:00.303,0.021,2,2,0.9999153,3.676576e-06,2.1273013e-06,0.9999153,7.8839e-05
511,160,standing,2021-05-07 10:45:59.324,2021-05-07 10:46:01.303,0.021,2,2,0.9998953,3.7089685e-06,2.326944e-06,0.9998953,9.856671e-05
511,160,standing,2021-05-07 10:46:00.323,2021-05-07 10:46:02.303,0.021,2,2,0.9998553,3.2804974e-06,2.4464225e-06,0.9998553,0.00013898332
511,160,standing,2021-05-07 10:46:01.323,2021-05-07 10:46:03.303,0.021,2,2,0.9998338,2.7691012e-06,2.1824615e-06,0.9998338,0.00016116697
511,160,standing,2021-05-07 10:46:02.323,2021-05-07 10:46:04.303,0.021,2,2,0.99964684,1.4986938e-06,1.7591273e-06,0.99964684,0.0003499429
511,160,standing,2021-05-07 10:46:03.323,2021-05-07 10:46:05.303,0.021,2,2,0.9994555,7.0239435e-07,1.0934106e-06,0.9994555,0.0005426863
511,160,standing,2021-05-07 10:46:04.323,2021-05-07 10:46:06.303,0.021,2,2,0.9997988,1.9492675e-06,1.8006057e-06,0.9997988,0.00019764813
511,160,standing,2021-05-07 10:46:05.323,2021-05-07 10:46:07.303,0.021,2,2,0.99982524,5.734325e-06,3.325169e-06,0.99982524,0.00016569362
511,160,standing,2021-05-07 10:46:06.323,2021-05-07 10:46:08.303,0.021,2,2,0.9996971,8.276859e-06,4.937943e-06,0.9996971,0.0002895344
511,161,walking,2021-05-07 10:46:08.524,2021-05-07 10:46:10.503,0.021,3,3,0.9999165,1.2467988e-08,1.7624467e-06,8.160994e-05,0.9999165
511,161,walking,2021-05-07 10:46:09.524,2021-05-07 10:46:11.503,0.021,3,3,0.99982333,5.322005e-09,7.020862e-07,0.00017603142,0.99982333
511,161,walking,2021-05-07 10:46:10.524,2021-05-07 10:46:12.503,0.021,3,3,0.99671686,3.940317e-08,3.017365e-06,0.0032801768,0.99671686
511,161,walking,2021-05-07 10:46:11.524,2021-05-07 10:46:13.503,0.021,3,3,0.9981211,2.5325859e-08,3.5913288e-06,0.0018752672,0.9981211
511,161,walking,2021-05-07 10:46:12.524,2021-05-07 10:46:14.503,0.021,3,3,0.9998052,3.5950405e-09,7.9110475e-07,0.00019403902,0.9998052
511,161,walking,2021-05-07 10:46:13.524,2021-05-07 10:46:15.503,0.021,3,3,0.9992055,4.2683507e-08,2.914518e-06,0.00079159264,0.9992055
511,165,walking,2021-05-07 10:46:18.044,2021-05-07 10:46:20.024,0.021,3,3,0.9982106,5.554598e-08,1.6552805e-05,0.0017728719,0.9982106
511,165,walking,2021-05-07 10:46:19.044,2021-05-07 10:46:21.024,0.021,3,3,0.99939466,1.3683466e-08,2.4108792e-06,0.00060296844,0.99939466
511,165,walking,2021-05-07 10:46:20.044,2021-05-07 10:46:22.024,0.021,3,3,0.99943125,1.9047762e-08,2.3258065e-06,0.00056641316,0.99943125
511,165,walking,2021-05-07 10:46:21.044,2021-05-07 10:46:23.024,0.021,3,3,0.9996156,2.2065707e-08,3.6804374e-06,0.0003806807,0.9996156
511,165,walking,2021-05-07 10:46:22.044,2021-05-07 10:46:24.024,0.021,3,3,0.99964803,1.3228387e-08,1.7863512e-06,0.00035013858,0.99964803
511,165,walking,2021-05-07 10:46:23.044,2021-05-07 10:46:25.024,0.021,3,3,0.99973917,9.518274e-09,5.605434e-07,0.00026019276,0.99973917
511,165,walking,2021-05-07 10:46:24.044,2021-05-07 10:46:26.024,0.021,3,3,0.99997705,1.7498288e-09,2.5078631e-07,2.2613915e-05,0.99997705
511,165,walking,2021-05-07 10:46:25.044,2021-05-07 10:46:27.024,0.021,3,3,0.9998419,4.16529e-09,1.8554273e-07,0.00015788137,0.9998419
511,165,walking,2021-05-07 10:46:26.044,2021-05-07 10:46:28.024,0.021,3,3,0.99954915,2.734253e-08,2.5837617e-06,0.00044828432,0.99954915
511,165,walking,2021-05-07 10:46:27.044,2021-05-07 10:46:29.024,0.021,3,3,0.9999612,5.4032303e-09,1.9962872e-06,3.6760455e-05,0.9999612
511,165,walking,2021-05-07 10:46:28.044,2021-05-07 10:46:30.024,0.021,3,3,0.9998912,2.217729e-08,3.0405615e-06,0.00010558568,0.9998912
511,165,walking,2021-05-07 10:46:29.044,2021-05-07 10:46:31.024,0.021,3,3,0.99955857,6.9122583e-09,7.786031e-07,0.00044063764,0.99955857
511,165,walking,2021-05-07 10:46:30.044,2021-05-07 10:46:32.023,0.021,3,3,0.999413,2.2201718e-08,1.5666438e-06,0.00058535207,0.999413
511,165,walking,2021-05-07 10:46:31.044,2021-05-07 10:46:33.023,0.021,3,3,0.9998787,3.8486303e-09,7.2395983e-07,0.00012053766,0.9998787
511,165,walking,2021-05-07 10:46:32.043,2021-05-07 10:46:34.023,0.021,3,3,0.99981475,1.998363e-09,1.3865207e-07,0.0001851408,0.99981475
511,165,walking,2021-05-07 10:46:33.043,2021-05-07 10:46:35.023,0.021,3,3,0.9998648,5.3487055e-09,4.388641e-07,0.00013488633,0.9998648
511,165,walking,2021-05-07 10:46:34.043,2021-05-07 10:46:36.023,0.021,3,3,0.99994236,2.9698721e-09,9.528484e-07,5.6674282e-05,0.99994236
511,165,walking,2021-05-07 10:46:35.043,2021-05-07 10:46:37.023,0.021,3,3,0.9997374,1.8968276e-08,2.4207432e-06,0.0002601109,0.9997374
511,165,walking,2021-05-07 10:46:36.043,2021-05-07 10:46:38.023,0.021,3,3,0.9993962,2.0053877e-08,2.6337862e-06,0.0006010759,0.9993962
511,165,walking,2021-05-07 10:46:37.043,2021-05-07 10:46:39.023,0.021,3,3,0.9999698,4.237693e-09,1.6182531e-06,2.8589946e-05,0.9999698
511,165,walking,2021-05-07 10:46:38.043,2021-05-07 10:46:40.023,0.021,3,3,0.9999152,8.279789e-09,1.1604118e-06,8.354061e-05,0.9999152
511,165,walking,2021-05-07 10:46:39.043,2021-05-07 10:46:41.023,0.021,3,3,0.9998917,9.0698675e-09,2.5154513e-06,0.000105710365,0.9998917
511,165,walking,2021-05-07 10:46:40.043,2021-05-07 10:46:42.023,0.021,3,3,0.99998945,1.7138825e-09,1.2736027e-06,9.212364e-06,0.99998945
511,165,walking,2021-05-07 10:46:41.043,2021-05-07 10:46:43.023,0.021,3,3,0.9999135,5.3723395e-09,9.734723e-07,8.541318e-05,0.9999135
511,165,walking,2021-05-07 10:46:42.043,2021-05-07 10:46:44.023,0.021,3,3,0.9998941,9.510095e-09,8.2418865e-07,0.0001050263,0.9998941
511,165,walking,2021-05-07 10:46:43.043,2021-05-07 10:46:45.023,0.021,3,3,0.9999656,2.2047084e-09,2.8633895e-07,3.4055516e-05,0.9999656
511,165,walking,2021-05-07 10:46:44.043,2021-05-07 10:46:46.023,0.021,3,3,0.99977565,2.0653276e-08,4.121776e-06,0.00022012742,0.99977565
511,165,walking,2021-05-07 10:46:45.043,2021-05-07 10:46:47.023,0.021,3,3,0.9999798,3.4505874e-09,1.9988713e-06,1.817682e-05,0.9999798
511,165,walking,2021-05-07 10:46:46.043,2021-05-07 10:46:48.023,0.021,3,3,0.9999425,9.1724467e-10,2.3064652e-07,5.7263216e-05,0.9999425
511,165,walking,2021-05-07 10:46:47.043,2021-05-07 10:46:49.023,0.021,3,3,0.99974084,1.7858714e-08,9.1289354e-07,0.0002581789,0.99974084
511,165,walking,2021-05-07 10:46:48.043,2021-05-07 10:46:50.023,0.021,3,3,0.9995724,3.3312432e-08,1.258403e-06,0.00042639856,0.9995724
511,165,walking,2021-05-07 10:46:49.043,2021-05-07 10:46:51.023,0.021,3,3,0.9994721,5.1902404e-08,9.928973e-06,0.0005178195,0.9994721
511,167,walking,2021-05-07 10:46:52.203,2021-05-07 10:46:54.183,0.021,3,3,0.99990803,3.004811e-09,1.9603708e-07,9.171743e-05,0.99990803
511,167,walking,2021-05-07 10:46:53.203,2021-05-07 10:46:55.183,0.021,3,3,0.9997966,8.040764e-09,4.4171537e-07,0.00020299443,0.9997966
511,167,walking,2021-05-07 10:46:54.203,2021-05-07 10:46:56.183,0.021,3,3,0.99976754,5.226866e-09,6.461494e-07,0.00023181333,0.99976754
511,167,walking,2021-05-07 10:46:55.203,2021-05-07 10:46:57.183,0.021,3,3,0.9994277,8.707623e-09,3.2189706e-07,0.00057199417,0.9994277
511,167,walking,2021-05-07 10:46:56.203,2021-05-07 10:46:58.183,0.021,3,3,0.99971664,1.6900078e-08,2.1643336e-06,0.0002810821,0.99971664
511,167,walking,2021-05-07 10:46:57.203,2021-05-07 10:46:59.183,0.021,3,3,0.9997287,5.107438e-09,1.0279801e-06,0.0002701719,0.9997287
511,167,walking,2021-05-07 10:46:58.203,2021-05-07 10:47:00.184,0.021,3,3,0.9993633,6.3668577e-09,2.549799e-07,0.00063639565,0.9993633
511,167,walking,2021-05-07 10:46:59.203,2021-05-07 10:47:01.184,0.021,3,3,0.9996361,8.05198e-09,2.427645e-07,0.00036367044,0.9996361
511,167,walking,2021-05-07 10:47:00.204,2021-05-07 10:47:02.184,0.021,3,3,0.99985194,5.8999494e-10,2.9766142e-08,0.00014803567,0.99985194
511,167,walking,2021-05-07 10:47:01.204,2021-05-07 10:47:03.184,0.021,3,3,0.9999456,6.872209e-11,1.1966929e-09,5.4311786e-05,0.9999456
511,167,walking,2021-05-07 10:47:02.204,2021-05-07 10:47:04.184,0.021,3,3,0.9999569,4.2630077e-11,8.985836e-10,4.2981203e-05,0.9999569
511,167,walking,2021-05-07 10:47:03.204,2021-05-07 10:47:05.184,0.021,3,3,0.99995154,1.1935786e-10,2.908659e-09,4.835491e-05,0.99995154
511,167,walking,2021-05-07 10:47:04.204,2021-05-07 10:47:06.184,0.021,3,3,0.99993926,2.3480184e-10,3.6253331e-09,6.0627517e-05,0.99993926
511,167,walking,2021-05-07 10:47:05.204,2021-05-07 10:47:07.184,0.021,3,3,0.9999036,1.2512913e-10,2.2965845e-09,9.630634e-05,0.9999036
511,167,walking,2021-05-07 10:47:06.204,2021-05-07 10:47:08.184,0.021,3,3,0.99994415,8.443458e-11,2.0520794e-09,5.5813343e-05,0.99994415
511,167,walking,2021-05-07 10:47:07.204,2021-05-07 10:47:09.184,0.021,3,3,0.99993366,1.0603455e-10,2.682224e-09,6.628106e-05,0.99993366
511,167,walking,2021-05-07 10:47:08.204,2021-05-07 10:47:10.184,0.021,3,3,0.9999705,1.1835803e-11,1.1826556e-10,2.9425752e-05,0.9999705
511,167,walking,2021-05-07 10:47:09.204,2021-05-07 10:47:11.184,0.021,3,3,0.9999868,4.4632787e-12,4.3555843e-11,1.30628805e-05,0.9999868
511,167,walking,2021-05-07 10:47:10.204,2021-05-07 10:47:12.184,0.021,3,3,0.9999623,2.8225323e-11,9.670724e-10,3.7703554e-05,0.9999623
511,167,walking,2021-05-07 10:47:11.204,2021-05-07 10:47:13.184,0.021,3,3,0.99997395,2.0071629e-12,1.14893046e-10,2.6017478e-05,0.99997395
511,167,walking,2021-05-07 10:47:12.204,2021-05-07 10:47:14.184,0.021,3,3,0.9999911,2.8198342e-13,1.8409852e-11,8.772416e-06,0.9999911
511,167,walking,2021-05-07 10:47:13.204,2021-05-07 10:47:15.184,0.021,3,3,0.9999977,1.2882824e-13,1.4944466e-11,2.3228365e-06,0.9999977
511,167,walking,2021-05-07 10:47:14.204,2021-05-07 10:47:16.184,0.021,3,3,0.9999947,5.6413804e-13,8.374052e-11,5.2595874e-06,0.9999947
511,167,walking,2021-05-07 10:47:15.204,2021-05-07 10:47:17.184,0.021,3,3,0.9999903,5.8373553e-12,1.0963795e-09,9.629655e-06,0.9999903
511,167,walking,2021-05-07 10:47:16.204,2021-05-07 10:47:18.184,0.021,3,3,0.99998957,7.0527217e-12,1.1823158e-09,1.0327037e-05,0.99998957
511,167,walking,2021-05-07 10:47:17.204,2021-05-07 10:47:19.184,0.021,3,3,0.99999386,3.2772268e-12,3.42863e-10,6.0841926e-06,0.99999386
511,167,walking,2021-05-07 10:47:18.204,2021-05-07 10:47:20.184,0.021,3,3,0.9999849,1.0956472e-11,5.924315e-10,1.4989383e-05,0.9999849
511,167,walking,2021-05-07 10:47:19.204,2021-05-07 10:47:21.184,0.021,3,3,0.99994224,1.3749877e-11,8.163807e-10,5.7722176e-05,0.99994224
511,167,walking,2021-05-07 10:47:20.204,2021-05-07 10:47:22.184,0.021,3,3,0.99996525,7.643347e-12,1.1738982e-10,3.4635803e-05,0.99996525
511,167,walking,2021-05-07 10:47:21.204,2021-05-07 10:47:23.184,0.021,3,3,0.9999265,1.678159e-11,1.9204964e-10,7.337313e-05,0.9999265
511,167,walking,2021-05-07 10:47:22.204,2021-05-07 10:47:24.184,0.021,3,3,0.9998481,1.0192968e-10,1.1032316e-09,0.0001520155,0.9998481
511,167,walking,2021-05-07 10:47:23.204,2021-05-07 10:47:25.184,0.021,3,3,0.9998567,1.1950553e-10,9.2372665e-10,0.00014327886,0.9998567
511,167,walking,2021-05-07 10:47:24.204,2021-05-07 10:47:26.184,0.021,3,3,0.9999631,2.0937644e-11,1.2449237e-10,3.6829548e-05,0.9999631
511,167,walking,2021-05-07 10:47:25.204,2021-05-07 10:47:27.184,0.021,3,3,0.99996966,3.414078e-11,3.755674e-10,3.0321315e-05,0.99996966
511,167,walking,2021-05-07 10:47:26.204,2021-05-07 10:47:28.184,0.021,3,3,0.9999749,2.2244354e-11,9.383394e-10,2.4989788e-05,0.9999749
511,167,walking,2021-05-07 10:47:27.204,2021-05-07 10:47:29.184,0.021,3,3,0.99995524,1.8168049e-11,7.1646544e-10,4.468955e-05,0.99995524
511,167,walking,2021-05-07 10:47:28.204,2021-05-07 10:47:30.184,0.021,3,3,0.9999475,1.7589371e-11,3.4737116e-10,5.2421106e-05,0.9999475
511,167,walking,2021-05-07 10:47:29.204,2021-05-07 10:47:31.184,0.021,3,3,0.9999797,5.9285164e-12,1.2519714e-10,2.0318492e-05,0.9999797
511,167,walking,2021-05-07 10:47:30.204,2021-05-07 10:47:32.183,0.021,3,3,0.999988,1.0062652e-12,3.025338e-11,1.191503e-05,0.999988
511,167,walking,2021-05-07 10:47:31.204,2021-05-07 10:47:33.183,0.021,3,3,0.99998754,1.4653862e-12,3.856063e-11,1.24359985e-05,0.99998754
511,167,walking,2021-05-07 10:47:32.203,2021-05-07 10:47:34.183,0.021,3,3,0.99999005,2.8225068e-12,3.8667004e-11,9.920617e-06,0.99999005
511,167,walking,2021-05-07 10:47:33.203,2021-05-07 10:47:35.183,0.021,3,3,0.9999946,1.2673847e-12,2.9314048e-11,5.401312e-06,0.9999946
511,167,walking,2021-05-07 10:47:34.203,2021-05-07 10:47:36.183,0.021,3,3,0.9999946,1.1835743e-12,7.714538e-11,5.3837493e-06,0.9999946
511,167,walking,2021-05-07 10:47:35.203,2021-05-07 10:47:37.183,0.021,3,3,0.9999892,2.4412818e-12,1.222412e-10,1.0735712e-05,0.9999892
511,167,walking,2021-05-07 10:47:36.203,2021-05-07 10:47:38.183,0.021,3,3,0.99999756,2.2832243e-13,6.417159e-12,2.405031e-06,0.99999756
511,167,walking,2021-05-07 10:47:37.203,2021-05-07 10:47:39.183,0.021,3,3,0.9999984,8.9598684e-14,3.9866816e-12,1.5167138e-06,0.9999984
511,167,walking,2021-05-07 10:47:38.203,2021-05-07 10:47:40.183,0.021,3,3,0.999996,1.0958845e-12,4.7605798e-11,3.973066e-06,0.999996
511,167,walking,2021-05-07 10:47:39.203,2021-05-07 10:47:41.183,0.021,3,3,0.9999818,9.215481e-12,2.2260732e-10,1.8112813e-05,0.9999818
511,167,walking,2021-05-07 10:47:40.203,2021-05-07 10:47:42.183,0.021,3,3,0.99998885,5.184017e-12,1.478822e-10,1.1068734e-05,0.99998885
511,167,walking,2021-05-07 10:47:41.203,2021-05-07 10:47:43.183,0.021,3,3,0.9999911,2.7021337e-12,9.559859e-11,8.8192655e-06,0.9999911
511,167,walking,2021-05-07 10:47:42.203,2021-05-07 10:47:44.183,0.021,3,3,0.99999195,1.685531e-12,6.832689e-11,7.933407e-06,0.99999195
511,167,walking,2021-05-07 10:47:43.203,2021-05-07 10:47:45.183,0.021,3,3,0.99999577,2.866166e-13,1.2845958e-11,4.1717817e-06,0.99999577
511,167,walking,2021-05-07 10:47:44.203,2021-05-07 10:47:46.183,0.021,3,3,0.99998003,5.989824e-13,1.0153886e-11,1.9861322e-05,0.99998003
511,167,walking,2021-05-07 10:47:45.203,2021-05-07 10:47:47.183,0.021,3,3,0.9999903,1.939868e-12,1.910953e-11,9.6815165e-06,0.9999903
511,167,walking,2021-05-07 10:47:46.203,2021-05-07 10:47:48.183,0.021,3,3,0.9999886,1.2298548e-11,1.6041561e-10,1.1289013e-05,0.9999886
511,167,walking,2021-05-07 10:47:47.203,2021-05-07 10:47:49.183,0.021,3,3,0.9999972,1.1772262e-12,4.622671e-11,2.7884953e-06,0.9999972
511,167,walking,2021-05-07 10:47:48.203,2021-05-07 10:47:50.183,0.021,3,3,0.99999946,4.4280057e-14,4.0902125e-12,5.2642815e-07,0.99999946
511,167,walking,2021-05-07 10:47:49.203,2021-05-07 10:47:51.183,0.021,3,3,0.9999923,9.023394e-13,5.592477e-11,7.592373e-06,0.9999923
511,167,walking,2021-05-07 10:47:50.203,2021-05-07 10:47:52.183,0.021,3,3,0.9999679,8.10236e-12,3.761661e-10,3.209804e-05,0.9999679
511,167,walking,2021-05-07 10:47:51.203,2021-05-07 10:47:53.183,0.021,3,3,0.9999817,1.40230666e-11,3.1746236e-10,1.8266155e-05,0.9999817
511,167,walking,2021-05-07 10:47:52.203,2021-05-07 10:47:54.183,0.021,3,3,0.9999457,1.8815727e-11,5.126035e-10,5.418623e-05,0.9999457
511,167,walking,2021-05-07 10:47:53.203,2021-05-07 10:47:55.183,0.021,3,3,0.99995786,1.4173962e-11,6.849827e-10,4.2092423e-05,0.99995786
511,167,walking,2021-05-07 10:47:54.203,2021-05-07 10:47:56.183,0.021,3,3,0.999965,9.208755e-12,3.3557784e-10,3.4899058e-05,0.999965
511,167,walking,2021-05-07 10:47:55.203,2021-05-07 10:47:57.183,0.021,3,3,0.9999905,1.2508547e-12,8.950998e-11,9.392692e-06,0.9999905
511,167,walking,2021-05-07 10:47:56.203,2021-05-07 10:47:58.183,0.021,3,3,0.99999434,3.6306622e-12,1.642514e-10,5.597657e-06,0.99999434
511,167,walking,2021-05-07 10:47:57.203,2021-05-07 10:47:59.183,0.021,3,3,0.9999916,4.274373e-12,1.4913802e-10,8.300509e-06,0.9999916
511,167,walking,2021-05-07 10:47:58.203,2021-05-07 10:48:00.184,0.021,3,3,0.9999787,4.610124e-12,1.9241056e-10,2.1245805e-05,0.9999787
511,167,walking,2021-05-07 10:47:59.203,2021-05-07 10:48:01.184,0.021,3,3,0.9999797,2.9208062e-12,1.112692e-10,2.0261565e-05,0.9999797
511,167,walking,2021-05-07 10:48:00.204,2021-05-07 10:48:02.184,0.021,3,3,0.9999623,1.5837049e-11,6.854026e-10,3.7651447e-05,0.9999623
511,167,walking,2021-05-07 10:48:01.204,2021-05-07 10:48:03.184,0.021,3,3,0.9999431,2.9384304e-11,3.157237e-10,5.6887675e-05,0.9999431
511,167,walking,2021-05-07 10:48:02.204,2021-05-07 10:48:04.184,0.021,3,3,0.9999495,1.0217745e-11,1.1892086e-10,5.048174e-05,0.9999495
511,167,walking,2021-05-07 10:48:03.204,2021-05-07 10:48:05.184,0.021,3,3,0.999937,5.999176e-11,1.3099816e-09,6.289345e-05,0.999937
511,167,walking,2021-05-07 10:48:04.204,2021-05-07 10:48:06.184,0.021,3,3,0.99991995,4.824828e-10,5.015231e-09,8.0000835e-05,0.99991995
511,167,walking,2021-05-07 10:48:05.204,2021-05-07 10:48:07.184,0.021,3,3,0.99994975,4.2885712e-10,6.1123817e-09,5.0182327e-05,0.99994975
511,167,walking,2021-05-07 10:48:06.204,2021-05-07 10:48:08.184,0.021,3,3,0.9999692,6.780074e-11,5.8332317e-10,3.0782583e-05,0.9999692
511,167,walking,2021-05-07 10:48:07.204,2021-05-07 10:48:09.184,0.021,3,3,0.9999363,1.6464397e-10,8.4854035e-10,6.3694395e-05,0.9999363
511,167,walking,2021-05-07 10:48:08.204,2021-05-07 10:48:10.184,0.021,3,3,0.999886,1.2856419e-10,1.3365863e-09,0.00011390667,0.999886
511,167,walking,2021-05-07 10:48:09.204,2021-05-07 10:48:11.184,0.021,3,3,0.9999433,2.8776806e-11,4.3100115e-10,5.664051e-05,0.9999433
511,167,walking,2021-05-07 10:48:10.204,2021-05-07 10:48:12.184,0.021,3,3,0.9999941,1.2619977e-12,7.9357416e-11,5.8968735e-06,0.9999941
511,167,walking,2021-05-07 10:48:11.204,2021-05-07 10:48:13.184,0.021,3,3,0.9999953,8.909301e-13,4.8504534e-11,4.6750465e-06,0.9999953
511,167,walking,2021-05-07 10:48:12.204,2021-05-07 10:48:14.184,0.021,3,3,0.9999936,2.2345797e-12,1.503694e-10,6.341399e-06,0.9999936
511,168,standing,2021-05-07 10:48:15.163,2021-05-07 10:48:17.144,0.021,2,2,0.95796585,4.7406984e-06,9.042335e-06,0.95796585,0.042020347
511,168,standing,2021-05-07 10:48:16.163,2021-05-07 10:48:18.144,0.021,2,2,0.9998667,5.953007e-06,2.9336666e-06,0.9998667,0.00012444692
511,168,standing,2021-05-07 10:48:17.163,2021-05-07 10:48:19.144,0.021,2,2,0.999901,4.1130997e-06,2.0942227e-06,0.999901,9.269982e-05
511,168,standing,2021-05-07 10:48:18.163,2021-05-07 10:48:20.144,0.021,2,2,0.9998739,2.3106277e-06,1.8307389e-06,0.9998739,0.00012198574
511,168,standing,2021-05-07 10:48:19.163,2021-05-07 10:48:21.144,0.021,2,2,0.99985933,1.6479186e-06,1.4756246e-06,0.99985933,0.00013750714
511,168,standing,2021-05-07 10:48:20.163,2021-05-07 10:48:22.144,0.021,2,2,0.9998787,1.6201841e-06,1.4465733e-06,0.9998787,0.00011807533
511,168,standing,2021-05-07 10:48:21.163,2021-05-07 10:48:23.144,0.021,2,2,0.99990124,1.9799875e-06,1.6449602e-06,0.99990124,9.5091666e-05
511,168,standing,2021-05-07 10:48:22.163,2021-05-07 10:48:24.144,0.021,2,2,0.9999055,1.9836077e-06,1.6815197e-06,0.9999055,9.072858e-05
511,168,standing,2021-05-07 10:48:23.163,2021-05-07 10:48:25.144,0.021,2,2,0.9998984,1.8871345e-06,1.637549e-06,0.9998984,9.798247e-05
511,168,standing,2021-05-07 10:48:24.163,2021-05-07 10:48:26.144,0.021,2,2,0.99957293,2.01095e-06,2.404154e-06,0.99957293,0.00042256922
511,169,walking,2021-05-07 10:48:26.684,2021-05-07 10:48:28.663,0.021,3,3,0.99996454,4.918986e-11,2.8906282e-09,3.5343637e-05,0.99996454
511,169,walking,2021-05-07 10:48:27.684,2021-05-07 10:48:29.663,0.021,3,3,0.9999623,1.3519121e-11,4.4422815e-10,3.7727437e-05,0.9999623
511,169,walking,2021-05-07 10:48:28.684,2021-05-07 10:48:30.663,0.021,3,3,0.9999878,7.2637697e-13,3.054624e-11,1.21715775e-05,0.9999878
511,169,walking,2021-05-07 10:48:29.684,2021-05-07 10:48:31.663,0.021,3,3,0.9999971,3.178242e-13,1.9327323e-11,2.8741126e-06,0.9999971
511,169,walking,2021-05-07 10:48:30.684,2021-05-07 10:48:32.664,0.021,3,3,0.9999824,4.352e-12,1.9557295e-10,1.7548653e-05,0.9999824
511,169,walking,2021-05-07 10:48:31.684,2021-05-07 10:48:33.664,0.021,3,3,0.99997884,6.25333e-12,1.0518324e-10,2.1138954e-05,0.99997884
511,169,walking,2021-05-07 10:48:32.683,2021-05-07 10:48:34.664,0.021,3,3,0.9999644,4.516763e-12,5.2753888e-11,3.5520767e-05,0.9999644
511,169,walking,2021-05-07 10:48:33.683,2021-05-07 10:48:35.664,0.021,3,3,0.9999736,6.90177e-12,8.439923e-11,2.6364152e-05,0.9999736
511,169,walking,2021-05-07 10:48:34.683,2021-05-07 10:48:36.664,0.021,3,3,0.999989,7.187209e-13,1.4035157e-11,1.09821585e-05,0.999989
511,169,walking,2021-05-07 10:48:35.683,2021-05-07 10:48:37.664,0.021,3,3,0.99998456,7.9547214e-13,1.0905408e-11,1.5426775e-05,0.99998456
511,169,walking,2021-05-07 10:48:36.683,2021-05-07 10:48:38.664,0.021,3,3,0.9999916,5.727906e-13,1.9915111e-11,8.390891e-06,0.9999916
511,169,walking,2021-05-07 10:48:37.683,2021-05-07 10:48:39.664,0.021,3,3,0.9999916,4.174384e-13,2.0073911e-11,8.329e-06,0.9999916
511,169,walking,2021-05-07 10:48:38.683,2021-05-07 10:48:40.664,0.021,3,3,0.999994,9.329306e-13,2.7034316e-11,5.920303e-06,0.999994
511,169,walking,2021-05-07 10:48:39.683,2021-05-07 10:48:41.664,0.021,3,3,0.9999446,1.143913e-11,4.893027e-10,5.5251578e-05,0.9999446
511,169,walking,2021-05-07 10:48:40.683,2021-05-07 10:48:42.664,0.021,3,3,0.9999164,2.0606726e-11,9.315191e-10,8.361141e-05,0.9999164
511,169,walking,2021-05-07 10:48:41.683,2021-05-07 10:48:43.664,0.021,3,3,0.99995714,1.3417479e-11,5.147708e-10,4.278299e-05,0.99995714
511,169,walking,2021-05-07 10:48:42.683,2021-05-07 10:48:44.664,0.021,3,3,0.9999681,8.201373e-12,1.7806763e-10,3.184589e-05,0.9999681
511,169,walking,2021-05-07 10:48:43.683,2021-05-07 10:48:45.664,0.021,3,3,0.99996346,1.1634258e-11,2.716334e-10,3.6445155e-05,0.99996346
511,169,walking,2021-05-07 10:48:44.683,2021-05-07 10:48:46.664,0.021,3,3,0.9999611,1.0439186e-11,3.037064e-10,3.8884173e-05,0.9999611
511,169,walking,2021-05-07 10:48:45.683,2021-05-07 10:48:47.664,0.021,3,3,0.99997824,3.5742004e-12,8.00193e-11,2.173022e-05,0.99997824
511,169,walking,2021-05-07 10:48:46.683,2021-05-07 10:48:48.664,0.021,3,3,0.99998564,2.798901e-12,1.1699812e-10,1.4254951e-05,0.99998564
511,169,walking,2021-05-07 10:48:47.683,2021-05-07 10:48:49.664,0.021,3,3,0.999989,1.9043055e-12,3.8249584e-11,1.0940782e-05,0.999989
511,169,walking,2021-05-07 10:48:48.683,2021-05-07 10:48:50.664,0.021,3,3,0.99998134,3.677639e-12,5.341035e-11,1.8553215e-05,0.99998134
511,169,walking,2021-05-07 10:48:49.683,2021-05-07 10:48:51.664,0.021,3,3,0.9999836,9.8235526e-12,2.2046207e-10,1.63309e-05,0.9999836
511,169,walking,2021-05-07 10:48:50.683,2021-05-07 10:48:52.664,0.021,3,3,0.9999868,7.673383e-12,6.7204303e-10,1.3089305e-05,0.9999868
511,169,walking,2021-05-07 10:48:51.683,2021-05-07 10:48:53.664,0.021,3,3,0.9999774,5.241577e-11,1.374222e-09,2.253893e-05,0.9999774
511,169,walking,2021-05-07 10:48:52.683,2021-05-07 10:48:54.664,0.021,3,3,0.9999817,1.1223793e-11,4.4950246e-10,1.824676e-05,0.9999817
511,169,walking,2021-05-07 10:48:53.683,2021-05-07 10:48:55.664,0.021,3,3,0.9999973,9.588029e-13,8.034183e-11,2.5780466e-06,0.9999973
511,169,walking,2021-05-07 10:48:54.683,2021-05-07 10:48:56.664,0.021,3,3,0.999999,4.2217206e-13,2.3323385e-11,9.161351e-07,0.999999
511,169,walking,2021-05-07 10:48:55.683,2021-05-07 10:48:57.664,0.021,3,3,0.99999744,8.7648893e-13,8.925113e-11,2.4569813e-06,0.99999744
511,169,walking,2021-05-07 10:48:56.683,2021-05-07 10:48:58.664,0.021,3,3,0.99999696,1.1534695e-13,8.5917705e-12,3.0313252e-06,0.99999696
511,169,walking,2021-05-07 10:48:57.683,2021-05-07 10:48:59.664,0.021,3,3,0.9999986,4.810146e-14,6.888173e-12,1.2915358e-06,0.9999986
511,169,walking,2021-05-07 10:48:58.683,2021-05-07 10:49:00.664,0.021,3,3,0.9999903,1.7611869e-12,5.8491274e-11,9.675978e-06,0.9999903
511,169,walking,2021-05-07 10:48:59.683,2021-05-07 10:49:01.664,0.021,3,3,0.99998504,1.341028e-11,4.1218287e-10,1.4861437e-05,0.99998504
511,169,walking,2021-05-07 10:49:00.684,2021-05-07 10:49:02.664,0.021,3,3,0.99999636,3.4221475e-12,1.5066408e-10,3.5993287e-06,0.99999636
511,169,walking,2021-05-07 10:49:01.684,2021-05-07 10:49:03.664,0.021,3,3,0.99999577,1.8622e-12,5.0393297e-11,4.2123156e-06,0.99999577
511,169,walking,2021-05-07 10:49:02.684,2021-05-07 10:49:04.664,0.021,3,3,0.9999972,2.7070596e-13,1.05939545e-11,2.7891203e-06,0.9999972
511,169,walking,2021-05-07 10:49:03.684,2021-05-07 10:49:05.664,0.021,3,3,0.9999978,2.8375604e-13,8.934939e-12,2.1549745e-06,0.9999978
511,169,walking,2021-05-07 10:49:04.684,2021-05-07 10:49:06.664,0.021,3,3,0.9999984,1.89034e-12,9.448552e-11,1.5899769e-06,0.9999984
511,169,walking,2021-05-07 10:49:05.684,2021-05-07 10:49:07.664,0.021,3,3,0.99999744,3.3656016e-12,3.6647615e-10,2.460827e-06,0.99999744
511,169,walking,2021-05-07 10:49:06.684,2021-05-07 10:49:08.663,0.021,3,3,0.9999904,1.1534324e-11,4.87795e-10,9.515562e-06,0.9999904
511,169,walking,2021-05-07 10:49:07.684,2021-05-07 10:49:09.663,0.021,3,3,0.9999761,9.937095e-12,1.4403924e-10,2.3877445e-05,0.9999761
511,169,walking,2021-05-07 10:49:08.684,2021-05-07 10:49:10.663,0.021,3,3,0.9999868,2.117383e-12,4.4708813e-11,1.3153386e-05,0.9999868
511,169,walking,2021-05-07 10:49:09.684,2021-05-07 10:49:11.663,0.021,3,3,0.9999892,5.2852666e-12,2.0832437e-10,1.0779858e-05,0.9999892
511,169,walking,2021-05-07 10:49:10.684,2021-05-07 10:49:12.663,0.021,3,3,0.9999928,4.4969133e-12,1.2949297e-10,7.20029e-06,0.9999928
511,169,walking,2021-05-07 10:49:11.684,2021-05-07 10:49:13.663,0.021,3,3,0.9999952,4.8386416e-12,2.3268788e-10,4.717301e-06,0.9999952
511,169,walking,2021-05-07 10:49:12.684,2021-05-07 10:49:14.663,0.021,3,3,0.99999565,4.571255e-12,3.3406947e-10,4.3401838e-06,0.99999565
511,169,walking,2021-05-07 10:49:13.684,2021-05-07 10:49:15.663,0.021,3,3,0.99999744,7.461998e-13,3.9259283e-11,2.5499248e-06,0.99999744
511,169,walking,2021-05-07 10:49:14.684,2021-05-07 10:49:16.663,0.021,3,3,0.9999984,6.867765e-14,4.781619e-12,1.503423e-06,0.9999984
511,169,walking,2021-05-07 10:49:15.684,2021-05-07 10:49:17.663,0.021,3,3,0.99999875,1.3580955e-13,1.3479652e-11,1.24416e-06,0.99999875
511,169,walking,2021-05-07 10:49:16.684,2021-05-07 10:49:18.663,0.021,3,3,0.9999952,7.082135e-12,4.9876736e-10,4.8192405e-06,0.9999952
511,169,walking,2021-05-07 10:49:17.684,2021-05-07 10:49:19.663,0.021,3,3,0.9999904,2.75485e-11,1.585377e-09,9.581974e-06,0.9999904
511,169,walking,2021-05-07 10:49:18.684,2021-05-07 10:49:20.663,0.021,3,3,0.99999195,2.470354e-11,1.9622544e-09,7.991573e-06,0.99999195
511,169,walking,2021-05-07 10:49:19.684,2021-05-07 10:49:21.663,0.021,3,3,0.99999565,2.6107469e-11,2.3530349e-09,4.288261e-06,0.99999565
511,169,walking,2021-05-07 10:49:20.684,2021-05-07 10:49:22.663,0.021,3,3,0.9999997,1.7258765e-13,1.6467826e-10,2.2054859e-07,0.9999997
511,169,walking,2021-05-07 10:49:21.684,2021-05-07 10:49:23.663,0.021,3,3,0.9999998,7.1617205e-14,4.832238e-11,1.4905743e-07,0.9999998
511,169,walking,2021-05-07 10:49:22.684,2021-05-07 10:49:24.663,0.021,3,3,0.9999983,9.050738e-12,1.1315064e-09,1.6261785e-06,0.9999983
511,169,walking,2021-05-07 10:49:23.684,2021-05-07 10:49:25.663,0.021,3,3,0.9999971,6.16585e-11,2.739896e-08,2.868272e-06,0.9999971
511,169,walking,2021-05-07 10:49:24.684,2021-05-07 10:49:26.663,0.021,3,3,0.9999842,2.7570946e-10,1.1707136e-07,1.5655605e-05,0.9999842
511,169,walking,2021-05-07 10:49:25.684,2021-05-07 10:49:27.663,0.021,3,3,0.9999493,6.4664313e-10,2.0065598e-07,5.0450686e-05,0.9999493
511,169,walking,2021-05-07 10:49:26.684,2021-05-07 10:49:28.663,0.021,3,3,0.9999793,2.0139021e-10,3.2393636e-08,2.0539197e-05,0.9999793
511,169,walking,2021-05-07 10:49:27.684,2021-05-07 10:49:29.663,0.021,3,3,0.9999822,1.6558056e-10,1.1473162e-08,1.7702672e-05,0.9999822
511,169,walking,2021-05-07 10:49:28.684,2021-05-07 10:49:30.663,0.021,3,3,0.99996763,8.697972e-11,5.419614e-09,3.224229e-05,0.99996763
511,169,walking,2021-05-07 10:49:29.684,2021-05-07 10:49:31.663,0.021,3,3,0.9999891,1.6692167e-11,2.8585752e-09,1.08039185e-05,0.9999891
511,169,walking,2021-05-07 10:49:30.684,2021-05-07 10:49:32.664,0.021,3,3,0.99998814,4.4845353e-11,6.509602e-09,1.1806714e-05,0.99998814
511,169,walking,2021-05-07 10:49:31.684,2021-05-07 10:49:33.664,0.021,3,3,0.99997216,6.5756796e-11,1.1463881e-08,2.7812852e-05,0.99997216
511,169,walking,2021-05-07 10:49:32.683,2021-05-07 10:49:34.664,0.021,3,3,0.99984,9.239985e-10,1.5787586e-07,0.00015992596,0.99984
511,169,walking,2021-05-07 10:49:33.683,2021-05-07 10:49:35.664,0.021,3,3,0.9998379,1.8218053e-09,1.8080885e-07,0.00016202216,0.9998379
511,169,walking,2021-05-07 10:49:34.683,2021-05-07 10:49:36.664,0.021,3,3,0.9998746,1.343682e-09,1.3332395e-07,0.00012533835,0.9998746
511,169,walking,2021-05-07 10:49:35.683,2021-05-07 10:49:37.664,0.021,3,3,0.99992365,1.4195671e-10,1.5070873e-08,7.625437e-05,0.99992365
511,169,walking,2021-05-07 10:49:36.683,2021-05-07 10:49:38.664,0.021,3,3,0.9999898,3.0797392e-11,4.8083937e-08,1.0051762e-05,0.9999898
511,169,walking,2021-05-07 10:49:37.683,2021-05-07 10:49:39.664,0.021,3,3,0.99999017,4.0295923e-11,2.2598135e-08,9.776533e-06,0.99999017
511,169,walking,2021-05-07 10:49:38.683,2021-05-07 10:49:40.664,0.021,3,3,0.9999731,5.145647e-11,3.3330472e-09,2.6838758e-05,0.9999731
511,169,walking,2021-05-07 10:49:39.683,2021-05-07 10:49:41.664,0.021,3,3,0.99989074,2.1932015e-10,3.113487e-08,0.00010911019,0.99989074
511,169,walking,2021-05-07 10:49:40.683,2021-05-07 10:49:42.664,0.021,3,3,0.9999446,7.4815526e-10,1.2984455e-07,5.5131623e-05,0.9999446
511,169,walking,2021-05-07 10:49:41.683,2021-05-07 10:49:43.664,0.021,3,3,0.9999946,1.4037712e-09,6.948255e-07,4.643991e-06,0.9999946
511,169,walking,2021-05-07 10:49:42.683,2021-05-07 10:49:44.664,0.021,3,3,0.99996763,3.6926637e-09,4.647873e-07,3.1789496e-05,0.99996763
511,169,walking,2021-05-07 10:49:43.683,2021-05-07 10:49:45.664,0.021,3,3,0.9987906,3.1756027e-08,8.8239585e-07,0.0012083943,0.9987906
511,170,sitting,2021-05-07 10:49:47.683,2021-05-07 10:49:49.664,0.021,1,1,0.9999971,1.4048203e-06,0.9999971,2.1580875e-07,1.1721727e-06
511,170,sitting,2021-05-07 10:49:48.683,2021-05-07 10:49:50.664,0.021,1,1,0.9999935,5.4870497e-06,0.9999935,3.305761e-07,5.9222504e-07
511,170,sitting,2021-05-07 10:49:49.683,2021-05-07 10:49:51.664,0.021,1,1,0.9999955,3.2908097e-06,0.9999955,2.730315e-07,8.232447e-07
511,170,sitting,2021-05-07 10:49:50.683,2021-05-07 10:49:52.664,0.021,1,1,0.9999972,5.789068e-07,0.9999972,1.12088216e-07,1.98854e-06
511,170,sitting,2021-05-07 10:49:51.683,2021-05-07 10:49:53.664,0.021,1,1,0.99999684,6.826282e-07,0.99999684,1.6972574e-07,2.241212e-06
511,170,sitting,2021-05-07 10:49:52.683,2021-05-07 10:49:54.664,0.021,1,1,0.999996,6.451221e-07,0.999996,1.7020182e-07,3.1918946e-06
511,170,sitting,2021-05-07 10:49:53.683,2021-05-07 10:49:55.664,0.021,1,1,0.9999948,5.23182e-07,0.9999948,1.5499663e-07,4.500167e-06
511,170,sitting,2021-05-07 10:49:54.683,2021-05-07 10:49:56.664,0.021,1,1,0.9999959,5.881189e-07,0.9999959,1.5284927e-07,3.378979e-06
511,170,sitting,2021-05-07 10:49:55.683,2021-05-07 10:49:57.664,0.021,1,1,0.99999636,7.8472857e-07,0.99999636,1.8562574e-07,2.5059999e-06
511,170,sitting,2021-05-07 10:49:56.683,2021-05-07 10:49:58.664,0.021,1,1,0.99999624,7.823821e-07,0.99999624,1.9592055e-07,2.5940076e-06
511,170,sitting,2021-05-07 10:49:57.683,2021-05-07 10:49:59.664,0.021,1,1,0.9999965,6.1258106e-07,0.9999965,1.492232e-07,2.6895689e-06
511,170,sitting,2021-05-07 10:49:58.683,2021-05-07 10:50:00.664,0.021,1,1,0.99999636,5.2432466e-07,0.99999636,1.2919413e-07,2.95687e-06
511,170,sitting,2021-05-07 10:49:59.683,2021-05-07 10:50:01.664,0.021,1,1,0.99999636,4.992712e-07,0.99999636,1.1591295e-07,3.0278334e-06
511,170,sitting,2021-05-07 10:50:00.684,2021-05-07 10:50:02.664,0.021,1,1,0.9999941,3.0473672e-07,0.9999941,7.224208e-08,5.3367685e-06
511,170,sitting,2021-05-07 10:50:01.684,2021-05-07 10:50:03.664,0.021,1,1,0.999976,1.1149819e-07,0.999976,3.825476e-08,2.3879333e-05
511,170,sitting,2021-05-07 10:50:02.684,2021-05-07 10:50:04.664,0.021,1,1,0.99988514,4.836421e-08,0.99988514,2.5930836e-08,0.00011481419
511,170,sitting,2021-05-07 10:50:03.684,2021-05-07 10:50:05.664,0.021,1,1,0.99866855,2.5655764e-08,0.99866855,1.4188254e-08,0.0013315058
511,170,sitting,2021-05-07 10:50:04.684,2021-05-07 10:50:06.664,0.021,1,1,0.99978137,3.0066218e-08,0.99978137,9.50808e-09,0.0002185494
511,170,sitting,2021-05-07 10:50:05.684,2021-05-07 10:50:07.664,0.021,1,1,0.99999446,1.03914594e-07,0.99999446,2.5201302e-08,5.3053486e-06
511,170,sitting,2021-05-07 10:50:06.684,2021-05-07 10:50:08.663,0.021,1,1,0.99997693,7.563933e-08,0.99997693,3.207876e-08,2.2900014e-05
511,170,sitting,2021-05-07 10:50:07.684,2021-05-07 10:50:09.663,0.021,1,1,0.99995226,6.084461e-08,0.99995226,4.2892896e-08,4.7521804e-05
511,170,sitting,2021-05-07 10:50:08.684,2021-05-07 10:50:10.663,0.021,1,1,0.99995106,1.6265832e-07,0.99995106,1.5407717e-07,4.863348e-05
511,170,sitting,2021-05-07 10:50:09.684,2021-05-07 10:50:11.663,0.021,1,1,0.9999539,1.1369137e-06,0.9999539,1.2915324e-06,4.354225e-05
511,170,sitting,2021-05-07 10:50:10.684,2021-05-07 10:50:12.663,0.021,1,1,0.99998635,1.8556093e-06,0.99998635,8.251015e-07,1.0804601e-05
511,170,sitting,2021-05-07 10:50:11.684,2021-05-07 10:50:13.663,0.021,1,1,0.99999446,1.2279828e-06,0.99999446,2.888031e-07,3.9936344e-06
511,170,sitting,2021-05-07 10:50:12.684,2021-05-07 10:50:14.663,0.021,1,1,0.9999948,8.796177e-07,0.9999948,2.0902158e-07,4.0285145e-06
511,170,sitting,2021-05-07 10:50:13.684,2021-05-07 10:50:15.663,0.021,1,1,0.9999946,9.032551e-07,0.9999946,2.1422743e-07,4.205162e-06
511,170,sitting,2021-05-07 10:50:14.684,2021-05-07 10:50:16.663,0.021,1,1,0.99999374,9.040661e-07,0.99999374,2.2417662e-07,5.0427216e-06
511,170,sitting,2021-05-07 10:50:15.684,2021-05-07 10:50:17.663,0.021,1,1,0.9999935,8.478266e-07,0.9999935,2.0924668e-07,5.322391e-06
511,170,sitting,2021-05-07 10:50:16.684,2021-05-07 10:50:18.663,0.021,1,1,0.99999386,8.683382e-07,0.99999386,2.2142233e-07,5.024749e-06
511,170,sitting,2021-05-07 10:50:17.684,2021-05-07 10:50:19.663,0.021,1,1,0.9999934,8.6936194e-07,0.9999934,2.2847685e-07,5.4651305e-06
511,170,sitting,2021-05-07 10:50:18.684,2021-05-07 10:50:20.663,0.021,1,1,0.9999948,1.0818452e-06,0.9999948,2.6382745e-07,3.7647555e-06
511,170,sitting,2021-05-07 10:50:19.684,2021-05-07 10:50:21.663,0.021,1,1,0.999993,4.737434e-06,0.999993,1.0598283e-06,1.1119517e-06
511,170,sitting,2021-05-07 10:50:20.684,2021-05-07 10:50:22.663,0.021,1,1,0.9999681,1.9683928e-05,0.9999681,1.1688887e-05,4.835815e-07
511,170,sitting,2021-05-07 10:50:21.684,2021-05-07 10:50:23.663,0.021,1,1,0.99998266,1.3984167e-05,0.99998266,2.8190245e-06,4.411084e-07
511,170,sitting,2021-05-07 10:50:22.684,2021-05-07 10:50:24.663,0.021,1,1,0.99999684,1.7486499e-06,0.99999684,1.6437114e-07,1.1479208e-06
511,170,sitting,2021-05-07 10:50:23.684,2021-05-07 10:50:25.663,0.021,1,1,0.9999973,8.644248e-07,0.9999973,1.2885992e-07,1.7120362e-06
511,170,sitting,2021-05-07 10:50:24.684,2021-05-07 10:50:26.663,0.021,1,1,0.99999744,1.0104445e-06,0.99999744,1.3665833e-07,1.4509068e-06
511,170,sitting,2021-05-07 10:50:25.684,2021-05-07 10:50:27.663,0.021,1,1,0.9999967,1.6240666e-06,0.9999967,2.0604453e-07,1.2525136e-06
511,170,sitting,2021-05-07 10:50:26.684,2021-05-07 10:50:28.663,0.021,1,1,0.99999636,2.0905352e-06,0.99999636,2.7015724e-07,1.1736707e-06
511,170,sitting,2021-05-07 10:50:27.684,2021-05-07 10:50:29.663,0.021,1,1,0.9999966,1.9321926e-06,0.9999966,2.450842e-07,1.2291383e-06
511,170,sitting,2021-05-07 10:50:28.684,2021-05-07 10:50:30.663,0.021,1,1,0.9999966,1.78476e-06,0.9999966,2.3543772e-07,1.3650458e-06
511,170,sitting,2021-05-07 10:50:29.684,2021-05-07 10:50:31.663,0.021,1,1,0.9999849,6.608922e-07,0.9999849,1.0420835e-07,1.418805e-05
511,170,sitting,2021-05-07 10:50:30.684,2021-05-07 10:50:32.664,0.021,1,1,0.99998325,3.7984586e-07,0.99998325,8.006852e-08,1.6252416e-05
511,170,sitting,2021-05-07 10:50:31.684,2021-05-07 10:50:33.664,0.021,1,1,0.99999696,5.961876e-07,0.99999696,1.5549651e-07,2.3065593e-06
511,170,sitting,2021-05-07 10:50:32.683,2021-05-07 10:50:34.664,0.021,1,1,0.9999965,6.91321e-07,0.9999965,1.8226385e-07,2.5250674e-06
511,170,sitting,2021-05-07 10:50:33.683,2021-05-07 10:50:35.664,0.021,1,1,0.9999966,9.587467e-07,0.9999966,2.1009375e-07,2.1402623e-06
511,170,sitting,2021-05-07 10:50:34.683,2021-05-07 10:50:36.664,0.021,1,1,0.99999577,2.2509903e-06,0.99999577,3.654246e-07,1.5263403e-06
511,170,sitting,2021-05-07 10:50:35.683,2021-05-07 10:50:37.664,0.021,1,1,0.9999953,3.0009198e-06,0.9999953,4.0970303e-07,1.2609373e-06
511,170,sitting,2021-05-07 10:50:36.683,2021-05-07 10:50:38.664,0.021,1,1,0.9999961,2.124951e-06,0.9999961,3.2285328e-07,1.3573007e-06
511,170,sitting,2021-05-07 10:50:37.683,2021-05-07 10:50:39.664,0.021,1,1,0.99999624,1.7786898e-06,0.99999624,3.2419732e-07,1.5740657e-06
511,170,sitting,2021-05-07 10:50:38.683,2021-05-07 10:50:40.664,0.021,1,1,0.9999965,1.3173492e-06,0.9999965,2.7000843e-07,1.9385325e-06
511,170,sitting,2021-05-07 10:50:39.683,2021-05-07 10:50:41.664,0.021,1,1,0.99999624,1.2859161e-06,0.99999624,2.7112407e-07,2.1307142e-06
511,171,walking,2021-05-07 10:50:45.683,2021-05-07 10:50:47.664,0.021,3,3,0.9999973,4.5112573e-11,2.8209346e-08,2.5717702e-06,0.9999973
511,171,walking,2021-05-07 10:50:46.683,2021-05-07 10:50:48.664,0.021,3,3,0.9999625,1.0354793e-09,3.7677623e-08,3.7365757e-05,0.9999625
511,171,walking,2021-05-07 10:50:47.683,2021-05-07 10:50:49.664,0.021,3,3,0.99999887,1.5530797e-11,3.6677947e-10,1.0494289e-06,0.99999887
511,171,walking,2021-05-07 10:50:48.683,2021-05-07 10:50:50.664,0.021,3,3,0.9999729,2.2000687e-10,3.27211e-09,2.7017926e-05,0.9999729
511,171,walking,2021-05-07 10:50:49.683,2021-05-07 10:50:51.664,0.021,3,3,0.9996905,1.6874696e-09,9.4875105e-08,0.00030937218,0.9996905
511,171,walking,2021-05-07 10:50:50.683,2021-05-07 10:50:52.664,0.021,3,3,0.999927,5.0451693e-10,2.635813e-08,7.2888935e-05,0.999927
511,171,walking,2021-05-07 10:50:51.683,2021-05-07 10:50:53.664,0.021,3,3,0.99997157,2.7783179e-10,4.198337e-08,2.8382094e-05,0.99997157
511,171,walking,2021-05-07 10:50:52.683,2021-05-07 10:50:54.664,0.021,3,3,0.99999744,1.9747821e-10,2.1357017e-07,2.2939576e-06,0.99999744
511,171,walking,2021-05-07 10:50:53.683,2021-05-07 10:50:55.664,0.021,3,3,0.99999183,2.0036131e-10,1.3226578e-08,8.147878e-06,0.99999183
511,171,walking,2021-05-07 10:50:54.683,2021-05-07 10:50:56.664,0.021,3,3,0.9999668,2.4231742e-10,1.323205e-08,3.3150904e-05,0.9999668
511,171,walking,2021-05-07 10:50:55.683,2021-05-07 10:50:57.664,0.021,3,3,0.99999636,2.9259244e-11,2.1099202e-09,3.5931726e-06,0.99999636
511,171,walking,2021-05-07 10:50:56.683,2021-05-07 10:50:58.664,0.021,3,3,0.9999941,3.6008432e-11,3.797953e-09,5.852446e-06,0.9999941
511,171,walking,2021-05-07 10:50:57.683,2021-05-07 10:50:59.664,0.021,3,3,0.99993056,1.4745731e-10,3.1801288e-09,6.9331625e-05,0.99993056
511,171,walking,2021-05-07 10:50:58.683,2021-05-07 10:51:00.664,0.021,3,3,0.99998647,4.553203e-11,1.0807599e-09,1.3411018e-05,0.99998647
511,171,walking,2021-05-07 10:50:59.683,2021-05-07 10:51:01.664,0.021,3,3,0.9999991,1.5377933e-11,1.9344124e-09,8.748812e-07,0.9999991
511,171,walking,2021-05-07 10:51:00.684,2021-05-07 10:51:02.664,0.021,3,3,0.9999737,5.3554106e-10,8.069816e-09,2.62641e-05,0.9999737
511,171,walking,2021-05-07 10:51:01.684,2021-05-07 10:51:03.664,0.021,3,3,0.9999533,2.6433816e-10,2.0994486e-09,4.659079e-05,0.9999533
511,171,walking,2021-05-07 10:51:02.684,2021-05-07 10:51:04.664,0.021,3,3,0.9999849,6.164011e-11,1.3732838e-09,1.5075412e-05,0.9999849
511,171,walking,2021-05-07 10:51:03.684,2021-05-07 10:51:05.664,0.021,3,3,0.9999886,8.180638e-12,9.780052e-10,1.1300075e-05,0.9999886
511,171,walking,2021-05-07 10:51:04.684,2021-05-07 10:51:06.664,0.021,3,3,0.99998933,2.8454955e-11,3.2404883e-09,1.063127e-05,0.99998933
511,171,walking,2021-05-07 10:51:05.684,2021-05-07 10:51:07.664,0.021,3,3,0.99999934,3.0127036e-11,2.5488573e-08,5.660339e-07,0.99999934
511,171,walking,2021-05-07 10:51:06.684,2021-05-07 10:51:08.663,0.021,3,3,0.9999998,2.635227e-11,4.805563e-08,1.1924251e-07,0.9999998
511,171,walking,2021-05-07 10:51:07.684,2021-05-07 10:51:09.663,0.021,3,3,0.999996,8.803941e-11,2.804611e-08,3.9617344e-06,0.999996
511,171,walking,2021-05-07 10:51:08.684,2021-05-07 10:51:10.663,0.021,3,3,0.9998929,8.1661133e-10,7.41305e-08,0.00010697759,0.9998929
511,171,walking,2021-05-07 10:51:09.684,2021-05-07 10:51:11.663,0.021,3,3,0.99993163,2.2025908e-09,6.7037604e-07,6.7684115e-05,0.99993163
511,171,walking,2021-05-07 10:51:10.684,2021-05-07 10:51:12.663,0.021,3,3,0.9999854,3.271438e-10,1.11308e-07,1.4437031e-05,0.9999854
511,171,walking,2021-05-07 10:51:11.684,2021-05-07 10:51:13.663,0.021,3,3,0.99997586,1.5861373e-09,1.9997663e-07,2.3886732e-05,0.99997586
511,171,walking,2021-05-07 10:51:12.684,2021-05-07 10:51:14.663,0.021,3,3,0.99999267,5.2075164e-11,9.976035e-09,7.2877906e-06,0.99999267
511,171,walking,2021-05-07 10:51:13.684,2021-05-07 10:51:15.663,0.021,3,3,0.9998462,2.1779023e-09,1.2821484e-07,0.0001537517,0.9998462
511,171,walking,2021-05-07 10:51:14.684,2021-05-07 10:51:16.663,0.021,3,3,0.99998826,1.6526802e-09,2.9759428e-07,1.1381489e-05,0.99998826
511,171,walking,2021-05-07 10:51:15.684,2021-05-07 10:51:17.663,0.021,3,3,0.9999898,2.046966e-09,2.2564328e-07,9.9146755e-06,0.9999898
511,171,walking,2021-05-07 10:51:16.684,2021-05-07 10:51:18.663,0.021,3,3,0.99999756,3.5450445e-10,3.3283357e-07,2.0002076e-06,0.99999756
511,171,walking,2021-05-07 10:51:17.684,2021-05-07 10:51:19.663,0.021,3,3,0.9999977,1.0790007e-09,2.9216295e-07,1.9522693e-06,0.9999977
511,171,walking,2021-05-07 10:51:18.684,2021-05-07 10:51:20.663,0.021,3,3,0.9999997,3.0432237e-10,8.684141e-08,9.305552e-08,0.9999997
511,171,walking,2021-05-07 10:51:19.684,2021-05-07 10:51:21.663,0.021,3,3,0.9999959,2.1817879e-09,3.3614094e-07,3.6560257e-06,0.9999959
511,171,walking,2021-05-07 10:51:20.684,2021-05-07 10:51:22.663,0.021,3,3,0.99998266,2.112556e-10,8.3441016e-08,1.7156224e-05,0.99998266
511,171,walking,2021-05-07 10:51:21.684,2021-05-07 10:51:23.663,0.021,3,3,0.9999977,1.0891317e-10,3.280611e-08,2.225869e-06,0.9999977
511,171,walking,2021-05-07 10:51:22.684,2021-05-07 10:51:24.663,0.021,3,3,0.9999998,6.764703e-11,4.6311182e-08,7.094201e-08,0.9999998
511,171,walking,2021-05-07 10:51:23.684,2021-05-07 10:51:25.663,0.021,3,3,0.9999997,2.6683875e-10,1.3381262e-07,7.0171694e-08,0.9999997
511,171,walking,2021-05-07 10:51:24.684,2021-05-07 10:51:26.663,0.021,3,3,0.99999386,1.5534646e-09,5.863324e-07,5.5254636e-06,0.99999386
511,171,walking,2021-05-07 10:51:25.684,2021-05-07 10:51:27.663,0.021,3,3,0.9999886,1.00704445e-10,5.9126812e-08,1.1294279e-05,0.9999886
511,171,walking,2021-05-07 10:51:26.684,2021-05-07 10:51:28.663,0.021,3,3,0.9999946,1.7931594e-11,3.961009e-09,5.3176027e-06,0.9999946
511,171,walking,2021-05-07 10:51:27.684,2021-05-07 10:51:29.663,0.021,3,3,0.9999986,2.8411672e-11,1.123891e-08,1.3578543e-06,0.9999986
511,171,walking,2021-05-07 10:51:28.684,2021-05-07 10:51:30.663,0.021,3,3,0.99999803,5.112301e-10,1.0200853e-07,1.8573112e-06,0.99999803
511,171,walking,2021-05-07 10:51:29.684,2021-05-07 10:51:31.663,0.021,3,3,0.99999875,1.4560733e-10,1.1212089e-07,1.0299754e-06,0.99999875
511,171,walking,2021-05-07 10:51:30.684,2021-05-07 10:51:32.664,0.021,3,3,0.99997157,6.149207e-10,2.5120502e-07,2.8094777e-05,0.99997157
511,171,walking,2021-05-07 10:51:31.684,2021-05-07 10:51:33.664,0.021,3,3,0.9999384,1.4536351e-10,4.7390778e-08,6.1453786e-05,0.9999384
511,171,walking,2021-05-07 10:51:32.683,2021-05-07 10:51:34.664,0.021,3,3,0.9999693,2.3515717e-10,4.3913335e-08,3.0605024e-05,0.9999693
511,171,walking,2021-05-07 10:51:33.683,2021-05-07 10:51:35.664,0.021,3,3,0.9999992,1.1063059e-10,1.467397e-07,5.421451e-07,0.9999992
511,171,walking,2021-05-07 10:51:34.683,2021-05-07 10:51:36.664,0.021,3,3,0.99999684,1.1076677e-09,1.9103763e-06,1.2012681e-06,0.99999684
511,171,walking,2021-05-07 10:51:35.683,2021-05-07 10:51:37.664,0.021,3,3,0.99998707,2.2201825e-10,1.279279e-07,1.2767756e-05,0.99998707
511,171,walking,2021-05-07 10:51:36.683,2021-05-07 10:51:38.664,0.021,3,3,0.99998885,7.933676e-10,3.8084116e-07,1.0696107e-05,0.99998885
511,171,walking,2021-05-07 10:51:37.683,2021-05-07 10:51:39.664,0.021,3,3,0.999999,2.2243374e-10,3.649316e-07,5.8452764e-07,0.999999
511,171,walking,2021-05-07 10:51:38.683,2021-05-07 10:51:40.664,0.021,3,3,0.9999967,2.4856204e-09,2.365393e-06,9.000522e-07,0.9999967
511,171,walking,2021-05-07 10:51:39.683,2021-05-07 10:51:41.664,0.021,3,3,0.9999941,4.006007e-10,4.572838e-07,5.40947e-06,0.9999941
511,171,walking,2021-05-07 10:51:40.683,2021-05-07 10:51:42.664,0.021,3,3,0.999991,5.5725824e-10,2.9951127e-07,8.581731e-06,0.999991
511,171,walking,2021-05-07 10:51:41.683,2021-05-07 10:51:43.664,0.021,3,3,0.99999934,2.8770256e-10,5.583628e-07,4.3101092e-08,0.99999934
511,171,walking,2021-05-07 10:51:42.683,2021-05-07 10:51:44.664,0.021,3,3,0.9999983,1.449636e-09,1.5943133e-06,1.2060582e-07,0.9999983
511,171,walking,2021-05-07 10:51:43.683,2021-05-07 10:51:45.664,0.021,3,3,0.9999835,7.042054e-10,5.785015e-07,1.5869697e-05,0.9999835
511,171,walking,2021-05-07 10:51:44.683,2021-05-07 10:51:46.664,0.021,3,3,0.9999936,9.910383e-10,3.067025e-07,5.9809595e-06,0.9999936
511,171,walking,2021-05-07 10:51:45.683,2021-05-07 10:51:47.664,0.021,3,3,0.99999946,1.808302e-10,1.7508548e-07,3.1072474e-07,0.99999946
511,171,walking,2021-05-07 10:51:46.683,2021-05-07 10:51:48.664,0.021,3,3,0.99999696,1.1283433e-09,5.9146794e-07,2.3764592e-06,0.99999696
511,171,walking,2021-05-07 10:51:47.683,2021-05-07 10:51:49.664,0.021,3,3,0.99998504,1.3158418e-09,2.4438515e-07,1.4683687e-05,0.99998504
511,171,walking,2021-05-07 10:51:48.683,2021-05-07 10:51:50.664,0.021,3,3,0.9999315,8.421198e-09,3.3640683e-06,6.5037624e-05,0.9999315
511,171,walking,2021-05-07 10:51:49.683,2021-05-07 10:51:51.664,0.021,3,3,0.9999909,1.158828e-09,1.2237393e-06,7.84935e-06,0.9999909
511,171,walking,2021-05-07 10:51:50.683,2021-05-07 10:51:52.664,0.021,3,3,0.9998617,2.0541355e-08,5.4465763e-06,0.00013289718,0.9998617
511,171,walking,2021-05-07 10:51:51.683,2021-05-07 10:51:53.664,0.021,3,3,0.99998647,5.1786636e-10,2.0639445e-07,1.32126215e-05,0.99998647
511,171,walking,2021-05-07 10:51:52.683,2021-05-07 10:51:54.664,0.021,3,3,0.9999656,1.4572121e-09,3.3140782e-07,3.3950353e-05,0.9999656
511,171,walking,2021-05-07 10:51:53.683,2021-05-07 10:51:55.664,0.021,3,3,0.9999922,2.6151298e-10,1.5857218e-07,7.577543e-06,0.9999922
511,171,walking,2021-05-07 10:51:54.683,2021-05-07 10:51:56.664,0.021,3,3,0.99989337,5.242119e-10,7.9093724e-08,0.00010649829,0.99989337
511,171,walking,2021-05-07 10:51:55.683,2021-05-07 10:51:57.664,0.021,3,3,0.999846,1.4806124e-09,7.715757e-08,0.00015393768,0.999846
511,171,walking,2021-05-07 10:51:56.683,2021-05-07 10:51:58.664,0.021,3,3,0.999975,6.5396015e-11,9.651431e-09,2.4859508e-05,0.999975
511,171,walking,2021-05-07 10:51:57.683,2021-05-07 10:51:59.664,0.021,3,3,0.9999117,1.2594191e-09,2.5467207e-07,8.792923e-05,0.9999117
511,171,walking,2021-05-07 10:51:58.683,2021-05-07 10:52:00.664,0.021,3,3,0.9999158,5.095206e-10,6.926361e-08,8.403248e-05,0.9999158
511,171,walking,2021-05-07 10:51:59.683,2021-05-07 10:52:01.664,0.021,3,3,0.99941254,4.8958575e-09,2.4320138e-07,0.00058728055,0.99941254
511,171,walking,2021-05-07 10:52:00.684,2021-05-07 10:52:02.664,0.021,3,3,0.99983954,2.3678506e-10,4.1703856e-08,0.00016047909,0.99983954
511,171,walking,2021-05-07 10:52:01.684,2021-05-07 10:52:03.664,0.021,3,3,0.999891,5.997325e-10,1.955837e-07,0.00010872879,0.999891
511,171,walking,2021-05-07 10:52:02.684,2021-05-07 10:52:04.664,0.021,3,3,0.9999562,1.2756218e-10,2.1359691e-08,4.3737997e-05,0.9999562
511,171,walking,2021-05-07 10:52:03.684,2021-05-07 10:52:05.664,0.021,3,3,0.9999803,1.0079969e-10,9.999953e-09,1.9668969e-05,0.9999803
511,171,walking,2021-05-07 10:52:04.684,2021-05-07 10:52:06.664,0.021,3,3,0.9999861,4.2018767e-11,9.0047365e-09,1.3846348e-05,0.9999861
511,171,walking,2021-05-07 10:52:05.684,2021-05-07 10:52:07.664,0.021,3,3,0.9999705,2.607443e-10,2.3836389e-08,2.9400057e-05,0.9999705
511,171,walking,2021-05-07 10:52:06.684,2021-05-07 10:52:08.663,0.021,3,3,0.99998814,1.6757812e-10,1.8917747e-08,1.17564905e-05,0.99998814
511,171,walking,2021-05-07 10:52:07.684,2021-05-07 10:52:09.663,0.021,3,3,0.99996954,1.3815094e-09,1.4539835e-07,3.0264573e-05,0.99996954
511,171,walking,2021-05-07 10:52:08.684,2021-05-07 10:52:10.663,0.021,3,3,0.9999843,4.0325768e-10,7.933527e-08,1.5487563e-05,0.9999843
511,171,walking,2021-05-07 10:52:09.684,2021-05-07 10:52:11.663,0.021,3,3,0.9999587,6.668275e-10,9.100633e-08,4.1208623e-05,0.9999587
511,171,walking,2021-05-07 10:52:10.684,2021-05-07 10:52:12.663,0.021,3,3,0.99989694,1.4074624e-09,2.6589296e-07,0.000102715254,0.99989694
511,171,walking,2021-05-07 10:52:11.684,2021-05-07 10:52:13.663,0.021,3,3,0.99975777,1.22384485e-08,1.266708e-06,0.00024094447,0.99975777
511,171,walking,2021-05-07 10:52:12.684,2021-05-07 10:52:14.663,0.021,3,3,0.9999916,1.8065192e-10,5.0362605e-08,8.353174e-06,0.9999916
511,171,walking,2021-05-07 10:52:13.684,2021-05-07 10:52:15.663,0.021,3,3,0.9999706,8.6069385e-10,9.809383e-08,2.9245362e-05,0.9999706
511,171,walking,2021-05-07 10:52:14.684,2021-05-07 10:52:16.663,0.021,3,3,0.99999255,1.9378997e-10,4.5957112e-08,7.3578763e-06,0.99999255
511,171,walking,2021-05-07 10:52:15.684,2021-05-07 10:52:17.663,0.021,3,3,0.9999495,4.2721113e-10,5.3566144e-08,5.040285e-05,0.9999495
511,171,walking,2021-05-07 10:52:16.684,2021-05-07 10:52:18.663,0.021,3,3,0.99995357,2.8578018e-10,4.452919e-08,4.6379562e-05,0.99995357
511,171,walking,2021-05-07 10:52:17.684,2021-05-07 10:52:19.663,0.021,3,3,0.9999332,6.656668e-10,5.0069936e-08,6.671709e-05,0.9999332
511,171,walking,2021-05-07 10:52:18.684,2021-05-07 10:52:20.663,0.021,3,3,0.99993604,2.1796553e-10,2.0308585e-08,6.3902284e-05,0.99993604
511,171,walking,2021-05-07 10:52:19.684,2021-05-07 10:52:21.663,0.021,3,3,0.99996144,1.1979831e-10,7.563697e-09,3.8528753e-05,0.99996144
511,171,walking,2021-05-07 10:52:20.684,2021-05-07 10:52:22.663,0.021,3,3,0.9999564,3.1390193e-10,2.747278e-08,4.3423883e-05,0.9999564
511,171,walking,2021-05-07 10:52:21.684,2021-05-07 10:52:23.663,0.021,3,3,0.9999092,7.159188e-10,5.5474025e-08,9.0613124e-05,0.9999092
511,171,walking,2021-05-07 10:52:22.684,2021-05-07 10:52:24.663,0.021,3,3,0.99997133,8.642473e-11,2.8669126e-08,2.861263e-05,0.99997133
511,171,walking,2021-05-07 10:52:23.684,2021-05-07 10:52:25.663,0.021,3,3,0.99993867,2.5261906e-10,3.6651162e-08,6.129044e-05,0.99993867
511,171,walking,2021-05-07 10:52:24.684,2021-05-07 10:52:26.663,0.021,3,3,0.9999277,6.631385e-11,2.9844676e-09,7.2248826e-05,0.9999277
511,171,walking,2021-05-07 10:52:25.684,2021-05-07 10:52:27.663,0.021,3,3,0.9996633,1.3397562e-10,9.944063e-10,0.0003366269,0.9996633
511,171,walking,2021-05-07 10:52:26.684,2021-05-07 10:52:28.663,0.021,3,3,0.99995476,2.7549095e-11,6.833364e-10,4.518791e-05,0.99995476
511,171,walking,2021-05-07 10:52:27.684,2021-05-07 10:52:29.663,0.021,3,3,0.9999822,5.7113092e-11,7.8697555e-09,1.7752629e-05,0.9999822
511,171,walking,2021-05-07 10:52:28.684,2021-05-07 10:52:30.663,0.021,3,3,0.9999762,3.871903e-10,3.359188e-08,2.3629445e-05,0.9999762
511,171,walking,2021-05-07 10:52:29.684,2021-05-07 10:52:31.663,0.021,3,3,0.99997526,4.49587e-10,3.076934e-08,2.4594907e-05,0.99997526
511,171,walking,2021-05-07 10:52:30.684,2021-05-07 10:52:32.664,0.021,3,3,0.9999786,8.128642e-11,2.0081377e-08,2.1309539e-05,0.9999786
511,171,walking,2021-05-07 10:52:31.684,2021-05-07 10:52:33.664,0.021,3,3,0.99992055,4.2143486e-10,3.4717274e-08,7.9300524e-05,0.99992055
511,171,walking,2021-05-07 10:52:32.683,2021-05-07 10:52:34.664,0.021,3,3,0.99995476,4.1392645e-10,4.642796e-08,4.514772e-05,0.99995476
511,171,walking,2021-05-07 10:52:33.683,2021-05-07 10:52:35.664,0.021,3,3,0.99995846,1.3402184e-10,1.183552e-08,4.141715e-05,0.99995846
511,171,walking,2021-05-07 10:52:34.683,2021-05-07 10:52:36.664,0.021,3,3,0.9999841,5.0742917e-11,4.4957065e-09,1.5814261e-05,0.9999841
511,171,walking,2021-05-07 10:52:35.683,2021-05-07 10:52:37.664,0.021,3,3,0.999983,2.222241e-10,2.8330966e-08,1.6927015e-05,0.999983
511,171,walking,2021-05-07 10:52:36.683,2021-05-07 10:52:38.664,0.021,3,3,0.99997693,2.5852492e-10,2.5581416e-08,2.2969305e-05,0.99997693
511,171,walking,2021-05-07 10:52:37.683,2021-05-07 10:52:39.664,0.021,3,3,0.9999593,7.8109776e-11,1.2543086e-08,4.06784e-05,0.9999593
511,171,walking,2021-05-07 10:52:38.683,2021-05-07 10:52:40.664,0.021,3,3,0.9999108,5.13914e-10,9.9463826e-08,8.9031826e-05,0.9999108
511,171,walking,2021-05-07 10:52:39.683,2021-05-07 10:52:41.664,0.021,3,3,0.99994844,3.3907877e-10,5.23388e-08,5.1459432e-05,0.99994844
511,171,walking,2021-05-07 10:52:40.683,2021-05-07 10:52:42.664,0.021,3,3,0.99996656,4.3203174e-10,2.61063e-08,3.3365464e-05,0.99996656
511,171,walking,2021-05-07 10:52:41.683,2021-05-07 10:52:43.664,0.021,3,3,0.99998695,6.045423e-11,1.0299229e-08,1.2979954e-05,0.99998695
511,171,walking,2021-05-07 10:52:42.683,2021-05-07 10:52:44.664,0.021,3,3,0.9999493,3.1872371e-10,3.9298133e-08,5.0588238e-05,0.9999493
511,171,walking,2021-05-07 10:52:43.683,2021-05-07 10:52:45.664,0.021,3,3,0.9999854,4.804341e-11,1.2094514e-08,1.4476863e-05,0.9999854
511,171,walking,2021-05-07 10:52:44.683,2021-05-07 10:52:46.664,0.021,3,3,0.9999884,7.5896026e-11,3.2299535e-08,1.1562795e-05,0.9999884
511,171,walking,2021-05-07 10:52:45.683,2021-05-07 10:52:47.664,0.021,3,3,0.9999644,8.011948e-10,1.16226595e-07,3.5412835e-05,0.9999644
511,171,walking,2021-05-07 10:52:46.683,2021-05-07 10:52:48.664,0.021,3,3,0.99977493,3.3560386e-09,1.5723693e-07,0.00022494634,0.99977493
511,171,walking,2021-05-07 10:52:47.683,2021-05-07 10:52:49.664,0.021,3,3,0.9999307,1.2434881e-10,1.5037326e-08,6.922202e-05,0.9999307
511,171,walking,2021-05-07 10:52:48.683,2021-05-07 10:52:50.664,0.021,3,3,0.99997836,6.767126e-11,1.3816197e-08,2.1528735e-05,0.99997836
511,171,walking,2021-05-07 10:52:49.683,2021-05-07 10:52:51.664,0.021,3,3,0.9999748,1.4007527e-10,3.5833764e-08,2.5078956e-05,0.9999748
511,171,walking,2021-05-07 10:52:50.683,2021-05-07 10:52:52.664,0.021,3,3,0.9999663,2.1804158e-10,2.2615014e-08,3.3583976e-05,0.9999663
511,171,walking,2021-05-07 10:52:51.683,2021-05-07 10:52:53.664,0.021,3,3,0.9999805,8.152709e-11,1.0668109e-08,1.9461024e-05,0.9999805
511,171,walking,2021-05-07 10:52:52.683,2021-05-07 10:52:54.664,0.021,3,3,0.99998945,2.5139111e-11,6.181447e-09,1.0477434e-05,0.99998945
511,171,walking,2021-05-07 10:52:53.683,2021-05-07 10:52:55.664,0.021,3,3,0.9999506,3.7199993e-10,2.5601437e-08,4.9349364e-05,0.9999506
511,171,walking,2021-05-07 10:52:54.683,2021-05-07 10:52:56.664,0.021,3,3,0.9999296,8.331119e-10,6.483255e-08,7.02814e-05,0.9999296
511,171,walking,2021-05-07 10:52:55.683,2021-05-07 10:52:57.664,0.021,3,3,0.99993736,1.2380955e-10,8.59788e-09,6.256964e-05,0.99993736
511,171,walking,2021-05-07 10:52:56.683,2021-05-07 10:52:58.664,0.021,3,3,0.99995345,1.2253586e-10,7.091636e-09,4.6447192e-05,0.99995345
511,171,walking,2021-05-07 10:52:57.683,2021-05-07 10:52:59.664,0.021,3,3,0.9999729,5.5669542e-11,5.4354916e-09,2.7020194e-05,0.9999729
511,171,walking,2021-05-07 10:52:58.683,2021-05-07 10:53:00.664,0.021,3,3,0.9999873,8.820807e-11,1.0317498e-08,1.258962e-05,0.9999873
511,171,walking,2021-05-07 10:52:59.683,2021-05-07 10:53:01.664,0.021,3,3,0.999996,3.330064e-11,4.8325473e-09,3.9172896e-06,0.999996
511,171,walking,2021-05-07 10:53:00.684,2021-05-07 10:53:02.664,0.021,3,3,0.9999694,1.0557418e-10,4.956291e-09,3.049766e-05,0.9999694
511,171,walking,2021-05-07 10:53:01.684,2021-05-07 10:53:03.664,0.021,3,3,0.9997935,7.0914724e-10,1.60645e-08,0.00020655677,0.9997935
511,171,walking,2021-05-07 10:53:02.684,2021-05-07 10:53:04.664,0.021,3,3,0.999924,2.1798703e-10,1.4886577e-08,7.5878845e-05,0.999924
511,171,walking,2021-05-07 10:53:03.684,2021-05-07 10:53:05.664,0.021,3,3,0.99995285,1.4656722e-10,6.7484254e-09,4.702336e-05,0.99995285
511,171,walking,2021-05-07 10:53:04.684,2021-05-07 10:53:06.664,0.021,3,3,0.9999662,1.5497513e-10,1.35623255e-08,3.3772503e-05,0.9999662
511,171,walking,2021-05-07 10:53:05.684,2021-05-07 10:53:07.664,0.021,3,3,0.9999803,7.607962e-11,9.704681e-09,1.9714735e-05,0.9999803
511,171,walking,2021-05-07 10:53:06.684,2021-05-07 10:53:08.663,0.021,3,3,0.9999698,7.209458e-11,2.233287e-08,3.0144576e-05,0.9999698
511,171,walking,2021-05-07 10:53:07.684,2021-05-07 10:53:09.663,0.021,3,3,0.9998431,7.7138734e-10,4.7982983e-08,0.00015697743,0.9998431
511,171,walking,2021-05-07 10:53:08.684,2021-05-07 10:53:10.663,0.021,3,3,0.9999458,2.2830576e-10,2.727305e-08,5.4083856e-05,0.9999458
511,171,walking,2021-05-07 10:53:09.684,2021-05-07 10:53:11.663,0.021,3,3,0.9999458,1.7959137e-10,1.3487343e-08,5.4082673e-05,0.9999458
511,171,walking,2021-05-07 10:53:10.684,2021-05-07 10:53:12.663,0.021,3,3,0.999955,1.7342892e-10,2.9156915e-08,4.4880027e-05,0.999955
511,171,walking,2021-05-07 10:53:11.684,2021-05-07 10:53:13.663,0.021,3,3,0.9999518,5.4830224e-10,7.7684376e-08,4.8071684e-05,0.9999518
511,171,walking,2021-05-07 10:53:12.684,2021-05-07 10:53:14.663,0.021,3,3,0.9999463,4.7593834e-10,6.2699065e-08,5.3525713e-05,0.9999463
511,171,walking,2021-05-07 10:53:13.684,2021-05-07 10:53:15.663,0.021,3,3,0.9998591,7.6893175e-10,4.969803e-08,0.00014095848,0.9998591
511,171,walking,2021-05-07 10:53:14.684,2021-05-07 10:53:16.663,0.021,3,3,0.99990684,3.0710157e-10,2.6793975e-08,9.308928e-05,0.99990684
511,171,walking,2021-05-07 10:53:15.684,2021-05-07 10:53:17.663,0.021,3,3,0.99994487,9.7750676e-11,5.2208478e-09,5.5076718e-05,0.99994487
511,171,walking,2021-05-07 10:53:16.684,2021-05-07 10:53:18.663,0.021,3,3,0.99995106,4.5307952e-11,2.4892832e-09,4.890981e-05,0.99995106
511,171,walking,2021-05-07 10:53:17.684,2021-05-07 10:53:19.663,0.021,3,3,0.99995226,7.682905e-11,1.3301495e-08,4.7689104e-05,0.99995226
511,171,walking,2021-05-07 10:53:18.684,2021-05-07 10:53:20.663,0.021,3,3,0.99995536,4.912268e-10,1.17545675e-07,4.4518347e-05,0.99995536
511,171,walking,2021-05-07 10:53:19.684,2021-05-07 10:53:21.663,0.021,3,3,0.9999781,2.2245286e-10,3.305009e-08,2.1738137e-05,0.9999781
511,171,walking,2021-05-07 10:53:20.684,2021-05-07 10:53:22.663,0.021,3,3,0.9999557,4.360463e-10,7.3846094e-09,4.4168122e-05,0.9999557
511,171,walking,2021-05-07 10:53:21.684,2021-05-07 10:53:23.663,0.021,3,3,0.9999977,1.220291e-10,1.2664731e-08,2.280713e-06,0.9999977
511,171,walking,2021-05-07 10:53:22.684,2021-05-07 10:53:24.663,0.021,3,3,0.9999972,2.947865e-10,3.051426e-08,2.6545758e-06,0.9999972
511,171,walking,2021-05-07 10:53:23.684,2021-05-07 10:53:25.663,0.021,3,3,0.99998623,1.1353814e-10,1.517653e-08,1.3656743e-05,0.99998623
511,171,walking,2021-05-07 10:53:24.684,2021-05-07 10:53:26.663,0.021,3,3,0.9999413,6.976354e-11,1.3562809e-09,5.863441e-05,0.9999413
511,171,walking,2021-05-07 10:53:25.684,2021-05-07 10:53:27.663,0.021,3,3,0.999953,1.1370296e-10,3.0907803e-09,4.700606e-05,0.999953
511,171,walking,2021-05-07 10:53:26.684,2021-05-07 10:53:28.663,0.021,3,3,0.99998933,3.1469678e-11,1.7069173e-09,1.0649566e-05,0.99998933
511,171,walking,2021-05-07 10:53:27.684,2021-05-07 10:53:29.663,0.021,3,3,0.99999386,3.0574522e-11,2.38223e-09,6.030803e-06,0.99999386
511,171,walking,2021-05-07 10:53:28.684,2021-05-07 10:53:30.663,0.021,3,3,0.999975,1.11328544e-10,8.646619e-09,2.4949475e-05,0.999975
511,171,walking,2021-05-07 10:53:29.684,2021-05-07 10:53:31.663,0.021,3,3,0.9999549,1.9796381e-10,3.6816196e-08,4.498475e-05,0.9999549
511,171,walking,2021-05-07 10:53:30.684,2021-05-07 10:53:32.664,0.021,3,3,0.99994236,6.9875644e-10,2.284642e-08,5.7499612e-05,0.99994236
511,171,walking,2021-05-07 10:53:31.684,2021-05-07 10:53:33.664,0.021,3,3,0.9999711,7.559032e-11,2.475262e-09,2.8831782e-05,0.9999711
511,171,walking,2021-05-07 10:53:32.683,2021-05-07 10:53:34.664,0.021,3,3,0.9999688,4.017458e-11,5.6842847e-10,3.1159925e-05,0.9999688
511,171,walking,2021-05-07 10:53:33.683,2021-05-07 10:53:35.664,0.021,3,3,0.9999792,7.118387e-11,6.460205e-09,2.076613e-05,0.9999792
511,171,walking,2021-05-07 10:53:34.683,2021-05-07 10:53:36.664,0.021,3,3,0.9999624,6.2133815e-10,3.6706247e-08,3.756581e-05,0.9999624
511,171,walking,2021-05-07 10:53:35.683,2021-05-07 10:53:37.664,0.021,3,3,0.99988467,9.902539e-10,7.4709874e-08,0.00011524427,0.99988467
511,171,walking,2021-05-07 10:53:36.683,2021-05-07 10:53:38.664,0.021,3,3,0.9998357,4.597081e-10,2.5269014e-08,0.00016437219,0.9998357
511,171,walking,2021-05-07 10:53:37.683,2021-05-07 10:53:39.664,0.021,3,3,0.9997997,7.2356193e-10,2.2941448e-08,0.00020036471,0.9997997
511,171,walking,2021-05-07 10:53:38.683,2021-05-07 10:53:40.664,0.021,3,3,0.9999581,9.191324e-11,6.1599508e-09,4.1851752e-05,0.9999581
511,171,walking,2021-05-07 10:53:39.683,2021-05-07 10:53:41.664,0.021,3,3,0.99994487,6.0775435e-10,2.2062284e-08,5.5010994e-05,0.99994487
511,171,walking,2021-05-07 10:53:40.683,2021-05-07 10:53:42.664,0.021,3,3,0.9999129,4.4201895e-10,4.1949374e-08,8.691976e-05,0.9999129
511,171,walking,2021-05-07 10:53:41.683,2021-05-07 10:53:43.664,0.021,3,3,0.99993044,1.8750747e-10,1.4692177e-08,6.9451e-05,0.99993044
511,171,walking,2021-05-07 10:53:42.683,2021-05-07 10:53:44.664,0.021,3,3,0.99986863,1.940997e-09,1.5301065e-07,0.00013125375,0.99986863
511,171,walking,2021-05-07 10:53:43.683,2021-05-07 10:53:45.664,0.021,3,3,0.9999806,8.797242e-11,1.3341256e-08,1.93389e-05,0.9999806
511,171,walking,2021-05-07 10:53:44.683,2021-05-07 10:53:46.664,0.021,3,3,0.99989325,1.3950614e-09,1.1533161e-07,0.00010652927,0.99989325
511,171,walking,2021-05-07 10:53:45.683,2021-05-07 10:53:47.664,0.021,3,3,0.9998781,6.373951e-10,8.390003e-08,0.000121675796,0.9998781
511,171,walking,2021-05-07 10:53:46.683,2021-05-07 10:53:48.664,0.021,3,3,0.99978685,2.0406727e-09,1.820113e-07,0.00021302946,0.99978685
511,171,walking,2021-05-07 10:53:47.683,2021-05-07 10:53:49.664,0.021,3,3,0.9996082,7.963639e-10,1.2495977e-07,0.00039164952,0.9996082
511,171,walking,2021-05-07 10:53:48.683,2021-05-07 10:53:50.664,0.021,3,3,0.9988179,8.324132e-09,6.2882583e-07,0.0011815053,0.9988179
511,171,walking,2021-05-07 10:53:49.683,2021-05-07 10:53:51.664,0.021,3,3,0.9994721,7.3847692e-09,5.1528247e-07,0.00052732,0.9994721
511,171,walking,2021-05-07 10:53:50.683,2021-05-07 10:53:52.664,0.021,3,3,0.99998933,8.655661e-11,2.2628306e-08,1.0560324e-05,0.99998933
511,173,standing,2021-05-07 10:53:54.723,2021-05-07 10:53:56.703,0.021,2,2,0.9578497,9.7724605e-06,0.000121431716,0.9578497,0.042019088
511,173,standing,2021-05-07 10:53:55.723,2021-05-07 10:53:57.703,0.021,2,2,0.9717883,1.2548133e-05,7.582511e-05,0.9717883,0.02812328
511,180,walking,2021-05-07 10:54:04.404,2021-05-07 10:54:06.383,0.021,3,3,0.9998028,3.5446872e-09,7.531527e-07,0.00019636104,0.9998028
511,189,standing,2021-05-07 10:54:11.843,2021-05-07 10:54:13.823,0.021,2,2,0.9992811,1.6714806e-06,5.4146726e-06,0.9992811,0.00071189296
511,189,standing,2021-05-07 10:54:12.843,2021-05-07 10:54:14.823,0.021,2,2,0.99929076,1.1725652e-06,4.4916756e-06,0.99929076,0.0007035043
511,189,standing,2021-05-07 10:54:13.843,2021-05-07 10:54:15.823,0.021,2,2,0.9994752,7.9738226e-07,3.0314748e-06,0.9994752,0.0005209998
511,189,standing,2021-05-07 10:54:14.843,2021-05-07 10:54:16.823,0.021,2,2,0.9994795,8.079076e-07,3.1137117e-06,0.9994795,0.00051661336
511,189,standing,2021-05-07 10:54:15.843,2021-05-07 10:54:17.823,0.021,2,2,0.99911344,1.3532514e-06,5.8109135e-06,0.99911344,0.0008793938
511,189,standing,2021-05-07 10:54:16.843,2021-05-07 10:54:18.823,0.021,2,2,0.99841225,2.1274934e-06,1.0888003e-05,0.99841225,0.0015747005
511,189,standing,2021-05-07 10:54:17.843,2021-05-07 10:54:19.823,0.021,2,2,0.9985858,1.6167303e-06,8.735737e-06,0.9985858,0.0014038803
512,0,standing,2021-05-07 15:39:36.939,2021-05-07 15:39:38.919,0.021,2,2,0.9984495,2.6299077e-07,5.115077e-06,0.9984495,0.0015451573
512,0,standing,2021-05-07 15:39:37.939,2021-05-07 15:39:39.919,0.021,2,2,0.99795574,8.2355484e-07,8.487728e-06,0.99795574,0.0020350092
512,2,standing,2021-05-07 15:39:47.319,2021-05-07 15:39:49.299,0.021,2,2,0.98454154,1.7721719e-05,0.00022200044,0.98454154,0.015218695
512,2,standing,2021-05-07 15:39:48.319,2021-05-07 15:39:50.299,0.021,2,2,0.98244894,3.2174987e-05,0.00032694527,0.98244894,0.017191919
512,4,walking,2021-05-07 15:39:52.599,2021-05-07 15:39:54.580,0.021,3,3,0.9947475,1.2008054e-08,1.0496306e-05,0.0052419757,0.9947475
512,4,walking,2021-05-07 15:39:53.599,2021-05-07 15:39:55.580,0.021,3,3,0.9977406,1.1760875e-08,9.452297e-06,0.0022499466,0.9977406
512,4,walking,2021-05-07 15:39:54.599,2021-05-07 15:39:56.580,0.021,3,3,0.9994346,1.2037873e-09,9.905916e-07,0.0005644875,0.9994346
512,4,walking,2021-05-07 15:39:55.599,2021-05-07 15:39:57.580,0.021,3,3,0.9996719,1.2203082e-09,1.0427041e-06,0.00032719914,0.9996719
512,4,walking,2021-05-07 15:39:56.599,2021-05-07 15:39:58.580,0.021,3,3,0.9939823,2.8786411e-08,2.1846368e-05,0.005995815,0.9939823
512,4,walking,2021-05-07 15:39:57.599,2021-05-07 15:39:59.580,0.021,3,3,0.995168,5.4849263e-09,6.4518094e-06,0.004825634,0.995168
512,6,walking,2021-05-07 15:40:00.480,2021-05-07 15:40:02.460,0.021,3,3,0.99989134,4.441831e-10,7.669261e-07,0.00010781523,0.99989134
512,6,walking,2021-05-07 15:40:01.480,2021-05-07 15:40:03.460,0.021,3,3,0.9994797,2.7878042e-10,1.3424184e-06,0.0005189026,0.9994797
512,6,walking,2021-05-07 15:40:02.480,2021-05-07 15:40:04.460,0.021,3,3,0.9873014,1.9155713e-08,1.7698434e-05,0.012680876,0.9873014
512,6,walking,2021-05-07 15:40:03.480,2021-05-07 15:40:05.460,0.021,3,3,0.9999301,3.1866895e-10,3.283771e-07,6.9501264e-05,0.9999301
512,6,walking,2021-05-07 15:40:04.480,2021-05-07 15:40:06.460,0.021,3,3,0.9996056,1.7801675e-09,1.003941e-06,0.00039338353,0.9996056
512,6,walking,2021-05-07 15:40:05.480,2021-05-07 15:40:07.460,0.021,3,3,0.9989473,9.671902e-09,8.381306e-06,0.001044347,0.9989473
512,6,walking,2021-05-07 15:40:06.480,2021-05-07 15:40:08.460,0.021,3,3,0.99986625,6.4029115e-10,9.0292815e-07,0.0001329788,0.99986625
512,6,walking,2021-05-07 15:40:07.480,2021-05-07 15:40:09.460,0.021,3,3,0.99890983,6.675834e-09,4.907647e-06,0.0010852638,0.99890983
512,6,walking,2021-05-07 15:40:08.479,2021-05-07 15:40:10.460,0.021,3,3,0.9987723,6.928248e-09,3.0464798e-06,0.001224653,0.9987723
512,6,walking,2021-05-07 15:40:09.479,2021-05-07 15:40:11.460,0.021,3,3,0.9985043,4.87337e-09,2.028239e-06,0.0014937216,0.9985043
512,6,walking,2021-05-07 15:40:10.479,2021-05-07 15:40:12.460,0.021,3,3,0.99193954,1.4312724e-08,6.0185776e-06,0.008054357,0.99193954
512,6,walking,2021-05-07 15:40:11.479,2021-05-07 15:40:13.460,0.021,3,3,0.99899614,2.520156e-08,3.2339438e-05,0.000971384,0.99899614
512,6,walking,2021-05-07 15:40:12.479,2021-05-07 15:40:14.460,0.021,3,3,0.9987457,1.2285341e-08,2.2332599e-05,0.0012319073,0.9987457
512,6,walking,2021-05-07 15:40:13.479,2021-05-07 15:40:15.460,0.021,3,3,0.9987459,5.2438813e-09,2.7844642e-06,0.0012512758,0.9987459
512,6,walking,2021-05-07 15:40:14.479,2021-05-07 15:40:16.459,0.021,3,3,0.996396,2.2767608e-08,1.9249941e-05,0.003584717,0.996396
512,6,walking,2021-05-07 15:40:15.479,2021-05-07 15:40:17.459,0.021,3,3,0.9966579,2.5391294e-08,4.1354207e-05,0.0033006535,0.9966579
512,6,walking,2021-05-07 15:40:16.479,2021-05-07 15:40:18.459,0.021,3,3,0.98377436,6.578374e-08,5.1175517e-05,0.016174383,0.98377436
512,6,walking,2021-05-07 15:40:17.479,2021-05-07 15:40:19.459,0.021,3,3,0.973374,6.384847e-08,5.987011e-05,0.026566051,0.973374
512,6,walking,2021-05-07 15:40:18.479,2021-05-07 15:40:20.459,0.021,3,3,0.9951299,2.4375458e-08,2.498169e-05,0.00484522,0.9951299
512,6,walking,2021-05-07 15:40:19.479,2021-05-07 15:40:21.459,0.021,3,3,0.9990683,1.3357997e-08,1.1735039e-05,0.00091997365,0.9990683
512,6,walking,2021-05-07 15:40:20.479,2021-05-07 15:40:22.459,0.021,3,3,0.9958236,1.491974e-08,8.540403e-06,0.004167873,0.9958236
512,6,walking,2021-05-07 15:40:21.479,2021-05-07 15:40:23.459,0.021,3,3,0.99994415,2.4767821e-09,3.207572e-06,5.2604024e-05,0.99994415
512,6,walking,2021-05-07 15:40:22.479,2021-05-07 15:40:24.459,0.021,3,3,0.99984574,4.432753e-09,4.1888275e-06,0.00015002162,0.99984574
512,6,walking,2021-05-07 15:40:23.479,2021-05-07 15:40:25.459,0.021,3,3,0.99462515,3.169019e-08,1.8325112e-05,0.0053564687,0.99462515
512,6,walking,2021-05-07 15:40:24.479,2021-05-07 15:40:26.459,0.021,3,3,0.97273594,6.5386935e-08,3.438538e-05,0.027229618,0.97273594
512,6,walking,2021-05-07 15:40:25.479,2021-05-07 15:40:27.459,0.021,3,3,0.99502903,2.2385331e-08,9.546945e-06,0.0049614497,0.99502903
512,6,walking,2021-05-07 15:40:26.479,2021-05-07 15:40:28.459,0.021,3,3,0.9911266,3.0623088e-08,1.4740929e-05,0.008858605,0.9911266
512,6,walking,2021-05-07 15:40:27.479,2021-05-07 15:40:29.459,0.021,3,3,0.92203635,1.2774612e-07,4.851363e-05,0.07791498,0.92203635
512,6,walking,2021-05-07 15:40:28.479,2021-05-07 15:40:30.459,0.021,3,3,0.9471516,1.2324067e-07,3.882956e-05,0.0528095,0.9471516
512,6,walking,2021-05-07 15:40:29.479,2021-05-07 15:40:31.459,0.021,3,3,0.96062416,9.695058e-08,3.0496254e-05,0.0393452,0.96062416
512,6,walking,2021-05-07 15:40:30.479,2021-05-07 15:40:32.459,0.021,3,3,0.9787247,9.5475166e-08,4.2343327e-05,0.021232836,0.9787247
512,6,walking,2021-05-07 15:40:31.479,2021-05-07 15:40:33.459,0.021,3,3,0.9883784,1.06545194e-07,4.1992098e-05,0.011579468,0.9883784
512,6,walking,2021-05-07 15:40:32.479,2021-05-07 15:40:34.459,0.021,3,3,0.99422574,2.7189234e-08,1.7496668e-05,0.0057568317,0.99422574
512,6,walking,2021-05-07 15:40:33.479,2021-05-07 15:40:35.459,0.021,3,3,0.99962825,1.4991939e-09,2.0117368e-06,0.0003696264,0.99962825
512,6,walking,2021-05-07 15:40:34.479,2021-05-07 15:40:36.459,0.021,3,3,0.9978958,5.4958287e-09,3.2412333e-06,0.0021009773,0.9978958
512,6,walking,2021-05-07 15:40:35.479,2021-05-07 15:40:37.459,0.021,3,3,0.9987911,1.1611706e-08,1.20561035e-05,0.0011968605,0.9987911
512,6,walking,2021-05-07 15:40:36.479,2021-05-07 15:40:38.459,0.021,3,3,0.9998522,8.9479546e-10,2.5360014e-06,0.0001452227,0.9998522
512,6,walking,2021-05-07 15:40:37.479,2021-05-07 15:40:39.459,0.021,3,3,0.9997537,3.7328713e-09,1.8504156e-06,0.0002443474,0.9997537
512,7,sitting,2021-05-07 15:40:41.919,2021-05-07 15:40:43.900,0.021,1,1,0.999996,3.895804e-06,0.999996,6.148818e-10,8.006003e-09
512,7,sitting,2021-05-07 15:40:42.919,2021-05-07 15:40:44.900,0.021,1,1,0.9999979,2.038453e-06,0.9999979,2.6936026e-10,6.075759e-09
512,7,sitting,2021-05-07 15:40:43.919,2021-05-07 15:40:45.900,0.021,1,1,0.99999446,5.4640054e-06,0.99999446,7.4265327e-10,7.761716e-09
512,7,sitting,2021-05-07 15:40:44.919,2021-05-07 15:40:46.900,0.021,1,1,0.9999861,1.3827755e-05,0.9999861,3.0796898e-09,9.398425e-09
512,7,sitting,2021-05-07 15:40:45.919,2021-05-07 15:40:47.900,0.021,1,1,0.99998456,1.5332758e-05,0.99998456,3.655048e-09,1.0416633e-08
512,7,sitting,2021-05-07 15:40:46.919,2021-05-07 15:40:48.900,0.021,1,1,0.99997634,2.3608523e-05,0.99997634,1.2106821e-08,7.2405735e-09
512,7,sitting,2021-05-07 15:40:47.919,2021-05-07 15:40:49.900,0.021,1,1,0.9999775,2.235686e-05,0.9999775,1.0777021e-08,7.950375e-09
512,7,sitting,2021-05-07 15:40:48.919,2021-05-07 15:40:50.900,0.021,1,1,0.99997824,2.1692991e-05,0.99997824,9.187926e-09,8.674184e-09
512,7,sitting,2021-05-07 15:40:49.919,2021-05-07 15:40:51.900,0.021,1,1,0.99996823,3.1680258e-05,0.99996823,2.446381e-08,6.240024e-09
512,7,sitting,2021-05-07 15:40:50.919,2021-05-07 15:40:52.900,0.021,1,1,0.99997383,2.6109517e-05,0.99997383,1.529727e-08,7.350707e-09
512,7,sitting,2021-05-07 15:40:51.919,2021-05-07 15:40:53.900,0.021,1,1,0.9999601,3.985099e-05,0.9999601,3.671513e-08,7.8100975e-09
512,7,sitting,2021-05-07 15:40:52.919,2021-05-07 15:40:54.900,0.021,1,1,0.9999276,7.2185176e-05,0.9999276,1.2509258e-07,7.129848e-09
512,7,sitting,2021-05-07 15:40:53.919,2021-05-07 15:40:55.900,0.021,1,1,0.9999636,3.6365618e-05,0.9999636,2.4456746e-08,8.008967e-09
512,7,sitting,2021-05-07 15:40:54.919,2021-05-07 15:40:56.900,0.021,1,1,0.9999804,1.9558966e-05,0.9999804,6.443882e-09,1.0184202e-08
512,7,sitting,2021-05-07 15:40:55.919,2021-05-07 15:40:57.900,0.021,1,1,0.99995834,4.1609474e-05,0.99995834,3.7013614e-08,8.318422e-09
512,7,sitting,2021-05-07 15:40:56.919,2021-05-07 15:40:58.900,0.021,1,1,0.9999339,6.5897235e-05,0.9999339,1.0149411e-07,7.119945e-09
512,7,sitting,2021-05-07 15:40:57.919,2021-05-07 15:40:59.900,0.021,1,1,0.9999675,3.2460754e-05,0.9999675,2.4532575e-08,7.5694e-09
512,7,sitting,2021-05-07 15:40:58.919,2021-05-07 15:41:00.900,0.021,1,1,0.9999717,2.8251367e-05,0.9999717,2.217937e-08,8.398421e-09
512,7,sitting,2021-05-07 15:40:59.919,2021-05-07 15:41:01.900,0.021,1,1,0.99994093,5.8855625e-05,0.99994093,8.435187e-08,8.332315e-09
512,7,sitting,2021-05-07 15:41:00.920,2021-05-07 15:41:02.900,0.021,1,1,0.9999457,5.4146658e-05,0.9999457,6.6548154e-08,8.0093265e-09
512,7,sitting,2021-05-07 15:41:01.920,2021-05-07 15:41:03.900,0.021,1,1,0.9999506,4.9262326e-05,0.9999506,6.347376e-08,7.910862e-09
512,7,sitting,2021-05-07 15:41:02.920,2021-05-07 15:41:04.900,0.021,1,1,0.9999154,8.422862e-05,0.9999154,1.8089807e-07,8.262942e-09
512,7,sitting,2021-05-07 15:41:03.920,2021-05-07 15:41:05.900,0.021,1,1,0.9999538,4.60463e-05,0.9999538,6.3159845e-08,8.544007e-09
512,7,sitting,2021-05-07 15:41:04.920,2021-05-07 15:41:06.900,0.021,1,1,0.9999779,2.2022035e-05,0.9999779,1.4092158e-08,9.214687e-09
512,7,sitting,2021-05-07 15:41:05.920,2021-05-07 15:41:07.900,0.021,1,1,0.99996215,3.7734913e-05,0.99996215,4.573972e-08,8.695064e-09
512,7,sitting,2021-05-07 15:41:06.920,2021-05-07 15:41:08.899,0.021,1,1,0.9999319,6.7932066e-05,0.9999319,1.6114056e-07,8.036026e-09
512,7,sitting,2021-05-07 15:41:07.920,2021-05-07 15:41:09.899,0.021,1,1,0.9999704,2.9562674e-05,0.9999704,2.6664445e-08,7.325544e-09
512,7,sitting,2021-05-07 15:41:08.920,2021-05-07 15:41:10.899,0.021,1,1,0.9999996,3.7919983e-07,0.9999996,3.3461522e-11,1.39598235e-08
512,7,sitting,2021-05-07 15:41:09.920,2021-05-07 15:41:11.899,0.021,1,1,0.9999997,2.1329284e-07,0.9999997,1.5097314e-11,8.965168e-09
512,7,sitting,2021-05-07 15:41:10.920,2021-05-07 15:41:12.899,0.021,1,1,0.99999744,2.5570478e-06,0.99999744,4.3152049e-10,4.0779886e-09
512,7,sitting,2021-05-07 15:41:11.920,2021-05-07 15:41:13.899,0.021,1,1,0.99999696,2.9371452e-06,0.99999696,4.969033e-10,4.347449e-09
512,7,sitting,2021-05-07 15:41:12.920,2021-05-07 15:41:14.899,0.021,1,1,0.9999967,3.2103114e-06,0.9999967,5.441719e-10,5.0826623e-09
512,7,sitting,2021-05-07 15:41:13.920,2021-05-07 15:41:15.899,0.021,1,1,0.9999972,2.718165e-06,0.9999972,3.302907e-10,5.507024e-09
512,7,sitting,2021-05-07 15:41:14.920,2021-05-07 15:41:16.899,0.021,1,1,0.99999756,2.366539e-06,0.99999756,2.3092211e-10,6.1204557e-09
512,7,sitting,2021-05-07 15:41:15.920,2021-05-07 15:41:17.899,0.021,1,1,0.9999973,2.671666e-06,0.9999973,3.1748185e-10,5.974092e-09
512,7,sitting,2021-05-07 15:41:16.920,2021-05-07 15:41:18.899,0.021,1,1,0.9999972,2.756337e-06,0.9999972,3.7092046e-10,5.1814286e-09
512,7,sitting,2021-05-07 15:41:17.920,2021-05-07 15:41:19.899,0.021,1,1,0.9999972,2.7904055e-06,0.9999972,4.0594303e-10,4.895658e-09
512,7,sitting,2021-05-07 15:41:18.920,2021-05-07 15:41:20.899,0.021,1,1,0.99999696,3.035184e-06,0.99999696,5.285393e-10,4.650718e-09
512,7,sitting,2021-05-07 15:41:19.920,2021-05-07 15:41:21.899,0.021,1,1,0.99999684,3.1412428e-06,0.99999684,5.796504e-10,4.4171244e-09
512,7,sitting,2021-05-07 15:41:20.920,2021-05-07 15:41:22.899,0.021,1,1,0.99999744,2.4541478e-06,0.99999744,3.6665163e-10,3.66805e-09
512,7,sitting,2021-05-07 15:41:21.920,2021-05-07 15:41:23.899,0.021,1,1,0.99999815,1.7609491e-06,0.99999815,1.9844004e-10,3.7281622e-09
512,7,sitting,2021-05-07 15:41:22.920,2021-05-07 15:41:24.899,0.021,1,1,0.99999756,2.3509413e-06,0.99999756,3.7217565e-10,4.7457784e-09
512,7,sitting,2021-05-07 15:41:23.920,2021-05-07 15:41:25.899,0.021,1,1,0.9999973,2.604958e-06,0.9999973,3.456153e-10,5.483944e-09
512,7,sitting,2021-05-07 15:41:24.920,2021-05-07 15:41:26.899,0.021,1,1,0.9999977,2.2689458e-06,0.9999977,2.44205e-10,5.431523e-09
512,7,sitting,2021-05-07 15:41:25.920,2021-05-07 15:41:27.899,0.021,1,1,0.9999977,2.2770726e-06,0.9999977,2.1827894e-10,5.971337e-09
512,7,sitting,2021-05-07 15:41:26.920,2021-05-07 15:41:28.899,0.021,1,1,0.99999756,2.4257486e-06,0.99999756,2.8743768e-10,5.690699e-09
512,7,sitting,2021-05-07 15:41:27.920,2021-05-07 15:41:29.899,0.021,1,1,0.9999967,3.1658462e-06,0.9999967,5.192831e-10,5.454253e-09
512,7,sitting,2021-05-07 15:41:28.920,2021-05-07 15:41:30.899,0.021,1,1,0.99999684,3.0670776e-06,0.99999684,4.647842e-10,4.784858e-09
512,7,sitting,2021-05-07 15:41:29.920,2021-05-07 15:41:31.899,0.021,1,1,0.9999967,3.1758768e-06,0.9999967,5.1177484e-10,4.8730637e-09
512,7,sitting,2021-05-07 15:41:30.920,2021-05-07 15:41:32.900,0.021,1,1,0.9999965,3.4740676e-06,0.9999965,5.0985827e-10,5.6822977e-09
512,7,sitting,2021-05-07 15:41:31.920,2021-05-07 15:41:33.900,0.021,1,1,0.9999965,3.5157866e-06,0.9999965,6.263259e-10,5.0205538e-09
512,7,sitting,2021-05-07 15:41:32.919,2021-05-07 15:41:34.900,0.021,1,1,0.9999965,3.398721e-06,0.9999965,4.5709497e-10,5.6960574e-09
512,7,sitting,2021-05-07 15:41:33.919,2021-05-07 15:41:35.900,0.021,1,1,0.9999966,3.3069305e-06,0.9999966,4.711508e-10,5.747854e-09
512,7,sitting,2021-05-07 15:41:34.919,2021-05-07 15:41:36.900,0.021,1,1,0.99999696,3.0228293e-06,0.99999696,3.4895092e-10,5.886846e-09
512,7,sitting,2021-05-07 15:41:35.919,2021-05-07 15:41:37.900,0.021,1,1,0.9999971,2.860124e-06,0.9999971,3.0318947e-10,5.9441976e-09
512,7,sitting,2021-05-07 15:41:36.919,2021-05-07 15:41:38.900,0.021,1,1,0.99999624,3.6390065e-06,0.99999624,5.395168e-10,6.363324e-09
512,7,sitting,2021-05-07 15:41:37.919,2021-05-07 15:41:39.900,0.021,1,1,0.99999624,3.7044892e-06,0.99999624,4.5058457e-10,6.7653305e-09
512,7,sitting,2021-05-07 15:41:38.919,2021-05-07 15:41:40.900,0.021,1,1,0.9999965,3.4514467e-06,0.9999965,4.1101705e-10,6.8001715e-09
512,7,sitting,2021-05-07 15:41:39.919,2021-05-07 15:41:41.900,0.021,1,1,0.99999696,2.9627852e-06,0.99999696,3.3348674e-10,6.3795884e-09
512,7,sitting,2021-05-07 15:41:40.919,2021-05-07 15:41:42.900,0.021,1,1,0.99999684,3.1183704e-06,0.99999684,3.5899028e-10,6.0628107e-09
512,7,sitting,2021-05-07 15:41:41.919,2021-05-07 15:41:43.900,0.021,1,1,0.99999636,3.5349462e-06,0.99999636,5.5848914e-10,5.016016e-09
512,7,sitting,2021-05-07 15:41:42.919,2021-05-07 15:41:44.900,0.021,1,1,0.99999696,2.9829403e-06,0.99999696,3.5344222e-10,5.1398406e-09
512,7,sitting,2021-05-07 15:41:43.919,2021-05-07 15:41:45.900,0.021,1,1,0.99999696,2.9455884e-06,0.99999696,2.6413902e-10,6.5442682e-09
512,7,sitting,2021-05-07 15:41:44.919,2021-05-07 15:41:46.900,0.021,1,1,0.9999966,3.3037782e-06,0.9999966,3.238842e-10,6.841935e-09
512,7,sitting,2021-05-07 15:41:45.919,2021-05-07 15:41:47.900,0.021,1,1,0.9999979,1.9985685e-06,0.9999979,1.3872964e-10,5.579494e-09
512,7,sitting,2021-05-07 15:41:46.919,2021-05-07 15:41:48.900,0.021,1,1,0.99999696,2.9880055e-06,0.99999696,2.5413535e-10,7.0085857e-09
512,7,sitting,2021-05-07 15:41:47.919,2021-05-07 15:41:49.900,0.021,1,1,0.9999853,1.4674101e-05,0.9999853,2.977566e-09,1.4467949e-08
512,7,sitting,2021-05-07 15:41:48.919,2021-05-07 15:41:50.900,0.021,1,1,0.99997896,2.0956979e-05,0.99997896,7.1119053e-09,1.175197e-08
512,7,sitting,2021-05-07 15:41:49.919,2021-05-07 15:41:51.900,0.021,1,1,0.9999806,1.9311845e-05,0.9999806,5.8318994e-09,1.21549535e-08
512,7,sitting,2021-05-07 15:41:50.919,2021-05-07 15:41:52.900,0.021,1,1,0.99997824,2.172479e-05,0.99997824,8.325032e-09,1.0748864e-08
512,7,sitting,2021-05-07 15:41:51.919,2021-05-07 15:41:53.900,0.021,1,1,0.9999741,2.5834248e-05,0.9999741,1.5182136e-08,1.0055778e-08
512,7,sitting,2021-05-07 15:41:52.919,2021-05-07 15:41:54.900,0.021,1,1,0.9999742,2.5718884e-05,0.9999742,1.7457012e-08,9.912615e-09
512,7,sitting,2021-05-07 15:41:53.919,2021-05-07 15:41:55.900,0.021,1,1,0.9999766,2.3398816e-05,0.9999766,1.3273939e-08,1.0977188e-08
512,7,sitting,2021-05-07 15:41:54.919,2021-05-07 15:41:56.900,0.021,1,1,0.99997205,2.7937342e-05,0.99997205,1.8440561e-08,1.1346693e-08
512,7,sitting,2021-05-07 15:41:55.919,2021-05-07 15:41:57.900,0.021,1,1,0.9999686,3.1392123e-05,0.9999686,2.3145143e-08,1.0523465e-08
512,7,sitting,2021-05-07 15:41:56.919,2021-05-07 15:41:58.900,0.021,1,1,0.9999711,2.8905926e-05,0.9999711,1.875042e-08,1.06417115e-08
512,7,sitting,2021-05-07 15:41:57.919,2021-05-07 15:41:59.900,0.021,1,1,0.9999644,3.5466368e-05,0.9999644,2.2006398e-08,1.0119233e-08
512,7,sitting,2021-05-07 15:41:58.919,2021-05-07 15:42:00.900,0.021,1,1,0.99996847,3.1438616e-05,0.99996847,1.9205606e-08,9.856075e-09
512,7,sitting,2021-05-07 15:41:59.919,2021-05-07 15:42:01.900,0.021,1,1,0.99995357,4.63111e-05,0.99995357,3.3970167e-08,9.779378e-09
512,7,sitting,2021-05-07 15:42:00.920,2021-05-07 15:42:02.900,0.021,1,1,0.9999531,4.687083e-05,0.9999531,3.5567155e-08,1.1037015e-08
512,7,sitting,2021-05-07 15:42:01.920,2021-05-07 15:42:03.900,0.021,1,1,0.9999656,3.4321147e-05,0.9999656,2.1625118e-08,1.0805277e-08
512,7,sitting,2021-05-07 15:42:02.920,2021-05-07 15:42:04.900,0.021,1,1,0.99996334,3.6625042e-05,0.99996334,1.4430592e-08,1.0238503e-08
512,7,sitting,2021-05-07 15:42:03.920,2021-05-07 15:42:05.900,0.021,1,1,0.9999885,1.142922e-05,0.9999885,1.9353443e-09,1.3419404e-08
512,7,sitting,2021-05-07 15:42:04.920,2021-05-07 15:42:06.900,0.021,1,1,0.99999696,3.0006443e-06,0.99999696,4.0075238e-10,7.95898e-09
512,7,sitting,2021-05-07 15:42:05.920,2021-05-07 15:42:07.900,0.021,1,1,0.9999973,2.6105536e-06,0.9999973,5.0650306e-10,9.956483e-09
512,7,sitting,2021-05-07 15:42:06.920,2021-05-07 15:42:08.899,0.021,1,1,0.9999971,2.8928862e-06,0.9999971,5.510741e-10,1.025378e-08
512,7,sitting,2021-05-07 15:42:07.920,2021-05-07 15:42:09.899,0.021,1,1,0.9999977,2.3164853e-06,0.9999977,4.0207032e-10,9.7381525e-09
512,7,sitting,2021-05-07 15:42:08.920,2021-05-07 15:42:10.899,0.021,1,1,0.99999624,3.6580045e-06,0.99999624,6.287411e-10,1.0677621e-08
512,7,sitting,2021-05-07 15:42:09.920,2021-05-07 15:42:11.899,0.021,1,1,0.99999565,4.2967927e-06,0.99999565,8.2870555e-10,1.1436088e-08
512,7,sitting,2021-05-07 15:42:10.920,2021-05-07 15:42:12.899,0.021,1,1,0.9999961,3.760089e-06,0.9999961,7.720912e-10,1.1112989e-08
512,7,sitting,2021-05-07 15:42:11.920,2021-05-07 15:42:13.899,0.021,1,1,0.9999936,6.264018e-06,0.9999936,1.3105755e-09,1.29974485e-08
512,7,sitting,2021-05-07 15:42:12.920,2021-05-07 15:42:14.899,0.021,1,1,0.9999929,7.01982e-06,0.9999929,1.5205135e-09,1.3863385e-08
512,7,sitting,2021-05-07 15:42:13.920,2021-05-07 15:42:15.899,0.021,1,1,0.99999446,5.4312804e-06,0.99999446,1.267493e-09,1.3057616e-08
512,7,sitting,2021-05-07 15:42:14.920,2021-05-07 15:42:16.899,0.021,1,1,0.9999923,7.570299e-06,0.9999923,1.9590278e-09,1.4255214e-08
512,7,sitting,2021-05-07 15:42:15.920,2021-05-07 15:42:17.899,0.021,1,1,0.9999935,6.464443e-06,0.9999935,1.6094545e-09,1.3366236e-08
512,7,sitting,2021-05-07 15:42:16.920,2021-05-07 15:42:18.899,0.021,1,1,0.9999936,6.3759953e-06,0.9999936,1.5994477e-09,1.3637899e-08
512,7,sitting,2021-05-07 15:42:17.920,2021-05-07 15:42:19.899,0.021,1,1,0.9999923,7.6226047e-06,0.9999923,2.066779e-09,1.4583556e-08
512,7,sitting,2021-05-07 15:42:18.920,2021-05-07 15:42:20.899,0.021,1,1,0.99999076,9.144382e-06,0.99999076,2.5204947e-09,1.4936008e-08
512,7,sitting,2021-05-07 15:42:19.920,2021-05-07 15:42:21.899,0.021,1,1,0.99998647,1.3431856e-05,0.99998647,4.555379e-09,1.8467295e-08
512,7,sitting,2021-05-07 15:42:20.920,2021-05-07 15:42:22.899,0.021,1,1,0.9999911,8.83971e-06,0.9999911,2.7426703e-09,1.5830404e-08
512,7,sitting,2021-05-07 15:42:21.920,2021-05-07 15:42:23.899,0.021,1,1,0.99999243,7.4599875e-06,0.99999243,2.2013764e-09,1.44553916e-08
512,7,sitting,2021-05-07 15:42:22.920,2021-05-07 15:42:24.899,0.021,1,1,0.9999917,8.274365e-06,0.9999917,2.5581197e-09,1.5873376e-08
512,7,sitting,2021-05-07 15:42:23.920,2021-05-07 15:42:25.899,0.021,1,1,0.9999929,7.0881338e-06,0.9999929,2.1684599e-09,1.5157683e-08
512,7,sitting,2021-05-07 15:42:24.920,2021-05-07 15:42:26.899,0.021,1,1,0.9999922,7.711045e-06,0.9999922,3.4690086e-09,1.7236903e-08
512,7,sitting,2021-05-07 15:42:25.920,2021-05-07 15:42:27.899,0.021,1,1,0.99999243,7.5677954e-06,0.99999243,2.6122005e-09,1.5084709e-08
512,7,sitting,2021-05-07 15:42:26.920,2021-05-07 15:42:28.899,0.021,1,1,0.999993,6.9185653e-06,0.999993,2.129863e-09,1.5231908e-08
512,7,sitting,2021-05-07 15:42:27.920,2021-05-07 15:42:29.899,0.021,1,1,0.9999923,7.664219e-06,0.9999923,3.9828256e-09,1.8520032e-08
512,7,sitting,2021-05-07 15:42:28.920,2021-05-07 15:42:30.899,0.021,1,1,0.9999928,7.1114855e-06,0.9999928,2.8379201e-09,1.4552414e-08
512,7,sitting,2021-05-07 15:42:29.920,2021-05-07 15:42:31.899,0.021,1,1,0.9999928,7.115454e-06,0.9999928,2.1870599e-09,1.3392051e-08
512,7,sitting,2021-05-07 15:42:30.920,2021-05-07 15:42:32.900,0.021,1,1,0.999993,6.949864e-06,0.999993,2.014146e-09,1.3757496e-08
512,7,sitting,2021-05-07 15:42:31.920,2021-05-07 15:42:33.900,0.021,1,1,0.9999942,5.7708803e-06,0.9999942,1.6152187e-09,1.2970661e-08
512,7,sitting,2021-05-07 15:42:32.919,2021-05-07 15:42:34.900,0.021,1,1,0.9999921,7.8827115e-06,0.9999921,2.4258262e-09,1.6152038e-08
512,7,sitting,2021-05-07 15:42:33.919,2021-05-07 15:42:35.900,0.021,1,1,0.9999921,7.851224e-06,0.9999921,2.4804654e-09,1.6257e-08
512,7,sitting,2021-05-07 15:42:34.919,2021-05-07 15:42:36.900,0.021,1,1,0.999993,6.857828e-06,0.999993,1.8697217e-09,1.4492808e-08
512,7,sitting,2021-05-07 15:42:35.919,2021-05-07 15:42:37.900,0.021,1,1,0.9999903,9.619136e-06,0.9999903,2.5235434e-09,1.6421488e-08
512,7,sitting,2021-05-07 15:42:36.919,2021-05-07 15:42:38.900,0.021,1,1,0.99999183,8.058323e-06,0.99999183,2.2009679e-09,1.5294189e-08
512,7,sitting,2021-05-07 15:42:37.919,2021-05-07 15:42:39.900,0.021,1,1,0.9999904,9.480109e-06,0.9999904,2.6488713e-09,1.6056116e-08
512,7,sitting,2021-05-07 15:42:38.919,2021-05-07 15:42:40.900,0.021,1,1,0.9999899,9.991895e-06,0.9999899,2.6170712e-09,1.627912e-08
512,7,sitting,2021-05-07 15:42:39.919,2021-05-07 15:42:41.900,0.021,1,1,0.9999905,9.4057705e-06,0.9999905,2.3538085e-09,1.4746939e-08
512,7,sitting,2021-05-07 15:42:40.919,2021-05-07 15:42:42.900,0.021,1,1,0.9999886,1.133418e-05,0.9999886,2.7466316e-09,1.6718378e-08
512,7,sitting,2021-05-07 15:42:41.919,2021-05-07 15:42:43.900,0.021,1,1,0.99999124,8.660952e-06,0.99999124,2.401746e-09,1.6086108e-08
512,7,sitting,2021-05-07 15:42:42.919,2021-05-07 15:42:44.900,0.021,1,1,0.99998873,1.1199197e-05,0.99998873,3.2635603e-09,1.7466657e-08
512,7,sitting,2021-05-07 15:42:43.919,2021-05-07 15:42:45.900,0.021,1,1,0.9999885,1.1443878e-05,0.9999885,3.0215768e-09,1.730559e-08
512,7,sitting,2021-05-07 15:42:44.919,2021-05-07 15:42:46.900,0.021,1,1,0.99999076,9.133443e-06,0.99999076,2.3984488e-09,1.4687235e-08
512,7,sitting,2021-05-07 15:42:45.919,2021-05-07 15:42:47.900,0.021,1,1,0.9999899,1.0056232e-05,0.9999899,2.6352938e-09,1.551866e-08
512,7,sitting,2021-05-07 15:42:46.919,2021-05-07 15:42:48.900,0.021,1,1,0.99999017,9.74799e-06,0.99999017,2.5529878e-09,1.6148558e-08
512,7,sitting,2021-05-07 15:42:47.919,2021-05-07 15:42:49.900,0.021,1,1,0.9999904,9.501135e-06,0.9999904,2.6118863e-09,1.5600133e-08
512,7,sitting,2021-05-07 15:42:48.919,2021-05-07 15:42:50.900,0.021,1,1,0.9999878,1.2148107e-05,0.9999878,3.6178072e-09,1.8417861e-08
512,7,sitting,2021-05-07 15:42:49.919,2021-05-07 15:42:51.900,0.021,1,1,0.9999904,9.498706e-06,0.9999904,2.8523481e-09,1.7050718e-08
512,7,sitting,2021-05-07 15:42:50.919,2021-05-07 15:42:52.900,0.021,1,1,0.999991,8.902525e-06,0.999991,2.630792e-09,1.6271564e-08
512,7,sitting,2021-05-07 15:42:51.919,2021-05-07 15:42:53.900,0.021,1,1,0.9999874,1.2551535e-05,0.9999874,4.491522e-09,1.9393783e-08
512,7,sitting,2021-05-07 15:42:52.919,2021-05-07 15:42:54.900,0.021,1,1,0.9999909,9.002226e-06,0.9999909,2.7272549e-09,1.6058943e-08
512,7,sitting,2021-05-07 15:42:53.919,2021-05-07 15:42:55.900,0.021,1,1,0.9999904,9.533692e-06,0.9999904,2.4391194e-09,1.6046686e-08
512,7,sitting,2021-05-07 15:42:54.919,2021-05-07 15:42:56.900,0.021,1,1,0.999989,1.0939958e-05,0.999989,2.7988931e-09,1.6713855e-08
512,7,sitting,2021-05-07 15:42:55.919,2021-05-07 15:42:57.900,0.021,1,1,0.9999885,1.1489743e-05,0.9999885,2.9524998e-09,1.612148e-08
512,7,sitting,2021-05-07 15:42:56.919,2021-05-07 15:42:58.900,0.021,1,1,0.99998885,1.1130342e-05,0.99998885,2.8557405e-09,1.6183533e-08
512,7,sitting,2021-05-07 15:42:57.919,2021-05-07 15:42:59.900,0.021,1,1,0.99999183,8.115146e-06,0.99999183,2.214468e-09,1.4458499e-08
512,7,sitting,2021-05-07 15:42:58.919,2021-05-07 15:43:00.900,0.021,1,1,0.99998957,1.0422027e-05,0.99998957,3.0046092e-09,1.6331393e-08
512,7,sitting,2021-05-07 15:42:59.919,2021-05-07 15:43:01.900,0.021,1,1,0.99998707,1.28423335e-05,0.99998707,3.6804866e-09,1.695234e-08
512,7,sitting,2021-05-07 15:43:00.920,2021-05-07 15:43:02.900,0.021,1,1,0.9999886,1.1361051e-05,0.9999886,2.8312905e-09,1.5201309e-08
512,7,sitting,2021-05-07 15:43:01.920,2021-05-07 15:43:03.900,0.021,1,1,0.9999859,1.4086917e-05,0.9999859,4.9699853e-09,1.9158305e-08
512,7,sitting,2021-05-07 15:43:02.920,2021-05-07 15:43:04.900,0.021,1,1,0.99998456,1.535465e-05,0.99998456,7.328024e-09,1.9153934e-08
512,7,sitting,2021-05-07 15:43:03.920,2021-05-07 15:43:05.900,0.021,1,1,0.9999806,1.9271352e-05,0.9999806,6.914715e-09,1.9379156e-08
512,7,sitting,2021-05-07 15:43:04.920,2021-05-07 15:43:06.900,0.021,1,1,0.9999781,2.1857917e-05,0.9999781,6.7820034e-09,1.900729e-08
512,7,sitting,2021-05-07 15:43:05.920,2021-05-07 15:43:07.900,0.021,1,1,0.99998313,1.6770673e-05,0.99998313,6.0716845e-09,1.9714554e-08
512,7,sitting,2021-05-07 15:43:06.920,2021-05-07 15:43:08.899,0.021,1,1,0.99997884,2.1074302e-05,0.99997884,1.0574779e-08,1.735848e-08
512,7,sitting,2021-05-07 15:43:07.920,2021-05-07 15:43:09.899,0.021,1,1,0.99998516,1.481135e-05,0.99998516,5.3105964e-09,1.9605062e-08
512,7,sitting,2021-05-07 15:43:08.920,2021-05-07 15:43:10.899,0.021,1,1,0.99998623,1.3764787e-05,0.99998623,3.5229781e-09,1.702124e-08
512,7,sitting,2021-05-07 15:43:09.920,2021-05-07 15:43:11.899,0.021,1,1,0.9999848,1.5099137e-05,0.9999848,3.941383e-09,1.8536149e-08
512,7,sitting,2021-05-07 15:43:10.920,2021-05-07 15:43:12.899,0.021,1,1,0.9999866,1.33329995e-05,0.9999866,3.732758e-09,1.7744183e-08
512,7,sitting,2021-05-07 15:43:11.920,2021-05-07 15:43:13.899,0.021,1,1,0.9999849,1.5070611e-05,0.9999849,4.593597e-09,1.9426128e-08
512,7,sitting,2021-05-07 15:43:12.920,2021-05-07 15:43:14.899,0.021,1,1,0.99998635,1.3602931e-05,0.99998635,4.383757e-09,1.8823412e-08
512,7,sitting,2021-05-07 15:43:13.920,2021-05-07 15:43:15.899,0.021,1,1,0.99998385,1.6103037e-05,0.99998385,8.067588e-09,1.9211214e-08
512,7,sitting,2021-05-07 15:43:14.920,2021-05-07 15:43:16.899,0.021,1,1,0.99998766,1.2219226e-05,0.99998766,1.5463256e-08,1.9262362e-08
512,7,sitting,2021-05-07 15:43:15.920,2021-05-07 15:43:17.899,0.021,1,1,0.99999017,9.816511e-06,0.99999017,1.9307397e-08,1.8452294e-08
512,7,sitting,2021-05-07 15:43:16.920,2021-05-07 15:43:18.899,0.021,1,1,0.99998766,1.22587135e-05,0.99998766,2.3546736e-08,1.658598e-08
512,7,sitting,2021-05-07 15:43:17.920,2021-05-07 15:43:19.899,0.021,1,1,0.99998826,1.1631842e-05,0.99998826,2.2528416e-08,1.6824544e-08
512,7,sitting,2021-05-07 15:43:18.920,2021-05-07 15:43:20.899,0.021,1,1,0.99998397,1.6007205e-05,0.99998397,1.2682106e-08,1.6898214e-08
512,7,sitting,2021-05-07 15:43:19.920,2021-05-07 15:43:21.899,0.021,1,1,0.99998635,1.3558404e-05,0.99998635,5.9424896e-09,2.1653014e-08
512,7,sitting,2021-05-07 15:43:20.920,2021-05-07 15:43:22.899,0.021,1,1,0.999988,1.186421e-05,0.999988,7.009686e-09,2.1374799e-08
512,7,sitting,2021-05-07 15:43:21.920,2021-05-07 15:43:23.899,0.021,1,1,0.999988,1.1904115e-05,0.999988,6.3168604e-09,2.1236916e-08
512,7,sitting,2021-05-07 15:43:22.920,2021-05-07 15:43:24.899,0.021,1,1,0.99998623,1.3673842e-05,0.99998623,8.417997e-09,2.1084034e-08
512,7,sitting,2021-05-07 15:43:23.920,2021-05-07 15:43:25.899,0.021,1,1,0.99998826,1.1654483e-05,0.99998826,1.6599852e-08,1.9098517e-08
512,7,sitting,2021-05-07 15:43:24.920,2021-05-07 15:43:26.899,0.021,1,1,0.99998873,1.1155025e-05,0.99998873,1.6243929e-08,1.926988e-08
512,7,sitting,2021-05-07 15:43:25.920,2021-05-07 15:43:27.899,0.021,1,1,0.99998206,1.7878065e-05,0.99998206,9.91413e-09,1.8022089e-08
512,7,sitting,2021-05-07 15:43:26.920,2021-05-07 15:43:28.899,0.021,1,1,0.99998504,1.4907371e-05,0.99998504,5.0303886e-09,1.9344453e-08
512,7,sitting,2021-05-07 15:43:27.920,2021-05-07 15:43:29.899,0.021,1,1,0.9999829,1.7008471e-05,0.9999829,4.380783e-09,1.9687569e-08
512,7,sitting,2021-05-07 15:43:28.920,2021-05-07 15:43:30.899,0.021,1,1,0.99998397,1.6002443e-05,0.99998397,3.9628865e-09,2.0447073e-08
512,7,sitting,2021-05-07 15:43:29.920,2021-05-07 15:43:31.899,0.021,1,1,0.99998647,1.3526789e-05,0.99998647,4.1911408e-09,1.8524553e-08
512,7,sitting,2021-05-07 15:43:30.920,2021-05-07 15:43:32.900,0.021,1,1,0.99998397,1.6004838e-05,0.99998397,5.2618305e-09,1.9665183e-08
512,7,sitting,2021-05-07 15:43:31.920,2021-05-07 15:43:33.900,0.021,1,1,0.99998695,1.2995882e-05,0.99998695,4.574851e-09,1.9183336e-08
512,7,sitting,2021-05-07 15:43:32.919,2021-05-07 15:43:34.900,0.021,1,1,0.99998695,1.3022469e-05,0.99998695,4.0510066e-09,1.8891834e-08
512,7,sitting,2021-05-07 15:43:33.919,2021-05-07 15:43:35.900,0.021,1,1,0.9999885,1.1498578e-05,0.9999885,3.5249688e-09,1.7629722e-08
512,7,sitting,2021-05-07 15:43:34.919,2021-05-07 15:43:36.900,0.021,1,1,0.9999872,1.2774334e-05,0.9999872,4.026911e-09,1.8366492e-08
512,7,sitting,2021-05-07 15:43:35.919,2021-05-07 15:43:37.900,0.021,1,1,0.99998754,1.2373323e-05,0.99998754,3.7847525e-09,1.8722533e-08
512,7,sitting,2021-05-07 15:43:36.919,2021-05-07 15:43:38.900,0.021,1,1,0.99999005,9.949715e-06,0.99999005,2.8444964e-09,1.695708e-08
512,7,sitting,2021-05-07 15:43:37.919,2021-05-07 15:43:39.900,0.021,1,1,0.99998873,1.1218813e-05,0.99998873,3.0657026e-09,1.7832436e-08
512,7,sitting,2021-05-07 15:43:38.919,2021-05-07 15:43:40.900,0.021,1,1,0.9999892,1.0689911e-05,0.9999892,3.0131708e-09,1.6892791e-08
512,7,sitting,2021-05-07 15:43:39.919,2021-05-07 15:43:41.900,0.021,1,1,0.9999886,1.1282878e-05,0.9999886,3.1755554e-09,1.7611809e-08
512,7,sitting,2021-05-07 15:43:40.919,2021-05-07 15:43:42.900,0.021,1,1,0.999991,8.906441e-06,0.999991,2.5274374e-09,1.6972821e-08
512,7,sitting,2021-05-07 15:43:41.919,2021-05-07 15:43:43.900,0.021,1,1,0.9999905,9.386468e-06,0.9999905,2.9522917e-09,1.6819222e-08
512,7,sitting,2021-05-07 15:43:42.919,2021-05-07 15:43:44.900,0.021,1,1,0.99998957,1.0379782e-05,0.99998957,3.4796885e-09,1.7599e-08
512,7,sitting,2021-05-07 15:43:43.919,2021-05-07 15:43:45.900,0.021,1,1,0.9999897,1.0287688e-05,0.9999897,3.1558984e-09,1.72157e-08
512,7,sitting,2021-05-07 15:43:44.919,2021-05-07 15:43:46.900,0.021,1,1,0.999991,8.949702e-06,0.999991,2.6931024e-09,1.6002804e-08
512,7,sitting,2021-05-07 15:43:45.919,2021-05-07 15:43:47.900,0.021,1,1,0.9999885,1.1453749e-05,0.9999885,4.615825e-09,1.9267192e-08
512,7,sitting,2021-05-07 15:43:46.919,2021-05-07 15:43:48.900,0.021,1,1,0.9999899,1.0041713e-05,0.9999899,3.2046013e-09,1.6639664e-08
512,7,sitting,2021-05-07 15:43:47.919,2021-05-07 15:43:49.900,0.021,1,1,0.9999885,1.1429885e-05,0.9999885,3.8889167e-09,1.7389798e-08
512,7,sitting,2021-05-07 15:43:48.919,2021-05-07 15:43:50.900,0.021,1,1,0.9999892,1.0781502e-05,0.9999892,3.3897507e-09,1.5928777e-08
512,7,sitting,2021-05-07 15:43:49.919,2021-05-07 15:43:51.900,0.021,1,1,0.99998826,1.1702507e-05,0.99998826,3.5672947e-09,1.708659e-08
512,7,sitting,2021-05-07 15:43:50.919,2021-05-07 15:43:52.900,0.021,1,1,0.9999867,1.3265413e-05,0.9999867,4.318084e-09,1.8597166e-08
512,7,sitting,2021-05-07 15:43:51.919,2021-05-07 15:43:53.900,0.021,1,1,0.9999904,9.477569e-06,0.9999904,2.7752838e-09,1.5014695e-08
512,7,sitting,2021-05-07 15:43:52.919,2021-05-07 15:43:54.900,0.021,1,1,0.99998695,1.303865e-05,0.99998695,5.9510454e-09,1.8963679e-08
512,7,sitting,2021-05-07 15:43:53.919,2021-05-07 15:43:55.900,0.021,1,1,0.99998647,1.3503499e-05,0.99998647,5.2608904e-09,1.8429189e-08
512,7,sitting,2021-05-07 15:43:54.919,2021-05-07 15:43:56.900,0.021,1,1,0.9999843,1.560189e-05,0.9999843,4.6141335e-09,1.7078344e-08
512,7,sitting,2021-05-07 15:43:55.919,2021-05-07 15:43:57.900,0.021,1,1,0.999986,1.398356e-05,0.999986,3.854112e-09,1.8118183e-08
512,7,sitting,2021-05-07 15:43:56.919,2021-05-07 15:43:58.900,0.021,1,1,0.99999005,9.884976e-06,0.99999005,2.8480795e-09,1.602087e-08
512,7,sitting,2021-05-07 15:43:57.919,2021-05-07 15:43:59.900,0.021,1,1,0.9999854,1.4503145e-05,0.9999854,4.377453e-09,1.626933e-08
512,7,sitting,2021-05-07 15:43:58.919,2021-05-07 15:44:00.900,0.021,1,1,0.99998623,1.3706533e-05,0.99998623,1.8321261e-09,1.2473425e-08
512,7,sitting,2021-05-07 15:43:59.919,2021-05-07 15:44:01.900,0.021,1,1,0.9999916,8.398464e-06,0.9999916,7.9810814e-10,1.3081709e-08
512,7,sitting,2021-05-07 15:44:00.920,2021-05-07 15:44:02.900,0.021,1,1,0.9999922,7.722003e-06,0.9999922,1.6385374e-09,1.7285629e-08
512,7,sitting,2021-05-07 15:44:01.920,2021-05-07 15:44:03.900,0.021,1,1,0.9999879,1.2049422e-05,0.9999879,3.754441e-09,1.8298321e-08
512,7,sitting,2021-05-07 15:44:02.920,2021-05-07 15:44:04.900,0.021,1,1,0.999989,1.0973029e-05,0.999989,3.7623167e-09,1.8173266e-08
512,7,sitting,2021-05-07 15:44:03.920,2021-05-07 15:44:05.900,0.021,1,1,0.9999885,1.14346485e-05,0.9999885,3.7415897e-09,1.772318e-08
512,7,sitting,2021-05-07 15:44:04.920,2021-05-07 15:44:06.900,0.021,1,1,0.99998194,1.8001123e-05,0.99998194,6.319762e-09,1.8244059e-08
512,7,sitting,2021-05-07 15:44:05.920,2021-05-07 15:44:07.900,0.021,1,1,0.99997765,2.2272992e-05,0.99997765,9.600653e-09,1.855933e-08
512,7,sitting,2021-05-07 15:44:06.920,2021-05-07 15:44:08.899,0.021,1,1,0.9999785,2.1408921e-05,0.9999785,9.701832e-09,1.8944647e-08
512,7,sitting,2021-05-07 15:44:07.920,2021-05-07 15:44:09.899,0.021,1,1,0.99997514,2.4832121e-05,0.99997514,1.3920928e-08,1.9461652e-08
512,7,sitting,2021-05-07 15:44:08.920,2021-05-07 15:44:10.899,0.021,1,1,0.99998456,1.540844e-05,0.99998456,8.251197e-09,2.3235346e-08
512,7,sitting,2021-05-07 15:44:09.920,2021-05-07 15:44:11.899,0.021,1,1,0.9999897,1.0193357e-05,0.9999897,3.6438113e-09,1.82458e-08
512,7,sitting,2021-05-07 15:44:10.920,2021-05-07 15:44:12.899,0.021,1,1,0.9999898,1.0094252e-05,0.9999898,3.4810235e-09,1.7966011e-08
512,7,sitting,2021-05-07 15:44:11.920,2021-05-07 15:44:13.899,0.021,1,1,0.9999891,1.0868777e-05,0.9999891,3.55438e-09,1.6039781e-08
512,7,sitting,2021-05-07 15:44:12.920,2021-05-07 15:44:14.899,0.021,1,1,0.99998575,1.417574e-05,0.99998575,3.7730836e-09,1.515821e-08
512,7,sitting,2021-05-07 15:44:13.920,2021-05-07 15:44:15.899,0.021,1,1,0.9999829,1.6987851e-05,0.9999829,4.5398196e-09,1.8870654e-08
512,7,sitting,2021-05-07 15:44:14.920,2021-05-07 15:44:16.899,0.021,1,1,0.99998575,1.4220491e-05,0.99998575,4.0807735e-09,1.8030269e-08
512,7,sitting,2021-05-07 15:44:15.920,2021-05-07 15:44:17.899,0.021,1,1,0.9999822,1.7708546e-05,0.9999822,5.9365854e-09,1.942941e-08
512,7,sitting,2021-05-07 15:44:16.920,2021-05-07 15:44:18.899,0.021,1,1,0.99998623,1.3716785e-05,0.99998623,4.41009e-09,1.898748e-08
512,7,sitting,2021-05-07 15:44:17.920,2021-05-07 15:44:19.899,0.021,1,1,0.9999855,1.44109645e-05,0.9999855,4.0620343e-09,1.847369e-08
512,7,sitting,2021-05-07 15:44:18.920,2021-05-07 15:44:20.899,0.021,1,1,0.99998885,1.1071331e-05,0.99998885,3.2862226e-09,1.689327e-08
512,11,walking,2021-05-07 15:44:26.840,2021-05-07 15:44:28.819,0.021,3,3,0.9999679,3.0860605e-09,1.1060957e-05,2.1050548e-05,0.9999679
512,11,walking,2021-05-07 15:44:27.840,2021-05-07 15:44:29.819,0.021,3,3,0.99997216,4.7592974e-10,9.535422e-07,2.6815247e-05,0.99997216
512,11,walking,2021-05-07 15:44:28.840,2021-05-07 15:44:30.819,0.021,3,3,0.99950093,1.792006e-09,2.0854302e-06,0.00049707695,0.99950093
512,11,walking,2021-05-07 15:44:29.840,2021-05-07 15:44:31.819,0.021,3,3,0.99934256,5.7594867e-09,2.6326792e-05,0.00063106744,0.99934256
512,11,walking,2021-05-07 15:44:30.840,2021-05-07 15:44:32.819,0.021,3,3,0.99524367,1.0323975e-08,1.1005636e-05,0.004745353,0.99524367
512,11,walking,2021-05-07 15:44:31.840,2021-05-07 15:44:33.819,0.021,3,3,0.99834466,4.14774e-09,4.222593e-06,0.00165114,0.99834466
512,11,walking,2021-05-07 15:44:32.840,2021-05-07 15:44:34.819,0.021,3,3,0.9992241,1.7339647e-09,2.5115578e-06,0.00077331334,0.9992241
512,12,standing,2021-05-07 15:44:34.959,2021-05-07 15:44:36.939,0.021,2,2,0.99855876,1.6958384e-07,1.0695692e-05,0.99855876,0.001430387
512,14,standing,2021-05-07 15:44:38.520,2021-05-07 15:44:40.500,0.021,2,2,0.9981442,9.825278e-07,3.709604e-05,0.9981442,0.0018177512
512,14,standing,2021-05-07 15:44:39.520,2021-05-07 15:44:41.500,0.021,2,2,0.99911714,5.679441e-07,2.2602915e-05,0.99911714,0.0008596302
512,14,standing,2021-05-07 15:44:40.520,2021-05-07 15:44:42.500,0.021,2,2,0.9991887,4.3963854e-07,1.3859394e-05,0.9991887,0.00079700036
512,14,standing,2021-05-07 15:44:41.520,2021-05-07 15:44:43.500,0.021,2,2,0.9985451,6.562409e-07,2.5432233e-05,0.9985451,0.0014287757
512,14,standing,2021-05-07 15:44:42.520,2021-05-07 15:44:44.500,0.021,2,2,0.99869007,6.836431e-07,3.1123876e-05,0.99869007,0.0012781617
512,14,standing,2021-05-07 15:44:43.520,2021-05-07 15:44:45.500,0.021,2,2,0.9990631,5.496568e-07,1.6908298e-05,0.9990631,0.0009193851
512,14,standing,2021-05-07 15:44:44.520,2021-05-07 15:44:46.500,0.021,2,2,0.99878764,7.7230965e-07,2.2175464e-05,0.99878764,0.001189325
512,14,standing,2021-05-07 15:44:45.520,2021-05-07 15:44:47.500,0.021,2,2,0.9982963,1.2830839e-06,3.4704393e-05,0.9982963,0.0016677828
512,14,standing,2021-05-07 15:44:46.520,2021-05-07 15:44:48.500,0.021,2,2,0.9977476,1.2326917e-06,4.4041855e-05,0.9977476,0.0022070704
512,15,walking,2021-05-07 15:44:48.599,2021-05-07 15:44:50.580,0.021,3,3,0.9382746,2.4577034e-08,1.3069164e-05,0.0617122,0.9382746
512,15,walking,2021-05-07 15:44:49.599,2021-05-07 15:44:51.580,0.021,3,3,0.98379767,1.3424237e-08,9.552909e-06,0.01619274,0.98379767
512,15,walking,2021-05-07 15:44:50.599,2021-05-07 15:44:52.580,0.021,3,3,0.99743766,4.9759064e-09,4.659986e-06,0.002557655,0.99743766
512,16,standing,2021-05-07 15:44:53.319,2021-05-07 15:44:55.299,0.021,2,2,0.9993963,8.396743e-09,3.901647e-07,0.9993963,0.0006033157
512,16,standing,2021-05-07 15:44:54.319,2021-05-07 15:44:56.299,0.021,2,2,0.9999456,2.0523956e-09,1.18145564e-07,0.9999456,5.4178214e-05
512,17,walking,2021-05-07 15:44:57.000,2021-05-07 15:44:58.979,0.021,3,3,0.99945,8.299918e-09,5.9698464e-06,0.0005440189,0.99945
512,17,walking,2021-05-07 15:44:58.000,2021-05-07 15:44:59.979,0.021,3,3,0.99993485,1.9076625e-09,2.989034e-06,6.214417e-05,0.99993485
512,17,walking,2021-05-07 15:44:59.000,2021-05-07 15:45:00.980,0.021,3,3,0.9999979,6.2020933e-10,7.0301684e-07,1.3685684e-06,0.9999979
512,18,standing,2021-05-07 15:45:01.039,2021-05-07 15:45:03.019,0.021,2,2,0.9964537,9.292012e-08,8.0265645e-06,0.9964537,0.0035381617
512,20,standing,2021-05-07 15:45:03.760,2021-05-07 15:45:05.739,0.021,2,2,0.9787539,1.02443906e-07,5.109245e-06,0.9787539,0.021240776
512,22,standing,2021-05-07 15:45:06.880,2021-05-07 15:45:08.859,0.021,2,2,0.99953616,4.3130214e-08,1.943792e-06,0.99953616,0.00046178867
512,22,standing,2021-05-07 15:45:07.880,2021-05-07 15:45:09.859,0.021,2,2,0.99971104,3.0197896e-08,2.6939706e-06,0.99971104,0.00028608143
512,22,standing,2021-05-07 15:45:08.880,2021-05-07 15:45:10.859,0.021,2,2,0.9995968,7.5489965e-08,5.218307e-06,0.9995968,0.00039793795
512,22,standing,2021-05-07 15:45:09.880,2021-05-07 15:45:11.859,0.021,2,2,0.9993595,2.7613743e-07,1.5446036e-05,0.9993595,0.0006247733
512,22,standing,2021-05-07 15:45:10.880,2021-05-07 15:45:12.859,0.021,2,2,0.99941766,1.8916667e-07,1.458101e-05,0.99941766,0.0005676311
512,22,standing,2021-05-07 15:45:11.880,2021-05-07 15:45:13.859,0.021,2,2,0.9992487,1.4639008e-07,1.23895e-05,0.9992487,0.00073875394
512,22,standing,2021-05-07 15:45:12.880,2021-05-07 15:45:14.859,0.021,2,2,0.99949235,1.3343036e-08,7.174419e-07,0.99949235,0.000507018
512,22,standing,2021-05-07 15:45:13.880,2021-05-07 15:45:15.859,0.021,2,2,0.999898,2.5769042e-09,6.2325235e-08,0.999898,0.00010174899
512,22,standing,2021-05-07 15:45:14.880,2021-05-07 15:45:16.860,0.021,2,2,0.87762415,3.4535714e-07,3.7027432e-05,0.87762415,0.12233846
512,22,standing,2021-05-07 15:45:15.880,2021-05-07 15:45:17.860,0.021,2,2,0.8977334,7.00742e-07,0.00014134713,0.8977334,0.10212449
512,22,standing,2021-05-07 15:45:16.880,2021-05-07 15:45:18.860,0.021,2,2,0.9980426,5.1435364e-07,3.6293506e-05,0.9980426,0.0019206078
512,22,standing,2021-05-07 15:45:17.880,2021-05-07 15:45:19.860,0.021,2,2,0.9995272,3.508001e-07,1.5969144e-05,0.9995272,0.00045642286
512,23,walking,2021-05-07 15:45:20.440,2021-05-07 15:45:22.420,0.021,3,3,0.9784281,2.6288927e-08,1.4490316e-05,0.021557324,0.9784281
512,23,walking,2021-05-07 15:45:21.440,2021-05-07 15:45:23.420,0.021,3,3,0.99882895,1.5014677e-09,2.1344713e-06,0.0011689654,0.99882895
512,23,walking,2021-05-07 15:45:22.440,2021-05-07 15:45:24.420,0.021,3,3,0.9983448,2.3604867e-09,3.92301e-06,0.0016512687,0.9983448
512,23,walking,2021-05-07 15:45:23.440,2021-05-07 15:45:25.420,0.021,3,2,0.5630843,1.03072054e-07,8.916576e-05,0.5630843,0.43682647
512,23,walking,2021-05-07 15:45:24.440,2021-05-07 15:45:26.420,0.021,3,2,0.5192078,3.2823777e-07,0.00010829994,0.5192078,0.48068354
512,23,walking,2021-05-07 15:45:25.440,2021-05-07 15:45:27.420,0.021,3,3,0.98621273,4.83423e-08,3.3768312e-05,0.013753441,0.98621273
512,23,walking,2021-05-07 15:45:26.440,2021-05-07 15:45:28.420,0.021,3,3,0.9970797,5.933676e-09,8.4108415e-06,0.0029119407,0.9970797
512,23,walking,2021-05-07 15:45:27.440,2021-05-07 15:45:29.420,0.021,3,3,0.9992985,5.288216e-09,3.426586e-06,0.0006980869,0.9992985
512,23,walking,2021-05-07 15:45:28.440,2021-05-07 15:45:30.420,0.021,3,3,0.99971175,1.1643261e-09,1.9179395e-06,0.00028622462,0.99971175
512,23,walking,2021-05-07 15:45:29.440,2021-05-07 15:45:31.420,0.021,3,3,0.99292797,1.0104742e-08,7.9935435e-06,0.007063969,0.99292797
512,23,walking,2021-05-07 15:45:30.440,2021-05-07 15:45:32.419,0.021,3,3,0.9994091,3.0750302e-10,4.886535e-07,0.0005904028,0.9994091
512,23,walking,2021-05-07 15:45:31.440,2021-05-07 15:45:33.419,0.021,3,3,0.99995786,2.8591044e-11,8.931636e-08,4.1992873e-05,0.99995786
512,23,walking,2021-05-07 15:45:32.439,2021-05-07 15:45:34.419,0.021,3,3,0.9998708,1.748121e-10,3.2549116e-07,0.00012882834,0.9998708
512,24,standing,2021-05-07 15:45:35.040,2021-05-07 15:45:37.020,0.021,2,2,0.998707,4.725635e-09,0.00034222286,0.998707,0.00095062546
512,26,standing,2021-05-07 15:45:40.680,2021-05-07 15:45:42.659,0.021,2,2,0.99594396,4.6362044e-07,1.799299e-05,0.99594396,0.0040376256
512,26,standing,2021-05-07 15:45:41.680,2021-05-07 15:45:43.659,0.021,2,2,0.99871296,1.6600786e-06,2.7997641e-05,0.99871296,0.0012574284
512,26,standing,2021-05-07 15:45:42.680,2021-05-07 15:45:44.659,0.021,2,2,0.9980864,3.0232463e-06,4.9105303e-05,0.9980864,0.0018614166
512,26,standing,2021-05-07 15:45:43.680,2021-05-07 15:45:45.659,0.021,2,2,0.99765795,3.238697e-06,5.2916934e-05,0.99765795,0.0022859157
512,26,standing,2021-05-07 15:45:44.680,2021-05-07 15:45:46.659,0.021,2,2,0.99689645,3.7783734e-06,6.677098e-05,0.99689645,0.0030330543
512,26,standing,2021-05-07 15:45:45.680,2021-05-07 15:45:47.659,0.021,2,2,0.99706686,4.175178e-06,7.003242e-05,0.99706686,0.0028589296
512,26,standing,2021-05-07 15:45:46.680,2021-05-07 15:45:48.659,0.021,2,2,0.9974141,4.2135384e-06,6.594453e-05,0.9974141,0.00251573
512,26,standing,2021-05-07 15:45:47.680,2021-05-07 15:45:49.659,0.021,2,2,0.99746525,4.024176e-06,6.414761e-05,0.99746525,0.0024665508
512,28,standing,2021-05-07 15:45:50.000,2021-05-07 15:45:51.979,0.021,2,2,0.9988381,5.551341e-08,4.0499954e-06,0.9988381,0.001157855
512,28,standing,2021-05-07 15:45:51.000,2021-05-07 15:45:52.979,0.021,2,2,0.9997506,1.430613e-08,6.039087e-07,0.9997506,0.00024872055
512,28,standing,2021-05-07 15:45:52.000,2021-05-07 15:45:53.979,0.021,2,2,0.99967283,2.5827212e-08,1.2080626e-06,0.99967283,0.00032591543
512,28,standing,2021-05-07 15:45:53.000,2021-05-07 15:45:54.979,0.021,2,2,0.9996726,6.490817e-08,3.603541e-06,0.9996726,0.0003237398
512,30,standing,2021-05-07 15:45:55.959,2021-05-07 15:45:57.939,0.021,2,2,0.9284915,5.1158395e-07,8.5060674e-05,0.9284915,0.071422994
512,31,lying,2021-05-07 15:46:07.039,2021-05-07 15:46:09.020,0.021,0,0,0.9999929,0.9999929,6.079378e-06,6.0862405e-08,7.773756e-07
512,31,lying,2021-05-07 15:46:08.039,2021-05-07 15:46:10.020,0.021,0,0,0.9999282,0.9999282,6.9707705e-05,6.62321e-07,1.3051387e-06
512,31,lying,2021-05-07 15:46:09.039,2021-05-07 15:46:11.020,0.021,0,0,0.9962284,0.9962284,0.003732783,2.1804153e-05,1.6992723e-05
512,31,lying,2021-05-07 15:46:10.039,2021-05-07 15:46:12.020,0.021,0,0,0.99752945,0.99752945,0.0024412847,1.4894495e-05,1.4447588e-05
512,31,lying,2021-05-07 15:46:11.039,2021-05-07 15:46:13.020,0.021,0,0,0.99772847,0.99772847,0.0022451717,1.1419517e-05,1.5036461e-05
512,31,lying,2021-05-07 15:46:12.039,2021-05-07 15:46:14.020,0.021,0,0,0.99750495,0.99750495,0.0024640427,1.3112611e-05,1.784807e-05
512,31,lying,2021-05-07 15:46:13.039,2021-05-07 15:46:15.020,0.021,0,0,0.9970166,0.9970166,0.0029485333,1.4894278e-05,2.003476e-05
512,31,lying,2021-05-07 15:46:14.039,2021-05-07 15:46:16.020,0.021,0,0,0.9965239,0.9965239,0.003437596,1.8727931e-05,1.9666442e-05
512,31,lying,2021-05-07 15:46:15.039,2021-05-07 15:46:17.020,0.021,0,0,0.9952662,0.9952662,0.004684702,2.3163604e-05,2.5994581e-05
512,31,lying,2021-05-07 15:46:16.040,2021-05-07 15:46:18.020,0.021,0,0,0.9923831,0.9923831,0.0075419415,3.3825465e-05,4.10406e-05
512,31,lying,2021-05-07 15:46:17.040,2021-05-07 15:46:19.020,0.021,0,0,0.9912089,0.9912089,0.00870397,3.787693e-05,4.920096e-05
512,31,lying,2021-05-07 15:46:18.040,2021-05-07 15:46:20.020,0.021,0,0,0.9925538,0.9925538,0.007372464,3.1910044e-05,4.1711843e-05
512,31,lying,2021-05-07 15:46:19.040,2021-05-07 15:46:21.020,0.021,0,0,0.9922576,0.9922576,0.0076688374,3.4332403e-05,3.921048e-05
512,31,lying,2021-05-07 15:46:20.040,2021-05-07 15:46:22.020,0.021,0,0,0.99162334,0.99162334,0.0082953,3.8712722e-05,4.268955e-05
512,31,lying,2021-05-07 15:46:21.040,2021-05-07 15:46:23.020,0.021,0,0,0.991054,0.991054,0.008857994,4.0094586e-05,4.7997557e-05
512,31,lying,2021-05-07 15:46:22.040,2021-05-07 15:46:24.020,0.021,0,0,0.9929526,0.9929526,0.006973021,3.530528e-05,3.9086015e-05
512,31,lying,2021-05-07 15:46:23.040,2021-05-07 15:46:25.020,0.021,0,0,0.9949377,0.9949377,0.005003624,2.5836453e-05,3.281554e-05
512,31,lying,2021-05-07 15:46:24.040,2021-05-07 15:46:26.020,0.021,0,0,0.995002,0.995002,0.004935362,3.389258e-05,2.8746817e-05
512,31,lying,2021-05-07 15:46:25.040,2021-05-07 15:46:27.020,0.021,0,0,0.9960111,0.9960111,0.0039343406,3.186814e-05,2.2639138e-05
512,31,lying,2021-05-07 15:46:26.040,2021-05-07 15:46:28.020,0.021,0,0,0.99645776,0.99645776,0.0034933053,2.8206483e-05,2.0841422e-05
512,31,lying,2021-05-07 15:46:27.040,2021-05-07 15:46:29.020,0.021,0,0,0.9954523,0.9954523,0.004490821,2.9954641e-05,2.6996084e-05
512,31,lying,2021-05-07 15:46:28.040,2021-05-07 15:46:30.020,0.021,0,0,0.99544567,0.99544567,0.0044948827,2.882573e-05,3.061488e-05
512,31,lying,2021-05-07 15:46:29.040,2021-05-07 15:46:31.020,0.021,0,0,0.9944348,0.9944348,0.0054963254,3.4244513e-05,3.466801e-05
512,31,lying,2021-05-07 15:46:30.040,2021-05-07 15:46:32.020,0.021,0,0,0.9929768,0.9929768,0.006942522,4.063239e-05,4.018621e-05
512,31,lying,2021-05-07 15:46:31.040,2021-05-07 15:46:33.020,0.021,0,0,0.9939264,0.9939264,0.0059978254,3.9912255e-05,3.5818528e-05
512,31,lying,2021-05-07 15:46:32.040,2021-05-07 15:46:34.020,0.021,0,0,0.99365765,0.99365765,0.006265991,3.9595063e-05,3.6855516e-05
512,31,lying,2021-05-07 15:46:33.040,2021-05-07 15:46:35.020,0.021,0,0,0.9942845,0.9942845,0.005644685,3.687532e-05,3.399927e-05
512,31,lying,2021-05-07 15:46:34.040,2021-05-07 15:46:36.020,0.021,0,0,0.99529266,0.99529266,0.0046451963,3.2672047e-05,2.9508828e-05
512,31,lying,2021-05-07 15:46:35.040,2021-05-07 15:46:37.020,0.021,0,0,0.9979117,0.9979117,0.002057974,1.5994003e-05,1.4332049e-05
512,31,lying,2021-05-07 15:46:36.040,2021-05-07 15:46:38.020,0.021,0,0,0.9988257,0.9988257,0.0011555913,9.947166e-06,8.698076e-06
512,31,lying,2021-05-07 15:46:37.040,2021-05-07 15:46:39.020,0.021,0,0,0.9988016,0.9988016,0.0011785926,1.0612913e-05,9.170391e-06
512,31,lying,2021-05-07 15:46:38.040,2021-05-07 15:46:40.020,0.021,0,0,0.99870485,0.99870485,0.0012751592,9.75733e-06,1.0083944e-05
512,31,lying,2021-05-07 15:46:39.040,2021-05-07 15:46:41.020,0.021,0,0,0.99813765,0.99813765,0.001836869,1.1933747e-05,1.35552455e-05
512,31,lying,2021-05-07 15:46:40.040,2021-05-07 15:46:42.020,0.021,0,0,0.9971556,0.9971556,0.0028097956,1.672796e-05,1.7754099e-05
512,31,lying,2021-05-07 15:46:41.040,2021-05-07 15:46:43.020,0.021,0,0,0.99694014,0.99694014,0.0030225737,1.8785224e-05,1.8391833e-05
512,31,lying,2021-05-07 15:46:42.040,2021-05-07 15:46:44.020,0.021,0,0,0.9979876,0.9979876,0.0019844675,1.244264e-05,1.543029e-05
512,31,lying,2021-05-07 15:46:43.040,2021-05-07 15:46:45.020,0.021,0,0,0.9981601,0.9981601,0.0018134186,1.0769791e-05,1.5578435e-05
512,31,lying,2021-05-07 15:46:44.040,2021-05-07 15:46:46.020,0.021,0,0,0.9976136,0.9976136,0.0023558661,1.2882989e-05,1.7770066e-05
512,31,lying,2021-05-07 15:46:45.040,2021-05-07 15:46:47.020,0.021,0,0,0.9960474,0.9960474,0.0039051091,1.9847235e-05,2.76178e-05
512,31,lying,2021-05-07 15:46:46.040,2021-05-07 15:46:48.020,0.021,0,0,0.9943393,0.9943393,0.0055937264,3.0390602e-05,3.6646805e-05
512,31,lying,2021-05-07 15:46:47.040,2021-05-07 15:46:49.020,0.021,0,0,0.9968963,0.9968963,0.0030648871,1.902051e-05,1.9824542e-05
512,31,lying,2021-05-07 15:46:48.040,2021-05-07 15:46:50.020,0.021,0,0,0.997687,0.997687,0.0022847017,1.2886492e-05,1.5477777e-05
512,31,lying,2021-05-07 15:46:49.040,2021-05-07 15:46:51.020,0.021,0,0,0.9974906,0.9974906,0.0024791313,1.3504819e-05,1.6814329e-05
512,31,lying,2021-05-07 15:46:50.040,2021-05-07 15:46:52.020,0.021,0,0,0.9978746,0.9978746,0.0020990854,1.152096e-05,1.46944e-05
512,31,lying,2021-05-07 15:46:51.040,2021-05-07 15:46:53.020,0.021,0,0,0.99829835,0.99829835,0.0016797378,9.646884e-06,1.2288527e-05
512,31,lying,2021-05-07 15:46:52.040,2021-05-07 15:46:54.020,0.021,0,0,0.9983826,0.9983826,0.0015958818,9.8638175e-06,1.1651604e-05
512,31,lying,2021-05-07 15:46:53.040,2021-05-07 15:46:55.020,0.021,0,0,0.99864733,0.99864733,0.0013325961,8.535152e-06,1.1444912e-05
512,31,lying,2021-05-07 15:46:54.040,2021-05-07 15:46:56.020,0.021,0,0,0.9984989,0.9984989,0.0014784642,8.56173e-06,1.399755e-05
512,31,lying,2021-05-07 15:46:55.040,2021-05-07 15:46:57.020,0.021,0,0,0.99791384,0.99791384,0.002057795,1.1196025e-05,1.7160404e-05
512,31,lying,2021-05-07 15:46:56.040,2021-05-07 15:46:58.020,0.021,0,0,0.99813706,0.99813706,0.0018373892,1.1103544e-05,1.4532913e-05
512,31,lying,2021-05-07 15:46:57.040,2021-05-07 15:46:59.020,0.021,0,0,0.99871534,0.99871534,0.001264763,8.763439e-06,1.120661e-05
512,31,lying,2021-05-07 15:46:58.040,2021-05-07 15:47:00.019,0.021,0,0,0.99795955,0.99795955,0.002013619,1.1164018e-05,1.5557935e-05
512,31,lying,2021-05-07 15:46:59.040,2021-05-07 15:47:01.019,0.021,0,0,0.99779624,0.99779624,0.0021750983,1.2796832e-05,1.5854977e-05
512,31,lying,2021-05-07 15:47:00.039,2021-05-07 15:47:02.019,0.021,0,0,0.9975274,0.9975274,0.0024414787,1.38010855e-05,1.7360086e-05
512,31,lying,2021-05-07 15:47:01.039,2021-05-07 15:47:03.019,0.021,0,0,0.9975505,0.9975505,0.002419681,1.4115052e-05,1.5570673e-05
512,31,lying,2021-05-07 15:47:02.039,2021-05-07 15:47:04.019,0.021,0,0,0.9982358,0.9982358,0.0017407582,1.0892529e-05,1.2550227e-05
512,31,lying,2021-05-07 15:47:03.039,2021-05-07 15:47:05.019,0.021,0,0,0.9985946,0.9985946,0.0013846544,8.841975e-06,1.1871248e-05
512,31,lying,2021-05-07 15:47:04.039,2021-05-07 15:47:06.019,0.021,0,0,0.9984162,0.9984162,0.0015619284,9.876668e-06,1.1965526e-05
512,31,lying,2021-05-07 15:47:05.039,2021-05-07 15:47:07.019,0.021,0,0,0.9982295,0.9982295,0.0017461283,1.1650884e-05,1.2669972e-05
512,31,lying,2021-05-07 15:47:06.039,2021-05-07 15:47:08.020,0.021,0,0,0.99805695,0.99805695,0.001916843,1.186101e-05,1.4237854e-05
512,31,lying,2021-05-07 15:47:07.039,2021-05-07 15:47:09.020,0.021,0,0,0.9980007,0.9980007,0.001973355,1.0792384e-05,1.5140237e-05
512,31,lying,2021-05-07 15:47:08.039,2021-05-07 15:47:10.020,0.021,0,0,0.99803615,0.99803615,0.0019386266,1.0717472e-05,1.4507849e-05
512,31,lying,2021-05-07 15:47:09.039,2021-05-07 15:47:11.020,0.021,0,0,0.9978035,0.9978035,0.0021689662,1.2233454e-05,1.5166059e-05
512,31,lying,2021-05-07 15:47:10.039,2021-05-07 15:47:12.020,0.021,0,0,0.9981856,0.9981856,0.0017890328,1.2139172e-05,1.3265181e-05
512,31,lying,2021-05-07 15:47:11.039,2021-05-07 15:47:13.020,0.021,0,0,0.9984193,0.9984193,0.0015566596,1.1954169e-05,1.2157772e-05
512,31,lying,2021-05-07 15:47:12.039,2021-05-07 15:47:14.020,0.021,0,0,0.99843675,0.99843675,0.0015396097,1.1436302e-05,1.22149795e-05
512,31,lying,2021-05-07 15:47:13.039,2021-05-07 15:47:15.020,0.021,0,0,0.9982756,0.9982756,0.0016998851,1.1640204e-05,1.2841254e-05
512,31,lying,2021-05-07 15:47:14.039,2021-05-07 15:47:16.020,0.021,0,0,0.99838763,0.99838763,0.0015893193,1.0161132e-05,1.2838434e-05
512,31,lying,2021-05-07 15:47:15.039,2021-05-07 15:47:17.020,0.021,0,0,0.9984564,0.9984564,0.001521234,9.581904e-06,1.2576319e-05
512,31,lying,2021-05-07 15:47:16.040,2021-05-07 15:47:18.020,0.021,0,0,0.998059,0.998059,0.0019148472,1.2000642e-05,1.4123472e-05
512,31,lying,2021-05-07 15:47:17.040,2021-05-07 15:47:19.020,0.021,0,0,0.99809575,0.99809575,0.0018795525,1.1261682e-05,1.333134e-05
512,31,lying,2021-05-07 15:47:18.040,2021-05-07 15:47:20.020,0.021,0,0,0.998919,0.998919,0.001064214,8.852982e-06,7.966974e-06
512,31,lying,2021-05-07 15:47:19.040,2021-05-07 15:47:21.020,0.021,0,0,0.9989312,0.9989312,0.0010517865,9.352261e-06,7.674904e-06
512,31,lying,2021-05-07 15:47:20.040,2021-05-07 15:47:22.020,0.021,0,0,0.9987886,0.9987886,0.0011951921,9.819594e-06,6.38246e-06
512,31,lying,2021-05-07 15:47:21.040,2021-05-07 15:47:23.020,0.021,0,0,0.9995328,0.9995328,0.00045762054,7.821579e-06,1.6824308e-06
512,31,lying,2021-05-07 15:47:22.040,2021-05-07 15:47:24.020,0.021,0,0,0.9997587,0.9997587,0.00023496088,5.510636e-06,8.775108e-07
512,31,lying,2021-05-07 15:47:23.040,2021-05-07 15:47:25.020,0.021,0,0,0.9997964,0.9997964,0.00019762636,5.2597534e-06,7.481225e-07
512,31,lying,2021-05-07 15:47:24.040,2021-05-07 15:47:26.020,0.021,0,0,0.99973536,0.99973536,0.0002580084,5.650867e-06,9.924273e-07
512,31,lying,2021-05-07 15:47:25.040,2021-05-07 15:47:27.020,0.021,0,0,0.9996521,0.9996521,0.00034130467,5.1214133e-06,1.5872541e-06
512,31,lying,2021-05-07 15:47:26.040,2021-05-07 15:47:28.020,0.021,0,0,0.99974954,0.99974954,0.00024476944,4.304462e-06,1.3471316e-06
512,31,lying,2021-05-07 15:47:27.040,2021-05-07 15:47:29.020,0.021,0,0,0.9997728,0.9997728,0.00022148268,4.7878825e-06,1.0549436e-06
512,31,lying,2021-05-07 15:47:28.040,2021-05-07 15:47:30.020,0.021,0,0,0.99978876,0.99978876,0.00020531536,5.083067e-06,8.626051e-07
512,31,lying,2021-05-07 15:47:29.040,2021-05-07 15:47:31.020,0.021,0,0,0.99983406,0.99983406,0.00016065294,4.7090803e-06,6.3623594e-07
512,31,lying,2021-05-07 15:47:30.040,2021-05-07 15:47:32.020,0.021,0,0,0.9998794,0.9998794,0.00011582609,4.2929105e-06,3.7633106e-07
512,31,lying,2021-05-07 15:47:31.040,2021-05-07 15:47:33.020,0.021,0,0,0.9999185,0.9999185,7.778213e-05,3.318652e-06,2.4368632e-07
512,31,lying,2021-05-07 15:47:32.040,2021-05-07 15:47:34.020,0.021,0,0,0.99992245,0.99992245,7.4025134e-05,3.194894e-06,2.3586972e-07
512,31,lying,2021-05-07 15:47:33.040,2021-05-07 15:47:35.020,0.021,0,0,0.9998813,0.9998813,0.00011455815,3.6592098e-06,3.750452e-07
512,31,lying,2021-05-07 15:47:34.040,2021-05-07 15:47:36.020,0.021,0,0,0.9998443,0.9998443,0.00015114197,4.1953654e-06,4.905583e-07
512,31,lying,2021-05-07 15:47:35.040,2021-05-07 15:47:37.020,0.021,0,0,0.99987555,0.99987555,0.000119463715,4.7161748e-06,3.4796736e-07
512,31,lying,2021-05-07 15:47:36.040,2021-05-07 15:47:38.020,0.021,0,0,0.9998985,0.9998985,9.738626e-05,3.7346354e-06,3.1521913e-07
512,31,lying,2021-05-07 15:47:37.040,2021-05-07 15:47:39.020,0.021,0,0,0.9998887,0.9998887,0.00010674651,4.100888e-06,3.422183e-07
512,31,lying,2021-05-07 15:47:38.040,2021-05-07 15:47:40.020,0.021,0,0,0.99990696,0.99990696,8.89915e-05,3.626757e-06,3.0105303e-07
512,31,lying,2021-05-07 15:47:39.040,2021-05-07 15:47:41.020,0.021,0,0,0.99991816,0.99991816,7.82913e-05,3.1743132e-06,2.7311614e-07
512,31,lying,2021-05-07 15:47:40.040,2021-05-07 15:47:42.020,0.021,0,0,0.99990183,0.99990183,9.41738e-05,3.644518e-06,2.8452794e-07
512,32,sitting,2021-05-07 15:47:46.520,2021-05-07 15:47:48.500,0.021,1,1,0.9999986,1.2787419e-06,0.9999986,3.8933162e-11,7.298471e-09
512,32,sitting,2021-05-07 15:47:47.520,2021-05-07 15:47:49.500,0.021,1,1,0.99999946,4.2810876e-07,0.99999946,2.0677855e-11,2.2507752e-08
512,32,sitting,2021-05-07 15:47:48.520,2021-05-07 15:47:50.500,0.021,1,1,0.9999983,1.6788729e-06,0.9999983,4.2463855e-11,7.24572e-09
512,32,sitting,2021-05-07 15:47:49.520,2021-05-07 15:47:51.500,0.021,1,1,0.9999961,3.7643226e-06,0.9999961,1.4363635e-10,5.0877516e-09
512,32,sitting,2021-05-07 15:47:50.520,2021-05-07 15:47:52.500,0.021,1,1,0.9999952,4.7125754e-06,0.9999952,1.9977013e-10,3.8220542e-09
512,32,sitting,2021-05-07 15:47:51.520,2021-05-07 15:47:53.500,0.021,1,1,0.9999952,4.711955e-06,0.9999952,2.0809489e-10,3.8041343e-09
512,32,sitting,2021-05-07 15:47:52.520,2021-05-07 15:47:54.500,0.021,1,1,0.9999947,5.217965e-06,0.9999947,3.26999e-10,3.961591e-09
512,32,sitting,2021-05-07 15:47:53.520,2021-05-07 15:47:55.500,0.021,1,1,0.999994,6.0120715e-06,0.999994,6.145265e-10,3.773604e-09
512,32,sitting,2021-05-07 15:47:54.520,2021-05-07 15:47:56.500,0.021,1,1,0.999994,5.960338e-06,0.999994,7.317335e-10,3.643243e-09
512,32,sitting,2021-05-07 15:47:55.520,2021-05-07 15:47:57.500,0.021,1,1,0.999994,6.0048806e-06,0.999994,7.8963364e-10,3.7382004e-09
512,32,sitting,2021-05-07 15:47:56.520,2021-05-07 15:47:58.500,0.021,1,1,0.9999941,5.7938028e-06,0.9999941,7.446842e-10,4.0569432e-09
512,32,sitting,2021-05-07 15:47:57.520,2021-05-07 15:47:59.500,0.021,1,1,0.99999434,5.5609967e-06,0.99999434,6.9542083e-10,4.0342196e-09
512,32,sitting,2021-05-07 15:47:58.520,2021-05-07 15:48:00.500,0.021,1,1,0.9999952,4.7963886e-06,0.9999952,4.1992568e-10,4.638264e-09
512,32,sitting,2021-05-07 15:47:59.520,2021-05-07 15:48:01.500,0.021,1,1,0.99999386,6.042818e-06,0.99999386,7.485218e-10,4.2237054e-09
512,32,sitting,2021-05-07 15:48:00.520,2021-05-07 15:48:02.500,0.021,1,1,0.9999909,9.047066e-06,0.9999909,2.4383158e-09,3.4162775e-09
512,32,sitting,2021-05-07 15:48:01.520,2021-05-07 15:48:03.500,0.021,1,1,0.9999905,9.417484e-06,0.9999905,1.9729962e-09,3.2634544e-09
512,32,sitting,2021-05-07 15:48:02.520,2021-05-07 15:48:04.500,0.021,1,1,0.99999017,9.829082e-06,0.99999017,1.9568613e-09,2.798982e-09
512,32,sitting,2021-05-07 15:48:03.520,2021-05-07 15:48:05.500,0.021,1,1,0.9999897,1.0292055e-05,0.9999897,2.1859188e-09,2.5612195e-09
512,32,sitting,2021-05-07 15:48:04.520,2021-05-07 15:48:06.500,0.021,1,1,0.9999886,1.1334397e-05,0.9999886,3.6849666e-09,2.860548e-09
512,32,sitting,2021-05-07 15:48:05.520,2021-05-07 15:48:07.500,0.021,1,1,0.9999874,1.2496176e-05,0.9999874,4.8149973e-09,3.3385923e-09
512,32,sitting,2021-05-07 15:48:06.520,2021-05-07 15:48:08.500,0.021,1,1,0.9999892,1.0680657e-05,0.9999892,2.636549e-09,3.793938e-09
512,32,sitting,2021-05-07 15:48:07.520,2021-05-07 15:48:09.500,0.021,1,1,0.9999965,3.4891684e-06,0.9999965,3.0910197e-10,6.4437646e-09
512,32,sitting,2021-05-07 15:48:08.520,2021-05-07 15:48:10.500,0.021,1,1,0.9999984,1.549652e-06,0.9999984,5.845895e-11,7.1444153e-09
512,32,sitting,2021-05-07 15:48:09.520,2021-05-07 15:48:11.500,0.021,1,1,0.9999961,3.8079434e-06,0.9999961,3.548293e-10,7.4206583e-09
512,32,sitting,2021-05-07 15:48:10.520,2021-05-07 15:48:12.500,0.021,1,1,0.999989,1.0925769e-05,0.999989,3.3084742e-09,4.1499146e-09
512,32,sitting,2021-05-07 15:48:11.520,2021-05-07 15:48:13.500,0.021,1,1,0.9999879,1.2042541e-05,0.9999879,3.386961e-09,4.097887e-09
512,32,sitting,2021-05-07 15:48:12.520,2021-05-07 15:48:14.500,0.021,1,1,0.9999868,1.3171726e-05,0.9999868,3.1711191e-09,4.5027555e-09
512,32,sitting,2021-05-07 15:48:13.520,2021-05-07 15:48:15.500,0.021,1,1,0.99998623,1.3704574e-05,0.99998623,3.3909306e-09,4.4108304e-09
512,32,sitting,2021-05-07 15:48:14.520,2021-05-07 15:48:16.500,0.021,1,1,0.99998647,1.3524248e-05,0.99998647,3.7682675e-09,3.7851313e-09
512,32,sitting,2021-05-07 15:48:15.520,2021-05-07 15:48:17.500,0.021,1,1,0.9999921,7.912696e-06,0.9999921,1.10104e-09,4.133835e-09
512,32,sitting,2021-05-07 15:48:16.520,2021-05-07 15:48:18.500,0.021,1,1,0.9999971,2.889109e-06,0.9999971,1.537545e-10,4.755381e-09
512,32,sitting,2021-05-07 15:48:17.520,2021-05-07 15:48:19.500,0.021,1,1,0.99999756,2.3515488e-06,0.99999756,8.5509586e-11,5.6977476e-09
512,32,sitting,2021-05-07 15:48:18.520,2021-05-07 15:48:20.500,0.021,1,1,0.9999973,2.6596974e-06,0.9999973,1.4225937e-10,8.187793e-09
512,32,sitting,2021-05-07 15:48:19.520,2021-05-07 15:48:21.500,0.021,1,1,0.9999983,1.6712659e-06,0.9999983,4.651571e-11,7.2449047e-09
512,32,sitting,2021-05-07 15:48:20.520,2021-05-07 15:48:22.500,0.021,1,1,0.9999984,1.5113584e-06,0.9999984,2.8944252e-11,5.718591e-09
512,32,sitting,2021-05-07 15:48:21.520,2021-05-07 15:48:23.500,0.021,1,1,0.9999978,2.1010453e-06,0.9999978,6.1835204e-11,6.6857826e-09
512,32,sitting,2021-05-07 15:48:22.520,2021-05-07 15:48:24.500,0.021,1,1,0.9999978,2.1508004e-06,0.9999978,6.150514e-11,6.8866806e-09
512,32,sitting,2021-05-07 15:48:23.520,2021-05-07 15:48:25.500,0.021,1,1,0.9999978,2.1577837e-06,0.9999978,5.7842914e-11,7.3593145e-09
512,32,sitting,2021-05-07 15:48:24.520,2021-05-07 15:48:26.500,0.021,1,1,0.9999978,2.1318922e-06,0.9999978,5.6785833e-11,7.487607e-09
512,32,sitting,2021-05-07 15:48:25.520,2021-05-07 15:48:27.500,0.021,1,1,0.9999977,2.2615448e-06,0.9999977,6.948872e-11,7.677051e-09
512,32,sitting,2021-05-07 15:48:26.520,2021-05-07 15:48:28.500,0.021,1,1,0.99999756,2.3388297e-06,0.99999756,7.637972e-11,7.566077e-09
512,32,sitting,2021-05-07 15:48:27.520,2021-05-07 15:48:29.500,0.021,1,1,0.9999977,2.3166422e-06,0.9999977,7.4116664e-11,6.9018147e-09
512,32,sitting,2021-05-07 15:48:28.520,2021-05-07 15:48:30.500,0.021,1,1,0.9999978,2.1616518e-06,0.9999978,6.3095335e-11,6.4142696e-09
512,32,sitting,2021-05-07 15:48:29.520,2021-05-07 15:48:31.500,0.021,1,1,0.9999978,2.1675928e-06,0.9999978,5.793301e-11,6.642287e-09
512,32,sitting,2021-05-07 15:48:30.520,2021-05-07 15:48:32.500,0.021,1,1,0.9999978,2.198077e-06,0.9999978,6.114162e-11,6.7244312e-09
512,32,sitting,2021-05-07 15:48:31.520,2021-05-07 15:48:33.500,0.021,1,1,0.9999978,2.1404242e-06,0.9999978,5.9321555e-11,6.6054335e-09
512,32,sitting,2021-05-07 15:48:32.520,2021-05-07 15:48:34.500,0.021,1,1,0.9999977,2.2578424e-06,0.9999977,6.3231226e-11,6.8872446e-09
512,32,sitting,2021-05-07 15:48:33.520,2021-05-07 15:48:35.500,0.021,1,1,0.9999977,2.2442061e-06,0.9999977,6.404996e-11,6.6364607e-09
512,32,sitting,2021-05-07 15:48:34.520,2021-05-07 15:48:36.500,0.021,1,1,0.9999979,2.034912e-06,0.9999979,5.857836e-11,6.019194e-09
512,32,sitting,2021-05-07 15:48:35.520,2021-05-07 15:48:37.500,0.021,1,1,0.9999978,2.1098763e-06,0.9999978,6.0600705e-11,6.065315e-09
512,32,sitting,2021-05-07 15:48:36.520,2021-05-07 15:48:38.500,0.021,1,1,0.9999977,2.2370884e-06,0.9999977,6.5640306e-11,6.779834e-09
512,32,sitting,2021-05-07 15:48:37.520,2021-05-07 15:48:39.500,0.021,1,1,0.9999977,2.27354e-06,0.9999977,7.102786e-11,7.0354442e-09
512,32,sitting,2021-05-07 15:48:38.520,2021-05-07 15:48:40.500,0.021,1,1,0.99999756,2.4261394e-06,0.99999756,7.810948e-11,7.064111e-09
512,32,sitting,2021-05-07 15:48:39.520,2021-05-07 15:48:41.500,0.021,1,1,0.99999267,7.321563e-06,0.99999267,5.538683e-10,1.5119932e-09
512,32,sitting,2021-05-07 15:48:40.520,2021-05-07 15:48:42.500,0.021,1,1,0.9999921,7.82192e-06,0.9999921,7.586204e-10,9.392903e-10
512,32,sitting,2021-05-07 15:48:41.520,2021-05-07 15:48:43.500,0.021,1,1,0.99999624,3.6909125e-06,0.99999624,4.620042e-10,7.049202e-09
512,32,sitting,2021-05-07 15:48:42.520,2021-05-07 15:48:44.500,0.021,1,1,0.9999874,1.2561798e-05,0.9999874,6.600488e-10,4.673652e-09
512,32,sitting,2021-05-07 15:48:43.520,2021-05-07 15:48:45.500,0.021,1,1,0.99985576,0.00014422052,0.99985576,3.874778e-09,4.318688e-09
512,32,sitting,2021-05-07 15:48:44.520,2021-05-07 15:48:46.500,0.021,1,1,0.9994704,0.0005294353,0.9994704,2.7768012e-08,5.528955e-09
512,32,sitting,2021-05-07 15:48:45.520,2021-05-07 15:48:47.500,0.021,1,1,0.9993485,0.0006513951,0.9993485,4.2805883e-08,5.8294582e-09
512,32,sitting,2021-05-07 15:48:46.520,2021-05-07 15:48:48.500,0.021,1,1,0.99934256,0.0006573146,0.99934256,4.1169073e-08,5.753031e-09
512,32,sitting,2021-05-07 15:48:47.520,2021-05-07 15:48:49.500,0.021,1,1,0.9993439,0.0006560125,0.9993439,3.6895532e-08,5.5091607e-09
512,32,sitting,2021-05-07 15:48:48.520,2021-05-07 15:48:50.500,0.021,1,1,0.9993651,0.0006348602,0.9993651,3.955793e-08,5.51828e-09
512,32,sitting,2021-05-07 15:48:49.520,2021-05-07 15:48:51.500,0.021,1,1,0.99944943,0.0005505539,0.99944943,4.455711e-08,5.4511635e-09
512,32,sitting,2021-05-07 15:48:50.520,2021-05-07 15:48:52.500,0.021,1,1,0.99947757,0.000522492,0.99947757,5.3152277e-08,5.9000156e-09
512,32,sitting,2021-05-07 15:48:51.520,2021-05-07 15:48:53.500,0.021,1,1,0.99950975,0.00049034815,0.99950975,3.646944e-08,6.2095293e-09
512,32,sitting,2021-05-07 15:48:52.520,2021-05-07 15:48:54.500,0.021,1,1,0.9995129,0.0004871327,0.9995129,4.0442874e-08,6.248554e-09
512,32,sitting,2021-05-07 15:48:53.520,2021-05-07 15:48:55.500,0.021,1,1,0.99943554,0.0005643177,0.99943554,6.7264374e-08,6.1357706e-09
512,32,sitting,2021-05-07 15:48:54.520,2021-05-07 15:48:56.500,0.021,1,1,0.9996874,0.00031276612,0.9996874,3.5949892e-08,1.056968e-08
512,32,sitting,2021-05-07 15:48:55.520,2021-05-07 15:48:57.500,0.021,1,1,0.9998605,0.00013954144,0.9998605,4.7345164e-08,2.7829655e-08
512,32,sitting,2021-05-07 15:48:56.520,2021-05-07 15:48:58.500,0.021,1,1,0.99989146,0.00010839619,0.99989146,1.2565971e-07,3.8819902e-08
512,32,sitting,2021-05-07 15:48:57.520,2021-05-07 15:48:59.500,0.021,1,1,0.99988633,0.00011344511,0.99988633,1.398738e-07,4.1606338e-08
512,32,sitting,2021-05-07 15:48:58.520,2021-05-07 15:49:00.500,0.021,1,1,0.99988204,0.00011771807,0.99988204,1.719725e-07,3.9593036e-08
512,32,sitting,2021-05-07 15:48:59.520,2021-05-07 15:49:01.500,0.021,1,1,0.99988824,0.000111559304,0.99988824,1.0471309e-07,3.7401893e-08
512,32,sitting,2021-05-07 15:49:00.520,2021-05-07 15:49:02.500,0.021,1,1,0.9999296,7.034376e-05,0.9999296,1.0752483e-08,4.4088498e-08
512,32,sitting,2021-05-07 15:49:01.520,2021-05-07 15:49:03.500,0.021,1,1,0.9999111,8.880061e-05,0.9999111,8.142687e-09,3.8220122e-08
512,32,sitting,2021-05-07 15:49:02.520,2021-05-07 15:49:04.500,0.021,1,1,0.9998152,0.00018472238,0.9998152,2.593471e-08,2.3099478e-08
512,32,sitting,2021-05-07 15:49:03.520,2021-05-07 15:49:05.500,0.021,1,1,0.9998081,0.00019200843,0.9998081,3.172248e-08,2.4045887e-08
512,32,sitting,2021-05-07 15:49:04.520,2021-05-07 15:49:06.500,0.021,1,1,0.99977756,0.00022243756,0.99977756,3.246336e-08,2.2340675e-08
512,32,sitting,2021-05-07 15:49:05.520,2021-05-07 15:49:07.500,0.021,1,1,0.99972725,0.0002726816,0.99972725,5.4675326e-08,2.1129896e-08
512,32,sitting,2021-05-07 15:49:06.520,2021-05-07 15:49:08.500,0.021,1,1,0.9996471,0.00035285144,0.9996471,1.08668104e-07,2.0282435e-08
512,32,sitting,2021-05-07 15:49:07.520,2021-05-07 15:49:09.500,0.021,1,1,0.9998143,0.00018577406,0.9998143,2.4304901e-08,2.7713638e-08
512,32,sitting,2021-05-07 15:49:08.520,2021-05-07 15:49:10.500,0.021,1,1,0.99985075,0.00014930728,0.99985075,1.5404563e-08,2.8793234e-08
512,32,sitting,2021-05-07 15:49:09.520,2021-05-07 15:49:11.500,0.021,1,1,0.99972534,0.00027454624,0.99972534,4.7636213e-08,1.9868603e-08
512,32,sitting,2021-05-07 15:49:10.520,2021-05-07 15:49:12.500,0.021,1,1,0.99963015,0.00036962196,0.99963015,6.216953e-08,1.6824133e-08
512,32,sitting,2021-05-07 15:49:11.520,2021-05-07 15:49:13.500,0.021,1,1,0.9995419,0.00045798183,0.9995419,8.901548e-08,1.6364515e-08
512,32,sitting,2021-05-07 15:49:12.520,2021-05-07 15:49:14.500,0.021,1,1,0.99953175,0.00046810575,0.99953175,9.618971e-08,1.7931391e-08
512,32,sitting,2021-05-07 15:49:13.520,2021-05-07 15:49:15.500,0.021,1,1,0.9995667,0.00043329492,0.9995667,9.5542845e-08,1.8337667e-08
512,32,sitting,2021-05-07 15:49:14.520,2021-05-07 15:49:16.500,0.021,1,1,0.99952793,0.0004719558,0.99952793,1.477469e-07,2.0134099e-08
512,32,sitting,2021-05-07 15:49:15.520,2021-05-07 15:49:17.500,0.021,1,1,0.99950904,0.00049087725,0.99950904,1.6148987e-07,2.0851946e-08
512,32,sitting,2021-05-07 15:49:16.520,2021-05-07 15:49:18.500,0.021,1,1,0.99948686,0.0005129113,0.99948686,1.1506572e-07,1.9078458e-08
512,32,sitting,2021-05-07 15:49:17.520,2021-05-07 15:49:19.500,0.021,1,1,0.9994988,0.0005010555,0.9994988,9.646157e-08,1.8453292e-08
512,32,sitting,2021-05-07 15:49:18.520,2021-05-07 15:49:20.500,0.021,1,1,0.9995152,0.0004846889,0.9995152,1.0038064e-07,1.7962382e-08
512,32,sitting,2021-05-07 15:49:19.520,2021-05-07 15:49:21.500,0.021,1,1,0.99962825,0.00037167905,0.99962825,1.2900378e-07,1.9651441e-08
512,32,sitting,2021-05-07 15:49:20.520,2021-05-07 15:49:22.500,0.021,1,1,0.9996359,0.00036403505,0.9996359,9.2214194e-08,2.031035e-08
512,32,sitting,2021-05-07 15:49:21.520,2021-05-07 15:49:23.500,0.021,1,1,0.9996075,0.0003923949,0.9996075,1.08079654e-07,2.0391482e-08
512,32,sitting,2021-05-07 15:49:22.520,2021-05-07 15:49:24.500,0.021,1,1,0.99964017,0.0003596536,0.99964017,1.0069735e-07,1.9951553e-08
512,32,sitting,2021-05-07 15:49:23.520,2021-05-07 15:49:25.500,0.021,1,1,0.999809,0.0001909087,0.999809,2.9411975e-08,2.3016213e-08
512,32,sitting,2021-05-07 15:49:24.520,2021-05-07 15:49:26.500,0.021,1,1,0.9997561,0.0002439154,0.9997561,4.6008335e-08,2.1350042e-08
512,32,sitting,2021-05-07 15:49:25.520,2021-05-07 15:49:27.500,0.021,1,1,0.99966234,0.00033750237,0.99966234,9.470629e-08,1.872305e-08
512,32,sitting,2021-05-07 15:49:26.520,2021-05-07 15:49:28.500,0.021,1,1,0.9996199,0.00037995478,0.9996199,1.1568094e-07,1.8268125e-08
512,32,sitting,2021-05-07 15:49:27.520,2021-05-07 15:49:29.500,0.021,1,1,0.9995858,0.00041411293,0.9995858,8.297393e-08,1.8527128e-08
512,32,sitting,2021-05-07 15:49:28.520,2021-05-07 15:49:30.500,0.021,1,1,0.99965996,0.00033995113,0.99965996,4.9842374e-08,1.8548445e-08
512,32,sitting,2021-05-07 15:49:29.520,2021-05-07 15:49:31.500,0.021,1,1,0.99973834,0.0002616417,0.99973834,3.302616e-08,1.6829933e-08
512,32,sitting,2021-05-07 15:49:30.520,2021-05-07 15:49:32.500,0.021,1,1,0.9997654,0.00023468297,0.9997654,2.7537666e-08,1.6735955e-08
512,32,sitting,2021-05-07 15:49:31.520,2021-05-07 15:49:33.500,0.021,1,1,0.99975264,0.00024726987,0.99975264,2.5329546e-08,1.7819081e-08
512,32,sitting,2021-05-07 15:49:32.520,2021-05-07 15:49:34.500,0.021,1,1,0.99970245,0.0002975012,0.99970245,3.4134118e-08,1.6385885e-08
512,33,walking,2021-05-07 15:49:39.080,2021-05-07 15:49:41.060,0.021,3,3,0.99998623,4.700212e-10,8.151217e-07,1.2934668e-05,0.99998623
512,33,walking,2021-05-07 15:49:40.080,2021-05-07 15:49:42.060,0.021,3,3,0.9999233,5.3400045e-10,1.5466935e-06,7.5096905e-05,0.9999233
512,35,walking,2021-05-07 15:49:43.439,2021-05-07 15:49:45.419,0.021,3,3,0.9980918,6.2223537e-09,6.120453e-06,0.0019019363,0.9980918
512,35,walking,2021-05-07 15:49:44.439,2021-05-07 15:49:46.419,0.021,3,3,0.9997568,1.0267376e-09,2.1579056e-06,0.00024091874,0.9997568
512,35,walking,2021-05-07 15:49:45.439,2021-05-07 15:49:47.419,0.021,3,3,0.99862486,2.5812232e-09,1.9657627e-06,0.0013732199,0.99862486
512,35,walking,2021-05-07 15:49:46.439,2021-05-07 15:49:48.419,0.021,3,3,0.9990787,2.61801e-09,3.250908e-06,0.0009180949,0.9990787
512,35,walking,2021-05-07 15:49:47.439,2021-05-07 15:49:49.419,0.021,3,3,0.99993044,2.413713e-10,3.3725948e-07,6.913011e-05,0.99993044
512,35,walking,2021-05-07 15:49:48.439,2021-05-07 15:49:50.419,0.021,3,3,0.9995314,5.293314e-09,1.4268016e-05,0.00045440867,0.9995314
512,35,walking,2021-05-07 15:49:49.439,2021-05-07 15:49:51.419,0.021,3,3,0.99980783,2.4458804e-09,8.208205e-06,0.00018398961,0.99980783
512,35,walking,2021-05-07 15:49:50.439,2021-05-07 15:49:52.419,0.021,3,3,0.999988,1.1613295e-09,2.0121884e-06,9.9320805e-06,0.999988
512,36,standing,2021-05-07 15:49:53.279,2021-05-07 15:49:55.259,0.021,2,2,0.99828696,9.1585626e-08,6.9762005e-05,0.99828696,0.0016431098
512,36,standing,2021-05-07 15:49:54.279,2021-05-07 15:49:56.259,0.021,2,2,0.9995508,3.5181095e-08,1.04539695e-05,0.9995508,0.00043875605
512,36,standing,2021-05-07 15:49:55.279,2021-05-07 15:49:57.259,0.021,2,2,0.99975586,1.6469452e-08,3.6232466e-06,0.99975586,0.0002404248
512,37,walking,2021-05-07 15:49:57.759,2021-05-07 15:49:59.740,0.021,3,3,0.9998867,3.6846544e-09,2.7564108e-06,0.00011051925,0.9998867
512,37,walking,2021-05-07 15:49:58.759,2021-05-07 15:50:00.740,0.021,3,3,0.9997709,8.38871e-10,1.7954816e-06,0.00022730613,0.9997709
512,37,walking,2021-05-07 15:49:59.759,2021-05-07 15:50:01.740,0.021,3,3,0.9995247,1.6603546e-09,1.9179317e-06,0.00047337264,0.9995247
512,37,walking,2021-05-07 15:50:00.760,2021-05-07 15:50:02.740,0.021,3,3,0.99698365,1.0001412e-08,6.5312825e-06,0.0030098031,0.99698365
512,37,walking,2021-05-07 15:50:01.760,2021-05-07 15:50:03.740,0.021,3,3,0.99359334,8.999475e-09,4.8150905e-06,0.0064017423,0.99359334
512,37,walking,2021-05-07 15:50:02.760,2021-05-07 15:50:04.739,0.021,3,3,0.9978271,7.165861e-09,5.7356997e-06,0.002167141,0.9978271
512,38,standing,2021-05-07 15:50:05.239,2021-05-07 15:50:07.220,0.021,2,2,0.9861738,8.69525e-06,0.00023964857,0.9861738,0.013578006
512,38,standing,2021-05-07 15:50:06.239,2021-05-07 15:50:08.220,0.021,2,2,0.9893654,8.966956e-06,0.00016546012,0.9893654,0.01046027
512,38,standing,2021-05-07 15:50:07.239,2021-05-07 15:50:09.220,0.021,2,2,0.99083745,7.695869e-06,0.00015046148,0.99083745,0.009004357
512,38,standing,2021-05-07 15:50:08.239,2021-05-07 15:50:10.220,0.021,2,2,0.99192625,7.797008e-06,0.00015128992,0.99192625,0.007914618
512,38,standing,2021-05-07 15:50:09.239,2021-05-07 15:50:11.220,0.021,2,2,0.99240077,8.0560085e-06,0.00014549318,0.99240077,0.0074456464
512,38,standing,2021-05-07 15:50:10.239,2021-05-07 15:50:12.220,0.021,2,2,0.98957115,1.02363865e-05,0.00019542096,0.98957115,0.010223178
512,38,standing,2021-05-07 15:50:11.239,2021-05-07 15:50:13.220,0.021,2,2,0.98599434,1.2625155e-05,0.00025633787,0.98599434,0.013736713
512,38,standing,2021-05-07 15:50:12.239,2021-05-07 15:50:14.220,0.021,2,2,0.9879313,1.201039e-05,0.00023711921,0.9879313,0.011819604
512,38,standing,2021-05-07 15:50:13.239,2021-05-07 15:50:15.220,0.021,2,2,0.9915512,9.637992e-06,0.00016127374,0.9915512,0.008277809
512,38,standing,2021-05-07 15:50:14.239,2021-05-07 15:50:16.219,0.021,2,2,0.9927269,8.775303e-06,0.00012886155,0.9927269,0.007135466
512,38,standing,2021-05-07 15:50:15.239,2021-05-07 15:50:17.219,0.021,2,2,0.9936654,7.5707517e-06,0.00011338602,0.9936654,0.0062137675
512,39,walking,2021-05-07 15:50:18.040,2021-05-07 15:50:20.020,0.021,3,3,0.9442773,8.9611525e-08,3.125302e-05,0.05569143,0.9442773
512,39,walking,2021-05-07 15:50:19.040,2021-05-07 15:50:21.020,0.021,3,3,0.9921587,3.0630602e-08,1.9987325e-05,0.0078211995,0.9921587
512,39,walking,2021-05-07 15:50:20.040,2021-05-07 15:50:22.020,0.021,3,3,0.6117887,2.2758522e-07,8.386693e-05,0.3881272,0.6117887
512,39,walking,2021-05-07 15:50:21.040,2021-05-07 15:50:23.020,0.021,3,3,0.96523833,4.3938943e-08,1.8080475e-05,0.034743458,0.96523833
512,39,walking,2021-05-07 15:50:22.040,2021-05-07 15:50:24.020,0.021,3,3,0.99862176,1.2733061e-08,1.6573447e-05,0.001361747,0.99862176
512,39,walking,2021-05-07 15:50:23.040,2021-05-07 15:50:25.020,0.021,3,3,0.99987847,2.0917692e-09,4.836809e-06,0.000116623254,0.99987847
512,40,standing,2021-05-07 15:50:26.000,2021-05-07 15:50:27.979,0.021,2,2,0.9919658,5.1988266e-08,1.0539635e-05,0.9919658,0.008023521
512,40,standing,2021-05-07 15:50:27.000,2021-05-07 15:50:28.979,0.021,2,2,0.99599254,5.5259893e-08,1.2255689e-05,0.99599254,0.003995133
512,41,walking,2021-05-07 15:50:29.119,2021-05-07 15:50:31.100,0.021,3,3,0.99981403,6.284926e-09,8.322463e-06,0.00017762472,0.99981403
512,41,walking,2021-05-07 15:50:30.119,2021-05-07 15:50:32.099,0.021,3,3,0.9989695,6.440131e-09,8.2820425e-06,0.0010222708,0.9989695
512,41,walking,2021-05-07 15:50:31.119,2021-05-07 15:50:33.099,0.021,3,3,0.9998045,1.0694725e-09,1.2614339e-06,0.00019421143,0.9998045
512,41,walking,2021-05-07 15:50:32.119,2021-05-07 15:50:34.099,0.021,3,3,0.9999992,3.021216e-10,2.166297e-07,4.7099545e-07,0.9999992
512,41,walking,2021-05-07 15:50:33.119,2021-05-07 15:50:35.099,0.021,3,3,0.9999915,6.3157497e-09,1.9327579e-06,6.491625e-06,0.9999915
512,41,walking,2021-05-07 15:50:34.119,2021-05-07 15:50:36.099,0.021,3,3,0.9997752,6.1784724e-09,9.60169e-06,0.00021515915,0.9997752
512,41,walking,2021-05-07 15:50:35.119,2021-05-07 15:50:37.099,0.021,3,3,0.99981904,4.564984e-09,5.24104e-06,0.00017580467,0.99981904
512,41,walking,2021-05-07 15:50:36.119,2021-05-07 15:50:38.099,0.021,3,3,0.9972192,6.2640964e-09,3.0556632e-06,0.0027776705,0.9972192
512,41,walking,2021-05-07 15:50:37.119,2021-05-07 15:50:39.099,0.021,3,3,0.9867601,2.8791664e-08,1.1480271e-05,0.013228489,0.9867601
512,41,walking,2021-05-07 15:50:38.119,2021-05-07 15:50:40.099,0.021,3,3,0.99805117,1.3627123e-08,1.0706672e-05,0.0019380846,0.99805117
512,41,walking,2021-05-07 15:50:39.119,2021-05-07 15:50:41.099,0.021,3,3,0.99738103,1.5043621e-08,3.328278e-05,0.002585639,0.99738103
512,41,walking,2021-05-07 15:50:40.119,2021-05-07 15:50:42.099,0.021,3,3,0.9912837,4.0746205e-08,3.983925e-05,0.008676377,0.9912837
512,41,walking,2021-05-07 15:50:41.119,2021-05-07 15:50:43.099,0.021,3,3,0.9974121,1.748827e-08,1.798077e-05,0.0025698645,0.9974121
512,41,walking,2021-05-07 15:50:42.119,2021-05-07 15:50:44.099,0.021,3,3,0.99787855,3.2189735e-08,2.6913327e-05,0.0020945354,0.99787855
512,41,walking,2021-05-07 15:50:43.119,2021-05-07 15:50:45.099,0.021,3,3,0.9894191,7.123449e-08,2.8850303e-05,0.010551961,0.9894191
512,41,walking,2021-05-07 15:50:44.119,2021-05-07 15:50:46.099,0.021,3,3,0.99039584,3.0891613e-08,1.9664754e-05,0.0095845265,0.99039584
512,41,walking,2021-05-07 15:50:45.119,2021-05-07 15:50:47.099,0.021,3,3,0.99449104,1.3981913e-08,8.7573935e-06,0.0055001443,0.99449104
512,41,walking,2021-05-07 15:50:46.119,2021-05-07 15:50:48.099,0.021,3,3,0.9937493,3.42426e-08,2.9270024e-05,0.0062213107,0.9937493
512,41,walking,2021-05-07 15:50:47.119,2021-05-07 15:50:49.099,0.021,3,3,0.9899749,6.374156e-08,4.3116026e-05,0.009981933,0.9899749
512,41,walking,2021-05-07 15:50:48.119,2021-05-07 15:50:50.099,0.021,3,3,0.99962014,2.637522e-09,3.239884e-06,0.00037657382,0.99962014
512,41,walking,2021-05-07 15:50:49.119,2021-05-07 15:50:51.099,0.021,3,3,0.9994359,5.3407443e-09,5.158044e-06,0.00055893394,0.9994359
512,41,walking,2021-05-07 15:50:50.119,2021-05-07 15:50:52.099,0.021,3,3,0.99064964,3.214808e-08,1.9919922e-05,0.0093304105,0.99064964
512,42,standing,2021-05-07 15:50:52.639,2021-05-07 15:50:54.619,0.021,2,2,0.9990764,1.2204157e-07,7.223769e-06,0.9990764,0.0009161904
512,42,standing,2021-05-07 15:50:53.639,2021-05-07 15:50:55.619,0.021,2,2,0.9997356,1.0069198e-07,4.2834845e-06,0.9997356,0.00025992445
512,43,walking,2021-05-07 15:50:56.159,2021-05-07 15:50:58.139,0.021,3,3,0.99935627,7.655404e-09,4.684985e-06,0.0006389426,0.99935627
512,43,walking,2021-05-07 15:50:57.159,2021-05-07 15:50:59.139,0.021,3,3,0.99988455,3.982814e-09,6.344639e-06,0.00010905427,0.99988455
512,43,walking,2021-05-07 15:50:58.159,2021-05-07 15:51:00.140,0.021,3,3,0.99879634,1.4097431e-08,3.534739e-05,0.0011682641,0.99879634
512,43,walking,2021-05-07 15:50:59.159,2021-05-07 15:51:01.140,0.021,3,3,0.99849415,1.2106066e-08,1.0867121e-05,0.0014949591,0.99849415
512,43,walking,2021-05-07 15:51:00.160,2021-05-07 15:51:02.140,0.021,3,3,0.9958761,1.6641208e-08,9.425882e-06,0.004114423,0.9958761
512,43,walking,2021-05-07 15:51:01.160,2021-05-07 15:51:03.140,0.021,3,3,0.9586104,8.854783e-08,4.391467e-05,0.041345604,0.9586104
512,43,walking,2021-05-07 15:51:02.160,2021-05-07 15:51:04.140,0.021,3,3,0.9904234,1.6511343e-08,7.209204e-06,0.009569303,0.9904234
512,43,walking,2021-05-07 15:51:03.160,2021-05-07 15:51:05.140,0.021,3,3,0.99944824,2.561967e-09,1.6741805e-06,0.00055008667,0.99944824
512,43,walking,2021-05-07 15:51:04.159,2021-05-07 15:51:06.140,0.021,3,3,0.9983646,6.330866e-09,5.2612495e-06,0.0016300838,0.9983646
512,43,walking,2021-05-07 15:51:05.159,2021-05-07 15:51:07.140,0.021,3,3,0.9972279,1.170168e-08,7.815854e-06,0.002764302,0.9972279
512,43,walking,2021-05-07 15:51:06.159,2021-05-07 15:51:08.140,0.021,3,3,0.99804485,7.535317e-09,5.260603e-06,0.0019498761,0.99804485
512,43,walking,2021-05-07 15:51:07.159,2021-05-07 15:51:09.140,0.021,3,3,0.99747807,1.23228e-08,1.1277727e-05,0.0025106827,0.99747807
512,43,walking,2021-05-07 15:51:08.159,2021-05-07 15:51:10.140,0.021,3,3,0.9915461,1.9955648e-08,1.2923203e-05,0.008440935,0.9915461
512,43,walking,2021-05-07 15:51:09.159,2021-05-07 15:51:11.140,0.021,3,3,0.9977312,1.8009694e-09,1.0969967e-06,0.0022677048,0.9977312
512,43,walking,2021-05-07 15:51:10.159,2021-05-07 15:51:12.140,0.021,3,3,0.99900174,2.0252404e-09,1.8450395e-06,0.0009963433,0.99900174
512,43,walking,2021-05-07 15:51:11.159,2021-05-07 15:51:13.140,0.021,3,3,0.98282415,3.447032e-08,2.3029856e-05,0.017152693,0.98282415
512,43,walking,2021-05-07 15:51:12.159,2021-05-07 15:51:14.140,0.021,3,3,0.9989923,4.872359e-09,5.9360486e-06,0.0010018192,0.9989923
512,43,walking,2021-05-07 15:51:13.159,2021-05-07 15:51:15.140,0.021,3,3,0.99987555,2.391987e-09,4.3899377e-06,0.00012012301,0.99987555
512,43,walking,2021-05-07 15:51:14.159,2021-05-07 15:51:16.139,0.021,3,3,0.9987612,1.45863694e-08,1.8823881e-05,0.0012199742,0.9987612
512,43,walking,2021-05-07 15:51:15.159,2021-05-07 15:51:17.139,0.021,3,3,0.9942284,4.7777917e-08,3.8345137e-05,0.0057331515,0.9942284
512,43,walking,2021-05-07 15:51:16.159,2021-05-07 15:51:18.139,0.021,3,3,0.9835985,9.501634e-08,8.970578e-05,0.016311739,0.9835985
512,43,walking,2021-05-07 15:51:17.159,2021-05-07 15:51:19.139,0.021,3,3,0.98552084,6.809912e-08,2.6483554e-05,0.014452603,0.98552084
512,44,standing,2021-05-07 15:51:19.959,2021-05-07 15:51:21.940,0.021,2,2,0.9887472,9.659215e-06,0.0001230295,0.9887472,0.011120113
512,44,standing,2021-05-07 15:51:20.959,2021-05-07 15:51:22.940,0.021,2,2,0.994154,9.756921e-06,0.00012178015,0.994154,0.0057143955
512,45,walking,2021-05-07 15:51:23.760,2021-05-07 15:51:25.739,0.021,3,3,0.9976674,1.1485137e-08,7.542636e-06,0.0023250997,0.9976674
512,45,walking,2021-05-07 15:51:24.760,2021-05-07 15:51:26.739,0.021,3,3,0.99679613,1.6543392e-08,1.393005e-05,0.0031899586,0.99679613
512,45,walking,2021-05-07 15:51:25.760,2021-05-07 15:51:27.739,0.021,3,3,0.99677736,1.4585968e-08,8.692301e-06,0.003213967,0.99677736
512,45,walking,2021-05-07 15:51:26.760,2021-05-07 15:51:28.739,0.021,3,3,0.999494,3.3234664e-09,2.3936266e-06,0.0005035911,0.999494
512,45,walking,2021-05-07 15:51:27.760,2021-05-07 15:51:29.739,0.021,3,3,0.9792426,5.129914e-08,3.406641e-05,0.020723213,0.9792426
512,45,walking,2021-05-07 15:51:28.760,2021-05-07 15:51:30.739,0.021,3,3,0.98494846,5.0416432e-08,3.926225e-05,0.01501224,0.98494846
512,45,walking,2021-05-07 15:51:29.760,2021-05-07 15:51:31.739,0.021,3,3,0.99524945,2.9320091e-08,2.385209e-05,0.0047267536,0.99524945
512,45,walking,2021-05-07 15:51:30.760,2021-05-07 15:51:32.740,0.021,3,3,0.99694943,2.9597874e-08,2.430084e-05,0.0030262347,0.99694943
512,45,walking,2021-05-07 15:51:31.760,2021-05-07 15:51:33.740,0.021,3,3,0.9974752,1.9471589e-08,1.8050394e-05,0.002506673,0.9974752
512,45,walking,2021-05-07 15:51:32.759,2021-05-07 15:51:34.740,0.021,3,3,0.99635,7.276587e-09,6.4895116e-06,0.003643449,0.99635
512,45,walking,2021-05-07 15:51:33.759,2021-05-07 15:51:35.740,0.021,3,3,0.99883455,2.7950755e-09,3.150476e-06,0.0011622667,0.99883455
512,45,walking,2021-05-07 15:51:34.759,2021-05-07 15:51:36.740,0.021,3,3,0.9953721,1.8104343e-08,4.8840844e-05,0.004578879,0.9953721
512,45,walking,2021-05-07 15:51:35.759,2021-05-07 15:51:37.740,0.021,3,3,0.9997326,1.2998239e-09,1.1086713e-06,0.000266182,0.9997326
512,45,walking,2021-05-07 15:51:36.759,2021-05-07 15:51:38.740,0.021,3,3,0.99998945,2.1823843e-10,3.2265936e-07,1.0123826e-05,0.99998945
512,46,standing,2021-05-07 15:51:39.639,2021-05-07 15:51:41.619,0.021,2,2,0.9961218,8.371818e-09,2.7673768e-06,0.9961218,0.0038754616
512,46,standing,2021-05-07 15:51:40.639,2021-05-07 15:51:42.619,0.021,2,2,0.9997306,1.0480736e-09,2.6794783e-07,0.9997306,0.00026905752
512,46,standing,2021-05-07 15:51:41.639,2021-05-07 15:51:43.619,0.021,2,2,0.9998102,9.7271836e-11,1.7127364e-08,0.9998102,0.00018987615
512,47,walking,2021-05-07 15:51:44.560,2021-05-07 15:51:46.540,0.021,3,3,0.9998918,4.530601e-09,3.403862e-05,7.401715e-05,0.9998918
512,47,walking,2021-05-07 15:51:45.560,2021-05-07 15:51:47.540,0.021,3,3,0.99996,4.665844e-10,3.9954516e-06,3.5938938e-05,0.99996
512,47,walking,2021-05-07 15:51:46.560,2021-05-07 15:51:48.540,0.021,3,3,0.9999433,9.877238e-10,2.0033806e-06,5.4590775e-05,0.9999433
512,47,walking,2021-05-07 15:51:47.560,2021-05-07 15:51:49.540,0.021,3,3,0.9993407,6.8156116e-09,8.477489e-06,0.00065074215,0.9993407
512,47,walking,2021-05-07 15:51:48.560,2021-05-07 15:51:50.540,0.021,3,3,0.99981976,1.9275177e-09,6.6942166e-06,0.00017352444,0.99981976
512,47,walking,2021-05-07 15:51:49.560,2021-05-07 15:51:51.540,0.021,3,3,0.9981865,5.6330385e-09,6.3205293e-06,0.0018070728,0.9981865
512,48,standing,2021-05-07 15:51:52.360,2021-05-07 15:51:54.340,0.021,2,2,0.9942133,3.7306306e-06,9.499777e-05,0.9942133,0.0056880424
512,48,standing,2021-05-07 15:51:53.360,2021-05-07 15:51:55.340,0.021,2,2,0.9980328,2.2539884e-06,5.38746e-05,0.9980328,0.0019111364
512,49,walking,2021-05-07 15:51:55.520,2021-05-07 15:51:57.500,0.021,3,3,0.9988973,3.9682128e-08,1.7332772e-05,0.0010852563,0.9988973
512,51,walking,2021-05-07 15:51:58.639,2021-05-07 15:52:00.619,0.021,3,3,0.98444813,4.080112e-08,1.7362492e-05,0.015534463,0.98444813
512,51,walking,2021-05-07 15:51:59.639,2021-05-07 15:52:01.619,0.021,3,3,0.9929023,2.8502857e-08,5.3361255e-05,0.0070444252,0.9929023
512,51,walking,2021-05-07 15:52:00.640,2021-05-07 15:52:02.619,0.021,3,3,0.99873745,4.8106203e-09,5.239966e-06,0.0012572171,0.99873745
512,51,walking,2021-05-07 15:52:01.640,2021-05-07 15:52:03.619,0.021,3,3,0.99906474,2.5343796e-09,2.8183606e-06,0.0009324308,0.99906474
512,54,walking,2021-05-07 15:52:04.640,2021-05-07 15:52:06.619,0.021,3,3,0.99975634,1.2245283e-10,1.514574e-07,0.00024352405,0.99975634
512,54,walking,2021-05-07 15:52:05.640,2021-05-07 15:52:07.619,0.021,3,3,0.9999915,5.886875e-11,7.5850494e-08,8.430587e-06,0.9999915
512,54,walking,2021-05-07 15:52:06.640,2021-05-07 15:52:08.619,0.021,3,3,0.9999177,2.789442e-09,3.8234502e-05,4.4066437e-05,0.9999177
512,54,walking,2021-05-07 15:52:07.640,2021-05-07 15:52:09.619,0.021,3,3,0.99997145,2.6069233e-10,1.2176249e-06,2.7259619e-05,0.99997145
512,54,walking,2021-05-07 15:52:08.640,2021-05-07 15:52:10.619,0.021,3,3,0.9998959,3.6907934e-09,9.026222e-06,9.506386e-05,0.9998959
512,54,walking,2021-05-07 15:52:09.640,2021-05-07 15:52:11.619,0.021,3,3,0.99999493,2.4525725e-11,1.2802288e-07,4.9277687e-06,0.99999493
512,54,walking,2021-05-07 15:52:10.640,2021-05-07 15:52:12.619,0.021,3,3,0.99998647,3.1376873e-11,1.092625e-07,1.3416404e-05,0.99998647
512,58,walking,2021-05-07 15:52:36.400,2021-05-07 15:52:38.380,0.021,3,3,0.991066,5.930325e-07,0.0020135762,0.006919844,0.991066
512,58,walking,2021-05-07 15:52:37.400,2021-05-07 15:52:39.380,0.021,3,3,0.9998931,4.4554319e-10,4.607438e-07,0.00010636712,0.9998931
512,60,standing,2021-05-07 15:52:40.200,2021-05-07 15:52:42.180,0.021,2,2,0.9991542,2.4291497e-08,4.4288277e-06,0.9991542,0.0008413256
512,61,walking,2021-05-07 15:52:42.319,2021-05-07 15:52:44.299,0.021,3,3,0.99951494,4.7851684e-10,1.6785096e-06,0.00048333174,0.99951494
512,61,walking,2021-05-07 15:52:43.319,2021-05-07 15:52:45.299,0.021,3,3,0.9999481,5.418493e-10,3.4247074e-05,1.7581286e-05,0.9999481
512,63,walking,2021-05-07 15:53:11.880,2021-05-07 15:53:13.859,0.021,3,3,0.9999866,3.1239308e-10,8.727058e-06,4.647383e-06,0.9999866
512,63,walking,2021-05-07 15:53:12.880,2021-05-07 15:53:14.859,0.021,3,3,0.9999377,2.9691943e-10,3.7462593e-07,6.183375e-05,0.9999377
512,65,walking,2021-05-07 15:53:16.959,2021-05-07 15:53:18.940,0.021,3,3,0.9981206,1.0615209e-09,1.306927e-06,0.0018780815,0.9981206
512,65,walking,2021-05-07 15:53:17.959,2021-05-07 15:53:19.940,0.021,3,3,0.9995751,1.0136455e-09,1.8536225e-06,0.00042308265,0.9995751
512,65,walking,2021-05-07 15:53:18.959,2021-05-07 15:53:20.940,0.021,3,3,0.9998572,3.6111578e-09,7.580716e-05,6.715873e-05,0.9998572
512,65,walking,2021-05-07 15:53:19.959,2021-05-07 15:53:21.940,0.021,3,3,0.99976707,4.666343e-09,3.944959e-05,0.00019353339,0.99976707
512,65,walking,2021-05-07 15:53:20.959,2021-05-07 15:53:22.940,0.021,3,3,0.99958533,2.1970151e-10,6.508688e-07,0.00041402172,0.99958533
512,67,walking,2021-05-07 15:53:32.840,2021-05-07 15:53:34.819,0.021,3,3,0.999607,1.7449194e-09,2.240298e-06,0.0003907518,0.999607
512,69,walking,2021-05-07 15:53:45.319,2021-05-07 15:53:47.299,0.021,3,3,0.99997157,1.635705e-10,2.262729e-07,2.81717e-05,0.99997157
512,69,walking,2021-05-07 15:53:46.319,2021-05-07 15:53:48.299,0.021,3,3,0.9999992,3.4538313e-11,2.0661885e-07,4.6239637e-07,0.9999992
512,69,walking,2021-05-07 15:53:47.319,2021-05-07 15:53:49.299,0.021,3,3,0.99978137,1.6051535e-08,8.985627e-05,0.0001287371,0.99978137
512,69,walking,2021-05-07 15:53:48.319,2021-05-07 15:53:50.299,0.021,3,3,0.99229443,3.5199886e-08,8.0581995e-05,0.0076249205,0.99229443
512,69,walking,2021-05-07 15:53:49.319,2021-05-07 15:53:51.299,0.021,3,3,0.99921864,1.1095155e-09,1.0859776e-06,0.00078024657,0.99921864
512,69,walking,2021-05-07 15:53:50.319,2021-05-07 15:53:52.299,0.021,3,3,0.9999835,1.1774177e-10,1.313603e-07,1.6304815e-05,0.9999835
512,69,walking,2021-05-07 15:53:51.319,2021-05-07 15:53:53.299,0.021,3,3,0.9999288,4.1093906e-10,9.789261e-07,7.014287e-05,0.9999288
512,70,standing,2021-05-07 15:53:53.639,2021-05-07 15:53:55.619,0.021,2,2,0.9985369,4.538872e-08,8.854095e-06,0.9985369,0.0014542348
512,70,standing,2021-05-07 15:53:54.639,2021-05-07 15:53:56.619,0.021,2,2,0.9982665,1.2560946e-07,1.15704615e-05,0.9982665,0.0017217272
512,70,standing,2021-05-07 15:53:55.639,2021-05-07 15:53:57.619,0.021,2,2,0.9996359,1.0538203e-07,1.1326736e-05,0.9996359,0.0003526865
512,70,standing,2021-05-07 15:53:56.639,2021-05-07 15:53:58.619,0.021,2,2,0.9997721,8.800321e-08,1.0256593e-05,0.9997721,0.0002176453
512,70,standing,2021-05-07 15:53:57.639,2021-05-07 15:53:59.619,0.021,2,2,0.9998262,4.0737323e-08,4.3471236e-06,0.9998262,0.00016944265
512,70,standing,2021-05-07 15:53:58.639,2021-05-07 15:54:00.619,0.021,2,2,0.99985147,2.263788e-08,2.7405947e-06,0.99985147,0.00014586205
512,70,standing,2021-05-07 15:53:59.639,2021-05-07 15:54:01.619,0.021,2,2,0.99982643,3.3717534e-08,3.6328618e-06,0.99982643,0.00016998149
512,70,standing,2021-05-07 15:54:00.640,2021-05-07 15:54:02.619,0.021,2,2,0.9996583,6.5608e-08,5.6027498e-06,0.9996583,0.00033604255
512,70,standing,2021-05-07 15:54:01.640,2021-05-07 15:54:03.619,0.021,2,2,0.99946445,1.0150858e-07,7.007938e-06,0.99946445,0.00052825845
512,70,standing,2021-05-07 15:54:02.640,2021-05-07 15:54:04.619,0.021,2,2,0.9996478,9.504039e-08,5.6044705e-06,0.9996478,0.0003465958
512,70,standing,2021-05-07 15:54:03.640,2021-05-07 15:54:05.619,0.021,2,2,0.9996149,1.6290508e-07,7.963763e-06,0.9996149,0.00037703686
512,70,standing,2021-05-07 15:54:04.640,2021-05-07 15:54:06.619,0.021,2,2,0.99930865,3.7055466e-07,1.2719936e-05,0.99930865,0.0006783281
512,74,standing,2021-05-07 15:54:08.520,2021-05-07 15:54:10.500,0.021,2,2,0.9723023,1.9630324e-05,0.0003731444,0.9723023,0.027304836
512,74,standing,2021-05-07 15:54:09.520,2021-05-07 15:54:11.500,0.021,2,2,0.9890308,1.6870177e-05,0.00027537814,0.9890308,0.010676954
512,74,standing,2021-05-07 15:54:10.520,2021-05-07 15:54:12.500,0.021,2,2,0.9881394,1.8589832e-05,0.00029988223,0.9881394,0.011542035
512,74,standing,2021-05-07 15:54:11.520,2021-05-07 15:54:13.500,0.021,2,2,0.98781615,1.7438317e-05,0.00030958184,0.98781615,0.0118567785
512,74,standing,2021-05-07 15:54:12.520,2021-05-07 15:54:14.500,0.021,2,2,0.98422843,2.1462483e-05,0.00038157162,0.98422843,0.015368556
512,74,standing,2021-05-07 15:54:13.520,2021-05-07 15:54:15.500,0.021,2,2,0.9826175,2.6626318e-05,0.00039811892,0.9826175,0.016957717
512,75,walking,2021-05-07 15:54:16.040,2021-05-07 15:54:18.020,0.021,3,3,0.5263191,2.3350742e-07,8.791913e-05,0.47359276,0.5263191
512,75,walking,2021-05-07 15:54:17.040,2021-05-07 15:54:19.020,0.021,3,3,0.9581655,6.482161e-08,4.9603223e-05,0.041784838,0.9581655
512,75,walking,2021-05-07 15:54:18.040,2021-05-07 15:54:20.020,0.021,3,3,0.993705,1.2012778e-08,1.2857933e-05,0.006282187,0.993705
512,77,standing,2021-05-07 15:54:21.559,2021-05-07 15:54:23.540,0.021,2,2,0.9989282,8.8545784e-07,2.1709016e-05,0.9989282,0.001049216
512,77,standing,2021-05-07 15:54:22.559,2021-05-07 15:54:24.540,0.021,2,2,0.99882907,1.531074e-06,4.0604533e-05,0.99882907,0.0011288248
512,77,standing,2021-05-07 15:54:23.559,2021-05-07 15:54:25.540,0.021,2,2,0.99498516,8.769669e-08,7.0181713e-06,0.99498516,0.0050077364
512,77,standing,2021-05-07 15:54:24.559,2021-05-07 15:54:26.540,0.021,2,2,0.9987892,4.1241186e-08,1.3044007e-06,0.9987892,0.0012094522
512,77,standing,2021-05-07 15:54:25.559,2021-05-07 15:54:27.540,0.021,2,2,0.9974765,1.2586924e-06,3.6954e-05,0.9974765,0.0024852748
512,77,standing,2021-05-07 15:54:26.559,2021-05-07 15:54:28.540,0.021,2,2,0.9971883,2.0265861e-06,6.725599e-05,0.9971883,0.0027424716
512,77,standing,2021-05-07 15:54:27.559,2021-05-07 15:54:29.540,0.021,2,2,0.9987843,1.2382519e-06,3.9209528e-05,0.9987843,0.0011751737
512,77,standing,2021-05-07 15:54:28.559,2021-05-07 15:54:30.540,0.021,2,2,0.99326336,4.6492124e-07,1.9002066e-05,0.99326336,0.006717212
512,77,standing,2021-05-07 15:54:29.559,2021-05-07 15:54:31.540,0.021,2,2,0.9816582,5.799206e-07,1.7194157e-05,0.9816582,0.01832399
512,77,standing,2021-05-07 15:54:30.559,2021-05-07 15:54:32.540,0.021,2,2,0.99711066,8.59136e-07,1.6272386e-05,0.99711066,0.002872147
512,77,standing,2021-05-07 15:54:31.559,2021-05-07 15:54:33.540,0.021,2,2,0.998039,1.889541e-06,3.7216538e-05,0.998039,0.0019217909
512,78,walking,2021-05-07 15:54:34.279,2021-05-07 15:54:36.259,0.021,3,3,0.99931234,1.8322863e-08,9.566039e-06,0.0006780906,0.99931234
512,78,walking,2021-05-07 15:54:35.279,2021-05-07 15:54:37.259,0.021,3,3,0.9989814,9.756909e-09,7.321759e-06,0.0010112473,0.9989814
512,81,standing,2021-05-07 15:54:39.240,2021-05-07 15:54:41.220,0.021,2,2,0.99267364,1.2478488e-05,0.00014565705,0.99267364,0.007168216
512,81,standing,2021-05-07 15:54:40.240,2021-05-07 15:54:42.220,0.021,2,2,0.995951,6.1879023e-06,6.2189465e-05,0.995951,0.0039806915
512,83,standing,2021-05-07 15:54:43.840,2021-05-07 15:54:45.819,0.021,2,2,0.9568454,3.0334837e-05,0.0003385989,0.9568454,0.042785693
512,83,standing,2021-05-07 15:54:44.840,2021-05-07 15:54:46.819,0.021,2,2,0.96289766,6.0625378e-05,0.00045109406,0.96289766,0.03659051
512,83,standing,2021-05-07 15:54:45.840,2021-05-07 15:54:47.819,0.021,2,2,0.9720881,4.013337e-05,0.00041350417,0.9720881,0.027458176
512,85,standing,2021-05-07 15:54:48.840,2021-05-07 15:54:50.819,0.021,2,2,0.998434,3.2774246e-08,6.867946e-06,0.998434,0.0015590618
512,86,walking,2021-05-07 15:54:51.080,2021-05-07 15:54:53.060,0.021,3,3,0.9973379,9.490778e-09,6.2779554e-06,0.0026558454,0.9973379
512,86,walking,2021-05-07 15:54:52.080,2021-05-07 15:54:54.060,0.021,3,3,0.9970361,5.7715672e-09,5.2140854e-06,0.002958679,0.9970361
512,86,walking,2021-05-07 15:54:53.080,2021-05-07 15:54:55.060,0.021,3,3,0.9991861,3.975101e-09,8.231328e-06,0.0008057177,0.9991861
512,86,walking,2021-05-07 15:54:54.080,2021-05-07 15:54:56.060,0.021,3,3,0.9995179,4.3451265e-09,1.7517232e-05,0.00046462085,0.9995179
512,86,walking,2021-05-07 15:54:55.080,2021-05-07 15:54:57.060,0.021,3,3,0.9995196,2.3435767e-09,4.002255e-06,0.00047640954,0.9995196
512,86,walking,2021-05-07 15:54:56.080,2021-05-07 15:54:58.060,0.021,3,3,0.999888,3.1011138e-09,6.9864127e-06,0.000104993924,0.999888
512,86,walking,2021-05-07 15:54:57.080,2021-05-07 15:54:59.060,0.021,3,3,0.99953914,5.2772156e-09,6.4489345e-06,0.00045441912,0.99953914
512,86,walking,2021-05-07 15:54:58.080,2021-05-07 15:55:00.059,0.021,3,3,0.999267,1.2010583e-09,1.7598227e-06,0.0007313293,0.999267
512,86,walking,2021-05-07 15:54:59.080,2021-05-07 15:55:01.059,0.021,3,3,0.99639934,2.38358e-09,3.8050275e-06,0.0035968449,0.99639934
512,86,walking,2021-05-07 15:55:00.079,2021-05-07 15:55:02.059,0.021,3,3,0.99683523,1.8764588e-09,1.3552407e-06,0.0031633526,0.99683523
512,86,walking,2021-05-07 15:55:01.079,2021-05-07 15:55:03.059,0.021,3,3,0.9991842,1.6190592e-09,2.3707807e-06,0.0008133732,0.9991842
512,88,sitting,2021-05-07 15:55:07.079,2021-05-07 15:55:09.059,0.021,1,1,0.99997216,2.7797128e-05,0.99997216,3.72939e-08,4.886151e-09
512,88,sitting,2021-05-07 15:55:08.079,2021-05-07 15:55:10.059,0.021,1,1,0.9999321,6.768008e-05,0.9999321,1.627412e-07,9.585303e-09
512,88,sitting,2021-05-07 15:55:09.079,2021-05-07 15:55:11.059,0.021,1,1,0.9999079,9.15616e-05,0.9999079,4.300455e-07,1.1463189e-08
512,88,sitting,2021-05-07 15:55:10.079,2021-05-07 15:55:12.059,0.021,1,1,0.9998641,0.00013519054,0.9998641,6.737429e-07,1.5645567e-08
512,88,sitting,2021-05-07 15:55:11.079,2021-05-07 15:55:13.059,0.021,1,1,0.99982667,0.0001722485,0.99982667,1.1682814e-06,1.7664563e-08
512,88,sitting,2021-05-07 15:55:12.079,2021-05-07 15:55:14.059,0.021,1,1,0.9999115,8.8036104e-05,0.9999115,3.2678275e-07,1.6188732e-08
512,88,sitting,2021-05-07 15:55:13.079,2021-05-07 15:55:15.059,0.021,1,1,0.9999091,9.0594105e-05,0.9999091,2.5378114e-07,1.990074e-08
512,88,sitting,2021-05-07 15:55:14.079,2021-05-07 15:55:16.059,0.021,1,1,0.99987245,0.00012714065,0.99987245,4.5291867e-07,2.2179242e-08
512,88,sitting,2021-05-07 15:55:15.079,2021-05-07 15:55:17.059,0.021,1,1,0.99987507,0.00012472825,0.99987507,4.1266046e-07,2.2096792e-08
512,88,sitting,2021-05-07 15:55:16.079,2021-05-07 15:55:18.059,0.021,1,1,0.99985814,0.00014121197,0.99985814,5.549969e-07,2.1819377e-08
512,88,sitting,2021-05-07 15:55:17.079,2021-05-07 15:55:19.059,0.021,1,1,0.99987197,0.00012757115,0.99987197,5.418946e-07,2.0745722e-08
512,88,sitting,2021-05-07 15:55:18.079,2021-05-07 15:55:20.059,0.021,1,1,0.99986124,0.00013815674,0.99986124,6.8771766e-07,2.1497847e-08
512,88,sitting,2021-05-07 15:55:19.079,2021-05-07 15:55:21.059,0.021,1,1,0.99986243,0.00013693019,0.99986243,7.069897e-07,2.1923219e-08
512,88,sitting,2021-05-07 15:55:20.079,2021-05-07 15:55:22.059,0.021,1,1,0.99986506,0.00013417777,0.99986506,7.0939933e-07,2.0951282e-08
512,88,sitting,2021-05-07 15:55:21.079,2021-05-07 15:55:23.059,0.021,1,1,0.9998486,0.00015069169,0.9998486,8.8513593e-07,2.0135642e-08
512,88,sitting,2021-05-07 15:55:22.079,2021-05-07 15:55:24.059,0.021,1,1,0.9998842,0.00011527939,0.9998842,4.3366902e-07,1.8820844e-08
512,88,sitting,2021-05-07 15:55:23.079,2021-05-07 15:55:25.059,0.021,1,1,0.9999035,9.6168296e-05,0.9999035,2.6604107e-07,1.7669493e-08
512,88,sitting,2021-05-07 15:55:24.079,2021-05-07 15:55:26.059,0.021,1,1,0.99993914,6.0663773e-05,0.99993914,1.04585084e-07,1.550521e-08
512,88,sitting,2021-05-07 15:55:25.079,2021-05-07 15:55:27.059,0.021,1,1,0.99994606,5.3706863e-05,0.99994606,8.255401e-08,1.4322524e-08
512,88,sitting,2021-05-07 15:55:26.079,2021-05-07 15:55:28.059,0.021,1,1,0.9999934,6.5010045e-06,0.9999934,1.7269263e-09,1.4414272e-08
512,88,sitting,2021-05-07 15:55:27.079,2021-05-07 15:55:29.059,0.021,1,1,0.9999985,1.4340841e-06,0.9999985,2.0032749e-10,5.292223e-09
512,88,sitting,2021-05-07 15:55:28.079,2021-05-07 15:55:30.059,0.021,1,1,0.99999386,6.1270944e-06,0.99999386,1.2611091e-09,9.523605e-09
512,88,sitting,2021-05-07 15:55:29.079,2021-05-07 15:55:31.059,0.021,1,1,0.9999929,7.083532e-06,0.9999929,2.2723616e-09,1.0925273e-08
512,88,sitting,2021-05-07 15:55:30.079,2021-05-07 15:55:32.060,0.021,1,1,0.9999935,6.413475e-06,0.9999935,1.908801e-09,9.476454e-09
512,88,sitting,2021-05-07 15:55:31.079,2021-05-07 15:55:33.060,0.021,1,1,0.9999935,6.4301457e-06,0.9999935,1.9295376e-09,9.548393e-09
512,88,sitting,2021-05-07 15:55:32.080,2021-05-07 15:55:34.060,0.021,1,1,0.9999934,6.558351e-06,0.9999934,2.072711e-09,1.0141784e-08
512,88,sitting,2021-05-07 15:55:33.080,2021-05-07 15:55:35.060,0.021,1,1,0.9999934,6.5745257e-06,0.9999934,2.1773383e-09,1.0275336e-08
512,88,sitting,2021-05-07 15:55:34.080,2021-05-07 15:55:36.060,0.021,1,1,0.9999935,6.43382e-06,0.9999935,1.9998454e-09,9.480215e-09
512,88,sitting,2021-05-07 15:55:35.080,2021-05-07 15:55:37.060,0.021,1,1,0.9999934,6.6081875e-06,0.9999934,2.0579347e-09,9.615501e-09
512,88,sitting,2021-05-07 15:55:36.080,2021-05-07 15:55:38.060,0.021,1,1,0.9999934,6.5232316e-06,0.9999934,2.006451e-09,9.319966e-09
512,88,sitting,2021-05-07 15:55:37.080,2021-05-07 15:55:39.060,0.021,1,1,0.999994,6.0105467e-06,0.999994,1.2856782e-09,7.565963e-09
512,88,sitting,2021-05-07 15:55:38.080,2021-05-07 15:55:40.060,0.021,1,1,0.9999929,7.0363544e-06,0.9999929,1.2394245e-09,7.1097257e-09
512,88,sitting,2021-05-07 15:55:39.080,2021-05-07 15:55:41.060,0.021,1,1,0.99999243,7.515393e-06,0.99999243,1.198126e-09,7.4800015e-09
512,88,sitting,2021-05-07 15:55:40.080,2021-05-07 15:55:42.060,0.021,1,1,0.99996,3.9922004e-05,0.99996,1.9295918e-08,1.574058e-08
512,88,sitting,2021-05-07 15:55:41.080,2021-05-07 15:55:43.060,0.021,1,1,0.9997368,0.00026216856,0.9997368,9.3628506e-07,2.4048576e-08
512,88,sitting,2021-05-07 15:55:42.080,2021-05-07 15:55:44.060,0.021,1,1,0.9997883,0.0002112313,0.9997883,5.5083166e-07,2.091458e-08
512,88,sitting,2021-05-07 15:55:43.080,2021-05-07 15:55:45.060,0.021,1,1,0.99979496,0.00020448146,0.99979496,5.0541615e-07,2.2931758e-08
512,88,sitting,2021-05-07 15:55:44.080,2021-05-07 15:55:46.060,0.021,1,1,0.999898,0.000101767815,0.999898,1.4534913e-07,2.0247862e-08
512,88,sitting,2021-05-07 15:55:45.080,2021-05-07 15:55:47.060,0.021,1,1,0.9999885,1.1447131e-05,0.9999885,2.5992186e-09,2.0655781e-08
512,88,sitting,2021-05-07 15:55:46.080,2021-05-07 15:55:48.060,0.021,1,1,0.99999565,4.338901e-06,0.99999565,6.6412814e-10,1.0093487e-08
512,88,sitting,2021-05-07 15:55:47.080,2021-05-07 15:55:49.060,0.021,1,1,0.9999947,5.2517985e-06,0.9999947,8.351709e-10,9.337646e-09
512,88,sitting,2021-05-07 15:55:48.080,2021-05-07 15:55:50.060,0.021,1,1,0.9999948,5.165518e-06,0.9999948,7.8914647e-10,9.554891e-09
512,88,sitting,2021-05-07 15:55:49.080,2021-05-07 15:55:51.060,0.021,1,1,0.9999947,5.256077e-06,0.9999947,7.666196e-10,1.0028615e-08
512,88,sitting,2021-05-07 15:55:50.080,2021-05-07 15:55:52.060,0.021,1,1,0.9999946,5.422612e-06,0.9999946,8.11276e-10,1.0201066e-08
512,88,sitting,2021-05-07 15:55:51.080,2021-05-07 15:55:53.060,0.021,1,1,0.9999941,5.8449214e-06,0.9999941,9.658682e-10,1.0350169e-08
512,88,sitting,2021-05-07 15:55:52.080,2021-05-07 15:55:54.060,0.021,1,1,0.9999934,6.559877e-06,0.9999934,1.2325013e-09,1.0238675e-08
512,88,sitting,2021-05-07 15:55:53.080,2021-05-07 15:55:55.060,0.021,1,1,0.999993,6.9084776e-06,0.999993,1.3991713e-09,1.01529105e-08
512,88,sitting,2021-05-07 15:55:54.080,2021-05-07 15:55:56.060,0.021,1,1,0.999993,6.9204066e-06,0.999993,1.4109738e-09,1.0229887e-08
512,88,sitting,2021-05-07 15:55:55.080,2021-05-07 15:55:57.060,0.021,1,1,0.999993,6.926124e-06,0.999993,1.4027948e-09,1.0477296e-08
512,88,sitting,2021-05-07 15:55:56.080,2021-05-07 15:55:58.060,0.021,1,1,0.999993,6.9241164e-06,0.999993,1.4411318e-09,1.0335421e-08
512,88,sitting,2021-05-07 15:55:57.080,2021-05-07 15:55:59.060,0.021,1,1,0.9999934,6.5657096e-06,0.9999934,1.3174574e-09,9.5524175e-09
512,88,sitting,2021-05-07 15:55:58.080,2021-05-07 15:56:00.059,0.021,1,1,0.9999929,7.045883e-06,0.9999929,1.5382432e-09,9.903634e-09
512,88,sitting,2021-05-07 15:55:59.080,2021-05-07 15:56:01.059,0.021,1,1,0.9999928,7.175701e-06,0.9999928,1.6897226e-09,9.789242e-09
512,88,sitting,2021-05-07 15:56:00.079,2021-05-07 15:56:02.059,0.021,1,1,0.9999929,6.9955136e-06,0.9999929,1.6110444e-09,9.54491e-09
512,88,sitting,2021-05-07 15:56:01.079,2021-05-07 15:56:03.059,0.021,1,1,0.99999326,6.7324704e-06,0.99999326,1.4420561e-09,9.074077e-09
512,88,sitting,2021-05-07 15:56:02.079,2021-05-07 15:56:04.059,0.021,1,1,0.999993,6.888524e-06,0.999993,1.5200179e-09,9.357796e-09
512,88,sitting,2021-05-07 15:56:03.079,2021-05-07 15:56:05.059,0.021,1,1,0.99999243,7.452585e-06,0.99999243,1.8598894e-09,1.0223892e-08
512,88,sitting,2021-05-07 15:56:04.079,2021-05-07 15:56:06.059,0.021,1,1,0.99999493,5.006926e-06,0.99999493,9.05645e-10,7.915092e-09
512,88,sitting,2021-05-07 15:56:05.079,2021-05-07 15:56:07.059,0.021,1,1,0.9999965,3.4636535e-06,0.9999965,4.4399687e-10,5.648788e-09
512,88,sitting,2021-05-07 15:56:06.079,2021-05-07 15:56:08.059,0.021,1,1,0.9999934,6.5960103e-06,0.9999934,1.2270501e-09,8.839818e-09
512,88,sitting,2021-05-07 15:56:07.079,2021-05-07 15:56:09.059,0.021,1,1,0.99999315,6.749332e-06,0.99999315,1.3909203e-09,1.0297328e-08
512,88,sitting,2021-05-07 15:56:08.079,2021-05-07 15:56:10.059,0.021,1,1,0.9999935,6.4440505e-06,0.9999935,1.2413534e-09,9.3463495e-09
512,88,sitting,2021-05-07 15:56:09.079,2021-05-07 15:56:11.059,0.021,1,1,0.9999941,5.844375e-06,0.9999941,1.1108595e-09,9.1081045e-09
512,88,sitting,2021-05-07 15:56:10.079,2021-05-07 15:56:12.059,0.021,1,1,0.999994,5.996451e-06,0.999994,1.174739e-09,9.537585e-09
512,88,sitting,2021-05-07 15:56:11.079,2021-05-07 15:56:13.059,0.021,1,1,0.999993,6.890035e-06,0.999993,1.4897624e-09,1.0715493e-08
512,88,sitting,2021-05-07 15:56:12.079,2021-05-07 15:56:14.059,0.021,1,1,0.99999255,7.341006e-06,0.99999255,1.7893822e-09,1.1337645e-08
512,88,sitting,2021-05-07 15:56:13.079,2021-05-07 15:56:15.059,0.021,1,1,0.9999935,6.4089813e-06,0.9999935,1.4020652e-09,9.677378e-09
512,88,sitting,2021-05-07 15:56:14.079,2021-05-07 15:56:16.059,0.021,1,1,0.9999934,6.508697e-06,0.9999934,1.4739409e-09,9.695095e-09
512,88,sitting,2021-05-07 15:56:15.079,2021-05-07 15:56:17.059,0.021,1,1,0.99999315,6.7967367e-06,0.99999315,1.7818633e-09,1.0123211e-08
512,88,sitting,2021-05-07 15:56:16.079,2021-05-07 15:56:18.059,0.021,1,1,0.9999935,6.3891725e-06,0.9999935,1.447082e-09,9.136321e-09
512,88,sitting,2021-05-07 15:56:17.079,2021-05-07 15:56:19.059,0.021,1,1,0.99999446,5.505038e-06,0.99999446,1.0356703e-09,8.309081e-09
512,88,sitting,2021-05-07 15:56:18.079,2021-05-07 15:56:20.059,0.021,1,1,0.9999954,4.5099823e-06,0.9999954,7.625412e-10,7.8169755e-09
512,88,sitting,2021-05-07 15:56:19.079,2021-05-07 15:56:21.059,0.021,1,1,0.9999952,4.747689e-06,0.9999952,8.460175e-10,8.705093e-09
512,88,sitting,2021-05-07 15:56:20.079,2021-05-07 15:56:22.059,0.021,1,1,0.99999386,6.027761e-06,0.99999386,1.1985736e-09,9.169302e-09
512,88,sitting,2021-05-07 15:56:21.079,2021-05-07 15:56:23.059,0.021,1,1,0.99999243,7.493629e-06,0.99999243,2.2004318e-09,1.0721559e-08
512,88,sitting,2021-05-07 15:56:22.079,2021-05-07 15:56:24.059,0.021,1,1,0.99999315,6.8057066e-06,0.99999315,1.3728813e-09,8.947293e-09
512,88,sitting,2021-05-07 15:56:23.079,2021-05-07 15:56:25.059,0.021,1,1,0.99999386,6.0603393e-06,0.99999386,1.0707816e-09,8.303753e-09
512,88,sitting,2021-05-07 15:56:24.079,2021-05-07 15:56:26.059,0.021,1,1,0.99999446,5.472344e-06,0.99999446,9.36316e-10,8.150172e-09
512,88,sitting,2021-05-07 15:56:25.079,2021-05-07 15:56:27.059,0.021,1,1,0.9999967,3.21331e-06,0.9999967,3.7916348e-10,5.972641e-09
512,88,sitting,2021-05-07 15:56:26.079,2021-05-07 15:56:28.059,0.021,1,1,0.9999961,3.8497747e-06,0.9999961,5.091039e-10,5.934551e-09
512,88,sitting,2021-05-07 15:56:27.079,2021-05-07 15:56:29.059,0.021,1,1,0.9999959,4.0939417e-06,0.9999959,5.5812044e-10,6.309805e-09
512,88,sitting,2021-05-07 15:56:28.079,2021-05-07 15:56:30.059,0.021,1,1,0.99999577,4.145693e-06,0.99999577,5.4796667e-10,6.5264856e-09
512,88,sitting,2021-05-07 15:56:29.079,2021-05-07 15:56:31.059,0.021,1,1,0.99999505,4.8467423e-06,0.99999505,7.0094514e-10,7.1433424e-09
512,88,sitting,2021-05-07 15:56:30.079,2021-05-07 15:56:32.060,0.021,1,1,0.9999911,8.843589e-06,0.9999911,1.5080508e-09,1.1603859e-08
512,88,sitting,2021-05-07 15:56:31.079,2021-05-07 15:56:33.060,0.021,1,1,0.99992114,7.8614525e-05,0.99992114,7.154872e-08,2.1428434e-08
512,88,sitting,2021-05-07 15:56:32.080,2021-05-07 15:56:34.060,0.021,1,1,0.9999005,9.925904e-05,0.9999005,1.1898453e-07,2.1795136e-08
512,88,sitting,2021-05-07 15:56:33.080,2021-05-07 15:56:35.060,0.021,1,1,0.9998653,0.00013448551,0.9998653,2.1850154e-07,2.2539185e-08
512,88,sitting,2021-05-07 15:56:34.080,2021-05-07 15:56:36.060,0.021,1,1,0.99972916,0.00026994204,0.99972916,8.26383e-07,2.7640384e-08
512,88,sitting,2021-05-07 15:56:35.080,2021-05-07 15:56:37.060,0.021,1,1,0.99975777,0.00024185867,0.99975777,4.294834e-07,2.641033e-08
512,88,sitting,2021-05-07 15:56:36.080,2021-05-07 15:56:38.060,0.021,1,1,0.9997716,0.00022808737,0.9997716,3.4131224e-07,2.4833655e-08
512,88,sitting,2021-05-07 15:56:37.080,2021-05-07 15:56:39.060,0.021,1,1,0.99970293,0.00029624763,0.99970293,7.700698e-07,2.7805745e-08
512,88,sitting,2021-05-07 15:56:38.080,2021-05-07 15:56:40.060,0.021,1,1,0.99969566,0.0003029756,0.99969566,1.2728716e-06,2.95487e-08
512,88,sitting,2021-05-07 15:56:39.080,2021-05-07 15:56:41.060,0.021,1,1,0.9997914,0.00020810352,0.9997914,5.9102837e-07,2.4335517e-08
512,88,sitting,2021-05-07 15:56:40.080,2021-05-07 15:56:42.060,0.021,1,1,0.9999868,1.3142616e-05,0.9999868,3.1882217e-09,2.0511976e-08
512,88,sitting,2021-05-07 15:56:41.080,2021-05-07 15:56:43.060,0.021,1,1,0.99999684,3.1425432e-06,0.99999684,3.981581e-10,7.3888575e-09
512,88,sitting,2021-05-07 15:56:42.080,2021-05-07 15:56:44.060,0.021,1,1,0.9999947,5.1877573e-06,0.9999947,8.6918767e-10,9.740074e-09
512,88,sitting,2021-05-07 15:56:43.080,2021-05-07 15:56:45.060,0.021,1,1,0.99999386,6.121114e-06,0.99999386,1.1657348e-09,1.0519416e-08
512,89,walking,2021-05-07 15:56:47.840,2021-05-07 15:56:49.819,0.021,3,3,0.9999885,4.8008198e-11,2.5108662e-07,1.12195585e-05,0.9999885
512,89,walking,2021-05-07 15:56:48.840,2021-05-07 15:56:50.819,0.021,3,3,0.99984,2.3727253e-10,6.1881616e-07,0.000159395,0.99984
512,89,walking,2021-05-07 15:56:49.840,2021-05-07 15:56:51.819,0.021,3,3,0.9999631,1.380283e-10,5.0044633e-07,3.630143e-05,0.9999631
512,89,walking,2021-05-07 15:56:50.840,2021-05-07 15:56:52.819,0.021,3,3,0.99988776,6.242793e-10,1.356755e-06,0.00011081752,0.99988776
512,90,standing,2021-05-07 15:56:53.799,2021-05-07 15:56:55.779,0.021,2,2,0.99987316,1.1657591e-08,7.2056764e-07,0.99987316,0.00012606355
512,90,standing,2021-05-07 15:56:54.799,2021-05-07 15:56:56.779,0.021,2,2,0.9999295,8.426129e-09,4.5928647e-07,0.9999295,6.991972e-05
512,90,standing,2021-05-07 15:56:55.799,2021-05-07 15:56:57.779,0.021,2,2,0.9998825,1.1762878e-08,8.659741e-07,0.9998825,0.00011656346
512,92,standing,2021-05-07 15:56:59.159,2021-05-07 15:57:01.140,0.021,2,2,0.99776393,1.6588126e-08,1.0113748e-05,0.99776393,0.0022259015
512,94,standing,2021-05-07 15:57:02.480,2021-05-07 15:57:04.460,0.021,2,2,0.9998305,2.2873948e-08,2.6773107e-06,0.9998305,0.00016673672
512,94,standing,2021-05-07 15:57:03.480,2021-05-07 15:57:05.460,0.021,2,2,0.9999053,8.516634e-09,6.786615e-07,0.9999053,9.397371e-05
512,94,standing,2021-05-07 15:57:04.480,2021-05-07 15:57:06.460,0.021,2,2,0.9999257,6.301232e-09,4.6310066e-07,0.9999257,7.380502e-05
512,94,standing,2021-05-07 15:57:05.480,2021-05-07 15:57:07.460,0.021,2,2,0.9999408,4.888645e-09,3.2138428e-07,0.9999408,5.8756243e-05
512,94,standing,2021-05-07 15:57:06.480,2021-05-07 15:57:08.460,0.021,2,2,0.999942,5.340697e-09,3.6971824e-07,0.999942,5.7611072e-05
512,94,standing,2021-05-07 15:57:07.480,2021-05-07 15:57:09.460,0.021,2,2,0.9999116,8.465251e-09,8.67929e-07,0.9999116,8.746246e-05
512,94,standing,2021-05-07 15:57:08.479,2021-05-07 15:57:10.460,0.021,2,2,0.9999078,8.0164515e-09,9.794181e-07,0.9999078,9.116836e-05
512,98,standing,2021-05-07 15:57:17.799,2021-05-07 15:57:19.780,0.021,2,2,0.98550487,5.096586e-06,0.00011209143,0.98550487,0.014377837
512,100,standing,2021-05-07 15:57:20.840,2021-05-07 15:57:22.819,0.021,2,2,0.9997864,2.0597556e-08,8.486488e-06,0.9997864,0.00020508806
512,100,standing,2021-05-07 15:57:21.840,2021-05-07 15:57:23.819,0.021,2,2,0.9998343,3.7831423e-08,8.910855e-06,0.9998343,0.00015676796
512,100,standing,2021-05-07 15:57:22.840,2021-05-07 15:57:24.819,0.021,2,2,0.9997685,7.176877e-08,9.046409e-06,0.9997685,0.00022225552
512,100,standing,2021-05-07 15:57:23.840,2021-05-07 15:57:25.819,0.021,2,2,0.9998567,3.667361e-08,4.620491e-06,0.9998567,0.00013879476
512,100,standing,2021-05-07 15:57:24.840,2021-05-07 15:57:26.819,0.021,2,2,0.9998811,1.5067272e-08,1.5734852e-06,0.9998811,0.0001173145
512,100,standing,2021-05-07 15:57:25.840,2021-05-07 15:57:27.819,0.021,2,2,0.9998629,2.4462167e-08,2.2907045e-06,0.9998629,0.00013495181
512,100,standing,2021-05-07 15:57:26.840,2021-05-07 15:57:28.819,0.021,2,2,0.9998355,3.563121e-08,3.1522768e-06,0.9998355,0.0001612635
512,102,standing,2021-05-07 15:57:30.920,2021-05-07 15:57:32.900,0.021,2,2,0.99948186,2.665391e-08,3.424441e-06,0.99948186,0.00051454233
512,102,standing,2021-05-07 15:57:31.920,2021-05-07 15:57:33.900,0.021,2,2,0.9995501,9.5992796e-08,9.702722e-06,0.9995501,0.00044011857
512,102,standing,2021-05-07 15:57:32.919,2021-05-07 15:57:34.900,0.021,2,2,0.9996063,1.5750724e-07,1.2370859e-05,0.9996063,0.00038111382
512,102,standing,2021-05-07 15:57:33.919,2021-05-07 15:57:35.900,0.021,2,2,0.9997699,1.17003644e-07,8.032858e-06,0.9997699,0.00022192181
512,102,standing,2021-05-07 15:57:34.919,2021-05-07 15:57:36.900,0.021,2,2,0.99972975,9.151808e-08,6.1712412e-06,0.99972975,0.0002638822
512,102,standing,2021-05-07 15:57:35.919,2021-05-07 15:57:37.900,0.021,2,2,0.9997033,7.015049e-08,4.237911e-06,0.9997033,0.00029230615
512,102,standing,2021-05-07 15:57:36.919,2021-05-07 15:57:38.900,0.021,2,2,0.9996714,7.099803e-08,5.6783906e-06,0.9996714,0.00032286314
512,108,standing,2021-05-07 15:57:43.279,2021-05-07 15:57:45.259,0.021,2,2,0.9855553,1.3432719e-05,0.00013146069,0.9855553,0.014299806
512,108,standing,2021-05-07 15:57:44.279,2021-05-07 15:57:46.259,0.021,2,2,0.97154844,4.532443e-05,0.0002869462,0.97154844,0.028119268
512,108,standing,2021-05-07 15:57:45.279,2021-05-07 15:57:47.259,0.021,2,2,0.9653115,5.5326276e-05,0.0003148543,0.9653115,0.034318183
512,108,standing,2021-05-07 15:57:46.279,2021-05-07 15:57:48.259,0.021,2,2,0.9770966,4.560322e-05,0.0002669396,0.9770966,0.022590857
512,108,standing,2021-05-07 15:57:47.279,2021-05-07 15:57:49.259,0.021,2,2,0.9757247,4.678757e-05,0.00034707968,0.9757247,0.023881461
512,108,standing,2021-05-07 15:57:48.279,2021-05-07 15:57:50.259,0.021,2,2,0.9731436,4.9480597e-05,0.00043362187,0.9731436,0.026373463
512,108,standing,2021-05-07 15:57:49.279,2021-05-07 15:57:51.259,0.021,2,2,0.9727493,4.9311482e-05,0.00043140567,0.9727493,0.02676986
512,110,standing,2021-05-07 15:57:53.439,2021-05-07 15:57:55.419,0.021,2,2,0.9997611,8.688128e-09,1.7761182e-07,0.9997611,0.0002385546
512,112,standing,2021-05-07 15:57:56.599,2021-05-07 15:57:58.580,0.021,2,2,0.999861,2.661523e-09,1.3052258e-07,0.999861,0.00013894688
512,112,standing,2021-05-07 15:57:57.599,2021-05-07 15:57:59.580,0.021,2,2,0.99988943,5.048939e-09,3.4006933e-07,0.99988943,0.00011008511
512,112,standing,2021-05-07 15:57:58.599,2021-05-07 15:58:00.579,0.021,2,2,0.9998574,6.445044e-09,5.164805e-07,0.9998574,0.00014207844
512,112,standing,2021-05-07 15:57:59.599,2021-05-07 15:58:01.579,0.021,2,2,0.9998007,1.2003419e-08,1.1925841e-06,0.9998007,0.00019815602
512,113,walking,2021-05-07 15:58:02.240,2021-05-07 15:58:04.220,0.021,3,3,0.9892865,1.6787483e-08,5.979426e-06,0.010707607,0.9892865
512,113,walking,2021-05-07 15:58:03.240,2021-05-07 15:58:05.220,0.021,3,3,0.8556574,1.6846559e-07,3.465037e-05,0.14430773,0.8556574
512,114,standing,2021-05-07 15:58:05.840,2021-05-07 15:58:07.819,0.021,2,2,0.99713385,1.6500853e-06,4.4659868e-05,0.99713385,0.0028197991
512,114,standing,2021-05-07 15:58:06.840,2021-05-07 15:58:08.819,0.021,2,2,0.9956578,5.425988e-06,9.539409e-05,0.9956578,0.0042414013
512,114,standing,2021-05-07 15:58:07.840,2021-05-07 15:58:09.819,0.021,2,2,0.98694676,1.3272405e-05,0.0002099699,0.98694676,0.0128300395
512,114,standing,2021-05-07 15:58:08.840,2021-05-07 15:58:10.819,0.021,2,2,0.98980963,1.48449135e-05,0.000214001,0.98980963,0.009961596
512,114,standing,2021-05-07 15:58:09.840,2021-05-07 15:58:11.819,0.021,2,2,0.992179,1.2844518e-05,0.00016505693,0.992179,0.007643202
512,114,standing,2021-05-07 15:58:10.840,2021-05-07 15:58:12.819,0.021,2,2,0.99257,8.164652e-06,0.00014378001,0.99257,0.0072780442
512,114,standing,2021-05-07 15:58:11.840,2021-05-07 15:58:13.819,0.021,2,2,0.99559057,6.2857457e-06,0.00010731811,0.99559057,0.004295833
512,114,standing,2021-05-07 15:58:12.840,2021-05-07 15:58:14.819,0.021,2,2,0.99691236,6.194631e-06,8.330673e-05,0.99691236,0.0029981518
512,114,standing,2021-05-07 15:58:13.840,2021-05-07 15:58:15.819,0.021,2,2,0.9959296,7.567702e-06,0.00010557101,0.9959296,0.00395726
512,114,standing,2021-05-07 15:58:14.840,2021-05-07 15:58:16.819,0.021,2,2,0.99304825,1.2167051e-05,0.00017022273,0.99304825,0.0067692627
512,114,standing,2021-05-07 15:58:15.840,2021-05-07 15:58:17.819,0.021,2,2,0.99308735,1.25494835e-05,0.00017068071,0.99308735,0.006729399
512,114,standing,2021-05-07 15:58:16.840,2021-05-07 15:58:18.819,0.021,2,2,0.994225,1.1232545e-05,0.00015182894,0.994225,0.005612019
512,114,standing,2021-05-07 15:58:17.840,2021-05-07 15:58:19.819,0.021,2,2,0.9949109,1.0321404e-05,0.00013996412,0.9949109,0.004938853
512,114,standing,2021-05-07 15:58:18.840,2021-05-07 15:58:20.819,0.021,2,2,0.9946709,1.0036061e-05,0.00014176275,0.9946709,0.005177283
512,114,standing,2021-05-07 15:58:19.840,2021-05-07 15:58:21.819,0.021,2,2,0.9950707,9.158836e-06,0.0001368705,0.9950707,0.0047833202
512,114,standing,2021-05-07 15:58:20.840,2021-05-07 15:58:22.819,0.021,2,2,0.9948821,9.349791e-06,0.00014764047,0.9948821,0.004960932
512,114,standing,2021-05-07 15:58:21.840,2021-05-07 15:58:23.819,0.021,2,2,0.9944573,9.863029e-06,0.00015978885,0.9944573,0.005373135
512,114,standing,2021-05-07 15:58:22.840,2021-05-07 15:58:24.819,0.021,2,2,0.9942261,1.0168734e-05,0.00016431864,0.9942261,0.005599569
512,114,standing,2021-05-07 15:58:23.840,2021-05-07 15:58:25.819,0.021,2,2,0.9926848,1.2099027e-05,0.00019268322,0.9926848,0.0071105524
512,114,standing,2021-05-07 15:58:24.840,2021-05-07 15:58:26.819,0.021,2,2,0.9917982,1.3514521e-05,0.00021799021,0.9917982,0.007970184
512,114,standing,2021-05-07 15:58:25.840,2021-05-07 15:58:27.819,0.021,2,2,0.99122655,1.4474378e-05,0.00024261566,0.99122655,0.008516347
512,116,standing,2021-05-07 15:58:28.639,2021-05-07 15:58:30.619,0.021,2,2,0.99981356,2.6045212e-08,1.1702521e-06,0.99981356,0.00018537026
512,116,standing,2021-05-07 15:58:29.639,2021-05-07 15:58:31.619,0.021,2,2,0.99983144,1.857216e-08,9.797423e-07,0.99983144,0.00016752776
512,117,walking,2021-05-07 15:58:31.840,2021-05-07 15:58:33.819,0.021,3,3,0.9998881,5.803122e-09,1.0587681e-05,0.00010121656,0.9998881
512,117,walking,2021-05-07 15:58:32.840,2021-05-07 15:58:34.819,0.021,3,3,0.9994969,7.1609914e-09,7.498692e-06,0.00049551687,0.9994969
512,117,walking,2021-05-07 15:58:33.840,2021-05-07 15:58:35.819,0.021,3,3,0.9988405,4.2054973e-09,3.408957e-06,0.0011561172,0.9988405
512,117,walking,2021-05-07 15:58:34.840,2021-05-07 15:58:36.819,0.021,3,3,0.99932367,5.954215e-09,4.253174e-06,0.0006720162,0.99932367
512,119,standing,2021-05-07 15:58:38.119,2021-05-07 15:58:40.099,0.021,2,2,0.98289174,2.706828e-06,8.9431785e-05,0.98289174,0.017016063
512,120,walking,2021-05-07 15:58:40.200,2021-05-07 15:58:42.180,0.021,3,3,0.8483338,1.5937238e-07,4.8353562e-05,0.15161778,0.8483338
512,120,walking,2021-05-07 15:58:41.200,2021-05-07 15:58:43.180,0.021,3,3,0.99596226,3.158274e-08,1.0298795e-05,0.0040273224,0.99596226
512,121,standing,2021-05-07 15:58:43.360,2021-05-07 15:58:45.340,0.021,2,2,0.94613683,3.593247e-05,0.0003318854,0.94613683,0.05349535
512,121,standing,2021-05-07 15:58:44.360,2021-05-07 15:58:46.340,0.021,2,2,0.97481656,4.756398e-05,0.000328903,0.97481656,0.024806945
512,121,standing,2021-05-07 15:58:45.360,2021-05-07 15:58:47.340,0.021,2,2,0.9805859,4.2012893e-05,0.0002564842,0.9805859,0.019115545
512,121,standing,2021-05-07 15:58:46.360,2021-05-07 15:58:48.340,0.021,2,2,0.9829179,4.063137e-05,0.00029280238,0.9829179,0.016748747
512,121,standing,2021-05-07 15:58:47.360,2021-05-07 15:58:49.340,0.021,2,2,0.98418534,3.552964e-05,0.0002771167,0.98418534,0.0155020105
512,121,standing,2021-05-07 15:58:48.360,2021-05-07 15:58:50.340,0.021,2,2,0.9851956,3.1698775e-05,0.00023433105,0.9851956,0.014538406
512,121,standing,2021-05-07 15:58:49.360,2021-05-07 15:58:51.340,0.021,2,2,0.980548,3.3874683e-05,0.0002943851,0.980548,0.019123906
512,121,standing,2021-05-07 15:58:50.360,2021-05-07 15:58:52.340,0.021,2,2,0.983953,2.9340172e-05,0.00027377208,0.983953,0.015743809
512,121,standing,2021-05-07 15:58:51.360,2021-05-07 15:58:53.340,0.021,2,2,0.9882321,2.7096748e-05,0.00024508196,0.9882321,0.011495818
512,121,standing,2021-05-07 15:58:52.360,2021-05-07 15:58:54.340,0.021,2,2,0.98249465,2.922469e-05,0.00035764233,0.98249465,0.01711853
512,125,standing,2021-05-07 15:58:57.959,2021-05-07 15:58:59.939,0.021,2,2,0.9994902,3.1458177e-07,8.074485e-06,0.9994902,0.00050147023
512,125,standing,2021-05-07 15:58:58.959,2021-05-07 15:59:00.940,0.021,2,2,0.99974465,2.0315903e-07,4.7491576e-06,0.99974465,0.00025024562
512,125,standing,2021-05-07 15:58:59.959,2021-05-07 15:59:01.940,0.021,2,2,0.9997418,1.7534411e-07,3.9794386e-06,0.9997418,0.00025398697
512,125,standing,2021-05-07 15:59:00.960,2021-05-07 15:59:02.940,0.021,2,2,0.99974966,1.441511e-07,3.218401e-06,0.99974966,0.00024689847
512,125,standing,2021-05-07 15:59:01.960,2021-05-07 15:59:03.940,0.021,2,2,0.99973536,1.4300953e-07,3.1948932e-06,0.99973536,0.00026127114
512,125,standing,2021-05-07 15:59:02.960,2021-05-07 15:59:04.940,0.021,2,2,0.9997165,1.7174935e-07,3.755003e-06,0.9997165,0.00027950335
512,125,standing,2021-05-07 15:59:03.960,2021-05-07 15:59:05.940,0.021,2,2,0.99957275,3.0848506e-07,6.791353e-06,0.99957275,0.00042014406
512,127,standing,2021-05-07 15:59:07.000,2021-05-07 15:59:08.979,0.021,2,2,0.98979855,2.0265492e-05,0.00019566804,0.98979855,0.009985576
512,127,standing,2021-05-07 15:59:08.000,2021-05-07 15:59:09.979,0.021,2,2,0.9914967,1.4901133e-05,0.0001849477,0.9914967,0.00830335
512,127,standing,2021-05-07 15:59:09.000,2021-05-07 15:59:10.979,0.021,2,2,0.992381,1.2929756e-05,0.00018228202,0.992381,0.0074237557
512,127,standing,2021-05-07 15:59:10.000,2021-05-07 15:59:11.979,0.021,2,2,0.9948418,9.223179e-06,0.00012375787,0.9948418,0.005025263
512,127,standing,2021-05-07 15:59:11.000,2021-05-07 15:59:12.979,0.021,2,2,0.99595386,7.2170246e-06,9.589273e-05,0.99595386,0.0039430573
512,127,standing,2021-05-07 15:59:12.000,2021-05-07 15:59:13.979,0.021,2,2,0.99606234,6.183638e-06,8.913398e-05,0.99606234,0.0038421568
512,127,standing,2021-05-07 15:59:13.000,2021-05-07 15:59:14.979,0.021,2,2,0.9959948,6.019399e-06,9.1276714e-05,0.9959948,0.003907889
512,127,standing,2021-05-07 15:59:14.000,2021-05-07 15:59:15.979,0.021,2,2,0.9963765,5.1855077e-06,8.948897e-05,0.9963765,0.0035288096
512,127,standing,2021-05-07 15:59:15.000,2021-05-07 15:59:16.979,0.021,2,2,0.9967248,4.3050395e-06,8.104257e-05,0.9967248,0.0031898036
512,127,standing,2021-05-07 15:59:16.000,2021-05-07 15:59:17.979,0.021,2,2,0.99713135,3.537953e-06,6.478508e-05,0.99713135,0.0028003042
512,127,standing,2021-05-07 15:59:17.000,2021-05-07 15:59:18.979,0.021,2,2,0.9968403,4.515394e-06,6.809389e-05,0.9968403,0.0030870086
512,127,standing,2021-05-07 15:59:18.000,2021-05-07 15:59:19.979,0.021,2,2,0.9936944,9.841506e-06,0.00013083545,0.9936944,0.006164757
512,127,standing,2021-05-07 15:59:19.000,2021-05-07 15:59:20.979,0.021,2,2,0.9896644,1.6247466e-05,0.00019563406,0.9896644,0.01012371
512,127,standing,2021-05-07 15:59:20.000,2021-05-07 15:59:21.979,0.021,2,2,0.98790604,2.4129877e-05,0.00024163348,0.98790604,0.01182818
512,127,standing,2021-05-07 15:59:21.000,2021-05-07 15:59:22.979,0.021,2,2,0.9904842,1.951912e-05,0.00020907765,0.9904842,0.009287295
512,127,standing,2021-05-07 15:59:22.000,2021-05-07 15:59:23.979,0.021,2,2,0.99273384,1.3033437e-05,0.00016232237,0.99273384,0.007090771
512,127,standing,2021-05-07 15:59:23.000,2021-05-07 15:59:24.979,0.021,2,2,0.9969033,3.9733472e-06,7.215351e-05,0.9969033,0.0030204307
512,127,standing,2021-05-07 15:59:24.000,2021-05-07 15:59:25.979,0.021,2,2,0.99942195,2.7513892e-07,6.8677627e-06,0.99942195,0.0005708764
512,129,standing,2021-05-07 15:59:29.440,2021-05-07 15:59:31.420,0.021,2,2,0.9888619,7.829253e-06,0.00016814514,0.9888619,0.010962145
512,129,standing,2021-05-07 15:59:30.440,2021-05-07 15:59:32.419,0.021,2,2,0.99019647,9.666549e-06,0.00018777137,0.99019647,0.0096059935
512,129,standing,2021-05-07 15:59:31.440,2021-05-07 15:59:33.419,0.021,2,2,0.99554795,6.1646924e-06,0.00010150391,0.99554795,0.004344343
512,129,standing,2021-05-07 15:59:32.439,2021-05-07 15:59:34.419,0.021,2,2,0.99635404,4.4757044e-06,8.563312e-05,0.99635404,0.0035557735
512,129,standing,2021-05-07 15:59:33.439,2021-05-07 15:59:35.419,0.021,2,2,0.9940453,6.1713517e-06,0.00013687937,0.9940453,0.0058116675
512,129,standing,2021-05-07 15:59:34.439,2021-05-07 15:59:36.419,0.021,2,2,0.99481124,5.159105e-06,0.00011752499,0.99481124,0.0050659794
512,129,standing,2021-05-07 15:59:35.439,2021-05-07 15:59:37.419,0.021,2,2,0.9976602,2.1089327e-06,4.978589e-05,0.9976602,0.0022879788
512,129,standing,2021-05-07 15:59:36.439,2021-05-07 15:59:38.419,0.021,2,2,0.9979475,1.4387488e-06,3.9021266e-05,0.9979475,0.0020120812
512,129,standing,2021-05-07 15:59:37.439,2021-05-07 15:59:39.419,0.021,2,2,0.99590325,2.2923264e-06,5.89349e-05,0.99590325,0.004035486
512,130,walking,2021-05-07 15:59:40.000,2021-05-07 15:59:41.979,0.021,3,3,0.9076911,2.0231141e-07,0.000112503185,0.092196144,0.9076911
512,133,walking,2021-05-07 15:59:43.720,2021-05-07 15:59:45.700,0.021,3,3,0.9519149,1.5228399e-07,4.3224125e-05,0.048041604,0.9519149
512,133,walking,2021-05-07 15:59:44.720,2021-05-07 15:59:46.700,0.021,3,3,0.8985733,1.5701006e-07,4.5818622e-05,0.10138073,0.8985733
512,133,walking,2021-05-07 15:59:45.720,2021-05-07 15:59:47.700,0.021,3,3,0.99868375,1.0378824e-08,6.8042923e-06,0.0013094777,0.99868375
512,133,walking,2021-05-07 15:59:46.720,2021-05-07 15:59:48.700,0.021,3,3,0.99965733,7.720479e-09,1.0294042e-05,0.00033233428,0.99965733
512,133,walking,2021-05-07 15:59:47.720,2021-05-07 15:59:49.700,0.021,3,3,0.99997586,6.0490973e-10,9.675981e-07,2.3098268e-05,0.99997586
512,138,walking,2021-05-07 15:59:53.720,2021-05-07 15:59:55.700,0.021,3,3,0.9990582,4.1491925e-09,1.9579475e-06,0.0009398377,0.9990582
512,138,walking,2021-05-07 15:59:54.720,2021-05-07 15:59:56.700,0.021,3,3,0.9999346,1.0356598e-09,1.3889152e-06,6.387587e-05,0.9999346
512,144,standing,2021-05-07 16:00:02.599,2021-05-07 16:00:04.579,0.021,2,2,0.99848783,1.6532653e-06,5.6098474e-06,0.99848783,0.0015049271
512,145,walking,2021-05-07 16:00:05.000,2021-05-07 16:00:06.980,0.021,3,3,0.99972284,7.475443e-10,4.2237406e-07,0.00027662472,0.99972284
512,145,walking,2021-05-07 16:00:06.000,2021-05-07 16:00:07.980,0.021,3,3,0.9999718,1.8136853e-10,4.1172743e-07,2.7738064e-05,0.9999718
512,145,walking,2021-05-07 16:00:07.000,2021-05-07 16:00:08.979,0.021,3,3,0.9998505,2.5869609e-09,1.2640203e-05,0.00013695011,0.9998505
512,145,walking,2021-05-07 16:00:08.000,2021-05-07 16:00:09.979,0.021,3,3,0.9999724,2.6907494e-11,1.03600215e-07,2.7469647e-05,0.9999724
512,146,standing,2021-05-07 16:01:03.319,2021-05-07 16:01:05.300,0.021,2,2,0.9928858,7.372384e-08,7.0948495e-06,0.9928858,0.007106945
512,148,standing,2021-05-07 16:01:06.159,2021-05-07 16:01:08.140,0.021,2,2,0.9981594,3.412731e-07,1.9113842e-05,0.9981594,0.0018209697
512,148,standing,2021-05-07 16:01:07.159,2021-05-07 16:01:09.140,0.021,2,2,0.9983917,2.4431523e-07,2.026167e-05,0.9983917,0.001587782
512,148,standing,2021-05-07 16:01:08.159,2021-05-07 16:01:10.140,0.021,2,2,0.99928814,1.6374386e-07,1.5928415e-05,0.99928814,0.0006958537
512,149,standing,2021-05-07 16:01:21.000,2021-05-07 16:01:22.979,0.021,2,2,0.9292866,3.4791324e-07,4.1913754e-05,0.9292866,0.0706712
512,149,standing,2021-05-07 16:01:22.000,2021-05-07 16:01:23.979,0.021,2,2,0.9993159,3.232706e-07,1.801657e-05,0.9993159,0.00066585897
512,149,standing,2021-05-07 16:01:23.000,2021-05-07 16:01:24.979,0.021,2,2,0.9986584,2.790085e-07,2.5161624e-05,0.9986584,0.0013160427
512,149,standing,2021-05-07 16:01:24.000,2021-05-07 16:01:25.979,0.021,2,2,0.9959663,1.0818422e-06,4.8494174e-05,0.9959663,0.0039840834
512,149,standing,2021-05-07 16:01:25.000,2021-05-07 16:01:26.979,0.021,2,2,0.98803115,7.1913455e-06,0.00013286222,0.98803115,0.01182881
512,149,standing,2021-05-07 16:01:26.000,2021-05-07 16:01:27.979,0.021,2,2,0.89469427,1.8773422e-05,0.00048934465,0.89469427,0.10479763
512,149,standing,2021-05-07 16:01:27.000,2021-05-07 16:01:28.979,0.021,2,2,0.63082683,1.5474909e-06,0.00027514127,0.63082683,0.3688965
512,149,standing,2021-05-07 16:01:28.000,2021-05-07 16:01:29.979,0.021,2,2,0.8947197,2.0736091e-07,4.351546e-05,0.8947197,0.105236456
512,149,standing,2021-05-07 16:01:29.000,2021-05-07 16:01:30.979,0.021,2,2,0.90844154,3.1218832e-07,4.439546e-05,0.90844154,0.09151379
512,149,standing,2021-05-07 16:01:30.000,2021-05-07 16:01:31.979,0.021,2,2,0.99031866,8.692189e-08,8.904558e-06,0.99031866,0.009672395
512,149,standing,2021-05-07 16:01:31.000,2021-05-07 16:01:32.979,0.021,2,2,0.999529,1.1012866e-08,4.6804234e-07,0.999529,0.0004705346
512,149,standing,2021-05-07 16:01:32.000,2021-05-07 16:01:33.979,0.021,2,2,0.9985096,4.164092e-08,3.3432023e-06,0.9985096,0.0014870563
512,149,standing,2021-05-07 16:01:33.000,2021-05-07 16:01:34.979,0.021,2,2,0.99887127,3.857499e-08,3.679535e-06,0.99887127,0.001125032
512,149,standing,2021-05-07 16:01:34.000,2021-05-07 16:01:35.979,0.021,2,2,0.99946004,2.1557451e-08,2.208813e-06,0.99946004,0.0005377027
512,149,standing,2021-05-07 16:01:35.000,2021-05-07 16:01:36.979,0.021,2,2,0.99948543,2.0489495e-08,2.5112947e-06,0.99948543,0.00051209994
512,149,standing,2021-05-07 16:01:36.000,2021-05-07 16:01:37.979,0.021,2,2,0.9995614,1.9341423e-08,2.0906245e-06,0.9995614,0.00043642602
512,149,standing,2021-05-07 16:01:37.000,2021-05-07 16:01:38.979,0.021,2,2,0.9983024,4.7798146e-08,4.913586e-06,0.9983024,0.0016925922
512,149,standing,2021-05-07 16:01:38.000,2021-05-07 16:01:39.979,0.021,2,2,0.99685824,7.6410224e-08,6.943503e-06,0.99685824,0.0031346243
512,149,standing,2021-05-07 16:01:39.000,2021-05-07 16:01:40.979,0.021,2,2,0.99900603,7.929924e-08,6.803172e-06,0.99900603,0.0009870777
512,149,standing,2021-05-07 16:01:40.000,2021-05-07 16:01:41.979,0.021,2,2,0.9991528,6.7714225e-08,6.1117325e-06,0.9991528,0.00084107934
512,149,standing,2021-05-07 16:01:41.000,2021-05-07 16:01:42.979,0.021,2,2,0.9993745,3.438419e-08,2.550245e-06,0.9993745,0.0006228528
512,149,standing,2021-05-07 16:01:42.000,2021-05-07 16:01:43.979,0.021,2,2,0.999638,2.1786796e-08,1.3712578e-06,0.999638,0.00036050292
512,149,standing,2021-05-07 16:01:43.000,2021-05-07 16:01:44.979,0.021,2,2,0.99964803,2.2093628e-08,1.4055934e-06,0.99964803,0.00035049155
512,149,standing,2021-05-07 16:01:44.000,2021-05-07 16:01:45.979,0.021,2,2,0.99963397,2.4130273e-08,1.7096523e-06,0.99963397,0.00036412306
512,149,standing,2021-05-07 16:01:45.000,2021-05-07 16:01:46.979,0.021,2,2,0.99973047,1.3634856e-08,1.0814456e-06,0.99973047,0.00026834637
512,149,standing,2021-05-07 16:01:46.000,2021-05-07 16:01:47.979,0.021,2,2,0.9997492,1.07227125e-08,9.544304e-07,0.9997492,0.00024981063
512,149,standing,2021-05-07 16:01:47.000,2021-05-07 16:01:48.979,0.021,2,2,0.99969625,1.0864251e-08,1.2531168e-06,0.99969625,0.00030229753
512,149,standing,2021-05-07 16:01:48.000,2021-05-07 16:01:49.979,0.021,2,2,0.999876,4.8421898e-09,4.8126384e-07,0.999876,0.00012349646
512,149,standing,2021-05-07 16:01:49.000,2021-05-07 16:01:50.979,0.021,2,2,0.99986696,6.3391714e-09,6.498946e-07,0.99986696,0.0001324381
512,149,standing,2021-05-07 16:01:50.000,2021-05-07 16:01:51.979,0.021,2,2,0.9996973,1.9974552e-08,2.0413688e-06,0.9996973,0.00030052662
512,149,standing,2021-05-07 16:01:51.000,2021-05-07 16:01:52.979,0.021,2,2,0.999608,5.2594533e-08,4.5180227e-06,0.999608,0.00038743575
512,149,standing,2021-05-07 16:01:52.000,2021-05-07 16:01:53.979,0.021,2,2,0.99931246,1.2360194e-07,8.382426e-06,0.99931246,0.00067913136
512,149,standing,2021-05-07 16:01:53.000,2021-05-07 16:01:54.979,0.021,2,2,0.9960228,6.6293563e-07,3.7481022e-05,0.9960228,0.003939025
512,151,standing,2021-05-07 16:01:57.959,2021-05-07 16:01:59.939,0.021,2,2,0.9998348,8.47688e-09,5.4216446e-07,0.9998348,0.0001646337
512,151,standing,2021-05-07 16:01:58.959,2021-05-07 16:02:00.940,0.021,2,2,0.99966973,1.960815e-08,2.1389426e-06,0.99966973,0.00032803108
512,151,standing,2021-05-07 16:01:59.959,2021-05-07 16:02:01.940,0.021,2,2,0.9997208,3.7507064e-08,5.0118256e-06,0.9997208,0.00027407936
512,151,standing,2021-05-07 16:02:00.960,2021-05-07 16:02:02.940,0.021,2,2,0.9997573,3.6943966e-08,4.704935e-06,0.9997573,0.00023798425
512,151,standing,2021-05-07 16:02:01.960,2021-05-07 16:02:03.940,0.021,2,2,0.9997479,3.9196205e-08,4.6061036e-06,0.9997479,0.00024737907
512,151,standing,2021-05-07 16:02:02.960,2021-05-07 16:02:04.940,0.021,2,2,0.99971604,4.6995474e-08,5.916208e-06,0.99971604,0.00027789624
512,151,standing,2021-05-07 16:02:03.960,2021-05-07 16:02:05.940,0.021,2,2,0.9995631,4.4772698e-08,6.338385e-06,0.9995631,0.0004305554
512,151,standing,2021-05-07 16:02:04.960,2021-05-07 16:02:06.940,0.021,2,2,0.9984838,3.634941e-08,5.4918432e-06,0.9984838,0.0015106605
512,151,standing,2021-05-07 16:02:05.960,2021-05-07 16:02:07.940,0.021,2,2,0.99915004,2.0229436e-08,2.0373657e-06,0.99915004,0.00084789033
512,151,standing,2021-05-07 16:02:06.960,2021-05-07 16:02:08.940,0.021,2,2,0.99957484,2.079156e-08,2.0950615e-06,0.99957484,0.0004230462
512,151,standing,2021-05-07 16:02:07.960,2021-05-07 16:02:09.940,0.021,2,2,0.9995624,6.418173e-08,6.5293684e-06,0.9995624,0.0004310682
512,151,standing,2021-05-07 16:02:08.960,2021-05-07 16:02:10.940,0.021,2,2,0.99932927,8.4193246e-08,1.0162668e-05,0.99932927,0.00066039467
512,151,standing,2021-05-07 16:02:09.960,2021-05-07 16:02:11.940,0.021,2,2,0.99937475,7.798967e-08,9.795698e-06,0.99937475,0.00061532174
512,151,standing,2021-05-07 16:02:10.960,2021-05-07 16:02:12.940,0.021,2,2,0.9994541,7.458631e-08,8.605358e-06,0.9994541,0.0005371803
512,151,standing,2021-05-07 16:02:11.960,2021-05-07 16:02:13.940,0.021,2,2,0.9994728,1.0133978e-07,7.7252525e-06,0.9994728,0.0005193783
512,151,standing,2021-05-07 16:02:12.960,2021-05-07 16:02:14.940,0.021,2,2,0.9994802,2.0188482e-07,9.491081e-06,0.9994802,0.00051018107
512,151,standing,2021-05-07 16:02:13.960,2021-05-07 16:02:15.940,0.021,2,2,0.9988583,4.797224e-07,2.0807263e-05,0.9988583,0.0011204891
512,152,walking,2021-05-07 16:02:16.159,2021-05-07 16:02:18.139,0.021,3,3,0.9959878,1.1655495e-08,1.0001934e-05,0.0040022735,0.9959878
512,152,walking,2021-05-07 16:02:17.159,2021-05-07 16:02:19.139,0.021,3,3,0.98929614,1.9021954e-08,1.12402895e-05,0.010692563,0.98929614
512,156,standing,2021-05-07 16:02:23.280,2021-05-07 16:02:25.260,0.021,2,2,0.8470253,7.1969635e-07,0.00010282253,0.8470253,0.15287127
512,157,walking,2021-05-07 16:02:26.119,2021-05-07 16:02:28.100,0.021,3,3,0.99323756,1.341737e-08,1.1506597e-05,0.006750853,0.99323756
512,157,walking,2021-05-07 16:02:27.119,2021-05-07 16:02:29.100,0.021,3,3,0.991859,5.0692464e-08,2.1341511e-05,0.008119576,0.991859
512,160,walking,2021-05-07 16:02:32.159,2021-05-07 16:02:34.139,0.021,3,3,0.9950976,9.979027e-09,1.8053865e-05,0.0048842994,0.9950976
512,165,standing,2021-05-07 16:02:40.840,2021-05-07 16:02:42.819,0.021,2,2,0.99519604,1.2204266e-07,1.1494111e-05,0.99519604,0.0047923154
512,165,standing,2021-05-07 16:02:41.840,2021-05-07 16:02:43.819,0.021,2,2,0.99975383,1.6797652e-07,6.62918e-06,0.99975383,0.00023933036
512,165,standing,2021-05-07 16:02:42.840,2021-05-07 16:02:44.819,0.021,2,2,0.9997649,1.8548032e-07,5.4687093e-06,0.9997649,0.0002294853
512,165,standing,2021-05-07 16:02:43.840,2021-05-07 16:02:45.819,0.021,2,2,0.999707,1.9180536e-07,5.3995473e-06,0.999707,0.00028727666
512,165,standing,2021-05-07 16:02:44.840,2021-05-07 16:02:46.819,0.021,2,2,0.9995526,3.0355153e-07,8.010788e-06,0.9995526,0.00043910052
512,165,standing,2021-05-07 16:02:45.840,2021-05-07 16:02:47.819,0.021,2,2,0.99846023,1.0372237e-06,3.1118972e-05,0.99846023,0.0015076442
512,166,walking,2021-05-07 16:02:48.680,2021-05-07 16:02:50.659,0.021,3,3,0.9986632,4.2800177e-09,3.0952765e-06,0.0013336731,0.9986632
512,166,walking,2021-05-07 16:02:49.680,2021-05-07 16:02:51.659,0.021,3,3,0.9999437,2.6780833e-10,1.4723779e-06,5.4844142e-05,0.9999437
512,166,walking,2021-05-07 16:02:50.680,2021-05-07 16:02:52.659,0.021,3,3,0.9999477,3.0946305e-11,9.9420845e-08,5.2153846e-05,0.9999477
512,166,walking,2021-05-07 16:02:51.680,2021-05-07 16:02:53.659,0.021,3,3,0.9997425,1.7512271e-10,2.8774323e-07,0.00025712326,0.9997425
512,166,walking,2021-05-07 16:02:52.680,2021-05-07 16:02:54.659,0.021,3,3,0.999779,1.8151039e-10,4.7904587e-07,0.00022061596,0.999779
512,166,walking,2021-05-07 16:02:53.680,2021-05-07 16:02:55.659,0.021,3,3,0.9987296,9.2797836e-10,8.530919e-07,0.0012696325,0.9987296
512,166,walking,2021-05-07 16:02:54.680,2021-05-07 16:02:56.659,0.021,3,3,0.9999408,1.1574528e-10,1.5433824e-07,5.899206e-05,0.9999408
512,166,walking,2021-05-07 16:02:55.680,2021-05-07 16:02:57.659,0.021,3,3,0.9999936,7.126705e-12,1.0408605e-08,6.3664434e-06,0.9999936
512,166,walking,2021-05-07 16:02:56.680,2021-05-07 16:02:58.659,0.021,3,3,0.9984865,3.6475543e-09,1.4369608e-06,0.0015120361,0.9984865
512,166,walking,2021-05-07 16:02:57.680,2021-05-07 16:02:59.659,0.021,3,3,0.99654114,2.8189693e-09,1.5479911e-06,0.003457354,0.99654114
512,166,walking,2021-05-07 16:02:58.680,2021-05-07 16:03:00.660,0.021,3,3,0.99988216,2.2132357e-10,4.5136364e-08,0.00011768756,0.99988216
512,166,walking,2021-05-07 16:02:59.680,2021-05-07 16:03:01.660,0.021,3,3,0.99997205,4.2780925e-11,6.578211e-08,2.783036e-05,0.99997205
512,166,walking,2021-05-07 16:03:00.680,2021-05-07 16:03:02.660,0.021,3,3,0.9998455,9.726562e-11,1.4225725e-07,0.00015439959,0.9998455
512,166,walking,2021-05-07 16:03:01.680,2021-05-07 16:03:03.660,0.021,3,3,0.9997196,4.0093404e-10,3.35852e-07,0.00027996572,0.9997196
512,166,walking,2021-05-07 16:03:02.680,2021-05-07 16:03:04.659,0.021,3,3,0.99997693,2.2200826e-11,4.0278238e-08,2.2955794e-05,0.99997693
512,166,walking,2021-05-07 16:03:03.680,2021-05-07 16:03:05.659,0.021,3,3,0.99888337,4.0528234e-09,2.7890417e-06,0.0011138052,0.99888337
512,166,walking,2021-05-07 16:03:04.680,2021-05-07 16:03:06.659,0.021,3,3,0.99894255,3.8443135e-10,5.3696164e-07,0.0010569289,0.99894255
512,166,walking,2021-05-07 16:03:05.680,2021-05-07 16:03:07.659,0.021,3,3,0.99966544,3.2325367e-10,3.658111e-07,0.0003342036,0.99966544
512,166,walking,2021-05-07 16:03:06.680,2021-05-07 16:03:08.659,0.021,3,3,0.99952555,6.1848757e-09,8.367926e-06,0.00046612963,0.99952555
512,166,walking,2021-05-07 16:03:07.680,2021-05-07 16:03:09.659,0.021,3,3,0.99993116,2.206945e-10,1.8525621e-07,6.855765e-05,0.99993116
512,166,walking,2021-05-07 16:03:08.680,2021-05-07 16:03:10.659,0.021,3,3,0.99996525,1.7667735e-10,1.6609076e-07,3.4546996e-05,0.99996525
512,166,walking,2021-05-07 16:03:09.680,2021-05-07 16:03:11.659,0.021,3,3,0.99995154,1.225385e-09,2.9034616e-06,4.552737e-05,0.99995154
512,166,walking,2021-05-07 16:03:10.680,2021-05-07 16:03:12.659,0.021,3,3,0.99998564,3.280322e-11,8.826326e-08,1.4259859e-05,0.99998564
512,166,walking,2021-05-07 16:03:11.680,2021-05-07 16:03:13.659,0.021,3,3,0.9999694,5.8883176e-11,3.3184026e-08,3.0458335e-05,0.9999694
512,166,walking,2021-05-07 16:03:12.680,2021-05-07 16:03:14.659,0.021,3,3,0.99954116,1.696136e-09,9.643021e-07,0.00045788518,0.99954116
512,166,walking,2021-05-07 16:03:13.680,2021-05-07 16:03:15.659,0.021,3,3,0.99964565,6.739969e-10,1.0476643e-06,0.0003532622,0.99964565
512,166,walking,2021-05-07 16:03:14.680,2021-05-07 16:03:16.659,0.021,3,3,0.99993354,2.7607963e-10,6.223744e-07,6.578865e-05,0.99993354
512,166,walking,2021-05-07 16:03:15.680,2021-05-07 16:03:17.659,0.021,3,3,0.9964172,1.244886e-08,9.45458e-06,0.003573202,0.9964172
512,166,walking,2021-05-07 16:03:16.680,2021-05-07 16:03:18.659,0.021,3,3,0.9983569,1.5848021e-09,1.7488034e-06,0.0016413777,0.9983569
512,166,walking,2021-05-07 16:03:17.680,2021-05-07 16:03:19.659,0.021,3,3,0.99994665,8.6570084e-11,6.244426e-07,5.2673484e-05,0.99994665
512,166,walking,2021-05-07 16:03:18.680,2021-05-07 16:03:20.659,0.021,3,3,0.9995475,5.080515e-09,4.8456127e-06,0.0004477081,0.9995475
512,166,walking,2021-05-07 16:03:19.680,2021-05-07 16:03:21.659,0.021,3,3,0.9991404,1.8989328e-09,1.7648129e-06,0.00085787097,0.9991404
512,166,walking,2021-05-07 16:03:20.680,2021-05-07 16:03:22.659,0.021,3,3,0.9999531,1.07982075e-10,3.4318032e-07,4.6463832e-05,0.9999531
512,166,walking,2021-05-07 16:03:21.680,2021-05-07 16:03:23.659,0.021,3,3,0.9998715,1.8042028e-09,2.6452485e-06,0.00012586715,0.9998715
512,166,walking,2021-05-07 16:03:22.680,2021-05-07 16:03:24.659,0.021,3,3,0.999861,4.1468495e-10,4.3254002e-07,0.00013866993,0.999861
512,166,walking,2021-05-07 16:03:23.680,2021-05-07 16:03:25.659,0.021,3,3,0.99986815,4.2131632e-10,1.0740376e-06,0.00013078787,0.99986815
512,166,walking,2021-05-07 16:03:24.680,2021-05-07 16:03:26.659,0.021,3,3,0.997918,7.1087904e-09,1.02623235e-05,0.0020716707,0.997918
512,167,standing,2021-05-07 16:03:27.440,2021-05-07 16:03:29.420,0.021,2,2,0.9983062,3.248726e-08,4.889503e-06,0.9983062,0.001688948
512,169,standing,2021-05-07 16:03:30.319,2021-05-07 16:03:32.299,0.021,2,2,0.9978351,2.0247687e-07,7.2098414e-06,0.9978351,0.0021575901
512,169,standing,2021-05-07 16:03:31.319,2021-05-07 16:03:33.299,0.021,2,2,0.998959,1.7264354e-07,5.3626145e-06,0.998959,0.0010354159
512,173,walking,2021-05-07 16:03:38.360,2021-05-07 16:03:40.340,0.021,3,3,0.9987544,1.6818854e-08,2.0713358e-05,0.0012248383,0.9987544
512,173,walking,2021-05-07 16:03:39.360,2021-05-07 16:03:41.340,0.021,3,3,0.992612,6.85483e-08,7.983897e-05,0.0073080068,0.992612
512,173,walking,2021-05-07 16:03:40.360,2021-05-07 16:03:42.340,0.021,3,3,0.99983835,3.1648947e-10,5.3821714e-07,0.00016111053,0.99983835
512,173,walking,2021-05-07 16:03:41.360,2021-05-07 16:03:43.340,0.021,3,3,0.9999662,4.389144e-11,5.864523e-08,3.3638687e-05,0.9999662
512,173,walking,2021-05-07 16:03:42.360,2021-05-07 16:03:44.340,0.021,3,3,0.9973485,6.8014927e-09,3.0916558e-06,0.0026483212,0.9973485
512,173,walking,2021-05-07 16:03:43.360,2021-05-07 16:03:45.340,0.021,3,3,0.99994105,1.5922103e-10,2.1563702e-07,5.8700083e-05,0.99994105
512,173,walking,2021-05-07 16:03:44.360,2021-05-07 16:03:46.340,0.021,3,3,0.99996525,4.684592e-11,8.686956e-08,3.4545217e-05,0.99996525
512,173,walking,2021-05-07 16:03:45.360,2021-05-07 16:03:47.340,0.021,3,3,0.9975748,1.1879639e-08,9.038834e-06,0.0024161395,0.9975748
512,173,walking,2021-05-07 16:03:46.360,2021-05-07 16:03:48.340,0.021,3,3,0.9997432,6.355598e-10,1.1027852e-06,0.00025558128,0.9997432
512,173,walking,2021-05-07 16:03:47.360,2021-05-07 16:03:49.340,0.021,3,3,0.99993485,2.061726e-10,3.172797e-07,6.479071e-05,0.99993485
512,173,walking,2021-05-07 16:03:48.360,2021-05-07 16:03:50.340,0.021,3,3,0.9995033,5.938645e-09,7.9357105e-06,0.0004886239,0.9995033
512,173,walking,2021-05-07 16:03:49.360,2021-05-07 16:03:51.340,0.021,3,3,0.9999009,2.934925e-10,4.9662464e-07,9.851679e-05,0.9999009
512,173,walking,2021-05-07 16:03:50.360,2021-05-07 16:03:52.340,0.021,3,3,0.9998045,4.9387505e-10,2.565857e-07,0.00019516874,0.9998045
512,173,walking,2021-05-07 16:03:51.360,2021-05-07 16:03:53.340,0.021,3,3,0.99900115,4.6119273e-09,1.0884238e-05,0.0009878668,0.99900115
512,173,walking,2021-05-07 16:03:52.360,2021-05-07 16:03:54.340,0.021,3,3,0.9995751,4.0487413e-10,3.5215098e-07,0.00042449275,0.9995751
512,173,walking,2021-05-07 16:03:53.360,2021-05-07 16:03:55.340,0.021,3,3,0.999779,7.2370704e-10,1.4401704e-06,0.00021968692,0.999779
512,173,walking,2021-05-07 16:03:54.360,2021-05-07 16:03:56.340,0.021,3,3,0.9999412,3.2341932e-10,1.9172255e-06,5.6856814e-05,0.9999412
512,175,walking,2021-05-07 16:03:58.040,2021-05-07 16:04:00.019,0.021,3,3,0.9997878,3.5804981e-09,4.4054054e-06,0.00020785841,0.9997878
512,175,walking,2021-05-07 16:03:59.040,2021-05-07 16:04:01.019,0.021,3,3,0.99975455,2.9650584e-09,9.083976e-06,0.00023631587,0.99975455
512,175,walking,2021-05-07 16:04:00.039,2021-05-07 16:04:02.019,0.021,3,3,0.99984646,1.5883349e-10,2.91551e-07,0.00015320593,0.99984646
512,175,walking,2021-05-07 16:04:01.039,2021-05-07 16:04:03.019,0.021,3,3,0.9998825,1.9849695e-10,4.250667e-07,0.000116981966,0.9998825
512,175,walking,2021-05-07 16:04:02.039,2021-05-07 16:04:04.019,0.021,3,3,0.99997383,6.4294486e-10,6.7335664e-06,1.9350633e-05,0.99997383
512,175,walking,2021-05-07 16:04:03.039,2021-05-07 16:04:05.019,0.021,3,3,0.9999183,2.5208108e-10,7.550635e-07,8.092412e-05,0.9999183
512,175,walking,2021-05-07 16:04:04.039,2021-05-07 16:04:06.019,0.021,3,3,0.9991942,1.0735332e-09,1.9618292e-06,0.0008038944,0.9991942
512,175,walking,2021-05-07 16:04:05.039,2021-05-07 16:04:07.019,0.021,3,3,0.9996769,2.0626414e-10,8.583941e-07,0.00032229273,0.9996769
512,175,walking,2021-05-07 16:04:06.039,2021-05-07 16:04:08.020,0.021,3,3,0.99797857,5.367991e-09,3.3608262e-06,0.0020180137,0.99797857
512,175,walking,2021-05-07 16:04:07.039,2021-05-07 16:04:09.020,0.021,3,3,0.999377,9.012061e-10,1.4275155e-06,0.00062157825,0.999377
512,175,walking,2021-05-07 16:04:08.039,2021-05-07 16:04:10.020,0.021,3,3,0.99998075,4.7646703e-10,1.8856618e-06,1.7275586e-05,0.99998075
512,175,walking,2021-05-07 16:04:09.039,2021-05-07 16:04:11.020,0.021,3,3,0.9995444,1.1720386e-08,1.8025965e-05,0.00043762848,0.9995444
512,175,walking,2021-05-07 16:04:10.039,2021-05-07 16:04:12.020,0.021,3,3,0.99941397,1.39679175e-08,2.4106372e-05,0.0005618769,0.99941397
512,175,walking,2021-05-07 16:04:11.039,2021-05-07 16:04:13.020,0.021,3,3,0.99963826,2.642894e-08,0.0001500958,0.00021151626,0.99963826
512,176,standing,2021-05-07 16:04:13.880,2021-05-07 16:04:15.859,0.021,2,2,0.9996776,1.2887628e-08,9.942902e-07,0.9996776,0.00032149817
512,176,standing,2021-05-07 16:04:14.880,2021-05-07 16:04:16.860,0.021,2,2,0.9999427,2.9496516e-09,1.6654636e-07,0.9999427,5.712703e-05
512,176,standing,2021-05-07 16:04:15.880,2021-05-07 16:04:17.860,0.021,2,2,0.999965,1.7156525e-09,8.391324e-08,0.999965,3.484422e-05
512,176,standing,2021-05-07 16:04:16.880,2021-05-07 16:04:18.860,0.021,2,2,0.9999493,2.6468532e-09,1.6332986e-07,0.9999493,5.0499544e-05
512,177,walking,2021-05-07 16:04:19.360,2021-05-07 16:04:21.340,0.021,3,3,0.9985264,3.089233e-09,3.756672e-06,0.0014697564,0.9985264
512,179,walking,2021-05-07 16:04:22.479,2021-05-07 16:04:24.459,0.021,3,3,0.9996185,1.4283293e-09,1.8775368e-06,0.00037953394,0.9996185
512,179,walking,2021-05-07 16:04:23.479,2021-05-07 16:04:25.459,0.021,3,3,0.99995595,5.882827e-11,1.4871722e-07,4.3846947e-05,0.99995595
512,179,walking,2021-05-07 16:04:24.479,2021-05-07 16:04:26.459,0.021,3,3,0.99976873,1.7816663e-10,1.2933408e-07,0.0002311112,0.99976873
512,179,walking,2021-05-07 16:04:25.479,2021-05-07 16:04:27.459,0.021,3,3,0.9872688,8.8840366e-08,0.00015871144,0.012572356,0.9872688
512,183,walking,2021-05-07 16:04:30.959,2021-05-07 16:04:32.939,0.021,3,3,0.992566,1.41261856e-08,1.5535064e-05,0.007418402,0.992566
512,183,walking,2021-05-07 16:04:31.959,2021-05-07 16:04:33.939,0.021,3,3,0.9961481,9.816173e-09,1.9148307e-05,0.0038327288,0.9961481
512,183,walking,2021-05-07 16:04:32.959,2021-05-07 16:04:34.939,0.021,3,3,0.99998885,7.470629e-11,1.428403e-06,9.650437e-06,0.99998885
512,185,walking,2021-05-07 16:04:36.599,2021-05-07 16:04:38.580,0.021,3,3,0.99083275,5.6306803e-08,3.7811747e-05,0.009129389,0.99083275
512,185,walking,2021-05-07 16:04:37.599,2021-05-07 16:04:39.580,0.021,3,3,0.9905314,2.6423335e-08,2.1546623e-05,0.0094470475,0.9905314
512,185,walking,2021-05-07 16:04:38.599,2021-05-07 16:04:40.580,0.021,3,3,0.99861187,2.9069238e-09,2.13371e-06,0.0013860478,0.99861187
512,185,walking,2021-05-07 16:04:39.599,2021-05-07 16:04:41.580,0.021,3,3,0.9998014,4.197322e-10,4.61545e-07,0.0001982452,0.9998014
512,188,standing,2021-05-07 16:04:43.599,2021-05-07 16:04:45.580,0.021,2,2,0.9856953,4.144201e-06,7.938236e-05,0.9856953,0.014221131
512,191,walking,2021-05-07 16:04:47.080,2021-05-07 16:04:49.060,0.021,3,3,0.9899029,2.2615877e-08,2.3013701e-05,0.010073963,0.9899029
512,191,walking,2021-05-07 16:04:48.080,2021-05-07 16:04:50.060,0.021,3,3,0.99390143,1.0179717e-08,6.914007e-06,0.0060915872,0.99390143
512,191,walking,2021-05-07 16:04:49.080,2021-05-07 16:04:51.060,0.021,3,3,0.9886999,1.3553882e-08,9.130807e-06,0.011290929,0.9886999
512,191,walking,2021-05-07 16:04:50.080,2021-05-07 16:04:52.060,0.021,3,3,0.9911684,2.668661e-08,2.056054e-05,0.008810977,0.9911684
512,191,walking,2021-05-07 16:04:51.080,2021-05-07 16:04:53.060,0.021,3,3,0.9864772,4.3438902e-08,2.710154e-05,0.0134956045,0.9864772
512,191,walking,2021-05-07 16:04:52.080,2021-05-07 16:04:54.060,0.021,3,3,0.9966482,5.7267946e-09,4.368442e-06,0.0033475412,0.9966482
512,191,walking,2021-05-07 16:04:53.080,2021-05-07 16:04:55.060,0.021,3,3,0.99720377,9.114779e-09,9.57064e-06,0.0027866405,0.99720377
512,191,walking,2021-05-07 16:04:54.080,2021-05-07 16:04:56.060,0.021,3,3,0.9759213,5.674645e-08,4.1090618e-05,0.02403749,0.9759213
512,191,walking,2021-05-07 16:04:55.080,2021-05-07 16:04:57.060,0.021,3,3,0.99029166,1.7759563e-08,1.0570466e-05,0.009697827,0.99029166
512,191,walking,2021-05-07 16:04:56.080,2021-05-07 16:04:58.060,0.021,3,3,0.9907588,1.6464533e-08,1.2197522e-05,0.009228988,0.9907588
512,191,walking,2021-05-07 16:04:57.080,2021-05-07 16:04:59.060,0.021,3,3,0.99784595,1.9374262e-08,5.033746e-05,0.0021037527,0.99784595
512,191,walking,2021-05-07 16:04:58.080,2021-05-07 16:05:00.059,0.021,3,3,0.99507374,3.9487354e-08,5.861905e-05,0.0048676403,0.99507374
512,191,walking,2021-05-07 16:04:59.080,2021-05-07 16:05:01.059,0.021,3,3,0.9562213,1.3312511e-07,9.875812e-05,0.043679796,0.9562213
512,193,standing,2021-05-07 16:05:03.200,2021-05-07 16:05:05.180,0.021,2,2,0.93265706,1.0798975e-05,0.00018887412,0.93265706,0.06714322
512,195,walking,2021-05-07 16:05:06.440,2021-05-07 16:05:08.420,0.021,3,3,0.9995172,2.4911142e-09,2.8571542e-06,0.00047994874,0.9995172
512,195,walking,2021-05-07 16:05:07.440,2021-05-07 16:05:09.420,0.021,3,3,0.9990912,5.6596927e-09,9.07935e-06,0.00089981634,0.9990912
512,195,walking,2021-05-07 16:05:08.440,2021-05-07 16:05:10.420,0.021,3,3,0.99994916,3.2517114e-10,6.1402244e-07,5.02013e-05,0.99994916
512,195,walking,2021-05-07 16:05:09.440,2021-05-07 16:05:11.420,0.021,3,3,0.99979687,1.1348552e-09,1.2524843e-06,0.00020198859,0.99979687
512,195,walking,2021-05-07 16:05:10.440,2021-05-07 16:05:12.420,0.021,3,3,0.9982368,1.0566671e-08,1.2668785e-05,0.0017505245,0.9982368
512,195,walking,2021-05-07 16:05:11.440,2021-05-07 16:05:13.420,0.021,3,3,0.99516535,7.684234e-09,1.3362994e-05,0.0048213038,0.99516535
512,195,walking,2021-05-07 16:05:12.440,2021-05-07 16:05:14.420,0.021,3,3,0.9959467,2.2982063e-09,1.7623623e-06,0.0040514665,0.9959467
512,195,walking,2021-05-07 16:05:13.440,2021-05-07 16:05:15.420,0.021,3,3,0.9993306,2.0947264e-09,1.6188559e-06,0.0006677533,0.9993306
512,195,walking,2021-05-07 16:05:14.440,2021-05-07 16:05:16.420,0.021,3,3,0.9983568,6.158796e-09,4.2534175e-06,0.0016390086,0.9983568
512,195,walking,2021-05-07 16:05:15.440,2021-05-07 16:05:17.420,0.021,3,3,0.999148,1.4209037e-09,1.9440288e-06,0.0008500261,0.999148
512,195,walking,2021-05-07 16:05:16.440,2021-05-07 16:05:18.420,0.021,3,3,0.99713933,1.6197015e-09,3.078986e-06,0.00285763,0.99713933
512,195,walking,2021-05-07 16:05:17.440,2021-05-07 16:05:19.420,0.021,3,3,0.99394876,3.4921765e-09,3.256587e-06,0.006047967,0.99394876
512,195,walking,2021-05-07 16:05:18.440,2021-05-07 16:05:20.420,0.021,3,3,0.99920195,1.3638821e-09,1.226372e-06,0.0007968341,0.99920195
512,195,walking,2021-05-07 16:05:19.440,2021-05-07 16:05:21.420,0.021,3,3,0.99891543,2.4125522e-09,1.7182911e-06,0.0010828971,0.99891543
512,195,walking,2021-05-07 16:05:20.440,2021-05-07 16:05:22.420,0.021,3,3,0.99878067,1.4578747e-09,1.4046362e-06,0.001217948,0.99878067
512,195,walking,2021-05-07 16:05:21.440,2021-05-07 16:05:23.420,0.021,3,3,0.99922913,1.4119251e-09,1.8825795e-06,0.00076898333,0.99922913
512,195,walking,2021-05-07 16:05:22.440,2021-05-07 16:05:24.420,0.021,3,3,0.9829261,2.0829228e-08,1.429934e-05,0.017059553,0.9829261
512,195,walking,2021-05-07 16:05:23.440,2021-05-07 16:05:25.420,0.021,3,3,0.98794705,1.5008924e-08,8.4482745e-06,0.012044483,0.98794705
512,195,walking,2021-05-07 16:05:24.440,2021-05-07 16:05:26.420,0.021,3,3,0.9936857,1.32363525e-08,8.658533e-06,0.0063055586,0.9936857
512,195,walking,2021-05-07 16:05:25.440,2021-05-07 16:05:27.420,0.021,3,3,0.9993171,6.5046607e-10,4.4679857e-07,0.0006824287,0.9993171
512,195,walking,2021-05-07 16:05:26.440,2021-05-07 16:05:28.420,0.021,3,3,0.99975073,3.4421446e-10,2.4867518e-07,0.00024899186,0.99975073
512,195,walking,2021-05-07 16:05:27.440,2021-05-07 16:05:29.420,0.021,3,3,0.9974209,1.9271156e-09,1.6526426e-06,0.0025774813,0.9974209
512,195,walking,2021-05-07 16:05:28.440,2021-05-07 16:05:30.420,0.021,3,3,0.99755085,7.909267e-09,1.36269655e-05,0.0024355268,0.99755085
512,195,walking,2021-05-07 16:05:29.440,2021-05-07 16:05:31.420,0.021,3,3,0.99620533,2.6523141e-08,3.657537e-05,0.003758089,0.99620533
512,195,walking,2021-05-07 16:05:30.440,2021-05-07 16:05:32.419,0.021,3,3,0.99870294,4.1406114e-09,3.3284475e-06,0.001293613,0.99870294
512,195,walking,2021-05-07 16:05:31.440,2021-05-07 16:05:33.419,0.021,3,3,0.9999195,4.0380876e-10,6.7738694e-07,7.9809986e-05,0.9999195
512,195,walking,2021-05-07 16:05:32.439,2021-05-07 16:05:34.419,0.021,3,3,0.9986139,1.4003552e-09,1.7147133e-06,0.0013844284,0.9986139
512,195,walking,2021-05-07 16:05:33.439,2021-05-07 16:05:35.419,0.021,3,3,0.995427,4.8840594e-09,2.6082262e-06,0.0045703496,0.995427
512,197,walking,2021-05-07 16:05:37.080,2021-05-07 16:05:39.060,0.021,3,3,0.9999843,1.5107057e-10,2.1531734e-07,1.5349638e-05,0.9999843
512,197,walking,2021-05-07 16:05:38.080,2021-05-07 16:05:40.060,0.021,3,3,0.99903107,1.9535644e-09,2.2397717e-06,0.00096672133,0.99903107
512,197,walking,2021-05-07 16:05:39.080,2021-05-07 16:05:41.060,0.021,3,3,0.99898237,2.7103597e-09,5.9223057e-06,0.0010118493,0.99898237
512,197,walking,2021-05-07 16:05:40.080,2021-05-07 16:05:42.060,0.021,3,3,0.9997945,7.746007e-10,1.3626683e-06,0.00020419725,0.9997945
512,197,walking,2021-05-07 16:05:41.080,2021-05-07 16:05:43.060,0.021,3,3,0.99954355,1.1258673e-09,1.6532434e-06,0.00045482954,0.99954355
512,197,walking,2021-05-07 16:05:42.080,2021-05-07 16:05:44.060,0.021,3,3,0.9987664,1.9826945e-09,3.6131078e-06,0.001229952,0.9987664
512,197,walking,2021-05-07 16:05:43.080,2021-05-07 16:05:45.060,0.021,3,3,0.9997417,1.187523e-09,2.8217607e-06,0.00025547465,0.9997417
512,197,walking,2021-05-07 16:05:44.080,2021-05-07 16:05:46.060,0.021,3,3,0.9995803,4.4537347e-09,2.3740844e-05,0.0003958153,0.9995803
512,197,walking,2021-05-07 16:05:45.080,2021-05-07 16:05:47.060,0.021,3,3,0.9987571,5.3478364e-09,9.968733e-06,0.0012328905,0.9987571
512,197,walking,2021-05-07 16:05:46.080,2021-05-07 16:05:48.060,0.021,3,3,0.9991805,2.6363482e-08,9.341388e-05,0.0007260508,0.9991805
512,197,walking,2021-05-07 16:05:47.080,2021-05-07 16:05:49.060,0.021,3,3,0.9992742,2.1283938e-08,7.4181175e-05,0.00065164897,0.9992742
512,197,walking,2021-05-07 16:05:48.080,2021-05-07 16:05:50.060,0.021,3,3,0.9997343,2.1730324e-09,6.5547883e-06,0.00025909205,0.9997343
512,197,walking,2021-05-07 16:05:49.080,2021-05-07 16:05:51.060,0.021,3,3,0.99978685,2.789907e-09,9.1247784e-05,0.00012199524,0.99978685
512,197,walking,2021-05-07 16:05:50.080,2021-05-07 16:05:52.060,0.021,3,3,0.9982632,7.744791e-09,2.2633165e-05,0.0017141906,0.9982632
512,197,walking,2021-05-07 16:05:51.080,2021-05-07 16:05:53.060,0.021,3,3,0.99779177,1.11487886e-07,0.0003094157,0.0018987525,0.99779177
512,197,walking,2021-05-07 16:05:52.080,2021-05-07 16:05:54.060,0.021,3,3,0.9988466,8.425119e-08,0.00020430698,0.000949053,0.9988466
512,197,walking,2021-05-07 16:05:53.080,2021-05-07 16:05:55.060,0.021,3,3,0.999751,9.510253e-10,2.9298294e-06,0.00024604602,0.999751
512,200,standing,2021-05-07 16:05:57.400,2021-05-07 16:05:59.380,0.021,2,2,0.9672439,1.2229999e-06,7.113885e-05,0.9672439,0.032683663
512,200,standing,2021-05-07 16:05:58.400,2021-05-07 16:06:00.380,0.021,2,2,0.97209984,2.4598146e-06,0.00014124867,0.97209984,0.02775653
512,201,walking,2021-05-07 16:06:00.400,2021-05-07 16:06:02.380,0.021,3,3,0.99995834,3.7545858e-10,1.4460402e-06,4.0133073e-05,0.99995834
512,201,walking,2021-05-07 16:06:01.400,2021-05-07 16:06:03.380,0.021,3,3,0.9999847,1.5223459e-10,1.4773684e-06,1.3812353e-05,0.9999847
512,201,walking,2021-05-07 16:06:02.400,2021-05-07 16:06:04.380,0.021,3,3,0.9998691,2.024943e-09,3.9811184e-06,0.00012700148,0.9998691
512,201,walking,2021-05-07 16:06:03.400,2021-05-07 16:06:05.380,0.021,3,3,0.98841447,9.259211e-08,8.387108e-05,0.011501466,0.98841447
512,201,walking,2021-05-07 16:06:04.400,2021-05-07 16:06:06.380,0.021,3,3,0.99279493,6.104302e-08,5.5431636e-05,0.007149589,0.99279493
512,201,walking,2021-05-07 16:06:05.400,2021-05-07 16:06:07.380,0.021,3,3,0.99265116,1.3606076e-08,7.5027224e-06,0.0073413015,0.99265116
512,201,walking,2021-05-07 16:06:06.400,2021-05-07 16:06:08.380,0.021,3,3,0.98454493,2.1124327e-08,1.084303e-05,0.015444187,0.98454493
512,201,walking,2021-05-07 16:06:07.400,2021-05-07 16:06:09.380,0.021,3,3,0.9871141,6.051144e-08,3.6833204e-05,0.012849053,0.9871141
512,201,walking,2021-05-07 16:06:08.399,2021-05-07 16:06:10.380,0.021,3,3,0.99159485,3.3188186e-08,4.596442e-05,0.008359101,0.99159485
512,201,walking,2021-05-07 16:06:09.399,2021-05-07 16:06:11.380,0.021,3,3,0.98748606,2.1970598e-08,9.955797e-06,0.012503928,0.98748606
512,201,walking,2021-05-07 16:06:10.399,2021-05-07 16:06:12.380,0.021,3,3,0.9919128,1.3166496e-08,7.867952e-06,0.0080792615,0.9919128
512,201,walking,2021-05-07 16:06:11.399,2021-05-07 16:06:13.380,0.021,3,3,0.99731255,4.192853e-09,3.7257298e-06,0.0026837464,0.99731255
512,201,walking,2021-05-07 16:06:12.399,2021-05-07 16:06:14.380,0.021,3,3,0.99471337,1.021058e-08,9.187043e-06,0.0052774088,0.99471337
512,201,walking,2021-05-07 16:06:13.399,2021-05-07 16:06:15.380,0.021,3,3,0.9712058,4.5695316e-08,2.5904907e-05,0.02876835,0.9712058
512,201,walking,2021-05-07 16:06:14.399,2021-05-07 16:06:16.380,0.021,3,3,0.9590834,9.0634636e-08,5.892107e-05,0.040857647,0.9590834
512,201,walking,2021-05-07 16:06:15.399,2021-05-07 16:06:17.380,0.021,3,3,0.98177433,8.1821725e-08,0.00018713373,0.018038435,0.98177433
512,201,walking,2021-05-07 16:06:16.399,2021-05-07 16:06:18.380,0.021,3,3,0.9898213,7.640554e-08,0.00011078898,0.0100678215,0.9898213
512,201,walking,2021-05-07 16:06:17.399,2021-05-07 16:06:19.380,0.021,3,3,0.98795086,2.3393858e-08,1.4746692e-05,0.012034517,0.98795086
512,201,walking,2021-05-07 16:06:18.399,2021-05-07 16:06:20.380,0.021,3,3,0.9848778,2.1888672e-08,1.4292783e-05,0.0151079055,0.9848778
512,201,walking,2021-05-07 16:06:19.399,2021-05-07 16:06:21.380,0.021,3,3,0.997161,1.0305895e-08,8.473135e-06,0.0028304737,0.997161
512,201,walking,2021-05-07 16:06:20.399,2021-05-07 16:06:22.380,0.021,3,3,0.9978338,1.7100518e-08,1.3799137e-05,0.0021524194,0.9978338
512,201,walking,2021-05-07 16:06:21.399,2021-05-07 16:06:23.380,0.021,3,3,0.99921244,3.4861285e-09,4.2386027e-06,0.0007831853,0.99921244
512,201,walking,2021-05-07 16:06:22.399,2021-05-07 16:06:24.380,0.021,3,3,0.9997711,3.975712e-10,8.0392476e-07,0.00022807597,0.9997711
512,201,walking,2021-05-07 16:06:23.399,2021-05-07 16:06:25.380,0.021,3,3,0.99894196,4.2560786e-09,3.933305e-06,0.0010540837,0.99894196
512,201,walking,2021-05-07 16:06:24.399,2021-05-07 16:06:26.380,0.021,3,3,0.999927,8.038093e-11,5.82282e-08,7.2834875e-05,0.999927
512,201,walking,2021-05-07 16:06:25.399,2021-05-07 16:06:27.380,0.021,3,3,0.99990195,1.502524e-10,4.9223363e-08,9.796021e-05,0.99990195
512,201,walking,2021-05-07 16:06:26.399,2021-05-07 16:06:28.380,0.021,3,3,0.9984001,4.9398086e-09,3.6252652e-06,0.0015961989,0.9984001
512,201,walking,2021-05-07 16:06:27.399,2021-05-07 16:06:29.380,0.021,3,3,0.9988067,3.7162133e-09,4.078441e-06,0.001189164,0.9988067
512,201,walking,2021-05-07 16:06:28.399,2021-05-07 16:06:30.380,0.021,3,3,0.99876595,3.0191956e-09,2.747933e-06,0.0012313703,0.99876595
512,201,walking,2021-05-07 16:06:29.399,2021-05-07 16:06:31.380,0.021,3,3,0.9911888,1.4064004e-08,8.009093e-06,0.008803091,0.9911888
512,201,walking,2021-05-07 16:06:30.399,2021-05-07 16:06:32.380,0.021,3,3,0.9988824,3.569581e-09,2.56447e-06,0.0011149843,0.9988824
512,201,walking,2021-05-07 16:06:31.399,2021-05-07 16:06:33.380,0.021,3,3,0.99917054,1.4774153e-09,1.9772333e-06,0.000827555,0.99917054
512,201,walking,2021-05-07 16:06:32.400,2021-05-07 16:06:34.380,0.021,3,3,0.99677366,2.3874882e-09,1.7706293e-06,0.0032245992,0.99677366
512,201,walking,2021-05-07 16:06:33.400,2021-05-07 16:06:35.380,0.021,3,3,0.9997816,3.8801976e-10,3.2723457e-07,0.00021797995,0.9997816
512,201,walking,2021-05-07 16:06:34.400,2021-05-07 16:06:36.380,0.021,3,3,0.99970746,2.7122532e-10,4.4367832e-07,0.00029205825,0.99970746
512,201,walking,2021-05-07 16:06:35.400,2021-05-07 16:06:37.380,0.021,3,3,0.99797213,2.0224356e-09,1.314922e-06,0.0020265349,0.99797213
512,201,walking,2021-05-07 16:06:36.400,2021-05-07 16:06:38.380,0.021,3,3,0.99931806,2.1696225e-09,1.7677395e-06,0.00068008463,0.99931806
512,201,walking,2021-05-07 16:06:37.400,2021-05-07 16:06:39.380,0.021,3,3,0.99975705,6.402774e-10,1.0315113e-06,0.00024187741,0.99975705
512,201,walking,2021-05-07 16:06:38.400,2021-05-07 16:06:40.380,0.021,3,3,0.9997498,3.189173e-10,4.088079e-07,0.00024976121,0.9997498
512,201,walking,2021-05-07 16:06:39.400,2021-05-07 16:06:41.380,0.021,3,3,0.9987649,2.6068747e-09,2.442028e-06,0.0012326508,0.9987649
512,201,walking,2021-05-07 16:06:40.400,2021-05-07 16:06:42.380,0.021,3,3,0.9918078,3.146366e-08,1.6343436e-05,0.008175897,0.9918078
512,201,walking,2021-05-07 16:06:41.400,2021-05-07 16:06:43.380,0.021,3,3,0.9992743,1.5359303e-09,1.4127428e-06,0.0007242731,0.9992743
512,201,walking,2021-05-07 16:06:42.400,2021-05-07 16:06:44.380,0.021,3,3,0.99948233,1.4946697e-09,1.4106697e-06,0.00051618146,0.99948233
512,201,walking,2021-05-07 16:06:43.400,2021-05-07 16:06:45.380,0.021,3,3,0.9962076,6.851817e-09,5.401222e-06,0.003787009,0.9962076
512,201,walking,2021-05-07 16:06:44.400,2021-05-07 16:06:46.380,0.021,3,3,0.9992134,2.3280564e-09,2.3323823e-06,0.0007842448,0.9992134
512,201,walking,2021-05-07 16:06:45.400,2021-05-07 16:06:47.380,0.021,3,3,0.9992332,1.2053413e-09,3.0438798e-06,0.00076376734,0.9992332
512,201,walking,2021-05-07 16:06:46.400,2021-05-07 16:06:48.380,0.021,3,3,0.99773765,2.6846363e-09,2.720717e-06,0.002259568,0.99773765
512,201,walking,2021-05-07 16:06:47.400,2021-05-07 16:06:49.380,0.021,3,3,0.9963626,6.5177983e-09,6.214256e-06,0.0036311597,0.9963626
512,201,walking,2021-05-07 16:06:48.400,2021-05-07 16:06:50.380,0.021,3,3,0.99715775,6.40692e-09,1.1492235e-05,0.002830666,0.99715775
512,201,walking,2021-05-07 16:06:49.400,2021-05-07 16:06:51.380,0.021,3,3,0.99889505,1.3780521e-09,1.1765908e-06,0.0011037812,0.99889505
512,201,walking,2021-05-07 16:06:50.400,2021-05-07 16:06:52.380,0.021,3,3,0.9990578,1.7592486e-09,2.3696061e-06,0.00093980646,0.9990578
512,201,walking,2021-05-07 16:06:51.400,2021-05-07 16:06:53.380,0.021,3,3,0.9986047,4.128053e-09,5.5592245e-06,0.0013897711,0.9986047
512,201,walking,2021-05-07 16:06:52.400,2021-05-07 16:06:54.380,0.021,3,3,0.9948902,3.563307e-08,3.75234e-05,0.005072227,0.9948902
512,201,walking,2021-05-07 16:06:53.400,2021-05-07 16:06:55.380,0.021,3,3,0.99841154,9.102385e-09,2.0079904e-05,0.0015683679,0.99841154
512,201,walking,2021-05-07 16:06:54.400,2021-05-07 16:06:56.380,0.021,3,3,0.9987819,1.8828759e-09,1.8413608e-06,0.0012162125,0.9987819
512,201,walking,2021-05-07 16:06:55.400,2021-05-07 16:06:57.380,0.021,3,3,0.996229,6.2880994e-09,5.5285195e-06,0.003765477,0.996229
512,201,walking,2021-05-07 16:06:56.400,2021-05-07 16:06:58.380,0.021,3,3,0.9992515,4.556844e-09,6.4212336e-06,0.000742021,0.9992515
512,201,walking,2021-05-07 16:06:57.400,2021-05-07 16:06:59.380,0.021,3,3,0.9998226,5.406551e-10,8.421918e-07,0.0001764673,0.9998226
512,201,walking,2021-05-07 16:06:58.400,2021-05-07 16:07:00.380,0.021,3,3,0.9993433,1.8043093e-09,2.1297678e-06,0.0006545779,0.9993433
512,201,walking,2021-05-07 16:06:59.400,2021-05-07 16:07:01.380,0.021,3,3,0.99562496,7.726061e-09,1.2135013e-05,0.0043629385,0.99562496
512,201,walking,2021-05-07 16:07:00.400,2021-05-07 16:07:02.380,0.021,3,3,0.99892247,1.4738712e-09,1.8918251e-06,0.0010756145,0.99892247
512,201,walking,2021-05-07 16:07:01.400,2021-05-07 16:07:03.380,0.021,3,3,0.99897236,5.8091087e-09,4.667944e-06,0.0010228753,0.99897236
512,201,walking,2021-05-07 16:07:02.400,2021-05-07 16:07:04.380,0.021,3,3,0.9994628,1.0673202e-09,1.6115387e-06,0.00053562195,0.9994628
512,201,walking,2021-05-07 16:07:03.400,2021-05-07 16:07:05.380,0.021,3,3,0.9993615,7.686458e-10,7.858445e-07,0.0006376786,0.9993615
512,201,walking,2021-05-07 16:07:04.400,2021-05-07 16:07:06.380,0.021,3,3,0.997864,5.1875437e-09,3.9154856e-06,0.00213202,0.997864
512,201,walking,2021-05-07 16:07:05.400,2021-05-07 16:07:07.380,0.021,3,3,0.999499,3.0021388e-09,5.696279e-06,0.00049525686,0.999499
512,201,walking,2021-05-07 16:07:06.400,2021-05-07 16:07:08.380,0.021,3,3,0.9993583,1.6366368e-09,4.762073e-06,0.0006368864,0.9993583
512,201,walking,2021-05-07 16:07:07.400,2021-05-07 16:07:09.380,0.021,3,3,0.99995583,1.6547265e-10,5.7543394e-07,4.3506014e-05,0.99995583
512,201,walking,2021-05-07 16:07:08.399,2021-05-07 16:07:10.380,0.021,3,3,0.9998741,1.7436345e-10,8.6608736e-07,0.00012506856,0.9998741
512,201,walking,2021-05-07 16:07:09.399,2021-05-07 16:07:11.380,0.021,3,3,0.99780977,3.3289083e-09,3.626838e-06,0.0021866148,0.99780977
512,201,walking,2021-05-07 16:07:10.399,2021-05-07 16:07:12.380,0.021,3,3,0.99456704,2.0276318e-08,2.7524467e-05,0.005405467,0.99456704
512,201,walking,2021-05-07 16:07:11.399,2021-05-07 16:07:13.380,0.021,3,3,0.9842356,3.5625046e-08,7.215036e-05,0.015692245,0.9842356
512,201,walking,2021-05-07 16:07:12.399,2021-05-07 16:07:14.380,0.021,3,3,0.99839985,6.7925137e-09,1.0328402e-05,0.0015897966,0.99839985
512,201,walking,2021-05-07 16:07:13.399,2021-05-07 16:07:15.380,0.021,3,3,0.99884623,5.5624274e-09,9.150202e-06,0.001144632,0.99884623
512,201,walking,2021-05-07 16:07:14.399,2021-05-07 16:07:16.380,0.021,3,3,0.99895066,4.4632733e-09,3.885835e-06,0.0010455268,0.99895066
512,201,walking,2021-05-07 16:07:15.399,2021-05-07 16:07:17.380,0.021,3,3,0.99955034,3.2971788e-09,3.26104e-06,0.0004464252,0.99955034
512,201,walking,2021-05-07 16:07:16.399,2021-05-07 16:07:18.380,0.021,3,3,0.99792504,4.7622293e-09,4.943303e-06,0.0020700225,0.99792504
512,201,walking,2021-05-07 16:07:17.399,2021-05-07 16:07:19.380,0.021,3,3,0.9980273,1.9162403e-08,2.0379559e-05,0.0019523464,0.9980273
512,201,walking,2021-05-07 16:07:18.399,2021-05-07 16:07:20.380,0.021,3,3,0.9987936,2.4570044e-08,2.7116757e-05,0.0011791751,0.9987936
512,201,walking,2021-05-07 16:07:19.399,2021-05-07 16:07:21.380,0.021,3,3,0.99936163,1.8144508e-09,1.644714e-06,0.00063670514,0.99936163
512,201,walking,2021-05-07 16:07:20.399,2021-05-07 16:07:22.380,0.021,3,3,0.99999124,1.3702856e-10,2.7247214e-07,8.427088e-06,0.99999124
512,201,walking,2021-05-07 16:07:21.399,2021-05-07 16:07:23.380,0.021,3,3,0.99990433,1.250763e-09,2.160813e-06,9.343431e-05,0.99990433
512,201,walking,2021-05-07 16:07:22.399,2021-05-07 16:07:24.380,0.021,3,3,0.9996943,7.9027984e-10,1.0984477e-06,0.00030452467,0.9996943
512,201,walking,2021-05-07 16:07:23.399,2021-05-07 16:07:25.380,0.021,3,3,0.99994093,2.370617e-10,4.5928385e-07,5.8492027e-05,0.99994093
512,203,walking,2021-05-07 16:07:27.200,2021-05-07 16:07:29.180,0.021,3,3,0.99981666,7.484933e-10,6.3786155e-07,0.00018268463,0.99981666
512,203,walking,2021-05-07 16:07:28.200,2021-05-07 16:07:30.180,0.021,3,3,0.9991653,3.250633e-09,1.8648268e-06,0.00083284616,0.9991653
512,203,walking,2021-05-07 16:07:29.200,2021-05-07 16:07:31.180,0.021,3,3,0.99962753,5.1987314e-10,9.909556e-07,0.0003715627,0.99962753
512,206,standing,2021-05-07 16:07:32.639,2021-05-07 16:07:34.619,0.021,2,2,0.962661,8.867547e-06,0.00025474463,0.962661,0.037075423
512,206,standing,2021-05-07 16:07:33.639,2021-05-07 16:07:35.619,0.021,2,2,0.9442713,1.0702e-05,0.0003160502,0.9442713,0.05540195
512,206,standing,2021-05-07 16:07:34.639,2021-05-07 16:07:36.619,0.021,2,2,0.95094913,1.34201455e-05,0.0003994526,0.95094913,0.04863796
512,206,standing,2021-05-07 16:07:35.639,2021-05-07 16:07:37.619,0.021,2,2,0.97985244,1.0904861e-05,0.000325512,0.97985244,0.019811092
512,206,standing,2021-05-07 16:07:36.639,2021-05-07 16:07:38.619,0.021,2,2,0.9700027,1.2655943e-05,0.000406439,0.9700027,0.029578233
512,206,standing,2021-05-07 16:07:37.639,2021-05-07 16:07:39.619,0.021,2,2,0.93792236,2.1356642e-05,0.00065262703,0.93792236,0.061403688
512,206,standing,2021-05-07 16:07:38.639,2021-05-07 16:07:40.619,0.021,2,2,0.94453144,2.197921e-05,0.000662801,0.94453144,0.054783754
512,206,standing,2021-05-07 16:07:39.639,2021-05-07 16:07:41.619,0.021,2,2,0.9740617,1.4679563e-05,0.0004245832,0.9740617,0.025498936
512,206,standing,2021-05-07 16:07:40.639,2021-05-07 16:07:42.619,0.021,2,2,0.9821525,1.2496769e-05,0.00036898308,0.9821525,0.017465968
512,210,standing,2021-05-07 16:07:48.240,2021-05-07 16:07:50.220,0.021,2,2,0.9583767,2.8335502e-05,0.00036114574,0.9583767,0.041233845
512,210,standing,2021-05-07 16:07:49.240,2021-05-07 16:07:51.220,0.021,2,2,0.97376066,3.276192e-05,0.00029754848,0.97376066,0.025908949
512,210,standing,2021-05-07 16:07:50.240,2021-05-07 16:07:52.220,0.021,2,2,0.9451989,6.697045e-05,0.00058855,0.9451989,0.054145604
512,210,standing,2021-05-07 16:07:51.240,2021-05-07 16:07:53.220,0.021,2,2,0.9319528,7.8372905e-05,0.00075602107,0.9319528,0.067212805
512,210,standing,2021-05-07 16:07:52.240,2021-05-07 16:07:54.220,0.021,2,2,0.95899767,5.2019004e-05,0.0004824091,0.95899767,0.040467825
512,210,standing,2021-05-07 16:07:53.240,2021-05-07 16:07:55.220,0.021,2,2,0.97815454,1.7998727e-05,0.00022308843,0.97815454,0.021604396
512,210,standing,2021-05-07 16:07:54.240,2021-05-07 16:07:56.220,0.021,2,2,0.992494,4.164651e-06,6.232299e-05,0.992494,0.0074394606
512,210,standing,2021-05-07 16:07:55.240,2021-05-07 16:07:57.220,0.021,2,2,0.9945071,3.748887e-06,4.5095385e-05,0.9945071,0.005444078
512,210,standing,2021-05-07 16:07:56.240,2021-05-07 16:07:58.220,0.021,2,2,0.96437985,2.0043823e-05,0.00024127447,0.96437985,0.03535882
512,210,standing,2021-05-07 16:07:57.240,2021-05-07 16:07:59.220,0.021,2,2,0.91351324,2.6637053e-05,0.00026272435,0.91351324,0.08619741
512,210,standing,2021-05-07 16:07:58.240,2021-05-07 16:08:00.220,0.021,2,2,0.9144424,3.6699057e-05,0.0003356353,0.9144424,0.08518518
512,210,standing,2021-05-07 16:07:59.240,2021-05-07 16:08:01.220,0.021,2,2,0.91861635,8.3157705e-05,0.00054998207,0.91861635,0.08075047
512,210,standing,2021-05-07 16:08:00.240,2021-05-07 16:08:02.220,0.021,2,2,0.9380865,7.783791e-05,0.00047825938,0.9380865,0.06135739
512,210,standing,2021-05-07 16:08:01.240,2021-05-07 16:08:03.220,0.021,2,2,0.91893995,6.62082e-05,0.0004772476,0.91893995,0.08051652
512,210,standing,2021-05-07 16:08:02.240,2021-05-07 16:08:04.220,0.021,2,2,0.8829753,7.3652314e-05,0.0005256638,0.8829753,0.1164254
512,212,standing,2021-05-07 16:08:06.680,2021-05-07 16:08:08.659,0.021,2,2,0.9755908,1.2972531e-05,0.000182682,0.9755908,0.024213554
512,212,standing,2021-05-07 16:08:07.680,2021-05-07 16:08:09.659,0.021,2,2,0.9687831,2.9921532e-05,0.00030506693,0.9687831,0.030881865
512,212,standing,2021-05-07 16:08:08.680,2021-05-07 16:08:10.659,0.021,2,2,0.96486926,2.9635732e-05,0.0003640826,0.96486926,0.034737088
512,212,standing,2021-05-07 16:08:09.680,2021-05-07 16:08:11.659,0.021,2,2,0.9804823,1.8408524e-05,0.00024008476,0.9804823,0.019259045
512,212,standing,2021-05-07 16:08:10.680,2021-05-07 16:08:12.659,0.021,2,2,0.9914135,9.493604e-06,0.00013875014,0.9914135,0.008438385
512,212,standing,2021-05-07 16:08:11.680,2021-05-07 16:08:13.659,0.021,2,2,0.9956667,4.9973455e-06,8.686214e-05,0.9956667,0.004241338
512,212,standing,2021-05-07 16:08:12.680,2021-05-07 16:08:14.659,0.021,2,2,0.9934736,6.7761766e-06,0.00012655466,0.9934736,0.0063930126
512,212,standing,2021-05-07 16:08:13.680,2021-05-07 16:08:15.659,0.021,2,2,0.9900745,6.942748e-06,0.00016316937,0.9900745,0.009755464
512,215,walking,2021-05-07 16:08:16.760,2021-05-07 16:08:18.739,0.021,3,3,0.9988554,5.810803e-08,6.6371744e-05,0.0010782402,0.9988554
512,215,walking,2021-05-07 16:08:17.760,2021-05-07 16:08:19.739,0.021,3,3,0.9962924,7.321512e-08,0.00017028817,0.003537211,0.9962924
512,215,walking,2021-05-07 16:08:18.760,2021-05-07 16:08:20.739,0.021,3,3,0.9998455,1.1831814e-08,3.1666463e-05,0.00012277496,0.9998455
512,215,walking,2021-05-07 16:08:19.760,2021-05-07 16:08:21.739,0.021,3,3,0.52874,2.6383975e-06,0.00062288047,0.4706345,0.52874
512,215,walking,2021-05-07 16:08:20.760,2021-05-07 16:08:22.739,0.021,3,3,0.99771184,1.2111357e-08,1.340354e-05,0.002274648,0.99771184
512,215,walking,2021-05-07 16:08:21.760,2021-05-07 16:08:23.739,0.021,3,3,0.9992874,3.9681405e-09,3.351654e-06,0.0007092434,0.9992874
512,215,walking,2021-05-07 16:08:22.760,2021-05-07 16:08:24.739,0.021,3,3,0.9965975,7.792718e-09,5.4802877e-06,0.0033969567,0.9965975
512,215,walking,2021-05-07 16:08:23.760,2021-05-07 16:08:25.739,0.021,3,3,0.99798393,9.193085e-09,7.789562e-06,0.0020082009,0.99798393
512,215,walking,2021-05-07 16:08:24.760,2021-05-07 16:08:26.739,0.021,3,3,0.9988393,1.2780318e-08,1.133908e-05,0.0011493094,0.9988393
512,215,walking,2021-05-07 16:08:25.760,2021-05-07 16:08:27.739,0.021,3,3,0.99881566,2.704331e-09,1.4489129e-06,0.0011829241,0.99881566
512,215,walking,2021-05-07 16:08:26.760,2021-05-07 16:08:28.739,0.021,3,3,0.99949497,9.959851e-10,6.0954085e-07,0.00050438324,0.99949497
512,215,walking,2021-05-07 16:08:27.760,2021-05-07 16:08:29.739,0.021,3,3,0.99783784,5.86443e-09,4.2306488e-06,0.0021579117,0.99783784
512,215,walking,2021-05-07 16:08:28.760,2021-05-07 16:08:30.739,0.021,3,3,0.99948376,1.0335888e-09,1.4084807e-06,0.00051483297,0.99948376
512,215,walking,2021-05-07 16:08:29.760,2021-05-07 16:08:31.739,0.021,3,3,0.99974203,1.2808953e-09,3.1163063e-06,0.00025473707,0.99974203
512,215,walking,2021-05-07 16:08:30.760,2021-05-07 16:08:32.740,0.021,3,3,0.9941598,3.6757594e-08,3.584235e-05,0.0058042994,0.9941598
512,215,walking,2021-05-07 16:08:31.760,2021-05-07 16:08:33.740,0.021,3,3,0.9901914,5.237067e-08,4.2393454e-05,0.009766116,0.9901914
512,215,walking,2021-05-07 16:08:32.759,2021-05-07 16:08:34.740,0.021,3,3,0.96324843,5.5298788e-08,3.8298418e-05,0.036713243,0.96324843
512,215,walking,2021-05-07 16:08:33.759,2021-05-07 16:08:35.740,0.021,3,3,0.99670035,5.7720126e-09,3.1271786e-06,0.0032964577,0.99670035
512,215,walking,2021-05-07 16:08:34.759,2021-05-07 16:08:36.740,0.021,3,3,0.99823546,5.0228226e-09,4.324124e-06,0.0017601545,0.99823546
512,215,walking,2021-05-07 16:08:35.759,2021-05-07 16:08:37.740,0.021,3,3,0.99904794,3.6079872e-09,3.5194191e-06,0.0009484724,0.99904794
512,215,walking,2021-05-07 16:08:36.759,2021-05-07 16:08:38.740,0.021,3,3,0.99968714,1.3228747e-09,1.1127125e-06,0.00031170866,0.99968714
512,215,walking,2021-05-07 16:08:37.759,2021-05-07 16:08:39.740,0.021,3,3,0.997657,2.0058717e-09,2.1380058e-06,0.002340957,0.997657
512,215,walking,2021-05-07 16:08:38.759,2021-05-07 16:08:40.740,0.021,3,3,0.998519,3.4109238e-09,3.076608e-06,0.0014777876,0.998519
512,215,walking,2021-05-07 16:08:39.759,2021-05-07 16:08:41.740,0.021,3,3,0.9997324,1.3014659e-09,2.3573957e-06,0.00026519428,0.9997324
512,215,walking,2021-05-07 16:08:40.759,2021-05-07 16:08:42.740,0.021,3,3,0.99886316,1.5261279e-09,9.883572e-07,0.0011357495,0.99886316
512,215,walking,2021-05-07 16:08:41.759,2021-05-07 16:08:43.740,0.021,3,3,0.9968574,6.845571e-09,4.725341e-06,0.0031377084,0.9968574
512,215,walking,2021-05-07 16:08:42.759,2021-05-07 16:08:44.740,0.021,3,3,0.9924546,9.750832e-09,1.4378584e-05,0.007530992,0.9924546
512,215,walking,2021-05-07 16:08:43.759,2021-05-07 16:08:45.740,0.021,3,3,0.99900365,3.6947917e-10,3.845031e-07,0.0009958821,0.99900365
512,215,walking,2021-05-07 16:08:44.759,2021-05-07 16:08:46.740,0.021,3,3,0.99961656,4.3996543e-10,6.348685e-07,0.00038266118,0.99961656
512,215,walking,2021-05-07 16:08:45.759,2021-05-07 16:08:47.740,0.021,3,3,0.9981848,2.9737417e-09,4.5007264e-06,0.0018107597,0.9981848
512,215,walking,2021-05-07 16:08:46.759,2021-05-07 16:08:48.740,0.021,3,3,0.9972586,4.899864e-09,3.2521114e-06,0.0027381412,0.9972586
512,215,walking,2021-05-07 16:08:47.759,2021-05-07 16:08:49.740,0.021,3,3,0.9984858,2.1807007e-09,1.0698558e-06,0.0015131392,0.9984858
512,215,walking,2021-05-07 16:08:48.759,2021-05-07 16:08:50.740,0.021,3,3,0.9976922,5.681946e-09,2.401666e-06,0.0023054446,0.9976922
512,215,walking,2021-05-07 16:08:49.759,2021-05-07 16:08:51.740,0.021,3,3,0.99978256,9.314478e-10,7.776206e-07,0.00021670562,0.99978256
512,215,walking,2021-05-07 16:08:50.759,2021-05-07 16:08:52.740,0.021,3,3,0.99987507,2.5234678e-10,4.7592965e-07,0.00012458012,0.99987507
512,215,walking,2021-05-07 16:08:51.759,2021-05-07 16:08:53.740,0.021,3,3,0.99918085,1.1505121e-09,1.061392e-06,0.00081802084,0.99918085
512,215,walking,2021-05-07 16:08:52.759,2021-05-07 16:08:54.740,0.021,3,3,0.9966503,5.8859526e-09,4.0212676e-06,0.0033455885,0.9966503
512,215,walking,2021-05-07 16:08:53.759,2021-05-07 16:08:55.740,0.021,3,3,0.9981179,8.054748e-09,5.0601566e-06,0.0018770362,0.9981179
512,215,walking,2021-05-07 16:08:54.759,2021-05-07 16:08:56.740,0.021,3,3,0.9997258,1.4344019e-09,1.0398031e-06,0.00027311165,0.9997258
512,215,walking,2021-05-07 16:08:55.759,2021-05-07 16:08:57.740,0.021,3,3,0.99994785,9.6392734e-11,8.272139e-08,5.1969007e-05,0.99994785
512,215,walking,2021-05-07 16:08:56.759,2021-05-07 16:08:58.740,0.021,3,3,0.99915326,1.042772e-09,7.5165195e-07,0.00084602,0.99915326
512,215,walking,2021-05-07 16:08:57.759,2021-05-07 16:08:59.740,0.021,3,3,0.9951213,1.1833391e-08,1.1124966e-05,0.0048675616,0.9951213
512,215,walking,2021-05-07 16:08:58.759,2021-05-07 16:09:00.740,0.021,3,3,0.9983838,1.3573575e-08,8.449618e-05,0.0015317575,0.9983838
512,215,walking,2021-05-07 16:08:59.759,2021-05-07 16:09:01.740,0.021,3,3,0.9996237,5.505364e-10,1.3229845e-06,0.00037499244,0.9996237
512,215,walking,2021-05-07 16:09:00.760,2021-05-07 16:09:02.740,0.021,3,3,0.999306,1.015317e-09,1.3308236e-06,0.00069271075,0.999306
512,215,walking,2021-05-07 16:09:01.760,2021-05-07 16:09:03.740,0.021,3,3,0.9996268,2.4313024e-10,1.0347226e-06,0.00037210056,0.9996268
512,215,walking,2021-05-07 16:09:02.760,2021-05-07 16:09:04.739,0.021,3,3,0.99404556,7.616073e-09,6.1029227e-06,0.005948402,0.99404556
512,215,walking,2021-05-07 16:09:03.760,2021-05-07 16:09:05.739,0.021,3,3,0.9988841,5.601927e-09,2.832227e-06,0.0011130298,0.9988841
512,215,walking,2021-05-07 16:09:04.760,2021-05-07 16:09:06.739,0.021,3,3,0.9995925,1.296255e-09,2.1237793e-06,0.0004053016,0.9995925
512,215,walking,2021-05-07 16:09:05.760,2021-05-07 16:09:07.739,0.021,3,3,0.9989201,2.3669564e-09,2.0312868e-06,0.0010779626,0.9989201
512,215,walking,2021-05-07 16:09:06.760,2021-05-07 16:09:08.739,0.021,3,3,0.99868935,5.160262e-09,4.6285e-06,0.0013060385,0.99868935
512,215,walking,2021-05-07 16:09:07.760,2021-05-07 16:09:09.739,0.021,3,3,0.9962923,1.6815966e-08,2.41458e-05,0.003683463,0.9962923
512,215,walking,2021-05-07 16:09:08.760,2021-05-07 16:09:10.739,0.021,3,3,0.99942255,1.0127025e-09,7.607926e-07,0.0005766715,0.99942255
512,215,walking,2021-05-07 16:09:09.760,2021-05-07 16:09:11.739,0.021,3,3,0.9985295,1.4540927e-09,1.3431518e-06,0.001469094,0.9985295
512,215,walking,2021-05-07 16:09:10.760,2021-05-07 16:09:12.739,0.021,3,3,0.99287283,1.1847236e-08,8.607044e-06,0.007118563,0.99287283
512,215,walking,2021-05-07 16:09:11.760,2021-05-07 16:09:13.739,0.021,3,3,0.99818724,3.7820267e-09,2.6739046e-06,0.0018100424,0.99818724
512,215,walking,2021-05-07 16:09:12.760,2021-05-07 16:09:14.739,0.021,3,3,0.9997599,6.003325e-10,7.509387e-07,0.00023934894,0.9997599
512,215,walking,2021-05-07 16:09:13.760,2021-05-07 16:09:15.739,0.021,3,3,0.995216,1.5221959e-08,9.489332e-06,0.004774529,0.995216
512,215,walking,2021-05-07 16:09:14.760,2021-05-07 16:09:16.739,0.021,3,3,0.9987791,4.54595e-09,4.151744e-06,0.0012167689,0.9987791
512,215,walking,2021-05-07 16:09:15.760,2021-05-07 16:09:17.739,0.021,3,3,0.9999123,2.0074932e-10,3.63063e-07,8.72698e-05,0.9999123
512,215,walking,2021-05-07 16:09:16.760,2021-05-07 16:09:18.739,0.021,3,3,0.9994043,9.492604e-10,7.8800804e-07,0.0005949375,0.9994043
512,215,walking,2021-05-07 16:09:17.760,2021-05-07 16:09:19.739,0.021,3,3,0.99331206,1.15288845e-08,1.0466426e-05,0.006677449,0.99331206
512,215,walking,2021-05-07 16:09:18.760,2021-05-07 16:09:20.739,0.021,3,3,0.9961569,1.7991612e-08,1.343467e-05,0.0038297297,0.9961569
512,215,walking,2021-05-07 16:09:19.760,2021-05-07 16:09:21.739,0.021,3,3,0.9997792,1.7212003e-09,2.2869572e-06,0.00021858561,0.9997792
512,215,walking,2021-05-07 16:09:20.760,2021-05-07 16:09:22.739,0.021,3,3,0.9997431,2.7800842e-10,4.1096916e-07,0.0002563627,0.9997431
512,215,walking,2021-05-07 16:09:21.760,2021-05-07 16:09:23.739,0.021,3,3,0.9988924,1.1437113e-09,9.3322205e-07,0.0011065997,0.9988924
512,215,walking,2021-05-07 16:09:22.760,2021-05-07 16:09:24.739,0.021,3,3,0.99908024,7.759472e-09,9.1390875e-06,0.0009106337,0.99908024
512,215,walking,2021-05-07 16:09:23.760,2021-05-07 16:09:25.739,0.021,3,3,0.99936974,1.1850638e-08,1.7349324e-05,0.0006128222,0.99936974
512,215,walking,2021-05-07 16:09:24.760,2021-05-07 16:09:26.739,0.021,3,3,0.9997071,4.344382e-09,6.159154e-06,0.0002865915,0.9997071
512,215,walking,2021-05-07 16:09:25.760,2021-05-07 16:09:27.739,0.021,3,3,0.9998911,4.1446654e-10,5.602695e-07,0.00010830264,0.9998911
512,215,walking,2021-05-07 16:09:26.760,2021-05-07 16:09:28.739,0.021,3,3,0.99962777,1.3381694e-09,1.4495961e-06,0.00037086592,0.99962777
512,215,walking,2021-05-07 16:09:27.760,2021-05-07 16:09:29.739,0.021,3,3,0.9998181,3.430899e-10,5.4702963e-07,0.00018147095,0.9998181
512,215,walking,2021-05-07 16:09:28.760,2021-05-07 16:09:30.739,0.021,3,3,0.99897474,1.2270236e-09,7.4125927e-07,0.0010244759,0.99897474
512,215,walking,2021-05-07 16:09:29.760,2021-05-07 16:09:31.739,0.021,3,3,0.99613506,9.382126e-09,3.982758e-06,0.0038608916,0.99613506
512,215,walking,2021-05-07 16:09:30.760,2021-05-07 16:09:32.740,0.021,3,3,0.99938357,4.127736e-09,2.9094772e-06,0.00061350665,0.99938357
512,215,walking,2021-05-07 16:09:31.760,2021-05-07 16:09:33.740,0.021,3,3,0.9996368,1.032104e-09,1.1608104e-06,0.00036207345,0.9996368
512,215,walking,2021-05-07 16:09:32.759,2021-05-07 16:09:34.740,0.021,3,3,0.99227077,1.232303e-08,3.9333827e-06,0.0077253547,0.99227077
512,217,standing,2021-05-07 16:09:36.240,2021-05-07 16:09:38.220,0.021,2,2,0.99566007,2.552746e-07,3.14532e-05,0.99566007,0.004308148
512,217,standing,2021-05-07 16:09:37.240,2021-05-07 16:09:39.220,0.021,2,2,0.9935644,2.3350487e-06,9.309848e-05,0.9935644,0.0063400343
512,219,standing,2021-05-07 16:09:42.080,2021-05-07 16:09:44.060,0.021,2,2,0.9821261,1.4193019e-05,0.00020603342,0.9821261,0.017653605
512,219,standing,2021-05-07 16:09:43.080,2021-05-07 16:09:45.060,0.021,2,2,0.98833656,1.0081925e-05,0.00014946908,0.98833656,0.011503889
512,219,standing,2021-05-07 16:09:44.080,2021-05-07 16:09:46.060,0.021,2,2,0.9931757,5.555842e-06,9.4346455e-05,0.9931757,0.0067244354
512,219,standing,2021-05-07 16:09:45.080,2021-05-07 16:09:47.060,0.021,2,2,0.9940138,3.9300917e-06,7.776074e-05,0.9940138,0.0059044925
512,219,standing,2021-05-07 16:09:46.080,2021-05-07 16:09:48.060,0.021,2,2,0.99635607,2.2420468e-06,5.1074516e-05,0.99635607,0.0035905538
512,219,standing,2021-05-07 16:09:47.080,2021-05-07 16:09:49.060,0.021,2,2,0.9969682,2.659966e-06,4.409689e-05,0.9969682,0.0029851198
512,219,standing,2021-05-07 16:09:48.080,2021-05-07 16:09:50.060,0.021,2,2,0.9870909,7.567764e-06,0.00014421213,0.9870909,0.012757238
512,219,standing,2021-05-07 16:09:49.080,2021-05-07 16:09:51.060,0.021,2,2,0.95429385,2.0648149e-05,0.00045103318,0.95429385,0.04523453
512,219,standing,2021-05-07 16:09:50.080,2021-05-07 16:09:52.060,0.021,2,2,0.96787596,2.6453567e-05,0.00043208487,0.96787596,0.031665504
512,219,standing,2021-05-07 16:09:51.080,2021-05-07 16:09:53.060,0.021,2,2,0.97957516,1.9100795e-05,0.00027770526,0.97957516,0.020128043
512,219,standing,2021-05-07 16:09:52.080,2021-05-07 16:09:54.060,0.021,2,2,0.96875346,1.9535857e-05,0.0004146655,0.96875346,0.030812299
512,219,standing,2021-05-07 16:09:53.080,2021-05-07 16:09:55.060,0.021,2,2,0.9726819,2.2838956e-05,0.0004305743,0.9726819,0.026864747
512,219,standing,2021-05-07 16:09:54.080,2021-05-07 16:09:56.060,0.021,2,2,0.968664,2.3842973e-05,0.0004878742,0.968664,0.030824382
512,219,standing,2021-05-07 16:09:55.080,2021-05-07 16:09:57.060,0.021,2,2,0.95631766,2.1198963e-05,0.00053324463,0.95631766,0.043127928
512,221,standing,2021-05-07 16:09:59.680,2021-05-07 16:10:01.660,0.021,2,2,0.997875,1.5985071e-07,1.7225615e-05,0.997875,0.0021076866
512,221,standing,2021-05-07 16:10:00.680,2021-05-07 16:10:02.660,0.021,2,2,0.99956894,1.2985284e-07,7.2698713e-06,0.99956894,0.000423677
512,221,standing,2021-05-07 16:10:01.680,2021-05-07 16:10:03.660,0.021,2,2,0.9974723,5.614956e-07,2.311498e-05,0.9974723,0.0025040542
512,221,standing,2021-05-07 16:10:02.680,2021-05-07 16:10:04.659,0.021,2,2,0.9904643,2.4969775e-06,9.3308976e-05,0.9904643,0.009439946
512,223,standing,2021-05-07 16:10:05.720,2021-05-07 16:10:07.699,0.021,2,2,0.9691585,3.0519488e-05,0.00033530497,0.9691585,0.030475762
512,223,standing,2021-05-07 16:10:06.720,2021-05-07 16:10:08.699,0.021,2,2,0.97204244,2.9364965e-05,0.0003019556,0.97204244,0.027626213
512,223,standing,2021-05-07 16:10:07.720,2021-05-07 16:10:09.699,0.021,2,2,0.96517277,3.3331562e-05,0.00042373134,0.96517277,0.034370236
512,223,standing,2021-05-07 16:10:08.720,2021-05-07 16:10:10.699,0.021,2,2,0.963254,2.8305545e-05,0.0004884446,0.963254,0.036229264
512,227,standing,2021-05-07 16:10:12.960,2021-05-07 16:10:14.940,0.021,2,2,0.99976015,8.105361e-08,7.72351e-06,0.99976015,0.00023204651
512,227,standing,2021-05-07 16:10:13.960,2021-05-07 16:10:15.940,0.021,2,2,0.99968165,2.2598867e-07,1.09191815e-05,0.99968165,0.00030713377
512,227,standing,2021-05-07 16:10:14.960,2021-05-07 16:10:16.940,0.021,2,2,0.9985646,8.157961e-07,2.3554494e-05,0.9985646,0.0014109117
512,227,standing,2021-05-07 16:10:15.960,2021-05-07 16:10:17.940,0.021,2,2,0.9934369,2.8646975e-06,5.87123e-05,0.9934369,0.006501556
512,227,standing,2021-05-07 16:10:16.959,2021-05-07 16:10:18.940,0.021,2,2,0.9881402,7.359656e-06,0.00012115632,0.9881402,0.011731311
512,229,standing,2021-05-07 16:10:19.600,2021-05-07 16:10:21.579,0.021,2,2,0.8575345,7.833223e-05,0.0010232099,0.8575345,0.14136389
512,229,standing,2021-05-07 16:10:20.600,2021-05-07 16:10:22.579,0.021,2,2,0.8928927,7.401782e-05,0.0009777311,0.8928927,0.10605545
512,229,standing,2021-05-07 16:10:21.600,2021-05-07 16:10:23.579,0.021,2,2,0.95862573,3.7526144e-05,0.00048751463,0.95862573,0.04084926
512,229,standing,2021-05-07 16:10:22.600,2021-05-07 16:10:24.579,0.021,2,2,0.96395105,1.093508e-05,0.00020423197,0.96395105,0.035833813
512,229,standing,2021-05-07 16:10:23.600,2021-05-07 16:10:25.579,0.021,2,2,0.9801006,4.497464e-06,0.00011140214,0.9801006,0.019783514
512,229,standing,2021-05-07 16:10:24.600,2021-05-07 16:10:26.579,0.021,2,2,0.9849868,8.786997e-06,0.00016238385,0.9849868,0.014842109
512,229,standing,2021-05-07 16:10:25.600,2021-05-07 16:10:27.579,0.021,2,2,0.95650566,2.9844485e-05,0.00047172312,0.95650566,0.042992745
512,229,standing,2021-05-07 16:10:26.600,2021-05-07 16:10:28.579,0.021,2,2,0.9583461,3.888602e-05,0.0005558759,0.9583461,0.04105908
512,229,standing,2021-05-07 16:10:27.600,2021-05-07 16:10:29.579,0.021,2,2,0.978978,2.3211818e-05,0.00031057277,0.978978,0.020688163
512,233,standing,2021-05-07 16:10:33.279,2021-05-07 16:10:35.259,0.021,2,2,0.9910629,6.483115e-06,0.00012144331,0.9910629,0.0088091865
512,233,standing,2021-05-07 16:10:34.279,2021-05-07 16:10:36.259,0.021,2,2,0.9923067,7.4148825e-06,0.0001310752,0.9923067,0.007554775
512,233,standing,2021-05-07 16:10:35.279,2021-05-07 16:10:37.259,0.021,2,2,0.98905593,1.12934495e-05,0.0001867147,0.98905593,0.010746077
512,233,standing,2021-05-07 16:10:36.279,2021-05-07 16:10:38.259,0.021,2,2,0.9828539,1.8537821e-05,0.00030838084,0.9828539,0.016819218
512,233,standing,2021-05-07 16:10:37.279,2021-05-07 16:10:39.259,0.021,2,2,0.97577286,2.355729e-05,0.00041101553,0.97577286,0.023792576
512,233,standing,2021-05-07 16:10:38.279,2021-05-07 16:10:40.259,0.021,2,2,0.9777198,1.8328808e-05,0.00034449063,0.9777198,0.021917429
512,235,standing,2021-05-07 16:10:42.680,2021-05-07 16:10:44.659,0.021,2,2,0.9956529,8.5705074e-07,3.6517107e-05,0.9956529,0.0043096826
512,237,standing,2021-05-07 16:10:45.119,2021-05-07 16:10:47.099,0.021,2,2,0.9913039,4.691655e-06,0.00014079355,0.9913039,0.008550587
512,237,standing,2021-05-07 16:10:46.119,2021-05-07 16:10:48.099,0.021,2,2,0.9918345,4.977656e-06,0.00013106082,0.9918345,0.008029401
512,237,standing,2021-05-07 16:10:47.119,2021-05-07 16:10:49.099,0.021,2,2,0.9868762,8.274122e-06,0.00019335552,0.9868762,0.0129221
512,237,standing,2021-05-07 16:10:48.119,2021-05-07 16:10:50.099,0.021,2,2,0.9703581,1.9257086e-05,0.0003934649,0.9703581,0.029229201
512,237,standing,2021-05-07 16:10:49.119,2021-05-07 16:10:51.099,0.021,2,2,0.97290933,2.3606639e-05,0.00035274433,0.97290933,0.026714278
512,237,standing,2021-05-07 16:10:50.119,2021-05-07 16:10:52.099,0.021,2,2,0.98435616,1.5388201e-05,0.00021548841,0.98435616,0.015412794
512,237,standing,2021-05-07 16:10:51.119,2021-05-07 16:10:53.099,0.021,2,2,0.98937756,1.0781362e-05,0.00013472892,0.98937756,0.010476847
512,237,standing,2021-05-07 16:10:52.119,2021-05-07 16:10:54.099,0.021,2,2,0.98896664,1.1818856e-05,0.000117035925,0.98896664,0.010904455
512,237,standing,2021-05-07 16:10:53.119,2021-05-07 16:10:55.099,0.021,2,2,0.9837692,1.6900365e-05,0.00020506658,0.9837692,0.016008783
512,237,standing,2021-05-07 16:10:54.119,2021-05-07 16:10:56.099,0.021,2,2,0.9810724,1.5843327e-05,0.00025139653,0.9810724,0.018660294
512,237,standing,2021-05-07 16:10:55.119,2021-05-07 16:10:57.099,0.021,2,2,0.9846354,1.08424965e-05,0.00021211832,0.9846354,0.015141482
512,237,standing,2021-05-07 16:10:56.119,2021-05-07 16:10:58.099,0.021,2,2,0.9905092,5.656594e-06,0.00013077639,0.9905092,0.009354313
512,239,standing,2021-05-07 16:10:59.959,2021-05-07 16:11:01.940,0.021,2,2,0.99808306,9.439814e-07,2.1305934e-05,0.99808306,0.0018947722
512,239,standing,2021-05-07 16:11:00.960,2021-05-07 16:11:02.940,0.021,2,2,0.9979065,1.8691251e-06,3.8426886e-05,0.9979065,0.0020532478
512,239,standing,2021-05-07 16:11:01.960,2021-05-07 16:11:03.940,0.021,2,2,0.9969215,1.9965626e-06,4.3477696e-05,0.9969215,0.0030329365
512,239,standing,2021-05-07 16:11:02.960,2021-05-07 16:11:04.940,0.021,2,2,0.99806875,1.1360946e-06,2.6087277e-05,0.99806875,0.0019040738
512,239,standing,2021-05-07 16:11:03.960,2021-05-07 16:11:05.940,0.021,2,2,0.99636936,1.6544876e-06,3.9864597e-05,0.99636936,0.0035889961
512,239,standing,2021-05-07 16:11:04.960,2021-05-07 16:11:06.940,0.021,2,2,0.9949108,2.7928277e-06,5.3282536e-05,0.9949108,0.0050331415
512,239,standing,2021-05-07 16:11:05.960,2021-05-07 16:11:07.940,0.021,2,2,0.99201626,6.4203027e-06,7.6304415e-05,0.99201626,0.007900988
512,241,standing,2021-05-07 16:11:08.359,2021-05-07 16:11:10.340,0.021,2,2,0.99079776,8.564223e-06,6.848932e-05,0.99079776,0.00912525
512,241,standing,2021-05-07 16:11:09.359,2021-05-07 16:11:11.340,0.021,2,2,0.99156743,8.648484e-06,5.618064e-05,0.99156743,0.008367774
512,241,standing,2021-05-07 16:11:10.359,2021-05-07 16:11:12.340,0.021,2,2,0.98863876,1.3724952e-05,9.525515e-05,0.98863876,0.0112521425
512,241,standing,2021-05-07 16:11:11.359,2021-05-07 16:11:13.340,0.021,2,2,0.9892513,1.1420931e-05,0.000113814785,0.9892513,0.010623416
512,241,standing,2021-05-07 16:11:12.359,2021-05-07 16:11:14.340,0.021,2,2,0.9918244,6.8259624e-06,9.1508045e-05,0.9918244,0.00807729
512,241,standing,2021-05-07 16:11:13.359,2021-05-07 16:11:15.340,0.021,2,2,0.99079245,6.98141e-06,7.214626e-05,0.99079245,0.009128425
512,241,standing,2021-05-07 16:11:14.359,2021-05-07 16:11:16.340,0.021,2,2,0.9919763,7.7855275e-06,6.201823e-05,0.9919763,0.007953963
512,241,standing,2021-05-07 16:11:15.359,2021-05-07 16:11:17.340,0.021,2,2,0.994341,5.733469e-06,6.0377788e-05,0.994341,0.00559288
512,241,standing,2021-05-07 16:11:16.360,2021-05-07 16:11:18.340,0.021,2,2,0.9970154,2.2357174e-06,3.8228776e-05,0.9970154,0.0029442627
512,241,standing,2021-05-07 16:11:17.360,2021-05-07 16:11:19.340,0.021,2,2,0.9984507,9.1052425e-07,1.9070907e-05,0.9984507,0.0015291701
512,241,standing,2021-05-07 16:11:18.360,2021-05-07 16:11:20.340,0.021,2,2,0.99709904,1.5940085e-06,3.5673125e-05,0.99709904,0.002863639
512,245,standing,2021-05-07 16:11:23.000,2021-05-07 16:11:24.979,0.021,2,2,0.9362258,4.77919e-06,0.00018907986,0.9362258,0.063580394
512,245,standing,2021-05-07 16:11:24.000,2021-05-07 16:11:25.979,0.021,2,2,0.98669034,8.556753e-06,0.0001525685,0.98669034,0.013148589
512,245,standing,2021-05-07 16:11:25.000,2021-05-07 16:11:26.979,0.021,2,2,0.9873246,1.03219545e-05,0.00014491085,0.9873246,0.012520113
512,245,standing,2021-05-07 16:11:26.000,2021-05-07 16:11:27.979,0.021,2,2,0.9878775,1.0520489e-05,0.00011964813,0.9878775,0.011992259
512,245,standing,2021-05-07 16:11:27.000,2021-05-07 16:11:28.979,0.021,2,2,0.99140227,8.944805e-06,8.971969e-05,0.99140227,0.008499133
512,245,standing,2021-05-07 16:11:28.000,2021-05-07 16:11:29.979,0.021,2,2,0.9905738,1.2382791e-05,0.00011056615,0.9905738,0.009303236
512,245,standing,2021-05-07 16:11:29.000,2021-05-07 16:11:30.979,0.021,2,2,0.9842138,1.8892417e-05,0.00021707773,0.9842138,0.015550196
512,245,standing,2021-05-07 16:11:30.000,2021-05-07 16:11:31.979,0.021,2,2,0.98382235,1.6221622e-05,0.00024621384,0.98382235,0.015915237
512,245,standing,2021-05-07 16:11:31.000,2021-05-07 16:11:32.979,0.021,2,2,0.9932088,6.0348075e-06,0.00011538895,0.9932088,0.00666971
512,245,standing,2021-05-07 16:11:32.000,2021-05-07 16:11:33.979,0.021,2,2,0.9969253,2.1991866e-06,4.9258415e-05,0.9969253,0.003023232
512,245,standing,2021-05-07 16:11:33.000,2021-05-07 16:11:34.979,0.021,2,2,0.9878422,3.3344375e-06,9.55851e-05,0.9878422,0.012058834
512,245,standing,2021-05-07 16:11:34.000,2021-05-07 16:11:35.979,0.021,2,2,0.9864518,1.7459054e-06,0.00010999575,0.9864518,0.013436447
512,247,walking,2021-05-07 16:11:37.799,2021-05-07 16:11:39.779,0.021,3,3,0.99914634,5.713661e-10,9.089134e-07,0.00085275073,0.99914634
512,247,walking,2021-05-07 16:11:38.799,2021-05-07 16:11:40.779,0.021,3,3,0.9998512,1.5711707e-10,2.1470802e-07,0.00014862572,0.9998512
512,247,walking,2021-05-07 16:11:39.799,2021-05-07 16:11:41.779,0.021,3,3,0.9995358,6.155162e-10,6.031401e-07,0.00046356185,0.9995358
512,247,walking,2021-05-07 16:11:40.799,2021-05-07 16:11:42.779,0.021,3,3,0.99296564,1.9216946e-08,7.795529e-06,0.0070264833,0.99296564
512,247,walking,2021-05-07 16:11:41.799,2021-05-07 16:11:43.779,0.021,3,3,0.99444556,1.760767e-08,8.461214e-06,0.005545945,0.99444556
512,247,walking,2021-05-07 16:11:42.799,2021-05-07 16:11:44.779,0.021,3,3,0.99614763,8.317775e-09,7.841609e-06,0.0038445347,0.99614763
512,247,walking,2021-05-07 16:11:43.799,2021-05-07 16:11:45.779,0.021,3,3,0.9876429,2.0370832e-08,8.20532e-06,0.012348927,0.9876429
512,247,walking,2021-05-07 16:11:44.799,2021-05-07 16:11:46.779,0.021,3,3,0.99878156,4.7955337e-09,2.02257e-06,0.0012163785,0.99878156
512,249,standing,2021-05-07 16:11:48.080,2021-05-07 16:11:50.060,0.021,2,2,0.983025,1.1066168e-06,1.8699482e-05,0.983025,0.01695516
512,249,standing,2021-05-07 16:11:49.080,2021-05-07 16:11:51.060,0.021,2,2,0.9919409,3.8218864e-06,3.791567e-05,0.9919409,0.008017327
512,249,standing,2021-05-07 16:11:50.080,2021-05-07 16:11:52.060,0.021,2,2,0.988577,3.3604222e-06,6.0118025e-05,0.988577,0.011359434
512,249,standing,2021-05-07 16:11:51.080,2021-05-07 16:11:53.060,0.021,2,2,0.98945224,3.6960978e-06,6.904407e-05,0.98945224,0.010474925
512,250,walking,2021-05-07 16:11:54.040,2021-05-07 16:11:56.020,0.021,3,3,0.99979186,1.6522864e-09,1.5359458e-06,0.00020658204,0.99979186
512,250,walking,2021-05-07 16:11:55.040,2021-05-07 16:11:57.020,0.021,3,3,0.9995777,2.193637e-09,2.5791555e-06,0.0004197659,0.9995777
512,250,walking,2021-05-07 16:11:56.040,2021-05-07 16:11:58.020,0.021,3,3,0.9954744,6.265983e-09,4.7567387e-06,0.0045208824,0.9954744
512,250,walking,2021-05-07 16:11:57.040,2021-05-07 16:11:59.020,0.021,3,3,0.9998374,3.4612135e-10,1.4771233e-07,0.00016241161,0.9998374
512,250,walking,2021-05-07 16:11:58.040,2021-05-07 16:12:00.019,0.021,3,3,0.9995643,4.946349e-10,2.5637485e-07,0.00043548807,0.9995643
512,250,walking,2021-05-07 16:11:59.040,2021-05-07 16:12:01.019,0.021,3,3,0.9997568,2.2105886e-09,2.5693744e-06,0.00024058994,0.9997568
512,250,walking,2021-05-07 16:12:00.039,2021-05-07 16:12:02.019,0.021,3,3,0.99999183,2.9784475e-10,1.8392889e-06,6.3165267e-06,0.99999183
512,250,walking,2021-05-07 16:12:01.039,2021-05-07 16:12:03.019,0.021,3,3,0.9998419,4.4221016e-10,7.093139e-07,0.00015751261,0.9998419
512,250,walking,2021-05-07 16:12:02.039,2021-05-07 16:12:04.019,0.021,3,3,0.99908406,1.9500643e-09,8.71364e-07,0.0009151368,0.99908406
512,250,walking,2021-05-07 16:12:03.039,2021-05-07 16:12:05.019,0.021,3,3,0.9988136,5.996559e-09,2.1307694e-06,0.0011842804,0.9988136
512,250,walking,2021-05-07 16:12:04.039,2021-05-07 16:12:06.019,0.021,3,3,0.98880756,2.584798e-08,7.471042e-06,0.011184927,0.98880756
512,250,walking,2021-05-07 16:12:05.039,2021-05-07 16:12:07.019,0.021,3,3,0.9951984,8.840105e-09,4.684289e-06,0.004796918,0.9951984
512,250,walking,2021-05-07 16:12:06.039,2021-05-07 16:12:08.020,0.021,3,3,0.9920042,8.325674e-09,5.667185e-06,0.007990065,0.9920042
512,250,walking,2021-05-07 16:12:07.039,2021-05-07 16:12:09.020,0.021,3,3,0.98905545,1.51428e-08,8.05065e-06,0.010936419,0.98905545
512,250,walking,2021-05-07 16:12:08.039,2021-05-07 16:12:10.020,0.021,3,3,0.94589114,6.9523054e-08,2.6048943e-05,0.054082718,0.94589114
512,250,walking,2021-05-07 16:12:09.039,2021-05-07 16:12:11.020,0.021,3,3,0.9950537,1.0507835e-08,6.42329e-06,0.0049398257,0.9950537
512,250,walking,2021-05-07 16:12:10.039,2021-05-07 16:12:12.020,0.021,3,3,0.9997816,3.1525696e-10,5.1604997e-07,0.00021799345,0.9997816
512,250,walking,2021-05-07 16:12:11.039,2021-05-07 16:12:13.020,0.021,3,3,0.9986402,9.851092e-10,4.9101584e-07,0.0013593205,0.9986402
512,250,walking,2021-05-07 16:12:12.039,2021-05-07 16:12:14.020,0.021,3,3,0.9976398,4.3203583e-09,3.151143e-06,0.0023570324,0.9976398
512,250,walking,2021-05-07 16:12:13.039,2021-05-07 16:12:15.020,0.021,3,3,0.99579096,6.371043e-09,5.545596e-06,0.0042034076,0.99579096
512,250,walking,2021-05-07 16:12:14.039,2021-05-07 16:12:16.020,0.021,3,3,0.99596715,2.4400608e-09,1.3337849e-06,0.0040315115,0.99596715
512,250,walking,2021-05-07 16:12:15.039,2021-05-07 16:12:17.020,0.021,3,3,0.99909467,9.98233e-10,6.6372445e-07,0.00090462714,0.99909467
512,250,walking,2021-05-07 16:12:16.040,2021-05-07 16:12:18.020,0.021,3,3,0.99448144,2.317837e-08,1.0408323e-05,0.005508135,0.99448144
512,250,walking,2021-05-07 16:12:17.040,2021-05-07 16:12:19.020,0.021,3,3,0.99977016,4.5058582e-10,4.6799906e-07,0.00022928459,0.99977016
512,250,walking,2021-05-07 16:12:18.040,2021-05-07 16:12:20.020,0.021,3,3,0.9997759,3.3887285e-10,2.50743e-07,0.0002239113,0.9997759
512,250,walking,2021-05-07 16:12:19.040,2021-05-07 16:12:21.020,0.021,3,3,0.99658227,7.0566686e-09,3.5005664e-06,0.003414238,0.99658227
512,250,walking,2021-05-07 16:12:20.040,2021-05-07 16:12:22.020,0.021,3,3,0.99898684,1.8360609e-09,2.0269001e-06,0.0010111255,0.99898684
512,250,walking,2021-05-07 16:12:21.040,2021-05-07 16:12:23.020,0.021,3,3,0.99923533,4.011497e-10,6.2794254e-07,0.0007641409,0.99923533
512,250,walking,2021-05-07 16:12:22.040,2021-05-07 16:12:24.020,0.021,3,3,0.99798715,1.5223223e-09,1.3230816e-06,0.0020115194,0.99798715
512,250,walking,2021-05-07 16:12:23.040,2021-05-07 16:12:25.020,0.021,3,3,0.9997467,2.5038716e-10,4.5618637e-07,0.00025276165,0.9997467
512,250,walking,2021-05-07 16:12:24.040,2021-05-07 16:12:26.020,0.021,3,3,0.99993354,6.540976e-11,1.2400095e-07,6.631184e-05,0.99993354
512,250,walking,2021-05-07 16:12:25.040,2021-05-07 16:12:27.020,0.021,3,3,0.99619514,7.1594646e-09,2.837346e-06,0.0038019794,0.99619514
512,250,walking,2021-05-07 16:12:26.040,2021-05-07 16:12:28.020,0.021,3,3,0.99318326,1.3930408e-08,9.506235e-06,0.0068072705,0.99318326
512,250,walking,2021-05-07 16:12:27.040,2021-05-07 16:12:29.020,0.021,3,3,0.98829395,1.6471192e-08,2.582819e-05,0.01168011,0.98829395
512,250,walking,2021-05-07 16:12:28.040,2021-05-07 16:12:30.020,0.021,3,3,0.995253,5.6963847e-09,3.9319643e-06,0.0047430806,0.995253
512,250,walking,2021-05-07 16:12:29.040,2021-05-07 16:12:31.020,0.021,3,3,0.9987557,3.5326233e-09,3.1736088e-06,0.0012410947,0.9987557
512,250,walking,2021-05-07 16:12:30.040,2021-05-07 16:12:32.020,0.021,3,3,0.9975053,6.7435373e-09,5.0627114e-06,0.0024895312,0.9975053
512,250,walking,2021-05-07 16:12:31.040,2021-05-07 16:12:33.020,0.021,3,3,0.9947989,1.622448e-08,1.3636433e-05,0.0051874025,0.9947989
512,250,walking,2021-05-07 16:12:32.040,2021-05-07 16:12:34.020,0.021,3,3,0.9998276,8.654794e-10,4.0377636e-06,0.0001683388,0.9998276
512,250,walking,2021-05-07 16:12:33.040,2021-05-07 16:12:35.020,0.021,3,3,0.9997344,1.2277155e-09,1.1371598e-06,0.00026442908,0.9997344
512,250,walking,2021-05-07 16:12:34.040,2021-05-07 16:12:36.020,0.021,3,3,0.99966806,2.679911e-09,1.9897213e-06,0.00033004762,0.99966806
512,250,walking,2021-05-07 16:12:35.040,2021-05-07 16:12:37.020,0.021,3,3,0.99884564,5.0283764e-09,4.695546e-06,0.0011496631,0.99884564
512,250,walking,2021-05-07 16:12:36.040,2021-05-07 16:12:38.020,0.021,3,3,0.99857044,8.707205e-10,8.460575e-07,0.0014287397,0.99857044
512,250,walking,2021-05-07 16:12:37.040,2021-05-07 16:12:39.020,0.021,3,3,0.9989492,1.1892893e-09,8.6146906e-07,0.0010497941,0.9989492
512,250,walking,2021-05-07 16:12:38.040,2021-05-07 16:12:40.020,0.021,3,3,0.99755144,7.3504607e-09,6.2682852e-06,0.0024422372,0.99755144
512,250,walking,2021-05-07 16:12:39.040,2021-05-07 16:12:41.020,0.021,3,3,0.9988797,7.431764e-10,7.4732037e-07,0.0011195197,0.9988797
512,250,walking,2021-05-07 16:12:40.040,2021-05-07 16:12:42.020,0.021,3,3,0.9994253,8.8418883e-10,5.055136e-07,0.0005742271,0.9994253
512,250,walking,2021-05-07 16:12:41.040,2021-05-07 16:12:43.020,0.021,3,3,0.9990368,2.480044e-09,2.231629e-06,0.00096094335,0.9990368
512,250,walking,2021-05-07 16:12:42.040,2021-05-07 16:12:44.020,0.021,3,3,0.999296,3.2134936e-10,3.6895682e-07,0.00070371636,0.999296
512,250,walking,2021-05-07 16:12:43.040,2021-05-07 16:12:45.020,0.021,3,3,0.9989347,9.521647e-10,1.0015531e-06,0.0010642587,0.9989347
512,250,walking,2021-05-07 16:12:44.040,2021-05-07 16:12:46.020,0.021,3,3,0.9968528,2.8854281e-09,4.3424625e-06,0.0031428987,0.9968528
512,250,walking,2021-05-07 16:12:45.040,2021-05-07 16:12:47.020,0.021,3,3,0.99928504,4.718287e-10,2.8826454e-07,0.0007147028,0.99928504
512,250,walking,2021-05-07 16:12:46.040,2021-05-07 16:12:48.020,0.021,3,3,0.9975829,2.356864e-09,2.256628e-06,0.0024147574,0.9975829
512,250,walking,2021-05-07 16:12:47.040,2021-05-07 16:12:49.020,0.021,3,3,0.98786646,1.8769878e-08,1.2387837e-05,0.012121197,0.98786646
512,250,walking,2021-05-07 16:12:48.040,2021-05-07 16:12:50.020,0.021,3,3,0.99012154,9.965403e-09,4.996711e-06,0.00987336,0.99012154
512,250,walking,2021-05-07 16:12:49.040,2021-05-07 16:12:51.020,0.021,3,3,0.99992746,2.0512028e-10,6.6362645e-08,7.241699e-05,0.99992746
512,250,walking,2021-05-07 16:12:50.040,2021-05-07 16:12:52.020,0.021,3,3,0.9996862,3.7851688e-10,4.6204272e-07,0.00031335867,0.9996862
512,250,walking,2021-05-07 16:12:51.040,2021-05-07 16:12:53.020,0.021,3,3,0.99823165,7.730256e-10,3.9089775e-07,0.0017679133,0.99823165
512,250,walking,2021-05-07 16:12:52.040,2021-05-07 16:12:54.020,0.021,3,3,0.9970421,5.1125277e-09,3.9881447e-06,0.0029538719,0.9970421
512,250,walking,2021-05-07 16:12:53.040,2021-05-07 16:12:55.020,0.021,3,3,0.99132663,1.2533046e-08,1.3304658e-05,0.008660034,0.99132663
512,250,walking,2021-05-07 16:12:54.040,2021-05-07 16:12:56.020,0.021,3,3,0.99917626,5.6290256e-10,5.862935e-07,0.0008232163,0.99917626
512,250,walking,2021-05-07 16:12:55.040,2021-05-07 16:12:57.020,0.021,3,3,0.9963904,2.5753004e-09,2.3973432e-06,0.003607233,0.9963904
512,250,walking,2021-05-07 16:12:56.040,2021-05-07 16:12:58.020,0.021,3,3,0.99707896,3.1143381e-09,4.2941183e-06,0.0029167482,0.99707896
512,250,walking,2021-05-07 16:12:57.040,2021-05-07 16:12:59.020,0.021,3,3,0.9978071,7.0035255e-10,6.237135e-07,0.0021922507,0.9978071
512,250,walking,2021-05-07 16:12:58.040,2021-05-07 16:13:00.019,0.021,3,3,0.9915481,1.237643e-08,7.084007e-06,0.008444768,0.9915481
512,250,walking,2021-05-07 16:12:59.040,2021-05-07 16:13:01.019,0.021,3,3,0.9993295,1.3087113e-09,2.2776028e-06,0.0006681609,0.9993295
512,250,walking,2021-05-07 16:13:00.039,2021-05-07 16:13:02.019,0.021,3,3,0.9984704,1.2831957e-09,1.2537305e-06,0.0015282264,0.9984704
512,250,walking,2021-05-07 16:13:01.039,2021-05-07 16:13:03.019,0.021,3,3,0.9923036,1.1449391e-08,7.2682815e-06,0.007689054,0.9923036
512,250,walking,2021-05-07 16:13:02.039,2021-05-07 16:13:04.019,0.021,3,3,0.9993546,8.7270324e-10,1.4588317e-06,0.00064387545,0.9993546
512,250,walking,2021-05-07 16:13:03.039,2021-05-07 16:13:05.019,0.021,3,3,0.99732566,1.504103e-09,1.6573268e-06,0.002672648,0.99732566
512,250,walking,2021-05-07 16:13:04.039,2021-05-07 16:13:06.019,0.021,3,3,0.9986039,1.6787244e-09,1.6629997e-06,0.001394483,0.9986039
512,250,walking,2021-05-07 16:13:05.039,2021-05-07 16:13:07.019,0.021,3,3,0.99946004,2.0436496e-10,2.4501674e-07,0.0005397097,0.99946004
512,250,walking,2021-05-07 16:13:06.039,2021-05-07 16:13:08.020,0.021,3,3,0.99612695,2.8845535e-09,1.4326959e-06,0.003871525,0.99612695
512,253,standing,2021-05-07 16:13:09.680,2021-05-07 16:13:11.659,0.021,2,2,0.9907288,8.091341e-08,8.269022e-06,0.9907288,0.009262756
512,255,standing,2021-05-07 16:13:13.319,2021-05-07 16:13:15.300,0.021,2,2,0.99236643,4.555232e-07,3.8757767e-05,0.99236643,0.0075942925
512,255,standing,2021-05-07 16:13:14.319,2021-05-07 16:13:16.299,0.021,2,2,0.99716085,7.6712263e-07,2.18488e-05,0.99716085,0.0028165292
512,255,standing,2021-05-07 16:13:15.319,2021-05-07 16:13:17.299,0.021,2,2,0.9975208,1.2703388e-06,2.5497897e-05,0.9975208,0.002452428
512,256,walking,2021-05-07 16:13:17.559,2021-05-07 16:13:19.540,0.021,3,3,0.9950964,1.9357838e-08,1.1800635e-05,0.004891769,0.9950964
512,256,walking,2021-05-07 16:13:18.559,2021-05-07 16:13:20.540,0.021,3,3,0.9982564,1.4148301e-08,1.461488e-05,0.0017290146,0.9982564
512,256,walking,2021-05-07 16:13:19.559,2021-05-07 16:13:21.540,0.021,3,3,0.9994821,3.7235528e-09,4.026626e-06,0.00051390665,0.9994821
512,256,walking,2021-05-07 16:13:20.559,2021-05-07 16:13:22.540,0.021,3,3,0.9751632,4.010545e-08,2.0201234e-05,0.024816453,0.9751632
512,256,walking,2021-05-07 16:13:21.559,2021-05-07 16:13:23.540,0.021,3,3,0.9074821,9.970641e-08,4.221302e-05,0.09247555,0.9074821
512,256,walking,2021-05-07 16:13:22.559,2021-05-07 16:13:24.540,0.021,3,3,0.88578683,1.1314855e-07,3.8949518e-05,0.114174046,0.88578683
512,256,walking,2021-05-07 16:13:23.559,2021-05-07 16:13:25.540,0.021,3,3,0.74765056,1.3629224e-07,4.481052e-05,0.25230452,0.74765056
512,256,walking,2021-05-07 16:13:24.559,2021-05-07 16:13:26.540,0.021,3,3,0.99211085,1.3529077e-08,5.294985e-06,0.007883962,0.99211085
512,256,walking,2021-05-07 16:13:25.559,2021-05-07 16:13:27.540,0.021,3,3,0.9703325,1.616956e-08,1.0743761e-05,0.029656783,0.9703325
512,256,walking,2021-05-07 16:13:26.559,2021-05-07 16:13:28.540,0.021,3,3,0.9896174,7.438558e-09,3.434405e-06,0.010379175,0.9896174
512,256,walking,2021-05-07 16:13:27.559,2021-05-07 16:13:29.540,0.021,3,3,0.9966084,5.7723164e-09,3.04072e-06,0.0033886263,0.9966084
512,256,walking,2021-05-07 16:13:28.559,2021-05-07 16:13:30.540,0.021,3,3,0.97929525,4.535025e-08,1.6903501e-05,0.020687725,0.97929525
512,256,walking,2021-05-07 16:13:29.559,2021-05-07 16:13:31.540,0.021,3,3,0.98944694,1.1652018e-08,7.887328e-06,0.010545131,0.98944694
512,256,walking,2021-05-07 16:13:30.559,2021-05-07 16:13:32.540,0.021,3,3,0.9999278,4.9045844e-11,1.0421293e-07,7.198604e-05,0.9999278
512,256,walking,2021-05-07 16:13:31.559,2021-05-07 16:13:33.540,0.021,3,3,0.9991158,1.1195664e-09,8.115234e-07,0.00088325626,0.9991158
512,256,walking,2021-05-07 16:13:32.560,2021-05-07 16:13:34.540,0.021,3,3,0.9972827,3.5803251e-09,2.2822865e-06,0.0027150048,0.9972827
512,256,walking,2021-05-07 16:13:33.560,2021-05-07 16:13:35.540,0.021,3,3,0.99750745,2.0193511e-09,1.9444738e-06,0.002490535,0.99750745
512,256,walking,2021-05-07 16:13:34.560,2021-05-07 16:13:36.540,0.021,3,3,0.99040884,1.0749061e-08,5.6054687e-06,0.009585411,0.99040884
512,256,walking,2021-05-07 16:13:35.560,2021-05-07 16:13:37.540,0.021,3,3,0.9971971,2.5690663e-09,1.7386083e-06,0.002801063,0.9971971
512,256,walking,2021-05-07 16:13:36.560,2021-05-07 16:13:38.540,0.021,3,3,0.999701,1.9212174e-10,1.9939557e-07,0.0002986463,0.999701
512,256,walking,2021-05-07 16:13:37.560,2021-05-07 16:13:39.540,0.021,3,3,0.997801,5.0165494e-09,1.812384e-06,0.0021971518,0.997801
512,256,walking,2021-05-07 16:13:38.560,2021-05-07 16:13:40.540,0.021,3,3,0.99800974,3.6199599e-09,1.9710187e-06,0.0019881958,0.99800974
512,256,walking,2021-05-07 16:13:39.560,2021-05-07 16:13:41.540,0.021,3,3,0.99965304,4.2116302e-10,3.3880397e-07,0.0003465312,0.99965304
512,256,walking,2021-05-07 16:13:40.560,2021-05-07 16:13:42.540,0.021,3,3,0.99911904,1.339025e-09,9.584044e-07,0.00087994983,0.99911904
512,256,walking,2021-05-07 16:13:41.560,2021-05-07 16:13:43.540,0.021,3,3,0.9985978,3.5962575e-09,3.6511615e-06,0.0013985647,0.9985978
512,256,walking,2021-05-07 16:13:42.560,2021-05-07 16:13:44.540,0.021,3,3,0.9985038,3.1680474e-09,7.790655e-06,0.0014883785,0.9985038
512,256,walking,2021-05-07 16:13:43.560,2021-05-07 16:13:45.540,0.021,3,3,0.9997759,1.2758126e-10,2.7060355e-07,0.00022389869,0.9997759
512,256,walking,2021-05-07 16:13:44.560,2021-05-07 16:13:46.540,0.021,3,3,0.9997988,2.2864868e-10,2.2881655e-07,0.00020096217,0.9997988
512,256,walking,2021-05-07 16:13:45.560,2021-05-07 16:13:47.540,0.021,3,3,0.9992263,3.3947964e-09,1.6276015e-06,0.00077212375,0.9992263
512,256,walking,2021-05-07 16:13:46.560,2021-05-07 16:13:48.540,0.021,3,3,0.9992909,8.9528646e-10,8.3621916e-07,0.0007082952,0.9992909
512,256,walking,2021-05-07 16:13:47.560,2021-05-07 16:13:49.540,0.021,3,3,0.9998973,2.2373692e-10,1.9646188e-07,0.000102489845,0.9998973
512,256,walking,2021-05-07 16:13:48.560,2021-05-07 16:13:50.540,0.021,3,3,0.9987571,6.8884027e-09,3.2216205e-06,0.0012397076,0.9987571
512,256,walking,2021-05-07 16:13:49.560,2021-05-07 16:13:51.540,0.021,3,3,0.9984294,4.3069868e-09,2.9941468e-06,0.0015676178,0.9984294
512,256,walking,2021-05-07 16:13:50.560,2021-05-07 16:13:52.540,0.021,3,3,0.99995977,9.3938836e-11,1.4085568e-07,4.0030955e-05,0.99995977
512,256,walking,2021-05-07 16:13:51.560,2021-05-07 16:13:53.540,0.021,3,3,0.99965566,1.7205838e-09,1.4045803e-06,0.00034286024,0.99965566
512,256,walking,2021-05-07 16:13:52.560,2021-05-07 16:13:54.540,0.021,3,3,0.9973599,8.226554e-10,8.0753625e-07,0.0026392345,0.9973599
512,256,walking,2021-05-07 16:13:53.560,2021-05-07 16:13:55.540,0.021,3,3,0.99978566,3.9766873e-10,4.77885e-07,0.00021398619,0.99978566
512,256,walking,2021-05-07 16:13:54.560,2021-05-07 16:13:56.540,0.021,3,3,0.9991535,1.8153051e-09,2.84345e-06,0.0008436675,0.9991535
512,256,walking,2021-05-07 16:13:55.560,2021-05-07 16:13:57.540,0.021,3,3,0.99861974,8.929599e-10,8.7830006e-07,0.0013794501,0.99861974
512,256,walking,2021-05-07 16:13:56.560,2021-05-07 16:13:58.540,0.021,3,3,0.9997597,6.774055e-10,7.166742e-07,0.00023949548,0.9997597
512,256,walking,2021-05-07 16:13:57.560,2021-05-07 16:13:59.540,0.021,3,3,0.9998386,2.6457414e-10,7.52705e-07,0.00016062992,0.9998386
512,256,walking,2021-05-07 16:13:58.560,2021-05-07 16:14:00.539,0.021,3,3,0.999577,2.1966823e-10,2.5202738e-07,0.00042275133,0.999577
512,256,walking,2021-05-07 16:13:59.560,2021-05-07 16:14:01.539,0.021,3,3,0.99710923,5.2774154e-09,4.602511e-06,0.0028860457,0.99710923
512,256,walking,2021-05-07 16:14:00.559,2021-05-07 16:14:02.539,0.021,3,3,0.9995777,6.092928e-10,2.1566757e-06,0.0004199681,0.9995777
512,256,walking,2021-05-07 16:14:01.559,2021-05-07 16:14:03.539,0.021,3,3,0.9995388,6.0508715e-10,6.2726167e-07,0.00046062737,0.9995388
512,257,standing,2021-05-07 16:14:03.920,2021-05-07 16:14:05.900,0.021,2,2,0.9991181,2.1118188e-08,5.017065e-06,0.9991181,0.00087679015
512,257,standing,2021-05-07 16:14:04.920,2021-05-07 16:14:06.900,0.021,2,2,0.9999519,3.073986e-09,3.2789484e-07,0.9999519,4.7725895e-05
512,258,walking,2021-05-07 16:14:07.720,2021-05-07 16:14:09.699,0.021,3,3,0.99580485,3.7310155e-08,1.768405e-05,0.004177319,0.99580485
512,258,walking,2021-05-07 16:14:08.720,2021-05-07 16:14:10.699,0.021,3,3,0.9920842,6.65107e-08,3.036798e-05,0.007885269,0.9920842
512,258,walking,2021-05-07 16:14:09.720,2021-05-07 16:14:11.699,0.021,3,3,0.9919414,3.9188283e-08,2.3157601e-05,0.008035452,0.9919414
512,258,walking,2021-05-07 16:14:10.720,2021-05-07 16:14:12.699,0.021,3,3,0.99941695,8.507226e-10,1.3143715e-06,0.00058179116,0.99941695
512,258,walking,2021-05-07 16:14:11.720,2021-05-07 16:14:13.699,0.021,3,3,0.9984026,3.4927898e-09,2.5550523e-06,0.0015948456,0.9984026
512,258,walking,2021-05-07 16:14:12.720,2021-05-07 16:14:14.699,0.021,3,3,0.9994816,3.4455003e-10,2.950843e-07,0.00051797065,0.9994816
512,258,walking,2021-05-07 16:14:13.720,2021-05-07 16:14:15.699,0.021,3,3,0.9998338,3.3508357e-10,5.047089e-07,0.00016575494,0.9998338
512,258,walking,2021-05-07 16:14:14.720,2021-05-07 16:14:16.700,0.021,3,3,0.999332,6.6101955e-09,1.8636649e-05,0.00064926175,0.999332
512,258,walking,2021-05-07 16:14:15.720,2021-05-07 16:14:17.700,0.021,3,3,0.9994491,9.1809566e-10,1.0210019e-06,0.0005498951,0.9994491
512,258,walking,2021-05-07 16:14:16.719,2021-05-07 16:14:18.700,0.021,3,3,0.9997976,5.4229393e-10,6.884823e-07,0.00020175289,0.9997976
512,258,walking,2021-05-07 16:14:17.719,2021-05-07 16:14:19.700,0.021,3,3,0.99783653,6.939418e-09,1.6868964e-05,0.002146627,0.99783653
512,258,walking,2021-05-07 16:14:18.719,2021-05-07 16:14:20.700,0.021,3,3,0.9966553,7.849904e-09,8.432298e-06,0.0033361441,0.9966553
512,258,walking,2021-05-07 16:14:19.719,2021-05-07 16:14:21.700,0.021,3,3,0.9994118,3.2997476e-09,2.7777298e-06,0.0005853977,0.9994118
512,258,walking,2021-05-07 16:14:20.719,2021-05-07 16:14:22.700,0.021,3,3,0.9997473,8.462048e-10,1.575704e-06,0.00025114138,0.9997473
512,258,walking,2021-05-07 16:14:21.719,2021-05-07 16:14:23.700,0.021,3,3,0.999841,6.450035e-11,8.968846e-08,0.00015889051,0.999841
512,258,walking,2021-05-07 16:14:22.719,2021-05-07 16:14:24.700,0.021,3,3,0.99968356,4.2785575e-10,4.0016153e-07,0.00031597342,0.99968356
512,258,walking,2021-05-07 16:14:23.719,2021-05-07 16:14:25.700,0.021,3,3,0.999851,1.4324891e-10,3.0290983e-07,0.00014864144,0.999851
512,258,walking,2021-05-07 16:14:24.719,2021-05-07 16:14:26.700,0.021,3,3,0.9989866,6.152531e-10,4.6957177e-07,0.0010128707,0.9989866
512,258,walking,2021-05-07 16:14:25.719,2021-05-07 16:14:27.700,0.021,3,3,0.998697,6.7050863e-09,4.607673e-06,0.0012982554,0.998697
512,258,walking,2021-05-07 16:14:26.719,2021-05-07 16:14:28.700,0.021,3,3,0.9990757,1.6792902e-09,2.4940198e-06,0.0009217848,0.9990757
512,258,walking,2021-05-07 16:14:27.719,2021-05-07 16:14:29.700,0.021,3,3,0.9995796,1.8345546e-10,1.2520431e-07,0.00042009284,0.9995796
512,258,walking,2021-05-07 16:14:28.719,2021-05-07 16:14:30.700,0.021,3,3,0.9997673,4.207551e-10,4.601282e-07,0.00023223083,0.9997673
512,258,walking,2021-05-07 16:14:29.719,2021-05-07 16:14:31.700,0.021,3,3,0.9998467,1.3702965e-10,1.9419896e-07,0.00015323299,0.9998467
512,258,walking,2021-05-07 16:14:30.719,2021-05-07 16:14:32.700,0.021,3,3,0.997692,2.0340831e-09,1.216817e-06,0.0023067591,0.997692
512,258,walking,2021-05-07 16:14:31.719,2021-05-07 16:14:33.700,0.021,3,3,0.9995514,1.3995702e-09,1.4452698e-06,0.00044720995,0.9995514
512,258,walking,2021-05-07 16:14:32.720,2021-05-07 16:14:34.700,0.021,3,3,0.99984884,1.10516936e-10,2.809982e-07,0.00015080674,0.99984884
512,258,walking,2021-05-07 16:14:33.720,2021-05-07 16:14:35.700,0.021,3,3,0.9989597,7.5263845e-10,8.163766e-07,0.0010393517,0.9989597
512,258,walking,2021-05-07 16:14:34.720,2021-05-07 16:14:36.700,0.021,3,3,0.99984145,4.0332315e-10,3.9761798e-07,0.00015819825,0.99984145
512,258,walking,2021-05-07 16:14:35.720,2021-05-07 16:14:37.700,0.021,3,3,0.99993795,5.1815312e-11,4.2559467e-08,6.192754e-05,0.99993795
512,258,walking,2021-05-07 16:14:36.720,2021-05-07 16:14:38.700,0.021,3,3,0.99941576,1.2012326e-09,6.091462e-07,0.000583599,0.99941576
512,258,walking,2021-05-07 16:14:37.720,2021-05-07 16:14:39.700,0.021,3,3,0.99976754,8.0594575e-10,7.578995e-07,0.00023176867,0.99976754
512,258,walking,2021-05-07 16:14:38.720,2021-05-07 16:14:40.700,0.021,3,3,0.9998057,2.204548e-10,4.2858213e-07,0.0001939383,0.9998057
512,258,walking,2021-05-07 16:14:39.720,2021-05-07 16:14:41.700,0.021,3,3,0.99886197,1.1016895e-09,1.5987696e-06,0.0011365147,0.99886197
512,258,walking,2021-05-07 16:14:40.720,2021-05-07 16:14:42.700,0.021,3,3,0.9999483,1.3703731e-10,3.566901e-07,5.12502e-05,0.9999483
512,258,walking,2021-05-07 16:14:41.720,2021-05-07 16:14:43.700,0.021,3,3,0.999955,1.0288345e-10,2.8330078e-07,4.4640175e-05,0.999955
512,258,walking,2021-05-07 16:14:42.720,2021-05-07 16:14:44.700,0.021,3,3,0.99849963,1.9537285e-09,2.2353206e-06,0.0014980922,0.99849963
512,258,walking,2021-05-07 16:14:43.720,2021-05-07 16:14:45.700,0.021,3,3,0.99990684,2.533628e-10,4.2997038e-07,9.2674105e-05,0.99990684
512,258,walking,2021-05-07 16:14:44.720,2021-05-07 16:14:46.700,0.021,3,3,0.9999891,6.992714e-11,3.8194986e-07,1.0471487e-05,0.9999891
512,258,walking,2021-05-07 16:14:45.720,2021-05-07 16:14:47.700,0.021,3,3,0.99989885,8.961319e-10,1.7049725e-06,9.941377e-05,0.99989885
512,258,walking,2021-05-07 16:14:46.720,2021-05-07 16:14:48.700,0.021,3,3,0.99962157,3.2327402e-10,5.5899244e-07,0.00037790893,0.99962157
512,258,walking,2021-05-07 16:14:47.720,2021-05-07 16:14:49.700,0.021,3,3,0.9998534,1.349612e-10,2.6935976e-07,0.00014650279,0.9998534
512,258,walking,2021-05-07 16:14:48.720,2021-05-07 16:14:50.700,0.021,3,3,0.99806386,2.9302998e-09,4.7491108e-06,0.0019313755,0.99806386
512,258,walking,2021-05-07 16:14:49.720,2021-05-07 16:14:51.700,0.021,3,3,0.9991811,9.2893815e-10,1.0615452e-06,0.00081782206,0.9991811
512,258,walking,2021-05-07 16:14:50.720,2021-05-07 16:14:52.700,0.021,3,3,0.99992424,2.8892094e-10,3.7323582e-07,7.53712e-05,0.99992424
512,258,walking,2021-05-07 16:14:51.720,2021-05-07 16:14:53.700,0.021,3,3,0.9990646,3.7439416e-09,5.7626958e-06,0.00092967285,0.9990646
512,258,walking,2021-05-07 16:14:52.720,2021-05-07 16:14:54.700,0.021,3,3,0.9988084,5.405302e-10,6.63783e-07,0.0011909507,0.9988084
512,258,walking,2021-05-07 16:14:53.720,2021-05-07 16:14:55.700,0.021,3,3,0.99969757,6.791552e-10,6.9033973e-07,0.0003016819,0.99969757
512,258,walking,2021-05-07 16:14:54.720,2021-05-07 16:14:56.700,0.021,3,3,0.99826556,1.35307925e-08,9.048303e-06,0.0017253186,0.99826556
512,258,walking,2021-05-07 16:14:55.720,2021-05-07 16:14:57.700,0.021,3,3,0.9992842,5.3561705e-10,3.9082434e-07,0.0007154596,0.9992842
512,258,walking,2021-05-07 16:14:56.720,2021-05-07 16:14:58.700,0.021,3,3,0.9996192,2.5776786e-10,1.4838582e-07,0.0003805534,0.9996192
512,258,walking,2021-05-07 16:14:57.720,2021-05-07 16:14:59.700,0.021,3,3,0.99789757,1.136066e-09,3.1058587e-06,0.0020993208,0.99789757
512,258,walking,2021-05-07 16:14:58.720,2021-05-07 16:15:00.700,0.021,3,3,0.9910772,1.4566643e-09,2.5425925e-06,0.008920303,0.9910772
512,258,walking,2021-05-07 16:14:59.720,2021-05-07 16:15:01.700,0.021,3,3,0.98170125,1.5989809e-08,1.5523647e-05,0.018283196,0.98170125
512,258,walking,2021-05-07 16:15:00.720,2021-05-07 16:15:02.700,0.021,3,3,0.9297648,2.934404e-08,4.2693115e-05,0.070192434,0.9297648
512,258,walking,2021-05-07 16:15:01.720,2021-05-07 16:15:03.700,0.021,3,3,0.92804426,8.1825124e-09,9.088118e-06,0.07194664,0.92804426
512,258,walking,2021-05-07 16:15:02.720,2021-05-07 16:15:04.699,0.021,3,3,0.98114985,8.945132e-09,9.170207e-06,0.018840952,0.98114985
512,258,walking,2021-05-07 16:15:03.720,2021-05-07 16:15:05.699,0.021,3,3,0.9967373,6.535125e-10,2.014173e-06,0.0032606462,0.9967373
512,258,walking,2021-05-07 16:15:04.720,2021-05-07 16:15:06.699,0.021,3,3,0.9654021,6.686225e-09,4.706544e-06,0.034593105,0.9654021
512,258,walking,2021-05-07 16:15:05.720,2021-05-07 16:15:07.699,0.021,3,3,0.98150116,1.8082064e-08,1.1951121e-05,0.018486816,0.98150116
512,258,walking,2021-05-07 16:15:06.720,2021-05-07 16:15:08.699,0.021,3,3,0.99743205,1.2219992e-09,2.830317e-06,0.0025651718,0.99743205
512,258,walking,2021-05-07 16:15:07.720,2021-05-07 16:15:09.699,0.021,3,3,0.86287695,4.3791836e-08,2.3621866e-05,0.13709942,0.86287695
512,258,walking,2021-05-07 16:15:08.720,2021-05-07 16:15:10.699,0.021,3,3,0.9661857,3.23359e-08,1.4288512e-05,0.0337999,0.9661857
512,258,walking,2021-05-07 16:15:09.720,2021-05-07 16:15:11.699,0.021,3,3,0.9998081,1.10543213e-10,2.085545e-07,0.00019179816,0.9998081
512,258,walking,2021-05-07 16:15:10.720,2021-05-07 16:15:12.699,0.021,3,3,0.9991151,8.267875e-10,7.9203625e-07,0.0008840731,0.9991151
512,258,walking,2021-05-07 16:15:11.720,2021-05-07 16:15:13.699,0.021,3,3,0.99854404,1.3884465e-09,1.7612634e-06,0.0014541426,0.99854404
512,258,walking,2021-05-07 16:15:12.720,2021-05-07 16:15:14.699,0.021,3,3,0.9991049,3.3178396e-10,5.7477155e-07,0.0008944284,0.9991049
512,258,walking,2021-05-07 16:15:13.720,2021-05-07 16:15:15.699,0.021,3,3,0.9727335,4.8889927e-08,2.1814516e-05,0.027244616,0.9727335
512,258,walking,2021-05-07 16:15:14.720,2021-05-07 16:15:16.700,0.021,3,3,0.9798455,6.4998695e-09,4.2524407e-06,0.020150173,0.9798455
512,258,walking,2021-05-07 16:15:15.720,2021-05-07 16:15:17.700,0.021,3,3,0.9968312,3.4383123e-09,2.9829123e-06,0.0031657617,0.9968312
512,258,walking,2021-05-07 16:15:16.719,2021-05-07 16:15:18.700,0.021,3,3,0.99842334,1.7184267e-09,3.8772037e-06,0.0015728156,0.99842334
512,258,walking,2021-05-07 16:15:17.719,2021-05-07 16:15:19.700,0.021,3,3,0.99092555,6.1870873e-09,5.1883803e-06,0.009069254,0.99092555
512,258,walking,2021-05-07 16:15:18.719,2021-05-07 16:15:20.700,0.021,3,3,0.9949533,5.3840408e-09,3.965019e-06,0.0050427928,0.9949533
512,258,walking,2021-05-07 16:15:19.719,2021-05-07 16:15:21.700,0.021,3,3,0.9992165,2.8408803e-10,8.030889e-07,0.0007825886,0.9992165
512,258,walking,2021-05-07 16:15:20.719,2021-05-07 16:15:22.700,0.021,3,3,0.9758922,2.215745e-08,1.3092479e-05,0.024094626,0.9758922
512,258,walking,2021-05-07 16:15:21.719,2021-05-07 16:15:23.700,0.021,3,3,0.9980841,2.1096365e-09,1.1606975e-06,0.0019147064,0.9980841
512,258,walking,2021-05-07 16:15:22.719,2021-05-07 16:15:24.700,0.021,3,3,0.9996876,1.08435684e-10,2.1043303e-07,0.00031228218,0.9996876
512,258,walking,2021-05-07 16:15:23.719,2021-05-07 16:15:25.700,0.021,3,3,0.985663,1.3051833e-08,8.341134e-06,0.01432872,0.985663
512,258,walking,2021-05-07 16:15:24.719,2021-05-07 16:15:26.700,0.021,3,3,0.99237674,8.823619e-09,5.2123564e-06,0.007618121,0.99237674
512,258,walking,2021-05-07 16:15:25.719,2021-05-07 16:15:27.700,0.021,3,3,0.9963613,1.4992733e-09,1.7986639e-06,0.0036369376,0.9963613
512,258,walking,2021-05-07 16:15:26.719,2021-05-07 16:15:28.700,0.021,3,3,0.98619235,9.9387005e-09,8.447872e-06,0.013799153,0.98619235
512,258,walking,2021-05-07 16:15:27.719,2021-05-07 16:15:29.700,0.021,3,3,0.9986671,1.9343431e-09,2.5875647e-06,0.0013303101,0.9986671
512,258,walking,2021-05-07 16:15:28.719,2021-05-07 16:15:30.700,0.021,3,3,0.99995834,4.6115188e-11,8.437763e-08,4.148779e-05,0.99995834
512,258,walking,2021-05-07 16:15:29.719,2021-05-07 16:15:31.700,0.021,3,3,0.99994785,4.620409e-10,2.7859508e-07,5.1794446e-05,0.99994785
512,263,standing,2021-05-07 16:15:35.279,2021-05-07 16:15:37.259,0.021,2,2,0.99350226,4.952554e-06,5.1709907e-05,0.99350226,0.0064410507
512,263,standing,2021-05-07 16:15:36.279,2021-05-07 16:15:38.259,0.021,2,2,0.9886255,9.8306e-06,7.861035e-05,0.9886255,0.01128614
512,263,standing,2021-05-07 16:15:37.279,2021-05-07 16:15:39.259,0.021,2,2,0.98368746,1.4144842e-05,0.00013362222,0.98368746,0.01616476
512,263,standing,2021-05-07 16:15:38.279,2021-05-07 16:15:40.259,0.021,2,2,0.9813232,1.7159286e-05,0.00016935768,0.9813232,0.018490294
512,263,standing,2021-05-07 16:15:39.279,2021-05-07 16:15:41.259,0.021,2,2,0.9848819,1.921574e-05,0.00011782119,0.9848819,0.014981006
512,263,standing,2021-05-07 16:15:40.279,2021-05-07 16:15:42.259,0.021,2,2,0.982005,2.7914368e-05,0.00014415511,0.982005,0.01782295
512,263,standing,2021-05-07 16:15:41.279,2021-05-07 16:15:43.259,0.021,2,2,0.9747181,2.0267815e-05,0.00017671876,0.9747181,0.025085011
512,263,standing,2021-05-07 16:15:42.279,2021-05-07 16:15:44.259,0.021,2,2,0.9839755,1.3844599e-05,0.0001449591,0.9839755,0.01586564
512,263,standing,2021-05-07 16:15:43.279,2021-05-07 16:15:45.259,0.021,2,2,0.9883883,1.7999198e-05,0.00013962708,0.9883883,0.011454018
512,263,standing,2021-05-07 16:15:44.279,2021-05-07 16:15:46.259,0.021,2,2,0.98542535,2.1716189e-05,0.00016172482,0.98542535,0.014391094
512,263,standing,2021-05-07 16:15:45.279,2021-05-07 16:15:47.259,0.021,2,2,0.9827551,2.6727696e-05,0.00019533609,0.9827551,0.017022843
512,263,standing,2021-05-07 16:15:46.279,2021-05-07 16:15:48.259,0.021,2,2,0.98246145,2.5837193e-05,0.0001841799,0.98246145,0.017328514
512,263,standing,2021-05-07 16:15:47.279,2021-05-07 16:15:49.259,0.021,2,2,0.9860787,2.0130501e-05,0.00014119051,0.9860787,0.01376006
512,263,standing,2021-05-07 16:15:48.279,2021-05-07 16:15:50.259,0.021,2,2,0.9899677,1.3747531e-05,0.00010897217,0.9899677,0.009909539
512,263,standing,2021-05-07 16:15:49.279,2021-05-07 16:15:51.259,0.021,2,2,0.9898148,1.35246155e-05,0.00014515268,0.9898148,0.010026535
512,263,standing,2021-05-07 16:15:50.279,2021-05-07 16:15:52.259,0.021,2,2,0.9947088,7.870591e-06,8.9696885e-05,0.9947088,0.0051936735
512,263,standing,2021-05-07 16:15:51.279,2021-05-07 16:15:53.259,0.021,2,2,0.99574953,4.3573045e-06,5.3678246e-05,0.99574953,0.0041923914
512,263,standing,2021-05-07 16:15:52.279,2021-05-07 16:15:54.259,0.021,2,2,0.9897118,6.153021e-06,9.232785e-05,0.9897118,0.0101896655
512,263,standing,2021-05-07 16:15:53.279,2021-05-07 16:15:55.259,0.021,2,2,0.9731993,1.1952024e-05,0.00015960944,0.9731993,0.026629142
512,265,standing,2021-05-07 16:15:56.119,2021-05-07 16:15:58.099,0.021,2,2,0.9453684,5.1016796e-05,0.00039770873,0.9453684,0.05418284
512,267,standing,2021-05-07 16:16:00.480,2021-05-07 16:16:02.460,0.021,2,2,0.9939713,3.8741355e-06,7.960579e-05,0.9939713,0.0059450995
512,267,standing,2021-05-07 16:16:01.480,2021-05-07 16:16:03.460,0.021,2,2,0.9960753,3.842628e-06,6.9642374e-05,0.9960753,0.0038511413
512,267,standing,2021-05-07 16:16:02.480,2021-05-07 16:16:04.460,0.021,2,2,0.9933308,5.9189238e-06,0.00011646374,0.9933308,0.0065467395
512,267,standing,2021-05-07 16:16:03.480,2021-05-07 16:16:05.460,0.021,2,2,0.99572724,4.637913e-06,8.283021e-05,0.99572724,0.004185207
512,267,standing,2021-05-07 16:16:04.480,2021-05-07 16:16:06.460,0.021,2,2,0.99434614,5.3268163e-06,9.834769e-05,0.99434614,0.0055500385
512,267,standing,2021-05-07 16:16:05.480,2021-05-07 16:16:07.460,0.021,2,2,0.98226637,1.413291e-05,0.00023959487,0.98226637,0.017479824
512,267,standing,2021-05-07 16:16:06.480,2021-05-07 16:16:08.460,0.021,2,2,0.98203737,2.2131047e-05,0.00022192772,0.98203737,0.017718494
512,267,standing,2021-05-07 16:16:07.480,2021-05-07 16:16:09.460,0.021,2,2,0.98239917,2.7118222e-05,0.00021625202,0.98239917,0.0173575
512,267,standing,2021-05-07 16:16:08.479,2021-05-07 16:16:10.460,0.021,2,2,0.97820455,3.602074e-05,0.00030460997,0.97820455,0.021454811
512,267,standing,2021-05-07 16:16:09.479,2021-05-07 16:16:11.460,0.021,2,2,0.97762734,3.8366084e-05,0.00034979108,0.97762734,0.021984408
512,267,standing,2021-05-07 16:16:10.479,2021-05-07 16:16:12.460,0.021,2,2,0.9782049,3.623126e-05,0.0003488221,0.9782049,0.021410016
512,267,standing,2021-05-07 16:16:11.479,2021-05-07 16:16:13.460,0.021,2,2,0.97445685,4.2222862e-05,0.0004143128,0.97445685,0.025086565
512,269,standing,2021-05-07 16:16:16.079,2021-05-07 16:16:18.059,0.021,2,2,0.9828,5.8577716e-06,0.00020339205,0.9828,0.016990712
512,270,walking,2021-05-07 16:16:18.239,2021-05-07 16:16:20.219,0.021,3,3,0.99696344,3.104058e-08,1.9726147e-05,0.0030168183,0.99696344
512,270,walking,2021-05-07 16:16:19.239,2021-05-07 16:16:21.219,0.021,3,3,0.9970628,1.3181072e-08,1.0918093e-05,0.0029261555,0.9970628
512,270,walking,2021-05-07 16:16:20.239,2021-05-07 16:16:22.219,0.021,3,3,0.9966212,7.3861974e-09,6.676818e-06,0.0033720983,0.9966212
512,270,walking,2021-05-07 16:16:21.239,2021-05-07 16:16:23.219,0.021,3,3,0.99919075,1.5351751e-09,3.093591e-06,0.0008061088,0.99919075
512,270,walking,2021-05-07 16:16:22.239,2021-05-07 16:16:24.219,0.021,3,3,0.99944407,8.798482e-10,1.0984378e-06,0.00055483775,0.99944407
512,270,walking,2021-05-07 16:16:23.239,2021-05-07 16:16:25.219,0.021,3,3,0.9995419,4.0966977e-10,5.919457e-07,0.00045751448,0.9995419
512,271,standing,2021-05-07 16:16:25.680,2021-05-07 16:16:27.659,0.021,2,2,0.996847,9.160413e-07,2.2022807e-05,0.996847,0.0031300439
512,272,walking,2021-05-07 16:16:28.639,2021-05-07 16:16:30.619,0.021,3,3,0.9882678,6.739146e-08,6.293991e-05,0.011669141,0.9882678
512,272,walking,2021-05-07 16:16:29.639,2021-05-07 16:16:31.619,0.021,3,3,0.9998455,1.1321964e-10,3.21483e-07,0.00015414447,0.9998455
512,272,walking,2021-05-07 16:16:30.639,2021-05-07 16:16:32.619,0.021,3,3,0.99999696,9.604541e-12,1.9808567e-08,2.9615337e-06,0.99999696
512,272,walking,2021-05-07 16:16:31.639,2021-05-07 16:16:33.619,0.021,3,3,0.99990195,6.6853934e-10,1.0274506e-06,9.691973e-05,0.99990195
512,272,walking,2021-05-07 16:16:32.639,2021-05-07 16:16:34.619,0.021,3,3,0.9998553,8.684463e-11,1.1345547e-07,0.00014455176,0.9998553
512,272,walking,2021-05-07 16:16:33.639,2021-05-07 16:16:35.619,0.021,3,3,0.9999489,1.099502e-10,1.2542029e-07,5.085043e-05,0.9999489
512,272,walking,2021-05-07 16:16:34.639,2021-05-07 16:16:36.619,0.021,3,3,0.99979115,1.7677543e-09,1.7899956e-06,0.00020715578,0.99979115
512,272,walking,2021-05-07 16:16:35.639,2021-05-07 16:16:37.619,0.021,3,3,0.9998145,4.302935e-10,6.3497123e-07,0.00018493446,0.9998145
512,272,walking,2021-05-07 16:16:36.639,2021-05-07 16:16:38.619,0.021,3,3,0.99879336,8.8053576e-10,1.0015823e-06,0.0012055971,0.99879336
512,272,walking,2021-05-07 16:16:37.639,2021-05-07 16:16:39.619,0.021,3,3,0.9758067,2.3443635e-08,1.4778533e-05,0.024178479,0.9758067
512,272,walking,2021-05-07 16:16:38.639,2021-05-07 16:16:40.619,0.021,3,3,0.9992729,2.1959734e-09,1.9230008e-06,0.0007251747,0.9992729
512,272,walking,2021-05-07 16:16:39.639,2021-05-07 16:16:41.619,0.021,3,3,0.9997163,2.450857e-10,4.102713e-07,0.0002832771,0.9997163
512,272,walking,2021-05-07 16:16:40.639,2021-05-07 16:16:42.619,0.021,3,3,0.9937846,8.596158e-09,5.8668275e-06,0.0062095635,0.9937846
512,272,walking,2021-05-07 16:16:41.639,2021-05-07 16:16:43.619,0.021,3,3,0.9983881,3.4661318e-10,6.4798286e-07,0.0016111537,0.9983881
512,272,walking,2021-05-07 16:16:42.639,2021-05-07 16:16:44.619,0.021,3,3,0.99592537,2.4168967e-09,3.4394252e-06,0.0040711793,0.99592537
512,272,walking,2021-05-07 16:16:43.639,2021-05-07 16:16:45.619,0.021,3,3,0.9970335,4.1247974e-09,1.2948938e-05,0.0029535815,0.9970335
512,272,walking,2021-05-07 16:16:44.639,2021-05-07 16:16:46.619,0.021,3,3,0.9998479,1.0665875e-09,8.607254e-06,0.0001434385,0.9998479
512,272,walking,2021-05-07 16:16:45.639,2021-05-07 16:16:47.619,0.021,3,3,0.99973106,3.4996242e-10,7.8891475e-07,0.00026807925,0.99973106
512,272,walking,2021-05-07 16:16:46.639,2021-05-07 16:16:48.619,0.021,3,3,0.9938553,5.94371e-09,3.6542208e-06,0.006141067,0.9938553
512,272,walking,2021-05-07 16:16:47.639,2021-05-07 16:16:49.619,0.021,3,3,0.99726427,1.8571091e-09,1.8720042e-06,0.0027338723,0.99726427
512,272,walking,2021-05-07 16:16:48.639,2021-05-07 16:16:50.619,0.021,3,3,0.9867284,5.622315e-09,2.8265965e-06,0.0132687045,0.9867284
512,272,walking,2021-05-07 16:16:49.639,2021-05-07 16:16:51.619,0.021,3,3,0.99675655,3.4226662e-09,2.9409532e-06,0.003240579,0.99675655
512,272,walking,2021-05-07 16:16:50.639,2021-05-07 16:16:52.619,0.021,3,3,0.9823733,9.354919e-09,9.88665e-06,0.017616803,0.9823733
512,272,walking,2021-05-07 16:16:51.639,2021-05-07 16:16:53.619,0.021,3,3,0.9945768,1.5566921e-09,2.0983225e-06,0.0054212324,0.9945768
512,272,walking,2021-05-07 16:16:52.639,2021-05-07 16:16:54.619,0.021,3,3,0.9998419,3.1823758e-10,5.4240877e-07,0.00015758383,0.9998419
512,272,walking,2021-05-07 16:16:53.639,2021-05-07 16:16:55.619,0.021,3,3,0.99932903,8.291156e-10,1.0093437e-06,0.0006699734,0.99932903
512,272,walking,2021-05-07 16:16:54.639,2021-05-07 16:16:56.619,0.021,3,3,0.9991916,1.7344144e-09,1.3455339e-06,0.0008070995,0.9991916
512,272,walking,2021-05-07 16:16:55.639,2021-05-07 16:16:57.619,0.021,3,3,0.99990135,3.8819728e-10,3.6628953e-07,9.8197735e-05,0.99990135
512,272,walking,2021-05-07 16:16:56.639,2021-05-07 16:16:58.619,0.021,3,3,0.9994517,1.7375308e-10,2.043507e-07,0.00054804276,0.9994517
512,272,walking,2021-05-07 16:16:57.639,2021-05-07 16:16:59.619,0.021,3,3,0.9927491,6.582653e-09,3.589542e-06,0.007247228,0.9927491
512,272,walking,2021-05-07 16:16:58.639,2021-05-07 16:17:00.619,0.021,3,3,0.99739534,4.5628554e-09,2.6083167e-06,0.002601968,0.99739534
512,272,walking,2021-05-07 16:16:59.639,2021-05-07 16:17:01.619,0.021,3,3,0.99701923,1.859772e-09,9.675086e-07,0.002979786,0.99701923
512,272,walking,2021-05-07 16:17:00.640,2021-05-07 16:17:02.619,0.021,3,3,0.98535967,1.3245659e-08,3.9885144e-06,0.014636311,0.98535967
512,272,walking,2021-05-07 16:17:01.640,2021-05-07 16:17:03.619,0.021,3,3,0.99205774,1.0970419e-08,5.965399e-06,0.007936272,0.99205774
512,272,walking,2021-05-07 16:17:02.640,2021-05-07 16:17:04.619,0.021,3,3,0.99933404,1.9601695e-10,3.72402e-07,0.0006655428,0.99933404
512,272,walking,2021-05-07 16:17:03.640,2021-05-07 16:17:05.619,0.021,3,3,0.9926957,6.116706e-09,3.8022024e-06,0.0073005003,0.9926957
512,272,walking,2021-05-07 16:17:04.640,2021-05-07 16:17:06.619,0.021,3,3,0.9947026,6.3504864e-09,3.4722298e-06,0.0052938727,0.9947026
512,272,walking,2021-05-07 16:17:05.640,2021-05-07 16:17:07.619,0.021,3,3,0.9959157,7.232767e-10,9.848922e-07,0.0040833373,0.9959157
512,272,walking,2021-05-07 16:17:06.640,2021-05-07 16:17:08.619,0.021,3,3,0.97870815,1.8023627e-08,8.446155e-06,0.021283295,0.97870815
512,272,walking,2021-05-07 16:17:07.640,2021-05-07 16:17:09.619,0.021,3,3,0.99780184,5.552797e-09,3.2070127e-06,0.0021949462,0.99780184
512,272,walking,2021-05-07 16:17:08.640,2021-05-07 16:17:10.619,0.021,3,3,0.99868244,8.7117863e-10,8.167199e-07,0.0013167178,0.99868244
512,272,walking,2021-05-07 16:17:09.640,2021-05-07 16:17:11.619,0.021,3,3,0.95799965,1.95715e-08,8.326408e-06,0.041992016,0.95799965
512,272,walking,2021-05-07 16:17:10.640,2021-05-07 16:17:12.619,0.021,3,3,0.5382389,2.737948e-07,0.0001123589,0.46164852,0.5382389
512,272,walking,2021-05-07 16:17:11.640,2021-05-07 16:17:13.619,0.021,3,3,0.98558086,9.375748e-09,6.0864545e-06,0.014413049,0.98558086
512,272,walking,2021-05-07 16:17:12.640,2021-05-07 16:17:14.619,0.021,3,3,0.86676663,6.073857e-08,1.8838258e-05,0.13321447,0.86676663
512,272,walking,2021-05-07 16:17:13.640,2021-05-07 16:17:15.619,0.021,3,3,0.91485524,5.979958e-08,2.4842278e-05,0.08511987,0.91485524
512,272,walking,2021-05-07 16:17:14.640,2021-05-07 16:17:16.619,0.021,3,3,0.98041034,6.0020953e-09,4.6202404e-06,0.01958506,0.98041034
512,272,walking,2021-05-07 16:17:15.640,2021-05-07 16:17:17.619,0.021,3,3,0.81245583,5.1755954e-08,1.9179177e-05,0.18752491,0.81245583
512,272,walking,2021-05-07 16:17:16.639,2021-05-07 16:17:18.619,0.021,3,3,0.94073564,3.3149337e-08,1.18340695e-05,0.0592524,0.94073564
512,272,walking,2021-05-07 16:17:17.639,2021-05-07 16:17:19.619,0.021,3,3,0.96477544,3.0303635e-08,1.1611731e-05,0.035212863,0.96477544
512,272,walking,2021-05-07 16:17:18.639,2021-05-07 16:17:20.619,0.021,3,3,0.9868923,8.059573e-09,5.148227e-06,0.013102519,0.9868923
512,272,walking,2021-05-07 16:17:19.639,2021-05-07 16:17:21.619,0.021,3,3,0.9263357,3.0520294e-08,2.3089146e-05,0.07364113,0.9263357
512,272,walking,2021-05-07 16:17:20.639,2021-05-07 16:17:22.619,0.021,3,3,0.9872792,1.6986345e-08,1.1612756e-05,0.0127092535,0.9872792
512,272,walking,2021-05-07 16:17:21.639,2021-05-07 16:17:23.619,0.021,3,3,0.9995519,3.3927158e-10,3.4074716e-07,0.00044784418,0.9995519
512,272,walking,2021-05-07 16:17:22.639,2021-05-07 16:17:24.619,0.021,3,3,0.999035,3.8958328e-10,5.1776635e-07,0.00096450344,0.999035
512,272,walking,2021-05-07 16:17:23.639,2021-05-07 16:17:25.619,0.021,3,3,0.9788905,1.2569631e-08,7.712739e-06,0.021101741,0.9788905
512,272,walking,2021-05-07 16:17:24.639,2021-05-07 16:17:26.619,0.021,3,3,0.9873765,1.1579277e-08,6.315633e-06,0.012617162,0.9873765
512,272,walking,2021-05-07 16:17:25.639,2021-05-07 16:17:27.619,0.021,3,3,0.9843128,3.033996e-08,1.4865519e-05,0.015672313,0.9843128
512,272,walking,2021-05-07 16:17:26.639,2021-05-07 16:17:28.619,0.021,3,3,0.99350154,6.426969e-09,6.5125378e-06,0.0064919046,0.99350154
512,272,walking,2021-05-07 16:17:27.639,2021-05-07 16:17:29.619,0.021,3,3,0.9998014,1.8473088e-10,2.9202707e-07,0.00019822476,0.9998014
512,272,walking,2021-05-07 16:17:28.639,2021-05-07 16:17:30.619,0.021,3,3,0.9977668,1.9563875e-09,1.8108187e-06,0.0022313348,0.9977668
512,272,walking,2021-05-07 16:17:29.639,2021-05-07 16:17:31.619,0.021,3,3,0.99853665,1.1298871e-09,9.059382e-07,0.0014624659,0.99853665
512,272,walking,2021-05-07 16:17:30.639,2021-05-07 16:17:32.619,0.021,3,3,0.99944276,1.6502797e-09,1.499726e-06,0.0005557596,0.99944276
512,272,walking,2021-05-07 16:17:31.639,2021-05-07 16:17:33.619,0.021,3,3,0.9936817,2.0449777e-08,1.4835642e-05,0.006303519,0.9936817
512,272,walking,2021-05-07 16:17:32.639,2021-05-07 16:17:34.619,0.021,3,3,0.999196,2.6477365e-09,2.1255278e-06,0.00080185686,0.999196
512,272,walking,2021-05-07 16:17:33.639,2021-05-07 16:17:35.619,0.021,3,3,0.9998121,5.202986e-10,5.255476e-07,0.00018735681,0.9998121
512,272,walking,2021-05-07 16:17:34.639,2021-05-07 16:17:36.619,0.021,3,3,0.9992687,1.4174101e-09,1.1408425e-06,0.00073011866,0.9992687
512,272,walking,2021-05-07 16:17:35.639,2021-05-07 16:17:37.619,0.021,3,3,0.99923867,2.3123958e-09,2.0843424e-06,0.0007593137,0.99923867
512,272,walking,2021-05-07 16:17:36.639,2021-05-07 16:17:38.619,0.021,3,3,0.9988029,1.3033348e-09,2.0524005e-06,0.0011950701,0.9988029
512,272,walking,2021-05-07 16:17:37.639,2021-05-07 16:17:39.619,0.021,3,3,0.99643576,4.8554516e-09,3.9393262e-06,0.003560341,0.99643576
512,275,standing,2021-05-07 16:17:42.439,2021-05-07 16:17:44.419,0.021,2,2,0.9989258,7.2418095e-07,1.4270867e-05,0.9989258,0.0010592372
512,275,standing,2021-05-07 16:17:43.439,2021-05-07 16:17:45.419,0.021,2,2,0.9994148,6.2324267e-07,9.2227565e-06,0.9994148,0.0005753267
512,275,standing,2021-05-07 16:17:44.439,2021-05-07 16:17:46.419,0.021,2,2,0.9995021,5.0930475e-07,8.030225e-06,0.9995021,0.0004893235
512,275,standing,2021-05-07 16:17:45.439,2021-05-07 16:17:47.419,0.021,2,2,0.99951255,4.514148e-07,6.75257e-06,0.99951255,0.00048035473
512,275,standing,2021-05-07 16:17:46.439,2021-05-07 16:17:48.419,0.021,2,2,0.99946517,4.6083878e-07,5.876788e-06,0.99946517,0.00052854634
512,275,standing,2021-05-07 16:17:47.439,2021-05-07 16:17:49.419,0.021,2,2,0.9994417,5.215311e-07,7.391122e-06,0.9994417,0.00055039296
512,275,standing,2021-05-07 16:17:48.439,2021-05-07 16:17:50.419,0.021,2,2,0.9992451,7.8027716e-07,1.2202808e-05,0.9992451,0.0007419582
512,275,standing,2021-05-07 16:17:49.439,2021-05-07 16:17:51.419,0.021,2,2,0.9984408,1.6731071e-06,2.291618e-05,0.9984408,0.0015345617
512,275,standing,2021-05-07 16:17:50.439,2021-05-07 16:17:52.419,0.021,2,2,0.99721634,3.173656e-06,4.1815325e-05,0.99721634,0.0027387512
512,279,standing,2021-05-07 16:17:56.159,2021-05-07 16:17:58.139,0.021,2,2,0.99737585,5.0058884e-07,2.1191798e-05,0.99737585,0.0026024913
512,279,standing,2021-05-07 16:17:57.159,2021-05-07 16:17:59.139,0.021,2,2,0.9914749,2.4863352e-06,5.2039984e-05,0.9914749,0.008470544
512,279,standing,2021-05-07 16:17:58.159,2021-05-07 16:18:00.140,0.021,2,2,0.9923364,4.549045e-06,5.3667936e-05,0.9923364,0.007605311
512,279,standing,2021-05-07 16:17:59.159,2021-05-07 16:18:01.140,0.021,2,2,0.99623185,2.7363017e-06,3.1831398e-05,0.99623185,0.0037335881
512,279,standing,2021-05-07 16:18:00.160,2021-05-07 16:18:02.140,0.021,2,2,0.9963493,1.622236e-06,3.2359218e-05,0.9963493,0.0036167651
512,281,standing,2021-05-07 16:18:06.840,2021-05-07 16:18:08.819,0.021,2,2,0.9971882,8.3381174e-08,7.3225137e-06,0.9971882,0.0028044449
512,281,standing,2021-05-07 16:18:07.840,2021-05-07 16:18:09.819,0.021,2,2,0.99896544,2.8823777e-07,9.5869345e-06,0.99896544,0.0010246774
512,281,standing,2021-05-07 16:18:08.840,2021-05-07 16:18:10.819,0.021,2,2,0.9953387,2.8657973e-06,7.324113e-05,0.9953387,0.0045852475
512,285,standing,2021-05-07 16:18:13.520,2021-05-07 16:18:15.500,0.021,2,2,0.98252475,2.4148203e-06,4.324488e-05,0.98252475,0.01742954
512,285,standing,2021-05-07 16:18:14.520,2021-05-07 16:18:16.500,0.021,2,2,0.9887003,4.2583583e-06,8.6969696e-05,0.9887003,0.011208453
512,287,standing,2021-05-07 16:18:18.280,2021-05-07 16:18:20.260,0.021,2,2,0.8799723,4.0940445e-06,0.00016237608,0.8799723,0.1198612
512,288,walking,2021-05-07 16:18:20.319,2021-05-07 16:18:22.299,0.021,3,3,0.9984747,6.3644974e-09,4.8288857e-06,0.0015204098,0.9984747
512,288,walking,2021-05-07 16:18:21.319,2021-05-07 16:18:23.299,0.021,3,3,0.9993008,1.7752445e-09,1.3257596e-06,0.0006979181,0.9993008
512,288,walking,2021-05-07 16:18:22.319,2021-05-07 16:18:24.299,0.021,3,3,0.9989757,6.206638e-09,4.053923e-06,0.0010201947,0.9989757
512,288,walking,2021-05-07 16:18:23.319,2021-05-07 16:18:25.299,0.021,3,3,0.9996907,9.862e-10,1.0854953e-06,0.00030828576,0.9996907
512,288,walking,2021-05-07 16:18:24.319,2021-05-07 16:18:26.299,0.021,3,3,0.99901605,3.2357972e-09,3.8880394e-06,0.0009800928,0.99901605
512,288,walking,2021-05-07 16:18:25.319,2021-05-07 16:18:27.299,0.021,3,3,0.99539876,2.4979347e-08,7.644297e-05,0.0045247576,0.99539876
512,288,walking,2021-05-07 16:18:26.319,2021-05-07 16:18:28.299,0.021,3,3,0.9991338,2.7706966e-09,3.7510254e-06,0.00086244015,0.9991338
512,289,standing,2021-05-07 16:18:28.360,2021-05-07 16:18:30.340,0.021,2,2,0.98867244,8.302845e-08,4.5121606e-06,0.98867244,0.011322948
512,290,walking,2021-05-07 16:18:30.360,2021-05-07 16:18:32.340,0.021,3,3,0.9992529,4.953117e-09,3.3173474e-06,0.0007437571,0.9992529
512,290,walking,2021-05-07 16:18:31.360,2021-05-07 16:18:33.340,0.021,3,3,0.99871916,5.005598e-09,4.60803e-06,0.0012761458,0.99871916
512,290,walking,2021-05-07 16:18:32.360,2021-05-07 16:18:34.340,0.021,3,3,0.99967426,1.9014268e-09,3.07626e-06,0.00032257166,0.99967426
512,290,walking,2021-05-07 16:18:33.360,2021-05-07 16:18:35.340,0.021,3,3,0.9988065,5.9037175e-09,5.8208734e-06,0.0011877029,0.9988065
512,290,walking,2021-05-07 16:18:34.360,2021-05-07 16:18:36.340,0.021,3,3,0.9960178,2.0483549e-08,1.4980392e-05,0.0039671403,0.9960178
512,290,walking,2021-05-07 16:18:35.360,2021-05-07 16:18:37.340,0.021,3,3,0.99300236,2.2579455e-08,1.673992e-05,0.006980856,0.99300236
512,290,walking,2021-05-07 16:18:36.360,2021-05-07 16:18:38.340,0.021,3,3,0.99937534,2.9119107e-09,4.2105535e-06,0.0006204052,0.99937534
512,290,walking,2021-05-07 16:18:37.360,2021-05-07 16:18:39.340,0.021,3,3,0.9988831,4.8725886e-09,8.525793e-06,0.0011082708,0.9988831
512,290,walking,2021-05-07 16:18:38.360,2021-05-07 16:18:40.340,0.021,3,3,0.9995465,1.6249252e-09,2.266344e-06,0.0004512294,0.9995465
512,290,walking,2021-05-07 16:18:39.360,2021-05-07 16:18:41.340,0.021,3,3,0.9994876,3.1281315e-09,6.2560616e-06,0.0005062379,0.9994876
512,290,walking,2021-05-07 16:18:40.360,2021-05-07 16:18:42.340,0.021,3,3,0.9956268,8.535792e-08,6.614188e-05,0.0043069813,0.9956268
512,290,walking,2021-05-07 16:18:41.360,2021-05-07 16:18:43.340,0.021,3,3,0.9989114,8.742672e-09,6.660606e-06,0.0010819163,0.9989114
512,290,walking,2021-05-07 16:18:42.360,2021-05-07 16:18:44.340,0.021,3,3,0.99930674,2.440187e-09,3.0168676e-06,0.0006903269,0.99930674
512,290,walking,2021-05-07 16:18:43.360,2021-05-07 16:18:45.340,0.021,3,3,0.9948838,6.702025e-08,5.335843e-05,0.0050627463,0.9948838
512,290,walking,2021-05-07 16:18:44.360,2021-05-07 16:18:46.340,0.021,3,3,0.9956269,4.9699743e-08,6.1581035e-05,0.004311453,0.9956269
512,290,walking,2021-05-07 16:18:45.360,2021-05-07 16:18:47.340,0.021,3,3,0.9998343,1.0933999e-09,1.9460304e-06,0.00016372176,0.9998343
512,290,walking,2021-05-07 16:18:46.360,2021-05-07 16:18:48.340,0.021,3,3,0.9998555,8.928856e-10,4.7730236e-06,0.00013980917,0.9998555
512,290,walking,2021-05-07 16:18:47.360,2021-05-07 16:18:49.340,0.021,3,3,0.9991861,4.042855e-09,5.0014264e-06,0.0008089163,0.9991861
512,290,walking,2021-05-07 16:18:48.360,2021-05-07 16:18:50.340,0.021,3,3,0.9983799,2.116119e-08,2.9208475e-05,0.0015909312,0.9983799
512,290,walking,2021-05-07 16:18:49.360,2021-05-07 16:18:51.340,0.021,3,3,0.99278677,1.14110094e-07,0.00016281815,0.0070503796,0.99278677
512,290,walking,2021-05-07 16:18:50.360,2021-05-07 16:18:52.340,0.021,3,3,0.9989398,2.4665388e-09,2.9321156e-06,0.0010572305,0.9989398
512,290,walking,2021-05-07 16:18:51.360,2021-05-07 16:18:53.340,0.021,3,3,0.9998591,1.8172005e-09,2.8859677e-06,0.00013801803,0.9998591
512,290,walking,2021-05-07 16:18:52.360,2021-05-07 16:18:54.340,0.021,3,3,0.9983006,8.691154e-09,1.27319e-05,0.0016866586,0.9983006
512,290,walking,2021-05-07 16:18:53.360,2021-05-07 16:18:55.340,0.021,3,3,0.99978137,1.1988928e-09,2.291468e-06,0.0002162885,0.99978137
512,290,walking,2021-05-07 16:18:54.360,2021-05-07 16:18:56.340,0.021,3,3,0.9999071,3.884091e-10,3.2357739e-06,8.962373e-05,0.9999071
512,290,walking,2021-05-07 16:18:55.360,2021-05-07 16:18:57.340,0.021,3,3,0.9995456,8.622632e-10,1.0294683e-06,0.00045342077,0.9995456
512,290,walking,2021-05-07 16:18:56.360,2021-05-07 16:18:58.340,0.021,3,3,0.9986479,1.0290127e-08,1.04483015e-05,0.0013415182,0.9986479
512,290,walking,2021-05-07 16:18:57.360,2021-05-07 16:18:59.340,0.021,3,3,0.9990912,1.4501158e-08,6.8514375e-05,0.00084031996,0.9990912
512,290,walking,2021-05-07 16:18:58.360,2021-05-07 16:19:00.339,0.021,3,3,0.9995719,9.319605e-10,1.4910956e-06,0.00042663183,0.9995719
512,290,walking,2021-05-07 16:18:59.360,2021-05-07 16:19:01.339,0.021,3,3,0.9996416,4.9849422e-09,1.4987524e-05,0.00034337537,0.9996416
512,290,walking,2021-05-07 16:19:00.359,2021-05-07 16:19:02.339,0.021,3,3,0.999841,6.217407e-09,1.4044302e-05,0.00014510562,0.999841
512,290,walking,2021-05-07 16:19:01.359,2021-05-07 16:19:03.339,0.021,3,3,0.9994895,8.960389e-09,9.983514e-06,0.00050055655,0.9994895
512,290,walking,2021-05-07 16:19:02.359,2021-05-07 16:19:04.340,0.021,3,3,0.9983712,1.7105455e-08,3.1159787e-05,0.001597703,0.9983712
512,290,walking,2021-05-07 16:19:03.359,2021-05-07 16:19:05.340,0.021,3,3,0.9963318,1.2610532e-08,1.1640019e-05,0.0036564493,0.9963318
512,290,walking,2021-05-07 16:19:04.359,2021-05-07 16:19:06.340,0.021,3,3,0.9994666,1.3054557e-08,2.948886e-05,0.0005038492,0.9994666
512,290,walking,2021-05-07 16:19:05.359,2021-05-07 16:19:07.340,0.021,3,3,0.9997375,1.1441709e-08,3.2277134e-05,0.0002301815,0.9997375
512,290,walking,2021-05-07 16:19:06.359,2021-05-07 16:19:08.340,0.021,3,3,0.9997978,1.992662e-09,3.7467196e-06,0.00019838348,0.9997978
512,292,standing,2021-05-07 16:19:10.559,2021-05-07 16:19:12.539,0.021,2,2,0.9867207,7.773729e-06,0.00011593084,0.9867207,0.013155516
512,292,standing,2021-05-07 16:19:11.559,2021-05-07 16:19:13.539,0.021,2,2,0.9835947,1.5536967e-05,0.000175065,0.9835947,0.016214693
512,292,standing,2021-05-07 16:19:12.559,2021-05-07 16:19:14.539,0.021,2,2,0.9836844,1.7558768e-05,0.0001872446,0.9836844,0.016110757
512,292,standing,2021-05-07 16:19:13.559,2021-05-07 16:19:15.539,0.021,2,2,0.9911515,8.847255e-06,0.000104388266,0.9911515,0.008735285
512,292,standing,2021-05-07 16:19:14.559,2021-05-07 16:19:16.540,0.021,2,2,0.99344254,4.901572e-06,6.395419e-05,0.99344254,0.00648865
512,292,standing,2021-05-07 16:19:15.559,2021-05-07 16:19:17.540,0.021,2,2,0.98958087,7.691484e-06,0.0001120288,0.98958087,0.010299418
512,292,standing,2021-05-07 16:19:16.559,2021-05-07 16:19:18.540,0.021,2,2,0.9876668,5.693356e-06,0.0001400655,0.9876668,0.012187452
512,292,standing,2021-05-07 16:19:17.559,2021-05-07 16:19:19.540,0.021,2,2,0.9812108,2.4418525e-06,0.00010772844,0.9812108,0.018679015
512,292,standing,2021-05-07 16:19:18.559,2021-05-07 16:19:20.540,0.021,2,2,0.99255025,4.869977e-07,3.7915306e-05,0.99255025,0.007411294
512,292,standing,2021-05-07 16:19:19.559,2021-05-07 16:19:21.540,0.021,2,2,0.9924979,9.462088e-08,2.3849087e-05,0.9924979,0.007478112
512,293,walking,2021-05-07 16:19:21.680,2021-05-07 16:19:23.659,0.021,3,3,0.9950016,1.3957037e-07,0.00036724695,0.0046309573,0.9950016
512,293,walking,2021-05-07 16:19:22.680,2021-05-07 16:19:24.659,0.021,3,3,0.99893576,3.994723e-09,5.111724e-06,0.0010591325,0.99893576
512,293,walking,2021-05-07 16:19:23.680,2021-05-07 16:19:25.659,0.021,3,3,0.99925435,9.387679e-09,1.09552475e-05,0.0007347322,0.99925435
512,293,walking,2021-05-07 16:19:24.680,2021-05-07 16:19:26.659,0.021,3,3,0.9981517,2.1637582e-08,2.461382e-05,0.0018235764,0.9981517
512,293,walking,2021-05-07 16:19:25.680,2021-05-07 16:19:27.659,0.021,3,3,0.9994186,1.1714532e-08,2.0881731e-05,0.00056048296,0.9994186
512,293,walking,2021-05-07 16:19:26.680,2021-05-07 16:19:28.659,0.021,3,3,0.99945945,2.9318755e-08,7.811327e-05,0.0004624469,0.99945945
512,293,walking,2021-05-07 16:19:27.680,2021-05-07 16:19:29.659,0.021,3,3,0.9998386,8.319389e-10,1.7875285e-06,0.00015976567,0.9998386
512,293,walking,2021-05-07 16:19:28.680,2021-05-07 16:19:30.659,0.021,3,3,0.99994975,6.637912e-10,2.4062306e-06,4.780884e-05,0.99994975
512,293,walking,2021-05-07 16:19:29.680,2021-05-07 16:19:31.659,0.021,3,3,0.99926835,3.459219e-09,1.17165655e-05,0.00071997766,0.99926835
512,293,walking,2021-05-07 16:19:30.680,2021-05-07 16:19:32.659,0.021,3,3,0.9994043,6.9826758e-09,1.946527e-05,0.0005762382,0.9994043
512,293,walking,2021-05-07 16:19:31.680,2021-05-07 16:19:33.659,0.021,3,3,0.9995765,9.365681e-09,7.1622395e-05,0.00035177625,0.9995765
512,293,walking,2021-05-07 16:19:32.680,2021-05-07 16:19:34.659,0.021,3,3,0.9999022,1.2610657e-09,4.3253913e-06,9.3408096e-05,0.9999022
512,293,walking,2021-05-07 16:19:33.680,2021-05-07 16:19:35.659,0.021,3,3,0.9927051,6.580093e-08,6.672707e-05,0.0072280364,0.9927051
512,293,walking,2021-05-07 16:19:34.680,2021-05-07 16:19:36.659,0.021,3,3,0.9681736,1.5561493e-07,0.00012390451,0.031702325,0.9681736
512,293,walking,2021-05-07 16:19:35.680,2021-05-07 16:19:37.659,0.021,3,3,0.9993818,1.5610901e-08,2.5508705e-05,0.0005926321,0.9993818
512,293,walking,2021-05-07 16:19:36.680,2021-05-07 16:19:38.659,0.021,3,3,0.9991872,3.354221e-08,0.00016000254,0.00065282313,0.9991872
512,293,walking,2021-05-07 16:19:37.680,2021-05-07 16:19:39.659,0.021,3,3,0.9998424,2.070062e-10,5.8316e-07,0.00015709848,0.9998424
512,293,walking,2021-05-07 16:19:38.680,2021-05-07 16:19:40.659,0.021,3,3,0.9997983,1.1856551e-09,4.6960236e-06,0.00019705255,0.9997983
512,293,walking,2021-05-07 16:19:39.680,2021-05-07 16:19:41.659,0.021,3,3,0.99891007,1.1319433e-08,2.7461512e-05,0.0010624416,0.99891007
512,293,walking,2021-05-07 16:19:40.680,2021-05-07 16:19:42.659,0.021,3,3,0.9978455,1.3077458e-08,1.6118189e-05,0.0021384426,0.9978455
512,293,walking,2021-05-07 16:19:41.680,2021-05-07 16:19:43.659,0.021,3,3,0.9974127,1.459173e-08,6.494523e-05,0.0025223098,0.9974127
512,293,walking,2021-05-07 16:19:42.680,2021-05-07 16:19:44.659,0.021,3,3,0.9990893,1.5934146e-09,3.1777856e-06,0.00090758706,0.9990893
512,293,walking,2021-05-07 16:19:43.680,2021-05-07 16:19:45.659,0.021,3,3,0.9997785,2.8899196e-09,7.5234725e-06,0.00021403529,0.9997785
512,293,walking,2021-05-07 16:19:44.680,2021-05-07 16:19:46.659,0.021,3,3,0.99727595,5.5949382e-08,7.758161e-05,0.0026464825,0.99727595
512,293,walking,2021-05-07 16:19:45.680,2021-05-07 16:19:47.659,0.021,3,3,0.99966806,9.294316e-10,1.2791826e-06,0.00033076477,0.99966806
512,293,walking,2021-05-07 16:19:46.680,2021-05-07 16:19:48.659,0.021,3,3,0.99999434,3.732584e-11,1.0232695e-07,5.552671e-06,0.99999434
512,293,walking,2021-05-07 16:19:47.680,2021-05-07 16:19:49.659,0.021,3,3,0.9998164,4.7095894e-10,6.778586e-07,0.00018299566,0.9998164
512,293,walking,2021-05-07 16:19:48.680,2021-05-07 16:19:50.659,0.021,3,3,0.99959034,7.955682e-09,2.1214983e-05,0.00038828579,0.99959034
512,293,walking,2021-05-07 16:19:49.680,2021-05-07 16:19:51.659,0.021,3,3,0.99935436,1.4592666e-08,5.419148e-05,0.0005913921,0.99935436
512,293,walking,2021-05-07 16:19:50.680,2021-05-07 16:19:52.659,0.021,3,3,0.99920696,1.0096395e-09,1.3825448e-06,0.00079156394,0.99920696
512,293,walking,2021-05-07 16:19:51.680,2021-05-07 16:19:53.659,0.021,3,3,0.99956393,1.2673944e-09,1.8802169e-06,0.00043421434,0.99956393
512,293,walking,2021-05-07 16:19:52.680,2021-05-07 16:19:54.659,0.021,3,3,0.9987544,2.0142006e-09,2.5876282e-06,0.0012429989,0.9987544
512,293,walking,2021-05-07 16:19:53.680,2021-05-07 16:19:55.659,0.021,3,3,0.99961156,4.7838355e-09,1.0344785e-05,0.00037804895,0.99961156
512,293,walking,2021-05-07 16:19:54.680,2021-05-07 16:19:56.659,0.021,3,3,0.9997678,2.8813685e-09,1.25796205e-05,0.00021975632,0.9997678
512,293,walking,2021-05-07 16:19:55.680,2021-05-07 16:19:57.659,0.021,3,3,0.99799514,1.818739e-09,1.5126277e-06,0.0020034257,0.99799514
512,293,walking,2021-05-07 16:19:56.680,2021-05-07 16:19:58.659,0.021,3,3,0.99912345,6.1650307e-09,7.36426e-06,0.00086908886,0.99912345
512,293,walking,2021-05-07 16:19:57.680,2021-05-07 16:19:59.659,0.021,3,3,0.99889016,9.008878e-09,2.6723847e-05,0.0010830887,0.99889016
512,293,walking,2021-05-07 16:19:58.680,2021-05-07 16:20:00.660,0.021,3,3,0.99910766,2.0908146e-09,2.4456774e-06,0.0008898471,0.99910766
512,293,walking,2021-05-07 16:19:59.680,2021-05-07 16:20:01.660,0.021,3,3,0.9998679,4.5602266e-10,6.630325e-07,0.00013149095,0.9998679
512,293,walking,2021-05-07 16:20:00.680,2021-05-07 16:20:02.660,0.021,3,3,0.9998835,2.9268366e-09,3.7914733e-06,0.000112669884,0.9998835
512,293,walking,2021-05-07 16:20:01.680,2021-05-07 16:20:03.660,0.021,3,3,0.9998986,3.4179418e-10,5.1792335e-07,0.00010083138,0.9998986
512,293,walking,2021-05-07 16:20:02.680,2021-05-07 16:20:04.659,0.021,3,3,0.99993724,5.532569e-10,4.7610587e-07,6.222948e-05,0.99993724
512,293,walking,2021-05-07 16:20:03.680,2021-05-07 16:20:05.659,0.021,3,3,0.9995656,1.0031465e-08,8.015592e-06,0.0004264359,0.9995656
512,293,walking,2021-05-07 16:20:04.680,2021-05-07 16:20:06.659,0.021,3,3,0.99987847,2.6182959e-10,4.1792538e-07,0.000121023026,0.99987847
512,293,walking,2021-05-07 16:20:05.680,2021-05-07 16:20:07.659,0.021,3,3,0.9999426,1.5030609e-10,1.932981e-07,5.7128495e-05,0.9999426
512,293,walking,2021-05-07 16:20:06.680,2021-05-07 16:20:08.659,0.021,3,3,0.9996266,1.3401115e-09,1.3734697e-06,0.00037211983,0.9996266
512,293,walking,2021-05-07 16:20:07.680,2021-05-07 16:20:09.659,0.021,3,3,0.99933916,5.626285e-09,6.656376e-06,0.00065418147,0.99933916
512,293,walking,2021-05-07 16:20:08.680,2021-05-07 16:20:10.659,0.021,3,3,0.999216,7.270635e-09,3.627133e-05,0.0007476976,0.999216
512,293,walking,2021-05-07 16:20:09.680,2021-05-07 16:20:11.659,0.021,3,3,0.99947375,1.19184e-09,1.42167e-06,0.00052487775,0.99947375
512,293,walking,2021-05-07 16:20:10.680,2021-05-07 16:20:12.659,0.021,3,3,0.9989904,3.0978218e-09,2.4346446e-06,0.0010072562,0.9989904
512,293,walking,2021-05-07 16:20:11.680,2021-05-07 16:20:13.659,0.021,3,3,0.9997835,1.1576201e-09,3.295708e-06,0.0002132611,0.9997835
512,293,walking,2021-05-07 16:20:12.680,2021-05-07 16:20:14.659,0.021,3,3,0.9993466,5.850508e-10,7.4202046e-07,0.00065254286,0.9993466
512,293,walking,2021-05-07 16:20:13.680,2021-05-07 16:20:15.659,0.021,3,3,0.9976232,6.9108594e-09,5.8605947e-06,0.0023708376,0.9976232
512,293,walking,2021-05-07 16:20:14.680,2021-05-07 16:20:16.659,0.021,3,3,0.99844736,1.3175153e-08,2.1768103e-05,0.0015308175,0.99844736
512,293,walking,2021-05-07 16:20:15.680,2021-05-07 16:20:17.659,0.021,3,3,0.9997374,3.9666478e-10,4.9557696e-07,0.00026203398,0.9997374
512,293,walking,2021-05-07 16:20:16.680,2021-05-07 16:20:18.659,0.021,3,3,0.99958557,4.6805654e-10,5.5564834e-07,0.000413855,0.99958557
512,293,walking,2021-05-07 16:20:17.680,2021-05-07 16:20:19.659,0.021,3,3,0.9989109,4.8614264e-09,3.5940986e-06,0.0010854776,0.9989109
512,293,walking,2021-05-07 16:20:18.680,2021-05-07 16:20:20.659,0.021,3,3,0.9998176,1.5447993e-10,2.1063528e-07,0.00018230175,0.9998176
512,293,walking,2021-05-07 16:20:19.680,2021-05-07 16:20:21.659,0.021,3,3,0.99998266,5.3410314e-11,3.921887e-08,1.7251368e-05,0.99998266
512,293,walking,2021-05-07 16:20:20.680,2021-05-07 16:20:22.659,0.021,3,3,0.99987245,6.280185e-10,5.1070134e-07,0.00012711667,0.99987245
512,293,walking,2021-05-07 16:20:21.680,2021-05-07 16:20:23.659,0.021,3,3,0.9998924,2.6905714e-10,2.2828434e-07,0.00010733992,0.9998924
512,293,walking,2021-05-07 16:20:22.680,2021-05-07 16:20:24.659,0.021,3,3,0.99964446,8.932149e-10,6.7715996e-07,0.00035495264,0.99964446
512,293,walking,2021-05-07 16:20:23.680,2021-05-07 16:20:25.659,0.021,3,3,0.990582,2.4254573e-08,1.4535574e-05,0.00940344,0.990582
512,293,walking,2021-05-07 16:20:24.680,2021-05-07 16:20:26.659,0.021,3,3,0.9968464,5.101346e-09,3.935413e-06,0.0031496417,0.9968464
512,293,walking,2021-05-07 16:20:25.680,2021-05-07 16:20:27.659,0.021,3,3,0.9998665,8.161674e-11,1.4895811e-07,0.00013349853,0.9998665
512,296,standing,2021-05-07 16:20:32.400,2021-05-07 16:20:34.380,0.021,2,2,0.9999507,2.1121591e-09,1.3268642e-07,0.9999507,4.911185e-05
512,296,standing,2021-05-07 16:20:33.400,2021-05-07 16:20:35.380,0.021,2,2,0.999906,4.5369344e-09,3.3733485e-07,0.999906,9.355172e-05
512,296,standing,2021-05-07 16:20:34.400,2021-05-07 16:20:36.380,0.021,2,2,0.99954,2.5708779e-08,3.7159266e-06,0.99954,0.00045631314
512,298,standing,2021-05-07 16:20:39.400,2021-05-07 16:20:41.380,0.021,2,2,0.992388,5.4091647e-06,0.00018296797,0.992388,0.0074236207
512,301,walking,2021-05-07 16:20:49.000,2021-05-07 16:20:50.979,0.021,3,3,0.99377275,1.5991565e-08,7.563443e-06,0.0062196236,0.99377275
512,301,walking,2021-05-07 16:20:50.000,2021-05-07 16:20:51.979,0.021,3,3,0.9999283,1.6905259e-09,6.308832e-05,8.508204e-06,0.9999283
512,301,walking,2021-05-07 16:20:51.000,2021-05-07 16:20:52.979,0.021,3,3,0.99951744,3.486423e-08,0.00045035366,3.2133863e-05,0.99951744
512,301,walking,2021-05-07 16:20:52.000,2021-05-07 16:20:53.979,0.021,3,3,0.99997896,1.4250116e-10,3.083342e-07,2.0727424e-05,0.99997896
512,301,walking,2021-05-07 16:20:53.000,2021-05-07 16:20:54.979,0.021,3,3,0.9999239,8.892919e-11,2.0652861e-07,7.58431e-05,0.9999239
512,302,walking,2021-05-07 16:21:35.360,2021-05-07 16:21:37.340,0.021,3,3,0.9999537,1.5679279e-10,2.1315999e-07,4.5986744e-05,0.9999537
512,304,walking,2021-05-07 16:21:38.319,2021-05-07 16:21:40.299,0.021,3,3,0.999985,3.537651e-10,3.1350974e-06,1.1931334e-05,0.999985
512,304,walking,2021-05-07 16:21:39.319,2021-05-07 16:21:41.299,0.021,3,3,0.99997365,1.7026147e-09,5.1498655e-06,2.1191103e-05,0.99997365
512,304,walking,2021-05-07 16:21:40.319,2021-05-07 16:21:42.299,0.021,3,3,0.9998946,7.884476e-10,1.0380683e-06,0.0001042832,0.9998946
512,304,walking,2021-05-07 16:21:41.319,2021-05-07 16:21:43.299,0.021,3,3,0.99960214,7.257518e-10,1.6514241e-06,0.00039623692,0.99960214
