subject,segment,activity,start_time,end_time,max_interval_seconds,true,predicted,confidence,prob_lying,prob_sitting,prob_standing,prob_walking
511,0,standing,2021-05-07 10:10:25.903,2021-05-07 10:10:27.884,0.021,2,2,0.9998231,2.4122944e-06,1.286533e-09,0.9998231,0.00017460603
511,0,standing,2021-05-07 10:10:26.903,2021-05-07 10:10:28.884,0.021,2,2,0.99979115,2.9243836e-06,1.348237e-09,0.99979115,0.00020584383
511,0,standing,2021-05-07 10:10:27.903,2021-05-07 10:10:29.884,0.021,2,2,0.9998145,3.3219287e-06,1.6601835e-09,0.9998145,0.0001821295
511,0,standing,2021-05-07 10:10:28.903,2021-05-07 10:10:30.884,0.021,2,2,0.99984765,2.4986214e-06,1.3967284e-09,0.99984765,0.00014989519
511,0,standing,2021-05-07 10:10:29.903,2021-05-07 10:10:31.884,0.021,2,2,0.99984026,2.204856e-06,1.2081456e-09,0.99984026,0.00015739612
511,0,standing,2021-05-07 10:10:30.903,2021-05-07 10:10:32.883,0.021,2,2,0.9998792,2.0812556e-06,8.588802e-10,0.9998792,0.00011869035
511,0,standing,2021-05-07 10:10:31.903,2021-05-07 10:10:33.883,0.021,2,2,0.99988884,2.001755e-06,8.2189583e-10,0.99988884,0.00010911758
511,0,standing,2021-05-07 10:10:32.903,2021-05-07 10:10:34.883,0.021,2,2,0.9998922,2.0188438e-06,7.927448e-10,0.9998922,0.00010576043
511,0,standing,2021-05-07 10:10:33.903,2021-05-07 10:10:35.883,0.021,2,2,0.999886,2.0703383e-06,8.84232e-10,0.999886,0.000111940484
511,0,standing,2021-05-07 10:10:34.903,2021-05-07 10:10:36.883,0.021,2,2,0.9998899,2.230512e-06,9.286738e-10,0.9998899,0.00010776911
511,0,standing,2021-05-07 10:10:35.903,2021-05-07 10:10:37.883,0.021,2,2,0.99989825,2.258169e-06,8.216246e-10,0.99989825,9.946786e-05
511,0,standing,2021-05-07 10:10:36.903,2021-05-07 10:10:38.883,0.021,2,2,0.999906,2.1384526e-06,6.2300953e-10,0.999906,9.177928e-05
511,0,standing,2021-05-07 10:10:37.903,2021-05-07 10:10:39.883,0.021,2,2,0.9999098,2.0908808e-06,5.6119565e-10,0.9999098,8.791908e-05
511,0,standing,2021-05-07 10:10:38.903,2021-05-07 10:10:40.883,0.021,2,2,0.999888,2.2255338e-06,5.832335e-10,0.999888,0.00010963046
511,0,standing,2021-05-07 10:10:39.903,2021-05-07 10:10:41.883,0.021,2,2,0.9998646,2.2768695e-06,7.310125e-10,0.9998646,0.00013312882
511,0,standing,2021-05-07 10:10:40.903,2021-05-07 10:10:42.883,0.021,2,2,0.9998779,1.9807362e-06,8.1211954e-10,0.9998779,0.00012000433
511,0,standing,2021-05-07 10:10:41.903,2021-05-07 10:10:43.883,0.021,2,2,0.9998968,1.9435367e-06,7.0775696e-10,0.9998968,0.00010120142
511,0,standing,2021-05-07 10:10:42.903,2021-05-07 10:10:44.883,0.021,2,2,0.99992436,2.1328215e-06,4.5112833e-10,0.99992436,7.339312e-05
511,0,standing,2021-05-07 10:10:43.903,2021-05-07 10:10:45.883,0.021,2,2,0.99993473,2.1363778e-06,3.4485156e-10,0.99993473,6.306057e-05
511,0,standing,2021-05-07 10:10:44.903,2021-05-07 10:10:46.883,0.021,2,2,0.99993104,1.9585596e-06,3.5266073e-10,0.99993104,6.703041e-05
511,2,standing,2021-05-07 10:10:51.243,2021-05-07 10:10:53.223,0.021,2,2,0.99972165,1.787345e-06,1.4289127e-09,0.99972165,0.0002764904
511,3,walking,2021-05-07 10:10:54.043,2021-05-07 10:10:56.023,0.021,3,3,0.99851805,1.3310607e-06,1.3143305e-08,0.0014805985,0.99851805
511,3,walking,2021-05-07 10:10:55.043,2021-05-07 10:10:57.023,0.021,3,3,0.9999704,1.8921858e-07,5.712574e-10,2.939879e-05,0.9999704
511,3,walking,2021-05-07 10:10:56.043,2021-05-07 10:10:58.023,0.021,3,3,0.9997513,3.372246e-06,5.3736606e-09,0.0002452468,0.9997513
511,4,sitting,2021-05-07 10:11:00.444,2021-05-07 10:11:02.424,0.021,1,1,0.9998317,2.224286e-06,0.9998317,1.5724029e-09,0.0001660872
511,4,sitting,2021-05-07 10:11:01.444,2021-05-07 10:11:03.424,0.021,1,1,0.9999463,6.7159266e-07,0.9999463,1.2709711e-09,5.298548e-05
511,4,sitting,2021-05-07 10:11:02.444,2021-05-07 10:11:04.423,0.021,1,1,0.9999369,7.184815e-07,0.9999369,5.71647e-10,6.2363666e-05
511,4,sitting,2021-05-07 10:11:03.444,2021-05-07 10:11:05.423,0.021,1,1,0.99995476,4.776314e-07,0.99995476,4.7924903e-10,4.4726625e-05
511,4,sitting,2021-05-07 10:11:04.444,2021-05-07 10:11:06.423,0.021,1,1,0.9999456,7.0782096e-07,0.9999456,4.5049128e-10,5.3598258e-05
511,4,sitting,2021-05-07 10:11:05.444,2021-05-07 10:11:07.423,0.021,1,1,0.99994403,7.253631e-07,0.99994403,4.3702122e-10,5.522757e-05
511,4,sitting,2021-05-07 10:11:06.444,2021-05-07 10:11:08.423,0.021,1,1,0.99995214,5.602833e-07,0.99995214,4.756099e-10,4.719139e-05
511,4,sitting,2021-05-07 10:11:07.444,2021-05-07 10:11:09.423,0.021,1,1,0.9999557,4.5109581e-07,0.9999557,4.1736672e-10,4.3772445e-05
511,4,sitting,2021-05-07 10:11:08.444,2021-05-07 10:11:10.423,0.021,1,1,0.9999539,4.3372697e-07,0.9999539,4.2966783e-10,4.5548884e-05
511,4,sitting,2021-05-07 10:11:09.444,2021-05-07 10:11:11.423,0.021,1,1,0.9999545,4.5822085e-07,0.9999545,3.7518655e-10,4.494211e-05
511,4,sitting,2021-05-07 10:11:10.444,2021-05-07 10:11:12.423,0.021,1,1,0.9999549,4.811797e-07,0.9999549,3.1011718e-10,4.456696e-05
511,4,sitting,2021-05-07 10:11:11.444,2021-05-07 10:11:13.423,0.021,1,1,0.99995166,5.851257e-07,0.99995166,3.3498504e-10,4.7645208e-05
511,4,sitting,2021-05-07 10:11:12.444,2021-05-07 10:11:14.423,0.021,1,1,0.99994797,6.670834e-07,0.99994797,3.515143e-10,5.1209245e-05
511,4,sitting,2021-05-07 10:11:13.444,2021-05-07 10:11:15.423,0.021,1,1,0.9999495,5.9175187e-07,0.9999495,3.892659e-10,4.982452e-05
511,4,sitting,2021-05-07 10:11:14.444,2021-05-07 10:11:16.423,0.021,1,1,0.99994975,5.05288e-07,0.99994975,3.6452835e-10,4.9700055e-05
511,4,sitting,2021-05-07 10:11:15.444,2021-05-07 10:11:17.423,0.021,1,1,0.99994713,5.020177e-07,0.99994713,2.9860728e-10,5.2277956e-05
511,4,sitting,2021-05-07 10:11:16.444,2021-05-07 10:11:18.423,0.021,1,1,0.9999482,5.163639e-07,0.9999482,3.241726e-10,5.1221905e-05
511,4,sitting,2021-05-07 10:11:17.444,2021-05-07 10:11:19.423,0.021,1,1,0.99994737,5.535895e-07,0.99994737,2.7287012e-10,5.1994215e-05
511,4,sitting,2021-05-07 10:11:18.444,2021-05-07 10:11:20.423,0.021,1,1,0.9999456,5.2520886e-07,0.9999456,2.0196425e-10,5.383175e-05
511,4,sitting,2021-05-07 10:11:19.444,2021-05-07 10:11:21.423,0.021,1,1,0.9999538,5.526889e-07,0.9999538,2.464496e-10,4.5552617e-05
511,4,sitting,2021-05-07 10:11:20.444,2021-05-07 10:11:22.423,0.021,1,1,0.9999556,7.607499e-07,0.9999556,2.4202232e-10,4.3642347e-05
511,4,sitting,2021-05-07 10:11:21.444,2021-05-07 10:11:23.423,0.021,1,1,0.9999482,8.723415e-07,0.9999482,2.131347e-10,5.0895705e-05
511,4,sitting,2021-05-07 10:11:22.444,2021-05-07 10:11:24.423,0.021,1,1,0.99994606,9.794733e-07,0.99994606,1.6104368e-10,5.288854e-05
511,4,sitting,2021-05-07 10:11:23.444,2021-05-07 10:11:25.423,0.021,1,1,0.99994236,1.1524081e-06,0.99994236,1.3966522e-10,5.6381396e-05
511,4,sitting,2021-05-07 10:11:24.444,2021-05-07 10:11:26.423,0.021,1,1,0.999876,1.5099143e-06,0.999876,1.6578261e-10,0.00012248154
511,4,sitting,2021-05-07 10:11:25.444,2021-05-07 10:11:27.423,0.021,1,1,0.99992055,5.116156e-07,0.99992055,1.5556685e-10,7.892148e-05
511,4,sitting,2021-05-07 10:11:26.444,2021-05-07 10:11:28.423,0.021,1,1,0.99991125,9.676905e-07,0.99991125,1.6667653e-10,8.771076e-05
511,4,sitting,2021-05-07 10:11:27.444,2021-05-07 10:11:29.423,0.021,1,1,0.9998131,1.7547513e-06,0.9998131,1.4322382e-10,0.00018504553
511,4,sitting,2021-05-07 10:11:28.444,2021-05-07 10:11:30.423,0.021,1,1,0.99974227,1.8282769e-06,0.99974227,6.323136e-11,0.00025589933
511,4,sitting,2021-05-07 10:11:29.444,2021-05-07 10:11:31.423,0.021,1,1,0.999745,2.7151714e-06,0.999745,3.7993067e-11,0.00025212325
511,4,sitting,2021-05-07 10:11:30.444,2021-05-07 10:11:32.423,0.021,1,1,0.9998162,2.9694e-06,0.9998162,4.6363937e-11,0.0001808321
511,4,sitting,2021-05-07 10:11:31.444,2021-05-07 10:11:33.423,0.021,1,1,0.9998312,2.8135432e-06,0.9998312,5.088062e-11,0.00016586615
511,4,sitting,2021-05-07 10:11:32.444,2021-05-07 10:11:34.423,0.021,1,1,0.99983764,2.812751e-06,0.99983764,3.850216e-11,0.00015962159
511,4,sitting,2021-05-07 10:11:33.444,2021-05-07 10:11:35.423,0.021,1,1,0.9998157,2.739637e-06,0.9998157,2.6130764e-11,0.00018169738
511,4,sitting,2021-05-07 10:11:34.444,2021-05-07 10:11:36.423,0.021,1,1,0.9997971,2.0690902e-06,0.9997971,3.1768338e-11,0.00020080358
511,4,sitting,2021-05-07 10:11:35.444,2021-05-07 10:11:37.423,0.021,1,1,0.99984384,1.4053579e-06,0.99984384,4.127916e-11,0.0001547416
511,4,sitting,2021-05-07 10:11:36.444,2021-05-07 10:11:38.423,0.021,1,1,0.9998603,1.5954666e-06,0.9998603,3.691799e-11,0.00013827326
511,4,sitting,2021-05-07 10:11:37.444,2021-05-07 10:11:39.423,0.021,1,1,0.9998591,2.2126153e-06,0.9998591,4.159863e-11,0.00013862774
511,4,sitting,2021-05-07 10:11:38.444,2021-05-07 10:11:40.423,0.021,1,1,0.99983644,2.6143587e-06,0.99983644,4.137123e-11,0.00016091413
511,4,sitting,2021-05-07 10:11:39.444,2021-05-07 10:11:41.423,0.021,1,1,0.9997176,5.1513953e-06,0.9997176,4.31351e-11,0.00027725898
511,4,sitting,2021-05-07 10:11:40.444,2021-05-07 10:11:42.423,0.021,1,1,0.9997419,5.7772368e-06,0.9997419,4.19904e-11,0.00025226534
511,4,sitting,2021-05-07 10:11:41.444,2021-05-07 10:11:43.423,0.021,1,1,0.99979925,3.9871093e-06,0.99979925,3.7419054e-11,0.00019678344
511,4,sitting,2021-05-07 10:11:42.444,2021-05-07 10:11:44.423,0.021,1,1,0.999809,2.7113188e-06,0.999809,4.4768186e-11,0.00018828515
511,4,sitting,2021-05-07 10:11:43.444,2021-05-07 10:11:45.423,0.021,1,1,0.9997971,4.061093e-06,0.9997971,6.104826e-11,0.00019891911
511,4,sitting,2021-05-07 10:11:44.444,2021-05-07 10:11:46.423,0.021,1,1,0.999769,7.5506064e-06,0.999769,4.972552e-11,0.00022361461
511,4,sitting,2021-05-07 10:11:45.444,2021-05-07 10:11:47.423,0.021,1,1,0.9997885,5.161232e-06,0.9997885,2.6001588e-11,0.00020625457
511,4,sitting,2021-05-07 10:11:46.444,2021-05-07 10:11:48.423,0.021,1,1,0.9998236,3.5595494e-06,0.9998236,2.0858912e-11,0.00017277626
511,4,sitting,2021-05-07 10:11:47.444,2021-05-07 10:11:49.423,0.021,1,1,0.9998195,3.4882517e-06,0.9998195,2.7971247e-11,0.0001771537
511,4,sitting,2021-05-07 10:11:48.444,2021-05-07 10:11:50.423,0.021,1,1,0.99981284,3.3105034e-06,0.99981284,3.443171e-11,0.00018392668
511,4,sitting,2021-05-07 10:11:49.444,2021-05-07 10:11:51.423,0.021,1,1,0.9998026,3.837861e-06,0.9998026,2.7188396e-11,0.00019362538
511,4,sitting,2021-05-07 10:11:50.444,2021-05-07 10:11:52.423,0.021,1,1,0.9998276,3.0715285e-06,0.9998276,1.9349423e-11,0.00016938974
511,4,sitting,2021-05-07 10:11:51.444,2021-05-07 10:11:53.423,0.021,1,1,0.9998381,2.7355995e-06,0.9998381,2.1704099e-11,0.00015911723
511,4,sitting,2021-05-07 10:11:52.444,2021-05-07 10:11:54.423,0.021,1,1,0.9998386,2.6718942e-06,0.9998386,2.1716988e-11,0.00015876927
511,4,sitting,2021-05-07 10:11:53.444,2021-05-07 10:11:55.423,0.021,1,1,0.9998486,2.7010099e-06,0.9998486,1.9269171e-11,0.00014879809
511,4,sitting,2021-05-07 10:11:54.444,2021-05-07 10:11:56.423,0.021,1,1,0.99984455,2.9801854e-06,0.99984455,2.1335045e-11,0.00015250345
511,4,sitting,2021-05-07 10:11:55.444,2021-05-07 10:11:57.423,0.021,1,1,0.9998431,3.0096624e-06,0.9998431,2.6120866e-11,0.000153954
511,4,sitting,2021-05-07 10:11:56.444,2021-05-07 10:11:58.423,0.021,1,1,0.99983144,3.4112848e-06,0.99983144,3.1552334e-11,0.00016522346
511,4,sitting,2021-05-07 10:11:57.444,2021-05-07 10:11:59.423,0.021,1,1,0.9998064,3.785545e-06,0.9998064,2.7771053e-11,0.00018985117
511,4,sitting,2021-05-07 10:11:58.444,2021-05-07 10:12:00.424,0.021,1,1,0.9998205,2.5801262e-06,0.9998205,1.499981e-11,0.00017703464
511,4,sitting,2021-05-07 10:11:59.444,2021-05-07 10:12:01.424,0.021,1,1,0.9998522,1.8818051e-06,0.9998522,1.0711842e-11,0.00014585185
511,4,sitting,2021-05-07 10:12:00.444,2021-05-07 10:12:02.424,0.021,1,1,0.99987507,1.7016556e-06,0.99987507,1.18673136e-11,0.00012325161
511,4,sitting,2021-05-07 10:12:01.444,2021-05-07 10:12:03.424,0.021,1,1,0.999871,2.2919817e-06,0.999871,1.82111e-11,0.00012669168
511,4,sitting,2021-05-07 10:12:02.444,2021-05-07 10:12:04.423,0.021,1,1,0.9998648,2.5682457e-06,0.9998648,2.0227243e-11,0.00013270484
511,4,sitting,2021-05-07 10:12:03.444,2021-05-07 10:12:05.423,0.021,1,1,0.99986315,2.368779e-06,0.99986315,2.1262965e-11,0.00013450574
511,4,sitting,2021-05-07 10:12:04.444,2021-05-07 10:12:06.423,0.021,1,1,0.999877,1.8422232e-06,0.999877,1.5660521e-11,0.00012120395
511,4,sitting,2021-05-07 10:12:05.444,2021-05-07 10:12:07.423,0.021,1,1,0.99980783,5.334156e-06,0.99980783,3.7505835e-11,0.00018686012
511,4,sitting,2021-05-07 10:12:06.444,2021-05-07 10:12:08.423,0.021,1,1,0.9997009,1.5348083e-05,0.9997009,9.416546e-11,0.00028363522
511,4,sitting,2021-05-07 10:12:07.444,2021-05-07 10:12:09.423,0.021,1,1,0.99974215,8.487213e-06,0.99974215,4.5881604e-11,0.00024934043
511,4,sitting,2021-05-07 10:12:08.444,2021-05-07 10:12:10.423,0.021,1,1,0.9997966,5.482455e-06,0.9997966,3.391248e-11,0.00019797086
511,4,sitting,2021-05-07 10:12:09.444,2021-05-07 10:12:11.423,0.021,1,1,0.9998083,4.7964527e-06,0.9998083,3.084541e-11,0.00018698178
511,4,sitting,2021-05-07 10:12:10.444,2021-05-07 10:12:12.423,0.021,1,1,0.9998219,3.637678e-06,0.9998219,8.6996695e-12,0.00017434925
511,4,sitting,2021-05-07 10:12:11.444,2021-05-07 10:12:13.423,0.021,1,1,0.99965996,3.8719677e-06,0.99965996,1.9213012e-12,0.00033625326
511,4,sitting,2021-05-07 10:12:12.444,2021-05-07 10:12:14.423,0.021,1,1,0.99990624,5.6568954e-08,0.99990624,3.641579e-11,9.364466e-05
511,4,sitting,2021-05-07 10:12:13.444,2021-05-07 10:12:15.423,0.021,1,1,0.9999899,5.826814e-10,0.9999899,5.121004e-10,9.985789e-06
511,4,sitting,2021-05-07 10:12:14.444,2021-05-07 10:12:16.423,0.021,1,1,0.9999921,8.899401e-10,0.9999921,2.3828892e-09,7.828226e-06
511,4,sitting,2021-05-07 10:12:15.444,2021-05-07 10:12:17.423,0.021,1,1,0.99999255,9.2465424e-10,0.99999255,3.459099e-09,7.407139e-06
511,4,sitting,2021-05-07 10:12:16.444,2021-05-07 10:12:18.423,0.021,1,1,0.99999076,1.1269147e-09,0.99999076,3.5332293e-09,9.19626e-06
511,4,sitting,2021-05-07 10:12:17.444,2021-05-07 10:12:19.423,0.021,1,1,0.99998194,2.3488413e-09,0.99998194,4.773329e-09,1.8044144e-05
511,4,sitting,2021-05-07 10:12:18.444,2021-05-07 10:12:20.423,0.021,1,1,0.999983,3.0338319e-09,0.999983,6.433031e-09,1.6895227e-05
511,4,sitting,2021-05-07 10:12:19.444,2021-05-07 10:12:21.423,0.021,1,1,0.999981,5.5057376e-09,0.999981,8.818994e-09,1.8950288e-05
511,4,sitting,2021-05-07 10:12:20.444,2021-05-07 10:12:22.423,0.021,1,1,0.99991196,5.4406296e-08,0.99991196,1.3290757e-09,8.7947534e-05
511,4,sitting,2021-05-07 10:12:21.444,2021-05-07 10:12:23.423,0.021,1,1,0.9994429,4.5132592e-06,0.9994429,9.675804e-11,0.00055260205
511,4,sitting,2021-05-07 10:12:22.444,2021-05-07 10:12:24.423,0.021,1,1,0.99942267,2.9715948e-05,0.99942267,4.4993613e-11,0.0005477031
511,4,sitting,2021-05-07 10:12:23.444,2021-05-07 10:12:25.423,0.021,1,1,0.99951,3.1547916e-05,0.99951,5.112757e-11,0.00045851653
511,4,sitting,2021-05-07 10:12:24.444,2021-05-07 10:12:26.423,0.021,1,1,0.99956787,2.3789049e-05,0.99956787,4.940763e-11,0.00040833402
511,4,sitting,2021-05-07 10:12:25.444,2021-05-07 10:12:27.423,0.021,1,1,0.9996769,1.3841406e-05,0.9996769,4.9548546e-11,0.00030925116
511,4,sitting,2021-05-07 10:12:26.444,2021-05-07 10:12:28.423,0.021,1,1,0.9997144,6.2013523e-06,0.9997144,7.0983906e-11,0.00027935192
511,4,sitting,2021-05-07 10:12:27.444,2021-05-07 10:12:29.423,0.021,1,1,0.9997728,2.172566e-06,0.9997728,6.573855e-11,0.00022496046
511,4,sitting,2021-05-07 10:12:28.444,2021-05-07 10:12:30.423,0.021,1,1,0.9998014,1.137494e-06,0.9998014,2.6261198e-11,0.00019750244
511,4,sitting,2021-05-07 10:12:29.444,2021-05-07 10:12:31.423,0.021,1,1,0.9997935,5.296496e-07,0.9997935,6.8330015e-11,0.00020601615
511,4,sitting,2021-05-07 10:12:30.444,2021-05-07 10:12:32.423,0.021,1,1,0.9998305,3.2579544e-07,0.9998305,3.146374e-10,0.00016912454
511,4,sitting,2021-05-07 10:12:31.444,2021-05-07 10:12:33.423,0.021,1,1,0.99988,1.9784267e-07,0.99988,4.0188808e-10,0.000119639146
511,4,sitting,2021-05-07 10:12:32.444,2021-05-07 10:12:34.423,0.021,1,1,0.9999166,7.346745e-08,0.9999166,9.778731e-10,8.3184335e-05
511,4,sitting,2021-05-07 10:12:33.444,2021-05-07 10:12:35.423,0.021,1,1,0.99992055,7.090717e-08,0.99992055,1.0363348e-09,7.9263475e-05
511,4,sitting,2021-05-07 10:12:34.444,2021-05-07 10:12:36.423,0.021,1,1,0.9998622,2.3752088e-07,0.9998622,4.7839555e-10,0.00013768021
511,4,sitting,2021-05-07 10:12:35.444,2021-05-07 10:12:37.423,0.021,1,1,0.9999029,1.4000504e-07,0.9999029,1.1341165e-09,9.6897085e-05
511,4,sitting,2021-05-07 10:12:36.444,2021-05-07 10:12:38.423,0.021,1,1,0.99992126,6.233834e-08,0.99992126,1.6835668e-09,7.860441e-05
511,4,sitting,2021-05-07 10:12:37.444,2021-05-07 10:12:39.423,0.021,1,1,0.99987483,1.1048478e-07,0.99987483,8.6628654e-10,0.0001250851
511,4,sitting,2021-05-07 10:12:38.444,2021-05-07 10:12:40.423,0.021,1,1,0.9999296,9.758112e-08,0.9999296,2.763927e-09,7.019801e-05
511,4,sitting,2021-05-07 10:12:39.444,2021-05-07 10:12:41.423,0.021,1,1,0.99997634,1.6867696e-07,0.99997634,2.599436e-08,2.3533847e-05
511,4,sitting,2021-05-07 10:12:40.444,2021-05-07 10:12:42.423,0.021,1,1,0.9999446,2.8391588e-07,0.9999446,5.092956e-09,5.502756e-05
511,4,sitting,2021-05-07 10:12:41.444,2021-05-07 10:12:43.423,0.021,1,1,0.9998419,1.8712852e-07,0.9998419,2.9162393e-09,0.000157888
511,4,sitting,2021-05-07 10:12:42.444,2021-05-07 10:12:44.423,0.021,1,1,0.9998336,9.145081e-08,0.9998336,6.6514394e-09,0.00016623679
511,4,sitting,2021-05-07 10:12:43.444,2021-05-07 10:12:45.423,0.021,1,1,0.99982405,2.2672616e-07,0.99982405,9.640757e-09,0.00017580757
511,4,sitting,2021-05-07 10:12:44.444,2021-05-07 10:12:46.423,0.021,1,1,0.99982905,8.972251e-07,0.99982905,2.5336169e-08,0.00017004792
511,4,sitting,2021-05-07 10:12:45.444,2021-05-07 10:12:47.423,0.021,1,1,0.9998862,3.194356e-07,0.9998862,1.556724e-08,0.00011331178
511,4,sitting,2021-05-07 10:12:46.444,2021-05-07 10:12:48.423,0.021,1,1,0.99989325,1.6329236e-07,0.99989325,1.2576416e-08,0.00010650305
511,4,sitting,2021-05-07 10:12:47.444,2021-05-07 10:12:49.423,0.021,1,1,0.9998948,1.081464e-07,0.9998948,9.716723e-09,0.0001049729
511,4,sitting,2021-05-07 10:12:48.444,2021-05-07 10:12:50.423,0.021,1,1,0.9999134,8.868922e-08,0.9999134,1.11586465e-08,8.636808e-05
511,4,sitting,2021-05-07 10:12:49.444,2021-05-07 10:12:51.423,0.021,1,1,0.99992806,6.847227e-08,0.99992806,1.0959334e-08,7.1700146e-05
511,4,sitting,2021-05-07 10:12:50.444,2021-05-07 10:12:52.423,0.021,1,1,0.9999381,6.143123e-08,0.9999381,1.2617972e-08,6.171306e-05
511,4,sitting,2021-05-07 10:12:51.444,2021-05-07 10:12:53.423,0.021,1,1,0.9999425,6.490601e-08,0.9999425,1.5617156e-08,5.7284407e-05
511,4,sitting,2021-05-07 10:12:52.444,2021-05-07 10:12:54.423,0.021,1,1,0.99994177,6.001435e-08,0.99994177,1.4835253e-08,5.804818e-05
511,4,sitting,2021-05-07 10:12:53.444,2021-05-07 10:12:55.423,0.021,1,1,0.99994344,5.7852656e-08,0.99994344,1.5113631e-08,5.6497556e-05
511,4,sitting,2021-05-07 10:12:54.444,2021-05-07 10:12:56.423,0.021,1,1,0.9999458,7.866726e-08,0.9999458,1.7461778e-08,5.4042557e-05
511,4,sitting,2021-05-07 10:12:55.444,2021-05-07 10:12:57.423,0.021,1,1,0.99994427,1.3088274e-07,0.99994427,1.674553e-08,5.5595752e-05
511,4,sitting,2021-05-07 10:12:56.444,2021-05-07 10:12:58.423,0.021,1,1,0.99994963,1.3145824e-07,0.99994963,1.8009958e-08,5.0221675e-05
511,4,sitting,2021-05-07 10:12:57.444,2021-05-07 10:12:59.423,0.021,1,1,0.999952,1.1743234e-07,0.999952,1.8416959e-08,4.7818066e-05
511,4,sitting,2021-05-07 10:12:58.444,2021-05-07 10:13:00.424,0.021,1,1,0.99993914,1.3970082e-07,0.99993914,1.2706548e-08,6.068362e-05
511,4,sitting,2021-05-07 10:12:59.444,2021-05-07 10:13:01.424,0.021,1,1,0.99992603,1.6828896e-07,0.99992603,1.0366771e-08,7.3778305e-05
511,4,sitting,2021-05-07 10:13:00.444,2021-05-07 10:13:02.424,0.021,1,1,0.9999332,8.733161e-08,0.9999332,5.1599924e-09,6.6688975e-05
511,4,sitting,2021-05-07 10:13:01.444,2021-05-07 10:13:03.424,0.021,1,1,0.9999657,3.273799e-08,0.9999657,2.7253297e-09,3.4207173e-05
511,4,sitting,2021-05-07 10:13:02.444,2021-05-07 10:13:04.423,0.021,1,1,0.9999656,2.7643653e-08,0.9999656,2.1120095e-09,3.4302688e-05
511,4,sitting,2021-05-07 10:13:03.444,2021-05-07 10:13:05.423,0.021,1,1,0.99995285,2.5191508e-08,0.99995285,1.5299361e-09,4.7097325e-05
511,4,sitting,2021-05-07 10:13:04.444,2021-05-07 10:13:06.423,0.021,1,1,0.99982095,4.250681e-07,0.99982095,7.8070106e-10,0.00017849078
511,4,sitting,2021-05-07 10:13:05.444,2021-05-07 10:13:07.423,0.021,1,1,0.9996304,6.9636885e-06,0.9996304,2.6010533e-10,0.0003625616
511,4,sitting,2021-05-07 10:13:06.444,2021-05-07 10:13:08.423,0.021,1,1,0.99977064,5.0150543e-06,0.99977064,1.4355768e-10,0.00022441227
511,4,sitting,2021-05-07 10:13:07.444,2021-05-07 10:13:09.423,0.021,1,1,0.99976087,5.8949977e-06,0.99976087,1.4748404e-10,0.00023338984
511,4,sitting,2021-05-07 10:13:08.444,2021-05-07 10:13:10.423,0.021,1,1,0.9997597,7.0343517e-06,0.9997597,1.7974298e-10,0.00023320936
511,4,sitting,2021-05-07 10:13:09.444,2021-05-07 10:13:11.423,0.021,1,1,0.9997785,7.2193793e-06,0.9997785,2.2295721e-10,0.00021429305
511,4,sitting,2021-05-07 10:13:10.444,2021-05-07 10:13:12.423,0.021,1,1,0.9997802,6.020321e-06,0.9997802,1.87015e-10,0.00021368748
511,4,sitting,2021-05-07 10:13:11.444,2021-05-07 10:13:13.423,0.021,1,1,0.9998622,7.5289364e-07,0.9998622,1.0147337e-09,0.0001371271
511,4,sitting,2021-05-07 10:13:12.444,2021-05-07 10:13:14.423,0.021,1,1,0.9999611,9.014173e-08,0.9999611,5.815745e-09,3.8796054e-05
511,4,sitting,2021-05-07 10:13:13.444,2021-05-07 10:13:15.423,0.021,1,1,0.9999692,5.0299654e-08,0.9999692,3.917877e-09,3.080402e-05
511,4,sitting,2021-05-07 10:13:14.444,2021-05-07 10:13:16.423,0.021,1,1,0.99996406,3.994469e-08,0.99996406,2.7562885e-09,3.5922945e-05
511,4,sitting,2021-05-07 10:13:15.444,2021-05-07 10:13:17.423,0.021,1,1,0.9998703,4.4887477e-07,0.9998703,1.2583922e-09,0.00012934742
511,4,sitting,2021-05-07 10:13:16.444,2021-05-07 10:13:18.423,0.021,1,1,0.9996826,9.69133e-06,0.9996826,1.7036027e-10,0.00030787807
511,4,sitting,2021-05-07 10:13:17.444,2021-05-07 10:13:19.423,0.021,1,1,0.9996983,1.01829755e-05,0.9996983,6.422795e-11,0.00029146156
511,4,sitting,2021-05-07 10:13:18.444,2021-05-07 10:13:20.423,0.021,1,1,0.9997077,9.957013e-06,0.9997077,7.8506784e-11,0.00028220096
511,4,sitting,2021-05-07 10:13:19.444,2021-05-07 10:13:21.423,0.021,1,1,0.9997282,9.152117e-06,0.9997282,7.5254504e-11,0.00026251707
511,4,sitting,2021-05-07 10:13:20.444,2021-05-07 10:13:22.423,0.021,1,1,0.9997456,7.465177e-06,0.9997456,6.947173e-11,0.00024686876
511,4,sitting,2021-05-07 10:13:21.444,2021-05-07 10:13:23.423,0.021,1,1,0.9997517,6.2031336e-06,0.9997517,7.218121e-11,0.00024200186
511,4,sitting,2021-05-07 10:13:22.444,2021-05-07 10:13:24.423,0.021,1,1,0.99977255,4.8359557e-06,0.99977255,7.765952e-11,0.00022248503
511,4,sitting,2021-05-07 10:13:23.444,2021-05-07 10:13:25.423,0.021,1,1,0.9997833,4.7797575e-06,0.9997833,7.897184e-11,0.00021199955
511,4,sitting,2021-05-07 10:13:24.444,2021-05-07 10:13:26.423,0.021,1,1,0.9997766,5.489795e-06,0.9997766,7.667284e-11,0.00021786164
511,4,sitting,2021-05-07 10:13:25.444,2021-05-07 10:13:27.423,0.021,1,1,0.9997759,5.78545e-06,0.9997759,1.6100152e-10,0.0002183959
511,4,sitting,2021-05-07 10:13:26.444,2021-05-07 10:13:28.423,0.021,1,1,0.9997871,4.505402e-06,0.9997871,1.7378288e-10,0.00020830813
511,4,sitting,2021-05-07 10:13:27.444,2021-05-07 10:13:29.423,0.021,1,1,0.99977994,4.082524e-06,0.99977994,1.1584437e-10,0.00021601115
511,4,sitting,2021-05-07 10:13:28.444,2021-05-07 10:13:30.423,0.021,1,1,0.99978495,4.489587e-06,0.99978495,1.1302874e-10,0.0002106191
511,4,sitting,2021-05-07 10:13:29.444,2021-05-07 10:13:31.423,0.021,1,1,0.99978495,4.2652537e-06,0.99978495,9.9927656e-11,0.0002107738
511,4,sitting,2021-05-07 10:13:30.444,2021-05-07 10:13:32.423,0.021,1,1,0.9997935,3.7910709e-06,0.9997935,9.0498914e-11,0.00020257976
511,4,sitting,2021-05-07 10:13:31.444,2021-05-07 10:13:33.423,0.021,1,1,0.99978924,3.963054e-06,0.99978924,8.736821e-11,0.00020678432
511,4,sitting,2021-05-07 10:13:32.444,2021-05-07 10:13:34.423,0.021,1,1,0.9997852,3.963631e-06,0.9997852,5.469646e-11,0.00021100153
511,4,sitting,2021-05-07 10:13:33.444,2021-05-07 10:13:35.423,0.021,1,1,0.99978805,3.275144e-06,0.99978805,3.561737e-11,0.0002087568
511,4,sitting,2021-05-07 10:13:34.444,2021-05-07 10:13:36.423,0.021,1,1,0.9997761,3.332202e-06,0.9997761,4.5338146e-11,0.00022053474
511,4,sitting,2021-05-07 10:13:35.444,2021-05-07 10:13:37.423,0.021,1,1,0.9997976,3.200197e-06,0.9997976,5.4655735e-11,0.00019924766
511,4,sitting,2021-05-07 10:13:36.444,2021-05-07 10:13:38.423,0.021,1,1,0.9997331,2.1080527e-06,0.9997331,9.270589e-11,0.00026469087
511,4,sitting,2021-05-07 10:13:37.444,2021-05-07 10:13:39.423,0.021,1,1,0.99950284,1.0639894e-06,0.99950284,4.7310134e-10,0.00049615034
511,4,sitting,2021-05-07 10:13:38.444,2021-05-07 10:13:40.423,0.021,1,1,0.99971247,1.3851109e-06,0.99971247,4.1914688e-10,0.00028603355
511,4,sitting,2021-05-07 10:13:39.444,2021-05-07 10:13:41.423,0.021,1,1,0.99980044,1.7039335e-06,0.99980044,3.3089717e-10,0.00019795916
511,4,sitting,2021-05-07 10:13:40.444,2021-05-07 10:13:42.423,0.021,1,1,0.99982595,1.4725023e-06,0.99982595,3.924643e-10,0.00017271818
511,4,sitting,2021-05-07 10:13:41.444,2021-05-07 10:13:43.423,0.021,1,1,0.9998262,1.4482489e-06,0.9998262,3.8299217e-10,0.00017230462
511,4,sitting,2021-05-07 10:13:42.444,2021-05-07 10:13:44.423,0.021,1,1,0.99982524,1.3148432e-06,0.99982524,3.9909026e-10,0.00017348568
511,4,sitting,2021-05-07 10:13:43.444,2021-05-07 10:13:45.423,0.021,1,1,0.9998355,1.0700745e-06,0.9998355,4.0818157e-10,0.00016352627
511,4,sitting,2021-05-07 10:13:44.444,2021-05-07 10:13:46.423,0.021,1,1,0.9998319,8.569836e-07,0.9998319,3.464345e-10,0.00016724467
511,4,sitting,2021-05-07 10:13:45.444,2021-05-07 10:13:47.423,0.021,1,1,0.9997854,8.474739e-07,0.9997854,3.5932948e-10,0.00021374202
511,4,sitting,2021-05-07 10:13:46.444,2021-05-07 10:13:48.423,0.021,1,1,0.9998021,8.412218e-07,0.9998021,4.3282666e-10,0.00019709353
511,4,sitting,2021-05-07 10:13:47.444,2021-05-07 10:13:49.423,0.021,1,1,0.99985266,7.198639e-07,0.99985266,5.234113e-10,0.00014656752
511,4,sitting,2021-05-07 10:13:48.444,2021-05-07 10:13:50.423,0.021,1,1,0.9998565,6.7046756e-07,0.9998565,5.626147e-10,0.00014289415
511,4,sitting,2021-05-07 10:13:49.444,2021-05-07 10:13:51.423,0.021,1,1,0.99984264,6.598731e-07,0.99984264,5.4650096e-10,0.00015662058
511,4,sitting,2021-05-07 10:13:50.444,2021-05-07 10:13:52.423,0.021,1,1,0.9998286,7.0645893e-07,0.9998286,5.6022076e-10,0.00017085689
511,4,sitting,2021-05-07 10:13:51.444,2021-05-07 10:13:53.423,0.021,1,1,0.9998481,6.4226873e-07,0.9998481,6.0676786e-10,0.00015130882
511,4,sitting,2021-05-07 10:13:52.444,2021-05-07 10:13:54.423,0.021,1,1,0.9998574,5.769626e-07,0.9998574,6.47665e-10,0.00014207505
511,4,sitting,2021-05-07 10:13:53.444,2021-05-07 10:13:55.423,0.021,1,1,0.99986887,5.3903955e-07,0.99986887,6.3569305e-10,0.00013063551
511,4,sitting,2021-05-07 10:13:54.444,2021-05-07 10:13:56.423,0.021,1,1,0.99986386,5.633295e-07,0.99986386,6.61197e-10,0.00013566838
511,4,sitting,2021-05-07 10:13:55.444,2021-05-07 10:13:57.423,0.021,1,1,0.99985266,7.507491e-07,0.99985266,5.568125e-10,0.00014675886
511,4,sitting,2021-05-07 10:13:56.444,2021-05-07 10:13:58.423,0.021,1,1,0.999846,7.9806694e-07,0.999846,5.145604e-10,0.00015329149
511,4,sitting,2021-05-07 10:13:57.444,2021-05-07 10:13:59.423,0.021,1,1,0.9998467,6.610152e-07,0.9998467,7.1415435e-10,0.00015265656
511,4,sitting,2021-05-07 10:13:58.444,2021-05-07 10:14:00.424,0.021,1,1,0.9998548,6.2174524e-07,0.9998548,8.3440926e-10,0.00014455803
511,4,sitting,2021-05-07 10:13:59.444,2021-05-07 10:14:01.424,0.021,1,1,0.99985886,6.323217e-07,0.99985886,7.1707307e-10,0.0001405906
511,4,sitting,2021-05-07 10:14:00.444,2021-05-07 10:14:02.424,0.021,1,1,0.9998584,5.8294575e-07,0.9998584,6.4672e-10,0.00014098755
511,4,sitting,2021-05-07 10:14:01.444,2021-05-07 10:14:03.424,0.021,1,1,0.99985623,5.4258373e-07,0.99985623,5.8335964e-10,0.00014328248
511,4,sitting,2021-05-07 10:14:02.444,2021-05-07 10:14:04.423,0.021,1,1,0.99983096,5.9405414e-07,0.99983096,5.3381977e-10,0.00016853322
511,4,sitting,2021-05-07 10:14:03.444,2021-05-07 10:14:05.423,0.021,1,1,0.99984956,6.273849e-07,0.99984956,4.1825715e-10,0.0001500023
511,4,sitting,2021-05-07 10:14:04.444,2021-05-07 10:14:06.423,0.021,1,1,0.99985814,5.39913e-07,0.99985814,2.1813362e-10,0.0001412769
511,4,sitting,2021-05-07 10:14:05.444,2021-05-07 10:14:07.423,0.021,1,1,0.9998627,4.8405417e-07,0.9998627,2.1913545e-10,0.0001367761
511,4,sitting,2021-05-07 10:14:06.444,2021-05-07 10:14:08.423,0.021,1,1,0.9991881,2.9441279e-07,0.9991881,5.6683747e-10,0.000811619
511,4,sitting,2021-05-07 10:14:07.444,2021-05-07 10:14:09.423,0.021,1,1,0.9994888,2.2358442e-07,0.9994888,5.5792277e-09,0.00051100645
511,4,sitting,2021-05-07 10:14:08.444,2021-05-07 10:14:10.423,0.021,1,1,0.99997264,9.837617e-07,0.99997264,2.5476908e-08,2.629881e-05
511,4,sitting,2021-05-07 10:14:09.444,2021-05-07 10:14:11.423,0.021,1,1,0.99997956,2.3529824e-06,0.99997956,3.284909e-08,1.7956912e-05
511,4,sitting,2021-05-07 10:14:10.444,2021-05-07 10:14:12.423,0.021,1,1,0.9999853,1.2652008e-06,0.9999853,1.657089e-08,1.3388472e-05
511,4,sitting,2021-05-07 10:14:11.444,2021-05-07 10:14:13.423,0.021,1,1,0.9999929,3.7958807e-07,0.9999929,3.162599e-08,6.6564567e-06
511,4,sitting,2021-05-07 10:14:12.444,2021-05-07 10:14:14.423,0.021,1,1,0.9999961,1.0830537e-07,0.9999961,8.3083705e-08,3.5939017e-06
511,4,sitting,2021-05-07 10:14:13.444,2021-05-07 10:14:15.423,0.021,1,1,0.9999965,9.27961e-08,0.9999965,9.063801e-08,3.2629312e-06
511,4,sitting,2021-05-07 10:14:14.444,2021-05-07 10:14:16.423,0.021,1,1,0.9999934,9.584762e-08,0.9999934,8.912179e-08,6.359409e-06
511,4,sitting,2021-05-07 10:14:15.444,2021-05-07 10:14:17.423,0.021,1,1,0.99999434,6.283186e-08,0.99999434,1.9175916e-07,5.2961072e-06
511,4,sitting,2021-05-07 10:14:16.444,2021-05-07 10:14:18.423,0.021,1,1,0.99999684,5.2892602e-08,0.99999684,2.8899308e-07,2.8083043e-06
511,4,sitting,2021-05-07 10:14:17.444,2021-05-07 10:14:19.423,0.021,1,1,0.9999866,6.903112e-08,0.9999866,4.0008114e-08,1.32867835e-05
511,4,sitting,2021-05-07 10:14:18.444,2021-05-07 10:14:20.423,0.021,1,1,0.9998727,1.0909556e-07,0.9998727,2.0761213e-08,0.00012719212
511,4,sitting,2021-05-07 10:14:19.444,2021-05-07 10:14:21.423,0.021,1,1,0.9997935,7.36367e-08,0.9997935,4.6404008e-08,0.00020645672
511,4,sitting,2021-05-07 10:14:20.444,2021-05-07 10:14:22.423,0.021,1,1,0.9998324,6.402566e-08,0.9998324,3.913975e-08,0.00016757331
511,4,sitting,2021-05-07 10:14:21.444,2021-05-07 10:14:23.423,0.021,1,1,0.9999326,4.247879e-08,0.9999326,2.794448e-08,6.7296576e-05
511,4,sitting,2021-05-07 10:14:22.444,2021-05-07 10:14:24.423,0.021,1,1,0.9996926,1.985261e-06,0.9996926,3.4995316e-09,0.0003054899
511,4,sitting,2021-05-07 10:14:23.444,2021-05-07 10:14:25.423,0.021,1,1,0.9994685,8.2208735e-06,0.9994685,2.0588534e-08,0.00052328035
511,4,sitting,2021-05-07 10:14:24.444,2021-05-07 10:14:26.423,0.021,1,1,0.99988014,9.593265e-07,0.99988014,4.0920273e-08,0.00011888372
511,4,sitting,2021-05-07 10:14:25.444,2021-05-07 10:14:27.423,0.021,1,1,0.9997418,3.153172e-06,0.9997418,1.0437928e-08,0.00025508416
511,4,sitting,2021-05-07 10:14:26.444,2021-05-07 10:14:28.423,0.021,1,1,0.99983597,1.1251291e-06,0.99983597,1.3278512e-07,0.00016295859
511,4,sitting,2021-05-07 10:14:27.444,2021-05-07 10:14:29.423,0.021,1,1,0.9998603,6.655825e-07,0.9998603,2.3197655e-08,0.00013895167
511,4,sitting,2021-05-07 10:14:28.444,2021-05-07 10:14:30.423,0.021,1,1,0.99972606,1.795324e-06,0.99972606,5.4444005e-09,0.00027206406
511,4,sitting,2021-05-07 10:14:29.444,2021-05-07 10:14:31.423,0.021,1,1,0.9998014,5.1963025e-07,0.9998014,5.5860344e-08,0.0001981728
511,4,sitting,2021-05-07 10:14:30.444,2021-05-07 10:14:32.423,0.021,1,1,0.99988216,1.2066867e-07,0.99988216,9.4093075e-08,0.00011753378
511,4,sitting,2021-05-07 10:14:31.444,2021-05-07 10:14:33.423,0.021,1,1,0.99989074,4.22585e-08,0.99989074,2.229595e-08,0.00010920544
511,4,sitting,2021-05-07 10:14:32.444,2021-05-07 10:14:34.423,0.021,1,1,0.999804,7.774864e-08,0.999804,7.814704e-09,0.00019594393
511,4,sitting,2021-05-07 10:14:33.444,2021-05-07 10:14:35.423,0.021,1,1,0.9981479,5.749155e-06,0.9981479,5.6210875e-10,0.0018464645
511,4,sitting,2021-05-07 10:14:34.444,2021-05-07 10:14:36.423,0.021,1,1,0.9927373,0.00016927645,0.9927373,2.8733262e-11,0.007093393
511,4,sitting,2021-05-07 10:14:35.444,2021-05-07 10:14:37.423,0.021,1,1,0.99325615,0.00022706258,0.99325615,1.7955967e-11,0.006516716
511,4,sitting,2021-05-07 10:14:36.444,2021-05-07 10:14:38.423,0.021,1,1,0.99388635,0.00028097807,0.99388635,1.666149e-11,0.005832529
511,4,sitting,2021-05-07 10:14:37.444,2021-05-07 10:14:39.423,0.021,1,1,0.9972082,0.00022183312,0.9972082,3.7331124e-11,0.00256998
511,4,sitting,2021-05-07 10:14:38.444,2021-05-07 10:14:40.423,0.021,1,1,0.99727476,0.00013002065,0.99727476,3.3779552e-11,0.0025951979
511,4,sitting,2021-05-07 10:14:39.444,2021-05-07 10:14:41.423,0.021,1,1,0.9961486,7.164001e-05,0.9961486,2.0710857e-11,0.0037797925
511,4,sitting,2021-05-07 10:14:40.444,2021-05-07 10:14:42.423,0.021,1,1,0.99637103,7.022483e-05,0.99637103,1.8922738e-11,0.0035587181
511,4,sitting,2021-05-07 10:14:41.444,2021-05-07 10:14:43.423,0.021,1,1,0.99633634,8.31514e-05,0.99633634,1.7522974e-11,0.0035805444
511,4,sitting,2021-05-07 10:14:42.444,2021-05-07 10:14:44.423,0.021,1,1,0.9964018,7.938153e-05,0.9964018,1.6291562e-11,0.0035188494
511,4,sitting,2021-05-07 10:14:43.444,2021-05-07 10:14:45.423,0.021,1,1,0.99616873,8.3739775e-05,0.99616873,1.5339731e-11,0.0037474614
511,4,sitting,2021-05-07 10:14:44.444,2021-05-07 10:14:46.423,0.021,1,1,0.9974611,6.7411333e-06,0.9974611,6.3716386e-11,0.002532061
511,4,sitting,2021-05-07 10:14:45.444,2021-05-07 10:14:47.423,0.021,1,1,0.9996645,1.3708318e-07,0.9996645,2.7121585e-09,0.00033538908
511,4,sitting,2021-05-07 10:14:46.444,2021-05-07 10:14:48.423,0.021,1,1,0.9997536,6.482648e-07,0.9997536,5.357115e-09,0.00024569425
511,4,sitting,2021-05-07 10:14:47.444,2021-05-07 10:14:49.423,0.021,1,1,0.99963945,7.101641e-06,0.99963945,2.5486533e-09,0.00035342513
511,4,sitting,2021-05-07 10:14:48.444,2021-05-07 10:14:50.423,0.021,1,1,0.99970543,5.309676e-06,0.99970543,1.0122783e-09,0.00028911463
511,4,sitting,2021-05-07 10:14:49.444,2021-05-07 10:14:51.423,0.021,1,1,0.9996757,3.8965622e-06,0.9996757,4.4052717e-10,0.00032043632
511,4,sitting,2021-05-07 10:14:50.444,2021-05-07 10:14:52.423,0.021,1,1,0.99967116,4.5770653e-06,0.99967116,3.5930214e-10,0.00032422965
511,4,sitting,2021-05-07 10:14:51.444,2021-05-07 10:14:53.423,0.021,1,1,0.9996645,5.3122235e-06,0.9996645,3.0991656e-10,0.00033009585
511,4,sitting,2021-05-07 10:14:52.444,2021-05-07 10:14:54.423,0.021,1,1,0.9996781,3.9991273e-06,0.9996781,2.6265487e-10,0.00031786127
511,4,sitting,2021-05-07 10:14:53.444,2021-05-07 10:14:55.423,0.021,1,1,0.9996676,4.368679e-06,0.9996676,1.7352464e-10,0.00032801193
511,4,sitting,2021-05-07 10:14:54.444,2021-05-07 10:14:56.423,0.021,1,1,0.99967664,4.498246e-06,0.99967664,1.643656e-10,0.00031886972
511,4,sitting,2021-05-07 10:14:55.444,2021-05-07 10:14:57.423,0.021,1,1,0.9997103,3.4229804e-06,0.9997103,1.8231465e-10,0.00028610494
511,4,sitting,2021-05-07 10:14:56.444,2021-05-07 10:14:58.423,0.021,1,1,0.99973416,2.4503074e-06,0.99973416,2.0784742e-10,0.000263265
511,4,sitting,2021-05-07 10:14:57.444,2021-05-07 10:14:59.423,0.021,1,1,0.99976397,1.6859201e-06,0.99976397,1.5936659e-10,0.00023429643
511,4,sitting,2021-05-07 10:14:58.444,2021-05-07 10:15:00.424,0.021,1,1,0.999751,1.5184701e-06,0.999751,1.8012579e-10,0.00024735768
511,4,sitting,2021-05-07 10:14:59.444,2021-05-07 10:15:01.424,0.021,1,1,0.99969333,1.9196827e-06,0.99969333,1.8130072e-10,0.0003047786
511,4,sitting,2021-05-07 10:15:00.444,2021-05-07 10:15:02.424,0.021,1,1,0.9996366,3.3138679e-06,0.9996366,1.6094778e-10,0.00036016063
511,4,sitting,2021-05-07 10:15:01.444,2021-05-07 10:15:03.424,0.021,1,1,0.99966353,3.6667118e-06,0.99966353,2.215404e-10,0.0003327978
511,4,sitting,2021-05-07 10:15:02.444,2021-05-07 10:15:04.423,0.021,1,1,0.99970114,2.9137066e-06,0.99970114,2.6361505e-10,0.00029594864
511,4,sitting,2021-05-07 10:15:03.444,2021-05-07 10:15:05.423,0.021,1,1,0.99969214,2.7961996e-06,0.99969214,1.818595e-10,0.00030506408
511,4,sitting,2021-05-07 10:15:04.444,2021-05-07 10:15:06.423,0.021,1,1,0.99967355,2.483191e-06,0.99967355,9.891741e-11,0.0003240422
511,4,sitting,2021-05-07 10:15:05.444,2021-05-07 10:15:07.423,0.021,1,1,0.9996354,2.8197528e-06,0.9996354,6.682665e-11,0.00036170107
511,4,sitting,2021-05-07 10:15:06.444,2021-05-07 10:15:08.423,0.021,1,1,0.99960274,3.8496514e-06,0.99960274,5.8958206e-11,0.0003935167
511,4,sitting,2021-05-07 10:15:07.444,2021-05-07 10:15:09.423,0.021,1,1,0.99964565,3.3033652e-06,0.99964565,4.6285437e-11,0.00035107514
511,4,sitting,2021-05-07 10:15:08.444,2021-05-07 10:15:10.423,0.021,1,1,0.99968547,2.785763e-06,0.99968547,3.5777593e-11,0.00031176256
511,4,sitting,2021-05-07 10:15:09.444,2021-05-07 10:15:11.423,0.021,1,1,0.99972844,2.6870998e-06,0.99972844,3.3234755e-11,0.00026879355
511,4,sitting,2021-05-07 10:15:10.444,2021-05-07 10:15:12.423,0.021,1,1,0.99973893,3.1580112e-06,0.99973893,3.892446e-11,0.00025789026
511,4,sitting,2021-05-07 10:15:11.444,2021-05-07 10:15:13.423,0.021,1,1,0.99972045,3.497082e-06,0.99972045,4.1133076e-11,0.00027598583
511,4,sitting,2021-05-07 10:15:12.444,2021-05-07 10:15:14.423,0.021,1,1,0.99972034,3.2909302e-06,0.99972034,3.2766755e-11,0.00027628284
511,4,sitting,2021-05-07 10:15:13.444,2021-05-07 10:15:15.423,0.021,1,1,0.9997332,3.0022798e-06,0.9997332,3.0481957e-11,0.00026376106
511,4,sitting,2021-05-07 10:15:14.444,2021-05-07 10:15:16.423,0.021,1,1,0.9997486,2.788097e-06,0.9997486,3.389449e-11,0.0002485849
511,4,sitting,2021-05-07 10:15:15.444,2021-05-07 10:15:17.423,0.021,1,1,0.99974775,2.7298588e-06,0.99974775,3.177216e-11,0.00024948694
511,4,sitting,2021-05-07 10:15:16.444,2021-05-07 10:15:18.423,0.021,1,1,0.9997294,2.7922133e-06,0.9997294,3.0212804e-11,0.00026782785
511,4,sitting,2021-05-07 10:15:17.444,2021-05-07 10:15:19.423,0.021,1,1,0.99971807,3.0510546e-06,0.99971807,3.214984e-11,0.00027876478
511,4,sitting,2021-05-07 10:15:18.444,2021-05-07 10:15:20.423,0.021,1,1,0.9996638,3.870927e-06,0.9996638,3.4650362e-11,0.0003324626
511,4,sitting,2021-05-07 10:15:19.444,2021-05-07 10:15:21.423,0.021,1,1,0.9995901,5.551729e-06,0.9995901,5.5046405e-11,0.00040428073
511,4,sitting,2021-05-07 10:15:20.444,2021-05-07 10:15:22.423,0.021,1,1,0.99954224,7.1034838e-06,0.99954224,3.939832e-10,0.00045064304
511,4,sitting,2021-05-07 10:15:21.444,2021-05-07 10:15:23.423,0.021,1,1,0.99972045,1.2345934e-06,0.99972045,1.7158555e-08,0.000278273
511,4,sitting,2021-05-07 10:15:22.444,2021-05-07 10:15:24.423,0.021,1,1,0.9998739,2.1796603e-07,0.9998739,2.5624141e-08,0.00012599152
511,4,sitting,2021-05-07 10:15:23.444,2021-05-07 10:15:25.423,0.021,1,1,0.9998831,1.5413548e-07,0.9998831,9.883772e-09,0.00011663893
511,4,sitting,2021-05-07 10:15:24.444,2021-05-07 10:15:26.423,0.021,1,1,0.99977636,5.45764e-07,0.99977636,7.88472e-09,0.00022300803
511,4,sitting,2021-05-07 10:15:25.444,2021-05-07 10:15:27.423,0.021,1,1,0.99954104,3.7627135e-06,0.99954104,1.3021255e-09,0.0004551684
511,4,sitting,2021-05-07 10:15:26.444,2021-05-07 10:15:28.423,0.021,1,1,0.999555,4.6154196e-06,0.999555,1.0210005e-09,0.00044036616
511,4,sitting,2021-05-07 10:15:27.444,2021-05-07 10:15:29.423,0.021,1,1,0.9995014,4.937998e-06,0.9995014,7.938313e-10,0.00049376045
511,4,sitting,2021-05-07 10:15:28.444,2021-05-07 10:15:30.423,0.021,1,1,0.9994888,4.404697e-06,0.9994888,6.3958205e-10,0.00050691614
511,4,sitting,2021-05-07 10:15:29.444,2021-05-07 10:15:31.423,0.021,1,1,0.9995102,4.402893e-06,0.9995102,7.814445e-10,0.00048535768
511,5,walking,2021-05-07 10:15:33.604,2021-05-07 10:15:35.583,0.021,3,3,0.9999929,2.1279077e-07,1.495611e-08,6.7585734e-06,0.9999929
511,5,walking,2021-05-07 10:15:34.604,2021-05-07 10:15:36.583,0.021,3,3,0.9999712,9.686424e-07,1.22345725e-08,2.7693775e-05,0.9999712
511,5,walking,2021-05-07 10:15:35.604,2021-05-07 10:15:37.583,0.021,3,3,0.9999071,8.4986203e-07,2.8319023e-09,9.202022e-05,0.9999071
511,5,walking,2021-05-07 10:15:36.604,2021-05-07 10:15:38.583,0.021,3,3,0.99725467,5.7566314e-07,2.6049245e-09,0.002744737,0.99725467
511,5,walking,2021-05-07 10:15:37.604,2021-05-07 10:15:39.583,0.021,3,3,0.9993153,2.7217322e-07,8.6102275e-10,0.00068450585,0.9993153
511,5,walking,2021-05-07 10:15:38.604,2021-05-07 10:15:40.583,0.021,3,3,0.99904877,5.657441e-07,1.5727307e-09,0.00095059676,0.99904877
511,5,walking,2021-05-07 10:15:39.604,2021-05-07 10:15:41.583,0.021,3,3,0.99966234,5.08896e-07,1.7140148e-09,0.00033710588,0.99966234
511,5,walking,2021-05-07 10:15:40.604,2021-05-07 10:15:42.583,0.021,3,3,0.9989471,6.3441786e-07,3.246361e-09,0.0010522862,0.9989471
511,5,walking,2021-05-07 10:15:41.604,2021-05-07 10:15:43.583,0.021,3,3,0.97814935,2.605695e-06,1.2966281e-08,0.021848042,0.97814935
511,5,walking,2021-05-07 10:15:42.604,2021-05-07 10:15:44.583,0.021,3,3,0.97550464,2.6770522e-06,1.9988162e-08,0.0244927,0.97550464
511,5,walking,2021-05-07 10:15:43.604,2021-05-07 10:15:45.583,0.021,3,3,0.9989688,1.6842611e-06,1.6139511e-08,0.0010294156,0.9989688
511,5,walking,2021-05-07 10:15:44.604,2021-05-07 10:15:46.583,0.021,3,3,0.9992824,1.3000041e-06,1.4992048e-08,0.0007162588,0.9992824
511,5,walking,2021-05-07 10:15:45.604,2021-05-07 10:15:47.583,0.021,3,3,0.9968565,3.4587626e-06,2.924809e-08,0.0031398681,0.9968565
511,5,walking,2021-05-07 10:15:46.604,2021-05-07 10:15:48.583,0.021,3,3,0.9940195,1.1599617e-06,1.8657923e-08,0.0059792767,0.9940195
511,5,walking,2021-05-07 10:15:47.604,2021-05-07 10:15:49.583,0.021,3,3,0.9767636,3.8778026e-06,1.514002e-07,0.023232339,0.9767636
511,5,walking,2021-05-07 10:15:48.604,2021-05-07 10:15:50.583,0.021,3,3,0.74847955,1.9255845e-05,1.0985841e-06,0.2515001,0.74847955
511,5,walking,2021-05-07 10:15:49.604,2021-05-07 10:15:51.583,0.021,3,3,0.9443049,3.2996961e-06,1.2870369e-07,0.05569161,0.9443049
511,5,walking,2021-05-07 10:15:50.604,2021-05-07 10:15:52.583,0.021,3,3,0.987764,1.8057397e-06,9.193884e-08,0.01223407,0.987764
511,5,walking,2021-05-07 10:15:51.604,2021-05-07 10:15:53.583,0.021,3,3,0.98080724,8.778991e-06,2.1893258e-07,0.019183788,0.98080724
511,5,walking,2021-05-07 10:15:52.604,2021-05-07 10:15:54.583,0.021,3,3,0.978078,3.0018712e-06,3.8554013e-08,0.021918874,0.978078
511,5,walking,2021-05-07 10:15:53.604,2021-05-07 10:15:55.583,0.021,3,3,0.9739165,4.4078674e-06,1.1235527e-07,0.026078932,0.9739165
511,5,walking,2021-05-07 10:15:54.604,2021-05-07 10:15:56.583,0.021,3,3,0.99791217,1.818882e-06,4.121582e-08,0.0020858818,0.99791217
511,5,walking,2021-05-07 10:15:55.604,2021-05-07 10:15:57.583,0.021,3,3,0.9944332,2.7402843e-06,3.9600522e-08,0.0055639646,0.9944332
511,5,walking,2021-05-07 10:15:56.604,2021-05-07 10:15:58.583,0.021,3,3,0.99197745,1.5401174e-06,1.1975392e-08,0.008020957,0.99197745
511,5,walking,2021-05-07 10:15:57.604,2021-05-07 10:15:59.583,0.021,3,3,0.9971948,9.1177134e-07,8.966868e-09,0.0028041557,0.9971948
511,5,walking,2021-05-07 10:15:58.604,2021-05-07 10:16:00.584,0.021,3,3,0.9971985,2.097009e-06,4.1619092e-08,0.0027992954,0.9971985
511,5,walking,2021-05-07 10:15:59.604,2021-05-07 10:16:01.584,0.021,3,3,0.9444197,2.173168e-05,5.6652334e-07,0.055558033,0.9444197
511,5,walking,2021-05-07 10:16:00.604,2021-05-07 10:16:02.584,0.021,3,3,0.7910227,1.5238717e-05,1.9429687e-07,0.20896187,0.7910227
511,5,walking,2021-05-07 10:16:01.604,2021-05-07 10:16:03.584,0.021,3,3,0.9674829,8.066076e-06,1.127043e-07,0.032508865,0.9674829
511,5,walking,2021-05-07 10:16:02.604,2021-05-07 10:16:04.584,0.021,3,3,0.94473505,1.9856125e-05,4.0721025e-07,0.05524469,0.94473505
511,5,walking,2021-05-07 10:16:03.604,2021-05-07 10:16:05.584,0.021,3,2,0.8252866,1.9048559e-05,2.337199e-07,0.8252866,0.17469418
511,8,standing,2021-05-07 10:16:07.084,2021-05-07 10:16:09.064,0.021,2,2,0.9992246,2.0560576e-06,2.459996e-09,0.9992246,0.0007734376
511,8,standing,2021-05-07 10:16:08.083,2021-05-07 10:16:10.064,0.021,2,2,0.99923104,2.2883182e-06,4.8557087e-09,0.99923104,0.0007666365
511,8,standing,2021-05-07 10:16:09.083,2021-05-07 10:16:11.064,0.021,2,2,0.9990337,2.5843042e-06,7.0726776e-09,0.9990337,0.00096375146
511,8,standing,2021-05-07 10:16:10.083,2021-05-07 10:16:12.064,0.021,2,2,0.9993207,3.1815725e-06,4.9186752e-09,0.9993207,0.00067602424
511,8,standing,2021-05-07 10:16:11.083,2021-05-07 10:16:13.064,0.021,2,2,0.99931055,2.381178e-06,3.7140833e-09,0.99931055,0.0006871416
511,8,standing,2021-05-07 10:16:12.083,2021-05-07 10:16:14.064,0.021,2,2,0.9992627,1.8553508e-06,3.932682e-09,0.9992627,0.00073528715
511,8,standing,2021-05-07 10:16:13.083,2021-05-07 10:16:15.064,0.021,2,2,0.99955785,2.3497664e-06,4.210637e-09,0.99955785,0.0004397532
511,8,standing,2021-05-07 10:16:14.083,2021-05-07 10:16:16.063,0.021,2,2,0.99965686,3.3653512e-06,4.182781e-09,0.99965686,0.00033991068
511,8,standing,2021-05-07 10:16:15.083,2021-05-07 10:16:17.063,0.021,2,2,0.99945384,2.0544965e-06,3.3534764e-09,0.99945384,0.000544083
511,11,walking,2021-05-07 10:16:27.684,2021-05-07 10:16:29.663,0.021,3,3,0.968699,2.1728762e-05,1.9281941e-07,0.03127906,0.968699
511,11,walking,2021-05-07 10:16:28.684,2021-05-07 10:16:30.663,0.021,3,3,0.9962266,4.0157233e-06,3.5439545e-08,0.0037693428,0.9962266
511,11,walking,2021-05-07 10:16:29.684,2021-05-07 10:16:31.663,0.021,3,3,0.9960391,2.6500843e-06,2.5781675e-08,0.003958295,0.9960391
511,11,walking,2021-05-07 10:16:30.684,2021-05-07 10:16:32.664,0.021,3,3,0.9992222,1.3246192e-06,6.910697e-09,0.00077654514,0.9992222
511,11,walking,2021-05-07 10:16:31.684,2021-05-07 10:16:33.664,0.021,3,3,0.99512726,1.2915673e-06,1.110695e-08,0.0048714643,0.99512726
511,11,walking,2021-05-07 10:16:32.683,2021-05-07 10:16:34.664,0.021,3,3,0.99088055,1.5974691e-06,2.6465996e-08,0.009117752,0.99088055
511,11,walking,2021-05-07 10:16:33.683,2021-05-07 10:16:35.664,0.021,3,3,0.9987089,1.1850881e-06,3.4424115e-09,0.0012898837,0.9987089
511,11,walking,2021-05-07 10:16:34.683,2021-05-07 10:16:36.664,0.021,3,3,0.9999828,2.9994214e-07,3.6472696e-09,1.6821557e-05,0.9999828
511,11,walking,2021-05-07 10:16:35.683,2021-05-07 10:16:37.664,0.021,3,3,0.99988145,1.3682002e-06,1.841176e-08,0.00011708407,0.99988145
511,11,walking,2021-05-07 10:16:36.683,2021-05-07 10:16:38.664,0.021,3,3,0.9640617,6.921405e-06,2.6406907e-08,0.035931367,0.9640617
511,11,walking,2021-05-07 10:16:37.683,2021-05-07 10:16:39.664,0.021,3,3,0.99120337,1.687052e-06,8.011253e-09,0.008794943,0.99120337
511,11,walking,2021-05-07 10:16:38.683,2021-05-07 10:16:40.664,0.021,3,3,0.99404675,1.8716622e-06,2.8054002e-08,0.0059512686,0.99404675
511,11,walking,2021-05-07 10:16:39.683,2021-05-07 10:16:41.664,0.021,3,3,0.9921208,3.2292874e-06,3.0445435e-08,0.007875932,0.9921208
511,11,walking,2021-05-07 10:16:40.683,2021-05-07 10:16:42.664,0.021,3,3,0.99215084,1.9236059e-06,1.5298328e-08,0.007847216,0.99215084
511,11,walking,2021-05-07 10:16:41.683,2021-05-07 10:16:43.664,0.021,3,3,0.9693223,3.5449839e-06,4.1538282e-08,0.030673988,0.9693223
511,11,walking,2021-05-07 10:16:42.683,2021-05-07 10:16:44.664,0.021,3,3,0.9755494,3.076852e-06,3.6557026e-08,0.024447469,0.9755494
511,11,walking,2021-05-07 10:16:43.683,2021-05-07 10:16:45.664,0.021,3,3,0.8379276,1.5042395e-05,3.6814188e-07,0.16205701,0.8379276
511,11,walking,2021-05-07 10:16:44.683,2021-05-07 10:16:46.664,0.021,3,2,0.7051896,1.8031007e-05,5.136913e-07,0.7051896,0.29479185
511,11,walking,2021-05-07 10:16:45.683,2021-05-07 10:16:47.664,0.021,3,3,0.9218263,4.552076e-06,1.8336924e-07,0.078168996,0.9218263
511,11,walking,2021-05-07 10:16:46.683,2021-05-07 10:16:48.664,0.021,3,3,0.9097888,8.106933e-06,1.436501e-07,0.09020298,0.9097888
511,11,walking,2021-05-07 10:16:47.683,2021-05-07 10:16:49.664,0.021,3,2,0.7499058,2.0988598e-05,4.0075074e-07,0.7499058,0.25007293
511,11,walking,2021-05-07 10:16:48.683,2021-05-07 10:16:50.664,0.021,3,2,0.6875251,1.8960442e-05,4.300522e-07,0.6875251,0.3124555
511,11,walking,2021-05-07 10:16:49.683,2021-05-07 10:16:51.664,0.021,3,3,0.86109006,1.0623185e-05,1.1553625e-07,0.13889916,0.86109006
511,11,walking,2021-05-07 10:16:50.683,2021-05-07 10:16:52.664,0.021,3,3,0.9920236,3.4050388e-06,3.9137596e-08,0.007973003,0.9920236
511,11,walking,2021-05-07 10:16:51.683,2021-05-07 10:16:53.664,0.021,3,3,0.9776868,5.045471e-06,1.0782821e-07,0.02230793,0.9776868
511,11,walking,2021-05-07 10:16:52.683,2021-05-07 10:16:54.664,0.021,3,3,0.90169716,3.8712962e-05,3.2226484e-07,0.09826382,0.90169716
511,13,walking,2021-05-07 10:16:56.644,2021-05-07 10:16:58.624,0.021,3,3,0.5954293,4.080225e-05,6.489677e-07,0.40452906,0.5954293
511,13,walking,2021-05-07 10:16:57.644,2021-05-07 10:16:59.624,0.021,3,3,0.57734126,3.7023063e-05,7.141835e-07,0.42262095,0.57734126
511,13,walking,2021-05-07 10:16:58.644,2021-05-07 10:17:00.624,0.021,3,3,0.96871895,2.8103226e-05,1.0116819e-06,0.031251967,0.96871895
511,13,walking,2021-05-07 10:16:59.644,2021-05-07 10:17:01.624,0.021,3,3,0.90040296,3.4423778e-05,4.509605e-07,0.09956216,0.90040296
511,13,walking,2021-05-07 10:17:00.644,2021-05-07 10:17:02.624,0.021,3,3,0.7001219,5.3190324e-05,9.44173e-07,0.29982403,0.7001219
511,13,walking,2021-05-07 10:17:01.644,2021-05-07 10:17:03.624,0.021,3,3,0.7341152,4.4793975e-05,1.0024742e-06,0.26583898,0.7341152
511,13,walking,2021-05-07 10:17:02.644,2021-05-07 10:17:04.624,0.021,3,3,0.84584045,1.8972141e-05,1.02711844e-07,0.15414046,0.84584045
511,16,standing,2021-05-07 10:17:08.404,2021-05-07 10:17:10.383,0.021,2,2,0.99976254,1.7877557e-06,5.80477e-10,0.99976254,0.00023557723
511,16,standing,2021-05-07 10:17:09.404,2021-05-07 10:17:11.383,0.021,2,2,0.9998088,1.2766484e-06,3.9228318e-10,0.9998088,0.00018996281
511,16,standing,2021-05-07 10:17:10.404,2021-05-07 10:17:12.383,0.021,2,2,0.99961823,1.7555442e-06,5.5129623e-10,0.99961823,0.00038004998
511,16,standing,2021-05-07 10:17:11.404,2021-05-07 10:17:13.383,0.021,2,2,0.9996266,1.8439166e-06,4.795434e-10,0.9996266,0.00037153382
511,16,standing,2021-05-07 10:17:12.404,2021-05-07 10:17:14.383,0.021,2,2,0.9997723,1.3699871e-06,4.0596865e-10,0.9997723,0.0002264397
511,16,standing,2021-05-07 10:17:13.404,2021-05-07 10:17:15.383,0.021,2,2,0.99978113,1.384407e-06,3.7674344e-10,0.99978113,0.00021753667
511,16,standing,2021-05-07 10:17:14.404,2021-05-07 10:17:16.384,0.021,2,2,0.9997387,1.4893703e-06,4.3996043e-10,0.9997387,0.0002596926
511,16,standing,2021-05-07 10:17:15.404,2021-05-07 10:17:17.384,0.021,2,2,0.9997387,1.4526604e-06,4.844349e-10,0.9997387,0.00025976592
511,16,standing,2021-05-07 10:17:16.403,2021-05-07 10:17:18.384,0.021,2,2,0.9997699,1.3980305e-06,4.1316928e-10,0.9997699,0.00022857738
511,16,standing,2021-05-07 10:17:17.403,2021-05-07 10:17:19.384,0.021,2,2,0.9998255,1.4941504e-06,3.590123e-10,0.9998255,0.00017289426
511,16,standing,2021-05-07 10:17:18.403,2021-05-07 10:17:20.384,0.021,2,2,0.999804,1.3854279e-06,4.3842432e-10,0.999804,0.00019468478
511,16,standing,2021-05-07 10:17:19.403,2021-05-07 10:17:21.384,0.021,2,2,0.9997697,1.3075465e-06,5.4404103e-10,0.9997697,0.00022898402
511,20,standing,2021-05-07 10:17:50.563,2021-05-07 10:17:52.543,0.021,2,2,0.9995408,4.1849585e-06,3.0676495e-10,0.9995408,0.0004550947
511,22,standing,2021-05-07 10:17:55.004,2021-05-07 10:17:56.984,0.021,2,2,0.99979377,1.2419314e-06,4.3463647e-10,0.99979377,0.00020515628
511,22,standing,2021-05-07 10:17:56.004,2021-05-07 10:17:57.984,0.021,2,2,0.9998856,1.3417987e-06,1.8091448e-10,0.9998856,0.00011302085
511,22,standing,2021-05-07 10:17:57.004,2021-05-07 10:17:58.984,0.021,2,2,0.999893,1.3717031e-06,1.9900855e-10,0.999893,0.00010544147
511,24,standing,2021-05-07 10:18:02.043,2021-05-07 10:18:04.024,0.021,2,2,0.9994642,1.723985e-06,7.069207e-10,0.9994642,0.00053407054
511,24,standing,2021-05-07 10:18:03.043,2021-05-07 10:18:05.024,0.021,2,2,0.99938536,2.5389372e-06,4.2797785e-10,0.99938536,0.00061217084
511,34,standing,2021-05-07 10:19:04.604,2021-05-07 10:19:06.584,0.021,2,2,0.9993429,1.8227965e-06,2.0899691e-07,0.9993429,0.0006549289
511,34,standing,2021-05-07 10:19:05.604,2021-05-07 10:19:07.584,0.021,2,2,0.999722,6.975371e-07,2.9523832e-07,0.999722,0.000276998
511,34,standing,2021-05-07 10:19:06.604,2021-05-07 10:19:08.583,0.021,2,2,0.9997089,7.200131e-07,3.813188e-07,0.9997089,0.00028997028
511,34,standing,2021-05-07 10:19:07.604,2021-05-07 10:19:09.583,0.021,2,2,0.99959487,8.3396293e-07,5.072153e-07,0.99959487,0.0004038957
511,39,walking,2021-05-07 10:19:20.723,2021-05-07 10:19:22.704,0.021,3,2,0.5508351,4.0391216e-05,5.373749e-07,0.5508351,0.44912404
511,39,walking,2021-05-07 10:19:21.723,2021-05-07 10:19:23.704,0.021,3,3,0.84843194,4.26332e-05,3.9011542e-07,0.15152502,0.84843194
511,41,walking,2021-05-07 10:19:24.524,2021-05-07 10:19:26.503,0.021,3,3,0.9968893,4.6416344e-06,2.3726678e-07,0.003105819,0.9968893
511,41,walking,2021-05-07 10:19:25.524,2021-05-07 10:19:27.503,0.021,3,3,0.9967557,3.300686e-06,2.0694323e-08,0.003241,0.9967557
511,42,sitting,2021-05-07 10:19:29.964,2021-05-07 10:19:31.944,0.021,1,1,0.99997336,1.6405738e-05,0.99997336,2.0921362e-08,1.01427095e-05
511,42,sitting,2021-05-07 10:19:30.964,2021-05-07 10:19:32.944,0.021,1,1,0.999888,0.00010133013,0.999888,1.6434277e-07,1.04931705e-05
511,42,sitting,2021-05-07 10:19:31.964,2021-05-07 10:19:33.944,0.021,1,1,0.99992996,6.592778e-05,0.99992996,3.4794715e-07,3.6832732e-06
511,42,sitting,2021-05-07 10:19:32.964,2021-05-07 10:19:34.944,0.021,1,1,0.9999464,4.9925347e-05,0.9999464,6.1270754e-07,2.9520704e-06
511,42,sitting,2021-05-07 10:19:33.964,2021-05-07 10:19:35.944,0.021,1,1,0.9999338,6.246883e-05,0.9999338,1.0028875e-06,2.7456053e-06
511,42,sitting,2021-05-07 10:19:34.964,2021-05-07 10:19:36.944,0.021,1,1,0.99991745,7.86215e-05,0.99991745,1.0881538e-06,2.7898102e-06
511,42,sitting,2021-05-07 10:19:35.964,2021-05-07 10:19:37.944,0.021,1,1,0.9999117,8.443533e-05,0.9999117,1.1124362e-06,2.7291037e-06
511,42,sitting,2021-05-07 10:19:36.964,2021-05-07 10:19:38.944,0.021,1,1,0.9999084,8.765891e-05,0.9999084,1.1460812e-06,2.7407746e-06
511,42,sitting,2021-05-07 10:19:37.964,2021-05-07 10:19:39.944,0.021,1,1,0.9999071,8.90873e-05,0.9999071,1.1192479e-06,2.7526605e-06
511,42,sitting,2021-05-07 10:19:38.964,2021-05-07 10:19:40.944,0.021,1,1,0.9999061,8.995417e-05,0.9999061,1.0910635e-06,2.753028e-06
511,42,sitting,2021-05-07 10:19:39.964,2021-05-07 10:19:41.944,0.021,1,1,0.9999061,8.9997084e-05,0.9999061,1.0916503e-06,2.7059198e-06
511,42,sitting,2021-05-07 10:19:40.964,2021-05-07 10:19:42.944,0.021,1,1,0.9999077,8.857398e-05,0.9999077,1.0758176e-06,2.6261253e-06
511,42,sitting,2021-05-07 10:19:41.964,2021-05-07 10:19:43.944,0.021,1,1,0.999904,9.225991e-05,0.999904,1.1115792e-06,2.678989e-06
511,42,sitting,2021-05-07 10:19:42.964,2021-05-07 10:19:44.944,0.021,1,1,0.9999096,8.6791e-05,0.9999096,1.1021863e-06,2.5265267e-06
511,42,sitting,2021-05-07 10:19:43.964,2021-05-07 10:19:45.944,0.021,1,1,0.99990386,9.241057e-05,0.99990386,1.1093424e-06,2.6741693e-06
511,42,sitting,2021-05-07 10:19:44.964,2021-05-07 10:19:46.944,0.021,1,1,0.9998937,0.00010216686,0.9998937,1.1467314e-06,2.8053544e-06
511,42,sitting,2021-05-07 10:19:45.964,2021-05-07 10:19:47.944,0.021,1,1,0.9998973,9.889948e-05,0.9998973,1.0868872e-06,2.5891443e-06
511,42,sitting,2021-05-07 10:19:46.964,2021-05-07 10:19:48.944,0.021,1,1,0.99990505,9.124404e-05,0.99990505,1.0480693e-06,2.625207e-06
511,42,sitting,2021-05-07 10:19:47.964,2021-05-07 10:19:49.944,0.021,1,1,0.99990815,8.803128e-05,0.99990815,1.0645346e-06,2.6388725e-06
511,42,sitting,2021-05-07 10:19:48.964,2021-05-07 10:19:50.944,0.021,1,1,0.9999097,8.6632564e-05,0.9999097,1.0851111e-06,2.483889e-06
511,42,sitting,2021-05-07 10:19:49.964,2021-05-07 10:19:51.944,0.021,1,1,0.9999102,8.621474e-05,0.9999102,1.0822768e-06,2.498761e-06
511,42,sitting,2021-05-07 10:19:50.964,2021-05-07 10:19:52.944,0.021,1,1,0.99990755,8.8971785e-05,0.99990755,1.0812165e-06,2.4414715e-06
511,42,sitting,2021-05-07 10:19:51.964,2021-05-07 10:19:53.944,0.021,1,1,0.9999005,9.582654e-05,0.9999005,9.681307e-07,2.632641e-06
511,42,sitting,2021-05-07 10:19:52.964,2021-05-07 10:19:54.944,0.021,1,1,0.99990004,9.6475786e-05,0.99990004,8.5180915e-07,2.6562223e-06
511,42,sitting,2021-05-07 10:19:53.964,2021-05-07 10:19:55.944,0.021,1,1,0.9998998,9.6702825e-05,0.9998998,9.097784e-07,2.4923045e-06
511,42,sitting,2021-05-07 10:19:54.964,2021-05-07 10:19:56.944,0.021,1,1,0.9998928,0.00010372954,0.9998928,9.402756e-07,2.557063e-06
511,42,sitting,2021-05-07 10:19:55.964,2021-05-07 10:19:57.944,0.021,1,1,0.9998881,0.00010821208,0.9998881,9.611712e-07,2.6085315e-06
511,42,sitting,2021-05-07 10:19:56.964,2021-05-07 10:19:58.944,0.021,1,1,0.99988335,0.00011284483,0.99988335,9.780864e-07,2.6952882e-06
511,42,sitting,2021-05-07 10:19:57.964,2021-05-07 10:19:59.944,0.021,1,1,0.99987626,0.00011987511,0.99987626,9.687823e-07,2.9578205e-06
511,42,sitting,2021-05-07 10:19:58.964,2021-05-07 10:20:00.944,0.021,1,1,0.999735,0.0002559514,0.999735,1.0567796e-06,7.825497e-06
511,42,sitting,2021-05-07 10:19:59.964,2021-05-07 10:20:01.944,0.021,1,1,0.9997797,0.00021099593,0.9997797,6.8272277e-07,8.614501e-06
511,42,sitting,2021-05-07 10:20:00.964,2021-05-07 10:20:02.944,0.021,1,1,0.99991304,8.050019e-05,0.99991304,7.9073595e-07,5.545578e-06
511,42,sitting,2021-05-07 10:20:01.964,2021-05-07 10:20:03.944,0.021,1,1,0.9999557,3.8376897e-05,0.9999557,2.0188545e-06,3.8628327e-06
511,42,sitting,2021-05-07 10:20:02.964,2021-05-07 10:20:04.944,0.021,1,1,0.99994093,5.4310338e-05,0.99994093,1.6811254e-06,2.9440894e-06
511,42,sitting,2021-05-07 10:20:03.964,2021-05-07 10:20:05.944,0.021,1,1,0.99988264,0.00011332574,0.99988264,9.194997e-07,2.9651544e-06
511,42,sitting,2021-05-07 10:20:04.963,2021-05-07 10:20:06.944,0.021,1,1,0.9999072,8.844226e-05,0.9999072,9.578824e-07,3.3699007e-06
511,42,sitting,2021-05-07 10:20:05.963,2021-05-07 10:20:07.944,0.021,1,1,0.9999233,7.2093375e-05,0.9999233,8.0514593e-07,3.6676647e-06
511,42,sitting,2021-05-07 10:20:06.963,2021-05-07 10:20:08.944,0.021,1,1,0.9999195,7.5262455e-05,0.9999195,7.240301e-07,4.4962208e-06
511,42,sitting,2021-05-07 10:20:07.963,2021-05-07 10:20:09.944,0.021,1,1,0.999917,7.832705e-05,0.999917,7.8120627e-07,3.8129147e-06
511,42,sitting,2021-05-07 10:20:08.963,2021-05-07 10:20:10.944,0.021,1,1,0.9998855,0.00011065664,0.9998855,8.1541117e-07,3.0273156e-06
511,42,sitting,2021-05-07 10:20:09.963,2021-05-07 10:20:11.944,0.021,1,1,0.99985194,0.00014433693,0.99985194,9.067405e-07,2.880066e-06
511,42,sitting,2021-05-07 10:20:10.963,2021-05-07 10:20:12.944,0.021,1,1,0.9998887,0.000107727785,0.9998887,9.5097806e-07,2.4514297e-06
511,42,sitting,2021-05-07 10:20:11.963,2021-05-07 10:20:13.944,0.021,1,1,0.9998875,0.000108963424,0.9998875,9.924383e-07,2.4970036e-06
511,42,sitting,2021-05-07 10:20:12.963,2021-05-07 10:20:14.944,0.021,1,1,0.99989516,0.00010139978,0.99989516,9.4945455e-07,2.3658115e-06
511,42,sitting,2021-05-07 10:20:13.963,2021-05-07 10:20:15.944,0.021,1,1,0.9998782,0.000117194286,0.9998782,6.748418e-07,3.84724e-06
511,42,sitting,2021-05-07 10:20:14.963,2021-05-07 10:20:16.944,0.021,1,1,0.9998493,0.00014442578,0.9998493,5.7805215e-07,5.666217e-06
511,42,sitting,2021-05-07 10:20:15.963,2021-05-07 10:20:17.944,0.021,1,1,0.99988014,0.00011522716,0.99988014,7.942181e-07,3.6614538e-06
511,42,sitting,2021-05-07 10:20:16.964,2021-05-07 10:20:18.944,0.021,1,1,0.99992603,7.088738e-05,0.99992603,9.297899e-07,2.0527814e-06
511,42,sitting,2021-05-07 10:20:17.964,2021-05-07 10:20:19.944,0.021,1,1,0.99993724,5.9803973e-05,0.99993724,1.0071043e-06,1.937013e-06
511,42,sitting,2021-05-07 10:20:18.964,2021-05-07 10:20:20.944,0.021,1,1,0.9999421,5.470636e-05,0.9999421,1.0508494e-06,2.0018808e-06
511,42,sitting,2021-05-07 10:20:19.964,2021-05-07 10:20:21.944,0.021,1,1,0.99994475,5.211247e-05,0.99994475,1.0942192e-06,1.9684587e-06
511,42,sitting,2021-05-07 10:20:20.964,2021-05-07 10:20:22.944,0.021,1,1,0.9999282,6.841742e-05,0.9999282,1.152805e-06,2.1278604e-06
511,42,sitting,2021-05-07 10:20:21.964,2021-05-07 10:20:23.944,0.021,1,1,0.9999084,8.793732e-05,0.9999084,1.2244544e-06,2.4213743e-06
511,42,sitting,2021-05-07 10:20:22.964,2021-05-07 10:20:24.944,0.021,1,1,0.9999046,9.154993e-05,0.9999046,1.3117462e-06,2.4922595e-06
511,42,sitting,2021-05-07 10:20:23.964,2021-05-07 10:20:25.944,0.021,1,1,0.99989814,9.785778e-05,0.99989814,1.3500007e-06,2.6109146e-06
511,42,sitting,2021-05-07 10:20:24.964,2021-05-07 10:20:26.944,0.021,1,1,0.99991745,7.882083e-05,0.99991745,1.2262592e-06,2.5311192e-06
511,42,sitting,2021-05-07 10:20:25.964,2021-05-07 10:20:27.944,0.021,1,1,0.99993974,5.6851524e-05,0.99993974,1.2470622e-06,2.2050458e-06
511,42,sitting,2021-05-07 10:20:26.964,2021-05-07 10:20:28.944,0.021,1,1,0.9999352,6.1156585e-05,0.9999352,1.293056e-06,2.297092e-06
511,42,sitting,2021-05-07 10:20:27.964,2021-05-07 10:20:29.944,0.021,1,1,0.99992865,6.758561e-05,0.99992865,1.2808749e-06,2.3904392e-06
511,42,sitting,2021-05-07 10:20:28.964,2021-05-07 10:20:30.944,0.021,1,1,0.999932,6.4995234e-05,0.999932,8.9101576e-07,2.1925227e-06
511,42,sitting,2021-05-07 10:20:29.964,2021-05-07 10:20:31.944,0.021,1,1,0.99999493,3.5179175e-06,0.99999493,8.883766e-08,1.3635772e-06
511,42,sitting,2021-05-07 10:20:30.964,2021-05-07 10:20:32.944,0.021,1,1,0.9999991,3.2248543e-08,0.9999991,7.828389e-09,7.981549e-07
511,42,sitting,2021-05-07 10:20:31.964,2021-05-07 10:20:33.944,0.021,1,1,0.99999934,5.9826673e-09,0.99999934,3.744036e-09,5.614149e-07
511,42,sitting,2021-05-07 10:20:32.964,2021-05-07 10:20:34.944,0.021,1,1,0.99999887,1.8975165e-07,0.99999887,2.0189358e-08,8.483844e-07
511,42,sitting,2021-05-07 10:20:33.964,2021-05-07 10:20:35.944,0.021,1,1,0.99998516,1.2730733e-05,0.99998516,1.6974319e-07,1.9330018e-06
511,42,sitting,2021-05-07 10:20:34.964,2021-05-07 10:20:36.944,0.021,1,1,0.99997205,2.491654e-05,0.99997205,3.5865378e-07,2.6268553e-06
511,42,sitting,2021-05-07 10:20:35.964,2021-05-07 10:20:37.944,0.021,1,1,0.99997026,2.6504458e-05,0.99997026,4.3665088e-07,2.6853108e-06
511,42,sitting,2021-05-07 10:20:36.964,2021-05-07 10:20:38.944,0.021,1,1,0.9999704,2.65036e-05,0.9999704,4.9748496e-07,2.5915074e-06
511,42,sitting,2021-05-07 10:20:37.964,2021-05-07 10:20:39.944,0.021,1,1,0.9999706,2.6371039e-05,0.9999706,5.0713794e-07,2.4927995e-06
511,42,sitting,2021-05-07 10:20:38.964,2021-05-07 10:20:40.944,0.021,1,1,0.9999692,2.7694168e-05,0.9999692,5.283254e-07,2.5745e-06
511,42,sitting,2021-05-07 10:20:39.964,2021-05-07 10:20:41.944,0.021,1,1,0.99996847,2.8349923e-05,0.99996847,5.2950685e-07,2.5778716e-06
511,42,sitting,2021-05-07 10:20:40.964,2021-05-07 10:20:42.944,0.021,1,1,0.99997026,2.6690079e-05,0.99997026,5.217979e-07,2.530244e-06
511,42,sitting,2021-05-07 10:20:41.964,2021-05-07 10:20:43.944,0.021,1,1,0.9999694,2.7440163e-05,0.9999694,5.307197e-07,2.5665897e-06
511,42,sitting,2021-05-07 10:20:42.964,2021-05-07 10:20:44.944,0.021,1,1,0.99996847,2.823054e-05,0.99996847,5.40956e-07,2.6163602e-06
511,42,sitting,2021-05-07 10:20:43.964,2021-05-07 10:20:45.944,0.021,1,1,0.99996847,2.819271e-05,0.99996847,5.410102e-07,2.6175283e-06
511,42,sitting,2021-05-07 10:20:44.964,2021-05-07 10:20:46.944,0.021,1,1,0.99997026,2.6690639e-05,0.99997026,5.173345e-07,2.5252807e-06
511,42,sitting,2021-05-07 10:20:45.964,2021-05-07 10:20:47.944,0.021,1,1,0.99996966,2.7281782e-05,0.99996966,5.243797e-07,2.5484708e-06
511,42,sitting,2021-05-07 10:20:46.964,2021-05-07 10:20:48.944,0.021,1,1,0.9999655,3.1061496e-05,0.9999655,5.6186826e-07,2.7076755e-06
511,42,sitting,2021-05-07 10:20:47.964,2021-05-07 10:20:49.944,0.021,1,1,0.9999679,2.9002782e-05,0.9999679,5.299349e-07,2.5880606e-06
511,42,sitting,2021-05-07 10:20:48.964,2021-05-07 10:20:50.944,0.021,1,1,0.99997,2.6954565e-05,0.99997,5.137517e-07,2.4980861e-06
511,42,sitting,2021-05-07 10:20:49.964,2021-05-07 10:20:51.944,0.021,1,1,0.9999688,2.7967428e-05,0.9999688,5.249827e-07,2.6070709e-06
511,42,sitting,2021-05-07 10:20:50.964,2021-05-07 10:20:52.944,0.021,1,1,0.9999655,3.1109168e-05,0.9999655,5.4512856e-07,2.7051874e-06
511,42,sitting,2021-05-07 10:20:51.964,2021-05-07 10:20:53.944,0.021,1,1,0.9999632,3.339381e-05,0.9999632,5.6874063e-07,2.7485573e-06
511,42,sitting,2021-05-07 10:20:52.964,2021-05-07 10:20:54.944,0.021,1,1,0.99996537,3.132321e-05,0.99996537,5.6234205e-07,2.650573e-06
511,42,sitting,2021-05-07 10:20:53.964,2021-05-07 10:20:55.944,0.021,1,1,0.999968,2.8677496e-05,0.999968,5.404561e-07,2.5646386e-06
511,42,sitting,2021-05-07 10:20:54.964,2021-05-07 10:20:56.944,0.021,1,1,0.99996775,2.9042661e-05,0.99996775,5.1544805e-07,2.5865625e-06
511,42,sitting,2021-05-07 10:20:55.964,2021-05-07 10:20:57.944,0.021,1,1,0.99996907,2.7732513e-05,0.99996907,5.003916e-07,2.5926809e-06
511,42,sitting,2021-05-07 10:20:56.964,2021-05-07 10:20:58.944,0.021,1,1,0.99996823,2.8621274e-05,0.99996823,5.065108e-07,2.568575e-06
511,42,sitting,2021-05-07 10:20:57.964,2021-05-07 10:20:59.944,0.021,1,1,0.99996763,2.9169178e-05,0.99996763,5.2398923e-07,2.6448422e-06
511,42,sitting,2021-05-07 10:20:58.964,2021-05-07 10:21:00.944,0.021,1,1,0.9999681,2.8735483e-05,0.9999681,5.198185e-07,2.5926608e-06
511,42,sitting,2021-05-07 10:20:59.964,2021-05-07 10:21:01.944,0.021,1,1,0.99996895,2.7735101e-05,0.99996895,5.4168885e-07,2.5915954e-06
511,42,sitting,2021-05-07 10:21:00.964,2021-05-07 10:21:02.944,0.021,1,1,0.99996907,2.7632404e-05,0.99996907,5.5256766e-07,2.6156258e-06
511,42,sitting,2021-05-07 10:21:01.964,2021-05-07 10:21:03.944,0.021,1,1,0.99996895,2.7770066e-05,0.99996895,5.4556574e-07,2.617315e-06
511,42,sitting,2021-05-07 10:21:02.964,2021-05-07 10:21:04.944,0.021,1,1,0.99996835,2.833835e-05,0.99996835,5.466831e-07,2.589326e-06
511,42,sitting,2021-05-07 10:21:03.964,2021-05-07 10:21:05.944,0.021,1,1,0.9999674,2.9267057e-05,0.9999674,5.426849e-07,2.6201128e-06
511,42,sitting,2021-05-07 10:21:04.963,2021-05-07 10:21:06.944,0.021,1,1,0.99996716,2.9597108e-05,0.99996716,5.48094e-07,2.6661387e-06
511,42,sitting,2021-05-07 10:21:05.963,2021-05-07 10:21:07.944,0.021,1,1,0.9999687,2.8143826e-05,0.9999687,5.161402e-07,2.583195e-06
511,42,sitting,2021-05-07 10:21:06.963,2021-05-07 10:21:08.944,0.021,1,1,0.9999692,2.7691765e-05,0.9999692,5.126779e-07,2.5801435e-06
511,42,sitting,2021-05-07 10:21:07.963,2021-05-07 10:21:09.944,0.021,1,1,0.99996895,2.8030287e-05,0.99996895,5.345474e-07,2.5580166e-06
511,42,sitting,2021-05-07 10:21:08.963,2021-05-07 10:21:10.944,0.021,1,1,0.9999704,2.663254e-05,0.9999704,5.167705e-07,2.483464e-06
511,42,sitting,2021-05-07 10:21:09.963,2021-05-07 10:21:11.944,0.021,1,1,0.99996895,2.8021333e-05,0.99996895,5.325731e-07,2.5482527e-06
511,42,sitting,2021-05-07 10:21:10.963,2021-05-07 10:21:12.944,0.021,1,1,0.9999686,2.812402e-05,0.9999686,5.523056e-07,2.6136224e-06
511,42,sitting,2021-05-07 10:21:11.963,2021-05-07 10:21:13.944,0.021,1,1,0.9999693,2.7367218e-05,0.9999693,5.4677645e-07,2.5713523e-06
511,42,sitting,2021-05-07 10:21:12.963,2021-05-07 10:21:14.944,0.021,1,1,0.9999667,3.0032747e-05,0.9999667,5.6306885e-07,2.6549328e-06
511,42,sitting,2021-05-07 10:21:13.963,2021-05-07 10:21:15.944,0.021,1,1,0.99996537,3.1288637e-05,0.99996537,5.798155e-07,2.714677e-06
511,42,sitting,2021-05-07 10:21:14.963,2021-05-07 10:21:16.944,0.021,1,1,0.99996644,3.0159948e-05,0.99996644,5.750341e-07,2.6876858e-06
511,42,sitting,2021-05-07 10:21:15.963,2021-05-07 10:21:17.944,0.021,1,1,0.9999673,2.942156e-05,0.9999673,5.64669e-07,2.6221098e-06
511,42,sitting,2021-05-07 10:21:16.964,2021-05-07 10:21:18.944,0.021,1,1,0.9999692,2.7655766e-05,0.9999692,5.4288415e-07,2.5448921e-06
511,42,sitting,2021-05-07 10:21:17.964,2021-05-07 10:21:19.944,0.021,1,1,0.99997014,2.6663005e-05,0.99997014,5.439828e-07,2.5372417e-06
511,42,sitting,2021-05-07 10:21:18.964,2021-05-07 10:21:20.944,0.021,1,1,0.9999692,2.7651231e-05,0.9999692,5.4942336e-07,2.539379e-06
511,42,sitting,2021-05-07 10:21:19.964,2021-05-07 10:21:21.944,0.021,1,1,0.99996775,2.8948507e-05,0.99996775,5.5103715e-07,2.6595021e-06
511,42,sitting,2021-05-07 10:21:20.964,2021-05-07 10:21:22.944,0.021,1,1,0.9999736,2.327869e-05,0.9999736,5.2058584e-07,2.6299551e-06
511,42,sitting,2021-05-07 10:21:21.964,2021-05-07 10:21:23.944,0.021,1,1,0.9999811,1.5949056e-05,0.9999811,5.342359e-07,2.3769542e-06
511,42,sitting,2021-05-07 10:21:22.964,2021-05-07 10:21:24.944,0.021,1,1,0.9999785,1.8381326e-05,0.9999785,6.203691e-07,2.5588802e-06
511,42,sitting,2021-05-07 10:21:23.964,2021-05-07 10:21:25.944,0.021,1,1,0.99997467,2.172635e-05,0.99997467,6.570269e-07,2.9141006e-06
511,42,sitting,2021-05-07 10:21:24.964,2021-05-07 10:21:26.944,0.021,1,1,0.9999756,2.0864814e-05,0.9999756,6.3897494e-07,2.8591462e-06
511,42,sitting,2021-05-07 10:21:25.964,2021-05-07 10:21:27.944,0.021,1,1,0.9999775,1.9154319e-05,0.9999775,6.695838e-07,2.4808094e-06
511,42,sitting,2021-05-07 10:21:26.964,2021-05-07 10:21:28.944,0.021,1,1,0.9999792,1.7740356e-05,0.9999792,6.4297564e-07,2.3792743e-06
511,42,sitting,2021-05-07 10:21:27.964,2021-05-07 10:21:29.944,0.021,1,1,0.99997836,1.8531375e-05,0.99997836,6.630811e-07,2.4396054e-06
511,42,sitting,2021-05-07 10:21:28.964,2021-05-07 10:21:30.944,0.021,1,1,0.9999762,2.0556869e-05,0.9999762,6.9978216e-07,2.529721e-06
511,42,sitting,2021-05-07 10:21:29.964,2021-05-07 10:21:31.944,0.021,1,1,0.9999774,1.9268386e-05,0.9999774,6.6036307e-07,2.507504e-06
511,42,sitting,2021-05-07 10:21:30.964,2021-05-07 10:21:32.944,0.021,1,1,0.99997944,1.757503e-05,0.99997944,6.270345e-07,2.4227338e-06
511,42,sitting,2021-05-07 10:21:31.964,2021-05-07 10:21:33.944,0.021,1,1,0.99997884,1.8151044e-05,0.99997884,6.395641e-07,2.4408166e-06
511,42,sitting,2021-05-07 10:21:32.964,2021-05-07 10:21:34.944,0.021,1,1,0.9999779,1.8934079e-05,0.9999779,6.6325276e-07,2.4318736e-06
511,42,sitting,2021-05-07 10:21:33.964,2021-05-07 10:21:35.944,0.021,1,1,0.9999774,1.9464249e-05,0.9999774,6.626607e-07,2.436455e-06
511,42,sitting,2021-05-07 10:21:34.964,2021-05-07 10:21:36.944,0.021,1,1,0.9999786,1.8328534e-05,0.9999786,6.485245e-07,2.3746873e-06
511,42,sitting,2021-05-07 10:21:35.964,2021-05-07 10:21:37.944,0.021,1,1,0.99998003,1.6952246e-05,0.99998003,6.188592e-07,2.342389e-06
511,42,sitting,2021-05-07 10:21:36.964,2021-05-07 10:21:38.944,0.021,1,1,0.9999793,1.7693286e-05,0.9999793,6.312151e-07,2.414287e-06
511,42,sitting,2021-05-07 10:21:37.964,2021-05-07 10:21:39.944,0.021,1,1,0.99997693,1.978162e-05,0.99997693,6.622017e-07,2.5084596e-06
511,42,sitting,2021-05-07 10:21:38.964,2021-05-07 10:21:40.944,0.021,1,1,0.9999774,1.9475316e-05,0.9999774,6.5293483e-07,2.4751916e-06
511,42,sitting,2021-05-07 10:21:39.964,2021-05-07 10:21:41.944,0.021,1,1,0.9999768,2.0031985e-05,0.9999768,6.508425e-07,2.5340037e-06
511,42,sitting,2021-05-07 10:21:40.964,2021-05-07 10:21:42.944,0.021,1,1,0.9999724,2.4034858e-05,0.9999724,6.852263e-07,2.7012927e-06
511,42,sitting,2021-05-07 10:21:41.964,2021-05-07 10:21:43.944,0.021,1,1,0.99996954,2.695198e-05,0.99996954,7.3514616e-07,2.7880699e-06
511,42,sitting,2021-05-07 10:21:42.964,2021-05-07 10:21:44.944,0.021,1,1,0.9999686,2.7775484e-05,0.9999686,7.5445877e-07,2.8542115e-06
511,42,sitting,2021-05-07 10:21:43.964,2021-05-07 10:21:45.944,0.021,1,1,0.99996835,2.8008946e-05,0.99996835,7.3548955e-07,2.8243178e-06
511,42,sitting,2021-05-07 10:21:44.964,2021-05-07 10:21:46.944,0.021,1,1,0.9999688,2.7542446e-05,0.9999688,7.1576056e-07,2.835592e-06
511,42,sitting,2021-05-07 10:21:45.964,2021-05-07 10:21:47.944,0.021,1,1,0.99996597,3.015769e-05,0.99996597,7.777892e-07,2.9514752e-06
511,42,sitting,2021-05-07 10:21:46.964,2021-05-07 10:21:48.944,0.021,1,1,0.99996394,3.2286694e-05,0.99996394,8.1845144e-07,2.8983545e-06
511,42,sitting,2021-05-07 10:21:47.964,2021-05-07 10:21:49.944,0.021,1,1,0.9999594,3.6678342e-05,0.9999594,8.7128126e-07,3.0007404e-06
511,42,sitting,2021-05-07 10:21:48.964,2021-05-07 10:21:50.944,0.021,1,1,0.99996024,3.584868e-05,0.99996024,8.410596e-07,2.9743544e-06
511,42,sitting,2021-05-07 10:21:49.964,2021-05-07 10:21:51.944,0.021,1,1,0.9999699,2.6504422e-05,0.9999699,8.1051326e-07,2.7072074e-06
511,42,sitting,2021-05-07 10:21:50.964,2021-05-07 10:21:52.944,0.021,1,1,0.9999699,2.6295229e-05,0.9999699,8.0774e-07,2.9001635e-06
511,42,sitting,2021-05-07 10:21:51.964,2021-05-07 10:21:53.944,0.021,1,1,0.99996704,2.892878e-05,0.99996704,8.3491653e-07,3.1123977e-06
511,42,sitting,2021-05-07 10:21:52.964,2021-05-07 10:21:54.944,0.021,1,1,0.99996847,2.7493545e-05,0.99996847,8.285736e-07,3.0649671e-06
511,42,sitting,2021-05-07 10:21:53.964,2021-05-07 10:21:55.944,0.021,1,1,0.99996704,2.8826827e-05,0.99996704,8.8981733e-07,3.178085e-06
511,42,sitting,2021-05-07 10:21:54.964,2021-05-07 10:21:56.944,0.021,1,1,0.99996465,3.1227384e-05,0.99996465,9.427703e-07,3.1298266e-06
511,42,sitting,2021-05-07 10:21:55.964,2021-05-07 10:21:57.944,0.021,1,1,0.99996215,3.3776043e-05,0.99996215,9.452519e-07,3.127077e-06
511,42,sitting,2021-05-07 10:21:56.964,2021-05-07 10:21:58.944,0.021,1,1,0.9999618,3.4135668e-05,0.9999618,9.422832e-07,3.119686e-06
511,42,sitting,2021-05-07 10:21:57.964,2021-05-07 10:21:59.944,0.021,1,1,0.9999637,3.220255e-05,0.9999637,9.202129e-07,3.088732e-06
511,42,sitting,2021-05-07 10:21:58.964,2021-05-07 10:22:00.944,0.021,1,1,0.9999642,3.1693035e-05,0.9999642,9.109014e-07,3.1239745e-06
511,42,sitting,2021-05-07 10:21:59.964,2021-05-07 10:22:01.944,0.021,1,1,0.9999626,3.3216118e-05,0.9999626,9.2476375e-07,3.1273917e-06
511,42,sitting,2021-05-07 10:22:00.964,2021-05-07 10:22:02.944,0.021,1,1,0.9999624,3.343754e-05,0.9999624,9.295808e-07,3.0962426e-06
511,42,sitting,2021-05-07 10:22:01.964,2021-05-07 10:22:03.944,0.021,1,1,0.99996644,2.9525083e-05,0.99996644,9.055774e-07,3.010338e-06
511,42,sitting,2021-05-07 10:22:02.964,2021-05-07 10:22:04.944,0.021,1,1,0.9999674,2.8646102e-05,0.9999674,9.354255e-07,2.9835091e-06
511,42,sitting,2021-05-07 10:22:03.964,2021-05-07 10:22:05.944,0.021,1,1,0.9999674,2.8659078e-05,0.9999674,9.251404e-07,2.99363e-06
511,42,sitting,2021-05-07 10:22:04.963,2021-05-07 10:22:06.944,0.021,1,1,0.9999699,2.6310983e-05,0.9999699,8.721117e-07,2.8749007e-06
511,42,sitting,2021-05-07 10:22:05.963,2021-05-07 10:22:07.944,0.021,1,1,0.9999698,2.648999e-05,0.9999698,8.555583e-07,2.8208547e-06
511,42,sitting,2021-05-07 10:22:06.963,2021-05-07 10:22:08.944,0.021,1,1,0.9999693,2.6976404e-05,0.9999693,8.7667337e-07,2.833758e-06
511,42,sitting,2021-05-07 10:22:07.963,2021-05-07 10:22:09.944,0.021,1,1,0.9999686,2.7479446e-05,0.9999686,9.1621735e-07,2.897202e-06
511,42,sitting,2021-05-07 10:22:08.963,2021-05-07 10:22:10.944,0.021,1,1,0.9999679,2.8179145e-05,0.9999679,9.1532763e-07,2.9386006e-06
511,42,sitting,2021-05-07 10:22:09.963,2021-05-07 10:22:11.944,0.021,1,1,0.9999668,2.915853e-05,0.9999668,9.4355397e-07,2.9916562e-06
511,42,sitting,2021-05-07 10:22:10.963,2021-05-07 10:22:12.944,0.021,1,1,0.9999694,2.6799577e-05,0.9999694,8.825985e-07,2.8496554e-06
511,42,sitting,2021-05-07 10:22:11.963,2021-05-07 10:22:13.944,0.021,1,1,0.9999687,2.7363287e-05,0.9999687,8.9690036e-07,2.8699253e-06
511,42,sitting,2021-05-07 10:22:12.963,2021-05-07 10:22:14.944,0.021,1,1,0.9999686,2.7528602e-05,0.9999686,8.990172e-07,2.877168e-06
511,42,sitting,2021-05-07 10:22:13.963,2021-05-07 10:22:15.944,0.021,1,1,0.99997133,2.499406e-05,0.99997133,8.515433e-07,2.747571e-06
511,42,sitting,2021-05-07 10:22:14.963,2021-05-07 10:22:16.944,0.021,1,1,0.9999704,2.5892707e-05,0.9999704,8.8279126e-07,2.8119607e-06
511,42,sitting,2021-05-07 10:22:15.963,2021-05-07 10:22:17.944,0.021,1,1,0.99997026,2.5987798e-05,0.99997026,8.896115e-07,2.8748525e-06
511,42,sitting,2021-05-07 10:22:16.964,2021-05-07 10:22:18.944,0.021,1,1,0.99996835,2.7706905e-05,0.99996835,9.109634e-07,2.9240205e-06
511,42,sitting,2021-05-07 10:22:17.964,2021-05-07 10:22:19.944,0.021,1,1,0.99996597,3.005605e-05,0.99996597,9.5192627e-07,3.0157732e-06
511,42,sitting,2021-05-07 10:22:18.964,2021-05-07 10:22:20.944,0.021,1,1,0.9999673,2.8723678e-05,0.9999673,9.227718e-07,2.9507753e-06
511,42,sitting,2021-05-07 10:22:19.964,2021-05-07 10:22:21.944,0.021,1,1,0.9999681,2.8030345e-05,0.9999681,8.980228e-07,2.8908307e-06
511,42,sitting,2021-05-07 10:22:20.964,2021-05-07 10:22:22.944,0.021,1,1,0.9999698,2.6503989e-05,0.9999698,8.5022583e-07,2.8219201e-06
511,42,sitting,2021-05-07 10:22:21.964,2021-05-07 10:22:23.944,0.021,1,1,0.9999675,2.8477767e-05,0.9999675,9.141932e-07,2.9523665e-06
511,42,sitting,2021-05-07 10:22:22.964,2021-05-07 10:22:24.944,0.021,1,1,0.99996775,2.8386887e-05,0.99996775,9.261392e-07,2.917139e-06
511,42,sitting,2021-05-07 10:22:23.964,2021-05-07 10:22:25.944,0.021,1,1,0.9999693,2.6868312e-05,0.9999693,9.0127725e-07,2.8427335e-06
511,42,sitting,2021-05-07 10:22:24.964,2021-05-07 10:22:26.944,0.021,1,1,0.99996966,2.6420352e-05,0.99996966,8.987464e-07,2.849254e-06
511,42,sitting,2021-05-07 10:22:25.964,2021-05-07 10:22:27.944,0.021,1,1,0.99996966,2.6550382e-05,0.99996966,8.920628e-07,2.8455715e-06
511,42,sitting,2021-05-07 10:22:26.964,2021-05-07 10:22:28.944,0.021,1,1,0.9999681,2.8044033e-05,0.9999681,9.1670984e-07,2.9073306e-06
511,42,sitting,2021-05-07 10:22:27.964,2021-05-07 10:22:29.944,0.021,1,1,0.9999674,2.8667417e-05,0.9999674,9.3728556e-07,2.9466137e-06
511,42,sitting,2021-05-07 10:22:28.964,2021-05-07 10:22:30.944,0.021,1,1,0.99996704,2.8986582e-05,0.99996704,9.265237e-07,2.93339e-06
511,42,sitting,2021-05-07 10:22:29.964,2021-05-07 10:22:31.944,0.021,1,1,0.9999674,2.870703e-05,0.9999674,9.184646e-07,2.916732e-06
511,42,sitting,2021-05-07 10:22:30.964,2021-05-07 10:22:32.944,0.021,1,1,0.9999698,2.6488728e-05,0.9999698,8.8053315e-07,2.8794277e-06
511,42,sitting,2021-05-07 10:22:31.964,2021-05-07 10:22:33.944,0.021,1,1,0.99996907,2.7001879e-05,0.99996907,9.088571e-07,2.8687252e-06
511,42,sitting,2021-05-07 10:22:32.964,2021-05-07 10:22:34.944,0.021,1,1,0.99996775,2.8340632e-05,0.99996775,9.243365e-07,2.9157038e-06
511,42,sitting,2021-05-07 10:22:33.964,2021-05-07 10:22:35.944,0.021,1,1,0.9999674,2.8587861e-05,0.9999674,9.310547e-07,2.9330415e-06
511,42,sitting,2021-05-07 10:22:34.964,2021-05-07 10:22:36.944,0.021,1,1,0.9999668,2.9159279e-05,0.9999668,9.565182e-07,2.9846117e-06
511,42,sitting,2021-05-07 10:22:35.964,2021-05-07 10:22:37.944,0.021,1,1,0.99996656,2.940566e-05,0.99996656,9.523809e-07,2.9702176e-06
511,42,sitting,2021-05-07 10:22:36.964,2021-05-07 10:22:38.944,0.021,1,1,0.9999674,2.856426e-05,0.9999674,9.318719e-07,2.933142e-06
511,42,sitting,2021-05-07 10:22:37.964,2021-05-07 10:22:39.944,0.021,1,1,0.9999692,2.7085134e-05,0.9999692,8.8650063e-07,2.875469e-06
511,42,sitting,2021-05-07 10:22:38.964,2021-05-07 10:22:40.944,0.021,1,1,0.99997085,2.539903e-05,0.99997085,8.5622366e-07,2.8567888e-06
511,42,sitting,2021-05-07 10:22:39.964,2021-05-07 10:22:41.944,0.021,1,1,0.99996847,2.7536003e-05,0.99996847,8.971696e-07,2.9682128e-06
511,42,sitting,2021-05-07 10:22:40.964,2021-05-07 10:22:42.944,0.021,1,1,0.9999674,2.8604933e-05,0.9999674,8.9739547e-07,3.0211374e-06
511,42,sitting,2021-05-07 10:22:41.964,2021-05-07 10:22:43.944,0.021,1,1,0.99996537,3.0619794e-05,0.99996537,8.8103576e-07,3.1459138e-06
511,42,sitting,2021-05-07 10:22:42.964,2021-05-07 10:22:44.944,0.021,1,1,0.999968,2.8147779e-05,0.999968,8.542409e-07,3.0025726e-06
511,42,sitting,2021-05-07 10:22:43.964,2021-05-07 10:22:45.944,0.021,1,1,0.99996966,2.6616906e-05,0.99996966,8.9035444e-07,2.910581e-06
511,42,sitting,2021-05-07 10:22:44.964,2021-05-07 10:22:46.944,0.021,1,1,0.9999674,2.8556578e-05,0.9999674,8.9953073e-07,2.979307e-06
511,42,sitting,2021-05-07 10:22:45.964,2021-05-07 10:22:47.944,0.021,1,1,0.99996716,2.8816194e-05,0.99996716,8.697106e-07,3.0402473e-06
511,42,sitting,2021-05-07 10:22:46.964,2021-05-07 10:22:48.944,0.021,1,1,0.9999656,3.0171948e-05,0.9999656,9.094297e-07,3.165467e-06
511,42,sitting,2021-05-07 10:22:47.964,2021-05-07 10:22:49.944,0.021,1,1,0.99996763,2.8409197e-05,0.99996763,9.225486e-07,3.0268425e-06
511,42,sitting,2021-05-07 10:22:48.964,2021-05-07 10:22:50.944,0.021,1,1,0.99996847,2.750561e-05,0.99996847,9.049007e-07,2.9625935e-06
511,42,sitting,2021-05-07 10:22:49.964,2021-05-07 10:22:51.944,0.021,1,1,0.9999675,2.8443868e-05,0.9999675,9.1540585e-07,3.0045735e-06
511,42,sitting,2021-05-07 10:22:50.964,2021-05-07 10:22:52.944,0.021,1,1,0.9999687,2.7427139e-05,0.9999687,8.854618e-07,2.9744108e-06
511,42,sitting,2021-05-07 10:22:51.964,2021-05-07 10:22:53.944,0.021,1,1,0.9999681,2.7966022e-05,0.9999681,8.9058403e-07,3.016654e-06
511,42,sitting,2021-05-07 10:22:52.964,2021-05-07 10:22:54.944,0.021,1,1,0.9999686,2.7445712e-05,0.9999686,9.0342456e-07,3.0103645e-06
511,42,sitting,2021-05-07 10:22:53.964,2021-05-07 10:22:55.944,0.021,1,1,0.9999686,2.7465876e-05,0.9999686,8.9561047e-07,2.9980363e-06
511,42,sitting,2021-05-07 10:22:54.964,2021-05-07 10:22:56.944,0.021,1,1,0.99996966,2.6442534e-05,0.99996966,8.699451e-07,2.9555902e-06
511,42,sitting,2021-05-07 10:22:55.964,2021-05-07 10:22:57.944,0.021,1,1,0.99996835,2.7774578e-05,0.99996835,8.89861e-07,3.0019723e-06
511,42,sitting,2021-05-07 10:22:56.964,2021-05-07 10:22:58.944,0.021,1,1,0.99996895,2.7184862e-05,0.99996895,8.8372667e-07,2.9744626e-06
511,42,sitting,2021-05-07 10:22:57.964,2021-05-07 10:22:59.944,0.021,1,1,0.999968,2.8101858e-05,0.999968,8.801991e-07,2.9594069e-06
511,42,sitting,2021-05-07 10:22:58.964,2021-05-07 10:23:00.944,0.021,1,1,0.99996465,3.1387506e-05,0.99996465,7.839916e-07,3.1342056e-06
511,42,sitting,2021-05-07 10:22:59.964,2021-05-07 10:23:01.944,0.021,1,1,0.99997073,2.4927156e-05,0.99997073,6.745664e-07,3.5786866e-06
511,43,walking,2021-05-07 10:23:04.444,2021-05-07 10:23:06.423,0.021,3,3,0.99907845,5.665934e-07,6.9236337e-09,0.00092098024,0.99907845
511,43,walking,2021-05-07 10:23:05.444,2021-05-07 10:23:07.423,0.021,3,3,0.9998138,2.2535627e-07,6.8343686e-10,0.0001860204,0.9998138
511,43,walking,2021-05-07 10:23:06.444,2021-05-07 10:23:08.423,0.021,3,3,0.9998379,1.5651014e-07,3.25192e-10,0.00016210608,0.9998379
511,43,walking,2021-05-07 10:23:07.444,2021-05-07 10:23:09.423,0.021,3,3,0.99978113,1.0926924e-07,2.5690103e-10,0.00021866483,0.99978113
511,43,walking,2021-05-07 10:23:08.444,2021-05-07 10:23:10.423,0.021,3,3,0.9982848,3.46229e-07,2.1076434e-09,0.0017149047,0.9982848
511,43,walking,2021-05-07 10:23:09.444,2021-05-07 10:23:11.423,0.021,3,3,0.9939256,5.8098084e-07,5.130469e-09,0.0060737985,0.9939256
511,43,walking,2021-05-07 10:23:10.444,2021-05-07 10:23:12.423,0.021,3,3,0.9958983,4.4241415e-07,5.136447e-09,0.0041011674,0.9958983
511,43,walking,2021-05-07 10:23:11.444,2021-05-07 10:23:13.423,0.021,3,3,0.99906355,1.4249223e-07,1.0066854e-09,0.0009362907,0.99906355
511,43,walking,2021-05-07 10:23:12.444,2021-05-07 10:23:14.423,0.021,3,3,0.99569803,7.406451e-07,8.214292e-09,0.004301329,0.99569803
511,43,walking,2021-05-07 10:23:13.444,2021-05-07 10:23:15.423,0.021,3,3,0.9954606,1.4483381e-06,1.6546203e-08,0.0045378907,0.9954606
511,43,walking,2021-05-07 10:23:14.444,2021-05-07 10:23:16.423,0.021,3,3,0.9984745,8.414727e-07,1.992478e-09,0.001524621,0.9984745
511,43,walking,2021-05-07 10:23:15.444,2021-05-07 10:23:17.423,0.021,3,3,0.9861604,1.0278754e-06,9.2919725e-09,0.013838663,0.9861604
511,43,walking,2021-05-07 10:23:16.444,2021-05-07 10:23:18.423,0.021,3,3,0.98868376,3.2837092e-06,9.410761e-08,0.011312906,0.98868376
511,43,walking,2021-05-07 10:23:17.444,2021-05-07 10:23:19.423,0.021,3,3,0.9989328,1.2154348e-06,1.4711769e-08,0.0010659703,0.9989328
511,43,walking,2021-05-07 10:23:18.444,2021-05-07 10:23:20.423,0.021,3,3,0.9976771,1.534136e-06,1.30399105e-08,0.0023213448,0.9976771
511,43,walking,2021-05-07 10:23:19.444,2021-05-07 10:23:21.423,0.021,3,3,0.99052125,3.6965146e-06,1.7900613e-08,0.009475049,0.99052125
511,43,walking,2021-05-07 10:23:20.444,2021-05-07 10:23:22.423,0.021,3,3,0.9836198,8.014809e-06,8.553944e-08,0.016372032,0.9836198
511,43,walking,2021-05-07 10:23:21.444,2021-05-07 10:23:23.423,0.021,3,3,0.97723913,2.6945274e-06,5.012468e-08,0.022758085,0.97723913
511,43,walking,2021-05-07 10:23:22.444,2021-05-07 10:23:24.423,0.021,3,3,0.8234972,1.2006376e-05,9.4253224e-08,0.17649072,0.8234972
511,43,walking,2021-05-07 10:23:23.444,2021-05-07 10:23:25.423,0.021,3,2,0.7167668,1.635352e-05,1.7872404e-07,0.7167668,0.28321666
511,43,walking,2021-05-07 10:23:24.444,2021-05-07 10:23:26.423,0.021,3,3,0.5547613,2.4277571e-05,4.4350344e-07,0.44521388,0.5547613
511,46,standing,2021-05-07 10:23:28.884,2021-05-07 10:23:30.864,0.021,2,2,0.99959797,5.41795e-06,6.3425207e-09,0.99959797,0.0003964823
511,46,standing,2021-05-07 10:23:29.884,2021-05-07 10:23:31.864,0.021,2,2,0.99964684,2.3445984e-06,1.3705206e-08,0.99964684,0.00035078757
511,46,standing,2021-05-07 10:23:30.884,2021-05-07 10:23:32.863,0.021,2,2,0.99964803,1.814714e-06,2.1669937e-08,0.99964803,0.000350262
511,46,standing,2021-05-07 10:23:31.884,2021-05-07 10:23:33.863,0.021,2,2,0.99957746,2.1607245e-06,2.1921819e-08,0.99957746,0.00042035044
511,46,standing,2021-05-07 10:23:32.883,2021-05-07 10:23:34.863,0.021,2,2,0.9996242,2.079253e-06,1.9528917e-08,0.9996242,0.00037371487
511,46,standing,2021-05-07 10:23:33.883,2021-05-07 10:23:35.863,0.021,2,2,0.9997027,1.9848305e-06,1.6045497e-08,0.9997027,0.0002951382
511,46,standing,2021-05-07 10:23:34.883,2021-05-07 10:23:36.863,0.021,2,2,0.9997357,1.9406755e-06,6.701979e-09,0.9997357,0.00026227883
511,46,standing,2021-05-07 10:23:35.883,2021-05-07 10:23:37.863,0.021,2,2,0.9997635,1.3451913e-06,1.2671205e-09,0.9997635,0.00023520637
511,46,standing,2021-05-07 10:23:36.883,2021-05-07 10:23:38.863,0.021,2,2,0.9997752,1.2329913e-06,6.1431465e-10,0.9997752,0.00022374355
511,46,standing,2021-05-07 10:23:37.883,2021-05-07 10:23:39.863,0.021,2,2,0.99983287,1.3701314e-06,4.7547605e-10,0.99983287,0.00016578323
511,46,standing,2021-05-07 10:23:38.883,2021-05-07 10:23:40.863,0.021,2,2,0.99970627,2.1214885e-06,4.406398e-10,0.99970627,0.00029152364
511,46,standing,2021-05-07 10:23:39.883,2021-05-07 10:23:41.863,0.021,2,2,0.9996063,1.8487513e-06,5.1263777e-10,0.9996063,0.00039169134
511,46,standing,2021-05-07 10:23:40.883,2021-05-07 10:23:42.863,0.021,2,2,0.9997455,1.3361445e-06,5.3338434e-10,0.9997455,0.00025316523
511,46,standing,2021-05-07 10:23:41.883,2021-05-07 10:23:43.863,0.021,2,2,0.9995944,2.51937e-06,1.0421405e-09,0.9995944,0.000403079
511,46,standing,2021-05-07 10:23:42.883,2021-05-07 10:23:44.863,0.021,2,2,0.9994814,6.7905894e-06,2.889204e-09,0.9994814,0.0005118918
511,46,standing,2021-05-07 10:23:43.883,2021-05-07 10:23:45.863,0.021,2,2,0.99950546,5.2328046e-06,8.168249e-09,0.99950546,0.00048920687
511,48,standing,2021-05-07 10:23:47.683,2021-05-07 10:23:49.664,0.021,2,2,0.9994417,1.4045381e-06,1.0169706e-09,0.9994417,0.0005568895
511,50,standing,2021-05-07 10:23:51.043,2021-05-07 10:23:53.023,0.021,2,2,0.99948806,1.118204e-06,3.2020125e-07,0.99948806,0.0005104019
511,50,standing,2021-05-07 10:23:52.043,2021-05-07 10:23:54.023,0.021,2,2,0.99969167,6.826874e-07,7.952226e-07,0.99969167,0.00030683473
511,50,standing,2021-05-07 10:23:53.043,2021-05-07 10:23:55.023,0.021,2,2,0.98063874,9.063757e-06,2.004167e-06,0.98063874,0.019350098
511,50,standing,2021-05-07 10:23:54.043,2021-05-07 10:23:56.023,0.021,2,2,0.98432404,1.0479228e-05,4.9718132e-08,0.98432404,0.015665425
511,50,standing,2021-05-07 10:23:55.043,2021-05-07 10:23:57.023,0.021,2,2,0.99981475,1.2989215e-06,3.622164e-10,0.99981475,0.00018393212
511,50,standing,2021-05-07 10:23:56.043,2021-05-07 10:23:58.023,0.021,2,2,0.9998947,1.2212853e-06,2.5389038e-10,0.9998947,0.00010408142
511,50,standing,2021-05-07 10:23:57.043,2021-05-07 10:23:59.023,0.021,2,2,0.9998835,1.2971798e-06,2.8419742e-10,0.9998835,0.000115167444
511,50,standing,2021-05-07 10:23:58.043,2021-05-07 10:24:00.023,0.021,2,2,0.9998788,1.5673651e-06,2.8918515e-10,0.9998788,0.00011955369
511,50,standing,2021-05-07 10:23:59.043,2021-05-07 10:24:01.023,0.021,2,2,0.9999011,2.138422e-06,3.367175e-10,0.9999011,9.661787e-05
511,50,standing,2021-05-07 10:24:00.043,2021-05-07 10:24:02.023,0.021,2,2,0.9999209,2.1426e-06,4.2218323e-10,0.9999209,7.683919e-05
511,50,standing,2021-05-07 10:24:01.043,2021-05-07 10:24:03.023,0.021,2,2,0.9999357,1.7848197e-06,4.1598663e-10,0.9999357,6.243018e-05
511,50,standing,2021-05-07 10:24:02.043,2021-05-07 10:24:04.024,0.021,2,2,0.99991983,1.6856893e-06,6.026337e-10,0.99991983,7.847569e-05
511,50,standing,2021-05-07 10:24:03.043,2021-05-07 10:24:05.024,0.021,2,2,0.9999024,1.6857388e-06,8.4501667e-10,0.9999024,9.584125e-05
511,50,standing,2021-05-07 10:24:04.043,2021-05-07 10:24:06.024,0.021,2,2,0.99988955,1.5405616e-06,1.091991e-09,0.99988955,0.00010886372
511,56,standing,2021-05-07 10:24:09.803,2021-05-07 10:24:11.784,0.021,2,2,0.999799,1.2990646e-06,2.9798847e-10,0.999799,0.0001997369
511,60,standing,2021-05-07 10:24:15.963,2021-05-07 10:24:17.944,0.021,2,2,0.99943686,1.598613e-06,9.083829e-09,0.99943686,0.000561579
511,65,walking,2021-05-07 10:24:21.163,2021-05-07 10:24:23.144,0.021,3,3,0.983604,3.0878884e-05,1.4457895e-07,0.016364954,0.983604
511,66,standing,2021-05-07 10:24:23.964,2021-05-07 10:24:25.944,0.021,2,2,0.99988836,1.3808449e-06,4.796882e-10,0.99988836,0.00011009392
511,66,standing,2021-05-07 10:24:24.964,2021-05-07 10:24:26.944,0.021,2,2,0.9998605,1.6506983e-06,5.596833e-10,0.9998605,0.00013778795
511,66,standing,2021-05-07 10:24:25.964,2021-05-07 10:24:27.944,0.021,2,2,0.9998503,1.9581025e-06,5.6568217e-10,0.9998503,0.00014773826
511,66,standing,2021-05-07 10:24:26.964,2021-05-07 10:24:28.944,0.021,2,2,0.999846,2.479563e-06,5.590478e-10,0.999846,0.00015150299
511,66,standing,2021-05-07 10:24:27.964,2021-05-07 10:24:29.944,0.021,2,2,0.99985266,2.1448334e-06,6.9152906e-10,0.99985266,0.00014515687
511,66,standing,2021-05-07 10:24:28.964,2021-05-07 10:24:30.944,0.021,2,2,0.99973786,2.2639906e-06,1.1057557e-09,0.99973786,0.0002597855
511,66,standing,2021-05-07 10:24:29.964,2021-05-07 10:24:31.944,0.021,2,2,0.9996025,1.9401077e-06,1.405932e-09,0.9996025,0.0003956446
511,70,standing,2021-05-07 10:24:35.203,2021-05-07 10:24:37.183,0.021,2,2,0.99871176,1.5569566e-06,5.448613e-10,0.99871176,0.0012866341
511,70,standing,2021-05-07 10:24:36.203,2021-05-07 10:24:38.183,0.021,2,2,0.9992122,1.4609194e-06,2.9479563e-10,0.9992122,0.0007863348
511,71,walking,2021-05-07 10:24:38.883,2021-05-07 10:24:40.863,0.021,3,3,0.9937955,5.1418883e-06,6.1028246e-08,0.006199321,0.9937955
511,71,walking,2021-05-07 10:24:39.883,2021-05-07 10:24:41.863,0.021,3,3,0.99888206,1.8231326e-06,1.0082265e-08,0.001116093,0.99888206
511,71,walking,2021-05-07 10:24:40.883,2021-05-07 10:24:42.863,0.021,3,3,0.9996349,1.2643209e-06,3.898963e-09,0.00036387763,0.9996349
511,71,walking,2021-05-07 10:24:41.883,2021-05-07 10:24:43.863,0.021,3,3,0.99998015,1.2756641e-07,2.3801566e-10,1.967116e-05,0.99998015
511,71,walking,2021-05-07 10:24:42.883,2021-05-07 10:24:44.863,0.021,3,3,0.9999102,4.4852038e-07,7.0961426e-10,8.932663e-05,0.9999102
511,71,walking,2021-05-07 10:24:43.883,2021-05-07 10:24:45.863,0.021,3,3,0.9994024,4.293107e-07,9.942113e-10,0.00059719937,0.9994024
511,71,walking,2021-05-07 10:24:44.883,2021-05-07 10:24:46.863,0.021,3,3,0.99796003,3.418094e-07,1.396865e-09,0.0020395413,0.99796003
511,71,walking,2021-05-07 10:24:45.883,2021-05-07 10:24:47.863,0.021,3,3,0.99978614,9.820134e-08,2.011655e-10,0.00021378476,0.99978614
511,71,walking,2021-05-07 10:24:46.883,2021-05-07 10:24:48.863,0.021,3,3,0.9997027,1.9412357e-07,3.5048156e-10,0.00029697566,0.9997027
511,71,walking,2021-05-07 10:24:47.883,2021-05-07 10:24:49.863,0.021,3,3,0.99939287,9.903499e-07,6.7111148e-09,0.0006060754,0.99939287
511,71,walking,2021-05-07 10:24:48.883,2021-05-07 10:24:50.863,0.021,3,3,0.99973845,1.3665102e-06,3.3281746e-09,0.00026011563,0.99973845
511,71,walking,2021-05-07 10:24:49.883,2021-05-07 10:24:51.863,0.021,3,3,0.99348223,5.422007e-06,6.4349397e-09,0.006512247,0.99348223
511,71,walking,2021-05-07 10:24:50.883,2021-05-07 10:24:52.863,0.021,3,3,0.9943044,1.3150376e-06,7.297303e-09,0.0056942245,0.9943044
511,71,walking,2021-05-07 10:24:51.883,2021-05-07 10:24:53.863,0.021,3,3,0.99978876,4.2079887e-07,5.5148206e-09,0.00021072436,0.99978876
511,71,walking,2021-05-07 10:24:52.883,2021-05-07 10:24:54.863,0.021,3,3,0.9992948,1.0703918e-06,1.96002e-08,0.00070409954,0.9992948
511,71,walking,2021-05-07 10:24:53.883,2021-05-07 10:24:55.863,0.021,3,3,0.9580158,2.8415523e-05,2.1576504e-07,0.041955523,0.9580158
511,71,walking,2021-05-07 10:24:54.883,2021-05-07 10:24:56.863,0.021,3,3,0.95715266,1.9378791e-05,9.1050396e-08,0.04282796,0.95715266
511,71,walking,2021-05-07 10:24:55.883,2021-05-07 10:24:57.863,0.021,3,3,0.9430869,2.854087e-05,1.591368e-07,0.056884274,0.9430869
511,75,walking,2021-05-07 10:25:00.204,2021-05-07 10:25:02.184,0.021,3,2,0.97777724,8.617985e-06,1.230168e-07,0.97777724,0.022214057
511,75,walking,2021-05-07 10:25:01.204,2021-05-07 10:25:03.184,0.021,3,2,0.50202334,6.330707e-05,4.256258e-07,0.50202334,0.4979128
511,75,walking,2021-05-07 10:25:02.204,2021-05-07 10:25:04.184,0.021,3,3,0.5699908,5.4682492e-05,4.4792574e-07,0.42995405,0.5699908
511,81,walking,2021-05-07 10:25:18.163,2021-05-07 10:25:20.144,0.021,3,2,0.94784737,3.9810962e-05,5.7478903e-08,0.94784737,0.05211268
511,81,walking,2021-05-07 10:25:19.163,2021-05-07 10:25:21.144,0.021,3,3,0.81869084,2.593407e-05,1.4296907e-07,0.18128312,0.81869084
511,81,walking,2021-05-07 10:25:20.163,2021-05-07 10:25:22.144,0.021,3,3,0.9807642,4.533493e-06,5.298917e-08,0.019231204,0.9807642
511,81,walking,2021-05-07 10:25:21.163,2021-05-07 10:25:23.144,0.021,3,3,0.9663416,1.01302e-05,9.510916e-08,0.033648066,0.9663416
511,81,walking,2021-05-07 10:25:22.163,2021-05-07 10:25:24.144,0.021,3,3,0.6591744,2.4940819e-05,5.3699506e-07,0.34080017,0.6591744
511,81,walking,2021-05-07 10:25:23.163,2021-05-07 10:25:25.144,0.021,3,3,0.8029449,1.7375534e-05,5.5980587e-07,0.19703713,0.8029449
511,81,walking,2021-05-07 10:25:24.163,2021-05-07 10:25:26.144,0.021,3,3,0.5266241,2.7224245e-05,3.771132e-07,0.47334826,0.5266241
511,81,walking,2021-05-07 10:25:25.163,2021-05-07 10:25:27.144,0.021,3,3,0.66516006,3.1131985e-05,4.234014e-07,0.3348083,0.66516006
511,81,walking,2021-05-07 10:25:26.163,2021-05-07 10:25:28.144,0.021,3,3,0.97819906,1.7037062e-05,3.287182e-07,0.021783493,0.97819906
511,81,walking,2021-05-07 10:25:27.163,2021-05-07 10:25:29.144,0.021,3,3,0.90094644,2.4248642e-05,1.9526016e-07,0.09902912,0.90094644
511,81,walking,2021-05-07 10:25:28.163,2021-05-07 10:25:30.144,0.021,3,3,0.7266701,2.8152324e-05,1.7416924e-07,0.27330157,0.7266701
511,81,walking,2021-05-07 10:25:29.163,2021-05-07 10:25:31.144,0.021,3,3,0.58410317,2.8148466e-05,5.110647e-07,0.4158682,0.58410317
511,81,walking,2021-05-07 10:25:30.163,2021-05-07 10:25:32.144,0.021,3,2,0.86101305,1.6833645e-05,2.9309803e-07,0.86101305,0.13896981
511,81,walking,2021-05-07 10:25:31.163,2021-05-07 10:25:33.144,0.021,3,3,0.7846223,1.5032326e-05,3.2665585e-07,0.21536236,0.7846223
511,81,walking,2021-05-07 10:25:32.164,2021-05-07 10:25:34.144,0.021,3,3,0.75467306,3.5265184e-05,4.123661e-07,0.24529123,0.75467306
511,81,walking,2021-05-07 10:25:33.164,2021-05-07 10:25:35.144,0.021,3,2,0.6933948,3.214661e-05,1.7964075e-07,0.6933948,0.30657303
511,83,walking,2021-05-07 10:25:37.484,2021-05-07 10:25:39.464,0.021,3,3,0.9871862,5.0016297e-06,7.6376885e-08,0.012808741,0.9871862
511,83,walking,2021-05-07 10:25:38.484,2021-05-07 10:25:40.464,0.021,3,3,0.99741423,4.572929e-06,7.3752453e-09,0.002581165,0.99741423
511,83,walking,2021-05-07 10:25:39.484,2021-05-07 10:25:41.464,0.021,3,3,0.8894289,4.5216613e-05,4.7241797e-09,0.11052586,0.8894289
511,83,walking,2021-05-07 10:25:40.484,2021-05-07 10:25:42.464,0.021,3,3,0.9993452,4.929153e-06,4.0904133e-09,0.00064976554,0.9993452
511,83,walking,2021-05-07 10:25:41.484,2021-05-07 10:25:43.464,0.021,3,3,0.9958004,8.333226e-06,5.839126e-07,0.0041906512,0.9958004
511,84,lying,2021-05-07 10:25:48.964,2021-05-07 10:25:50.944,0.021,0,0,0.9999992,0.9999992,2.3688973e-10,7.120445e-07,6.974769e-09
511,84,lying,2021-05-07 10:25:49.964,2021-05-07 10:25:51.944,0.021,0,0,0.99999887,0.99999887,1.2707271e-10,1.023061e-06,3.506892e-09
511,84,lying,2021-05-07 10:25:50.964,2021-05-07 10:25:52.944,0.021,0,0,0.99999815,0.99999815,2.368714e-10,1.8336855e-06,3.6720496e-09
511,84,lying,2021-05-07 10:25:51.964,2021-05-07 10:25:53.944,0.021,0,0,0.99999756,0.99999756,3.0687705e-10,2.3366938e-06,4.0261843e-09
511,84,lying,2021-05-07 10:25:52.964,2021-05-07 10:25:54.944,0.021,0,0,0.99999744,0.99999744,3.8363615e-10,2.507633e-06,4.6383537e-09
511,84,lying,2021-05-07 10:25:53.964,2021-05-07 10:25:55.944,0.021,0,0,0.9999967,0.9999967,5.8519467e-10,3.2313671e-06,6.2579018e-09
511,84,lying,2021-05-07 10:25:54.964,2021-05-07 10:25:56.944,0.021,0,0,0.9999967,0.9999967,5.507628e-10,3.2738226e-06,6.547763e-09
511,84,lying,2021-05-07 10:25:55.964,2021-05-07 10:25:57.944,0.021,0,0,0.9999971,0.9999971,4.0432643e-10,2.9027938e-06,5.2397664e-09
511,84,lying,2021-05-07 10:25:56.964,2021-05-07 10:25:58.944,0.021,0,0,0.99999684,0.99999684,4.7857773e-10,3.148714e-06,5.6028e-09
511,84,lying,2021-05-07 10:25:57.964,2021-05-07 10:25:59.944,0.021,0,0,0.9999966,0.9999966,5.050219e-10,3.296442e-06,5.859287e-09
511,84,lying,2021-05-07 10:25:58.964,2021-05-07 10:26:00.944,0.021,0,0,0.99999684,0.99999684,4.2744489e-10,3.1475402e-06,5.3458007e-09
511,84,lying,2021-05-07 10:25:59.964,2021-05-07 10:26:01.944,0.021,0,0,0.99999684,0.99999684,3.885255e-10,3.0676802e-06,5.084777e-09
511,84,lying,2021-05-07 10:26:00.964,2021-05-07 10:26:02.944,0.021,0,0,0.99999684,0.99999684,3.922275e-10,3.0529475e-06,5.030006e-09
511,84,lying,2021-05-07 10:26:01.964,2021-05-07 10:26:03.944,0.021,0,0,0.9999967,0.9999967,4.3074064e-10,3.1646691e-06,5.385868e-09
511,84,lying,2021-05-07 10:26:02.964,2021-05-07 10:26:04.944,0.021,0,0,0.9999966,0.9999966,4.788506e-10,3.306776e-06,5.7649823e-09
511,84,lying,2021-05-07 10:26:03.964,2021-05-07 10:26:05.944,0.021,0,0,0.9999966,0.9999966,5.0028864e-10,3.3778344e-06,5.8953047e-09
511,84,lying,2021-05-07 10:26:04.963,2021-05-07 10:26:06.944,0.021,0,0,0.99999684,0.99999684,4.287955e-10,3.1437933e-06,5.279793e-09
511,84,lying,2021-05-07 10:26:05.963,2021-05-07 10:26:07.944,0.021,0,0,0.99999684,0.99999684,4.377367e-10,3.1315965e-06,5.401537e-09
511,84,lying,2021-05-07 10:26:06.963,2021-05-07 10:26:08.944,0.021,0,0,0.9999967,0.9999967,4.7969356e-10,3.2615412e-06,5.7603993e-09
511,84,lying,2021-05-07 10:26:07.963,2021-05-07 10:26:09.944,0.021,0,0,0.9999967,0.9999967,4.6670473e-10,3.217858e-06,5.5989857e-09
511,84,lying,2021-05-07 10:26:08.963,2021-05-07 10:26:10.944,0.021,0,0,0.9999967,0.9999967,4.7645465e-10,3.1727345e-06,5.6928546e-09
511,84,lying,2021-05-07 10:26:09.963,2021-05-07 10:26:11.944,0.021,0,0,0.9999967,0.9999967,5.1239896e-10,3.2129424e-06,5.9393788e-09
511,84,lying,2021-05-07 10:26:10.963,2021-05-07 10:26:12.944,0.021,0,0,0.99999624,0.99999624,7.690123e-10,3.7121988e-06,7.705455e-09
511,84,lying,2021-05-07 10:26:11.963,2021-05-07 10:26:13.944,0.021,0,0,0.9999967,0.9999967,5.1480886e-10,3.248643e-06,5.9658785e-09
511,84,lying,2021-05-07 10:26:12.963,2021-05-07 10:26:14.944,0.021,0,0,0.9999965,0.9999965,5.672452e-10,3.4756747e-06,6.357187e-09
511,84,lying,2021-05-07 10:26:13.963,2021-05-07 10:26:15.944,0.021,0,0,0.999996,0.999996,7.371421e-10,3.8880803e-06,7.545917e-09
511,84,lying,2021-05-07 10:26:14.963,2021-05-07 10:26:16.944,0.021,0,0,0.99999624,0.99999624,6.758414e-10,3.725907e-06,7.098828e-09
511,84,lying,2021-05-07 10:26:15.963,2021-05-07 10:26:17.944,0.021,0,0,0.99999636,0.99999636,6.3026845e-10,3.5815885e-06,6.732776e-09
511,84,lying,2021-05-07 10:26:16.964,2021-05-07 10:26:18.944,0.021,0,0,0.9999965,0.9999965,5.778244e-10,3.431469e-06,6.3119034e-09
511,84,lying,2021-05-07 10:26:17.964,2021-05-07 10:26:19.944,0.021,0,0,0.9999965,0.9999965,5.7947996e-10,3.499933e-06,6.383249e-09
511,84,lying,2021-05-07 10:26:18.964,2021-05-07 10:26:20.944,0.021,0,0,0.99999624,0.99999624,6.5566674e-10,3.7181335e-06,6.916116e-09
511,84,lying,2021-05-07 10:26:19.964,2021-05-07 10:26:21.944,0.021,0,0,0.99999624,0.99999624,6.5440364e-10,3.7080415e-06,6.9327175e-09
511,84,lying,2021-05-07 10:26:20.964,2021-05-07 10:26:22.944,0.021,0,0,0.99999624,0.99999624,6.7049377e-10,3.75291e-06,7.1363515e-09
511,84,lying,2021-05-07 10:26:21.964,2021-05-07 10:26:23.944,0.021,0,0,0.99999636,0.99999636,5.7952965e-10,3.5567168e-06,6.490328e-09
511,84,lying,2021-05-07 10:26:22.964,2021-05-07 10:26:24.944,0.021,0,0,0.99999636,0.99999636,5.7003474e-10,3.5296073e-06,6.320697e-09
511,84,lying,2021-05-07 10:26:23.964,2021-05-07 10:26:25.944,0.021,0,0,0.9999965,0.9999965,5.707855e-10,3.4856064e-06,6.2967045e-09
511,84,lying,2021-05-07 10:26:24.964,2021-05-07 10:26:26.944,0.021,0,0,0.9999965,0.9999965,5.5211424e-10,3.4451064e-06,6.2036487e-09
511,84,lying,2021-05-07 10:26:25.964,2021-05-07 10:26:27.944,0.021,0,0,0.9999965,0.9999965,5.828631e-10,3.5066585e-06,6.450233e-09
511,84,lying,2021-05-07 10:26:26.964,2021-05-07 10:26:28.944,0.021,0,0,0.99999636,0.99999636,5.9712807e-10,3.526441e-06,6.5561707e-09
511,84,lying,2021-05-07 10:26:27.964,2021-05-07 10:26:29.944,0.021,0,0,0.9999965,0.9999965,5.653819e-10,3.4406048e-06,6.3034333e-09
511,84,lying,2021-05-07 10:26:28.964,2021-05-07 10:26:30.944,0.021,0,0,0.9999967,0.9999967,4.9364224e-10,3.2739506e-06,5.782625e-09
511,84,lying,2021-05-07 10:26:29.964,2021-05-07 10:26:31.944,0.021,0,0,0.9999967,0.9999967,4.514218e-10,3.1982408e-06,5.4731046e-09
511,84,lying,2021-05-07 10:26:30.964,2021-05-07 10:26:32.944,0.021,0,0,0.9999967,0.9999967,4.465082e-10,3.1709378e-06,5.425781e-09
511,84,lying,2021-05-07 10:26:31.964,2021-05-07 10:26:33.944,0.021,0,0,0.9999967,0.9999967,4.492281e-10,3.176007e-06,5.500723e-09
511,84,lying,2021-05-07 10:26:32.964,2021-05-07 10:26:34.944,0.021,0,0,0.9999966,0.9999966,4.993829e-10,3.3244705e-06,5.9025504e-09
511,84,lying,2021-05-07 10:26:33.964,2021-05-07 10:26:35.944,0.021,0,0,0.9999966,0.9999966,5.0971344e-10,3.3516474e-06,5.9059966e-09
511,84,lying,2021-05-07 10:26:34.964,2021-05-07 10:26:36.944,0.021,0,0,0.99999636,0.99999636,5.816891e-10,3.517168e-06,6.5252945e-09
511,84,lying,2021-05-07 10:26:35.964,2021-05-07 10:26:37.944,0.021,0,0,0.9999965,0.9999965,5.258252e-10,3.4149662e-06,6.277637e-09
511,84,lying,2021-05-07 10:26:36.964,2021-05-07 10:26:38.944,0.021,0,0,0.9999967,0.9999967,4.2046328e-10,3.2301932e-06,5.581893e-09
511,84,lying,2021-05-07 10:26:37.964,2021-05-07 10:26:39.944,0.021,0,0,0.9999966,0.9999966,4.7181264e-10,3.29598e-06,5.899748e-09
511,84,lying,2021-05-07 10:26:38.964,2021-05-07 10:26:40.944,0.021,0,0,0.9999961,0.9999961,7.432582e-10,3.823682e-06,7.794619e-09
511,84,lying,2021-05-07 10:26:39.964,2021-05-07 10:26:41.944,0.021,0,0,0.9999961,0.9999961,7.587653e-10,3.86867e-06,7.987335e-09
511,84,lying,2021-05-07 10:26:40.964,2021-05-07 10:26:42.944,0.021,0,0,0.99999624,0.99999624,6.352589e-10,3.6765684e-06,7.1410624e-09
511,84,lying,2021-05-07 10:26:41.964,2021-05-07 10:26:43.944,0.021,0,0,0.99999636,0.99999636,6.152269e-10,3.6057636e-06,6.9282238e-09
511,84,lying,2021-05-07 10:26:42.964,2021-05-07 10:26:44.944,0.021,0,0,0.9999959,0.9999959,8.2107815e-10,4.0106593e-06,8.5930205e-09
511,84,lying,2021-05-07 10:26:43.964,2021-05-07 10:26:45.944,0.021,0,0,0.99999636,0.99999636,5.7119276e-10,3.5726778e-06,6.7502635e-09
511,84,lying,2021-05-07 10:26:44.964,2021-05-07 10:26:46.944,0.021,0,0,0.9999967,0.9999967,4.1739498e-10,3.1958566e-06,5.3127347e-09
511,84,lying,2021-05-07 10:26:45.964,2021-05-07 10:26:47.944,0.021,0,0,0.9999961,0.9999961,7.178229e-10,3.849734e-06,7.3508852e-09
511,84,lying,2021-05-07 10:26:46.964,2021-05-07 10:26:48.944,0.021,0,0,0.9999959,0.9999959,8.30063e-10,4.0812724e-06,8.02721e-09
511,84,lying,2021-05-07 10:26:47.964,2021-05-07 10:26:49.944,0.021,0,0,0.9999959,0.9999959,8.257993e-10,4.0503073e-06,7.960519e-09
511,84,lying,2021-05-07 10:26:48.964,2021-05-07 10:26:50.944,0.021,0,0,0.9999961,0.9999961,7.2001693e-10,3.834634e-06,7.282698e-09
511,84,lying,2021-05-07 10:26:49.964,2021-05-07 10:26:51.944,0.021,0,0,0.9999961,0.9999961,7.380764e-10,3.7826255e-06,7.491995e-09
511,84,lying,2021-05-07 10:26:50.964,2021-05-07 10:26:52.944,0.021,0,0,0.999996,0.999996,8.6253993e-10,3.9563993e-06,8.331058e-09
511,84,lying,2021-05-07 10:26:51.964,2021-05-07 10:26:53.944,0.021,0,0,0.9999959,0.9999959,8.683304e-10,4.0291607e-06,8.236698e-09
511,84,lying,2021-05-07 10:26:52.964,2021-05-07 10:26:54.944,0.021,0,0,0.9999959,0.9999959,8.840897e-10,4.102834e-06,8.373863e-09
511,84,lying,2021-05-07 10:26:53.964,2021-05-07 10:26:55.944,0.021,0,0,0.9999959,0.9999959,8.4820745e-10,4.0096575e-06,8.124915e-09
511,84,lying,2021-05-07 10:26:54.964,2021-05-07 10:26:56.944,0.021,0,0,0.9999959,0.9999959,8.842381e-10,4.036275e-06,8.444499e-09
511,84,lying,2021-05-07 10:26:55.964,2021-05-07 10:26:57.944,0.021,0,0,0.9999959,0.9999959,8.724175e-10,4.005625e-06,8.366838e-09
511,84,lying,2021-05-07 10:26:56.964,2021-05-07 10:26:58.944,0.021,0,0,0.99999577,0.99999577,9.552491e-10,4.1183926e-06,8.900271e-09
511,84,lying,2021-05-07 10:26:57.964,2021-05-07 10:26:59.944,0.021,0,0,0.9999955,0.9999955,1.1217924e-09,4.356593e-06,1.0290028e-08
511,84,lying,2021-05-07 10:26:58.964,2021-05-07 10:27:00.944,0.021,0,0,0.9999961,0.9999961,8.449572e-10,3.842032e-06,8.965872e-09
511,84,lying,2021-05-07 10:26:59.964,2021-05-07 10:27:01.944,0.021,0,0,0.9999965,0.9999965,6.7126804e-10,3.488147e-06,7.4502164e-09
511,84,lying,2021-05-07 10:27:00.964,2021-05-07 10:27:02.944,0.021,0,0,0.9999966,0.9999966,5.3132376e-10,3.3405677e-06,6.26417e-09
511,84,lying,2021-05-07 10:27:01.964,2021-05-07 10:27:03.944,0.021,0,0,0.99999636,0.99999636,6.273337e-10,3.5595435e-06,6.959215e-09
511,84,lying,2021-05-07 10:27:02.964,2021-05-07 10:27:04.944,0.021,0,0,0.9999953,0.9999953,1.304224e-09,4.615771e-06,1.09836344e-08
511,84,lying,2021-05-07 10:27:03.964,2021-05-07 10:27:05.944,0.021,0,0,0.9999955,0.9999955,1.1377034e-09,4.3790824e-06,9.978119e-09
511,84,lying,2021-05-07 10:27:04.963,2021-05-07 10:27:06.944,0.021,0,0,0.99999577,0.99999577,9.227897e-10,4.1199755e-06,8.824122e-09
511,84,lying,2021-05-07 10:27:05.963,2021-05-07 10:27:07.944,0.021,0,0,0.9999961,0.9999961,7.046832e-10,3.7989948e-06,7.507071e-09
511,84,lying,2021-05-07 10:27:06.963,2021-05-07 10:27:08.944,0.021,0,0,0.99999624,0.99999624,6.4269934e-10,3.6879394e-06,6.9302053e-09
511,84,lying,2021-05-07 10:27:07.963,2021-05-07 10:27:09.944,0.021,0,0,0.99999624,0.99999624,7.0610673e-10,3.716159e-06,7.2396684e-09
511,84,lying,2021-05-07 10:27:08.963,2021-05-07 10:27:10.944,0.021,0,0,0.99999696,0.99999696,3.830788e-10,3.013696e-06,4.931617e-09
511,84,lying,2021-05-07 10:27:09.963,2021-05-07 10:27:11.944,0.021,0,0,0.99999696,0.99999696,3.4420533e-10,2.95945e-06,4.5234607e-09
511,84,lying,2021-05-07 10:27:10.963,2021-05-07 10:27:12.944,0.021,0,0,0.99999636,0.99999636,5.76731e-10,3.5688843e-06,6.353792e-09
511,84,lying,2021-05-07 10:27:11.963,2021-05-07 10:27:13.944,0.021,0,0,0.99999624,0.99999624,6.404697e-10,3.7092616e-06,6.7724573e-09
511,84,lying,2021-05-07 10:27:12.963,2021-05-07 10:27:14.944,0.021,0,0,0.99999624,0.99999624,6.522528e-10,3.730554e-06,6.8414363e-09
511,84,lying,2021-05-07 10:27:13.963,2021-05-07 10:27:15.944,0.021,0,0,0.99999624,0.99999624,6.6252803e-10,3.6777467e-06,6.8454176e-09
511,84,lying,2021-05-07 10:27:14.963,2021-05-07 10:27:16.944,0.021,0,0,0.9999972,0.9999972,4.660609e-10,2.7361e-06,4.928402e-09
511,84,lying,2021-05-07 10:27:15.963,2021-05-07 10:27:17.944,0.021,0,0,0.99999744,0.99999744,3.6885062e-10,2.4876085e-06,4.1789416e-09
511,84,lying,2021-05-07 10:27:16.964,2021-05-07 10:27:18.944,0.021,0,0,0.9999965,0.9999965,5.890277e-10,3.4598304e-06,6.2643126e-09
511,84,lying,2021-05-07 10:27:17.964,2021-05-07 10:27:19.944,0.021,0,0,0.99999624,0.99999624,6.7727635e-10,3.6748893e-06,6.8383703e-09
511,84,lying,2021-05-07 10:27:18.964,2021-05-07 10:27:20.944,0.021,0,0,0.99999624,0.99999624,6.9079514e-10,3.6655963e-06,6.860593e-09
511,84,lying,2021-05-07 10:27:19.964,2021-05-07 10:27:21.944,0.021,0,0,0.9999961,0.9999961,7.5980505e-10,3.7624347e-06,7.2379693e-09
511,84,lying,2021-05-07 10:27:20.964,2021-05-07 10:27:22.944,0.021,0,0,0.9999961,0.9999961,7.5224754e-10,3.7724806e-06,7.24359e-09
511,84,lying,2021-05-07 10:27:21.964,2021-05-07 10:27:23.944,0.021,0,0,0.9999961,0.9999961,7.6443635e-10,3.7725022e-06,7.261767e-09
511,84,lying,2021-05-07 10:27:22.964,2021-05-07 10:27:24.944,0.021,0,0,0.99999624,0.99999624,7.584427e-10,3.74473e-06,7.2441853e-09
511,84,lying,2021-05-07 10:27:23.964,2021-05-07 10:27:25.944,0.021,0,0,0.99999624,0.99999624,7.301765e-10,3.706394e-06,7.102187e-09
511,84,lying,2021-05-07 10:27:24.964,2021-05-07 10:27:26.944,0.021,0,0,0.9999961,0.9999961,7.617059e-10,3.7824127e-06,7.3144517e-09
511,84,lying,2021-05-07 10:27:25.964,2021-05-07 10:27:27.944,0.021,0,0,0.9999961,0.9999961,7.712817e-10,3.7803175e-06,7.316433e-09
511,84,lying,2021-05-07 10:27:26.964,2021-05-07 10:27:28.944,0.021,0,0,0.99999624,0.99999624,7.347672e-10,3.719999e-06,7.0857875e-09
511,84,lying,2021-05-07 10:27:27.964,2021-05-07 10:27:29.944,0.021,0,0,0.9999961,0.9999961,7.539828e-10,3.7613047e-06,7.2114976e-09
511,84,lying,2021-05-07 10:27:28.964,2021-05-07 10:27:30.944,0.021,0,0,0.99999624,0.99999624,7.6402534e-10,3.7366926e-06,7.234754e-09
511,84,lying,2021-05-07 10:27:29.964,2021-05-07 10:27:31.944,0.021,0,0,0.99999624,0.99999624,7.41313e-10,3.690557e-06,7.1185697e-09
511,84,lying,2021-05-07 10:27:30.964,2021-05-07 10:27:32.944,0.021,0,0,0.99999624,0.99999624,7.280543e-10,3.6810136e-06,7.020957e-09
511,84,lying,2021-05-07 10:27:31.964,2021-05-07 10:27:33.944,0.021,0,0,0.99999624,0.99999624,7.287364e-10,3.7133461e-06,7.0646813e-09
511,84,lying,2021-05-07 10:27:32.964,2021-05-07 10:27:34.944,0.021,0,0,0.99999624,0.99999624,7.1436745e-10,3.7052982e-06,7.044592e-09
511,84,lying,2021-05-07 10:27:33.964,2021-05-07 10:27:35.944,0.021,0,0,0.9999961,0.9999961,8.076306e-10,3.8366716e-06,7.53792e-09
511,84,lying,2021-05-07 10:27:34.964,2021-05-07 10:27:36.944,0.021,0,0,0.999996,0.999996,8.6010193e-10,3.9046345e-06,7.793116e-09
511,84,lying,2021-05-07 10:27:35.964,2021-05-07 10:27:37.944,0.021,0,0,0.9999961,0.9999961,7.903707e-10,3.8193416e-06,7.476221e-09
511,84,lying,2021-05-07 10:27:36.964,2021-05-07 10:27:38.944,0.021,0,0,0.9999961,0.9999961,8.046077e-10,3.8437615e-06,7.5756255e-09
511,84,lying,2021-05-07 10:27:37.964,2021-05-07 10:27:39.944,0.021,0,0,0.999996,0.999996,8.8947527e-10,3.971858e-06,8.070211e-09
511,84,lying,2021-05-07 10:27:38.964,2021-05-07 10:27:40.944,0.021,0,0,0.999996,0.999996,8.468448e-10,3.877076e-06,7.804883e-09
511,84,lying,2021-05-07 10:27:39.964,2021-05-07 10:27:41.944,0.021,0,0,0.999996,0.999996,8.818533e-10,3.93252e-06,8.009394e-09
511,84,lying,2021-05-07 10:27:40.964,2021-05-07 10:27:42.944,0.021,0,0,0.9999959,0.9999959,9.326119e-10,3.997977e-06,8.2978175e-09
511,84,lying,2021-05-07 10:27:41.964,2021-05-07 10:27:43.944,0.021,0,0,0.9999959,0.9999959,9.703051e-10,4.037257e-06,8.644079e-09
511,84,lying,2021-05-07 10:27:42.964,2021-05-07 10:27:44.944,0.021,0,0,0.9999954,0.9999954,1.4381314e-09,4.578323e-06,1.1548003e-08
511,84,lying,2021-05-07 10:27:43.964,2021-05-07 10:27:45.944,0.021,0,0,0.9999954,0.9999954,1.4745034e-09,4.510722e-06,1.1998385e-08
511,84,lying,2021-05-07 10:27:44.964,2021-05-07 10:27:46.944,0.021,0,0,0.9999955,0.9999955,1.3392132e-09,4.406598e-06,1.1235403e-08
511,84,lying,2021-05-07 10:27:45.964,2021-05-07 10:27:47.944,0.021,0,0,0.9999953,0.9999953,1.4603104e-09,4.642046e-06,1.192276e-08
511,84,lying,2021-05-07 10:27:46.964,2021-05-07 10:27:48.944,0.021,0,0,0.99999505,0.99999505,1.7846897e-09,4.878462e-06,1.3369929e-08
511,84,lying,2021-05-07 10:27:47.964,2021-05-07 10:27:49.944,0.021,0,0,0.9999947,0.9999947,2.0498907e-09,5.262076e-06,1.4567855e-08
511,84,lying,2021-05-07 10:27:48.964,2021-05-07 10:27:50.944,0.021,0,0,0.99999493,0.99999493,1.7066566e-09,4.9987057e-06,1.299997e-08
511,84,lying,2021-05-07 10:27:49.964,2021-05-07 10:27:51.944,0.021,0,0,0.99999577,0.99999577,1.0505314e-09,4.2031184e-06,9.315954e-09
511,84,lying,2021-05-07 10:27:50.964,2021-05-07 10:27:52.944,0.021,0,0,0.9999961,0.9999961,8.1483165e-10,3.828718e-06,7.802398e-09
511,84,lying,2021-05-07 10:27:51.964,2021-05-07 10:27:53.944,0.021,0,0,0.9999959,0.9999959,9.808369e-10,4.042863e-06,8.89642e-09
511,84,lying,2021-05-07 10:27:52.964,2021-05-07 10:27:54.944,0.021,0,0,0.9999954,0.9999954,1.5512995e-09,4.5427937e-06,1.2505889e-08
511,84,lying,2021-05-07 10:27:53.964,2021-05-07 10:27:55.944,0.021,0,0,0.9999959,0.9999959,1.4555672e-09,4.0401455e-06,1.2344812e-08
511,84,lying,2021-05-07 10:27:54.964,2021-05-07 10:27:56.944,0.021,0,0,0.99999624,0.99999624,1.121881e-09,3.6811364e-06,9.3091375e-09
511,84,lying,2021-05-07 10:27:55.964,2021-05-07 10:27:57.944,0.021,0,0,0.99999624,0.99999624,1.2245637e-09,3.671586e-06,1.0367775e-08
511,84,lying,2021-05-07 10:27:56.964,2021-05-07 10:27:58.944,0.021,0,0,0.99999624,0.99999624,1.0672708e-09,3.7225082e-06,9.709835e-09
511,84,lying,2021-05-07 10:27:57.964,2021-05-07 10:27:59.944,0.021,0,0,0.9999952,0.9999952,1.4674356e-09,4.8258958e-06,1.1709737e-08
511,84,lying,2021-05-07 10:27:58.964,2021-05-07 10:28:00.944,0.021,0,0,0.9999947,0.9999947,1.7470552e-09,5.211823e-06,1.3321152e-08
511,84,lying,2021-05-07 10:27:59.964,2021-05-07 10:28:01.944,0.021,0,0,0.9999941,0.9999941,2.4908249e-09,5.7833636e-06,1.6510146e-08
511,84,lying,2021-05-07 10:28:00.964,2021-05-07 10:28:02.944,0.021,0,0,0.99999434,0.99999434,2.3131561e-09,5.6237204e-06,1.5554466e-08
511,84,lying,2021-05-07 10:28:01.964,2021-05-07 10:28:03.944,0.021,0,0,0.999994,0.999994,2.5842741e-09,5.9085537e-06,1.6958442e-08
511,84,lying,2021-05-07 10:28:02.964,2021-05-07 10:28:04.944,0.021,0,0,0.9999946,0.9999946,2.1146787e-09,5.3763915e-06,1.4865042e-08
511,84,lying,2021-05-07 10:28:03.964,2021-05-07 10:28:05.944,0.021,0,0,0.99999505,0.99999505,1.5754039e-09,4.8571023e-06,1.2149125e-08
511,84,lying,2021-05-07 10:28:04.963,2021-05-07 10:28:06.944,0.021,0,0,0.99999565,0.99999565,1.1149622e-09,4.2670886e-06,9.634304e-09
511,84,lying,2021-05-07 10:28:05.963,2021-05-07 10:28:07.944,0.021,0,0,0.9999955,0.9999955,1.2265006e-09,4.417235e-06,1.023729e-08
511,84,lying,2021-05-07 10:28:06.963,2021-05-07 10:28:08.944,0.021,0,0,0.9999952,0.9999952,1.5346128e-09,4.7460912e-06,1.1769186e-08
511,84,lying,2021-05-07 10:28:07.963,2021-05-07 10:28:09.944,0.021,0,0,0.9999955,0.9999955,1.3259205e-09,4.4285894e-06,1.0484059e-08
511,84,lying,2021-05-07 10:28:08.963,2021-05-07 10:28:10.944,0.021,0,0,0.99999565,0.99999565,1.1966638e-09,4.25832e-06,9.698649e-09
511,84,lying,2021-05-07 10:28:09.963,2021-05-07 10:28:11.944,0.021,0,0,0.9999955,0.9999955,1.2147852e-09,4.4135795e-06,9.864353e-09
511,84,lying,2021-05-07 10:28:10.963,2021-05-07 10:28:12.944,0.021,0,0,0.9999952,0.9999952,1.4388607e-09,4.7474537e-06,1.11586e-08
511,84,lying,2021-05-07 10:28:11.963,2021-05-07 10:28:13.944,0.021,0,0,0.9999953,0.9999953,1.4010278e-09,4.6834407e-06,1.0880588e-08
511,84,lying,2021-05-07 10:28:12.963,2021-05-07 10:28:14.944,0.021,0,0,0.9999959,0.9999959,9.625539e-10,4.0079253e-06,8.4009475e-09
511,84,lying,2021-05-07 10:28:13.963,2021-05-07 10:28:15.944,0.021,0,0,0.9999959,0.9999959,9.721205e-10,4.0018754e-06,8.433538e-09
511,84,lying,2021-05-07 10:28:14.963,2021-05-07 10:28:16.944,0.021,0,0,0.99999577,0.99999577,1.0387836e-09,4.2252186e-06,8.931339e-09
511,84,lying,2021-05-07 10:28:15.963,2021-05-07 10:28:17.944,0.021,0,0,0.9999955,0.9999955,1.1966408e-09,4.442307e-06,9.831877e-09
511,84,lying,2021-05-07 10:28:16.964,2021-05-07 10:28:18.944,0.021,0,0,0.9999954,0.9999954,1.2860087e-09,4.568531e-06,1.0333101e-08
511,84,lying,2021-05-07 10:28:17.964,2021-05-07 10:28:19.944,0.021,0,0,0.9999953,0.9999953,1.3520252e-09,4.7012686e-06,1.0747469e-08
511,84,lying,2021-05-07 10:28:18.964,2021-05-07 10:28:20.944,0.021,0,0,0.99999505,0.99999505,1.5442434e-09,4.9343057e-06,1.17318235e-08
511,84,lying,2021-05-07 10:28:19.964,2021-05-07 10:28:21.944,0.021,0,0,0.9999952,0.9999952,1.483106e-09,4.82538e-06,1.1375213e-08
511,84,lying,2021-05-07 10:28:20.964,2021-05-07 10:28:22.944,0.021,0,0,0.99999493,0.99999493,1.6459907e-09,4.9847386e-06,1.2141179e-08
511,84,lying,2021-05-07 10:28:21.964,2021-05-07 10:28:23.944,0.021,0,0,0.99999505,0.99999505,1.6316373e-09,4.9297105e-06,1.1998908e-08
511,84,lying,2021-05-07 10:28:22.964,2021-05-07 10:28:24.944,0.021,0,0,0.9999952,0.9999952,1.5122565e-09,4.761169e-06,1.1362332e-08
511,84,lying,2021-05-07 10:28:23.964,2021-05-07 10:28:25.944,0.021,0,0,0.9999952,0.9999952,1.5218226e-09,4.710895e-06,1.1356569e-08
511,84,lying,2021-05-07 10:28:24.964,2021-05-07 10:28:26.944,0.021,0,0,0.99999505,0.99999505,1.7288242e-09,4.89048e-06,1.2477746e-08
511,84,lying,2021-05-07 10:28:25.964,2021-05-07 10:28:27.944,0.021,0,0,0.9999948,0.9999948,1.8906394e-09,5.143191e-06,1.3405393e-08
511,84,lying,2021-05-07 10:28:26.964,2021-05-07 10:28:28.944,0.021,0,0,0.9999946,0.9999946,2.08421e-09,5.3812805e-06,1.4369463e-08
511,84,lying,2021-05-07 10:28:27.964,2021-05-07 10:28:29.944,0.021,0,0,0.99999446,0.99999446,2.1414428e-09,5.42821e-06,1.4492414e-08
511,84,lying,2021-05-07 10:28:28.964,2021-05-07 10:28:30.944,0.021,0,0,0.9999946,0.9999946,2.089707e-09,5.3885624e-06,1.4256442e-08
511,84,lying,2021-05-07 10:28:29.964,2021-05-07 10:28:31.944,0.021,0,0,0.9999947,0.9999947,1.931661e-09,5.257426e-06,1.3573995e-08
511,84,lying,2021-05-07 10:28:30.964,2021-05-07 10:28:32.944,0.021,0,0,0.99999493,0.99999493,1.8075258e-09,5.0600315e-06,1.2880463e-08
511,84,lying,2021-05-07 10:28:31.964,2021-05-07 10:28:33.944,0.021,0,0,0.9999952,0.9999952,1.5207954e-09,4.7328026e-06,1.1466683e-08
511,84,lying,2021-05-07 10:28:32.964,2021-05-07 10:28:34.944,0.021,0,0,0.99999577,0.99999577,1.0531396e-09,4.1457006e-06,9.016717e-09
511,84,lying,2021-05-07 10:28:33.964,2021-05-07 10:28:35.944,0.021,0,0,0.99999577,0.99999577,1.045223e-09,4.176965e-06,9.192592e-09
511,84,lying,2021-05-07 10:28:34.964,2021-05-07 10:28:36.944,0.021,0,0,0.99999624,0.99999624,7.5282036e-10,3.7030163e-06,7.509822e-09
511,84,lying,2021-05-07 10:28:35.964,2021-05-07 10:28:37.944,0.021,0,0,0.99999636,0.99999636,7.0390155e-10,3.5576702e-06,6.939889e-09
511,84,lying,2021-05-07 10:28:36.964,2021-05-07 10:28:38.944,0.021,0,0,0.9999959,0.9999959,1.0442985e-09,4.104501e-06,8.930728e-09
511,84,lying,2021-05-07 10:28:37.964,2021-05-07 10:28:39.944,0.021,0,0,0.9999952,0.9999952,1.5458614e-09,4.721942e-06,1.1627191e-08
511,84,lying,2021-05-07 10:28:38.964,2021-05-07 10:28:40.944,0.021,0,0,0.999994,0.999994,2.88323e-09,5.9734316e-06,1.7672406e-08
511,84,lying,2021-05-07 10:28:39.964,2021-05-07 10:28:41.944,0.021,0,0,0.99999386,0.99999386,2.834661e-09,6.08164e-06,1.7709183e-08
511,84,lying,2021-05-07 10:28:40.964,2021-05-07 10:28:42.944,0.021,0,0,0.9999946,0.9999946,1.920738e-09,5.3522963e-06,1.3724625e-08
511,84,lying,2021-05-07 10:28:41.964,2021-05-07 10:28:43.944,0.021,0,0,0.99999446,0.99999446,2.0427087e-09,5.428619e-06,1.436557e-08
511,84,lying,2021-05-07 10:28:42.964,2021-05-07 10:28:44.944,0.021,0,0,0.99999493,0.99999493,1.6485104e-09,4.9585333e-06,1.2363368e-08
511,84,lying,2021-05-07 10:28:43.964,2021-05-07 10:28:45.944,0.021,0,0,0.99999505,0.99999505,1.564322e-09,4.9424393e-06,1.1972525e-08
511,84,lying,2021-05-07 10:28:44.964,2021-05-07 10:28:46.944,0.021,0,0,0.9999952,0.9999952,1.5541957e-09,4.797189e-06,1.1997605e-08
511,84,lying,2021-05-07 10:28:45.964,2021-05-07 10:28:47.944,0.021,0,0,0.99999505,0.99999505,1.6273481e-09,4.880444e-06,1.2398415e-08
511,84,lying,2021-05-07 10:28:46.964,2021-05-07 10:28:48.944,0.021,0,0,0.9999952,0.9999952,1.5214017e-09,4.8132924e-06,1.1887992e-08
511,84,lying,2021-05-07 10:28:47.964,2021-05-07 10:28:49.944,0.021,0,0,0.99999577,0.99999577,1.0549288e-09,4.134634e-06,9.196695e-09
511,84,lying,2021-05-07 10:28:48.964,2021-05-07 10:28:50.944,0.021,0,0,0.99999636,0.99999636,7.440172e-10,3.6069468e-06,7.1443877e-09
511,84,lying,2021-05-07 10:28:49.964,2021-05-07 10:28:51.944,0.021,0,0,0.9999961,0.9999961,8.24042e-10,3.7918462e-06,7.595013e-09
511,84,lying,2021-05-07 10:28:50.964,2021-05-07 10:28:52.944,0.021,0,0,0.9999961,0.9999961,8.597625e-10,3.8610033e-06,7.790353e-09
511,84,lying,2021-05-07 10:28:51.964,2021-05-07 10:28:53.944,0.021,0,0,0.99999624,0.99999624,8.025173e-10,3.7201517e-06,7.411578e-09
511,84,lying,2021-05-07 10:28:52.964,2021-05-07 10:28:54.944,0.021,0,0,0.9999965,0.9999965,6.481975e-10,3.4621276e-06,6.411448e-09
511,84,lying,2021-05-07 10:28:53.964,2021-05-07 10:28:55.944,0.021,0,0,0.9999966,0.9999966,5.904203e-10,3.3963174e-06,6.010834e-09
511,84,lying,2021-05-07 10:28:54.964,2021-05-07 10:28:56.944,0.021,0,0,0.9999961,0.9999961,7.9566764e-10,3.7628224e-06,7.406829e-09
511,84,lying,2021-05-07 10:28:55.964,2021-05-07 10:28:57.944,0.021,0,0,0.999996,0.999996,8.806045e-10,3.9075962e-06,7.905564e-09
511,84,lying,2021-05-07 10:28:56.964,2021-05-07 10:28:58.944,0.021,0,0,0.99999636,0.99999636,6.9882483e-10,3.577997e-06,6.6439374e-09
511,84,lying,2021-05-07 10:28:57.964,2021-05-07 10:28:59.944,0.021,0,0,0.99999636,0.99999636,7.19899e-10,3.6102608e-06,6.786397e-09
511,84,lying,2021-05-07 10:28:58.964,2021-05-07 10:29:00.944,0.021,0,0,0.99999624,0.99999624,7.706186e-10,3.6995075e-06,7.119425e-09
511,84,lying,2021-05-07 10:28:59.964,2021-05-07 10:29:01.944,0.021,0,0,0.9999961,0.9999961,8.8142627e-10,3.869419e-06,7.751017e-09
511,84,lying,2021-05-07 10:29:00.964,2021-05-07 10:29:02.944,0.021,0,0,0.9999961,0.9999961,8.732435e-10,3.8328167e-06,7.7919875e-09
511,84,lying,2021-05-07 10:29:01.964,2021-05-07 10:29:03.944,0.021,0,0,0.9999961,0.9999961,8.3148616e-10,3.8003284e-06,7.600795e-09
511,84,lying,2021-05-07 10:29:02.964,2021-05-07 10:29:04.944,0.021,0,0,0.9999961,0.9999961,8.054922e-10,3.7585437e-06,7.4247217e-09
511,84,lying,2021-05-07 10:29:03.964,2021-05-07 10:29:05.944,0.021,0,0,0.9999961,0.9999961,8.104111e-10,3.7836862e-06,7.4539805e-09
511,84,lying,2021-05-07 10:29:04.963,2021-05-07 10:29:06.944,0.021,0,0,0.9999961,0.9999961,8.0247126e-10,3.7733946e-06,7.358306e-09
511,84,lying,2021-05-07 10:29:05.963,2021-05-07 10:29:07.944,0.021,0,0,0.9999961,0.9999961,8.1806134e-10,3.7914122e-06,7.481143e-09
511,84,lying,2021-05-07 10:29:06.963,2021-05-07 10:29:08.944,0.021,0,0,0.999996,0.999996,8.558308e-10,3.8956373e-06,7.7880795e-09
511,84,lying,2021-05-07 10:29:07.963,2021-05-07 10:29:09.944,0.021,0,0,0.99999624,0.99999624,7.880737e-10,3.7542989e-06,7.2673383e-09
511,84,lying,2021-05-07 10:29:08.963,2021-05-07 10:29:10.944,0.021,0,0,0.9999961,0.9999961,8.2862056e-10,3.797756e-06,7.518621e-09
511,84,lying,2021-05-07 10:29:09.963,2021-05-07 10:29:11.944,0.021,0,0,0.9999961,0.9999961,8.7405666e-10,3.8663943e-06,7.860714e-09
511,84,lying,2021-05-07 10:29:10.963,2021-05-07 10:29:12.944,0.021,0,0,0.99999624,0.99999624,7.714907e-10,3.6899094e-06,7.1226305e-09
511,84,lying,2021-05-07 10:29:11.963,2021-05-07 10:29:13.944,0.021,0,0,0.9999961,0.9999961,8.451039e-10,3.7993645e-06,7.52937e-09
511,84,lying,2021-05-07 10:29:12.963,2021-05-07 10:29:14.944,0.021,0,0,0.999996,0.999996,8.7051943e-10,3.879395e-06,7.784173e-09
511,84,lying,2021-05-07 10:29:13.963,2021-05-07 10:29:15.944,0.021,0,0,0.999996,0.999996,8.8551927e-10,3.891241e-06,7.922093e-09
511,84,lying,2021-05-07 10:29:14.963,2021-05-07 10:29:16.944,0.021,0,0,0.999996,0.999996,9.2250835e-10,3.9167294e-06,8.107919e-09
511,84,lying,2021-05-07 10:29:15.963,2021-05-07 10:29:17.944,0.021,0,0,0.99999577,0.99999577,1.0527138e-09,4.1246735e-06,8.873912e-09
511,84,lying,2021-05-07 10:29:16.964,2021-05-07 10:29:18.944,0.021,0,0,0.9999955,0.9999955,1.1917709e-09,4.3777086e-06,9.658146e-09
511,84,lying,2021-05-07 10:29:17.964,2021-05-07 10:29:19.944,0.021,0,0,0.9999954,0.9999954,1.2701586e-09,4.4756753e-06,1.0048286e-08
511,84,lying,2021-05-07 10:29:18.964,2021-05-07 10:29:20.944,0.021,0,0,0.99999565,0.99999565,1.1984271e-09,4.3221708e-06,9.5782005e-09
511,84,lying,2021-05-07 10:29:19.964,2021-05-07 10:29:21.944,0.021,0,0,0.9999959,0.9999959,1.0123657e-09,4.059681e-06,8.548458e-09
511,84,lying,2021-05-07 10:29:20.964,2021-05-07 10:29:22.944,0.021,0,0,0.9999959,0.9999959,1.016741e-09,4.0718214e-06,8.6707965e-09
511,84,lying,2021-05-07 10:29:21.964,2021-05-07 10:29:23.944,0.021,0,0,0.99999577,0.99999577,1.05909e-09,4.1988997e-06,8.958501e-09
511,84,lying,2021-05-07 10:29:22.964,2021-05-07 10:29:24.944,0.021,0,0,0.99999577,0.99999577,1.0595305e-09,4.2136376e-06,8.872694e-09
511,84,lying,2021-05-07 10:29:23.964,2021-05-07 10:29:25.944,0.021,0,0,0.9999959,0.9999959,9.859743e-10,4.093762e-06,8.539169e-09
511,84,lying,2021-05-07 10:29:24.964,2021-05-07 10:29:26.944,0.021,0,0,0.9999959,0.9999959,1.0010562e-09,4.1045832e-06,8.6235605e-09
511,84,lying,2021-05-07 10:29:25.964,2021-05-07 10:29:27.944,0.021,0,0,0.999996,0.999996,9.086636e-10,3.942253e-06,8.034028e-09
511,84,lying,2021-05-07 10:29:26.964,2021-05-07 10:29:28.944,0.021,0,0,0.999996,0.999996,9.2252594e-10,3.884478e-06,8.134437e-09
511,84,lying,2021-05-07 10:29:27.964,2021-05-07 10:29:29.944,0.021,0,0,0.99999577,0.99999577,1.1241016e-09,4.206134e-06,9.250846e-09
511,84,lying,2021-05-07 10:29:28.964,2021-05-07 10:29:30.944,0.021,0,0,0.9999955,0.9999955,1.2750232e-09,4.4621484e-06,1.0149489e-08
511,84,lying,2021-05-07 10:29:29.964,2021-05-07 10:29:31.944,0.021,0,0,0.99999577,0.99999577,1.0986422e-09,4.12277e-06,9.242116e-09
511,84,lying,2021-05-07 10:29:30.964,2021-05-07 10:29:32.944,0.021,0,0,0.9999959,0.9999959,1.0683642e-09,4.0241034e-06,9.065209e-09
511,84,lying,2021-05-07 10:29:31.964,2021-05-07 10:29:33.944,0.021,0,0,0.9999959,0.9999959,1.0275808e-09,4.032932e-06,8.73497e-09
511,84,lying,2021-05-07 10:29:32.964,2021-05-07 10:29:34.944,0.021,0,0,0.99999577,0.99999577,1.090681e-09,4.1379744e-06,9.09203e-09
511,84,lying,2021-05-07 10:29:33.964,2021-05-07 10:29:35.944,0.021,0,0,0.99999565,0.99999565,1.1915006e-09,4.3140253e-06,9.76566e-09
511,84,lying,2021-05-07 10:29:34.964,2021-05-07 10:29:36.944,0.021,0,0,0.99999577,0.99999577,1.1553114e-09,4.223462e-06,9.629914e-09
511,84,lying,2021-05-07 10:29:35.964,2021-05-07 10:29:37.944,0.021,0,0,0.99999577,0.99999577,1.149526e-09,4.2058487e-06,9.652661e-09
511,84,lying,2021-05-07 10:29:36.964,2021-05-07 10:29:38.944,0.021,0,0,0.99999577,0.99999577,1.1117156e-09,4.158895e-06,9.4054196e-09
511,84,lying,2021-05-07 10:29:37.964,2021-05-07 10:29:39.944,0.021,0,0,0.99999565,0.99999565,1.286279e-09,4.3334344e-06,1.0273459e-08
511,84,lying,2021-05-07 10:29:38.964,2021-05-07 10:29:40.944,0.021,0,0,0.9999954,0.9999954,1.3770306e-09,4.57807e-06,1.0659278e-08
511,84,lying,2021-05-07 10:29:39.964,2021-05-07 10:29:41.944,0.021,0,0,0.9999954,0.9999954,1.3552138e-09,4.49022e-06,1.0665867e-08
511,84,lying,2021-05-07 10:29:40.964,2021-05-07 10:29:42.944,0.021,0,0,0.9999959,0.9999959,1.1074344e-09,4.0830632e-06,9.275689e-09
511,84,lying,2021-05-07 10:29:41.964,2021-05-07 10:29:43.944,0.021,0,0,0.9999959,0.9999959,1.0760557e-09,4.084582e-06,9.125406e-09
511,84,lying,2021-05-07 10:29:42.964,2021-05-07 10:29:44.944,0.021,0,0,0.99999577,0.99999577,1.0595992e-09,4.117737e-06,9.094268e-09
511,84,lying,2021-05-07 10:29:43.964,2021-05-07 10:29:45.944,0.021,0,0,0.9999959,0.9999959,1.0209988e-09,4.029418e-06,8.857849e-09
511,84,lying,2021-05-07 10:29:44.964,2021-05-07 10:29:46.944,0.021,0,0,0.999996,0.999996,9.773299e-10,3.9309452e-06,8.383372e-09
511,84,lying,2021-05-07 10:29:45.964,2021-05-07 10:29:47.944,0.021,0,0,0.9999971,0.9999971,4.8005616e-10,2.8665984e-06,4.939083e-09
511,84,lying,2021-05-07 10:29:46.964,2021-05-07 10:29:48.944,0.021,0,0,0.99999815,0.99999815,1.017942e-10,1.7315663e-06,1.9125599e-09
511,84,lying,2021-05-07 10:29:47.964,2021-05-07 10:29:49.944,0.021,0,0,0.99999756,0.99999756,2.1379139e-10,2.3400412e-06,3.1850709e-09
511,84,lying,2021-05-07 10:29:48.964,2021-05-07 10:29:50.944,0.021,0,0,0.99999684,0.99999684,5.30861e-10,3.0408103e-06,5.5240017e-09
511,84,lying,2021-05-07 10:29:49.964,2021-05-07 10:29:51.944,0.021,0,0,0.99999636,0.99999636,7.561043e-10,3.6106671e-06,7.2647617e-09
511,84,lying,2021-05-07 10:29:50.964,2021-05-07 10:29:52.944,0.021,0,0,0.99999577,0.99999577,1.0927758e-09,4.138511e-06,9.401079e-09
511,84,lying,2021-05-07 10:29:51.964,2021-05-07 10:29:53.944,0.021,0,0,0.99999493,0.99999493,1.6947777e-09,5.0056515e-06,1.2426017e-08
511,84,lying,2021-05-07 10:29:52.964,2021-05-07 10:29:54.944,0.021,0,0,0.9999947,0.9999947,1.955721e-09,5.2642645e-06,1.35815315e-08
511,84,lying,2021-05-07 10:29:53.964,2021-05-07 10:29:55.944,0.021,0,0,0.9999948,0.9999948,1.8529043e-09,5.1261895e-06,1.30502515e-08
511,84,lying,2021-05-07 10:29:54.964,2021-05-07 10:29:56.944,0.021,0,0,0.9999947,0.9999947,1.984724e-09,5.3009044e-06,1.3778081e-08
511,84,lying,2021-05-07 10:29:55.964,2021-05-07 10:29:57.944,0.021,0,0,0.9999946,0.9999946,2.0139763e-09,5.3274293e-06,1.3954883e-08
511,84,lying,2021-05-07 10:29:56.964,2021-05-07 10:29:58.944,0.021,0,0,0.9999947,0.9999947,1.952065e-09,5.251553e-06,1.3637263e-08
511,84,lying,2021-05-07 10:29:57.964,2021-05-07 10:29:59.944,0.021,0,0,0.9999947,0.9999947,1.9744237e-09,5.2481937e-06,1.37585685e-08
511,84,lying,2021-05-07 10:29:58.964,2021-05-07 10:30:00.944,0.021,0,0,0.9999948,0.9999948,1.8866335e-09,5.09838e-06,1.3139466e-08
511,84,lying,2021-05-07 10:29:59.964,2021-05-07 10:30:01.944,0.021,0,0,0.99999505,0.99999505,1.8517494e-09,4.8739557e-06,1.2835658e-08
511,84,lying,2021-05-07 10:30:00.964,2021-05-07 10:30:02.944,0.021,0,0,0.9999952,0.9999952,1.7305927e-09,4.8108877e-06,1.2181357e-08
511,84,lying,2021-05-07 10:30:01.964,2021-05-07 10:30:03.944,0.021,0,0,0.9999948,0.9999948,2.0029018e-09,5.165345e-06,1.35394e-08
511,84,lying,2021-05-07 10:30:02.964,2021-05-07 10:30:04.944,0.021,0,0,0.99999493,0.99999493,1.7996685e-09,4.9495284e-06,1.2573594e-08
511,84,lying,2021-05-07 10:30:03.964,2021-05-07 10:30:05.944,0.021,0,0,0.9999948,0.9999948,1.9621327e-09,5.154785e-06,1.35040406e-08
511,84,lying,2021-05-07 10:30:04.963,2021-05-07 10:30:06.944,0.021,0,0,0.9999948,0.9999948,1.9334747e-09,5.1414795e-06,1.3387916e-08
511,84,lying,2021-05-07 10:30:05.963,2021-05-07 10:30:07.944,0.021,0,0,0.9999948,0.9999948,1.919336e-09,5.1111642e-06,1.3237294e-08
511,84,lying,2021-05-07 10:30:06.963,2021-05-07 10:30:08.944,0.021,0,0,0.9999965,0.9999965,9.536859e-10,3.5003836e-06,7.6586435e-09
511,84,lying,2021-05-07 10:30:07.963,2021-05-07 10:30:09.944,0.021,0,0,0.9999978,0.9999978,3.351117e-10,2.1527992e-06,3.6712713e-09
511,84,lying,2021-05-07 10:30:08.963,2021-05-07 10:30:10.944,0.021,0,0,0.9999972,0.9999972,5.0972054e-10,2.774439e-06,5.2530758e-09
511,84,lying,2021-05-07 10:30:09.963,2021-05-07 10:30:11.944,0.021,0,0,0.99999577,0.99999577,1.3776984e-09,4.1520825e-06,1.04307665e-08
511,84,lying,2021-05-07 10:30:10.963,2021-05-07 10:30:12.944,0.021,0,0,0.9999948,0.9999948,2.1336644e-09,5.090354e-06,1.4034456e-08
511,84,lying,2021-05-07 10:30:11.963,2021-05-07 10:30:13.944,0.021,0,0,0.99999493,0.99999493,1.9337847e-09,5.0114886e-06,1.3073122e-08
511,84,lying,2021-05-07 10:30:12.963,2021-05-07 10:30:14.944,0.021,0,0,0.99999446,0.99999446,2.3620388e-09,5.4804286e-06,1.4748994e-08
511,84,lying,2021-05-07 10:30:13.963,2021-05-07 10:30:15.944,0.021,0,0,0.9999942,0.9999942,2.606755e-09,5.6774784e-06,1.5646409e-08
511,84,lying,2021-05-07 10:30:14.963,2021-05-07 10:30:16.944,0.021,0,0,0.9999948,0.9999948,2.042538e-09,5.068183e-06,1.3243455e-08
511,84,lying,2021-05-07 10:30:15.963,2021-05-07 10:30:17.944,0.021,0,0,0.9999952,0.9999952,1.8367856e-09,4.7967865e-06,1.224397e-08
511,84,lying,2021-05-07 10:30:16.964,2021-05-07 10:30:18.944,0.021,0,0,0.99999505,0.99999505,1.8181411e-09,4.846955e-06,1.2395223e-08
511,84,lying,2021-05-07 10:30:17.964,2021-05-07 10:30:19.944,0.021,0,0,0.9999952,0.9999952,1.650219e-09,4.7128315e-06,1.1693644e-08
511,84,lying,2021-05-07 10:30:18.964,2021-05-07 10:30:20.944,0.021,0,0,0.9999952,0.9999952,1.6617635e-09,4.787011e-06,1.1814213e-08
511,84,lying,2021-05-07 10:30:19.964,2021-05-07 10:30:21.944,0.021,0,0,0.9999952,0.9999952,1.6677202e-09,4.8011116e-06,1.1811306e-08
511,84,lying,2021-05-07 10:30:20.964,2021-05-07 10:30:22.944,0.021,0,0,0.99999505,0.99999505,1.7380354e-09,4.86852e-06,1.2126947e-08
511,84,lying,2021-05-07 10:30:21.964,2021-05-07 10:30:23.944,0.021,0,0,0.9999948,0.9999948,1.936287e-09,5.0768276e-06,1.2997389e-08
511,84,lying,2021-05-07 10:30:22.964,2021-05-07 10:30:24.944,0.021,0,0,0.9999948,0.9999948,2.0116233e-09,5.138259e-06,1.3311554e-08
511,84,lying,2021-05-07 10:30:23.964,2021-05-07 10:30:25.944,0.021,0,0,0.99999505,0.99999505,1.838601e-09,4.946594e-06,1.2636249e-08
511,84,lying,2021-05-07 10:30:24.964,2021-05-07 10:30:26.944,0.021,0,0,0.99999505,0.99999505,1.809354e-09,4.929809e-06,1.25198945e-08
511,84,lying,2021-05-07 10:30:25.964,2021-05-07 10:30:27.944,0.021,0,0,0.99999493,0.99999493,1.8507994e-09,4.9629e-06,1.2700134e-08
511,84,lying,2021-05-07 10:30:26.964,2021-05-07 10:30:28.944,0.021,0,0,0.99999493,0.99999493,1.962934e-09,5.0516996e-06,1.306223e-08
511,84,lying,2021-05-07 10:30:27.964,2021-05-07 10:30:29.944,0.021,0,0,0.9999948,0.9999948,2.1561573e-09,5.1414354e-06,1.3715914e-08
511,84,lying,2021-05-07 10:30:28.964,2021-05-07 10:30:30.944,0.021,0,0,0.9999959,0.9999959,1.2465714e-09,4.0887953e-06,9.465313e-09
511,84,lying,2021-05-07 10:30:29.964,2021-05-07 10:30:31.944,0.021,0,0,0.9999959,0.9999959,1.1891125e-09,4.0909053e-06,9.165421e-09
511,84,lying,2021-05-07 10:30:30.964,2021-05-07 10:30:32.944,0.021,0,0,0.9999953,0.9999953,1.6767052e-09,4.6989153e-06,1.1634158e-08
511,84,lying,2021-05-07 10:30:31.964,2021-05-07 10:30:33.944,0.021,0,0,0.99999696,0.99999696,6.1491406e-10,2.9216485e-06,5.7009184e-09
511,84,lying,2021-05-07 10:30:32.964,2021-05-07 10:30:34.944,0.021,0,0,0.99999696,0.99999696,6.908457e-10,3.0182953e-06,6.0343157e-09
511,84,lying,2021-05-07 10:30:33.964,2021-05-07 10:30:35.944,0.021,0,0,0.9999954,0.9999954,1.5493539e-09,4.558769e-06,1.1061255e-08
511,84,lying,2021-05-07 10:30:34.964,2021-05-07 10:30:36.944,0.021,0,0,0.9999954,0.9999954,1.4732469e-09,4.502952e-06,1.0672175e-08
511,84,lying,2021-05-07 10:30:35.964,2021-05-07 10:30:37.944,0.021,0,0,0.9999953,0.9999953,1.6251959e-09,4.671316e-06,1.1408284e-08
511,84,lying,2021-05-07 10:30:36.964,2021-05-07 10:30:38.944,0.021,0,0,0.99999505,0.99999505,1.7711896e-09,4.936664e-06,1.2343484e-08
511,84,lying,2021-05-07 10:30:37.964,2021-05-07 10:30:39.944,0.021,0,0,0.99999493,0.99999493,1.755473e-09,4.954676e-06,1.2268513e-08
511,84,lying,2021-05-07 10:30:38.964,2021-05-07 10:30:40.944,0.021,0,0,0.99999505,0.99999505,1.7009827e-09,4.8392417e-06,1.1965859e-08
511,84,lying,2021-05-07 10:30:39.964,2021-05-07 10:30:41.944,0.021,0,0,0.99999505,0.99999505,1.78186e-09,4.8912075e-06,1.2399668e-08
511,84,lying,2021-05-07 10:30:40.964,2021-05-07 10:30:42.944,0.021,0,0,0.99999505,0.99999505,1.7809222e-09,4.8738484e-06,1.2383006e-08
511,84,lying,2021-05-07 10:30:41.964,2021-05-07 10:30:43.944,0.021,0,0,0.9999952,0.9999952,1.6875333e-09,4.7440503e-06,1.1871292e-08
511,84,lying,2021-05-07 10:30:42.964,2021-05-07 10:30:44.944,0.021,0,0,0.9999952,0.9999952,1.6673322e-09,4.7191415e-06,1.17431975e-08
511,84,lying,2021-05-07 10:30:43.964,2021-05-07 10:30:45.944,0.021,0,0,0.9999952,0.9999952,1.6984671e-09,4.7389e-06,1.1981917e-08
511,84,lying,2021-05-07 10:30:44.964,2021-05-07 10:30:46.944,0.021,0,0,0.9999955,0.9999955,1.4398716e-09,4.382291e-06,1.0605902e-08
511,84,lying,2021-05-07 10:30:45.964,2021-05-07 10:30:47.944,0.021,0,0,0.99999565,0.99999565,1.3904438e-09,4.2822458e-06,1.0225817e-08
511,84,lying,2021-05-07 10:30:46.964,2021-05-07 10:30:48.944,0.021,0,0,0.99999624,0.99999624,1.0022793e-09,3.7298923e-06,8.131337e-09
511,84,lying,2021-05-07 10:30:47.964,2021-05-07 10:30:49.944,0.021,0,0,0.99999636,0.99999636,8.4360796e-10,3.5262226e-06,7.2074293e-09
511,84,lying,2021-05-07 10:30:48.964,2021-05-07 10:30:50.944,0.021,0,0,0.9999966,0.9999966,7.355387e-10,3.3470667e-06,6.6331634e-09
511,84,lying,2021-05-07 10:30:49.964,2021-05-07 10:30:51.944,0.021,0,0,0.9999965,0.9999965,8.4328633e-10,3.4858192e-06,7.2323276e-09
511,84,lying,2021-05-07 10:30:50.964,2021-05-07 10:30:52.944,0.021,0,0,0.99999565,0.99999565,1.2837887e-09,4.2456763e-06,9.725528e-09
511,84,lying,2021-05-07 10:30:51.964,2021-05-07 10:30:53.944,0.021,0,0,0.9999954,0.9999954,1.5199257e-09,4.5464258e-06,1.0892134e-08
511,84,lying,2021-05-07 10:30:52.964,2021-05-07 10:30:54.944,0.021,0,0,0.9999953,0.9999953,1.5856599e-09,4.608487e-06,1.1222465e-08
511,84,lying,2021-05-07 10:30:53.964,2021-05-07 10:30:55.944,0.021,0,0,0.9999953,0.9999953,1.5425188e-09,4.5978545e-06,1.1038344e-08
511,84,lying,2021-05-07 10:30:54.964,2021-05-07 10:30:56.944,0.021,0,0,0.9999953,0.9999953,1.5772021e-09,4.651778e-06,1.1274169e-08
511,84,lying,2021-05-07 10:30:55.964,2021-05-07 10:30:57.944,0.021,0,0,0.9999954,0.9999954,1.491671e-09,4.543409e-06,1.0848221e-08
511,84,lying,2021-05-07 10:30:56.964,2021-05-07 10:30:58.944,0.021,0,0,0.9999965,0.9999965,9.29682e-10,3.4764737e-06,7.801329e-09
511,84,lying,2021-05-07 10:30:57.964,2021-05-07 10:30:59.944,0.021,0,0,0.9999971,0.9999971,1.0329743e-09,2.8401082e-06,8.711653e-09
511,84,lying,2021-05-07 10:30:58.964,2021-05-07 10:31:00.944,0.021,0,0,0.999994,0.999994,5.2874167e-09,5.97129e-06,2.5968653e-08
511,84,lying,2021-05-07 10:30:59.964,2021-05-07 10:31:01.944,0.021,0,0,0.99998873,0.99998873,1.5564469e-08,1.126285e-05,4.9934712e-08
511,84,lying,2021-05-07 10:31:00.964,2021-05-07 10:31:02.944,0.021,0,0,0.9999923,0.9999923,6.645393e-09,7.656133e-06,2.7026063e-08
511,84,lying,2021-05-07 10:31:01.964,2021-05-07 10:31:03.944,0.021,0,0,0.9999971,0.9999971,1.9393478e-09,2.8642319e-06,9.750971e-09
511,84,lying,2021-05-07 10:31:02.964,2021-05-07 10:31:04.944,0.021,0,0,0.99999946,0.99999946,1.1437319e-10,4.3150268e-07,1.038023e-09
511,84,lying,2021-05-07 10:31:03.964,2021-05-07 10:31:05.944,0.021,0,0,0.9999998,0.9999998,4.9335336e-12,1.2203756e-07,8.337375e-11
511,84,lying,2021-05-07 10:31:04.963,2021-05-07 10:31:06.944,0.021,0,0,0.9999997,0.9999997,1.5150391e-11,2.441197e-07,1.8778532e-10
511,84,lying,2021-05-07 10:31:05.963,2021-05-07 10:31:07.944,0.021,0,0,0.9999996,0.9999996,1.8789447e-11,3.2627156e-07,2.455431e-10
511,84,lying,2021-05-07 10:31:06.963,2021-05-07 10:31:08.944,0.021,0,0,0.9999996,0.9999996,2.068192e-11,3.6874226e-07,2.7448485e-10
511,84,lying,2021-05-07 10:31:07.963,2021-05-07 10:31:09.944,0.021,0,0,0.99999946,0.99999946,2.6727048e-11,4.2473306e-07,3.385771e-10
511,84,lying,2021-05-07 10:31:08.963,2021-05-07 10:31:10.944,0.021,0,0,0.99999946,0.99999946,3.131241e-11,4.5600459e-07,3.7841025e-10
511,84,lying,2021-05-07 10:31:09.963,2021-05-07 10:31:11.944,0.021,0,0,0.99999946,0.99999946,2.9523543e-11,4.4978128e-07,3.6408507e-10
511,84,lying,2021-05-07 10:31:10.963,2021-05-07 10:31:12.944,0.021,0,0,0.9999996,0.9999996,2.269057e-11,4.0802033e-07,3.0910585e-10
511,84,lying,2021-05-07 10:31:11.963,2021-05-07 10:31:13.944,0.021,0,0,0.99999946,0.99999946,2.5993237e-11,4.29127e-07,3.4127165e-10
511,84,lying,2021-05-07 10:31:12.963,2021-05-07 10:31:14.944,0.021,0,0,0.99999946,0.99999946,2.696952e-11,4.3841325e-07,3.4887923e-10
511,84,lying,2021-05-07 10:31:13.963,2021-05-07 10:31:15.944,0.021,0,0,0.99999946,0.99999946,3.032438e-11,4.570033e-07,3.8407402e-10
511,84,lying,2021-05-07 10:31:14.963,2021-05-07 10:31:16.944,0.021,0,0,0.99999946,0.99999946,2.827147e-11,4.4608362e-07,3.595984e-10
511,84,lying,2021-05-07 10:31:15.963,2021-05-07 10:31:17.944,0.021,0,0,0.99999946,0.99999946,2.897632e-11,4.5224067e-07,3.6301512e-10
511,84,lying,2021-05-07 10:31:16.964,2021-05-07 10:31:18.944,0.021,0,0,0.99999946,0.99999946,3.008426e-11,4.5819905e-07,3.7288905e-10
511,84,lying,2021-05-07 10:31:17.964,2021-05-07 10:31:19.944,0.021,0,0,0.99999946,0.99999946,2.939246e-11,4.5145038e-07,3.7048292e-10
511,84,lying,2021-05-07 10:31:18.964,2021-05-07 10:31:20.944,0.021,0,0,0.9999996,0.9999996,2.1875397e-11,3.9765658e-07,3.0286712e-10
511,84,lying,2021-05-07 10:31:19.964,2021-05-07 10:31:21.944,0.021,0,0,0.9999996,0.9999996,1.5067222e-11,3.4848614e-07,2.3639424e-10
511,84,lying,2021-05-07 10:31:20.964,2021-05-07 10:31:22.944,0.021,0,0,0.9999996,0.9999996,1.4593238e-11,3.519778e-07,2.3138111e-10
511,84,lying,2021-05-07 10:31:21.964,2021-05-07 10:31:23.944,0.021,0,0,0.9999996,0.9999996,2.0450327e-11,3.8857084e-07,2.9204217e-10
511,84,lying,2021-05-07 10:31:22.964,2021-05-07 10:31:24.944,0.021,0,0,0.99999946,0.99999946,2.8005324e-11,4.4866144e-07,3.7165498e-10
511,84,lying,2021-05-07 10:31:23.964,2021-05-07 10:31:25.944,0.021,0,0,0.99999946,0.99999946,2.6358141e-11,4.5435115e-07,3.524777e-10
511,84,lying,2021-05-07 10:31:24.964,2021-05-07 10:31:26.944,0.021,0,0,0.99999946,0.99999946,2.6202051e-11,4.4859212e-07,3.5021666e-10
511,84,lying,2021-05-07 10:31:25.964,2021-05-07 10:31:27.944,0.021,0,0,0.99999946,0.99999946,2.4662248e-11,4.3781827e-07,3.3363393e-10
511,84,lying,2021-05-07 10:31:26.964,2021-05-07 10:31:28.944,0.021,0,0,0.99999946,0.99999946,2.4076019e-11,4.375215e-07,3.2587547e-10
511,84,lying,2021-05-07 10:31:27.964,2021-05-07 10:31:29.944,0.021,0,0,0.99999946,0.99999946,2.5939747e-11,4.5235757e-07,3.4572348e-10
511,84,lying,2021-05-07 10:31:28.964,2021-05-07 10:31:30.944,0.021,0,0,0.99999946,0.99999946,2.8721117e-11,4.6724958e-07,3.707459e-10
511,84,lying,2021-05-07 10:31:29.964,2021-05-07 10:31:31.944,0.021,0,0,0.99999946,0.99999946,2.9482635e-11,4.7435793e-07,3.7653042e-10
511,85,sitting,2021-05-07 10:31:39.484,2021-05-07 10:31:41.464,0.021,1,1,0.99993426,7.16053e-06,0.99993426,1.0831602e-07,5.8421392e-05
511,85,sitting,2021-05-07 10:31:40.484,2021-05-07 10:31:42.464,0.021,1,1,0.99995095,5.818658e-06,0.99995095,1.1126532e-07,4.3069656e-05
511,86,walking,2021-05-07 10:31:44.644,2021-05-07 10:31:46.624,0.021,3,3,0.999722,3.766048e-06,9.62607e-08,0.00027408567,0.999722
511,86,walking,2021-05-07 10:31:45.644,2021-05-07 10:31:47.624,0.021,3,3,0.99970555,1.7900114e-06,4.8012176e-08,0.00029252685,0.99970555
511,86,walking,2021-05-07 10:31:46.644,2021-05-07 10:31:48.624,0.021,3,3,0.9999662,5.256817e-07,6.40601e-09,3.3211072e-05,0.9999662
511,86,walking,2021-05-07 10:31:47.644,2021-05-07 10:31:49.624,0.021,3,3,0.9999948,6.818958e-08,3.5657652e-10,5.063579e-06,0.9999948
511,86,walking,2021-05-07 10:31:48.644,2021-05-07 10:31:50.624,0.021,3,3,0.9999973,1.3199055e-08,1.5012455e-11,2.6169448e-06,0.9999973
511,86,walking,2021-05-07 10:31:49.644,2021-05-07 10:31:51.624,0.021,3,3,0.9999936,1.556128e-08,1.1507245e-11,6.3487514e-06,0.9999936
511,86,walking,2021-05-07 10:31:50.644,2021-05-07 10:31:52.624,0.021,3,3,0.9999928,8.976536e-09,1.5349177e-11,7.168806e-06,0.9999928
511,86,walking,2021-05-07 10:31:51.644,2021-05-07 10:31:53.624,0.021,3,3,0.9999915,1.9055278e-08,1.4072371e-11,8.491524e-06,0.9999915
511,86,walking,2021-05-07 10:31:52.644,2021-05-07 10:31:54.624,0.021,3,3,0.9999719,1.2973001e-07,2.665119e-10,2.7912969e-05,0.9999719
511,86,walking,2021-05-07 10:31:53.644,2021-05-07 10:31:55.624,0.021,3,3,0.9999322,1.5141255e-07,9.682394e-10,6.754578e-05,0.9999322
511,86,walking,2021-05-07 10:31:54.644,2021-05-07 10:31:56.624,0.021,3,3,0.9998474,1.3721316e-07,7.293913e-10,0.00015241228,0.9998474
511,86,walking,2021-05-07 10:31:55.644,2021-05-07 10:31:57.624,0.021,3,3,0.99966615,4.7187336e-07,2.425517e-09,0.00033340382,0.99966615
511,86,walking,2021-05-07 10:31:56.644,2021-05-07 10:31:58.624,0.021,3,3,0.99817586,9.454386e-07,4.658916e-09,0.0018231623,0.99817586
511,86,walking,2021-05-07 10:31:57.644,2021-05-07 10:31:59.624,0.021,3,3,0.9975047,4.5126737e-07,4.0720853e-09,0.0024947631,0.9975047
511,86,walking,2021-05-07 10:31:58.644,2021-05-07 10:32:00.624,0.021,3,3,0.9989979,1.8277915e-07,1.1858453e-09,0.0010018768,0.9989979
511,86,walking,2021-05-07 10:31:59.644,2021-05-07 10:32:01.624,0.021,3,3,0.9994628,6.4507515e-07,4.306242e-09,0.000536524,0.9994628
511,86,walking,2021-05-07 10:32:00.644,2021-05-07 10:32:02.624,0.021,3,3,0.9998133,4.77501e-07,5.6133658e-09,0.00018630136,0.9998133
511,86,walking,2021-05-07 10:32:01.644,2021-05-07 10:32:03.624,0.021,3,3,0.9999284,5.0815305e-07,3.354723e-09,7.1066046e-05,0.9999284
511,86,walking,2021-05-07 10:32:02.644,2021-05-07 10:32:04.624,0.021,3,3,0.9993807,1.0769512e-06,5.6629315e-09,0.000618138,0.9993807
511,86,walking,2021-05-07 10:32:03.644,2021-05-07 10:32:05.624,0.021,3,3,0.99889445,4.0608657e-07,1.6820915e-09,0.0011050559,0.99889445
511,86,walking,2021-05-07 10:32:04.644,2021-05-07 10:32:06.624,0.021,3,3,0.9996609,1.03461325e-07,3.5560388e-10,0.0003390717,0.9996609
511,86,walking,2021-05-07 10:32:05.644,2021-05-07 10:32:07.624,0.021,3,3,0.99853045,3.9759644e-07,2.6932034e-09,0.001469222,0.99853045
511,86,walking,2021-05-07 10:32:06.644,2021-05-07 10:32:08.624,0.021,3,3,0.9937249,1.5130414e-06,1.5899404e-08,0.006273596,0.9937249
511,86,walking,2021-05-07 10:32:07.644,2021-05-07 10:32:09.624,0.021,3,3,0.99234194,4.2683973e-06,3.8761705e-08,0.0076536955,0.99234194
511,87,standing,2021-05-07 10:32:10.604,2021-05-07 10:32:12.583,0.021,2,2,0.99831825,1.6211583e-06,3.317761e-08,0.99831825,0.0016800925
511,92,walking,2021-05-07 10:32:15.883,2021-05-07 10:32:17.864,0.021,3,3,0.9879038,6.048897e-06,4.4131856e-08,0.012090171,0.9879038
511,92,walking,2021-05-07 10:32:16.884,2021-05-07 10:32:18.864,0.021,3,3,0.99906117,2.9395894e-06,3.2453528e-08,0.0009358854,0.99906117
511,92,walking,2021-05-07 10:32:17.884,2021-05-07 10:32:19.864,0.021,3,3,0.97797817,1.1029673e-05,1.049618e-07,0.02201062,0.97797817
511,92,walking,2021-05-07 10:32:18.884,2021-05-07 10:32:20.864,0.021,3,3,0.94244504,1.0414395e-05,6.956118e-08,0.057544358,0.94244504
511,92,walking,2021-05-07 10:32:19.884,2021-05-07 10:32:21.864,0.021,3,3,0.97939473,4.114849e-06,7.9410704e-08,0.020601112,0.97939473
511,92,walking,2021-05-07 10:32:20.884,2021-05-07 10:32:22.864,0.021,3,3,0.7788034,3.063825e-05,1.913681e-07,0.22116585,0.7788034
511,92,walking,2021-05-07 10:32:21.884,2021-05-07 10:32:23.864,0.021,3,3,0.58470744,0.000120022916,1.0288553e-07,0.41517243,0.58470744
511,92,walking,2021-05-07 10:32:22.884,2021-05-07 10:32:24.864,0.021,3,3,0.98257935,1.6579033e-05,7.573637e-08,0.017404024,0.98257935
511,92,walking,2021-05-07 10:32:23.884,2021-05-07 10:32:25.864,0.021,3,3,0.9786335,6.0731913e-06,5.650604e-08,0.021360317,0.9786335
511,92,walking,2021-05-07 10:32:24.884,2021-05-07 10:32:26.864,0.021,3,3,0.6398021,1.231917e-05,2.6186225e-07,0.36018538,0.6398021
511,94,walking,2021-05-07 10:32:28.323,2021-05-07 10:32:30.304,0.021,3,3,0.99770945,2.3478783e-06,6.970878e-08,0.0022881604,0.99770945
511,94,walking,2021-05-07 10:32:29.323,2021-05-07 10:32:31.304,0.021,3,3,0.99657357,2.0896498e-06,2.9754965e-08,0.00342435,0.99657357
511,94,walking,2021-05-07 10:32:30.323,2021-05-07 10:32:32.304,0.021,3,3,0.99653214,2.5464499e-06,2.8045243e-08,0.0034653144,0.99653214
511,94,walking,2021-05-07 10:32:31.323,2021-05-07 10:32:33.304,0.021,3,3,0.9836529,1.0517983e-05,2.9442003e-07,0.016336242,0.9836529
511,94,walking,2021-05-07 10:32:32.324,2021-05-07 10:32:34.304,0.021,3,3,0.9979493,1.137113e-06,1.638019e-08,0.002049507,0.9979493
511,94,walking,2021-05-07 10:32:33.324,2021-05-07 10:32:35.304,0.021,3,3,0.99994487,1.242526e-07,1.70032e-09,5.490544e-05,0.99994487
511,94,walking,2021-05-07 10:32:34.324,2021-05-07 10:32:36.304,0.021,3,3,0.99996763,9.398399e-08,7.592619e-10,3.2181157e-05,0.99996763
511,94,walking,2021-05-07 10:32:35.324,2021-05-07 10:32:37.304,0.021,3,3,0.9998653,2.2142743e-07,1.8015817e-09,0.00013440999,0.9998653
511,94,walking,2021-05-07 10:32:36.324,2021-05-07 10:32:38.304,0.021,3,3,0.99983716,3.4143522e-07,4.5989665e-09,0.00016246781,0.99983716
511,94,walking,2021-05-07 10:32:37.324,2021-05-07 10:32:39.304,0.021,3,3,0.999835,3.4215162e-07,3.7997543e-09,0.00016457772,0.999835
511,94,walking,2021-05-07 10:32:38.324,2021-05-07 10:32:40.304,0.021,3,3,0.99393785,1.3717765e-06,2.3922267e-08,0.006060698,0.99393785
511,94,walking,2021-05-07 10:32:39.324,2021-05-07 10:32:41.304,0.021,3,3,0.97227544,3.524242e-06,1.9146421e-07,0.027720803,0.97227544
511,94,walking,2021-05-07 10:32:40.324,2021-05-07 10:32:42.304,0.021,3,3,0.9986435,2.1482053e-06,9.654664e-08,0.001354169,0.9986435
511,94,walking,2021-05-07 10:32:41.324,2021-05-07 10:32:43.304,0.021,3,3,0.99857163,6.0929756e-06,9.963346e-08,0.0014222026,0.99857163
511,94,walking,2021-05-07 10:32:42.324,2021-05-07 10:32:44.304,0.021,3,3,0.9234853,1.5961985e-05,6.90083e-07,0.07649813,0.9234853
511,95,standing,2021-05-07 10:32:45.243,2021-05-07 10:32:47.223,0.021,2,2,0.99895066,1.7185205e-06,6.2820895e-08,0.99895066,0.0010474809
511,95,standing,2021-05-07 10:32:46.243,2021-05-07 10:32:48.223,0.021,2,2,0.9955736,2.6935732e-06,8.024693e-08,0.9955736,0.0044236993
511,103,standing,2021-05-07 10:33:46.004,2021-05-07 10:33:47.984,0.021,2,2,0.9996056,4.233805e-06,5.744533e-09,0.9996056,0.00039002544
511,107,standing,2021-05-07 10:33:51.683,2021-05-07 10:33:53.664,0.021,2,2,0.6699087,3.658655e-05,8.982454e-06,0.6699087,0.3300457
511,107,standing,2021-05-07 10:33:52.683,2021-05-07 10:33:54.664,0.021,2,2,0.8727828,0.00013822019,7.768645e-05,0.8727828,0.12700117
511,107,standing,2021-05-07 10:33:53.683,2021-05-07 10:33:55.664,0.021,2,2,0.9640545,0.00029659248,1.0576355e-05,0.9640545,0.03563822
511,107,standing,2021-05-07 10:33:54.683,2021-05-07 10:33:56.664,0.021,2,2,0.9812604,0.00028165657,9.1798637e-07,0.9812604,0.01845696
511,107,standing,2021-05-07 10:33:55.683,2021-05-07 10:33:57.664,0.021,2,2,0.97696984,4.3227927e-05,3.3763637e-08,0.97696984,0.02298697
511,107,standing,2021-05-07 10:33:56.683,2021-05-07 10:33:58.664,0.021,2,2,0.9977211,4.084473e-06,2.4435376e-09,0.9977211,0.002274885
511,107,standing,2021-05-07 10:33:57.683,2021-05-07 10:33:59.664,0.021,2,2,0.9960834,3.6208703e-06,9.8273185e-09,0.9960834,0.0039128927
511,109,standing,2021-05-07 10:34:00.364,2021-05-07 10:34:02.344,0.021,2,2,0.99933344,3.2327582e-06,4.0305636e-08,0.99933344,0.0006633259
511,109,standing,2021-05-07 10:34:01.364,2021-05-07 10:34:03.344,0.021,2,2,0.9992992,3.0731069e-06,5.8847164e-08,0.9992992,0.0006977493
511,109,standing,2021-05-07 10:34:02.364,2021-05-07 10:34:04.343,0.021,2,2,0.9988878,5.8691203e-06,4.6772403e-08,0.9988878,0.0011061905
511,109,standing,2021-05-07 10:34:03.364,2021-05-07 10:34:05.343,0.021,2,2,0.99443275,4.9268e-05,7.934166e-08,0.99443275,0.0055179754
511,109,standing,2021-05-07 10:34:04.364,2021-05-07 10:34:06.343,0.021,2,2,0.99348724,6.882432e-05,1.0648811e-07,0.99348724,0.006443872
511,109,standing,2021-05-07 10:34:05.364,2021-05-07 10:34:07.343,0.021,2,2,0.99773943,2.9223553e-05,7.8282724e-08,0.99773943,0.0022313034
511,109,standing,2021-05-07 10:34:06.364,2021-05-07 10:34:08.343,0.021,2,2,0.99917305,8.258851e-06,7.713212e-08,0.99917305,0.0008186426
511,109,standing,2021-05-07 10:34:07.364,2021-05-07 10:34:09.343,0.021,2,2,0.9994491,5.177209e-06,6.5042606e-08,0.9994491,0.000545658
511,109,standing,2021-05-07 10:34:08.364,2021-05-07 10:34:10.343,0.021,2,2,0.9990652,4.3188948e-06,1.7394144e-07,0.9990652,0.00093032396
511,109,standing,2021-05-07 10:34:09.364,2021-05-07 10:34:11.343,0.021,2,2,0.9942392,1.1557197e-05,7.152219e-07,0.9942392,0.0057484335
511,115,standing,2021-05-07 10:34:14.724,2021-05-07 10:34:16.704,0.021,2,2,0.99953175,1.414544e-06,2.724433e-09,0.99953175,0.00046684698
511,115,standing,2021-05-07 10:34:15.724,2021-05-07 10:34:17.704,0.021,2,2,0.9993807,1.4219349e-06,5.259088e-09,0.9993807,0.00061780476
511,116,standing,2021-05-07 10:34:26.044,2021-05-07 10:34:28.024,0.021,2,2,0.9996919,1.8716194e-06,1.1926595e-09,0.9996919,0.00030616895
511,116,standing,2021-05-07 10:34:27.044,2021-05-07 10:34:29.024,0.021,2,2,0.9996864,1.5242945e-06,1.1220962e-09,0.9996864,0.00031206984
511,116,standing,2021-05-07 10:34:28.044,2021-05-07 10:34:30.024,0.021,2,2,0.9996521,1.450461e-06,1.848158e-09,0.9996521,0.00034659746
511,116,standing,2021-05-07 10:34:29.044,2021-05-07 10:34:31.024,0.021,2,2,0.99967855,1.3763786e-06,1.9824131e-09,0.99967855,0.00032014278
511,116,standing,2021-05-07 10:34:30.044,2021-05-07 10:34:32.023,0.021,2,2,0.9996893,1.3220875e-06,1.2770905e-09,0.9996893,0.0003094547
511,116,standing,2021-05-07 10:34:31.044,2021-05-07 10:34:33.023,0.021,2,2,0.9997026,1.2700575e-06,1.0100208e-09,0.9997026,0.00029602047
511,116,standing,2021-05-07 10:34:32.043,2021-05-07 10:34:34.023,0.021,2,2,0.9996936,1.4021202e-06,1.0126525e-09,0.9996936,0.00030491038
511,116,standing,2021-05-07 10:34:33.043,2021-05-07 10:34:35.023,0.021,2,2,0.9997388,1.4899799e-06,9.62123e-10,0.9997388,0.0002595589
511,116,standing,2021-05-07 10:34:34.043,2021-05-07 10:34:36.023,0.021,2,2,0.99968237,1.7625634e-06,1.0049122e-09,0.99968237,0.00031575345
511,119,walking,2021-05-07 10:34:39.844,2021-05-07 10:34:41.824,0.021,3,3,0.9999905,3.3238146e-07,9.2944115e-09,9.114229e-06,0.9999905
511,119,walking,2021-05-07 10:34:40.844,2021-05-07 10:34:42.824,0.021,3,3,0.99999076,1.3802864e-07,2.8704014e-10,9.004191e-06,0.99999076
511,119,walking,2021-05-07 10:34:41.844,2021-05-07 10:34:43.824,0.021,3,3,0.99996847,5.9281484e-07,1.9524495e-09,3.090139e-05,0.99996847
511,119,walking,2021-05-07 10:34:42.844,2021-05-07 10:34:44.824,0.021,3,3,0.9961222,2.9579608e-06,4.0999165e-08,0.003874816,0.9961222
511,120,standing,2021-05-07 10:34:45.484,2021-05-07 10:34:47.464,0.021,2,2,0.9949805,9.007739e-06,1.1673161e-06,0.9949805,0.005009254
511,120,standing,2021-05-07 10:34:46.484,2021-05-07 10:34:48.464,0.021,2,2,0.9947977,2.0839407e-05,7.123777e-07,0.9947977,0.0051806574
511,124,standing,2021-05-07 10:34:52.444,2021-05-07 10:34:54.423,0.021,2,2,0.99957484,9.4806255e-06,2.1387159e-09,0.99957484,0.00041552342
511,124,standing,2021-05-07 10:34:53.444,2021-05-07 10:34:55.423,0.021,2,2,0.99984884,4.227701e-06,1.0534709e-09,0.99984884,0.00014703287
511,124,standing,2021-05-07 10:34:54.444,2021-05-07 10:34:56.423,0.021,2,2,0.9998536,4.0461678e-06,1.0724523e-09,0.9998536,0.0001423486
511,124,standing,2021-05-07 10:34:55.444,2021-05-07 10:34:57.423,0.021,2,2,0.99977684,3.6206766e-06,1.910926e-09,0.99977684,0.00021969774
511,125,walking,2021-05-07 10:34:57.683,2021-05-07 10:34:59.664,0.021,3,3,0.9999694,2.0898757e-07,3.516132e-09,3.0305004e-05,0.9999694
511,125,walking,2021-05-07 10:34:58.683,2021-05-07 10:35:00.664,0.021,3,3,0.99993867,1.2017075e-07,2.2299378e-10,6.116268e-05,0.99993867
511,125,walking,2021-05-07 10:34:59.683,2021-05-07 10:35:01.664,0.021,3,3,0.9999704,4.1393733e-08,7.286338e-11,2.9466832e-05,0.9999704
511,125,walking,2021-05-07 10:35:00.684,2021-05-07 10:35:02.664,0.021,3,3,0.99999875,3.0467533e-09,5.4433194e-13,1.1652787e-06,0.99999875
511,125,walking,2021-05-07 10:35:01.684,2021-05-07 10:35:03.664,0.021,3,3,0.99999946,2.1943702e-09,5.1101164e-13,4.920763e-07,0.99999946
511,125,walking,2021-05-07 10:35:02.684,2021-05-07 10:35:04.664,0.021,3,3,0.99999696,2.3730278e-08,2.2849115e-11,2.9584794e-06,0.99999696
511,125,walking,2021-05-07 10:35:03.684,2021-05-07 10:35:05.664,0.021,3,3,0.99999696,1.5003799e-08,1.059173e-11,2.9778666e-06,0.99999696
511,125,walking,2021-05-07 10:35:04.684,2021-05-07 10:35:06.664,0.021,3,3,0.9999985,4.381236e-09,4.3131314e-12,1.4143249e-06,0.9999985
511,125,walking,2021-05-07 10:35:05.684,2021-05-07 10:35:07.664,0.021,3,3,0.99999887,4.4921133e-09,4.1046684e-12,1.0619257e-06,0.99999887
511,125,walking,2021-05-07 10:35:06.684,2021-05-07 10:35:08.663,0.021,3,3,0.9999998,1.5825882e-09,8.7594114e-13,9.894683e-08,0.9999998
511,125,walking,2021-05-07 10:35:07.684,2021-05-07 10:35:09.663,0.021,3,3,0.99999934,1.0208315e-08,8.811962e-12,5.310014e-07,0.99999934
511,125,walking,2021-05-07 10:35:08.684,2021-05-07 10:35:10.663,0.021,3,3,0.9999992,2.2757896e-09,6.571663e-13,7.0385903e-07,0.9999992
511,125,walking,2021-05-07 10:35:09.684,2021-05-07 10:35:11.663,0.021,3,3,0.999996,5.180148e-09,3.102367e-12,3.9251727e-06,0.999996
511,125,walking,2021-05-07 10:35:10.684,2021-05-07 10:35:12.663,0.021,3,3,0.9999774,5.4139978e-08,8.051173e-11,2.2505124e-05,0.9999774
511,125,walking,2021-05-07 10:35:11.684,2021-05-07 10:35:13.663,0.021,3,3,0.9999952,4.4323944e-08,6.236093e-11,4.780998e-06,0.9999952
511,125,walking,2021-05-07 10:35:12.684,2021-05-07 10:35:14.663,0.021,3,3,0.9999575,1.9701203e-07,8.621777e-10,4.2243297e-05,0.9999575
511,125,walking,2021-05-07 10:35:13.684,2021-05-07 10:35:15.663,0.021,3,3,0.9997728,1.8172085e-07,1.2750553e-09,0.00022715573,0.9997728
511,125,walking,2021-05-07 10:35:14.684,2021-05-07 10:35:16.663,0.021,3,3,0.9998114,2.7258633e-07,3.2205412e-09,0.00018827894,0.9998114
511,125,walking,2021-05-07 10:35:15.684,2021-05-07 10:35:17.663,0.021,3,3,0.9999116,3.2087112e-07,8.934843e-10,8.7979206e-05,0.9999116
511,125,walking,2021-05-07 10:35:16.684,2021-05-07 10:35:18.663,0.021,3,3,0.9994845,5.447463e-07,1.2110143e-09,0.000515057,0.9994845
511,125,walking,2021-05-07 10:35:17.684,2021-05-07 10:35:19.663,0.021,3,3,0.99996,8.23515e-08,2.2419694e-10,3.9806087e-05,0.99996
511,125,walking,2021-05-07 10:35:18.684,2021-05-07 10:35:20.663,0.021,3,3,0.99998254,2.7722477e-08,1.3078534e-10,1.7361202e-05,0.99998254
511,125,walking,2021-05-07 10:35:19.684,2021-05-07 10:35:21.663,0.021,3,3,0.99999326,4.9185907e-08,1.7012643e-10,6.6084513e-06,0.99999326
511,125,walking,2021-05-07 10:35:20.684,2021-05-07 10:35:22.663,0.021,3,3,0.9999998,2.0081294e-09,1.932869e-12,9.889683e-08,0.9999998
511,125,walking,2021-05-07 10:35:21.684,2021-05-07 10:35:23.663,0.021,3,3,0.9999998,9.2963015e-10,6.5885096e-13,9.500879e-08,0.9999998
511,125,walking,2021-05-07 10:35:22.684,2021-05-07 10:35:24.663,0.021,3,3,0.99999887,2.5172626e-09,1.0945429e-11,1.0857265e-06,0.99999887
511,125,walking,2021-05-07 10:35:23.684,2021-05-07 10:35:25.663,0.021,3,3,0.99998766,7.238064e-08,4.183261e-10,1.2152764e-05,0.99998766
511,125,walking,2021-05-07 10:35:24.684,2021-05-07 10:35:26.663,0.021,3,3,0.999805,3.7686615e-07,1.7362869e-09,0.00019472283,0.999805
511,125,walking,2021-05-07 10:35:25.684,2021-05-07 10:35:27.663,0.021,3,3,0.99996406,2.3998043e-08,5.073406e-11,3.5848952e-05,0.99996406
511,126,standing,2021-05-07 10:35:28.644,2021-05-07 10:35:30.624,0.021,2,2,0.9997127,9.419646e-06,3.995345e-09,0.9997127,0.0002777406
511,129,walking,2021-05-07 10:35:32.723,2021-05-07 10:35:34.703,0.021,3,3,0.99999183,1.6200931e-07,1.5478655e-09,7.889509e-06,0.99999183
511,129,walking,2021-05-07 10:35:33.723,2021-05-07 10:35:35.703,0.021,3,3,0.9999991,2.0273447e-08,7.586109e-11,8.5895743e-07,0.9999991
511,129,walking,2021-05-07 10:35:34.723,2021-05-07 10:35:36.703,0.021,3,3,0.9999984,2.186389e-08,1.8508214e-11,1.5450303e-06,0.9999984
511,129,walking,2021-05-07 10:35:35.723,2021-05-07 10:35:37.703,0.021,3,3,0.9999979,2.0380234e-08,1.3107898e-11,1.9500183e-06,0.9999979
511,129,walking,2021-05-07 10:35:36.723,2021-05-07 10:35:38.703,0.021,3,3,0.9999986,7.75972e-09,4.926156e-12,1.3169488e-06,0.9999986
511,129,walking,2021-05-07 10:35:37.723,2021-05-07 10:35:39.703,0.021,3,3,0.99999934,3.356049e-09,1.8276307e-12,6.3302963e-07,0.99999934
511,129,walking,2021-05-07 10:35:38.723,2021-05-07 10:35:40.703,0.021,3,3,0.9999922,2.1019634e-08,1.3201284e-11,7.737912e-06,0.9999922
511,129,walking,2021-05-07 10:35:39.723,2021-05-07 10:35:41.703,0.021,3,3,0.99998087,4.1538424e-08,2.518324e-11,1.8978915e-05,0.99998087
511,129,walking,2021-05-07 10:35:40.723,2021-05-07 10:35:42.703,0.021,3,3,0.9999866,1.604889e-08,1.1418443e-11,1.3332287e-05,0.9999866
511,129,walking,2021-05-07 10:35:41.723,2021-05-07 10:35:43.703,0.021,3,3,0.99999374,8.654751e-09,5.475022e-12,6.164617e-06,0.99999374
511,129,walking,2021-05-07 10:35:42.723,2021-05-07 10:35:44.703,0.021,3,3,0.99999636,8.449401e-09,1.15832925e-11,3.5696569e-06,0.99999636
511,129,walking,2021-05-07 10:35:43.723,2021-05-07 10:35:45.703,0.021,3,3,0.9999946,1.6278637e-08,2.055299e-11,5.3813314e-06,0.9999946
511,129,walking,2021-05-07 10:35:44.723,2021-05-07 10:35:46.703,0.021,3,3,0.9999892,1.3587183e-08,1.0237093e-11,1.0660855e-05,0.9999892
511,129,walking,2021-05-07 10:35:45.723,2021-05-07 10:35:47.703,0.021,3,3,0.99999017,8.7288905e-09,5.731497e-12,9.805218e-06,0.99999017
511,129,walking,2021-05-07 10:35:46.723,2021-05-07 10:35:48.703,0.021,3,3,0.9999936,7.1305095e-09,5.268381e-12,6.308423e-06,0.9999936
511,129,walking,2021-05-07 10:35:47.723,2021-05-07 10:35:49.703,0.021,3,3,0.9999916,1.1981806e-08,1.0895151e-11,8.363281e-06,0.9999916
511,129,walking,2021-05-07 10:35:48.723,2021-05-07 10:35:50.703,0.021,3,3,0.99998206,3.907079e-08,4.959119e-11,1.7868299e-05,0.99998206
511,129,walking,2021-05-07 10:35:49.723,2021-05-07 10:35:51.703,0.021,3,3,0.9999613,7.257226e-08,9.491189e-11,3.8496353e-05,0.9999613
511,129,walking,2021-05-07 10:35:50.723,2021-05-07 10:35:52.703,0.021,3,3,0.99977064,1.866169e-07,4.078026e-10,0.0002292683,0.99977064
511,129,walking,2021-05-07 10:35:51.723,2021-05-07 10:35:53.703,0.021,3,3,0.9993076,3.1668776e-07,1.3584157e-09,0.0006921964,0.9993076
511,129,walking,2021-05-07 10:35:52.723,2021-05-07 10:35:54.703,0.021,3,3,0.9994617,2.625378e-07,1.11367e-09,0.00053806725,0.9994617
511,129,walking,2021-05-07 10:35:53.723,2021-05-07 10:35:55.703,0.021,3,3,0.9999787,5.3918072e-08,6.49412e-11,2.1185551e-05,0.9999787
511,129,walking,2021-05-07 10:35:54.723,2021-05-07 10:35:56.703,0.021,3,3,0.99999315,1.849054e-08,1.14144675e-11,6.816015e-06,0.99999315
511,129,walking,2021-05-07 10:35:55.723,2021-05-07 10:35:57.703,0.021,3,3,0.99999684,4.1638777e-09,4.1232412e-12,3.095062e-06,0.99999684
511,129,walking,2021-05-07 10:35:56.723,2021-05-07 10:35:58.703,0.021,3,3,0.9999966,1.70474e-09,2.7716468e-12,3.3361932e-06,0.9999966
511,129,walking,2021-05-07 10:35:57.723,2021-05-07 10:35:59.703,0.021,3,3,0.9999961,3.1095462e-09,1.05467865e-11,3.8472826e-06,0.9999961
511,129,walking,2021-05-07 10:35:58.723,2021-05-07 10:36:00.704,0.021,3,3,0.9999952,5.734399e-09,1.236366e-11,4.7897743e-06,0.9999952
511,129,walking,2021-05-07 10:35:59.723,2021-05-07 10:36:01.704,0.021,3,3,0.999994,1.2783578e-08,1.7323457e-11,6.0007587e-06,0.999994
511,129,walking,2021-05-07 10:36:00.724,2021-05-07 10:36:02.704,0.021,3,3,0.9999928,1.4592439e-08,3.0354733e-11,7.1806776e-06,0.9999928
511,129,walking,2021-05-07 10:36:01.724,2021-05-07 10:36:03.704,0.021,3,3,0.9999967,1.9966778e-08,2.0469312e-11,3.1460513e-06,0.9999967
511,129,walking,2021-05-07 10:36:02.724,2021-05-07 10:36:04.704,0.021,3,3,0.99998957,4.3907857e-08,9.4583494e-11,1.0325008e-05,0.99998957
511,129,walking,2021-05-07 10:36:03.724,2021-05-07 10:36:05.704,0.021,3,3,0.9999781,1.0919117e-07,2.5390287e-10,2.1731606e-05,0.9999781
511,129,walking,2021-05-07 10:36:04.724,2021-05-07 10:36:06.704,0.021,3,3,0.9999961,4.2591424e-08,3.1555605e-11,3.742277e-06,0.9999961
511,129,walking,2021-05-07 10:36:05.724,2021-05-07 10:36:07.704,0.021,3,3,0.9999892,6.833176e-08,3.538346e-11,1.0625309e-05,0.9999892
511,129,walking,2021-05-07 10:36:06.724,2021-05-07 10:36:08.704,0.021,3,3,0.99999505,9.9816596e-08,2.6167325e-11,4.841259e-06,0.99999505
511,129,walking,2021-05-07 10:36:07.724,2021-05-07 10:36:09.704,0.021,3,3,0.99999374,5.8206435e-08,2.081175e-11,6.1649403e-06,0.99999374
511,129,walking,2021-05-07 10:36:08.724,2021-05-07 10:36:10.704,0.021,3,3,0.9999421,1.1918698e-07,1.8901926e-10,5.766231e-05,0.9999421
511,129,walking,2021-05-07 10:36:09.724,2021-05-07 10:36:11.704,0.021,3,3,0.99992484,1.4877259e-07,1.9489552e-10,7.488869e-05,0.99992484
511,129,walking,2021-05-07 10:36:10.724,2021-05-07 10:36:12.704,0.021,3,3,0.99999255,3.337796e-08,1.9529899e-11,7.348655e-06,0.99999255
511,129,walking,2021-05-07 10:36:11.724,2021-05-07 10:36:13.704,0.021,3,3,0.9999929,2.4305026e-08,1.3066894e-11,6.95424e-06,0.9999929
511,129,walking,2021-05-07 10:36:12.724,2021-05-07 10:36:14.704,0.021,3,3,0.9999818,4.1657557e-08,3.360471e-11,1.804151e-05,0.9999818
511,129,walking,2021-05-07 10:36:13.724,2021-05-07 10:36:15.704,0.021,3,3,0.99998933,3.7804682e-08,2.7730927e-11,1.0545037e-05,0.99998933
511,129,walking,2021-05-07 10:36:14.724,2021-05-07 10:36:16.704,0.021,3,3,0.99999744,1.1498224e-08,2.8960888e-12,2.4696035e-06,0.99999744
511,129,walking,2021-05-07 10:36:15.724,2021-05-07 10:36:17.704,0.021,3,3,0.9999996,3.7815076e-09,1.6407738e-12,4.0120605e-07,0.9999996
511,129,walking,2021-05-07 10:36:16.723,2021-05-07 10:36:18.704,0.021,3,3,0.9999971,3.5124238e-08,2.7425897e-11,2.8128698e-06,0.9999971
511,129,walking,2021-05-07 10:36:17.723,2021-05-07 10:36:19.704,0.021,3,3,0.9999946,4.115619e-08,2.041001e-11,5.3367808e-06,0.9999946
511,129,walking,2021-05-07 10:36:18.723,2021-05-07 10:36:20.704,0.021,3,3,0.9999997,9.808972e-09,2.5617394e-12,1.745397e-07,0.9999997
511,129,walking,2021-05-07 10:36:19.723,2021-05-07 10:36:21.704,0.021,3,3,0.9999991,2.8578746e-08,1.4605315e-11,8.2011474e-07,0.9999991
511,129,walking,2021-05-07 10:36:20.723,2021-05-07 10:36:22.704,0.021,3,3,0.99999875,1.5014962e-08,9.521185e-12,1.1471952e-06,0.99999875
511,129,walking,2021-05-07 10:36:21.723,2021-05-07 10:36:23.704,0.021,3,3,0.9999979,1.3739234e-08,9.564734e-12,1.9834315e-06,0.9999979
511,129,walking,2021-05-07 10:36:22.723,2021-05-07 10:36:24.704,0.021,3,3,0.9999954,1.6897731e-08,3.1794647e-11,4.5396882e-06,0.9999954
511,129,walking,2021-05-07 10:36:23.723,2021-05-07 10:36:25.704,0.021,3,3,0.9999885,4.4143352e-08,1.684495e-10,1.1414058e-05,0.9999885
511,129,walking,2021-05-07 10:36:24.723,2021-05-07 10:36:26.704,0.021,3,3,0.9999792,6.602607e-08,1.40132e-10,2.070536e-05,0.9999792
511,129,walking,2021-05-07 10:36:25.723,2021-05-07 10:36:27.704,0.021,3,3,0.99996954,8.177752e-08,8.639507e-11,3.0310035e-05,0.99996954
511,129,walking,2021-05-07 10:36:26.723,2021-05-07 10:36:28.704,0.021,3,3,0.9999499,6.031526e-08,8.214144e-11,4.999651e-05,0.9999499
511,129,walking,2021-05-07 10:36:27.723,2021-05-07 10:36:29.704,0.021,3,3,0.9999116,1.4633557e-07,2.4563768e-10,8.815953e-05,0.9999116
511,129,walking,2021-05-07 10:36:28.723,2021-05-07 10:36:30.704,0.021,3,3,0.9999046,1.889126e-07,3.1698894e-10,9.511973e-05,0.9999046
511,129,walking,2021-05-07 10:36:29.723,2021-05-07 10:36:31.704,0.021,3,3,0.999991,2.8320873e-08,4.5960128e-11,8.937199e-06,0.999991
511,129,walking,2021-05-07 10:36:30.723,2021-05-07 10:36:32.703,0.021,3,3,0.99998444,6.197889e-08,9.569135e-11,1.5476817e-05,0.99998444
511,129,walking,2021-05-07 10:36:31.723,2021-05-07 10:36:33.703,0.021,3,3,0.9999561,9.3340496e-08,1.1188074e-10,4.3724773e-05,0.9999561
511,129,walking,2021-05-07 10:36:32.723,2021-05-07 10:36:34.703,0.021,3,3,0.99996847,1.5517863e-07,1.3416461e-10,3.1349722e-05,0.99996847
511,129,walking,2021-05-07 10:36:33.723,2021-05-07 10:36:35.703,0.021,3,3,0.99997216,1.12239654e-07,1.00687805e-10,2.7617947e-05,0.99997216
511,129,walking,2021-05-07 10:36:34.723,2021-05-07 10:36:36.703,0.021,3,3,0.9999575,6.203079e-08,3.6668647e-11,4.235944e-05,0.9999575
511,129,walking,2021-05-07 10:36:35.723,2021-05-07 10:36:37.703,0.021,3,3,0.9999679,2.675215e-08,1.4980836e-11,3.200542e-05,0.9999679
511,129,walking,2021-05-07 10:36:36.723,2021-05-07 10:36:38.703,0.021,3,3,0.99997276,2.45652e-08,2.8300551e-11,2.7111797e-05,0.99997276
511,129,walking,2021-05-07 10:36:37.723,2021-05-07 10:36:39.703,0.021,3,3,0.9999288,4.0296122e-08,6.7315827e-11,7.111428e-05,0.9999288
511,129,walking,2021-05-07 10:36:38.723,2021-05-07 10:36:40.703,0.021,3,3,0.99991804,5.5974695e-08,1.4924771e-10,8.1795595e-05,0.99991804
511,129,walking,2021-05-07 10:36:39.723,2021-05-07 10:36:41.703,0.021,3,3,0.9999551,5.916702e-08,1.6541005e-10,4.473756e-05,0.9999551
511,129,walking,2021-05-07 10:36:40.723,2021-05-07 10:36:42.703,0.021,3,3,0.9999853,3.7774978e-08,1.10602034e-10,1.4675991e-05,0.9999853
511,129,walking,2021-05-07 10:36:41.723,2021-05-07 10:36:43.703,0.021,3,3,0.9999849,6.047751e-08,9.862132e-11,1.4942284e-05,0.9999849
511,129,walking,2021-05-07 10:36:42.723,2021-05-07 10:36:44.703,0.021,3,3,0.9999961,1.053036e-08,1.0513405e-11,3.844286e-06,0.9999961
511,129,walking,2021-05-07 10:36:43.723,2021-05-07 10:36:45.703,0.021,3,3,0.9999997,3.1659746e-09,1.256507e-12,2.3289154e-07,0.9999997
511,129,walking,2021-05-07 10:36:44.723,2021-05-07 10:36:46.703,0.021,3,3,0.9999997,2.010072e-09,1.1677916e-12,2.0519155e-07,0.9999997
511,129,walking,2021-05-07 10:36:45.723,2021-05-07 10:36:47.703,0.021,3,3,0.99999946,1.2101716e-09,6.1235495e-13,4.7157715e-07,0.99999946
511,129,walking,2021-05-07 10:36:46.723,2021-05-07 10:36:48.703,0.021,3,3,0.99999803,2.0557043e-09,1.4075731e-12,1.9226297e-06,0.99999803
511,129,walking,2021-05-07 10:36:47.723,2021-05-07 10:36:49.703,0.021,3,3,0.9999984,4.1031076e-09,4.2418907e-12,1.4863357e-06,0.9999984
511,129,walking,2021-05-07 10:36:48.723,2021-05-07 10:36:50.703,0.021,3,3,0.99999946,2.15472e-09,3.4940297e-12,5.3422735e-07,0.99999946
511,129,walking,2021-05-07 10:36:49.723,2021-05-07 10:36:51.703,0.021,3,3,0.9999996,1.3109583e-09,1.6193369e-12,3.742913e-07,0.9999996
511,129,walking,2021-05-07 10:36:50.723,2021-05-07 10:36:52.703,0.021,3,3,0.99999696,7.563619e-09,1.1462421e-11,2.943446e-06,0.99999696
511,129,walking,2021-05-07 10:36:51.723,2021-05-07 10:36:53.703,0.021,3,3,0.9999929,1.2583118e-08,1.31054325e-11,7.039637e-06,0.9999929
511,129,walking,2021-05-07 10:36:52.723,2021-05-07 10:36:54.703,0.021,3,3,0.9999998,2.9647904e-09,4.827519e-12,1.2927345e-07,0.9999998
511,129,walking,2021-05-07 10:36:53.723,2021-05-07 10:36:55.703,0.021,3,3,0.99999696,7.461103e-08,9.249529e-10,2.8827371e-06,0.99999696
511,129,walking,2021-05-07 10:36:54.723,2021-05-07 10:36:56.703,0.021,3,3,0.9999642,2.8538923e-07,1.3685826e-09,3.5501012e-05,0.9999642
511,129,walking,2021-05-07 10:36:55.723,2021-05-07 10:36:57.703,0.021,3,3,0.9999787,1.0648477e-07,4.289227e-10,2.1155874e-05,0.9999787
511,133,walking,2021-05-07 10:37:00.084,2021-05-07 10:37:02.063,0.021,3,3,0.9999985,3.5708258e-08,1.7863774e-10,1.4370274e-06,0.9999985
511,133,walking,2021-05-07 10:37:01.084,2021-05-07 10:37:03.063,0.021,3,3,0.9999649,1.7041872e-07,4.598666e-10,3.4927256e-05,0.9999649
511,133,walking,2021-05-07 10:37:02.084,2021-05-07 10:37:04.064,0.021,3,3,0.9999619,6.230533e-08,9.240278e-11,3.794754e-05,0.9999619
511,133,walking,2021-05-07 10:37:03.084,2021-05-07 10:37:05.064,0.021,3,3,0.9997823,2.0822002e-07,4.3035678e-10,0.00021739175,0.9997823
511,133,walking,2021-05-07 10:37:04.084,2021-05-07 10:37:06.064,0.021,3,3,0.9992122,2.6936704e-07,1.1681943e-09,0.00078745297,0.9992122
511,133,walking,2021-05-07 10:37:05.084,2021-05-07 10:37:07.064,0.021,3,3,0.99914086,2.8244293e-07,2.0583462e-09,0.0008587833,0.99914086
511,133,walking,2021-05-07 10:37:06.084,2021-05-07 10:37:08.064,0.021,3,3,0.99987674,1.1368709e-07,7.139933e-10,0.00012310086,0.99987674
511,133,walking,2021-05-07 10:37:07.084,2021-05-07 10:37:09.064,0.021,3,3,0.9999744,5.1257764e-08,1.9290214e-10,2.543104e-05,0.9999744
511,133,walking,2021-05-07 10:37:08.083,2021-05-07 10:37:10.064,0.021,3,3,0.99997884,5.9011317e-08,1.3066817e-10,2.1010808e-05,0.99997884
511,133,walking,2021-05-07 10:37:09.083,2021-05-07 10:37:11.064,0.021,3,3,0.9999793,8.628704e-08,1.5853073e-10,2.0537924e-05,0.9999793
511,133,walking,2021-05-07 10:37:10.083,2021-05-07 10:37:12.064,0.021,3,3,0.99999624,1.841159e-08,3.080341e-11,3.6614074e-06,0.99999624
511,133,walking,2021-05-07 10:37:11.083,2021-05-07 10:37:13.064,0.021,3,3,0.9999991,6.6993224e-09,1.17725595e-11,8.5778936e-07,0.9999991
511,133,walking,2021-05-07 10:37:12.083,2021-05-07 10:37:14.064,0.021,3,3,0.999999,9.160976e-09,1.0839205e-11,9.167469e-07,0.999999
511,133,walking,2021-05-07 10:37:13.083,2021-05-07 10:37:15.064,0.021,3,3,0.99998766,3.503011e-08,7.2833656e-11,1.2238119e-05,0.99998766
511,133,walking,2021-05-07 10:37:14.083,2021-05-07 10:37:16.063,0.021,3,3,0.99977374,2.8072427e-07,9.188898e-10,0.0002258814,0.99977374
511,133,walking,2021-05-07 10:37:15.083,2021-05-07 10:37:17.063,0.021,3,3,0.99988216,2.669824e-07,3.220436e-10,0.00011749792,0.99988216
511,134,standing,2021-05-07 10:37:17.323,2021-05-07 10:37:19.304,0.021,2,2,0.9996368,1.8387517e-06,5.7105405e-09,0.9996368,0.00036128546
511,134,standing,2021-05-07 10:37:18.323,2021-05-07 10:37:20.304,0.021,2,2,0.9993169,1.6741615e-06,6.2272347e-09,0.9993169,0.0006815642
511,134,standing,2021-05-07 10:37:19.323,2021-05-07 10:37:21.304,0.021,2,2,0.99925673,1.6754087e-06,4.626942e-09,0.99925673,0.0007416938
511,134,standing,2021-05-07 10:37:20.323,2021-05-07 10:37:22.304,0.021,2,2,0.9994252,1.8593175e-06,3.5002037e-09,0.9994252,0.0005729604
511,134,standing,2021-05-07 10:37:21.323,2021-05-07 10:37:23.304,0.021,2,2,0.9994104,1.8326007e-06,3.882771e-09,0.9994104,0.000587773
511,134,standing,2021-05-07 10:37:22.323,2021-05-07 10:37:24.304,0.021,2,2,0.9991897,1.6704959e-06,4.327219e-09,0.9991897,0.0008086442
511,135,walking,2021-05-07 10:37:24.323,2021-05-07 10:37:26.304,0.021,3,3,0.9998811,3.355579e-07,2.6702713e-09,0.00011851266,0.9998811
511,135,walking,2021-05-07 10:37:25.323,2021-05-07 10:37:27.304,0.021,3,3,0.999993,8.010306e-08,3.1075015e-10,6.776458e-06,0.999993
511,135,walking,2021-05-07 10:37:26.323,2021-05-07 10:37:28.304,0.021,3,3,0.99998325,4.541261e-08,3.9612566e-10,1.66901e-05,0.99998325
511,135,walking,2021-05-07 10:37:27.323,2021-05-07 10:37:29.304,0.021,3,3,0.99997705,1.466548e-08,6.425395e-11,2.2850974e-05,0.99997705
511,135,walking,2021-05-07 10:37:28.323,2021-05-07 10:37:30.304,0.021,3,3,0.9999688,2.4031504e-08,1.8638076e-10,3.104691e-05,0.9999688
511,135,walking,2021-05-07 10:37:29.323,2021-05-07 10:37:31.304,0.021,3,3,0.9999599,2.4860848e-08,2.7603952e-10,3.9978884e-05,0.9999599
511,135,walking,2021-05-07 10:37:30.323,2021-05-07 10:37:32.304,0.021,3,3,0.9999673,3.6521506e-08,6.395478e-10,3.26393e-05,0.9999673
511,135,walking,2021-05-07 10:37:31.323,2021-05-07 10:37:33.304,0.021,3,3,0.9999277,4.7567948e-08,2.7245401e-09,7.218182e-05,0.9999277
511,135,walking,2021-05-07 10:37:32.324,2021-05-07 10:37:34.304,0.021,3,3,0.99995714,2.3047257e-08,1.01044e-09,4.2714622e-05,0.99995714
511,135,walking,2021-05-07 10:37:33.324,2021-05-07 10:37:35.304,0.021,3,3,0.99990696,3.8260076e-08,2.664073e-09,9.298734e-05,0.99990696
511,135,walking,2021-05-07 10:37:34.324,2021-05-07 10:37:36.304,0.021,3,3,0.9995789,1.2459934e-07,1.0106865e-08,0.000420954,0.9995789
511,135,walking,2021-05-07 10:37:35.324,2021-05-07 10:37:37.304,0.021,3,3,0.9996997,1.1362794e-07,6.233769e-09,0.0003000728,0.9996997
511,135,walking,2021-05-07 10:37:36.324,2021-05-07 10:37:38.304,0.021,3,3,0.9993839,1.7615477e-07,1.7192184e-08,0.00061584316,0.9993839
511,135,walking,2021-05-07 10:37:37.324,2021-05-07 10:37:39.304,0.021,3,3,0.99962586,9.0080924e-08,1.0175214e-08,0.00037397665,0.99962586
511,135,walking,2021-05-07 10:37:38.324,2021-05-07 10:37:40.304,0.021,3,3,0.9993271,1.247789e-07,2.9589515e-08,0.0006727193,0.9993271
511,135,walking,2021-05-07 10:37:39.324,2021-05-07 10:37:41.304,0.021,3,3,0.9946038,6.96779e-07,2.7711303e-07,0.005395165,0.9946038
511,135,walking,2021-05-07 10:37:40.324,2021-05-07 10:37:42.304,0.021,3,3,0.9954773,6.8902955e-07,1.1099341e-07,0.0045218295,0.9954773
511,135,walking,2021-05-07 10:37:41.324,2021-05-07 10:37:43.304,0.021,3,3,0.9990407,3.3633202e-07,3.0903664e-08,0.00095897156,0.9990407
511,135,walking,2021-05-07 10:37:42.324,2021-05-07 10:37:44.304,0.021,3,3,0.9999605,3.8810736e-08,1.6607015e-09,3.9368137e-05,0.9999605
511,135,walking,2021-05-07 10:37:43.324,2021-05-07 10:37:45.304,0.021,3,3,0.9998114,6.479694e-08,6.9213693e-09,0.00018850999,0.9998114
511,135,walking,2021-05-07 10:37:44.324,2021-05-07 10:37:46.304,0.021,3,3,0.99826485,4.6208726e-07,5.2133416e-08,0.0017345852,0.99826485
511,135,walking,2021-05-07 10:37:45.324,2021-05-07 10:37:47.304,0.021,3,3,0.9981668,6.3468514e-07,4.239391e-08,0.001832475,0.9981668
511,135,walking,2021-05-07 10:37:46.324,2021-05-07 10:37:48.304,0.021,3,3,0.99976134,1.2061486e-07,5.789242e-09,0.00023862859,0.99976134
511,135,walking,2021-05-07 10:37:47.324,2021-05-07 10:37:49.304,0.021,3,3,0.9999873,7.0658177e-09,2.2980198e-10,1.26117075e-05,0.9999873
511,135,walking,2021-05-07 10:37:48.324,2021-05-07 10:37:50.304,0.021,3,3,0.9998893,5.6176944e-08,4.275965e-09,0.00011055327,0.9998893
511,135,walking,2021-05-07 10:37:49.324,2021-05-07 10:37:51.304,0.021,3,3,0.9996688,9.344441e-08,1.0790661e-08,0.0003310639,0.9996688
511,135,walking,2021-05-07 10:37:50.324,2021-05-07 10:37:52.304,0.021,3,3,0.9998603,5.7069954e-08,2.9258758e-09,0.00013974783,0.9998603
511,135,walking,2021-05-07 10:37:51.324,2021-05-07 10:37:53.304,0.021,3,3,0.9993963,2.2705058e-07,6.053478e-08,0.00060336007,0.9993963
511,135,walking,2021-05-07 10:37:52.324,2021-05-07 10:37:54.304,0.021,3,3,0.99989957,4.8808058e-08,5.9366045e-09,0.00010034311,0.99989957
511,135,walking,2021-05-07 10:37:53.324,2021-05-07 10:37:55.304,0.021,3,3,0.9999921,7.983023e-09,1.915022e-10,7.917943e-06,0.9999921
511,135,walking,2021-05-07 10:37:54.324,2021-05-07 10:37:56.304,0.021,3,3,0.99997157,1.4971459e-08,1.5390731e-09,2.8298095e-05,0.99997157
511,135,walking,2021-05-07 10:37:55.324,2021-05-07 10:37:57.304,0.021,3,3,0.9999706,8.5427e-09,6.355965e-10,2.9288318e-05,0.9999706
511,135,walking,2021-05-07 10:37:56.324,2021-05-07 10:37:58.304,0.021,3,3,0.9999786,8.7604635e-09,3.674232e-10,2.131265e-05,0.9999786
511,135,walking,2021-05-07 10:37:57.324,2021-05-07 10:37:59.304,0.021,3,3,0.9999395,1.8026409e-08,9.866468e-10,6.043553e-05,0.9999395
511,135,walking,2021-05-07 10:37:58.324,2021-05-07 10:38:00.303,0.021,3,3,0.99992675,2.2641224e-08,9.796586e-10,7.320065e-05,0.99992675
511,135,walking,2021-05-07 10:37:59.324,2021-05-07 10:38:01.303,0.021,3,3,0.99995965,1.6977857e-08,9.51035e-10,4.027449e-05,0.99995965
511,135,walking,2021-05-07 10:38:00.323,2021-05-07 10:38:02.303,0.021,3,3,0.9999605,1.9807315e-08,5.2019716e-10,3.9441005e-05,0.9999605
511,135,walking,2021-05-07 10:38:01.323,2021-05-07 10:38:03.303,0.021,3,3,0.9999359,2.6987399e-08,5.8674504e-10,6.397057e-05,0.9999359
511,135,walking,2021-05-07 10:38:02.323,2021-05-07 10:38:04.303,0.021,3,3,0.999971,2.5246367e-08,7.069702e-10,2.8924424e-05,0.999971
511,135,walking,2021-05-07 10:38:03.323,2021-05-07 10:38:05.303,0.021,3,3,0.999971,2.3967607e-08,4.883702e-10,2.8983211e-05,0.999971
511,135,walking,2021-05-07 10:38:04.323,2021-05-07 10:38:06.303,0.021,3,3,0.99999624,3.1262872e-09,1.1844916e-11,3.6439517e-06,0.99999624
511,135,walking,2021-05-07 10:38:05.323,2021-05-07 10:38:07.303,0.021,3,3,0.99999326,5.130546e-09,2.6334863e-11,6.6979396e-06,0.99999326
511,135,walking,2021-05-07 10:38:06.323,2021-05-07 10:38:08.303,0.021,3,3,0.99993306,7.5763936e-08,6.8950895e-10,6.67703e-05,0.99993306
511,135,walking,2021-05-07 10:38:07.323,2021-05-07 10:38:09.303,0.021,3,3,0.9998772,5.158407e-08,3.320138e-10,0.00012276926,0.9998772
511,135,walking,2021-05-07 10:38:08.323,2021-05-07 10:38:10.303,0.021,3,3,0.99999267,3.3750018e-09,8.483429e-12,7.226058e-06,0.99999267
511,135,walking,2021-05-07 10:38:09.323,2021-05-07 10:38:11.303,0.021,3,3,0.99999565,1.2051203e-09,2.2119739e-12,4.327314e-06,0.99999565
511,135,walking,2021-05-07 10:38:10.323,2021-05-07 10:38:12.303,0.021,3,3,0.99999243,2.6517633e-09,3.473586e-12,7.520584e-06,0.99999243
511,135,walking,2021-05-07 10:38:11.323,2021-05-07 10:38:13.303,0.021,3,3,0.99999446,3.913286e-09,7.2718485e-12,5.48458e-06,0.99999446
511,135,walking,2021-05-07 10:38:12.323,2021-05-07 10:38:14.303,0.021,3,3,0.9999948,4.7129936e-09,8.911068e-12,5.1279794e-06,0.9999948
511,135,walking,2021-05-07 10:38:13.323,2021-05-07 10:38:15.303,0.021,3,3,0.9999971,9.424898e-09,4.6388757e-12,2.906772e-06,0.9999971
511,135,walking,2021-05-07 10:38:14.323,2021-05-07 10:38:16.304,0.021,3,3,0.999999,6.67202e-09,2.6883673e-12,9.926295e-07,0.999999
511,135,walking,2021-05-07 10:38:15.323,2021-05-07 10:38:17.304,0.021,3,3,0.9999986,1.791378e-08,1.1386805e-11,1.3282059e-06,0.9999986
511,135,walking,2021-05-07 10:38:16.323,2021-05-07 10:38:18.304,0.021,3,3,0.9999998,5.0888476e-09,1.7740592e-12,1.393758e-07,0.9999998
511,135,walking,2021-05-07 10:38:17.323,2021-05-07 10:38:19.304,0.021,3,3,0.9999998,1.0641544e-09,3.3794443e-13,9.938431e-08,0.9999998
511,135,walking,2021-05-07 10:38:18.323,2021-05-07 10:38:20.304,0.021,3,3,0.9999997,1.6916885e-09,1.1522068e-12,1.9447444e-07,0.9999997
511,135,walking,2021-05-07 10:38:19.323,2021-05-07 10:38:21.304,0.021,3,3,0.9999992,8.8388745e-09,1.2262511e-11,7.1109446e-07,0.9999992
511,135,walking,2021-05-07 10:38:20.323,2021-05-07 10:38:22.304,0.021,3,3,0.99999064,3.6927226e-08,9.099642e-11,9.2282025e-06,0.99999064
511,135,walking,2021-05-07 10:38:21.323,2021-05-07 10:38:23.304,0.021,3,3,0.9999711,7.677407e-08,1.7000329e-10,2.8746752e-05,0.9999711
511,135,walking,2021-05-07 10:38:22.323,2021-05-07 10:38:24.304,0.021,3,3,0.9999923,3.6965766e-08,3.287773e-11,7.5928942e-06,0.9999923
511,135,walking,2021-05-07 10:38:23.323,2021-05-07 10:38:25.304,0.021,3,3,0.999993,1.7061629e-08,1.9601822e-11,6.8642075e-06,0.999993
511,135,walking,2021-05-07 10:38:24.323,2021-05-07 10:38:26.304,0.021,3,3,0.99999565,1.2868832e-08,1.810168e-11,4.3359933e-06,0.99999565
511,135,walking,2021-05-07 10:38:25.323,2021-05-07 10:38:27.304,0.021,3,3,0.99999243,2.809532e-08,6.804821e-11,7.475043e-06,0.99999243
511,135,walking,2021-05-07 10:38:26.323,2021-05-07 10:38:28.304,0.021,3,3,0.999999,1.4204988e-08,2.675529e-11,9.364646e-07,0.999999
511,135,walking,2021-05-07 10:38:27.323,2021-05-07 10:38:29.304,0.021,3,3,0.9999992,1.127473e-08,2.4165404e-11,7.309357e-07,0.9999992
511,135,walking,2021-05-07 10:38:28.323,2021-05-07 10:38:30.304,0.021,3,3,0.9999959,2.8655398e-08,4.8461193e-11,4.059658e-06,0.9999959
511,135,walking,2021-05-07 10:38:29.323,2021-05-07 10:38:31.304,0.021,3,3,0.9999952,2.7155059e-08,7.655179e-11,4.7240455e-06,0.9999952
511,135,walking,2021-05-07 10:38:30.323,2021-05-07 10:38:32.304,0.021,3,3,0.9999898,7.1342136e-08,3.459147e-10,1.0043091e-05,0.9999898
511,135,walking,2021-05-07 10:38:31.323,2021-05-07 10:38:33.304,0.021,3,3,0.9999611,2.0036194e-07,6.0834177e-10,3.861231e-05,0.9999611
511,135,walking,2021-05-07 10:38:32.324,2021-05-07 10:38:34.304,0.021,3,3,0.9997618,2.1320102e-07,6.368337e-10,0.00023795514,0.9997618
511,135,walking,2021-05-07 10:38:33.324,2021-05-07 10:38:35.304,0.021,3,3,0.99980116,9.440723e-08,2.5507763e-10,0.00019877995,0.99980116
511,135,walking,2021-05-07 10:38:34.324,2021-05-07 10:38:36.304,0.021,3,3,0.9999929,2.0790777e-08,2.2581274e-11,7.019184e-06,0.9999929
511,135,walking,2021-05-07 10:38:35.324,2021-05-07 10:38:37.304,0.021,3,3,0.9999874,3.66875e-08,1.13115906e-10,1.2456318e-05,0.9999874
511,135,walking,2021-05-07 10:38:36.324,2021-05-07 10:38:38.304,0.021,3,3,0.9999463,2.8663692e-07,1.5002659e-09,5.3316326e-05,0.9999463
511,135,walking,2021-05-07 10:38:37.324,2021-05-07 10:38:39.304,0.021,3,3,0.9999637,2.2101501e-07,9.728849e-10,3.6025238e-05,0.9999637
511,135,walking,2021-05-07 10:38:38.324,2021-05-07 10:38:40.304,0.021,3,3,0.9999928,3.9428155e-08,1.3710146e-10,7.0639744e-06,0.9999928
511,135,walking,2021-05-07 10:38:39.324,2021-05-07 10:38:41.304,0.021,3,3,0.99998087,5.812592e-08,2.1411226e-10,1.8977991e-05,0.99998087
511,135,walking,2021-05-07 10:38:40.324,2021-05-07 10:38:42.304,0.021,3,3,0.99989027,1.438319e-07,3.0482e-10,0.00010947035,0.99989027
511,135,walking,2021-05-07 10:38:41.324,2021-05-07 10:38:43.304,0.021,3,3,0.9998811,1.4191298e-07,4.0807488e-10,0.00011868933,0.9998811
511,135,walking,2021-05-07 10:38:42.324,2021-05-07 10:38:44.304,0.021,3,3,0.99997026,8.875924e-08,4.9389287e-10,2.957959e-05,0.99997026
511,135,walking,2021-05-07 10:38:43.324,2021-05-07 10:38:45.304,0.021,3,3,0.999991,1.0507359e-07,8.4653534e-10,8.835259e-06,0.999991
511,135,walking,2021-05-07 10:38:44.324,2021-05-07 10:38:46.304,0.021,3,3,0.9999952,9.56646e-08,3.7102937e-10,4.6990044e-06,0.9999952
511,135,walking,2021-05-07 10:38:45.324,2021-05-07 10:38:47.304,0.021,3,3,0.9998727,5.918012e-07,2.3206606e-09,0.00012668427,0.9998727
511,135,walking,2021-05-07 10:38:46.324,2021-05-07 10:38:48.304,0.021,3,3,0.999769,1.0910734e-07,4.0280418e-10,0.00023104141,0.999769
511,135,walking,2021-05-07 10:38:47.324,2021-05-07 10:38:49.304,0.021,3,3,0.99994,1.1928088e-07,2.725451e-10,5.9835686e-05,0.99994
511,135,walking,2021-05-07 10:38:48.324,2021-05-07 10:38:50.304,0.021,3,3,0.9997575,1.1317354e-06,1.3809906e-08,0.00024124699,0.9997575
511,135,walking,2021-05-07 10:38:49.324,2021-05-07 10:38:51.304,0.021,3,3,0.98971784,6.430933e-06,1.2024135e-07,0.010275578,0.98971784
511,135,walking,2021-05-07 10:38:50.324,2021-05-07 10:38:52.304,0.021,3,3,0.99305433,1.2091014e-05,5.0320733e-07,0.006933086,0.99305433
511,135,walking,2021-05-07 10:38:51.324,2021-05-07 10:38:53.304,0.021,3,3,0.9968258,4.7432645e-06,2.4950938e-07,0.0031692474,0.9968258
511,135,walking,2021-05-07 10:38:52.324,2021-05-07 10:38:54.304,0.021,3,3,0.9968668,5.3521335e-06,6.1957486e-08,0.0031276802,0.9968668
511,135,walking,2021-05-07 10:38:53.324,2021-05-07 10:38:55.304,0.021,3,3,0.9997393,4.0651375e-07,7.335455e-09,0.00026019575,0.9997393
511,135,walking,2021-05-07 10:38:54.324,2021-05-07 10:38:56.304,0.021,3,3,0.9994535,2.9699353e-07,2.0827762e-09,0.00054624584,0.9994535
511,135,walking,2021-05-07 10:38:55.324,2021-05-07 10:38:57.304,0.021,3,3,0.9998448,8.363061e-07,1.0569591e-08,0.00015434074,0.9998448
511,135,walking,2021-05-07 10:38:56.324,2021-05-07 10:38:58.304,0.021,3,3,0.9990301,2.6427579e-06,1.2530068e-08,0.0009672977,0.9990301
511,137,walking,2021-05-07 10:39:00.604,2021-05-07 10:39:02.584,0.021,3,3,0.9996299,5.416418e-06,7.3227476e-08,0.00036466977,0.9996299
511,142,standing,2021-05-07 10:39:05.883,2021-05-07 10:39:07.864,0.021,2,2,0.9989909,1.0851898e-06,3.9493934e-06,0.9989909,0.0010040046
511,145,walking,2021-05-07 10:39:08.724,2021-05-07 10:39:10.704,0.021,3,3,0.97705424,7.9232195e-06,1.8416783e-07,0.022937609,0.97705424
511,145,walking,2021-05-07 10:39:09.724,2021-05-07 10:39:11.704,0.021,3,3,0.99460095,7.945962e-07,6.670699e-09,0.005398158,0.99460095
511,145,walking,2021-05-07 10:39:10.724,2021-05-07 10:39:12.704,0.021,3,3,0.99972534,3.6719624e-07,2.5844622e-09,0.00027423326,0.99972534
511,145,walking,2021-05-07 10:39:11.724,2021-05-07 10:39:13.704,0.021,3,3,0.998277,1.6115038e-06,1.2859463e-08,0.0017213833,0.998277
511,145,walking,2021-05-07 10:39:12.724,2021-05-07 10:39:14.704,0.021,3,3,0.9990873,8.8477157e-07,6.329397e-09,0.0009118507,0.9990873
511,145,walking,2021-05-07 10:39:13.724,2021-05-07 10:39:15.704,0.021,3,3,0.99996394,7.4944445e-08,4.5221185e-10,3.59251e-05,0.99996394
511,145,walking,2021-05-07 10:39:14.724,2021-05-07 10:39:16.704,0.021,3,3,0.99995226,5.878227e-08,6.316752e-10,4.7607537e-05,0.99995226
511,145,walking,2021-05-07 10:39:15.724,2021-05-07 10:39:17.704,0.021,3,3,0.99952793,1.0880701e-06,5.013284e-09,0.00047101156,0.99952793
511,145,walking,2021-05-07 10:39:16.723,2021-05-07 10:39:18.704,0.021,3,3,0.9997575,3.7601936e-07,1.0411721e-09,0.00024219374,0.9997575
511,145,walking,2021-05-07 10:39:17.723,2021-05-07 10:39:19.704,0.021,3,3,0.99905294,6.072821e-07,3.3353642e-09,0.00094640127,0.99905294
511,145,walking,2021-05-07 10:39:18.723,2021-05-07 10:39:20.704,0.021,3,3,0.9997568,2.469896e-07,1.1555487e-09,0.00024291806,0.9997568
511,145,walking,2021-05-07 10:39:19.723,2021-05-07 10:39:21.704,0.021,3,3,0.99993366,1.6918916e-07,7.292817e-10,6.6106004e-05,0.99993366
511,145,walking,2021-05-07 10:39:20.723,2021-05-07 10:39:22.704,0.021,3,3,0.9999543,1.0386168e-07,4.2470105e-10,4.560706e-05,0.9999543
511,145,walking,2021-05-07 10:39:21.723,2021-05-07 10:39:23.704,0.021,3,3,0.99985504,2.2873517e-07,7.037591e-10,0.00014480656,0.99985504
511,145,walking,2021-05-07 10:39:22.723,2021-05-07 10:39:24.704,0.021,3,3,0.99852234,1.1814309e-06,8.196654e-09,0.001476327,0.99852234
511,145,walking,2021-05-07 10:39:23.723,2021-05-07 10:39:25.704,0.021,3,3,0.9988567,4.6535564e-07,2.133705e-09,0.0011429008,0.9988567
511,145,walking,2021-05-07 10:39:24.723,2021-05-07 10:39:26.704,0.021,3,3,0.9995456,2.95238e-07,1.3946082e-09,0.00045416772,0.9995456
511,145,walking,2021-05-07 10:39:25.723,2021-05-07 10:39:27.704,0.021,3,3,0.99985456,2.7750926e-07,1.4164405e-09,0.00014529204,0.99985456
511,145,walking,2021-05-07 10:39:26.723,2021-05-07 10:39:28.704,0.021,3,3,0.9999073,2.4083909e-07,1.0577629e-09,9.235309e-05,0.9999073
511,145,walking,2021-05-07 10:39:27.723,2021-05-07 10:39:29.704,0.021,3,3,0.99998087,5.976276e-08,1.2772187e-10,1.9071775e-05,0.99998087
511,145,walking,2021-05-07 10:39:28.723,2021-05-07 10:39:30.704,0.021,3,3,0.9999686,1.2509413e-07,2.302935e-10,3.1278058e-05,0.9999686
511,145,walking,2021-05-07 10:39:29.723,2021-05-07 10:39:31.704,0.021,3,3,0.99968857,3.938341e-07,8.4924e-10,0.00031105964,0.99968857
511,145,walking,2021-05-07 10:39:30.723,2021-05-07 10:39:32.703,0.021,3,3,0.99970317,2.1755545e-07,7.921219e-10,0.0002965827,0.99970317
511,145,walking,2021-05-07 10:39:31.723,2021-05-07 10:39:33.703,0.021,3,3,0.9999396,7.105433e-08,1.6850908e-10,6.022036e-05,0.9999396
511,145,walking,2021-05-07 10:39:32.723,2021-05-07 10:39:34.703,0.021,3,3,0.9999408,1.5510331e-07,9.279774e-10,5.902363e-05,0.9999408
511,145,walking,2021-05-07 10:39:33.723,2021-05-07 10:39:35.703,0.021,3,3,0.9998679,5.3616486e-07,3.4984633e-09,0.00013163636,0.9998679
511,145,walking,2021-05-07 10:39:34.723,2021-05-07 10:39:36.703,0.021,3,3,0.99981046,3.033543e-07,1.0848528e-09,0.00018917544,0.99981046
511,145,walking,2021-05-07 10:39:35.723,2021-05-07 10:39:37.703,0.021,3,3,0.9999251,1.3160628e-07,2.1543202e-10,7.47465e-05,0.9999251
511,145,walking,2021-05-07 10:39:36.723,2021-05-07 10:39:38.703,0.021,3,3,0.9999594,1.005648e-07,1.928698e-10,4.0408173e-05,0.9999594
511,145,walking,2021-05-07 10:39:37.723,2021-05-07 10:39:39.703,0.021,3,3,0.99998707,7.710917e-08,3.0223318e-10,1.2787705e-05,0.99998707
511,145,walking,2021-05-07 10:39:38.723,2021-05-07 10:39:40.703,0.021,3,3,0.999989,8.854397e-08,4.1249593e-10,1.0873618e-05,0.999989
511,145,walking,2021-05-07 10:39:39.723,2021-05-07 10:39:41.703,0.021,3,3,0.99997276,7.859635e-08,2.0279117e-10,2.7135364e-05,0.99997276
511,145,walking,2021-05-07 10:39:40.723,2021-05-07 10:39:42.703,0.021,3,3,0.9999836,3.5613656e-08,9.256195e-11,1.6237349e-05,0.9999836
511,145,walking,2021-05-07 10:39:41.723,2021-05-07 10:39:43.703,0.021,3,3,0.9999724,5.497435e-08,1.2678876e-10,2.746873e-05,0.9999724
511,145,walking,2021-05-07 10:39:42.723,2021-05-07 10:39:44.703,0.021,3,3,0.9998985,1.5240254e-07,2.0968512e-10,0.00010129911,0.9998985
511,145,walking,2021-05-07 10:39:43.723,2021-05-07 10:39:45.703,0.021,3,3,0.9997077,1.7717468e-07,4.393028e-10,0.00029198706,0.9997077
511,145,walking,2021-05-07 10:39:44.723,2021-05-07 10:39:46.703,0.021,3,3,0.9999313,5.5197454e-08,1.1783155e-10,6.85973e-05,0.9999313
511,145,walking,2021-05-07 10:39:45.723,2021-05-07 10:39:47.703,0.021,3,3,0.9999879,1.9687443e-08,2.868553e-11,1.1966226e-05,0.9999879
511,145,walking,2021-05-07 10:39:46.723,2021-05-07 10:39:48.703,0.021,3,3,0.99996763,8.581972e-08,9.4257435e-11,3.220916e-05,0.99996763
511,145,walking,2021-05-07 10:39:47.723,2021-05-07 10:39:49.703,0.021,3,3,0.9999183,1.3774552e-07,1.6302142e-10,8.150827e-05,0.9999183
511,145,walking,2021-05-07 10:39:48.723,2021-05-07 10:39:50.703,0.021,3,3,0.999958,8.456821e-08,1.1534792e-10,4.1831234e-05,0.999958
511,145,walking,2021-05-07 10:39:49.723,2021-05-07 10:39:51.703,0.021,3,3,0.9998064,3.3863304e-07,7.1243045e-10,0.00019323872,0.9998064
511,145,walking,2021-05-07 10:39:50.723,2021-05-07 10:39:52.703,0.021,3,3,0.9999878,7.6316766e-08,4.3609914e-11,1.2101599e-05,0.9999878
511,145,walking,2021-05-07 10:39:51.723,2021-05-07 10:39:53.703,0.021,3,3,0.99991614,1.0885295e-07,1.0536377e-10,8.371863e-05,0.99991614
511,145,walking,2021-05-07 10:39:52.723,2021-05-07 10:39:54.703,0.021,3,3,0.99991447,3.779976e-08,6.1896835e-11,8.544576e-05,0.99991447
511,145,walking,2021-05-07 10:39:53.723,2021-05-07 10:39:55.703,0.021,3,3,0.99996084,5.9048308e-08,7.3592465e-11,3.9012608e-05,0.99996084
511,145,walking,2021-05-07 10:39:54.723,2021-05-07 10:39:56.703,0.021,3,3,0.99994916,1.09072275e-07,1.7447435e-10,5.0667415e-05,0.99994916
511,145,walking,2021-05-07 10:39:55.723,2021-05-07 10:39:57.703,0.021,3,3,0.99995214,1.606666e-07,2.6927346e-10,4.759705e-05,0.99995214
511,145,walking,2021-05-07 10:39:56.723,2021-05-07 10:39:58.703,0.021,3,3,0.99997467,1.1760401e-07,2.9001493e-10,2.5176749e-05,0.99997467
511,145,walking,2021-05-07 10:39:57.723,2021-05-07 10:39:59.703,0.021,3,3,0.99983263,4.8989995e-07,1.7196907e-09,0.00016696907,0.99983263
511,145,walking,2021-05-07 10:39:58.723,2021-05-07 10:40:00.704,0.021,3,3,0.9991323,6.2523435e-07,2.33358e-09,0.00086709723,0.9991323
511,145,walking,2021-05-07 10:39:59.723,2021-05-07 10:40:01.704,0.021,3,3,0.9994387,2.568166e-07,9.491519e-10,0.00056107476,0.9994387
511,145,walking,2021-05-07 10:40:00.724,2021-05-07 10:40:02.704,0.021,3,3,0.9999569,8.301392e-08,1.3637308e-10,4.2970052e-05,0.9999569
511,145,walking,2021-05-07 10:40:01.724,2021-05-07 10:40:03.704,0.021,3,3,0.99999446,2.0174102e-08,2.0628233e-11,5.4557627e-06,0.99999446
511,145,walking,2021-05-07 10:40:02.724,2021-05-07 10:40:04.704,0.021,3,3,0.9999961,2.3427281e-08,2.2680538e-11,3.7785946e-06,0.9999961
511,145,walking,2021-05-07 10:40:03.724,2021-05-07 10:40:05.704,0.021,3,3,0.9999942,2.6589458e-08,3.6557767e-11,5.674431e-06,0.9999942
511,145,walking,2021-05-07 10:40:04.724,2021-05-07 10:40:06.704,0.021,3,3,0.9999791,4.9491614e-08,1.0782723e-10,2.0786754e-05,0.9999791
511,145,walking,2021-05-07 10:40:05.724,2021-05-07 10:40:07.704,0.021,3,3,0.9999741,7.07019e-08,7.253101e-11,2.5840407e-05,0.9999741
511,145,walking,2021-05-07 10:40:06.724,2021-05-07 10:40:08.704,0.021,3,3,0.99988323,1.206061e-07,1.9070756e-10,0.00011659101,0.99988323
511,145,walking,2021-05-07 10:40:07.724,2021-05-07 10:40:09.704,0.021,3,3,0.9999921,1.9997254e-08,4.3431633e-11,7.897836e-06,0.9999921
511,145,walking,2021-05-07 10:40:08.724,2021-05-07 10:40:10.704,0.021,3,3,0.99998635,3.529713e-08,9.2099404e-11,1.3531252e-05,0.99998635
511,145,walking,2021-05-07 10:40:09.724,2021-05-07 10:40:11.704,0.021,3,3,0.9999909,5.454515e-08,1.062534e-10,9.013893e-06,0.9999909
511,145,walking,2021-05-07 10:40:10.724,2021-05-07 10:40:12.704,0.021,3,3,0.9999948,2.1488379e-08,3.223169e-11,5.152696e-06,0.9999948
511,145,walking,2021-05-07 10:40:11.724,2021-05-07 10:40:13.704,0.021,3,3,0.9999849,5.1791147e-08,3.7831942e-11,1.4994373e-05,0.9999849
511,146,standing,2021-05-07 10:40:14.364,2021-05-07 10:40:16.343,0.021,2,2,0.9991379,3.3757192e-06,1.3760179e-09,0.9991379,0.0008587533
511,146,standing,2021-05-07 10:40:15.364,2021-05-07 10:40:17.343,0.021,2,2,0.9998045,3.5776277e-06,1.0187398e-09,0.9998045,0.00019200849
511,146,standing,2021-05-07 10:40:16.364,2021-05-07 10:40:18.343,0.021,2,2,0.99979687,3.4929494e-06,9.997388e-10,0.99979687,0.00019978352
511,146,standing,2021-05-07 10:40:17.364,2021-05-07 10:40:19.343,0.021,2,2,0.9996947,2.566991e-06,1.4791606e-09,0.9996947,0.00030270845
511,146,standing,2021-05-07 10:40:18.364,2021-05-07 10:40:20.343,0.021,2,2,0.99959415,2.4339306e-06,2.2925348e-09,0.99959415,0.000403451
511,146,standing,2021-05-07 10:40:19.364,2021-05-07 10:40:21.343,0.021,2,2,0.9993994,2.6989237e-06,2.4268825e-09,0.9993994,0.00059782667
511,147,walking,2021-05-07 10:40:21.563,2021-05-07 10:40:23.544,0.021,3,3,0.99969506,1.1481984e-06,7.3374533e-09,0.00030366066,0.99969506
511,147,walking,2021-05-07 10:40:22.563,2021-05-07 10:40:24.544,0.021,3,3,0.9999561,2.9236693e-08,9.8165816e-11,4.3788492e-05,0.9999561
511,147,walking,2021-05-07 10:40:23.563,2021-05-07 10:40:25.544,0.021,3,3,0.9999992,6.260314e-10,3.736188e-13,6.667042e-07,0.9999992
511,147,walking,2021-05-07 10:40:24.563,2021-05-07 10:40:26.544,0.021,3,3,0.9999997,4.2879508e-10,1.4448403e-13,2.9112695e-07,0.9999997
511,147,walking,2021-05-07 10:40:25.563,2021-05-07 10:40:27.544,0.021,3,3,0.9999992,9.520709e-10,1.5928774e-13,7.108619e-07,0.9999992
511,147,walking,2021-05-07 10:40:26.563,2021-05-07 10:40:28.544,0.021,3,3,0.9999954,4.757133e-09,1.3477775e-12,4.467581e-06,0.9999954
511,147,walking,2021-05-07 10:40:27.563,2021-05-07 10:40:29.544,0.021,3,3,0.99999577,2.7283242e-09,1.5801996e-12,4.1576063e-06,0.99999577
511,147,walking,2021-05-07 10:40:28.563,2021-05-07 10:40:30.544,0.021,3,3,0.9999996,8.5090046e-10,1.5374319e-13,3.7076882e-07,0.9999996
511,147,walking,2021-05-07 10:40:29.563,2021-05-07 10:40:31.544,0.021,3,3,0.99999934,1.0843791e-09,4.6851395e-13,5.424306e-07,0.99999934
511,147,walking,2021-05-07 10:40:30.563,2021-05-07 10:40:32.543,0.021,3,3,0.99999934,1.190426e-09,2.7295047e-13,6.1865336e-07,0.99999934
511,147,walking,2021-05-07 10:40:31.563,2021-05-07 10:40:33.543,0.021,3,3,0.9999996,4.787735e-10,8.333719e-14,3.0416436e-07,0.9999996
511,147,walking,2021-05-07 10:40:32.563,2021-05-07 10:40:34.543,0.021,3,3,0.9999991,8.642783e-10,3.1624478e-13,8.289563e-07,0.9999991
511,147,walking,2021-05-07 10:40:33.563,2021-05-07 10:40:35.543,0.021,3,3,0.99999887,1.4824015e-09,3.378004e-13,1.056987e-06,0.99999887
511,147,walking,2021-05-07 10:40:34.563,2021-05-07 10:40:36.543,0.021,3,3,0.9999992,1.1745547e-09,2.7854528e-13,7.579356e-07,0.9999992
511,147,walking,2021-05-07 10:40:35.563,2021-05-07 10:40:37.543,0.021,3,3,0.99999946,1.179134e-09,2.368027e-13,4.6725182e-07,0.99999946
511,147,walking,2021-05-07 10:40:36.563,2021-05-07 10:40:38.543,0.021,3,3,0.9999991,1.3405239e-09,3.1751885e-13,8.003165e-07,0.9999991
511,147,walking,2021-05-07 10:40:37.563,2021-05-07 10:40:39.543,0.021,3,3,0.9999961,4.041898e-09,2.4138692e-12,3.866118e-06,0.9999961
511,147,walking,2021-05-07 10:40:38.563,2021-05-07 10:40:40.543,0.021,3,3,0.9999985,1.1071711e-09,8.1289196e-13,1.4412437e-06,0.9999985
511,147,walking,2021-05-07 10:40:39.563,2021-05-07 10:40:41.543,0.021,3,3,0.9999991,3.808314e-10,1.8615484e-13,8.825144e-07,0.9999991
511,147,walking,2021-05-07 10:40:40.563,2021-05-07 10:40:42.543,0.021,3,3,0.9999991,5.6691574e-10,1.6708691e-13,8.571793e-07,0.9999991
511,147,walking,2021-05-07 10:40:41.563,2021-05-07 10:40:43.543,0.021,3,3,0.9999991,1.0373953e-09,2.3384032e-13,8.332029e-07,0.9999991
511,147,walking,2021-05-07 10:40:42.563,2021-05-07 10:40:44.543,0.021,3,3,0.9999996,7.213913e-10,9.283876e-14,4.0385405e-07,0.9999996
511,147,walking,2021-05-07 10:40:43.563,2021-05-07 10:40:45.543,0.021,3,3,0.9999996,5.511196e-10,7.0538885e-14,3.8616517e-07,0.9999996
511,147,walking,2021-05-07 10:40:44.563,2021-05-07 10:40:46.543,0.021,3,3,0.999999,6.5327554e-10,1.1515199e-13,9.911906e-07,0.999999
511,147,walking,2021-05-07 10:40:45.563,2021-05-07 10:40:47.543,0.021,3,3,0.99999946,6.0021754e-10,1.1153301e-13,5.2986877e-07,0.99999946
511,147,walking,2021-05-07 10:40:46.563,2021-05-07 10:40:48.543,0.021,3,3,0.9999998,6.790276e-10,8.0648656e-14,1.7382676e-07,0.9999998
511,147,walking,2021-05-07 10:40:47.563,2021-05-07 10:40:49.543,0.021,3,3,0.9999997,2.4084856e-10,3.480664e-14,1.8638858e-07,0.9999997
511,147,walking,2021-05-07 10:40:48.563,2021-05-07 10:40:50.543,0.021,3,3,0.999999,5.466083e-10,1.203849e-13,9.356504e-07,0.999999
511,147,walking,2021-05-07 10:40:49.563,2021-05-07 10:40:51.543,0.021,3,3,0.99999946,3.9478792e-10,1.12499575e-13,4.247857e-07,0.99999946
511,147,walking,2021-05-07 10:40:50.563,2021-05-07 10:40:52.543,0.021,3,3,0.9999998,1.5330102e-10,2.4879362e-14,8.429684e-08,0.9999998
511,147,walking,2021-05-07 10:40:51.563,2021-05-07 10:40:53.543,0.021,3,3,0.9999998,1.1231969e-10,7.924607e-15,6.2112264e-08,0.9999998
511,147,walking,2021-05-07 10:40:52.563,2021-05-07 10:40:54.543,0.021,3,3,0.9999998,1.7575143e-10,2.3593257e-14,1.5255875e-07,0.9999998
511,147,walking,2021-05-07 10:40:53.563,2021-05-07 10:40:55.543,0.021,3,3,0.9999998,1.5857148e-10,2.5292178e-14,8.1914884e-08,0.9999998
511,147,walking,2021-05-07 10:40:54.563,2021-05-07 10:40:56.543,0.021,3,3,0.9999998,1.685758e-10,2.9131005e-14,1.3793645e-07,0.9999998
511,147,walking,2021-05-07 10:40:55.563,2021-05-07 10:40:57.543,0.021,3,3,0.99999887,6.946922e-10,4.765803e-13,1.0638831e-06,0.99999887
511,147,walking,2021-05-07 10:40:56.563,2021-05-07 10:40:58.543,0.021,3,3,0.99999946,3.9522416e-10,1.4467675e-13,4.80986e-07,0.99999946
511,147,walking,2021-05-07 10:40:57.563,2021-05-07 10:40:59.543,0.021,3,3,0.9999998,1.1318853e-10,1.3215396e-14,1.02757994e-07,0.9999998
511,147,walking,2021-05-07 10:40:58.563,2021-05-07 10:41:00.543,0.021,3,3,0.9999997,3.26846e-10,4.0247618e-14,2.2201101e-07,0.9999997
511,147,walking,2021-05-07 10:40:59.563,2021-05-07 10:41:01.543,0.021,3,3,0.9999997,6.4989314e-10,9.6607414e-14,2.650574e-07,0.9999997
511,147,walking,2021-05-07 10:41:00.563,2021-05-07 10:41:02.543,0.021,3,3,0.99999994,1.032435e-10,7.921223e-15,4.3030642e-08,0.99999994
511,147,walking,2021-05-07 10:41:01.563,2021-05-07 10:41:03.543,0.021,3,3,0.99999994,3.355158e-11,1.1699392e-15,5.425426e-09,0.99999994
511,147,walking,2021-05-07 10:41:02.563,2021-05-07 10:41:04.543,0.021,3,3,0.99999994,2.1413787e-11,2.3276607e-15,4.6719544e-09,0.99999994
511,147,walking,2021-05-07 10:41:03.563,2021-05-07 10:41:05.543,0.021,3,3,0.99999994,4.4942813e-11,9.092196e-15,1.715494e-08,0.99999994
511,147,walking,2021-05-07 10:41:04.564,2021-05-07 10:41:06.543,0.021,3,3,0.9999998,2.0075921e-10,3.857465e-14,6.921225e-08,0.9999998
511,147,walking,2021-05-07 10:41:05.564,2021-05-07 10:41:07.543,0.021,3,3,0.99999946,8.769034e-10,2.1544237e-13,4.958875e-07,0.99999946
511,147,walking,2021-05-07 10:41:06.564,2021-05-07 10:41:08.543,0.021,3,3,0.999999,1.3830581e-09,3.2826533e-13,9.783676e-07,0.999999
511,147,walking,2021-05-07 10:41:07.564,2021-05-07 10:41:09.543,0.021,3,3,0.99999934,1.369388e-09,2.2400366e-13,5.872007e-07,0.99999934
511,147,walking,2021-05-07 10:41:08.564,2021-05-07 10:41:10.543,0.021,3,3,0.99999934,1.444975e-09,1.9840363e-13,6.219875e-07,0.99999934
511,147,walking,2021-05-07 10:41:09.564,2021-05-07 10:41:11.543,0.021,3,3,0.9999998,2.6023322e-10,2.6597641e-14,1.333217e-07,0.9999998
511,147,walking,2021-05-07 10:41:10.564,2021-05-07 10:41:12.543,0.021,3,3,0.9999998,1.867196e-10,9.698364e-15,6.8480574e-08,0.9999998
511,147,walking,2021-05-07 10:41:11.564,2021-05-07 10:41:13.543,0.021,3,3,0.9999991,9.598089e-10,2.2472811e-13,8.691008e-07,0.9999991
511,147,walking,2021-05-07 10:41:12.564,2021-05-07 10:41:14.543,0.021,3,3,0.9999984,1.7852779e-09,4.8617355e-13,1.5168571e-06,0.9999984
511,147,walking,2021-05-07 10:41:13.564,2021-05-07 10:41:15.543,0.021,3,3,0.9999986,1.7134308e-09,3.9101383e-13,1.2657295e-06,0.9999986
511,147,walking,2021-05-07 10:41:14.564,2021-05-07 10:41:16.544,0.021,3,3,0.9999997,1.1440404e-09,2.077263e-13,2.6742813e-07,0.9999997
511,147,walking,2021-05-07 10:41:15.564,2021-05-07 10:41:17.544,0.021,3,3,0.9999998,5.1787125e-10,7.5220144e-14,1.3515609e-07,0.9999998
511,147,walking,2021-05-07 10:41:16.563,2021-05-07 10:41:18.544,0.021,3,3,0.9999996,4.3152062e-10,9.8374244e-14,4.0611616e-07,0.9999996
511,147,walking,2021-05-07 10:41:17.563,2021-05-07 10:41:19.544,0.021,3,3,0.9999998,1.8253624e-10,2.3728644e-14,1.7090318e-07,0.9999998
511,147,walking,2021-05-07 10:41:18.563,2021-05-07 10:41:20.544,0.021,3,3,0.9999998,1.0652363e-10,1.1072922e-14,6.6151465e-08,0.9999998
511,147,walking,2021-05-07 10:41:19.563,2021-05-07 10:41:21.544,0.021,3,3,0.9999998,2.819734e-10,2.3057228e-14,1.4352686e-07,0.9999998
511,147,walking,2021-05-07 10:41:20.563,2021-05-07 10:41:22.544,0.021,3,3,0.9999998,3.9211723e-10,1.5823638e-14,9.738512e-08,0.9999998
511,147,walking,2021-05-07 10:41:21.563,2021-05-07 10:41:23.544,0.021,3,3,0.99999994,3.3287623e-11,1.0843059e-15,9.167731e-09,0.99999994
511,147,walking,2021-05-07 10:41:22.563,2021-05-07 10:41:24.544,0.021,3,3,0.99999994,4.504004e-11,3.1875239e-15,2.6999837e-08,0.99999994
511,147,walking,2021-05-07 10:41:23.563,2021-05-07 10:41:25.544,0.021,3,3,0.9999998,4.5402057e-10,2.4543683e-14,1.7125248e-07,0.9999998
511,147,walking,2021-05-07 10:41:24.563,2021-05-07 10:41:26.544,0.021,3,3,0.99999994,1.1036848e-10,4.163695e-15,3.377398e-08,0.99999994
511,147,walking,2021-05-07 10:41:25.563,2021-05-07 10:41:27.544,0.021,3,3,0.9999998,1.0992371e-10,5.4710697e-15,6.9538025e-08,0.9999998
511,147,walking,2021-05-07 10:41:26.563,2021-05-07 10:41:28.544,0.021,3,3,0.9999998,1.2472344e-10,1.2067046e-14,7.85625e-08,0.9999998
511,147,walking,2021-05-07 10:41:27.563,2021-05-07 10:41:29.544,0.021,3,3,0.9999985,1.9271198e-09,6.109637e-13,1.3839107e-06,0.9999985
511,147,walking,2021-05-07 10:41:28.563,2021-05-07 10:41:30.544,0.021,3,3,0.999876,1.466753e-07,1.4049649e-10,0.00012376528,0.999876
511,148,standing,2021-05-07 10:41:30.723,2021-05-07 10:41:32.703,0.021,2,2,0.99832153,2.4880715e-06,3.101121e-08,0.99832153,0.0016759381
511,148,standing,2021-05-07 10:41:31.723,2021-05-07 10:41:33.703,0.021,2,2,0.99914694,2.5821384e-06,1.8085515e-08,0.99914694,0.0008504812
511,148,standing,2021-05-07 10:41:32.723,2021-05-07 10:41:34.703,0.021,2,2,0.9992239,2.738501e-06,2.0926748e-08,0.9992239,0.00077331683
511,148,standing,2021-05-07 10:41:33.723,2021-05-07 10:41:35.703,0.021,2,2,0.9991164,2.9421753e-06,2.5167843e-08,0.9991164,0.0008805717
511,148,standing,2021-05-07 10:41:34.723,2021-05-07 10:41:36.703,0.021,2,2,0.9989322,3.1815432e-06,2.6086159e-08,0.9989322,0.0010645337
511,148,standing,2021-05-07 10:41:35.723,2021-05-07 10:41:37.703,0.021,2,2,0.99276793,1.2306129e-05,1.04999515e-07,0.99276793,0.007219599
511,149,walking,2021-05-07 10:41:37.763,2021-05-07 10:41:39.743,0.021,3,3,0.9999997,5.2826765e-10,4.1051085e-13,2.1422302e-07,0.9999997
511,149,walking,2021-05-07 10:41:38.763,2021-05-07 10:41:40.743,0.021,3,3,0.9999997,3.553704e-10,7.480936e-14,2.6603442e-07,0.9999997
511,149,walking,2021-05-07 10:41:39.763,2021-05-07 10:41:41.743,0.021,3,3,0.9999997,4.2781884e-10,8.475992e-14,2.004555e-07,0.9999997
511,149,walking,2021-05-07 10:41:40.763,2021-05-07 10:41:42.743,0.021,3,3,0.9999998,1.1328745e-10,2.0932949e-14,9.319817e-08,0.9999998
511,149,walking,2021-05-07 10:41:41.763,2021-05-07 10:41:43.743,0.021,3,3,0.9999996,3.6394973e-10,8.7073e-14,3.599586e-07,0.9999996
511,149,walking,2021-05-07 10:41:42.763,2021-05-07 10:41:44.743,0.021,3,3,0.99999934,7.143397e-10,1.9122445e-13,5.588817e-07,0.99999934
511,149,walking,2021-05-07 10:41:43.763,2021-05-07 10:41:45.743,0.021,3,3,0.99999946,4.4184645e-10,1.405715e-13,4.6967324e-07,0.99999946
511,149,walking,2021-05-07 10:41:44.763,2021-05-07 10:41:46.743,0.021,3,3,0.9999998,2.1700251e-10,4.802341e-14,1.5780941e-07,0.9999998
511,149,walking,2021-05-07 10:41:45.763,2021-05-07 10:41:47.743,0.021,3,3,0.9999998,1.9630136e-10,5.2631253e-14,1.3893666e-07,0.9999998
511,149,walking,2021-05-07 10:41:46.763,2021-05-07 10:41:48.743,0.021,3,3,0.9999997,4.1436057e-10,1.3804946e-13,2.749629e-07,0.9999997
511,149,walking,2021-05-07 10:41:47.763,2021-05-07 10:41:49.743,0.021,3,3,0.99999803,2.6284181e-09,9.07109e-13,1.8985585e-06,0.99999803
511,149,walking,2021-05-07 10:41:48.763,2021-05-07 10:41:50.743,0.021,3,3,0.9999997,2.1705505e-10,3.113009e-14,2.0064122e-07,0.9999997
511,149,walking,2021-05-07 10:41:49.763,2021-05-07 10:41:51.743,0.021,3,3,0.9999998,1.212676e-10,1.1421887e-14,6.149211e-08,0.9999998
511,149,walking,2021-05-07 10:41:50.763,2021-05-07 10:41:52.743,0.021,3,3,0.9999998,1.4522805e-10,2.4114318e-14,1.1317456e-07,0.9999998
511,149,walking,2021-05-07 10:41:51.763,2021-05-07 10:41:53.743,0.021,3,3,0.9999997,2.0772148e-10,3.9572658e-14,2.6486663e-07,0.9999997
511,149,walking,2021-05-07 10:41:52.763,2021-05-07 10:41:54.743,0.021,3,3,0.9999991,6.7610123e-10,1.8298865e-13,8.7204484e-07,0.9999991
511,149,walking,2021-05-07 10:41:53.763,2021-05-07 10:41:55.743,0.021,3,3,0.99999994,1.03187583e-10,9.600855e-15,4.129811e-08,0.99999994
511,149,walking,2021-05-07 10:41:54.763,2021-05-07 10:41:56.743,0.021,3,3,0.99999994,6.790597e-11,9.576056e-15,3.7923378e-08,0.99999994
511,149,walking,2021-05-07 10:41:55.763,2021-05-07 10:41:57.743,0.021,3,3,0.9999998,1.4901555e-10,2.4190697e-14,9.0291664e-08,0.9999998
511,149,walking,2021-05-07 10:41:56.763,2021-05-07 10:41:58.743,0.021,3,3,0.9999998,1.2538438e-10,1.7887081e-14,7.266578e-08,0.9999998
511,149,walking,2021-05-07 10:41:57.763,2021-05-07 10:41:59.743,0.021,3,3,0.9999998,1.0664723e-10,2.1905095e-14,6.4498636e-08,0.9999998
511,149,walking,2021-05-07 10:41:58.763,2021-05-07 10:42:00.743,0.021,3,3,0.9999998,1.12473614e-10,1.7395614e-14,6.540547e-08,0.9999998
511,149,walking,2021-05-07 10:41:59.763,2021-05-07 10:42:01.743,0.021,3,3,0.99999994,6.097544e-11,6.713608e-15,3.370827e-08,0.99999994
511,149,walking,2021-05-07 10:42:00.763,2021-05-07 10:42:02.743,0.021,3,3,0.99999994,1.8206743e-11,8.256615e-16,6.0771046e-09,0.99999994
511,149,walking,2021-05-07 10:42:01.763,2021-05-07 10:42:03.743,0.021,3,3,0.99999994,7.951757e-11,8.770804e-15,5.6032903e-08,0.99999994
511,149,walking,2021-05-07 10:42:02.763,2021-05-07 10:42:04.743,0.021,3,3,0.9999996,2.8079156e-10,4.25579e-14,4.0496982e-07,0.9999996
511,149,walking,2021-05-07 10:42:03.763,2021-05-07 10:42:05.743,0.021,3,3,0.9999998,1.02073947e-10,7.7198015e-15,8.673135e-08,0.9999998
511,149,walking,2021-05-07 10:42:04.763,2021-05-07 10:42:06.743,0.021,3,3,0.9999997,3.0033204e-10,3.2104544e-14,1.8399675e-07,0.9999997
511,149,walking,2021-05-07 10:42:05.763,2021-05-07 10:42:07.743,0.021,3,3,0.9999998,1.1424961e-10,1.8683748e-14,8.37847e-08,0.9999998
511,149,walking,2021-05-07 10:42:06.763,2021-05-07 10:42:08.743,0.021,3,3,0.9999997,3.3731318e-10,5.928493e-14,1.8118682e-07,0.9999997
511,149,walking,2021-05-07 10:42:07.763,2021-05-07 10:42:09.743,0.021,3,3,0.99999994,1.028765e-10,1.17244175e-14,5.4915812e-08,0.99999994
511,149,walking,2021-05-07 10:42:08.763,2021-05-07 10:42:10.743,0.021,3,3,0.9999998,2.0706564e-10,2.2018362e-14,1.6933305e-07,0.9999998
511,149,walking,2021-05-07 10:42:09.763,2021-05-07 10:42:11.743,0.021,3,3,0.9999996,4.2908468e-10,6.619819e-14,4.0620952e-07,0.9999996
511,149,walking,2021-05-07 10:42:10.763,2021-05-07 10:42:12.743,0.021,3,3,0.9999998,1.8632931e-10,2.3052391e-14,1.2518755e-07,0.9999998
511,149,walking,2021-05-07 10:42:11.763,2021-05-07 10:42:13.743,0.021,3,3,0.99999994,8.275903e-11,4.0240007e-15,3.611448e-08,0.99999994
511,149,walking,2021-05-07 10:42:12.763,2021-05-07 10:42:14.743,0.021,3,3,0.9999997,5.1444615e-10,4.872852e-14,2.1672982e-07,0.9999997
511,149,walking,2021-05-07 10:42:13.763,2021-05-07 10:42:15.743,0.021,3,3,0.99999934,2.5905555e-09,2.9948258e-13,6.162326e-07,0.99999934
511,149,walking,2021-05-07 10:42:14.763,2021-05-07 10:42:16.743,0.021,3,3,0.99999946,1.2465783e-09,2.2387384e-13,5.286262e-07,0.99999946
511,149,walking,2021-05-07 10:42:15.763,2021-05-07 10:42:17.743,0.021,3,3,0.9999991,7.289317e-10,2.9846516e-13,8.87071e-07,0.9999991
511,149,walking,2021-05-07 10:42:16.763,2021-05-07 10:42:18.743,0.021,3,3,0.9999977,2.5845548e-09,2.211607e-12,2.2179313e-06,0.9999977
511,149,walking,2021-05-07 10:42:17.763,2021-05-07 10:42:19.743,0.021,3,3,0.99999934,1.9162025e-09,6.334244e-13,5.7901235e-07,0.99999934
511,149,walking,2021-05-07 10:42:18.763,2021-05-07 10:42:20.743,0.021,3,3,0.9999997,8.901065e-10,1.1925237e-13,2.3101416e-07,0.9999997
511,149,walking,2021-05-07 10:42:19.763,2021-05-07 10:42:21.743,0.021,3,3,0.9999996,8.1410434e-10,2.5752295e-13,3.8266847e-07,0.9999996
511,149,walking,2021-05-07 10:42:20.763,2021-05-07 10:42:22.743,0.021,3,3,0.99999994,1.985945e-10,3.79033e-14,2.1470626e-08,0.99999994
511,149,walking,2021-05-07 10:42:21.763,2021-05-07 10:42:23.743,0.021,3,3,0.9999997,1.1676776e-09,2.0313391e-13,1.919415e-07,0.9999997
511,149,walking,2021-05-07 10:42:22.763,2021-05-07 10:42:24.743,0.021,3,3,0.99999624,5.5259792e-09,1.6112902e-12,3.6415686e-06,0.99999624
511,149,walking,2021-05-07 10:42:23.763,2021-05-07 10:42:25.743,0.021,3,3,0.9999972,3.5647352e-09,2.146827e-12,2.72647e-06,0.9999972
511,149,walking,2021-05-07 10:42:24.763,2021-05-07 10:42:26.743,0.021,3,3,0.99999887,1.8647963e-09,7.7604015e-13,1.108071e-06,0.99999887
511,149,walking,2021-05-07 10:42:25.763,2021-05-07 10:42:27.743,0.021,3,3,0.99999934,1.0266616e-09,2.3301047e-13,6.0106845e-07,0.99999934
511,149,walking,2021-05-07 10:42:26.763,2021-05-07 10:42:28.743,0.021,3,3,0.9999991,1.902596e-09,2.724012e-13,7.9869704e-07,0.9999991
511,149,walking,2021-05-07 10:42:27.763,2021-05-07 10:42:29.743,0.021,3,3,0.9999986,1.4668698e-09,2.9011103e-13,1.2654518e-06,0.9999986
511,149,walking,2021-05-07 10:42:28.763,2021-05-07 10:42:30.743,0.021,3,3,0.99999887,8.7848817e-10,2.596802e-13,1.0806513e-06,0.99999887
511,149,walking,2021-05-07 10:42:29.763,2021-05-07 10:42:31.743,0.021,3,3,0.9999985,1.6937496e-09,3.0334212e-13,1.4843613e-06,0.9999985
511,149,walking,2021-05-07 10:42:30.763,2021-05-07 10:42:32.743,0.021,3,3,0.99999934,9.793858e-10,1.7957913e-13,6.1724313e-07,0.99999934
511,149,walking,2021-05-07 10:42:31.763,2021-05-07 10:42:33.743,0.021,3,3,0.9999997,4.085914e-10,7.9449664e-14,1.9665653e-07,0.9999997
511,149,walking,2021-05-07 10:42:32.763,2021-05-07 10:42:34.743,0.021,3,3,0.999999,1.3314218e-09,4.1443002e-13,9.0254264e-07,0.999999
511,149,walking,2021-05-07 10:42:33.763,2021-05-07 10:42:35.743,0.021,3,3,0.9999965,3.8845442e-09,1.9322142e-12,3.3997358e-06,0.9999965
511,149,walking,2021-05-07 10:42:34.763,2021-05-07 10:42:36.743,0.021,3,3,0.99999887,1.6444971e-09,1.1333715e-12,1.0239239e-06,0.99999887
511,149,walking,2021-05-07 10:42:35.763,2021-05-07 10:42:37.743,0.021,3,3,0.9999998,5.754408e-10,1.4646655e-13,8.472141e-08,0.9999998
511,149,walking,2021-05-07 10:42:36.763,2021-05-07 10:42:38.743,0.021,3,3,0.99999946,9.973624e-10,2.613599e-13,4.850456e-07,0.99999946
511,149,walking,2021-05-07 10:42:37.763,2021-05-07 10:42:39.743,0.021,3,3,0.9999984,3.7817554e-09,8.0082355e-13,1.5696738e-06,0.9999984
511,149,walking,2021-05-07 10:42:38.763,2021-05-07 10:42:40.743,0.021,3,3,0.9999984,3.7763637e-09,8.894896e-13,1.5832089e-06,0.9999984
511,149,walking,2021-05-07 10:42:39.763,2021-05-07 10:42:41.743,0.021,3,3,0.9999985,4.1076262e-09,9.138055e-13,1.3764436e-06,0.9999985
511,149,walking,2021-05-07 10:42:40.763,2021-05-07 10:42:42.743,0.021,3,3,0.99999756,5.8293956e-09,2.150582e-12,2.4143726e-06,0.99999756
511,149,walking,2021-05-07 10:42:41.763,2021-05-07 10:42:43.743,0.021,3,3,0.9999941,1.1528732e-08,7.326405e-12,5.8610026e-06,0.9999941
511,149,walking,2021-05-07 10:42:42.763,2021-05-07 10:42:44.743,0.021,3,3,0.99999434,1.092133e-08,7.858079e-12,5.6464905e-06,0.99999434
511,149,walking,2021-05-07 10:42:43.763,2021-05-07 10:42:45.743,0.021,3,3,0.9999954,1.2201404e-08,8.655742e-12,4.4677217e-06,0.9999954
511,149,walking,2021-05-07 10:42:44.763,2021-05-07 10:42:46.743,0.021,3,3,0.9999973,1.1465416e-08,5.4541436e-12,2.6361395e-06,0.9999973
511,149,walking,2021-05-07 10:42:45.763,2021-05-07 10:42:47.743,0.021,3,3,0.99999684,4.1295367e-09,1.9330698e-12,3.1051911e-06,0.99999684
511,149,walking,2021-05-07 10:42:46.763,2021-05-07 10:42:48.743,0.021,3,3,0.999999,1.4360259e-09,4.7040583e-13,1.0023314e-06,0.999999
511,149,walking,2021-05-07 10:42:47.763,2021-05-07 10:42:49.743,0.021,3,3,0.9999983,3.3845615e-09,1.1510191e-12,1.6608634e-06,0.9999983
511,149,walking,2021-05-07 10:42:48.763,2021-05-07 10:42:50.743,0.021,3,3,0.99999946,9.409038e-10,3.5364485e-13,4.5561293e-07,0.99999946
511,149,walking,2021-05-07 10:42:49.763,2021-05-07 10:42:51.743,0.021,3,3,0.99999744,2.6477784e-09,1.7073845e-12,2.5081354e-06,0.99999744
511,149,walking,2021-05-07 10:42:50.763,2021-05-07 10:42:52.743,0.021,3,3,0.99999386,7.680932e-09,4.879972e-12,6.124308e-06,0.99999386
511,149,walking,2021-05-07 10:42:51.763,2021-05-07 10:42:53.743,0.021,3,3,0.999994,1.2663548e-08,9.128681e-12,5.953566e-06,0.999994
511,149,walking,2021-05-07 10:42:52.763,2021-05-07 10:42:54.743,0.021,3,3,0.9999955,7.58813e-09,4.953955e-12,4.3822283e-06,0.9999955
511,149,walking,2021-05-07 10:42:53.763,2021-05-07 10:42:55.743,0.021,3,3,0.99997574,2.16168e-08,2.2839567e-11,2.4162722e-05,0.99997574
511,149,walking,2021-05-07 10:42:54.763,2021-05-07 10:42:56.743,0.021,3,3,0.9999526,3.2466072e-08,6.660121e-11,4.725086e-05,0.9999526
511,149,walking,2021-05-07 10:42:55.763,2021-05-07 10:42:57.743,0.021,3,3,0.99999577,1.8378495e-08,2.9070987e-11,4.144487e-06,0.99999577
511,149,walking,2021-05-07 10:42:56.763,2021-05-07 10:42:58.743,0.021,3,3,0.999983,2.923376e-07,5.6417965e-10,1.6605696e-05,0.999983
511,149,walking,2021-05-07 10:42:57.763,2021-05-07 10:42:59.743,0.021,3,3,0.9999146,7.205377e-07,2.837947e-09,8.464607e-05,0.9999146
511,149,walking,2021-05-07 10:42:58.763,2021-05-07 10:43:00.743,0.021,3,3,0.9979581,6.2429986e-06,6.352491e-08,0.0020355256,0.9979581
511,149,walking,2021-05-07 10:42:59.763,2021-05-07 10:43:01.743,0.021,3,3,0.99838454,8.178858e-06,9.584722e-08,0.0016072637,0.99838454
511,149,walking,2021-05-07 10:43:00.763,2021-05-07 10:43:02.743,0.021,3,3,0.99946827,4.45512e-06,1.0865503e-08,0.0005271342,0.99946827
511,149,walking,2021-05-07 10:43:01.763,2021-05-07 10:43:03.743,0.021,3,3,0.99869746,2.579466e-06,1.8768269e-08,0.0012998914,0.99869746
511,149,walking,2021-05-07 10:43:02.763,2021-05-07 10:43:04.743,0.021,3,3,0.9992665,3.5646403e-06,1.5233194e-07,0.00072982156,0.9992665
511,149,walking,2021-05-07 10:43:03.763,2021-05-07 10:43:05.743,0.021,3,3,0.9999955,1.2174122e-07,8.650079e-09,4.266311e-06,0.9999955
511,149,walking,2021-05-07 10:43:04.763,2021-05-07 10:43:06.743,0.021,3,3,0.9999642,3.7893335e-07,2.9643001e-09,3.5329373e-05,0.9999642
511,149,walking,2021-05-07 10:43:05.763,2021-05-07 10:43:07.743,0.021,3,3,0.99990517,5.738328e-08,2.2239591e-10,9.47055e-05,0.99990517
511,149,walking,2021-05-07 10:43:06.763,2021-05-07 10:43:08.743,0.021,3,3,0.9999936,3.5074825e-09,8.112403e-12,6.330426e-06,0.9999936
511,149,walking,2021-05-07 10:43:07.763,2021-05-07 10:43:09.743,0.021,3,3,0.99999875,1.5562895e-09,4.5295052e-12,1.2237082e-06,0.99999875
511,149,walking,2021-05-07 10:43:08.763,2021-05-07 10:43:10.743,0.021,3,3,0.99999946,6.3041496e-09,1.08925985e-11,5.151312e-07,0.99999946
511,149,walking,2021-05-07 10:43:09.763,2021-05-07 10:43:11.743,0.021,3,3,0.99999934,2.1220838e-08,3.2558695e-11,5.162239e-07,0.99999934
511,149,walking,2021-05-07 10:43:10.763,2021-05-07 10:43:12.743,0.021,3,3,0.9999983,2.9739395e-08,8.478596e-11,1.6114705e-06,0.9999983
511,149,walking,2021-05-07 10:43:11.763,2021-05-07 10:43:13.743,0.021,3,3,0.9999338,1.4773221e-07,6.508277e-10,6.6029905e-05,0.9999338
511,149,walking,2021-05-07 10:43:12.763,2021-05-07 10:43:14.743,0.021,3,3,0.99973214,2.936013e-07,7.690101e-10,0.00026746563,0.99973214
511,149,walking,2021-05-07 10:43:13.763,2021-05-07 10:43:15.743,0.021,3,3,0.9999333,8.428544e-08,1.9109836e-10,6.6513676e-05,0.9999333
511,149,walking,2021-05-07 10:43:14.763,2021-05-07 10:43:16.743,0.021,3,3,0.9999357,9.63645e-08,2.9962052e-10,6.417978e-05,0.9999357
511,149,walking,2021-05-07 10:43:15.763,2021-05-07 10:43:17.743,0.021,3,3,0.9999766,8.251356e-08,2.3981847e-10,2.3269547e-05,0.9999766
511,149,walking,2021-05-07 10:43:16.763,2021-05-07 10:43:18.743,0.021,3,3,0.9999965,7.112902e-08,6.010082e-11,3.4273612e-06,0.9999965
511,149,walking,2021-05-07 10:43:17.763,2021-05-07 10:43:19.743,0.021,3,3,0.9999843,9.5435205e-08,1.1609391e-10,1.5517502e-05,0.9999843
511,149,walking,2021-05-07 10:43:18.763,2021-05-07 10:43:20.743,0.021,3,3,0.9999247,9.8630764e-08,2.4425237e-10,7.513269e-05,0.9999247
511,149,walking,2021-05-07 10:43:19.763,2021-05-07 10:43:21.743,0.021,3,3,0.9999586,5.021017e-08,6.496838e-11,4.1352072e-05,0.9999586
511,149,walking,2021-05-07 10:43:20.763,2021-05-07 10:43:22.743,0.021,3,3,0.9999705,2.9397713e-08,3.95153e-11,2.937321e-05,0.9999705
511,149,walking,2021-05-07 10:43:21.763,2021-05-07 10:43:23.743,0.021,3,3,0.9999806,1.0075869e-08,2.0990232e-11,1.9282326e-05,0.9999806
511,149,walking,2021-05-07 10:43:22.763,2021-05-07 10:43:24.743,0.021,3,3,0.99991375,7.210633e-08,3.9996004e-10,8.614675e-05,0.99991375
511,149,walking,2021-05-07 10:43:23.763,2021-05-07 10:43:25.743,0.021,3,3,0.99991804,1.8345487e-07,7.038464e-10,8.1648526e-05,0.99991804
511,149,walking,2021-05-07 10:43:24.763,2021-05-07 10:43:26.743,0.021,3,3,0.9999818,9.094041e-08,1.9199103e-10,1.7989621e-05,0.9999818
511,149,walking,2021-05-07 10:43:25.763,2021-05-07 10:43:27.743,0.021,3,3,0.99999493,1.530442e-08,6.399238e-11,4.9781925e-06,0.99999493
511,149,walking,2021-05-07 10:43:26.763,2021-05-07 10:43:28.743,0.021,3,3,0.9999798,1.2713999e-08,1.2446454e-10,2.0170432e-05,0.9999798
511,149,walking,2021-05-07 10:43:27.763,2021-05-07 10:43:29.743,0.021,3,3,0.99985313,2.0375077e-07,1.2871018e-09,0.00014666938,0.99985313
511,149,walking,2021-05-07 10:43:28.763,2021-05-07 10:43:30.743,0.021,3,3,0.999851,2.018873e-07,1.0384352e-09,0.00014884783,0.999851
511,149,walking,2021-05-07 10:43:29.763,2021-05-07 10:43:31.743,0.021,3,3,0.9999098,1.093882e-07,5.3436616e-10,8.9963e-05,0.9999098
511,149,walking,2021-05-07 10:43:30.763,2021-05-07 10:43:32.743,0.021,3,3,0.999989,1.5250887e-08,4.8693695e-11,1.09056355e-05,0.999989
511,149,walking,2021-05-07 10:43:31.763,2021-05-07 10:43:33.743,0.021,3,3,0.9999997,8.5716373e-10,5.7897713e-13,2.6726954e-07,0.9999997
511,149,walking,2021-05-07 10:43:32.763,2021-05-07 10:43:34.743,0.021,3,3,0.9999998,2.1534541e-10,4.5131918e-13,7.166102e-08,0.9999998
511,149,walking,2021-05-07 10:43:33.763,2021-05-07 10:43:35.743,0.021,3,3,0.99999815,8.899052e-09,2.4422827e-11,1.7708229e-06,0.99999815
511,149,walking,2021-05-07 10:43:34.763,2021-05-07 10:43:36.743,0.021,3,3,0.9999986,1.0114696e-08,7.689855e-12,1.3468622e-06,0.9999986
511,149,walking,2021-05-07 10:43:35.763,2021-05-07 10:43:37.743,0.021,3,3,0.99999887,5.472031e-09,7.0028163e-12,1.037363e-06,0.99999887
511,149,walking,2021-05-07 10:43:36.763,2021-05-07 10:43:38.743,0.021,3,3,0.99999934,3.3796237e-09,3.3443313e-12,5.959804e-07,0.99999934
511,149,walking,2021-05-07 10:43:37.763,2021-05-07 10:43:39.743,0.021,3,3,0.9999965,1.4684995e-08,1.0383837e-10,3.419532e-06,0.9999965
511,149,walking,2021-05-07 10:43:38.763,2021-05-07 10:43:40.743,0.021,3,3,0.9999991,1.020697e-08,6.299345e-11,8.0754324e-07,0.9999991
511,149,walking,2021-05-07 10:43:39.763,2021-05-07 10:43:41.743,0.021,3,3,0.9999922,5.820446e-08,2.7455455e-10,7.652825e-06,0.9999922
511,149,walking,2021-05-07 10:43:40.763,2021-05-07 10:43:42.743,0.021,3,3,0.99999183,1.6297294e-08,1.8613769e-11,8.031325e-06,0.99999183
511,149,walking,2021-05-07 10:43:41.763,2021-05-07 10:43:43.743,0.021,3,3,0.9999986,1.2707977e-09,5.8856083e-13,1.2676284e-06,0.9999986
511,149,walking,2021-05-07 10:43:42.763,2021-05-07 10:43:44.743,0.021,3,3,0.9999979,2.427905e-09,3.4303673e-12,2.0220573e-06,0.9999979
511,149,walking,2021-05-07 10:43:43.763,2021-05-07 10:43:45.743,0.021,3,3,0.9999959,2.1311786e-08,5.013885e-11,4.0001964e-06,0.9999959
511,149,walking,2021-05-07 10:43:44.763,2021-05-07 10:43:46.743,0.021,3,3,0.99999505,1.14846564e-07,6.751629e-10,4.746425e-06,0.99999505
511,149,walking,2021-05-07 10:43:45.763,2021-05-07 10:43:47.743,0.021,3,3,0.9999996,4.02416e-08,3.0812458e-10,3.5926516e-07,0.9999996
511,149,walking,2021-05-07 10:43:46.763,2021-05-07 10:43:48.743,0.021,3,3,0.999999,7.2081946e-08,2.5288643e-10,9.290529e-07,0.999999
511,149,walking,2021-05-07 10:43:47.763,2021-05-07 10:43:49.743,0.021,3,3,0.9999946,3.2103134e-08,4.5421805e-11,5.373265e-06,0.9999946
511,149,walking,2021-05-07 10:43:48.763,2021-05-07 10:43:50.743,0.021,3,3,0.99999744,5.0764366e-09,4.3938356e-12,2.5270333e-06,0.99999744
511,149,walking,2021-05-07 10:43:49.763,2021-05-07 10:43:51.743,0.021,3,3,0.99999946,2.2918594e-09,2.340409e-12,4.5407825e-07,0.99999946
511,149,walking,2021-05-07 10:43:50.763,2021-05-07 10:43:52.743,0.021,3,3,0.9999984,2.1120716e-08,3.4702446e-11,1.5524995e-06,0.9999984
511,149,walking,2021-05-07 10:43:51.763,2021-05-07 10:43:53.743,0.021,3,3,0.99998933,1.7365792e-07,3.3920133e-10,1.044025e-05,0.99998933
511,149,walking,2021-05-07 10:43:52.763,2021-05-07 10:43:54.743,0.021,3,3,0.99997383,1.3623597e-07,4.5041892e-10,2.6015765e-05,0.99997383
511,149,walking,2021-05-07 10:43:53.763,2021-05-07 10:43:55.743,0.021,3,3,0.99980783,4.501774e-07,1.9034914e-09,0.00019179666,0.99980783
511,149,walking,2021-05-07 10:43:54.763,2021-05-07 10:43:56.743,0.021,3,3,0.9997487,2.2158666e-07,8.1138907e-10,0.00025096553,0.9997487
511,149,walking,2021-05-07 10:43:55.763,2021-05-07 10:43:57.743,0.021,3,3,0.99980426,9.756387e-08,2.5300506e-10,0.00019569205,0.99980426
511,149,walking,2021-05-07 10:43:56.763,2021-05-07 10:43:58.743,0.021,3,3,0.99997,1.0953948e-07,5.119427e-10,2.9804785e-05,0.99997
511,149,walking,2021-05-07 10:43:57.763,2021-05-07 10:43:59.743,0.021,3,3,0.9999942,2.6059162e-08,8.297763e-11,5.680051e-06,0.9999942
511,149,walking,2021-05-07 10:43:58.763,2021-05-07 10:44:00.743,0.021,3,3,0.99999505,2.01775e-08,2.2527032e-11,4.8833444e-06,0.99999505
511,149,walking,2021-05-07 10:43:59.763,2021-05-07 10:44:01.743,0.021,3,3,0.9999717,1.1581594e-07,3.5501427e-10,2.8185274e-05,0.9999717
511,149,walking,2021-05-07 10:44:00.763,2021-05-07 10:44:02.743,0.021,3,3,0.9999029,2.3280526e-07,4.01234e-10,9.6845164e-05,0.9999029
511,149,walking,2021-05-07 10:44:01.763,2021-05-07 10:44:03.743,0.021,3,3,0.9999601,6.689183e-08,1.5624686e-10,3.9702896e-05,0.9999601
511,149,walking,2021-05-07 10:44:02.763,2021-05-07 10:44:04.743,0.021,3,3,0.99997646,2.6940304e-08,9.006426e-11,2.347006e-05,0.99997646
511,149,walking,2021-05-07 10:44:03.763,2021-05-07 10:44:05.743,0.021,3,3,0.99995285,7.314335e-08,3.716653e-10,4.7023135e-05,0.99995285
511,149,walking,2021-05-07 10:44:04.763,2021-05-07 10:44:06.743,0.021,3,3,0.99999136,5.110868e-08,1.3445409e-10,8.4948115e-06,0.99999136
511,149,walking,2021-05-07 10:44:05.763,2021-05-07 10:44:07.743,0.021,3,3,0.9999936,2.3977478e-08,5.526149e-11,6.3468688e-06,0.9999936
511,149,walking,2021-05-07 10:44:06.763,2021-05-07 10:44:08.743,0.021,3,3,0.9999595,9.1306845e-08,4.202328e-10,4.0360384e-05,0.9999595
511,149,walking,2021-05-07 10:44:07.763,2021-05-07 10:44:09.743,0.021,3,3,0.9998758,3.5002432e-07,8.5356316e-10,0.00012394597,0.9998758
511,149,walking,2021-05-07 10:44:08.763,2021-05-07 10:44:10.743,0.021,3,3,0.99988,8.2618186e-08,1.9482359e-10,0.00011984767,0.99988
511,149,walking,2021-05-07 10:44:09.763,2021-05-07 10:44:11.743,0.021,3,3,0.9999476,4.72432e-08,8.548851e-11,5.2241052e-05,0.9999476
511,149,walking,2021-05-07 10:44:10.763,2021-05-07 10:44:12.743,0.021,3,3,0.9999594,7.508547e-08,2.2587505e-10,4.0506715e-05,0.9999594
511,149,walking,2021-05-07 10:44:11.763,2021-05-07 10:44:13.743,0.021,3,3,0.99996394,1.0472202e-07,2.047814e-10,3.583849e-05,0.99996394
511,149,walking,2021-05-07 10:44:12.763,2021-05-07 10:44:14.743,0.021,3,3,0.9998336,1.8995038e-07,6.520646e-10,0.00016623837,0.9998336
511,149,walking,2021-05-07 10:44:13.763,2021-05-07 10:44:15.743,0.021,3,3,0.9995706,2.2877983e-07,5.647898e-10,0.00042917154,0.9995706
511,149,walking,2021-05-07 10:44:14.763,2021-05-07 10:44:16.743,0.021,3,3,0.9997368,1.2317763e-07,2.6287728e-10,0.0002629691,0.9997368
511,149,walking,2021-05-07 10:44:15.763,2021-05-07 10:44:17.743,0.021,3,3,0.99998564,3.6242934e-08,5.847215e-11,1.4308014e-05,0.99998564
511,149,walking,2021-05-07 10:44:16.763,2021-05-07 10:44:18.743,0.021,3,3,0.99998087,4.4851593e-08,9.6577746e-11,1.8980634e-05,0.99998087
511,149,walking,2021-05-07 10:44:17.763,2021-05-07 10:44:19.743,0.021,3,3,0.9999898,3.6006615e-08,4.822034e-11,1.0082888e-05,0.9999898
511,149,walking,2021-05-07 10:44:18.763,2021-05-07 10:44:20.743,0.021,3,3,0.99999374,1.838803e-08,2.634025e-11,6.217175e-06,0.99999374
511,149,walking,2021-05-07 10:44:19.763,2021-05-07 10:44:21.743,0.021,3,3,0.9999817,6.439913e-08,1.518693e-10,1.822212e-05,0.9999817
511,149,walking,2021-05-07 10:44:20.763,2021-05-07 10:44:22.743,0.021,3,3,0.99992853,1.875471e-07,2.4949207e-10,7.117159e-05,0.99992853
511,149,walking,2021-05-07 10:44:21.763,2021-05-07 10:44:23.743,0.021,3,3,0.9998993,1.18952954e-07,2.1421734e-10,0.00010046095,0.9998993
511,149,walking,2021-05-07 10:44:22.763,2021-05-07 10:44:24.743,0.021,3,3,0.9999766,2.595003e-08,4.521475e-11,2.3295615e-05,0.9999766
511,149,walking,2021-05-07 10:44:23.763,2021-05-07 10:44:25.743,0.021,3,3,0.99997956,6.120337e-08,1.3408014e-10,2.0314905e-05,0.99997956
511,149,walking,2021-05-07 10:44:24.763,2021-05-07 10:44:26.743,0.021,3,3,0.9999706,8.297422e-08,3.101688e-10,2.9189829e-05,0.9999706
511,149,walking,2021-05-07 10:44:25.763,2021-05-07 10:44:27.743,0.021,3,3,0.99999243,5.279249e-08,8.345348e-11,7.4499135e-06,0.99999243
511,149,walking,2021-05-07 10:44:26.763,2021-05-07 10:44:28.743,0.021,3,3,0.99999005,6.5378764e-08,1.2855647e-10,9.86296e-06,0.99999005
511,149,walking,2021-05-07 10:44:27.763,2021-05-07 10:44:29.743,0.021,3,3,0.99992484,1.9841802e-07,4.772171e-10,7.49109e-05,0.99992484
511,149,walking,2021-05-07 10:44:28.763,2021-05-07 10:44:30.743,0.021,3,3,0.9998121,1.4429574e-07,3.142436e-10,0.00018769213,0.9998121
511,149,walking,2021-05-07 10:44:29.763,2021-05-07 10:44:31.743,0.021,3,3,0.999474,1.6689684e-07,8.142198e-10,0.0005258674,0.999474
511,152,standing,2021-05-07 10:44:33.083,2021-05-07 10:44:35.063,0.021,2,2,0.9990146,2.775604e-06,4.173895e-09,0.9990146,0.0009826575
511,152,standing,2021-05-07 10:44:34.083,2021-05-07 10:44:36.063,0.021,2,2,0.9990892,4.1222665e-06,7.973519e-09,0.9990892,0.0009066778
511,156,standing,2021-05-07 10:44:38.923,2021-05-07 10:44:40.903,0.021,2,2,0.99955475,1.6157499e-06,1.1751619e-05,0.99955475,0.0004319289
511,156,standing,2021-05-07 10:44:39.923,2021-05-07 10:44:41.903,0.021,2,2,0.99975204,1.1208559e-06,8.313198e-06,0.99975204,0.0002385024
511,156,standing,2021-05-07 10:44:40.923,2021-05-07 10:44:42.903,0.021,2,2,0.99973476,1.1579608e-06,7.858686e-06,0.99973476,0.00025610198
511,156,standing,2021-05-07 10:44:41.923,2021-05-07 10:44:43.903,0.021,2,2,0.99917257,2.337453e-06,1.1742008e-05,0.99917257,0.00081344595
511,156,standing,2021-05-07 10:44:42.923,2021-05-07 10:44:44.903,0.021,2,2,0.99945694,1.8461513e-06,7.5321996e-06,0.99945694,0.00053364004
511,156,standing,2021-05-07 10:44:43.923,2021-05-07 10:44:45.903,0.021,2,2,0.998939,2.6189139e-06,1.0311848e-05,0.998939,0.0010480678
511,156,standing,2021-05-07 10:44:44.923,2021-05-07 10:44:46.903,0.021,2,2,0.99757576,4.1823514e-06,1.3307707e-05,0.99757576,0.0024066623
511,156,standing,2021-05-07 10:44:45.923,2021-05-07 10:44:47.903,0.021,2,2,0.9989828,2.366675e-06,7.91944e-06,0.9989828,0.0010069656
511,156,standing,2021-05-07 10:44:46.923,2021-05-07 10:44:48.903,0.021,2,2,0.9996585,1.2949403e-06,4.8957295e-06,0.9996585,0.00033539443
511,156,standing,2021-05-07 10:44:47.923,2021-05-07 10:44:49.903,0.021,2,2,0.99991995,5.220843e-07,2.946828e-06,0.99991995,7.647264e-05
511,156,standing,2021-05-07 10:44:48.923,2021-05-07 10:44:50.903,0.021,2,2,0.9998522,8.417896e-07,4.5879947e-06,0.9998522,0.00014230997
511,156,standing,2021-05-07 10:44:49.923,2021-05-07 10:44:51.903,0.021,2,2,0.9997935,9.911373e-07,5.1292063e-06,0.9997935,0.00020049862
511,156,standing,2021-05-07 10:44:50.923,2021-05-07 10:44:52.903,0.021,2,2,0.99982595,8.9333747e-07,5.0423805e-06,0.99982595,0.00016805556
511,156,standing,2021-05-07 10:44:51.923,2021-05-07 10:44:53.903,0.021,2,2,0.99705476,5.869535e-06,1.7858569e-05,0.99705476,0.0029215268
511,156,standing,2021-05-07 10:44:52.923,2021-05-07 10:44:54.903,0.021,2,2,0.99349326,1.0717249e-05,1.9788282e-05,0.99349326,0.006476156
511,156,standing,2021-05-07 10:44:53.923,2021-05-07 10:44:55.903,0.021,2,2,0.99693304,5.7280363e-06,1.3188204e-05,0.99693304,0.0030480614
511,159,walking,2021-05-07 10:44:57.284,2021-05-07 10:44:59.263,0.021,3,3,0.99968237,2.4702913e-07,9.981802e-10,0.00031734165,0.99968237
511,159,walking,2021-05-07 10:44:58.284,2021-05-07 10:45:00.263,0.021,3,3,0.9999743,4.8650445e-08,7.605508e-11,2.5612975e-05,0.9999743
511,159,walking,2021-05-07 10:44:59.284,2021-05-07 10:45:01.263,0.021,3,3,0.99996465,1.459791e-07,5.398291e-10,3.5079e-05,0.99996465
511,159,walking,2021-05-07 10:45:00.283,2021-05-07 10:45:02.263,0.021,3,3,0.9999891,9.4681425e-08,3.4970843e-10,1.0712893e-05,0.9999891
511,159,walking,2021-05-07 10:45:01.283,2021-05-07 10:45:03.263,0.021,3,3,0.9999921,3.3579347e-08,5.808769e-11,7.8214725e-06,0.9999921
511,159,walking,2021-05-07 10:45:02.283,2021-05-07 10:45:04.263,0.021,3,3,0.9999321,1.3158801e-07,3.036918e-10,6.774375e-05,0.9999321
511,159,walking,2021-05-07 10:45:03.283,2021-05-07 10:45:05.263,0.021,3,3,0.99988824,1.135484e-07,1.9370103e-10,0.000111517715,0.99988824
511,159,walking,2021-05-07 10:45:04.283,2021-05-07 10:45:06.263,0.021,3,3,0.9999313,6.977e-08,1.6530234e-10,6.858088e-05,0.9999313
511,159,walking,2021-05-07 10:45:05.283,2021-05-07 10:45:07.263,0.021,3,3,0.9999868,2.4673078e-08,2.4622455e-11,1.3084063e-05,0.9999868
511,159,walking,2021-05-07 10:45:06.283,2021-05-07 10:45:08.263,0.021,3,3,0.99999636,1.8708347e-08,2.7414895e-11,3.5880123e-06,0.99999636
511,159,walking,2021-05-07 10:45:07.283,2021-05-07 10:45:09.263,0.021,3,3,0.9999967,1.7185048e-08,2.3454131e-11,3.1730372e-06,0.9999967
511,159,walking,2021-05-07 10:45:08.284,2021-05-07 10:45:10.263,0.021,3,3,0.99998695,2.1754946e-08,2.7587418e-11,1.2960422e-05,0.99998695
511,159,walking,2021-05-07 10:45:09.284,2021-05-07 10:45:11.263,0.021,3,3,0.99999315,1.8608533e-08,8.4551645e-12,6.7949736e-06,0.99999315
511,159,walking,2021-05-07 10:45:10.284,2021-05-07 10:45:12.263,0.021,3,3,0.9997411,1.4521287e-07,4.614047e-10,0.00025871358,0.9997411
511,159,walking,2021-05-07 10:45:11.284,2021-05-07 10:45:13.263,0.021,3,3,0.99993163,8.464037e-08,1.666259e-10,6.81673e-05,0.99993163
511,159,walking,2021-05-07 10:45:12.284,2021-05-07 10:45:14.263,0.021,3,3,0.9999812,6.2460146e-08,1.2137295e-10,1.8710769e-05,0.9999812
511,159,walking,2021-05-07 10:45:13.284,2021-05-07 10:45:15.263,0.021,3,3,0.999996,2.4167438e-08,1.441011e-11,3.9361707e-06,0.999996
511,159,walking,2021-05-07 10:45:14.284,2021-05-07 10:45:16.263,0.021,3,3,0.99999815,8.7395895e-09,4.133751e-12,1.8380099e-06,0.99999815
511,159,walking,2021-05-07 10:45:15.284,2021-05-07 10:45:17.263,0.021,3,3,0.99998695,2.9134554e-08,6.440993e-11,1.2986133e-05,0.99998695
511,159,walking,2021-05-07 10:45:16.284,2021-05-07 10:45:18.263,0.021,3,3,0.99997145,4.9240775e-08,7.9029054e-11,2.838902e-05,0.99997145
511,159,walking,2021-05-07 10:45:17.284,2021-05-07 10:45:19.263,0.021,3,3,0.9999543,7.547131e-08,6.637332e-11,4.560941e-05,0.9999543
511,159,walking,2021-05-07 10:45:18.284,2021-05-07 10:45:20.263,0.021,3,3,0.9999792,2.4396606e-08,2.8224617e-11,2.072901e-05,0.9999792
511,159,walking,2021-05-07 10:45:19.284,2021-05-07 10:45:21.263,0.021,3,3,0.99999076,3.1680745e-08,3.9542036e-11,9.199155e-06,0.99999076
511,159,walking,2021-05-07 10:45:20.284,2021-05-07 10:45:22.263,0.021,3,3,0.99997324,1.1843763e-07,2.4416272e-10,2.6609565e-05,0.99997324
511,159,walking,2021-05-07 10:45:21.284,2021-05-07 10:45:23.263,0.021,3,3,0.9999922,6.503701e-08,6.036019e-11,7.674707e-06,0.9999922
511,159,walking,2021-05-07 10:45:22.284,2021-05-07 10:45:24.263,0.021,3,3,0.9999667,2.7347966e-07,8.133915e-10,3.3006105e-05,0.9999667
511,159,walking,2021-05-07 10:45:23.284,2021-05-07 10:45:25.263,0.021,3,3,0.9999376,1.0481217e-07,1.8627187e-10,6.2199004e-05,0.9999376
511,159,walking,2021-05-07 10:45:24.284,2021-05-07 10:45:26.263,0.021,3,3,0.9997462,1.2445274e-07,4.0783388e-10,0.00025358898,0.9997462
511,159,walking,2021-05-07 10:45:25.284,2021-05-07 10:45:27.263,0.021,3,3,0.9999922,2.0649713e-08,4.3877683e-11,7.716526e-06,0.9999922
511,159,walking,2021-05-07 10:45:26.284,2021-05-07 10:45:28.263,0.021,3,3,0.99999946,1.4005428e-08,9.98515e-12,4.154306e-07,0.99999946
511,159,walking,2021-05-07 10:45:27.284,2021-05-07 10:45:29.263,0.021,3,3,0.9999978,4.024882e-08,5.6808693e-11,2.0615278e-06,0.9999978
511,159,walking,2021-05-07 10:45:28.284,2021-05-07 10:45:30.263,0.021,3,3,0.99997145,1.4504644e-07,3.3103964e-10,2.8402534e-05,0.99997145
511,159,walking,2021-05-07 10:45:29.284,2021-05-07 10:45:31.263,0.021,3,3,0.99960726,2.6677867e-07,6.0824834e-10,0.00039233925,0.99960726
511,159,walking,2021-05-07 10:45:30.284,2021-05-07 10:45:32.263,0.021,3,3,0.9999364,3.70253e-08,7.4742705e-11,6.345788e-05,0.9999364
511,159,walking,2021-05-07 10:45:31.284,2021-05-07 10:45:33.263,0.021,3,3,0.999989,2.5492588e-08,3.0475105e-11,1.0992521e-05,0.999989
511,159,walking,2021-05-07 10:45:32.284,2021-05-07 10:45:34.263,0.021,3,3,0.99999684,2.0089404e-08,4.1851727e-11,3.0284036e-06,0.99999684
511,159,walking,2021-05-07 10:45:33.284,2021-05-07 10:45:35.263,0.021,3,3,0.9999996,3.5987995e-09,2.6123196e-12,4.0616186e-07,0.9999996
511,159,walking,2021-05-07 10:45:34.284,2021-05-07 10:45:36.263,0.021,3,3,0.9999996,2.1772564e-09,1.9574962e-12,3.4140442e-07,0.9999996
511,159,walking,2021-05-07 10:45:35.284,2021-05-07 10:45:37.263,0.021,3,3,0.99998885,7.1935766e-08,6.20724e-11,1.1056264e-05,0.99998885
511,159,walking,2021-05-07 10:45:36.284,2021-05-07 10:45:38.263,0.021,3,3,0.99982595,1.3313579e-07,2.9122002e-10,0.00017396528,0.99982595
511,159,walking,2021-05-07 10:45:37.284,2021-05-07 10:45:39.263,0.021,3,3,0.9999657,3.5009837e-08,6.583945e-11,3.422192e-05,0.9999657
511,159,walking,2021-05-07 10:45:38.284,2021-05-07 10:45:40.263,0.021,3,3,0.9999599,9.316956e-08,3.2190525e-10,3.9911305e-05,0.9999599
511,159,walking,2021-05-07 10:45:39.284,2021-05-07 10:45:41.263,0.021,3,3,0.9997611,3.6734457e-07,1.2135278e-09,0.00023858053,0.9997611
511,159,walking,2021-05-07 10:45:40.284,2021-05-07 10:45:42.263,0.021,3,3,0.99758327,3.6828176e-06,1.4151462e-09,0.002412996,0.99758327
511,160,standing,2021-05-07 10:45:42.324,2021-05-07 10:45:44.304,0.021,2,2,0.9998622,2.3345133e-06,4.552865e-10,0.9998622,0.00013556081
511,160,standing,2021-05-07 10:45:43.324,2021-05-07 10:45:45.304,0.021,2,2,0.9997207,1.5757523e-06,5.707913e-10,0.9997207,0.00027771393
511,160,standing,2021-05-07 10:45:44.324,2021-05-07 10:45:46.304,0.021,2,2,0.9995946,1.3030532e-06,5.260743e-10,0.9995946,0.000403901
511,160,standing,2021-05-07 10:45:45.324,2021-05-07 10:45:47.304,0.021,2,2,0.99962395,1.4832139e-06,4.753205e-10,0.99962395,0.00037458897
511,160,standing,2021-05-07 10:45:46.324,2021-05-07 10:45:48.304,0.021,2,2,0.99950546,2.0135835e-06,7.022288e-10,0.99950546,0.0004924495
511,160,standing,2021-05-07 10:45:47.324,2021-05-07 10:45:49.304,0.021,2,2,0.99962634,2.9875987e-06,6.7056666e-10,0.99962634,0.00037071866
511,160,standing,2021-05-07 10:45:48.324,2021-05-07 10:45:50.304,0.021,2,2,0.9997823,3.0789556e-06,6.195909e-10,0.9997823,0.00021462396
511,160,standing,2021-05-07 10:45:49.324,2021-05-07 10:45:51.304,0.021,2,2,0.99973893,2.535378e-06,8.237468e-10,0.99973893,0.0002584817
511,160,standing,2021-05-07 10:45:50.324,2021-05-07 10:45:52.304,0.021,2,2,0.99972713,2.1881071e-06,9.12006e-10,0.99972713,0.00027063722
511,160,standing,2021-05-07 10:45:51.324,2021-05-07 10:45:53.304,0.021,2,2,0.9996983,2.2372376e-06,1.1180248e-09,0.9996983,0.00029940179
511,160,standing,2021-05-07 10:45:52.324,2021-05-07 10:45:54.304,0.021,2,2,0.9996874,3.1628033e-06,1.1112392e-09,0.9996874,0.00030931277
511,160,standing,2021-05-07 10:45:53.324,2021-05-07 10:45:55.304,0.021,2,2,0.99970484,3.0893345e-06,9.738527e-10,0.99970484,0.00029203578
511,160,standing,2021-05-07 10:45:54.324,2021-05-07 10:45:56.304,0.021,2,2,0.99970675,2.6644734e-06,1.0999389e-09,0.99970675,0.00029052768
511,160,standing,2021-05-07 10:45:55.324,2021-05-07 10:45:57.304,0.021,2,2,0.9997759,2.7999777e-06,8.2852025e-10,0.9997759,0.00022125707
511,160,standing,2021-05-07 10:45:56.324,2021-05-07 10:45:58.304,0.021,2,2,0.9997728,2.7966971e-06,7.7524454e-10,0.9997728,0.00022436932
511,160,standing,2021-05-07 10:45:57.324,2021-05-07 10:45:59.304,0.021,2,2,0.9997393,3.2123878e-06,9.259006e-10,0.9997393,0.00025747725
511,160,standing,2021-05-07 10:45:58.324,2021-05-07 10:46:00.303,0.021,2,2,0.9997467,3.567105e-06,9.470966e-10,0.9997467,0.00024972163
511,160,standing,2021-05-07 10:45:59.324,2021-05-07 10:46:01.303,0.021,2,2,0.9997096,3.6813838e-06,1.0691977e-09,0.9997096,0.0002866146
511,160,standing,2021-05-07 10:46:00.323,2021-05-07 10:46:02.303,0.021,2,2,0.99964017,5.590565e-06,1.636112e-09,0.99964017,0.00035414117
511,160,standing,2021-05-07 10:46:01.323,2021-05-07 10:46:03.303,0.021,2,2,0.9996595,9.542669e-06,1.991019e-09,0.9996595,0.00033098
511,160,standing,2021-05-07 10:46:02.323,2021-05-07 10:46:04.303,0.021,2,2,0.99967784,9.184707e-06,2.691884e-09,0.99967784,0.0003129093
511,160,standing,2021-05-07 10:46:03.323,2021-05-07 10:46:05.303,0.021,2,2,0.9997331,5.421013e-06,3.3429801e-09,0.9997331,0.00026135056
511,160,standing,2021-05-07 10:46:04.323,2021-05-07 10:46:06.303,0.021,2,2,0.99973154,2.1826313e-06,1.6995033e-09,0.99973154,0.0002662886
511,160,standing,2021-05-07 10:46:05.323,2021-05-07 10:46:07.303,0.021,2,2,0.9996683,1.320622e-06,6.030581e-10,0.9996683,0.00033037362
511,160,standing,2021-05-07 10:46:06.323,2021-05-07 10:46:08.303,0.021,2,2,0.99959487,1.3944106e-06,5.5915156e-10,0.99959487,0.0004037638
511,161,walking,2021-05-07 10:46:08.524,2021-05-07 10:46:10.503,0.021,3,3,0.986879,1.996578e-05,1.7582022e-07,0.013100769,0.986879
511,161,walking,2021-05-07 10:46:09.524,2021-05-07 10:46:11.503,0.021,3,3,0.9898551,6.012435e-06,1.7348994e-07,0.010138778,0.9898551
511,161,walking,2021-05-07 10:46:10.524,2021-05-07 10:46:12.503,0.021,3,3,0.9945047,7.589853e-06,1.2675953e-07,0.0054876525,0.9945047
511,161,walking,2021-05-07 10:46:11.524,2021-05-07 10:46:13.503,0.021,3,3,0.9111142,1.3085111e-05,5.0513677e-07,0.08887218,0.9111142
511,161,walking,2021-05-07 10:46:12.524,2021-05-07 10:46:14.503,0.021,3,3,0.9969333,4.1426806e-06,5.4443234e-08,0.0030625525,0.9969333
511,161,walking,2021-05-07 10:46:13.524,2021-05-07 10:46:15.503,0.021,3,3,0.9923734,1.6169271e-05,6.349871e-08,0.007610376,0.9923734
511,165,walking,2021-05-07 10:46:18.044,2021-05-07 10:46:20.024,0.021,3,3,0.99076045,2.1817401e-05,1.0070336e-06,0.009216765,0.99076045
511,165,walking,2021-05-07 10:46:19.044,2021-05-07 10:46:21.024,0.021,3,3,0.9914362,9.791956e-06,2.0957548e-07,0.008553809,0.9914362
511,165,walking,2021-05-07 10:46:20.044,2021-05-07 10:46:22.024,0.021,3,3,0.9900135,7.1248674e-06,2.0487226e-07,0.0099792,0.9900135
511,165,walking,2021-05-07 10:46:21.044,2021-05-07 10:46:23.024,0.021,3,3,0.9981061,8.092129e-06,1.8177067e-07,0.001885608,0.9981061
511,165,walking,2021-05-07 10:46:22.044,2021-05-07 10:46:24.024,0.021,3,3,0.9825881,7.745262e-06,1.9284472e-07,0.01740403,0.9825881
511,165,walking,2021-05-07 10:46:23.044,2021-05-07 10:46:25.024,0.021,3,3,0.99698126,2.2414156e-06,3.0765694e-08,0.0030163992,0.99698126
511,165,walking,2021-05-07 10:46:24.044,2021-05-07 10:46:26.024,0.021,3,3,0.999952,5.5123087e-07,6.562173e-09,4.731725e-05,0.999952
511,165,walking,2021-05-07 10:46:25.044,2021-05-07 10:46:27.024,0.021,3,3,0.9996838,7.232005e-07,3.0542755e-09,0.0003155904,0.9996838
511,165,walking,2021-05-07 10:46:26.044,2021-05-07 10:46:28.024,0.021,3,3,0.99253297,9.078694e-06,1.5650535e-07,0.007457768,0.99253297
511,165,walking,2021-05-07 10:46:27.044,2021-05-07 10:46:29.024,0.021,3,3,0.9997728,1.790726e-06,6.0089306e-08,0.00022527583,0.9997728
511,165,walking,2021-05-07 10:46:28.044,2021-05-07 10:46:30.024,0.021,3,3,0.99957913,4.007944e-06,4.2652825e-08,0.00041671854,0.99957913
511,165,walking,2021-05-07 10:46:29.044,2021-05-07 10:46:31.024,0.021,3,3,0.99179715,3.8036835e-06,5.0356938e-08,0.008198976,0.99179715
511,165,walking,2021-05-07 10:46:30.044,2021-05-07 10:46:32.023,0.021,3,3,0.99488735,4.42139e-06,7.3397324e-08,0.0051082172,0.99488735
511,165,walking,2021-05-07 10:46:31.044,2021-05-07 10:46:33.023,0.021,3,3,0.99973893,1.454721e-06,2.8469803e-08,0.0002594909,0.99973893
511,165,walking,2021-05-07 10:46:32.043,2021-05-07 10:46:34.023,0.021,3,3,0.9992363,1.012046e-06,4.9402886e-09,0.000762803,0.9992363
511,165,walking,2021-05-07 10:46:33.043,2021-05-07 10:46:35.023,0.021,3,3,0.9970257,1.8509114e-06,2.6828296e-08,0.0029723677,0.9970257
511,165,walking,2021-05-07 10:46:34.043,2021-05-07 10:46:36.023,0.021,3,3,0.9995649,1.4735056e-06,3.629872e-08,0.00043362362,0.9995649
511,165,walking,2021-05-07 10:46:35.043,2021-05-07 10:46:37.023,0.021,3,3,0.99675214,7.1260165e-06,9.646824e-08,0.0032406065,0.99675214
511,165,walking,2021-05-07 10:46:36.043,2021-05-07 10:46:38.023,0.021,3,3,0.96462536,1.0951875e-05,4.421572e-07,0.03536317,0.96462536
511,165,walking,2021-05-07 10:46:37.043,2021-05-07 10:46:39.023,0.021,3,3,0.99933594,3.4187956e-06,9.6158395e-08,0.0006605389,0.99933594
511,165,walking,2021-05-07 10:46:38.043,2021-05-07 10:46:40.023,0.021,3,3,0.9986219,4.1911835e-06,4.809314e-08,0.0013739866,0.9986219
511,165,walking,2021-05-07 10:46:39.043,2021-05-07 10:46:41.023,0.021,3,3,0.9917903,1.1179059e-05,3.2984326e-07,0.008198235,0.9917903
511,165,walking,2021-05-07 10:46:40.043,2021-05-07 10:46:42.023,0.021,3,3,0.9997103,2.313912e-06,9.900274e-08,0.00028717954,0.9997103
511,165,walking,2021-05-07 10:46:41.043,2021-05-07 10:46:43.023,0.021,3,3,0.9993588,2.8437682e-06,2.3323341e-08,0.00063834793,0.9993588
511,165,walking,2021-05-07 10:46:42.043,2021-05-07 10:46:44.023,0.021,3,3,0.99815583,2.7546114e-06,3.578148e-08,0.001841362,0.99815583
511,165,walking,2021-05-07 10:46:43.043,2021-05-07 10:46:45.023,0.021,3,3,0.9998305,1.3099689e-06,7.316505e-09,0.0001682826,0.9998305
511,165,walking,2021-05-07 10:46:44.043,2021-05-07 10:46:46.023,0.021,3,3,0.99877685,1.389181e-05,1.5532338e-07,0.0012091257,0.99877685
511,165,walking,2021-05-07 10:46:45.043,2021-05-07 10:46:47.023,0.021,3,3,0.99900615,6.2886907e-06,2.90747e-07,0.0009872627,0.99900615
511,165,walking,2021-05-07 10:46:46.043,2021-05-07 10:46:48.023,0.021,3,3,0.999552,1.1529694e-06,1.7064547e-08,0.0004468568,0.999552
511,165,walking,2021-05-07 10:46:47.043,2021-05-07 10:46:49.023,0.021,3,3,0.9994327,2.9529015e-06,1.2841781e-08,0.00056436716,0.9994327
511,165,walking,2021-05-07 10:46:48.043,2021-05-07 10:46:50.023,0.021,3,3,0.96385664,2.219694e-05,6.159807e-08,0.036121182,0.96385664
511,165,walking,2021-05-07 10:46:49.043,2021-05-07 10:46:51.023,0.021,3,3,0.99568415,1.6939168e-05,2.9471997e-07,0.0042985952,0.99568415
511,167,walking,2021-05-07 10:46:52.203,2021-05-07 10:46:54.183,0.021,3,3,0.99947137,6.9546735e-07,4.902818e-09,0.00052789523,0.99947137
511,167,walking,2021-05-07 10:46:53.203,2021-05-07 10:46:55.183,0.021,3,3,0.9978271,1.7922728e-06,1.9434928e-08,0.00217111,0.9978271
511,167,walking,2021-05-07 10:46:54.203,2021-05-07 10:46:56.183,0.021,3,3,0.9985852,2.3539721e-06,3.35803e-08,0.0014124588,0.9985852
511,167,walking,2021-05-07 10:46:55.203,2021-05-07 10:46:57.183,0.021,3,3,0.9975858,1.477307e-06,8.035358e-09,0.0024127397,0.9975858
511,167,walking,2021-05-07 10:46:56.203,2021-05-07 10:46:58.183,0.021,3,3,0.99557763,5.5890287e-06,9.987732e-08,0.004416783,0.99557763
511,167,walking,2021-05-07 10:46:57.203,2021-05-07 10:46:59.183,0.021,3,3,0.9990063,2.2697507e-06,5.6853754e-08,0.0009913218,0.9990063
511,167,walking,2021-05-07 10:46:58.203,2021-05-07 10:47:00.184,0.021,3,3,0.9983124,1.6048065e-06,1.1364434e-08,0.0016860778,0.9983124
511,167,walking,2021-05-07 10:46:59.203,2021-05-07 10:47:01.184,0.021,3,3,0.99870795,1.5666349e-06,1.2005587e-08,0.0012904011,0.99870795
511,167,walking,2021-05-07 10:47:00.204,2021-05-07 10:47:02.184,0.021,3,3,0.9999526,1.0816606e-07,4.4833007e-10,4.7260724e-05,0.9999526
511,167,walking,2021-05-07 10:47:01.204,2021-05-07 10:47:03.184,0.021,3,3,0.99999875,9.36317e-09,2.8292744e-12,1.2139433e-06,0.99999875
511,167,walking,2021-05-07 10:47:02.204,2021-05-07 10:47:04.184,0.021,3,3,0.99999887,4.9986175e-09,1.0208444e-12,1.0464278e-06,0.99999887
511,167,walking,2021-05-07 10:47:03.204,2021-05-07 10:47:05.184,0.021,3,3,0.9999961,1.6123478e-08,3.0239765e-12,3.7425766e-06,0.9999961
511,167,walking,2021-05-07 10:47:04.204,2021-05-07 10:47:06.184,0.021,3,3,0.9999971,2.0424267e-08,2.5578563e-12,2.822958e-06,0.9999971
511,167,walking,2021-05-07 10:47:05.204,2021-05-07 10:47:07.184,0.021,3,3,0.9999984,8.989814e-09,1.9461694e-12,1.4942193e-06,0.9999984
511,167,walking,2021-05-07 10:47:06.204,2021-05-07 10:47:08.184,0.021,3,3,0.999999,5.6801124e-09,3.2375062e-12,9.1954536e-07,0.999999
511,167,walking,2021-05-07 10:47:07.204,2021-05-07 10:47:09.184,0.021,3,3,0.9999991,8.350397e-09,2.7954867e-12,8.7245826e-07,0.9999991
511,167,walking,2021-05-07 10:47:08.204,2021-05-07 10:47:10.184,0.021,3,3,0.9999998,7.082364e-10,9.667691e-14,9.3785914e-08,0.9999998
511,167,walking,2021-05-07 10:47:09.204,2021-05-07 10:47:11.184,0.021,3,3,0.99999994,7.842196e-11,1.7545366e-14,4.7119233e-08,0.99999994
511,167,walking,2021-05-07 10:47:10.204,2021-05-07 10:47:12.184,0.021,3,3,0.9999983,1.4282399e-09,9.153194e-13,1.6974726e-06,0.9999983
511,167,walking,2021-05-07 10:47:11.204,2021-05-07 10:47:13.184,0.021,3,3,0.999999,9.651343e-10,3.1193562e-13,9.741536e-07,0.999999
511,167,walking,2021-05-07 10:47:12.204,2021-05-07 10:47:14.184,0.021,3,3,0.99999994,8.748468e-11,1.9713884e-14,5.5079454e-08,0.99999994
511,167,walking,2021-05-07 10:47:13.204,2021-05-07 10:47:15.184,0.021,3,3,0.99999994,5.164605e-11,2.1319125e-14,3.363063e-08,0.99999994
511,167,walking,2021-05-07 10:47:14.204,2021-05-07 10:47:16.184,0.021,3,3,0.99999946,4.889694e-10,4.4708226e-13,4.706108e-07,0.99999946
511,167,walking,2021-05-07 10:47:15.204,2021-05-07 10:47:17.184,0.021,3,3,0.99999446,4.662831e-09,9.85282e-12,5.4997226e-06,0.99999446
511,167,walking,2021-05-07 10:47:16.204,2021-05-07 10:47:18.184,0.021,3,3,0.999994,6.539807e-09,8.2675195e-12,5.8978967e-06,0.999994
511,167,walking,2021-05-07 10:47:17.204,2021-05-07 10:47:19.184,0.021,3,3,0.99999934,1.4043243e-09,1.1896342e-12,6.434726e-07,0.99999934
511,167,walking,2021-05-07 10:47:18.204,2021-05-07 10:47:20.184,0.021,3,3,0.9999984,1.528454e-09,1.0282561e-12,1.5924686e-06,0.9999984
511,167,walking,2021-05-07 10:47:19.204,2021-05-07 10:47:21.184,0.021,3,3,0.9999953,3.892342e-09,2.578208e-12,4.62953e-06,0.9999953
511,167,walking,2021-05-07 10:47:20.204,2021-05-07 10:47:22.184,0.021,3,3,0.9999998,3.4163325e-10,7.25531e-14,1.5944077e-07,0.9999998
511,167,walking,2021-05-07 10:47:21.204,2021-05-07 10:47:23.184,0.021,3,3,0.9999997,6.7143535e-10,1.05717064e-13,2.651029e-07,0.9999997
511,167,walking,2021-05-07 10:47:22.204,2021-05-07 10:47:24.184,0.021,3,3,0.99999803,5.3583227e-09,9.038173e-13,1.9490274e-06,0.99999803
511,167,walking,2021-05-07 10:47:23.204,2021-05-07 10:47:25.184,0.021,3,3,0.9999978,3.6181882e-09,5.193195e-13,2.084844e-06,0.9999978
511,167,walking,2021-05-07 10:47:24.204,2021-05-07 10:47:26.184,0.021,3,3,0.9999997,6.368759e-10,5.970092e-14,1.8140673e-07,0.9999997
511,167,walking,2021-05-07 10:47:25.204,2021-05-07 10:47:27.184,0.021,3,3,0.9999996,6.4982114e-10,2.4339824e-13,3.5031113e-07,0.9999996
511,167,walking,2021-05-07 10:47:26.204,2021-05-07 10:47:28.184,0.021,3,3,0.9999979,2.414167e-09,1.5846218e-12,2.038455e-06,0.9999979
511,167,walking,2021-05-07 10:47:27.204,2021-05-07 10:47:29.184,0.021,3,3,0.9999983,1.5157496e-09,5.828965e-13,1.6759152e-06,0.9999983
511,167,walking,2021-05-07 10:47:28.204,2021-05-07 10:47:30.184,0.021,3,3,0.9999991,8.258366e-10,1.9910644e-13,8.7279284e-07,0.9999991
511,167,walking,2021-05-07 10:47:29.204,2021-05-07 10:47:31.184,0.021,3,3,0.9999996,5.3788285e-10,7.158059e-14,4.092393e-07,0.9999996
511,167,walking,2021-05-07 10:47:30.204,2021-05-07 10:47:32.183,0.021,3,3,0.9999997,3.1326716e-10,2.0303461e-14,2.227484e-07,0.9999997
511,167,walking,2021-05-07 10:47:31.204,2021-05-07 10:47:33.183,0.021,3,3,0.9999998,2.8227798e-10,2.9263657e-14,1.5297383e-07,0.9999998
511,167,walking,2021-05-07 10:47:32.203,2021-05-07 10:47:34.183,0.021,3,3,0.99999994,1.2023742e-10,8.073697e-15,4.1360465e-08,0.99999994
511,167,walking,2021-05-07 10:47:33.203,2021-05-07 10:47:35.183,0.021,3,3,0.99999994,1.6025901e-10,1.36428336e-14,3.9941245e-08,0.99999994
511,167,walking,2021-05-07 10:47:34.203,2021-05-07 10:47:36.183,0.021,3,3,0.9999997,3.6329367e-10,1.0383023e-13,2.249487e-07,0.9999997
511,167,walking,2021-05-07 10:47:35.203,2021-05-07 10:47:37.183,0.021,3,3,0.9999997,3.296829e-10,1.12544244e-13,2.1091991e-07,0.9999997
511,167,walking,2021-05-07 10:47:36.203,2021-05-07 10:47:38.183,0.021,3,3,0.99999994,9.128353e-12,7.6938395e-16,4.286989e-09,0.99999994
511,167,walking,2021-05-07 10:47:37.203,2021-05-07 10:47:39.183,0.021,3,3,0.99999994,1.0815363e-11,5.0795396e-16,3.7354075e-09,0.99999994
511,167,walking,2021-05-07 10:47:38.203,2021-05-07 10:47:40.183,0.021,3,3,0.9999998,9.3945476e-11,1.0165e-14,6.56676e-08,0.9999998
511,167,walking,2021-05-07 10:47:39.203,2021-05-07 10:47:41.183,0.021,3,3,0.99999946,3.7411652e-10,1.339203e-13,5.146706e-07,0.99999946
511,167,walking,2021-05-07 10:47:40.203,2021-05-07 10:47:42.183,0.021,3,3,0.9999997,3.7461856e-10,8.286423e-14,2.5081374e-07,0.9999997
511,167,walking,2021-05-07 10:47:41.203,2021-05-07 10:47:43.183,0.021,3,3,0.9999997,3.4799277e-10,6.08422e-14,1.8724447e-07,0.9999997
511,167,walking,2021-05-07 10:47:42.203,2021-05-07 10:47:44.183,0.021,3,3,0.9999998,2.9824962e-10,5.6532334e-14,1.7149158e-07,0.9999998
511,167,walking,2021-05-07 10:47:43.203,2021-05-07 10:47:45.183,0.021,3,3,0.99999994,1.218656e-10,1.74878e-14,5.338097e-08,0.99999994
511,167,walking,2021-05-07 10:47:44.203,2021-05-07 10:47:46.183,0.021,3,3,0.9999998,1.1270425e-10,1.11570434e-14,7.9492814e-08,0.9999998
511,167,walking,2021-05-07 10:47:45.203,2021-05-07 10:47:47.183,0.021,3,3,0.99999994,9.7109716e-11,3.9324047e-15,1.9441357e-08,0.99999994
511,167,walking,2021-05-07 10:47:46.203,2021-05-07 10:47:48.183,0.021,3,3,0.9999998,3.830923e-10,4.604891e-14,9.680638e-08,0.9999998
511,167,walking,2021-05-07 10:47:47.203,2021-05-07 10:47:49.183,0.021,3,3,0.9999998,1.75605e-10,2.2037775e-14,7.7637004e-08,0.9999998
511,167,walking,2021-05-07 10:47:48.203,2021-05-07 10:47:50.183,0.021,3,3,0.99999994,4.2652732e-11,4.729852e-15,2.6082235e-08,0.99999994
511,167,walking,2021-05-07 10:47:49.203,2021-05-07 10:47:51.183,0.021,3,3,0.99999946,3.925107e-10,1.254028e-13,4.837825e-07,0.99999946
511,167,walking,2021-05-07 10:47:50.203,2021-05-07 10:47:52.183,0.021,3,3,0.99999934,8.312922e-10,2.7242724e-13,5.6806454e-07,0.99999934
511,167,walking,2021-05-07 10:47:51.203,2021-05-07 10:47:53.183,0.021,3,3,0.9999998,7.7373935e-10,8.7555316e-14,1.7462031e-07,0.9999998
511,167,walking,2021-05-07 10:47:52.203,2021-05-07 10:47:54.183,0.021,3,3,0.99999946,9.2984614e-10,1.6034247e-13,5.241358e-07,0.99999946
511,167,walking,2021-05-07 10:47:53.203,2021-05-07 10:47:55.183,0.021,3,3,0.999999,2.053911e-09,5.258457e-13,9.707973e-07,0.999999
511,167,walking,2021-05-07 10:47:54.203,2021-05-07 10:47:56.183,0.021,3,3,0.99999934,1.0061668e-09,2.2254976e-13,5.4985355e-07,0.99999934
511,167,walking,2021-05-07 10:47:55.203,2021-05-07 10:47:57.183,0.021,3,3,0.9999997,3.4372866e-10,1.3765662e-13,2.5048482e-07,0.9999997
511,167,walking,2021-05-07 10:47:56.203,2021-05-07 10:47:58.183,0.021,3,3,0.9999997,3.8249795e-10,1.5190395e-13,2.843388e-07,0.9999997
511,167,walking,2021-05-07 10:47:57.203,2021-05-07 10:47:59.183,0.021,3,3,0.9999996,3.0162134e-10,5.782924e-14,3.334786e-07,0.9999996
511,167,walking,2021-05-07 10:47:58.203,2021-05-07 10:48:00.184,0.021,3,3,0.99999934,7.1947287e-10,1.2594931e-13,6.0622773e-07,0.99999934
511,167,walking,2021-05-07 10:47:59.203,2021-05-07 10:48:01.184,0.021,3,3,0.9999997,4.416654e-10,6.794329e-14,2.3478036e-07,0.9999997
511,167,walking,2021-05-07 10:48:00.204,2021-05-07 10:48:02.184,0.021,3,3,0.99999696,3.1067149e-09,8.5975704e-13,2.9238365e-06,0.99999696
511,167,walking,2021-05-07 10:48:01.204,2021-05-07 10:48:03.184,0.021,3,3,0.9999978,5.214337e-09,5.6883556e-13,2.1376782e-06,0.9999978
511,167,walking,2021-05-07 10:48:02.204,2021-05-07 10:48:04.184,0.021,3,3,0.99999934,1.9329929e-09,1.6521089e-13,5.7886217e-07,0.99999934
511,167,walking,2021-05-07 10:48:03.204,2021-05-07 10:48:05.184,0.021,3,3,0.9999984,3.916572e-09,8.0286987e-13,1.6017536e-06,0.9999984
511,167,walking,2021-05-07 10:48:04.204,2021-05-07 10:48:06.184,0.021,3,3,0.99999756,7.2524897e-09,2.3930604e-12,2.422207e-06,0.99999756
511,167,walking,2021-05-07 10:48:05.204,2021-05-07 10:48:07.184,0.021,3,3,0.99999815,1.8057682e-08,9.115775e-12,1.8216831e-06,0.99999815
511,167,walking,2021-05-07 10:48:06.204,2021-05-07 10:48:08.184,0.021,3,3,0.9999998,1.3427282e-09,1.9150485e-13,1.0550005e-07,0.9999998
511,167,walking,2021-05-07 10:48:07.204,2021-05-07 10:48:09.184,0.021,3,3,0.9999997,1.2953321e-09,2.3326846e-13,2.4048032e-07,0.9999997
511,167,walking,2021-05-07 10:48:08.204,2021-05-07 10:48:10.184,0.021,3,3,0.9999991,1.3354938e-09,5.7664474e-13,8.627034e-07,0.9999991
511,167,walking,2021-05-07 10:48:09.204,2021-05-07 10:48:11.184,0.021,3,3,0.99999934,7.239825e-10,2.4938512e-13,5.937373e-07,0.99999934
511,167,walking,2021-05-07 10:48:10.204,2021-05-07 10:48:12.184,0.021,3,3,0.9999997,4.0597892e-10,1.5816765e-13,2.5911496e-07,0.9999997
511,167,walking,2021-05-07 10:48:11.204,2021-05-07 10:48:13.184,0.021,3,3,0.9999997,3.5553174e-10,9.8194666e-14,2.3430884e-07,0.9999997
511,167,walking,2021-05-07 10:48:12.204,2021-05-07 10:48:14.184,0.021,3,3,0.99999887,1.7951297e-09,4.4139068e-13,1.0199301e-06,0.99999887
511,168,standing,2021-05-07 10:48:15.163,2021-05-07 10:48:17.144,0.021,2,2,0.99664944,1.7012846e-05,4.6966178e-09,0.99664944,0.003333617
511,168,standing,2021-05-07 10:48:16.163,2021-05-07 10:48:18.144,0.021,2,2,0.99957085,3.327092e-06,7.1511985e-10,0.99957085,0.0004258696
511,168,standing,2021-05-07 10:48:17.163,2021-05-07 10:48:19.144,0.021,2,2,0.999701,3.5485255e-06,7.2530876e-10,0.999701,0.00029536692
511,168,standing,2021-05-07 10:48:18.163,2021-05-07 10:48:20.144,0.021,2,2,0.99973667,2.8941001e-06,8.6663293e-10,0.99973667,0.00026043513
511,168,standing,2021-05-07 10:48:19.163,2021-05-07 10:48:21.144,0.021,2,2,0.99978375,2.336914e-06,9.711805e-10,0.99978375,0.00021392498
511,168,standing,2021-05-07 10:48:20.163,2021-05-07 10:48:22.144,0.021,2,2,0.9998138,1.9060125e-06,1.0530504e-09,0.9998138,0.00018437715
511,168,standing,2021-05-07 10:48:21.163,2021-05-07 10:48:23.144,0.021,2,2,0.9997988,2.121954e-06,9.891193e-10,0.9997988,0.00019899287
511,168,standing,2021-05-07 10:48:22.163,2021-05-07 10:48:24.144,0.021,2,2,0.999799,2.8282727e-06,9.607743e-10,0.999799,0.00019821996
511,168,standing,2021-05-07 10:48:23.163,2021-05-07 10:48:25.144,0.021,2,2,0.9998064,3.558511e-06,8.1953333e-10,0.9998064,0.0001899928
511,168,standing,2021-05-07 10:48:24.163,2021-05-07 10:48:26.144,0.021,2,2,0.99950117,5.1780316e-06,1.7044252e-09,0.99950117,0.0004936787
511,169,walking,2021-05-07 10:48:26.684,2021-05-07 10:48:28.663,0.021,3,3,0.99999756,4.4950212e-09,3.930677e-12,2.433975e-06,0.99999756
511,169,walking,2021-05-07 10:48:27.684,2021-05-07 10:48:29.663,0.021,3,3,0.999999,1.1941642e-09,4.122509e-13,1.0118869e-06,0.999999
511,169,walking,2021-05-07 10:48:28.684,2021-05-07 10:48:30.663,0.021,3,3,0.9999997,3.247178e-10,6.1109226e-14,2.3893747e-07,0.9999997
511,169,walking,2021-05-07 10:48:29.684,2021-05-07 10:48:31.663,0.021,3,3,0.9999998,2.0671523e-10,3.104009e-14,8.757396e-08,0.9999998
511,169,walking,2021-05-07 10:48:30.684,2021-05-07 10:48:32.664,0.021,3,3,0.9999997,6.780555e-10,1.1104652e-13,2.4311393e-07,0.9999997
511,169,walking,2021-05-07 10:48:31.684,2021-05-07 10:48:33.664,0.021,3,3,0.9999998,2.1422006e-10,2.6753742e-14,6.592625e-08,0.9999998
511,169,walking,2021-05-07 10:48:32.683,2021-05-07 10:48:34.664,0.021,3,3,0.9999998,2.4252703e-10,1.757229e-14,7.023156e-08,0.9999998
511,169,walking,2021-05-07 10:48:33.683,2021-05-07 10:48:35.664,0.021,3,3,0.9999998,3.5856162e-10,1.9378359e-14,1.01085796e-07,0.9999998
511,169,walking,2021-05-07 10:48:34.683,2021-05-07 10:48:36.664,0.021,3,3,0.99999994,8.617535e-11,5.717797e-15,3.91723e-08,0.99999994
511,169,walking,2021-05-07 10:48:35.683,2021-05-07 10:48:37.664,0.021,3,3,0.99999994,9.725634e-11,3.3861838e-15,2.6578151e-08,0.99999994
511,169,walking,2021-05-07 10:48:36.683,2021-05-07 10:48:38.664,0.021,3,3,0.99999994,9.961494e-11,7.659346e-15,4.0879147e-08,0.99999994
511,169,walking,2021-05-07 10:48:37.683,2021-05-07 10:48:39.664,0.021,3,3,0.99999994,1.1292805e-10,1.1701272e-14,4.5814442e-08,0.99999994
511,169,walking,2021-05-07 10:48:38.683,2021-05-07 10:48:40.664,0.021,3,3,0.99999994,1.7935803e-10,2.3160457e-14,5.210831e-08,0.99999994
511,169,walking,2021-05-07 10:48:39.683,2021-05-07 10:48:41.664,0.021,3,3,0.999999,1.3522313e-09,5.4016405e-13,9.35051e-07,0.999999
511,169,walking,2021-05-07 10:48:40.683,2021-05-07 10:48:42.664,0.021,3,3,0.9999985,1.9092656e-09,7.973182e-13,1.3827511e-06,0.9999985
511,169,walking,2021-05-07 10:48:41.683,2021-05-07 10:48:43.664,0.021,3,3,0.9999986,2.0522422e-09,9.714913e-13,1.2716871e-06,0.9999986
511,169,walking,2021-05-07 10:48:42.683,2021-05-07 10:48:44.664,0.021,3,3,0.99999934,1.971979e-09,4.914435e-13,6.2714327e-07,0.99999934
511,169,walking,2021-05-07 10:48:43.683,2021-05-07 10:48:45.664,0.021,3,3,0.9999996,1.0227861e-09,2.3172745e-13,3.131212e-07,0.9999996
511,169,walking,2021-05-07 10:48:44.683,2021-05-07 10:48:46.664,0.021,3,3,0.9999997,5.172079e-10,1.8599275e-13,2.600361e-07,0.9999997
511,169,walking,2021-05-07 10:48:45.683,2021-05-07 10:48:47.664,0.021,3,3,0.9999997,3.6327563e-10,9.8744966e-14,1.8662905e-07,0.9999997
511,169,walking,2021-05-07 10:48:46.683,2021-05-07 10:48:48.664,0.021,3,3,0.9999996,5.8741395e-10,1.4692707e-13,3.7118414e-07,0.9999996
511,169,walking,2021-05-07 10:48:47.683,2021-05-07 10:48:49.664,0.021,3,3,0.9999998,1.3675505e-10,2.170534e-14,7.3811506e-08,0.9999998
511,169,walking,2021-05-07 10:48:48.683,2021-05-07 10:48:50.664,0.021,3,3,0.99999994,1.4145209e-10,2.1012956e-14,5.4803117e-08,0.99999994
511,169,walking,2021-05-07 10:48:49.683,2021-05-07 10:48:51.664,0.021,3,3,0.9999998,5.833388e-10,1.4784863e-13,1.2556227e-07,0.9999998
511,169,walking,2021-05-07 10:48:50.683,2021-05-07 10:48:52.664,0.021,3,3,0.9999997,7.978011e-10,2.3240513e-13,2.7709225e-07,0.9999997
511,169,walking,2021-05-07 10:48:51.683,2021-05-07 10:48:53.664,0.021,3,3,0.99999946,1.4485847e-09,6.8074707e-13,4.3225518e-07,0.99999946
511,169,walking,2021-05-07 10:48:52.683,2021-05-07 10:48:54.664,0.021,3,3,0.9999998,1.3595979e-09,3.0439215e-13,1.4544865e-07,0.9999998
511,169,walking,2021-05-07 10:48:53.683,2021-05-07 10:48:55.664,0.021,3,3,0.99999994,4.8411436e-10,6.872466e-14,5.7225524e-08,0.99999994
511,169,walking,2021-05-07 10:48:54.683,2021-05-07 10:48:56.664,0.021,3,3,0.99999994,9.107558e-11,1.3518216e-14,1.1898302e-08,0.99999994
511,169,walking,2021-05-07 10:48:55.683,2021-05-07 10:48:57.664,0.021,3,3,0.9999998,1.6072306e-10,5.249951e-14,7.313562e-08,0.9999998
511,169,walking,2021-05-07 10:48:56.683,2021-05-07 10:48:58.664,0.021,3,3,0.99999994,1.3125544e-10,2.1102925e-14,5.7633663e-08,0.99999994
511,169,walking,2021-05-07 10:48:57.683,2021-05-07 10:48:59.664,0.021,3,3,0.99999994,2.568225e-10,4.016044e-14,4.782448e-08,0.99999994
511,169,walking,2021-05-07 10:48:58.683,2021-05-07 10:49:00.664,0.021,3,3,0.9999998,3.5221576e-10,5.379393e-14,1.642911e-07,0.9999998
511,169,walking,2021-05-07 10:48:59.683,2021-05-07 10:49:01.664,0.021,3,3,0.99999946,1.0624931e-09,2.773261e-13,4.422472e-07,0.99999946
511,169,walking,2021-05-07 10:49:00.684,2021-05-07 10:49:02.664,0.021,3,3,0.9999998,6.1328886e-10,1.5489616e-13,1.6083249e-07,0.9999998
511,169,walking,2021-05-07 10:49:01.684,2021-05-07 10:49:03.664,0.021,3,3,0.9999998,3.941365e-10,6.071295e-14,1.0986414e-07,0.9999998
511,169,walking,2021-05-07 10:49:02.684,2021-05-07 10:49:04.664,0.021,3,3,0.99999994,1.0643144e-10,1.1883592e-14,4.502997e-08,0.99999994
511,169,walking,2021-05-07 10:49:03.684,2021-05-07 10:49:05.664,0.021,3,3,0.99999994,1.7974011e-11,2.1578071e-15,1.06396225e-08,0.99999994
511,169,walking,2021-05-07 10:49:04.684,2021-05-07 10:49:06.664,0.021,3,3,0.9999998,1.706599e-10,2.3976957e-14,7.80255e-08,0.9999998
511,169,walking,2021-05-07 10:49:05.684,2021-05-07 10:49:07.664,0.021,3,3,0.99999946,1.971776e-09,3.5955397e-13,4.6222013e-07,0.99999946
511,169,walking,2021-05-07 10:49:06.684,2021-05-07 10:49:08.663,0.021,3,3,0.99999946,1.5746477e-09,1.9608807e-13,4.5354074e-07,0.99999946
511,169,walking,2021-05-07 10:49:07.684,2021-05-07 10:49:09.663,0.021,3,3,0.9999998,3.0143738e-10,2.008898e-14,9.694423e-08,0.9999998
511,169,walking,2021-05-07 10:49:08.684,2021-05-07 10:49:10.663,0.021,3,3,0.9999998,2.4142488e-10,2.4602457e-14,9.7990295e-08,0.9999998
511,169,walking,2021-05-07 10:49:09.684,2021-05-07 10:49:11.663,0.021,3,3,0.9999996,5.421739e-10,1.7925886e-13,3.2395886e-07,0.9999996
511,169,walking,2021-05-07 10:49:10.684,2021-05-07 10:49:12.663,0.021,3,3,0.9999998,2.3028313e-10,6.531327e-14,1.3285704e-07,0.9999998
511,169,walking,2021-05-07 10:49:11.684,2021-05-07 10:49:13.663,0.021,3,3,0.9999997,5.3525784e-10,1.5031215e-13,2.0987092e-07,0.9999997
511,169,walking,2021-05-07 10:49:12.684,2021-05-07 10:49:14.663,0.021,3,3,0.99999934,9.591686e-10,2.4789554e-13,6.382398e-07,0.99999934
511,169,walking,2021-05-07 10:49:13.684,2021-05-07 10:49:15.663,0.021,3,3,0.9999998,2.7435876e-10,3.178758e-14,1.4414607e-07,0.9999998
511,169,walking,2021-05-07 10:49:14.684,2021-05-07 10:49:16.663,0.021,3,3,0.99999994,5.4269315e-11,3.565271e-15,1.3254112e-08,0.99999994
511,169,walking,2021-05-07 10:49:15.684,2021-05-07 10:49:17.663,0.021,3,3,0.99999994,6.188276e-11,2.852878e-15,6.933034e-09,0.99999994
511,169,walking,2021-05-07 10:49:16.684,2021-05-07 10:49:18.663,0.021,3,3,0.9999998,1.2621345e-09,9.8655364e-14,9.613459e-08,0.9999998
511,169,walking,2021-05-07 10:49:17.684,2021-05-07 10:49:19.663,0.021,3,3,0.999999,6.9800645e-09,9.593204e-13,9.829641e-07,0.999999
511,169,walking,2021-05-07 10:49:18.684,2021-05-07 10:49:20.663,0.021,3,3,0.99999815,9.728911e-09,1.9211486e-12,1.7665217e-06,0.99999815
511,169,walking,2021-05-07 10:49:19.684,2021-05-07 10:49:21.663,0.021,3,3,0.99999815,1.086917e-08,4.524486e-12,1.8038198e-06,0.99999815
511,169,walking,2021-05-07 10:49:20.684,2021-05-07 10:49:22.663,0.021,3,3,0.9999997,1.0364267e-09,8.3082835e-13,1.7852719e-07,0.9999997
511,169,walking,2021-05-07 10:49:21.684,2021-05-07 10:49:23.663,0.021,3,3,0.99999994,6.982687e-11,1.4818261e-13,1.2344485e-08,0.99999994
511,169,walking,2021-05-07 10:49:22.684,2021-05-07 10:49:24.663,0.021,3,3,0.99999994,2.2862709e-10,9.802145e-13,3.7767894e-08,0.99999994
511,169,walking,2021-05-07 10:49:23.684,2021-05-07 10:49:25.663,0.021,3,3,0.9999991,3.803931e-09,4.4273526e-11,7.898709e-07,0.9999991
511,169,walking,2021-05-07 10:49:24.684,2021-05-07 10:49:26.663,0.021,3,3,0.999957,1.907936e-07,1.8513788e-09,4.272317e-05,0.999957
511,169,walking,2021-05-07 10:49:25.684,2021-05-07 10:49:27.663,0.021,3,3,0.9995987,1.0520284e-06,8.7204155e-09,0.00040012226,0.9995987
511,169,walking,2021-05-07 10:49:26.684,2021-05-07 10:49:28.663,0.021,3,3,0.9999632,1.6782498e-07,8.5980145e-10,3.653671e-05,0.9999632
511,169,walking,2021-05-07 10:49:27.684,2021-05-07 10:49:29.663,0.021,3,3,0.99997896,1.2305775e-07,1.7497412e-10,2.0835416e-05,0.99997896
511,169,walking,2021-05-07 10:49:28.684,2021-05-07 10:49:30.663,0.021,3,3,0.9998176,1.0863814e-07,2.4305238e-10,0.00018231513,0.9998176
511,169,walking,2021-05-07 10:49:29.684,2021-05-07 10:49:31.663,0.021,3,3,0.99981713,7.9400415e-08,3.8249592e-10,0.00018277395,0.99981713
511,169,walking,2021-05-07 10:49:30.684,2021-05-07 10:49:32.664,0.021,3,3,0.99993414,1.09877035e-07,4.026111e-10,6.570341e-05,0.99993414
511,169,walking,2021-05-07 10:49:31.684,2021-05-07 10:49:33.664,0.021,3,3,0.9999582,8.303541e-08,3.5736553e-10,4.1669948e-05,0.9999582
511,169,walking,2021-05-07 10:49:32.683,2021-05-07 10:49:34.664,0.021,3,3,0.99986005,4.8814815e-07,2.0004483e-09,0.00013954152,0.99986005
511,169,walking,2021-05-07 10:49:33.683,2021-05-07 10:49:35.664,0.021,3,3,0.99988836,6.429387e-07,2.0691873e-09,0.00011088683,0.99988836
511,169,walking,2021-05-07 10:49:34.683,2021-05-07 10:49:36.664,0.021,3,3,0.9998572,4.254274e-07,3.6044554e-09,0.00014249484,0.9998572
511,169,walking,2021-05-07 10:49:35.683,2021-05-07 10:49:37.664,0.021,3,3,0.9999557,5.982912e-08,6.6281214e-10,4.418169e-05,0.9999557
511,169,walking,2021-05-07 10:49:36.683,2021-05-07 10:49:38.664,0.021,3,3,0.99999136,4.7971337e-08,2.673073e-09,8.530484e-06,0.99999136
511,169,walking,2021-05-07 10:49:37.683,2021-05-07 10:49:39.664,0.021,3,3,0.99998814,5.256799e-08,7.3663603e-10,1.1696403e-05,0.99998814
511,169,walking,2021-05-07 10:49:38.683,2021-05-07 10:49:40.664,0.021,3,3,0.99998826,3.4366348e-08,4.286984e-11,1.1624157e-05,0.99998826
511,169,walking,2021-05-07 10:49:39.683,2021-05-07 10:49:41.664,0.021,3,3,0.99972963,3.663405e-07,2.789258e-09,0.0002698683,0.99972963
511,169,walking,2021-05-07 10:49:40.683,2021-05-07 10:49:42.664,0.021,3,3,0.99979115,5.970281e-07,6.537059e-09,0.0002083503,0.99979115
511,169,walking,2021-05-07 10:49:41.683,2021-05-07 10:49:43.664,0.021,3,3,0.9999742,1.2772834e-06,1.4604252e-08,2.4512337e-05,0.9999742
511,169,walking,2021-05-07 10:49:42.683,2021-05-07 10:49:44.664,0.021,3,3,0.9998157,2.0247107e-06,7.123586e-09,0.00018240087,0.9998157
511,169,walking,2021-05-07 10:49:43.683,2021-05-07 10:49:45.664,0.021,3,3,0.97960174,4.154167e-06,2.9696077e-08,0.020394037,0.97960174
511,170,sitting,2021-05-07 10:49:47.683,2021-05-07 10:49:49.664,0.021,1,1,0.99689215,1.0432589e-05,0.99689215,9.401785e-05,0.0030034152
511,170,sitting,2021-05-07 10:49:48.683,2021-05-07 10:49:50.664,0.021,1,1,0.99874055,6.6867037e-06,0.99874055,8.325194e-05,0.0011695265
511,170,sitting,2021-05-07 10:49:49.683,2021-05-07 10:49:51.664,0.021,1,1,0.9989514,3.473218e-06,0.9989514,5.9163784e-05,0.000985962
511,170,sitting,2021-05-07 10:49:50.683,2021-05-07 10:49:52.664,0.021,1,1,0.99890554,1.5952297e-06,0.99890554,2.6037016e-05,0.0010668433
511,170,sitting,2021-05-07 10:49:51.683,2021-05-07 10:49:53.664,0.021,1,1,0.9989966,1.5554175e-06,0.9989966,3.3857857e-05,0.00096803857
511,170,sitting,2021-05-07 10:49:52.683,2021-05-07 10:49:54.664,0.021,1,1,0.99905497,1.1871325e-06,0.99905497,2.6511478e-05,0.00091728277
511,170,sitting,2021-05-07 10:49:53.683,2021-05-07 10:49:55.664,0.021,1,1,0.99904364,9.583667e-07,0.99904364,2.309131e-05,0.00093230046
511,170,sitting,2021-05-07 10:49:54.683,2021-05-07 10:49:56.664,0.021,1,1,0.9990244,1.1064055e-06,0.9990244,2.523519e-05,0.00094932603
511,170,sitting,2021-05-07 10:49:55.683,2021-05-07 10:49:57.664,0.021,1,1,0.9991225,1.2064262e-06,0.9991225,2.9410108e-05,0.00084684795
511,170,sitting,2021-05-07 10:49:56.683,2021-05-07 10:49:58.664,0.021,1,1,0.99915886,1.1329264e-06,0.99915886,2.9404502e-05,0.00081048685
511,170,sitting,2021-05-07 10:49:57.683,2021-05-07 10:49:59.664,0.021,1,1,0.99917316,9.840172e-07,0.99917316,2.3886936e-05,0.0008020183
511,170,sitting,2021-05-07 10:49:58.683,2021-05-07 10:50:00.664,0.021,1,1,0.9991917,8.647389e-07,0.9991917,2.0906835e-05,0.0007865129
511,170,sitting,2021-05-07 10:49:59.683,2021-05-07 10:50:01.664,0.021,1,1,0.9991778,8.667084e-07,0.9991778,2.0144282e-05,0.0008012544
511,170,sitting,2021-05-07 10:50:00.684,2021-05-07 10:50:02.664,0.021,1,1,0.99910253,6.6936354e-07,0.99910253,1.4593242e-05,0.00088212325
511,170,sitting,2021-05-07 10:50:01.684,2021-05-07 10:50:03.664,0.021,1,1,0.9988218,4.1692985e-07,0.9988218,7.672797e-06,0.0011700332
511,170,sitting,2021-05-07 10:50:02.684,2021-05-07 10:50:04.664,0.021,1,1,0.9984304,2.596751e-07,0.9984304,4.4312574e-06,0.0015650387
511,170,sitting,2021-05-07 10:50:03.684,2021-05-07 10:50:05.664,0.021,1,1,0.9836163,5.2461826e-07,0.9836163,3.6338984e-06,0.016379666
511,170,sitting,2021-05-07 10:50:04.684,2021-05-07 10:50:06.664,0.021,1,1,0.97341514,1.7109726e-06,0.97341514,6.1891815e-06,0.026577031
511,170,sitting,2021-05-07 10:50:05.684,2021-05-07 10:50:07.664,0.021,1,1,0.99838585,1.1825791e-06,0.99838585,1.0303172e-05,0.0016026694
511,170,sitting,2021-05-07 10:50:06.684,2021-05-07 10:50:08.663,0.021,1,1,0.9988341,1.4485741e-07,0.9988341,3.8837998e-06,0.0011618605
511,170,sitting,2021-05-07 10:50:07.684,2021-05-07 10:50:09.663,0.021,1,1,0.9997523,5.507482e-09,0.9997523,9.88002e-07,0.0002466986
511,170,sitting,2021-05-07 10:50:08.684,2021-05-07 10:50:10.663,0.021,1,1,0.99985194,4.7615876e-09,0.99985194,2.3555874e-06,0.00014582805
511,170,sitting,2021-05-07 10:50:09.684,2021-05-07 10:50:11.663,0.021,1,1,0.9994647,4.7331387e-08,0.9994647,3.8882e-05,0.0004964992
511,170,sitting,2021-05-07 10:50:10.684,2021-05-07 10:50:12.663,0.021,1,1,0.99897736,2.7969475e-07,0.99897736,6.171177e-05,0.00096078543
511,170,sitting,2021-05-07 10:50:11.684,2021-05-07 10:50:13.663,0.021,1,1,0.9989297,5.179636e-07,0.9989297,3.2189964e-05,0.0010376472
511,170,sitting,2021-05-07 10:50:12.684,2021-05-07 10:50:14.663,0.021,1,1,0.9993103,3.662249e-07,0.9993103,1.7694472e-05,0.0006716807
511,170,sitting,2021-05-07 10:50:13.684,2021-05-07 10:50:15.663,0.021,1,1,0.9993613,3.6864608e-07,0.9993613,1.6771437e-05,0.0006215296
511,170,sitting,2021-05-07 10:50:14.684,2021-05-07 10:50:16.663,0.021,1,1,0.9993837,3.4926336e-07,0.9993837,1.5619205e-05,0.0006003116
511,170,sitting,2021-05-07 10:50:15.684,2021-05-07 10:50:17.663,0.021,1,1,0.999387,3.1318498e-07,0.999387,1.4689875e-05,0.000597925
511,170,sitting,2021-05-07 10:50:16.684,2021-05-07 10:50:18.663,0.021,1,1,0.99936914,3.4069495e-07,0.99936914,1.5912565e-05,0.00061453687
511,170,sitting,2021-05-07 10:50:17.684,2021-05-07 10:50:19.663,0.021,1,1,0.99933416,3.6955936e-07,0.99933416,1.621797e-05,0.00064926373
511,170,sitting,2021-05-07 10:50:18.684,2021-05-07 10:50:20.663,0.021,1,1,0.99930173,4.4550418e-07,0.99930173,2.121606e-05,0.0006765919
511,170,sitting,2021-05-07 10:50:19.684,2021-05-07 10:50:21.663,0.021,1,1,0.9985302,2.9608727e-06,0.9985302,0.0001421549,0.001324699
511,170,sitting,2021-05-07 10:50:20.684,2021-05-07 10:50:22.663,0.021,1,1,0.99751174,2.5949903e-05,0.99751174,0.0012083292,0.0012540682
511,170,sitting,2021-05-07 10:50:21.684,2021-05-07 10:50:23.663,0.021,1,1,0.999059,7.3538054e-06,0.999059,0.00023955392,0.0006941563
511,170,sitting,2021-05-07 10:50:22.684,2021-05-07 10:50:24.663,0.021,1,1,0.99932414,9.4597124e-07,0.99932414,2.2741624e-05,0.00065210985
511,170,sitting,2021-05-07 10:50:23.684,2021-05-07 10:50:25.663,0.021,1,1,0.99942267,5.8204637e-07,0.99942267,1.5441607e-05,0.0005612752
511,170,sitting,2021-05-07 10:50:24.684,2021-05-07 10:50:26.663,0.021,1,1,0.99943256,6.251587e-07,0.99943256,1.6903263e-05,0.00055001193
511,170,sitting,2021-05-07 10:50:25.684,2021-05-07 10:50:27.663,0.021,1,1,0.9993552,8.3907145e-07,0.9993552,2.6888865e-05,0.00061701535
511,170,sitting,2021-05-07 10:50:26.684,2021-05-07 10:50:28.663,0.021,1,1,0.999319,9.724873e-07,0.999319,3.611632e-05,0.0006438314
511,170,sitting,2021-05-07 10:50:27.684,2021-05-07 10:50:29.663,0.021,1,1,0.9993387,9.016525e-07,0.9993387,3.1631218e-05,0.0006286373
511,170,sitting,2021-05-07 10:50:28.684,2021-05-07 10:50:30.663,0.021,1,1,0.9993058,8.47857e-07,0.9993058,2.9714145e-05,0.0006637739
511,170,sitting,2021-05-07 10:50:29.684,2021-05-07 10:50:31.663,0.021,1,1,0.9523709,2.7252918e-06,0.9523709,3.348816e-05,0.047592793
511,170,sitting,2021-05-07 10:50:30.684,2021-05-07 10:50:32.664,0.021,1,1,0.94040716,4.1846897e-06,0.94040716,3.8205828e-05,0.059550535
511,170,sitting,2021-05-07 10:50:31.684,2021-05-07 10:50:33.664,0.021,1,1,0.9990388,1.5193738e-06,0.9990388,3.014384e-05,0.000929569
511,170,sitting,2021-05-07 10:50:32.683,2021-05-07 10:50:34.664,0.021,1,1,0.9990707,1.3499066e-06,0.9990707,3.1846877e-05,0.00089625875
511,170,sitting,2021-05-07 10:50:33.683,2021-05-07 10:50:35.664,0.021,1,1,0.99908346,1.209043e-06,0.99908346,3.437564e-05,0.0008809244
511,170,sitting,2021-05-07 10:50:34.683,2021-05-07 10:50:36.664,0.021,1,1,0.9990873,1.3879394e-06,0.9990873,5.5725854e-05,0.0008556455
511,170,sitting,2021-05-07 10:50:35.683,2021-05-07 10:50:37.664,0.021,1,1,0.9991591,1.3753355e-06,0.9991591,6.033264e-05,0.0007790818
511,170,sitting,2021-05-07 10:50:36.683,2021-05-07 10:50:38.664,0.021,1,1,0.9992096,1.1067605e-06,0.9992096,4.6640616e-05,0.0007425441
511,170,sitting,2021-05-07 10:50:37.683,2021-05-07 10:50:39.664,0.021,1,1,0.9992589,1.1151641e-06,0.9992589,4.3861324e-05,0.0006962143
511,170,sitting,2021-05-07 10:50:38.683,2021-05-07 10:50:40.664,0.021,1,1,0.9992947,9.757504e-07,0.9992947,3.3205615e-05,0.00067110744
511,170,sitting,2021-05-07 10:50:39.683,2021-05-07 10:50:41.664,0.021,1,1,0.99925363,1.0404593e-06,0.99925363,3.383258e-05,0.0007113648
511,171,walking,2021-05-07 10:50:45.683,2021-05-07 10:50:47.664,0.021,3,3,0.9999992,1.8217458e-08,1.1047413e-10,6.656991e-07,0.9999992
511,171,walking,2021-05-07 10:50:46.683,2021-05-07 10:50:48.664,0.021,3,3,0.99998695,1.0221774e-07,2.102283e-10,1.2910239e-05,0.99998695
511,171,walking,2021-05-07 10:50:47.683,2021-05-07 10:50:49.664,0.021,3,3,0.99999994,4.2796913e-10,4.796778e-13,2.5254275e-08,0.99999994
511,171,walking,2021-05-07 10:50:48.683,2021-05-07 10:50:50.664,0.021,3,3,0.9999996,3.3380343e-09,6.065085e-12,3.2914835e-07,0.9999996
511,171,walking,2021-05-07 10:50:49.683,2021-05-07 10:50:51.664,0.021,3,3,0.99976563,3.1058812e-07,1.824793e-09,0.00023398444,0.99976563
511,171,walking,2021-05-07 10:50:50.683,2021-05-07 10:50:52.664,0.021,3,3,0.99992114,1.9507918e-07,4.5950627e-10,7.857104e-05,0.99992114
511,171,walking,2021-05-07 10:50:51.683,2021-05-07 10:50:53.664,0.021,3,3,0.99995047,1.6056677e-07,1.1348045e-09,4.9286944e-05,0.99995047
511,171,walking,2021-05-07 10:50:52.683,2021-05-07 10:50:54.664,0.021,3,3,0.99999374,1.7142547e-07,4.52645e-09,6.0387847e-06,0.99999374
511,171,walking,2021-05-07 10:50:53.683,2021-05-07 10:50:55.664,0.021,3,3,0.99999803,3.6151008e-08,1.127363e-10,1.8640632e-06,0.99999803
511,171,walking,2021-05-07 10:50:54.683,2021-05-07 10:50:56.664,0.021,3,3,0.99997646,6.9948506e-08,1.6337456e-10,2.3407294e-05,0.99997646
511,171,walking,2021-05-07 10:50:55.683,2021-05-07 10:50:57.664,0.021,3,3,0.9999992,4.3769206e-09,9.3006314e-12,7.6836625e-07,0.9999992
511,171,walking,2021-05-07 10:50:56.683,2021-05-07 10:50:58.664,0.021,3,3,0.99999887,7.453532e-09,1.8542817e-11,1.0836266e-06,0.99999887
511,171,walking,2021-05-07 10:50:57.683,2021-05-07 10:50:59.664,0.021,3,3,0.99999744,1.8839785e-08,2.074845e-11,2.5421282e-06,0.99999744
511,171,walking,2021-05-07 10:50:58.683,2021-05-07 10:51:00.664,0.021,3,3,0.99999946,4.836944e-09,4.8667446e-12,5.059728e-07,0.99999946
511,171,walking,2021-05-07 10:50:59.683,2021-05-07 10:51:01.664,0.021,3,3,0.9999997,3.0238188e-09,3.5742431e-12,2.0375616e-07,0.9999997
511,171,walking,2021-05-07 10:51:00.684,2021-05-07 10:51:02.664,0.021,3,3,0.9999986,1.1611917e-08,7.683257e-12,1.3254411e-06,0.9999986
511,171,walking,2021-05-07 10:51:01.684,2021-05-07 10:51:03.664,0.021,3,3,0.9999992,4.649549e-09,1.6220844e-12,7.041907e-07,0.9999992
511,171,walking,2021-05-07 10:51:02.684,2021-05-07 10:51:04.664,0.021,3,3,0.9999979,4.098241e-09,2.7082924e-12,2.03856e-06,0.9999979
511,171,walking,2021-05-07 10:51:03.684,2021-05-07 10:51:05.664,0.021,3,3,0.99999315,5.6009206e-09,9.562974e-12,6.835589e-06,0.99999315
511,171,walking,2021-05-07 10:51:04.684,2021-05-07 10:51:06.664,0.021,3,3,0.99999565,7.091462e-09,1.9472418e-11,4.3288246e-06,0.99999565
511,171,walking,2021-05-07 10:51:05.684,2021-05-07 10:51:07.664,0.021,3,3,0.9999986,1.15239915e-08,2.7394428e-10,1.2547516e-06,0.9999986
511,171,walking,2021-05-07 10:51:06.684,2021-05-07 10:51:08.663,0.021,3,3,0.9999998,1.2669033e-08,2.5945857e-10,1.1633262e-07,0.9999998
511,171,walking,2021-05-07 10:51:07.684,2021-05-07 10:51:09.663,0.021,3,3,0.9999965,4.3540712e-08,3.562821e-10,3.3789488e-06,0.9999965
511,171,walking,2021-05-07 10:51:08.684,2021-05-07 10:51:10.663,0.021,3,3,0.9993675,6.270107e-07,5.085009e-09,0.0006319028,0.9993675
511,171,walking,2021-05-07 10:51:09.684,2021-05-07 10:51:11.663,0.021,3,3,0.9955574,3.2495188e-06,9.12854e-08,0.0044392413,0.9955574
511,171,walking,2021-05-07 10:51:10.684,2021-05-07 10:51:12.663,0.021,3,3,0.9999384,1.042365e-07,3.0350276e-09,6.144007e-05,0.9999384
511,171,walking,2021-05-07 10:51:11.684,2021-05-07 10:51:13.663,0.021,3,3,0.9999563,2.6142172e-07,5.586556e-09,4.3321917e-05,0.9999563
511,171,walking,2021-05-07 10:51:12.684,2021-05-07 10:51:14.663,0.021,3,3,0.9999581,8.84317e-08,4.9915994e-10,4.169765e-05,0.9999581
511,171,walking,2021-05-07 10:51:13.684,2021-05-07 10:51:15.663,0.021,3,3,0.9995332,8.7048886e-07,7.2671047e-09,0.00046594138,0.9995332
511,171,walking,2021-05-07 10:51:14.684,2021-05-07 10:51:16.663,0.021,3,3,0.99998873,3.2498392e-07,5.755335e-09,1.0826927e-05,0.99998873
511,171,walking,2021-05-07 10:51:15.684,2021-05-07 10:51:17.663,0.021,3,3,0.99999124,3.671769e-07,3.703077e-09,8.337302e-06,0.99999124
511,171,walking,2021-05-07 10:51:16.684,2021-05-07 10:51:18.663,0.021,3,3,0.9999352,4.9734984e-07,2.3884654e-08,6.415748e-05,0.9999352
511,171,walking,2021-05-07 10:51:17.684,2021-05-07 10:51:19.663,0.021,3,3,0.9999834,2.7337316e-07,5.2503584e-09,1.6336442e-05,0.9999834
511,171,walking,2021-05-07 10:51:18.684,2021-05-07 10:51:20.663,0.021,3,3,0.9999997,2.0442796e-08,6.854191e-10,1.7914545e-07,0.9999997
511,171,walking,2021-05-07 10:51:19.684,2021-05-07 10:51:21.663,0.021,3,3,0.9999966,1.7941589e-07,3.409605e-09,3.202892e-06,0.9999966
511,171,walking,2021-05-07 10:51:20.684,2021-05-07 10:51:22.663,0.021,3,3,0.9999053,3.425828e-07,2.9807141e-09,9.42532e-05,0.9999053
511,171,walking,2021-05-07 10:51:21.684,2021-05-07 10:51:23.663,0.021,3,3,0.9999911,4.5139817e-08,6.325051e-10,8.786625e-06,0.9999911
511,171,walking,2021-05-07 10:51:22.684,2021-05-07 10:51:24.663,0.021,3,3,0.9999998,4.011866e-09,1.704257e-10,6.951044e-08,0.9999998
511,171,walking,2021-05-07 10:51:23.684,2021-05-07 10:51:25.663,0.021,3,3,0.99999994,4.16089e-09,7.0711846e-11,1.3562783e-08,0.99999994
511,171,walking,2021-05-07 10:51:24.684,2021-05-07 10:51:26.663,0.021,3,3,0.99999434,2.3407934e-07,3.5288508e-09,5.368413e-06,0.99999434
511,171,walking,2021-05-07 10:51:25.684,2021-05-07 10:51:27.663,0.021,3,3,0.99998325,5.6840467e-08,1.2707103e-09,1.6586264e-05,0.99998325
511,171,walking,2021-05-07 10:51:26.684,2021-05-07 10:51:28.663,0.021,3,3,0.9999978,4.7549578e-09,4.390296e-11,2.1875978e-06,0.9999978
511,171,walking,2021-05-07 10:51:27.684,2021-05-07 10:51:29.663,0.021,3,3,0.99999756,1.7165931e-08,2.6065786e-10,2.3175435e-06,0.99999756
511,171,walking,2021-05-07 10:51:28.684,2021-05-07 10:51:30.663,0.021,3,3,0.9999996,2.3013797e-08,7.736491e-10,3.7347831e-07,0.9999996
511,171,walking,2021-05-07 10:51:29.684,2021-05-07 10:51:31.663,0.021,3,3,0.99999934,5.384868e-08,2.5164095e-09,5.93332e-07,0.99999934
511,171,walking,2021-05-07 10:51:30.684,2021-05-07 10:51:32.664,0.021,3,3,0.9999806,2.5799525e-07,9.017956e-09,1.9046742e-05,0.9999806
511,171,walking,2021-05-07 10:51:31.684,2021-05-07 10:51:33.664,0.021,3,3,0.9998848,1.4535982e-07,1.6659562e-09,0.00011499803,0.9998848
511,171,walking,2021-05-07 10:51:32.683,2021-05-07 10:51:34.664,0.021,3,3,0.999909,1.2886096e-07,2.781438e-09,9.081372e-05,0.999909
511,171,walking,2021-05-07 10:51:33.683,2021-05-07 10:51:35.664,0.021,3,3,0.9999977,4.9792877e-08,5.4684244e-09,2.2030545e-06,0.9999977
511,171,walking,2021-05-07 10:51:34.683,2021-05-07 10:51:36.664,0.021,3,3,0.9999984,1.67293e-07,3.5894605e-08,1.3887003e-06,0.9999984
511,171,walking,2021-05-07 10:51:35.683,2021-05-07 10:51:37.664,0.021,3,3,0.99994713,3.0108527e-07,8.657551e-09,5.255369e-05,0.99994713
511,171,walking,2021-05-07 10:51:36.683,2021-05-07 10:51:38.664,0.021,3,3,0.9998419,6.786845e-07,1.9492937e-08,0.00015741304,0.9998419
511,171,walking,2021-05-07 10:51:37.683,2021-05-07 10:51:39.664,0.021,3,3,0.9999915,1.5369052e-07,1.4120223e-08,8.309346e-06,0.9999915
511,171,walking,2021-05-07 10:51:38.683,2021-05-07 10:51:40.664,0.021,3,3,0.99998826,7.6425795e-07,1.318186e-07,1.0732169e-05,0.99998826
511,171,walking,2021-05-07 10:51:39.683,2021-05-07 10:51:41.664,0.021,3,3,0.99983835,6.85243e-07,4.0269352e-08,0.00016096034,0.99983835
511,171,walking,2021-05-07 10:51:40.683,2021-05-07 10:51:42.664,0.021,3,3,0.9998943,5.5142516e-07,2.2488264e-08,0.00010503674,0.9998943
511,171,walking,2021-05-07 10:51:41.683,2021-05-07 10:51:43.664,0.021,3,3,0.9999996,3.486595e-08,5.418557e-09,3.3274094e-07,0.9999996
511,171,walking,2021-05-07 10:51:42.683,2021-05-07 10:51:44.664,0.021,3,3,0.99999887,2.0520528e-07,1.4774286e-08,8.9685045e-07,0.99999887
511,171,walking,2021-05-07 10:51:43.683,2021-05-07 10:51:45.664,0.021,3,3,0.99981856,1.185906e-06,3.3068776e-08,0.00018025795,0.99981856
511,171,walking,2021-05-07 10:51:44.683,2021-05-07 10:51:46.664,0.021,3,3,0.99995667,4.4244973e-07,1.0437603e-08,4.282575e-05,0.99995667
511,171,walking,2021-05-07 10:51:45.683,2021-05-07 10:51:47.664,0.021,3,3,0.9999991,3.3172864e-08,2.1251605e-09,8.355128e-07,0.9999991
511,171,walking,2021-05-07 10:51:46.683,2021-05-07 10:51:48.664,0.021,3,3,0.99999255,2.9427943e-07,1.2109165e-08,7.0974456e-06,0.99999255
511,171,walking,2021-05-07 10:51:47.683,2021-05-07 10:51:49.664,0.021,3,3,0.999891,5.3196106e-07,6.0451955e-09,0.00010835417,0.999891
511,171,walking,2021-05-07 10:51:48.683,2021-05-07 10:51:50.664,0.021,3,3,0.9990125,3.2344701e-06,1.742866e-07,0.0009840678,0.9990125
511,171,walking,2021-05-07 10:51:49.683,2021-05-07 10:51:51.664,0.021,3,3,0.9999785,3.3070611e-07,2.5498885e-08,2.1124397e-05,0.9999785
511,171,walking,2021-05-07 10:51:50.683,2021-05-07 10:51:52.664,0.021,3,3,0.99973476,4.8743555e-06,1.409476e-07,0.00026014246,0.99973476
511,171,walking,2021-05-07 10:51:51.683,2021-05-07 10:51:53.664,0.021,3,3,0.999638,1.2425955e-06,2.8397514e-08,0.00036061206,0.999638
511,171,walking,2021-05-07 10:51:52.683,2021-05-07 10:51:54.664,0.021,3,3,0.9991318,1.8253248e-06,4.3773653e-08,0.00086626655,0.9991318
511,171,walking,2021-05-07 10:51:53.683,2021-05-07 10:51:55.664,0.021,3,3,0.99988467,6.04946e-07,2.59726e-08,0.00011464247,0.99988467
511,171,walking,2021-05-07 10:51:54.683,2021-05-07 10:51:56.664,0.021,3,3,0.9991586,1.0143752e-06,1.3385347e-08,0.0008403406,0.9991586
511,171,walking,2021-05-07 10:51:55.683,2021-05-07 10:51:57.664,0.021,3,3,0.99947685,4.8659575e-07,3.892298e-09,0.0005225345,0.99947685
511,171,walking,2021-05-07 10:51:56.683,2021-05-07 10:51:58.664,0.021,3,3,0.9999748,5.6084637e-08,3.7016723e-10,2.5142584e-05,0.9999748
511,171,walking,2021-05-07 10:51:57.683,2021-05-07 10:51:59.664,0.021,3,3,0.99992365,8.197495e-07,6.8960535e-09,7.5497555e-05,0.99992365
511,171,walking,2021-05-07 10:51:58.683,2021-05-07 10:52:00.664,0.021,3,3,0.99988204,4.0380544e-07,1.7000931e-09,0.00011748278,0.99988204
511,171,walking,2021-05-07 10:51:59.683,2021-05-07 10:52:01.664,0.021,3,3,0.998367,9.960294e-07,1.2713192e-08,0.0016320492,0.998367
511,171,walking,2021-05-07 10:52:00.684,2021-05-07 10:52:02.664,0.021,3,3,0.999945,6.5898874e-08,9.65828e-10,5.4869743e-05,0.999945
511,171,walking,2021-05-07 10:52:01.684,2021-05-07 10:52:03.664,0.021,3,3,0.9999158,3.084238e-07,3.3828818e-09,8.384012e-05,0.9999158
511,171,walking,2021-05-07 10:52:02.684,2021-05-07 10:52:04.664,0.021,3,3,0.99992067,1.4169235e-07,7.271361e-10,7.908265e-05,0.99992067
511,171,walking,2021-05-07 10:52:03.684,2021-05-07 10:52:05.664,0.021,3,3,0.9999687,4.9737523e-08,3.2831854e-10,3.11865e-05,0.9999687
511,171,walking,2021-05-07 10:52:04.684,2021-05-07 10:52:06.664,0.021,3,3,0.999975,4.1184283e-08,3.0526418e-10,2.4859413e-05,0.999975
511,171,walking,2021-05-07 10:52:05.684,2021-05-07 10:52:07.664,0.021,3,3,0.9999332,1.7739421e-07,8.2433127e-10,6.6523884e-05,0.9999332
511,171,walking,2021-05-07 10:52:06.684,2021-05-07 10:52:08.663,0.021,3,3,0.9999842,8.187846e-08,2.2042267e-10,1.5654829e-05,0.9999842
511,171,walking,2021-05-07 10:52:07.684,2021-05-07 10:52:09.663,0.021,3,3,0.99974835,1.0391266e-06,3.449578e-09,0.00025051707,0.99974835
511,171,walking,2021-05-07 10:52:08.684,2021-05-07 10:52:10.663,0.021,3,3,0.99796927,1.0350058e-06,8.634149e-09,0.002029643,0.99796927
511,171,walking,2021-05-07 10:52:09.684,2021-05-07 10:52:11.663,0.021,3,3,0.9974141,8.222221e-07,7.0216997e-09,0.00258501,0.9974141
511,171,walking,2021-05-07 10:52:10.684,2021-05-07 10:52:12.663,0.021,3,3,0.9986427,3.3383333e-06,3.3757104e-08,0.0013538869,0.9986427
511,171,walking,2021-05-07 10:52:11.684,2021-05-07 10:52:13.663,0.021,3,3,0.9973216,7.849817e-06,8.8459004e-08,0.002670524,0.9973216
511,171,walking,2021-05-07 10:52:12.684,2021-05-07 10:52:14.663,0.021,3,3,0.99934185,8.7027576e-07,8.224297e-09,0.00065715524,0.99934185
511,171,walking,2021-05-07 10:52:13.684,2021-05-07 10:52:15.663,0.021,3,3,0.9985676,4.8871675e-07,3.90976e-09,0.0014318982,0.9985676
511,171,walking,2021-05-07 10:52:14.684,2021-05-07 10:52:16.663,0.021,3,3,0.9998653,3.7635553e-07,1.3794328e-09,0.00013430338,0.9998653
511,171,walking,2021-05-07 10:52:15.684,2021-05-07 10:52:17.663,0.021,3,3,0.9998357,3.7129007e-07,1.6221805e-09,0.00016381257,0.9998357
511,171,walking,2021-05-07 10:52:16.684,2021-05-07 10:52:18.663,0.021,3,3,0.99964803,4.3528968e-07,2.467139e-09,0.00035163187,0.99964803
511,171,walking,2021-05-07 10:52:17.684,2021-05-07 10:52:19.663,0.021,3,3,0.9987544,6.039724e-07,2.629183e-09,0.0012450649,0.9987544
511,171,walking,2021-05-07 10:52:18.684,2021-05-07 10:52:20.663,0.021,3,3,0.99856544,4.5004953e-07,3.1482077e-09,0.001434079,0.99856544
511,171,walking,2021-05-07 10:52:19.684,2021-05-07 10:52:21.663,0.021,3,3,0.9998818,1.2344671e-07,3.595122e-10,0.00011800118,0.9998818
511,171,walking,2021-05-07 10:52:20.684,2021-05-07 10:52:22.663,0.021,3,3,0.9999363,2.1025004e-07,6.666904e-10,6.338614e-05,0.9999363
511,171,walking,2021-05-07 10:52:21.684,2021-05-07 10:52:23.663,0.021,3,3,0.99989563,2.3048797e-07,6.512015e-10,0.00010409035,0.99989563
511,171,walking,2021-05-07 10:52:22.684,2021-05-07 10:52:24.663,0.021,3,3,0.9998867,1.1922334e-07,4.2390516e-10,0.000113142945,0.9998867
511,171,walking,2021-05-07 10:52:23.684,2021-05-07 10:52:25.663,0.021,3,3,0.9996914,2.1160729e-07,5.954563e-10,0.00030830625,0.9996914
511,171,walking,2021-05-07 10:52:24.684,2021-05-07 10:52:26.663,0.021,3,3,0.9998493,7.001943e-08,1.09555344e-10,0.0001507562,0.9998493
511,171,walking,2021-05-07 10:52:25.684,2021-05-07 10:52:27.663,0.021,3,3,0.999947,1.7048384e-08,1.4541294e-11,5.2960007e-05,0.999947
511,171,walking,2021-05-07 10:52:26.684,2021-05-07 10:52:28.663,0.021,3,3,0.999983,1.663977e-08,1.1735402e-11,1.6852391e-05,0.999983
511,171,walking,2021-05-07 10:52:27.684,2021-05-07 10:52:29.663,0.021,3,3,0.9999637,8.514553e-08,1.5974114e-10,3.620499e-05,0.9999637
511,171,walking,2021-05-07 10:52:28.684,2021-05-07 10:52:30.663,0.021,3,3,0.9999793,1.7301875e-07,3.0881203e-10,2.049187e-05,0.9999793
511,171,walking,2021-05-07 10:52:29.684,2021-05-07 10:52:31.663,0.021,3,3,0.99997705,1.5987199e-07,2.8130465e-10,2.2676759e-05,0.99997705
511,171,walking,2021-05-07 10:52:30.684,2021-05-07 10:52:32.664,0.021,3,3,0.99988467,2.2844569e-07,6.525023e-10,0.000115038274,0.99988467
511,171,walking,2021-05-07 10:52:31.684,2021-05-07 10:52:33.664,0.021,3,3,0.999876,2.6221693e-07,6.210025e-10,0.0001236624,0.999876
511,171,walking,2021-05-07 10:52:32.683,2021-05-07 10:52:34.664,0.021,3,3,0.9996454,3.898033e-07,1.1780243e-09,0.00035420668,0.9996454
511,171,walking,2021-05-07 10:52:33.683,2021-05-07 10:52:35.664,0.021,3,3,0.9992215,1.4920313e-07,5.9963967e-10,0.0007783232,0.9992215
511,171,walking,2021-05-07 10:52:34.683,2021-05-07 10:52:36.664,0.021,3,3,0.9999041,7.8119875e-08,1.7851291e-10,9.5704854e-05,0.9999041
511,171,walking,2021-05-07 10:52:35.683,2021-05-07 10:52:37.664,0.021,3,3,0.99996334,1.393472e-07,4.2752107e-10,3.6441328e-05,0.99996334
511,171,walking,2021-05-07 10:52:36.683,2021-05-07 10:52:38.664,0.021,3,3,0.9999594,1.7739548e-07,3.3853192e-10,4.0353105e-05,0.9999594
511,171,walking,2021-05-07 10:52:37.683,2021-05-07 10:52:39.664,0.021,3,3,0.9999667,1.11977315e-07,2.5830985e-10,3.314657e-05,0.9999667
511,171,walking,2021-05-07 10:52:38.683,2021-05-07 10:52:40.664,0.021,3,3,0.99978733,5.293877e-07,2.729921e-09,0.00021213955,0.99978733
511,171,walking,2021-05-07 10:52:39.683,2021-05-07 10:52:41.664,0.021,3,3,0.9990838,6.4688345e-07,3.5505727e-09,0.00091562374,0.9990838
511,171,walking,2021-05-07 10:52:40.683,2021-05-07 10:52:42.664,0.021,3,3,0.99976325,2.4493355e-07,1.0485978e-09,0.00023647393,0.99976325
511,171,walking,2021-05-07 10:52:41.683,2021-05-07 10:52:43.664,0.021,3,3,0.9999253,1.03005036e-07,5.4301635e-10,7.4463846e-05,0.9999253
511,171,walking,2021-05-07 10:52:42.683,2021-05-07 10:52:44.664,0.021,3,3,0.999789,4.522175e-07,1.5085543e-09,0.000210676,0.999789
511,171,walking,2021-05-07 10:52:43.683,2021-05-07 10:52:45.664,0.021,3,3,0.99995095,1.1918462e-07,2.2591838e-10,4.886006e-05,0.99995095
511,171,walking,2021-05-07 10:52:44.683,2021-05-07 10:52:46.664,0.021,3,3,0.9999086,1.845636e-07,6.97947e-10,9.1065456e-05,0.9999086
511,171,walking,2021-05-07 10:52:45.683,2021-05-07 10:52:47.664,0.021,3,3,0.9997604,4.888094e-07,1.6453096e-09,0.00023924156,0.9997604
511,171,walking,2021-05-07 10:52:46.683,2021-05-07 10:52:48.664,0.021,3,3,0.9987027,3.5891009e-07,9.977957e-10,0.0012970099,0.9987027
511,171,walking,2021-05-07 10:52:47.683,2021-05-07 10:52:49.664,0.021,3,3,0.9995007,1.5837216e-07,5.427206e-10,0.00049916777,0.9995007
511,171,walking,2021-05-07 10:52:48.683,2021-05-07 10:52:50.664,0.021,3,3,0.99985003,1.5392942e-07,5.3945953e-10,0.00014988841,0.99985003
511,171,walking,2021-05-07 10:52:49.683,2021-05-07 10:52:51.664,0.021,3,3,0.9999302,1.13475444e-07,3.4666486e-10,6.966086e-05,0.9999302
511,171,walking,2021-05-07 10:52:50.683,2021-05-07 10:52:52.664,0.021,3,3,0.9999822,7.968937e-08,1.1405991e-10,1.7678612e-05,0.9999822
511,171,walking,2021-05-07 10:52:51.683,2021-05-07 10:52:53.664,0.021,3,3,0.99997526,8.073805e-08,1.361653e-10,2.4623398e-05,0.99997526
511,171,walking,2021-05-07 10:52:52.683,2021-05-07 10:52:54.664,0.021,3,3,0.9999736,6.593194e-08,1.0125319e-10,2.6250325e-05,0.9999736
511,171,walking,2021-05-07 10:52:53.683,2021-05-07 10:52:55.664,0.021,3,3,0.9999612,8.440105e-08,1.3311398e-10,3.862561e-05,0.9999612
511,171,walking,2021-05-07 10:52:54.683,2021-05-07 10:52:56.664,0.021,3,3,0.9994597,3.3801174e-07,8.583021e-10,0.0005399561,0.9994597
511,171,walking,2021-05-07 10:52:55.683,2021-05-07 10:52:57.664,0.021,3,3,0.9995432,1.1113619e-07,3.3056732e-10,0.00045673846,0.9995432
511,171,walking,2021-05-07 10:52:56.683,2021-05-07 10:52:58.664,0.021,3,3,0.999851,1.0420353e-07,2.909586e-10,0.00014905323,0.999851
511,171,walking,2021-05-07 10:52:57.683,2021-05-07 10:52:59.664,0.021,3,3,0.9999384,6.5252436e-08,2.1334168e-10,6.1390754e-05,0.9999384
511,171,walking,2021-05-07 10:52:58.683,2021-05-07 10:53:00.664,0.021,3,3,0.9999648,1.2818981e-07,2.0191265e-10,3.5025052e-05,0.9999648
511,171,walking,2021-05-07 10:52:59.683,2021-05-07 10:53:01.664,0.021,3,3,0.9999849,5.1973227e-08,5.850658e-11,1.495995e-05,0.9999849
511,171,walking,2021-05-07 10:53:00.684,2021-05-07 10:53:02.664,0.021,3,3,0.9999364,5.70595e-08,6.814597e-11,6.352146e-05,0.9999364
511,171,walking,2021-05-07 10:53:01.684,2021-05-07 10:53:03.664,0.021,3,3,0.9995644,1.8830055e-07,3.5768433e-10,0.00043546694,0.9995644
511,171,walking,2021-05-07 10:53:02.684,2021-05-07 10:53:04.664,0.021,3,3,0.99907786,2.245346e-07,9.461056e-10,0.00092199293,0.99907786
511,171,walking,2021-05-07 10:53:03.684,2021-05-07 10:53:05.664,0.021,3,3,0.99980617,1.2549008e-07,3.86903e-10,0.00019374189,0.99980617
511,171,walking,2021-05-07 10:53:04.684,2021-05-07 10:53:06.664,0.021,3,3,0.99994,1.12776156e-07,3.6989675e-10,5.9810125e-05,0.99994
511,171,walking,2021-05-07 10:53:05.684,2021-05-07 10:53:07.664,0.021,3,3,0.999968,9.325335e-08,1.7167173e-10,3.1908083e-05,0.999968
511,171,walking,2021-05-07 10:53:06.684,2021-05-07 10:53:08.663,0.021,3,3,0.99988085,2.527735e-07,7.1609113e-10,0.000118878255,0.99988085
511,171,walking,2021-05-07 10:53:07.684,2021-05-07 10:53:09.663,0.021,3,3,0.99950284,4.3459352e-07,1.1758496e-09,0.0004967988,0.99950284
511,171,walking,2021-05-07 10:53:08.684,2021-05-07 10:53:10.663,0.021,3,3,0.9993478,3.582696e-07,1.6026123e-09,0.00065173645,0.9993478
511,171,walking,2021-05-07 10:53:09.684,2021-05-07 10:53:11.663,0.021,3,3,0.9997015,1.9643484e-07,8.81333e-10,0.00029819823,0.9997015
511,171,walking,2021-05-07 10:53:10.684,2021-05-07 10:53:12.663,0.021,3,3,0.99988467,2.408465e-07,1.1337433e-09,0.000114979375,0.99988467
511,171,walking,2021-05-07 10:53:11.684,2021-05-07 10:53:13.663,0.021,3,3,0.9998009,5.242962e-07,2.6943063e-09,0.0001986556,0.9998009
511,171,walking,2021-05-07 10:53:12.684,2021-05-07 10:53:14.663,0.021,3,3,0.9993936,4.2891608e-07,2.6569926e-09,0.00060601573,0.9993936
511,171,walking,2021-05-07 10:53:13.684,2021-05-07 10:53:15.663,0.021,3,3,0.9985825,4.2219332e-07,1.7159982e-09,0.0014170571,0.9985825
511,171,walking,2021-05-07 10:53:14.684,2021-05-07 10:53:16.663,0.021,3,3,0.9995796,1.6540592e-07,7.435398e-10,0.00042017378,0.9995796
511,171,walking,2021-05-07 10:53:15.684,2021-05-07 10:53:17.663,0.021,3,3,0.9999623,4.7327408e-08,5.6833333e-11,3.7636913e-05,0.9999623
511,171,walking,2021-05-07 10:53:16.684,2021-05-07 10:53:18.663,0.021,3,3,0.9999797,3.8207506e-08,5.5180253e-11,2.017984e-05,0.9999797
511,171,walking,2021-05-07 10:53:17.684,2021-05-07 10:53:19.663,0.021,3,3,0.99993736,1.0346034e-07,3.2185626e-10,6.241767e-05,0.99993736
511,171,walking,2021-05-07 10:53:18.684,2021-05-07 10:53:20.663,0.021,3,3,0.99987555,3.814144e-07,2.573904e-09,0.00012406941,0.99987555
511,171,walking,2021-05-07 10:53:19.684,2021-05-07 10:53:21.663,0.021,3,3,0.99997634,8.3412964e-08,3.103197e-10,2.3525903e-05,0.99997634
511,171,walking,2021-05-07 10:53:20.684,2021-05-07 10:53:22.663,0.021,3,3,0.999994,2.6142192e-08,5.949594e-11,5.876102e-06,0.999994
511,171,walking,2021-05-07 10:53:21.684,2021-05-07 10:53:23.663,0.021,3,3,0.9999983,3.4605065e-08,2.9562242e-10,1.6673289e-06,0.9999983
511,171,walking,2021-05-07 10:53:22.684,2021-05-07 10:53:24.663,0.021,3,3,0.999999,3.3381614e-08,1.1084473e-10,9.251203e-07,0.999999
511,171,walking,2021-05-07 10:53:23.684,2021-05-07 10:53:25.663,0.021,3,3,0.9999965,3.4637097e-08,9.199253e-11,3.422834e-06,0.9999965
511,171,walking,2021-05-07 10:53:24.684,2021-05-07 10:53:26.663,0.021,3,3,0.9999965,1.1538768e-08,7.487843e-12,3.4096e-06,0.9999965
511,171,walking,2021-05-07 10:53:25.684,2021-05-07 10:53:27.663,0.021,3,3,0.99998957,2.3947992e-08,2.3360298e-11,1.0328406e-05,0.99998957
511,171,walking,2021-05-07 10:53:26.684,2021-05-07 10:53:28.663,0.021,3,3,0.9999961,7.987396e-09,1.5501572e-11,3.8569624e-06,0.9999961
511,171,walking,2021-05-07 10:53:27.684,2021-05-07 10:53:29.663,0.021,3,3,0.9999959,1.3736951e-08,3.886554e-11,3.9933625e-06,0.9999959
511,171,walking,2021-05-07 10:53:28.684,2021-05-07 10:53:30.663,0.021,3,3,0.999993,3.329189e-08,1.3772843e-10,6.8392465e-06,0.999993
511,171,walking,2021-05-07 10:53:29.684,2021-05-07 10:53:31.663,0.021,3,3,0.9999756,1.4474331e-07,5.1009663e-10,2.4131768e-05,0.9999756
511,171,walking,2021-05-07 10:53:30.684,2021-05-07 10:53:32.664,0.021,3,3,0.9999952,5.0477706e-08,8.692043e-11,4.737788e-06,0.9999952
511,171,walking,2021-05-07 10:53:31.684,2021-05-07 10:53:33.664,0.021,3,3,0.9999952,2.512223e-08,1.4943173e-11,4.6881405e-06,0.9999952
511,171,walking,2021-05-07 10:53:32.683,2021-05-07 10:53:34.664,0.021,3,3,0.9999966,5.58806e-09,2.8261401e-12,3.321897e-06,0.9999966
511,171,walking,2021-05-07 10:53:33.683,2021-05-07 10:53:35.664,0.021,3,3,0.9999878,2.7102649e-08,7.848655e-11,1.2124958e-05,0.9999878
511,171,walking,2021-05-07 10:53:34.683,2021-05-07 10:53:36.664,0.021,3,3,0.9999922,7.654087e-08,2.9072228e-10,7.696858e-06,0.9999922
511,171,walking,2021-05-07 10:53:35.683,2021-05-07 10:53:37.664,0.021,3,3,0.9999451,3.3840945e-07,8.251292e-10,5.4511693e-05,0.9999451
511,171,walking,2021-05-07 10:53:36.683,2021-05-07 10:53:38.664,0.021,3,3,0.99955046,3.4101097e-07,7.901571e-10,0.00044920054,0.99955046
511,171,walking,2021-05-07 10:53:37.683,2021-05-07 10:53:39.664,0.021,3,3,0.99971664,2.715888e-07,1.2281434e-09,0.0002830258,0.99971664
511,171,walking,2021-05-07 10:53:38.683,2021-05-07 10:53:40.664,0.021,3,3,0.99996394,6.823353e-08,2.569225e-10,3.5964484e-05,0.99996394
511,171,walking,2021-05-07 10:53:39.683,2021-05-07 10:53:41.664,0.021,3,3,0.9999804,9.847027e-08,2.81083e-10,1.9411735e-05,0.9999804
511,171,walking,2021-05-07 10:53:40.683,2021-05-07 10:53:42.664,0.021,3,3,0.9999495,1.7151338e-07,6.3628536e-10,5.0275867e-05,0.9999495
511,171,walking,2021-05-07 10:53:41.683,2021-05-07 10:53:43.664,0.021,3,3,0.99983215,1.6262364e-07,5.627781e-10,0.00016773923,0.99983215
511,171,walking,2021-05-07 10:53:42.683,2021-05-07 10:53:44.664,0.021,3,3,0.99763393,1.322201e-06,1.776952e-08,0.0023646625,0.99763393
511,171,walking,2021-05-07 10:53:43.683,2021-05-07 10:53:45.664,0.021,3,3,0.99997205,7.313819e-08,4.4595078e-10,2.7795322e-05,0.99997205
511,171,walking,2021-05-07 10:53:44.683,2021-05-07 10:53:46.664,0.021,3,3,0.9999457,2.874213e-07,1.1995037e-09,5.390558e-05,0.9999457
511,171,walking,2021-05-07 10:53:45.683,2021-05-07 10:53:47.664,0.021,3,3,0.99898684,6.210835e-07,4.557636e-09,0.001012404,0.99898684
511,171,walking,2021-05-07 10:53:46.683,2021-05-07 10:53:48.664,0.021,3,3,0.99381566,1.8192335e-06,2.4861444e-08,0.006182537,0.99381566
511,171,walking,2021-05-07 10:53:47.683,2021-05-07 10:53:49.664,0.021,3,3,0.99759066,1.4330998e-06,2.2803865e-08,0.002407961,0.99759066
511,171,walking,2021-05-07 10:53:48.683,2021-05-07 10:53:50.664,0.021,3,3,0.9910981,4.493534e-06,7.6095596e-08,0.00889733,0.9910981
511,171,walking,2021-05-07 10:53:49.683,2021-05-07 10:53:51.664,0.021,3,3,0.985603,3.98091e-06,6.597657e-08,0.014392912,0.985603
511,171,walking,2021-05-07 10:53:50.683,2021-05-07 10:53:52.664,0.021,3,3,0.99987626,1.9848315e-07,1.6143507e-09,0.00012362741,0.99987626
511,173,standing,2021-05-07 10:53:54.723,2021-05-07 10:53:56.703,0.021,2,2,0.9856361,2.5083648e-06,3.8624862e-07,0.9856361,0.014360943
511,173,standing,2021-05-07 10:53:55.723,2021-05-07 10:53:57.703,0.021,2,2,0.98498887,4.9089954e-06,8.3450296e-08,0.98498887,0.015005999
511,180,walking,2021-05-07 10:54:04.404,2021-05-07 10:54:06.383,0.021,3,3,0.99979687,6.900351e-07,1.719745e-08,0.00020241899,0.99979687
511,189,standing,2021-05-07 10:54:11.843,2021-05-07 10:54:13.823,0.021,2,2,0.99922055,1.8466442e-06,1.4893792e-08,0.99922055,0.0007775831
511,189,standing,2021-05-07 10:54:12.843,2021-05-07 10:54:14.823,0.021,2,2,0.9992717,1.8729463e-06,2.1901073e-08,0.9992717,0.00072635943
511,189,standing,2021-05-07 10:54:13.843,2021-05-07 10:54:15.823,0.021,2,2,0.99936604,1.9659876e-06,2.2976284e-08,0.99936604,0.0006319088
511,189,standing,2021-05-07 10:54:14.843,2021-05-07 10:54:16.823,0.021,2,2,0.99934995,1.9703293e-06,2.2710315e-08,0.99934995,0.0006479277
511,189,standing,2021-05-07 10:54:15.843,2021-05-07 10:54:17.823,0.021,2,2,0.999128,1.9236463e-06,2.3725084e-08,0.999128,0.0008700693
511,189,standing,2021-05-07 10:54:16.843,2021-05-07 10:54:18.823,0.021,2,2,0.9988505,1.858408e-06,2.7743539e-08,0.9988505,0.0011475869
511,189,standing,2021-05-07 10:54:17.843,2021-05-07 10:54:19.823,0.021,2,2,0.9987527,2.1442604e-06,3.4640763e-08,0.9987527,0.0012451673
512,0,standing,2021-05-07 15:39:36.939,2021-05-07 15:39:38.919,0.021,2,2,0.9962947,1.979238e-06,9.3470913e-07,0.9962947,0.0037023243
512,0,standing,2021-05-07 15:39:37.939,2021-05-07 15:39:39.919,0.021,2,2,0.99719214,1.7722801e-06,3.288942e-07,0.99719214,0.0028056903
512,2,standing,2021-05-07 15:39:47.319,2021-05-07 15:39:49.299,0.021,2,2,0.98693734,1.5880497e-06,3.6160495e-07,0.98693734,0.013060687
512,2,standing,2021-05-07 15:39:48.319,2021-05-07 15:39:50.299,0.021,2,2,0.9861987,1.5124214e-06,3.1436053e-07,0.9861987,0.013799328
512,4,walking,2021-05-07 15:39:52.599,2021-05-07 15:39:54.580,0.021,3,3,0.8744972,9.455076e-06,2.4605684e-05,0.1254687,0.8744972
512,4,walking,2021-05-07 15:39:53.599,2021-05-07 15:39:55.580,0.021,3,3,0.95964736,7.858715e-06,1.0094015e-05,0.040334597,0.95964736
512,4,walking,2021-05-07 15:39:54.599,2021-05-07 15:39:56.580,0.021,3,3,0.99190724,2.1319247e-06,5.264337e-07,0.008090169,0.99190724
512,4,walking,2021-05-07 15:39:55.599,2021-05-07 15:39:57.580,0.021,3,3,0.995685,2.1804306e-06,5.1298014e-07,0.004312338,0.995685
512,4,walking,2021-05-07 15:39:56.599,2021-05-07 15:39:58.580,0.021,3,3,0.92372674,1.0449664e-05,1.9149382e-05,0.0762436,0.92372674
512,4,walking,2021-05-07 15:39:57.599,2021-05-07 15:39:59.580,0.021,3,3,0.9027842,6.8364984e-06,5.42255e-06,0.09720351,0.9027842
512,6,walking,2021-05-07 15:40:00.480,2021-05-07 15:40:02.460,0.021,3,3,0.99340665,2.6805126e-06,1.1046774e-06,0.006589591,0.99340665
512,6,walking,2021-05-07 15:40:01.480,2021-05-07 15:40:03.460,0.021,3,3,0.9806035,1.826877e-06,4.21052e-06,0.01939047,0.9806035
512,6,walking,2021-05-07 15:40:02.480,2021-05-07 15:40:04.460,0.021,3,3,0.7475539,9.437353e-06,2.7897358e-05,0.25240883,0.7475539
512,6,walking,2021-05-07 15:40:03.480,2021-05-07 15:40:05.460,0.021,3,3,0.998662,7.1960625e-07,1.1520673e-07,0.001337117,0.998662
512,6,walking,2021-05-07 15:40:04.480,2021-05-07 15:40:06.460,0.021,3,3,0.9964172,3.8178473e-06,6.8458644e-07,0.0035782116,0.9964172
512,6,walking,2021-05-07 15:40:05.480,2021-05-07 15:40:07.460,0.021,3,3,0.9868437,5.8310934e-06,6.8520058e-06,0.013143606,0.9868437
512,6,walking,2021-05-07 15:40:06.480,2021-05-07 15:40:08.460,0.021,3,3,0.9980333,1.607985e-06,8.5539466e-07,0.00196416,0.9980333
512,6,walking,2021-05-07 15:40:07.480,2021-05-07 15:40:09.460,0.021,3,3,0.9912491,6.0571447e-06,5.5077344e-06,0.008739358,0.9912491
512,6,walking,2021-05-07 15:40:08.479,2021-05-07 15:40:10.460,0.021,3,3,0.98523116,5.0708454e-06,2.0147975e-06,0.014761846,0.98523116
512,6,walking,2021-05-07 15:40:09.479,2021-05-07 15:40:11.460,0.021,3,3,0.9864991,3.860197e-06,8.921518e-07,0.013496123,0.9864991
512,6,walking,2021-05-07 15:40:10.479,2021-05-07 15:40:12.460,0.021,3,3,0.9438887,1.595468e-05,9.581599e-06,0.056085788,0.9438887
512,6,walking,2021-05-07 15:40:11.479,2021-05-07 15:40:13.460,0.021,3,3,0.9833431,1.3839714e-05,2.8857206e-05,0.016614145,0.9833431
512,6,walking,2021-05-07 15:40:12.479,2021-05-07 15:40:14.460,0.021,3,3,0.986903,5.282014e-06,1.4109006e-05,0.013077614,0.986903
512,6,walking,2021-05-07 15:40:13.479,2021-05-07 15:40:15.460,0.021,3,3,0.9788341,5.77362e-06,1.8012561e-06,0.021158347,0.9788341
512,6,walking,2021-05-07 15:40:14.479,2021-05-07 15:40:16.459,0.021,3,3,0.9240932,1.7934617e-05,1.9757414e-05,0.07586922,0.9240932
512,6,walking,2021-05-07 15:40:15.479,2021-05-07 15:40:17.459,0.021,3,3,0.9089876,1.1037222e-05,4.930273e-05,0.09095213,0.9089876
512,6,walking,2021-05-07 15:40:16.479,2021-05-07 15:40:18.459,0.021,3,3,0.7240441,1.7555485e-05,8.0347854e-05,0.27585799,0.7240441
512,6,walking,2021-05-07 15:40:17.479,2021-05-07 15:40:19.459,0.021,3,3,0.70416313,1.3304383e-05,8.255584e-05,0.29574105,0.70416313
512,6,walking,2021-05-07 15:40:18.479,2021-05-07 15:40:20.459,0.021,3,3,0.8452675,1.0960643e-05,3.8352697e-05,0.15468317,0.8452675
512,6,walking,2021-05-07 15:40:19.479,2021-05-07 15:40:21.459,0.021,3,3,0.9844416,1.3971913e-05,1.178597e-05,0.015532678,0.9844416
512,6,walking,2021-05-07 15:40:20.479,2021-05-07 15:40:22.459,0.021,3,3,0.900739,1.7619497e-05,1.2274471e-05,0.09923106,0.900739
512,6,walking,2021-05-07 15:40:21.479,2021-05-07 15:40:23.459,0.021,3,3,0.9987533,2.258235e-06,1.6709436e-06,0.0012427948,0.9987533
512,6,walking,2021-05-07 15:40:22.479,2021-05-07 15:40:24.459,0.021,3,3,0.9982969,3.1218249e-06,1.3448536e-06,0.0016985836,0.9982969
512,6,walking,2021-05-07 15:40:23.479,2021-05-07 15:40:25.459,0.021,3,3,0.9091616,1.3336187e-05,2.136275e-05,0.09080371,0.9091616
512,6,walking,2021-05-07 15:40:24.479,2021-05-07 15:40:26.459,0.021,3,3,0.6572716,1.563244e-05,5.826603e-05,0.34265456,0.6572716
512,6,walking,2021-05-07 15:40:25.479,2021-05-07 15:40:27.459,0.021,3,3,0.93084306,1.6206663e-05,1.0847814e-05,0.069129884,0.93084306
512,6,walking,2021-05-07 15:40:26.479,2021-05-07 15:40:28.459,0.021,3,3,0.90689355,1.625082e-05,1.8400566e-05,0.093071766,0.90689355
512,6,walking,2021-05-07 15:40:27.479,2021-05-07 15:40:29.459,0.021,3,3,0.65751576,2.3312345e-05,6.756299e-05,0.34239328,0.65751576
512,6,walking,2021-05-07 15:40:28.479,2021-05-07 15:40:30.459,0.021,3,3,0.6958008,2.0771176e-05,3.1621013e-05,0.30414677,0.6958008
512,6,walking,2021-05-07 15:40:29.479,2021-05-07 15:40:31.459,0.021,3,3,0.6817071,2.6091e-05,2.9497329e-05,0.31823733,0.6817071
512,6,walking,2021-05-07 15:40:30.479,2021-05-07 15:40:32.459,0.021,3,3,0.77308124,3.2793436e-05,0.00010332871,0.22678277,0.77308124
512,6,walking,2021-05-07 15:40:31.479,2021-05-07 15:40:33.459,0.021,3,3,0.83415014,1.933277e-05,3.602968e-05,0.16579445,0.83415014
512,6,walking,2021-05-07 15:40:32.479,2021-05-07 15:40:34.459,0.021,3,3,0.91698897,1.2692693e-05,1.3776461e-05,0.08298459,0.91698897
512,6,walking,2021-05-07 15:40:33.479,2021-05-07 15:40:35.459,0.021,3,3,0.996084,1.6754956e-06,1.2935045e-06,0.0039130272,0.996084
512,6,walking,2021-05-07 15:40:34.479,2021-05-07 15:40:36.459,0.021,3,3,0.9779616,7.011436e-06,3.9934303e-06,0.02202743,0.9779616
512,6,walking,2021-05-07 15:40:35.479,2021-05-07 15:40:37.459,0.021,3,3,0.93247724,8.608863e-06,1.7501905e-05,0.067496635,0.93247724
512,6,walking,2021-05-07 15:40:36.479,2021-05-07 15:40:38.459,0.021,3,3,0.9946696,2.0619525e-06,2.8799536e-06,0.0053254534,0.9946696
512,6,walking,2021-05-07 15:40:37.479,2021-05-07 15:40:39.459,0.021,3,3,0.9988391,3.7125455e-06,4.2979318e-07,0.0011567513,0.9988391
512,7,sitting,2021-05-07 15:40:41.919,2021-05-07 15:40:43.900,0.021,1,1,0.99999124,9.644889e-07,0.99999124,1.017837e-08,7.714576e-06
512,7,sitting,2021-05-07 15:40:42.919,2021-05-07 15:40:44.900,0.021,1,1,0.9999859,5.1977275e-07,0.9999859,6.2156755e-09,1.3578622e-05
512,7,sitting,2021-05-07 15:40:43.919,2021-05-07 15:40:45.900,0.021,1,1,0.99999684,5.30921e-07,0.99999684,7.1291177e-09,2.6014018e-06
512,7,sitting,2021-05-07 15:40:44.919,2021-05-07 15:40:46.900,0.021,1,1,0.9999967,1.505669e-06,0.9999967,1.6429333e-08,1.7178035e-06
512,7,sitting,2021-05-07 15:40:45.919,2021-05-07 15:40:47.900,0.021,1,1,0.9999965,1.7164031e-06,0.9999965,1.9069335e-08,1.816694e-06
512,7,sitting,2021-05-07 15:40:46.919,2021-05-07 15:40:48.900,0.021,1,1,0.9999965,2.2649651e-06,0.9999965,2.6597736e-08,1.1353336e-06
512,7,sitting,2021-05-07 15:40:47.919,2021-05-07 15:40:49.900,0.021,1,1,0.9999961,2.4010583e-06,0.9999961,3.0176334e-08,1.3782044e-06
512,7,sitting,2021-05-07 15:40:48.919,2021-05-07 15:40:50.900,0.021,1,1,0.9999959,2.5321337e-06,0.9999959,2.9802242e-08,1.5021983e-06
512,7,sitting,2021-05-07 15:40:49.919,2021-05-07 15:40:51.900,0.021,1,1,0.9999953,3.5799146e-06,0.9999953,3.711749e-08,1.1063544e-06
512,7,sitting,2021-05-07 15:40:50.919,2021-05-07 15:40:52.900,0.021,1,1,0.9999952,3.3081842e-06,0.9999952,3.575393e-08,1.4106292e-06
512,7,sitting,2021-05-07 15:40:51.919,2021-05-07 15:40:53.900,0.021,1,1,0.9999934,5.283067e-06,0.9999934,5.1237624e-08,1.2842286e-06
512,7,sitting,2021-05-07 15:40:52.919,2021-05-07 15:40:54.900,0.021,1,1,0.99998945,9.420114e-06,0.99998945,6.860118e-08,9.785336e-07
512,7,sitting,2021-05-07 15:40:53.919,2021-05-07 15:40:55.900,0.021,1,1,0.99999326,5.3226236e-06,0.99999326,3.745558e-08,1.2751145e-06
512,7,sitting,2021-05-07 15:40:54.919,2021-05-07 15:40:56.900,0.021,1,1,0.99999434,3.5925932e-06,0.99999434,2.901089e-08,1.9758784e-06
512,7,sitting,2021-05-07 15:40:55.919,2021-05-07 15:40:57.900,0.021,1,1,0.9999923,6.3551706e-06,0.9999923,5.22595e-08,1.333204e-06
512,7,sitting,2021-05-07 15:40:56.919,2021-05-07 15:40:58.900,0.021,1,1,0.9999905,8.333996e-06,0.9999905,6.4006734e-08,1.0005733e-06
512,7,sitting,2021-05-07 15:40:57.919,2021-05-07 15:40:59.900,0.021,1,1,0.999994,4.546324e-06,0.999994,4.3196e-08,1.4436446e-06
512,7,sitting,2021-05-07 15:40:58.919,2021-05-07 15:41:00.900,0.021,1,1,0.99999434,3.9801057e-06,0.99999434,5.1325408e-08,1.7002639e-06
512,7,sitting,2021-05-07 15:40:59.919,2021-05-07 15:41:01.900,0.021,1,1,0.9999909,7.701077e-06,0.9999909,7.521339e-08,1.2130425e-06
512,7,sitting,2021-05-07 15:41:00.920,2021-05-07 15:41:02.900,0.021,1,1,0.99999136,7.2953394e-06,0.99999136,6.37851e-08,1.2403018e-06
512,7,sitting,2021-05-07 15:41:01.920,2021-05-07 15:41:03.900,0.021,1,1,0.99999183,6.661219e-06,0.99999183,6.934291e-08,1.3049516e-06
512,7,sitting,2021-05-07 15:41:02.920,2021-05-07 15:41:04.900,0.021,1,1,0.99998826,1.0480981e-05,0.99998826,8.75499e-08,1.0241698e-06
512,7,sitting,2021-05-07 15:41:03.920,2021-05-07 15:41:05.900,0.021,1,1,0.99999386,4.743026e-06,0.99999386,6.3547496e-08,1.1991024e-06
512,7,sitting,2021-05-07 15:41:04.920,2021-05-07 15:41:06.900,0.021,1,1,0.9999953,2.6984785e-06,0.9999953,4.5114355e-08,1.883017e-06
512,7,sitting,2021-05-07 15:41:05.920,2021-05-07 15:41:07.900,0.021,1,1,0.99999386,4.4801695e-06,0.99999386,6.8390754e-08,1.4293695e-06
512,7,sitting,2021-05-07 15:41:06.920,2021-05-07 15:41:08.899,0.021,1,1,0.9999921,6.738899e-06,0.9999921,9.457539e-08,9.652986e-07
512,7,sitting,2021-05-07 15:41:07.920,2021-05-07 15:41:09.899,0.021,1,1,0.9999971,2.0872099e-06,0.9999971,3.105479e-08,7.5218344e-07
512,7,sitting,2021-05-07 15:41:08.920,2021-05-07 15:41:10.899,0.021,1,1,0.999994,3.9028447e-07,0.999994,2.019233e-09,5.6478452e-06
512,7,sitting,2021-05-07 15:41:09.920,2021-05-07 15:41:11.899,0.021,1,1,0.9999605,1.0949233e-06,0.9999605,2.1662976e-09,3.839765e-05
512,7,sitting,2021-05-07 15:41:10.920,2021-05-07 15:41:12.899,0.021,1,1,0.9999842,2.7805643e-06,0.9999842,8.494657e-09,1.30478675e-05
512,7,sitting,2021-05-07 15:41:11.920,2021-05-07 15:41:13.899,0.021,1,1,0.9999859,3.100807e-06,0.9999859,9.238324e-09,1.0967545e-05
512,7,sitting,2021-05-07 15:41:12.920,2021-05-07 15:41:14.899,0.021,1,1,0.999986,3.0801702e-06,0.999986,9.716331e-09,1.0830129e-05
512,7,sitting,2021-05-07 15:41:13.920,2021-05-07 15:41:15.899,0.021,1,1,0.99998564,2.1273902e-06,0.99998564,6.3233663e-09,1.2144327e-05
512,7,sitting,2021-05-07 15:41:14.920,2021-05-07 15:41:16.899,0.021,1,1,0.9999834,1.6914119e-06,0.9999834,4.990062e-09,1.4858152e-05
512,7,sitting,2021-05-07 15:41:15.920,2021-05-07 15:41:17.899,0.021,1,1,0.99998456,1.8833326e-06,0.99998456,5.9695617e-09,1.3483616e-05
512,7,sitting,2021-05-07 15:41:16.920,2021-05-07 15:41:18.899,0.021,1,1,0.9999848,2.8459406e-06,0.9999848,6.8283086e-09,1.2319902e-05
512,7,sitting,2021-05-07 15:41:17.920,2021-05-07 15:41:19.899,0.021,1,1,0.99998146,4.4976146e-06,0.99998146,7.650469e-09,1.3969581e-05
512,7,sitting,2021-05-07 15:41:18.920,2021-05-07 15:41:20.899,0.021,1,1,0.9999799,6.7989868e-06,0.9999799,9.41306e-09,1.3279272e-05
512,7,sitting,2021-05-07 15:41:19.920,2021-05-07 15:41:21.899,0.021,1,1,0.99998075,7.3717456e-06,0.99998075,9.779532e-09,1.1828987e-05
512,7,sitting,2021-05-07 15:41:20.920,2021-05-07 15:41:22.899,0.021,1,1,0.9999781,8.135056e-06,0.9999781,7.13146e-09,1.3699888e-05
512,7,sitting,2021-05-07 15:41:21.920,2021-05-07 15:41:23.899,0.021,1,1,0.9999736,6.668267e-06,0.9999736,5.303409e-09,1.9611745e-05
512,7,sitting,2021-05-07 15:41:22.920,2021-05-07 15:41:24.899,0.021,1,1,0.99998015,3.7010361e-06,0.99998015,8.445961e-09,1.6074453e-05
512,7,sitting,2021-05-07 15:41:23.920,2021-05-07 15:41:25.899,0.021,1,1,0.9999847,2.0390755e-06,0.9999847,6.9799513e-09,1.3289521e-05
512,7,sitting,2021-05-07 15:41:24.920,2021-05-07 15:41:26.899,0.021,1,1,0.9999841,1.537682e-06,0.9999841,5.690937e-09,1.4300407e-05
512,7,sitting,2021-05-07 15:41:25.920,2021-05-07 15:41:27.899,0.021,1,1,0.99998456,1.2099119e-06,0.99998456,4.766945e-09,1.4151937e-05
512,7,sitting,2021-05-07 15:41:26.920,2021-05-07 15:41:28.899,0.021,1,1,0.9999841,1.590981e-06,0.9999841,6.1796106e-09,1.4279883e-05
512,7,sitting,2021-05-07 15:41:27.920,2021-05-07 15:41:29.899,0.021,1,1,0.99998564,2.4698877e-06,0.99998564,9.180549e-09,1.184198e-05
512,7,sitting,2021-05-07 15:41:28.920,2021-05-07 15:41:30.899,0.021,1,1,0.99998766,2.155039e-06,0.99998766,8.364456e-09,1.0163566e-05
512,7,sitting,2021-05-07 15:41:29.920,2021-05-07 15:41:31.899,0.021,1,1,0.99998754,2.2131233e-06,0.99998754,9.252093e-09,1.0116751e-05
512,7,sitting,2021-05-07 15:41:30.920,2021-05-07 15:41:32.900,0.021,1,1,0.9999879,1.912689e-06,0.9999879,8.523708e-09,1.0181982e-05
512,7,sitting,2021-05-07 15:41:31.920,2021-05-07 15:41:33.900,0.021,1,1,0.999989,2.0484438e-06,0.999989,1.0209475e-08,8.993679e-06
512,7,sitting,2021-05-07 15:41:32.919,2021-05-07 15:41:34.900,0.021,1,1,0.9999891,1.573427e-06,0.9999891,7.437199e-09,9.3153185e-06
512,7,sitting,2021-05-07 15:41:33.919,2021-05-07 15:41:35.900,0.021,1,1,0.99998826,1.4063561e-06,0.99998826,8.279036e-09,1.01947235e-05
512,7,sitting,2021-05-07 15:41:34.919,2021-05-07 15:41:36.900,0.021,1,1,0.99998945,8.0084016e-07,0.99998945,6.393781e-09,9.643469e-06
512,7,sitting,2021-05-07 15:41:35.919,2021-05-07 15:41:37.900,0.021,1,1,0.99998933,6.196504e-07,0.99998933,5.876211e-09,1.0005125e-05
512,7,sitting,2021-05-07 15:41:36.919,2021-05-07 15:41:38.900,0.021,1,1,0.99998885,1.4065581e-06,0.99998885,8.440076e-09,9.598752e-06
512,7,sitting,2021-05-07 15:41:37.919,2021-05-07 15:41:39.900,0.021,1,1,0.9999905,1.0039128e-06,0.9999905,6.7932344e-09,8.450864e-06
512,7,sitting,2021-05-07 15:41:38.919,2021-05-07 15:41:40.900,0.021,1,1,0.9999905,6.241842e-07,0.9999905,6.5753936e-09,8.861312e-06
512,7,sitting,2021-05-07 15:41:39.919,2021-05-07 15:41:41.900,0.021,1,1,0.9999891,5.805718e-07,0.9999891,5.7748326e-09,1.0236996e-05
512,7,sitting,2021-05-07 15:41:40.919,2021-05-07 15:41:42.900,0.021,1,1,0.9999903,7.6752445e-07,0.9999903,5.8481517e-09,8.9281875e-06
512,7,sitting,2021-05-07 15:41:41.919,2021-05-07 15:41:43.900,0.021,1,1,0.9999904,1.4929667e-06,0.9999904,8.660865e-09,7.93499e-06
512,7,sitting,2021-05-07 15:41:42.919,2021-05-07 15:41:44.900,0.021,1,1,0.9999909,7.6273676e-07,0.9999909,6.4081354e-09,8.378475e-06
512,7,sitting,2021-05-07 15:41:43.919,2021-05-07 15:41:45.900,0.021,1,1,0.9999905,3.9634602e-07,0.9999905,4.9345212e-09,9.100601e-06
512,7,sitting,2021-05-07 15:41:44.919,2021-05-07 15:41:46.900,0.021,1,1,0.99999076,5.773213e-07,0.99999076,5.447681e-09,8.623866e-06
512,7,sitting,2021-05-07 15:41:45.919,2021-05-07 15:41:47.900,0.021,1,1,0.99999064,3.6202374e-07,0.99999064,3.4498155e-09,8.969951e-06
512,7,sitting,2021-05-07 15:41:46.919,2021-05-07 15:41:48.900,0.021,1,1,0.9999934,5.468198e-07,0.9999934,5.0513425e-09,5.9871045e-06
512,7,sitting,2021-05-07 15:41:47.919,2021-05-07 15:41:49.900,0.021,1,1,0.9999952,2.5124007e-06,0.9999952,2.0506397e-08,2.323305e-06
512,7,sitting,2021-05-07 15:41:48.919,2021-05-07 15:41:50.900,0.021,1,1,0.99999386,4.036841e-06,0.99999386,3.4087524e-08,1.9966094e-06
512,7,sitting,2021-05-07 15:41:49.919,2021-05-07 15:41:51.900,0.021,1,1,0.9999929,4.6154473e-06,0.9999929,3.289988e-08,2.3376704e-06
512,7,sitting,2021-05-07 15:41:50.919,2021-05-07 15:41:52.900,0.021,1,1,0.9999936,4.2826864e-06,0.9999936,3.789928e-08,2.0258396e-06
512,7,sitting,2021-05-07 15:41:51.919,2021-05-07 15:41:53.900,0.021,1,1,0.9999936,4.470203e-06,0.9999936,5.0653934e-08,1.8674855e-06
512,7,sitting,2021-05-07 15:41:52.919,2021-05-07 15:41:54.900,0.021,1,1,0.99999326,4.7402827e-06,0.99999326,5.684158e-08,1.9422753e-06
512,7,sitting,2021-05-07 15:41:53.919,2021-05-07 15:41:55.900,0.021,1,1,0.9999923,5.1967177e-06,0.9999923,5.5727117e-08,2.3860816e-06
512,7,sitting,2021-05-07 15:41:54.919,2021-05-07 15:41:56.900,0.021,1,1,0.9999916,5.9511453e-06,0.9999916,6.329188e-08,2.323713e-06
512,7,sitting,2021-05-07 15:41:55.919,2021-05-07 15:41:57.900,0.021,1,1,0.9999916,6.360726e-06,0.9999916,6.369856e-08,1.9526726e-06
512,7,sitting,2021-05-07 15:41:56.919,2021-05-07 15:41:58.900,0.021,1,1,0.999991,6.857899e-06,0.999991,5.7675486e-08,2.0126663e-06
512,7,sitting,2021-05-07 15:41:57.919,2021-05-07 15:41:59.900,0.021,1,1,0.9999899,8.209575e-06,0.9999899,5.3303925e-08,1.8039099e-06
512,7,sitting,2021-05-07 15:41:58.919,2021-05-07 15:42:00.900,0.021,1,1,0.9999886,9.333704e-06,0.9999886,5.581499e-08,2.0728148e-06
512,7,sitting,2021-05-07 15:41:59.919,2021-05-07 15:42:01.900,0.021,1,1,0.9999848,1.3318908e-05,0.9999848,5.9036996e-08,1.8381904e-06
512,7,sitting,2021-05-07 15:42:00.920,2021-05-07 15:42:02.900,0.021,1,1,0.99998575,1.2113687e-05,0.99998575,6.47251e-08,1.9342476e-06
512,7,sitting,2021-05-07 15:42:01.920,2021-05-07 15:42:03.900,0.021,1,1,0.999989,8.950486e-06,0.999989,5.721398e-08,2.0425857e-06
512,7,sitting,2021-05-07 15:42:02.920,2021-05-07 15:42:04.900,0.021,1,1,0.9999905,7.70463e-06,0.9999905,3.485373e-08,1.6506641e-06
512,7,sitting,2021-05-07 15:42:03.920,2021-05-07 15:42:05.900,0.021,1,1,0.99999374,3.6951576e-06,0.99999374,1.5602058e-08,2.4850622e-06
512,7,sitting,2021-05-07 15:42:04.920,2021-05-07 15:42:06.900,0.021,1,1,0.9999972,6.801195e-07,0.9999972,6.6326233e-09,2.014557e-06
512,7,sitting,2021-05-07 15:42:05.920,2021-05-07 15:42:07.900,0.021,1,1,0.9999984,4.2776142e-07,0.9999984,7.3587714e-09,1.0354311e-06
512,7,sitting,2021-05-07 15:42:06.920,2021-05-07 15:42:08.899,0.021,1,1,0.9999984,5.0888605e-07,0.9999984,7.741269e-09,1.0377285e-06
512,7,sitting,2021-05-07 15:42:07.920,2021-05-07 15:42:09.899,0.021,1,1,0.99999803,4.1391144e-07,0.99999803,7.0826656e-09,1.5640398e-06
512,7,sitting,2021-05-07 15:42:08.920,2021-05-07 15:42:10.899,0.021,1,1,0.99999815,6.4207785e-07,0.99999815,8.149659e-09,1.1947596e-06
512,7,sitting,2021-05-07 15:42:09.920,2021-05-07 15:42:11.899,0.021,1,1,0.9999984,7.0868106e-07,0.9999984,9.2263415e-09,8.8788454e-07
512,7,sitting,2021-05-07 15:42:10.920,2021-05-07 15:42:12.899,0.021,1,1,0.9999983,5.4541994e-07,0.9999983,9.648397e-09,1.1104961e-06
512,7,sitting,2021-05-07 15:42:11.920,2021-05-07 15:42:13.899,0.021,1,1,0.99999803,9.697674e-07,0.99999803,1.1590069e-08,9.468195e-07
512,7,sitting,2021-05-07 15:42:12.920,2021-05-07 15:42:14.899,0.021,1,1,0.99999803,1.1324805e-06,0.99999803,1.2441565e-08,8.486378e-07
512,7,sitting,2021-05-07 15:42:13.920,2021-05-07 15:42:15.899,0.021,1,1,0.9999983,6.995381e-07,0.9999983,1.2403019e-08,9.3229716e-07
512,7,sitting,2021-05-07 15:42:14.920,2021-05-07 15:42:16.899,0.021,1,1,0.9999983,9.2771e-07,0.9999983,1.4175638e-08,7.6066556e-07
512,7,sitting,2021-05-07 15:42:15.920,2021-05-07 15:42:17.899,0.021,1,1,0.9999983,7.2499233e-07,0.9999983,1.3822271e-08,8.988845e-07
512,7,sitting,2021-05-07 15:42:16.920,2021-05-07 15:42:18.899,0.021,1,1,0.9999983,7.185283e-07,0.9999983,1.4097418e-08,9.41712e-07
512,7,sitting,2021-05-07 15:42:17.920,2021-05-07 15:42:19.899,0.021,1,1,0.9999983,9.3204824e-07,0.9999983,1.491164e-08,7.425312e-07
512,7,sitting,2021-05-07 15:42:18.920,2021-05-07 15:42:20.899,0.021,1,1,0.9999983,8.1691127e-07,0.9999983,1.8153099e-08,8.3842315e-07
512,7,sitting,2021-05-07 15:42:19.920,2021-05-07 15:42:21.899,0.021,1,1,0.9999978,1.2536789e-06,0.9999978,2.2597272e-08,7.975535e-07
512,7,sitting,2021-05-07 15:42:20.920,2021-05-07 15:42:22.899,0.021,1,1,0.9999983,8.289888e-07,0.9999983,1.9664416e-08,8.856037e-07
512,7,sitting,2021-05-07 15:42:21.920,2021-05-07 15:42:23.899,0.021,1,1,0.9999984,6.4359654e-07,0.9999984,1.8009944e-08,9.005526e-07
512,7,sitting,2021-05-07 15:42:22.920,2021-05-07 15:42:24.899,0.021,1,1,0.9999983,8.9663786e-07,0.9999983,1.7583584e-08,7.4682487e-07
512,7,sitting,2021-05-07 15:42:23.920,2021-05-07 15:42:25.899,0.021,1,1,0.9999984,7.618119e-07,0.9999984,1.80643e-08,8.283203e-07
512,7,sitting,2021-05-07 15:42:24.920,2021-05-07 15:42:26.899,0.021,1,1,0.9999984,8.640837e-07,0.9999984,2.0763625e-08,7.304417e-07
512,7,sitting,2021-05-07 15:42:25.920,2021-05-07 15:42:27.899,0.021,1,1,0.9999984,6.679867e-07,0.9999984,2.0016344e-08,8.472649e-07
512,7,sitting,2021-05-07 15:42:26.920,2021-05-07 15:42:28.899,0.021,1,1,0.9999983,6.8277825e-07,0.9999983,1.8791674e-08,9.371876e-07
512,7,sitting,2021-05-07 15:42:27.920,2021-05-07 15:42:29.899,0.021,1,1,0.9999984,8.5297415e-07,0.9999984,2.2455243e-08,7.323201e-07
512,7,sitting,2021-05-07 15:42:28.920,2021-05-07 15:42:30.899,0.021,1,1,0.9999986,4.374043e-07,0.9999986,2.1999933e-08,8.4515483e-07
512,7,sitting,2021-05-07 15:42:29.920,2021-05-07 15:42:31.899,0.021,1,1,0.9999986,4.8891985e-07,0.9999986,1.8066027e-08,8.3883856e-07
512,7,sitting,2021-05-07 15:42:30.920,2021-05-07 15:42:32.900,0.021,1,1,0.9999986,6.280646e-07,0.9999986,1.5790746e-08,7.581087e-07
512,7,sitting,2021-05-07 15:42:31.920,2021-05-07 15:42:33.900,0.021,1,1,0.9999985,5.297339e-07,0.9999985,1.5305147e-08,9.209693e-07
512,7,sitting,2021-05-07 15:42:32.919,2021-05-07 15:42:34.900,0.021,1,1,0.99999815,8.9549263e-07,0.99999815,1.8625991e-08,8.621664e-07
512,7,sitting,2021-05-07 15:42:33.919,2021-05-07 15:42:35.900,0.021,1,1,0.9999983,8.6100465e-07,0.9999983,1.937632e-08,8.90876e-07
512,7,sitting,2021-05-07 15:42:34.919,2021-05-07 15:42:36.900,0.021,1,1,0.99999815,7.200614e-07,0.99999815,1.71894e-08,1.0189464e-06
512,7,sitting,2021-05-07 15:42:35.919,2021-05-07 15:42:37.900,0.021,1,1,0.9999978,1.3621359e-06,0.9999978,1.7829604e-08,8.4568217e-07
512,7,sitting,2021-05-07 15:42:36.919,2021-05-07 15:42:38.900,0.021,1,1,0.99999803,9.1720773e-07,0.99999803,1.778308e-08,9.1467894e-07
512,7,sitting,2021-05-07 15:42:37.919,2021-05-07 15:42:39.900,0.021,1,1,0.99999803,1.1054083e-06,0.99999803,1.8824709e-08,8.869203e-07
512,7,sitting,2021-05-07 15:42:38.919,2021-05-07 15:42:40.900,0.021,1,1,0.9999978,1.350796e-06,0.9999978,1.7504636e-08,8.21612e-07
512,7,sitting,2021-05-07 15:42:39.919,2021-05-07 15:42:41.900,0.021,1,1,0.99999803,9.886256e-07,0.99999803,1.7208064e-08,8.946654e-07
512,7,sitting,2021-05-07 15:42:40.919,2021-05-07 15:42:42.900,0.021,1,1,0.99999756,1.5979593e-06,0.99999756,1.7460117e-08,8.312999e-07
512,7,sitting,2021-05-07 15:42:41.919,2021-05-07 15:42:43.900,0.021,1,1,0.99999803,9.591304e-07,0.99999803,1.9392361e-08,9.336654e-07
512,7,sitting,2021-05-07 15:42:42.919,2021-05-07 15:42:44.900,0.021,1,1,0.9999978,1.1382112e-06,0.9999978,2.2160878e-08,9.3473426e-07
512,7,sitting,2021-05-07 15:42:43.919,2021-05-07 15:42:45.900,0.021,1,1,0.9999977,1.4775919e-06,0.9999977,1.8987551e-08,8.339744e-07
512,7,sitting,2021-05-07 15:42:44.919,2021-05-07 15:42:46.900,0.021,1,1,0.99999815,7.7361375e-07,0.99999815,1.9011514e-08,1.0642539e-06
512,7,sitting,2021-05-07 15:42:45.919,2021-05-07 15:42:47.900,0.021,1,1,0.99999803,9.876164e-07,0.99999803,1.8939705e-08,9.665811e-07
512,7,sitting,2021-05-07 15:42:46.919,2021-05-07 15:42:48.900,0.021,1,1,0.9999979,1.2359458e-06,0.9999979,1.73148e-08,7.831732e-07
512,7,sitting,2021-05-07 15:42:47.919,2021-05-07 15:42:49.900,0.021,1,1,0.99999815,9.645654e-07,0.99999815,1.8622936e-08,8.531716e-07
512,7,sitting,2021-05-07 15:42:48.919,2021-05-07 15:42:50.900,0.021,1,1,0.9999977,1.4525532e-06,0.9999977,2.1476108e-08,8.4808244e-07
512,7,sitting,2021-05-07 15:42:49.919,2021-05-07 15:42:51.900,0.021,1,1,0.99999803,9.649674e-07,0.99999803,2.0551877e-08,9.4124755e-07
512,7,sitting,2021-05-07 15:42:50.919,2021-05-07 15:42:52.900,0.021,1,1,0.99999815,8.205395e-07,0.99999815,2.038576e-08,9.87608e-07
512,7,sitting,2021-05-07 15:42:51.919,2021-05-07 15:42:53.900,0.021,1,1,0.9999978,1.2817345e-06,0.9999978,2.3517801e-08,8.0770786e-07
512,7,sitting,2021-05-07 15:42:52.919,2021-05-07 15:42:54.900,0.021,1,1,0.99999815,8.08788e-07,0.99999815,2.0575962e-08,9.5022995e-07
512,7,sitting,2021-05-07 15:42:53.919,2021-05-07 15:42:55.900,0.021,1,1,0.9999979,1.2177071e-06,0.9999979,1.7339158e-08,8.767896e-07
512,7,sitting,2021-05-07 15:42:54.919,2021-05-07 15:42:56.900,0.021,1,1,0.9999978,1.3549401e-06,0.9999978,1.8380707e-08,8.423354e-07
512,7,sitting,2021-05-07 15:42:55.919,2021-05-07 15:42:57.900,0.021,1,1,0.9999979,1.1572487e-06,0.9999979,1.8781348e-08,8.445201e-07
512,7,sitting,2021-05-07 15:42:56.919,2021-05-07 15:42:58.900,0.021,1,1,0.9999979,1.2643893e-06,0.9999979,1.7059987e-08,7.677397e-07
512,7,sitting,2021-05-07 15:42:57.919,2021-05-07 15:42:59.900,0.021,1,1,0.9999983,7.2828465e-07,0.9999983,1.7221957e-08,9.113295e-07
512,7,sitting,2021-05-07 15:42:58.919,2021-05-07 15:43:00.900,0.021,1,1,0.99999803,1.109522e-06,0.99999803,1.9246036e-08,8.641007e-07
512,7,sitting,2021-05-07 15:42:59.919,2021-05-07 15:43:01.900,0.021,1,1,0.9999978,1.3200045e-06,0.9999978,2.0317822e-08,8.0021476e-07
512,7,sitting,2021-05-07 15:43:00.920,2021-05-07 15:43:02.900,0.021,1,1,0.99999803,8.156282e-07,0.99999803,1.9813124e-08,1.0844103e-06
512,7,sitting,2021-05-07 15:43:01.920,2021-05-07 15:43:03.900,0.021,1,1,0.9999977,1.2695035e-06,0.9999977,2.3501117e-08,9.028798e-07
512,7,sitting,2021-05-07 15:43:02.920,2021-05-07 15:43:04.900,0.021,1,1,0.9999979,1.1616595e-06,0.9999979,3.0201434e-08,8.8503094e-07
512,7,sitting,2021-05-07 15:43:03.920,2021-05-07 15:43:05.900,0.021,1,1,0.99999756,1.4592747e-06,0.99999756,3.131724e-08,9.793034e-07
512,7,sitting,2021-05-07 15:43:04.920,2021-05-07 15:43:06.900,0.021,1,1,0.99999696,2.0719426e-06,0.99999696,2.8135666e-08,9.25888e-07
512,7,sitting,2021-05-07 15:43:05.920,2021-05-07 15:43:07.900,0.021,1,1,0.9999977,1.2841276e-06,0.9999977,2.9050355e-08,9.686745e-07
512,7,sitting,2021-05-07 15:43:06.920,2021-05-07 15:43:08.899,0.021,1,1,0.99999744,1.6988558e-06,0.99999744,3.172994e-08,8.6019304e-07
512,7,sitting,2021-05-07 15:43:07.920,2021-05-07 15:43:09.899,0.021,1,1,0.9999978,1.0788275e-06,0.9999978,2.672847e-08,1.0178563e-06
512,7,sitting,2021-05-07 15:43:08.920,2021-05-07 15:43:10.899,0.021,1,1,0.9999979,1.0972745e-06,0.9999979,2.1412266e-08,1.0106985e-06
512,7,sitting,2021-05-07 15:43:09.920,2021-05-07 15:43:11.899,0.021,1,1,0.99999744,1.6903551e-06,0.99999744,2.0241034e-08,8.1681947e-07
512,7,sitting,2021-05-07 15:43:10.920,2021-05-07 15:43:12.899,0.021,1,1,0.9999979,1.2250839e-06,0.9999979,2.2503897e-08,8.778505e-07
512,7,sitting,2021-05-07 15:43:11.920,2021-05-07 15:43:13.899,0.021,1,1,0.99999756,1.529327e-06,0.99999756,2.3917234e-08,8.4243965e-07
512,7,sitting,2021-05-07 15:43:12.920,2021-05-07 15:43:14.899,0.021,1,1,0.9999978,1.2820243e-06,0.9999978,2.4958952e-08,8.605659e-07
512,7,sitting,2021-05-07 15:43:13.920,2021-05-07 15:43:15.899,0.021,1,1,0.9999978,1.3501675e-06,0.9999978,3.095552e-08,8.4868935e-07
512,7,sitting,2021-05-07 15:43:14.920,2021-05-07 15:43:16.899,0.021,1,1,0.9999984,7.609072e-07,0.9999984,4.5185025e-08,8.366245e-07
512,7,sitting,2021-05-07 15:43:15.920,2021-05-07 15:43:17.899,0.021,1,1,0.9999985,3.2119814e-07,0.9999985,6.780309e-08,9.2118364e-07
512,7,sitting,2021-05-07 15:43:16.920,2021-05-07 15:43:18.899,0.021,1,1,0.9999986,4.0408946e-07,0.9999986,6.622511e-08,8.4580716e-07
512,7,sitting,2021-05-07 15:43:17.920,2021-05-07 15:43:19.899,0.021,1,1,0.9999986,3.7896885e-07,0.9999986,6.957682e-08,8.902954e-07
512,7,sitting,2021-05-07 15:43:18.920,2021-05-07 15:43:20.899,0.021,1,1,0.9999983,8.483895e-07,0.9999983,4.1366157e-08,8.422555e-07
512,7,sitting,2021-05-07 15:43:19.920,2021-05-07 15:43:21.899,0.021,1,1,0.9999979,1.21621e-06,0.9999979,2.892287e-08,8.72771e-07
512,7,sitting,2021-05-07 15:43:20.920,2021-05-07 15:43:22.899,0.021,1,1,0.9999978,1.2745052e-06,0.9999978,2.866529e-08,7.995175e-07
512,7,sitting,2021-05-07 15:43:21.920,2021-05-07 15:43:23.899,0.021,1,1,0.99999803,1.0869884e-06,0.99999803,2.85579e-08,8.423822e-07
512,7,sitting,2021-05-07 15:43:22.920,2021-05-07 15:43:24.899,0.021,1,1,0.9999979,1.2206499e-06,0.9999979,3.2458132e-08,8.493623e-07
512,7,sitting,2021-05-07 15:43:23.920,2021-05-07 15:43:25.899,0.021,1,1,0.9999984,7.474734e-07,0.9999984,4.7738645e-08,8.086293e-07
512,7,sitting,2021-05-07 15:43:24.920,2021-05-07 15:43:26.899,0.021,1,1,0.9999986,4.988925e-07,0.9999986,5.5510636e-08,8.7184156e-07
512,7,sitting,2021-05-07 15:43:25.920,2021-05-07 15:43:27.899,0.021,1,1,0.9999977,1.448833e-06,0.9999977,3.2403875e-08,7.919418e-07
512,7,sitting,2021-05-07 15:43:26.920,2021-05-07 15:43:28.899,0.021,1,1,0.9999978,1.3171763e-06,0.9999978,2.4925983e-08,8.410671e-07
512,7,sitting,2021-05-07 15:43:27.920,2021-05-07 15:43:29.899,0.021,1,1,0.9999973,1.7136927e-06,0.9999973,2.2974666e-08,9.622098e-07
512,7,sitting,2021-05-07 15:43:28.920,2021-05-07 15:43:30.899,0.021,1,1,0.99999696,2.0277678e-06,0.99999696,2.0560677e-08,9.52656e-07
512,7,sitting,2021-05-07 15:43:29.920,2021-05-07 15:43:31.899,0.021,1,1,0.9999979,1.2391098e-06,0.9999979,2.3287303e-08,8.746024e-07
512,7,sitting,2021-05-07 15:43:30.920,2021-05-07 15:43:32.900,0.021,1,1,0.99999744,1.6880451e-06,0.99999744,2.4521988e-08,8.1657413e-07
512,7,sitting,2021-05-07 15:43:31.920,2021-05-07 15:43:33.900,0.021,1,1,0.9999979,1.2150726e-06,0.9999979,2.6064427e-08,8.652022e-07
512,7,sitting,2021-05-07 15:43:32.919,2021-05-07 15:43:34.900,0.021,1,1,0.9999977,1.4367043e-06,0.9999977,2.4073255e-08,8.3844344e-07
512,7,sitting,2021-05-07 15:43:33.919,2021-05-07 15:43:35.900,0.021,1,1,0.9999979,1.2294681e-06,0.9999979,2.297008e-08,8.3998503e-07
512,7,sitting,2021-05-07 15:43:34.919,2021-05-07 15:43:36.900,0.021,1,1,0.9999978,1.3467005e-06,0.9999978,2.4194923e-08,8.4936465e-07
512,7,sitting,2021-05-07 15:43:35.919,2021-05-07 15:43:37.900,0.021,1,1,0.9999977,1.4687213e-06,0.9999977,2.2150902e-08,8.246837e-07
512,7,sitting,2021-05-07 15:43:36.919,2021-05-07 15:43:38.900,0.021,1,1,0.9999979,1.234664e-06,0.9999979,1.9763828e-08,8.250702e-07
512,7,sitting,2021-05-07 15:43:37.919,2021-05-07 15:43:39.900,0.021,1,1,0.99999756,1.5229551e-06,0.99999756,1.9695634e-08,8.2454915e-07
512,7,sitting,2021-05-07 15:43:38.919,2021-05-07 15:43:40.900,0.021,1,1,0.9999979,1.2449506e-06,0.9999979,2.0105258e-08,8.2762267e-07
512,7,sitting,2021-05-07 15:43:39.919,2021-05-07 15:43:41.900,0.021,1,1,0.99999744,1.6165734e-06,0.99999744,2.0074095e-08,8.017904e-07
512,7,sitting,2021-05-07 15:43:40.919,2021-05-07 15:43:42.900,0.021,1,1,0.9999978,1.2642806e-06,0.9999978,1.8700133e-08,8.458403e-07
512,7,sitting,2021-05-07 15:43:41.919,2021-05-07 15:43:43.900,0.021,1,1,0.9999979,1.1947548e-06,0.9999979,2.010587e-08,7.981753e-07
512,7,sitting,2021-05-07 15:43:42.919,2021-05-07 15:43:44.900,0.021,1,1,0.9999978,1.2871328e-06,0.9999978,2.1573738e-08,7.7857095e-07
512,7,sitting,2021-05-07 15:43:43.919,2021-05-07 15:43:45.900,0.021,1,1,0.9999979,1.1756284e-06,0.9999979,2.0559911e-08,8.42816e-07
512,7,sitting,2021-05-07 15:43:44.919,2021-05-07 15:43:46.900,0.021,1,1,0.99999815,9.302845e-07,0.99999815,1.9896287e-08,8.912668e-07
512,7,sitting,2021-05-07 15:43:45.919,2021-05-07 15:43:47.900,0.021,1,1,0.9999979,1.2364786e-06,0.9999979,2.3831634e-08,7.9258945e-07
512,7,sitting,2021-05-07 15:43:46.919,2021-05-07 15:43:48.900,0.021,1,1,0.99999815,8.993662e-07,0.99999815,2.2077689e-08,8.6272735e-07
512,7,sitting,2021-05-07 15:43:47.919,2021-05-07 15:43:49.900,0.021,1,1,0.9999979,1.1790788e-06,0.9999979,2.1700357e-08,7.787321e-07
512,7,sitting,2021-05-07 15:43:48.919,2021-05-07 15:43:50.900,0.021,1,1,0.99999815,1.0128882e-06,0.99999815,2.1491935e-08,8.3351364e-07
512,7,sitting,2021-05-07 15:43:49.919,2021-05-07 15:43:51.900,0.021,1,1,0.9999979,1.2039899e-06,0.9999979,2.1997106e-08,8.8399173e-07
512,7,sitting,2021-05-07 15:43:50.919,2021-05-07 15:43:52.900,0.021,1,1,0.9999978,1.4851927e-06,0.9999978,2.183379e-08,7.645131e-07
512,7,sitting,2021-05-07 15:43:51.919,2021-05-07 15:43:53.900,0.021,1,1,0.9999984,7.3505026e-07,0.9999984,1.943028e-08,8.1565025e-07
512,7,sitting,2021-05-07 15:43:52.919,2021-05-07 15:43:54.900,0.021,1,1,0.9999979,1.2571655e-06,0.9999979,2.445987e-08,7.4981983e-07
512,7,sitting,2021-05-07 15:43:53.919,2021-05-07 15:43:55.900,0.021,1,1,0.9999979,1.202098e-06,0.9999979,2.460657e-08,8.216035e-07
512,7,sitting,2021-05-07 15:43:54.919,2021-05-07 15:43:56.900,0.021,1,1,0.9999977,1.3710867e-06,0.9999977,2.1804157e-08,8.178626e-07
512,7,sitting,2021-05-07 15:43:55.919,2021-05-07 15:43:57.900,0.021,1,1,0.99999756,1.551446e-06,0.99999756,1.9684366e-08,7.831438e-07
512,7,sitting,2021-05-07 15:43:56.919,2021-05-07 15:43:58.900,0.021,1,1,0.9999983,8.7911667e-07,0.9999983,1.9917554e-08,8.3998776e-07
512,7,sitting,2021-05-07 15:43:57.919,2021-05-07 15:43:59.900,0.021,1,1,0.9999979,1.2939513e-06,0.9999979,1.9877962e-08,7.64054e-07
512,7,sitting,2021-05-07 15:43:58.919,2021-05-07 15:44:00.900,0.021,1,1,0.9999973,1.6208153e-06,0.9999973,9.035841e-09,8.950104e-07
512,7,sitting,2021-05-07 15:43:59.919,2021-05-07 15:44:01.900,0.021,1,1,0.9999973,1.5413582e-06,0.9999973,5.418462e-09,1.0623364e-06
512,7,sitting,2021-05-07 15:44:00.920,2021-05-07 15:44:02.900,0.021,1,1,0.9999979,9.798231e-07,0.9999979,1.3561384e-08,1.0773799e-06
512,7,sitting,2021-05-07 15:44:01.920,2021-05-07 15:44:03.900,0.021,1,1,0.9999978,1.3380668e-06,0.9999978,2.2670275e-08,8.5226054e-07
512,7,sitting,2021-05-07 15:44:02.920,2021-05-07 15:44:04.900,0.021,1,1,0.9999979,1.214366e-06,0.9999979,2.3632692e-08,8.2419564e-07
512,7,sitting,2021-05-07 15:44:03.920,2021-05-07 15:44:05.900,0.021,1,1,0.99999803,1.0742283e-06,0.99999803,2.3375105e-08,8.2925817e-07
512,7,sitting,2021-05-07 15:44:04.920,2021-05-07 15:44:06.900,0.021,1,1,0.9999973,1.7559871e-06,0.9999973,2.688835e-08,8.512326e-07
512,7,sitting,2021-05-07 15:44:05.920,2021-05-07 15:44:07.900,0.021,1,1,0.99999696,2.0655189e-06,0.99999696,3.1932707e-08,8.998353e-07
512,7,sitting,2021-05-07 15:44:06.920,2021-05-07 15:44:08.899,0.021,1,1,0.9999971,1.8917393e-06,0.9999971,3.3665255e-08,9.1427603e-07
512,7,sitting,2021-05-07 15:44:07.920,2021-05-07 15:44:09.899,0.021,1,1,0.9999967,2.210237e-06,0.9999967,4.0759737e-08,9.656898e-07
512,7,sitting,2021-05-07 15:44:08.920,2021-05-07 15:44:10.899,0.021,1,1,0.99999744,1.5333957e-06,0.99999744,3.440175e-08,9.3753454e-07
512,7,sitting,2021-05-07 15:44:09.920,2021-05-07 15:44:11.899,0.021,1,1,0.99999815,9.595824e-07,0.99999815,2.3139204e-08,8.3420707e-07
512,7,sitting,2021-05-07 15:44:10.920,2021-05-07 15:44:12.899,0.021,1,1,0.99999815,9.295928e-07,0.99999815,2.2002189e-08,8.256213e-07
512,7,sitting,2021-05-07 15:44:11.920,2021-05-07 15:44:13.899,0.021,1,1,0.9999983,8.9267553e-07,0.9999983,2.1028503e-08,8.7108e-07
512,7,sitting,2021-05-07 15:44:12.920,2021-05-07 15:44:14.899,0.021,1,1,0.9999978,1.1664995e-06,0.9999978,2.1405729e-08,9.498545e-07
512,7,sitting,2021-05-07 15:44:13.920,2021-05-07 15:44:15.899,0.021,1,1,0.99999744,1.5127529e-06,0.99999744,2.3788706e-08,9.042954e-07
512,7,sitting,2021-05-07 15:44:14.920,2021-05-07 15:44:16.899,0.021,1,1,0.9999979,1.1108401e-06,0.9999979,2.375068e-08,9.1635604e-07
512,7,sitting,2021-05-07 15:44:15.920,2021-05-07 15:44:17.899,0.021,1,1,0.99999756,1.5824634e-06,0.99999756,2.6537867e-08,8.888717e-07
512,7,sitting,2021-05-07 15:44:16.920,2021-05-07 15:44:18.899,0.021,1,1,0.9999978,1.2513138e-06,0.9999978,2.5098636e-08,8.967691e-07
512,7,sitting,2021-05-07 15:44:17.920,2021-05-07 15:44:19.899,0.021,1,1,0.9999977,1.4303458e-06,0.9999977,2.2630308e-08,8.677687e-07
512,7,sitting,2021-05-07 15:44:18.920,2021-05-07 15:44:20.899,0.021,1,1,0.99999803,9.5047994e-07,0.99999803,2.2389244e-08,9.082752e-07
512,11,walking,2021-05-07 15:44:26.840,2021-05-07 15:44:28.819,0.021,3,3,0.99900126,4.9039836e-06,9.265806e-06,0.0009844773,0.99900126
512,11,walking,2021-05-07 15:44:27.840,2021-05-07 15:44:29.819,0.021,3,3,0.9986582,1.0386392e-06,6.747682e-07,0.0013400634,0.9986582
512,11,walking,2021-05-07 15:44:28.840,2021-05-07 15:44:30.819,0.021,3,3,0.9958561,2.0862144e-06,9.248026e-07,0.0041408516,0.9958561
512,11,walking,2021-05-07 15:44:29.840,2021-05-07 15:44:31.819,0.021,3,3,0.99904543,1.3577326e-06,1.6958373e-06,0.000951442,0.99904543
512,11,walking,2021-05-07 15:44:30.840,2021-05-07 15:44:32.819,0.021,3,3,0.9571652,1.4913838e-05,2.1699154e-05,0.042798236,0.9571652
512,11,walking,2021-05-07 15:44:31.840,2021-05-07 15:44:33.819,0.021,3,3,0.96185696,4.7797053e-06,7.440664e-06,0.03813074,0.96185696
512,11,walking,2021-05-07 15:44:32.840,2021-05-07 15:44:34.819,0.021,3,3,0.98684067,2.0928544e-06,2.9070986e-06,0.01315423,0.98684067
512,12,standing,2021-05-07 15:44:34.959,2021-05-07 15:44:36.939,0.021,2,2,0.9955145,1.2017006e-06,4.6416653e-06,0.9955145,0.004479567
512,14,standing,2021-05-07 15:44:38.520,2021-05-07 15:44:40.500,0.021,2,2,0.9926993,1.0049546e-06,2.5261256e-06,0.9926993,0.0072971825
512,14,standing,2021-05-07 15:44:39.520,2021-05-07 15:44:41.500,0.021,2,2,0.99417156,1.0480034e-06,2.734046e-06,0.99417156,0.0058246017
512,14,standing,2021-05-07 15:44:40.520,2021-05-07 15:44:42.500,0.021,2,2,0.9965197,8.913128e-07,2.571412e-06,0.9965197,0.0034768917
512,14,standing,2021-05-07 15:44:41.520,2021-05-07 15:44:43.500,0.021,2,2,0.9950122,7.1581894e-07,2.1953476e-06,0.9950122,0.0049849465
512,14,standing,2021-05-07 15:44:42.520,2021-05-07 15:44:44.500,0.021,2,2,0.99305904,8.173082e-07,2.649276e-06,0.99305904,0.0069375434
512,14,standing,2021-05-07 15:44:43.520,2021-05-07 15:44:45.500,0.021,2,2,0.9964996,7.525567e-07,2.0785299e-06,0.9964996,0.003497629
512,14,standing,2021-05-07 15:44:44.520,2021-05-07 15:44:46.500,0.021,2,2,0.99653023,6.751572e-07,1.8886108e-06,0.99653023,0.0034671738
512,14,standing,2021-05-07 15:44:45.520,2021-05-07 15:44:47.500,0.021,2,2,0.9959023,6.840885e-07,1.6378909e-06,0.9959023,0.00409523
512,14,standing,2021-05-07 15:44:46.520,2021-05-07 15:44:48.500,0.021,2,2,0.9924494,9.344124e-07,2.2166669e-06,0.9924494,0.007547392
512,15,walking,2021-05-07 15:44:48.599,2021-05-07 15:44:50.580,0.021,3,2,0.50712895,1.4150905e-05,2.9769413e-05,0.50712895,0.49282712
512,15,walking,2021-05-07 15:44:49.599,2021-05-07 15:44:51.580,0.021,3,3,0.60805726,1.436052e-05,1.7090628e-05,0.3919113,0.60805726
512,15,walking,2021-05-07 15:44:50.599,2021-05-07 15:44:52.580,0.021,3,3,0.91557574,1.44872565e-05,1.1975782e-05,0.08439788,0.91557574
512,16,standing,2021-05-07 15:44:53.319,2021-05-07 15:44:55.299,0.021,2,2,0.99737453,5.626555e-06,3.971684e-05,0.99737453,0.002580185
512,16,standing,2021-05-07 15:44:54.319,2021-05-07 15:44:56.299,0.021,2,2,0.99965614,7.8958266e-07,6.577908e-06,0.99965614,0.0003363905
512,17,walking,2021-05-07 15:44:57.000,2021-05-07 15:44:58.979,0.021,3,3,0.9696142,8.570612e-06,1.0668355e-05,0.030366495,0.9696142
512,17,walking,2021-05-07 15:44:58.000,2021-05-07 15:44:59.979,0.021,3,3,0.99618965,1.8686321e-06,2.3577588e-06,0.0038061396,0.99618965
512,17,walking,2021-05-07 15:44:59.000,2021-05-07 15:45:00.980,0.021,3,3,0.9999234,8.4610895e-07,3.2269807e-07,7.539083e-05,0.9999234
512,18,standing,2021-05-07 15:45:01.039,2021-05-07 15:45:03.019,0.021,2,2,0.99642223,1.9577567e-06,6.5623276e-06,0.99642223,0.0035691469
512,20,standing,2021-05-07 15:45:03.760,2021-05-07 15:45:05.739,0.021,2,2,0.9866674,5.7162465e-06,9.0377725e-06,0.9866674,0.013317825
512,22,standing,2021-05-07 15:45:06.880,2021-05-07 15:45:08.859,0.021,2,2,0.99769163,2.1176736e-06,3.235725e-06,0.99769163,0.0023030832
512,22,standing,2021-05-07 15:45:07.880,2021-05-07 15:45:09.859,0.021,2,2,0.9978016,1.5434941e-06,5.370662e-06,0.9978016,0.0021914726
512,22,standing,2021-05-07 15:45:08.880,2021-05-07 15:45:10.859,0.021,2,2,0.9965452,1.8449292e-06,5.2825735e-06,0.9965452,0.0034476288
512,22,standing,2021-05-07 15:45:09.880,2021-05-07 15:45:11.859,0.021,2,2,0.9943815,1.5425812e-06,4.2063157e-06,0.9943815,0.0056128493
512,22,standing,2021-05-07 15:45:10.880,2021-05-07 15:45:12.859,0.021,2,2,0.99447984,1.4946388e-06,5.4508455e-06,0.99447984,0.005513203
512,22,standing,2021-05-07 15:45:11.880,2021-05-07 15:45:13.859,0.021,2,2,0.9927205,2.1380908e-06,6.1893734e-06,0.9927205,0.0072711483
512,22,standing,2021-05-07 15:45:12.880,2021-05-07 15:45:14.859,0.021,2,2,0.99903846,1.1542203e-06,3.63235e-06,0.99903846,0.0009568609
512,22,standing,2021-05-07 15:45:13.880,2021-05-07 15:45:15.859,0.021,2,2,0.99958986,1.3604899e-06,7.809288e-06,0.99958986,0.0004010035
512,22,standing,2021-05-07 15:45:14.880,2021-05-07 15:45:16.860,0.021,2,2,0.8405453,4.5638586e-05,5.184364e-05,0.8405453,0.15935728
512,22,standing,2021-05-07 15:45:15.880,2021-05-07 15:45:17.860,0.021,2,2,0.7883612,1.5351676e-05,2.7681626e-05,0.7883612,0.21159568
512,22,standing,2021-05-07 15:45:16.880,2021-05-07 15:45:18.860,0.021,2,2,0.98058504,2.310284e-06,6.639701e-06,0.98058504,0.01940598
512,22,standing,2021-05-07 15:45:17.880,2021-05-07 15:45:19.860,0.021,2,2,0.99550855,1.1940349e-06,4.0504856e-06,0.99550855,0.0044862865
512,23,walking,2021-05-07 15:45:20.440,2021-05-07 15:45:22.420,0.021,3,3,0.6311677,1.4602792e-05,1.2858903e-05,0.36880478,0.6311677
512,23,walking,2021-05-07 15:45:21.440,2021-05-07 15:45:23.420,0.021,3,3,0.939002,6.2727026e-06,8.344375e-06,0.060983367,0.939002
512,23,walking,2021-05-07 15:45:22.440,2021-05-07 15:45:24.420,0.021,3,3,0.8226475,6.05661e-06,1.423311e-05,0.17733209,0.8226475
512,23,walking,2021-05-07 15:45:23.440,2021-05-07 15:45:25.420,0.021,3,2,0.8716776,4.698499e-06,4.326044e-05,0.8716776,0.12827441
512,23,walking,2021-05-07 15:45:24.440,2021-05-07 15:45:26.420,0.021,3,2,0.8709359,8.614637e-06,4.8082875e-05,0.8709359,0.12900737
512,23,walking,2021-05-07 15:45:25.440,2021-05-07 15:45:27.420,0.021,3,3,0.6735282,2.4156972e-05,0.000120923636,0.3263267,0.6735282
512,23,walking,2021-05-07 15:45:26.440,2021-05-07 15:45:28.420,0.021,3,3,0.97452193,9.386863e-06,1.3625463e-05,0.025455069,0.97452193
512,23,walking,2021-05-07 15:45:27.440,2021-05-07 15:45:29.420,0.021,3,3,0.99301916,4.388895e-06,1.0874928e-06,0.0069752843,0.99301916
512,23,walking,2021-05-07 15:45:28.440,2021-05-07 15:45:30.420,0.021,3,3,0.99933904,6.8074615e-07,1.7128512e-07,0.00066005136,0.99933904
512,23,walking,2021-05-07 15:45:29.440,2021-05-07 15:45:31.420,0.021,3,3,0.98506016,7.280017e-06,3.5531436e-06,0.014929039,0.98506016
512,23,walking,2021-05-07 15:45:30.440,2021-05-07 15:45:32.419,0.021,3,3,0.99732846,1.3666187e-06,4.543596e-07,0.002669707,0.99732846
512,23,walking,2021-05-07 15:45:31.440,2021-05-07 15:45:33.419,0.021,3,3,0.9996919,2.0106592e-07,3.0271593e-08,0.0003078974,0.9996919
512,23,walking,2021-05-07 15:45:32.439,2021-05-07 15:45:34.419,0.021,3,3,0.9990066,4.5169864e-07,1.3356835e-07,0.0009927899,0.9990066
512,24,standing,2021-05-07 15:45:35.040,2021-05-07 15:45:37.020,0.021,2,2,0.9941446,5.837038e-07,0.00060377497,0.9941446,0.0052509457
512,26,standing,2021-05-07 15:45:40.680,2021-05-07 15:45:42.659,0.021,2,2,0.9923526,2.5887593e-06,3.3906083e-06,0.9923526,0.00764127
512,26,standing,2021-05-07 15:45:41.680,2021-05-07 15:45:43.659,0.021,2,2,0.9965985,1.1024197e-06,1.0238647e-06,0.9965985,0.0033993323
512,26,standing,2021-05-07 15:45:42.680,2021-05-07 15:45:44.659,0.021,2,2,0.9959447,1.0606598e-06,9.4388326e-07,0.9959447,0.004053356
512,26,standing,2021-05-07 15:45:43.680,2021-05-07 15:45:45.659,0.021,2,2,0.9952929,1.222713e-06,9.451412e-07,0.9952929,0.004704983
512,26,standing,2021-05-07 15:45:44.680,2021-05-07 15:45:46.659,0.021,2,2,0.9936834,1.4624652e-06,1.0896326e-06,0.9936834,0.0063140495
512,26,standing,2021-05-07 15:45:45.680,2021-05-07 15:45:47.659,0.021,2,2,0.9945145,1.2611022e-06,1.036243e-06,0.9945145,0.0054832003
512,26,standing,2021-05-07 15:45:46.680,2021-05-07 15:45:48.659,0.021,2,2,0.99566007,1.0917324e-06,9.600194e-07,0.99566007,0.004337782
512,26,standing,2021-05-07 15:45:47.680,2021-05-07 15:45:49.659,0.021,2,2,0.99588215,1.0160064e-06,9.4872513e-07,0.99588215,0.0041158944
512,28,standing,2021-05-07 15:45:50.000,2021-05-07 15:45:51.979,0.021,2,2,0.9966011,1.9971988e-06,5.0219e-06,0.9966011,0.0033918414
512,28,standing,2021-05-07 15:45:51.000,2021-05-07 15:45:52.979,0.021,2,2,0.99876946,1.1668992e-06,3.886212e-06,0.99876946,0.001225538
512,28,standing,2021-05-07 15:45:52.000,2021-05-07 15:45:53.979,0.021,2,2,0.9985539,1.1700212e-06,4.0390087e-06,0.9985539,0.0014408749
512,28,standing,2021-05-07 15:45:53.000,2021-05-07 15:45:54.979,0.021,2,2,0.9976859,1.4043577e-06,4.7094786e-06,0.9976859,0.0023079861
512,30,standing,2021-05-07 15:45:55.959,2021-05-07 15:45:57.939,0.021,2,2,0.90349543,1.9054125e-05,2.4627601e-05,0.90349543,0.09646089
512,31,lying,2021-05-07 15:46:07.039,2021-05-07 15:46:09.020,0.021,0,0,0.99994105,0.99994105,1.9442245e-05,3.5889787e-09,3.9503215e-05
512,31,lying,2021-05-07 15:46:08.039,2021-05-07 15:46:10.020,0.021,0,0,0.99995524,0.99995524,1.50327e-05,3.5075974e-08,2.9693272e-05
512,31,lying,2021-05-07 15:46:09.039,2021-05-07 15:46:11.020,0.021,0,0,0.9993053,0.9993053,0.0006484851,3.9955894e-06,4.2151856e-05
512,31,lying,2021-05-07 15:46:10.039,2021-05-07 15:46:12.020,0.021,0,0,0.9990016,0.9990016,0.0009476721,6.5460126e-06,4.4099856e-05
512,31,lying,2021-05-07 15:46:11.039,2021-05-07 15:46:13.020,0.021,0,0,0.99894375,0.99894375,0.0009999049,5.949429e-06,5.0356954e-05
512,31,lying,2021-05-07 15:46:12.039,2021-05-07 15:46:14.020,0.021,0,0,0.9988067,0.9988067,0.001135935,6.61359e-06,5.0735027e-05
512,31,lying,2021-05-07 15:46:13.039,2021-05-07 15:46:15.020,0.021,0,0,0.9986589,0.9986589,0.0012829351,6.6683465e-06,5.1524738e-05
512,31,lying,2021-05-07 15:46:14.039,2021-05-07 15:46:16.020,0.021,0,0,0.9986115,0.9986115,0.0013293921,7.964628e-06,5.1221286e-05
512,31,lying,2021-05-07 15:46:15.039,2021-05-07 15:46:17.020,0.021,0,0,0.9983436,0.9983436,0.0015888264,9.163897e-06,5.8445334e-05
512,31,lying,2021-05-07 15:46:16.040,2021-05-07 15:46:18.020,0.021,0,0,0.99767435,0.99767435,0.0022504013,1.1658205e-05,6.354032e-05
512,31,lying,2021-05-07 15:46:17.040,2021-05-07 15:46:19.020,0.021,0,0,0.99745464,0.99745464,0.0024689687,1.2403647e-05,6.40162e-05
512,31,lying,2021-05-07 15:46:18.040,2021-05-07 15:46:20.020,0.021,0,0,0.99771756,0.99771756,0.0022064461,1.1207432e-05,6.48105e-05
512,31,lying,2021-05-07 15:46:19.040,2021-05-07 15:46:21.020,0.021,0,0,0.99773633,0.99773633,0.0021897051,1.1756099e-05,6.222339e-05
512,31,lying,2021-05-07 15:46:20.040,2021-05-07 15:46:22.020,0.021,0,0,0.9977501,0.9977501,0.0021783442,1.2115479e-05,5.942029e-05
512,31,lying,2021-05-07 15:46:21.040,2021-05-07 15:46:23.020,0.021,0,0,0.99764365,0.99764365,0.0022847932,1.1667378e-05,5.983866e-05
512,31,lying,2021-05-07 15:46:22.040,2021-05-07 15:46:24.020,0.021,0,0,0.99794644,0.99794644,0.001998262,1.0167477e-05,4.5259974e-05
512,31,lying,2021-05-07 15:46:23.040,2021-05-07 15:46:25.020,0.021,0,0,0.9982596,0.9982596,0.0016886228,7.874641e-06,4.391096e-05
512,31,lying,2021-05-07 15:46:24.040,2021-05-07 15:46:26.020,0.021,0,0,0.9984545,0.9984545,0.0014908806,1.0250698e-05,4.4393317e-05
512,31,lying,2021-05-07 15:46:25.040,2021-05-07 15:46:27.020,0.021,0,0,0.99863994,0.99863994,0.0013083167,1.0759523e-05,4.09848e-05
512,31,lying,2021-05-07 15:46:26.040,2021-05-07 15:46:28.020,0.021,0,0,0.9986727,0.9986727,0.0012786387,1.0063321e-05,3.852812e-05
512,31,lying,2021-05-07 15:46:27.040,2021-05-07 15:46:29.020,0.021,0,0,0.9985045,0.9985045,0.0014425416,1.0197195e-05,4.274672e-05
512,31,lying,2021-05-07 15:46:28.040,2021-05-07 15:46:30.020,0.021,0,0,0.9984962,0.9984962,0.0014503605,9.503327e-06,4.3876236e-05
512,31,lying,2021-05-07 15:46:29.040,2021-05-07 15:46:31.020,0.021,0,0,0.99824524,0.99824524,0.001695416,1.0822985e-05,4.8606897e-05
512,31,lying,2021-05-07 15:46:30.040,2021-05-07 15:46:32.020,0.021,0,0,0.99788815,0.99788815,0.0020439737,1.3112357e-05,5.478958e-05
512,31,lying,2021-05-07 15:46:31.040,2021-05-07 15:46:33.020,0.021,0,0,0.9981448,0.9981448,0.001791819,1.2844862e-05,5.05811e-05
512,31,lying,2021-05-07 15:46:32.040,2021-05-07 15:46:34.020,0.021,0,0,0.9980377,0.9980377,0.0018972346,1.2965677e-05,5.209008e-05
512,31,lying,2021-05-07 15:46:33.040,2021-05-07 15:46:35.020,0.021,0,0,0.99811995,0.99811995,0.0018165893,1.2538219e-05,5.1053707e-05
512,31,lying,2021-05-07 15:46:34.040,2021-05-07 15:46:36.020,0.021,0,0,0.998399,0.998399,0.0015413277,1.1343197e-05,4.8283102e-05
512,31,lying,2021-05-07 15:46:35.040,2021-05-07 15:46:37.020,0.021,0,0,0.99910957,0.99910957,0.0008401323,7.5261646e-06,4.2758304e-05
512,31,lying,2021-05-07 15:46:36.040,2021-05-07 15:46:38.020,0.021,0,0,0.99937236,0.99937236,0.0005832054,6.1225683e-06,3.8323575e-05
512,31,lying,2021-05-07 15:46:37.040,2021-05-07 15:46:39.020,0.021,0,0,0.99939835,0.99939835,0.00055795675,6.2377267e-06,3.7535956e-05
512,31,lying,2021-05-07 15:46:38.040,2021-05-07 15:46:40.020,0.021,0,0,0.99934113,0.99934113,0.00061213033,5.728565e-06,4.0934334e-05
512,31,lying,2021-05-07 15:46:39.040,2021-05-07 15:46:41.020,0.021,0,0,0.9991261,0.9991261,0.000822531,6.2577897e-06,4.496273e-05
512,31,lying,2021-05-07 15:46:40.040,2021-05-07 15:46:42.020,0.021,0,0,0.9989504,0.9989504,0.000993633,7.0213214e-06,4.89379e-05
512,31,lying,2021-05-07 15:46:41.040,2021-05-07 15:46:43.020,0.021,0,0,0.9989052,0.9989052,0.0010387499,7.893881e-06,4.8259968e-05
512,31,lying,2021-05-07 15:46:42.040,2021-05-07 15:46:44.020,0.021,0,0,0.99904925,0.99904925,0.0009048561,5.80027e-06,3.996343e-05
512,31,lying,2021-05-07 15:46:43.040,2021-05-07 15:46:45.020,0.021,0,0,0.9991268,0.9991268,0.0008306784,4.564502e-06,3.801552e-05
512,31,lying,2021-05-07 15:46:44.040,2021-05-07 15:46:46.020,0.021,0,0,0.99892604,0.99892604,0.001024189,5.7216275e-06,4.4117718e-05
512,31,lying,2021-05-07 15:46:45.040,2021-05-07 15:46:47.020,0.021,0,0,0.9985091,0.9985091,0.0014318533,7.2463e-06,5.1792827e-05
512,31,lying,2021-05-07 15:46:46.040,2021-05-07 15:46:48.020,0.021,0,0,0.99828154,0.99828154,0.0016532408,9.224924e-06,5.6039276e-05
512,31,lying,2021-05-07 15:46:47.040,2021-05-07 15:46:49.020,0.021,0,0,0.9988372,0.9988372,0.0011047925,7.937443e-06,5.0187955e-05
512,31,lying,2021-05-07 15:46:48.040,2021-05-07 15:46:50.020,0.021,0,0,0.9989159,0.9989159,0.001027923,6.96385e-06,4.931758e-05
512,31,lying,2021-05-07 15:46:49.040,2021-05-07 15:46:51.020,0.021,0,0,0.9988635,0.9988635,0.0010783415,7.223104e-06,5.0785256e-05
512,31,lying,2021-05-07 15:46:50.040,2021-05-07 15:46:52.020,0.021,0,0,0.9990232,0.9990232,0.00092161814,6.1832097e-06,4.900013e-05
512,31,lying,2021-05-07 15:46:51.040,2021-05-07 15:46:53.020,0.021,0,0,0.9993258,0.9993258,0.0006227431,4.037508e-06,4.741058e-05
512,31,lying,2021-05-07 15:46:52.040,2021-05-07 15:46:54.020,0.021,0,0,0.99935615,0.99935615,0.0005952318,3.9278716e-06,4.4646255e-05
512,31,lying,2021-05-07 15:46:53.040,2021-05-07 15:46:55.020,0.021,0,0,0.99932104,0.99932104,0.0006402977,3.885304e-06,3.4670247e-05
512,31,lying,2021-05-07 15:46:54.040,2021-05-07 15:46:56.020,0.021,0,0,0.99927,0.99927,0.000691986,3.494733e-06,3.456254e-05
512,31,lying,2021-05-07 15:46:55.040,2021-05-07 15:46:57.020,0.021,0,0,0.99899447,0.99899447,0.0009579555,5.1391294e-06,4.2363263e-05
512,31,lying,2021-05-07 15:46:56.040,2021-05-07 15:46:58.020,0.021,0,0,0.99910253,0.99910253,0.0008523186,5.250747e-06,3.9921873e-05
512,31,lying,2021-05-07 15:46:57.040,2021-05-07 15:46:59.020,0.021,0,0,0.9993058,0.9993058,0.0006548684,4.225969e-06,3.5218844e-05
512,31,lying,2021-05-07 15:46:58.040,2021-05-07 15:47:00.019,0.021,0,0,0.9989852,0.9989852,0.0009602589,5.8308055e-06,4.8772432e-05
512,31,lying,2021-05-07 15:46:59.040,2021-05-07 15:47:01.019,0.021,0,0,0.99890745,0.99890745,0.0010368521,7.152863e-06,4.8557245e-05
512,31,lying,2021-05-07 15:47:00.039,2021-05-07 15:47:02.019,0.021,0,0,0.9988806,0.9988806,0.0010624438,6.906224e-06,4.998794e-05
512,31,lying,2021-05-07 15:47:01.039,2021-05-07 15:47:03.019,0.021,0,0,0.9990602,0.9990602,0.0008840371,5.2645787e-06,5.050139e-05
512,31,lying,2021-05-07 15:47:02.039,2021-05-07 15:47:04.019,0.021,0,0,0.9992172,0.9992172,0.0007352292,4.5869137e-06,4.3017906e-05
512,31,lying,2021-05-07 15:47:03.039,2021-05-07 15:47:05.019,0.021,0,0,0.9992546,0.9992546,0.000702208,4.330458e-06,3.890973e-05
512,31,lying,2021-05-07 15:47:04.039,2021-05-07 15:47:06.019,0.021,0,0,0.9992065,0.9992065,0.0007433028,5.209384e-06,4.504502e-05
512,31,lying,2021-05-07 15:47:05.039,2021-05-07 15:47:07.019,0.021,0,0,0.9991362,0.9991362,0.0008119461,6.5410286e-06,4.5267156e-05
512,31,lying,2021-05-07 15:47:06.039,2021-05-07 15:47:08.020,0.021,0,0,0.99902964,0.99902964,0.0009203299,6.2867402e-06,4.3765325e-05
512,31,lying,2021-05-07 15:47:07.039,2021-05-07 15:47:09.020,0.021,0,0,0.99899614,0.99899614,0.0009534328,5.460045e-06,4.4908884e-05
512,31,lying,2021-05-07 15:47:08.039,2021-05-07 15:47:10.020,0.021,0,0,0.9990677,0.9990677,0.000884813,5.0340223e-06,4.252533e-05
512,31,lying,2021-05-07 15:47:09.039,2021-05-07 15:47:11.020,0.021,0,0,0.99895114,0.99895114,0.0009990858,5.9780186e-06,4.381701e-05
512,31,lying,2021-05-07 15:47:10.039,2021-05-07 15:47:12.020,0.021,0,0,0.9990575,0.9990575,0.0008934708,6.73079e-06,4.2297706e-05
512,31,lying,2021-05-07 15:47:11.039,2021-05-07 15:47:13.020,0.021,0,0,0.9991811,0.9991811,0.00077271386,6.6748116e-06,3.9502305e-05
512,31,lying,2021-05-07 15:47:12.039,2021-05-07 15:47:14.020,0.021,0,0,0.9991917,0.9991917,0.00076176395,6.502927e-06,4.0030012e-05
512,31,lying,2021-05-07 15:47:13.039,2021-05-07 15:47:15.020,0.021,0,0,0.99910766,0.99910766,0.0008429878,6.8030467e-06,4.246944e-05
512,31,lying,2021-05-07 15:47:14.039,2021-05-07 15:47:16.020,0.021,0,0,0.99913216,0.99913216,0.0008170524,5.707405e-06,4.498316e-05
512,31,lying,2021-05-07 15:47:15.039,2021-05-07 15:47:17.020,0.021,0,0,0.99914587,0.99914587,0.0008029859,5.509034e-06,4.5668774e-05
512,31,lying,2021-05-07 15:47:16.040,2021-05-07 15:47:18.020,0.021,0,0,0.99900854,0.99900854,0.00093896594,6.853736e-06,4.5659755e-05
512,31,lying,2021-05-07 15:47:17.040,2021-05-07 15:47:19.020,0.021,0,0,0.9991137,0.9991137,0.0008349495,5.9745744e-06,4.5339624e-05
512,31,lying,2021-05-07 15:47:18.040,2021-05-07 15:47:20.020,0.021,0,0,0.99946827,0.99946827,0.0004888211,5.2380074e-06,3.748896e-05
512,31,lying,2021-05-07 15:47:19.040,2021-05-07 15:47:21.020,0.021,0,0,0.999542,0.999542,0.0004173734,4.597572e-06,3.5930938e-05
512,31,lying,2021-05-07 15:47:20.040,2021-05-07 15:47:22.020,0.021,0,0,0.99950427,0.99950427,0.00046104062,3.7476775e-06,3.1110212e-05
512,31,lying,2021-05-07 15:47:21.040,2021-05-07 15:47:23.020,0.021,0,0,0.99959964,0.99959964,0.00037814974,4.5718084e-06,1.761424e-05
512,31,lying,2021-05-07 15:47:22.040,2021-05-07 15:47:24.020,0.021,0,0,0.99968356,0.99968356,0.00029819488,4.6265027e-06,1.3648548e-05
512,31,lying,2021-05-07 15:47:23.040,2021-05-07 15:47:25.020,0.021,0,0,0.9997109,0.9997109,0.000272109,4.3666196e-06,1.2563966e-05
512,31,lying,2021-05-07 15:47:24.040,2021-05-07 15:47:26.020,0.021,0,0,0.99966854,0.99966854,0.00031356182,4.328903e-06,1.3644451e-05
512,31,lying,2021-05-07 15:47:25.040,2021-05-07 15:47:27.020,0.021,0,0,0.99960583,0.99960583,0.00037425582,4.0132377e-06,1.584488e-05
512,31,lying,2021-05-07 15:47:26.040,2021-05-07 15:47:28.020,0.021,0,0,0.99968356,0.99968356,0.00029965246,3.4336454e-06,1.3488932e-05
512,31,lying,2021-05-07 15:47:27.040,2021-05-07 15:47:29.020,0.021,0,0,0.9997052,0.9997052,0.00027879575,3.568039e-06,1.2441691e-05
512,31,lying,2021-05-07 15:47:28.040,2021-05-07 15:47:30.020,0.021,0,0,0.99972177,0.99972177,0.00026238975,3.6727772e-06,1.1999698e-05
512,31,lying,2021-05-07 15:47:29.040,2021-05-07 15:47:31.020,0.021,0,0,0.9997575,0.9997575,0.00022815856,3.6651304e-06,1.0678815e-05
512,31,lying,2021-05-07 15:47:30.040,2021-05-07 15:47:32.020,0.021,0,0,0.99978447,0.99978447,0.0002033931,3.566784e-06,8.410085e-06
512,31,lying,2021-05-07 15:47:31.040,2021-05-07 15:47:33.020,0.021,0,0,0.99983406,0.99983406,0.00015675626,2.995821e-06,6.2430418e-06
512,31,lying,2021-05-07 15:47:32.040,2021-05-07 15:47:34.020,0.021,0,0,0.9998436,0.9998436,0.0001473381,2.8808881e-06,6.275155e-06
512,31,lying,2021-05-07 15:47:33.040,2021-05-07 15:47:35.020,0.021,0,0,0.9998052,0.9998052,0.00018477532,2.8128745e-06,7.136932e-06
512,31,lying,2021-05-07 15:47:34.040,2021-05-07 15:47:36.020,0.021,0,0,0.99976087,0.99976087,0.00022811342,2.9817468e-06,8.12322e-06
512,31,lying,2021-05-07 15:47:35.040,2021-05-07 15:47:37.020,0.021,0,0,0.99979043,0.99979043,0.00019915903,3.3970098e-06,7.034997e-06
512,31,lying,2021-05-07 15:47:36.040,2021-05-07 15:47:38.020,0.021,0,0,0.99981856,0.99981856,0.00017187644,3.0202327e-06,6.7311016e-06
512,31,lying,2021-05-07 15:47:37.040,2021-05-07 15:47:39.020,0.021,0,0,0.9998052,0.9998052,0.0001847665,3.1557065e-06,7.011143e-06
512,31,lying,2021-05-07 15:47:38.040,2021-05-07 15:47:40.020,0.021,0,0,0.99982905,0.99982905,0.00016164061,2.827638e-06,6.403273e-06
512,31,lying,2021-05-07 15:47:39.040,2021-05-07 15:47:41.020,0.021,0,0,0.9998419,0.9998419,0.00014929543,2.5463187e-06,6.250996e-06
512,31,lying,2021-05-07 15:47:40.040,2021-05-07 15:47:42.020,0.021,0,0,0.99983525,0.99983525,0.00015578105,2.7377578e-06,6.367688e-06
512,32,sitting,2021-05-07 15:47:46.520,2021-05-07 15:47:48.500,0.021,1,1,0.99994403,8.014919e-06,0.99994403,1.5389309e-09,4.7863585e-05
512,32,sitting,2021-05-07 15:47:47.520,2021-05-07 15:47:49.500,0.021,1,1,0.99991626,1.7783915e-06,0.99991626,1.6589976e-09,8.183406e-05
512,32,sitting,2021-05-07 15:47:48.520,2021-05-07 15:47:50.500,0.021,1,1,0.9999531,1.2938681e-05,0.9999531,1.3435184e-09,3.381686e-05
512,32,sitting,2021-05-07 15:47:49.520,2021-05-07 15:47:51.500,0.021,1,1,0.99993175,5.242503e-05,0.99993175,2.0618545e-09,1.5690297e-05
512,32,sitting,2021-05-07 15:47:50.520,2021-05-07 15:47:52.500,0.021,1,1,0.9999129,7.269617e-05,0.9999129,2.4220883e-09,1.4273557e-05
512,32,sitting,2021-05-07 15:47:51.520,2021-05-07 15:47:53.500,0.021,1,1,0.9999085,7.660761e-05,0.9999085,2.4861502e-09,1.4828446e-05
512,32,sitting,2021-05-07 15:47:52.520,2021-05-07 15:47:54.500,0.021,1,1,0.9999257,6.156287e-05,0.9999257,3.5111465e-09,1.278125e-05
512,32,sitting,2021-05-07 15:47:53.520,2021-05-07 15:47:55.500,0.021,1,1,0.999952,3.9369344e-05,0.999952,5.6981726e-09,8.549116e-06
512,32,sitting,2021-05-07 15:47:54.520,2021-05-07 15:47:56.500,0.021,1,1,0.9999574,3.493939e-05,0.9999574,7.052519e-09,7.675069e-06
512,32,sitting,2021-05-07 15:47:55.520,2021-05-07 15:47:57.500,0.021,1,1,0.99995834,3.3895303e-05,0.99995834,7.695367e-09,7.774396e-06
512,32,sitting,2021-05-07 15:47:56.520,2021-05-07 15:47:58.500,0.021,1,1,0.9999575,3.4006785e-05,0.9999575,7.567953e-09,8.445018e-06
512,32,sitting,2021-05-07 15:47:57.520,2021-05-07 15:47:59.500,0.021,1,1,0.99995285,3.740451e-05,0.99995285,7.3384077e-09,9.619584e-06
512,32,sitting,2021-05-07 15:47:58.520,2021-05-07 15:48:00.500,0.021,1,1,0.9999296,5.6636545e-05,0.9999296,4.6881303e-09,1.3753365e-05
512,32,sitting,2021-05-07 15:47:59.520,2021-05-07 15:48:01.500,0.021,1,1,0.99993366,5.3947155e-05,0.99993366,8.203059e-09,1.2239758e-05
512,32,sitting,2021-05-07 15:48:00.520,2021-05-07 15:48:02.500,0.021,1,1,0.9999513,4.1173906e-05,0.9999513,1.8057317e-08,7.5108783e-06
512,32,sitting,2021-05-07 15:48:01.520,2021-05-07 15:48:03.500,0.021,1,1,0.9999451,4.6962316e-05,0.9999451,1.5060508e-08,7.882454e-06
512,32,sitting,2021-05-07 15:48:02.520,2021-05-07 15:48:04.500,0.021,1,1,0.9999413,5.1344843e-05,0.9999413,1.3731905e-08,7.270894e-06
512,32,sitting,2021-05-07 15:48:03.520,2021-05-07 15:48:05.500,0.021,1,1,0.9999406,5.2544525e-05,0.9999406,1.4107256e-08,6.8383397e-06
512,32,sitting,2021-05-07 15:48:04.520,2021-05-07 15:48:06.500,0.021,1,1,0.99995536,3.854318e-05,0.99995536,1.9874575e-08,6.0779444e-06
512,32,sitting,2021-05-07 15:48:05.520,2021-05-07 15:48:07.500,0.021,1,1,0.99997324,2.1850661e-05,0.99997324,2.221929e-08,4.9045107e-06
512,32,sitting,2021-05-07 15:48:06.520,2021-05-07 15:48:08.500,0.021,1,1,0.99997693,1.7709079e-05,0.99997693,1.5639575e-08,5.1971283e-06
512,32,sitting,2021-05-07 15:48:07.520,2021-05-07 15:48:09.500,0.021,1,1,0.999976,1.1174293e-05,0.999976,4.6850586e-09,1.2764121e-05
512,32,sitting,2021-05-07 15:48:08.520,2021-05-07 15:48:10.500,0.021,1,1,0.99996144,6.6899765e-06,0.99996144,1.7452518e-09,3.1798154e-05
512,32,sitting,2021-05-07 15:48:09.520,2021-05-07 15:48:11.500,0.021,1,1,0.99997574,1.0490448e-05,0.99997574,5.8815472e-09,1.3724414e-05
512,32,sitting,2021-05-07 15:48:10.520,2021-05-07 15:48:12.500,0.021,1,1,0.999981,1.38163605e-05,0.999981,1.8642268e-08,5.0850626e-06
512,32,sitting,2021-05-07 15:48:11.520,2021-05-07 15:48:13.500,0.021,1,1,0.9999842,1.1484742e-05,0.9999842,1.6919957e-08,4.321334e-06
512,32,sitting,2021-05-07 15:48:12.520,2021-05-07 15:48:14.500,0.021,1,1,0.9999854,1.023239e-05,0.9999854,1.5530789e-08,4.306389e-06
512,32,sitting,2021-05-07 15:48:13.520,2021-05-07 15:48:15.500,0.021,1,1,0.9999849,1.061553e-05,0.9999849,1.5894809e-08,4.3568252e-06
512,32,sitting,2021-05-07 15:48:14.520,2021-05-07 15:48:16.500,0.021,1,1,0.9999836,1.2024426e-05,0.9999836,1.6674633e-08,4.245921e-06
512,32,sitting,2021-05-07 15:48:15.520,2021-05-07 15:48:17.500,0.021,1,1,0.9999698,2.2383332e-05,0.9999698,9.383906e-09,7.703801e-06
512,32,sitting,2021-05-07 15:48:16.520,2021-05-07 15:48:18.500,0.021,1,1,0.99993926,3.9880535e-05,0.99993926,2.6163347e-09,2.0686337e-05
512,32,sitting,2021-05-07 15:48:17.520,2021-05-07 15:48:19.500,0.021,1,1,0.9999166,4.7079404e-05,0.9999166,1.9481856e-09,3.619248e-05
512,32,sitting,2021-05-07 15:48:18.520,2021-05-07 15:48:20.500,0.021,1,1,0.9999266,3.597261e-05,0.9999266,2.6250941e-09,3.7318583e-05
512,32,sitting,2021-05-07 15:48:19.520,2021-05-07 15:48:21.500,0.021,1,1,0.9999289,1.9803736e-05,0.9999289,1.1602778e-09,5.1277515e-05
512,32,sitting,2021-05-07 15:48:20.520,2021-05-07 15:48:22.500,0.021,1,1,0.99992317,2.172351e-05,0.99992317,8.8022967e-10,5.5126813e-05
512,32,sitting,2021-05-07 15:48:21.520,2021-05-07 15:48:23.500,0.021,1,1,0.9999222,3.0485433e-05,0.9999222,1.5043388e-09,4.7249196e-05
512,32,sitting,2021-05-07 15:48:22.520,2021-05-07 15:48:24.500,0.021,1,1,0.9999215,3.211823e-05,0.9999215,1.4653921e-09,4.6401965e-05
512,32,sitting,2021-05-07 15:48:23.520,2021-05-07 15:48:25.500,0.021,1,1,0.99992114,3.190969e-05,0.99992114,1.4894196e-09,4.680796e-05
512,32,sitting,2021-05-07 15:48:24.520,2021-05-07 15:48:26.500,0.021,1,1,0.99992496,3.0615516e-05,0.99992496,1.5272957e-09,4.4303066e-05
512,32,sitting,2021-05-07 15:48:25.520,2021-05-07 15:48:27.500,0.021,1,1,0.9999208,3.4796518e-05,0.9999208,1.7713926e-09,4.4376375e-05
512,32,sitting,2021-05-07 15:48:26.520,2021-05-07 15:48:28.500,0.021,1,1,0.9999179,3.7952093e-05,0.9999179,1.8792985e-09,4.4146116e-05
512,32,sitting,2021-05-07 15:48:27.520,2021-05-07 15:48:29.500,0.021,1,1,0.99992055,3.8434147e-05,0.99992055,1.8072189e-09,4.0947052e-05
512,32,sitting,2021-05-07 15:48:28.520,2021-05-07 15:48:30.500,0.021,1,1,0.99992317,3.6418496e-05,0.99992317,1.6021531e-09,4.0258237e-05
512,32,sitting,2021-05-07 15:48:29.520,2021-05-07 15:48:31.500,0.021,1,1,0.99992377,3.4442728e-05,0.99992377,1.530233e-09,4.170135e-05
512,32,sitting,2021-05-07 15:48:30.520,2021-05-07 15:48:32.500,0.021,1,1,0.9999258,3.3349632e-05,0.9999258,1.5678369e-09,4.080514e-05
512,32,sitting,2021-05-07 15:48:31.520,2021-05-07 15:48:33.500,0.021,1,1,0.99992496,3.3440625e-05,0.99992496,1.5399616e-09,4.1477026e-05
512,32,sitting,2021-05-07 15:48:32.520,2021-05-07 15:48:34.500,0.021,1,1,0.9999208,3.639879e-05,0.9999208,1.6165979e-09,4.2801636e-05
512,32,sitting,2021-05-07 15:48:33.520,2021-05-07 15:48:35.500,0.021,1,1,0.99991924,3.701314e-05,0.99991924,1.6129673e-09,4.3604236e-05
512,32,sitting,2021-05-07 15:48:34.520,2021-05-07 15:48:36.500,0.021,1,1,0.99992234,3.4702887e-05,0.99992234,1.4831506e-09,4.2923843e-05
512,32,sitting,2021-05-07 15:48:35.520,2021-05-07 15:48:37.500,0.021,1,1,0.9999195,3.678912e-05,0.9999195,1.5009527e-09,4.365168e-05
512,32,sitting,2021-05-07 15:48:36.520,2021-05-07 15:48:38.500,0.021,1,1,0.99991673,3.9197163e-05,0.99991673,1.6391045e-09,4.4019518e-05
512,32,sitting,2021-05-07 15:48:37.520,2021-05-07 15:48:39.500,0.021,1,1,0.99992305,3.5594916e-05,0.99992305,1.7418793e-09,4.120998e-05
512,32,sitting,2021-05-07 15:48:38.520,2021-05-07 15:48:40.500,0.021,1,1,0.9999208,3.7556507e-05,0.9999208,1.907927e-09,4.16195e-05
512,32,sitting,2021-05-07 15:48:39.520,2021-05-07 15:48:41.500,0.021,1,1,0.99966043,0.0003179551,0.99966043,5.914719e-09,2.1522772e-05
512,32,sitting,2021-05-07 15:48:40.520,2021-05-07 15:48:42.500,0.021,1,1,0.9998317,0.00015699166,0.9998317,5.0234235e-09,1.1446853e-05
512,32,sitting,2021-05-07 15:48:41.520,2021-05-07 15:48:43.500,0.021,1,1,0.9999868,4.536547e-06,0.9999868,4.556485e-09,8.616385e-06
512,32,sitting,2021-05-07 15:48:42.520,2021-05-07 15:48:44.500,0.021,1,1,0.9999934,4.626789e-06,0.9999934,2.1999262e-09,1.8765311e-06
512,32,sitting,2021-05-07 15:48:43.520,2021-05-07 15:48:45.500,0.021,1,1,0.99994,5.8171656e-05,0.99994,4.4241744e-09,1.7812531e-06
512,32,sitting,2021-05-07 15:48:44.520,2021-05-07 15:48:46.500,0.021,1,1,0.9998059,0.00019229756,0.9998059,1.4882633e-08,1.7883533e-06
512,32,sitting,2021-05-07 15:48:45.520,2021-05-07 15:48:47.500,0.021,1,1,0.9998195,0.00017897172,0.9998195,1.9204284e-08,1.4254724e-06
512,32,sitting,2021-05-07 15:48:46.520,2021-05-07 15:48:48.500,0.021,1,1,0.9998138,0.00018477355,0.9998138,1.8520364e-08,1.4858176e-06
512,32,sitting,2021-05-07 15:48:47.520,2021-05-07 15:48:49.500,0.021,1,1,0.99979854,0.00020003799,0.99979854,1.6995534e-08,1.571821e-06
512,32,sitting,2021-05-07 15:48:48.520,2021-05-07 15:48:50.500,0.021,1,1,0.99979997,0.00019844504,0.99979997,1.8025546e-08,1.592092e-06
512,32,sitting,2021-05-07 15:48:49.520,2021-05-07 15:48:51.500,0.021,1,1,0.9998276,0.00017093153,0.9998276,2.1029447e-08,1.5694835e-06
512,32,sitting,2021-05-07 15:48:50.520,2021-05-07 15:48:52.500,0.021,1,1,0.9998512,0.00014735047,0.9998512,2.5325571e-08,1.5077632e-06
512,32,sitting,2021-05-07 15:48:51.520,2021-05-07 15:48:53.500,0.021,1,1,0.9998026,0.00019523912,0.9998026,1.8860092e-08,2.141027e-06
512,32,sitting,2021-05-07 15:48:52.520,2021-05-07 15:48:54.500,0.021,1,1,0.9998119,0.00018621991,0.9998119,2.0290345e-08,2.0574034e-06
512,32,sitting,2021-05-07 15:48:53.520,2021-05-07 15:48:55.500,0.021,1,1,0.99985194,0.0001466555,0.99985194,2.9408133e-08,1.4130579e-06
512,32,sitting,2021-05-07 15:48:54.520,2021-05-07 15:48:56.500,0.021,1,1,0.99983644,0.00016024675,0.99983644,3.558275e-08,3.4396178e-06
512,32,sitting,2021-05-07 15:48:55.520,2021-05-07 15:48:57.500,0.021,1,1,0.99985695,0.0001356888,0.99985695,1.3323049e-07,7.428884e-06
512,32,sitting,2021-05-07 15:48:56.520,2021-05-07 15:48:58.500,0.021,1,1,0.9998772,0.00011557216,0.9998772,3.4496844e-07,6.8652193e-06
512,32,sitting,2021-05-07 15:48:57.520,2021-05-07 15:48:59.500,0.021,1,1,0.9998794,0.000113364724,0.9998794,3.7756735e-07,6.809821e-06
512,32,sitting,2021-05-07 15:48:58.520,2021-05-07 15:49:00.500,0.021,1,1,0.9998844,0.000109162786,0.9998844,4.1009383e-07,5.940432e-06
512,32,sitting,2021-05-07 15:48:59.520,2021-05-07 15:49:01.500,0.021,1,1,0.9998524,0.00013870485,0.9998524,3.1061123e-07,8.448359e-06
512,32,sitting,2021-05-07 15:49:00.520,2021-05-07 15:49:02.500,0.021,1,1,0.9996554,0.00030597943,0.9996554,9.7549155e-08,3.8364713e-05
512,32,sitting,2021-05-07 15:49:01.520,2021-05-07 15:49:03.500,0.021,1,1,0.99952376,0.00043155276,0.99952376,5.9092113e-08,4.4645654e-05
512,32,sitting,2021-05-07 15:49:02.520,2021-05-07 15:49:04.500,0.021,1,1,0.99983597,0.00015558844,0.99983597,7.102461e-08,8.47776e-06
512,32,sitting,2021-05-07 15:49:03.520,2021-05-07 15:49:05.500,0.021,1,1,0.9998941,9.9799814e-05,0.9998941,7.9742705e-08,5.9278973e-06
512,32,sitting,2021-05-07 15:49:04.520,2021-05-07 15:49:06.500,0.021,1,1,0.9998779,0.00011646015,0.9998779,6.9454e-08,5.593057e-06
512,32,sitting,2021-05-07 15:49:05.520,2021-05-07 15:49:07.500,0.021,1,1,0.9999028,9.328512e-05,0.9999028,9.4344635e-08,3.7156804e-06
512,32,sitting,2021-05-07 15:49:06.520,2021-05-07 15:49:08.500,0.021,1,1,0.99991065,8.6443986e-05,0.99991065,1.16458665e-07,2.771869e-06
512,32,sitting,2021-05-07 15:49:07.520,2021-05-07 15:49:09.500,0.021,1,1,0.9998393,0.00015011197,0.9998393,7.0873284e-08,1.0470678e-05
512,32,sitting,2021-05-07 15:49:08.520,2021-05-07 15:49:10.500,0.021,1,1,0.99982166,0.00016476098,0.99982166,5.970824e-08,1.3627046e-05
512,32,sitting,2021-05-07 15:49:09.520,2021-05-07 15:49:11.500,0.021,1,1,0.99989897,9.694236e-05,0.99989897,8.634628e-08,3.8841713e-06
512,32,sitting,2021-05-07 15:49:10.520,2021-05-07 15:49:12.500,0.021,1,1,0.9998787,0.00011774305,0.9998787,8.1859824e-08,3.3131912e-06
512,32,sitting,2021-05-07 15:49:11.520,2021-05-07 15:49:13.500,0.021,1,1,0.9998936,0.00010365724,0.9998936,9.5395066e-08,2.5039149e-06
512,32,sitting,2021-05-07 15:49:12.520,2021-05-07 15:49:14.500,0.021,1,1,0.99990994,8.748726e-05,0.99990994,1.00219765e-07,2.3746531e-06
512,32,sitting,2021-05-07 15:49:13.520,2021-05-07 15:49:15.500,0.021,1,1,0.99991626,8.112842e-05,0.99991626,1.0499842e-07,2.4038563e-06
512,32,sitting,2021-05-07 15:49:14.520,2021-05-07 15:49:16.500,0.021,1,1,0.9999016,9.566255e-05,0.9999016,1.3269383e-07,2.4785895e-06
512,32,sitting,2021-05-07 15:49:15.520,2021-05-07 15:49:17.500,0.021,1,1,0.99990016,9.7127e-05,0.99990016,1.3837726e-07,2.4671954e-06
512,32,sitting,2021-05-07 15:49:16.520,2021-05-07 15:49:18.500,0.021,1,1,0.99989957,9.7755124e-05,0.99989957,1.12434414e-07,2.4600795e-06
512,32,sitting,2021-05-07 15:49:17.520,2021-05-07 15:49:19.500,0.021,1,1,0.9998985,9.876858e-05,0.9998985,9.82416e-08,2.5446393e-06
512,32,sitting,2021-05-07 15:49:18.520,2021-05-07 15:49:20.500,0.021,1,1,0.99989694,0.00010037912,0.99989694,1.0216079e-07,2.504253e-06
512,32,sitting,2021-05-07 15:49:19.520,2021-05-07 15:49:21.500,0.021,1,1,0.99990064,9.658678e-05,0.99990064,1.253468e-07,2.6030796e-06
512,32,sitting,2021-05-07 15:49:20.520,2021-05-07 15:49:22.500,0.021,1,1,0.99989825,9.867309e-05,0.99989825,1.2040198e-07,2.8910752e-06
512,32,sitting,2021-05-07 15:49:21.520,2021-05-07 15:49:23.500,0.021,1,1,0.9998961,0.000100923964,0.9998961,1.2344057e-07,2.7898545e-06
512,32,sitting,2021-05-07 15:49:22.520,2021-05-07 15:49:24.500,0.021,1,1,0.9998862,0.00011030639,0.9998862,1.151062e-07,3.332604e-06
512,32,sitting,2021-05-07 15:49:23.520,2021-05-07 15:49:25.500,0.021,1,1,0.9998214,0.00016940646,0.9998214,8.619199e-08,9.08577e-06
512,32,sitting,2021-05-07 15:49:24.520,2021-05-07 15:49:26.500,0.021,1,1,0.99977374,0.00021847583,0.99977374,9.4248826e-08,7.782543e-06
512,32,sitting,2021-05-07 15:49:25.520,2021-05-07 15:49:27.500,0.021,1,1,0.9998379,0.00015815275,0.9998379,1.1600726e-07,3.986191e-06
512,32,sitting,2021-05-07 15:49:26.520,2021-05-07 15:49:28.500,0.021,1,1,0.9998836,0.00011343473,0.9998836,1.2102242e-07,2.7715694e-06
512,32,sitting,2021-05-07 15:49:27.520,2021-05-07 15:49:29.500,0.021,1,1,0.99987954,0.00011721356,0.99987954,9.99834e-08,3.0932945e-06
512,32,sitting,2021-05-07 15:49:28.520,2021-05-07 15:49:30.500,0.021,1,1,0.9998874,0.000109000204,0.9998874,7.2840635e-08,3.496552e-06
512,32,sitting,2021-05-07 15:49:29.520,2021-05-07 15:49:31.500,0.021,1,1,0.9998779,0.000117759584,0.9998779,5.5955905e-08,4.264886e-06
512,32,sitting,2021-05-07 15:49:30.520,2021-05-07 15:49:32.500,0.021,1,1,0.9998462,0.00014824208,0.9998462,5.2156675e-08,5.4354755e-06
512,32,sitting,2021-05-07 15:49:31.520,2021-05-07 15:49:33.500,0.021,1,1,0.999835,0.00015915102,0.999835,4.964662e-08,5.969669e-06
512,32,sitting,2021-05-07 15:49:32.520,2021-05-07 15:49:34.500,0.021,1,1,0.9998874,0.00010885518,0.9998874,5.167204e-08,3.7117418e-06
512,33,walking,2021-05-07 15:49:39.080,2021-05-07 15:49:41.060,0.021,3,3,0.9989359,1.8836826e-06,1.6764225e-06,0.0010605921,0.9989359
512,33,walking,2021-05-07 15:49:40.080,2021-05-07 15:49:42.060,0.021,3,3,0.9980183,1.7124327e-06,1.5347294e-06,0.0019783436,0.9980183
512,35,walking,2021-05-07 15:49:43.439,2021-05-07 15:49:45.419,0.021,3,3,0.92703265,8.6161535e-06,1.0280194e-05,0.07294846,0.92703265
512,35,walking,2021-05-07 15:49:44.439,2021-05-07 15:49:46.419,0.021,3,3,0.99860483,7.9590575e-07,6.4354913e-07,0.0013937751,0.99860483
512,35,walking,2021-05-07 15:49:45.439,2021-05-07 15:49:47.419,0.021,3,3,0.9936084,2.7619978e-06,8.7573886e-07,0.0063880044,0.9936084
512,35,walking,2021-05-07 15:49:46.439,2021-05-07 15:49:48.419,0.021,3,3,0.9893605,1.334924e-06,7.734344e-07,0.010637342,0.9893605
512,35,walking,2021-05-07 15:49:47.439,2021-05-07 15:49:49.419,0.021,3,3,0.9996404,2.4128462e-07,3.4483985e-08,0.00035921045,0.9996404
512,35,walking,2021-05-07 15:49:48.439,2021-05-07 15:49:50.419,0.021,3,3,0.9995753,9.804427e-07,5.546611e-07,0.00042300022,0.9995753
512,35,walking,2021-05-07 15:49:49.439,2021-05-07 15:49:51.419,0.021,3,3,0.99802566,3.3757003e-06,5.2842793e-06,0.0019656874,0.99802566
512,35,walking,2021-05-07 15:49:50.439,2021-05-07 15:49:52.419,0.021,3,3,0.99920505,1.868668e-06,1.3268848e-06,0.00079161377,0.99920505
512,36,standing,2021-05-07 15:49:53.279,2021-05-07 15:49:55.259,0.021,2,2,0.9868251,1.8778374e-07,5.87294e-06,0.9868251,0.0131688835
512,36,standing,2021-05-07 15:49:54.279,2021-05-07 15:49:56.259,0.021,2,2,0.99640846,3.7060002e-07,8.399802e-06,0.99640846,0.0035826464
512,36,standing,2021-05-07 15:49:55.279,2021-05-07 15:49:57.259,0.021,2,2,0.998311,5.4650724e-07,8.876549e-06,0.998311,0.001679723
512,37,walking,2021-05-07 15:49:57.759,2021-05-07 15:49:59.740,0.021,3,3,0.9986139,4.8130705e-06,8.948425e-07,0.0013804731,0.9986139
512,37,walking,2021-05-07 15:49:58.759,2021-05-07 15:50:00.740,0.021,3,3,0.99274546,3.491262e-06,2.3276702e-06,0.0072486564,0.99274546
512,37,walking,2021-05-07 15:49:59.759,2021-05-07 15:50:01.740,0.021,3,3,0.98672915,3.3482859e-06,2.5814668e-06,0.0132648675,0.98672915
512,37,walking,2021-05-07 15:50:00.760,2021-05-07 15:50:02.740,0.021,3,3,0.96227455,8.323023e-06,8.351018e-06,0.03770879,0.96227455
512,37,walking,2021-05-07 15:50:01.760,2021-05-07 15:50:03.740,0.021,3,3,0.8777464,7.988988e-06,7.1991694e-06,0.12223845,0.8777464
512,37,walking,2021-05-07 15:50:02.760,2021-05-07 15:50:04.739,0.021,3,3,0.939326,5.522046e-06,5.0039866e-06,0.060663424,0.939326
512,38,standing,2021-05-07 15:50:05.239,2021-05-07 15:50:07.220,0.021,2,2,0.9756427,2.4790068e-06,1.1824577e-06,0.9756427,0.024353687
512,38,standing,2021-05-07 15:50:06.239,2021-05-07 15:50:08.220,0.021,2,2,0.9874356,2.2937093e-06,8.1683385e-07,0.9874356,0.012561402
512,38,standing,2021-05-07 15:50:07.239,2021-05-07 15:50:09.220,0.021,2,2,0.9879081,2.2775002e-06,8.941438e-07,0.9879081,0.01208861
512,38,standing,2021-05-07 15:50:08.239,2021-05-07 15:50:10.220,0.021,2,2,0.9879364,2.2486129e-06,9.740241e-07,0.9879364,0.012060346
512,38,standing,2021-05-07 15:50:09.239,2021-05-07 15:50:11.220,0.021,2,2,0.98914033,2.1281664e-06,8.910411e-07,0.98914033,0.010856486
512,38,standing,2021-05-07 15:50:10.239,2021-05-07 15:50:12.220,0.021,2,2,0.9868739,2.1581861e-06,8.897323e-07,0.9868739,0.01312306
512,38,standing,2021-05-07 15:50:11.239,2021-05-07 15:50:13.220,0.021,2,2,0.98401415,2.3266866e-06,9.2935e-07,0.98401415,0.01598261
512,38,standing,2021-05-07 15:50:12.239,2021-05-07 15:50:14.220,0.021,2,2,0.98516244,2.2853974e-06,9.515894e-07,0.98516244,0.0148342615
512,38,standing,2021-05-07 15:50:13.239,2021-05-07 15:50:15.220,0.021,2,2,0.98874295,2.0129248e-06,7.7904735e-07,0.98874295,0.011254267
512,38,standing,2021-05-07 15:50:14.239,2021-05-07 15:50:16.219,0.021,2,2,0.9901376,1.8783754e-06,6.560187e-07,0.9901376,0.00985991
512,38,standing,2021-05-07 15:50:15.239,2021-05-07 15:50:17.219,0.021,2,2,0.9917252,1.7245591e-06,6.418899e-07,0.9917252,0.008272396
512,39,walking,2021-05-07 15:50:18.040,2021-05-07 15:50:20.020,0.021,3,3,0.5541137,3.6781905e-05,5.0110146e-05,0.44579944,0.5541137
512,39,walking,2021-05-07 15:50:19.040,2021-05-07 15:50:21.020,0.021,3,3,0.61061937,1.5386575e-05,3.0011497e-05,0.38933527,0.61061937
512,39,walking,2021-05-07 15:50:20.040,2021-05-07 15:50:22.020,0.021,3,2,0.7245236,1.6795171e-05,3.7738355e-05,0.7245236,0.275422
512,39,walking,2021-05-07 15:50:21.040,2021-05-07 15:50:23.020,0.021,3,3,0.601276,1.7014992e-05,2.9449195e-05,0.39867753,0.601276
512,39,walking,2021-05-07 15:50:22.040,2021-05-07 15:50:24.020,0.021,3,3,0.9608784,1.3150638e-05,2.7842236e-05,0.03908063,0.9608784
512,39,walking,2021-05-07 15:50:23.040,2021-05-07 15:50:25.020,0.021,3,3,0.99732834,3.412666e-06,2.5662835e-06,0.0026655712,0.99732834
512,40,standing,2021-05-07 15:50:26.000,2021-05-07 15:50:27.979,0.021,2,2,0.9713105,1.1965286e-05,8.790789e-05,0.9713105,0.028589645
512,40,standing,2021-05-07 15:50:27.000,2021-05-07 15:50:28.979,0.021,2,2,0.9842779,8.955223e-06,0.00011088475,0.9842779,0.0156022515
512,41,walking,2021-05-07 15:50:29.119,2021-05-07 15:50:31.100,0.021,3,3,0.99040556,6.580271e-06,5.0615918e-06,0.009582861,0.99040556
512,41,walking,2021-05-07 15:50:30.119,2021-05-07 15:50:32.099,0.021,3,3,0.96695614,7.338902e-06,1.2399365e-05,0.033024024,0.96695614
512,41,walking,2021-05-07 15:50:31.119,2021-05-07 15:50:33.099,0.021,3,3,0.9922642,2.5492432e-06,7.9806495e-07,0.007732435,0.9922642
512,41,walking,2021-05-07 15:50:32.119,2021-05-07 15:50:34.099,0.021,3,3,0.999983,6.957915e-07,3.998936e-08,1.6207156e-05,0.999983
512,41,walking,2021-05-07 15:50:33.119,2021-05-07 15:50:35.099,0.021,3,3,0.9991671,4.844905e-06,7.7344714e-07,0.00082728657,0.9991671
512,41,walking,2021-05-07 15:50:34.119,2021-05-07 15:50:36.099,0.021,3,3,0.98857296,8.6088585e-06,1.2659331e-05,0.011405749,0.98857296
512,41,walking,2021-05-07 15:50:35.119,2021-05-07 15:50:37.099,0.021,3,3,0.9953636,5.3390804e-06,3.199377e-06,0.004627809,0.9953636
512,41,walking,2021-05-07 15:50:36.119,2021-05-07 15:50:38.099,0.021,3,3,0.960032,5.047569e-06,2.7553747e-06,0.03996024,0.960032
512,41,walking,2021-05-07 15:50:37.119,2021-05-07 15:50:39.099,0.021,3,3,0.94737107,1.163287e-05,1.2971118e-05,0.052604374,0.94737107
512,41,walking,2021-05-07 15:50:38.119,2021-05-07 15:50:40.099,0.021,3,3,0.98451656,4.9967507e-06,6.3291836e-06,0.015472106,0.98451656
512,41,walking,2021-05-07 15:50:39.119,2021-05-07 15:50:41.099,0.021,3,3,0.99212265,4.7938934e-06,9.461912e-06,0.007862975,0.99212265
512,41,walking,2021-05-07 15:50:40.119,2021-05-07 15:50:42.099,0.021,3,3,0.8267445,2.6333171e-05,7.7122444e-05,0.17315207,0.8267445
512,41,walking,2021-05-07 15:50:41.119,2021-05-07 15:50:43.099,0.021,3,3,0.94387454,1.3616616e-05,1.899534e-05,0.056092806,0.94387454
512,41,walking,2021-05-07 15:50:42.119,2021-05-07 15:50:44.099,0.021,3,3,0.9642104,1.195046e-05,1.7181785e-05,0.035760485,0.9642104
512,41,walking,2021-05-07 15:50:43.119,2021-05-07 15:50:45.099,0.021,3,3,0.9268537,1.1765194e-05,8.8143715e-06,0.07312563,0.9268537
512,41,walking,2021-05-07 15:50:44.119,2021-05-07 15:50:46.099,0.021,3,3,0.92361456,1.1234247e-05,1.6788665e-05,0.076357454,0.92361456
512,41,walking,2021-05-07 15:50:45.119,2021-05-07 15:50:47.099,0.021,3,3,0.9299917,1.3076461e-05,7.938448e-06,0.06998732,0.9299917
512,41,walking,2021-05-07 15:50:46.119,2021-05-07 15:50:48.099,0.021,3,3,0.9115923,1.617052e-05,2.766367e-05,0.08836386,0.9115923
512,41,walking,2021-05-07 15:50:47.119,2021-05-07 15:50:49.099,0.021,3,3,0.91876554,2.530975e-05,3.4583867e-05,0.08117458,0.91876554
512,41,walking,2021-05-07 15:50:48.119,2021-05-07 15:50:50.099,0.021,3,3,0.985462,9.464626e-06,4.3958303e-06,0.014524181,0.985462
512,41,walking,2021-05-07 15:50:49.119,2021-05-07 15:50:51.099,0.021,3,3,0.9681965,7.7517225e-06,5.95179e-06,0.0317899,0.9681965
512,41,walking,2021-05-07 15:50:50.119,2021-05-07 15:50:52.099,0.021,3,3,0.84571654,1.1205905e-05,7.975604e-06,0.15426433,0.84571654
512,42,standing,2021-05-07 15:50:52.639,2021-05-07 15:50:54.619,0.021,2,2,0.9954854,2.9895207e-06,4.250173e-06,0.9954854,0.0045073978
512,42,standing,2021-05-07 15:50:53.639,2021-05-07 15:50:55.619,0.021,2,2,0.99831456,1.3529819e-06,2.1764326e-06,0.99831456,0.0016818169
512,43,walking,2021-05-07 15:50:56.159,2021-05-07 15:50:58.139,0.021,3,3,0.9533403,1.9784822e-05,7.2176567e-06,0.046632744,0.9533403
512,43,walking,2021-05-07 15:50:57.159,2021-05-07 15:50:59.139,0.021,3,3,0.9931894,5.9861345e-06,3.975406e-06,0.006800587,0.9931894
512,43,walking,2021-05-07 15:50:58.159,2021-05-07 15:51:00.140,0.021,3,3,0.98686475,6.296397e-06,1.5967216e-05,0.013112955,0.98686475
512,43,walking,2021-05-07 15:50:59.159,2021-05-07 15:51:01.140,0.021,3,3,0.9694576,9.668828e-06,1.17024965e-05,0.030521015,0.9694576
512,43,walking,2021-05-07 15:51:00.160,2021-05-07 15:51:02.140,0.021,3,3,0.96937436,6.0056072e-06,3.650949e-06,0.030616,0.96937436
512,43,walking,2021-05-07 15:51:01.160,2021-05-07 15:51:03.140,0.021,3,3,0.94948715,1.3889719e-05,1.6706414e-05,0.05048223,0.94948715
512,43,walking,2021-05-07 15:51:02.160,2021-05-07 15:51:04.140,0.021,3,3,0.9593975,1.0424708e-05,7.125982e-06,0.04058501,0.9593975
512,43,walking,2021-05-07 15:51:03.160,2021-05-07 15:51:05.140,0.021,3,3,0.9955254,3.036318e-06,8.9925857e-07,0.0044705602,0.9955254
512,43,walking,2021-05-07 15:51:04.159,2021-05-07 15:51:06.140,0.021,3,3,0.9692213,6.679327e-06,3.239592e-06,0.030768838,0.9692213
512,43,walking,2021-05-07 15:51:05.159,2021-05-07 15:51:07.140,0.021,3,3,0.95651174,5.4377942e-06,2.9190394e-06,0.043479867,0.95651174
512,43,walking,2021-05-07 15:51:06.159,2021-05-07 15:51:08.140,0.021,3,3,0.9440008,8.33198e-06,5.553144e-06,0.055985253,0.9440008
512,43,walking,2021-05-07 15:51:07.159,2021-05-07 15:51:09.140,0.021,3,3,0.89817667,9.204742e-06,1.1270982e-05,0.10180283,0.89817667
512,43,walking,2021-05-07 15:51:08.159,2021-05-07 15:51:10.140,0.021,3,3,0.8370885,1.2618875e-05,1.2634553e-05,0.1628862,0.8370885
512,43,walking,2021-05-07 15:51:09.159,2021-05-07 15:51:11.140,0.021,3,3,0.9916653,2.0260377e-06,5.4934014e-07,0.008332159,0.9916653
512,43,walking,2021-05-07 15:51:10.159,2021-05-07 15:51:12.140,0.021,3,3,0.9950599,1.9068206e-06,7.3840647e-07,0.004937365,0.9950599
512,43,walking,2021-05-07 15:51:11.159,2021-05-07 15:51:13.140,0.021,3,3,0.8239578,2.345354e-05,2.3260929e-05,0.1759955,0.8239578
512,43,walking,2021-05-07 15:51:12.159,2021-05-07 15:51:14.140,0.021,3,3,0.9815304,8.02066e-06,6.542758e-06,0.018455068,0.9815304
512,43,walking,2021-05-07 15:51:13.159,2021-05-07 15:51:15.140,0.021,3,3,0.99709415,4.056716e-06,3.4091456e-06,0.0028983324,0.99709415
512,43,walking,2021-05-07 15:51:14.159,2021-05-07 15:51:16.139,0.021,3,3,0.9727996,1.251666e-05,2.7774402e-05,0.027160073,0.9727996
512,43,walking,2021-05-07 15:51:15.159,2021-05-07 15:51:17.139,0.021,3,3,0.9105258,2.7624454e-05,5.9338836e-05,0.08938725,0.9105258
512,43,walking,2021-05-07 15:51:16.159,2021-05-07 15:51:18.139,0.021,3,3,0.82668734,3.0797153e-05,0.0001321549,0.17314976,0.82668734
512,43,walking,2021-05-07 15:51:17.159,2021-05-07 15:51:19.139,0.021,3,3,0.7813507,3.1786265e-05,2.8665689e-05,0.21858892,0.7813507
512,44,standing,2021-05-07 15:51:19.959,2021-05-07 15:51:21.940,0.021,2,2,0.9875604,2.193756e-06,6.474942e-07,0.9875604,0.012436798
512,44,standing,2021-05-07 15:51:20.959,2021-05-07 15:51:22.940,0.021,2,2,0.9928798,1.3689801e-06,5.2630907e-07,0.9928798,0.007118328
512,45,walking,2021-05-07 15:51:23.760,2021-05-07 15:51:25.739,0.021,3,3,0.9488795,1.310316e-05,8.088436e-06,0.05109929,0.9488795
512,45,walking,2021-05-07 15:51:24.760,2021-05-07 15:51:26.739,0.021,3,3,0.96107453,9.287939e-06,1.0995589e-05,0.03890524,0.96107453
512,45,walking,2021-05-07 15:51:25.760,2021-05-07 15:51:27.739,0.021,3,3,0.9653608,8.074137e-06,5.103997e-06,0.03462597,0.9653608
512,45,walking,2021-05-07 15:51:26.760,2021-05-07 15:51:28.739,0.021,3,3,0.99255747,3.2842615e-06,7.0591375e-07,0.0074385284,0.99255747
512,45,walking,2021-05-07 15:51:27.760,2021-05-07 15:51:29.739,0.021,3,3,0.85131013,6.986073e-06,7.97687e-06,0.14867496,0.85131013
512,45,walking,2021-05-07 15:51:28.760,2021-05-07 15:51:30.739,0.021,3,3,0.82845545,8.821675e-06,1.6403392e-05,0.17151934,0.82845545
512,45,walking,2021-05-07 15:51:29.760,2021-05-07 15:51:31.739,0.021,3,3,0.9530774,1.5594062e-05,2.4635028e-05,0.046882357,0.9530774
512,45,walking,2021-05-07 15:51:30.760,2021-05-07 15:51:32.740,0.021,3,3,0.9329343,1.558043e-05,2.879756e-05,0.06702141,0.9329343
512,45,walking,2021-05-07 15:51:31.760,2021-05-07 15:51:33.740,0.021,3,3,0.9632421,1.1835312e-05,1.5530572e-05,0.03673055,0.9632421
512,45,walking,2021-05-07 15:51:32.759,2021-05-07 15:51:34.740,0.021,3,3,0.98437774,6.5274726e-06,5.4649818e-06,0.015610167,0.98437774
512,45,walking,2021-05-07 15:51:33.759,2021-05-07 15:51:35.740,0.021,3,3,0.9895303,3.1215725e-06,1.7407385e-06,0.010464783,0.9895303
512,45,walking,2021-05-07 15:51:34.759,2021-05-07 15:51:36.740,0.021,3,3,0.9921903,3.1634659e-06,7.632606e-06,0.0077988314,0.9921903
512,45,walking,2021-05-07 15:51:35.759,2021-05-07 15:51:37.740,0.021,3,3,0.99830455,1.933618e-06,5.8086147e-07,0.0016929752,0.99830455
512,45,walking,2021-05-07 15:51:36.759,2021-05-07 15:51:38.740,0.021,3,3,0.999643,5.3958325e-07,1.813116e-07,0.00035632204,0.999643
512,46,standing,2021-05-07 15:51:39.639,2021-05-07 15:51:41.619,0.021,2,2,0.6498799,0.0039319457,1.1600788e-05,0.6498799,0.34617656
512,46,standing,2021-05-07 15:51:40.639,2021-05-07 15:51:42.619,0.021,2,2,0.96501267,0.0016188339,2.265954e-06,0.96501267,0.033366177
512,46,standing,2021-05-07 15:51:41.639,2021-05-07 15:51:43.619,0.021,2,2,0.9942162,0.0032155637,3.2418278e-08,0.9942162,0.0025682384
512,47,walking,2021-05-07 15:51:44.560,2021-05-07 15:51:46.540,0.021,3,3,0.9992215,2.9338992e-06,7.797808e-06,0.00076763955,0.9992215
512,47,walking,2021-05-07 15:51:45.560,2021-05-07 15:51:47.540,0.021,3,3,0.9993101,7.737084e-07,1.1907821e-06,0.00068807777,0.9993101
512,47,walking,2021-05-07 15:51:46.560,2021-05-07 15:51:48.540,0.021,3,3,0.99924725,1.830101e-06,9.0800535e-07,0.0007501426,0.99924725
512,47,walking,2021-05-07 15:51:47.560,2021-05-07 15:51:49.540,0.021,3,3,0.99801975,2.5215497e-06,1.1945015e-06,0.0019765615,0.99801975
512,47,walking,2021-05-07 15:51:48.560,2021-05-07 15:51:50.540,0.021,3,3,0.9996142,5.286342e-07,2.6217828e-07,0.00038507255,0.9996142
512,47,walking,2021-05-07 15:51:49.560,2021-05-07 15:51:51.540,0.021,3,3,0.9673362,6.51836e-06,6.971458e-06,0.03265026,0.9673362
512,48,standing,2021-05-07 15:51:52.360,2021-05-07 15:51:54.340,0.021,2,2,0.98237187,3.000269e-06,1.6926836e-06,0.98237187,0.0176234
512,48,standing,2021-05-07 15:51:53.360,2021-05-07 15:51:55.340,0.021,2,2,0.9928921,1.6510705e-06,1.351026e-06,0.9928921,0.0071049603
512,49,walking,2021-05-07 15:51:55.520,2021-05-07 15:51:57.500,0.021,3,3,0.9925402,9.173671e-06,4.8388665e-06,0.007445823,0.9925402
512,51,walking,2021-05-07 15:51:58.639,2021-05-07 15:52:00.619,0.021,3,3,0.8855876,1.3695667e-05,1.3467257e-05,0.114385225,0.8855876
512,51,walking,2021-05-07 15:51:59.639,2021-05-07 15:52:01.619,0.021,3,3,0.9877522,4.276946e-06,9.402908e-06,0.012234128,0.9877522
512,51,walking,2021-05-07 15:52:00.640,2021-05-07 15:52:02.619,0.021,3,3,0.99592584,2.862264e-06,1.7710917e-06,0.004069442,0.99592584
512,51,walking,2021-05-07 15:52:01.640,2021-05-07 15:52:03.619,0.021,3,3,0.9784581,2.8889574e-06,2.087825e-06,0.02153694,0.9784581
512,54,walking,2021-05-07 15:52:04.640,2021-05-07 15:52:06.619,0.021,3,3,0.9991348,2.3563874e-07,3.9263128e-08,0.00086487655,0.9991348
512,54,walking,2021-05-07 15:52:05.640,2021-05-07 15:52:07.619,0.021,3,3,0.99994534,1.4494557e-07,1.1495432e-08,5.4379147e-05,0.99994534
512,54,walking,2021-05-07 15:52:06.640,2021-05-07 15:52:08.619,0.021,3,3,0.99981093,5.7432646e-07,1.7010257e-06,0.00018670893,0.99981093
512,54,walking,2021-05-07 15:52:07.640,2021-05-07 15:52:09.619,0.021,3,3,0.99996,1.5365741e-07,6.347751e-08,3.9669132e-05,0.99996
512,54,walking,2021-05-07 15:52:08.640,2021-05-07 15:52:10.619,0.021,3,3,0.99824476,1.5936805e-06,2.3883854e-06,0.0017512824,0.99824476
512,54,walking,2021-05-07 15:52:09.640,2021-05-07 15:52:11.619,0.021,3,3,0.99977803,1.4457318e-07,4.1433633e-08,0.00022176474,0.99977803
512,54,walking,2021-05-07 15:52:10.640,2021-05-07 15:52:12.619,0.021,3,3,0.99951327,4.329268e-07,5.883407e-08,0.0004862925,0.99951327
512,58,walking,2021-05-07 15:52:36.400,2021-05-07 15:52:38.380,0.021,3,3,0.9181947,1.3696784e-05,0.0007528316,0.081038706,0.9181947
512,58,walking,2021-05-07 15:52:37.400,2021-05-07 15:52:39.380,0.021,3,3,0.99706423,1.3771903e-06,5.016753e-07,0.0029338063,0.99706423
512,60,standing,2021-05-07 15:52:40.200,2021-05-07 15:52:42.180,0.021,2,2,0.9968954,1.6504018e-06,2.5386098e-05,0.9968954,0.0030776267
512,61,walking,2021-05-07 15:52:42.319,2021-05-07 15:52:44.299,0.021,3,3,0.98795646,2.6551195e-06,3.00502e-06,0.012037913,0.98795646
512,61,walking,2021-05-07 15:52:43.319,2021-05-07 15:52:45.299,0.021,3,3,0.99987966,2.4913453e-07,6.6548364e-07,0.000119310615,0.99987966
512,63,walking,2021-05-07 15:53:11.880,2021-05-07 15:53:13.859,0.021,3,3,0.99998647,8.9064244e-08,1.4080062e-07,1.3182315e-05,0.99998647
512,63,walking,2021-05-07 15:53:12.880,2021-05-07 15:53:14.859,0.021,3,3,0.9991207,7.644722e-07,1.8211674e-07,0.00087827165,0.9991207
512,65,walking,2021-05-07 15:53:16.959,2021-05-07 15:53:18.940,0.021,3,3,0.98019314,2.9248565e-06,7.684786e-07,0.019803107,0.98019314
512,65,walking,2021-05-07 15:53:17.959,2021-05-07 15:53:19.940,0.021,3,3,0.9808857,3.0179967e-06,1.6698605e-06,0.019109633,0.9808857
512,65,walking,2021-05-07 15:53:18.959,2021-05-07 15:53:20.940,0.021,3,3,0.99915874,6.808181e-07,5.291006e-06,0.0008352575,0.99915874
512,65,walking,2021-05-07 15:53:19.959,2021-05-07 15:53:21.940,0.021,3,3,0.99546206,2.2232177e-06,4.5579614e-05,0.004490223,0.99546206
512,65,walking,2021-05-07 15:53:20.959,2021-05-07 15:53:22.940,0.021,3,3,0.98121727,1.7777427e-06,5.445919e-06,0.018775469,0.98121727
512,67,walking,2021-05-07 15:53:32.840,2021-05-07 15:53:34.819,0.021,3,3,0.9874101,4.3148534e-06,6.1343458e-06,0.012579361,0.9874101
512,69,walking,2021-05-07 15:53:45.319,2021-05-07 15:53:47.299,0.021,3,3,0.99841905,1.3731142e-06,1.6771497e-07,0.0015793561,0.99841905
512,69,walking,2021-05-07 15:53:46.319,2021-05-07 15:53:48.299,0.021,3,3,0.9999884,8.256333e-08,2.5397593e-08,1.1503951e-05,0.9999884
512,69,walking,2021-05-07 15:53:47.319,2021-05-07 15:53:49.299,0.021,3,3,0.99929017,1.0034336e-06,6.12606e-06,0.00070273544,0.99929017
512,69,walking,2021-05-07 15:53:48.319,2021-05-07 15:53:50.299,0.021,3,3,0.96054333,5.4065945e-06,4.5775225e-05,0.03940549,0.96054333
512,69,walking,2021-05-07 15:53:49.319,2021-05-07 15:53:51.299,0.021,3,3,0.9902151,1.0797144e-06,7.0126146e-07,0.009783017,0.9902151
512,69,walking,2021-05-07 15:53:50.319,2021-05-07 15:53:52.299,0.021,3,3,0.9992718,4.784938e-07,5.4810137e-08,0.00072761026,0.9992718
512,69,walking,2021-05-07 15:53:51.319,2021-05-07 15:53:53.299,0.021,3,3,0.9978665,8.6271945e-07,7.0244636e-07,0.0021319166,0.9978665
512,70,standing,2021-05-07 15:53:53.639,2021-05-07 15:53:55.619,0.021,2,2,0.98721915,1.8693861e-06,1.9169569e-05,0.98721915,0.012759834
512,70,standing,2021-05-07 15:53:54.639,2021-05-07 15:53:56.619,0.021,2,2,0.9874782,2.965969e-06,1.0769955e-05,0.9874782,0.01250802
512,70,standing,2021-05-07 15:53:55.639,2021-05-07 15:53:57.619,0.021,2,2,0.99701965,5.6166647e-07,4.0470813e-06,0.99701965,0.0029755998
512,70,standing,2021-05-07 15:53:56.639,2021-05-07 15:53:58.619,0.021,2,2,0.99776584,5.2384115e-07,4.7346434e-06,0.99776584,0.0022289583
512,70,standing,2021-05-07 15:53:57.639,2021-05-07 15:53:59.619,0.021,2,2,0.9989153,5.6767993e-07,5.5435753e-06,0.9989153,0.0010785826
512,70,standing,2021-05-07 15:53:58.639,2021-05-07 15:54:00.619,0.021,2,2,0.9993095,4.925065e-07,5.129936e-06,0.9993095,0.0006849472
512,70,standing,2021-05-07 15:53:59.639,2021-05-07 15:54:01.619,0.021,2,2,0.99907476,5.582638e-07,5.157326e-06,0.99907476,0.0009195998
512,70,standing,2021-05-07 15:54:00.640,2021-05-07 15:54:02.619,0.021,2,2,0.9970525,1.109543e-06,7.1179475e-06,0.9970525,0.0029393209
512,70,standing,2021-05-07 15:54:01.640,2021-05-07 15:54:03.619,0.021,2,2,0.99495006,1.647879e-06,8.842043e-06,0.99495006,0.005039505
512,70,standing,2021-05-07 15:54:02.640,2021-05-07 15:54:04.619,0.021,2,2,0.99747324,9.5355347e-07,6.231247e-06,0.99747324,0.0025196092
512,70,standing,2021-05-07 15:54:03.640,2021-05-07 15:54:05.619,0.021,2,2,0.997996,5.6558946e-07,3.8128842e-06,0.997996,0.0019996003
512,70,standing,2021-05-07 15:54:04.640,2021-05-07 15:54:06.619,0.021,2,2,0.9983006,3.498684e-07,2.072879e-06,0.9983006,0.0016970008
512,74,standing,2021-05-07 15:54:08.520,2021-05-07 15:54:10.500,0.021,2,2,0.971382,2.8187324e-06,9.205168e-07,0.971382,0.028614255
512,74,standing,2021-05-07 15:54:09.520,2021-05-07 15:54:11.500,0.021,2,2,0.98665553,1.7616178e-06,6.9331355e-07,0.98665553,0.013342054
512,74,standing,2021-05-07 15:54:10.520,2021-05-07 15:54:12.500,0.021,2,2,0.986277,1.7830541e-06,6.915376e-07,0.986277,0.013720616
512,74,standing,2021-05-07 15:54:11.520,2021-05-07 15:54:13.500,0.021,2,2,0.985345,1.8040234e-06,7.4338084e-07,0.985345,0.014652335
512,74,standing,2021-05-07 15:54:12.520,2021-05-07 15:54:14.500,0.021,2,2,0.9835851,1.9348488e-06,7.3487405e-07,0.9835851,0.016412176
512,74,standing,2021-05-07 15:54:13.520,2021-05-07 15:54:15.500,0.021,2,2,0.98427665,1.8702937e-06,5.98088e-07,0.98427665,0.015720926
512,75,walking,2021-05-07 15:54:16.040,2021-05-07 15:54:18.020,0.021,3,2,0.7859377,8.030405e-06,2.5862682e-05,0.7859377,0.2140283
512,75,walking,2021-05-07 15:54:17.040,2021-05-07 15:54:19.020,0.021,3,2,0.5112863,1.8666107e-05,0.00011560934,0.5112863,0.48857936
512,75,walking,2021-05-07 15:54:18.040,2021-05-07 15:54:20.020,0.021,3,3,0.9076694,1.2913328e-05,3.222738e-05,0.092285424,0.9076694
512,77,standing,2021-05-07 15:54:21.559,2021-05-07 15:54:23.540,0.021,2,2,0.99645716,1.1613744e-06,1.5577023e-06,0.99645716,0.0035400505
512,77,standing,2021-05-07 15:54:22.559,2021-05-07 15:54:24.540,0.021,2,2,0.9955166,9.0326273e-07,1.5497126e-06,0.9955166,0.0044807983
512,77,standing,2021-05-07 15:54:23.559,2021-05-07 15:54:25.540,0.021,2,2,0.996984,1.9849167e-06,3.4817208e-06,0.996984,0.0030104069
512,77,standing,2021-05-07 15:54:24.559,2021-05-07 15:54:26.540,0.021,2,2,0.9976294,2.7006727e-06,2.808665e-06,0.9976294,0.002365098
512,77,standing,2021-05-07 15:54:25.559,2021-05-07 15:54:27.540,0.021,2,2,0.9900048,2.3659773e-06,1.981686e-06,0.9900048,0.009990873
512,77,standing,2021-05-07 15:54:26.559,2021-05-07 15:54:28.540,0.021,2,2,0.98831034,1.7419234e-06,1.8404589e-06,0.98831034,0.011686205
512,77,standing,2021-05-07 15:54:27.559,2021-05-07 15:54:29.540,0.021,2,2,0.9937287,1.1696607e-06,1.6028953e-06,0.9937287,0.0062685814
512,77,standing,2021-05-07 15:54:28.559,2021-05-07 15:54:30.540,0.021,2,2,0.9530616,6.8132467e-06,3.0612805e-06,0.9530616,0.046928573
512,77,standing,2021-05-07 15:54:29.559,2021-05-07 15:54:31.540,0.021,2,2,0.92421526,1.2878134e-05,3.3920933e-06,0.92421526,0.07576849
512,77,standing,2021-05-07 15:54:30.559,2021-05-07 15:54:32.540,0.021,2,2,0.9905803,2.7065607e-06,1.4050668e-06,0.9905803,0.009415558
512,77,standing,2021-05-07 15:54:31.559,2021-05-07 15:54:33.540,0.021,2,2,0.9943435,1.4199491e-06,1.0272905e-06,0.9943435,0.0056539853
512,78,walking,2021-05-07 15:54:34.279,2021-05-07 15:54:36.259,0.021,3,3,0.9838346,2.1991373e-05,8.164971e-06,0.016135233,0.9838346
512,78,walking,2021-05-07 15:54:35.279,2021-05-07 15:54:37.259,0.021,3,3,0.9773175,1.4725132e-05,1.36337e-05,0.02265406,0.9773175
512,81,standing,2021-05-07 15:54:39.240,2021-05-07 15:54:41.220,0.021,2,2,0.9917449,1.3828651e-06,5.2163534e-07,0.9917449,0.008253285
512,81,standing,2021-05-07 15:54:40.240,2021-05-07 15:54:42.220,0.021,2,2,0.9949338,1.0862157e-06,4.2347307e-07,0.9949338,0.005064739
512,83,standing,2021-05-07 15:54:43.840,2021-05-07 15:54:45.819,0.021,2,2,0.97308415,2.450489e-06,4.1150383e-07,0.97308415,0.026913023
512,83,standing,2021-05-07 15:54:44.840,2021-05-07 15:54:46.819,0.021,2,2,0.9853004,1.7055842e-06,2.2965517e-07,0.9853004,0.0146975815
512,83,standing,2021-05-07 15:54:45.840,2021-05-07 15:54:47.819,0.021,2,2,0.9841519,1.7433421e-06,3.2276557e-07,0.9841519,0.015845966
512,85,standing,2021-05-07 15:54:48.840,2021-05-07 15:54:50.819,0.021,2,2,0.9974355,8.635253e-07,2.1507047e-05,0.9974355,0.0025421956
512,86,walking,2021-05-07 15:54:51.080,2021-05-07 15:54:53.060,0.021,3,3,0.9015834,1.1629756e-05,1.3124472e-05,0.09839184,0.9015834
512,86,walking,2021-05-07 15:54:52.080,2021-05-07 15:54:54.060,0.021,3,3,0.92951757,1.0975788e-05,1.2835472e-05,0.070458665,0.92951757
512,86,walking,2021-05-07 15:54:53.080,2021-05-07 15:54:55.060,0.021,3,3,0.9707613,6.2301697e-06,1.6818796e-05,0.029215584,0.9707613
512,86,walking,2021-05-07 15:54:54.080,2021-05-07 15:54:56.060,0.021,3,3,0.9947765,3.2898843e-06,9.043115e-06,0.0052111847,0.9947765
512,86,walking,2021-05-07 15:54:55.080,2021-05-07 15:54:57.060,0.021,3,3,0.9971802,5.6416998e-06,2.862662e-06,0.0028112559,0.9971802
512,86,walking,2021-05-07 15:54:56.080,2021-05-07 15:54:58.060,0.021,3,3,0.99558145,4.894127e-06,5.6287668e-06,0.004408035,0.99558145
512,86,walking,2021-05-07 15:54:57.080,2021-05-07 15:54:59.060,0.021,3,3,0.98831254,6.241176e-06,4.2431316e-06,0.011677006,0.98831254
512,86,walking,2021-05-07 15:54:58.080,2021-05-07 15:55:00.059,0.021,3,3,0.96804595,4.051061e-06,1.8293915e-06,0.03194816,0.96804595
512,86,walking,2021-05-07 15:54:59.080,2021-05-07 15:55:01.059,0.021,3,3,0.81198335,6.248673e-06,7.971804e-06,0.18800245,0.81198335
512,86,walking,2021-05-07 15:55:00.079,2021-05-07 15:55:02.059,0.021,3,3,0.8975799,1.07457945e-05,4.022612e-06,0.10240527,0.8975799
512,86,walking,2021-05-07 15:55:01.079,2021-05-07 15:55:03.059,0.021,3,3,0.93976784,5.0474823e-06,4.945288e-06,0.06022218,0.93976784
512,88,sitting,2021-05-07 15:55:07.079,2021-05-07 15:55:09.059,0.021,1,1,0.99999624,2.5557138e-06,0.99999624,4.540194e-08,1.2212033e-06
512,88,sitting,2021-05-07 15:55:08.079,2021-05-07 15:55:10.059,0.021,1,1,0.99999434,4.5333845e-06,0.99999434,9.442439e-08,9.872164e-07
512,88,sitting,2021-05-07 15:55:09.079,2021-05-07 15:55:11.059,0.021,1,1,0.99999195,6.8578993e-06,0.99999195,1.3248464e-07,9.247856e-07
512,88,sitting,2021-05-07 15:55:10.079,2021-05-07 15:55:12.059,0.021,1,1,0.9999822,1.6312057e-05,0.9999822,1.8569337e-07,1.1673294e-06
512,88,sitting,2021-05-07 15:55:11.079,2021-05-07 15:55:13.059,0.021,1,1,0.9999575,4.075766e-05,0.9999575,2.3490684e-07,1.4737723e-06
512,88,sitting,2021-05-07 15:55:12.079,2021-05-07 15:55:14.059,0.021,1,1,0.99998647,1.1638024e-05,0.99998647,1.7034439e-07,1.710296e-06
512,88,sitting,2021-05-07 15:55:13.079,2021-05-07 15:55:15.059,0.021,1,1,0.99998814,9.712605e-06,0.99998814,1.8725319e-07,1.8909504e-06
512,88,sitting,2021-05-07 15:55:14.079,2021-05-07 15:55:16.059,0.021,1,1,0.99998087,1.7054908e-05,0.99998087,2.2393975e-07,1.7292392e-06
512,88,sitting,2021-05-07 15:55:15.079,2021-05-07 15:55:17.059,0.021,1,1,0.99998254,1.5544134e-05,0.99998254,2.2016191e-07,1.6808394e-06
512,88,sitting,2021-05-07 15:55:16.079,2021-05-07 15:55:18.059,0.021,1,1,0.999981,1.7191524e-05,0.999981,2.4221586e-07,1.5148906e-06
512,88,sitting,2021-05-07 15:55:17.079,2021-05-07 15:55:19.059,0.021,1,1,0.9999847,1.3615524e-05,0.9999847,2.4270767e-07,1.4073761e-06
512,88,sitting,2021-05-07 15:55:18.079,2021-05-07 15:55:20.059,0.021,1,1,0.99998266,1.5660673e-05,0.99998266,2.581437e-07,1.3962745e-06
512,88,sitting,2021-05-07 15:55:19.079,2021-05-07 15:55:21.059,0.021,1,1,0.99998325,1.5062282e-05,0.99998325,2.6210628e-07,1.4009116e-06
512,88,sitting,2021-05-07 15:55:20.079,2021-05-07 15:55:22.059,0.021,1,1,0.9999842,1.4189366e-05,0.9999842,2.6013822e-07,1.3361091e-06
512,88,sitting,2021-05-07 15:55:21.079,2021-05-07 15:55:23.059,0.021,1,1,0.99998003,1.8411092e-05,0.99998003,2.579951e-07,1.2998427e-06
512,88,sitting,2021-05-07 15:55:22.079,2021-05-07 15:55:24.059,0.021,1,1,0.999988,1.0320424e-05,0.999988,2.0991651e-07,1.3048931e-06
512,88,sitting,2021-05-07 15:55:23.079,2021-05-07 15:55:25.059,0.021,1,1,0.9999905,7.889725e-06,0.9999905,1.7929027e-07,1.3574341e-06
512,88,sitting,2021-05-07 15:55:24.079,2021-05-07 15:55:26.059,0.021,1,1,0.9999946,4.015411e-06,0.9999946,1.2224018e-07,1.2230369e-06
512,88,sitting,2021-05-07 15:55:25.079,2021-05-07 15:55:27.059,0.021,1,1,0.9999955,3.2074247e-06,0.9999955,9.9115454e-08,1.0663967e-06
512,88,sitting,2021-05-07 15:55:26.079,2021-05-07 15:55:28.059,0.021,1,1,0.9999986,3.9961103e-07,0.9999986,1.6380863e-08,9.461278e-07
512,88,sitting,2021-05-07 15:55:27.079,2021-05-07 15:55:29.059,0.021,1,1,0.99999803,4.9981868e-08,0.99999803,3.926826e-09,1.8696197e-06
512,88,sitting,2021-05-07 15:55:28.079,2021-05-07 15:55:30.059,0.021,1,1,0.9999967,1.5056494e-07,0.9999967,1.218263e-08,3.1141944e-06
512,88,sitting,2021-05-07 15:55:29.079,2021-05-07 15:55:31.059,0.021,1,1,0.9999973,1.5782211e-07,0.9999973,1.5802565e-08,2.500123e-06
512,88,sitting,2021-05-07 15:55:30.079,2021-05-07 15:55:32.060,0.021,1,1,0.99999744,1.1860123e-07,0.99999744,1.3313316e-08,2.3814243e-06
512,88,sitting,2021-05-07 15:55:31.079,2021-05-07 15:55:33.060,0.021,1,1,0.99999744,1.2742781e-07,0.99999744,1.3734798e-08,2.4153603e-06
512,88,sitting,2021-05-07 15:55:32.080,2021-05-07 15:55:34.060,0.021,1,1,0.99999744,1.2698828e-07,0.99999744,1.4399574e-08,2.3606892e-06
512,88,sitting,2021-05-07 15:55:33.080,2021-05-07 15:55:35.060,0.021,1,1,0.99999756,1.301969e-07,0.99999756,1.4766717e-08,2.2652614e-06
512,88,sitting,2021-05-07 15:55:34.080,2021-05-07 15:55:36.060,0.021,1,1,0.99999756,1.2613268e-07,0.99999756,1.394617e-08,2.251454e-06
512,88,sitting,2021-05-07 15:55:35.080,2021-05-07 15:55:37.060,0.021,1,1,0.99999756,1.3367801e-07,0.99999756,1.402636e-08,2.2811018e-06
512,88,sitting,2021-05-07 15:55:36.080,2021-05-07 15:55:38.060,0.021,1,1,0.99999756,1.3041785e-07,0.99999756,1.3694568e-08,2.2502431e-06
512,88,sitting,2021-05-07 15:55:37.080,2021-05-07 15:55:39.060,0.021,1,1,0.9999977,1.3385535e-07,0.9999977,1.0495146e-08,2.1864316e-06
512,88,sitting,2021-05-07 15:55:38.080,2021-05-07 15:55:40.060,0.021,1,1,0.9999973,3.1568652e-07,0.9999973,9.632703e-09,2.2831669e-06
512,88,sitting,2021-05-07 15:55:39.080,2021-05-07 15:55:41.060,0.021,1,1,0.9999977,4.9070707e-07,0.9999977,7.525318e-09,1.831039e-06
512,88,sitting,2021-05-07 15:55:40.080,2021-05-07 15:55:42.060,0.021,1,1,0.9999935,4.8069264e-06,0.9999935,3.7907302e-08,1.685005e-06
512,88,sitting,2021-05-07 15:55:41.080,2021-05-07 15:55:43.060,0.021,1,1,0.99993736,6.0628558e-05,0.99993736,2.76917e-07,1.6460915e-06
512,88,sitting,2021-05-07 15:55:42.080,2021-05-07 15:55:44.060,0.021,1,1,0.99995977,3.8440456e-05,0.99995977,2.1504529e-07,1.5902249e-06
512,88,sitting,2021-05-07 15:55:43.080,2021-05-07 15:55:45.060,0.021,1,1,0.99995714,4.0682076e-05,0.99995714,2.4618208e-07,1.8893164e-06
512,88,sitting,2021-05-07 15:55:44.080,2021-05-07 15:55:46.060,0.021,1,1,0.999983,1.5218419e-05,0.999983,1.14705294e-07,1.5678753e-06
512,88,sitting,2021-05-07 15:55:45.080,2021-05-07 15:55:47.060,0.021,1,1,0.9999953,1.0313596e-06,0.9999953,1.8674742e-08,3.5227868e-06
512,88,sitting,2021-05-07 15:55:46.080,2021-05-07 15:55:48.060,0.021,1,1,0.999991,2.9201422e-07,0.999991,8.853718e-09,8.6914815e-06
512,88,sitting,2021-05-07 15:55:47.080,2021-05-07 15:55:49.060,0.021,1,1,0.9999935,2.86395e-07,0.9999935,8.102658e-09,6.168538e-06
512,88,sitting,2021-05-07 15:55:48.080,2021-05-07 15:55:50.060,0.021,1,1,0.9999942,2.5849576e-07,0.9999942,7.0961335e-09,5.4831407e-06
512,88,sitting,2021-05-07 15:55:49.080,2021-05-07 15:55:51.060,0.021,1,1,0.99999374,2.5732584e-07,0.99999374,7.165836e-09,5.9821414e-06
512,88,sitting,2021-05-07 15:55:50.080,2021-05-07 15:55:52.060,0.021,1,1,0.9999935,2.9707635e-07,0.9999935,8.128586e-09,6.173658e-06
512,88,sitting,2021-05-07 15:55:51.080,2021-05-07 15:55:53.060,0.021,1,1,0.9999946,2.560614e-07,0.9999946,9.549023e-09,5.1587867e-06
512,88,sitting,2021-05-07 15:55:52.080,2021-05-07 15:55:54.060,0.021,1,1,0.99999577,2.281164e-07,0.99999577,1.0723885e-08,3.9725387e-06
512,88,sitting,2021-05-07 15:55:53.080,2021-05-07 15:55:55.060,0.021,1,1,0.99999636,2.2088906e-07,0.99999636,1.1322345e-08,3.3662889e-06
512,88,sitting,2021-05-07 15:55:54.080,2021-05-07 15:55:56.060,0.021,1,1,0.99999624,2.1426824e-07,0.99999624,1.1828204e-08,3.4578043e-06
512,88,sitting,2021-05-07 15:55:55.080,2021-05-07 15:55:57.060,0.021,1,1,0.9999961,2.154571e-07,0.9999961,1.2121849e-08,3.5914554e-06
512,88,sitting,2021-05-07 15:55:56.080,2021-05-07 15:55:58.060,0.021,1,1,0.99999624,1.9555468e-07,0.99999624,1.2392448e-08,3.4711459e-06
512,88,sitting,2021-05-07 15:55:57.080,2021-05-07 15:55:59.060,0.021,1,1,0.9999965,1.8547428e-07,0.9999965,1.1614594e-08,3.2591745e-06
512,88,sitting,2021-05-07 15:55:58.080,2021-05-07 15:56:00.059,0.021,1,1,0.99999684,2.0794636e-07,0.99999684,1.20665185e-08,2.8095742e-06
512,88,sitting,2021-05-07 15:55:59.080,2021-05-07 15:56:01.059,0.021,1,1,0.9999971,2.1744059e-07,0.9999971,1.2224649e-08,2.61267e-06
512,88,sitting,2021-05-07 15:56:00.079,2021-05-07 15:56:02.059,0.021,1,1,0.9999971,2.0332857e-07,0.9999971,1.22539e-08,2.6618538e-06
512,88,sitting,2021-05-07 15:56:01.079,2021-05-07 15:56:03.059,0.021,1,1,0.9999971,1.8070385e-07,0.9999971,1.1575721e-08,2.6695566e-06
512,88,sitting,2021-05-07 15:56:02.079,2021-05-07 15:56:04.059,0.021,1,1,0.99999696,1.8439677e-07,0.99999696,1.2115503e-08,2.7081844e-06
512,88,sitting,2021-05-07 15:56:03.079,2021-05-07 15:56:05.059,0.021,1,1,0.99999696,2.2652286e-07,0.99999696,1.3824389e-08,2.7257208e-06
512,88,sitting,2021-05-07 15:56:04.079,2021-05-07 15:56:06.059,0.021,1,1,0.9999973,1.4676489e-07,0.9999973,8.656169e-09,2.4738533e-06
512,88,sitting,2021-05-07 15:56:05.079,2021-05-07 15:56:07.059,0.021,1,1,0.9999984,1.0341831e-07,0.9999984,4.3649955e-09,1.4862336e-06
512,88,sitting,2021-05-07 15:56:06.079,2021-05-07 15:56:08.059,0.021,1,1,0.9999977,2.3969014e-07,0.9999977,9.74629e-09,2.0803352e-06
512,88,sitting,2021-05-07 15:56:07.079,2021-05-07 15:56:09.059,0.021,1,1,0.9999955,2.650692e-07,0.9999955,1.2719559e-08,4.1546605e-06
512,88,sitting,2021-05-07 15:56:08.079,2021-05-07 15:56:10.059,0.021,1,1,0.99999636,2.0608081e-07,0.99999636,1.1287091e-08,3.378681e-06
512,88,sitting,2021-05-07 15:56:09.079,2021-05-07 15:56:11.059,0.021,1,1,0.99999636,1.336799e-07,0.99999636,9.540574e-09,3.400984e-06
512,88,sitting,2021-05-07 15:56:10.079,2021-05-07 15:56:12.059,0.021,1,1,0.99999636,1.328647e-07,0.99999636,1.0096671e-08,3.4867198e-06
512,88,sitting,2021-05-07 15:56:11.079,2021-05-07 15:56:13.059,0.021,1,1,0.99999624,1.6742288e-07,0.99999624,1.2561075e-08,3.554885e-06
512,88,sitting,2021-05-07 15:56:12.079,2021-05-07 15:56:14.059,0.021,1,1,0.9999967,1.5949792e-07,0.9999967,1.3943233e-08,3.1523825e-06
512,88,sitting,2021-05-07 15:56:13.079,2021-05-07 15:56:15.059,0.021,1,1,0.9999971,1.1549494e-07,0.9999971,1.1495368e-08,2.7731558e-06
512,88,sitting,2021-05-07 15:56:14.079,2021-05-07 15:56:16.059,0.021,1,1,0.99999696,1.3064108e-07,0.99999696,1.19786705e-08,2.8547117e-06
512,88,sitting,2021-05-07 15:56:15.079,2021-05-07 15:56:17.059,0.021,1,1,0.9999972,1.4584943e-07,0.9999972,1.2954604e-08,2.6103294e-06
512,88,sitting,2021-05-07 15:56:16.079,2021-05-07 15:56:18.059,0.021,1,1,0.9999972,1.3231426e-07,0.9999972,1.1669894e-08,2.6616356e-06
512,88,sitting,2021-05-07 15:56:17.079,2021-05-07 15:56:19.059,0.021,1,1,0.99999696,1.04428665e-07,0.99999696,9.209555e-09,2.9111545e-06
512,88,sitting,2021-05-07 15:56:18.079,2021-05-07 15:56:20.059,0.021,1,1,0.9999967,6.174944e-08,0.9999967,6.567375e-09,3.093722e-06
512,88,sitting,2021-05-07 15:56:19.079,2021-05-07 15:56:21.059,0.021,1,1,0.99999624,6.064291e-08,0.99999624,6.927166e-09,3.5353169e-06
512,88,sitting,2021-05-07 15:56:20.079,2021-05-07 15:56:22.059,0.021,1,1,0.9999965,1.2640807e-07,0.9999965,1.0102412e-08,3.316756e-06
512,88,sitting,2021-05-07 15:56:21.079,2021-05-07 15:56:23.059,0.021,1,1,0.9999971,2.2949709e-07,0.9999971,1.4904371e-08,2.6759928e-06
512,88,sitting,2021-05-07 15:56:22.079,2021-05-07 15:56:24.059,0.021,1,1,0.9999971,1.9215399e-07,0.9999971,1.1084126e-08,2.6001646e-06
512,88,sitting,2021-05-07 15:56:23.079,2021-05-07 15:56:25.059,0.021,1,1,0.99999696,1.6718414e-07,0.99999696,9.071186e-09,2.8635407e-06
512,88,sitting,2021-05-07 15:56:24.079,2021-05-07 15:56:26.059,0.021,1,1,0.99999696,1.4033932e-07,0.99999696,7.779178e-09,2.8566835e-06
512,88,sitting,2021-05-07 15:56:25.079,2021-05-07 15:56:27.059,0.021,1,1,0.9999973,8.539056e-08,0.9999973,4.083507e-09,2.5044278e-06
512,88,sitting,2021-05-07 15:56:26.079,2021-05-07 15:56:28.059,0.021,1,1,0.9999978,9.325879e-08,0.9999978,4.884804e-09,2.0495404e-06
512,88,sitting,2021-05-07 15:56:27.079,2021-05-07 15:56:29.059,0.021,1,1,0.9999971,1.1889177e-07,0.9999971,5.746717e-09,2.6855057e-06
512,88,sitting,2021-05-07 15:56:28.079,2021-05-07 15:56:30.059,0.021,1,1,0.9999966,1.4438677e-07,0.9999966,5.794416e-09,3.2016706e-06
512,88,sitting,2021-05-07 15:56:29.079,2021-05-07 15:56:31.059,0.021,1,1,0.999996,2.2627088e-07,0.999996,6.956253e-09,3.6466486e-06
512,88,sitting,2021-05-07 15:56:30.079,2021-05-07 15:56:32.060,0.021,1,1,0.9999971,6.9389614e-07,0.9999971,1.1105286e-08,2.1099734e-06
512,88,sitting,2021-05-07 15:56:31.079,2021-05-07 15:56:33.060,0.021,1,1,0.9999874,1.0820255e-05,0.9999874,9.56604e-08,1.5883712e-06
512,88,sitting,2021-05-07 15:56:32.080,2021-05-07 15:56:34.060,0.021,1,1,0.99998516,1.2968658e-05,0.99998516,1.2670137e-07,1.6456758e-06
512,88,sitting,2021-05-07 15:56:33.080,2021-05-07 15:56:35.060,0.021,1,1,0.99997693,2.1076996e-05,0.99997693,1.6373582e-07,1.7377379e-06
512,88,sitting,2021-05-07 15:56:34.080,2021-05-07 15:56:36.060,0.021,1,1,0.99993366,6.38464e-05,0.99993366,3.1916818e-07,2.0384505e-06
512,88,sitting,2021-05-07 15:56:35.080,2021-05-07 15:56:37.060,0.021,1,1,0.999934,6.353809e-05,0.999934,2.3263362e-07,2.1434844e-06
512,88,sitting,2021-05-07 15:56:36.080,2021-05-07 15:56:38.060,0.021,1,1,0.9999295,6.777175e-05,0.9999295,1.9792776e-07,2.3500481e-06
512,88,sitting,2021-05-07 15:56:37.080,2021-05-07 15:56:39.060,0.021,1,1,0.99989706,0.00010004234,0.99989706,3.1795102e-07,2.5599165e-06
512,88,sitting,2021-05-07 15:56:38.080,2021-05-07 15:56:40.060,0.021,1,1,0.99991053,8.6615786e-05,0.99991053,4.545517e-07,2.3076998e-06
512,88,sitting,2021-05-07 15:56:39.080,2021-05-07 15:56:41.060,0.021,1,1,0.9999487,4.910182e-05,0.9999487,2.7411292e-07,1.9253255e-06
512,88,sitting,2021-05-07 15:56:40.080,2021-05-07 15:56:42.060,0.021,1,1,0.9999965,1.0693532e-06,0.9999965,2.1967516e-08,2.3722419e-06
512,88,sitting,2021-05-07 15:56:41.080,2021-05-07 15:56:43.060,0.021,1,1,0.9999947,8.438167e-08,0.9999947,5.5807106e-09,5.1279635e-06
512,88,sitting,2021-05-07 15:56:42.080,2021-05-07 15:56:44.060,0.021,1,1,0.9999952,1.0985818e-07,0.9999952,7.932278e-09,4.6910836e-06
512,88,sitting,2021-05-07 15:56:43.080,2021-05-07 15:56:45.060,0.021,1,1,0.9999955,1.4739484e-07,0.9999955,1.0200764e-08,4.2809465e-06
512,89,walking,2021-05-07 15:56:47.840,2021-05-07 15:56:49.819,0.021,3,3,0.99903727,3.8944248e-07,7.4900595e-07,0.0009616236,0.99903727
512,89,walking,2021-05-07 15:56:48.840,2021-05-07 15:56:50.819,0.021,3,3,0.9930652,9.274993e-07,5.504887e-07,0.0069332705,0.9930652
512,89,walking,2021-05-07 15:56:49.840,2021-05-07 15:56:51.819,0.021,3,3,0.9975513,5.3146033e-07,2.353032e-07,0.0024478391,0.9975513
512,89,walking,2021-05-07 15:56:50.840,2021-05-07 15:56:52.819,0.021,3,3,0.9973129,1.8392908e-06,8.3024867e-07,0.002684418,0.9973129
512,90,standing,2021-05-07 15:56:53.799,2021-05-07 15:56:55.779,0.021,2,2,0.99943125,8.03368e-07,4.662897e-06,0.99943125,0.0005633586
512,90,standing,2021-05-07 15:56:54.799,2021-05-07 15:56:56.779,0.021,2,2,0.9996714,6.4383846e-07,4.5191323e-06,0.9996714,0.00032356102
512,90,standing,2021-05-07 15:56:55.799,2021-05-07 15:56:57.779,0.021,2,2,0.9994897,7.09344e-07,4.6646464e-06,0.9994897,0.00050491764
512,92,standing,2021-05-07 15:56:59.159,2021-05-07 15:57:01.140,0.021,2,2,0.99407685,3.1365235e-07,1.1787331e-05,0.99407685,0.005911059
512,94,standing,2021-05-07 15:57:02.480,2021-05-07 15:57:04.460,0.021,2,2,0.99900293,6.9737973e-07,6.8972486e-06,0.99900293,0.0009893713
512,94,standing,2021-05-07 15:57:03.480,2021-05-07 15:57:05.460,0.021,2,2,0.9995333,5.6570326e-07,5.862449e-06,0.9995333,0.0004603346
512,94,standing,2021-05-07 15:57:04.480,2021-05-07 15:57:06.460,0.021,2,2,0.9995851,5.7587596e-07,5.8451224e-06,0.9995851,0.0004083726
512,94,standing,2021-05-07 15:57:05.480,2021-05-07 15:57:07.460,0.021,2,2,0.9996192,6.2708483e-07,6.2099584e-06,0.9996192,0.00037395596
512,94,standing,2021-05-07 15:57:06.480,2021-05-07 15:57:08.460,0.021,2,2,0.9996485,5.6345795e-07,5.9539107e-06,0.9996485,0.0003448236
512,94,standing,2021-05-07 15:57:07.480,2021-05-07 15:57:09.460,0.021,2,2,0.9996483,4.0981794e-07,5.071464e-06,0.9996483,0.00034616934
512,94,standing,2021-05-07 15:57:08.479,2021-05-07 15:57:10.460,0.021,2,2,0.9995463,4.697031e-07,6.015831e-06,0.9995463,0.00044731682
512,98,standing,2021-05-07 15:57:17.799,2021-05-07 15:57:19.780,0.021,2,2,0.97235787,4.0542886e-06,1.286062e-06,0.97235787,0.02763687
512,100,standing,2021-05-07 15:57:20.840,2021-05-07 15:57:22.819,0.021,2,2,0.99754566,1.1833301e-07,5.1067727e-06,0.99754566,0.0024490417
512,100,standing,2021-05-07 15:57:21.840,2021-05-07 15:57:23.819,0.021,2,2,0.99842334,1.2336778e-07,3.9590327e-06,0.99842334,0.0015726468
512,100,standing,2021-05-07 15:57:22.840,2021-05-07 15:57:24.819,0.021,2,2,0.99805236,4.3222974e-07,4.305186e-06,0.99805236,0.0019428763
512,100,standing,2021-05-07 15:57:23.840,2021-05-07 15:57:25.819,0.021,2,2,0.99893063,5.26437e-07,4.5001007e-06,0.99893063,0.001064356
512,100,standing,2021-05-07 15:57:24.840,2021-05-07 15:57:26.819,0.021,2,2,0.99941444,5.7007884e-07,4.783255e-06,0.99941444,0.0005801898
512,100,standing,2021-05-07 15:57:25.840,2021-05-07 15:57:27.819,0.021,2,2,0.999357,5.812183e-07,4.513082e-06,0.999357,0.00063784566
512,100,standing,2021-05-07 15:57:26.840,2021-05-07 15:57:28.819,0.021,2,2,0.99914503,7.039483e-07,4.514548e-06,0.99914503,0.000849677
512,102,standing,2021-05-07 15:57:30.920,2021-05-07 15:57:32.900,0.021,2,2,0.99817026,1.388877e-06,8.5338825e-06,0.99817026,0.0018198368
512,102,standing,2021-05-07 15:57:31.920,2021-05-07 15:57:33.900,0.021,2,2,0.99537855,1.1529942e-06,7.0786714e-06,0.99537855,0.0046132863
512,102,standing,2021-05-07 15:57:32.919,2021-05-07 15:57:34.900,0.021,2,2,0.994655,1.2829327e-06,6.3846537e-06,0.994655,0.0053371303
512,102,standing,2021-05-07 15:57:33.919,2021-05-07 15:57:35.900,0.021,2,2,0.99752885,8.5898495e-07,5.0539397e-06,0.99752885,0.0024652416
512,102,standing,2021-05-07 15:57:34.919,2021-05-07 15:57:36.900,0.021,2,2,0.9975656,9.219489e-07,5.1095644e-06,0.9975656,0.0024282385
512,102,standing,2021-05-07 15:57:35.919,2021-05-07 15:57:37.900,0.021,2,2,0.9983075,7.655989e-07,4.477804e-06,0.9983075,0.0016872615
512,102,standing,2021-05-07 15:57:36.919,2021-05-07 15:57:38.900,0.021,2,2,0.99780184,8.140054e-07,4.7044546e-06,0.99780184,0.0021926688
512,108,standing,2021-05-07 15:57:43.279,2021-05-07 15:57:45.259,0.021,2,2,0.9877566,2.5321651e-06,5.154375e-07,0.9877566,0.012240362
512,108,standing,2021-05-07 15:57:44.279,2021-05-07 15:57:46.259,0.021,2,2,0.9895122,1.9159486e-06,2.1149638e-07,0.9895122,0.010485745
512,108,standing,2021-05-07 15:57:45.279,2021-05-07 15:57:47.259,0.021,2,2,0.98970956,1.9864224e-06,1.8273542e-07,0.98970956,0.010288367
512,108,standing,2021-05-07 15:57:46.279,2021-05-07 15:57:48.259,0.021,2,2,0.9917892,1.5901869e-06,1.986192e-07,0.9917892,0.008209019
512,108,standing,2021-05-07 15:57:47.279,2021-05-07 15:57:49.259,0.021,2,2,0.98765194,1.6227615e-06,2.971762e-07,0.98765194,0.012346138
512,108,standing,2021-05-07 15:57:48.279,2021-05-07 15:57:50.259,0.021,2,2,0.9852255,1.855966e-06,3.751803e-07,0.9852255,0.014772266
512,108,standing,2021-05-07 15:57:49.279,2021-05-07 15:57:51.259,0.021,2,2,0.9850234,1.9069696e-06,3.7519382e-07,0.9850234,0.01497441
512,110,standing,2021-05-07 15:57:53.439,2021-05-07 15:57:55.419,0.021,2,2,0.99850166,1.7299498e-06,3.5735177e-06,0.99850166,0.001493042
512,112,standing,2021-05-07 15:57:56.599,2021-05-07 15:57:58.580,0.021,2,2,0.99924296,1.1858406e-06,7.9330985e-06,0.99924296,0.0007478123
512,112,standing,2021-05-07 15:57:57.599,2021-05-07 15:57:59.580,0.021,2,2,0.9992203,1.1780935e-06,6.2204226e-06,0.9992203,0.00077227084
512,112,standing,2021-05-07 15:57:58.599,2021-05-07 15:58:00.579,0.021,2,2,0.9990094,1.3618683e-06,7.103259e-06,0.9990094,0.000982161
512,112,standing,2021-05-07 15:57:59.599,2021-05-07 15:58:01.579,0.021,2,2,0.99891865,1.077016e-06,6.211788e-06,0.99891865,0.001074085
512,113,walking,2021-05-07 15:58:02.240,2021-05-07 15:58:04.220,0.021,3,3,0.81931454,1.7100807e-05,7.2758526e-06,0.180661,0.81931454
512,113,walking,2021-05-07 15:58:03.240,2021-05-07 15:58:05.220,0.021,3,3,0.63947886,1.5612462e-05,6.0906323e-06,0.36049947,0.63947886
512,114,standing,2021-05-07 15:58:05.840,2021-05-07 15:58:07.819,0.021,2,2,0.9903196,2.971861e-06,2.0425243e-06,0.9903196,0.009675495
512,114,standing,2021-05-07 15:58:06.840,2021-05-07 15:58:08.819,0.021,2,2,0.9913415,1.8700038e-06,9.044697e-07,0.9913415,0.008655742
512,114,standing,2021-05-07 15:58:07.840,2021-05-07 15:58:09.819,0.021,2,2,0.9832738,2.3507025e-06,7.986939e-07,0.9832738,0.016722957
512,114,standing,2021-05-07 15:58:08.840,2021-05-07 15:58:10.819,0.021,2,2,0.98805296,1.8813694e-06,6.8095034e-07,0.98805296,0.011944444
512,114,standing,2021-05-07 15:58:09.840,2021-05-07 15:58:11.819,0.021,2,2,0.9907453,1.5754691e-06,5.7965565e-07,0.9907453,0.009252532
512,114,standing,2021-05-07 15:58:10.840,2021-05-07 15:58:12.819,0.021,2,2,0.9887169,1.68269e-06,7.098406e-07,0.9887169,0.011280651
512,114,standing,2021-05-07 15:58:11.840,2021-05-07 15:58:13.819,0.021,2,2,0.99190974,1.4812189e-06,7.475803e-07,0.99190974,0.008088106
512,114,standing,2021-05-07 15:58:12.840,2021-05-07 15:58:14.819,0.021,2,2,0.9948915,1.2165682e-06,5.899963e-07,0.9948915,0.00510668
512,114,standing,2021-05-07 15:58:13.840,2021-05-07 15:58:15.819,0.021,2,2,0.99382794,1.3205829e-06,5.960695e-07,0.99382794,0.006170182
512,114,standing,2021-05-07 15:58:14.840,2021-05-07 15:58:16.819,0.021,2,2,0.9914974,1.5909476e-06,6.204613e-07,0.9914974,0.008500305
512,114,standing,2021-05-07 15:58:15.840,2021-05-07 15:58:17.819,0.021,2,2,0.991236,1.5917694e-06,6.013715e-07,0.991236,0.00876174
512,114,standing,2021-05-07 15:58:16.840,2021-05-07 15:58:18.819,0.021,2,2,0.9922543,1.5704676e-06,6.285768e-07,0.9922543,0.0077434788
512,114,standing,2021-05-07 15:58:17.840,2021-05-07 15:58:19.819,0.021,2,2,0.99316144,1.4290943e-06,6.018539e-07,0.99316144,0.0068365564
512,114,standing,2021-05-07 15:58:18.840,2021-05-07 15:58:20.819,0.021,2,2,0.9926795,1.4380918e-06,5.9297923e-07,0.9926795,0.0073185083
512,114,standing,2021-05-07 15:58:19.840,2021-05-07 15:58:21.819,0.021,2,2,0.9923208,1.4672221e-06,6.623122e-07,0.9923208,0.007677082
512,114,standing,2021-05-07 15:58:20.840,2021-05-07 15:58:22.819,0.021,2,2,0.9915778,1.5196428e-06,7.2463155e-07,0.9915778,0.008419827
512,114,standing,2021-05-07 15:58:21.840,2021-05-07 15:58:23.819,0.021,2,2,0.9911091,1.5324705e-06,7.307986e-07,0.9911091,0.008888608
512,114,standing,2021-05-07 15:58:22.840,2021-05-07 15:58:24.819,0.021,2,2,0.990891,1.5755023e-06,7.517659e-07,0.990891,0.009106708
512,114,standing,2021-05-07 15:58:23.840,2021-05-07 15:58:25.819,0.021,2,2,0.9894456,1.6985056e-06,7.3910604e-07,0.9894456,0.010551746
512,114,standing,2021-05-07 15:58:24.840,2021-05-07 15:58:26.819,0.021,2,2,0.98836464,1.7159081e-06,7.4886447e-07,0.98836464,0.011632816
512,114,standing,2021-05-07 15:58:25.840,2021-05-07 15:58:27.819,0.021,2,2,0.98760086,1.7927313e-06,8.1424514e-07,0.98760086,0.012396626
512,116,standing,2021-05-07 15:58:28.639,2021-05-07 15:58:30.619,0.021,2,2,0.99935746,9.088957e-07,2.4829078e-06,0.99935746,0.0006390881
512,116,standing,2021-05-07 15:58:29.639,2021-05-07 15:58:31.619,0.021,2,2,0.99928373,9.897792e-07,3.110265e-06,0.99928373,0.00071222254
512,117,walking,2021-05-07 15:58:31.840,2021-05-07 15:58:33.819,0.021,3,3,0.99789315,5.7851385e-06,4.9214746e-06,0.0020961736,0.99789315
512,117,walking,2021-05-07 15:58:32.840,2021-05-07 15:58:34.819,0.021,3,3,0.9939983,4.8491743e-06,5.778804e-06,0.0059910417,0.9939983
512,117,walking,2021-05-07 15:58:33.840,2021-05-07 15:58:35.819,0.021,3,3,0.9837998,6.9784037e-06,4.3814903e-06,0.016188838,0.9837998
512,117,walking,2021-05-07 15:58:34.840,2021-05-07 15:58:36.819,0.021,3,3,0.9921224,5.988875e-06,1.3756819e-06,0.007870205,0.9921224
512,119,standing,2021-05-07 15:58:38.119,2021-05-07 15:58:40.099,0.021,2,2,0.98064774,4.926214e-06,2.6261591e-06,0.98064774,0.019344695
512,120,walking,2021-05-07 15:58:40.200,2021-05-07 15:58:42.180,0.021,3,2,0.56989163,3.2302247e-05,7.0069655e-05,0.56989163,0.43000594
512,120,walking,2021-05-07 15:58:41.200,2021-05-07 15:58:43.180,0.021,3,3,0.94066185,2.1156504e-05,9.998802e-06,0.059306957,0.94066185
512,121,standing,2021-05-07 15:58:43.360,2021-05-07 15:58:45.340,0.021,2,2,0.97997344,2.2589063e-06,3.2863176e-07,0.97997344,0.020024
512,121,standing,2021-05-07 15:58:44.360,2021-05-07 15:58:46.340,0.021,2,2,0.9891932,1.660123e-06,2.2344945e-07,0.9891932,0.010804847
512,121,standing,2021-05-07 15:58:45.360,2021-05-07 15:58:47.340,0.021,2,2,0.99175835,1.5648817e-06,2.049902e-07,0.99175835,0.008239972
512,121,standing,2021-05-07 15:58:46.360,2021-05-07 15:58:48.340,0.021,2,2,0.98960006,1.5805092e-06,2.809959e-07,0.98960006,0.010398084
512,121,standing,2021-05-07 15:58:47.360,2021-05-07 15:58:49.340,0.021,2,2,0.98966604,1.5733086e-06,2.978021e-07,0.98966604,0.010332043
512,121,standing,2021-05-07 15:58:48.360,2021-05-07 15:58:50.340,0.021,2,2,0.9902882,1.543692e-06,2.8119234e-07,0.9902882,0.009709981
512,121,standing,2021-05-07 15:58:49.360,2021-05-07 15:58:51.340,0.021,2,2,0.9878135,1.6592894e-06,3.1478487e-07,0.9878135,0.012184601
512,121,standing,2021-05-07 15:58:50.360,2021-05-07 15:58:52.340,0.021,2,2,0.989229,1.6948462e-06,3.5483416e-07,0.989229,0.0107689295
512,121,standing,2021-05-07 15:58:51.360,2021-05-07 15:58:53.340,0.021,2,2,0.99072975,1.6548126e-06,3.7499817e-07,0.99072975,0.009268174
512,121,standing,2021-05-07 15:58:52.360,2021-05-07 15:58:54.340,0.021,2,2,0.98719656,1.6570675e-06,4.2242667e-07,0.98719656,0.012801249
512,125,standing,2021-05-07 15:58:57.959,2021-05-07 15:58:59.939,0.021,2,2,0.9970833,1.8713914e-06,2.1805085e-06,0.9970833,0.002912547
512,125,standing,2021-05-07 15:58:58.959,2021-05-07 15:59:00.940,0.021,2,2,0.9987289,1.0480582e-06,1.4422513e-06,0.9987289,0.0012685296
512,125,standing,2021-05-07 15:58:59.959,2021-05-07 15:59:01.940,0.021,2,2,0.9988779,9.928432e-07,1.2759903e-06,0.9988779,0.0011198301
512,125,standing,2021-05-07 15:59:00.960,2021-05-07 15:59:02.940,0.021,2,2,0.9989726,9.58613e-07,1.215736e-06,0.9989726,0.0010251872
512,125,standing,2021-05-07 15:59:01.960,2021-05-07 15:59:03.940,0.021,2,2,0.99895376,9.660092e-07,1.185469e-06,0.99895376,0.001044152
512,125,standing,2021-05-07 15:59:02.960,2021-05-07 15:59:04.940,0.021,2,2,0.9988522,9.894356e-07,1.1641481e-06,0.9988522,0.0011456965
512,125,standing,2021-05-07 15:59:03.960,2021-05-07 15:59:05.940,0.021,2,2,0.9982275,1.1682877e-06,1.2578741e-06,0.9982275,0.0017701243
512,127,standing,2021-05-07 15:59:07.000,2021-05-07 15:59:08.979,0.021,2,2,0.9910819,1.5613704e-06,3.8763486e-07,0.9910819,0.008916117
512,127,standing,2021-05-07 15:59:08.000,2021-05-07 15:59:09.979,0.021,2,2,0.9908606,1.6162885e-06,5.151809e-07,0.9908606,0.009137284
512,127,standing,2021-05-07 15:59:09.000,2021-05-07 15:59:10.979,0.021,2,2,0.9908211,1.6789827e-06,6.177351e-07,0.9908211,0.009176584
512,127,standing,2021-05-07 15:59:10.000,2021-05-07 15:59:11.979,0.021,2,2,0.9932486,1.466029e-06,5.5997765e-07,0.9932486,0.0067494474
512,127,standing,2021-05-07 15:59:11.000,2021-05-07 15:59:12.979,0.021,2,2,0.9944068,1.3680788e-06,5.3428806e-07,0.9944068,0.005591165
512,127,standing,2021-05-07 15:59:12.000,2021-05-07 15:59:13.979,0.021,2,2,0.9942013,1.368464e-06,5.4951096e-07,0.9942013,0.0057968465
512,127,standing,2021-05-07 15:59:13.000,2021-05-07 15:59:14.979,0.021,2,2,0.9938923,1.4093238e-06,5.855503e-07,0.9938923,0.0061056875
512,127,standing,2021-05-07 15:59:14.000,2021-05-07 15:59:15.979,0.021,2,2,0.9939035,1.4087711e-06,7.046251e-07,0.9939035,0.006094235
512,127,standing,2021-05-07 15:59:15.000,2021-05-07 15:59:16.979,0.021,2,2,0.9938578,1.4930488e-06,8.224155e-07,0.9938578,0.0061397557
512,127,standing,2021-05-07 15:59:16.000,2021-05-07 15:59:17.979,0.021,2,2,0.9945462,1.5815223e-06,8.15845e-07,0.9945462,0.0054514953
512,127,standing,2021-05-07 15:59:17.000,2021-05-07 15:59:18.979,0.021,2,2,0.9949866,1.4095681e-06,5.8829403e-07,0.9949866,0.005011468
512,127,standing,2021-05-07 15:59:18.000,2021-05-07 15:59:19.979,0.021,2,2,0.9924029,1.580126e-06,5.3215575e-07,0.9924029,0.0075949337
512,127,standing,2021-05-07 15:59:19.000,2021-05-07 15:59:20.979,0.021,2,2,0.98989135,1.6888004e-06,4.5730064e-07,0.98989135,0.010106471
512,127,standing,2021-05-07 15:59:20.000,2021-05-07 15:59:21.979,0.021,2,2,0.9900017,1.6210998e-06,3.835646e-07,0.9900017,0.009996283
512,127,standing,2021-05-07 15:59:21.000,2021-05-07 15:59:22.979,0.021,2,2,0.9910862,1.5901513e-06,4.3319642e-07,0.9910862,0.00891177
512,127,standing,2021-05-07 15:59:22.000,2021-05-07 15:59:23.979,0.021,2,2,0.992244,1.4960575e-06,4.7833015e-07,0.992244,0.00775388
512,127,standing,2021-05-07 15:59:23.000,2021-05-07 15:59:24.979,0.021,2,2,0.9939765,1.5704651e-06,8.266319e-07,0.9939765,0.006021147
512,127,standing,2021-05-07 15:59:24.000,2021-05-07 15:59:25.979,0.021,2,2,0.9982251,1.2333452e-06,1.3234437e-06,0.9982251,0.0017723626
512,129,standing,2021-05-07 15:59:29.440,2021-05-07 15:59:31.420,0.021,2,2,0.97926015,2.8597012e-06,1.0549419e-06,0.97926015,0.020735886
512,129,standing,2021-05-07 15:59:30.440,2021-05-07 15:59:32.419,0.021,2,2,0.9835462,2.2488507e-06,8.210416e-07,0.9835462,0.016450796
512,129,standing,2021-05-07 15:59:31.440,2021-05-07 15:59:33.419,0.021,2,2,0.9919166,1.7565303e-06,7.417613e-07,0.9919166,0.00808095
512,129,standing,2021-05-07 15:59:32.439,2021-05-07 15:59:34.419,0.021,2,2,0.9927659,1.601614e-06,8.8067054e-07,0.9927659,0.007231561
512,129,standing,2021-05-07 15:59:33.439,2021-05-07 15:59:35.419,0.021,2,2,0.9887696,1.8242846e-06,1.0395779e-06,0.9887696,0.011227524
512,129,standing,2021-05-07 15:59:34.439,2021-05-07 15:59:36.419,0.021,2,2,0.990146,1.6464601e-06,1.0248434e-06,0.990146,0.009851267
512,129,standing,2021-05-07 15:59:35.439,2021-05-07 15:59:37.419,0.021,2,2,0.9928786,1.7104838e-06,1.2462099e-06,0.9928786,0.007118394
512,129,standing,2021-05-07 15:59:36.439,2021-05-07 15:59:38.419,0.021,2,2,0.9918523,2.2346724e-06,1.7078881e-06,0.9918523,0.008143712
512,129,standing,2021-05-07 15:59:37.439,2021-05-07 15:59:39.419,0.021,2,2,0.9865026,2.8481627e-06,1.6065852e-06,0.9865026,0.013492857
512,130,walking,2021-05-07 15:59:40.000,2021-05-07 15:59:41.979,0.021,3,2,0.57936364,2.4501822e-05,0.00013789159,0.57936364,0.42047393
512,133,walking,2021-05-07 15:59:43.720,2021-05-07 15:59:45.700,0.021,3,3,0.7751231,4.8544836e-05,4.895437e-05,0.2247794,0.7751231
512,133,walking,2021-05-07 15:59:44.720,2021-05-07 15:59:46.700,0.021,3,3,0.5608267,3.419889e-05,5.1177347e-05,0.4390879,0.5608267
512,133,walking,2021-05-07 15:59:45.720,2021-05-07 15:59:47.700,0.021,3,3,0.9811694,8.389877e-06,5.105493e-06,0.018817065,0.9811694
512,133,walking,2021-05-07 15:59:46.720,2021-05-07 15:59:48.700,0.021,3,3,0.9977844,4.462182e-06,2.6623645e-06,0.0022084843,0.9977844
512,133,walking,2021-05-07 15:59:47.720,2021-05-07 15:59:49.700,0.021,3,3,0.9992841,2.1193512e-06,4.119429e-07,0.0007133685,0.9992841
512,138,walking,2021-05-07 15:59:53.720,2021-05-07 15:59:55.700,0.021,3,3,0.9762442,6.2724307e-06,1.3373715e-06,0.023748199,0.9762442
512,138,walking,2021-05-07 15:59:54.720,2021-05-07 15:59:56.700,0.021,3,3,0.99930507,1.6616649e-06,8.7640103e-07,0.00069238915,0.99930507
512,144,standing,2021-05-07 16:00:02.599,2021-05-07 16:00:04.579,0.021,2,2,0.99911404,8.003131e-07,8.8884256e-08,0.99911404,0.0008850823
512,145,walking,2021-05-07 16:00:05.000,2021-05-07 16:00:06.980,0.021,3,3,0.9962296,9.696843e-07,1.6089463e-07,0.0037692753,0.9962296
512,145,walking,2021-05-07 16:00:06.000,2021-05-07 16:00:07.980,0.021,3,3,0.99987507,2.2481925e-07,6.0894365e-08,0.00012472563,0.99987507
512,145,walking,2021-05-07 16:00:07.000,2021-05-07 16:00:08.979,0.021,3,3,0.9995192,6.820374e-07,5.356406e-07,0.00047950112,0.9995192
512,145,walking,2021-05-07 16:00:08.000,2021-05-07 16:00:09.979,0.021,3,3,0.99965066,1.3302882e-07,1.3345404e-08,0.00034917612,0.99965066
512,146,standing,2021-05-07 16:01:03.319,2021-05-07 16:01:05.300,0.021,2,2,0.9577719,1.3587215e-05,1.868185e-05,0.9577719,0.04219576
512,148,standing,2021-05-07 16:01:06.159,2021-05-07 16:01:08.140,0.021,2,2,0.9824352,4.5299585e-06,7.67196e-06,0.9824352,0.017552527
512,148,standing,2021-05-07 16:01:07.159,2021-05-07 16:01:09.140,0.021,2,2,0.98293394,3.862357e-06,1.0786561e-05,0.98293394,0.017051445
512,148,standing,2021-05-07 16:01:08.159,2021-05-07 16:01:10.140,0.021,2,2,0.99066925,2.1676722e-06,8.883617e-06,0.99066925,0.009319572
512,149,standing,2021-05-07 16:01:21.000,2021-05-07 16:01:22.979,0.021,2,2,0.8927543,1.1218152e-05,2.0109923e-05,0.8927543,0.10721438
512,149,standing,2021-05-07 16:01:22.000,2021-05-07 16:01:23.979,0.021,2,2,0.9930469,1.32754e-06,4.984496e-06,0.9930469,0.006946896
512,149,standing,2021-05-07 16:01:23.000,2021-05-07 16:01:24.979,0.021,2,2,0.98192066,1.8875334e-06,5.8464725e-06,0.98192066,0.018071668
512,149,standing,2021-05-07 16:01:24.000,2021-05-07 16:01:25.979,0.021,2,2,0.98356134,3.428895e-06,2.9713613e-06,0.98356134,0.016432218
512,149,standing,2021-05-07 16:01:25.000,2021-05-07 16:01:26.979,0.021,2,2,0.98782676,5.908218e-06,1.1662298e-06,0.98782676,0.012166129
512,149,standing,2021-05-07 16:01:26.000,2021-05-07 16:01:27.979,0.021,2,2,0.9391447,2.036184e-05,2.1283204e-06,0.9391447,0.060832884
512,149,standing,2021-05-07 16:01:27.000,2021-05-07 16:01:28.979,0.021,2,3,0.5453264,3.27195e-05,1.0183196e-05,0.4546306,0.5453264
512,149,standing,2021-05-07 16:01:28.000,2021-05-07 16:01:29.979,0.021,2,2,0.8838086,1.6186106e-05,7.409377e-05,0.8838086,0.11610099
512,149,standing,2021-05-07 16:01:29.000,2021-05-07 16:01:30.979,0.021,2,2,0.94410425,1.8854442e-05,0.00014141144,0.94410425,0.05573552
512,149,standing,2021-05-07 16:01:30.000,2021-05-07 16:01:31.979,0.021,2,2,0.9896408,3.927378e-06,4.5306802e-05,0.9896408,0.010310012
512,149,standing,2021-05-07 16:01:31.000,2021-05-07 16:01:32.979,0.021,2,2,0.99713075,1.3334138e-06,1.65683e-05,0.99713075,0.0028512313
512,149,standing,2021-05-07 16:01:32.000,2021-05-07 16:01:33.979,0.021,2,2,0.99680454,1.2116499e-06,8.481236e-06,0.99680454,0.0031856338
512,149,standing,2021-05-07 16:01:33.000,2021-05-07 16:01:34.979,0.021,2,2,0.9983743,6.386365e-07,7.5209846e-06,0.9983743,0.001617495
512,149,standing,2021-05-07 16:01:34.000,2021-05-07 16:01:35.979,0.021,2,2,0.9989585,5.112735e-07,6.7075816e-06,0.9989585,0.0010342873
512,149,standing,2021-05-07 16:01:35.000,2021-05-07 16:01:36.979,0.021,2,2,0.99842155,6.708424e-07,8.6885975e-06,0.99842155,0.0015689979
512,149,standing,2021-05-07 16:01:36.000,2021-05-07 16:01:37.979,0.021,2,2,0.9985141,6.9163525e-07,7.3061447e-06,0.9985141,0.0014779249
512,149,standing,2021-05-07 16:01:37.000,2021-05-07 16:01:38.979,0.021,2,2,0.992517,2.8484083e-06,1.2436864e-05,0.992517,0.007467693
512,149,standing,2021-05-07 16:01:38.000,2021-05-07 16:01:39.979,0.021,2,2,0.9857247,5.2908536e-06,1.4960765e-05,0.9857247,0.014255094
512,149,standing,2021-05-07 16:01:39.000,2021-05-07 16:01:40.979,0.021,2,2,0.991561,2.7480912e-06,1.0148365e-05,0.991561,0.008426125
512,149,standing,2021-05-07 16:01:40.000,2021-05-07 16:01:41.979,0.021,2,2,0.99441534,1.9405325e-06,8.499128e-06,0.99441534,0.0055742715
512,149,standing,2021-05-07 16:01:41.000,2021-05-07 16:01:42.979,0.021,2,2,0.99752647,1.5215784e-06,6.880746e-06,0.99752647,0.002465049
512,149,standing,2021-05-07 16:01:42.000,2021-05-07 16:01:43.979,0.021,2,2,0.998577,1.0550615e-06,6.2537965e-06,0.998577,0.0014156838
512,149,standing,2021-05-07 16:01:43.000,2021-05-07 16:01:44.979,0.021,2,2,0.99878895,8.741375e-07,5.4728876e-06,0.99878895,0.001204651
512,149,standing,2021-05-07 16:01:44.000,2021-05-07 16:01:45.979,0.021,2,2,0.9987346,8.682113e-07,5.618104e-06,0.9987346,0.0012589658
512,149,standing,2021-05-07 16:01:45.000,2021-05-07 16:01:46.979,0.021,2,2,0.9989707,8.37985e-07,6.0867555e-06,0.9989707,0.0010223987
512,149,standing,2021-05-07 16:01:46.000,2021-05-07 16:01:47.979,0.021,2,2,0.99890184,9.310219e-07,6.9785374e-06,0.99890184,0.0010903166
512,149,standing,2021-05-07 16:01:47.000,2021-05-07 16:01:48.979,0.021,2,2,0.99875915,9.628146e-07,8.758593e-06,0.99875915,0.0012310426
512,149,standing,2021-05-07 16:01:48.000,2021-05-07 16:01:49.979,0.021,2,2,0.9994185,5.347996e-07,7.785999e-06,0.9994185,0.000573202
512,149,standing,2021-05-07 16:01:49.000,2021-05-07 16:01:50.979,0.021,2,2,0.99929076,6.084877e-07,7.3349934e-06,0.99929076,0.00070125464
512,149,standing,2021-05-07 16:01:50.000,2021-05-07 16:01:51.979,0.021,2,2,0.99788946,1.4374732e-06,8.663131e-06,0.99788946,0.0021004314
512,149,standing,2021-05-07 16:01:51.000,2021-05-07 16:01:52.979,0.021,2,2,0.9971732,1.500659e-06,6.647069e-06,0.9971732,0.0028185581
512,149,standing,2021-05-07 16:01:52.000,2021-05-07 16:01:53.979,0.021,2,2,0.9923247,2.870157e-06,8.36209e-06,0.9923247,0.0076640258
512,149,standing,2021-05-07 16:01:53.000,2021-05-07 16:01:54.979,0.021,2,2,0.9716155,5.3483714e-06,7.043085e-06,0.9716155,0.028372081
512,151,standing,2021-05-07 16:01:57.959,2021-05-07 16:01:59.939,0.021,2,2,0.99863,1.696837e-06,7.4529294e-06,0.99863,0.0013607678
512,151,standing,2021-05-07 16:01:58.959,2021-05-07 16:02:00.940,0.021,2,2,0.9982794,1.5432763e-06,6.461522e-06,0.9982794,0.0017127461
512,151,standing,2021-05-07 16:01:59.959,2021-05-07 16:02:01.940,0.021,2,2,0.99765235,1.334516e-06,5.55548e-06,0.99765235,0.0023407643
512,151,standing,2021-05-07 16:02:00.960,2021-05-07 16:02:02.940,0.021,2,2,0.9980998,1.2086582e-06,5.1710035e-06,0.9980998,0.0018936984
512,151,standing,2021-05-07 16:02:01.960,2021-05-07 16:02:03.940,0.021,2,2,0.9976692,1.3689487e-06,5.446956e-06,0.9976692,0.0023239292
512,151,standing,2021-05-07 16:02:02.960,2021-05-07 16:02:04.940,0.021,2,2,0.99656004,1.5947551e-06,6.328974e-06,0.99656004,0.0034320417
512,151,standing,2021-05-07 16:02:03.960,2021-05-07 16:02:05.940,0.021,2,2,0.9950575,2.0840764e-06,8.9275645e-06,0.9950575,0.004931438
512,151,standing,2021-05-07 16:02:04.960,2021-05-07 16:02:06.940,0.021,2,2,0.9902405,4.9264695e-06,1.7838858e-05,0.9902405,0.009736603
512,151,standing,2021-05-07 16:02:05.960,2021-05-07 16:02:07.940,0.021,2,2,0.9906936,7.4142463e-06,2.0696272e-05,0.9906936,0.009278236
512,151,standing,2021-05-07 16:02:06.960,2021-05-07 16:02:08.940,0.021,2,2,0.99720794,2.2961658e-06,8.110936e-06,0.99720794,0.0027815835
512,151,standing,2021-05-07 16:02:07.960,2021-05-07 16:02:09.940,0.021,2,2,0.9955374,2.2651398e-06,7.430501e-06,0.9955374,0.0044528833
512,151,standing,2021-05-07 16:02:08.960,2021-05-07 16:02:10.940,0.021,2,2,0.9934179,2.943832e-06,9.148438e-06,0.9934179,0.0065699434
512,151,standing,2021-05-07 16:02:09.960,2021-05-07 16:02:11.940,0.021,2,2,0.99426883,2.702293e-06,8.846478e-06,0.99426883,0.005719753
512,151,standing,2021-05-07 16:02:10.960,2021-05-07 16:02:12.940,0.021,2,2,0.9949243,2.6629891e-06,8.50103e-06,0.9949243,0.0050645024
512,151,standing,2021-05-07 16:02:11.960,2021-05-07 16:02:13.940,0.021,2,2,0.9952039,2.8343013e-06,6.6307475e-06,0.9952039,0.0047865184
512,151,standing,2021-05-07 16:02:12.960,2021-05-07 16:02:14.940,0.021,2,2,0.9948598,2.5721479e-06,4.6994e-06,0.9948598,0.005132993
512,151,standing,2021-05-07 16:02:13.960,2021-05-07 16:02:15.940,0.021,2,2,0.9897044,2.7314652e-06,3.9281817e-06,0.9897044,0.010288931
512,152,walking,2021-05-07 16:02:16.159,2021-05-07 16:02:18.139,0.021,3,3,0.8214299,1.3570944e-05,1.976047e-05,0.17853668,0.8214299
512,152,walking,2021-05-07 16:02:17.159,2021-05-07 16:02:19.139,0.021,3,3,0.7750129,1.7907694e-05,2.4528441e-05,0.2249446,0.7750129
512,156,standing,2021-05-07 16:02:23.280,2021-05-07 16:02:25.260,0.021,2,2,0.86380076,2.1916125e-05,3.4318942e-05,0.86380076,0.13614291
512,157,walking,2021-05-07 16:02:26.119,2021-05-07 16:02:28.100,0.021,3,3,0.86472076,7.160542e-06,2.7773467e-05,0.13524434,0.86472076
512,157,walking,2021-05-07 16:02:27.119,2021-05-07 16:02:29.100,0.021,3,3,0.9327422,1.3113935e-05,1.8496363e-05,0.06722629,0.9327422
512,160,walking,2021-05-07 16:02:32.159,2021-05-07 16:02:34.139,0.021,3,3,0.78108627,3.1251968e-06,1.6436756e-05,0.21889415,0.78108627
512,165,standing,2021-05-07 16:02:40.840,2021-05-07 16:02:42.819,0.021,2,2,0.98837614,5.9839535e-06,1.7356675e-05,0.98837614,0.011600386
512,165,standing,2021-05-07 16:02:41.840,2021-05-07 16:02:43.819,0.021,2,2,0.99738497,1.27861e-06,3.7424284e-06,0.99738497,0.002610023
512,165,standing,2021-05-07 16:02:42.840,2021-05-07 16:02:44.819,0.021,2,2,0.9982701,1.1298985e-06,2.64007e-06,0.9982701,0.0017259807
512,165,standing,2021-05-07 16:02:43.840,2021-05-07 16:02:45.819,0.021,2,2,0.9981723,1.1097197e-06,2.5327427e-06,0.9981723,0.0018240531
512,165,standing,2021-05-07 16:02:44.840,2021-05-07 16:02:46.819,0.021,2,2,0.997411,1.2524899e-06,2.1130195e-06,0.997411,0.0025855543
512,165,standing,2021-05-07 16:02:45.840,2021-05-07 16:02:47.819,0.021,2,2,0.99227226,1.6781289e-06,2.1349802e-06,0.99227226,0.0077238153
512,166,walking,2021-05-07 16:02:48.680,2021-05-07 16:02:50.659,0.021,3,3,0.99463844,3.2801615e-06,1.2733318e-06,0.005357018,0.99463844
512,166,walking,2021-05-07 16:02:49.680,2021-05-07 16:02:51.659,0.021,3,3,0.9998479,1.8774348e-07,2.134847e-07,0.00015162976,0.9998479
512,166,walking,2021-05-07 16:02:50.680,2021-05-07 16:02:52.659,0.021,3,3,0.99980545,1.4866916e-07,5.5033464e-08,0.0001943126,0.99980545
512,166,walking,2021-05-07 16:02:51.680,2021-05-07 16:02:53.659,0.021,3,3,0.99888086,5.8151784e-07,3.0742862e-07,0.0011181574,0.99888086
512,166,walking,2021-05-07 16:02:52.680,2021-05-07 16:02:54.659,0.021,3,3,0.9998534,9.944124e-08,4.077878e-08,0.00014662172,0.9998534
512,166,walking,2021-05-07 16:02:53.680,2021-05-07 16:02:55.659,0.021,3,3,0.9951587,2.9134164e-06,6.598688e-07,0.004837707,0.9951587
512,166,walking,2021-05-07 16:02:54.680,2021-05-07 16:02:56.659,0.021,3,3,0.9992705,3.3244638e-07,4.594916e-08,0.0007291754,0.9992705
512,166,walking,2021-05-07 16:02:55.680,2021-05-07 16:02:57.659,0.021,3,3,0.9999848,1.6357065e-08,9.572101e-10,1.5171061e-05,0.9999848
512,166,walking,2021-05-07 16:02:56.680,2021-05-07 16:02:58.659,0.021,3,3,0.9971052,2.5088048e-06,4.1087262e-07,0.0028918043,0.9971052
512,166,walking,2021-05-07 16:02:57.680,2021-05-07 16:02:59.659,0.021,3,3,0.98765796,1.3702048e-06,4.7506032e-07,0.012340185,0.98765796
512,166,walking,2021-05-07 16:02:58.680,2021-05-07 16:03:00.660,0.021,3,3,0.99990267,9.8221584e-08,4.661611e-09,9.716597e-05,0.99990267
512,166,walking,2021-05-07 16:02:59.680,2021-05-07 16:03:01.660,0.021,3,3,0.9999514,5.7242833e-08,8.010045e-09,4.8399517e-05,0.9999514
512,166,walking,2021-05-07 16:03:00.680,2021-05-07 16:03:02.660,0.021,3,3,0.99880135,3.369259e-07,4.760562e-08,0.0011983067,0.99880135
512,166,walking,2021-05-07 16:03:01.680,2021-05-07 16:03:03.660,0.021,3,3,0.9974434,7.40579e-07,1.6363809e-07,0.0025556607,0.9974434
512,166,walking,2021-05-07 16:03:02.680,2021-05-07 16:03:04.659,0.021,3,3,0.9999533,3.7233068e-08,6.8894352e-09,4.65927e-05,0.9999533
512,166,walking,2021-05-07 16:03:03.680,2021-05-07 16:03:05.659,0.021,3,3,0.9949127,2.0237323e-06,1.3379217e-06,0.0050839377,0.9949127
512,166,walking,2021-05-07 16:03:04.680,2021-05-07 16:03:06.659,0.021,3,3,0.9921864,7.7304855e-07,3.5053375e-07,0.0078124045,0.9921864
512,166,walking,2021-05-07 16:03:05.680,2021-05-07 16:03:07.659,0.021,3,3,0.99925125,4.33135e-07,9.021702e-08,0.0007482846,0.99925125
512,166,walking,2021-05-07 16:03:06.680,2021-05-07 16:03:08.659,0.021,3,3,0.99876714,1.1871572e-06,1.6262999e-06,0.0012300501,0.99876714
512,166,walking,2021-05-07 16:03:07.680,2021-05-07 16:03:09.659,0.021,3,3,0.99973893,2.2012298e-07,5.3471577e-08,0.00026073193,0.99973893
512,166,walking,2021-05-07 16:03:08.680,2021-05-07 16:03:10.659,0.021,3,3,0.9999233,2.0187129e-07,2.981958e-08,7.644504e-05,0.9999233
512,166,walking,2021-05-07 16:03:09.680,2021-05-07 16:03:11.659,0.021,3,3,0.9998362,5.5555876e-07,6.6622056e-07,0.00016269386,0.9998362
512,166,walking,2021-05-07 16:03:10.680,2021-05-07 16:03:12.659,0.021,3,3,0.9997921,2.651695e-07,7.4800624e-08,0.00020765128,0.9997921
512,166,walking,2021-05-07 16:03:11.680,2021-05-07 16:03:13.659,0.021,3,3,0.9999711,5.985983e-08,4.6433746e-09,2.8821336e-05,0.9999711
512,166,walking,2021-05-07 16:03:12.680,2021-05-07 16:03:14.659,0.021,3,3,0.9992589,8.532721e-07,2.44817e-07,0.0007399334,0.9992589
512,166,walking,2021-05-07 16:03:13.680,2021-05-07 16:03:15.659,0.021,3,3,0.9941098,1.1140414e-06,5.7673145e-07,0.005888535,0.9941098
512,166,walking,2021-05-07 16:03:14.680,2021-05-07 16:03:16.659,0.021,3,3,0.9997269,3.087734e-07,7.872644e-08,0.00027264535,0.9997269
512,166,walking,2021-05-07 16:03:15.680,2021-05-07 16:03:17.659,0.021,3,3,0.9910439,4.118773e-06,3.0346941e-06,0.008948952,0.9910439
512,166,walking,2021-05-07 16:03:16.680,2021-05-07 16:03:18.659,0.021,3,3,0.98749197,1.685189e-06,1.3550266e-06,0.012504937,0.98749197
512,166,walking,2021-05-07 16:03:17.680,2021-05-07 16:03:19.659,0.021,3,3,0.99996346,5.026177e-08,1.7592264e-08,3.6448146e-05,0.99996346
512,166,walking,2021-05-07 16:03:18.680,2021-05-07 16:03:20.659,0.021,3,3,0.9979683,2.498841e-06,1.1537276e-06,0.0020280727,0.9979683
512,166,walking,2021-05-07 16:03:19.680,2021-05-07 16:03:21.659,0.021,3,3,0.9923874,1.344072e-06,8.229737e-07,0.0076104724,0.9923874
512,166,walking,2021-05-07 16:03:20.680,2021-05-07 16:03:22.659,0.021,3,3,0.99984384,1.7035909e-07,6.138679e-08,0.00015589474,0.99984384
512,166,walking,2021-05-07 16:03:21.680,2021-05-07 16:03:23.659,0.021,3,3,0.9993004,1.1629113e-06,9.411392e-07,0.0006974677,0.9993004
512,166,walking,2021-05-07 16:03:22.680,2021-05-07 16:03:24.659,0.021,3,3,0.9984957,4.872302e-07,2.7353065e-07,0.0015035052,0.9984957
512,166,walking,2021-05-07 16:03:23.680,2021-05-07 16:03:25.659,0.021,3,3,0.9995539,3.551553e-07,1.6744461e-07,0.0004455606,0.9995539
512,166,walking,2021-05-07 16:03:24.680,2021-05-07 16:03:26.659,0.021,3,3,0.98110217,6.7334568e-06,8.10786e-06,0.01888293,0.98110217
512,167,standing,2021-05-07 16:03:27.440,2021-05-07 16:03:29.420,0.021,2,2,0.9944144,2.222132e-06,1.7227576e-05,0.9944144,0.0055661867
512,169,standing,2021-05-07 16:03:30.319,2021-05-07 16:03:32.299,0.021,2,2,0.99598426,1.6213371e-06,2.4548299e-06,0.99598426,0.004011641
512,169,standing,2021-05-07 16:03:31.319,2021-05-07 16:03:33.299,0.021,2,2,0.9971361,1.3686348e-06,2.32221e-06,0.9971361,0.0028602544
512,173,walking,2021-05-07 16:03:38.360,2021-05-07 16:03:40.340,0.021,3,3,0.9804124,5.986796e-06,1.27979365e-05,0.019568752,0.9804124
512,173,walking,2021-05-07 16:03:39.360,2021-05-07 16:03:41.340,0.021,3,3,0.9706824,1.3064792e-05,3.703197e-05,0.029267503,0.9706824
512,173,walking,2021-05-07 16:03:40.360,2021-05-07 16:03:42.340,0.021,3,3,0.9985523,7.333828e-07,1.7888257e-07,0.0014467025,0.9985523
512,173,walking,2021-05-07 16:03:41.360,2021-05-07 16:03:43.340,0.021,3,3,0.99992245,6.810835e-08,7.7897795e-09,7.73925e-05,0.99992245
512,173,walking,2021-05-07 16:03:42.360,2021-05-07 16:03:44.340,0.021,3,3,0.9915128,3.465194e-06,1.744261e-06,0.008482095,0.9915128
512,173,walking,2021-05-07 16:03:43.360,2021-05-07 16:03:45.340,0.021,3,3,0.9996304,1.889862e-07,6.2368485e-08,0.0003693317,0.9996304
512,173,walking,2021-05-07 16:03:44.360,2021-05-07 16:03:46.340,0.021,3,3,0.99998206,4.1031523e-08,4.279707e-09,1.7818267e-05,0.99998206
512,173,walking,2021-05-07 16:03:45.360,2021-05-07 16:03:47.340,0.021,3,3,0.99788815,2.5590552e-06,1.3183256e-06,0.00210803,0.99788815
512,173,walking,2021-05-07 16:03:46.360,2021-05-07 16:03:48.340,0.021,3,3,0.99375653,8.424873e-07,1.472323e-06,0.0062411353,0.99375653
512,173,walking,2021-05-07 16:03:47.360,2021-05-07 16:03:49.340,0.021,3,3,0.9996175,2.0092637e-07,8.107699e-08,0.00038225576,0.9996175
512,173,walking,2021-05-07 16:03:48.360,2021-05-07 16:03:50.340,0.021,3,3,0.99867177,9.645703e-07,1.37094e-06,0.00132587,0.99867177
512,173,walking,2021-05-07 16:03:49.360,2021-05-07 16:03:51.340,0.021,3,3,0.9993926,4.123414e-07,1.4730429e-07,0.00060685026,0.9993926
512,173,walking,2021-05-07 16:03:50.360,2021-05-07 16:03:52.340,0.021,3,3,0.99966687,2.9337332e-07,2.9120617e-08,0.00033281828,0.99966687
512,173,walking,2021-05-07 16:03:51.360,2021-05-07 16:03:53.340,0.021,3,3,0.9993134,5.1704404e-07,5.6115925e-07,0.0006856207,0.9993134
512,173,walking,2021-05-07 16:03:52.360,2021-05-07 16:03:54.340,0.021,3,3,0.99946874,3.0464545e-07,4.2983263e-08,0.0005308629,0.99946874
512,173,walking,2021-05-07 16:03:53.360,2021-05-07 16:03:55.340,0.021,3,3,0.9932762,1.5755189e-06,1.5658156e-06,0.0067206244,0.9932762
512,173,walking,2021-05-07 16:03:54.360,2021-05-07 16:03:56.340,0.021,3,3,0.99987626,1.1117471e-07,8.433048e-08,0.00012355656,0.99987626
512,175,walking,2021-05-07 16:03:58.040,2021-05-07 16:04:00.019,0.021,3,3,0.9985906,1.5723479e-06,8.5706483e-07,0.0014070765,0.9985906
512,175,walking,2021-05-07 16:03:59.040,2021-05-07 16:04:01.019,0.021,3,3,0.99957985,4.5219838e-07,4.4287137e-07,0.0004191997,0.99957985
512,175,walking,2021-05-07 16:04:00.039,2021-05-07 16:04:02.019,0.021,3,3,0.99936414,5.4220135e-07,1.5954956e-07,0.0006351511,0.99936414
512,175,walking,2021-05-07 16:04:01.039,2021-05-07 16:04:03.019,0.021,3,3,0.9995734,4.577379e-07,1.20719e-07,0.00042586518,0.9995734
512,175,walking,2021-05-07 16:04:02.039,2021-05-07 16:04:04.019,0.021,3,3,0.99998397,6.253351e-08,9.948591e-08,1.5865377e-05,0.99998397
512,175,walking,2021-05-07 16:04:03.039,2021-05-07 16:04:05.019,0.021,3,3,0.9997208,2.2679097e-07,2.0834784e-07,0.00027868553,0.9997208
512,175,walking,2021-05-07 16:04:04.039,2021-05-07 16:04:06.019,0.021,3,3,0.9794231,1.4491687e-06,1.0429901e-06,0.020574236,0.9794231
512,175,walking,2021-05-07 16:04:05.039,2021-05-07 16:04:07.019,0.021,3,3,0.99844426,2.0654068e-07,1.2097287e-07,0.0015554475,0.99844426
512,175,walking,2021-05-07 16:04:06.039,2021-05-07 16:04:08.020,0.021,3,3,0.9928289,6.171529e-06,1.2497238e-06,0.0071636476,0.9928289
512,175,walking,2021-05-07 16:04:07.039,2021-05-07 16:04:09.020,0.021,3,3,0.97817224,4.0504337e-06,1.261917e-06,0.021822445,0.97817224
512,175,walking,2021-05-07 16:04:08.039,2021-05-07 16:04:10.020,0.021,3,3,0.99961275,1.0562999e-06,3.6657127e-07,0.0003856876,0.99961275
512,175,walking,2021-05-07 16:04:09.039,2021-05-07 16:04:11.020,0.021,3,3,0.99118114,7.3762594e-06,1.0455841e-05,0.00880103,0.99118114
512,175,walking,2021-05-07 16:04:10.039,2021-05-07 16:04:12.020,0.021,3,3,0.9940418,5.7288585e-06,1.075226e-05,0.005941752,0.9940418
512,175,walking,2021-05-07 16:04:11.039,2021-05-07 16:04:13.020,0.021,3,3,0.99874175,5.4196885e-06,3.6761347e-05,0.0012160545,0.99874175
512,176,standing,2021-05-07 16:04:13.880,2021-05-07 16:04:15.859,0.021,2,2,0.998327,1.5639001e-06,7.891757e-06,0.998327,0.0016634824
512,176,standing,2021-05-07 16:04:14.880,2021-05-07 16:04:16.860,0.021,2,2,0.99965614,6.21301e-07,6.6351095e-06,0.99965614,0.0003365627
512,176,standing,2021-05-07 16:04:15.880,2021-05-07 16:04:17.860,0.021,2,2,0.9998257,4.588632e-07,6.414344e-06,0.9998257,0.00016728175
512,176,standing,2021-05-07 16:04:16.880,2021-05-07 16:04:18.860,0.021,2,2,0.9996378,6.2286e-07,7.114631e-06,0.9996378,0.00035438224
512,177,walking,2021-05-07 16:04:19.360,2021-05-07 16:04:21.340,0.021,3,3,0.99089605,2.920429e-06,3.399531e-06,0.009097596,0.99089605
512,179,walking,2021-05-07 16:04:22.479,2021-05-07 16:04:24.459,0.021,3,3,0.9956089,2.4622736e-06,7.2983187e-07,0.0043878686,0.9956089
512,179,walking,2021-05-07 16:04:23.479,2021-05-07 16:04:25.459,0.021,3,3,0.9996781,1.6846558e-07,3.0586556e-08,0.00032180938,0.9996781
512,179,walking,2021-05-07 16:04:24.479,2021-05-07 16:04:26.459,0.021,3,3,0.9976565,6.7947434e-07,6.239034e-08,0.0023427228,0.9976565
512,179,walking,2021-05-07 16:04:25.479,2021-05-07 16:04:27.459,0.021,3,3,0.9215533,3.6393412e-05,0.00015510841,0.07825516,0.9215533
512,183,walking,2021-05-07 16:04:30.959,2021-05-07 16:04:32.939,0.021,3,3,0.9429418,1.018956e-05,2.2634096e-05,0.05702535,0.9429418
512,183,walking,2021-05-07 16:04:31.959,2021-05-07 16:04:33.939,0.021,3,3,0.9278283,5.1910743e-06,2.485218e-05,0.07214165,0.9278283
512,183,walking,2021-05-07 16:04:32.959,2021-05-07 16:04:34.939,0.021,3,3,0.99971366,1.04076406e-07,6.492573e-07,0.00028547793,0.99971366
512,185,walking,2021-05-07 16:04:36.599,2021-05-07 16:04:38.580,0.021,3,3,0.9078783,1.6897131e-05,1.5933703e-05,0.09208895,0.9078783
512,185,walking,2021-05-07 16:04:37.599,2021-05-07 16:04:39.580,0.021,3,3,0.9162847,1.2829608e-05,1.4063102e-05,0.08368843,0.9162847
512,185,walking,2021-05-07 16:04:38.599,2021-05-07 16:04:40.580,0.021,3,3,0.9919984,2.7987787e-06,6.363488e-07,0.007998214,0.9919984
512,185,walking,2021-05-07 16:04:39.599,2021-05-07 16:04:41.580,0.021,3,3,0.998841,1.1474823e-06,1.5111539e-07,0.0011577976,0.998841
512,188,standing,2021-05-07 16:04:43.599,2021-05-07 16:04:45.580,0.021,2,2,0.98171777,4.3840255e-06,1.3257443e-06,0.98171777,0.01827639
512,191,walking,2021-05-07 16:04:47.080,2021-05-07 16:04:49.060,0.021,3,3,0.91246545,1.0179592e-05,2.1126165e-05,0.08750319,0.91246545
512,191,walking,2021-05-07 16:04:48.080,2021-05-07 16:04:50.060,0.021,3,3,0.97350067,7.0359856e-06,5.642962e-06,0.026486691,0.97350067
512,191,walking,2021-05-07 16:04:49.080,2021-05-07 16:04:51.060,0.021,3,3,0.9607568,1.4500719e-05,1.4506514e-05,0.039214127,0.9607568
512,191,walking,2021-05-07 16:04:50.080,2021-05-07 16:04:52.060,0.021,3,3,0.9796157,9.225338e-06,1.3676764e-05,0.020361481,0.9796157
512,191,walking,2021-05-07 16:04:51.080,2021-05-07 16:04:53.060,0.021,3,3,0.975778,8.271212e-06,1.0755849e-05,0.024203056,0.975778
512,191,walking,2021-05-07 16:04:52.080,2021-05-07 16:04:54.060,0.021,3,3,0.9863152,3.327696e-06,2.2472877e-06,0.01367918,0.9863152
512,191,walking,2021-05-07 16:04:53.080,2021-05-07 16:04:55.060,0.021,3,3,0.99235165,2.4438154e-06,2.630577e-06,0.0076431613,0.99235165
512,191,walking,2021-05-07 16:04:54.080,2021-05-07 16:04:56.060,0.021,3,3,0.8355859,1.6304612e-05,5.318352e-05,0.16434458,0.8355859
512,191,walking,2021-05-07 16:04:55.080,2021-05-07 16:04:57.060,0.021,3,3,0.93502903,1.1198405e-05,1.2053694e-05,0.06494779,0.93502903
512,191,walking,2021-05-07 16:04:56.080,2021-05-07 16:04:58.060,0.021,3,3,0.9583514,1.4958703e-05,1.2580956e-05,0.041621022,0.9583514
512,191,walking,2021-05-07 16:04:57.080,2021-05-07 16:04:59.060,0.021,3,3,0.9704162,1.3505085e-05,3.720785e-05,0.029533088,0.9704162
512,191,walking,2021-05-07 16:04:58.080,2021-05-07 16:05:00.059,0.021,3,3,0.92504376,1.1080529e-05,3.087897e-05,0.07491418,0.92504376
512,191,walking,2021-05-07 16:04:59.080,2021-05-07 16:05:01.059,0.021,3,3,0.6999331,2.2094004e-05,7.648007e-05,0.2999683,0.6999331
512,193,standing,2021-05-07 16:05:03.200,2021-05-07 16:05:05.180,0.021,2,2,0.9457096,6.025222e-06,1.2369233e-06,0.9457096,0.05428331
512,195,walking,2021-05-07 16:05:06.440,2021-05-07 16:05:08.420,0.021,3,3,0.9935223,3.723447e-06,1.6494296e-06,0.0064723166,0.9935223
512,195,walking,2021-05-07 16:05:07.440,2021-05-07 16:05:09.420,0.021,3,3,0.9763284,5.053031e-06,9.121933e-06,0.023657564,0.9763284
512,195,walking,2021-05-07 16:05:08.440,2021-05-07 16:05:10.420,0.021,3,3,0.99934,4.6156174e-07,1.7701798e-07,0.00065934047,0.99934
512,195,walking,2021-05-07 16:05:09.440,2021-05-07 16:05:11.420,0.021,3,3,0.9986003,1.25817e-06,5.0910296e-07,0.0013979288,0.9986003
512,195,walking,2021-05-07 16:05:10.440,2021-05-07 16:05:12.420,0.021,3,3,0.95374817,5.1158236e-06,1.9151626e-05,0.04622754,0.95374817
512,195,walking,2021-05-07 16:05:11.440,2021-05-07 16:05:13.420,0.021,3,3,0.918138,3.061826e-06,2.4495857e-05,0.08183448,0.918138
512,195,walking,2021-05-07 16:05:12.440,2021-05-07 16:05:14.420,0.021,3,3,0.9640925,2.365285e-06,1.8428343e-06,0.03590329,0.9640925
512,195,walking,2021-05-07 16:05:13.440,2021-05-07 16:05:15.420,0.021,3,3,0.9929102,1.9830504e-06,6.824789e-07,0.0070871357,0.9929102
512,195,walking,2021-05-07 16:05:14.440,2021-05-07 16:05:16.420,0.021,3,3,0.9867997,4.9982273e-06,3.5565886e-06,0.013191735,0.9867997
512,195,walking,2021-05-07 16:05:15.440,2021-05-07 16:05:17.420,0.021,3,3,0.98651093,3.340985e-06,2.4981762e-06,0.01348313,0.98651093
512,195,walking,2021-05-07 16:05:16.440,2021-05-07 16:05:18.420,0.021,3,3,0.9903349,1.4734107e-06,2.010657e-06,0.009661601,0.9903349
512,195,walking,2021-05-07 16:05:17.440,2021-05-07 16:05:19.420,0.021,3,3,0.97849065,1.7041481e-06,1.8144437e-06,0.021505855,0.97849065
512,195,walking,2021-05-07 16:05:18.440,2021-05-07 16:05:20.420,0.021,3,3,0.9922595,1.5593216e-06,6.8835504e-07,0.0077381744,0.9922595
512,195,walking,2021-05-07 16:05:19.440,2021-05-07 16:05:21.420,0.021,3,3,0.9955579,2.0683553e-06,9.66157e-07,0.004438985,0.9955579
512,195,walking,2021-05-07 16:05:20.440,2021-05-07 16:05:22.420,0.021,3,3,0.9799844,2.615191e-06,1.9425722e-06,0.02001096,0.9799844
512,195,walking,2021-05-07 16:05:21.440,2021-05-07 16:05:23.420,0.021,3,3,0.9925212,1.7399495e-06,9.639148e-07,0.0074761016,0.9925212
512,195,walking,2021-05-07 16:05:22.440,2021-05-07 16:05:24.420,0.021,3,3,0.8653858,1.4726513e-05,1.5994383e-05,0.13458356,0.8653858
512,195,walking,2021-05-07 16:05:23.440,2021-05-07 16:05:25.420,0.021,3,3,0.8974299,8.845513e-06,7.733418e-06,0.102553405,0.8974299
512,195,walking,2021-05-07 16:05:24.440,2021-05-07 16:05:26.420,0.021,3,3,0.97141236,7.784327e-06,7.638338e-06,0.02857222,0.97141236
512,195,walking,2021-05-07 16:05:25.440,2021-05-07 16:05:27.420,0.021,3,3,0.99683475,1.014632e-06,3.2477092e-07,0.003163855,0.99683475
512,195,walking,2021-05-07 16:05:26.440,2021-05-07 16:05:28.420,0.021,3,3,0.9993516,4.0227548e-07,5.835353e-08,0.0006478889,0.9993516
512,195,walking,2021-05-07 16:05:27.440,2021-05-07 16:05:29.420,0.021,3,3,0.9840146,5.1863835e-06,3.0987833e-06,0.01597713,0.9840146
512,195,walking,2021-05-07 16:05:28.440,2021-05-07 16:05:30.420,0.021,3,3,0.945152,8.549601e-06,3.9830364e-05,0.054799598,0.945152
512,195,walking,2021-05-07 16:05:29.440,2021-05-07 16:05:31.420,0.021,3,3,0.95740134,1.00986845e-05,5.207763e-05,0.04253644,0.95740134
512,195,walking,2021-05-07 16:05:30.440,2021-05-07 16:05:32.419,0.021,3,3,0.98778623,3.9113143e-06,1.8786208e-06,0.012207935,0.98778623
512,195,walking,2021-05-07 16:05:31.440,2021-05-07 16:05:33.419,0.021,3,3,0.99925935,4.5367037e-07,1.4943892e-07,0.0007400823,0.99925935
512,195,walking,2021-05-07 16:05:32.439,2021-05-07 16:05:34.419,0.021,3,3,0.99307334,3.1196848e-06,1.6958585e-06,0.006921809,0.99307334
512,195,walking,2021-05-07 16:05:33.439,2021-05-07 16:05:35.419,0.021,3,3,0.96206135,5.9445424e-06,2.0171083e-06,0.037930757,0.96206135
512,197,walking,2021-05-07 16:05:37.080,2021-05-07 16:05:39.060,0.021,3,3,0.9995395,6.5971136e-07,1.14395135e-07,0.00045971226,0.9995395
512,197,walking,2021-05-07 16:05:38.080,2021-05-07 16:05:40.060,0.021,3,3,0.99567145,1.635785e-06,3.2072123e-07,0.0043266704,0.99567145
512,197,walking,2021-05-07 16:05:39.080,2021-05-07 16:05:41.060,0.021,3,3,0.9979135,1.0030284e-06,8.2605743e-07,0.0020846694,0.9979135
512,197,walking,2021-05-07 16:05:40.080,2021-05-07 16:05:42.060,0.021,3,3,0.99819964,8.0961865e-07,4.1641673e-07,0.0017990611,0.99819964
512,197,walking,2021-05-07 16:05:41.080,2021-05-07 16:05:43.060,0.021,3,3,0.99847114,1.065726e-06,6.007202e-07,0.0015270679,0.99847114
512,197,walking,2021-05-07 16:05:42.080,2021-05-07 16:05:44.060,0.021,3,3,0.99463534,3.6978022e-06,4.028772e-06,0.005356973,0.99463534
512,197,walking,2021-05-07 16:05:43.080,2021-05-07 16:05:45.060,0.021,3,3,0.9931349,3.6655144e-06,3.9563574e-06,0.0068574226,0.9931349
512,197,walking,2021-05-07 16:05:44.080,2021-05-07 16:05:46.060,0.021,3,3,0.9982951,1.5370082e-06,5.0593035e-06,0.0016982259,0.9982951
512,197,walking,2021-05-07 16:05:45.080,2021-05-07 16:05:47.060,0.021,3,3,0.9943778,5.4758357e-06,4.6987675e-06,0.0056120735,0.9943778
512,197,walking,2021-05-07 16:05:46.080,2021-05-07 16:05:48.060,0.021,3,3,0.9979574,3.1282036e-06,9.745566e-06,0.002029642,0.9979574
512,197,walking,2021-05-07 16:05:47.080,2021-05-07 16:05:49.060,0.021,3,3,0.99823916,3.856996e-06,7.778316e-06,0.0017492553,0.99823916
512,197,walking,2021-05-07 16:05:48.080,2021-05-07 16:05:50.060,0.021,3,3,0.99698484,4.643868e-06,4.807382e-06,0.003005666,0.99698484
512,197,walking,2021-05-07 16:05:49.080,2021-05-07 16:05:51.060,0.021,3,3,0.9999139,2.26587e-07,9.786389e-07,8.4897685e-05,0.9999139
512,197,walking,2021-05-07 16:05:50.080,2021-05-07 16:05:52.060,0.021,3,3,0.9967609,2.696135e-06,3.8318453e-06,0.0032325834,0.9967609
512,197,walking,2021-05-07 16:05:51.080,2021-05-07 16:05:53.060,0.021,3,3,0.9863014,6.803532e-06,7.333603e-05,0.013618444,0.9863014
512,197,walking,2021-05-07 16:05:52.080,2021-05-07 16:05:54.060,0.021,3,3,0.99803543,5.4251245e-06,1.441773e-05,0.0019447637,0.99803543
512,197,walking,2021-05-07 16:05:53.080,2021-05-07 16:05:55.060,0.021,3,3,0.9995506,8.2072313e-07,4.825998e-07,0.00044814308,0.9995506
512,200,standing,2021-05-07 16:05:57.400,2021-05-07 16:05:59.380,0.021,2,2,0.94860005,6.0514694e-06,8.646294e-06,0.94860005,0.05138518
512,200,standing,2021-05-07 16:05:58.400,2021-05-07 16:06:00.380,0.021,2,2,0.95973545,3.5286675e-06,5.470804e-06,0.95973545,0.040255502
512,201,walking,2021-05-07 16:06:00.400,2021-05-07 16:06:02.380,0.021,3,3,0.9994773,4.5693812e-07,8.5007383e-07,0.0005213386,0.9994773
512,201,walking,2021-05-07 16:06:01.400,2021-05-07 16:06:03.380,0.021,3,3,0.9999866,3.028098e-08,1.5247855e-08,1.3280741e-05,0.9999866
512,201,walking,2021-05-07 16:06:02.400,2021-05-07 16:06:04.380,0.021,3,3,0.9990625,7.925703e-07,7.0911454e-07,0.0009359795,0.9990625
512,201,walking,2021-05-07 16:06:03.400,2021-05-07 16:06:05.380,0.021,3,3,0.8546668,1.4708265e-05,8.661725e-05,0.14523181,0.8546668
512,201,walking,2021-05-07 16:06:04.400,2021-05-07 16:06:06.380,0.021,3,3,0.8873982,1.3535559e-05,4.973866e-05,0.112538554,0.8873982
512,201,walking,2021-05-07 16:06:05.400,2021-05-07 16:06:07.380,0.021,3,3,0.935452,7.4811283e-06,6.501043e-06,0.06453401,0.935452
512,201,walking,2021-05-07 16:06:06.400,2021-05-07 16:06:08.380,0.021,3,3,0.91818476,9.99497e-06,8.757949e-06,0.081796415,0.91818476
512,201,walking,2021-05-07 16:06:07.400,2021-05-07 16:06:09.380,0.021,3,3,0.928809,1.0498814e-05,1.585535e-05,0.07116462,0.928809
512,201,walking,2021-05-07 16:06:08.399,2021-05-07 16:06:10.380,0.021,3,3,0.98266095,4.2925403e-06,7.1617596e-06,0.01732761,0.98266095
512,201,walking,2021-05-07 16:06:09.399,2021-05-07 16:06:11.380,0.021,3,3,0.97623795,6.2975464e-06,3.902509e-06,0.023751842,0.97623795
512,201,walking,2021-05-07 16:06:10.399,2021-05-07 16:06:12.380,0.021,3,3,0.944415,9.773827e-06,1.0731766e-05,0.0555645,0.944415
512,201,walking,2021-05-07 16:06:11.399,2021-05-07 16:06:13.380,0.021,3,3,0.9756785,8.139494e-06,7.2073412e-06,0.024306068,0.9756785
512,201,walking,2021-05-07 16:06:12.399,2021-05-07 16:06:14.380,0.021,3,3,0.9499717,1.0357599e-05,1.4903669e-05,0.050003044,0.9499717
512,201,walking,2021-05-07 16:06:13.399,2021-05-07 16:06:15.380,0.021,3,3,0.91068906,2.1327354e-05,2.6634823e-05,0.089262895,0.91068906
512,201,walking,2021-05-07 16:06:14.399,2021-05-07 16:06:16.380,0.021,3,3,0.8431667,3.2462853e-05,7.1275426e-05,0.15672955,0.8431667
512,201,walking,2021-05-07 16:06:15.399,2021-05-07 16:06:17.380,0.021,3,3,0.9371545,1.819562e-05,7.3409035e-05,0.062753975,0.9371545
512,201,walking,2021-05-07 16:06:16.399,2021-05-07 16:06:18.380,0.021,3,3,0.9285611,2.4347772e-05,7.995693e-05,0.07133454,0.9285611
512,201,walking,2021-05-07 16:06:17.399,2021-05-07 16:06:19.380,0.021,3,3,0.88497895,1.32747655e-05,1.6558568e-05,0.114991255,0.88497895
512,201,walking,2021-05-07 16:06:18.399,2021-05-07 16:06:20.380,0.021,3,3,0.88255656,1.4858355e-05,1.8875702e-05,0.11740977,0.88255656
512,201,walking,2021-05-07 16:06:19.399,2021-05-07 16:06:21.380,0.021,3,3,0.98600084,5.2373266e-06,3.4790103e-06,0.013990515,0.98600084
512,201,walking,2021-05-07 16:06:20.399,2021-05-07 16:06:22.380,0.021,3,3,0.9940208,6.0616803e-06,3.3285983e-06,0.0059698606,0.9940208
512,201,walking,2021-05-07 16:06:21.399,2021-05-07 16:06:23.380,0.021,3,3,0.9625083,6.9531557e-06,4.281351e-06,0.037480406,0.9625083
512,201,walking,2021-05-07 16:06:22.399,2021-05-07 16:06:24.380,0.021,3,3,0.99865353,7.510009e-07,1.5059003e-07,0.0013455644,0.99865353
512,201,walking,2021-05-07 16:06:23.399,2021-05-07 16:06:25.380,0.021,3,3,0.9977482,2.0902899e-06,5.398378e-07,0.0022491538,0.9977482
512,201,walking,2021-05-07 16:06:24.399,2021-05-07 16:06:26.380,0.021,3,3,0.9996554,2.0765741e-07,1.4351225e-08,0.0003442505,0.9996554
512,201,walking,2021-05-07 16:06:25.399,2021-05-07 16:06:27.380,0.021,3,3,0.9999519,9.8614066e-08,4.155844e-09,4.7949714e-05,0.9999519
512,201,walking,2021-05-07 16:06:26.399,2021-05-07 16:06:28.380,0.021,3,3,0.9980519,2.2736888e-06,1.094258e-06,0.0019447058,0.9980519
512,201,walking,2021-05-07 16:06:27.399,2021-05-07 16:06:29.380,0.021,3,3,0.9786177,3.8242947e-06,3.2244911e-06,0.021375133,0.9786177
512,201,walking,2021-05-07 16:06:28.399,2021-05-07 16:06:30.380,0.021,3,3,0.98966146,2.6223727e-06,1.364177e-06,0.010334508,0.98966146
512,201,walking,2021-05-07 16:06:29.399,2021-05-07 16:06:31.380,0.021,3,3,0.9712058,1.1547369e-05,5.07819e-06,0.028777687,0.9712058
512,201,walking,2021-05-07 16:06:30.399,2021-05-07 16:06:32.380,0.021,3,3,0.99398774,3.4319642e-06,8.038149e-07,0.006007919,0.99398774
512,201,walking,2021-05-07 16:06:31.399,2021-05-07 16:06:33.380,0.021,3,3,0.99456656,1.4985729e-06,9.054585e-07,0.005431029,0.99456656
512,201,walking,2021-05-07 16:06:32.400,2021-05-07 16:06:34.380,0.021,3,3,0.96549076,4.446495e-06,1.7116251e-06,0.034503028,0.96549076
512,201,walking,2021-05-07 16:06:33.400,2021-05-07 16:06:35.380,0.021,3,3,0.9983844,9.707285e-07,1.4599519e-07,0.0016145663,0.9983844
512,201,walking,2021-05-07 16:06:34.400,2021-05-07 16:06:36.380,0.021,3,3,0.99956906,3.6964306e-07,1.2285396e-07,0.000430537,0.99956906
512,201,walking,2021-05-07 16:06:35.400,2021-05-07 16:06:37.380,0.021,3,3,0.99614644,1.8119895e-06,3.2529812e-07,0.0038514696,0.99614644
512,201,walking,2021-05-07 16:06:36.400,2021-05-07 16:06:38.380,0.021,3,3,0.9957087,2.5460351e-06,9.308583e-07,0.004287808,0.9957087
512,201,walking,2021-05-07 16:06:37.400,2021-05-07 16:06:39.380,0.021,3,3,0.9983067,9.647255e-07,5.279679e-07,0.0016919232,0.9983067
512,201,walking,2021-05-07 16:06:38.400,2021-05-07 16:06:40.380,0.021,3,3,0.9968326,1.2126609e-06,1.8821264e-07,0.0031660788,0.9968326
512,201,walking,2021-05-07 16:06:39.400,2021-05-07 16:06:41.380,0.021,3,3,0.99481267,3.1504646e-06,8.3531324e-07,0.005183362,0.99481267
512,201,walking,2021-05-07 16:06:40.400,2021-05-07 16:06:42.380,0.021,3,3,0.9877985,6.0374987e-06,4.4795097e-06,0.012191008,0.9877985
512,201,walking,2021-05-07 16:06:41.400,2021-05-07 16:06:43.380,0.021,3,3,0.9950307,1.6177994e-06,4.85632e-07,0.004967288,0.9950307
512,201,walking,2021-05-07 16:06:42.400,2021-05-07 16:06:44.380,0.021,3,3,0.99771684,8.058478e-07,1.4241678e-07,0.0022821624,0.99771684
512,201,walking,2021-05-07 16:06:43.400,2021-05-07 16:06:45.380,0.021,3,3,0.9750859,5.1935804e-06,2.7633635e-06,0.024906132,0.9750859
512,201,walking,2021-05-07 16:06:44.400,2021-05-07 16:06:46.380,0.021,3,3,0.99156964,1.9004185e-06,7.578138e-07,0.00842767,0.99156964
512,201,walking,2021-05-07 16:06:45.400,2021-05-07 16:06:47.380,0.021,3,3,0.99782497,7.68646e-07,6.338418e-07,0.0021735623,0.99782497
512,201,walking,2021-05-07 16:06:46.400,2021-05-07 16:06:48.380,0.021,3,3,0.994308,3.441557e-06,1.1458698e-06,0.0056874882,0.994308
512,201,walking,2021-05-07 16:06:47.400,2021-05-07 16:06:49.380,0.021,3,3,0.9810321,6.749678e-06,4.8937263e-06,0.018956237,0.9810321
512,201,walking,2021-05-07 16:06:48.400,2021-05-07 16:06:50.380,0.021,3,3,0.9903667,2.563896e-06,5.2729633e-06,0.009625488,0.9903667
512,201,walking,2021-05-07 16:06:49.400,2021-05-07 16:06:51.380,0.021,3,3,0.98287207,5.0488425e-06,1.11493e-06,0.017121773,0.98287207
512,201,walking,2021-05-07 16:06:50.400,2021-05-07 16:06:52.380,0.021,3,3,0.9964353,3.5347484e-06,7.165584e-07,0.0035604225,0.9964353
512,201,walking,2021-05-07 16:06:51.400,2021-05-07 16:06:53.380,0.021,3,3,0.9951479,3.0190809e-06,1.1220108e-06,0.004848021,0.9951479
512,201,walking,2021-05-07 16:06:52.400,2021-05-07 16:06:54.380,0.021,3,3,0.94150233,1.18280805e-05,3.1173724e-05,0.058454692,0.94150233
512,201,walking,2021-05-07 16:06:53.400,2021-05-07 16:06:55.380,0.021,3,3,0.99263924,2.311777e-06,6.015659e-06,0.00735255,0.99263924
512,201,walking,2021-05-07 16:06:54.400,2021-05-07 16:06:56.380,0.021,3,3,0.99632627,2.7823874e-06,6.5517185e-07,0.0036702498,0.99632627
512,201,walking,2021-05-07 16:06:55.400,2021-05-07 16:06:57.380,0.021,3,3,0.98022515,5.846014e-06,4.910693e-06,0.019764133,0.98022515
512,201,walking,2021-05-07 16:06:56.400,2021-05-07 16:06:58.380,0.021,3,3,0.9962363,2.7625026e-06,3.4764528e-06,0.0037573655,0.9962363
512,201,walking,2021-05-07 16:06:57.400,2021-05-07 16:06:59.380,0.021,3,3,0.9976326,1.6289188e-06,5.7166307e-07,0.0023651859,0.9976326
512,201,walking,2021-05-07 16:06:58.400,2021-05-07 16:07:00.380,0.021,3,3,0.9949659,3.606138e-06,8.826945e-07,0.0050295196,0.9949659
512,201,walking,2021-05-07 16:06:59.400,2021-05-07 16:07:01.380,0.021,3,3,0.9028468,7.889347e-06,1.4552084e-05,0.09713076,0.9028468
512,201,walking,2021-05-07 16:07:00.400,2021-05-07 16:07:02.380,0.021,3,3,0.9943291,2.4926771e-06,8.487363e-07,0.005667691,0.9943291
512,201,walking,2021-05-07 16:07:01.400,2021-05-07 16:07:03.380,0.021,3,3,0.99835134,3.6656304e-06,1.2057158e-06,0.0016438201,0.99835134
512,201,walking,2021-05-07 16:07:02.400,2021-05-07 16:07:04.380,0.021,3,3,0.99480516,2.3215189e-06,6.1826546e-07,0.005191911,0.99480516
512,201,walking,2021-05-07 16:07:03.400,2021-05-07 16:07:05.380,0.021,3,3,0.99710405,1.0896903e-06,1.6706049e-07,0.0028946197,0.99710405
512,201,walking,2021-05-07 16:07:04.400,2021-05-07 16:07:06.380,0.021,3,3,0.9931589,4.968849e-06,8.966325e-07,0.0068352874,0.9931589
512,201,walking,2021-05-07 16:07:05.400,2021-05-07 16:07:07.380,0.021,3,3,0.9830758,1.2012036e-05,3.8126782e-06,0.016908431,0.9830758
512,201,walking,2021-05-07 16:07:06.400,2021-05-07 16:07:08.380,0.021,3,3,0.956553,1.1023951e-05,7.3642655e-06,0.04342848,0.956553
512,201,walking,2021-05-07 16:07:07.400,2021-05-07 16:07:09.380,0.021,3,3,0.99897903,1.0483866e-06,2.3918693e-07,0.0010196079,0.99897903
512,201,walking,2021-05-07 16:07:08.399,2021-05-07 16:07:10.380,0.021,3,3,0.99893373,7.2936143e-07,2.7336137e-07,0.0010653178,0.99893373
512,201,walking,2021-05-07 16:07:09.399,2021-05-07 16:07:11.380,0.021,3,3,0.9862662,7.781865e-06,2.2478512e-06,0.013723704,0.9862662
512,201,walking,2021-05-07 16:07:10.399,2021-05-07 16:07:12.380,0.021,3,3,0.9682479,1.5638117e-05,1.9121413e-05,0.03171743,0.9682479
512,201,walking,2021-05-07 16:07:11.399,2021-05-07 16:07:13.380,0.021,3,3,0.9489099,2.278837e-05,6.613638e-05,0.051001243,0.9489099
512,201,walking,2021-05-07 16:07:12.399,2021-05-07 16:07:14.380,0.021,3,3,0.97203875,1.0666877e-05,1.3017335e-05,0.027937552,0.97203875
512,201,walking,2021-05-07 16:07:13.399,2021-05-07 16:07:15.380,0.021,3,3,0.9850495,4.3781038e-06,6.889773e-06,0.014939153,0.9850495
512,201,walking,2021-05-07 16:07:14.399,2021-05-07 16:07:16.380,0.021,3,3,0.99192,5.410838e-06,1.3565942e-06,0.008073247,0.99192
512,201,walking,2021-05-07 16:07:15.399,2021-05-07 16:07:17.380,0.021,3,3,0.99579144,3.4406323e-06,1.6679595e-06,0.0042034574,0.99579144
512,201,walking,2021-05-07 16:07:16.399,2021-05-07 16:07:18.380,0.021,3,3,0.99177426,3.4133502e-06,3.604718e-06,0.008218737,0.99177426
512,201,walking,2021-05-07 16:07:17.399,2021-05-07 16:07:19.380,0.021,3,3,0.9840555,6.725151e-06,9.679849e-06,0.015928075,0.9840555
512,201,walking,2021-05-07 16:07:18.399,2021-05-07 16:07:20.380,0.021,3,3,0.99067575,5.8296414e-06,7.89442e-06,0.00931039,0.99067575
512,201,walking,2021-05-07 16:07:19.399,2021-05-07 16:07:21.380,0.021,3,3,0.9962057,2.8462655e-06,4.5821494e-07,0.0037910345,0.9962057
512,201,walking,2021-05-07 16:07:20.399,2021-05-07 16:07:22.380,0.021,3,3,0.9999388,3.3187743e-07,3.8779852e-08,6.0790062e-05,0.9999388
512,201,walking,2021-05-07 16:07:21.399,2021-05-07 16:07:23.380,0.021,3,3,0.99962443,2.4312112e-06,5.664783e-07,0.00037243214,0.99962443
512,201,walking,2021-05-07 16:07:22.399,2021-05-07 16:07:24.380,0.021,3,3,0.9982063,1.4044687e-06,2.8403736e-07,0.0017919918,0.9982063
512,201,walking,2021-05-07 16:07:23.399,2021-05-07 16:07:25.380,0.021,3,3,0.99970186,8.6814424e-07,1.676805e-07,0.00029702642,0.99970186
512,203,walking,2021-05-07 16:07:27.200,2021-05-07 16:07:29.180,0.021,3,3,0.9947529,3.6136412e-06,4.843153e-07,0.005243044,0.9947529
512,203,walking,2021-05-07 16:07:28.200,2021-05-07 16:07:30.180,0.021,3,3,0.9854572,2.4834092e-06,5.9222936e-07,0.014539688,0.9854572
512,203,walking,2021-05-07 16:07:29.200,2021-05-07 16:07:31.180,0.021,3,3,0.9924283,1.0098058e-06,5.3856263e-07,0.007570032,0.9924283
512,206,standing,2021-05-07 16:07:32.639,2021-05-07 16:07:34.619,0.021,2,2,0.9400332,6.3085536e-06,2.1650521e-06,0.9400332,0.059958354
512,206,standing,2021-05-07 16:07:33.639,2021-05-07 16:07:35.619,0.021,2,2,0.927179,6.8123736e-06,2.1800124e-06,0.927179,0.07281211
512,206,standing,2021-05-07 16:07:34.639,2021-05-07 16:07:36.619,0.021,2,2,0.93721956,5.006907e-06,1.7641894e-06,0.93721956,0.062773645
512,206,standing,2021-05-07 16:07:35.639,2021-05-07 16:07:37.619,0.021,2,2,0.96922994,2.84446e-06,1.3622783e-06,0.96922994,0.03076587
512,206,standing,2021-05-07 16:07:36.639,2021-05-07 16:07:38.619,0.021,2,2,0.9625946,3.117156e-06,1.4687769e-06,0.9625946,0.03740081
512,206,standing,2021-05-07 16:07:37.639,2021-05-07 16:07:39.619,0.021,2,2,0.9466298,3.7137586e-06,1.4292741e-06,0.9466298,0.053364955
512,206,standing,2021-05-07 16:07:38.639,2021-05-07 16:07:40.619,0.021,2,2,0.94686264,3.437047e-06,1.3890185e-06,0.94686264,0.05313243
512,206,standing,2021-05-07 16:07:39.639,2021-05-07 16:07:41.619,0.021,2,2,0.9620188,2.9224232e-06,1.5021898e-06,0.9620188,0.0379767
512,206,standing,2021-05-07 16:07:40.639,2021-05-07 16:07:42.619,0.021,2,2,0.9702115,2.4687783e-06,1.5939448e-06,0.9702115,0.029784393
512,210,standing,2021-05-07 16:07:48.240,2021-05-07 16:07:50.220,0.021,2,2,0.97378075,2.976477e-06,6.146462e-07,0.97378075,0.026215615
512,210,standing,2021-05-07 16:07:49.240,2021-05-07 16:07:51.220,0.021,2,2,0.9860674,2.1197247e-06,4.1240904e-07,0.9860674,0.013929983
512,210,standing,2021-05-07 16:07:50.240,2021-05-07 16:07:52.220,0.021,2,2,0.98248655,2.405427e-06,3.572744e-07,0.98248655,0.017510757
512,210,standing,2021-05-07 16:07:51.240,2021-05-07 16:07:53.220,0.021,2,2,0.9772271,2.4547085e-06,3.9121463e-07,0.9772271,0.02277008
512,210,standing,2021-05-07 16:07:52.240,2021-05-07 16:07:54.220,0.021,2,2,0.98256445,2.2758259e-06,4.1944014e-07,0.98256445,0.017432813
512,210,standing,2021-05-07 16:07:53.240,2021-05-07 16:07:55.220,0.021,2,2,0.9834502,2.5054285e-06,6.709278e-07,0.9834502,0.016546581
512,210,standing,2021-05-07 16:07:54.240,2021-05-07 16:07:56.220,0.021,2,2,0.9899049,2.1178796e-06,8.7742274e-07,0.9899049,0.010092123
512,210,standing,2021-05-07 16:07:55.240,2021-05-07 16:07:57.220,0.021,2,2,0.99312145,1.7753382e-06,6.7107715e-07,0.99312145,0.006876026
512,210,standing,2021-05-07 16:07:56.240,2021-05-07 16:07:58.220,0.021,2,2,0.9794086,2.2869538e-06,5.413126e-07,0.9794086,0.020588623
512,210,standing,2021-05-07 16:07:57.240,2021-05-07 16:07:59.220,0.021,2,2,0.96599054,3.0604606e-06,5.43107e-07,0.96599054,0.03400585
512,210,standing,2021-05-07 16:07:58.240,2021-05-07 16:08:00.220,0.021,2,2,0.9736935,3.0149017e-06,4.75027e-07,0.9736935,0.026303008
512,210,standing,2021-05-07 16:07:59.240,2021-05-07 16:08:01.220,0.021,2,2,0.9871069,2.5796464e-06,2.0349731e-07,0.9871069,0.012890124
512,210,standing,2021-05-07 16:08:00.240,2021-05-07 16:08:02.220,0.021,2,2,0.99071723,2.6381356e-06,1.97923e-07,0.99071723,0.009279877
512,210,standing,2021-05-07 16:08:01.240,2021-05-07 16:08:03.220,0.021,2,2,0.9858505,2.914745e-06,2.482822e-07,0.9858505,0.014146323
512,210,standing,2021-05-07 16:08:02.240,2021-05-07 16:08:04.220,0.021,2,2,0.9818088,3.3038727e-06,2.4869436e-07,0.9818088,0.01818761
512,212,standing,2021-05-07 16:08:06.680,2021-05-07 16:08:08.659,0.021,2,2,0.9782004,3.0142041e-06,7.6142936e-07,0.9782004,0.021795945
512,212,standing,2021-05-07 16:08:07.680,2021-05-07 16:08:09.659,0.021,2,2,0.9849075,2.192755e-06,4.3045264e-07,0.9849075,0.015089871
512,212,standing,2021-05-07 16:08:08.680,2021-05-07 16:08:10.659,0.021,2,2,0.9822983,2.589154e-06,4.9603733e-07,0.9822983,0.01769856
512,212,standing,2021-05-07 16:08:09.680,2021-05-07 16:08:11.659,0.021,2,2,0.98681384,2.2895385e-06,4.8678703e-07,0.98681384,0.01318341
512,212,standing,2021-05-07 16:08:10.680,2021-05-07 16:08:12.659,0.021,2,2,0.9914129,1.7605862e-06,5.028722e-07,0.9914129,0.008584922
512,212,standing,2021-05-07 16:08:11.680,2021-05-07 16:08:13.659,0.021,2,2,0.9930305,1.698216e-06,7.0540403e-07,0.9930305,0.0069670337
512,212,standing,2021-05-07 16:08:12.680,2021-05-07 16:08:14.659,0.021,2,2,0.9897327,1.967511e-06,8.2343234e-07,0.9897327,0.01026445
512,212,standing,2021-05-07 16:08:13.680,2021-05-07 16:08:15.659,0.021,2,2,0.97913486,2.8484217e-06,1.2761449e-06,0.97913486,0.02086119
512,215,walking,2021-05-07 16:08:16.760,2021-05-07 16:08:18.739,0.021,3,3,0.9933266,1.6979977e-05,2.2861657e-05,0.0066334754,0.9933266
512,215,walking,2021-05-07 16:08:17.760,2021-05-07 16:08:19.739,0.021,3,3,0.9906205,1.28595775e-05,4.107333e-05,0.009325519,0.9906205
512,215,walking,2021-05-07 16:08:18.760,2021-05-07 16:08:20.739,0.021,3,3,0.9941922,5.7603525e-06,2.0523006e-05,0.00578158,0.9941922
512,215,walking,2021-05-07 16:08:19.760,2021-05-07 16:08:21.739,0.021,3,3,0.7091115,5.9165024e-05,4.6864447e-05,0.29078242,0.7091115
512,215,walking,2021-05-07 16:08:20.760,2021-05-07 16:08:22.739,0.021,3,3,0.9796124,6.6558764e-06,9.2215605e-06,0.02037174,0.9796124
512,215,walking,2021-05-07 16:08:21.760,2021-05-07 16:08:23.739,0.021,3,3,0.99343234,2.4078543e-06,1.6463636e-06,0.0065635038,0.99343234
512,215,walking,2021-05-07 16:08:22.760,2021-05-07 16:08:24.739,0.021,3,3,0.9842088,7.773494e-06,5.1184566e-06,0.0157783,0.9842088
512,215,walking,2021-05-07 16:08:23.760,2021-05-07 16:08:25.739,0.021,3,3,0.9859692,7.764934e-06,7.425282e-06,0.014015579,0.9859692
512,215,walking,2021-05-07 16:08:24.760,2021-05-07 16:08:26.739,0.021,3,3,0.9893618,4.233744e-06,5.37911e-06,0.010628534,0.9893618
512,215,walking,2021-05-07 16:08:25.760,2021-05-07 16:08:27.739,0.021,3,3,0.99396735,2.3659832e-06,4.5670822e-07,0.0060298694,0.99396735
512,215,walking,2021-05-07 16:08:26.760,2021-05-07 16:08:28.739,0.021,3,3,0.9982168,1.1592045e-06,1.675274e-07,0.0017819015,0.9982168
512,215,walking,2021-05-07 16:08:27.760,2021-05-07 16:08:29.739,0.021,3,3,0.98971546,8.010049e-06,3.0938593e-06,0.010273369,0.98971546
512,215,walking,2021-05-07 16:08:28.760,2021-05-07 16:08:30.739,0.021,3,3,0.99297935,2.937603e-06,8.775111e-07,0.00701678,0.99297935
512,215,walking,2021-05-07 16:08:29.760,2021-05-07 16:08:31.739,0.021,3,3,0.9987991,1.3363482e-06,8.1231127e-07,0.0011987955,0.9987991
512,215,walking,2021-05-07 16:08:30.760,2021-05-07 16:08:32.740,0.021,3,3,0.93963724,1.1512187e-05,3.127839e-05,0.060320046,0.93963724
512,215,walking,2021-05-07 16:08:31.760,2021-05-07 16:08:33.740,0.021,3,3,0.8778446,1.5464833e-05,3.2877815e-05,0.12210701,0.8778446
512,215,walking,2021-05-07 16:08:32.759,2021-05-07 16:08:34.740,0.021,3,3,0.8805406,2.3888266e-05,5.697784e-05,0.11937855,0.8805406
512,215,walking,2021-05-07 16:08:33.759,2021-05-07 16:08:35.740,0.021,3,3,0.9918837,2.9669527e-06,1.3735644e-06,0.008111987,0.9918837
512,215,walking,2021-05-07 16:08:34.759,2021-05-07 16:08:36.740,0.021,3,3,0.9970469,1.577072e-06,1.0038782e-06,0.0029505582,0.9970469
512,215,walking,2021-05-07 16:08:35.759,2021-05-07 16:08:37.740,0.021,3,3,0.9951553,2.115356e-06,1.0336348e-06,0.0048415167,0.9951553
512,215,walking,2021-05-07 16:08:36.759,2021-05-07 16:08:38.740,0.021,3,3,0.9977526,8.7924883e-07,1.9048886e-07,0.0022463803,0.9977526
512,215,walking,2021-05-07 16:08:37.759,2021-05-07 16:08:39.740,0.021,3,3,0.9876456,2.2356728e-06,1.611825e-06,0.012350439,0.9876456
512,215,walking,2021-05-07 16:08:38.759,2021-05-07 16:08:40.740,0.021,3,3,0.99113995,2.2643947e-06,2.1140443e-06,0.008855674,0.99113995
512,215,walking,2021-05-07 16:08:39.759,2021-05-07 16:08:41.740,0.021,3,3,0.99929994,6.758854e-07,5.7685594e-07,0.0006988843,0.99929994
512,215,walking,2021-05-07 16:08:40.759,2021-05-07 16:08:42.740,0.021,3,3,0.9970951,1.1312011e-06,4.5062973e-07,0.0029033674,0.9970951
512,215,walking,2021-05-07 16:08:41.759,2021-05-07 16:08:43.740,0.021,3,3,0.98751634,2.780697e-06,2.3717494e-06,0.012478508,0.98751634
512,215,walking,2021-05-07 16:08:42.759,2021-05-07 16:08:44.740,0.021,3,3,0.991689,1.5456236e-06,3.2770472e-06,0.008306141,0.991689
512,215,walking,2021-05-07 16:08:43.759,2021-05-07 16:08:45.740,0.021,3,3,0.99685436,7.5252814e-07,2.1878296e-07,0.0031446696,0.99685436
512,215,walking,2021-05-07 16:08:44.759,2021-05-07 16:08:46.740,0.021,3,3,0.99729985,1.2220231e-06,3.2238836e-07,0.0026986804,0.99729985
512,215,walking,2021-05-07 16:08:45.759,2021-05-07 16:08:47.740,0.021,3,3,0.99163866,1.8849764e-06,2.9556306e-06,0.008356441,0.99163866
512,215,walking,2021-05-07 16:08:46.759,2021-05-07 16:08:48.740,0.021,3,3,0.98260367,3.900229e-06,2.109211e-06,0.01739022,0.98260367
512,215,walking,2021-05-07 16:08:47.759,2021-05-07 16:08:49.740,0.021,3,3,0.99525684,2.30776e-06,3.8367597e-07,0.0047406117,0.99525684
512,215,walking,2021-05-07 16:08:48.759,2021-05-07 16:08:50.740,0.021,3,3,0.9936475,4.4004933e-06,9.60299e-07,0.0063471287,0.9936475
512,215,walking,2021-05-07 16:08:49.759,2021-05-07 16:08:51.740,0.021,3,3,0.9983116,1.2089641e-06,2.8543653e-07,0.001686982,0.9983116
512,215,walking,2021-05-07 16:08:50.759,2021-05-07 16:08:52.740,0.021,3,3,0.9995526,2.6605983e-07,1.6346355e-07,0.0004470218,0.9995526
512,215,walking,2021-05-07 16:08:51.759,2021-05-07 16:08:53.740,0.021,3,3,0.99408257,1.5981716e-06,5.299761e-07,0.005915252,0.99408257
512,215,walking,2021-05-07 16:08:52.759,2021-05-07 16:08:54.740,0.021,3,3,0.94959414,5.812926e-06,3.2816072e-06,0.050396804,0.94959414
512,215,walking,2021-05-07 16:08:53.759,2021-05-07 16:08:55.740,0.021,3,3,0.97635144,6.316505e-06,2.9894989e-06,0.02363924,0.97635144
512,215,walking,2021-05-07 16:08:54.759,2021-05-07 16:08:56.740,0.021,3,3,0.995675,2.1122164e-06,5.3356524e-07,0.0043222704,0.995675
512,215,walking,2021-05-07 16:08:55.759,2021-05-07 16:08:57.740,0.021,3,3,0.9998429,1.3717029e-07,1.9140664e-08,0.00015698384,0.9998429
512,215,walking,2021-05-07 16:08:56.759,2021-05-07 16:08:58.740,0.021,3,3,0.99662226,1.5228546e-06,3.3352046e-07,0.0033757926,0.99662226
512,215,walking,2021-05-07 16:08:57.759,2021-05-07 16:08:59.740,0.021,3,3,0.9672015,6.9120883e-06,7.190513e-06,0.03278434,0.9672015
512,215,walking,2021-05-07 16:08:58.759,2021-05-07 16:09:00.740,0.021,3,3,0.9981582,1.6036132e-06,6.464127e-06,0.0018336042,0.9981582
512,215,walking,2021-05-07 16:08:59.759,2021-05-07 16:09:01.740,0.021,3,3,0.9988416,9.3137686e-07,4.9952047e-07,0.001156976,0.9988416
512,215,walking,2021-05-07 16:09:00.760,2021-05-07 16:09:02.740,0.021,3,3,0.9949714,1.9066e-06,9.463996e-07,0.0050257687,0.9949714
512,215,walking,2021-05-07 16:09:01.760,2021-05-07 16:09:03.740,0.021,3,3,0.998906,2.1415327e-07,3.039143e-07,0.0010934438,0.998906
512,215,walking,2021-05-07 16:09:02.760,2021-05-07 16:09:04.739,0.021,3,3,0.96202904,4.751865e-06,4.197716e-06,0.037962113,0.96202904
512,215,walking,2021-05-07 16:09:03.760,2021-05-07 16:09:05.739,0.021,3,3,0.99213636,1.7726676e-06,6.0153553e-07,0.007861217,0.99213636
512,215,walking,2021-05-07 16:09:04.760,2021-05-07 16:09:06.739,0.021,3,3,0.99875605,7.0926285e-07,4.413352e-07,0.001242768,0.99875605
512,215,walking,2021-05-07 16:09:05.760,2021-05-07 16:09:07.739,0.021,3,3,0.9937507,2.5823856e-06,6.6832837e-07,0.0062460345,0.9937507
512,215,walking,2021-05-07 16:09:06.760,2021-05-07 16:09:08.739,0.021,3,3,0.9860347,4.3029954e-06,2.7511005e-06,0.013958244,0.9860347
512,215,walking,2021-05-07 16:09:07.760,2021-05-07 16:09:09.739,0.021,3,3,0.98978806,2.6317105e-06,7.113707e-06,0.010202226,0.98978806
512,215,walking,2021-05-07 16:09:08.760,2021-05-07 16:09:10.739,0.021,3,3,0.99698603,1.4109722e-06,4.4146694e-07,0.003012021,0.99698603
512,215,walking,2021-05-07 16:09:09.760,2021-05-07 16:09:11.739,0.021,3,3,0.9933111,2.4755582e-06,5.2887935e-07,0.0066858446,0.9933111
512,215,walking,2021-05-07 16:09:10.760,2021-05-07 16:09:12.739,0.021,3,3,0.9831195,6.0002476e-06,3.0711394e-06,0.016871339,0.9831195
512,215,walking,2021-05-07 16:09:11.760,2021-05-07 16:09:13.739,0.021,3,3,0.9898579,2.3610328e-06,7.984137e-07,0.010138851,0.9898579
512,215,walking,2021-05-07 16:09:12.760,2021-05-07 16:09:14.739,0.021,3,3,0.9993638,5.6191215e-07,1.0285651e-07,0.0006354981,0.9993638
512,215,walking,2021-05-07 16:09:13.760,2021-05-07 16:09:15.739,0.021,3,3,0.9750173,1.01255055e-05,9.109779e-06,0.024963334,0.9750173
512,215,walking,2021-05-07 16:09:14.760,2021-05-07 16:09:16.739,0.021,3,3,0.9706724,5.018223e-06,2.9175333e-06,0.029319568,0.9706724
512,215,walking,2021-05-07 16:09:15.760,2021-05-07 16:09:17.739,0.021,3,3,0.9989585,3.627869e-07,7.98371e-08,0.0010411341,0.9989585
512,215,walking,2021-05-07 16:09:16.760,2021-05-07 16:09:18.739,0.021,3,3,0.9955574,1.5247265e-06,3.2706527e-07,0.0044406764,0.9955574
512,215,walking,2021-05-07 16:09:17.760,2021-05-07 16:09:19.739,0.021,3,3,0.9481928,6.944774e-06,8.470991e-06,0.05179174,0.9481928
512,215,walking,2021-05-07 16:09:18.760,2021-05-07 16:09:20.739,0.021,3,3,0.98705393,1.0433696e-05,7.050063e-06,0.012928606,0.98705393
512,215,walking,2021-05-07 16:09:19.760,2021-05-07 16:09:21.739,0.021,3,3,0.99675333,3.5784028e-06,1.2896633e-06,0.0032418221,0.99675333
512,215,walking,2021-05-07 16:09:20.760,2021-05-07 16:09:22.739,0.021,3,3,0.9983621,6.429351e-07,2.9041553e-07,0.0016369506,0.9983621
512,215,walking,2021-05-07 16:09:21.760,2021-05-07 16:09:23.739,0.021,3,3,0.99225605,2.5949535e-06,7.541417e-07,0.007740513,0.99225605
512,215,walking,2021-05-07 16:09:22.760,2021-05-07 16:09:24.739,0.021,3,3,0.9849127,3.5230798e-06,5.7042525e-06,0.015078032,0.9849127
512,215,walking,2021-05-07 16:09:23.760,2021-05-07 16:09:25.739,0.021,3,3,0.9957925,2.8032796e-06,4.5879237e-06,0.0042000683,0.9957925
512,215,walking,2021-05-07 16:09:24.760,2021-05-07 16:09:26.739,0.021,3,3,0.99636036,2.1583824e-06,1.5002782e-06,0.003636003,0.99636036
512,215,walking,2021-05-07 16:09:25.760,2021-05-07 16:09:27.739,0.021,3,3,0.9998355,1.7758643e-07,3.4738097e-08,0.00016437669,0.9998355
512,215,walking,2021-05-07 16:09:26.760,2021-05-07 16:09:28.739,0.021,3,3,0.99969214,6.298284e-07,1.9099352e-07,0.00030704943,0.99969214
512,215,walking,2021-05-07 16:09:27.760,2021-05-07 16:09:29.739,0.021,3,3,0.99745333,7.460426e-07,2.6891442e-07,0.0025456375,0.99745333
512,215,walking,2021-05-07 16:09:28.760,2021-05-07 16:09:30.739,0.021,3,3,0.99582857,1.541928e-06,3.479462e-07,0.004169498,0.99582857
512,215,walking,2021-05-07 16:09:29.760,2021-05-07 16:09:31.739,0.021,3,3,0.9887281,9.80687e-06,2.6326957e-06,0.01125938,0.9887281
512,215,walking,2021-05-07 16:09:30.760,2021-05-07 16:09:32.740,0.021,3,3,0.9947868,3.1488692e-06,9.0969274e-07,0.005209142,0.9947868
512,215,walking,2021-05-07 16:09:31.760,2021-05-07 16:09:33.740,0.021,3,3,0.99901867,4.1464136e-07,1.446815e-07,0.0009807867,0.99901867
512,215,walking,2021-05-07 16:09:32.759,2021-05-07 16:09:34.740,0.021,3,3,0.9897583,4.1898506e-06,5.889135e-07,0.010236834,0.9897583
512,217,standing,2021-05-07 16:09:36.240,2021-05-07 16:09:38.220,0.021,2,2,0.9810868,4.047351e-06,1.0190927e-05,0.9810868,0.018898835
512,217,standing,2021-05-07 16:09:37.240,2021-05-07 16:09:39.220,0.021,2,2,0.9739238,3.165263e-06,2.7433118e-06,0.9739238,0.026070356
512,219,standing,2021-05-07 16:09:42.080,2021-05-07 16:09:44.060,0.021,2,2,0.9851876,2.6419375e-06,6.566864e-07,0.9851876,0.0148091335
512,219,standing,2021-05-07 16:09:43.080,2021-05-07 16:09:45.060,0.021,2,2,0.9875026,2.3317884e-06,6.5912644e-07,0.9875026,0.012494492
512,219,standing,2021-05-07 16:09:44.080,2021-05-07 16:09:46.060,0.021,2,2,0.989526,2.2364138e-06,7.740634e-07,0.989526,0.010470941
512,219,standing,2021-05-07 16:09:45.080,2021-05-07 16:09:47.060,0.021,2,2,0.98776555,2.6747252e-06,1.0607419e-06,0.98776555,0.012230683
512,219,standing,2021-05-07 16:09:46.080,2021-05-07 16:09:48.060,0.021,2,2,0.9884533,2.929517e-06,1.4680526e-06,0.9884533,0.011542146
512,219,standing,2021-05-07 16:09:47.080,2021-05-07 16:09:49.060,0.021,2,2,0.99295354,1.9274953e-06,8.009633e-07,0.99295354,0.0070436937
512,219,standing,2021-05-07 16:09:48.080,2021-05-07 16:09:50.060,0.021,2,2,0.9843449,2.5316676e-06,8.633434e-07,0.9843449,0.015651653
512,219,standing,2021-05-07 16:09:49.080,2021-05-07 16:09:51.060,0.021,2,2,0.95561564,3.8177222e-06,1.0161508e-06,0.95561564,0.044379625
512,219,standing,2021-05-07 16:09:50.080,2021-05-07 16:09:52.060,0.021,2,2,0.9774367,2.540159e-06,6.4868544e-07,0.9774367,0.022559995
512,219,standing,2021-05-07 16:09:51.080,2021-05-07 16:09:53.060,0.021,2,2,0.98522705,2.1920275e-06,5.805847e-07,0.98522705,0.014770219
512,219,standing,2021-05-07 16:09:52.080,2021-05-07 16:09:54.060,0.021,2,2,0.9740316,2.6871337e-06,7.839882e-07,0.9740316,0.02596487
512,219,standing,2021-05-07 16:09:53.080,2021-05-07 16:09:55.060,0.021,2,2,0.97622097,2.6346177e-06,7.345298e-07,0.97622097,0.023775665
512,219,standing,2021-05-07 16:09:54.080,2021-05-07 16:09:56.060,0.021,2,2,0.9754802,2.5557224e-06,7.351325e-07,0.9754802,0.024516484
512,219,standing,2021-05-07 16:09:55.080,2021-05-07 16:09:57.060,0.021,2,2,0.96524847,3.078578e-06,9.1347437e-07,0.96524847,0.03474747
512,221,standing,2021-05-07 16:09:59.680,2021-05-07 16:10:01.660,0.021,2,2,0.980566,5.031946e-06,1.284874e-05,0.980566,0.019416109
512,221,standing,2021-05-07 16:10:00.680,2021-05-07 16:10:02.660,0.021,2,2,0.9962436,1.7232678e-06,4.09759e-06,0.9962436,0.0037505853
512,221,standing,2021-05-07 16:10:01.680,2021-05-07 16:10:03.660,0.021,2,2,0.98789567,3.624941e-06,3.8192156e-06,0.98789567,0.012097015
512,221,standing,2021-05-07 16:10:02.680,2021-05-07 16:10:04.659,0.021,2,2,0.9652315,5.577305e-06,3.0807942e-06,0.9652315,0.034759857
512,223,standing,2021-05-07 16:10:05.720,2021-05-07 16:10:07.699,0.021,2,2,0.98301035,2.348977e-06,4.5008358e-07,0.98301035,0.016986782
512,223,standing,2021-05-07 16:10:06.720,2021-05-07 16:10:08.699,0.021,2,2,0.9851177,2.2931356e-06,4.389161e-07,0.9851177,0.014879571
512,223,standing,2021-05-07 16:10:07.720,2021-05-07 16:10:09.699,0.021,2,2,0.981421,2.417033e-06,4.983555e-07,0.981421,0.01857608
512,223,standing,2021-05-07 16:10:08.720,2021-05-07 16:10:10.699,0.021,2,2,0.9755792,2.772852e-06,6.872518e-07,0.9755792,0.024417331
512,227,standing,2021-05-07 16:10:12.960,2021-05-07 16:10:14.940,0.021,2,2,0.9976926,8.664928e-07,4.977262e-06,0.9976926,0.0023015712
512,227,standing,2021-05-07 16:10:13.960,2021-05-07 16:10:15.940,0.021,2,2,0.99680203,1.2398374e-06,3.5419152e-06,0.99680203,0.003193134
512,227,standing,2021-05-07 16:10:14.960,2021-05-07 16:10:16.940,0.021,2,2,0.9925038,2.4585045e-06,2.5738357e-06,0.9925038,0.0074910116
512,227,standing,2021-05-07 16:10:15.960,2021-05-07 16:10:17.940,0.021,2,2,0.9791367,4.654546e-06,2.0240159e-06,0.9791367,0.020856643
512,227,standing,2021-05-07 16:10:16.959,2021-05-07 16:10:18.940,0.021,2,2,0.97981924,3.480734e-06,1.0883707e-06,0.97981924,0.020176223
512,229,standing,2021-05-07 16:10:19.600,2021-05-07 16:10:21.579,0.021,2,2,0.9534189,3.389398e-06,5.1764994e-07,0.9534189,0.04657733
512,229,standing,2021-05-07 16:10:20.600,2021-05-07 16:10:22.579,0.021,2,2,0.9631577,2.8984741e-06,4.6980725e-07,0.9631577,0.03683889
512,229,standing,2021-05-07 16:10:21.600,2021-05-07 16:10:23.579,0.021,2,2,0.9774286,2.454915e-06,4.9540654e-07,0.9774286,0.0225685
512,229,standing,2021-05-07 16:10:22.600,2021-05-07 16:10:24.579,0.021,2,2,0.96502113,4.932666e-06,1.2039696e-06,0.96502113,0.03497267
512,229,standing,2021-05-07 16:10:23.600,2021-05-07 16:10:25.579,0.021,2,2,0.9634709,6.2300896e-06,2.039329e-06,0.9634709,0.03652082
512,229,standing,2021-05-07 16:10:24.600,2021-05-07 16:10:26.579,0.021,2,2,0.98015934,3.0537735e-06,9.225612e-07,0.98015934,0.01983668
512,229,standing,2021-05-07 16:10:25.600,2021-05-07 16:10:27.579,0.021,2,2,0.97061735,3.0601025e-06,6.9139094e-07,0.97061735,0.029378908
512,229,standing,2021-05-07 16:10:26.600,2021-05-07 16:10:28.579,0.021,2,2,0.9775066,2.5162026e-06,5.591207e-07,0.9775066,0.022490434
512,229,standing,2021-05-07 16:10:27.600,2021-05-07 16:10:29.579,0.021,2,2,0.9854244,2.196485e-06,5.4250745e-07,0.9854244,0.014572853
512,233,standing,2021-05-07 16:10:33.279,2021-05-07 16:10:35.259,0.021,2,2,0.9860226,2.517073e-06,1.0114926e-06,0.9860226,0.013974021
512,233,standing,2021-05-07 16:10:34.279,2021-05-07 16:10:36.259,0.021,2,2,0.98840326,2.18273e-06,8.925927e-07,0.98840326,0.011593714
512,233,standing,2021-05-07 16:10:35.279,2021-05-07 16:10:37.259,0.021,2,2,0.986497,2.2127426e-06,8.1258605e-07,0.986497,0.013499917
512,233,standing,2021-05-07 16:10:36.279,2021-05-07 16:10:38.259,0.021,2,2,0.98344827,2.1662358e-06,7.3392374e-07,0.98344827,0.016548743
512,233,standing,2021-05-07 16:10:37.279,2021-05-07 16:10:39.259,0.021,2,2,0.98075193,2.3870061e-06,7.465785e-07,0.98075193,0.019244868
512,233,standing,2021-05-07 16:10:38.279,2021-05-07 16:10:40.259,0.021,2,2,0.98078513,2.51705e-06,8.1201284e-07,0.98078513,0.019211613
512,235,standing,2021-05-07 16:10:42.680,2021-05-07 16:10:44.659,0.021,2,2,0.97398347,6.206104e-06,5.1122947e-06,0.97398347,0.026005303
512,237,standing,2021-05-07 16:10:45.119,2021-05-07 16:10:47.099,0.021,2,2,0.97463095,3.1445538e-06,1.8458995e-06,0.97463095,0.025363967
512,237,standing,2021-05-07 16:10:46.119,2021-05-07 16:10:48.099,0.021,2,2,0.9809579,2.8115567e-06,1.3733309e-06,0.9809579,0.019037886
512,237,standing,2021-05-07 16:10:47.119,2021-05-07 16:10:49.099,0.021,2,2,0.9820287,2.6414398e-06,1.032796e-06,0.9820287,0.017967522
512,237,standing,2021-05-07 16:10:48.119,2021-05-07 16:10:50.099,0.021,2,2,0.97583264,2.7594704e-06,7.7525436e-07,0.97583264,0.02416397
512,237,standing,2021-05-07 16:10:49.119,2021-05-07 16:10:51.099,0.021,2,2,0.9813895,2.576369e-06,5.909125e-07,0.9813895,0.018607229
512,237,standing,2021-05-07 16:10:50.119,2021-05-07 16:10:52.099,0.021,2,2,0.9874439,2.3408384e-06,5.9474337e-07,0.9874439,0.01255312
512,237,standing,2021-05-07 16:10:51.119,2021-05-07 16:10:53.099,0.021,2,2,0.99026084,2.0779958e-06,5.174948e-07,0.99026084,0.009736548
512,237,standing,2021-05-07 16:10:52.119,2021-05-07 16:10:54.099,0.021,2,2,0.99175835,2.022791e-06,4.0533675e-07,0.99175835,0.008239131
512,237,standing,2021-05-07 16:10:53.119,2021-05-07 16:10:55.099,0.021,2,2,0.9892079,2.2374334e-06,4.969198e-07,0.9892079,0.0107893
512,237,standing,2021-05-07 16:10:54.119,2021-05-07 16:10:56.099,0.021,2,2,0.98565865,2.6399307e-06,6.5733377e-07,0.98565865,0.014338027
512,237,standing,2021-05-07 16:10:55.119,2021-05-07 16:10:57.099,0.021,2,2,0.9841133,2.8170975e-06,8.462535e-07,0.9841133,0.015883064
512,237,standing,2021-05-07 16:10:56.119,2021-05-07 16:10:58.099,0.021,2,2,0.981039,3.2263156e-06,1.2520651e-06,0.981039,0.018956589
512,239,standing,2021-05-07 16:10:59.959,2021-05-07 16:11:01.940,0.021,2,2,0.99374884,2.4334322e-06,1.6244138e-06,0.99374884,0.0062472597
512,239,standing,2021-05-07 16:11:00.960,2021-05-07 16:11:02.940,0.021,2,2,0.99389464,1.9089625e-06,1.2897558e-06,0.99389464,0.0061021075
512,239,standing,2021-05-07 16:11:01.960,2021-05-07 16:11:03.940,0.021,2,2,0.9909427,2.6972189e-06,1.4542317e-06,0.9909427,0.0090532685
512,239,standing,2021-05-07 16:11:02.960,2021-05-07 16:11:04.940,0.021,2,2,0.9933032,2.5559457e-06,1.5387263e-06,0.9933032,0.006692703
512,239,standing,2021-05-07 16:11:03.960,2021-05-07 16:11:05.940,0.021,2,2,0.98906195,3.3936333e-06,1.5136001e-06,0.98906195,0.010933185
512,239,standing,2021-05-07 16:11:04.960,2021-05-07 16:11:06.940,0.021,2,2,0.98854244,3.1849122e-06,1.064772e-06,0.98854244,0.011453346
512,239,standing,2021-05-07 16:11:05.960,2021-05-07 16:11:07.940,0.021,2,2,0.9911081,2.3422404e-06,5.1599955e-07,0.9911081,0.008888931
512,241,standing,2021-05-07 16:11:08.359,2021-05-07 16:11:10.340,0.021,2,2,0.9934496,2.224609e-06,3.117373e-07,0.9934496,0.0065478534
512,241,standing,2021-05-07 16:11:09.359,2021-05-07 16:11:11.340,0.021,2,2,0.99567753,2.0858822e-06,2.2556205e-07,0.99567753,0.0043201945
512,241,standing,2021-05-07 16:11:10.359,2021-05-07 16:11:12.340,0.021,2,2,0.9949198,1.98355e-06,2.4008338e-07,0.9949198,0.0050779195
512,241,standing,2021-05-07 16:11:11.359,2021-05-07 16:11:13.340,0.021,2,2,0.9919193,2.1121907e-06,3.956671e-07,0.9919193,0.008078202
512,241,standing,2021-05-07 16:11:12.359,2021-05-07 16:11:14.340,0.021,2,2,0.99097294,2.2479246e-06,5.290549e-07,0.99097294,0.009024219
512,241,standing,2021-05-07 16:11:13.359,2021-05-07 16:11:15.340,0.021,2,2,0.99154603,2.535633e-06,4.493758e-07,0.99154603,0.008451011
512,241,standing,2021-05-07 16:11:14.359,2021-05-07 16:11:16.340,0.021,2,2,0.99447674,2.261939e-06,2.9854277e-07,0.99447674,0.0055206516
512,241,standing,2021-05-07 16:11:15.359,2021-05-07 16:11:17.340,0.021,2,2,0.99359536,1.8805308e-06,4.182085e-07,0.99359536,0.0064023323
512,241,standing,2021-05-07 16:11:16.360,2021-05-07 16:11:18.340,0.021,2,2,0.9932817,2.280874e-06,7.910141e-07,0.9932817,0.006715165
512,241,standing,2021-05-07 16:11:17.360,2021-05-07 16:11:19.340,0.021,2,2,0.99468565,2.186167e-06,1.2611677e-06,0.99468565,0.0053109475
512,241,standing,2021-05-07 16:11:18.360,2021-05-07 16:11:20.340,0.021,2,2,0.9914784,2.5781596e-06,1.2693627e-06,0.9914784,0.008517783
512,245,standing,2021-05-07 16:11:23.000,2021-05-07 16:11:24.979,0.021,2,2,0.9279556,8.822578e-06,2.5480974e-06,0.9279556,0.07203302
512,245,standing,2021-05-07 16:11:24.000,2021-05-07 16:11:25.979,0.021,2,2,0.9820662,3.036402e-06,8.6518867e-07,0.9820662,0.017929882
512,245,standing,2021-05-07 16:11:25.000,2021-05-07 16:11:26.979,0.021,2,2,0.9842804,2.559926e-06,6.930635e-07,0.9842804,0.015716355
512,245,standing,2021-05-07 16:11:26.000,2021-05-07 16:11:27.979,0.021,2,2,0.9881261,1.9919828e-06,5.099273e-07,0.9881261,0.011871373
512,245,standing,2021-05-07 16:11:27.000,2021-05-07 16:11:28.979,0.021,2,2,0.99101096,1.8929301e-06,4.5880827e-07,0.99101096,0.008986707
512,245,standing,2021-05-07 16:11:28.000,2021-05-07 16:11:29.979,0.021,2,2,0.99155664,1.717185e-06,3.8719455e-07,0.99155664,0.008441198
512,245,standing,2021-05-07 16:11:29.000,2021-05-07 16:11:30.979,0.021,2,2,0.98709303,2.0858945e-06,5.0934176e-07,0.98709303,0.01290434
512,245,standing,2021-05-07 16:11:30.000,2021-05-07 16:11:31.979,0.021,2,2,0.9850431,2.448357e-06,7.4067384e-07,0.9850431,0.014953702
512,245,standing,2021-05-07 16:11:31.000,2021-05-07 16:11:32.979,0.021,2,2,0.9886607,2.6122589e-06,1.0890013e-06,0.9886607,0.011335709
512,245,standing,2021-05-07 16:11:32.000,2021-05-07 16:11:33.979,0.021,2,2,0.9904635,2.8939357e-06,1.5137846e-06,0.9904635,0.00953215
512,245,standing,2021-05-07 16:11:33.000,2021-05-07 16:11:34.979,0.021,2,2,0.9685407,5.838062e-06,2.4458468e-06,0.9685407,0.031451043
512,245,standing,2021-05-07 16:11:34.000,2021-05-07 16:11:35.979,0.021,2,2,0.947757,6.068644e-06,6.4835654e-06,0.947757,0.05223045
512,247,walking,2021-05-07 16:11:37.799,2021-05-07 16:11:39.779,0.021,3,3,0.99105567,3.1493366e-06,1.4534074e-06,0.008939687,0.99105567
512,247,walking,2021-05-07 16:11:38.799,2021-05-07 16:11:40.779,0.021,3,3,0.9983106,1.2821752e-06,1.8893515e-07,0.0016879789,0.9983106
512,247,walking,2021-05-07 16:11:39.799,2021-05-07 16:11:41.779,0.021,3,3,0.9972567,1.7967607e-06,2.7650194e-07,0.0027412518,0.9972567
512,247,walking,2021-05-07 16:11:40.799,2021-05-07 16:11:42.779,0.021,3,3,0.9842018,8.004796e-06,3.7467807e-06,0.015786441,0.9842018
512,247,walking,2021-05-07 16:11:41.799,2021-05-07 16:11:43.779,0.021,3,3,0.96891296,7.689826e-06,3.7163024e-06,0.031075696,0.96891296
512,247,walking,2021-05-07 16:11:42.799,2021-05-07 16:11:44.779,0.021,3,3,0.9827501,4.7875296e-06,4.844213e-06,0.017240236,0.9827501
512,247,walking,2021-05-07 16:11:43.799,2021-05-07 16:11:45.779,0.021,3,3,0.9488453,1.02593995e-05,6.816242e-06,0.051137526,0.9488453
512,247,walking,2021-05-07 16:11:44.799,2021-05-07 16:11:46.779,0.021,3,3,0.98806155,3.3830695e-06,1.0407653e-06,0.0119339805,0.98806155
512,249,standing,2021-05-07 16:11:48.080,2021-05-07 16:11:50.060,0.021,2,2,0.9923413,5.1671127e-06,1.0011996e-06,0.9923413,0.0076525705
512,249,standing,2021-05-07 16:11:49.080,2021-05-07 16:11:51.060,0.021,2,2,0.993871,3.6092947e-06,5.517231e-07,0.993871,0.006124837
512,249,standing,2021-05-07 16:11:50.080,2021-05-07 16:11:52.060,0.021,2,2,0.98311716,4.973837e-06,1.4186321e-06,0.98311716,0.016876431
512,249,standing,2021-05-07 16:11:51.080,2021-05-07 16:11:53.060,0.021,2,2,0.9842569,4.3942914e-06,1.4062799e-06,0.9842569,0.015737375
512,250,walking,2021-05-07 16:11:54.040,2021-05-07 16:11:56.020,0.021,3,3,0.9978204,2.6663583e-06,8.080447e-07,0.0021761179,0.9978204
512,250,walking,2021-05-07 16:11:55.040,2021-05-07 16:11:57.020,0.021,3,3,0.9964074,1.329309e-06,1.288112e-06,0.0035899342,0.9964074
512,250,walking,2021-05-07 16:11:56.040,2021-05-07 16:11:58.020,0.021,3,3,0.95688957,4.601544e-06,4.3639566e-06,0.043101422,0.95688957
512,250,walking,2021-05-07 16:11:57.040,2021-05-07 16:11:59.020,0.021,3,3,0.999474,2.3317946e-07,3.0789483e-08,0.000525711,0.999474
512,250,walking,2021-05-07 16:11:58.040,2021-05-07 16:12:00.019,0.021,3,3,0.99877316,9.933499e-07,1.4409301e-07,0.0012256489,0.99877316
512,250,walking,2021-05-07 16:11:59.040,2021-05-07 16:12:01.019,0.021,3,3,0.9951862,3.2427172e-06,2.6518737e-06,0.004807855,0.9951862
512,250,walking,2021-05-07 16:12:00.039,2021-05-07 16:12:02.019,0.021,3,3,0.999934,2.0201135e-07,2.949646e-07,6.547622e-05,0.999934
512,250,walking,2021-05-07 16:12:01.039,2021-05-07 16:12:03.019,0.021,3,3,0.9982708,1.4478078e-06,1.0430565e-06,0.0017266939,0.9982708
512,250,walking,2021-05-07 16:12:02.039,2021-05-07 16:12:04.019,0.021,3,3,0.9927154,2.4786436e-06,7.1858e-07,0.007281451,0.9927154
512,250,walking,2021-05-07 16:12:03.039,2021-05-07 16:12:05.019,0.021,3,3,0.9909402,3.4187967e-06,1.2027951e-06,0.009055228,0.9909402
512,250,walking,2021-05-07 16:12:04.039,2021-05-07 16:12:06.019,0.021,3,3,0.9362244,7.0932674e-06,2.6559096e-06,0.06376581,0.9362244
512,250,walking,2021-05-07 16:12:05.039,2021-05-07 16:12:07.019,0.021,3,3,0.9727817,6.8409768e-06,2.6755336e-06,0.02720883,0.9727817
512,250,walking,2021-05-07 16:12:06.039,2021-05-07 16:12:08.020,0.021,3,3,0.92451346,1.0159871e-05,5.598018e-06,0.07547082,0.92451346
512,250,walking,2021-05-07 16:12:07.039,2021-05-07 16:12:09.020,0.021,3,3,0.91806316,1.2200539e-05,8.093603e-06,0.0819165,0.91806316
512,250,walking,2021-05-07 16:12:08.039,2021-05-07 16:12:10.020,0.021,3,3,0.89564055,2.1286476e-05,1.8898616e-05,0.1043193,0.89564055
512,250,walking,2021-05-07 16:12:09.039,2021-05-07 16:12:11.020,0.021,3,3,0.9804899,4.884892e-06,3.466382e-06,0.01950169,0.9804899
512,250,walking,2021-05-07 16:12:10.039,2021-05-07 16:12:12.020,0.021,3,3,0.9979805,1.000708e-06,3.2816095e-07,0.0020182033,0.9979805
512,250,walking,2021-05-07 16:12:11.039,2021-05-07 16:12:13.020,0.021,3,3,0.9941645,3.5885082e-06,4.420375e-07,0.005831372,0.9941645
512,250,walking,2021-05-07 16:12:12.039,2021-05-07 16:12:14.020,0.021,3,3,0.9824022,8.206895e-06,1.8233692e-06,0.017587734,0.9824022
512,250,walking,2021-05-07 16:12:13.039,2021-05-07 16:12:15.020,0.021,3,3,0.9779864,5.7424268e-06,2.8374016e-06,0.02200506,0.9779864
512,250,walking,2021-05-07 16:12:14.039,2021-05-07 16:12:16.020,0.021,3,3,0.98486227,3.7743832e-06,9.018867e-07,0.015133017,0.98486227
512,250,walking,2021-05-07 16:12:15.039,2021-05-07 16:12:17.020,0.021,3,3,0.99547696,2.1174328e-06,2.8101294e-07,0.0045205834,0.99547696
512,250,walking,2021-05-07 16:12:16.040,2021-05-07 16:12:18.020,0.021,3,3,0.98112506,8.898946e-06,2.6428575e-06,0.018863343,0.98112506
512,250,walking,2021-05-07 16:12:17.040,2021-05-07 16:12:19.020,0.021,3,3,0.9946254,1.6955909e-06,1.6644746e-07,0.005372724,0.9946254
512,250,walking,2021-05-07 16:12:18.040,2021-05-07 16:12:20.020,0.021,3,3,0.9978076,1.0036874e-06,1.0320375e-07,0.002191259,0.9978076
512,250,walking,2021-05-07 16:12:19.040,2021-05-07 16:12:21.020,0.021,3,3,0.9886547,9.164883e-06,3.5633896e-06,0.01133263,0.9886547
512,250,walking,2021-05-07 16:12:20.040,2021-05-07 16:12:22.020,0.021,3,3,0.98664516,3.689628e-06,1.1878793e-06,0.013349862,0.98664516
512,250,walking,2021-05-07 16:12:21.040,2021-05-07 16:12:23.020,0.021,3,3,0.99469346,1.3991831e-06,1.9735417e-07,0.00530494,0.99469346
512,250,walking,2021-05-07 16:12:22.040,2021-05-07 16:12:24.020,0.021,3,3,0.98226553,7.968594e-06,9.858504e-07,0.017725486,0.98226553
512,250,walking,2021-05-07 16:12:23.040,2021-05-07 16:12:25.020,0.021,3,3,0.9954314,1.1140978e-06,2.5214982e-07,0.0045672585,0.9954314
512,250,walking,2021-05-07 16:12:24.040,2021-05-07 16:12:26.020,0.021,3,3,0.99982476,1.2141274e-07,1.6288109e-08,0.00017514749,0.99982476
512,250,walking,2021-05-07 16:12:25.040,2021-05-07 16:12:27.020,0.021,3,3,0.9923053,5.818368e-06,1.3040433e-06,0.007687553,0.9923053
512,250,walking,2021-05-07 16:12:26.040,2021-05-07 16:12:28.020,0.021,3,3,0.96366596,1.0782994e-05,6.1903274e-06,0.036317125,0.96366596
512,250,walking,2021-05-07 16:12:27.040,2021-05-07 16:12:29.020,0.021,3,3,0.9816025,4.763713e-06,7.6106726e-06,0.01838518,0.9816025
512,250,walking,2021-05-07 16:12:28.040,2021-05-07 16:12:30.020,0.021,3,3,0.9818021,4.424558e-06,1.9399824e-06,0.01819145,0.9818021
512,250,walking,2021-05-07 16:12:29.040,2021-05-07 16:12:31.020,0.021,3,3,0.9876376,4.1985822e-06,2.399903e-06,0.012355822,0.9876376
512,250,walking,2021-05-07 16:12:30.040,2021-05-07 16:12:32.020,0.021,3,3,0.9783788,7.5266385e-06,5.411544e-06,0.021608217,0.9783788
512,250,walking,2021-05-07 16:12:31.040,2021-05-07 16:12:33.020,0.021,3,3,0.9262932,1.0490497e-05,2.9426516e-05,0.07366678,0.9262932
512,250,walking,2021-05-07 16:12:32.040,2021-05-07 16:12:34.020,0.021,3,3,0.99954987,2.6758e-07,5.36341e-07,0.00044941902,0.99954987
512,250,walking,2021-05-07 16:12:33.040,2021-05-07 16:12:35.020,0.021,3,3,0.9986657,2.1775677e-06,4.803477e-07,0.0013316005,0.9986657
512,250,walking,2021-05-07 16:12:34.040,2021-05-07 16:12:36.020,0.021,3,3,0.9972353,1.5166424e-06,6.7797987e-07,0.0027624934,0.9972353
512,250,walking,2021-05-07 16:12:35.040,2021-05-07 16:12:37.020,0.021,3,3,0.9969884,1.4312161e-06,8.9730526e-07,0.0030092031,0.9969884
512,250,walking,2021-05-07 16:12:36.040,2021-05-07 16:12:38.020,0.021,3,3,0.9950742,1.194008e-06,2.9016775e-07,0.0049243537,0.9950742
512,250,walking,2021-05-07 16:12:37.040,2021-05-07 16:12:39.020,0.021,3,3,0.99695504,7.6551595e-07,1.09464466e-07,0.0030440516,0.99695504
512,250,walking,2021-05-07 16:12:38.040,2021-05-07 16:12:40.020,0.021,3,3,0.9949981,3.101383e-06,1.1390847e-06,0.0049976734,0.9949981
512,250,walking,2021-05-07 16:12:39.040,2021-05-07 16:12:41.020,0.021,3,3,0.9952451,1.4694845e-06,3.9029882e-07,0.004753125,0.9952451
512,250,walking,2021-05-07 16:12:40.040,2021-05-07 16:12:42.020,0.021,3,3,0.99608845,1.6106811e-06,1.7657315e-07,0.0039095725,0.99608845
512,250,walking,2021-05-07 16:12:41.040,2021-05-07 16:12:43.020,0.021,3,3,0.9920219,3.5784462e-06,8.860274e-07,0.007973621,0.9920219
512,250,walking,2021-05-07 16:12:42.040,2021-05-07 16:12:44.020,0.021,3,3,0.99190557,1.902292e-06,2.7695913e-07,0.008092224,0.99190557
512,250,walking,2021-05-07 16:12:43.040,2021-05-07 16:12:45.020,0.021,3,3,0.98748255,3.1858606e-06,4.8103567e-07,0.012513796,0.98748255
512,250,walking,2021-05-07 16:12:44.040,2021-05-07 16:12:46.020,0.021,3,3,0.97556686,2.78513e-06,2.854894e-06,0.024427492,0.97556686
512,250,walking,2021-05-07 16:12:45.040,2021-05-07 16:12:47.020,0.021,3,3,0.99895424,6.5567514e-07,8.8722864e-08,0.001045059,0.99895424
512,250,walking,2021-05-07 16:12:46.040,2021-05-07 16:12:48.020,0.021,3,3,0.99164546,4.0004334e-06,1.1897962e-06,0.008349393,0.99164546
512,250,walking,2021-05-07 16:12:47.040,2021-05-07 16:12:49.020,0.021,3,3,0.94864327,8.093767e-06,9.099755e-06,0.051339503,0.94864327
512,250,walking,2021-05-07 16:12:48.040,2021-05-07 16:12:50.020,0.021,3,3,0.87431085,6.9645425e-06,7.0521173e-06,0.12567514,0.87431085
512,250,walking,2021-05-07 16:12:49.040,2021-05-07 16:12:51.020,0.021,3,3,0.9996869,1.9027821e-07,1.13210215e-08,0.00031282118,0.9996869
512,250,walking,2021-05-07 16:12:50.040,2021-05-07 16:12:52.020,0.021,3,3,0.9995777,3.713323e-07,9.593541e-08,0.00042187766,0.9995777
512,250,walking,2021-05-07 16:12:51.040,2021-05-07 16:12:53.020,0.021,3,3,0.9961077,1.2798193e-06,2.606332e-07,0.0038906469,0.9961077
512,250,walking,2021-05-07 16:12:52.040,2021-05-07 16:12:54.020,0.021,3,3,0.9804774,7.939234e-06,3.7040072e-06,0.019511051,0.9804774
512,250,walking,2021-05-07 16:12:53.040,2021-05-07 16:12:55.020,0.021,3,3,0.9261756,6.17837e-06,1.7573333e-05,0.07380055,0.9261756
512,250,walking,2021-05-07 16:12:54.040,2021-05-07 16:12:56.020,0.021,3,3,0.98838323,1.5488487e-06,4.91658e-07,0.011614672,0.98838323
512,250,walking,2021-05-07 16:12:55.040,2021-05-07 16:12:57.020,0.021,3,3,0.9844905,3.6158067e-06,8.4063726e-07,0.015505064,0.9844905
512,250,walking,2021-05-07 16:12:56.040,2021-05-07 16:12:58.020,0.021,3,3,0.9898798,3.290103e-06,2.8401764e-06,0.010113981,0.9898798
512,250,walking,2021-05-07 16:12:57.040,2021-05-07 16:12:59.020,0.021,3,3,0.98931134,1.8194341e-06,5.3012474e-07,0.010686402,0.98931134
512,250,walking,2021-05-07 16:12:58.040,2021-05-07 16:13:00.019,0.021,3,3,0.93805265,9.076942e-06,5.6693434e-06,0.061932616,0.93805265
512,250,walking,2021-05-07 16:12:59.040,2021-05-07 16:13:01.019,0.021,3,3,0.99221694,2.0370853e-06,1.6167069e-06,0.0077794227,0.99221694
512,250,walking,2021-05-07 16:13:00.039,2021-05-07 16:13:02.019,0.021,3,3,0.9793527,4.0265963e-06,1.4803712e-06,0.020641759,0.9793527
512,250,walking,2021-05-07 16:13:01.039,2021-05-07 16:13:03.019,0.021,3,3,0.9386701,7.860302e-06,6.1943892e-06,0.06131575,0.9386701
512,250,walking,2021-05-07 16:13:02.039,2021-05-07 16:13:04.019,0.021,3,3,0.99538213,7.8746973e-07,4.1622897e-07,0.0046167797,0.99538213
512,250,walking,2021-05-07 16:13:03.039,2021-05-07 16:13:05.019,0.021,3,3,0.9672806,3.3515764e-06,1.6144336e-06,0.032714356,0.9672806
512,250,walking,2021-05-07 16:13:04.039,2021-05-07 16:13:06.019,0.021,3,3,0.972039,2.9913076e-06,1.9520205e-06,0.027956069,0.972039
512,250,walking,2021-05-07 16:13:05.039,2021-05-07 16:13:07.019,0.021,3,3,0.99799734,4.3350127e-07,1.2434135e-07,0.0020020243,0.99799734
512,250,walking,2021-05-07 16:13:06.039,2021-05-07 16:13:08.020,0.021,3,3,0.9846642,3.7175541e-06,9.774963e-07,0.015331127,0.9846642
512,253,standing,2021-05-07 16:13:09.680,2021-05-07 16:13:11.659,0.021,2,2,0.9531157,7.0456575e-05,3.2583623e-05,0.9531157,0.046781182
512,255,standing,2021-05-07 16:13:13.319,2021-05-07 16:13:15.300,0.021,2,2,0.9582753,9.495397e-06,1.3123858e-05,0.9582753,0.04170203
512,255,standing,2021-05-07 16:13:14.319,2021-05-07 16:13:16.299,0.021,2,2,0.9899771,4.295628e-06,3.1164723e-06,0.9899771,0.0100154495
512,255,standing,2021-05-07 16:13:15.319,2021-05-07 16:13:17.299,0.021,2,2,0.99241424,2.4537362e-06,1.5030089e-06,0.99241424,0.007581795
512,256,walking,2021-05-07 16:13:17.559,2021-05-07 16:13:19.540,0.021,3,3,0.96116585,1.32997375e-05,6.075235e-06,0.03881484,0.96116585
512,256,walking,2021-05-07 16:13:18.559,2021-05-07 16:13:20.540,0.021,3,3,0.98843825,5.815848e-06,9.309612e-06,0.011546605,0.98843825
512,256,walking,2021-05-07 16:13:19.559,2021-05-07 16:13:21.540,0.021,3,3,0.9889794,3.1143766e-06,4.047501e-06,0.011013441,0.9889794
512,256,walking,2021-05-07 16:13:20.559,2021-05-07 16:13:22.540,0.021,3,3,0.86037385,1.1971684e-05,1.323032e-05,0.13960099,0.86037385
512,256,walking,2021-05-07 16:13:21.559,2021-05-07 16:13:23.540,0.021,3,3,0.56095296,1.8649605e-05,3.4356253e-05,0.43899402,0.56095296
512,256,walking,2021-05-07 16:13:22.559,2021-05-07 16:13:24.540,0.021,3,3,0.6369058,1.8985475e-05,1.6387992e-05,0.36305884,0.6369058
512,256,walking,2021-05-07 16:13:23.559,2021-05-07 16:13:25.540,0.021,3,2,0.53567946,1.6098284e-05,2.1499727e-05,0.53567946,0.46428293
512,256,walking,2021-05-07 16:13:24.559,2021-05-07 16:13:26.540,0.021,3,3,0.95341724,4.5722927e-06,2.7810433e-06,0.04657545,0.95341724
512,256,walking,2021-05-07 16:13:25.559,2021-05-07 16:13:27.540,0.021,3,3,0.9478587,3.5897124e-06,6.128476e-06,0.052131582,0.9478587
512,256,walking,2021-05-07 16:13:26.559,2021-05-07 16:13:28.540,0.021,3,3,0.9412907,7.631281e-06,2.2051402e-06,0.058699474,0.9412907
512,256,walking,2021-05-07 16:13:27.559,2021-05-07 16:13:29.540,0.021,3,3,0.97742105,6.157874e-06,9.780251e-07,0.022571886,0.97742105
512,256,walking,2021-05-07 16:13:28.559,2021-05-07 16:13:30.540,0.021,3,3,0.9453721,1.4627308e-05,4.8829706e-06,0.054608405,0.9453721
512,256,walking,2021-05-07 16:13:29.559,2021-05-07 16:13:31.540,0.021,3,3,0.94729596,6.575768e-06,3.1958825e-06,0.0526943,0.94729596
512,256,walking,2021-05-07 16:13:30.559,2021-05-07 16:13:32.540,0.021,3,3,0.9992046,2.7559926e-07,3.9703725e-08,0.0007951321,0.9992046
512,256,walking,2021-05-07 16:13:31.559,2021-05-07 16:13:33.540,0.021,3,3,0.9888967,4.0833615e-06,1.1331236e-06,0.011098018,0.9888967
512,256,walking,2021-05-07 16:13:32.560,2021-05-07 16:13:34.540,0.021,3,3,0.9240356,6.6820185e-06,4.155898e-06,0.07595359,0.9240356
512,256,walking,2021-05-07 16:13:33.560,2021-05-07 16:13:35.540,0.021,3,3,0.98319006,2.4037406e-06,1.3158806e-06,0.016806183,0.98319006
512,256,walking,2021-05-07 16:13:34.560,2021-05-07 16:13:36.540,0.021,3,3,0.95624363,1.3591045e-05,7.0133315e-06,0.04373577,0.95624363
512,256,walking,2021-05-07 16:13:35.560,2021-05-07 16:13:37.540,0.021,3,3,0.9604022,4.486393e-06,2.5068055e-06,0.039590854,0.9604022
512,256,walking,2021-05-07 16:13:36.560,2021-05-07 16:13:38.540,0.021,3,3,0.9988991,3.797787e-07,6.5043274e-08,0.0011004873,0.9988991
512,256,walking,2021-05-07 16:13:37.560,2021-05-07 16:13:39.540,0.021,3,3,0.98903483,5.713238e-06,1.2582832e-06,0.010958188,0.98903483
512,256,walking,2021-05-07 16:13:38.560,2021-05-07 16:13:40.540,0.021,3,3,0.97269464,4.992219e-06,1.8121704e-06,0.027298586,0.97269464
512,256,walking,2021-05-07 16:13:39.560,2021-05-07 16:13:41.540,0.021,3,3,0.999468,6.151233e-07,8.531965e-08,0.0005313313,0.999468
512,256,walking,2021-05-07 16:13:40.560,2021-05-07 16:13:42.540,0.021,3,3,0.99487954,2.6656035e-06,6.838515e-07,0.005117085,0.99487954
512,256,walking,2021-05-07 16:13:41.560,2021-05-07 16:13:43.540,0.021,3,3,0.9725807,6.525031e-06,4.2051656e-06,0.02740863,0.9725807
512,256,walking,2021-05-07 16:13:42.560,2021-05-07 16:13:44.540,0.021,3,3,0.99229205,2.0332973e-06,3.2053974e-06,0.007702696,0.99229205
512,256,walking,2021-05-07 16:13:43.560,2021-05-07 16:13:45.540,0.021,3,3,0.99835026,8.11283e-07,1.3038739e-07,0.0016487577,0.99835026
512,256,walking,2021-05-07 16:13:44.560,2021-05-07 16:13:46.540,0.021,3,3,0.99853975,1.030272e-06,6.767242e-08,0.001459129,0.99853975
512,256,walking,2021-05-07 16:13:45.560,2021-05-07 16:13:47.540,0.021,3,3,0.9978775,2.7282754e-06,4.3038872e-07,0.0021193412,0.9978775
512,256,walking,2021-05-07 16:13:46.560,2021-05-07 16:13:48.540,0.021,3,3,0.99496406,1.8483457e-06,3.6952744e-07,0.00503385,0.99496406
512,256,walking,2021-05-07 16:13:47.560,2021-05-07 16:13:49.540,0.021,3,3,0.99912083,5.304878e-07,4.661746e-08,0.0008785302,0.99912083
512,256,walking,2021-05-07 16:13:48.560,2021-05-07 16:13:50.540,0.021,3,3,0.98530793,6.9874613e-06,1.5871842e-06,0.014683432,0.98530793
512,256,walking,2021-05-07 16:13:49.560,2021-05-07 16:13:51.540,0.021,3,3,0.98896915,1.907668e-06,3.4033084e-07,0.011028682,0.98896915
512,256,walking,2021-05-07 16:13:50.560,2021-05-07 16:13:52.540,0.021,3,3,0.99956656,2.2120595e-07,3.05191e-08,0.0004332395,0.99956656
512,256,walking,2021-05-07 16:13:51.560,2021-05-07 16:13:53.540,0.021,3,3,0.9987096,2.061385e-06,5.18397e-07,0.0012878675,0.9987096
512,256,walking,2021-05-07 16:13:52.560,2021-05-07 16:13:54.540,0.021,3,3,0.98808026,2.67147e-06,1.343935e-06,0.0119156875,0.98808026
512,256,walking,2021-05-07 16:13:53.560,2021-05-07 16:13:55.540,0.021,3,3,0.9980953,1.0907194e-06,3.958881e-07,0.0019031494,0.9980953
512,256,walking,2021-05-07 16:13:54.560,2021-05-07 16:13:56.540,0.021,3,3,0.9941886,1.7317172e-06,2.2321994e-06,0.0058073713,0.9941886
512,256,walking,2021-05-07 16:13:55.560,2021-05-07 16:13:57.540,0.021,3,3,0.993705,1.7213274e-06,5.663315e-07,0.0062927376,0.993705
512,256,walking,2021-05-07 16:13:56.560,2021-05-07 16:13:58.540,0.021,3,3,0.99694717,1.9174315e-06,4.695087e-07,0.0030503452,0.99694717
512,256,walking,2021-05-07 16:13:57.560,2021-05-07 16:13:59.540,0.021,3,3,0.9997778,2.1791433e-07,1.1599796e-07,0.00022198897,0.9997778
512,256,walking,2021-05-07 16:13:58.560,2021-05-07 16:14:00.539,0.021,3,3,0.99891317,7.081537e-07,1.418201e-07,0.0010859419,0.99891317
512,256,walking,2021-05-07 16:13:59.560,2021-05-07 16:14:01.539,0.021,3,3,0.97548604,4.550641e-06,3.6400647e-06,0.02450583,0.97548604
512,256,walking,2021-05-07 16:14:00.559,2021-05-07 16:14:02.539,0.021,3,3,0.9995198,2.2500208e-07,2.1676655e-07,0.0004797443,0.9995198
512,256,walking,2021-05-07 16:14:01.559,2021-05-07 16:14:03.539,0.021,3,3,0.99821466,1.7241728e-06,4.6026832e-07,0.0017832592,0.99821466
512,257,standing,2021-05-07 16:14:03.920,2021-05-07 16:14:05.900,0.021,2,2,0.9947014,3.654661e-06,2.7441165e-05,0.9947014,0.0052676057
512,257,standing,2021-05-07 16:14:04.920,2021-05-07 16:14:06.900,0.021,2,2,0.99956167,8.703136e-07,9.887623e-06,0.99956167,0.0004276134
512,258,walking,2021-05-07 16:14:07.720,2021-05-07 16:14:09.699,0.021,3,3,0.9623922,1.3684384e-05,8.3797795e-06,0.0375857,0.9623922
512,258,walking,2021-05-07 16:14:08.720,2021-05-07 16:14:10.699,0.021,3,3,0.9441442,1.3241544e-05,1.6988508e-05,0.055825576,0.9441442
512,258,walking,2021-05-07 16:14:09.720,2021-05-07 16:14:11.699,0.021,3,3,0.93852645,8.760438e-06,8.235079e-06,0.06145656,0.93852645
512,258,walking,2021-05-07 16:14:10.720,2021-05-07 16:14:12.699,0.021,3,3,0.9983085,5.591501e-07,2.0016631e-07,0.0016908181,0.9983085
512,258,walking,2021-05-07 16:14:11.720,2021-05-07 16:14:13.699,0.021,3,3,0.99690735,2.3469195e-06,6.059172e-07,0.003089593,0.99690735
512,258,walking,2021-05-07 16:14:12.720,2021-05-07 16:14:14.699,0.021,3,3,0.99648756,9.107086e-07,2.2473681e-07,0.003511254,0.99648756
512,258,walking,2021-05-07 16:14:13.720,2021-05-07 16:14:15.699,0.021,3,3,0.99897236,6.778085e-07,1.6368587e-07,0.0010267863,0.99897236
512,258,walking,2021-05-07 16:14:14.720,2021-05-07 16:14:16.700,0.021,3,3,0.9967536,1.8540469e-06,3.1170819e-06,0.0032415183,0.9967536
512,258,walking,2021-05-07 16:14:15.720,2021-05-07 16:14:17.700,0.021,3,3,0.9960501,1.3273936e-06,5.6520906e-07,0.003947954,0.9960501
512,258,walking,2021-05-07 16:14:16.719,2021-05-07 16:14:18.700,0.021,3,3,0.9988578,9.629924e-07,1.8318417e-07,0.0011410768,0.9988578
512,258,walking,2021-05-07 16:14:17.719,2021-05-07 16:14:19.700,0.021,3,3,0.9976394,1.0710235e-06,2.1892406e-06,0.0023573216,0.9976394
512,258,walking,2021-05-07 16:14:18.719,2021-05-07 16:14:20.700,0.021,3,3,0.9523236,4.6353907e-06,6.6854936e-06,0.0476651,0.9523236
512,258,walking,2021-05-07 16:14:19.719,2021-05-07 16:14:21.700,0.021,3,3,0.9937492,2.3352293e-06,6.5207837e-07,0.006247774,0.9937492
512,258,walking,2021-05-07 16:14:20.719,2021-05-07 16:14:22.700,0.021,3,3,0.9992301,7.790059e-07,2.2334777e-07,0.0007688444,0.9992301
512,258,walking,2021-05-07 16:14:21.719,2021-05-07 16:14:23.700,0.021,3,3,0.9996154,3.998939e-07,3.2168053e-08,0.00038410732,0.9996154
512,258,walking,2021-05-07 16:14:22.719,2021-05-07 16:14:24.700,0.021,3,3,0.99823797,1.1218557e-06,7.642554e-08,0.0017608413,0.99823797
512,258,walking,2021-05-07 16:14:23.719,2021-05-07 16:14:25.700,0.021,3,3,0.9992985,2.7134553e-07,1.2295877e-07,0.0007011277,0.9992985
512,258,walking,2021-05-07 16:14:24.719,2021-05-07 16:14:26.700,0.021,3,3,0.99496275,2.4081162e-06,5.24033e-07,0.0050343764,0.99496275
512,258,walking,2021-05-07 16:14:25.719,2021-05-07 16:14:27.700,0.021,3,3,0.97062415,7.552897e-06,4.708513e-06,0.02936358,0.97062415
512,258,walking,2021-05-07 16:14:26.719,2021-05-07 16:14:28.700,0.021,3,3,0.9928349,1.9280003e-06,2.4855228e-06,0.0071606515,0.9928349
512,258,walking,2021-05-07 16:14:27.719,2021-05-07 16:14:29.700,0.021,3,3,0.99886864,8.034596e-07,8.03591e-08,0.0011304661,0.99886864
512,258,walking,2021-05-07 16:14:28.719,2021-05-07 16:14:30.700,0.021,3,3,0.9977708,1.305048e-06,1.8266748e-07,0.0022277175,0.9977708
512,258,walking,2021-05-07 16:14:29.719,2021-05-07 16:14:31.700,0.021,3,3,0.9997511,1.8334624e-07,3.307878e-08,0.00024867136,0.9997511
512,258,walking,2021-05-07 16:14:30.719,2021-05-07 16:14:32.700,0.021,3,3,0.9966894,3.522833e-06,6.221676e-07,0.0033064114,0.9966894
512,258,walking,2021-05-07 16:14:31.719,2021-05-07 16:14:33.700,0.021,3,3,0.98820114,4.1337535e-06,1.3501015e-06,0.011793418,0.98820114
512,258,walking,2021-05-07 16:14:32.720,2021-05-07 16:14:34.700,0.021,3,3,0.99917793,5.886346e-07,8.398084e-08,0.0008214022,0.99917793
512,258,walking,2021-05-07 16:14:33.720,2021-05-07 16:14:35.700,0.021,3,3,0.9938988,4.782968e-06,5.6078534e-07,0.0060957144,0.9938988
512,258,walking,2021-05-07 16:14:34.720,2021-05-07 16:14:36.700,0.021,3,3,0.9948145,2.237724e-06,3.1145996e-07,0.0051829587,0.9948145
512,258,walking,2021-05-07 16:14:35.720,2021-05-07 16:14:37.700,0.021,3,3,0.99984074,1.7904934e-07,1.099317e-08,0.00015912295,0.99984074
512,258,walking,2021-05-07 16:14:36.720,2021-05-07 16:14:38.700,0.021,3,3,0.99853617,2.341321e-06,1.5888902e-07,0.0014613944,0.99853617
512,258,walking,2021-05-07 16:14:37.720,2021-05-07 16:14:39.700,0.021,3,3,0.9948641,1.9913252e-06,3.9133442e-07,0.0051335827,0.9948641
512,258,walking,2021-05-07 16:14:38.720,2021-05-07 16:14:40.700,0.021,3,3,0.99945205,3.345386e-07,1.02692695e-07,0.00054747093,0.99945205
512,258,walking,2021-05-07 16:14:39.720,2021-05-07 16:14:41.700,0.021,3,3,0.9982943,3.0758101e-06,6.5995425e-07,0.0017019828,0.9982943
512,258,walking,2021-05-07 16:14:40.720,2021-05-07 16:14:42.700,0.021,3,3,0.99951327,5.3427016e-07,1.2235894e-07,0.00048602244,0.99951327
512,258,walking,2021-05-07 16:14:41.720,2021-05-07 16:14:43.700,0.021,3,3,0.9999257,1.5650089e-07,2.411633e-08,7.407269e-05,0.9999257
512,258,walking,2021-05-07 16:14:42.720,2021-05-07 16:14:44.700,0.021,3,3,0.99794394,4.979845e-06,8.7694514e-07,0.0020502312,0.99794394
512,258,walking,2021-05-07 16:14:43.720,2021-05-07 16:14:45.700,0.021,3,3,0.99962896,5.9218985e-07,7.6674354e-08,0.0003703053,0.99962896
512,258,walking,2021-05-07 16:14:44.720,2021-05-07 16:14:46.700,0.021,3,3,0.9999942,5.128499e-08,4.861568e-09,5.705143e-06,0.9999942
512,258,walking,2021-05-07 16:14:45.720,2021-05-07 16:14:47.700,0.021,3,3,0.99966234,1.867319e-06,3.1423536e-07,0.00033549138,0.99966234
512,258,walking,2021-05-07 16:14:46.720,2021-05-07 16:14:48.700,0.021,3,3,0.99690664,1.3879603e-06,2.392482e-07,0.0030916894,0.99690664
512,258,walking,2021-05-07 16:14:47.720,2021-05-07 16:14:49.700,0.021,3,3,0.99964017,6.45546e-07,7.905499e-08,0.00035903245,0.99964017
512,258,walking,2021-05-07 16:14:48.720,2021-05-07 16:14:50.700,0.021,3,3,0.99632066,3.1396469e-06,1.8513002e-06,0.0036742426,0.99632066
512,258,walking,2021-05-07 16:14:49.720,2021-05-07 16:14:51.700,0.021,3,3,0.9906969,2.935931e-06,1.2222567e-06,0.0092990035,0.9906969
512,258,walking,2021-05-07 16:14:50.720,2021-05-07 16:14:52.700,0.021,3,3,0.9991953,7.865317e-07,1.3342499e-07,0.0008038236,0.9991953
512,258,walking,2021-05-07 16:14:51.720,2021-05-07 16:14:53.700,0.021,3,3,0.9985856,1.0211544e-06,1.1155855e-06,0.00141226,0.9985856
512,258,walking,2021-05-07 16:14:52.720,2021-05-07 16:14:54.700,0.021,3,3,0.99623066,1.1960685e-06,7.7485277e-07,0.0037673241,0.99623066
512,258,walking,2021-05-07 16:14:53.720,2021-05-07 16:14:55.700,0.021,3,3,0.9992294,7.3292045e-07,1.9694481e-07,0.00076972536,0.9992294
512,258,walking,2021-05-07 16:14:54.720,2021-05-07 16:14:56.700,0.021,3,3,0.99255615,3.0991905e-06,4.62249e-06,0.0074361283,0.99255615
512,258,walking,2021-05-07 16:14:55.720,2021-05-07 16:14:57.700,0.021,3,3,0.9958976,6.10972e-07,2.7197152e-07,0.0041015125,0.9958976
512,258,walking,2021-05-07 16:14:56.720,2021-05-07 16:14:58.700,0.021,3,3,0.9991201,2.494938e-07,2.98343e-08,0.000879554,0.9991201
512,258,walking,2021-05-07 16:14:57.720,2021-05-07 16:14:59.700,0.021,3,3,0.9923422,1.0326452e-06,1.1782387e-06,0.0076555917,0.9923422
512,258,walking,2021-05-07 16:14:58.720,2021-05-07 16:15:00.700,0.021,3,3,0.7895093,3.6902252e-06,1.0097587e-05,0.21047693,0.7895093
512,258,walking,2021-05-07 16:14:59.720,2021-05-07 16:15:01.700,0.021,3,3,0.7073842,7.373622e-06,1.9976982e-05,0.2925885,0.7073842
512,258,walking,2021-05-07 16:15:00.720,2021-05-07 16:15:02.700,0.021,3,3,0.7385953,9.213472e-06,5.7705423e-05,0.2613378,0.7385953
512,258,walking,2021-05-07 16:15:01.720,2021-05-07 16:15:03.700,0.021,3,3,0.80826086,8.788272e-06,2.3496237e-05,0.19170682,0.80826086
512,258,walking,2021-05-07 16:15:02.720,2021-05-07 16:15:04.699,0.021,3,3,0.7663655,9.169592e-06,2.3647255e-05,0.2336016,0.7663655
512,258,walking,2021-05-07 16:15:03.720,2021-05-07 16:15:05.699,0.021,3,3,0.97903985,1.1896205e-06,2.0575237e-06,0.020956917,0.97903985
512,258,walking,2021-05-07 16:15:04.720,2021-05-07 16:15:06.699,0.021,3,3,0.8617758,8.062569e-06,1.0262853e-05,0.13820584,0.8617758
512,258,walking,2021-05-07 16:15:05.720,2021-05-07 16:15:07.699,0.021,3,3,0.788954,1.3497667e-05,1.6511276e-05,0.21101595,0.788954
512,258,walking,2021-05-07 16:15:06.720,2021-05-07 16:15:08.699,0.021,3,3,0.9650046,1.5177163e-06,1.9880968e-06,0.034991905,0.9650046
512,258,walking,2021-05-07 16:15:07.720,2021-05-07 16:15:09.699,0.021,3,3,0.55055904,8.599388e-06,2.1543265e-05,0.44941083,0.55055904
512,258,walking,2021-05-07 16:15:08.720,2021-05-07 16:15:10.699,0.021,3,3,0.84390014,7.2665766e-06,5.3633853e-06,0.15608719,0.84390014
512,258,walking,2021-05-07 16:15:09.720,2021-05-07 16:15:11.699,0.021,3,3,0.9981084,2.443752e-07,5.846308e-08,0.0018913295,0.9981084
512,258,walking,2021-05-07 16:15:10.720,2021-05-07 16:15:12.699,0.021,3,3,0.98556125,2.0703858e-06,6.247323e-07,0.01443599,0.98556125
512,258,walking,2021-05-07 16:15:11.720,2021-05-07 16:15:13.699,0.021,3,3,0.96884596,2.6507078e-06,1.9874365e-06,0.031149503,0.96884596
512,258,walking,2021-05-07 16:15:12.720,2021-05-07 16:15:14.699,0.021,3,3,0.9956983,6.19418e-07,4.252819e-07,0.0043005776,0.9956983
512,258,walking,2021-05-07 16:15:13.720,2021-05-07 16:15:15.699,0.021,3,3,0.9112515,1.0886647e-05,1.9416211e-05,0.08871818,0.9112515
512,258,walking,2021-05-07 16:15:14.720,2021-05-07 16:15:16.700,0.021,3,3,0.7999939,4.8742727e-06,6.2703098e-06,0.19999494,0.7999939
512,258,walking,2021-05-07 16:15:15.720,2021-05-07 16:15:17.700,0.021,3,3,0.9538057,2.214585e-06,1.5596211e-06,0.046190485,0.9538057
512,258,walking,2021-05-07 16:15:16.719,2021-05-07 16:15:18.700,0.021,3,3,0.99025965,1.4475098e-06,2.3025211e-06,0.009736611,0.99025965
512,258,walking,2021-05-07 16:15:17.719,2021-05-07 16:15:19.700,0.021,3,3,0.95699394,9.506958e-06,9.593244e-06,0.04298693,0.95699394
512,258,walking,2021-05-07 16:15:18.719,2021-05-07 16:15:20.700,0.021,3,3,0.9329922,3.7339548e-06,3.870004e-06,0.067000195,0.9329922
512,258,walking,2021-05-07 16:15:19.719,2021-05-07 16:15:21.700,0.021,3,3,0.99204296,6.227649e-07,3.5996462e-07,0.007956065,0.99204296
512,258,walking,2021-05-07 16:15:20.719,2021-05-07 16:15:22.700,0.021,3,3,0.8831939,1.3745231e-05,1.5249797e-05,0.11677699,0.8831939
512,258,walking,2021-05-07 16:15:21.719,2021-05-07 16:15:23.700,0.021,3,3,0.9803276,1.6043099e-06,9.055391e-07,0.01966977,0.9803276
512,258,walking,2021-05-07 16:15:22.719,2021-05-07 16:15:24.700,0.021,3,3,0.9981164,2.1176366e-07,6.746539e-08,0.0018833288,0.9981164
512,258,walking,2021-05-07 16:15:23.719,2021-05-07 16:15:25.700,0.021,3,3,0.92810726,8.719146e-06,6.930783e-06,0.07187718,0.92810726
512,258,walking,2021-05-07 16:15:24.719,2021-05-07 16:15:26.700,0.021,3,3,0.9154345,7.5658863e-06,4.7756416e-06,0.08455312,0.9154345
512,258,walking,2021-05-07 16:15:25.719,2021-05-07 16:15:27.700,0.021,3,3,0.9552775,3.0504689e-06,2.0475056e-06,0.044717416,0.9552775
512,258,walking,2021-05-07 16:15:26.719,2021-05-07 16:15:28.700,0.021,3,3,0.9090172,1.2592122e-05,1.4115936e-05,0.09095605,0.9090172
512,258,walking,2021-05-07 16:15:27.719,2021-05-07 16:15:29.700,0.021,3,3,0.97984916,3.094616e-06,3.5877122e-06,0.02014424,0.97984916
512,258,walking,2021-05-07 16:15:28.719,2021-05-07 16:15:30.700,0.021,3,3,0.9998873,1.07814e-07,1.4980394e-08,0.00011253833,0.9998873
512,258,walking,2021-05-07 16:15:29.719,2021-05-07 16:15:31.700,0.021,3,3,0.99971235,6.6423746e-07,4.584453e-08,0.00028684537,0.99971235
512,263,standing,2021-05-07 16:15:35.279,2021-05-07 16:15:37.259,0.021,2,2,0.99091315,2.280795e-06,5.5729026e-07,0.99091315,0.009084055
512,263,standing,2021-05-07 16:15:36.279,2021-05-07 16:15:38.259,0.021,2,2,0.9915491,2.3158168e-06,3.7318432e-07,0.9915491,0.008448083
512,263,standing,2021-05-07 16:15:37.279,2021-05-07 16:15:39.259,0.021,2,2,0.98928636,2.2537715e-06,4.0897e-07,0.98928636,0.010710899
512,263,standing,2021-05-07 16:15:38.279,2021-05-07 16:15:40.259,0.021,2,2,0.98904544,2.2037257e-06,4.1717172e-07,0.98904544,0.010951963
512,263,standing,2021-05-07 16:15:39.279,2021-05-07 16:15:41.259,0.021,2,2,0.9943416,1.9001417e-06,2.0848114e-07,0.9943416,0.0056562964
512,263,standing,2021-05-07 16:15:40.279,2021-05-07 16:15:42.259,0.021,2,2,0.99494815,1.7789159e-06,1.5882257e-07,0.99494815,0.005049909
512,263,standing,2021-05-07 16:15:41.279,2021-05-07 16:15:43.259,0.021,2,2,0.9850187,2.736977e-06,4.2944578e-07,0.9850187,0.014978144
512,263,standing,2021-05-07 16:15:42.279,2021-05-07 16:15:44.259,0.021,2,2,0.98659223,2.4067824e-06,5.016479e-07,0.98659223,0.013404825
512,263,standing,2021-05-07 16:15:43.279,2021-05-07 16:15:45.259,0.021,2,2,0.9928678,1.5676605e-06,2.9737947e-07,0.9928678,0.007130261
512,263,standing,2021-05-07 16:15:44.279,2021-05-07 16:15:46.259,0.021,2,2,0.9925844,1.7621254e-06,2.9482524e-07,0.9925844,0.0074135675
512,263,standing,2021-05-07 16:15:45.279,2021-05-07 16:15:47.259,0.021,2,2,0.99186105,1.8750208e-06,3.1576135e-07,0.99186105,0.008136789
512,263,standing,2021-05-07 16:15:46.279,2021-05-07 16:15:48.259,0.021,2,2,0.9922154,1.7442023e-06,2.8599763e-07,0.9922154,0.0077825226
512,263,standing,2021-05-07 16:15:47.279,2021-05-07 16:15:49.259,0.021,2,2,0.9927649,1.657679e-06,2.771663e-07,0.9927649,0.0072331848
512,263,standing,2021-05-07 16:15:48.279,2021-05-07 16:15:50.259,0.021,2,2,0.9923413,1.6913259e-06,3.517529e-07,0.9923413,0.0076567386
512,263,standing,2021-05-07 16:15:49.279,2021-05-07 16:15:51.259,0.021,2,2,0.99043566,1.7739275e-06,4.8741293e-07,0.99043566,0.009562056
512,263,standing,2021-05-07 16:15:50.279,2021-05-07 16:15:52.259,0.021,2,2,0.9933224,1.4251758e-06,5.0108497e-07,0.9933224,0.006675764
512,263,standing,2021-05-07 16:15:51.279,2021-05-07 16:15:53.259,0.021,2,2,0.9934016,1.5342599e-06,5.303995e-07,0.9934016,0.006596423
512,263,standing,2021-05-07 16:15:52.279,2021-05-07 16:15:54.259,0.021,2,2,0.9865677,2.3845523e-06,6.8579163e-07,0.9865677,0.013429365
512,263,standing,2021-05-07 16:15:53.279,2021-05-07 16:15:55.259,0.021,2,2,0.97861505,3.1454406e-06,6.0221583e-07,0.97861505,0.021381237
512,265,standing,2021-05-07 16:15:56.119,2021-05-07 16:15:58.099,0.021,2,2,0.9854902,2.4193616e-06,2.6624082e-07,0.9854902,0.014507099
512,267,standing,2021-05-07 16:16:00.480,2021-05-07 16:16:02.460,0.021,2,2,0.98619145,2.7971453e-06,1.1731645e-06,0.98619145,0.013804583
512,267,standing,2021-05-07 16:16:01.480,2021-05-07 16:16:03.460,0.021,2,2,0.9907313,2.0918405e-06,9.3292294e-07,0.9907313,0.009265657
512,267,standing,2021-05-07 16:16:02.480,2021-05-07 16:16:04.460,0.021,2,2,0.98619896,2.4337319e-06,1.0405702e-06,0.98619896,0.013797562
512,267,standing,2021-05-07 16:16:03.480,2021-05-07 16:16:05.460,0.021,2,2,0.9915559,1.8076946e-06,9.287767e-07,0.9915559,0.008441276
512,267,standing,2021-05-07 16:16:04.480,2021-05-07 16:16:06.460,0.021,2,2,0.98924565,2.1056378e-06,1.0556355e-06,0.98924565,0.010751101
512,267,standing,2021-05-07 16:16:05.480,2021-05-07 16:16:07.460,0.021,2,2,0.9822174,2.4502808e-06,8.219585e-07,0.9822174,0.017779281
512,267,standing,2021-05-07 16:16:06.480,2021-05-07 16:16:08.460,0.021,2,2,0.98809355,2.0524405e-06,4.6345951e-07,0.98809355,0.011903802
512,267,standing,2021-05-07 16:16:07.480,2021-05-07 16:16:09.460,0.021,2,2,0.9903746,1.9354563e-06,3.6526694e-07,0.9903746,0.009623154
512,267,standing,2021-05-07 16:16:08.479,2021-05-07 16:16:10.460,0.021,2,2,0.98811454,2.0795437e-06,4.3494592e-07,0.98811454,0.0118830595
512,267,standing,2021-05-07 16:16:09.479,2021-05-07 16:16:11.460,0.021,2,2,0.9875242,2.0858306e-06,4.616613e-07,0.9875242,0.0124732405
512,267,standing,2021-05-07 16:16:10.479,2021-05-07 16:16:12.460,0.021,2,2,0.9871121,2.025515e-06,4.5829597e-07,0.9871121,0.0128854355
512,267,standing,2021-05-07 16:16:11.479,2021-05-07 16:16:13.460,0.021,2,2,0.985415,2.1244482e-06,4.7269674e-07,0.985415,0.014582417
512,269,standing,2021-05-07 16:16:16.079,2021-05-07 16:16:18.059,0.021,2,2,0.9563333,4.539897e-06,2.4043657e-06,0.9563333,0.04365984
512,270,walking,2021-05-07 16:16:18.239,2021-05-07 16:16:20.219,0.021,3,3,0.93510944,1.4908863e-05,1.2559215e-05,0.06486305,0.93510944
512,270,walking,2021-05-07 16:16:19.239,2021-05-07 16:16:21.219,0.021,3,3,0.9610303,9.847041e-06,1.0330698e-05,0.038949624,0.9610303
512,270,walking,2021-05-07 16:16:20.239,2021-05-07 16:16:22.219,0.021,3,3,0.9599754,4.8820375e-06,4.479279e-06,0.04001517,0.9599754
512,270,walking,2021-05-07 16:16:21.239,2021-05-07 16:16:23.219,0.021,3,3,0.9852175,1.8677106e-06,3.2760063e-06,0.01477729,0.9852175
512,270,walking,2021-05-07 16:16:22.239,2021-05-07 16:16:24.219,0.021,3,3,0.99495536,1.7227472e-06,7.635333e-07,0.0050420943,0.99495536
512,270,walking,2021-05-07 16:16:23.239,2021-05-07 16:16:25.219,0.021,3,3,0.99518526,1.4188232e-06,3.2640278e-07,0.004812899,0.99518526
512,271,standing,2021-05-07 16:16:25.680,2021-05-07 16:16:27.659,0.021,2,2,0.99220484,3.8373387e-06,1.2039477e-06,0.99220484,0.0077900887
512,272,walking,2021-05-07 16:16:28.639,2021-05-07 16:16:30.619,0.021,3,3,0.90553075,2.4733177e-05,7.6156524e-05,0.09436845,0.90553075
512,272,walking,2021-05-07 16:16:29.639,2021-05-07 16:16:31.619,0.021,3,3,0.9990974,3.1112262e-07,1.7684343e-07,0.0009020637,0.9990974
512,272,walking,2021-05-07 16:16:30.639,2021-05-07 16:16:32.619,0.021,3,3,0.99999374,2.4415117e-08,1.2131275e-09,6.174584e-06,0.99999374
512,272,walking,2021-05-07 16:16:31.639,2021-05-07 16:16:33.619,0.021,3,3,0.9998076,6.351982e-07,1.15247744e-07,0.00019159423,0.9998076
512,272,walking,2021-05-07 16:16:32.639,2021-05-07 16:16:34.619,0.021,3,3,0.9991941,3.8032076e-07,7.966333e-08,0.000805489,0.9991941
512,272,walking,2021-05-07 16:16:33.639,2021-05-07 16:16:35.619,0.021,3,3,0.9996025,3.8183936e-07,5.3790465e-08,0.0003969468,0.9996025
512,272,walking,2021-05-07 16:16:34.639,2021-05-07 16:16:36.619,0.021,3,3,0.99866545,1.3559638e-06,8.188398e-07,0.0013323509,0.99866545
512,272,walking,2021-05-07 16:16:35.639,2021-05-07 16:16:37.619,0.021,3,3,0.9981373,7.3389015e-07,3.8779433e-07,0.00186165,0.9981373
512,272,walking,2021-05-07 16:16:36.639,2021-05-07 16:16:38.619,0.021,3,3,0.99674785,8.6643297e-07,3.5350902e-07,0.0032509156,0.99674785
512,272,walking,2021-05-07 16:16:37.639,2021-05-07 16:16:39.619,0.021,3,3,0.92849046,8.564554e-06,1.0298481e-05,0.07149067,0.92849046
512,272,walking,2021-05-07 16:16:38.639,2021-05-07 16:16:40.619,0.021,3,3,0.99418956,1.2080358e-06,4.701546e-07,0.0058087534,0.99418956
512,272,walking,2021-05-07 16:16:39.639,2021-05-07 16:16:41.619,0.021,3,3,0.9983555,2.619283e-07,9.8780916e-08,0.0016441985,0.9983555
512,272,walking,2021-05-07 16:16:40.639,2021-05-07 16:16:42.619,0.021,3,3,0.9699168,6.533593e-06,6.7590936e-06,0.03006992,0.9699168
512,272,walking,2021-05-07 16:16:41.639,2021-05-07 16:16:43.619,0.021,3,3,0.97999036,1.3724447e-06,1.1630339e-06,0.020007046,0.97999036
512,272,walking,2021-05-07 16:16:42.639,2021-05-07 16:16:44.619,0.021,3,3,0.8266803,4.827576e-06,7.2852517e-06,0.17330751,0.8266803
512,272,walking,2021-05-07 16:16:43.639,2021-05-07 16:16:45.619,0.021,3,3,0.9550943,4.0269833e-06,1.741972e-05,0.044884168,0.9550943
512,272,walking,2021-05-07 16:16:44.639,2021-05-07 16:16:46.619,0.021,3,3,0.9997418,6.4299525e-07,5.1516645e-07,0.00025695763,0.9997418
512,272,walking,2021-05-07 16:16:45.639,2021-05-07 16:16:47.619,0.021,3,3,0.9981147,7.994112e-07,3.4007752e-07,0.0018841753,0.9981147
512,272,walking,2021-05-07 16:16:46.639,2021-05-07 16:16:48.619,0.021,3,3,0.9171369,3.6447118e-06,3.0279675e-06,0.08285643,0.9171369
512,272,walking,2021-05-07 16:16:47.639,2021-05-07 16:16:49.619,0.021,3,3,0.96919113,2.474635e-06,2.35841e-06,0.030803993,0.96919113
512,272,walking,2021-05-07 16:16:48.639,2021-05-07 16:16:50.619,0.021,3,3,0.9449365,6.5850877e-06,4.6491573e-06,0.055052385,0.9449365
512,272,walking,2021-05-07 16:16:49.639,2021-05-07 16:16:51.619,0.021,3,3,0.9468976,5.1688426e-06,3.819576e-06,0.053093325,0.9468976
512,272,walking,2021-05-07 16:16:50.639,2021-05-07 16:16:52.619,0.021,3,3,0.8696875,5.844323e-06,1.5221064e-05,0.13029131,0.8696875
512,272,walking,2021-05-07 16:16:51.639,2021-05-07 16:16:53.619,0.021,3,3,0.9636971,5.444392e-06,4.2824745e-06,0.03629327,0.9636971
512,272,walking,2021-05-07 16:16:52.639,2021-05-07 16:16:54.619,0.021,3,3,0.99561214,2.4745746e-06,6.4290305e-07,0.004384689,0.99561214
512,272,walking,2021-05-07 16:16:53.639,2021-05-07 16:16:55.619,0.021,3,3,0.99784666,6.4878003e-07,3.9437845e-07,0.0021523198,0.99784666
512,272,walking,2021-05-07 16:16:54.639,2021-05-07 16:16:56.619,0.021,3,3,0.9992822,1.0071338e-06,2.0176745e-07,0.00071660255,0.9992822
512,272,walking,2021-05-07 16:16:55.639,2021-05-07 16:16:57.619,0.021,3,3,0.9990987,5.7976064e-07,1.2614964e-07,0.0009005009,0.9990987
512,272,walking,2021-05-07 16:16:56.639,2021-05-07 16:16:58.619,0.021,3,3,0.9975009,5.521061e-07,7.997037e-08,0.002498437,0.9975009
512,272,walking,2021-05-07 16:16:57.639,2021-05-07 16:16:59.619,0.021,3,3,0.9461241,1.097016e-05,3.4368366e-06,0.053861633,0.9461241
512,272,walking,2021-05-07 16:16:58.639,2021-05-07 16:17:00.619,0.021,3,3,0.97336787,5.226587e-06,1.4916711e-06,0.026625399,0.97336787
512,272,walking,2021-05-07 16:16:59.639,2021-05-07 16:17:01.619,0.021,3,3,0.992416,1.2549428e-06,3.9460556e-07,0.0075823516,0.992416
512,272,walking,2021-05-07 16:17:00.640,2021-05-07 16:17:02.619,0.021,3,3,0.94495314,1.0213087e-05,3.52248e-06,0.055033118,0.94495314
512,272,walking,2021-05-07 16:17:01.640,2021-05-07 16:17:03.619,0.021,3,3,0.9236008,5.144857e-06,2.6145697e-06,0.07639144,0.9236008
512,272,walking,2021-05-07 16:17:02.640,2021-05-07 16:17:04.619,0.021,3,3,0.9952365,7.732016e-07,2.3900097e-07,0.004762424,0.9952365
512,272,walking,2021-05-07 16:17:03.640,2021-05-07 16:17:05.619,0.021,3,3,0.94522333,8.442843e-06,4.1176536e-06,0.054764118,0.94522333
512,272,walking,2021-05-07 16:17:04.640,2021-05-07 16:17:06.619,0.021,3,3,0.9375581,5.814492e-06,3.2363814e-06,0.06243283,0.9375581
512,272,walking,2021-05-07 16:17:05.640,2021-05-07 16:17:07.619,0.021,3,3,0.959079,2.4768146e-06,2.2787149e-06,0.040916175,0.959079
512,272,walking,2021-05-07 16:17:06.640,2021-05-07 16:17:08.619,0.021,3,3,0.8472608,1.733753e-05,1.0959658e-05,0.15271087,0.8472608
512,272,walking,2021-05-07 16:17:07.640,2021-05-07 16:17:09.619,0.021,3,3,0.94551504,5.608467e-06,3.0763385e-06,0.054476257,0.94551504
512,272,walking,2021-05-07 16:17:08.640,2021-05-07 16:17:10.619,0.021,3,3,0.9794919,1.9163458e-06,6.577376e-07,0.020505445,0.9794919
512,272,walking,2021-05-07 16:17:09.640,2021-05-07 16:17:11.619,0.021,3,3,0.7557615,1.7539458e-05,1.0956648e-05,0.24421,0.7557615
512,272,walking,2021-05-07 16:17:10.640,2021-05-07 16:17:12.619,0.021,3,2,0.60257584,1.0797141e-05,2.3382778e-05,0.60257584,0.39738992
512,272,walking,2021-05-07 16:17:11.640,2021-05-07 16:17:13.619,0.021,3,3,0.809626,5.6676636e-06,6.4322157e-06,0.19036186,0.809626
512,272,walking,2021-05-07 16:17:12.640,2021-05-07 16:17:14.619,0.021,3,3,0.60176253,1.7857446e-05,1.9371028e-05,0.39820027,0.60176253
512,272,walking,2021-05-07 16:17:13.640,2021-05-07 16:17:15.619,0.021,3,3,0.66253716,1.2913383e-05,1.6628524e-05,0.33743313,0.66253716
512,272,walking,2021-05-07 16:17:14.640,2021-05-07 16:17:16.619,0.021,3,3,0.8264011,4.6578407e-06,7.562649e-06,0.17358658,0.8264011
512,272,walking,2021-05-07 16:17:15.640,2021-05-07 16:17:17.619,0.021,3,2,0.55152565,1.7729632e-05,1.9871628e-05,0.55152565,0.44843668
512,272,walking,2021-05-07 16:17:16.639,2021-05-07 16:17:18.619,0.021,3,3,0.6392398,2.0045572e-05,1.7126195e-05,0.36072302,0.6392398
512,272,walking,2021-05-07 16:17:17.639,2021-05-07 16:17:19.619,0.021,3,3,0.76778513,1.3872521e-05,1.5462741e-05,0.23218554,0.76778513
512,272,walking,2021-05-07 16:17:18.639,2021-05-07 16:17:20.619,0.021,3,3,0.80282295,9.606832e-06,7.658028e-06,0.19715974,0.80282295
512,272,walking,2021-05-07 16:17:19.639,2021-05-07 16:17:21.619,0.021,3,3,0.7697941,9.78116e-06,7.102907e-06,0.23018904,0.7697941
512,272,walking,2021-05-07 16:17:20.639,2021-05-07 16:17:22.619,0.021,3,3,0.78252727,1.4075801e-05,1.445841e-05,0.21744417,0.78252727
512,272,walking,2021-05-07 16:17:21.639,2021-05-07 16:17:23.619,0.021,3,3,0.98538846,1.9147703e-06,4.004767e-07,0.014609209,0.98538846
512,272,walking,2021-05-07 16:17:22.639,2021-05-07 16:17:24.619,0.021,3,3,0.9924967,2.2311908e-06,3.4279392e-07,0.0075005586,0.9924967
512,272,walking,2021-05-07 16:17:23.639,2021-05-07 16:17:25.619,0.021,3,3,0.82618237,1.9434237e-05,1.2851912e-05,0.17378536,0.82618237
512,272,walking,2021-05-07 16:17:24.639,2021-05-07 16:17:26.619,0.021,3,3,0.82569,1.5078848e-05,8.415148e-06,0.17428654,0.82569
512,272,walking,2021-05-07 16:17:25.639,2021-05-07 16:17:27.619,0.021,3,3,0.9298052,1.3544844e-05,4.183004e-06,0.07017701,0.9298052
512,272,walking,2021-05-07 16:17:26.639,2021-05-07 16:17:28.619,0.021,3,3,0.9474263,1.0032954e-05,3.647994e-06,0.052560028,0.9474263
512,272,walking,2021-05-07 16:17:27.639,2021-05-07 16:17:29.619,0.021,3,3,0.99699426,1.6001279e-06,1.7147028e-07,0.003003922,0.99699426
512,272,walking,2021-05-07 16:17:28.639,2021-05-07 16:17:30.619,0.021,3,3,0.9909636,5.325409e-06,1.2501735e-06,0.009029829,0.9909636
512,272,walking,2021-05-07 16:17:29.639,2021-05-07 16:17:31.619,0.021,3,3,0.9869793,3.2199225e-06,8.094779e-07,0.013016577,0.9869793
512,272,walking,2021-05-07 16:17:30.639,2021-05-07 16:17:32.619,0.021,3,3,0.9976521,2.5257655e-06,6.2848915e-07,0.0023448034,0.9976521
512,272,walking,2021-05-07 16:17:31.639,2021-05-07 16:17:33.619,0.021,3,3,0.974618,1.6142605e-05,1.2980674e-05,0.025352828,0.974618
512,272,walking,2021-05-07 16:17:32.639,2021-05-07 16:17:34.619,0.021,3,3,0.9895629,4.4661724e-06,1.5992414e-06,0.010430966,0.9895629
512,272,walking,2021-05-07 16:17:33.639,2021-05-07 16:17:35.619,0.021,3,3,0.9990046,1.0561879e-06,1.4329285e-07,0.000994137,0.9990046
512,272,walking,2021-05-07 16:17:34.639,2021-05-07 16:17:36.619,0.021,3,3,0.9936967,6.060779e-06,1.2842072e-06,0.0062959567,0.9936967
512,272,walking,2021-05-07 16:17:35.639,2021-05-07 16:17:37.619,0.021,3,3,0.96390635,5.05097e-06,2.0249217e-06,0.036086615,0.96390635
512,272,walking,2021-05-07 16:17:36.639,2021-05-07 16:17:38.619,0.021,3,3,0.9743121,6.9682987e-06,4.9996524e-06,0.025675973,0.9743121
512,272,walking,2021-05-07 16:17:37.639,2021-05-07 16:17:39.619,0.021,3,3,0.95458436,1.869635e-05,1.0551336e-05,0.045386404,0.95458436
512,275,standing,2021-05-07 16:17:42.439,2021-05-07 16:17:44.419,0.021,2,2,0.99599636,1.8701502e-06,1.5712856e-06,0.99599636,0.0040002074
512,275,standing,2021-05-07 16:17:43.439,2021-05-07 16:17:45.419,0.021,2,2,0.99808234,1.055838e-06,8.9311413e-07,0.99808234,0.00191582
512,275,standing,2021-05-07 16:17:44.439,2021-05-07 16:17:46.419,0.021,2,2,0.99828106,9.940733e-07,1.0073443e-06,0.99828106,0.0017169414
512,275,standing,2021-05-07 16:17:45.439,2021-05-07 16:17:47.419,0.021,2,2,0.99848807,8.834242e-07,9.0002897e-07,0.99848807,0.0015101678
512,275,standing,2021-05-07 16:17:46.439,2021-05-07 16:17:48.419,0.021,2,2,0.9986429,7.9601506e-07,6.838984e-07,0.9986429,0.0013555901
512,275,standing,2021-05-07 16:17:47.439,2021-05-07 16:17:49.419,0.021,2,2,0.9984174,8.9262187e-07,7.8555746e-07,0.9984174,0.0015809902
512,275,standing,2021-05-07 16:17:48.439,2021-05-07 16:17:50.419,0.021,2,2,0.9976582,1.1479613e-06,9.340338e-07,0.9976582,0.0023397235
512,275,standing,2021-05-07 16:17:49.439,2021-05-07 16:17:51.419,0.021,2,2,0.996569,1.3342802e-06,7.3900316e-07,0.996569,0.0034290266
512,275,standing,2021-05-07 16:17:50.439,2021-05-07 16:17:52.419,0.021,2,2,0.99500674,1.6095045e-06,6.962315e-07,0.99500674,0.004990884
512,279,standing,2021-05-07 16:17:56.159,2021-05-07 16:17:58.139,0.021,2,2,0.98807156,3.5806995e-06,4.558529e-06,0.98807156,0.011920361
512,279,standing,2021-05-07 16:17:57.159,2021-05-07 16:17:59.139,0.021,2,2,0.9818914,4.206676e-06,1.7281111e-06,0.9818914,0.018102536
512,279,standing,2021-05-07 16:17:58.159,2021-05-07 16:18:00.140,0.021,2,2,0.9894538,2.5019133e-06,7.05021e-07,0.9894538,0.010542992
512,279,standing,2021-05-07 16:17:59.159,2021-05-07 16:18:01.140,0.021,2,2,0.9934711,2.0950783e-06,6.542002e-07,0.9934711,0.0065261503
512,279,standing,2021-05-07 16:18:00.160,2021-05-07 16:18:02.140,0.021,2,2,0.9914435,2.827445e-06,1.3284323e-06,0.9914435,0.008552386
512,281,standing,2021-05-07 16:18:06.840,2021-05-07 16:18:08.819,0.021,2,2,0.9890445,6.7214874e-06,1.08619315e-05,0.9890445,0.010938019
512,281,standing,2021-05-07 16:18:07.840,2021-05-07 16:18:09.819,0.021,2,2,0.99537283,2.5294937e-06,2.4018184e-06,0.99537283,0.0046222457
512,281,standing,2021-05-07 16:18:08.840,2021-05-07 16:18:10.819,0.021,2,2,0.9847734,3.0352858e-06,1.7537291e-06,0.9847734,0.015221835
512,285,standing,2021-05-07 16:18:13.520,2021-05-07 16:18:15.500,0.021,2,2,0.98554045,3.6271545e-06,1.3708211e-06,0.98554045,0.014454448
512,285,standing,2021-05-07 16:18:14.520,2021-05-07 16:18:16.500,0.021,2,2,0.98029643,3.8004305e-06,1.7659204e-06,0.98029643,0.01969802
512,287,standing,2021-05-07 16:18:18.280,2021-05-07 16:18:20.260,0.021,2,2,0.92746145,7.817299e-06,3.505303e-06,0.92746145,0.0725272
512,288,walking,2021-05-07 16:18:20.319,2021-05-07 16:18:22.299,0.021,3,3,0.98734444,3.15621e-06,2.2128258e-06,0.0126501685,0.98734444
512,288,walking,2021-05-07 16:18:21.319,2021-05-07 16:18:23.299,0.021,3,3,0.9940309,2.5452039e-06,6.4270773e-07,0.0059660026,0.9940309
512,288,walking,2021-05-07 16:18:22.319,2021-05-07 16:18:24.299,0.021,3,3,0.99219763,6.0380426e-06,2.7584e-06,0.007793558,0.99219763
512,288,walking,2021-05-07 16:18:23.319,2021-05-07 16:18:25.299,0.021,3,3,0.99534345,4.1686567e-06,1.3324819e-06,0.0046510454,0.99534345
512,288,walking,2021-05-07 16:18:24.319,2021-05-07 16:18:26.299,0.021,3,3,0.99303705,6.5801537e-06,3.9286197e-06,0.006952464,0.99303705
512,288,walking,2021-05-07 16:18:25.319,2021-05-07 16:18:27.299,0.021,3,3,0.9840818,2.9812438e-06,2.0477608e-05,0.015894722,0.9840818
512,288,walking,2021-05-07 16:18:26.319,2021-05-07 16:18:28.299,0.021,3,3,0.99434805,1.4132547e-06,2.8677819e-06,0.0056477627,0.99434805
512,289,standing,2021-05-07 16:18:28.360,2021-05-07 16:18:30.340,0.021,2,2,0.98856676,3.5139597e-06,4.1198095e-06,0.98856676,0.011425514
512,290,walking,2021-05-07 16:18:30.360,2021-05-07 16:18:32.340,0.021,3,3,0.99795717,2.9802272e-06,1.0803019e-06,0.0020388751,0.99795717
512,290,walking,2021-05-07 16:18:31.360,2021-05-07 16:18:33.340,0.021,3,3,0.976952,5.629336e-06,4.7694657e-06,0.023037594,0.976952
512,290,walking,2021-05-07 16:18:32.360,2021-05-07 16:18:34.340,0.021,3,3,0.9971893,2.040633e-06,1.7469164e-06,0.0028069136,0.9971893
512,290,walking,2021-05-07 16:18:33.360,2021-05-07 16:18:35.340,0.021,3,3,0.9838242,6.055927e-06,5.4316256e-06,0.016164225,0.9838242
512,290,walking,2021-05-07 16:18:34.360,2021-05-07 16:18:36.340,0.021,3,3,0.941143,1.0966937e-05,1.3145385e-05,0.058832824,0.941143
512,290,walking,2021-05-07 16:18:35.360,2021-05-07 16:18:37.340,0.021,3,3,0.952087,9.946466e-06,1.2612326e-05,0.047890414,0.952087
512,290,walking,2021-05-07 16:18:36.360,2021-05-07 16:18:38.340,0.021,3,3,0.97869605,3.0679466e-06,3.7516998e-06,0.021297138,0.97869605
512,290,walking,2021-05-07 16:18:37.360,2021-05-07 16:18:39.340,0.021,3,3,0.9771366,3.7139362e-06,9.634164e-06,0.022850089,0.9771366
512,290,walking,2021-05-07 16:18:38.360,2021-05-07 16:18:40.340,0.021,3,3,0.99449164,2.1813257e-06,2.784589e-06,0.0055033634,0.99449164
512,290,walking,2021-05-07 16:18:39.360,2021-05-07 16:18:41.340,0.021,3,3,0.9939375,3.6181107e-06,3.4264308e-06,0.006055476,0.9939375
512,290,walking,2021-05-07 16:18:40.360,2021-05-07 16:18:42.340,0.021,3,3,0.9101238,2.2160977e-05,5.46741e-05,0.089799404,0.9101238
512,290,walking,2021-05-07 16:18:41.360,2021-05-07 16:18:43.340,0.021,3,3,0.9904164,4.096413e-06,2.923434e-06,0.009576584,0.9904164
512,290,walking,2021-05-07 16:18:42.360,2021-05-07 16:18:44.340,0.021,3,3,0.99340904,2.7189892e-06,2.4970795e-06,0.006585756,0.99340904
512,290,walking,2021-05-07 16:18:43.360,2021-05-07 16:18:45.340,0.021,3,3,0.9512695,1.29753635e-05,3.225534e-05,0.04868526,0.9512695
512,290,walking,2021-05-07 16:18:44.360,2021-05-07 16:18:46.340,0.021,3,3,0.9713173,1.5911333e-05,4.12375e-05,0.028625598,0.9713173
512,290,walking,2021-05-07 16:18:45.360,2021-05-07 16:18:47.340,0.021,3,3,0.998925,1.7837419e-06,7.690634e-07,0.0010725012,0.998925
512,290,walking,2021-05-07 16:18:46.360,2021-05-07 16:18:48.340,0.021,3,3,0.9998911,2.8578455e-07,2.3313467e-07,0.00010828756,0.9998911
512,290,walking,2021-05-07 16:18:47.360,2021-05-07 16:18:49.340,0.021,3,3,0.995345,3.7116586e-06,2.2313416e-06,0.0046491083,0.995345
512,290,walking,2021-05-07 16:18:48.360,2021-05-07 16:18:50.340,0.021,3,3,0.9790234,1.1837752e-05,2.3480161e-05,0.020941267,0.9790234
512,290,walking,2021-05-07 16:18:49.360,2021-05-07 16:18:51.340,0.021,3,3,0.98311365,2.1757509e-05,5.973369e-05,0.016804853,0.98311365
512,290,walking,2021-05-07 16:18:50.360,2021-05-07 16:18:52.340,0.021,3,3,0.9941463,3.6537085e-06,1.7101836e-06,0.0058484436,0.9941463
512,290,walking,2021-05-07 16:18:51.360,2021-05-07 16:18:53.340,0.021,3,3,0.99962443,9.676253e-07,5.0254243e-07,0.00037406187,0.99962443
512,290,walking,2021-05-07 16:18:52.360,2021-05-07 16:18:54.340,0.021,3,3,0.9924367,1.01881005e-05,1.3262037e-05,0.00753981,0.9924367
512,290,walking,2021-05-07 16:18:53.360,2021-05-07 16:18:55.340,0.021,3,3,0.9970914,2.805748e-06,1.7896538e-06,0.0029040184,0.9970914
512,290,walking,2021-05-07 16:18:54.360,2021-05-07 16:18:56.340,0.021,3,3,0.9996812,4.856113e-07,8.8999576e-07,0.0003174233,0.9996812
512,290,walking,2021-05-07 16:18:55.360,2021-05-07 16:18:57.340,0.021,3,3,0.99934256,1.9592633e-06,4.078386e-07,0.000654944,0.99934256
512,290,walking,2021-05-07 16:18:56.360,2021-05-07 16:18:58.340,0.021,3,3,0.98751587,1.2837259e-05,9.4881325e-06,0.012461745,0.98751587
512,290,walking,2021-05-07 16:18:57.360,2021-05-07 16:18:59.340,0.021,3,3,0.99817574,2.893315e-06,1.1804258e-05,0.0018095806,0.99817574
512,290,walking,2021-05-07 16:18:58.360,2021-05-07 16:19:00.339,0.021,3,3,0.9988255,1.4043122e-06,6.648531e-07,0.0011724514,0.9988255
512,290,walking,2021-05-07 16:18:59.360,2021-05-07 16:19:01.339,0.021,3,3,0.99746776,3.092627e-06,7.742455e-06,0.002521475,0.99746776
512,290,walking,2021-05-07 16:19:00.359,2021-05-07 16:19:02.339,0.021,3,3,0.9981625,3.0566903e-06,4.293479e-06,0.0018300998,0.9981625
512,290,walking,2021-05-07 16:19:01.359,2021-05-07 16:19:03.339,0.021,3,3,0.99327344,5.1531106e-06,4.924763e-06,0.006716435,0.99327344
512,290,walking,2021-05-07 16:19:02.359,2021-05-07 16:19:04.340,0.021,3,3,0.9938597,3.7659552e-06,8.337808e-06,0.0061282143,0.9938597
512,290,walking,2021-05-07 16:19:03.359,2021-05-07 16:19:05.340,0.021,3,3,0.9835856,7.539898e-06,5.935645e-06,0.016400967,0.9835856
512,290,walking,2021-05-07 16:19:04.359,2021-05-07 16:19:06.340,0.021,3,3,0.99662155,4.1502058e-06,8.315803e-06,0.0033659162,0.99662155
512,290,walking,2021-05-07 16:19:05.359,2021-05-07 16:19:07.340,0.021,3,3,0.9987721,4.985656e-06,4.598011e-06,0.0012182877,0.9987721
512,290,walking,2021-05-07 16:19:06.359,2021-05-07 16:19:08.340,0.021,3,3,0.99878514,3.0457838e-06,1.0967362e-06,0.0012106173,0.99878514
512,292,standing,2021-05-07 16:19:10.559,2021-05-07 16:19:12.539,0.021,2,2,0.98289657,3.0154288e-06,7.2747696e-07,0.98289657,0.017099699
512,292,standing,2021-05-07 16:19:11.559,2021-05-07 16:19:13.539,0.021,2,2,0.9889064,1.9034544e-06,3.751396e-07,0.9889064,0.011091281
512,292,standing,2021-05-07 16:19:12.559,2021-05-07 16:19:14.539,0.021,2,2,0.98940706,1.8148323e-06,3.6130015e-07,0.98940706,0.010590794
512,292,standing,2021-05-07 16:19:13.559,2021-05-07 16:19:15.539,0.021,2,2,0.9904927,1.9496692e-06,5.0350246e-07,0.9904927,0.009504894
512,292,standing,2021-05-07 16:19:14.559,2021-05-07 16:19:16.540,0.021,2,2,0.9906442,2.1239512e-06,6.768697e-07,0.9906442,0.009352872
512,292,standing,2021-05-07 16:19:15.559,2021-05-07 16:19:17.540,0.021,2,2,0.98827076,2.292114e-06,7.4935053e-07,0.98827076,0.011726204
512,292,standing,2021-05-07 16:19:16.559,2021-05-07 16:19:18.540,0.021,2,2,0.97800124,3.4959257e-06,1.5888837e-06,0.97800124,0.02199363
512,292,standing,2021-05-07 16:19:17.559,2021-05-07 16:19:19.540,0.021,2,2,0.9485046,7.328353e-06,4.7427125e-06,0.9485046,0.05148312
512,292,standing,2021-05-07 16:19:18.559,2021-05-07 16:19:20.540,0.021,2,2,0.9666749,8.970535e-06,1.1208519e-05,0.9666749,0.03330492
512,292,standing,2021-05-07 16:19:19.559,2021-05-07 16:19:21.540,0.021,2,2,0.9655704,7.872398e-06,2.6362279e-05,0.9655704,0.034395423
512,293,walking,2021-05-07 16:19:21.680,2021-05-07 16:19:23.659,0.021,3,3,0.9927349,7.887822e-06,3.4090324e-05,0.007223085,0.9927349
512,293,walking,2021-05-07 16:19:22.680,2021-05-07 16:19:24.659,0.021,3,3,0.99515635,4.237975e-06,1.4787961e-06,0.0048379037,0.99515635
512,293,walking,2021-05-07 16:19:23.680,2021-05-07 16:19:25.659,0.021,3,3,0.9950414,5.488465e-06,3.6628967e-06,0.0049494645,0.9950414
512,293,walking,2021-05-07 16:19:24.680,2021-05-07 16:19:26.659,0.021,3,3,0.9764549,1.2083732e-05,1.882244e-05,0.023514211,0.9764549
512,293,walking,2021-05-07 16:19:25.680,2021-05-07 16:19:27.659,0.021,3,3,0.99193454,5.6923095e-06,1.05840545e-05,0.008049149,0.99193454
512,293,walking,2021-05-07 16:19:26.680,2021-05-07 16:19:28.659,0.021,3,3,0.99761677,4.6891114e-06,1.2391569e-05,0.0023660846,0.99761677
512,293,walking,2021-05-07 16:19:27.680,2021-05-07 16:19:29.659,0.021,3,3,0.9981286,3.6763433e-06,1.3131654e-06,0.001866455,0.9981286
512,293,walking,2021-05-07 16:19:28.680,2021-05-07 16:19:30.659,0.021,3,3,0.99983907,1.1386907e-06,2.81757e-07,0.00015965926,0.99983907
512,293,walking,2021-05-07 16:19:29.680,2021-05-07 16:19:31.659,0.021,3,3,0.99840105,5.151838e-06,3.8450603e-06,0.0015899485,0.99840105
512,293,walking,2021-05-07 16:19:30.680,2021-05-07 16:19:32.659,0.021,3,3,0.9971153,5.2985456e-06,5.2334512e-06,0.0028741015,0.9971153
512,293,walking,2021-05-07 16:19:31.680,2021-05-07 16:19:33.659,0.021,3,3,0.9992005,1.973058e-06,6.835651e-06,0.00079068367,0.9992005
512,293,walking,2021-05-07 16:19:32.680,2021-05-07 16:19:34.659,0.021,3,3,0.9991074,1.7281836e-06,2.2096808e-06,0.00088857743,0.9991074
512,293,walking,2021-05-07 16:19:33.680,2021-05-07 16:19:35.659,0.021,3,3,0.9495631,1.1686281e-05,4.1599094e-05,0.050383586,0.9495631
512,293,walking,2021-05-07 16:19:34.680,2021-05-07 16:19:36.659,0.021,3,3,0.90429896,1.9846102e-05,9.757011e-05,0.09558367,0.90429896
512,293,walking,2021-05-07 16:19:35.680,2021-05-07 16:19:37.659,0.021,3,3,0.99733526,4.2245356e-06,6.3876423e-06,0.0026540963,0.99733526
512,293,walking,2021-05-07 16:19:36.680,2021-05-07 16:19:38.659,0.021,3,3,0.99924845,3.0328429e-06,9.937881e-06,0.0007385921,0.99924845
512,293,walking,2021-05-07 16:19:37.680,2021-05-07 16:19:39.659,0.021,3,3,0.9987096,1.6627571e-06,7.872275e-07,0.0012880341,0.9987096
512,293,walking,2021-05-07 16:19:38.680,2021-05-07 16:19:40.659,0.021,3,3,0.99933344,1.7232302e-06,1.2201389e-06,0.0006636359,0.99933344
512,293,walking,2021-05-07 16:19:39.680,2021-05-07 16:19:41.659,0.021,3,3,0.9978004,4.4391763e-06,7.794691e-06,0.002187316,0.9978004
512,293,walking,2021-05-07 16:19:40.680,2021-05-07 16:19:42.659,0.021,3,3,0.96188414,1.0471162e-05,2.6553393e-05,0.038078863,0.96188414
512,293,walking,2021-05-07 16:19:41.680,2021-05-07 16:19:43.659,0.021,3,3,0.99385405,4.041182e-06,1.8730538e-05,0.006123217,0.99385405
512,293,walking,2021-05-07 16:19:42.680,2021-05-07 16:19:44.659,0.021,3,3,0.99679893,3.0647514e-06,1.781722e-06,0.0031960763,0.99679893
512,293,walking,2021-05-07 16:19:43.680,2021-05-07 16:19:45.659,0.021,3,3,0.9973239,2.9622834e-06,3.2545024e-06,0.002669869,0.9973239
512,293,walking,2021-05-07 16:19:44.680,2021-05-07 16:19:46.659,0.021,3,3,0.9948014,1.146591e-05,1.9785599e-05,0.0051673907,0.9948014
512,293,walking,2021-05-07 16:19:45.680,2021-05-07 16:19:47.659,0.021,3,3,0.99914265,1.9936413e-06,6.573335e-07,0.0008546934,0.99914265
512,293,walking,2021-05-07 16:19:46.680,2021-05-07 16:19:48.659,0.021,3,3,0.9999959,6.8154286e-08,5.2940066e-09,4.005243e-06,0.9999959
512,293,walking,2021-05-07 16:19:47.680,2021-05-07 16:19:49.659,0.021,3,3,0.9997233,1.4702171e-06,2.286527e-07,0.00027489677,0.9997233
512,293,walking,2021-05-07 16:19:48.680,2021-05-07 16:19:50.659,0.021,3,3,0.9947819,7.80378e-06,1.0847503e-05,0.005199418,0.9947819
512,293,walking,2021-05-07 16:19:49.680,2021-05-07 16:19:51.659,0.021,3,3,0.9983162,2.3586495e-06,4.9613445e-06,0.0016763745,0.9983162
512,293,walking,2021-05-07 16:19:50.680,2021-05-07 16:19:52.659,0.021,3,3,0.9965799,1.7034963e-06,4.3607233e-07,0.0034178903,0.9965799
512,293,walking,2021-05-07 16:19:51.680,2021-05-07 16:19:53.659,0.021,3,3,0.99863094,1.0414752e-06,4.7435114e-07,0.0013675067,0.99863094
512,293,walking,2021-05-07 16:19:52.680,2021-05-07 16:19:54.659,0.021,3,3,0.998474,2.8936554e-06,1.2976485e-06,0.0015218602,0.998474
512,293,walking,2021-05-07 16:19:53.680,2021-05-07 16:19:55.659,0.021,3,3,0.9977411,3.7139573e-06,4.1197873e-06,0.00225108,0.9977411
512,293,walking,2021-05-07 16:19:54.680,2021-05-07 16:19:56.659,0.021,3,3,0.9998069,3.14157e-07,5.702336e-07,0.00019235277,0.9998069
512,293,walking,2021-05-07 16:19:55.680,2021-05-07 16:19:57.659,0.021,3,3,0.9963518,3.1247644e-06,9.2157035e-07,0.0036440722,0.9963518
512,293,walking,2021-05-07 16:19:56.680,2021-05-07 16:19:58.659,0.021,3,3,0.9883142,5.902717e-06,6.6823873e-06,0.011673117,0.9883142
512,293,walking,2021-05-07 16:19:57.680,2021-05-07 16:19:59.659,0.021,3,3,0.99632233,2.3586397e-06,6.6946927e-06,0.0036685118,0.99632233
512,293,walking,2021-05-07 16:19:58.680,2021-05-07 16:20:00.660,0.021,3,3,0.99717486,2.3172938e-06,1.0522696e-06,0.002821707,0.99717486
512,293,walking,2021-05-07 16:19:59.680,2021-05-07 16:20:01.660,0.021,3,3,0.99930423,9.811587e-07,2.0342154e-07,0.0006946552,0.99930423
512,293,walking,2021-05-07 16:20:00.680,2021-05-07 16:20:02.660,0.021,3,3,0.99965733,1.4395503e-06,5.6212434e-07,0.00034076071,0.99965733
512,293,walking,2021-05-07 16:20:01.680,2021-05-07 16:20:03.660,0.021,3,3,0.9992793,5.861694e-07,1.4909259e-07,0.0007199478,0.9992793
512,293,walking,2021-05-07 16:20:02.680,2021-05-07 16:20:04.659,0.021,3,3,0.9997699,3.3656792e-07,6.736495e-08,0.00022959853,0.9997699
512,293,walking,2021-05-07 16:20:03.680,2021-05-07 16:20:05.659,0.021,3,3,0.99902034,1.8207107e-06,1.4151827e-06,0.0009763919,0.99902034
512,293,walking,2021-05-07 16:20:04.680,2021-05-07 16:20:06.659,0.021,3,3,0.9990208,3.8739392e-07,1.720044e-07,0.0009786539,0.9990208
512,293,walking,2021-05-07 16:20:05.680,2021-05-07 16:20:07.659,0.021,3,3,0.9998866,1.8868018e-07,3.763368e-08,0.00011316408,0.9998866
512,293,walking,2021-05-07 16:20:06.680,2021-05-07 16:20:08.659,0.021,3,3,0.99840975,2.3731582e-06,9.5336077e-07,0.0015868797,0.99840975
512,293,walking,2021-05-07 16:20:07.680,2021-05-07 16:20:09.659,0.021,3,3,0.9904321,4.6752557e-06,6.5614277e-06,0.009556715,0.9904321
512,293,walking,2021-05-07 16:20:08.680,2021-05-07 16:20:10.659,0.021,3,3,0.99914026,1.1243441e-06,4.0525038e-06,0.0008545439,0.99914026
512,293,walking,2021-05-07 16:20:09.680,2021-05-07 16:20:11.659,0.021,3,3,0.9990281,1.3343009e-06,4.797884e-07,0.0009700644,0.9990281
512,293,walking,2021-05-07 16:20:10.680,2021-05-07 16:20:12.659,0.021,3,3,0.99619144,2.383466e-06,8.87119e-07,0.0038051698,0.99619144
512,293,walking,2021-05-07 16:20:11.680,2021-05-07 16:20:13.659,0.021,3,3,0.99986434,2.9030878e-07,3.177551e-07,0.00013500168,0.99986434
512,293,walking,2021-05-07 16:20:12.680,2021-05-07 16:20:14.659,0.021,3,3,0.99640167,1.6648611e-06,1.0508383e-06,0.003595615,0.99640167
512,293,walking,2021-05-07 16:20:13.680,2021-05-07 16:20:15.659,0.021,3,3,0.9760465,4.7910457e-06,5.0732106e-06,0.023943674,0.9760465
512,293,walking,2021-05-07 16:20:14.680,2021-05-07 16:20:16.659,0.021,3,3,0.9956356,2.2898928e-06,4.88715e-06,0.0043572467,0.9956356
512,293,walking,2021-05-07 16:20:15.680,2021-05-07 16:20:17.659,0.021,3,3,0.99915123,4.929482e-07,1.1912668e-07,0.0008481765,0.99915123
512,293,walking,2021-05-07 16:20:16.680,2021-05-07 16:20:18.659,0.021,3,3,0.99841726,7.1999204e-07,1.1437245e-07,0.0015818911,0.99841726
512,293,walking,2021-05-07 16:20:17.680,2021-05-07 16:20:19.659,0.021,3,3,0.99773455,1.655393e-06,7.3274936e-07,0.0022629995,0.99773455
512,293,walking,2021-05-07 16:20:18.680,2021-05-07 16:20:20.659,0.021,3,3,0.99925005,3.4366911e-07,7.0666886e-08,0.0007494418,0.99925005
512,293,walking,2021-05-07 16:20:19.680,2021-05-07 16:20:21.659,0.021,3,3,0.99997634,5.0872163e-08,3.6904217e-09,2.355264e-05,0.99997634
512,293,walking,2021-05-07 16:20:20.680,2021-05-07 16:20:22.659,0.021,3,3,0.99982214,4.3665284e-07,9.9965646e-08,0.000177333,0.99982214
512,293,walking,2021-05-07 16:20:21.680,2021-05-07 16:20:23.659,0.021,3,3,0.9991708,3.4867014e-07,6.3609136e-08,0.00082882796,0.9991708
512,293,walking,2021-05-07 16:20:22.680,2021-05-07 16:20:24.659,0.021,3,3,0.9993762,5.0879885e-07,8.0015795e-08,0.00062316336,0.9993762
512,293,walking,2021-05-07 16:20:23.680,2021-05-07 16:20:25.659,0.021,3,3,0.98628765,6.211827e-06,5.1320276e-06,0.013701046,0.98628765
512,293,walking,2021-05-07 16:20:24.680,2021-05-07 16:20:26.659,0.021,3,3,0.97072405,3.6035444e-06,2.5526897e-06,0.029269818,0.97072405
512,293,walking,2021-05-07 16:20:25.680,2021-05-07 16:20:27.659,0.021,3,3,0.9993757,2.1689245e-07,4.8467435e-08,0.0006240126,0.9993757
512,296,standing,2021-05-07 16:20:32.400,2021-05-07 16:20:34.380,0.021,2,2,0.99972653,3.9138496e-07,8.3331715e-06,0.99972653,0.0002647053
512,296,standing,2021-05-07 16:20:33.400,2021-05-07 16:20:35.380,0.021,2,2,0.99955094,4.6163274e-07,6.5554614e-06,0.99955094,0.00044204382
512,296,standing,2021-05-07 16:20:34.400,2021-05-07 16:20:36.380,0.021,2,2,0.9981191,9.0329434e-07,9.734808e-06,0.9981191,0.0018703046
512,298,standing,2021-05-07 16:20:39.400,2021-05-07 16:20:41.380,0.021,2,2,0.9854302,1.3285055e-06,1.1124442e-06,0.9854302,0.014567409
512,301,walking,2021-05-07 16:20:49.000,2021-05-07 16:20:50.979,0.021,3,3,0.9379442,5.0383264e-06,1.7517068e-06,0.062048994,0.9379442
512,301,walking,2021-05-07 16:20:50.000,2021-05-07 16:20:51.979,0.021,3,3,0.9999148,2.78168e-07,2.9610223e-06,8.184636e-05,0.9999148
512,301,walking,2021-05-07 16:20:51.000,2021-05-07 16:20:52.979,0.021,3,3,0.9997337,2.2815202e-06,5.4664815e-05,0.0002093551,0.9997337
512,301,walking,2021-05-07 16:20:52.000,2021-05-07 16:20:53.979,0.021,3,3,0.9997153,3.7560784e-07,1.4350697e-07,0.0002840868,0.9997153
512,301,walking,2021-05-07 16:20:53.000,2021-05-07 16:20:54.979,0.021,3,3,0.9972519,1.0279595e-06,1.5132949e-07,0.0027468598,0.9972519
512,302,walking,2021-05-07 16:21:35.360,2021-05-07 16:21:37.340,0.021,3,3,0.99900115,1.1611259e-06,2.0035448e-07,0.000997455,0.99900115
512,304,walking,2021-05-07 16:21:38.319,2021-05-07 16:21:40.299,0.021,3,3,0.99989617,5.3520216e-07,3.390454e-07,0.00010291736,0.99989617
512,304,walking,2021-05-07 16:21:39.319,2021-05-07 16:21:41.299,0.021,3,3,0.9994493,2.0079076e-06,2.4226504e-06,0.00054620765,0.9994493
512,304,walking,2021-05-07 16:21:40.319,2021-05-07 16:21:42.299,0.021,3,3,0.9922766,1.7144247e-06,1.0589001e-06,0.0077205943,0.9922766
512,304,walking,2021-05-07 16:21:41.319,2021-05-07 16:21:43.299,0.021,3,3,0.9795064,3.2733014e-06,2.3103587e-06,0.020488068,0.9795064
