subject,segment,activity,start_time,end_time,max_interval_seconds,true,predicted,confidence,prob_lying,prob_sitting,prob_standing,prob_walking
511,0,standing,2021-05-07 10:10:25.903,2021-05-07 10:10:27.884,0.021,2,2,0.99792075,1.841337e-06,1.02811875e-07,0.99792075,0.002077313
511,0,standing,2021-05-07 10:10:26.903,2021-05-07 10:10:28.884,0.021,2,2,0.9969782,1.4249721e-06,5.736282e-08,0.9969782,0.0030203436
511,0,standing,2021-05-07 10:10:27.903,2021-05-07 10:10:29.884,0.021,2,2,0.99800545,1.2578079e-06,5.23055e-08,0.99800545,0.0019932622
511,0,standing,2021-05-07 10:10:28.903,2021-05-07 10:10:30.884,0.021,2,2,0.99893135,1.0529827e-06,4.965343e-08,0.99893135,0.0010675284
511,0,standing,2021-05-07 10:10:29.903,2021-05-07 10:10:31.884,0.021,2,2,0.9991623,8.8476213e-07,4.2829104e-08,0.9991623,0.000836704
511,0,standing,2021-05-07 10:10:30.903,2021-05-07 10:10:32.883,0.021,2,2,0.9992687,7.150726e-07,3.185958e-08,0.9992687,0.00073062856
511,0,standing,2021-05-07 10:10:31.903,2021-05-07 10:10:33.883,0.021,2,2,0.9993132,6.3511357e-07,2.621654e-08,0.9993132,0.0006861618
511,0,standing,2021-05-07 10:10:32.903,2021-05-07 10:10:34.883,0.021,2,2,0.99930376,6.4046003e-07,2.6240157e-08,0.99930376,0.00069556065
511,0,standing,2021-05-07 10:10:33.903,2021-05-07 10:10:35.883,0.021,2,2,0.99924916,7.4349003e-07,3.2495624e-08,0.99924916,0.0007501025
511,0,standing,2021-05-07 10:10:34.903,2021-05-07 10:10:36.883,0.021,2,2,0.999216,8.5663055e-07,3.9756316e-08,0.999216,0.0007829017
511,0,standing,2021-05-07 10:10:35.903,2021-05-07 10:10:37.883,0.021,2,2,0.99921364,8.164159e-07,3.687215e-08,0.99921364,0.00078559015
511,0,standing,2021-05-07 10:10:36.903,2021-05-07 10:10:38.883,0.021,2,2,0.9991456,6.9542835e-07,2.8505923e-08,0.9991456,0.00085368386
511,0,standing,2021-05-07 10:10:37.903,2021-05-07 10:10:39.883,0.021,2,2,0.9991425,5.9843865e-07,2.2457344e-08,0.9991425,0.0008568352
511,0,standing,2021-05-07 10:10:38.903,2021-05-07 10:10:40.883,0.021,2,2,0.9987722,7.1768295e-07,2.6903601e-08,0.9987722,0.0012270312
511,0,standing,2021-05-07 10:10:39.903,2021-05-07 10:10:41.883,0.021,2,2,0.9988391,7.469131e-07,2.9123932e-08,0.9988391,0.0011600633
511,0,standing,2021-05-07 10:10:40.903,2021-05-07 10:10:42.883,0.021,2,2,0.99908525,6.9655846e-07,2.7660436e-08,0.99908525,0.00091405463
511,0,standing,2021-05-07 10:10:41.903,2021-05-07 10:10:43.883,0.021,2,2,0.9992935,6.2576595e-07,2.5374574e-08,0.9992935,0.00070591696
511,0,standing,2021-05-07 10:10:42.903,2021-05-07 10:10:44.883,0.021,2,2,0.9992615,5.611408e-07,2.1000389e-08,0.9992615,0.00073800015
511,0,standing,2021-05-07 10:10:43.903,2021-05-07 10:10:45.883,0.021,2,2,0.99933285,4.7933554e-07,1.7090054e-08,0.99933285,0.0006666607
511,0,standing,2021-05-07 10:10:44.903,2021-05-07 10:10:46.883,0.021,2,2,0.9993961,4.54019e-07,1.6452852e-08,0.9993961,0.0006034531
511,2,standing,2021-05-07 10:10:51.243,2021-05-07 10:10:53.223,0.021,2,2,0.9987812,1.7075765e-06,1.2319363e-07,0.9987812,0.0012169768
511,3,walking,2021-05-07 10:10:54.043,2021-05-07 10:10:56.023,0.021,3,3,0.9987967,1.336426e-05,8.8361713e-07,0.001189033,0.9987967
511,3,walking,2021-05-07 10:10:55.043,2021-05-07 10:10:57.023,0.021,3,3,0.999851,1.7008611e-05,7.135186e-07,0.0001314066,0.999851
511,3,walking,2021-05-07 10:10:56.043,2021-05-07 10:10:58.023,0.021,3,3,0.9953223,2.7916243e-05,7.770961e-07,0.0046488596,0.9953223
511,4,sitting,2021-05-07 10:11:00.444,2021-05-07 10:11:02.424,0.021,1,1,0.66291845,0.33683094,0.66291845,0.00014557643,0.00010511989
511,4,sitting,2021-05-07 10:11:01.444,2021-05-07 10:11:03.424,0.021,1,1,0.5241484,0.47521585,0.5241484,0.00047673623,0.00015902394
511,4,sitting,2021-05-07 10:11:02.444,2021-05-07 10:11:04.423,0.021,1,1,0.51049095,0.48895684,0.51049095,0.0004214021,0.00013084292
511,4,sitting,2021-05-07 10:11:03.444,2021-05-07 10:11:05.423,0.021,1,0,0.54064983,0.54064983,0.45869708,0.0005114173,0.00014166733
511,4,sitting,2021-05-07 10:11:04.444,2021-05-07 10:11:06.423,0.021,1,0,0.55066824,0.55066824,0.4487242,0.00047533965,0.00013220227
511,4,sitting,2021-05-07 10:11:05.444,2021-05-07 10:11:07.423,0.021,1,0,0.55060995,0.55060995,0.44877404,0.000482135,0.00013388073
511,4,sitting,2021-05-07 10:11:06.444,2021-05-07 10:11:08.423,0.021,1,0,0.5455698,0.5455698,0.45374236,0.00054093264,0.00014698053
511,4,sitting,2021-05-07 10:11:07.444,2021-05-07 10:11:09.423,0.021,1,0,0.54342914,0.54342914,0.45589632,0.00052983715,0.00014464324
511,4,sitting,2021-05-07 10:11:08.444,2021-05-07 10:11:10.423,0.021,1,0,0.5425167,0.5425167,0.4568071,0.0005307892,0.0001455017
511,4,sitting,2021-05-07 10:11:09.444,2021-05-07 10:11:11.423,0.021,1,0,0.5470406,0.5470406,0.45229757,0.00052028307,0.00014154552
511,4,sitting,2021-05-07 10:11:10.444,2021-05-07 10:11:12.423,0.021,1,0,0.5520653,0.5520653,0.44729948,0.0005002304,0.00013492432
511,4,sitting,2021-05-07 10:11:11.444,2021-05-07 10:11:13.423,0.021,1,0,0.55409044,0.55409044,0.44528192,0.00049458665,0.00013309404
511,4,sitting,2021-05-07 10:11:12.444,2021-05-07 10:11:14.423,0.021,1,0,0.5556156,0.5556156,0.4437757,0.0004785877,0.00013015771
511,4,sitting,2021-05-07 10:11:13.444,2021-05-07 10:11:15.423,0.021,1,0,0.55094653,0.55094653,0.4484205,0.00049715635,0.00013573984
511,4,sitting,2021-05-07 10:11:14.444,2021-05-07 10:11:16.423,0.021,1,0,0.5455211,0.5455211,0.4538292,0.00050969404,0.00013997458
511,4,sitting,2021-05-07 10:11:15.444,2021-05-07 10:11:17.423,0.021,1,0,0.5479616,0.5479616,0.4514007,0.0005001454,0.00013759326
511,4,sitting,2021-05-07 10:11:16.444,2021-05-07 10:11:18.423,0.021,1,0,0.55005956,0.55005956,0.44928634,0.0005138453,0.00014033073
511,4,sitting,2021-05-07 10:11:17.444,2021-05-07 10:11:19.423,0.021,1,0,0.5518384,0.5518384,0.44756123,0.0004706259,0.00012975458
511,4,sitting,2021-05-07 10:11:18.444,2021-05-07 10:11:20.423,0.021,1,0,0.55375034,0.55375034,0.44572556,0.00040858702,0.00011547081
511,4,sitting,2021-05-07 10:11:19.444,2021-05-07 10:11:21.423,0.021,1,0,0.5553881,0.5553881,0.44409028,0.00040859857,0.000113129536
511,4,sitting,2021-05-07 10:11:20.444,2021-05-07 10:11:22.423,0.021,1,0,0.5681294,0.5681294,0.4313695,0.00039628436,0.000104795174
511,4,sitting,2021-05-07 10:11:21.444,2021-05-07 10:11:23.423,0.021,1,0,0.57168823,0.57168823,0.42783275,0.00037808614,0.0001007786
511,4,sitting,2021-05-07 10:11:22.444,2021-05-07 10:11:24.423,0.021,1,0,0.5607876,0.5607876,0.43878603,0.00033535835,9.0922345e-05
511,4,sitting,2021-05-07 10:11:23.444,2021-05-07 10:11:25.423,0.021,1,0,0.5437174,0.5437174,0.4558873,0.00031042512,8.4958425e-05
511,4,sitting,2021-05-07 10:11:24.444,2021-05-07 10:11:26.423,0.021,1,1,0.5597479,0.43999803,0.5597479,0.00017716558,7.6948665e-05
511,4,sitting,2021-05-07 10:11:25.444,2021-05-07 10:11:27.423,0.021,1,1,0.6078704,0.39187407,0.6078704,0.00017665076,7.873902e-05
511,4,sitting,2021-05-07 10:11:26.444,2021-05-07 10:11:28.423,0.021,1,1,0.8217521,0.1780615,0.8217521,0.00012215693,6.4219494e-05
511,4,sitting,2021-05-07 10:11:27.444,2021-05-07 10:11:29.423,0.021,1,1,0.9339958,0.06591019,0.9339958,5.317384e-05,4.086665e-05
511,4,sitting,2021-05-07 10:11:28.444,2021-05-07 10:11:30.423,0.021,1,1,0.9665696,0.033388514,0.9665696,1.9976462e-05,2.2021291e-05
511,4,sitting,2021-05-07 10:11:29.444,2021-05-07 10:11:31.423,0.021,1,1,0.9687254,0.03124596,0.9687254,1.3905115e-05,1.4781124e-05
511,4,sitting,2021-05-07 10:11:30.444,2021-05-07 10:11:32.423,0.021,1,1,0.9158407,0.08409818,0.9158407,3.7789847e-05,2.3358267e-05
511,4,sitting,2021-05-07 10:11:31.444,2021-05-07 10:11:33.423,0.021,1,1,0.8852688,0.114652164,0.8852688,5.1170966e-05,2.7891198e-05
511,4,sitting,2021-05-07 10:11:32.444,2021-05-07 10:11:34.423,0.021,1,1,0.9131055,0.08683333,0.9131055,3.805424e-05,2.3073295e-05
511,4,sitting,2021-05-07 10:11:33.444,2021-05-07 10:11:35.423,0.021,1,1,0.94684595,0.053116307,0.94684595,2.1749765e-05,1.6068181e-05
511,4,sitting,2021-05-07 10:11:34.444,2021-05-07 10:11:36.423,0.021,1,1,0.93067914,0.06927095,0.93067914,2.9169663e-05,2.078936e-05
511,4,sitting,2021-05-07 10:11:35.444,2021-05-07 10:11:37.423,0.021,1,1,0.88067174,0.119241275,0.88067174,5.4818425e-05,3.211239e-05
511,4,sitting,2021-05-07 10:11:36.444,2021-05-07 10:11:38.423,0.021,1,1,0.9175748,0.082355656,0.9175748,4.2678188e-05,2.6834598e-05
511,4,sitting,2021-05-07 10:11:37.444,2021-05-07 10:11:39.423,0.021,1,1,0.9407206,0.059221543,0.9407206,3.4815857e-05,2.2992375e-05
511,4,sitting,2021-05-07 10:11:38.444,2021-05-07 10:11:40.423,0.021,1,1,0.9483884,0.051562466,0.9483884,2.877388e-05,2.0316245e-05
511,4,sitting,2021-05-07 10:11:39.444,2021-05-07 10:11:41.423,0.021,1,1,0.9691053,0.030869985,0.9691053,1.2047116e-05,1.2555435e-05
511,4,sitting,2021-05-07 10:11:40.444,2021-05-07 10:11:42.423,0.021,1,1,0.96855414,0.03142158,0.96855414,1.276175e-05,1.1486632e-05
511,4,sitting,2021-05-07 10:11:41.444,2021-05-07 10:11:43.423,0.021,1,1,0.9457634,0.0541963,0.9457634,2.3770852e-05,1.6485306e-05
511,4,sitting,2021-05-07 10:11:42.444,2021-05-07 10:11:44.423,0.021,1,1,0.9194729,0.080468975,0.9194729,3.534847e-05,2.2750171e-05
511,4,sitting,2021-05-07 10:11:43.444,2021-05-07 10:11:45.423,0.021,1,1,0.93219143,0.06775909,0.93219143,2.9604744e-05,1.9913801e-05
511,4,sitting,2021-05-07 10:11:44.444,2021-05-07 10:11:46.423,0.021,1,1,0.96717507,0.032799933,0.96717507,1.3805691e-05,1.1122941e-05
511,4,sitting,2021-05-07 10:11:45.444,2021-05-07 10:11:47.423,0.021,1,1,0.9763516,0.023629084,0.9763516,1.0111051e-05,9.091042e-06
511,4,sitting,2021-05-07 10:11:46.444,2021-05-07 10:11:48.423,0.021,1,1,0.9751899,0.02478833,0.9751899,1.1546584e-05,1.0077931e-05
511,4,sitting,2021-05-07 10:11:47.444,2021-05-07 10:11:49.423,0.021,1,1,0.9730539,0.026920931,0.9730539,1.3575089e-05,1.1552274e-05
511,4,sitting,2021-05-07 10:11:48.444,2021-05-07 10:11:50.423,0.021,1,1,0.9718674,0.028105672,0.9718674,1.4519866e-05,1.2518734e-05
511,4,sitting,2021-05-07 10:11:49.444,2021-05-07 10:11:51.423,0.021,1,1,0.9781882,0.021791175,0.9781882,1.0402629e-05,1.0116795e-05
511,4,sitting,2021-05-07 10:11:50.444,2021-05-07 10:11:52.423,0.021,1,1,0.97905433,0.020925418,0.97905433,1.0498807e-05,9.850872e-06
511,4,sitting,2021-05-07 10:11:51.444,2021-05-07 10:11:53.423,0.021,1,1,0.9734331,0.026541464,0.9734331,1.3872391e-05,1.16273295e-05
511,4,sitting,2021-05-07 10:11:52.444,2021-05-07 10:11:54.423,0.021,1,1,0.9726153,0.027358603,0.9726153,1.4219372e-05,1.1838498e-05
511,4,sitting,2021-05-07 10:11:53.444,2021-05-07 10:11:55.423,0.021,1,1,0.97181606,0.02815832,0.97181606,1.4103926e-05,1.1506724e-05
511,4,sitting,2021-05-07 10:11:54.444,2021-05-07 10:11:56.423,0.021,1,1,0.96713793,0.032833867,0.96713793,1.5900936e-05,1.2357718e-05
511,4,sitting,2021-05-07 10:11:55.444,2021-05-07 10:11:57.423,0.021,1,1,0.961068,0.03889827,0.961068,1.935586e-05,1.4278216e-05
511,4,sitting,2021-05-07 10:11:56.444,2021-05-07 10:11:58.423,0.021,1,1,0.9622548,0.037711523,0.9622548,1.937409e-05,1.43730185e-05
511,4,sitting,2021-05-07 10:11:57.444,2021-05-07 10:11:59.423,0.021,1,1,0.97923326,0.020745894,0.97923326,1.0443201e-05,1.0447445e-05
511,4,sitting,2021-05-07 10:11:58.444,2021-05-07 10:12:00.424,0.021,1,1,0.9850748,0.014909477,0.9850748,7.2370544e-06,8.458014e-06
511,4,sitting,2021-05-07 10:11:59.444,2021-05-07 10:12:01.424,0.021,1,1,0.9825012,0.017481277,0.9825012,8.687638e-06,8.875391e-06
511,4,sitting,2021-05-07 10:12:00.444,2021-05-07 10:12:02.424,0.021,1,1,0.9772135,0.022763826,0.9772135,1.1936762e-05,1.0693465e-05
511,4,sitting,2021-05-07 10:12:01.444,2021-05-07 10:12:03.424,0.021,1,1,0.968845,0.031126102,0.968845,1.6095633e-05,1.2809375e-05
511,4,sitting,2021-05-07 10:12:02.444,2021-05-07 10:12:04.423,0.021,1,1,0.9668866,0.03308403,0.9668866,1.6537424e-05,1.292083e-05
511,4,sitting,2021-05-07 10:12:03.444,2021-05-07 10:12:05.423,0.021,1,1,0.97131765,0.028654363,0.97131765,1.5394467e-05,1.263617e-05
511,4,sitting,2021-05-07 10:12:04.444,2021-05-07 10:12:06.423,0.021,1,1,0.9787844,0.02119242,0.9787844,1.2084258e-05,1.1139114e-05
511,4,sitting,2021-05-07 10:12:05.444,2021-05-07 10:12:07.423,0.021,1,1,0.9816664,0.018315122,0.9816664,9.116823e-06,9.2373975e-06
511,4,sitting,2021-05-07 10:12:06.444,2021-05-07 10:12:08.423,0.021,1,1,0.9737876,0.026191747,0.9737876,1.0868851e-05,9.784582e-06
511,4,sitting,2021-05-07 10:12:07.444,2021-05-07 10:12:09.423,0.021,1,1,0.9707687,0.02920884,0.9707687,1.2103846e-05,1.0252875e-05
511,4,sitting,2021-05-07 10:12:08.444,2021-05-07 10:12:10.423,0.021,1,1,0.971408,0.02856806,0.971408,1.3089804e-05,1.0865612e-05
511,4,sitting,2021-05-07 10:12:09.444,2021-05-07 10:12:11.423,0.021,1,1,0.9735709,0.026405772,0.9735709,1.2699313e-05,1.0713277e-05
511,4,sitting,2021-05-07 10:12:10.444,2021-05-07 10:12:12.423,0.021,1,1,0.9821382,0.01784532,0.9821382,7.987252e-06,8.470359e-06
511,4,sitting,2021-05-07 10:12:11.444,2021-05-07 10:12:13.423,0.021,1,1,0.98232853,0.017657747,0.98232853,4.9806554e-06,8.627396e-06
511,4,sitting,2021-05-07 10:12:12.444,2021-05-07 10:12:14.423,0.021,1,1,0.9230235,0.076839864,0.9230235,6.575503e-05,7.074967e-05
511,4,sitting,2021-05-07 10:12:13.444,2021-05-07 10:12:15.423,0.021,1,1,0.7802567,0.2182622,0.7802567,0.0009310798,0.00055007334
511,4,sitting,2021-05-07 10:12:14.444,2021-05-07 10:12:16.423,0.021,1,1,0.7402924,0.25677177,0.7402924,0.0020015503,0.00093422236
511,4,sitting,2021-05-07 10:12:15.444,2021-05-07 10:12:17.423,0.021,1,1,0.717704,0.27817655,0.717704,0.0029368962,0.0011825757
511,4,sitting,2021-05-07 10:12:16.444,2021-05-07 10:12:18.423,0.021,1,1,0.73754764,0.25872123,0.73754764,0.0026227238,0.0011084118
511,4,sitting,2021-05-07 10:12:17.444,2021-05-07 10:12:19.423,0.021,1,1,0.76366067,0.23375891,0.76366067,0.0017189059,0.000861479
511,4,sitting,2021-05-07 10:12:18.444,2021-05-07 10:12:20.423,0.021,1,1,0.7572882,0.24020079,0.7572882,0.0016697927,0.00084119535
511,4,sitting,2021-05-07 10:12:19.444,2021-05-07 10:12:21.423,0.021,1,1,0.77229965,0.22583221,0.77229965,0.0011935749,0.0006746091
511,4,sitting,2021-05-07 10:12:20.444,2021-05-07 10:12:22.423,0.021,1,1,0.8653029,0.13430855,0.8653029,0.00021533186,0.00017314682
511,4,sitting,2021-05-07 10:12:21.444,2021-05-07 10:12:23.423,0.021,1,1,0.9456601,0.054294694,0.9456601,1.4759566e-05,3.0342046e-05
511,4,sitting,2021-05-07 10:12:22.444,2021-05-07 10:12:24.423,0.021,1,1,0.96850157,0.031479366,0.96850157,5.4886455e-06,1.3461201e-05
511,4,sitting,2021-05-07 10:12:23.444,2021-05-07 10:12:25.423,0.021,1,1,0.9830762,0.016913712,0.9830762,3.6073532e-06,6.4818023e-06
511,4,sitting,2021-05-07 10:12:24.444,2021-05-07 10:12:26.423,0.021,1,1,0.9846135,0.015376386,0.9846135,3.8878497e-06,6.262031e-06
511,4,sitting,2021-05-07 10:12:25.444,2021-05-07 10:12:27.423,0.021,1,1,0.98374736,0.016240185,0.98374736,5.679628e-06,6.8080503e-06
511,4,sitting,2021-05-07 10:12:26.444,2021-05-07 10:12:28.423,0.021,1,1,0.960714,0.039254792,0.960714,1.7314276e-05,1.39295125e-05
511,4,sitting,2021-05-07 10:12:27.444,2021-05-07 10:12:29.423,0.021,1,1,0.9038254,0.09610204,0.9038254,4.452152e-05,2.7996879e-05
511,4,sitting,2021-05-07 10:12:28.444,2021-05-07 10:12:30.423,0.021,1,1,0.9256404,0.07430179,0.9256404,3.459449e-05,2.3230938e-05
511,4,sitting,2021-05-07 10:12:29.444,2021-05-07 10:12:31.423,0.021,1,1,0.80268353,0.19716197,0.80268353,0.00010066831,5.378385e-05
511,4,sitting,2021-05-07 10:12:30.444,2021-05-07 10:12:32.423,0.021,1,1,0.5474342,0.45215815,0.5474342,0.00029938758,0.00010821484
511,4,sitting,2021-05-07 10:12:31.444,2021-05-07 10:12:33.423,0.021,1,1,0.5821022,0.41742137,0.5821022,0.00035069545,0.00012573405
511,4,sitting,2021-05-07 10:12:32.444,2021-05-07 10:12:34.423,0.021,1,1,0.61323935,0.38602388,0.61323935,0.0005280017,0.00020868744
511,4,sitting,2021-05-07 10:12:33.444,2021-05-07 10:12:35.423,0.021,1,1,0.5784656,0.42053056,0.5784656,0.0007440512,0.00025987122
511,4,sitting,2021-05-07 10:12:34.444,2021-05-07 10:12:36.423,0.021,1,1,0.63222766,0.3671908,0.63222766,0.00042031438,0.00016118206
511,4,sitting,2021-05-07 10:12:35.444,2021-05-07 10:12:37.423,0.021,1,1,0.6575755,0.3416712,0.6575755,0.00054266717,0.00021058353
511,4,sitting,2021-05-07 10:12:36.444,2021-05-07 10:12:38.423,0.021,1,1,0.66651124,0.33250102,0.66651124,0.00070535747,0.00028233542
511,4,sitting,2021-05-07 10:12:37.444,2021-05-07 10:12:39.423,0.021,1,1,0.69904524,0.3002851,0.69904524,0.00046488465,0.00020477342
511,4,sitting,2021-05-07 10:12:38.444,2021-05-07 10:12:40.423,0.021,1,1,0.69244015,0.3065874,0.69244015,0.0006886987,0.0002837487
511,4,sitting,2021-05-07 10:12:39.444,2021-05-07 10:12:41.423,0.021,1,1,0.69879115,0.2998874,0.69879115,0.0009248932,0.00039660026
511,4,sitting,2021-05-07 10:12:40.444,2021-05-07 10:12:42.423,0.021,1,1,0.64545494,0.3539217,0.64545494,0.00042441755,0.0001988359
511,4,sitting,2021-05-07 10:12:41.444,2021-05-07 10:12:43.423,0.021,1,1,0.5887214,0.41061825,0.5887214,0.00046784253,0.00019246445
511,4,sitting,2021-05-07 10:12:42.444,2021-05-07 10:12:44.423,0.021,1,1,0.604153,0.3947326,0.604153,0.0008162924,0.00029807776
511,4,sitting,2021-05-07 10:12:43.444,2021-05-07 10:12:45.423,0.021,1,1,0.5932434,0.40578058,0.5932434,0.00071141863,0.0002645088
511,4,sitting,2021-05-07 10:12:44.444,2021-05-07 10:12:46.423,0.021,1,1,0.5953146,0.4037489,0.5953146,0.0006746277,0.00026188095
511,4,sitting,2021-05-07 10:12:45.444,2021-05-07 10:12:47.423,0.021,1,1,0.58349013,0.4152628,0.58349013,0.0009282388,0.00031875636
511,4,sitting,2021-05-07 10:12:46.444,2021-05-07 10:12:48.423,0.021,1,1,0.5827081,0.41578087,0.5827081,0.0011426123,0.00036844003
511,4,sitting,2021-05-07 10:12:47.444,2021-05-07 10:12:49.423,0.021,1,1,0.5850407,0.4134497,0.5850407,0.0011441673,0.00036542886
511,4,sitting,2021-05-07 10:12:48.444,2021-05-07 10:12:50.423,0.021,1,1,0.5876178,0.41079453,0.5876178,0.0012081381,0.00037946075
511,4,sitting,2021-05-07 10:12:49.444,2021-05-07 10:12:51.423,0.021,1,1,0.59041995,0.4079489,0.59041995,0.0012451261,0.00038592334
511,4,sitting,2021-05-07 10:12:50.444,2021-05-07 10:12:52.423,0.021,1,1,0.5980228,0.40027997,0.5980228,0.00129665,0.00040054505
511,4,sitting,2021-05-07 10:12:51.444,2021-05-07 10:12:53.423,0.021,1,1,0.60458845,0.39364544,0.60458845,0.0013471697,0.00041878916
511,4,sitting,2021-05-07 10:12:52.444,2021-05-07 10:12:54.423,0.021,1,1,0.6065739,0.39164978,0.6065739,0.0013529471,0.0004232983
511,4,sitting,2021-05-07 10:12:53.444,2021-05-07 10:12:55.423,0.021,1,1,0.608843,0.38935965,0.608843,0.0013681479,0.00042906572
511,4,sitting,2021-05-07 10:12:54.444,2021-05-07 10:12:56.423,0.021,1,1,0.6045965,0.3936562,0.6045965,0.0013310817,0.00041621106
511,4,sitting,2021-05-07 10:12:55.444,2021-05-07 10:12:57.423,0.021,1,1,0.5873642,0.41106352,0.5873642,0.0012010182,0.00037132224
511,4,sitting,2021-05-07 10:12:56.444,2021-05-07 10:12:58.423,0.021,1,1,0.5874624,0.4109339,0.5874624,0.0012283761,0.00037524605
511,4,sitting,2021-05-07 10:12:57.444,2021-05-07 10:12:59.423,0.021,1,1,0.5899609,0.40840346,0.5899609,0.0012544089,0.0003813475
511,4,sitting,2021-05-07 10:12:58.444,2021-05-07 10:13:00.424,0.021,1,1,0.57416475,0.42437,0.57416475,0.0011260139,0.0003393232
511,4,sitting,2021-05-07 10:12:59.444,2021-05-07 10:13:01.424,0.021,1,1,0.5822107,0.4166196,0.5822107,0.0008784389,0.00029126363
511,4,sitting,2021-05-07 10:13:00.444,2021-05-07 10:13:02.424,0.021,1,1,0.6103317,0.38876313,0.6103317,0.00065501546,0.0002500375
511,4,sitting,2021-05-07 10:13:01.444,2021-05-07 10:13:03.424,0.021,1,1,0.58232874,0.41646868,0.58232874,0.0009239397,0.00027863387
511,4,sitting,2021-05-07 10:13:02.444,2021-05-07 10:13:04.423,0.021,1,1,0.57946414,0.41934362,0.57946414,0.0009176314,0.00027465806
511,4,sitting,2021-05-07 10:13:03.444,2021-05-07 10:13:05.423,0.021,1,1,0.58269536,0.41629797,0.58269536,0.00075952697,0.00024709664
511,4,sitting,2021-05-07 10:13:04.444,2021-05-07 10:13:06.423,0.021,1,1,0.79704493,0.20275128,0.79704493,0.0001266239,7.7049976e-05
511,4,sitting,2021-05-07 10:13:05.444,2021-05-07 10:13:07.423,0.021,1,1,0.9333097,0.066639975,0.9333097,2.7506454e-05,2.2780372e-05
511,4,sitting,2021-05-07 10:13:06.444,2021-05-07 10:13:08.423,0.021,1,1,0.9353645,0.064573735,0.9353645,3.7832884e-05,2.4006526e-05
511,4,sitting,2021-05-07 10:13:07.444,2021-05-07 10:13:09.423,0.021,1,1,0.9422565,0.05768841,0.9422565,3.3319775e-05,2.184006e-05
511,4,sitting,2021-05-07 10:13:08.444,2021-05-07 10:13:10.423,0.021,1,1,0.94089323,0.059051245,0.94089323,3.36928e-05,2.1884714e-05
511,4,sitting,2021-05-07 10:13:09.444,2021-05-07 10:13:11.423,0.021,1,1,0.92855346,0.07137983,0.92855346,4.162815e-05,2.5069063e-05
511,4,sitting,2021-05-07 10:13:10.444,2021-05-07 10:13:12.423,0.021,1,1,0.9254104,0.07452121,0.9254104,4.2666637e-05,2.5695119e-05
511,4,sitting,2021-05-07 10:13:11.444,2021-05-07 10:13:13.423,0.021,1,1,0.796434,0.20332572,0.796434,0.00016035546,7.99532e-05
511,4,sitting,2021-05-07 10:13:12.444,2021-05-07 10:13:14.423,0.021,1,1,0.5922738,0.40672988,0.5922738,0.00075150724,0.00024488242
511,4,sitting,2021-05-07 10:13:13.444,2021-05-07 10:13:15.423,0.021,1,1,0.5833936,0.41550392,0.5833936,0.00084299635,0.00025946597
511,4,sitting,2021-05-07 10:13:14.444,2021-05-07 10:13:16.423,0.021,1,1,0.58661413,0.41234952,0.58661413,0.000785483,0.00025098398
511,4,sitting,2021-05-07 10:13:15.444,2021-05-07 10:13:17.423,0.021,1,1,0.7493711,0.2503702,0.7493711,0.00016935867,8.923953e-05
511,4,sitting,2021-05-07 10:13:16.444,2021-05-07 10:13:18.423,0.021,1,1,0.94494855,0.055013776,0.94494855,2.1692751e-05,1.6032403e-05
511,4,sitting,2021-05-07 10:13:17.444,2021-05-07 10:13:19.423,0.021,1,1,0.9651388,0.03483604,0.9651388,1.4052431e-05,1.0992359e-05
511,4,sitting,2021-05-07 10:13:18.444,2021-05-07 10:13:20.423,0.021,1,1,0.95772475,0.042244617,0.95772475,1.7661636e-05,1.2902234e-05
511,4,sitting,2021-05-07 10:13:19.444,2021-05-07 10:13:21.423,0.021,1,1,0.9587284,0.041240625,0.9587284,1.8111348e-05,1.3055034e-05
511,4,sitting,2021-05-07 10:13:20.444,2021-05-07 10:13:22.423,0.021,1,1,0.9544055,0.04556019,0.9544055,1.999791e-05,1.4201551e-05
511,4,sitting,2021-05-07 10:13:21.444,2021-05-07 10:13:23.423,0.021,1,1,0.9386002,0.061355162,0.9386002,2.6779044e-05,1.786259e-05
511,4,sitting,2021-05-07 10:13:22.444,2021-05-07 10:13:24.423,0.021,1,1,0.92088324,0.07905894,0.92088324,3.5829093e-05,2.1950293e-05
511,4,sitting,2021-05-07 10:13:23.444,2021-05-07 10:13:25.423,0.021,1,1,0.9321252,0.06782092,0.9321252,3.3028602e-05,2.079305e-05
511,4,sitting,2021-05-07 10:13:24.444,2021-05-07 10:13:26.423,0.021,1,1,0.94151366,0.05844047,0.94151366,2.7554053e-05,1.8364673e-05
511,4,sitting,2021-05-07 10:13:25.444,2021-05-07 10:13:27.423,0.021,1,1,0.8642206,0.13568753,0.8642206,6.1054496e-05,3.074141e-05
511,4,sitting,2021-05-07 10:13:26.444,2021-05-07 10:13:28.423,0.021,1,1,0.78250414,0.21735843,0.78250414,9.704914e-05,4.0355757e-05
511,4,sitting,2021-05-07 10:13:27.444,2021-05-07 10:13:29.423,0.021,1,1,0.8183732,0.18150854,0.8183732,8.225915e-05,3.6040627e-05
511,4,sitting,2021-05-07 10:13:28.444,2021-05-07 10:13:30.423,0.021,1,1,0.8310103,0.16888086,0.8310103,7.520637e-05,3.3599168e-05
511,4,sitting,2021-05-07 10:13:29.444,2021-05-07 10:13:31.423,0.021,1,1,0.8391769,0.16072103,0.8391769,6.9845555e-05,3.2204804e-05
511,4,sitting,2021-05-07 10:13:30.444,2021-05-07 10:13:32.423,0.021,1,1,0.855554,0.1443492,0.855554,6.5472595e-05,3.1360934e-05
511,4,sitting,2021-05-07 10:13:31.444,2021-05-07 10:13:33.423,0.021,1,1,0.87625265,0.12366081,0.87625265,5.738778e-05,2.909606e-05
511,4,sitting,2021-05-07 10:13:32.444,2021-05-07 10:13:34.423,0.021,1,1,0.9104103,0.089529864,0.9104103,3.7987753e-05,2.1787233e-05
511,4,sitting,2021-05-07 10:13:33.444,2021-05-07 10:13:35.423,0.021,1,1,0.91979027,0.08016025,0.91979027,3.0775456e-05,1.867917e-05
511,4,sitting,2021-05-07 10:13:34.444,2021-05-07 10:13:36.423,0.021,1,1,0.8959818,0.10395563,0.8959818,4.0190876e-05,2.2419375e-05
511,4,sitting,2021-05-07 10:13:35.444,2021-05-07 10:13:37.423,0.021,1,1,0.8982709,0.10166022,0.8982709,4.452517e-05,2.4267923e-05
511,4,sitting,2021-05-07 10:13:36.444,2021-05-07 10:13:38.423,0.021,1,1,0.90909535,0.0908402,0.90909535,3.7520287e-05,2.6936848e-05
511,4,sitting,2021-05-07 10:13:37.444,2021-05-07 10:13:39.423,0.021,1,1,0.9131908,0.08673178,0.9131908,3.658416e-05,4.0865507e-05
511,4,sitting,2021-05-07 10:13:38.444,2021-05-07 10:13:40.423,0.021,1,1,0.9549334,0.04499525,0.9549334,3.5578556e-05,3.560534e-05
511,4,sitting,2021-05-07 10:13:39.444,2021-05-07 10:13:41.423,0.021,1,1,0.9471117,0.052776802,0.9471117,6.583778e-05,4.5740664e-05
511,4,sitting,2021-05-07 10:13:40.444,2021-05-07 10:13:42.423,0.021,1,1,0.9194816,0.08034946,0.9194816,0.00010725149,6.1753795e-05
511,4,sitting,2021-05-07 10:13:41.444,2021-05-07 10:13:43.423,0.021,1,1,0.91155165,0.088269636,0.91155165,0.00011463181,6.396256e-05
511,4,sitting,2021-05-07 10:13:42.444,2021-05-07 10:13:44.423,0.021,1,1,0.89225066,0.10754181,0.89225066,0.00013603653,7.146525e-05
511,4,sitting,2021-05-07 10:13:43.444,2021-05-07 10:13:45.423,0.021,1,1,0.8620563,0.1376911,0.8620563,0.00017032599,8.227132e-05
511,4,sitting,2021-05-07 10:13:44.444,2021-05-07 10:13:46.423,0.021,1,1,0.85491264,0.14483567,0.85491264,0.00016894321,8.282462e-05
511,4,sitting,2021-05-07 10:13:45.444,2021-05-07 10:13:47.423,0.021,1,1,0.84634495,0.15341547,0.84634495,0.0001567519,8.281613e-05
511,4,sitting,2021-05-07 10:13:46.444,2021-05-07 10:13:48.423,0.021,1,1,0.82052326,0.17918779,0.82052326,0.00019466852,9.416536e-05
511,4,sitting,2021-05-07 10:13:47.444,2021-05-07 10:13:49.423,0.021,1,1,0.7841453,0.2154569,0.7841453,0.00028245614,0.00011521934
511,4,sitting,2021-05-07 10:13:48.444,2021-05-07 10:13:50.423,0.021,1,1,0.7652791,0.23428112,0.7652791,0.00031598937,0.00012367331
511,4,sitting,2021-05-07 10:13:49.444,2021-05-07 10:13:51.423,0.021,1,1,0.7627,0.23688048,0.7627,0.0002984881,0.00012093952
511,4,sitting,2021-05-07 10:13:50.444,2021-05-07 10:13:52.423,0.021,1,1,0.7688148,0.23079109,0.7688148,0.00027778145,0.000116453586
511,4,sitting,2021-05-07 10:13:51.444,2021-05-07 10:13:53.423,0.021,1,1,0.74784446,0.25170273,0.74784446,0.00032620016,0.0001266658
511,4,sitting,2021-05-07 10:13:52.444,2021-05-07 10:13:54.423,0.021,1,1,0.70693946,0.29253387,0.70693946,0.00038689288,0.00013974965
511,4,sitting,2021-05-07 10:13:53.444,2021-05-07 10:13:55.423,0.021,1,1,0.67090774,0.3285237,0.67090774,0.00042504616,0.00014352184
511,4,sitting,2021-05-07 10:13:54.444,2021-05-07 10:13:56.423,0.021,1,1,0.6937579,0.30570358,0.6937579,0.0003980709,0.0001404287
511,4,sitting,2021-05-07 10:13:55.444,2021-05-07 10:13:57.423,0.021,1,1,0.79585344,0.203766,0.79585344,0.00026806607,0.00011239988
511,4,sitting,2021-05-07 10:13:56.444,2021-05-07 10:13:58.423,0.021,1,1,0.81638867,0.18325761,0.81638867,0.00024658773,0.00010710041
511,4,sitting,2021-05-07 10:13:57.444,2021-05-07 10:13:59.423,0.021,1,1,0.7232742,0.27622408,0.7232742,0.00036449876,0.00013729089
511,4,sitting,2021-05-07 10:13:58.444,2021-05-07 10:14:00.424,0.021,1,1,0.67509484,0.32432586,0.67509484,0.00042905784,0.00015032769
511,4,sitting,2021-05-07 10:13:59.444,2021-05-07 10:14:01.424,0.021,1,1,0.71435463,0.28512433,0.71435463,0.0003817086,0.00013929544
511,4,sitting,2021-05-07 10:14:00.444,2021-05-07 10:14:02.424,0.021,1,1,0.73671454,0.26279047,0.73671454,0.0003594237,0.00013556419
511,4,sitting,2021-05-07 10:14:01.444,2021-05-07 10:14:03.424,0.021,1,1,0.74854773,0.2509645,0.74854773,0.00035189997,0.00013578564
511,4,sitting,2021-05-07 10:14:02.444,2021-05-07 10:14:04.423,0.021,1,1,0.749595,0.24995568,0.749595,0.0003213272,0.0001278806
511,4,sitting,2021-05-07 10:14:03.444,2021-05-07 10:14:05.423,0.021,1,1,0.8067597,0.19288437,0.8067597,0.00024853525,0.00010734367
511,4,sitting,2021-05-07 10:14:04.444,2021-05-07 10:14:06.423,0.021,1,1,0.87381893,0.12594292,0.87381893,0.00015827554,7.986955e-05
511,4,sitting,2021-05-07 10:14:05.444,2021-05-07 10:14:07.423,0.021,1,1,0.84463656,0.155084,0.84463656,0.00019028586,8.915322e-05
511,4,sitting,2021-05-07 10:14:06.444,2021-05-07 10:14:08.423,0.021,1,1,0.80006325,0.1997666,0.80006325,6.558103e-05,0.00010453826
511,4,sitting,2021-05-07 10:14:07.444,2021-05-07 10:14:09.423,0.021,1,1,0.6876821,0.312036,0.6876821,0.00012177017,0.0001602496
511,4,sitting,2021-05-07 10:14:08.444,2021-05-07 10:14:10.423,0.021,1,1,0.59373754,0.4053212,0.59373754,0.0007089388,0.00023230504
511,4,sitting,2021-05-07 10:14:09.444,2021-05-07 10:14:11.423,0.021,1,1,0.57458925,0.42442015,0.57458925,0.00075854926,0.00023204337
511,4,sitting,2021-05-07 10:14:10.444,2021-05-07 10:14:12.423,0.021,1,1,0.56827813,0.430739,0.56827813,0.00075374596,0.00022908837
511,4,sitting,2021-05-07 10:14:11.444,2021-05-07 10:14:13.423,0.021,1,1,0.6460559,0.35227734,0.6460559,0.0012405383,0.00042618727
511,4,sitting,2021-05-07 10:14:12.444,2021-05-07 10:14:14.423,0.021,1,1,0.684207,0.31238335,0.684207,0.0025334232,0.0008760956
511,4,sitting,2021-05-07 10:14:13.444,2021-05-07 10:14:15.423,0.021,1,1,0.6679055,0.3282039,0.6679055,0.0029266109,0.00096396473
511,4,sitting,2021-05-07 10:14:14.444,2021-05-07 10:14:16.423,0.021,1,1,0.69562644,0.3021318,0.69562644,0.0014370101,0.0008047785
511,4,sitting,2021-05-07 10:14:15.444,2021-05-07 10:14:17.423,0.021,1,1,0.6347311,0.36139357,0.6347311,0.002616505,0.001258841
511,4,sitting,2021-05-07 10:14:16.444,2021-05-07 10:14:18.423,0.021,1,1,0.59846234,0.3935379,0.59846234,0.0062061176,0.0017935763
511,4,sitting,2021-05-07 10:14:17.444,2021-05-07 10:14:19.423,0.021,1,1,0.7033589,0.29439625,0.7033589,0.0015224727,0.00072234846
511,4,sitting,2021-05-07 10:14:18.444,2021-05-07 10:14:20.423,0.021,1,1,0.74452573,0.25427625,0.74452573,0.0007726205,0.0004253999
511,4,sitting,2021-05-07 10:14:19.444,2021-05-07 10:14:21.423,0.021,1,1,0.70416176,0.29412115,0.70416176,0.0011876317,0.00052945514
511,4,sitting,2021-05-07 10:14:20.444,2021-05-07 10:14:22.423,0.021,1,1,0.6809392,0.31730902,0.6809392,0.001247691,0.0005040019
511,4,sitting,2021-05-07 10:14:21.444,2021-05-07 10:14:23.423,0.021,1,1,0.6875862,0.3107068,0.6875862,0.0012215141,0.00048546537
511,4,sitting,2021-05-07 10:14:22.444,2021-05-07 10:14:24.423,0.021,1,1,0.8164825,0.18326291,0.8164825,9.2906135e-05,0.00016169652
511,4,sitting,2021-05-07 10:14:23.444,2021-05-07 10:14:25.423,0.021,1,1,0.7777155,0.22194253,0.7777155,0.00013273883,0.00020928124
511,4,sitting,2021-05-07 10:14:24.444,2021-05-07 10:14:26.423,0.021,1,1,0.78411007,0.21529585,0.78411007,0.0003792793,0.00021477044
511,4,sitting,2021-05-07 10:14:25.444,2021-05-07 10:14:27.423,0.021,1,1,0.8768363,0.122947924,0.8768363,0.00010834164,0.00010745414
511,4,sitting,2021-05-07 10:14:26.444,2021-05-07 10:14:28.423,0.021,1,1,0.76833975,0.230547,0.76833975,0.0007452115,0.00036809818
511,4,sitting,2021-05-07 10:14:27.444,2021-05-07 10:14:29.423,0.021,1,1,0.861292,0.13818625,0.861292,0.00032651745,0.00019532141
511,4,sitting,2021-05-07 10:14:28.444,2021-05-07 10:14:30.423,0.021,1,1,0.9324675,0.067340836,0.9324675,0.00010052911,9.106827e-05
511,4,sitting,2021-05-07 10:14:29.444,2021-05-07 10:14:31.423,0.021,1,1,0.75152653,0.24726224,0.75152653,0.0008205663,0.00039064905
511,4,sitting,2021-05-07 10:14:30.444,2021-05-07 10:14:32.423,0.021,1,1,0.66493624,0.3328885,0.66493624,0.0016033385,0.000571797
511,4,sitting,2021-05-07 10:14:31.444,2021-05-07 10:14:33.423,0.021,1,1,0.7093585,0.28923059,0.7093585,0.0009451418,0.00046577462
511,4,sitting,2021-05-07 10:14:32.444,2021-05-07 10:14:34.423,0.021,1,1,0.7759946,0.22342543,0.7759946,0.00032065675,0.0002593384
511,4,sitting,2021-05-07 10:14:33.444,2021-05-07 10:14:35.423,0.021,1,1,0.8333517,0.16648754,0.8333517,4.0382813e-05,0.000120423145
511,4,sitting,2021-05-07 10:14:34.444,2021-05-07 10:14:36.423,0.021,1,1,0.6744325,0.3253715,0.6744325,2.4490353e-05,0.00017142974
511,4,sitting,2021-05-07 10:14:35.444,2021-05-07 10:14:37.423,0.021,1,1,0.57340986,0.4263999,0.57340986,2.4225437e-05,0.00016609767
511,4,sitting,2021-05-07 10:14:36.444,2021-05-07 10:14:38.423,0.021,1,0,0.5019902,0.5019902,0.4978148,2.432701e-05,0.00017060837
511,4,sitting,2021-05-07 10:14:37.444,2021-05-07 10:14:39.423,0.021,1,0,0.5325017,0.5325017,0.46729192,2.6111538e-05,0.00018028074
511,4,sitting,2021-05-07 10:14:38.444,2021-05-07 10:14:40.423,0.021,1,1,0.57582337,0.42395896,0.57582337,3.2353262e-05,0.00018526783
511,4,sitting,2021-05-07 10:14:39.444,2021-05-07 10:14:41.423,0.021,1,1,0.72012633,0.27966967,0.72012633,3.3775854e-05,0.00017033175
511,4,sitting,2021-05-07 10:14:40.444,2021-05-07 10:14:42.423,0.021,1,1,0.709813,0.28998327,0.709813,3.5060562e-05,0.0001687587
511,4,sitting,2021-05-07 10:14:41.444,2021-05-07 10:14:43.423,0.021,1,1,0.6615118,0.33827043,0.6615118,3.8420694e-05,0.0001793103
511,4,sitting,2021-05-07 10:14:42.444,2021-05-07 10:14:44.423,0.021,1,1,0.6545904,0.34518704,0.6545904,3.9844625e-05,0.00018273096
511,4,sitting,2021-05-07 10:14:43.444,2021-05-07 10:14:45.423,0.021,1,1,0.64448637,0.35528985,0.64448637,3.840455e-05,0.00018528989
511,4,sitting,2021-05-07 10:14:44.444,2021-05-07 10:14:46.423,0.021,1,1,0.71675867,0.28299734,0.71675867,5.3689753e-05,0.00019033652
511,4,sitting,2021-05-07 10:14:45.444,2021-05-07 10:14:47.423,0.021,1,1,0.7769095,0.22252773,0.7769095,0.00030551778,0.00025741337
511,4,sitting,2021-05-07 10:14:46.444,2021-05-07 10:14:48.423,0.021,1,1,0.8648042,0.13484915,0.8648042,0.00019973972,0.00014687992
511,4,sitting,2021-05-07 10:14:47.444,2021-05-07 10:14:49.423,0.021,1,1,0.9783752,0.021572325,0.9783752,2.2317014e-05,3.0050534e-05
511,4,sitting,2021-05-07 10:14:48.444,2021-05-07 10:14:50.423,0.021,1,1,0.9881336,0.011827358,0.9881336,1.5672491e-05,2.3162109e-05
511,4,sitting,2021-05-07 10:14:49.444,2021-05-07 10:14:51.423,0.021,1,1,0.98854554,0.011419228,0.98854554,1.3373201e-05,2.1969068e-05
511,4,sitting,2021-05-07 10:14:50.444,2021-05-07 10:14:52.423,0.021,1,1,0.985361,0.014598733,0.985361,1.4920186e-05,2.5361729e-05
511,4,sitting,2021-05-07 10:14:51.444,2021-05-07 10:14:53.423,0.021,1,1,0.9842318,0.015727475,0.9842318,1.4517086e-05,2.611618e-05
511,4,sitting,2021-05-07 10:14:52.444,2021-05-07 10:14:54.423,0.021,1,1,0.98752224,0.012443697,0.98752224,1.2581952e-05,2.1496802e-05
511,4,sitting,2021-05-07 10:14:53.444,2021-05-07 10:14:55.423,0.021,1,1,0.98413086,0.015834011,0.98413086,1.2133881e-05,2.3144616e-05
511,4,sitting,2021-05-07 10:14:54.444,2021-05-07 10:14:56.423,0.021,1,1,0.98354816,0.0164165,0.98354816,1.2279007e-05,2.3017496e-05
511,4,sitting,2021-05-07 10:14:55.444,2021-05-07 10:14:57.423,0.021,1,1,0.987409,0.012558819,0.987409,1.227636e-05,1.9987672e-05
511,4,sitting,2021-05-07 10:14:56.444,2021-05-07 10:14:58.423,0.021,1,1,0.9893089,0.010658238,0.9893089,1.3319913e-05,1.9539963e-05
511,4,sitting,2021-05-07 10:14:57.444,2021-05-07 10:14:59.423,0.021,1,1,0.9899682,0.009999244,0.9899682,1.3364429e-05,1.9211917e-05
511,4,sitting,2021-05-07 10:14:58.444,2021-05-07 10:15:00.424,0.021,1,1,0.9889975,0.010967837,0.9889975,1.4604402e-05,2.0080575e-05
511,4,sitting,2021-05-07 10:14:59.444,2021-05-07 10:15:01.424,0.021,1,1,0.9865307,0.013432871,0.9865307,1.392789e-05,2.2513219e-05
511,4,sitting,2021-05-07 10:15:00.444,2021-05-07 10:15:02.424,0.021,1,1,0.9847842,0.015181403,0.9847842,1.1420138e-05,2.2885726e-05
511,4,sitting,2021-05-07 10:15:01.444,2021-05-07 10:15:03.424,0.021,1,1,0.9868865,0.013079771,0.9868865,1.2373967e-05,2.1446749e-05
511,4,sitting,2021-05-07 10:15:02.444,2021-05-07 10:15:04.423,0.021,1,1,0.9884212,0.011544006,0.9884212,1.3522947e-05,2.1210604e-05
511,4,sitting,2021-05-07 10:15:03.444,2021-05-07 10:15:05.423,0.021,1,1,0.98629075,0.01367281,0.98629075,1.3286257e-05,2.3150307e-05
511,4,sitting,2021-05-07 10:15:04.444,2021-05-07 10:15:06.423,0.021,1,1,0.98229015,0.017670745,0.98229015,1.2932681e-05,2.6182226e-05
511,4,sitting,2021-05-07 10:15:05.444,2021-05-07 10:15:07.423,0.021,1,1,0.977361,0.022596676,0.977361,1.3350884e-05,2.8921691e-05
511,4,sitting,2021-05-07 10:15:06.444,2021-05-07 10:15:08.423,0.021,1,1,0.97318226,0.026774485,0.97318226,1.3477585e-05,2.9809393e-05
511,4,sitting,2021-05-07 10:15:07.444,2021-05-07 10:15:09.423,0.021,1,1,0.9740067,0.025953442,0.9740067,1.2371985e-05,2.7462273e-05
511,4,sitting,2021-05-07 10:15:08.444,2021-05-07 10:15:10.423,0.021,1,1,0.9775365,0.022429883,0.9775365,1.0890921e-05,2.2840555e-05
511,4,sitting,2021-05-07 10:15:09.444,2021-05-07 10:15:11.423,0.021,1,1,0.982143,0.017830368,0.982143,9.427857e-06,1.7209426e-05
511,4,sitting,2021-05-07 10:15:10.444,2021-05-07 10:15:12.423,0.021,1,1,0.9851098,0.0148682175,0.9851098,8.077186e-06,1.3807075e-05
511,4,sitting,2021-05-07 10:15:11.444,2021-05-07 10:15:13.423,0.021,1,1,0.984845,0.015133357,0.984845,7.83475e-06,1.3738381e-05
511,4,sitting,2021-05-07 10:15:12.444,2021-05-07 10:15:14.423,0.021,1,1,0.98399687,0.015981635,0.98399687,7.66802e-06,1.3834103e-05
511,4,sitting,2021-05-07 10:15:13.444,2021-05-07 10:15:15.423,0.021,1,1,0.9841973,0.015781019,0.9841973,7.725086e-06,1.3944382e-05
511,4,sitting,2021-05-07 10:15:14.444,2021-05-07 10:15:16.423,0.021,1,1,0.9855005,0.014478294,0.9855005,7.728243e-06,1.3441121e-05
511,4,sitting,2021-05-07 10:15:15.444,2021-05-07 10:15:17.423,0.021,1,1,0.9854465,0.014532287,0.9854465,7.808428e-06,1.34723e-05
511,4,sitting,2021-05-07 10:15:16.444,2021-05-07 10:15:18.423,0.021,1,1,0.984383,0.015594634,0.984383,7.962236e-06,1.4283395e-05
511,4,sitting,2021-05-07 10:15:17.444,2021-05-07 10:15:19.423,0.021,1,1,0.98356295,0.01641378,0.98356295,8.20645e-06,1.5016282e-05
511,4,sitting,2021-05-07 10:15:18.444,2021-05-07 10:15:20.423,0.021,1,1,0.98380905,0.016168794,0.98380905,7.751145e-06,1.4428303e-05
511,4,sitting,2021-05-07 10:15:19.444,2021-05-07 10:15:21.423,0.021,1,1,0.981333,0.018644419,0.981333,8.103845e-06,1.4422946e-05
511,4,sitting,2021-05-07 10:15:20.444,2021-05-07 10:15:22.423,0.021,1,1,0.9664841,0.0334735,0.9664841,1.6551221e-05,2.5648433e-05
511,4,sitting,2021-05-07 10:15:21.444,2021-05-07 10:15:23.423,0.021,1,1,0.86526513,0.13437806,0.86526513,0.00021021941,0.00014657972
511,4,sitting,2021-05-07 10:15:22.444,2021-05-07 10:15:24.423,0.021,1,1,0.6388677,0.35979328,0.6388677,0.00096916175,0.00036993867
511,4,sitting,2021-05-07 10:15:23.444,2021-05-07 10:15:25.423,0.021,1,1,0.6323213,0.3663194,0.6323213,0.0009835183,0.00037586343
511,4,sitting,2021-05-07 10:15:24.444,2021-05-07 10:15:26.423,0.021,1,1,0.9144258,0.085245565,0.9144258,0.0001784687,0.00015019029
511,4,sitting,2021-05-07 10:15:25.444,2021-05-07 10:15:27.423,0.021,1,1,0.97819275,0.021720333,0.97819275,2.672616e-05,6.0194277e-05
511,4,sitting,2021-05-07 10:15:26.444,2021-05-07 10:15:28.423,0.021,1,1,0.97070783,0.029158603,0.97070783,4.2768716e-05,9.06696e-05
511,4,sitting,2021-05-07 10:15:27.444,2021-05-07 10:15:29.423,0.021,1,1,0.9589871,0.040843915,0.9589871,4.9098166e-05,0.00011991695
511,4,sitting,2021-05-07 10:15:28.444,2021-05-07 10:15:30.423,0.021,1,1,0.96135825,0.038486093,0.96135825,4.5607823e-05,0.00011004716
511,4,sitting,2021-05-07 10:15:29.444,2021-05-07 10:15:31.423,0.021,1,1,0.9669922,0.03286432,0.9669922,4.472484e-05,9.878885e-05
511,5,walking,2021-05-07 10:15:33.604,2021-05-07 10:15:35.583,0.021,3,3,0.99957365,0.00024697368,6.3955104e-06,0.00017283225,0.99957365
511,5,walking,2021-05-07 10:15:34.604,2021-05-07 10:15:36.583,0.021,3,3,0.9958488,8.0439044e-05,4.282444e-06,0.0040663844,0.9958488
511,5,walking,2021-05-07 10:15:35.604,2021-05-07 10:15:37.583,0.021,3,3,0.9966617,1.3042285e-05,9.622985e-07,0.0033242162,0.9966617
511,5,walking,2021-05-07 10:15:36.604,2021-05-07 10:15:38.583,0.021,3,3,0.9995102,7.6005035e-06,7.373743e-07,0.00048140794,0.9995102
511,5,walking,2021-05-07 10:15:37.604,2021-05-07 10:15:39.583,0.021,3,3,0.999957,7.4015516e-06,4.099574e-07,3.5155696e-05,0.999957
511,5,walking,2021-05-07 10:15:38.604,2021-05-07 10:15:40.583,0.021,3,3,0.9999508,8.464909e-06,4.7620725e-07,4.019559e-05,0.9999508
511,5,walking,2021-05-07 10:15:39.604,2021-05-07 10:15:41.583,0.021,3,3,0.9999599,1.2646301e-05,5.577941e-07,2.6884436e-05,0.9999599
511,5,walking,2021-05-07 10:15:40.604,2021-05-07 10:15:42.583,0.021,3,3,0.99991435,1.2499792e-05,6.393631e-07,7.244173e-05,0.99991435
511,5,walking,2021-05-07 10:15:41.604,2021-05-07 10:15:43.583,0.021,3,3,0.9983583,9.796847e-06,1.0303805e-06,0.0016308401,0.9983583
511,5,walking,2021-05-07 10:15:42.604,2021-05-07 10:15:44.583,0.021,3,3,0.99208933,1.0637977e-05,1.2784352e-06,0.007898713,0.99208933
511,5,walking,2021-05-07 10:15:43.604,2021-05-07 10:15:45.583,0.021,3,3,0.99763477,3.0213065e-05,3.0598912e-06,0.0023319335,0.99763477
511,5,walking,2021-05-07 10:15:44.604,2021-05-07 10:15:46.583,0.021,3,3,0.9995894,3.2024596e-05,2.943613e-06,0.00037560053,0.9995894
511,5,walking,2021-05-07 10:15:45.604,2021-05-07 10:15:47.583,0.021,3,3,0.9961785,1.8224315e-05,2.3453981e-06,0.0038008937,0.9961785
511,5,walking,2021-05-07 10:15:46.604,2021-05-07 10:15:48.583,0.021,3,3,0.99613196,1.7458126e-05,3.064702e-06,0.003847469,0.99613196
511,5,walking,2021-05-07 10:15:47.604,2021-05-07 10:15:49.583,0.021,3,3,0.9873334,5.2075076e-05,1.3257689e-05,0.012601286,0.9873334
511,5,walking,2021-05-07 10:15:48.604,2021-05-07 10:15:50.583,0.021,3,3,0.84647924,9.5744734e-05,2.5752124e-05,0.15339918,0.84647924
511,5,walking,2021-05-07 10:15:49.604,2021-05-07 10:15:51.583,0.021,3,3,0.99323,4.4187687e-05,1.1495793e-05,0.0067143673,0.99323
511,5,walking,2021-05-07 10:15:50.604,2021-05-07 10:15:52.583,0.021,3,3,0.9980131,4.9103754e-05,1.1173661e-05,0.0019267094,0.9980131
511,5,walking,2021-05-07 10:15:51.604,2021-05-07 10:15:53.583,0.021,3,3,0.98029464,3.7620932e-05,7.4518534e-06,0.019660208,0.98029464
511,5,walking,2021-05-07 10:15:52.604,2021-05-07 10:15:54.583,0.021,3,3,0.988011,1.0679314e-05,1.7063466e-06,0.0119765755,0.988011
511,5,walking,2021-05-07 10:15:53.604,2021-05-07 10:15:55.583,0.021,3,3,0.99029696,1.8813611e-05,3.933181e-06,0.009680193,0.99029696
511,5,walking,2021-05-07 10:15:54.604,2021-05-07 10:15:56.583,0.021,3,3,0.9988748,2.8903163e-05,3.2656494e-06,0.0010929776,0.9988748
511,5,walking,2021-05-07 10:15:55.604,2021-05-07 10:15:57.583,0.021,3,3,0.9980627,2.211942e-05,2.2168108e-06,0.0019129479,0.9980627
511,5,walking,2021-05-07 10:15:56.604,2021-05-07 10:15:58.583,0.021,3,3,0.9987733,9.141919e-06,7.885611e-07,0.0012167444,0.9987733
511,5,walking,2021-05-07 10:15:57.604,2021-05-07 10:15:59.583,0.021,3,3,0.99875295,9.401962e-06,8.5847716e-07,0.0012368164,0.99875295
511,5,walking,2021-05-07 10:15:58.604,2021-05-07 10:16:00.584,0.021,3,3,0.9984419,2.7505477e-05,2.444458e-06,0.001528139,0.9984419
511,5,walking,2021-05-07 10:15:59.604,2021-05-07 10:16:01.584,0.021,3,3,0.9656606,4.314308e-05,7.815099e-06,0.034288365,0.9656606
511,5,walking,2021-05-07 10:16:00.604,2021-05-07 10:16:02.584,0.021,3,3,0.9704442,1.8731354e-05,3.0472042e-06,0.029533979,0.9704442
511,5,walking,2021-05-07 10:16:01.604,2021-05-07 10:16:03.584,0.021,3,3,0.9889472,2.1142927e-05,3.0693134e-06,0.011028558,0.9889472
511,5,walking,2021-05-07 10:16:02.604,2021-05-07 10:16:04.584,0.021,3,3,0.9700596,3.5388253e-05,5.3229824e-06,0.029899612,0.9700596
511,5,walking,2021-05-07 10:16:03.604,2021-05-07 10:16:05.584,0.021,3,2,0.6872649,4.2181236e-05,5.437104e-06,0.6872649,0.31268746
511,8,standing,2021-05-07 10:16:07.084,2021-05-07 10:16:09.064,0.021,2,2,0.99817,1.0711485e-06,5.4149638e-08,0.99817,0.0018288688
511,8,standing,2021-05-07 10:16:08.083,2021-05-07 10:16:10.064,0.021,2,2,0.9978512,1.136326e-06,4.9496915e-08,0.9978512,0.0021475605
511,8,standing,2021-05-07 10:16:09.083,2021-05-07 10:16:11.064,0.021,2,2,0.99691933,1.474027e-06,6.4799075e-08,0.99691933,0.0030790835
511,8,standing,2021-05-07 10:16:10.083,2021-05-07 10:16:12.064,0.021,2,2,0.99626744,1.6492538e-06,6.8139535e-08,0.99626744,0.0037308738
511,8,standing,2021-05-07 10:16:11.083,2021-05-07 10:16:13.064,0.021,2,2,0.9964668,1.5499229e-06,6.883631e-08,0.9964668,0.0035315906
511,8,standing,2021-05-07 10:16:12.083,2021-05-07 10:16:14.064,0.021,2,2,0.99781847,1.1839807e-06,5.4867233e-08,0.99781847,0.002180389
511,8,standing,2021-05-07 10:16:13.083,2021-05-07 10:16:15.064,0.021,2,2,0.9988141,8.7740347e-07,3.3210934e-08,0.9988141,0.0011849332
511,8,standing,2021-05-07 10:16:14.083,2021-05-07 10:16:16.063,0.021,2,2,0.99860686,9.2869874e-07,3.0728874e-08,0.99860686,0.001392219
511,8,standing,2021-05-07 10:16:15.083,2021-05-07 10:16:17.063,0.021,2,2,0.99888706,9.004152e-07,3.940357e-08,0.99888706,0.001111881
511,11,walking,2021-05-07 10:16:27.684,2021-05-07 10:16:29.663,0.021,3,3,0.9779203,2.2212385e-05,2.4172132e-06,0.022055045,0.9779203
511,11,walking,2021-05-07 10:16:28.684,2021-05-07 10:16:30.663,0.021,3,3,0.9942476,1.3839884e-05,1.1748182e-06,0.0057372716,0.9942476
511,11,walking,2021-05-07 10:16:29.684,2021-05-07 10:16:31.663,0.021,3,3,0.99749523,2.0137035e-05,1.9752665e-06,0.0024826115,0.99749523
511,11,walking,2021-05-07 10:16:30.684,2021-05-07 10:16:32.664,0.021,3,3,0.99847305,1.9236408e-05,1.6216493e-06,0.0015061977,0.99847305
511,11,walking,2021-05-07 10:16:31.684,2021-05-07 10:16:33.664,0.021,3,3,0.99875486,9.350646e-06,8.9572626e-07,0.0012348351,0.99875486
511,11,walking,2021-05-07 10:16:32.683,2021-05-07 10:16:34.664,0.021,3,3,0.99815845,1.2073312e-05,1.5225628e-06,0.0018279251,0.99815845
511,11,walking,2021-05-07 10:16:33.683,2021-05-07 10:16:35.664,0.021,3,3,0.9964378,7.806297e-06,7.718967e-07,0.0035535926,0.9964378
511,11,walking,2021-05-07 10:16:34.683,2021-05-07 10:16:36.664,0.021,3,3,0.99955356,4.6347835e-05,3.121998e-06,0.0003970207,0.99955356
511,11,walking,2021-05-07 10:16:35.683,2021-05-07 10:16:37.664,0.021,3,3,0.99836737,4.0894793e-05,3.945867e-06,0.0015877668,0.99836737
511,11,walking,2021-05-07 10:16:36.683,2021-05-07 10:16:38.664,0.021,3,3,0.9960811,7.637142e-06,8.8414674e-07,0.0039102817,0.9960811
511,11,walking,2021-05-07 10:16:37.683,2021-05-07 10:16:39.664,0.021,3,3,0.9994056,7.3236947e-06,7.244017e-07,0.00058637414,0.9994056
511,11,walking,2021-05-07 10:16:38.683,2021-05-07 10:16:40.664,0.021,3,3,0.9989521,1.652991e-05,1.6535608e-06,0.0010296055,0.9989521
511,11,walking,2021-05-07 10:16:39.683,2021-05-07 10:16:41.664,0.021,3,3,0.99752873,1.5992224e-05,1.5565232e-06,0.002453774,0.99752873
511,11,walking,2021-05-07 10:16:40.683,2021-05-07 10:16:42.664,0.021,3,3,0.99918514,9.25904e-06,8.309858e-07,0.0008047808,0.99918514
511,11,walking,2021-05-07 10:16:41.683,2021-05-07 10:16:43.664,0.021,3,3,0.9972848,9.662655e-06,1.2816348e-06,0.0027041102,0.9972848
511,11,walking,2021-05-07 10:16:42.683,2021-05-07 10:16:44.664,0.021,3,3,0.99855006,9.278338e-06,8.122435e-07,0.0014397727,0.99855006
511,11,walking,2021-05-07 10:16:43.683,2021-05-07 10:16:45.664,0.021,3,3,0.97306305,1.47751725e-05,1.5770635e-06,0.026920594,0.97306305
511,11,walking,2021-05-07 10:16:44.683,2021-05-07 10:16:46.664,0.021,3,3,0.5039262,5.1526033e-05,6.406421e-06,0.49601588,0.5039262
511,11,walking,2021-05-07 10:16:45.683,2021-05-07 10:16:47.664,0.021,3,3,0.98003525,2.0902999e-05,3.5467297e-06,0.01994031,0.98003525
511,11,walking,2021-05-07 10:16:46.683,2021-05-07 10:16:48.664,0.021,3,3,0.9578815,1.9068513e-05,2.6690923e-06,0.042096734,0.9578815
511,11,walking,2021-05-07 10:16:47.683,2021-05-07 10:16:49.664,0.021,3,2,0.5657986,5.8308844e-05,7.2864336e-06,0.5657986,0.43413585
511,11,walking,2021-05-07 10:16:48.683,2021-05-07 10:16:50.664,0.021,3,3,0.7397935,6.528623e-05,9.920421e-06,0.2601313,0.7397935
511,11,walking,2021-05-07 10:16:49.683,2021-05-07 10:16:51.664,0.021,3,3,0.992579,1.07172655e-05,1.2675787e-06,0.007409035,0.992579
511,11,walking,2021-05-07 10:16:50.683,2021-05-07 10:16:52.664,0.021,3,3,0.99934816,2.2880966e-05,1.9987408e-06,0.0006269358,0.99934816
511,11,walking,2021-05-07 10:16:51.683,2021-05-07 10:16:53.664,0.021,3,3,0.9950326,3.1526928e-05,4.9276123e-06,0.004930887,0.9950326
511,11,walking,2021-05-07 10:16:52.683,2021-05-07 10:16:54.664,0.021,3,3,0.95804036,2.6066324e-05,2.8325599e-06,0.04193075,0.95804036
511,13,walking,2021-05-07 10:16:56.644,2021-05-07 10:16:58.624,0.021,3,2,0.5913817,4.0789597e-05,4.2251745e-06,0.5913817,0.40857324
511,13,walking,2021-05-07 10:16:57.644,2021-05-07 10:16:59.624,0.021,3,3,0.7894851,4.2687767e-05,5.7957022e-06,0.21046631,0.7894851
511,13,walking,2021-05-07 10:16:58.644,2021-05-07 10:17:00.624,0.021,3,3,0.8979261,4.6022018e-05,5.982027e-06,0.10202192,0.8979261
511,13,walking,2021-05-07 10:16:59.644,2021-05-07 10:17:01.624,0.021,3,3,0.8605661,3.555988e-05,4.213264e-06,0.13939415,0.8605661
511,13,walking,2021-05-07 10:17:00.644,2021-05-07 10:17:02.624,0.021,3,3,0.77510136,4.1752694e-05,4.652546e-06,0.22485226,0.77510136
511,13,walking,2021-05-07 10:17:01.644,2021-05-07 10:17:03.624,0.021,3,3,0.87452763,3.4917422e-05,3.9670886e-06,0.12543347,0.87452763
511,13,walking,2021-05-07 10:17:02.644,2021-05-07 10:17:04.624,0.021,3,3,0.94297224,1.4217076e-05,1.46173e-06,0.05701205,0.94297224
511,16,standing,2021-05-07 10:17:08.404,2021-05-07 10:17:10.383,0.021,2,2,0.998125,1.0082708e-06,4.6294325e-08,0.998125,0.0018738515
511,16,standing,2021-05-07 10:17:09.404,2021-05-07 10:17:11.383,0.021,2,2,0.99919206,7.519364e-07,4.0467e-08,0.99919206,0.0008070871
511,16,standing,2021-05-07 10:17:10.404,2021-05-07 10:17:12.383,0.021,2,2,0.99708664,1.3437523e-06,7.357346e-08,0.99708664,0.0029118224
511,16,standing,2021-05-07 10:17:11.404,2021-05-07 10:17:13.383,0.021,2,2,0.99682343,1.331265e-06,7.2093556e-08,0.99682343,0.0031751315
511,16,standing,2021-05-07 10:17:12.404,2021-05-07 10:17:14.383,0.021,2,2,0.99923366,6.1680225e-07,3.1309195e-08,0.99923366,0.0007656843
511,16,standing,2021-05-07 10:17:13.404,2021-05-07 10:17:15.383,0.021,2,2,0.9990954,6.3132507e-07,3.072046e-08,0.9990954,0.0009038486
511,16,standing,2021-05-07 10:17:14.404,2021-05-07 10:17:16.384,0.021,2,2,0.9987022,7.550189e-07,3.645409e-08,0.9987022,0.0012968181
511,16,standing,2021-05-07 10:17:15.404,2021-05-07 10:17:17.384,0.021,2,2,0.9988343,7.385613e-07,3.6009762e-08,0.9988343,0.0011648608
511,16,standing,2021-05-07 10:17:16.403,2021-05-07 10:17:18.384,0.021,2,2,0.99908894,6.2286836e-07,2.9973737e-08,0.99908894,0.00091057434
511,16,standing,2021-05-07 10:17:17.403,2021-05-07 10:17:19.384,0.021,2,2,0.99918884,5.4508814e-07,2.4624486e-08,0.99918884,0.000810563
511,16,standing,2021-05-07 10:17:18.403,2021-05-07 10:17:20.384,0.021,2,2,0.9991654,5.88968e-07,2.7215508e-08,0.9991654,0.00083397963
511,16,standing,2021-05-07 10:17:19.403,2021-05-07 10:17:21.384,0.021,2,2,0.99914145,6.348476e-07,3.0050188e-08,0.99914145,0.0008578375
511,20,standing,2021-05-07 10:17:50.563,2021-05-07 10:17:52.543,0.021,2,2,0.9820395,3.2819858e-06,1.8511228e-07,0.9820395,0.017956927
511,22,standing,2021-05-07 10:17:55.004,2021-05-07 10:17:56.984,0.021,2,2,0.99847376,1.4451139e-06,9.826454e-08,0.99847376,0.0015247188
511,22,standing,2021-05-07 10:17:56.004,2021-05-07 10:17:57.984,0.021,2,2,0.9990782,9.2355566e-07,6.095246e-08,0.9990782,0.0009209247
511,22,standing,2021-05-07 10:17:57.004,2021-05-07 10:17:58.984,0.021,2,2,0.9991873,8.0322167e-07,4.8364573e-08,0.9991873,0.0008119211
511,24,standing,2021-05-07 10:18:02.043,2021-05-07 10:18:04.024,0.021,2,2,0.9937334,3.2930764e-06,2.2871693e-07,0.9937334,0.0062629823
511,24,standing,2021-05-07 10:18:03.043,2021-05-07 10:18:05.024,0.021,2,2,0.98628217,3.9087267e-06,2.6038092e-07,0.98628217,0.013713754
511,34,standing,2021-05-07 10:19:04.604,2021-05-07 10:19:06.584,0.021,2,2,0.9984057,3.931137e-06,1.5143306e-07,0.9984057,0.0015901576
511,34,standing,2021-05-07 10:19:05.604,2021-05-07 10:19:07.584,0.021,2,2,0.9990307,3.7056484e-06,1.6161313e-07,0.9990307,0.0009654413
511,34,standing,2021-05-07 10:19:06.604,2021-05-07 10:19:08.583,0.021,2,2,0.9990088,4.1187004e-06,1.9346543e-07,0.9990088,0.0009869006
511,34,standing,2021-05-07 10:19:07.604,2021-05-07 10:19:09.583,0.021,2,2,0.99880636,4.7233457e-06,2.2477265e-07,0.99880636,0.001188667
511,39,walking,2021-05-07 10:19:20.723,2021-05-07 10:19:22.704,0.021,3,3,0.52028286,5.203677e-05,5.785972e-06,0.47965938,0.52028286
511,39,walking,2021-05-07 10:19:21.723,2021-05-07 10:19:23.704,0.021,3,2,0.7120572,3.7508893e-05,3.4367135e-06,0.7120572,0.28790188
511,41,walking,2021-05-07 10:19:24.524,2021-05-07 10:19:26.503,0.021,3,3,0.98831445,6.759144e-05,9.716895e-06,0.011608211,0.98831445
511,41,walking,2021-05-07 10:19:25.524,2021-05-07 10:19:27.503,0.021,3,3,0.9961823,2.710944e-05,3.2924981e-06,0.0037873662,0.9961823
511,42,sitting,2021-05-07 10:19:29.964,2021-05-07 10:19:31.944,0.021,1,1,0.674608,0.32502106,0.674608,0.00021219172,0.00015873235
511,42,sitting,2021-05-07 10:19:30.964,2021-05-07 10:19:32.944,0.021,1,1,0.6932414,0.30620983,0.6932414,0.00032370808,0.00022497593
511,42,sitting,2021-05-07 10:19:31.964,2021-05-07 10:19:33.944,0.021,1,1,0.6428333,0.3557707,0.6428333,0.0010367533,0.00035922913
511,42,sitting,2021-05-07 10:19:32.964,2021-05-07 10:19:34.944,0.021,1,1,0.5874437,0.41037643,0.5874437,0.0016665647,0.0005132394
511,42,sitting,2021-05-07 10:19:33.964,2021-05-07 10:19:35.944,0.021,1,1,0.5512207,0.44543692,0.5512207,0.0026610284,0.00068139576
511,42,sitting,2021-05-07 10:19:34.964,2021-05-07 10:19:36.944,0.021,1,1,0.5592353,0.43743,0.5592353,0.0026512498,0.00068344973
511,42,sitting,2021-05-07 10:19:35.964,2021-05-07 10:19:37.944,0.021,1,1,0.5548881,0.4417114,0.5548881,0.0027086735,0.0006917911
511,42,sitting,2021-05-07 10:19:36.964,2021-05-07 10:19:38.944,0.021,1,1,0.5501972,0.44633326,0.5501972,0.002768679,0.00070079655
511,42,sitting,2021-05-07 10:19:37.964,2021-05-07 10:19:39.944,0.021,1,1,0.5513965,0.44519305,0.5513965,0.0027223623,0.00068824063
511,42,sitting,2021-05-07 10:19:38.964,2021-05-07 10:19:40.944,0.021,1,1,0.5515949,0.44501764,0.5515949,0.002704825,0.0006826335
511,42,sitting,2021-05-07 10:19:39.964,2021-05-07 10:19:41.944,0.021,1,1,0.553509,0.4431334,0.553509,0.0026778635,0.00067966804
511,42,sitting,2021-05-07 10:19:40.964,2021-05-07 10:19:42.944,0.021,1,1,0.5485707,0.44806248,0.5485707,0.0026859196,0.00068091945
511,42,sitting,2021-05-07 10:19:41.964,2021-05-07 10:19:43.944,0.021,1,1,0.54685074,0.44973117,0.54685074,0.002727633,0.0006905385
511,42,sitting,2021-05-07 10:19:42.964,2021-05-07 10:19:44.944,0.021,1,1,0.5415526,0.45492947,0.5415526,0.0028155784,0.0007022699
511,42,sitting,2021-05-07 10:19:43.964,2021-05-07 10:19:45.944,0.021,1,1,0.5453944,0.45119128,0.5453944,0.0027277067,0.00068660226
511,42,sitting,2021-05-07 10:19:44.964,2021-05-07 10:19:46.944,0.021,1,1,0.549787,0.4468327,0.549787,0.0026974487,0.0006828666
511,42,sitting,2021-05-07 10:19:45.964,2021-05-07 10:19:47.944,0.021,1,1,0.54771626,0.44892666,0.54771626,0.0026822577,0.0006748664
511,42,sitting,2021-05-07 10:19:46.964,2021-05-07 10:19:48.944,0.021,1,1,0.5477886,0.44901595,0.5477886,0.0025396682,0.0006557734
511,42,sitting,2021-05-07 10:19:47.964,2021-05-07 10:19:49.944,0.021,1,1,0.54701847,0.44975072,0.54701847,0.0025674757,0.00066325685
511,42,sitting,2021-05-07 10:19:48.964,2021-05-07 10:19:50.944,0.021,1,1,0.5428688,0.45370728,0.5428688,0.0027375289,0.0006864199
511,42,sitting,2021-05-07 10:19:49.964,2021-05-07 10:19:51.944,0.021,1,1,0.54400533,0.45253402,0.54400533,0.0027694385,0.00069129345
511,42,sitting,2021-05-07 10:19:50.964,2021-05-07 10:19:52.944,0.021,1,1,0.540467,0.45607933,0.540467,0.002764702,0.00068887556
511,42,sitting,2021-05-07 10:19:51.964,2021-05-07 10:19:53.944,0.021,1,1,0.5468695,0.4500845,0.5468695,0.002422129,0.00062369904
511,42,sitting,2021-05-07 10:19:52.964,2021-05-07 10:19:54.944,0.021,1,1,0.5477823,0.4494769,0.5477823,0.0021687336,0.0005721279
511,42,sitting,2021-05-07 10:19:53.964,2021-05-07 10:19:55.944,0.021,1,1,0.54001045,0.45693666,0.54001045,0.002446641,0.0006061283
511,42,sitting,2021-05-07 10:19:54.964,2021-05-07 10:19:56.944,0.021,1,1,0.5415643,0.4552178,0.5415643,0.0025923823,0.0006254973
511,42,sitting,2021-05-07 10:19:55.964,2021-05-07 10:19:57.944,0.021,1,1,0.54374874,0.45305136,0.54374874,0.0025747519,0.0006251169
511,42,sitting,2021-05-07 10:19:56.964,2021-05-07 10:19:58.944,0.021,1,1,0.5472611,0.4496346,0.5472611,0.0024891915,0.0006151634
511,42,sitting,2021-05-07 10:19:57.964,2021-05-07 10:19:59.944,0.021,1,1,0.54967743,0.4475209,0.54967743,0.002198738,0.00060281914
511,42,sitting,2021-05-07 10:19:58.964,2021-05-07 10:20:00.944,0.021,1,1,0.6479816,0.35062173,0.6479816,0.0009367727,0.00045992283
511,42,sitting,2021-05-07 10:19:59.964,2021-05-07 10:20:01.944,0.021,1,1,0.6869199,0.31222337,0.6869199,0.00056788133,0.00028893308
511,42,sitting,2021-05-07 10:20:00.964,2021-05-07 10:20:02.944,0.021,1,1,0.6303271,0.36845922,0.6303271,0.0008332729,0.00038041038
511,42,sitting,2021-05-07 10:20:01.964,2021-05-07 10:20:03.944,0.021,1,1,0.5860846,0.41079646,0.5860846,0.0023387992,0.00078014075
511,42,sitting,2021-05-07 10:20:02.964,2021-05-07 10:20:04.944,0.021,1,1,0.5384191,0.4582527,0.5384191,0.0025821943,0.0007458514
511,42,sitting,2021-05-07 10:20:03.964,2021-05-07 10:20:05.944,0.021,1,1,0.5562368,0.44146103,0.5562368,0.0017878609,0.0005142958
511,42,sitting,2021-05-07 10:20:04.963,2021-05-07 10:20:06.944,0.021,1,1,0.572761,0.42507598,0.572761,0.0016303445,0.0005326506
511,42,sitting,2021-05-07 10:20:05.963,2021-05-07 10:20:07.944,0.021,1,1,0.57649547,0.42166138,0.57649547,0.0013649954,0.0004780897
511,42,sitting,2021-05-07 10:20:06.963,2021-05-07 10:20:08.944,0.021,1,1,0.612658,0.38591576,0.612658,0.0010134017,0.0004127394
511,42,sitting,2021-05-07 10:20:07.963,2021-05-07 10:20:09.944,0.021,1,1,0.59846,0.3999209,0.59846,0.0011669832,0.0004520544
511,42,sitting,2021-05-07 10:20:08.963,2021-05-07 10:20:10.944,0.021,1,1,0.5637935,0.4341526,0.5637935,0.0015638565,0.00049002917
511,42,sitting,2021-05-07 10:20:09.963,2021-05-07 10:20:11.944,0.021,1,1,0.54535913,0.4521337,0.54535913,0.0019844966,0.00052274694
511,42,sitting,2021-05-07 10:20:10.963,2021-05-07 10:20:12.944,0.021,1,1,0.52390605,0.47303656,0.52390605,0.0024664914,0.0005908615
511,42,sitting,2021-05-07 10:20:11.963,2021-05-07 10:20:13.944,0.021,1,1,0.52257866,0.47433016,0.52257866,0.0024930676,0.000598112
511,42,sitting,2021-05-07 10:20:12.963,2021-05-07 10:20:14.944,0.021,1,1,0.5228283,0.47419867,0.5228283,0.002387136,0.0005858501
511,42,sitting,2021-05-07 10:20:13.963,2021-05-07 10:20:15.944,0.021,1,1,0.5875347,0.41084087,0.5875347,0.0012010675,0.0004233537
511,42,sitting,2021-05-07 10:20:14.963,2021-05-07 10:20:16.944,0.021,1,1,0.6378347,0.36108315,0.6378347,0.000760664,0.0003214752
511,42,sitting,2021-05-07 10:20:15.963,2021-05-07 10:20:17.944,0.021,1,1,0.58307385,0.41509444,0.58307385,0.0013688953,0.0004627796
511,42,sitting,2021-05-07 10:20:16.964,2021-05-07 10:20:18.944,0.021,1,1,0.50927174,0.4873112,0.50927174,0.0027658537,0.00065108674
511,42,sitting,2021-05-07 10:20:17.964,2021-05-07 10:20:19.944,0.021,1,0,0.49969792,0.49969792,0.49649462,0.0031044472,0.0007029743
511,42,sitting,2021-05-07 10:20:18.964,2021-05-07 10:20:20.944,0.021,1,0,0.5052607,0.5052607,0.4908991,0.0031348588,0.0007054179
511,42,sitting,2021-05-07 10:20:19.964,2021-05-07 10:20:21.944,0.021,1,0,0.5039757,0.5039757,0.49211657,0.0031845302,0.0007231814
511,42,sitting,2021-05-07 10:20:20.964,2021-05-07 10:20:22.944,0.021,1,1,0.51257473,0.4836031,0.51257473,0.003097548,0.0007245727
511,42,sitting,2021-05-07 10:20:21.964,2021-05-07 10:20:23.944,0.021,1,1,0.53145176,0.4649203,0.53145176,0.0029159475,0.00071205746
511,42,sitting,2021-05-07 10:20:22.964,2021-05-07 10:20:24.944,0.021,1,1,0.5324992,0.4637889,0.5324992,0.002982851,0.00072898314
511,42,sitting,2021-05-07 10:20:23.964,2021-05-07 10:20:25.944,0.021,1,1,0.5337652,0.4625681,0.5337652,0.0029419123,0.0007248701
511,42,sitting,2021-05-07 10:20:24.964,2021-05-07 10:20:26.944,0.021,1,1,0.5218497,0.47462758,0.5218497,0.0028240897,0.00069858413
511,42,sitting,2021-05-07 10:20:25.964,2021-05-07 10:20:27.944,0.021,1,0,0.49970198,0.49970198,0.4963919,0.0031737098,0.0007323463
511,42,sitting,2021-05-07 10:20:26.964,2021-05-07 10:20:28.944,0.021,1,1,0.5089941,0.48735937,0.5089941,0.0029280265,0.0007184082
511,42,sitting,2021-05-07 10:20:27.964,2021-05-07 10:20:29.944,0.021,1,1,0.5191946,0.47743073,0.5191946,0.0026820546,0.0006924958
511,42,sitting,2021-05-07 10:20:28.964,2021-05-07 10:20:30.944,0.021,1,1,0.5218832,0.47499993,0.5218832,0.0024934472,0.0006234587
511,42,sitting,2021-05-07 10:20:29.964,2021-05-07 10:20:31.944,0.021,1,1,0.57482105,0.42320445,0.57482105,0.0015324051,0.0004420816
511,42,sitting,2021-05-07 10:20:30.964,2021-05-07 10:20:32.944,0.021,1,1,0.58240396,0.41585752,0.58240396,0.0013261976,0.00041223012
511,42,sitting,2021-05-07 10:20:31.964,2021-05-07 10:20:33.944,0.021,1,1,0.5430916,0.45494765,0.5430916,0.0015288019,0.00043200477
511,42,sitting,2021-05-07 10:20:32.964,2021-05-07 10:20:34.944,0.021,1,1,0.5739941,0.42413765,0.5739941,0.0014503185,0.00041792923
511,42,sitting,2021-05-07 10:20:33.964,2021-05-07 10:20:35.944,0.021,1,1,0.61498415,0.38320723,0.61498415,0.0013862086,0.0004224002
511,42,sitting,2021-05-07 10:20:34.964,2021-05-07 10:20:36.944,0.021,1,1,0.59348017,0.40425202,0.59348017,0.0017756264,0.00049222
511,42,sitting,2021-05-07 10:20:35.964,2021-05-07 10:20:37.944,0.021,1,1,0.5825859,0.41507065,0.5825859,0.0018445234,0.00049891334
511,42,sitting,2021-05-07 10:20:36.964,2021-05-07 10:20:38.944,0.021,1,1,0.57007957,0.42728955,0.57007957,0.0020941675,0.00053674093
511,42,sitting,2021-05-07 10:20:37.964,2021-05-07 10:20:39.944,0.021,1,1,0.5618808,0.43534622,0.5618808,0.0022206388,0.00055228797
511,42,sitting,2021-05-07 10:20:38.964,2021-05-07 10:20:40.944,0.021,1,1,0.5606353,0.43658742,0.5606353,0.0022247767,0.00055244926
511,42,sitting,2021-05-07 10:20:39.964,2021-05-07 10:20:41.944,0.021,1,1,0.5631335,0.43409607,0.5631335,0.002218558,0.00055190816
511,42,sitting,2021-05-07 10:20:40.964,2021-05-07 10:20:42.944,0.021,1,1,0.5604303,0.43678972,0.5604303,0.0022269639,0.0005531348
511,42,sitting,2021-05-07 10:20:41.964,2021-05-07 10:20:43.944,0.021,1,1,0.5593974,0.43781924,0.5593974,0.0022300766,0.0005532489
511,42,sitting,2021-05-07 10:20:42.964,2021-05-07 10:20:44.944,0.021,1,1,0.560907,0.43632707,0.560907,0.0022147158,0.0005511605
511,42,sitting,2021-05-07 10:20:43.964,2021-05-07 10:20:45.944,0.021,1,1,0.5612744,0.4359451,0.5612744,0.00222504,0.0005554741
511,42,sitting,2021-05-07 10:20:44.964,2021-05-07 10:20:46.944,0.021,1,1,0.5599835,0.43721592,0.5599835,0.0022426057,0.00055791705
511,42,sitting,2021-05-07 10:20:45.964,2021-05-07 10:20:47.944,0.021,1,1,0.5594027,0.43781075,0.5594027,0.0022318703,0.0005546197
511,42,sitting,2021-05-07 10:20:46.964,2021-05-07 10:20:48.944,0.021,1,1,0.56289077,0.4343314,0.56289077,0.0022226856,0.00055513345
511,42,sitting,2021-05-07 10:20:47.964,2021-05-07 10:20:49.944,0.021,1,1,0.56253546,0.43467423,0.56253546,0.0022323765,0.00055772247
511,42,sitting,2021-05-07 10:20:48.964,2021-05-07 10:20:50.944,0.021,1,1,0.56034267,0.4368318,0.56034267,0.0022626529,0.00056277344
511,42,sitting,2021-05-07 10:20:49.964,2021-05-07 10:20:51.944,0.021,1,1,0.5628461,0.43439943,0.5628461,0.0022016591,0.00055277854
511,42,sitting,2021-05-07 10:20:50.964,2021-05-07 10:20:52.944,0.021,1,1,0.565636,0.4316821,0.565636,0.0021392435,0.000542616
511,42,sitting,2021-05-07 10:20:51.964,2021-05-07 10:20:53.944,0.021,1,1,0.56545526,0.43182793,0.56545526,0.002170289,0.0005465232
511,42,sitting,2021-05-07 10:20:52.964,2021-05-07 10:20:54.944,0.021,1,1,0.5596402,0.437559,0.5596402,0.0022445386,0.00055617886
511,42,sitting,2021-05-07 10:20:53.964,2021-05-07 10:20:55.944,0.021,1,1,0.5583348,0.43886197,0.5583348,0.0022451389,0.0005579457
511,42,sitting,2021-05-07 10:20:54.964,2021-05-07 10:20:56.944,0.021,1,1,0.56094503,0.43635863,0.56094503,0.002153204,0.0005431095
511,42,sitting,2021-05-07 10:20:55.964,2021-05-07 10:20:57.944,0.021,1,1,0.5618424,0.43548533,0.5618424,0.0021339431,0.0005383011
511,42,sitting,2021-05-07 10:20:56.964,2021-05-07 10:20:58.944,0.021,1,1,0.5616364,0.43564597,0.5616364,0.002173378,0.00054422114
511,42,sitting,2021-05-07 10:20:57.964,2021-05-07 10:20:59.944,0.021,1,1,0.56381536,0.4334756,0.56381536,0.0021645015,0.00054452266
511,42,sitting,2021-05-07 10:20:58.964,2021-05-07 10:21:00.944,0.021,1,1,0.5636476,0.43361858,0.5636476,0.0021864995,0.0005471898
511,42,sitting,2021-05-07 10:20:59.964,2021-05-07 10:21:01.944,0.021,1,1,0.5604514,0.43674365,0.5604514,0.0022464902,0.0005583332
511,42,sitting,2021-05-07 10:21:00.964,2021-05-07 10:21:02.944,0.021,1,1,0.5616176,0.43555707,0.5616176,0.002260701,0.0005647475
511,42,sitting,2021-05-07 10:21:01.964,2021-05-07 10:21:03.944,0.021,1,1,0.5611194,0.43606362,0.5611194,0.0022546626,0.0005623493
511,42,sitting,2021-05-07 10:21:02.964,2021-05-07 10:21:04.944,0.021,1,1,0.5592141,0.43797508,0.5592141,0.0022518465,0.0005590432
511,42,sitting,2021-05-07 10:21:03.964,2021-05-07 10:21:05.944,0.021,1,1,0.56158686,0.43562707,0.56158686,0.0022297748,0.00055629393
511,42,sitting,2021-05-07 10:21:04.963,2021-05-07 10:21:06.944,0.021,1,1,0.5638264,0.43338862,0.5638264,0.0022271634,0.000557773
511,42,sitting,2021-05-07 10:21:05.963,2021-05-07 10:21:07.944,0.021,1,1,0.56314766,0.43412843,0.56314766,0.002176798,0.0005470932
511,42,sitting,2021-05-07 10:21:06.963,2021-05-07 10:21:08.944,0.021,1,1,0.56421757,0.43304184,0.56421757,0.0021907415,0.00054979144
511,42,sitting,2021-05-07 10:21:07.963,2021-05-07 10:21:09.944,0.021,1,1,0.5617393,0.43545404,0.5617393,0.0022467782,0.00055985857
511,42,sitting,2021-05-07 10:21:08.963,2021-05-07 10:21:10.944,0.021,1,1,0.55937,0.43782628,0.55937,0.0022455782,0.00055821217
511,42,sitting,2021-05-07 10:21:09.963,2021-05-07 10:21:11.944,0.021,1,1,0.5604293,0.4367482,0.5604293,0.0022612917,0.000561228
511,42,sitting,2021-05-07 10:21:10.963,2021-05-07 10:21:12.944,0.021,1,1,0.56168795,0.43547183,0.56168795,0.0022746853,0.00056548923
511,42,sitting,2021-05-07 10:21:11.963,2021-05-07 10:21:13.944,0.021,1,1,0.55913955,0.43802643,0.55913955,0.00227053,0.0005634674
511,42,sitting,2021-05-07 10:21:12.963,2021-05-07 10:21:14.944,0.021,1,1,0.56118023,0.43600738,0.56118023,0.002252347,0.0005601576
511,42,sitting,2021-05-07 10:21:13.963,2021-05-07 10:21:15.944,0.021,1,1,0.5626347,0.4345738,0.5626347,0.002234598,0.0005568933
511,42,sitting,2021-05-07 10:21:14.963,2021-05-07 10:21:16.944,0.021,1,1,0.5611584,0.43604997,0.5611584,0.002234905,0.00055663235
511,42,sitting,2021-05-07 10:21:15.963,2021-05-07 10:21:17.944,0.021,1,1,0.5622744,0.43493205,0.5622744,0.002235091,0.00055840274
511,42,sitting,2021-05-07 10:21:16.964,2021-05-07 10:21:18.944,0.021,1,1,0.5619789,0.43521896,0.5619789,0.002243236,0.0005588312
511,42,sitting,2021-05-07 10:21:17.964,2021-05-07 10:21:19.944,0.021,1,1,0.5594798,0.43767893,0.5594798,0.0022758367,0.00056542916
511,42,sitting,2021-05-07 10:21:18.964,2021-05-07 10:21:20.944,0.021,1,1,0.5598228,0.43735513,0.5598228,0.0022589115,0.00056316814
511,42,sitting,2021-05-07 10:21:19.964,2021-05-07 10:21:21.944,0.021,1,1,0.56044966,0.43682188,0.56044966,0.0021788192,0.000549706
511,42,sitting,2021-05-07 10:21:20.964,2021-05-07 10:21:22.944,0.021,1,1,0.5537046,0.4436566,0.5537046,0.0020950548,0.0005437601
511,42,sitting,2021-05-07 10:21:21.964,2021-05-07 10:21:23.944,0.021,1,1,0.5336372,0.46358562,0.5336372,0.0022045258,0.00057272677
511,42,sitting,2021-05-07 10:21:22.964,2021-05-07 10:21:24.944,0.021,1,1,0.5374122,0.4596703,0.5374122,0.002314392,0.0006030377
511,42,sitting,2021-05-07 10:21:23.964,2021-05-07 10:21:25.944,0.021,1,1,0.55536723,0.44183588,0.55536723,0.0021973662,0.00059957494
511,42,sitting,2021-05-07 10:21:24.964,2021-05-07 10:21:26.944,0.021,1,1,0.556509,0.44065827,0.556509,0.0022286242,0.0006040828
511,42,sitting,2021-05-07 10:21:25.964,2021-05-07 10:21:27.944,0.021,1,1,0.54111135,0.45551252,0.54111135,0.0027094851,0.0006665962
511,42,sitting,2021-05-07 10:21:26.964,2021-05-07 10:21:28.944,0.021,1,1,0.5398342,0.45669845,0.5398342,0.0027877681,0.000679653
511,42,sitting,2021-05-07 10:21:27.964,2021-05-07 10:21:29.944,0.021,1,1,0.53881586,0.4577187,0.53881586,0.0027858494,0.00067958666
511,42,sitting,2021-05-07 10:21:28.964,2021-05-07 10:21:30.944,0.021,1,1,0.53935885,0.4571507,0.53935885,0.0028067331,0.0006837327
511,42,sitting,2021-05-07 10:21:29.964,2021-05-07 10:21:31.944,0.021,1,1,0.5435344,0.4531002,0.5435344,0.0026996222,0.0006658268
511,42,sitting,2021-05-07 10:21:30.964,2021-05-07 10:21:32.944,0.021,1,1,0.5432863,0.45342,0.5432863,0.0026415337,0.00065207505
511,42,sitting,2021-05-07 10:21:31.964,2021-05-07 10:21:33.944,0.021,1,1,0.54095435,0.455729,0.54095435,0.0026618743,0.00065471366
511,42,sitting,2021-05-07 10:21:32.964,2021-05-07 10:21:34.944,0.021,1,1,0.5400518,0.4565241,0.5400518,0.0027520547,0.00067197165
511,42,sitting,2021-05-07 10:21:33.964,2021-05-07 10:21:35.944,0.021,1,1,0.54065824,0.45588967,0.54065824,0.0027758095,0.0006761951
511,42,sitting,2021-05-07 10:21:34.964,2021-05-07 10:21:36.944,0.021,1,1,0.539586,0.45693058,0.539586,0.0028032195,0.0006800153
511,42,sitting,2021-05-07 10:21:35.964,2021-05-07 10:21:37.944,0.021,1,1,0.54089224,0.45570126,0.54089224,0.002739181,0.0006672083
511,42,sitting,2021-05-07 10:21:36.964,2021-05-07 10:21:38.944,0.021,1,1,0.5415423,0.45511892,0.5415423,0.0026807364,0.0006581185
511,42,sitting,2021-05-07 10:21:37.964,2021-05-07 10:21:39.944,0.021,1,1,0.54185444,0.45485473,0.54185444,0.0026390478,0.00065182865
511,42,sitting,2021-05-07 10:21:38.964,2021-05-07 10:21:40.944,0.021,1,1,0.5393117,0.45740986,0.5393117,0.0026306824,0.00064774917
511,42,sitting,2021-05-07 10:21:39.964,2021-05-07 10:21:41.944,0.021,1,1,0.5404827,0.45626527,0.5404827,0.002609076,0.00064301747
511,42,sitting,2021-05-07 10:21:40.964,2021-05-07 10:21:42.944,0.021,1,1,0.55174625,0.44511086,0.55174625,0.0025078082,0.0006351344
511,42,sitting,2021-05-07 10:21:41.964,2021-05-07 10:21:43.944,0.021,1,1,0.55673915,0.44002208,0.55673915,0.002585623,0.0006530593
511,42,sitting,2021-05-07 10:21:42.964,2021-05-07 10:21:44.944,0.021,1,1,0.5574878,0.4392537,0.5574878,0.0026012405,0.0006572734
511,42,sitting,2021-05-07 10:21:43.964,2021-05-07 10:21:45.944,0.021,1,1,0.55884576,0.43794855,0.55884576,0.0025562749,0.00064946327
511,42,sitting,2021-05-07 10:21:44.964,2021-05-07 10:21:46.944,0.021,1,1,0.56007063,0.43679807,0.56007063,0.002493609,0.0006377462
511,42,sitting,2021-05-07 10:21:45.964,2021-05-07 10:21:47.944,0.021,1,1,0.5570561,0.43975195,0.5570561,0.0025453249,0.00064654375
511,42,sitting,2021-05-07 10:21:46.964,2021-05-07 10:21:48.944,0.021,1,1,0.5529711,0.443777,0.5529711,0.0025988712,0.0006529852
511,42,sitting,2021-05-07 10:21:47.964,2021-05-07 10:21:49.944,0.021,1,1,0.55109066,0.44566375,0.55109066,0.0025920374,0.0006533721
511,42,sitting,2021-05-07 10:21:48.964,2021-05-07 10:21:50.944,0.021,1,1,0.5473188,0.44952112,0.5473188,0.0025182462,0.0006418025
511,42,sitting,2021-05-07 10:21:49.964,2021-05-07 10:21:51.944,0.021,1,1,0.53118455,0.46554554,0.53118455,0.0026181547,0.0006517727
511,42,sitting,2021-05-07 10:21:50.964,2021-05-07 10:21:52.944,0.021,1,1,0.54471135,0.4520115,0.54471135,0.0026159785,0.0006611685
511,42,sitting,2021-05-07 10:21:51.964,2021-05-07 10:21:53.944,0.021,1,1,0.5555306,0.4412567,0.5555306,0.002552239,0.00066053227
511,42,sitting,2021-05-07 10:21:52.964,2021-05-07 10:21:54.944,0.021,1,1,0.55507886,0.44175136,0.55507886,0.0025157633,0.00065413653
511,42,sitting,2021-05-07 10:21:53.964,2021-05-07 10:21:55.944,0.021,1,1,0.5560569,0.44071597,0.5560569,0.002564521,0.00066251034
511,42,sitting,2021-05-07 10:21:54.964,2021-05-07 10:21:56.944,0.021,1,1,0.55515176,0.44149008,0.55515176,0.0026785033,0.0006796732
511,42,sitting,2021-05-07 10:21:55.964,2021-05-07 10:21:57.944,0.021,1,1,0.5577756,0.43889764,0.5577756,0.0026533846,0.0006733854
511,42,sitting,2021-05-07 10:21:56.964,2021-05-07 10:21:58.944,0.021,1,1,0.5569916,0.43970662,0.5569916,0.0026327237,0.0006691115
511,42,sitting,2021-05-07 10:21:57.964,2021-05-07 10:21:59.944,0.021,1,1,0.5551882,0.44148928,0.5551882,0.0026499217,0.0006726274
511,42,sitting,2021-05-07 10:21:58.964,2021-05-07 10:22:00.944,0.021,1,1,0.55470157,0.44192508,0.55470157,0.0026933837,0.00067997136
511,42,sitting,2021-05-07 10:21:59.964,2021-05-07 10:22:01.944,0.021,1,1,0.5529045,0.44373336,0.5529045,0.002684699,0.0006773971
511,42,sitting,2021-05-07 10:22:00.964,2021-05-07 10:22:02.944,0.021,1,1,0.5498855,0.4467564,0.5498855,0.0026821075,0.0006759209
511,42,sitting,2021-05-07 10:22:01.964,2021-05-07 10:22:03.944,0.021,1,1,0.5446954,0.45189318,0.5446954,0.0027312317,0.000680323
511,42,sitting,2021-05-07 10:22:02.964,2021-05-07 10:22:04.944,0.021,1,1,0.54021084,0.4563058,0.54021084,0.0027934322,0.00068981724
511,42,sitting,2021-05-07 10:22:03.964,2021-05-07 10:22:05.944,0.021,1,1,0.5407473,0.45578822,0.5407473,0.002777636,0.00068684795
511,42,sitting,2021-05-07 10:22:04.963,2021-05-07 10:22:06.944,0.021,1,1,0.54120463,0.45532557,0.54120463,0.0027814968,0.00068832433
511,42,sitting,2021-05-07 10:22:05.963,2021-05-07 10:22:07.944,0.021,1,1,0.5400245,0.45649397,0.5400245,0.0027936047,0.00068790506
511,42,sitting,2021-05-07 10:22:06.963,2021-05-07 10:22:08.944,0.021,1,1,0.5398109,0.45667797,0.5398109,0.0028196739,0.00069153076
511,42,sitting,2021-05-07 10:22:07.963,2021-05-07 10:22:09.944,0.021,1,1,0.53915405,0.45725644,0.53915405,0.0028866872,0.00070279086
511,42,sitting,2021-05-07 10:22:08.963,2021-05-07 10:22:10.944,0.021,1,1,0.53955054,0.45688856,0.53955054,0.0028628965,0.00069804245
511,42,sitting,2021-05-07 10:22:09.963,2021-05-07 10:22:11.944,0.021,1,1,0.5387895,0.45764863,0.5387895,0.0028634125,0.0006984243
511,42,sitting,2021-05-07 10:22:10.963,2021-05-07 10:22:12.944,0.021,1,1,0.53931177,0.4571558,0.53931177,0.0028377455,0.00069470884
511,42,sitting,2021-05-07 10:22:11.963,2021-05-07 10:22:13.944,0.021,1,1,0.5391014,0.45736933,0.5391014,0.0028356325,0.0006935312
511,42,sitting,2021-05-07 10:22:12.963,2021-05-07 10:22:14.944,0.021,1,1,0.5387103,0.4577531,0.5387103,0.0028413145,0.00069529604
511,42,sitting,2021-05-07 10:22:13.963,2021-05-07 10:22:15.944,0.021,1,1,0.5379038,0.45857322,0.5379038,0.002829492,0.00069348124
511,42,sitting,2021-05-07 10:22:14.963,2021-05-07 10:22:16.944,0.021,1,1,0.5372169,0.45926228,0.5372169,0.002829606,0.0006911266
511,42,sitting,2021-05-07 10:22:15.963,2021-05-07 10:22:17.944,0.021,1,1,0.53931797,0.45717007,0.53931797,0.0028205374,0.00069149677
511,42,sitting,2021-05-07 10:22:16.964,2021-05-07 10:22:18.944,0.021,1,1,0.5401444,0.45632267,0.5401444,0.0028375036,0.0006953956
511,42,sitting,2021-05-07 10:22:17.964,2021-05-07 10:22:19.944,0.021,1,1,0.53889275,0.45753467,0.53889275,0.0028728845,0.0006996509
511,42,sitting,2021-05-07 10:22:18.964,2021-05-07 10:22:20.944,0.021,1,1,0.5387257,0.45768815,0.5387257,0.0028847873,0.0007013276
511,42,sitting,2021-05-07 10:22:19.964,2021-05-07 10:22:21.944,0.021,1,1,0.5392025,0.45723647,0.5392025,0.0028632814,0.0006978228
511,42,sitting,2021-05-07 10:22:20.964,2021-05-07 10:22:22.944,0.021,1,1,0.5410516,0.4554917,0.5410516,0.0027742367,0.0006825094
511,42,sitting,2021-05-07 10:22:21.964,2021-05-07 10:22:23.944,0.021,1,1,0.5397151,0.4567827,0.5397151,0.0028145288,0.0006876617
511,42,sitting,2021-05-07 10:22:22.964,2021-05-07 10:22:24.944,0.021,1,1,0.53847,0.45796505,0.53847,0.0028676714,0.00069731486
511,42,sitting,2021-05-07 10:22:23.964,2021-05-07 10:22:25.944,0.021,1,1,0.5386727,0.45775148,0.5386727,0.0028756373,0.00070022274
511,42,sitting,2021-05-07 10:22:24.964,2021-05-07 10:22:26.944,0.021,1,1,0.5386831,0.45770863,0.5386831,0.002902789,0.0007055695
511,42,sitting,2021-05-07 10:22:25.964,2021-05-07 10:22:27.944,0.021,1,1,0.5390373,0.45736986,0.5390373,0.0028895899,0.00070318865
511,42,sitting,2021-05-07 10:22:26.964,2021-05-07 10:22:28.944,0.021,1,1,0.538855,0.45756176,0.538855,0.002882985,0.0007001292
511,42,sitting,2021-05-07 10:22:27.964,2021-05-07 10:22:29.944,0.021,1,1,0.5380414,0.45835266,0.5380414,0.0029014528,0.0007044518
511,42,sitting,2021-05-07 10:22:28.964,2021-05-07 10:22:30.944,0.021,1,1,0.53808695,0.4583355,0.53808695,0.0028764275,0.00070105575
511,42,sitting,2021-05-07 10:22:29.964,2021-05-07 10:22:31.944,0.021,1,1,0.5390078,0.45743984,0.5390078,0.0028529312,0.000699527
511,42,sitting,2021-05-07 10:22:30.964,2021-05-07 10:22:32.944,0.021,1,1,0.53897023,0.45747897,0.53897023,0.002850917,0.0006999484
511,42,sitting,2021-05-07 10:22:31.964,2021-05-07 10:22:33.944,0.021,1,1,0.53557867,0.460827,0.53557867,0.002890506,0.0007039226
511,42,sitting,2021-05-07 10:22:32.964,2021-05-07 10:22:34.944,0.021,1,1,0.5367456,0.4597094,0.5367456,0.002849876,0.0006950758
511,42,sitting,2021-05-07 10:22:33.964,2021-05-07 10:22:35.944,0.021,1,1,0.53837985,0.45806494,0.53837985,0.0028581878,0.0006969847
511,42,sitting,2021-05-07 10:22:34.964,2021-05-07 10:22:36.944,0.021,1,1,0.537826,0.45858377,0.537826,0.002888258,0.0007019241
511,42,sitting,2021-05-07 10:22:35.964,2021-05-07 10:22:37.944,0.021,1,1,0.5377078,0.45871916,0.5377078,0.0028748394,0.000698179
511,42,sitting,2021-05-07 10:22:36.964,2021-05-07 10:22:38.944,0.021,1,1,0.5389561,0.45748168,0.5389561,0.0028635631,0.0006986999
511,42,sitting,2021-05-07 10:22:37.964,2021-05-07 10:22:39.944,0.021,1,1,0.54012704,0.4563438,0.54012704,0.002833924,0.00069513096
511,42,sitting,2021-05-07 10:22:38.964,2021-05-07 10:22:40.944,0.021,1,1,0.5403381,0.45619842,0.5403381,0.002776511,0.00068698043
511,42,sitting,2021-05-07 10:22:39.964,2021-05-07 10:22:41.944,0.021,1,1,0.54198253,0.45456815,0.54198253,0.0027607728,0.0006885689
511,42,sitting,2021-05-07 10:22:40.964,2021-05-07 10:22:42.944,0.021,1,1,0.5480028,0.44861963,0.5480028,0.0026981873,0.00067938527
511,42,sitting,2021-05-07 10:22:41.964,2021-05-07 10:22:43.944,0.021,1,1,0.5545775,0.44226837,0.5545775,0.0025033099,0.00065077003
511,42,sitting,2021-05-07 10:22:42.964,2021-05-07 10:22:44.944,0.021,1,1,0.5516461,0.44509545,0.5516461,0.0025933648,0.0006651029
511,42,sitting,2021-05-07 10:22:43.964,2021-05-07 10:22:45.944,0.021,1,1,0.54698926,0.44954297,0.54698926,0.0027749862,0.00069284043
511,42,sitting,2021-05-07 10:22:44.964,2021-05-07 10:22:46.944,0.021,1,1,0.5502727,0.4463262,0.5502727,0.0027164824,0.0006846595
511,42,sitting,2021-05-07 10:22:45.964,2021-05-07 10:22:47.944,0.021,1,1,0.55308384,0.4436452,0.55308384,0.0026037765,0.00066715817
511,42,sitting,2021-05-07 10:22:46.964,2021-05-07 10:22:48.944,0.021,1,1,0.55344754,0.44327483,0.55344754,0.0026094636,0.0006681708
511,42,sitting,2021-05-07 10:22:47.964,2021-05-07 10:22:49.944,0.021,1,1,0.54830885,0.44826308,0.54830885,0.0027400476,0.00068801903
511,42,sitting,2021-05-07 10:22:48.964,2021-05-07 10:22:50.944,0.021,1,1,0.5463268,0.4501821,0.5463268,0.0027952862,0.000695815
511,42,sitting,2021-05-07 10:22:49.964,2021-05-07 10:22:51.944,0.021,1,1,0.5458206,0.4506774,0.5458206,0.0028046572,0.0006973329
511,42,sitting,2021-05-07 10:22:50.964,2021-05-07 10:22:52.944,0.021,1,1,0.5480124,0.44852632,0.5480124,0.0027672984,0.0006940082
511,42,sitting,2021-05-07 10:22:51.964,2021-05-07 10:22:53.944,0.021,1,1,0.5490927,0.44746703,0.5490927,0.0027485455,0.00069178664
511,42,sitting,2021-05-07 10:22:52.964,2021-05-07 10:22:54.944,0.021,1,1,0.54762167,0.44892502,0.54762167,0.0027618567,0.0006914754
511,42,sitting,2021-05-07 10:22:53.964,2021-05-07 10:22:55.944,0.021,1,1,0.54949725,0.4470796,0.54949725,0.0027362176,0.00068690034
511,42,sitting,2021-05-07 10:22:54.964,2021-05-07 10:22:56.944,0.021,1,1,0.54858714,0.4479616,0.54858714,0.002760793,0.0006905288
511,42,sitting,2021-05-07 10:22:55.964,2021-05-07 10:22:57.944,0.021,1,1,0.5497768,0.44675216,0.5497768,0.0027772514,0.00069383753
511,42,sitting,2021-05-07 10:22:56.964,2021-05-07 10:22:58.944,0.021,1,1,0.5470299,0.4495184,0.5470299,0.002760923,0.0006907562
511,42,sitting,2021-05-07 10:22:57.964,2021-05-07 10:22:59.944,0.021,1,1,0.54403037,0.45251912,0.54403037,0.002763105,0.0006874247
511,42,sitting,2021-05-07 10:22:58.964,2021-05-07 10:23:00.944,0.021,1,1,0.5650916,0.4318693,0.5650916,0.0023997365,0.00063934503
511,42,sitting,2021-05-07 10:22:59.964,2021-05-07 10:23:01.944,0.021,1,1,0.60714763,0.39067388,0.60714763,0.0016147048,0.0005638914
511,43,walking,2021-05-07 10:23:04.444,2021-05-07 10:23:06.423,0.021,3,3,0.999722,2.0227715e-05,1.8019155e-06,0.0002558912,0.999722
511,43,walking,2021-05-07 10:23:05.444,2021-05-07 10:23:07.423,0.021,3,3,0.9999592,7.997487e-06,3.4578264e-07,3.2399676e-05,0.9999592
511,43,walking,2021-05-07 10:23:06.444,2021-05-07 10:23:08.423,0.021,3,3,0.99998146,6.8768527e-06,2.3293838e-07,1.1392902e-05,0.99998146
511,43,walking,2021-05-07 10:23:07.444,2021-05-07 10:23:09.423,0.021,3,3,0.99998754,5.5230057e-06,1.7703947e-07,6.6904126e-06,0.99998754
511,43,walking,2021-05-07 10:23:08.444,2021-05-07 10:23:10.423,0.021,3,3,0.99985766,6.7650226e-06,5.5591414e-07,0.00013501689,0.99985766
511,43,walking,2021-05-07 10:23:09.444,2021-05-07 10:23:11.423,0.021,3,3,0.9984962,6.795143e-06,9.810602e-07,0.0014960889,0.9984962
511,43,walking,2021-05-07 10:23:10.444,2021-05-07 10:23:12.423,0.021,3,3,0.9996404,9.866772e-06,1.1426488e-06,0.0003485454,0.9996404
511,43,walking,2021-05-07 10:23:11.444,2021-05-07 10:23:13.423,0.021,3,3,0.99995095,7.787762e-06,5.4529374e-07,4.0602557e-05,0.99995095
511,43,walking,2021-05-07 10:23:12.444,2021-05-07 10:23:14.423,0.021,3,3,0.999735,1.4113232e-05,1.34424e-06,0.0002494802,0.999735
511,43,walking,2021-05-07 10:23:13.444,2021-05-07 10:23:15.423,0.021,3,3,0.9990281,1.407948e-05,1.3325283e-06,0.00095651153,0.9990281
511,43,walking,2021-05-07 10:23:14.444,2021-05-07 10:23:16.423,0.021,3,3,0.99982476,5.0956855e-06,3.0832692e-07,0.00016983406,0.99982476
511,43,walking,2021-05-07 10:23:15.444,2021-05-07 10:23:17.423,0.021,3,3,0.99831504,3.6947606e-06,3.3235153e-07,0.0016808708,0.99831504
511,43,walking,2021-05-07 10:23:16.444,2021-05-07 10:23:18.423,0.021,3,3,0.9909538,1.1670761e-05,1.1070638e-06,0.009033404,0.9909538
511,43,walking,2021-05-07 10:23:17.444,2021-05-07 10:23:19.423,0.021,3,3,0.9992591,1.4753289e-05,1.1079073e-06,0.00072507444,0.9992591
511,43,walking,2021-05-07 10:23:18.444,2021-05-07 10:23:20.423,0.021,3,3,0.9976914,1.1402857e-05,1.0438588e-06,0.002296194,0.9976914
511,43,walking,2021-05-07 10:23:19.444,2021-05-07 10:23:21.423,0.021,3,3,0.99373096,8.924025e-06,8.6644735e-07,0.0062592467,0.99373096
511,43,walking,2021-05-07 10:23:20.444,2021-05-07 10:23:22.423,0.021,3,3,0.9529893,2.0671783e-05,2.9019893e-06,0.04698718,0.9529893
511,43,walking,2021-05-07 10:23:21.444,2021-05-07 10:23:23.423,0.021,3,3,0.99566054,1.0831478e-05,1.2483866e-06,0.0043272725,0.99566054
511,43,walking,2021-05-07 10:23:22.444,2021-05-07 10:23:24.423,0.021,3,3,0.98181415,9.704139e-06,1.136017e-06,0.01817493,0.98181415
511,43,walking,2021-05-07 10:23:23.444,2021-05-07 10:23:25.423,0.021,3,3,0.7888805,4.098923e-05,5.122816e-06,0.2110733,0.7888805
511,43,walking,2021-05-07 10:23:24.444,2021-05-07 10:23:26.423,0.021,3,3,0.899476,4.5577483e-05,6.9760017e-06,0.100471534,0.899476
511,46,standing,2021-05-07 10:23:28.884,2021-05-07 10:23:30.864,0.021,2,2,0.9976382,1.6151561e-06,5.2888662e-08,0.9976382,0.0023600922
511,46,standing,2021-05-07 10:23:29.884,2021-05-07 10:23:31.864,0.021,2,2,0.99853665,1.7060518e-06,6.695694e-08,0.99853665,0.0014615833
511,46,standing,2021-05-07 10:23:30.884,2021-05-07 10:23:32.863,0.021,2,2,0.99881315,1.7881014e-06,7.721766e-08,0.99881315,0.0011849916
511,46,standing,2021-05-07 10:23:31.884,2021-05-07 10:23:33.863,0.021,2,2,0.99856985,1.9158983e-06,8.0631494e-08,0.99856985,0.0014280932
511,46,standing,2021-05-07 10:23:32.883,2021-05-07 10:23:34.863,0.021,2,2,0.99869746,1.7105987e-06,6.719355e-08,0.99869746,0.0013006831
511,46,standing,2021-05-07 10:23:33.883,2021-05-07 10:23:35.863,0.021,2,2,0.9989676,1.3113571e-06,4.60181e-08,0.9989676,0.0010311732
511,46,standing,2021-05-07 10:23:34.883,2021-05-07 10:23:36.863,0.021,2,2,0.99902415,1.009206e-06,3.4309583e-08,0.99902415,0.0009748306
511,46,standing,2021-05-07 10:23:35.883,2021-05-07 10:23:37.863,0.021,2,2,0.99909323,6.731503e-07,2.608723e-08,0.99909323,0.000906142
511,46,standing,2021-05-07 10:23:36.883,2021-05-07 10:23:38.863,0.021,2,2,0.9991379,5.744809e-07,2.4643809e-08,0.9991379,0.000861537
511,46,standing,2021-05-07 10:23:37.883,2021-05-07 10:23:39.863,0.021,2,2,0.9989835,6.919472e-07,2.9713185e-08,0.9989835,0.0010158514
511,46,standing,2021-05-07 10:23:38.883,2021-05-07 10:23:40.863,0.021,2,2,0.99608594,1.3476385e-06,5.967652e-08,0.99608594,0.003912576
511,46,standing,2021-05-07 10:23:39.883,2021-05-07 10:23:41.863,0.021,2,2,0.99726236,1.1228303e-06,5.482494e-08,0.99726236,0.0027364546
511,46,standing,2021-05-07 10:23:40.883,2021-05-07 10:23:42.863,0.021,2,2,0.99898046,7.0332635e-07,3.430383e-08,0.99898046,0.0010187734
511,46,standing,2021-05-07 10:23:41.883,2021-05-07 10:23:43.863,0.021,2,2,0.997709,9.37925e-07,3.650219e-08,0.997709,0.0022899809
511,46,standing,2021-05-07 10:23:42.883,2021-05-07 10:23:44.863,0.021,2,2,0.9972827,9.343449e-07,2.3397115e-08,0.9972827,0.0027163466
511,46,standing,2021-05-07 10:23:43.883,2021-05-07 10:23:45.863,0.021,2,2,0.9969261,1.6900498e-06,4.2494126e-08,0.9969261,0.003072068
511,48,standing,2021-05-07 10:23:47.683,2021-05-07 10:23:49.664,0.021,2,2,0.998245,9.21193e-07,4.5820567e-08,0.998245,0.0017540249
511,50,standing,2021-05-07 10:23:51.043,2021-05-07 10:23:53.023,0.021,2,2,0.9984002,5.1771053e-06,2.3575423e-07,0.9984002,0.0015943141
511,50,standing,2021-05-07 10:23:52.043,2021-05-07 10:23:54.023,0.021,2,2,0.99872154,5.9269005e-06,2.8878037e-07,0.99872154,0.0012722015
511,50,standing,2021-05-07 10:23:53.043,2021-05-07 10:23:55.023,0.021,2,2,0.81066334,6.297144e-05,4.466968e-06,0.81066334,0.18926923
511,50,standing,2021-05-07 10:23:54.043,2021-05-07 10:23:56.023,0.021,2,2,0.71180266,3.5496796e-05,2.8328986e-06,0.71180266,0.28815886
511,50,standing,2021-05-07 10:23:55.043,2021-05-07 10:23:57.023,0.021,2,2,0.99854344,1.1346931e-06,6.4197806e-08,0.99854344,0.0014553245
511,50,standing,2021-05-07 10:23:56.043,2021-05-07 10:23:58.023,0.021,2,2,0.9991789,7.2203596e-07,3.627882e-08,0.9991789,0.00082042156
511,50,standing,2021-05-07 10:23:57.043,2021-05-07 10:23:59.023,0.021,2,2,0.9991862,6.6308615e-07,3.1360067e-08,0.9991862,0.00081311696
511,50,standing,2021-05-07 10:23:58.043,2021-05-07 10:24:00.023,0.021,2,2,0.99903226,6.162088e-07,2.6037272e-08,0.99903226,0.0009671116
511,50,standing,2021-05-07 10:23:59.043,2021-05-07 10:24:01.023,0.021,2,2,0.9985996,9.0467256e-07,3.6446657e-08,0.9985996,0.0013994237
511,50,standing,2021-05-07 10:24:00.043,2021-05-07 10:24:02.023,0.021,2,2,0.9987341,1.0727008e-06,4.387566e-08,0.9987341,0.0012647264
511,50,standing,2021-05-07 10:24:01.043,2021-05-07 10:24:03.023,0.021,2,2,0.9992589,8.0747515e-07,3.338014e-08,0.9992589,0.00074038655
511,50,standing,2021-05-07 10:24:02.043,2021-05-07 10:24:04.024,0.021,2,2,0.99934036,8.6516616e-07,3.9265664e-08,0.99934036,0.0006587116
511,50,standing,2021-05-07 10:24:03.043,2021-05-07 10:24:05.024,0.021,2,2,0.99932534,8.755433e-07,3.982867e-08,0.99932534,0.00067363586
511,50,standing,2021-05-07 10:24:04.043,2021-05-07 10:24:06.024,0.021,2,2,0.99926484,8.726828e-07,3.7624776e-08,0.99926484,0.00073412736
511,56,standing,2021-05-07 10:24:09.803,2021-05-07 10:24:11.784,0.021,2,2,0.999247,5.6177413e-07,2.7439942e-08,0.999247,0.0007523566
511,60,standing,2021-05-07 10:24:15.963,2021-05-07 10:24:17.944,0.021,2,2,0.99848616,1.1900158e-06,4.7909637e-08,0.99848616,0.0015126276
511,65,walking,2021-05-07 10:24:21.163,2021-05-07 10:24:23.144,0.021,3,3,0.90276784,3.3305234e-05,4.112375e-06,0.097194605,0.90276784
511,66,standing,2021-05-07 10:24:23.964,2021-05-07 10:24:25.944,0.021,2,2,0.9991011,9.3585396e-07,4.664304e-08,0.9991011,0.00089787005
511,66,standing,2021-05-07 10:24:24.964,2021-05-07 10:24:26.944,0.021,2,2,0.99920815,7.3758883e-07,3.4689826e-08,0.99920815,0.0007910325
511,66,standing,2021-05-07 10:24:25.964,2021-05-07 10:24:27.944,0.021,2,2,0.9988404,8.238911e-07,3.5396223e-08,0.9988404,0.0011588143
511,66,standing,2021-05-07 10:24:26.964,2021-05-07 10:24:28.944,0.021,2,2,0.99847734,9.053929e-07,3.619545e-08,0.99847734,0.0015217041
511,66,standing,2021-05-07 10:24:27.964,2021-05-07 10:24:29.944,0.021,2,2,0.99887174,7.7802804e-07,3.027377e-08,0.99887174,0.0011274437
511,66,standing,2021-05-07 10:24:28.964,2021-05-07 10:24:30.944,0.021,2,2,0.9976563,1.2405344e-06,5.1553105e-08,0.9976563,0.0023423894
511,66,standing,2021-05-07 10:24:29.964,2021-05-07 10:24:31.944,0.021,2,2,0.9972891,1.5590875e-06,7.420589e-08,0.9972891,0.0027091745
511,70,standing,2021-05-07 10:24:35.203,2021-05-07 10:24:37.183,0.021,2,2,0.99754834,1.1728181e-06,7.784699e-08,0.99754834,0.0024503204
511,70,standing,2021-05-07 10:24:36.203,2021-05-07 10:24:38.183,0.021,2,2,0.9984987,7.7934266e-07,5.186887e-08,0.9984987,0.0015004857
511,71,walking,2021-05-07 10:24:38.883,2021-05-07 10:24:40.863,0.021,3,3,0.96015644,1.533064e-05,1.6404208e-06,0.039826594,0.96015644
511,71,walking,2021-05-07 10:24:39.883,2021-05-07 10:24:41.863,0.021,3,3,0.99974096,1.31181e-05,6.6911394e-07,0.00024522835,0.99974096
511,71,walking,2021-05-07 10:24:40.883,2021-05-07 10:24:42.863,0.021,3,3,0.9998224,1.6208247e-05,8.783051e-07,0.00016062715,0.9998224
511,71,walking,2021-05-07 10:24:41.883,2021-05-07 10:24:43.863,0.021,3,3,0.9999853,1.0032822e-05,2.7495344e-07,4.356889e-06,0.9999853
511,71,walking,2021-05-07 10:24:42.883,2021-05-07 10:24:44.863,0.021,3,3,0.9999791,8.485428e-06,3.8515392e-07,1.1956517e-05,0.9999791
511,71,walking,2021-05-07 10:24:43.883,2021-05-07 10:24:45.863,0.021,3,3,0.9998953,5.1940237e-06,3.9651357e-07,9.909282e-05,0.9998953
511,71,walking,2021-05-07 10:24:44.883,2021-05-07 10:24:46.863,0.021,3,3,0.99989444,5.1174984e-06,4.8847045e-07,9.983526e-05,0.99989444
511,71,walking,2021-05-07 10:24:45.883,2021-05-07 10:24:47.863,0.021,3,3,0.9999916,4.5879824e-06,1.4414255e-07,3.6012343e-06,0.9999916
511,71,walking,2021-05-07 10:24:46.883,2021-05-07 10:24:48.863,0.021,3,3,0.9999817,3.715903e-06,1.2138386e-07,1.43594925e-05,0.9999817
511,71,walking,2021-05-07 10:24:47.883,2021-05-07 10:24:49.863,0.021,3,3,0.9994394,8.366439e-06,3.9289125e-07,0.0005517573,0.9994394
511,71,walking,2021-05-07 10:24:48.883,2021-05-07 10:24:50.863,0.021,3,3,0.9991195,1.1698487e-05,8.0092985e-07,0.00086790184,0.9991195
511,71,walking,2021-05-07 10:24:49.883,2021-05-07 10:24:51.863,0.021,3,3,0.9945857,6.3405946e-06,7.234908e-07,0.0054072416,0.9945857
511,71,walking,2021-05-07 10:24:50.883,2021-05-07 10:24:52.863,0.021,3,3,0.9974461,5.928325e-06,8.07051e-07,0.002547109,0.9974461
511,71,walking,2021-05-07 10:24:51.883,2021-05-07 10:24:53.863,0.021,3,3,0.9993869,2.352583e-05,2.8429317e-06,0.0005866887,0.9993869
511,71,walking,2021-05-07 10:24:52.883,2021-05-07 10:24:54.863,0.021,3,3,0.99895257,3.0003748e-05,3.4944992e-06,0.0010139017,0.99895257
511,71,walking,2021-05-07 10:24:53.883,2021-05-07 10:24:55.863,0.021,3,3,0.96194756,2.5270774e-05,3.682984e-06,0.03802347,0.96194756
511,71,walking,2021-05-07 10:24:54.883,2021-05-07 10:24:56.863,0.021,3,3,0.98395264,1.35833425e-05,1.7742589e-06,0.016031977,0.98395264
511,71,walking,2021-05-07 10:24:55.883,2021-05-07 10:24:57.863,0.021,3,3,0.9724499,2.754859e-05,3.6678769e-06,0.027518928,0.9724499
511,75,walking,2021-05-07 10:25:00.204,2021-05-07 10:25:02.184,0.021,3,2,0.92767966,2.0657128e-05,1.8490804e-06,0.92767966,0.07229777
511,75,walking,2021-05-07 10:25:01.204,2021-05-07 10:25:03.184,0.021,3,2,0.7098566,3.014575e-05,2.046145e-06,0.7098566,0.29011133
511,75,walking,2021-05-07 10:25:02.204,2021-05-07 10:25:04.184,0.021,3,2,0.6936492,4.792749e-05,4.672998e-06,0.6936492,0.30629835
511,81,walking,2021-05-07 10:25:18.163,2021-05-07 10:25:20.144,0.021,3,2,0.565112,2.7628406e-05,2.3904954e-06,0.565112,0.434858
511,81,walking,2021-05-07 10:25:19.163,2021-05-07 10:25:21.144,0.021,3,3,0.8579311,2.485956e-05,3.0386632e-06,0.14204107,0.8579311
511,81,walking,2021-05-07 10:25:20.163,2021-05-07 10:25:22.144,0.021,3,3,0.9947855,1.3260403e-05,1.5769201e-06,0.005199717,0.9947855
511,81,walking,2021-05-07 10:25:21.163,2021-05-07 10:25:23.144,0.021,3,3,0.9933068,1.1117544e-05,1.0978683e-06,0.0066809747,0.9933068
511,81,walking,2021-05-07 10:25:22.163,2021-05-07 10:25:24.144,0.021,3,3,0.7680553,3.8150833e-05,4.517289e-06,0.23190199,0.7680553
511,81,walking,2021-05-07 10:25:23.163,2021-05-07 10:25:25.144,0.021,3,3,0.9557669,2.7404287e-05,4.4531357e-06,0.044201292,0.9557669
511,81,walking,2021-05-07 10:25:24.163,2021-05-07 10:25:26.144,0.021,3,3,0.9611036,2.139358e-05,3.3661333e-06,0.0388717,0.9611036
511,81,walking,2021-05-07 10:25:25.163,2021-05-07 10:25:27.144,0.021,3,3,0.8127976,3.6427107e-05,4.449541e-06,0.18716152,0.8127976
511,81,walking,2021-05-07 10:25:26.163,2021-05-07 10:25:28.144,0.021,3,3,0.9867851,2.749092e-05,2.8586155e-06,0.013184534,0.9867851
511,81,walking,2021-05-07 10:25:27.163,2021-05-07 10:25:29.144,0.021,3,3,0.9781192,1.3066362e-05,1.4325274e-06,0.021866227,0.9781192
511,81,walking,2021-05-07 10:25:28.163,2021-05-07 10:25:30.144,0.021,3,3,0.9501547,1.8529918e-05,2.2543509e-06,0.049824562,0.9501547
511,81,walking,2021-05-07 10:25:29.163,2021-05-07 10:25:31.144,0.021,3,3,0.78430766,3.3136785e-05,2.8197949e-06,0.21565644,0.78430766
511,81,walking,2021-05-07 10:25:30.163,2021-05-07 10:25:32.144,0.021,3,3,0.5316403,4.0072526e-05,3.8018554e-06,0.46831572,0.5316403
511,81,walking,2021-05-07 10:25:31.163,2021-05-07 10:25:33.144,0.021,3,3,0.92895776,3.0050316e-05,4.3428377e-06,0.07100778,0.92895776
511,81,walking,2021-05-07 10:25:32.164,2021-05-07 10:25:34.144,0.021,3,3,0.82126343,3.4265402e-05,3.8194676e-06,0.17869847,0.82126343
511,81,walking,2021-05-07 10:25:33.164,2021-05-07 10:25:35.144,0.021,3,3,0.58317703,3.7655464e-05,4.357598e-06,0.416781,0.58317703
511,83,walking,2021-05-07 10:25:37.484,2021-05-07 10:25:39.464,0.021,3,3,0.97773135,1.864638e-05,2.4671726e-06,0.02224763,0.97773135
511,83,walking,2021-05-07 10:25:38.484,2021-05-07 10:25:40.464,0.021,3,3,0.9973994,1.6094169e-05,1.412939e-06,0.0025830127,0.9973994
511,83,walking,2021-05-07 10:25:39.484,2021-05-07 10:25:41.464,0.021,3,3,0.9945803,7.8987705e-06,7.815749e-07,0.0054109776,0.9945803
511,83,walking,2021-05-07 10:25:40.484,2021-05-07 10:25:42.464,0.021,3,3,0.9915222,1.3830736e-05,1.1888135e-06,0.008462751,0.9915222
511,83,walking,2021-05-07 10:25:41.484,2021-05-07 10:25:43.464,0.021,3,3,0.970809,8.522929e-05,9.99381e-06,0.02909577,0.970809
511,84,lying,2021-05-07 10:25:48.964,2021-05-07 10:25:50.944,0.021,0,1,0.53255564,0.46611288,0.53255564,0.0007147307,0.00061668956
511,84,lying,2021-05-07 10:25:49.964,2021-05-07 10:25:51.944,0.021,0,1,0.5213817,0.4754845,0.5213817,0.0021802285,0.0009536374
511,84,lying,2021-05-07 10:25:50.964,2021-05-07 10:25:52.944,0.021,0,0,0.49866033,0.49866033,0.4961289,0.0041701836,0.0010405027
511,84,lying,2021-05-07 10:25:51.964,2021-05-07 10:25:53.944,0.021,0,0,0.5187125,0.5187125,0.47482035,0.0053481236,0.0011190072
511,84,lying,2021-05-07 10:25:52.964,2021-05-07 10:25:54.944,0.021,0,0,0.51537776,0.51537776,0.4783226,0.005170994,0.0011286165
511,84,lying,2021-05-07 10:25:53.964,2021-05-07 10:25:55.944,0.021,0,0,0.5298815,0.5298815,0.4625044,0.006361916,0.001252216
511,84,lying,2021-05-07 10:25:54.964,2021-05-07 10:25:56.944,0.021,0,0,0.5203977,0.5203977,0.47212127,0.0061962875,0.0012846709
511,84,lying,2021-05-07 10:25:55.964,2021-05-07 10:25:57.944,0.021,0,0,0.5289483,0.5289483,0.46314976,0.0065951464,0.0013068357
511,84,lying,2021-05-07 10:25:56.964,2021-05-07 10:25:58.944,0.021,0,0,0.55085516,0.55085516,0.4394891,0.008238816,0.0014169726
511,84,lying,2021-05-07 10:25:57.964,2021-05-07 10:25:59.944,0.021,0,0,0.5564881,0.5564881,0.43288034,0.009112114,0.001519413
511,84,lying,2021-05-07 10:25:58.964,2021-05-07 10:26:00.944,0.021,0,0,0.55562186,0.55562186,0.4338443,0.009011025,0.0015228242
511,84,lying,2021-05-07 10:25:59.964,2021-05-07 10:26:01.944,0.021,0,0,0.5569261,0.5569261,0.4324913,0.009056603,0.0015259112
511,84,lying,2021-05-07 10:26:00.964,2021-05-07 10:26:02.944,0.021,0,0,0.5580497,0.5580497,0.43132037,0.009110927,0.0015191055
511,84,lying,2021-05-07 10:26:01.964,2021-05-07 10:26:03.944,0.021,0,0,0.5583166,0.5583166,0.43058005,0.009531592,0.0015718371
511,84,lying,2021-05-07 10:26:02.964,2021-05-07 10:26:04.944,0.021,0,0,0.5597121,0.5597121,0.4288762,0.009810595,0.0016010493
511,84,lying,2021-05-07 10:26:03.964,2021-05-07 10:26:05.944,0.021,0,0,0.55979943,0.55979943,0.42883375,0.0097736865,0.0015931308
511,84,lying,2021-05-07 10:26:04.963,2021-05-07 10:26:06.944,0.021,0,0,0.55876124,0.55876124,0.43052116,0.009192905,0.0015246028
511,84,lying,2021-05-07 10:26:05.963,2021-05-07 10:26:07.944,0.021,0,0,0.5507268,0.5507268,0.4394397,0.008378681,0.0014546828
511,84,lying,2021-05-07 10:26:06.963,2021-05-07 10:26:08.944,0.021,0,0,0.5541724,0.5541724,0.43531066,0.009000104,0.0015168402
511,84,lying,2021-05-07 10:26:07.963,2021-05-07 10:26:09.944,0.021,0,0,0.55842966,0.55842966,0.43062294,0.009397072,0.0015502063
511,84,lying,2021-05-07 10:26:08.963,2021-05-07 10:26:10.944,0.021,0,0,0.5558086,0.5558086,0.43387145,0.008833536,0.0014864119
511,84,lying,2021-05-07 10:26:09.963,2021-05-07 10:26:11.944,0.021,0,0,0.54556996,0.54556996,0.44531658,0.007731786,0.0013817182
511,84,lying,2021-05-07 10:26:10.963,2021-05-07 10:26:12.944,0.021,0,0,0.53784806,0.53784806,0.45345458,0.0073353685,0.0013618148
511,84,lying,2021-05-07 10:26:11.963,2021-05-07 10:26:13.944,0.021,0,0,0.5488698,0.5488698,0.44157875,0.008123533,0.0014279349
511,84,lying,2021-05-07 10:26:12.963,2021-05-07 10:26:14.944,0.021,0,0,0.55418974,0.55418974,0.43491545,0.009334322,0.0015604649
511,84,lying,2021-05-07 10:26:13.963,2021-05-07 10:26:15.944,0.021,0,0,0.5540822,0.5540822,0.43452576,0.009772482,0.0016194369
511,84,lying,2021-05-07 10:26:14.963,2021-05-07 10:26:16.944,0.021,0,0,0.5544478,0.5544478,0.43446526,0.00950145,0.0015853579
511,84,lying,2021-05-07 10:26:15.963,2021-05-07 10:26:17.944,0.021,0,0,0.55392313,0.55392313,0.4353422,0.00919012,0.0015446644
511,84,lying,2021-05-07 10:26:16.964,2021-05-07 10:26:18.944,0.021,0,0,0.5552695,0.5552695,0.433933,0.009256892,0.0015408096
511,84,lying,2021-05-07 10:26:17.964,2021-05-07 10:26:19.944,0.021,0,0,0.5558037,0.5558037,0.433107,0.00951322,0.0015760398
511,84,lying,2021-05-07 10:26:18.964,2021-05-07 10:26:20.944,0.021,0,0,0.554362,0.554362,0.434399,0.009637883,0.001601068
511,84,lying,2021-05-07 10:26:19.964,2021-05-07 10:26:21.944,0.021,0,0,0.5542244,0.5542244,0.43456212,0.009616062,0.0015974529
511,84,lying,2021-05-07 10:26:20.964,2021-05-07 10:26:22.944,0.021,0,0,0.5543305,0.5543305,0.43436512,0.00969717,0.0016072586
511,84,lying,2021-05-07 10:26:21.964,2021-05-07 10:26:23.944,0.021,0,0,0.5562374,0.5562374,0.43239188,0.009758025,0.0016125367
511,84,lying,2021-05-07 10:26:22.964,2021-05-07 10:26:24.944,0.021,0,0,0.5568318,0.5568318,0.4319052,0.009667347,0.0015955657
511,84,lying,2021-05-07 10:26:23.964,2021-05-07 10:26:25.944,0.021,0,0,0.55651367,0.55651367,0.4324654,0.009452723,0.0015682614
511,84,lying,2021-05-07 10:26:24.964,2021-05-07 10:26:26.944,0.021,0,0,0.55607855,0.55607855,0.4328763,0.009469156,0.001575945
511,84,lying,2021-05-07 10:26:25.964,2021-05-07 10:26:27.944,0.021,0,0,0.5558026,0.5558026,0.43307498,0.009538429,0.0015840288
511,84,lying,2021-05-07 10:26:26.964,2021-05-07 10:26:28.944,0.021,0,0,0.5557872,0.5557872,0.4333249,0.009328674,0.0015591324
511,84,lying,2021-05-07 10:26:27.964,2021-05-07 10:26:29.944,0.021,0,0,0.55643076,0.55643076,0.43276566,0.009258399,0.0015452083
511,84,lying,2021-05-07 10:26:28.964,2021-05-07 10:26:30.944,0.021,0,0,0.5583529,0.5583529,0.43062988,0.009458726,0.0015586052
511,84,lying,2021-05-07 10:26:29.964,2021-05-07 10:26:31.944,0.021,0,0,0.55832386,0.55832386,0.43064973,0.009460516,0.0015658677
511,84,lying,2021-05-07 10:26:30.964,2021-05-07 10:26:32.944,0.021,0,0,0.55533814,0.55533814,0.43409276,0.009042324,0.0015267145
511,84,lying,2021-05-07 10:26:31.964,2021-05-07 10:26:33.944,0.021,0,0,0.5472337,0.5472337,0.4431252,0.008188052,0.0014530849
511,84,lying,2021-05-07 10:26:32.964,2021-05-07 10:26:34.944,0.021,0,0,0.5470027,0.5470027,0.44333792,0.008207666,0.0014517285
511,84,lying,2021-05-07 10:26:33.964,2021-05-07 10:26:35.944,0.021,0,0,0.554879,0.554879,0.43458986,0.009011459,0.0015197415
511,84,lying,2021-05-07 10:26:34.964,2021-05-07 10:26:36.944,0.021,0,0,0.5530092,0.5530092,0.4364729,0.008992994,0.0015249362
511,84,lying,2021-05-07 10:26:35.964,2021-05-07 10:26:37.944,0.021,0,0,0.5478047,0.5478047,0.44221124,0.008502174,0.0014818166
511,84,lying,2021-05-07 10:26:36.964,2021-05-07 10:26:38.944,0.021,0,0,0.55176175,0.55176175,0.4377905,0.008912043,0.0015355676
511,84,lying,2021-05-07 10:26:37.964,2021-05-07 10:26:39.944,0.021,0,0,0.5535507,0.5535507,0.43578005,0.009129964,0.0015392833
511,84,lying,2021-05-07 10:26:38.964,2021-05-07 10:26:40.944,0.021,0,0,0.5475318,0.5475318,0.44248906,0.008491125,0.0014881114
511,84,lying,2021-05-07 10:26:39.964,2021-05-07 10:26:41.944,0.021,0,0,0.5468762,0.5468762,0.44330066,0.008348991,0.001474159
511,84,lying,2021-05-07 10:26:40.964,2021-05-07 10:26:42.944,0.021,0,0,0.55100083,0.55100083,0.43861082,0.008868442,0.0015198835
511,84,lying,2021-05-07 10:26:41.964,2021-05-07 10:26:43.944,0.021,0,0,0.5462459,0.5462459,0.4438698,0.008394165,0.001490047
511,84,lying,2021-05-07 10:26:42.964,2021-05-07 10:26:44.944,0.021,0,0,0.53593075,0.53593075,0.45489937,0.007727823,0.0014420006
511,84,lying,2021-05-07 10:26:43.964,2021-05-07 10:26:45.944,0.021,0,0,0.54444075,0.54444075,0.44563964,0.008421055,0.0014985527
511,84,lying,2021-05-07 10:26:44.964,2021-05-07 10:26:46.944,0.021,0,0,0.55552423,0.55552423,0.43357944,0.0093284715,0.0015677875
511,84,lying,2021-05-07 10:26:45.964,2021-05-07 10:26:47.944,0.021,0,0,0.5516936,0.5516936,0.43742782,0.009309293,0.0015692422
511,84,lying,2021-05-07 10:26:46.964,2021-05-07 10:26:48.944,0.021,0,0,0.55270004,0.55270004,0.43598834,0.009701691,0.0016098844
511,84,lying,2021-05-07 10:26:47.964,2021-05-07 10:26:49.944,0.021,0,0,0.5527109,0.5527109,0.4360431,0.009645692,0.0016002015
511,84,lying,2021-05-07 10:26:48.964,2021-05-07 10:26:50.944,0.021,0,0,0.5538824,0.5538824,0.43505156,0.009489123,0.0015769576
511,84,lying,2021-05-07 10:26:49.964,2021-05-07 10:26:51.944,0.021,0,0,0.546328,0.546328,0.4439162,0.008289926,0.0014657776
511,84,lying,2021-05-07 10:26:50.964,2021-05-07 10:26:52.944,0.021,0,0,0.5402282,0.5402282,0.4505876,0.007767261,0.001416978
511,84,lying,2021-05-07 10:26:51.964,2021-05-07 10:26:53.944,0.021,0,0,0.5487082,0.5487082,0.44105297,0.00873139,0.0015073222
511,84,lying,2021-05-07 10:26:52.964,2021-05-07 10:26:54.944,0.021,0,0,0.5492309,0.5492309,0.4402032,0.009018822,0.001547064
511,84,lying,2021-05-07 10:26:53.964,2021-05-07 10:26:55.944,0.021,0,0,0.5505999,0.5505999,0.43878475,0.009073093,0.0015423778
511,84,lying,2021-05-07 10:26:54.964,2021-05-07 10:26:56.944,0.021,0,0,0.54947597,0.54947597,0.44011092,0.00889308,0.0015199576
511,84,lying,2021-05-07 10:26:55.964,2021-05-07 10:26:57.944,0.021,0,0,0.5491788,0.5491788,0.44052967,0.008782913,0.001508679
511,84,lying,2021-05-07 10:26:56.964,2021-05-07 10:26:58.944,0.021,0,0,0.54769987,0.54769987,0.4421387,0.008662441,0.0014989696
511,84,lying,2021-05-07 10:26:57.964,2021-05-07 10:26:59.944,0.021,0,0,0.5372274,0.5372274,0.4536515,0.0076999487,0.001421137
511,84,lying,2021-05-07 10:26:58.964,2021-05-07 10:27:00.944,0.021,0,0,0.5208744,0.5208744,0.47140995,0.0064030127,0.0013126293
511,84,lying,2021-05-07 10:26:59.964,2021-05-07 10:27:01.944,0.021,0,0,0.52230334,0.52230334,0.47004923,0.0063549303,0.0012924437
511,84,lying,2021-05-07 10:27:00.964,2021-05-07 10:27:02.944,0.021,0,0,0.5396813,0.5396813,0.45153835,0.007396539,0.0013837708
511,84,lying,2021-05-07 10:27:01.964,2021-05-07 10:27:03.944,0.021,0,0,0.54362106,0.54362106,0.44717807,0.0077714543,0.0014293334
511,84,lying,2021-05-07 10:27:02.964,2021-05-07 10:27:04.944,0.021,0,0,0.53968227,0.53968227,0.45104134,0.007842661,0.0014337674
511,84,lying,2021-05-07 10:27:03.964,2021-05-07 10:27:05.944,0.021,0,0,0.5400333,0.5400333,0.45087525,0.007680934,0.0014105354
511,84,lying,2021-05-07 10:27:04.963,2021-05-07 10:27:06.944,0.021,0,0,0.5445384,0.5445384,0.44569325,0.008294148,0.0014741229
511,84,lying,2021-05-07 10:27:05.963,2021-05-07 10:27:07.944,0.021,0,0,0.5480101,0.5480101,0.44177064,0.008700441,0.001518933
511,84,lying,2021-05-07 10:27:06.963,2021-05-07 10:27:08.944,0.021,0,0,0.5521668,0.5521668,0.43716773,0.00911575,0.0015497594
511,84,lying,2021-05-07 10:27:07.963,2021-05-07 10:27:09.944,0.021,0,0,0.5474286,0.5474286,0.44281784,0.008289466,0.0014641442
511,84,lying,2021-05-07 10:27:08.963,2021-05-07 10:27:10.944,0.021,0,0,0.54705304,0.54705304,0.44324744,0.008226097,0.0014735813
511,84,lying,2021-05-07 10:27:09.963,2021-05-07 10:27:11.944,0.021,0,0,0.55960983,0.55960983,0.42922074,0.009586846,0.0015826513
511,84,lying,2021-05-07 10:27:10.963,2021-05-07 10:27:12.944,0.021,0,0,0.5548462,0.5548462,0.4340726,0.009498312,0.0015828792
511,84,lying,2021-05-07 10:27:11.963,2021-05-07 10:27:13.944,0.021,0,0,0.55491537,0.55491537,0.43382922,0.0096550565,0.0016003599
511,84,lying,2021-05-07 10:27:12.963,2021-05-07 10:27:14.944,0.021,0,0,0.55520135,0.55520135,0.43358096,0.009623128,0.0015946176
511,84,lying,2021-05-07 10:27:13.963,2021-05-07 10:27:15.944,0.021,0,0,0.5538628,0.5538628,0.43551305,0.009094058,0.0015301504
511,84,lying,2021-05-07 10:27:14.963,2021-05-07 10:27:16.944,0.021,0,0,0.5397552,0.5397552,0.45269123,0.0063419426,0.0012117091
511,84,lying,2021-05-07 10:27:15.963,2021-05-07 10:27:17.944,0.021,0,0,0.535476,0.535476,0.4574505,0.0059226137,0.0011508148
511,84,lying,2021-05-07 10:27:16.964,2021-05-07 10:27:18.944,0.021,0,0,0.5521914,0.5521914,0.43755665,0.008768794,0.001483194
511,84,lying,2021-05-07 10:27:17.964,2021-05-07 10:27:19.944,0.021,0,0,0.55362236,0.55362236,0.43565753,0.009190291,0.0015299033
511,84,lying,2021-05-07 10:27:18.964,2021-05-07 10:27:20.944,0.021,0,0,0.554146,0.554146,0.43529803,0.009053732,0.0015022564
511,84,lying,2021-05-07 10:27:19.964,2021-05-07 10:27:21.944,0.021,0,0,0.5529724,0.5529724,0.43669307,0.0088530565,0.0014814185
511,84,lying,2021-05-07 10:27:20.964,2021-05-07 10:27:22.944,0.021,0,0,0.55291444,0.55291444,0.43666306,0.008926692,0.0014958652
511,84,lying,2021-05-07 10:27:21.964,2021-05-07 10:27:23.944,0.021,0,0,0.5525071,0.5525071,0.43724504,0.008771645,0.0014762318
511,84,lying,2021-05-07 10:27:22.964,2021-05-07 10:27:24.944,0.021,0,0,0.55236816,0.55236816,0.4374009,0.008754261,0.0014765816
511,84,lying,2021-05-07 10:27:23.964,2021-05-07 10:27:25.944,0.021,0,0,0.55252826,0.55252826,0.43715498,0.008832033,0.0014847742
511,84,lying,2021-05-07 10:27:24.964,2021-05-07 10:27:26.944,0.021,0,0,0.55225015,0.55225015,0.4374569,0.008808989,0.0014839653
511,84,lying,2021-05-07 10:27:25.964,2021-05-07 10:27:27.944,0.021,0,0,0.5525184,0.5525184,0.43723175,0.0087754605,0.0014743853
511,84,lying,2021-05-07 10:27:26.964,2021-05-07 10:27:28.944,0.021,0,0,0.5534465,0.5534465,0.43609306,0.008968535,0.0014919096
511,84,lying,2021-05-07 10:27:27.964,2021-05-07 10:27:29.944,0.021,0,0,0.55230594,0.55230594,0.43743217,0.008783349,0.0014786598
511,84,lying,2021-05-07 10:27:28.964,2021-05-07 10:27:30.944,0.021,0,0,0.55173874,0.55173874,0.4381867,0.0086153615,0.0014591449
511,84,lying,2021-05-07 10:27:29.964,2021-05-07 10:27:31.944,0.021,0,0,0.5524162,0.5524162,0.43737102,0.008741298,0.0014714565
511,84,lying,2021-05-07 10:27:30.964,2021-05-07 10:27:32.944,0.021,0,0,0.55258113,0.55258113,0.4371894,0.0087566795,0.0014727551
511,84,lying,2021-05-07 10:27:31.964,2021-05-07 10:27:33.944,0.021,0,0,0.5525666,0.5525666,0.43716764,0.008788571,0.0014772366
511,84,lying,2021-05-07 10:27:32.964,2021-05-07 10:27:34.944,0.021,0,0,0.552254,0.552254,0.4374338,0.008823883,0.0014883204
511,84,lying,2021-05-07 10:27:33.964,2021-05-07 10:27:35.944,0.021,0,0,0.55106324,0.55106324,0.43887922,0.008596283,0.0014612678
511,84,lying,2021-05-07 10:27:34.964,2021-05-07 10:27:36.944,0.021,0,0,0.55015284,0.55015284,0.43999735,0.008408792,0.0014410196
511,84,lying,2021-05-07 10:27:35.964,2021-05-07 10:27:37.944,0.021,0,0,0.5507087,0.5507087,0.43926346,0.008565071,0.0014627682
511,84,lying,2021-05-07 10:27:36.964,2021-05-07 10:27:38.944,0.021,0,0,0.5498217,0.5498217,0.44021118,0.008509618,0.0014574222
511,84,lying,2021-05-07 10:27:37.964,2021-05-07 10:27:39.944,0.021,0,0,0.5483048,0.5483048,0.44187436,0.008374918,0.0014460344
511,84,lying,2021-05-07 10:27:38.964,2021-05-07 10:27:40.944,0.021,0,0,0.5479496,0.5479496,0.44232136,0.008290003,0.0014390959
511,84,lying,2021-05-07 10:27:39.964,2021-05-07 10:27:41.944,0.021,0,0,0.548256,0.548256,0.4420037,0.008299706,0.0014405928
511,84,lying,2021-05-07 10:27:40.964,2021-05-07 10:27:42.944,0.021,0,0,0.5463296,0.5463296,0.44429687,0.007963355,0.0014102231
511,84,lying,2021-05-07 10:27:41.964,2021-05-07 10:27:43.944,0.021,0,0,0.5428106,0.5428106,0.44817585,0.007630589,0.0013829259
511,84,lying,2021-05-07 10:27:42.964,2021-05-07 10:27:44.944,0.021,0,0,0.5308142,0.5308142,0.4612143,0.006673746,0.0012977734
511,84,lying,2021-05-07 10:27:43.964,2021-05-07 10:27:45.944,0.021,0,0,0.5159,0.5159,0.47720358,0.005692104,0.0012044094
511,84,lying,2021-05-07 10:27:44.964,2021-05-07 10:27:46.944,0.021,0,0,0.5225177,0.5225177,0.47002643,0.0061968304,0.0012591383
511,84,lying,2021-05-07 10:27:45.964,2021-05-07 10:27:47.944,0.021,0,0,0.52988577,0.52988577,0.4619778,0.0068123993,0.0013240146
511,84,lying,2021-05-07 10:27:46.964,2021-05-07 10:27:48.944,0.021,0,0,0.5207066,0.5207066,0.4718852,0.006151596,0.0012566274
511,84,lying,2021-05-07 10:27:47.964,2021-05-07 10:27:49.944,0.021,0,0,0.5255858,0.5255858,0.46664497,0.006484614,0.0012846285
511,84,lying,2021-05-07 10:27:48.964,2021-05-07 10:27:50.944,0.021,0,0,0.53709847,0.53709847,0.4541422,0.0073930034,0.0013662834
511,84,lying,2021-05-07 10:27:49.964,2021-05-07 10:27:51.944,0.021,0,0,0.5440278,0.5440278,0.44662255,0.00793306,0.0014165634
511,84,lying,2021-05-07 10:27:50.964,2021-05-07 10:27:52.944,0.021,0,0,0.5435788,0.5435788,0.44707373,0.007932377,0.001415185
511,84,lying,2021-05-07 10:27:51.964,2021-05-07 10:27:53.944,0.021,0,0,0.5366074,0.5366074,0.45472762,0.0073066484,0.0013583968
511,84,lying,2021-05-07 10:27:52.964,2021-05-07 10:27:54.944,0.021,0,0,0.508512,0.508512,0.4847518,0.005519961,0.0012162992
511,84,lying,2021-05-07 10:27:53.964,2021-05-07 10:27:55.944,0.021,0,1,0.5308762,0.46462834,0.5308762,0.0035267824,0.000968706
511,84,lying,2021-05-07 10:27:54.964,2021-05-07 10:27:56.944,0.021,0,1,0.5050563,0.48946318,0.5050563,0.0043956614,0.0010848218
511,84,lying,2021-05-07 10:27:55.964,2021-05-07 10:27:57.944,0.021,0,1,0.5194104,0.47565192,0.5194104,0.0039130314,0.0010247234
511,84,lying,2021-05-07 10:27:56.964,2021-05-07 10:27:58.944,0.021,0,1,0.50048095,0.49379316,0.50048095,0.004606752,0.0011191025
511,84,lying,2021-05-07 10:27:57.964,2021-05-07 10:27:59.944,0.021,0,0,0.5336101,0.5336101,0.45741516,0.0075568235,0.0014178803
511,84,lying,2021-05-07 10:27:58.964,2021-05-07 10:28:00.944,0.021,0,0,0.53260267,0.53260267,0.45835355,0.007614472,0.0014292483
511,84,lying,2021-05-07 10:27:59.964,2021-05-07 10:28:01.944,0.021,0,0,0.5267073,0.5267073,0.46517253,0.0067869937,0.0013331592
511,84,lying,2021-05-07 10:28:00.964,2021-05-07 10:28:02.944,0.021,0,0,0.5271569,0.5271569,0.46487808,0.0066473144,0.0013176346
511,84,lying,2021-05-07 10:28:01.964,2021-05-07 10:28:03.944,0.021,0,0,0.5259247,0.5259247,0.46613705,0.0066182683,0.0013199584
511,84,lying,2021-05-07 10:28:02.964,2021-05-07 10:28:04.944,0.021,0,0,0.5262379,0.5262379,0.46582624,0.006613299,0.0013224334
511,84,lying,2021-05-07 10:28:03.964,2021-05-07 10:28:05.944,0.021,0,0,0.535724,0.535724,0.45563793,0.007268017,0.0013701022
511,84,lying,2021-05-07 10:28:04.963,2021-05-07 10:28:06.944,0.021,0,0,0.5396968,0.5396968,0.45127687,0.007627846,0.0013985792
511,84,lying,2021-05-07 10:28:05.963,2021-05-07 10:28:07.944,0.021,0,0,0.5358928,0.5358928,0.4553823,0.0073524895,0.0013725521
511,84,lying,2021-05-07 10:28:06.963,2021-05-07 10:28:08.944,0.021,0,0,0.5294052,0.5294052,0.46257704,0.006714504,0.0013032317
511,84,lying,2021-05-07 10:28:07.963,2021-05-07 10:28:09.944,0.021,0,0,0.53125983,0.53125983,0.46062168,0.0068086553,0.0013097988
511,84,lying,2021-05-07 10:28:08.963,2021-05-07 10:28:10.944,0.021,0,0,0.53351974,0.53351974,0.45821375,0.0069429507,0.0013235231
511,84,lying,2021-05-07 10:28:09.963,2021-05-07 10:28:11.944,0.021,0,0,0.5405037,0.5405037,0.45042446,0.0076742675,0.0013975445
511,84,lying,2021-05-07 10:28:10.963,2021-05-07 10:28:12.944,0.021,0,0,0.5416681,0.5416681,0.44886988,0.008023396,0.0014386501
511,84,lying,2021-05-07 10:28:11.963,2021-05-07 10:28:13.944,0.021,0,0,0.54115444,0.54115444,0.44948974,0.007931468,0.0014242869
511,84,lying,2021-05-07 10:28:12.963,2021-05-07 10:28:14.944,0.021,0,0,0.5398531,0.5398531,0.451279,0.007502927,0.0013649923
511,84,lying,2021-05-07 10:28:13.963,2021-05-07 10:28:15.944,0.021,0,0,0.5398748,0.5398748,0.4513693,0.0074072042,0.0013487682
511,84,lying,2021-05-07 10:28:14.963,2021-05-07 10:28:16.944,0.021,0,0,0.54304993,0.54304993,0.44751382,0.00801179,0.0014243847
511,84,lying,2021-05-07 10:28:15.963,2021-05-07 10:28:17.944,0.021,0,0,0.53682655,0.53682655,0.4542491,0.007531832,0.0013924559
511,84,lying,2021-05-07 10:28:16.964,2021-05-07 10:28:18.944,0.021,0,0,0.5392542,0.5392542,0.45153794,0.0077894838,0.0014183405
511,84,lying,2021-05-07 10:28:17.964,2021-05-07 10:28:19.944,0.021,0,0,0.54226464,0.54226464,0.44817367,0.008110302,0.0014512915
511,84,lying,2021-05-07 10:28:18.964,2021-05-07 10:28:20.944,0.021,0,0,0.5412385,0.5412385,0.44928002,0.008038549,0.0014429605
511,84,lying,2021-05-07 10:28:19.964,2021-05-07 10:28:21.944,0.021,0,0,0.5412056,0.5412056,0.44933024,0.00802377,0.0014404461
511,84,lying,2021-05-07 10:28:20.964,2021-05-07 10:28:22.944,0.021,0,0,0.5399917,0.5399917,0.45065105,0.007926961,0.0014302883
511,84,lying,2021-05-07 10:28:21.964,2021-05-07 10:28:23.944,0.021,0,0,0.5401059,0.5401059,0.45055887,0.007910458,0.0014247975
511,84,lying,2021-05-07 10:28:22.964,2021-05-07 10:28:24.944,0.021,0,0,0.5396305,0.5396305,0.45134437,0.0076342,0.0013910073
511,84,lying,2021-05-07 10:28:23.964,2021-05-07 10:28:25.944,0.021,0,0,0.53399944,0.53399944,0.457632,0.007036055,0.0013325652
511,84,lying,2021-05-07 10:28:24.964,2021-05-07 10:28:26.944,0.021,0,0,0.53172743,0.53172743,0.4599665,0.0069728605,0.0013330838
511,84,lying,2021-05-07 10:28:25.964,2021-05-07 10:28:27.944,0.021,0,0,0.5339981,0.5339981,0.45735797,0.007272603,0.0013712504
511,84,lying,2021-05-07 10:28:26.964,2021-05-07 10:28:28.944,0.021,0,0,0.53501344,0.53501344,0.4561326,0.007460817,0.0013931333
511,84,lying,2021-05-07 10:28:27.964,2021-05-07 10:28:29.944,0.021,0,0,0.5355996,0.5355996,0.45554724,0.0074646054,0.00138856
511,84,lying,2021-05-07 10:28:28.964,2021-05-07 10:28:30.944,0.021,0,0,0.53518265,0.53518265,0.45610178,0.007339768,0.0013757538
511,84,lying,2021-05-07 10:28:29.964,2021-05-07 10:28:31.944,0.021,0,0,0.53519976,0.53519976,0.45605597,0.0073635946,0.0013806662
511,84,lying,2021-05-07 10:28:30.964,2021-05-07 10:28:32.944,0.021,0,0,0.53498274,0.53498274,0.45645165,0.0072070784,0.0013584214
511,84,lying,2021-05-07 10:28:31.964,2021-05-07 10:28:33.944,0.021,0,0,0.5321122,0.5321122,0.45957986,0.006979999,0.0013279786
511,84,lying,2021-05-07 10:28:32.964,2021-05-07 10:28:34.944,0.021,0,0,0.5386487,0.5386487,0.452437,0.007531087,0.0013832006
511,84,lying,2021-05-07 10:28:33.964,2021-05-07 10:28:35.944,0.021,0,0,0.5428207,0.5428207,0.44786602,0.007889405,0.0014238404
511,84,lying,2021-05-07 10:28:34.964,2021-05-07 10:28:36.944,0.021,0,0,0.5400396,0.5400396,0.4509434,0.0076188296,0.0013981515
511,84,lying,2021-05-07 10:28:35.964,2021-05-07 10:28:37.944,0.021,0,0,0.53774667,0.53774667,0.4535876,0.00730392,0.0013618029
511,84,lying,2021-05-07 10:28:36.964,2021-05-07 10:28:38.944,0.021,0,0,0.532122,0.532122,0.45967165,0.0068743005,0.001332104
511,84,lying,2021-05-07 10:28:37.964,2021-05-07 10:28:39.944,0.021,0,0,0.52985257,0.52985257,0.4620623,0.006763346,0.0013218703
511,84,lying,2021-05-07 10:28:38.964,2021-05-07 10:28:40.944,0.021,0,0,0.51581734,0.51581734,0.4769693,0.0059614317,0.0012518698
511,84,lying,2021-05-07 10:28:39.964,2021-05-07 10:28:41.944,0.021,0,0,0.5247466,0.5247466,0.4672105,0.0067114383,0.0013314933
511,84,lying,2021-05-07 10:28:40.964,2021-05-07 10:28:42.944,0.021,0,0,0.5366941,0.5366941,0.4539647,0.007889479,0.00145166
511,84,lying,2021-05-07 10:28:41.964,2021-05-07 10:28:43.944,0.021,0,0,0.53479433,0.53479433,0.4561955,0.0075894822,0.0014207601
511,84,lying,2021-05-07 10:28:42.964,2021-05-07 10:28:44.944,0.021,0,0,0.5345495,0.5345495,0.45676935,0.0072967634,0.0013844591
511,84,lying,2021-05-07 10:28:43.964,2021-05-07 10:28:45.944,0.021,0,0,0.53721046,0.53721046,0.45367923,0.007684294,0.0014259735
511,84,lying,2021-05-07 10:28:44.964,2021-05-07 10:28:46.944,0.021,0,0,0.5273015,0.5273015,0.46453965,0.0068118013,0.0013469995
511,84,lying,2021-05-07 10:28:45.964,2021-05-07 10:28:47.944,0.021,0,0,0.5302227,0.5302227,0.46134424,0.007072586,0.0013604019
511,84,lying,2021-05-07 10:28:46.964,2021-05-07 10:28:48.944,0.021,0,0,0.5374714,0.5374714,0.45353448,0.007587824,0.0014062378
511,84,lying,2021-05-07 10:28:47.964,2021-05-07 10:28:49.944,0.021,0,0,0.529182,0.529182,0.46267763,0.0068088714,0.0013314873
511,84,lying,2021-05-07 10:28:48.964,2021-05-07 10:28:50.944,0.021,0,0,0.5336884,0.5336884,0.45780933,0.0071440195,0.0013582979
511,84,lying,2021-05-07 10:28:49.964,2021-05-07 10:28:51.944,0.021,0,0,0.5455607,0.5455607,0.44464454,0.008328452,0.0014663143
511,84,lying,2021-05-07 10:28:50.964,2021-05-07 10:28:52.944,0.021,0,0,0.54647917,0.54647917,0.44359112,0.008453156,0.0014766543
511,84,lying,2021-05-07 10:28:51.964,2021-05-07 10:28:53.944,0.021,0,0,0.54215413,0.54215413,0.4485801,0.007849475,0.0014162627
511,84,lying,2021-05-07 10:28:52.964,2021-05-07 10:28:54.944,0.021,0,0,0.5443109,0.5443109,0.44636104,0.007910789,0.001417283
511,84,lying,2021-05-07 10:28:53.964,2021-05-07 10:28:55.944,0.021,0,0,0.54992694,0.54992694,0.44007266,0.0085242195,0.0014761611
511,84,lying,2021-05-07 10:28:54.964,2021-05-07 10:28:56.944,0.021,0,0,0.5466329,0.5466329,0.44361147,0.008298267,0.0014573991
511,84,lying,2021-05-07 10:28:55.964,2021-05-07 10:28:57.944,0.021,0,0,0.54727554,0.54727554,0.44282264,0.008438665,0.0014632631
511,84,lying,2021-05-07 10:28:56.964,2021-05-07 10:28:58.944,0.021,0,0,0.54725,0.54725,0.44296992,0.008331032,0.0014491784
511,84,lying,2021-05-07 10:28:57.964,2021-05-07 10:28:59.944,0.021,0,0,0.5450384,0.5450384,0.4454232,0.008102907,0.0014355315
511,84,lying,2021-05-07 10:28:58.964,2021-05-07 10:29:00.944,0.021,0,0,0.54636014,0.54636014,0.4439555,0.008237558,0.0014467703
511,84,lying,2021-05-07 10:28:59.964,2021-05-07 10:29:01.944,0.021,0,0,0.54440665,0.54440665,0.44609672,0.00806243,0.0014341172
511,84,lying,2021-05-07 10:29:00.964,2021-05-07 10:29:02.944,0.021,0,0,0.54535383,0.54535383,0.44511458,0.008098102,0.0014334783
511,84,lying,2021-05-07 10:29:01.964,2021-05-07 10:29:03.944,0.021,0,0,0.54755515,0.54755515,0.44262597,0.008365717,0.0014531739
511,84,lying,2021-05-07 10:29:02.964,2021-05-07 10:29:04.944,0.021,0,0,0.54881024,0.54881024,0.44111502,0.008597031,0.0014776924
511,84,lying,2021-05-07 10:29:03.964,2021-05-07 10:29:05.944,0.021,0,0,0.54877776,0.54877776,0.4411304,0.0086099375,0.0014819754
511,84,lying,2021-05-07 10:29:04.963,2021-05-07 10:29:06.944,0.021,0,0,0.5470645,0.5470645,0.4430694,0.008397899,0.0014682758
511,84,lying,2021-05-07 10:29:05.963,2021-05-07 10:29:07.944,0.021,0,0,0.54674083,0.54674083,0.44356403,0.008247379,0.0014477804
511,84,lying,2021-05-07 10:29:06.963,2021-05-07 10:29:08.944,0.021,0,0,0.54750526,0.54750526,0.4427011,0.00833976,0.001453815
511,84,lying,2021-05-07 10:29:07.963,2021-05-07 10:29:09.944,0.021,0,0,0.5440021,0.5440021,0.446516,0.008050886,0.0014309491
511,84,lying,2021-05-07 10:29:08.963,2021-05-07 10:29:10.944,0.021,0,0,0.5427676,0.5427676,0.44784415,0.007966188,0.0014221215
511,84,lying,2021-05-07 10:29:09.963,2021-05-07 10:29:11.944,0.021,0,0,0.5426475,0.5426475,0.44803026,0.007903791,0.0014184231
511,84,lying,2021-05-07 10:29:10.963,2021-05-07 10:29:12.944,0.021,0,0,0.5432498,0.5432498,0.447542,0.0078056077,0.0014025769
511,84,lying,2021-05-07 10:29:11.963,2021-05-07 10:29:13.944,0.021,0,0,0.540901,0.540901,0.4500877,0.007627686,0.0013835282
511,84,lying,2021-05-07 10:29:12.963,2021-05-07 10:29:14.944,0.021,0,0,0.543475,0.543475,0.44715193,0.007960684,0.001412418
511,84,lying,2021-05-07 10:29:13.963,2021-05-07 10:29:15.944,0.021,0,0,0.5474951,0.5474951,0.44275495,0.008303085,0.0014468834
511,84,lying,2021-05-07 10:29:14.963,2021-05-07 10:29:16.944,0.021,0,0,0.54674363,0.54674363,0.44362137,0.008198042,0.001437109
511,84,lying,2021-05-07 10:29:15.963,2021-05-07 10:29:17.944,0.021,0,0,0.5445009,0.5445009,0.4460899,0.007988512,0.0014206822
511,84,lying,2021-05-07 10:29:16.964,2021-05-07 10:29:18.944,0.021,0,0,0.5438984,0.5438984,0.44662383,0.008050195,0.0014274525
511,84,lying,2021-05-07 10:29:17.964,2021-05-07 10:29:19.944,0.021,0,0,0.54393643,0.54393643,0.44665664,0.007989482,0.0014174781
511,84,lying,2021-05-07 10:29:18.964,2021-05-07 10:29:20.944,0.021,0,0,0.54376644,0.54376644,0.44676423,0.008045603,0.0014238245
511,84,lying,2021-05-07 10:29:19.964,2021-05-07 10:29:21.944,0.021,0,0,0.54450774,0.54450774,0.44593507,0.008122044,0.001435117
511,84,lying,2021-05-07 10:29:20.964,2021-05-07 10:29:22.944,0.021,0,0,0.54449856,0.54449856,0.44593582,0.008123487,0.0014421268
511,84,lying,2021-05-07 10:29:21.964,2021-05-07 10:29:23.944,0.021,0,0,0.54460144,0.54460144,0.44577768,0.008171335,0.0014494166
511,84,lying,2021-05-07 10:29:22.964,2021-05-07 10:29:24.944,0.021,0,0,0.54506946,0.54506946,0.44518748,0.00828494,0.0014580938
511,84,lying,2021-05-07 10:29:23.964,2021-05-07 10:29:25.944,0.021,0,0,0.5448706,0.5448706,0.44542652,0.008248973,0.0014539182
511,84,lying,2021-05-07 10:29:24.964,2021-05-07 10:29:26.944,0.021,0,0,0.5439563,0.5439563,0.44654584,0.0080617545,0.0014361301
511,84,lying,2021-05-07 10:29:25.964,2021-05-07 10:29:27.944,0.021,0,0,0.54369444,0.54369444,0.44680673,0.0080624595,0.0014363973
511,84,lying,2021-05-07 10:29:26.964,2021-05-07 10:29:28.944,0.021,0,0,0.53313863,0.53313863,0.45847842,0.007032016,0.0013509719
511,84,lying,2021-05-07 10:29:27.964,2021-05-07 10:29:29.944,0.021,0,0,0.53605866,0.53605866,0.45527476,0.0073011396,0.0013653684
511,84,lying,2021-05-07 10:29:28.964,2021-05-07 10:29:30.944,0.021,0,0,0.54129577,0.54129577,0.44951618,0.0077797943,0.001408247
511,84,lying,2021-05-07 10:29:29.964,2021-05-07 10:29:31.944,0.021,0,0,0.52588964,0.52588964,0.46637774,0.0064437487,0.0012888254
511,84,lying,2021-05-07 10:29:30.964,2021-05-07 10:29:32.944,0.021,0,0,0.52715725,0.52715725,0.4648802,0.006650835,0.0013117795
511,84,lying,2021-05-07 10:29:31.964,2021-05-07 10:29:33.944,0.021,0,0,0.54350305,0.54350305,0.44703025,0.00803538,0.0014314372
511,84,lying,2021-05-07 10:29:32.964,2021-05-07 10:29:34.944,0.021,0,0,0.5437088,0.5437088,0.44689655,0.007973229,0.0014213192
511,84,lying,2021-05-07 10:29:33.964,2021-05-07 10:29:35.944,0.021,0,0,0.54286605,0.54286605,0.4478636,0.007859865,0.0014105475
511,84,lying,2021-05-07 10:29:34.964,2021-05-07 10:29:36.944,0.021,0,0,0.5400438,0.5400438,0.4509578,0.007608941,0.0013894724
511,84,lying,2021-05-07 10:29:35.964,2021-05-07 10:29:37.944,0.021,0,0,0.5391979,0.5391979,0.4519595,0.0074702785,0.0013723136
511,84,lying,2021-05-07 10:29:36.964,2021-05-07 10:29:38.944,0.021,0,0,0.5420388,0.5420388,0.44886434,0.007706202,0.0013906927
511,84,lying,2021-05-07 10:29:37.964,2021-05-07 10:29:39.944,0.021,0,0,0.5362541,0.5362541,0.455189,0.0072094565,0.0013474132
511,84,lying,2021-05-07 10:29:38.964,2021-05-07 10:29:40.944,0.021,0,0,0.5414666,0.5414666,0.44929668,0.007832983,0.0014037725
511,84,lying,2021-05-07 10:29:39.964,2021-05-07 10:29:41.944,0.021,0,0,0.5340984,0.5340984,0.45747066,0.007082425,0.0013486168
511,84,lying,2021-05-07 10:29:40.964,2021-05-07 10:29:42.944,0.021,0,0,0.5334908,0.5334908,0.4584019,0.006789557,0.001317834
511,84,lying,2021-05-07 10:29:41.964,2021-05-07 10:29:43.944,0.021,0,0,0.5418647,0.5418647,0.4491361,0.007616169,0.0013831081
511,84,lying,2021-05-07 10:29:42.964,2021-05-07 10:29:44.944,0.021,0,0,0.53938645,0.53938645,0.45183173,0.0074114343,0.0013703683
511,84,lying,2021-05-07 10:29:43.964,2021-05-07 10:29:45.944,0.021,0,0,0.536308,0.536308,0.45540535,0.006960863,0.001325705
511,84,lying,2021-05-07 10:29:44.964,2021-05-07 10:29:46.944,0.021,0,0,0.53731316,0.53731316,0.45412612,0.00721299,0.0013477715
511,84,lying,2021-05-07 10:29:45.964,2021-05-07 10:29:47.944,0.021,0,0,0.5440674,0.5440674,0.4475915,0.007070894,0.0012702689
511,84,lying,2021-05-07 10:29:46.964,2021-05-07 10:29:48.944,0.021,0,0,0.5713674,0.5713674,0.41847953,0.008745481,0.0014076374
511,84,lying,2021-05-07 10:29:47.964,2021-05-07 10:29:49.944,0.021,0,0,0.5533898,0.5533898,0.4369564,0.008232154,0.0014215674
511,84,lying,2021-05-07 10:29:48.964,2021-05-07 10:29:50.944,0.021,0,0,0.52726203,0.52726203,0.465314,0.006189621,0.0012343694
511,84,lying,2021-05-07 10:29:49.964,2021-05-07 10:29:51.944,0.021,0,0,0.51430076,0.51430076,0.47871384,0.005740433,0.0012449971
511,84,lying,2021-05-07 10:29:50.964,2021-05-07 10:29:52.944,0.021,0,0,0.51943827,0.51943827,0.4729121,0.006328708,0.0013207687
511,84,lying,2021-05-07 10:29:51.964,2021-05-07 10:29:53.944,0.021,0,0,0.5383899,0.5383899,0.452202,0.007960834,0.0014471386
511,84,lying,2021-05-07 10:29:52.964,2021-05-07 10:29:54.944,0.021,0,0,0.53778815,0.53778815,0.45273715,0.008022417,0.0014523624
511,84,lying,2021-05-07 10:29:53.964,2021-05-07 10:29:55.944,0.021,0,0,0.5380029,0.5380029,0.45261642,0.007941864,0.0014386709
511,84,lying,2021-05-07 10:29:54.964,2021-05-07 10:29:56.944,0.021,0,0,0.5380663,0.5380663,0.45235527,0.008119202,0.0014591801
511,84,lying,2021-05-07 10:29:55.964,2021-05-07 10:29:57.944,0.021,0,0,0.5377576,0.5377576,0.4528015,0.007994002,0.0014469076
511,84,lying,2021-05-07 10:29:56.964,2021-05-07 10:29:58.944,0.021,0,0,0.53669924,0.53669924,0.45425832,0.0076330113,0.0014094587
511,84,lying,2021-05-07 10:29:57.964,2021-05-07 10:29:59.944,0.021,0,0,0.5371089,0.5371089,0.453819,0.007666651,0.0014054448
511,84,lying,2021-05-07 10:29:58.964,2021-05-07 10:30:00.944,0.021,0,0,0.53429735,0.53429735,0.45690578,0.007421019,0.0013758029
511,84,lying,2021-05-07 10:29:59.964,2021-05-07 10:30:01.944,0.021,0,0,0.5180171,0.5180171,0.4747235,0.006017895,0.0012415117
511,84,lying,2021-05-07 10:30:00.964,2021-05-07 10:30:02.944,0.021,0,0,0.529261,0.529261,0.46276155,0.006678972,0.001298521
511,84,lying,2021-05-07 10:30:01.964,2021-05-07 10:30:03.944,0.021,0,0,0.5350351,0.5350351,0.4563,0.007301546,0.0013634041
511,84,lying,2021-05-07 10:30:02.964,2021-05-07 10:30:04.944,0.021,0,0,0.53579134,0.53579134,0.4554113,0.00741943,0.0013780339
511,84,lying,2021-05-07 10:30:03.964,2021-05-07 10:30:05.944,0.021,0,0,0.5361301,0.5361301,0.45491874,0.0075555565,0.0013956362
511,84,lying,2021-05-07 10:30:04.963,2021-05-07 10:30:06.944,0.021,0,0,0.5367444,0.5367444,0.45423895,0.0076174326,0.0013992476
511,84,lying,2021-05-07 10:30:05.963,2021-05-07 10:30:07.944,0.021,0,0,0.53766143,0.53766143,0.45324153,0.00769599,0.0014010456
511,84,lying,2021-05-07 10:30:06.963,2021-05-07 10:30:08.944,0.021,0,0,0.5335749,0.5335749,0.4592699,0.0060019474,0.001153255
511,84,lying,2021-05-07 10:30:07.963,2021-05-07 10:30:09.944,0.021,0,0,0.5248154,0.5248154,0.4696962,0.004526595,0.0009618294
511,84,lying,2021-05-07 10:30:08.963,2021-05-07 10:30:10.944,0.021,0,0,0.5178294,0.5178294,0.47606423,0.0050314874,0.0010747816
511,84,lying,2021-05-07 10:30:09.963,2021-05-07 10:30:11.944,0.021,0,0,0.5069989,0.5069989,0.48677513,0.0051031564,0.0011227517
511,84,lying,2021-05-07 10:30:10.963,2021-05-07 10:30:12.944,0.021,0,0,0.52086085,0.52086085,0.471758,0.006138074,0.0012431302
511,84,lying,2021-05-07 10:30:11.963,2021-05-07 10:30:13.944,0.021,0,0,0.53636307,0.53636307,0.45521933,0.007094971,0.0013226415
511,84,lying,2021-05-07 10:30:12.963,2021-05-07 10:30:14.944,0.021,0,0,0.53441054,0.53441054,0.45749485,0.0068040295,0.0012906393
511,84,lying,2021-05-07 10:30:13.963,2021-05-07 10:30:15.944,0.021,0,0,0.5312936,0.5312936,0.4608779,0.006563006,0.0012654772
511,84,lying,2021-05-07 10:30:14.963,2021-05-07 10:30:16.944,0.021,0,0,0.53193426,0.53193426,0.46019104,0.006608501,0.0012660901
511,84,lying,2021-05-07 10:30:15.963,2021-05-07 10:30:17.944,0.021,0,0,0.53212047,0.53212047,0.46010736,0.006517643,0.0012546113
511,84,lying,2021-05-07 10:30:16.964,2021-05-07 10:30:18.944,0.021,0,0,0.53638065,0.53638065,0.4554864,0.0068467683,0.00128612
511,84,lying,2021-05-07 10:30:17.964,2021-05-07 10:30:19.944,0.021,0,0,0.5391818,0.5391818,0.45210564,0.0073708524,0.001341665
511,84,lying,2021-05-07 10:30:18.964,2021-05-07 10:30:20.944,0.021,0,0,0.5405111,0.5405111,0.45038462,0.0077242614,0.0013801281
511,84,lying,2021-05-07 10:30:19.964,2021-05-07 10:30:21.944,0.021,0,0,0.5405749,0.5405749,0.45036152,0.007688887,0.0013746443
511,84,lying,2021-05-07 10:30:20.964,2021-05-07 10:30:22.944,0.021,0,0,0.5402126,0.5402126,0.4507882,0.007628945,0.0013702328
511,84,lying,2021-05-07 10:30:21.964,2021-05-07 10:30:23.944,0.021,0,0,0.539054,0.539054,0.45222938,0.0073740957,0.0013425602
511,84,lying,2021-05-07 10:30:22.964,2021-05-07 10:30:24.944,0.021,0,0,0.53791904,0.53791904,0.45359004,0.0071696723,0.0013212856
511,84,lying,2021-05-07 10:30:23.964,2021-05-07 10:30:25.944,0.021,0,0,0.53888005,0.53888005,0.45234987,0.007420848,0.001349218
511,84,lying,2021-05-07 10:30:24.964,2021-05-07 10:30:26.944,0.021,0,0,0.53919077,0.53919077,0.45201766,0.0074401367,0.0013514471
511,84,lying,2021-05-07 10:30:25.964,2021-05-07 10:30:27.944,0.021,0,0,0.53873223,0.53873223,0.4526152,0.0073137376,0.0013388126
511,84,lying,2021-05-07 10:30:26.964,2021-05-07 10:30:28.944,0.021,0,0,0.53603524,0.53603524,0.45569867,0.0069631976,0.0013029004
511,84,lying,2021-05-07 10:30:27.964,2021-05-07 10:30:29.944,0.021,0,0,0.5238509,0.5238509,0.46903482,0.0059158527,0.001198504
511,84,lying,2021-05-07 10:30:28.964,2021-05-07 10:30:30.944,0.021,0,0,0.52195174,0.52195174,0.47119993,0.0056917053,0.0011566038
511,84,lying,2021-05-07 10:30:29.964,2021-05-07 10:30:31.944,0.021,0,0,0.5366577,0.5366577,0.4551709,0.0068873386,0.0012841204
511,84,lying,2021-05-07 10:30:30.964,2021-05-07 10:30:32.944,0.021,0,0,0.5359693,0.5359693,0.45579135,0.0069422913,0.0012970667
511,84,lying,2021-05-07 10:30:31.964,2021-05-07 10:30:33.944,0.021,0,0,0.528952,0.528952,0.46458137,0.0053822207,0.0010845505
511,84,lying,2021-05-07 10:30:32.964,2021-05-07 10:30:34.944,0.021,0,0,0.5254631,0.5254631,0.46821266,0.005268319,0.0010559211
511,84,lying,2021-05-07 10:30:33.964,2021-05-07 10:30:35.944,0.021,0,0,0.5392683,0.5392683,0.45221677,0.0072040157,0.001310962
511,84,lying,2021-05-07 10:30:34.964,2021-05-07 10:30:36.944,0.021,0,0,0.53959304,0.53959304,0.45182124,0.007263102,0.0013226152
511,84,lying,2021-05-07 10:30:35.964,2021-05-07 10:30:37.944,0.021,0,0,0.5385073,0.5385073,0.45291886,0.0072489334,0.0013249961
511,84,lying,2021-05-07 10:30:36.964,2021-05-07 10:30:38.944,0.021,0,0,0.5402652,0.5402652,0.45065233,0.0077047828,0.0013775933
511,84,lying,2021-05-07 10:30:37.964,2021-05-07 10:30:39.944,0.021,0,0,0.5407203,0.5407203,0.4501639,0.007736439,0.0013792607
511,84,lying,2021-05-07 10:30:38.964,2021-05-07 10:30:40.944,0.021,0,0,0.539906,0.539906,0.45133534,0.0074156835,0.0013429099
511,84,lying,2021-05-07 10:30:39.964,2021-05-07 10:30:41.944,0.021,0,0,0.53864074,0.53864074,0.45280096,0.0072296495,0.0013286876
511,84,lying,2021-05-07 10:30:40.964,2021-05-07 10:30:42.944,0.021,0,0,0.5389059,0.5389059,0.45254555,0.007223589,0.001324907
511,84,lying,2021-05-07 10:30:41.964,2021-05-07 10:30:43.944,0.021,0,0,0.53886527,0.53886527,0.45274073,0.0070907488,0.0013032234
511,84,lying,2021-05-07 10:30:42.964,2021-05-07 10:30:44.944,0.021,0,0,0.538903,0.538903,0.4527682,0.007032871,0.0012959538
511,84,lying,2021-05-07 10:30:43.964,2021-05-07 10:30:45.944,0.021,0,0,0.5358693,0.5358693,0.45604703,0.006808056,0.0012754962
511,84,lying,2021-05-07 10:30:44.964,2021-05-07 10:30:46.944,0.021,0,0,0.5310173,0.5310173,0.4615116,0.006251962,0.0012190909
511,84,lying,2021-05-07 10:30:45.964,2021-05-07 10:30:47.944,0.021,0,0,0.529875,0.529875,0.46282446,0.006103938,0.0011966081
511,84,lying,2021-05-07 10:30:46.964,2021-05-07 10:30:48.944,0.021,0,0,0.5333666,0.5333666,0.4592777,0.0061651496,0.0011905496
511,84,lying,2021-05-07 10:30:47.964,2021-05-07 10:30:49.944,0.021,0,0,0.53573424,0.53573424,0.4565373,0.0064985394,0.0012299063
511,84,lying,2021-05-07 10:30:48.964,2021-05-07 10:30:50.944,0.021,0,0,0.5363928,0.5363928,0.45588657,0.0064964835,0.0012241434
511,84,lying,2021-05-07 10:30:49.964,2021-05-07 10:30:51.944,0.021,0,0,0.5377493,0.5377493,0.45446476,0.0065615093,0.001224441
511,84,lying,2021-05-07 10:30:50.964,2021-05-07 10:30:52.944,0.021,0,0,0.5414198,0.5414198,0.44995376,0.00730235,0.0013241669
511,84,lying,2021-05-07 10:30:51.964,2021-05-07 10:30:53.944,0.021,0,0,0.53946954,0.53946954,0.4521673,0.007063318,0.0012997546
511,84,lying,2021-05-07 10:30:52.964,2021-05-07 10:30:54.944,0.021,0,0,0.5393928,0.5393928,0.4521545,0.007143661,0.0013089745
511,84,lying,2021-05-07 10:30:53.964,2021-05-07 10:30:55.944,0.021,0,0,0.54049146,0.54049146,0.45072335,0.0074428404,0.0013422804
511,84,lying,2021-05-07 10:30:54.964,2021-05-07 10:30:56.944,0.021,0,0,0.53947496,0.53947496,0.451955,0.007244967,0.0013250279
511,84,lying,2021-05-07 10:30:55.964,2021-05-07 10:30:57.944,0.021,0,0,0.54049957,0.54049957,0.45094857,0.0072335866,0.0013182062
511,84,lying,2021-05-07 10:30:56.964,2021-05-07 10:30:58.944,0.021,0,0,0.5270483,0.5270483,0.46600828,0.0057833004,0.0011601151
511,84,lying,2021-05-07 10:30:57.964,2021-05-07 10:30:59.944,0.021,0,1,0.52812004,0.46831056,0.52812004,0.0027232682,0.00084612414
511,84,lying,2021-05-07 10:30:58.964,2021-05-07 10:31:00.944,0.021,0,1,0.5346637,0.46123862,0.5346637,0.0031068446,0.0009907049
511,84,lying,2021-05-07 10:30:59.964,2021-05-07 10:31:01.944,0.021,0,1,0.49887756,0.49437034,0.49887756,0.0055011455,0.0012508804
511,84,lying,2021-05-07 10:31:00.964,2021-05-07 10:31:02.944,0.021,0,1,0.50472856,0.48967773,0.50472856,0.0045173666,0.0010763855
511,84,lying,2021-05-07 10:31:01.964,2021-05-07 10:31:03.944,0.021,0,1,0.5912628,0.40707707,0.5912628,0.0011998367,0.0004601978
511,84,lying,2021-05-07 10:31:02.964,2021-05-07 10:31:04.944,0.021,0,1,0.6189405,0.38052514,0.6189405,0.00036169105,0.00017255126
511,84,lying,2021-05-07 10:31:03.964,2021-05-07 10:31:05.944,0.021,0,1,0.5012111,0.49800688,0.5012111,0.00060202973,0.00017997927
511,84,lying,2021-05-07 10:31:04.963,2021-05-07 10:31:06.944,0.021,0,0,0.51795125,0.51795125,0.48077548,0.0010237537,0.0002496108
511,84,lying,2021-05-07 10:31:05.963,2021-05-07 10:31:07.944,0.021,0,0,0.55096626,0.55096626,0.44687754,0.0017957469,0.0003603821
511,84,lying,2021-05-07 10:31:06.963,2021-05-07 10:31:08.944,0.021,0,0,0.56167376,0.56167376,0.43567744,0.002230107,0.0004186728
511,84,lying,2021-05-07 10:31:07.963,2021-05-07 10:31:09.944,0.021,0,0,0.5612751,0.5612751,0.43587992,0.0023989545,0.0004460374
511,84,lying,2021-05-07 10:31:08.963,2021-05-07 10:31:10.944,0.021,0,0,0.56390566,0.56390566,0.43312833,0.0025090666,0.00045690843
511,84,lying,2021-05-07 10:31:09.963,2021-05-07 10:31:11.944,0.021,0,0,0.56362325,0.56362325,0.43339851,0.002518401,0.00045987836
511,84,lying,2021-05-07 10:31:10.963,2021-05-07 10:31:12.944,0.021,0,0,0.5564325,0.5564325,0.4408668,0.0022648682,0.00043581662
511,84,lying,2021-05-07 10:31:11.963,2021-05-07 10:31:13.944,0.021,0,0,0.55407846,0.55407846,0.44323698,0.002246269,0.00043815185
511,84,lying,2021-05-07 10:31:12.963,2021-05-07 10:31:14.944,0.021,0,0,0.55886215,0.55886215,0.43831354,0.0023725876,0.0004516811
511,84,lying,2021-05-07 10:31:13.963,2021-05-07 10:31:15.944,0.021,0,0,0.55388194,0.55388194,0.44341496,0.002262581,0.0004405126
511,84,lying,2021-05-07 10:31:14.963,2021-05-07 10:31:16.944,0.021,0,0,0.5613985,0.5613985,0.43571544,0.0024327352,0.00045328683
511,84,lying,2021-05-07 10:31:15.963,2021-05-07 10:31:17.944,0.021,0,0,0.5659176,0.5659176,0.43098763,0.0026208134,0.00047392328
511,84,lying,2021-05-07 10:31:16.964,2021-05-07 10:31:18.944,0.021,0,0,0.5658602,0.5658602,0.43101454,0.002646966,0.00047827786
511,84,lying,2021-05-07 10:31:17.964,2021-05-07 10:31:19.944,0.021,0,0,0.55799085,0.55799085,0.4391458,0.002404906,0.0004584627
511,84,lying,2021-05-07 10:31:18.964,2021-05-07 10:31:20.944,0.021,0,0,0.5559051,0.5559051,0.44133988,0.0023014164,0.00045362607
511,84,lying,2021-05-07 10:31:19.964,2021-05-07 10:31:21.944,0.021,0,0,0.56417644,0.56417644,0.43283507,0.002510639,0.00047784072
511,84,lying,2021-05-07 10:31:20.964,2021-05-07 10:31:22.944,0.021,0,0,0.5726879,0.5726879,0.4239328,0.0028706344,0.0005086778
511,84,lying,2021-05-07 10:31:21.964,2021-05-07 10:31:23.944,0.021,0,0,0.5605669,0.5605669,0.43646574,0.0024940423,0.0004732655
511,84,lying,2021-05-07 10:31:22.964,2021-05-07 10:31:24.944,0.021,0,0,0.55478895,0.55478895,0.44236884,0.0023768875,0.0004652985
511,84,lying,2021-05-07 10:31:23.964,2021-05-07 10:31:25.944,0.021,0,0,0.5671696,0.5671696,0.42952254,0.0028059315,0.00050183164
511,84,lying,2021-05-07 10:31:24.964,2021-05-07 10:31:26.944,0.021,0,0,0.56504864,0.56504864,0.43175265,0.0027065654,0.0004921516
511,84,lying,2021-05-07 10:31:25.964,2021-05-07 10:31:27.944,0.021,0,0,0.5678144,0.5678144,0.4289936,0.0027045347,0.00048751876
511,84,lying,2021-05-07 10:31:26.964,2021-05-07 10:31:28.944,0.021,0,0,0.57094693,0.57094693,0.4257903,0.0027742106,0.00048855843
511,84,lying,2021-05-07 10:31:27.964,2021-05-07 10:31:29.944,0.021,0,0,0.56862,0.56862,0.42814913,0.0027407703,0.00049000815
511,84,lying,2021-05-07 10:31:28.964,2021-05-07 10:31:30.944,0.021,0,0,0.5667873,0.5667873,0.43001446,0.002708883,0.0004893608
511,84,lying,2021-05-07 10:31:29.964,2021-05-07 10:31:31.944,0.021,0,0,0.5685732,0.5685732,0.4281456,0.0027859607,0.0004953159
511,85,sitting,2021-05-07 10:31:39.484,2021-05-07 10:31:41.464,0.021,1,1,0.5614268,0.43711615,0.5614268,0.0011056773,0.000351316
511,85,sitting,2021-05-07 10:31:40.484,2021-05-07 10:31:42.464,0.021,1,1,0.5637976,0.4345871,0.5637976,0.0012348947,0.00038031538
511,86,walking,2021-05-07 10:31:44.644,2021-05-07 10:31:46.624,0.021,3,3,0.9957669,9.014468e-05,3.5173846e-06,0.004139448,0.9957669
511,86,walking,2021-05-07 10:31:45.644,2021-05-07 10:31:47.624,0.021,3,3,0.99713266,4.259145e-05,3.7696364e-06,0.0028209323,0.99713266
511,86,walking,2021-05-07 10:31:46.644,2021-05-07 10:31:48.624,0.021,3,3,0.9955112,4.149567e-05,4.0325044e-06,0.004443281,0.9955112
511,86,walking,2021-05-07 10:31:47.644,2021-05-07 10:31:49.624,0.021,3,3,0.99991685,1.5893265e-05,1.0265628e-06,6.615794e-05,0.99991685
511,86,walking,2021-05-07 10:31:48.644,2021-05-07 10:31:50.624,0.021,3,3,0.9999952,3.4994712e-06,8.155781e-08,1.1490109e-06,0.9999952
511,86,walking,2021-05-07 10:31:49.644,2021-05-07 10:31:51.624,0.021,3,3,0.9999941,3.602614e-06,9.6842946e-08,2.1877127e-06,0.9999941
511,86,walking,2021-05-07 10:31:50.644,2021-05-07 10:31:52.624,0.021,3,3,0.99999267,5.704329e-06,1.4867233e-07,1.4485883e-06,0.99999267
511,86,walking,2021-05-07 10:31:51.644,2021-05-07 10:31:53.624,0.021,3,3,0.99999315,5.290972e-06,1.02790636e-07,1.4042226e-06,0.99999315
511,86,walking,2021-05-07 10:31:52.644,2021-05-07 10:31:54.624,0.021,3,3,0.99997085,1.3028657e-05,4.1960305e-07,1.5595477e-05,0.99997085
511,86,walking,2021-05-07 10:31:53.644,2021-05-07 10:31:55.624,0.021,3,3,0.99994475,1.4966185e-05,8.1202944e-07,3.9391216e-05,0.99994475
511,86,walking,2021-05-07 10:31:54.644,2021-05-07 10:31:56.624,0.021,3,3,0.9999797,9.122974e-06,3.651132e-07,1.07984815e-05,0.9999797
511,86,walking,2021-05-07 10:31:55.644,2021-05-07 10:31:57.624,0.021,3,3,0.9999686,1.0111148e-05,3.3816997e-07,2.0934747e-05,0.9999686
511,86,walking,2021-05-07 10:31:56.644,2021-05-07 10:31:58.624,0.021,3,3,0.9998734,6.2745644e-06,3.291511e-07,0.000120159195,0.9998734
511,86,walking,2021-05-07 10:31:57.644,2021-05-07 10:31:59.624,0.021,3,3,0.9998021,6.4827186e-06,5.010591e-07,0.00019088209,0.9998021
511,86,walking,2021-05-07 10:31:58.644,2021-05-07 10:32:00.624,0.021,3,3,0.99997896,4.954526e-06,2.056467e-07,1.5813803e-05,0.99997896
511,86,walking,2021-05-07 10:31:59.644,2021-05-07 10:32:01.624,0.021,3,3,0.99991804,1.7200528e-05,7.640003e-07,6.393948e-05,0.99991804
511,86,walking,2021-05-07 10:32:00.644,2021-05-07 10:32:02.624,0.021,3,3,0.99985003,2.9069111e-05,1.3517123e-06,0.000119529046,0.99985003
511,86,walking,2021-05-07 10:32:01.644,2021-05-07 10:32:03.624,0.021,3,3,0.99971044,2.129562e-05,1.0058374e-06,0.0002671855,0.99971044
511,86,walking,2021-05-07 10:32:02.644,2021-05-07 10:32:04.624,0.021,3,3,0.99807745,1.1821999e-05,1.1627371e-06,0.0019096733,0.99807745
511,86,walking,2021-05-07 10:32:03.644,2021-05-07 10:32:05.624,0.021,3,3,0.9991935,6.1870655e-06,7.197146e-07,0.0007995918,0.9991935
511,86,walking,2021-05-07 10:32:04.644,2021-05-07 10:32:06.624,0.021,3,3,0.9999338,5.0045433e-06,4.0587997e-07,6.0747912e-05,0.9999338
511,86,walking,2021-05-07 10:32:05.644,2021-05-07 10:32:07.624,0.021,3,3,0.99964684,6.688848e-06,5.432109e-07,0.00034581957,0.99964684
511,86,walking,2021-05-07 10:32:06.644,2021-05-07 10:32:08.624,0.021,3,3,0.99922556,1.0621367e-05,1.0034262e-06,0.00076281116,0.99922556
511,86,walking,2021-05-07 10:32:07.644,2021-05-07 10:32:09.624,0.021,3,3,0.99934995,1.6568396e-05,1.075713e-06,0.0006323439,0.99934995
511,87,standing,2021-05-07 10:32:10.604,2021-05-07 10:32:12.583,0.021,2,2,0.9918643,4.818185e-06,2.6196727e-07,0.9918643,0.008130464
511,92,walking,2021-05-07 10:32:15.883,2021-05-07 10:32:17.864,0.021,3,3,0.9836422,1.3260123e-05,1.5107812e-06,0.01634306,0.9836422
511,92,walking,2021-05-07 10:32:16.884,2021-05-07 10:32:18.864,0.021,3,3,0.9939905,1.9580859e-05,1.8303057e-06,0.005988101,0.9939905
511,92,walking,2021-05-07 10:32:17.884,2021-05-07 10:32:19.864,0.021,3,3,0.919458,1.8618737e-05,2.194316e-06,0.08052114,0.919458
511,92,walking,2021-05-07 10:32:18.884,2021-05-07 10:32:20.864,0.021,3,3,0.97147304,1.548468e-05,2.425547e-06,0.028509114,0.97147304
511,92,walking,2021-05-07 10:32:19.884,2021-05-07 10:32:21.864,0.021,3,3,0.99397117,2.0539901e-05,2.8522309e-06,0.006005402,0.99397117
511,92,walking,2021-05-07 10:32:20.884,2021-05-07 10:32:22.864,0.021,3,3,0.96044785,2.4077119e-05,3.4350664e-06,0.03952462,0.96044785
511,92,walking,2021-05-07 10:32:21.884,2021-05-07 10:32:23.864,0.021,3,3,0.94063246,1.3477939e-05,1.0164794e-06,0.059353013,0.94063246
511,92,walking,2021-05-07 10:32:22.884,2021-05-07 10:32:24.864,0.021,3,3,0.99058425,1.7783008e-05,1.8405359e-06,0.009396192,0.99058425
511,92,walking,2021-05-07 10:32:23.884,2021-05-07 10:32:25.864,0.021,3,3,0.9746541,1.5484326e-05,2.2897545e-06,0.025328083,0.9746541
511,92,walking,2021-05-07 10:32:24.884,2021-05-07 10:32:26.864,0.021,3,3,0.76637375,5.1575156e-05,7.913727e-06,0.23356667,0.76637375
511,94,walking,2021-05-07 10:32:28.323,2021-05-07 10:32:30.304,0.021,3,3,0.9919356,3.1286425e-05,4.695724e-06,0.008028451,0.9919356
511,94,walking,2021-05-07 10:32:29.323,2021-05-07 10:32:31.304,0.021,3,3,0.9976795,1.6643711e-05,1.8126523e-06,0.0023020073,0.9976795
511,94,walking,2021-05-07 10:32:30.323,2021-05-07 10:32:32.304,0.021,3,3,0.99918956,1.7965807e-05,1.3716141e-06,0.0007910555,0.99918956
511,94,walking,2021-05-07 10:32:31.323,2021-05-07 10:32:33.304,0.021,3,3,0.9770192,2.9710003e-05,4.8203565e-06,0.022946276,0.9770192
511,94,walking,2021-05-07 10:32:32.324,2021-05-07 10:32:34.304,0.021,3,3,0.99874973,1.927386e-05,2.3881676e-06,0.0012286418,0.99874973
511,94,walking,2021-05-07 10:32:33.324,2021-05-07 10:32:35.304,0.021,3,3,0.9999476,2.8638922e-05,1.3785201e-06,2.2273662e-05,0.9999476
511,94,walking,2021-05-07 10:32:34.324,2021-05-07 10:32:36.304,0.021,3,3,0.99995774,2.2481663e-05,1.0701033e-06,1.8682675e-05,0.99995774
511,94,walking,2021-05-07 10:32:35.324,2021-05-07 10:32:37.304,0.021,3,3,0.999888,1.710065e-05,1.3776126e-06,9.348047e-05,0.999888
511,94,walking,2021-05-07 10:32:36.324,2021-05-07 10:32:38.304,0.021,3,3,0.9999148,2.656838e-05,1.428469e-06,5.7074903e-05,0.9999148
511,94,walking,2021-05-07 10:32:37.324,2021-05-07 10:32:39.304,0.021,3,3,0.99994725,2.8811002e-05,1.1305541e-06,2.2786424e-05,0.99994725
511,94,walking,2021-05-07 10:32:38.324,2021-05-07 10:32:40.304,0.021,3,3,0.99909085,1.4050598e-05,1.5893038e-06,0.0008935777,0.99909085
511,94,walking,2021-05-07 10:32:39.324,2021-05-07 10:32:41.304,0.021,3,3,0.97867477,2.8483637e-05,6.100248e-06,0.021290492,0.97867477
511,94,walking,2021-05-07 10:32:40.324,2021-05-07 10:32:42.304,0.021,3,3,0.9952497,6.0046907e-05,5.934001e-06,0.00468424,0.9952497
511,94,walking,2021-05-07 10:32:41.324,2021-05-07 10:32:43.304,0.021,3,3,0.98151684,5.422456e-05,4.984349e-06,0.018423991,0.98151684
511,94,walking,2021-05-07 10:32:42.324,2021-05-07 10:32:44.304,0.021,3,3,0.5842227,7.311278e-05,1.173936e-05,0.41569254,0.5842227
511,95,standing,2021-05-07 10:32:45.243,2021-05-07 10:32:47.223,0.021,2,2,0.99539095,8.470397e-06,6.81455e-07,0.99539095,0.0045998082
511,95,standing,2021-05-07 10:32:46.243,2021-05-07 10:32:48.223,0.021,2,2,0.991279,1.1205501e-05,1.1530431e-06,0.991279,0.008708659
511,103,standing,2021-05-07 10:33:46.004,2021-05-07 10:33:47.984,0.021,2,2,0.9988639,9.054394e-07,3.0606266e-08,0.9988639,0.0011351894
511,107,standing,2021-05-07 10:33:51.683,2021-05-07 10:33:53.664,0.021,2,2,0.9752316,1.9361187e-05,1.4949178e-06,0.9752316,0.024747679
511,107,standing,2021-05-07 10:33:52.683,2021-05-07 10:33:54.664,0.021,2,2,0.9757928,2.201991e-05,3.1355455e-07,0.9757928,0.02418484
511,107,standing,2021-05-07 10:33:53.683,2021-05-07 10:33:55.664,0.021,2,2,0.98567,1.3716964e-05,1.4326517e-07,0.98567,0.014316228
511,107,standing,2021-05-07 10:33:54.683,2021-05-07 10:33:56.664,0.021,2,2,0.99084026,8.077016e-06,1.1650862e-07,0.99084026,0.009151451
511,107,standing,2021-05-07 10:33:55.683,2021-05-07 10:33:57.664,0.021,2,2,0.9875659,3.7619548e-06,1.2884185e-07,0.9875659,0.012430168
511,107,standing,2021-05-07 10:33:56.683,2021-05-07 10:33:58.664,0.021,2,2,0.98662424,4.314525e-06,2.7101675e-07,0.98662424,0.013371124
511,107,standing,2021-05-07 10:33:57.683,2021-05-07 10:33:59.664,0.021,2,2,0.98866385,5.79243e-06,4.7680024e-07,0.98866385,0.011329801
511,109,standing,2021-05-07 10:34:00.364,2021-05-07 10:34:02.344,0.021,2,2,0.9977952,2.4768146e-06,1.0531787e-07,0.9977952,0.0022022177
511,109,standing,2021-05-07 10:34:01.364,2021-05-07 10:34:03.344,0.021,2,2,0.9984521,1.9868294e-06,7.990202e-08,0.9984521,0.0015457243
511,109,standing,2021-05-07 10:34:02.364,2021-05-07 10:34:04.343,0.021,2,2,0.9979448,2.2208928e-06,8.8757716e-08,0.9979448,0.0020529123
511,109,standing,2021-05-07 10:34:03.364,2021-05-07 10:34:05.343,0.021,2,2,0.988168,4.7844483e-06,1.5931924e-07,0.988168,0.011826997
511,109,standing,2021-05-07 10:34:04.364,2021-05-07 10:34:06.343,0.021,2,2,0.98981154,6.9618122e-06,2.13266e-07,0.98981154,0.010181313
511,109,standing,2021-05-07 10:34:05.364,2021-05-07 10:34:07.343,0.021,2,2,0.9981594,4.7188637e-06,1.5660186e-07,0.9981594,0.0018356352
511,109,standing,2021-05-07 10:34:06.364,2021-05-07 10:34:08.343,0.021,2,2,0.99879396,5.421218e-06,2.2297816e-07,0.99879396,0.0012004407
511,109,standing,2021-05-07 10:34:07.364,2021-05-07 10:34:09.343,0.021,2,2,0.99728435,9.1223565e-06,4.431051e-07,0.99728435,0.0027060476
511,109,standing,2021-05-07 10:34:08.364,2021-05-07 10:34:10.343,0.021,2,2,0.9951892,1.0874072e-05,5.1400445e-07,0.9951892,0.004799463
511,109,standing,2021-05-07 10:34:09.364,2021-05-07 10:34:11.343,0.021,2,2,0.9672154,2.3398175e-05,1.1825427e-06,0.9672154,0.032759946
511,115,standing,2021-05-07 10:34:14.724,2021-05-07 10:34:16.704,0.021,2,2,0.99900615,9.984165e-07,5.2677986e-08,0.99900615,0.0009927052
511,115,standing,2021-05-07 10:34:15.724,2021-05-07 10:34:17.704,0.021,2,2,0.99870294,1.4850928e-06,8.770093e-08,0.99870294,0.0012954773
511,116,standing,2021-05-07 10:34:26.044,2021-05-07 10:34:28.024,0.021,2,2,0.9987377,7.310447e-07,3.032449e-08,0.9987377,0.0012615195
511,116,standing,2021-05-07 10:34:27.044,2021-05-07 10:34:29.024,0.021,2,2,0.99891865,7.3507914e-07,3.225225e-08,0.99891865,0.0010806381
511,116,standing,2021-05-07 10:34:28.044,2021-05-07 10:34:30.024,0.021,2,2,0.9983631,1.169946e-06,5.6653743e-08,0.9983631,0.0016357349
511,116,standing,2021-05-07 10:34:29.044,2021-05-07 10:34:31.024,0.021,2,2,0.9986864,9.131264e-07,3.9738726e-08,0.9986864,0.0013127252
511,116,standing,2021-05-07 10:34:30.044,2021-05-07 10:34:32.023,0.021,2,2,0.9991332,5.6605523e-07,2.2763583e-08,0.9991332,0.00086613395
511,116,standing,2021-05-07 10:34:31.044,2021-05-07 10:34:33.023,0.021,2,2,0.9992553,4.6477433e-07,1.7894696e-08,0.9992553,0.00074410153
511,116,standing,2021-05-07 10:34:32.043,2021-05-07 10:34:34.023,0.021,2,2,0.99927837,4.6375652e-07,1.7987366e-08,0.99927837,0.0007211689
511,116,standing,2021-05-07 10:34:33.043,2021-05-07 10:34:35.023,0.021,2,2,0.999271,5.0018105e-07,1.9945858e-08,0.999271,0.0007284984
511,116,standing,2021-05-07 10:34:34.043,2021-05-07 10:34:36.023,0.021,2,2,0.9991104,5.5699405e-07,2.2238599e-08,0.9991104,0.000888992
511,119,walking,2021-05-07 10:34:39.844,2021-05-07 10:34:41.824,0.021,3,3,0.99325603,0.00017200856,1.1832007e-05,0.0065600895,0.99325603
511,119,walking,2021-05-07 10:34:40.844,2021-05-07 10:34:42.824,0.021,3,3,0.99983954,2.2594228e-05,7.8805505e-07,0.00013704308,0.99983954
511,119,walking,2021-05-07 10:34:41.844,2021-05-07 10:34:43.824,0.021,3,3,0.9996175,3.198298e-05,1.2772077e-06,0.0003491962,0.9996175
511,119,walking,2021-05-07 10:34:42.844,2021-05-07 10:34:44.824,0.021,3,3,0.99245435,1.6104199e-05,2.6421742e-06,0.0075267716,0.99245435
511,120,standing,2021-05-07 10:34:45.484,2021-05-07 10:34:47.464,0.021,2,2,0.9961511,4.50727e-06,1.5985756e-07,0.9961511,0.0038443522
511,120,standing,2021-05-07 10:34:46.484,2021-05-07 10:34:48.464,0.021,2,2,0.98576313,8.510415e-06,2.1110496e-07,0.98576313,0.014228275
511,124,standing,2021-05-07 10:34:52.444,2021-05-07 10:34:54.423,0.021,2,2,0.99621606,9.3251106e-07,2.209173e-08,0.99621606,0.0037830616
511,124,standing,2021-05-07 10:34:53.444,2021-05-07 10:34:55.423,0.021,2,2,0.99897045,4.2799914e-07,9.497758e-09,0.99897045,0.001029069
511,124,standing,2021-05-07 10:34:54.444,2021-05-07 10:34:56.423,0.021,2,2,0.99920887,3.6288924e-07,8.066443e-09,0.99920887,0.00079077476
511,124,standing,2021-05-07 10:34:55.444,2021-05-07 10:34:57.423,0.021,2,2,0.9991844,4.1932185e-07,1.0669583e-08,0.9991844,0.00081509416
511,125,walking,2021-05-07 10:34:57.683,2021-05-07 10:34:59.664,0.021,3,3,0.99988705,4.455255e-05,3.184077e-06,6.5124164e-05,0.99988705
511,125,walking,2021-05-07 10:34:58.683,2021-05-07 10:35:00.664,0.021,3,3,0.99998516,7.907105e-06,2.7398178e-07,6.64535e-06,0.99998516
511,125,walking,2021-05-07 10:34:59.683,2021-05-07 10:35:01.664,0.021,3,3,0.9999886,5.9440827e-06,2.0589947e-07,5.162526e-06,0.9999886
511,125,walking,2021-05-07 10:35:00.684,2021-05-07 10:35:02.664,0.021,3,3,0.99999875,1.1627155e-06,1.0492535e-08,4.9040416e-08,0.99999875
511,125,walking,2021-05-07 10:35:01.684,2021-05-07 10:35:03.664,0.021,3,3,0.9999986,1.3300338e-06,1.1109159e-08,2.2609363e-08,0.9999986
511,125,walking,2021-05-07 10:35:02.684,2021-05-07 10:35:04.664,0.021,3,3,0.9999934,5.7466773e-06,8.404344e-08,6.9835284e-07,0.9999934
511,125,walking,2021-05-07 10:35:03.684,2021-05-07 10:35:05.664,0.021,3,3,0.9999948,4.8223055e-06,4.946078e-08,2.416173e-07,0.9999948
511,125,walking,2021-05-07 10:35:04.684,2021-05-07 10:35:06.664,0.021,3,3,0.99999505,4.6497407e-06,5.504558e-08,1.4697648e-07,0.99999505
511,125,walking,2021-05-07 10:35:05.684,2021-05-07 10:35:07.664,0.021,3,3,0.9999942,5.401284e-06,6.060833e-08,2.2645376e-07,0.9999942
511,125,walking,2021-05-07 10:35:06.684,2021-05-07 10:35:08.663,0.021,3,3,0.9999946,5.2004625e-06,3.4049467e-08,8.6314195e-08,0.9999946
511,125,walking,2021-05-07 10:35:07.684,2021-05-07 10:35:09.663,0.021,3,3,0.999993,6.4800747e-06,7.0318606e-08,3.8783529e-07,0.999993
511,125,walking,2021-05-07 10:35:08.684,2021-05-07 10:35:10.663,0.021,3,3,0.9999979,1.8786956e-06,1.9555939e-08,1.3206676e-07,0.9999979
511,125,walking,2021-05-07 10:35:09.684,2021-05-07 10:35:11.663,0.021,3,3,0.9999946,3.3450528e-06,8.214194e-08,1.9935e-06,0.9999946
511,125,walking,2021-05-07 10:35:10.684,2021-05-07 10:35:12.663,0.021,3,3,0.99997514,5.551511e-06,3.0279492e-07,1.9000103e-05,0.99997514
511,125,walking,2021-05-07 10:35:11.684,2021-05-07 10:35:13.663,0.021,3,3,0.9999897,6.150012e-06,1.2264023e-07,3.9926254e-06,0.9999897
511,125,walking,2021-05-07 10:35:12.684,2021-05-07 10:35:14.663,0.021,3,3,0.99995977,1.1400795e-05,3.916402e-07,2.8340106e-05,0.99995977
511,125,walking,2021-05-07 10:35:13.684,2021-05-07 10:35:15.663,0.021,3,3,0.9999743,1.0896888e-05,3.6062846e-07,1.4370291e-05,0.9999743
511,125,walking,2021-05-07 10:35:14.684,2021-05-07 10:35:16.663,0.021,3,3,0.9999643,2.9082805e-05,5.213974e-07,6.0406287e-06,0.9999643
511,125,walking,2021-05-07 10:35:15.684,2021-05-07 10:35:17.663,0.021,3,3,0.9999786,1.1329441e-05,2.659517e-07,9.785833e-06,0.9999786
511,125,walking,2021-05-07 10:35:16.684,2021-05-07 10:35:18.663,0.021,3,3,0.99995404,4.3583614e-06,1.7061232e-07,4.1330793e-05,0.99995404
511,125,walking,2021-05-07 10:35:17.684,2021-05-07 10:35:19.663,0.021,3,3,0.99998873,5.619175e-06,1.71057e-07,5.3797303e-06,0.99998873
511,125,walking,2021-05-07 10:35:18.684,2021-05-07 10:35:20.663,0.021,3,3,0.99999064,6.7083356e-06,1.5698136e-07,2.3943064e-06,0.99999064
511,125,walking,2021-05-07 10:35:19.684,2021-05-07 10:35:21.663,0.021,3,3,0.9999823,1.5633077e-05,2.636936e-07,1.7193931e-06,0.9999823
511,125,walking,2021-05-07 10:35:20.684,2021-05-07 10:35:22.663,0.021,3,3,0.9999905,9.164311e-06,8.252116e-08,1.4504768e-07,0.9999905
511,125,walking,2021-05-07 10:35:21.684,2021-05-07 10:35:23.663,0.021,3,3,0.9999947,5.095764e-06,4.222599e-08,4.9510327e-08,0.9999947
511,125,walking,2021-05-07 10:35:22.684,2021-05-07 10:35:24.663,0.021,3,3,0.9999916,8.107911e-06,7.6602745e-08,1.8748847e-07,0.9999916
511,125,walking,2021-05-07 10:35:23.684,2021-05-07 10:35:25.663,0.021,3,3,0.9999712,1.8035522e-05,3.8353812e-07,1.02758895e-05,0.9999712
511,125,walking,2021-05-07 10:35:24.684,2021-05-07 10:35:26.663,0.021,3,3,0.9999204,6.9024577e-06,4.1316986e-07,7.215301e-05,0.9999204
511,125,walking,2021-05-07 10:35:25.684,2021-05-07 10:35:27.663,0.021,3,3,0.99999505,2.3450775e-06,6.385972e-08,2.485774e-06,0.99999505
511,126,standing,2021-05-07 10:35:28.644,2021-05-07 10:35:30.624,0.021,2,2,0.9989814,6.181221e-07,1.4308489e-08,0.9989814,0.0010181032
511,129,walking,2021-05-07 10:35:32.723,2021-05-07 10:35:34.703,0.021,3,3,0.99925435,4.8228383e-05,3.2888975e-06,0.0006941073,0.99925435
511,129,walking,2021-05-07 10:35:33.723,2021-05-07 10:35:35.703,0.021,3,3,0.9999756,1.9542314e-05,5.171109e-07,4.2190454e-06,0.9999756
511,129,walking,2021-05-07 10:35:34.723,2021-05-07 10:35:36.703,0.021,3,3,0.99999374,4.6703112e-06,8.90204e-08,1.4498129e-06,0.99999374
511,129,walking,2021-05-07 10:35:35.723,2021-05-07 10:35:37.703,0.021,3,3,0.9999948,3.530534e-06,7.1809666e-08,1.5720921e-06,0.9999948
511,129,walking,2021-05-07 10:35:36.723,2021-05-07 10:35:38.703,0.021,3,3,0.9999953,4.1741832e-06,5.6051032e-08,3.9731256e-07,0.9999953
511,129,walking,2021-05-07 10:35:37.723,2021-05-07 10:35:39.703,0.021,3,3,0.9999965,3.3502215e-06,3.171061e-08,9.3369735e-08,0.9999965
511,129,walking,2021-05-07 10:35:38.723,2021-05-07 10:35:40.703,0.021,3,3,0.99999565,3.6547838e-06,6.24046e-08,6.034487e-07,0.99999565
511,129,walking,2021-05-07 10:35:39.723,2021-05-07 10:35:41.703,0.021,3,3,0.99999267,3.1433035e-06,1.09732255e-07,4.0399404e-06,0.99999267
511,129,walking,2021-05-07 10:35:40.723,2021-05-07 10:35:42.703,0.021,3,3,0.9999946,2.273249e-06,8.1416324e-08,3.0207414e-06,0.9999946
511,129,walking,2021-05-07 10:35:41.723,2021-05-07 10:35:43.703,0.021,3,3,0.99999624,2.4600406e-06,6.710715e-08,1.1941252e-06,0.99999624
511,129,walking,2021-05-07 10:35:42.723,2021-05-07 10:35:44.703,0.021,3,3,0.9999947,4.3165933e-06,8.0186965e-08,7.9721724e-07,0.9999947
511,129,walking,2021-05-07 10:35:43.723,2021-05-07 10:35:45.703,0.021,3,3,0.99999434,4.6227574e-06,7.891334e-08,9.0364256e-07,0.99999434
511,129,walking,2021-05-07 10:35:44.723,2021-05-07 10:35:46.703,0.021,3,3,0.9999965,2.468824e-06,5.28828e-08,9.817009e-07,0.9999965
511,129,walking,2021-05-07 10:35:45.723,2021-05-07 10:35:47.703,0.021,3,3,0.99999696,2.437604e-06,4.076861e-08,4.938498e-07,0.99999696
511,129,walking,2021-05-07 10:35:46.723,2021-05-07 10:35:48.703,0.021,3,3,0.9999971,2.4693907e-06,3.6924295e-08,3.0669597e-07,0.9999971
511,129,walking,2021-05-07 10:35:47.723,2021-05-07 10:35:49.703,0.021,3,3,0.99999624,2.8891561e-06,6.236347e-08,7.965284e-07,0.99999624
511,129,walking,2021-05-07 10:35:48.723,2021-05-07 10:35:50.703,0.021,3,3,0.99999315,4.5353077e-06,1.0412337e-07,2.1290705e-06,0.99999315
511,129,walking,2021-05-07 10:35:49.723,2021-05-07 10:35:51.703,0.021,3,3,0.99998623,5.0709145e-06,1.8578021e-07,8.443287e-06,0.99998623
511,129,walking,2021-05-07 10:35:50.723,2021-05-07 10:35:52.703,0.021,3,3,0.99993914,6.1957703e-06,4.5680756e-07,5.4154152e-05,0.99993914
511,129,walking,2021-05-07 10:35:51.723,2021-05-07 10:35:53.703,0.021,3,3,0.99991566,6.1129003e-06,4.825624e-07,7.7656354e-05,0.99991566
511,129,walking,2021-05-07 10:35:52.723,2021-05-07 10:35:54.703,0.021,3,3,0.99988633,6.1552782e-06,4.9727197e-07,0.00010697271,0.99988633
511,129,walking,2021-05-07 10:35:53.723,2021-05-07 10:35:55.703,0.021,3,3,0.9999897,3.7861812e-06,1.1584576e-07,6.3918847e-06,0.9999897
511,129,walking,2021-05-07 10:35:54.723,2021-05-07 10:35:56.703,0.021,3,3,0.9999966,2.7741676e-06,3.222596e-08,5.024147e-07,0.9999966
511,129,walking,2021-05-07 10:35:55.723,2021-05-07 10:35:57.703,0.021,3,3,0.9999979,1.8949314e-06,1.979533e-08,1.5586397e-07,0.9999979
511,129,walking,2021-05-07 10:35:56.723,2021-05-07 10:35:58.703,0.021,3,3,0.99999803,1.7804139e-06,1.9085885e-08,1.2422437e-07,0.99999803
511,129,walking,2021-05-07 10:35:57.723,2021-05-07 10:35:59.703,0.021,3,3,0.9999947,5.024125e-06,5.11265e-08,2.2553208e-07,0.9999947
511,129,walking,2021-05-07 10:35:58.723,2021-05-07 10:36:00.704,0.021,3,3,0.9999954,4.2756706e-06,4.724393e-08,1.9131237e-07,0.9999954
511,129,walking,2021-05-07 10:35:59.723,2021-05-07 10:36:01.704,0.021,3,3,0.99999386,5.2947516e-06,1.0242259e-07,7.169358e-07,0.99999386
511,129,walking,2021-05-07 10:36:00.724,2021-05-07 10:36:02.704,0.021,3,3,0.9999921,6.1145042e-06,1.4363489e-07,1.5522439e-06,0.9999921
511,129,walking,2021-05-07 10:36:01.724,2021-05-07 10:36:03.704,0.021,3,3,0.99999386,5.567664e-06,8.220677e-08,4.4492168e-07,0.99999386
511,129,walking,2021-05-07 10:36:02.724,2021-05-07 10:36:04.704,0.021,3,3,0.9999898,7.587634e-06,1.9601235e-07,2.3708149e-06,0.9999898
511,129,walking,2021-05-07 10:36:03.724,2021-05-07 10:36:05.704,0.021,3,3,0.9999811,9.989072e-06,3.7334675e-07,8.498484e-06,0.9999811
511,129,walking,2021-05-07 10:36:04.724,2021-05-07 10:36:06.704,0.021,3,3,0.9999936,5.330387e-06,9.466957e-08,9.125638e-07,0.9999936
511,129,walking,2021-05-07 10:36:05.724,2021-05-07 10:36:07.704,0.021,3,3,0.9999929,4.4113713e-06,1.1604793e-07,2.4788562e-06,0.9999929
511,129,walking,2021-05-07 10:36:06.724,2021-05-07 10:36:08.704,0.021,3,3,0.9999878,5.3652147e-06,2.0244632e-07,6.6050443e-06,0.9999878
511,129,walking,2021-05-07 10:36:07.724,2021-05-07 10:36:09.704,0.021,3,3,0.9999923,5.3097056e-06,1.5756567e-07,2.1743967e-06,0.9999923
511,129,walking,2021-05-07 10:36:08.724,2021-05-07 10:36:10.704,0.021,3,3,0.99998397,7.525155e-06,2.9876344e-07,8.186306e-06,0.99998397
511,129,walking,2021-05-07 10:36:09.724,2021-05-07 10:36:11.704,0.021,3,3,0.99998516,6.055815e-06,2.6482465e-07,8.424289e-06,0.99998516
511,129,walking,2021-05-07 10:36:10.724,2021-05-07 10:36:12.704,0.021,3,3,0.99999493,4.229972e-06,9.220808e-08,6.6115854e-07,0.99999493
511,129,walking,2021-05-07 10:36:11.724,2021-05-07 10:36:13.704,0.021,3,3,0.99999446,4.906299e-06,8.174463e-08,4.9815304e-07,0.99999446
511,129,walking,2021-05-07 10:36:12.724,2021-05-07 10:36:14.704,0.021,3,3,0.99999315,5.508061e-06,1.2560011e-07,1.2154261e-06,0.99999315
511,129,walking,2021-05-07 10:36:13.724,2021-05-07 10:36:15.704,0.021,3,3,0.9999946,4.301167e-06,8.3934445e-08,9.779527e-07,0.9999946
511,129,walking,2021-05-07 10:36:14.724,2021-05-07 10:36:16.704,0.021,3,3,0.9999972,2.613114e-06,3.0417624e-08,1.2901818e-07,0.9999972
511,129,walking,2021-05-07 10:36:15.724,2021-05-07 10:36:17.704,0.021,3,3,0.99999684,2.9856467e-06,2.465272e-08,6.031867e-08,0.99999684
511,129,walking,2021-05-07 10:36:16.723,2021-05-07 10:36:18.704,0.021,3,3,0.99999195,6.826656e-06,1.2178549e-07,1.0528679e-06,0.99999195
511,129,walking,2021-05-07 10:36:17.723,2021-05-07 10:36:19.704,0.021,3,3,0.9999946,4.7728454e-06,7.428794e-08,5.16254e-07,0.9999946
511,129,walking,2021-05-07 10:36:18.723,2021-05-07 10:36:20.704,0.021,3,3,0.999993,6.5132585e-06,8.05678e-08,3.1883422e-07,0.999993
511,129,walking,2021-05-07 10:36:19.723,2021-05-07 10:36:21.704,0.021,3,3,0.99998647,1.1774839e-05,2.153901e-07,1.5177201e-06,0.99998647
511,129,walking,2021-05-07 10:36:20.723,2021-05-07 10:36:22.704,0.021,3,3,0.9999954,4.358932e-06,3.8805208e-08,1.5834043e-07,0.9999954
511,129,walking,2021-05-07 10:36:21.723,2021-05-07 10:36:23.704,0.021,3,3,0.9999959,3.8332655e-06,3.8375816e-08,1.6704706e-07,0.9999959
511,129,walking,2021-05-07 10:36:22.723,2021-05-07 10:36:24.704,0.021,3,3,0.99999267,6.1047836e-06,1.13458725e-07,1.0431213e-06,0.99999267
511,129,walking,2021-05-07 10:36:23.723,2021-05-07 10:36:25.704,0.021,3,3,0.9999816,8.608479e-06,2.7163668e-07,9.464704e-06,0.9999816
511,129,walking,2021-05-07 10:36:24.723,2021-05-07 10:36:26.704,0.021,3,3,0.99998575,6.9882753e-06,2.7732685e-07,6.9609114e-06,0.99998575
511,129,walking,2021-05-07 10:36:25.723,2021-05-07 10:36:27.704,0.021,3,3,0.99999267,3.449173e-06,1.5591742e-07,3.6693991e-06,0.99999267
511,129,walking,2021-05-07 10:36:26.723,2021-05-07 10:36:28.704,0.021,3,3,0.9999886,3.3920692e-06,1.8389454e-07,7.773727e-06,0.9999886
511,129,walking,2021-05-07 10:36:27.723,2021-05-07 10:36:29.704,0.021,3,3,0.99997133,4.004656e-06,2.3184009e-07,2.4404062e-05,0.99997133
511,129,walking,2021-05-07 10:36:28.723,2021-05-07 10:36:30.704,0.021,3,3,0.9998811,5.9507884e-06,4.6771365e-07,0.000112453636,0.9998811
511,129,walking,2021-05-07 10:36:29.723,2021-05-07 10:36:31.704,0.021,3,3,0.9999884,6.2519775e-06,1.9043254e-07,5.1650118e-06,0.9999884
511,129,walking,2021-05-07 10:36:30.723,2021-05-07 10:36:32.703,0.021,3,3,0.99998754,7.792995e-06,2.9064822e-07,4.2804063e-06,0.99998754
511,129,walking,2021-05-07 10:36:31.723,2021-05-07 10:36:33.703,0.021,3,3,0.9999867,5.161187e-06,2.5660896e-07,7.839525e-06,0.9999867
511,129,walking,2021-05-07 10:36:32.723,2021-05-07 10:36:34.703,0.021,3,3,0.9999885,4.199674e-06,1.8594334e-07,7.0651904e-06,0.9999885
511,129,walking,2021-05-07 10:36:33.723,2021-05-07 10:36:35.703,0.021,3,3,0.9999891,4.755876e-06,1.6953726e-07,5.921448e-06,0.9999891
511,129,walking,2021-05-07 10:36:34.723,2021-05-07 10:36:36.703,0.021,3,3,0.9999885,3.2520973e-06,1.6394551e-07,8.060363e-06,0.9999885
511,129,walking,2021-05-07 10:36:35.723,2021-05-07 10:36:37.703,0.021,3,3,0.99999434,2.2208512e-06,8.0780254e-08,3.3346398e-06,0.99999434
511,129,walking,2021-05-07 10:36:36.723,2021-05-07 10:36:38.703,0.021,3,3,0.99999493,2.4421647e-06,6.441301e-08,2.4765502e-06,0.99999493
511,129,walking,2021-05-07 10:36:37.723,2021-05-07 10:36:39.703,0.021,3,3,0.9999884,2.9099804e-06,1.2428087e-07,8.519621e-06,0.9999884
511,129,walking,2021-05-07 10:36:38.723,2021-05-07 10:36:40.703,0.021,3,3,0.9999841,3.906983e-06,1.95771e-07,1.1786293e-05,0.9999841
511,129,walking,2021-05-07 10:36:39.723,2021-05-07 10:36:41.703,0.021,3,3,0.9999922,4.7087565e-06,1.4442443e-07,2.9022451e-06,0.9999922
511,129,walking,2021-05-07 10:36:40.723,2021-05-07 10:36:42.703,0.021,3,3,0.99999124,7.20091e-06,1.6124793e-07,1.372424e-06,0.99999124
511,129,walking,2021-05-07 10:36:41.723,2021-05-07 10:36:43.703,0.021,3,3,0.9999878,9.551468e-06,2.5284925e-07,2.35186e-06,0.9999878
511,129,walking,2021-05-07 10:36:42.723,2021-05-07 10:36:44.703,0.021,3,3,0.99999374,5.5736505e-06,8.738605e-08,5.565224e-07,0.99999374
511,129,walking,2021-05-07 10:36:43.723,2021-05-07 10:36:45.703,0.021,3,3,0.9999954,4.2023435e-06,4.9810815e-08,2.201318e-07,0.9999954
511,129,walking,2021-05-07 10:36:44.723,2021-05-07 10:36:46.703,0.021,3,3,0.9999965,3.3516276e-06,3.0033995e-08,7.908423e-08,0.9999965
511,129,walking,2021-05-07 10:36:45.723,2021-05-07 10:36:47.703,0.021,3,3,0.99999803,1.8545678e-06,1.6771809e-08,5.1807437e-08,0.99999803
511,129,walking,2021-05-07 10:36:46.723,2021-05-07 10:36:48.703,0.021,3,3,0.99999756,2.15152e-06,3.1066417e-08,1.7930539e-07,0.99999756
511,129,walking,2021-05-07 10:36:47.723,2021-05-07 10:36:49.703,0.021,3,3,0.9999955,3.7468849e-06,6.6407935e-08,6.33882e-07,0.9999955
511,129,walking,2021-05-07 10:36:48.723,2021-05-07 10:36:50.703,0.021,3,3,0.99999267,5.8606647e-06,1.0532417e-07,1.2831748e-06,0.99999267
511,129,walking,2021-05-07 10:36:49.723,2021-05-07 10:36:51.703,0.021,3,3,0.99999386,5.40674e-06,8.1124995e-08,6.281676e-07,0.99999386
511,129,walking,2021-05-07 10:36:50.723,2021-05-07 10:36:52.703,0.021,3,3,0.99999017,6.154292e-06,1.6253273e-07,3.4195104e-06,0.99999017
511,129,walking,2021-05-07 10:36:51.723,2021-05-07 10:36:53.703,0.021,3,3,0.9999936,4.1644944e-06,9.569055e-08,2.0083671e-06,0.9999936
511,129,walking,2021-05-07 10:36:52.723,2021-05-07 10:36:54.703,0.021,3,3,0.9999892,8.837198e-06,2.1085896e-07,1.7312387e-06,0.9999892
511,129,walking,2021-05-07 10:36:53.723,2021-05-07 10:36:55.703,0.021,3,3,0.9995463,5.9655526e-05,7.4335126e-06,0.00038663068,0.9995463
511,129,walking,2021-05-07 10:36:54.723,2021-05-07 10:36:56.703,0.021,3,3,0.99981976,2.671886e-05,2.1451144e-06,0.00015151766,0.99981976
511,129,walking,2021-05-07 10:36:55.723,2021-05-07 10:36:57.703,0.021,3,3,0.99986434,1.8785066e-05,8.9769327e-07,0.00011590866,0.99986434
511,133,walking,2021-05-07 10:37:00.084,2021-05-07 10:37:02.063,0.021,3,3,0.99994093,3.0226987e-05,1.1128932e-06,2.7672211e-05,0.99994093
511,133,walking,2021-05-07 10:37:01.084,2021-05-07 10:37:03.063,0.021,3,3,0.9999723,1.4646103e-05,5.5203907e-07,1.242258e-05,0.9999723
511,133,walking,2021-05-07 10:37:02.084,2021-05-07 10:37:04.064,0.021,3,3,0.99999267,4.391415e-06,1.0374469e-07,2.7272588e-06,0.99999267
511,133,walking,2021-05-07 10:37:03.084,2021-05-07 10:37:05.064,0.021,3,3,0.99998504,6.7062574e-06,2.2227024e-07,7.937907e-06,0.99998504
511,133,walking,2021-05-07 10:37:04.084,2021-05-07 10:37:06.064,0.021,3,3,0.99997956,6.865182e-06,2.6838137e-07,1.326294e-05,0.99997956
511,133,walking,2021-05-07 10:37:05.084,2021-05-07 10:37:07.064,0.021,3,3,0.99997526,6.611812e-06,3.274122e-07,1.7747581e-05,0.99997526
511,133,walking,2021-05-07 10:37:06.084,2021-05-07 10:37:08.064,0.021,3,3,0.99997765,8.654484e-06,3.4539946e-07,1.3335195e-05,0.99997765
511,133,walking,2021-05-07 10:37:07.084,2021-05-07 10:37:09.064,0.021,3,3,0.999986,1.0998414e-05,2.8775486e-07,2.6191624e-06,0.999986
511,133,walking,2021-05-07 10:37:08.083,2021-05-07 10:37:10.064,0.021,3,3,0.9999885,1.0674908e-05,1.6490739e-07,5.767994e-07,0.9999885
511,133,walking,2021-05-07 10:37:09.083,2021-05-07 10:37:11.064,0.021,3,3,0.99998647,1.187371e-05,2.159862e-07,1.3816588e-06,0.99998647
511,133,walking,2021-05-07 10:37:10.083,2021-05-07 10:37:12.064,0.021,3,3,0.9999898,9.160345e-06,1.6126137e-07,7.958634e-07,0.9999898
511,133,walking,2021-05-07 10:37:11.083,2021-05-07 10:37:13.064,0.021,3,3,0.99999136,8.1343505e-06,1.0491221e-07,3.0621257e-07,0.99999136
511,133,walking,2021-05-07 10:37:12.083,2021-05-07 10:37:14.064,0.021,3,3,0.99999386,5.8248042e-06,6.614943e-08,2.0398944e-07,0.99999386
511,133,walking,2021-05-07 10:37:13.083,2021-05-07 10:37:15.064,0.021,3,3,0.99999183,5.9223967e-06,1.336176e-07,2.1002415e-06,0.99999183
511,133,walking,2021-05-07 10:37:14.083,2021-05-07 10:37:16.063,0.021,3,3,0.99994034,7.616076e-06,4.6134508e-07,5.150777e-05,0.99994034
511,133,walking,2021-05-07 10:37:15.083,2021-05-07 10:37:17.063,0.021,3,3,0.99998814,4.45476e-06,1.3999828e-07,7.1829595e-06,0.99998814
511,134,standing,2021-05-07 10:37:17.323,2021-05-07 10:37:19.304,0.021,2,2,0.9989195,1.1181488e-06,4.837117e-08,0.9989195,0.0010793897
511,134,standing,2021-05-07 10:37:18.323,2021-05-07 10:37:20.304,0.021,2,2,0.999161,9.3097833e-07,4.721324e-08,0.999161,0.00083799975
511,134,standing,2021-05-07 10:37:19.323,2021-05-07 10:37:21.304,0.021,2,2,0.99924153,7.36024e-07,3.585567e-08,0.99924153,0.00075783575
511,134,standing,2021-05-07 10:37:20.323,2021-05-07 10:37:22.304,0.021,2,2,0.9992947,6.581512e-07,3.0295197e-08,0.9992947,0.00070459815
511,134,standing,2021-05-07 10:37:21.323,2021-05-07 10:37:23.304,0.021,2,2,0.9993072,6.9659893e-07,3.3103408e-08,0.9993072,0.0006921688
511,134,standing,2021-05-07 10:37:22.323,2021-05-07 10:37:24.304,0.021,2,2,0.9987999,1.0832309e-06,5.828984e-08,0.9987999,0.0011989113
511,135,walking,2021-05-07 10:37:24.323,2021-05-07 10:37:26.304,0.021,3,3,0.999927,1.815384e-05,1.0201106e-06,5.3814787e-05,0.999927
511,135,walking,2021-05-07 10:37:25.323,2021-05-07 10:37:27.304,0.021,3,3,0.999978,1.7389328e-05,4.931063e-07,4.0626337e-06,0.999978
511,135,walking,2021-05-07 10:37:26.323,2021-05-07 10:37:28.304,0.021,3,3,0.9999767,1.9493289e-05,6.9116436e-07,3.095236e-06,0.9999767
511,135,walking,2021-05-07 10:37:27.323,2021-05-07 10:37:29.304,0.021,3,3,0.99999195,7.394028e-06,1.6084778e-07,4.420748e-07,0.99999195
511,135,walking,2021-05-07 10:37:28.323,2021-05-07 10:37:30.304,0.021,3,3,0.9999859,1.33691e-05,3.0294865e-07,3.423423e-07,0.9999859
511,135,walking,2021-05-07 10:37:29.323,2021-05-07 10:37:31.304,0.021,3,3,0.9999785,1.9692732e-05,6.324004e-07,1.1488997e-06,0.9999785
511,135,walking,2021-05-07 10:37:30.323,2021-05-07 10:37:32.304,0.021,3,3,0.9999506,4.3755525e-05,1.8523923e-06,3.7794243e-06,0.9999506
511,135,walking,2021-05-07 10:37:31.323,2021-05-07 10:37:33.304,0.021,3,3,0.99990934,7.743083e-05,5.4384323e-06,7.722511e-06,0.99990934
511,135,walking,2021-05-07 10:37:32.324,2021-05-07 10:37:34.304,0.021,3,3,0.9999623,3.4957953e-05,1.4347763e-06,1.2605182e-06,0.9999623
511,135,walking,2021-05-07 10:37:33.324,2021-05-07 10:37:35.304,0.021,3,3,0.9999358,5.7037356e-05,2.9647636e-06,4.178659e-06,0.9999358
511,135,walking,2021-05-07 10:37:34.324,2021-05-07 10:37:36.304,0.021,3,3,0.99987835,9.4573086e-05,6.857702e-06,2.0186359e-05,0.99987835
511,135,walking,2021-05-07 10:37:35.324,2021-05-07 10:37:37.304,0.021,3,3,0.99990076,8.211275e-05,5.304543e-06,1.1719386e-05,0.99990076
511,135,walking,2021-05-07 10:37:36.324,2021-05-07 10:37:38.304,0.021,3,3,0.99985313,0.00011518933,9.957265e-06,2.1797194e-05,0.99985313
511,135,walking,2021-05-07 10:37:37.324,2021-05-07 10:37:39.304,0.021,3,3,0.99991196,7.970867e-05,4.011034e-06,4.1936814e-06,0.99991196
511,135,walking,2021-05-07 10:37:38.324,2021-05-07 10:37:40.304,0.021,3,3,0.9998703,0.000111457026,6.3634734e-06,1.1978795e-05,0.9998703
511,135,walking,2021-05-07 10:37:39.324,2021-05-07 10:37:41.304,0.021,3,3,0.99954605,0.00019123017,3.2944274e-05,0.00022986476,0.99954605
511,135,walking,2021-05-07 10:37:40.324,2021-05-07 10:37:42.304,0.021,3,3,0.99974644,0.000110315166,1.7055203e-05,0.00012606452,0.99974644
511,135,walking,2021-05-07 10:37:41.324,2021-05-07 10:37:43.304,0.021,3,3,0.99985147,0.00011358394,9.9854915e-06,2.4929459e-05,0.99985147
511,135,walking,2021-05-07 10:37:42.324,2021-05-07 10:37:44.304,0.021,3,3,0.99989325,9.931173e-05,4.853992e-06,2.5475422e-06,0.99989325
511,135,walking,2021-05-07 10:37:43.324,2021-05-07 10:37:45.304,0.021,3,3,0.99984264,0.00013976483,7.5714984e-06,1.00377065e-05,0.99984264
511,135,walking,2021-05-07 10:37:44.324,2021-05-07 10:37:46.304,0.021,3,3,0.9998133,0.0001438891,1.1128217e-05,3.163107e-05,0.9998133
511,135,walking,2021-05-07 10:37:45.324,2021-05-07 10:37:47.304,0.021,3,3,0.99989516,7.01375e-05,5.0657018e-06,2.9565046e-05,0.99989516
511,135,walking,2021-05-07 10:37:46.324,2021-05-07 10:37:48.304,0.021,3,3,0.9999415,4.3718504e-05,2.2694437e-06,1.2388103e-05,0.9999415
511,135,walking,2021-05-07 10:37:47.324,2021-05-07 10:37:49.304,0.021,3,3,0.9999687,2.9599609e-05,7.8239486e-07,9.020661e-07,0.9999687
511,135,walking,2021-05-07 10:37:48.324,2021-05-07 10:37:50.304,0.021,3,3,0.9999152,7.6425975e-05,2.8666564e-06,5.5081623e-06,0.9999152
511,135,walking,2021-05-07 10:37:49.324,2021-05-07 10:37:51.304,0.021,3,3,0.99989456,8.984374e-05,4.8298434e-06,1.0727337e-05,0.99989456
511,135,walking,2021-05-07 10:37:50.324,2021-05-07 10:37:52.304,0.021,3,3,0.99992245,7.084854e-05,3.549034e-06,3.0628041e-06,0.99992245
511,135,walking,2021-05-07 10:37:51.324,2021-05-07 10:37:53.304,0.021,3,3,0.99970794,0.00022538993,1.7778542e-05,4.8768405e-05,0.99970794
511,135,walking,2021-05-07 10:37:52.324,2021-05-07 10:37:54.304,0.021,3,3,0.9998855,0.00010484647,3.664107e-06,5.918746e-06,0.9998855
511,135,walking,2021-05-07 10:37:53.324,2021-05-07 10:37:55.304,0.021,3,3,0.99996454,3.4552046e-05,6.2972964e-07,2.27831e-07,0.99996454
511,135,walking,2021-05-07 10:37:54.324,2021-05-07 10:37:56.304,0.021,3,3,0.9999067,8.721341e-05,3.4080294e-06,2.5572767e-06,0.9999067
511,135,walking,2021-05-07 10:37:55.324,2021-05-07 10:37:57.304,0.021,3,3,0.9999251,7.005651e-05,2.543625e-06,2.2686295e-06,0.9999251
511,135,walking,2021-05-07 10:37:56.324,2021-05-07 10:37:58.304,0.021,3,3,0.9999514,4.3687556e-05,1.8329599e-06,3.0411998e-06,0.9999514
511,135,walking,2021-05-07 10:37:57.324,2021-05-07 10:37:59.304,0.021,3,3,0.9999581,3.890602e-05,1.0296309e-06,1.9058095e-06,0.9999581
511,135,walking,2021-05-07 10:37:58.324,2021-05-07 10:38:00.303,0.021,3,3,0.9999617,3.4374698e-05,1.1900561e-06,2.7279702e-06,0.9999617
511,135,walking,2021-05-07 10:37:59.324,2021-05-07 10:38:01.303,0.021,3,3,0.9999532,3.6081314e-05,1.96616e-06,8.674559e-06,0.9999532
511,135,walking,2021-05-07 10:38:00.323,2021-05-07 10:38:02.303,0.021,3,3,0.99997133,2.3863036e-05,1.0128563e-06,3.7382108e-06,0.99997133
511,135,walking,2021-05-07 10:38:01.323,2021-05-07 10:38:03.303,0.021,3,3,0.99997395,1.8448398e-05,9.1037793e-07,6.595102e-06,0.99997395
511,135,walking,2021-05-07 10:38:02.323,2021-05-07 10:38:04.303,0.021,3,3,0.99996,2.5213745e-05,1.2703895e-06,1.3400142e-05,0.99996
511,135,walking,2021-05-07 10:38:03.323,2021-05-07 10:38:05.303,0.021,3,3,0.99997014,2.6586884e-05,8.4897187e-07,2.3118707e-06,0.99997014
511,135,walking,2021-05-07 10:38:04.323,2021-05-07 10:38:06.303,0.021,3,3,0.99999505,4.7737262e-06,4.6956885e-08,5.2142653e-08,0.99999505
511,135,walking,2021-05-07 10:38:05.323,2021-05-07 10:38:07.303,0.021,3,3,0.9999948,4.8551474e-06,5.050571e-08,2.7702455e-07,0.9999948
511,135,walking,2021-05-07 10:38:06.323,2021-05-07 10:38:08.303,0.021,3,3,0.99996704,9.519723e-06,4.5975864e-07,2.2916633e-05,0.99996704
511,135,walking,2021-05-07 10:38:07.323,2021-05-07 10:38:09.303,0.021,3,3,0.9999805,6.385349e-06,2.6037702e-07,1.2811997e-05,0.9999805
511,135,walking,2021-05-07 10:38:08.323,2021-05-07 10:38:10.303,0.021,3,3,0.9999966,3.079874e-06,2.7234876e-08,2.5250424e-07,0.9999966
511,135,walking,2021-05-07 10:38:09.323,2021-05-07 10:38:11.303,0.021,3,3,0.99999815,1.6882926e-06,1.1781529e-08,6.4095794e-08,0.99999815
511,135,walking,2021-05-07 10:38:10.323,2021-05-07 10:38:12.303,0.021,3,3,0.9999984,1.4759705e-06,1.2557963e-08,7.1480315e-08,0.9999984
511,135,walking,2021-05-07 10:38:11.323,2021-05-07 10:38:13.303,0.021,3,3,0.9999967,3.047833e-06,3.1343447e-08,1.5584267e-07,0.9999967
511,135,walking,2021-05-07 10:38:12.323,2021-05-07 10:38:14.303,0.021,3,3,0.99999684,2.815561e-06,3.3644707e-08,2.6275555e-07,0.99999684
511,135,walking,2021-05-07 10:38:13.323,2021-05-07 10:38:15.303,0.021,3,3,0.99999696,2.8498182e-06,3.169738e-08,9.342375e-08,0.99999696
511,135,walking,2021-05-07 10:38:14.323,2021-05-07 10:38:16.304,0.021,3,3,0.9999954,4.419796e-06,4.919342e-08,6.286464e-08,0.9999954
511,135,walking,2021-05-07 10:38:15.323,2021-05-07 10:38:17.304,0.021,3,3,0.99999195,7.820935e-06,8.4762604e-08,1.3771587e-07,0.99999195
511,135,walking,2021-05-07 10:38:16.323,2021-05-07 10:38:18.304,0.021,3,3,0.9999942,5.6822614e-06,4.1580677e-08,2.5034385e-08,0.9999942
511,135,walking,2021-05-07 10:38:17.323,2021-05-07 10:38:19.304,0.021,3,3,0.9999978,2.1080198e-06,1.3500347e-08,1.2738161e-08,0.9999978
511,135,walking,2021-05-07 10:38:18.323,2021-05-07 10:38:20.304,0.021,3,3,0.99999684,2.997512e-06,2.7562278e-08,7.370648e-08,0.99999684
511,135,walking,2021-05-07 10:38:19.323,2021-05-07 10:38:21.304,0.021,3,3,0.99999255,6.6037405e-06,1.1861128e-07,6.250474e-07,0.99999255
511,135,walking,2021-05-07 10:38:20.323,2021-05-07 10:38:22.304,0.021,3,3,0.9999897,6.364312e-06,2.093341e-07,3.7092339e-06,0.9999897
511,135,walking,2021-05-07 10:38:21.323,2021-05-07 10:38:23.304,0.021,3,3,0.9999842,5.8526057e-06,2.5332432e-07,9.64477e-06,0.9999842
511,135,walking,2021-05-07 10:38:22.323,2021-05-07 10:38:24.304,0.021,3,3,0.99999374,3.251832e-06,8.216538e-08,2.914012e-06,0.99999374
511,135,walking,2021-05-07 10:38:23.323,2021-05-07 10:38:25.304,0.021,3,3,0.9999961,2.7906842e-06,5.3117816e-08,9.56092e-07,0.9999961
511,135,walking,2021-05-07 10:38:24.323,2021-05-07 10:38:26.304,0.021,3,3,0.9999948,4.6096934e-06,7.996597e-08,4.7980956e-07,0.9999948
511,135,walking,2021-05-07 10:38:25.323,2021-05-07 10:38:27.304,0.021,3,3,0.999993,5.8347405e-06,1.3346978e-07,9.3537005e-07,0.999993
511,135,walking,2021-05-07 10:38:26.323,2021-05-07 10:38:28.304,0.021,3,3,0.99998945,1.0009917e-05,1.0471331e-07,4.0439454e-07,0.99998945
511,135,walking,2021-05-07 10:38:27.323,2021-05-07 10:38:29.304,0.021,3,3,0.9999841,1.530762e-05,1.5518577e-07,3.426974e-07,0.9999841
511,135,walking,2021-05-07 10:38:28.323,2021-05-07 10:38:30.304,0.021,3,3,0.99998766,1.0720676e-05,2.0804124e-07,1.354584e-06,0.99998766
511,135,walking,2021-05-07 10:38:29.323,2021-05-07 10:38:31.304,0.021,3,3,0.99998564,9.897478e-06,2.9213268e-07,4.131438e-06,0.99998564
511,135,walking,2021-05-07 10:38:30.323,2021-05-07 10:38:32.304,0.021,3,3,0.99997467,1.237871e-05,4.6426956e-07,1.2403574e-05,0.99997467
511,135,walking,2021-05-07 10:38:31.323,2021-05-07 10:38:33.304,0.021,3,3,0.9999686,1.0512687e-05,5.443219e-07,2.0292298e-05,0.9999686
511,135,walking,2021-05-07 10:38:32.324,2021-05-07 10:38:34.304,0.021,3,3,0.9999402,5.5308137e-06,3.826757e-07,5.3810472e-05,0.9999402
511,135,walking,2021-05-07 10:38:33.324,2021-05-07 10:38:35.304,0.021,3,3,0.9999749,3.8120302e-06,2.4419677e-07,2.1014872e-05,0.9999749
511,135,walking,2021-05-07 10:38:34.324,2021-05-07 10:38:36.304,0.021,3,3,0.999996,3.40552e-06,5.769921e-08,4.988299e-07,0.999996
511,135,walking,2021-05-07 10:38:35.324,2021-05-07 10:38:37.304,0.021,3,3,0.99999183,6.035302e-06,1.5347234e-07,1.8611047e-06,0.99999183
511,135,walking,2021-05-07 10:38:36.324,2021-05-07 10:38:38.304,0.021,3,3,0.9999389,1.9721554e-05,1.0781635e-06,4.0203853e-05,0.9999389
511,135,walking,2021-05-07 10:38:37.324,2021-05-07 10:38:39.304,0.021,3,3,0.99996406,2.2981105e-05,9.537546e-07,1.1951663e-05,0.99996406
511,135,walking,2021-05-07 10:38:38.324,2021-05-07 10:38:40.304,0.021,3,3,0.99998575,1.1593594e-05,2.9965256e-07,2.2699123e-06,0.99998575
511,135,walking,2021-05-07 10:38:39.324,2021-05-07 10:38:41.304,0.021,3,3,0.9999848,8.669052e-06,4.2279308e-07,6.07332e-06,0.9999848
511,135,walking,2021-05-07 10:38:40.324,2021-05-07 10:38:42.304,0.021,3,3,0.9999798,5.0453405e-06,2.5595338e-07,1.4847872e-05,0.9999798
511,135,walking,2021-05-07 10:38:41.324,2021-05-07 10:38:43.304,0.021,3,3,0.9999755,6.8404765e-06,3.5871489e-07,1.72209e-05,0.9999755
511,135,walking,2021-05-07 10:38:42.324,2021-05-07 10:38:44.304,0.021,3,3,0.99997836,1.171139e-05,4.1784995e-07,9.468511e-06,0.99997836
511,135,walking,2021-05-07 10:38:43.324,2021-05-07 10:38:45.304,0.021,3,3,0.99995214,3.754132e-05,1.0113175e-06,9.25561e-06,0.99995214
511,135,walking,2021-05-07 10:38:44.324,2021-05-07 10:38:46.304,0.021,3,3,0.999957,3.2912307e-05,8.9515527e-07,9.1518295e-06,0.999957
511,135,walking,2021-05-07 10:38:45.324,2021-05-07 10:38:47.304,0.021,3,3,0.99991494,2.0232854e-05,1.373245e-06,6.333959e-05,0.99991494
511,135,walking,2021-05-07 10:38:46.324,2021-05-07 10:38:48.304,0.021,3,3,0.99996275,4.844691e-06,2.9277976e-07,3.209328e-05,0.99996275
511,135,walking,2021-05-07 10:38:47.324,2021-05-07 10:38:49.304,0.021,3,3,0.999981,9.369074e-06,4.2648108e-07,9.15995e-06,0.999981
511,135,walking,2021-05-07 10:38:48.324,2021-05-07 10:38:50.304,0.021,3,3,0.99985075,5.4945107e-05,3.369299e-06,9.107113e-05,0.99985075
511,135,walking,2021-05-07 10:38:49.324,2021-05-07 10:38:51.304,0.021,3,3,0.98976505,2.0125792e-05,2.4161673e-06,0.0102124,0.98976505
511,135,walking,2021-05-07 10:38:50.324,2021-05-07 10:38:52.304,0.021,3,3,0.96878624,6.7841145e-05,1.4561736e-05,0.031131266,0.96878624
511,135,walking,2021-05-07 10:38:51.324,2021-05-07 10:38:53.304,0.021,3,3,0.9975981,9.040921e-05,1.487261e-05,0.0022965858,0.9975981
511,135,walking,2021-05-07 10:38:52.324,2021-05-07 10:38:54.304,0.021,3,3,0.99494,2.6479569e-05,2.6719451e-06,0.0050308947,0.99494
511,135,walking,2021-05-07 10:38:53.324,2021-05-07 10:38:55.304,0.021,3,3,0.9992363,4.0325653e-05,3.5081655e-06,0.0007199995,0.9992363
511,135,walking,2021-05-07 10:38:54.324,2021-05-07 10:38:56.304,0.021,3,3,0.9997659,1.8229257e-05,1.3012335e-06,0.00021470703,0.9997659
511,135,walking,2021-05-07 10:38:55.324,2021-05-07 10:38:57.304,0.021,3,3,0.99951047,5.7629444e-05,5.638701e-06,0.00042633634,0.99951047
511,135,walking,2021-05-07 10:38:56.324,2021-05-07 10:38:58.304,0.021,3,3,0.9980365,2.6594373e-05,3.9114075e-06,0.0019328971,0.9980365
511,137,walking,2021-05-07 10:39:00.604,2021-05-07 10:39:02.584,0.021,3,3,0.99890316,5.826272e-05,2.7099682e-06,0.0010358429,0.99890316
511,142,standing,2021-05-07 10:39:05.883,2021-05-07 10:39:07.864,0.021,2,2,0.9956717,2.0162965e-05,1.9825875e-06,0.9956717,0.00430613
511,145,walking,2021-05-07 10:39:08.724,2021-05-07 10:39:10.704,0.021,3,3,0.99482214,1.7135895e-05,1.5146586e-06,0.0051591448,0.99482214
511,145,walking,2021-05-07 10:39:09.724,2021-05-07 10:39:11.704,0.021,3,3,0.9997257,6.5877957e-06,4.8994804e-07,0.00026718603,0.9997257
511,145,walking,2021-05-07 10:39:10.724,2021-05-07 10:39:12.704,0.021,3,3,0.9999773,1.3463448e-05,3.2911245e-07,8.839192e-06,0.9999773
511,145,walking,2021-05-07 10:39:11.724,2021-05-07 10:39:13.704,0.021,3,3,0.99984336,1.1403937e-05,5.8060954e-07,0.00014460311,0.99984336
511,145,walking,2021-05-07 10:39:12.724,2021-05-07 10:39:14.704,0.021,3,3,0.9996533,8.991938e-06,5.931686e-07,0.00033722358,0.9996533
511,145,walking,2021-05-07 10:39:13.724,2021-05-07 10:39:15.704,0.021,3,3,0.99997896,1.1904246e-05,3.0590175e-07,8.796277e-06,0.99997896
511,145,walking,2021-05-07 10:39:14.724,2021-05-07 10:39:16.704,0.021,3,3,0.99997944,1.5194871e-05,3.8063894e-07,4.94629e-06,0.99997944
511,145,walking,2021-05-07 10:39:15.724,2021-05-07 10:39:17.704,0.021,3,3,0.9999346,1.8581972e-05,8.184305e-07,4.595601e-05,0.9999346
511,145,walking,2021-05-07 10:39:16.723,2021-05-07 10:39:18.704,0.021,3,3,0.99997765,8.240025e-06,2.6662974e-07,1.3834325e-05,0.99997765
511,145,walking,2021-05-07 10:39:17.723,2021-05-07 10:39:19.704,0.021,3,3,0.99985886,6.7913143e-06,4.7039072e-07,0.00013384465,0.99985886
511,145,walking,2021-05-07 10:39:18.723,2021-05-07 10:39:20.704,0.021,3,3,0.9999711,6.1399523e-06,2.9480736e-07,2.2423614e-05,0.9999711
511,145,walking,2021-05-07 10:39:19.723,2021-05-07 10:39:21.704,0.021,3,3,0.9999861,9.975871e-06,2.7898488e-07,3.6056547e-06,0.9999861
511,145,walking,2021-05-07 10:39:20.723,2021-05-07 10:39:22.704,0.021,3,3,0.9999874,1.0716268e-05,2.154051e-07,1.5308686e-06,0.9999874
511,145,walking,2021-05-07 10:39:21.723,2021-05-07 10:39:23.704,0.021,3,3,0.99998206,8.769108e-06,2.5898368e-07,8.814955e-06,0.99998206
511,145,walking,2021-05-07 10:39:22.723,2021-05-07 10:39:24.704,0.021,3,3,0.9997778,1.1462338e-05,8.016571e-07,0.00020983648,0.9997778
511,145,walking,2021-05-07 10:39:23.723,2021-05-07 10:39:25.704,0.021,3,3,0.999898,4.547223e-06,2.7094805e-07,9.7076416e-05,0.999898
511,145,walking,2021-05-07 10:39:24.723,2021-05-07 10:39:26.704,0.021,3,3,0.9999762,6.4687774e-06,2.839939e-07,1.6961916e-05,0.9999762
511,145,walking,2021-05-07 10:39:25.723,2021-05-07 10:39:27.704,0.021,3,3,0.999965,1.32400255e-05,6.212483e-07,2.111513e-05,0.999965
511,145,walking,2021-05-07 10:39:26.723,2021-05-07 10:39:28.704,0.021,3,3,0.99997205,1.5244282e-05,5.2900805e-07,1.2097694e-05,0.99997205
511,145,walking,2021-05-07 10:39:27.723,2021-05-07 10:39:29.704,0.021,3,3,0.9999905,7.792328e-06,1.250431e-07,1.4453753e-06,0.9999905
511,145,walking,2021-05-07 10:39:28.723,2021-05-07 10:39:30.704,0.021,3,3,0.9999854,7.9968195e-06,2.5541522e-07,6.238826e-06,0.9999854
511,145,walking,2021-05-07 10:39:29.723,2021-05-07 10:39:31.704,0.021,3,3,0.9999036,5.8810815e-06,3.1641224e-07,9.0076195e-05,0.9999036
511,145,walking,2021-05-07 10:39:30.723,2021-05-07 10:39:32.703,0.021,3,3,0.99995774,5.7346583e-06,3.1310245e-07,3.616533e-05,0.99995774
511,145,walking,2021-05-07 10:39:31.723,2021-05-07 10:39:33.703,0.021,3,3,0.9999909,5.891256e-06,1.4009589e-07,3.0089564e-06,0.9999909
511,145,walking,2021-05-07 10:39:32.723,2021-05-07 10:39:34.703,0.021,3,3,0.9999755,1.7757879e-05,4.3209891e-07,6.242424e-06,0.9999755
511,145,walking,2021-05-07 10:39:33.723,2021-05-07 10:39:35.703,0.021,3,3,0.99995214,1.8131614e-05,7.0626123e-07,2.8935385e-05,0.99995214
511,145,walking,2021-05-07 10:39:34.723,2021-05-07 10:39:36.703,0.021,3,3,0.9999773,6.3698317e-06,2.738281e-07,1.6043732e-05,0.9999773
511,145,walking,2021-05-07 10:39:35.723,2021-05-07 10:39:37.703,0.021,3,3,0.9999866,3.89368e-06,1.358801e-07,9.353717e-06,0.9999866
511,145,walking,2021-05-07 10:39:36.723,2021-05-07 10:39:38.703,0.021,3,3,0.9999899,5.183702e-06,1.4596274e-07,4.6847063e-06,0.9999899
511,145,walking,2021-05-07 10:39:37.723,2021-05-07 10:39:39.703,0.021,3,3,0.99997896,1.2032813e-05,3.20737e-07,8.679814e-06,0.99997896
511,145,walking,2021-05-07 10:39:38.723,2021-05-07 10:39:40.703,0.021,3,3,0.999976,1.5181377e-05,4.4453327e-07,8.287992e-06,0.999976
511,145,walking,2021-05-07 10:39:39.723,2021-05-07 10:39:41.703,0.021,3,3,0.9999866,7.819178e-06,2.3177599e-07,5.322263e-06,0.9999866
511,145,walking,2021-05-07 10:39:40.723,2021-05-07 10:39:42.703,0.021,3,3,0.9999917,6.3381044e-06,1.2181205e-07,1.7644511e-06,0.9999917
511,145,walking,2021-05-07 10:39:41.723,2021-05-07 10:39:43.703,0.021,3,3,0.999991,5.8459013e-06,1.6056057e-07,2.9379232e-06,0.999991
511,145,walking,2021-05-07 10:39:42.723,2021-05-07 10:39:44.703,0.021,3,3,0.99998945,3.596799e-06,9.433464e-08,6.8373893e-06,0.99998945
511,145,walking,2021-05-07 10:39:43.723,2021-05-07 10:39:45.703,0.021,3,3,0.99998015,3.7828897e-06,1.6775901e-07,1.5873096e-05,0.99998015
511,145,walking,2021-05-07 10:39:44.723,2021-05-07 10:39:46.703,0.021,3,3,0.99999434,3.1908667e-06,7.368844e-08,2.3478708e-06,0.99999434
511,145,walking,2021-05-07 10:39:45.723,2021-05-07 10:39:47.703,0.021,3,3,0.9999954,3.344309e-06,7.200061e-08,1.1466238e-06,0.9999954
511,145,walking,2021-05-07 10:39:46.723,2021-05-07 10:39:48.703,0.021,3,3,0.9999911,5.3590347e-06,1.3345056e-07,3.383245e-06,0.9999911
511,145,walking,2021-05-07 10:39:47.723,2021-05-07 10:39:49.703,0.021,3,3,0.999991,5.6020012e-06,1.4089368e-07,3.1967068e-06,0.999991
511,145,walking,2021-05-07 10:39:48.723,2021-05-07 10:39:50.703,0.021,3,3,0.99999255,4.5393076e-06,9.330705e-08,2.7354793e-06,0.99999255
511,145,walking,2021-05-07 10:39:49.723,2021-05-07 10:39:51.703,0.021,3,3,0.9999699,7.208542e-06,2.7712574e-07,2.2567025e-05,0.9999699
511,145,walking,2021-05-07 10:39:50.723,2021-05-07 10:39:52.703,0.021,3,3,0.9999916,5.084937e-06,1.110036e-07,3.0959848e-06,0.9999916
511,145,walking,2021-05-07 10:39:51.723,2021-05-07 10:39:53.703,0.021,3,3,0.9999897,3.4151742e-06,1.1832601e-07,6.7311494e-06,0.9999897
511,145,walking,2021-05-07 10:39:52.723,2021-05-07 10:39:54.703,0.021,3,3,0.99999565,2.5092004e-06,5.3541545e-08,1.7339944e-06,0.99999565
511,145,walking,2021-05-07 10:39:53.723,2021-05-07 10:39:55.703,0.021,3,3,0.9999953,3.4533257e-06,6.0078264e-08,1.085618e-06,0.9999953
511,145,walking,2021-05-07 10:39:54.723,2021-05-07 10:39:56.703,0.021,3,3,0.9999929,6.055279e-06,9.961516e-08,9.261333e-07,0.9999929
511,145,walking,2021-05-07 10:39:55.723,2021-05-07 10:39:57.703,0.021,3,3,0.99999005,8.091244e-06,1.3357239e-07,1.7148001e-06,0.99999005
511,145,walking,2021-05-07 10:39:56.723,2021-05-07 10:39:58.703,0.021,3,3,0.999986,9.939451e-06,1.9418212e-07,3.7830632e-06,0.999986
511,145,walking,2021-05-07 10:39:57.723,2021-05-07 10:39:59.703,0.021,3,3,0.9999544,1.0949736e-05,5.343683e-07,3.4025627e-05,0.9999544
511,145,walking,2021-05-07 10:39:58.723,2021-05-07 10:40:00.704,0.021,3,3,0.9998491,5.8025394e-06,3.5275716e-07,0.00014490295,0.9998491
511,145,walking,2021-05-07 10:39:59.723,2021-05-07 10:40:01.704,0.021,3,3,0.9999561,5.6690706e-06,2.7517126e-07,3.795184e-05,0.9999561
511,145,walking,2021-05-07 10:40:00.724,2021-05-07 10:40:02.704,0.021,3,3,0.99999446,4.391565e-06,7.211339e-08,9.990734e-07,0.99999446
511,145,walking,2021-05-07 10:40:01.724,2021-05-07 10:40:03.704,0.021,3,3,0.99999446,5.189632e-06,6.4581144e-08,2.218801e-07,0.99999446
511,145,walking,2021-05-07 10:40:02.724,2021-05-07 10:40:04.704,0.021,3,3,0.9999928,6.833729e-06,6.335283e-08,3.1164265e-07,0.9999928
511,145,walking,2021-05-07 10:40:03.724,2021-05-07 10:40:05.704,0.021,3,3,0.9999916,7.4864583e-06,9.613324e-08,7.557118e-07,0.9999916
511,145,walking,2021-05-07 10:40:04.724,2021-05-07 10:40:06.704,0.021,3,3,0.9999892,6.50161e-06,1.726259e-07,4.0842315e-06,0.9999892
511,145,walking,2021-05-07 10:40:05.724,2021-05-07 10:40:07.704,0.021,3,3,0.9999915,3.3867132e-06,9.2155716e-08,5.020493e-06,0.9999915
511,145,walking,2021-05-07 10:40:06.724,2021-05-07 10:40:08.704,0.021,3,3,0.99998873,3.922162e-06,1.2337999e-07,7.1120608e-06,0.99998873
511,145,walking,2021-05-07 10:40:07.724,2021-05-07 10:40:09.704,0.021,3,3,0.99999446,4.3822865e-06,7.865159e-08,9.969614e-07,0.99999446
511,145,walking,2021-05-07 10:40:08.724,2021-05-07 10:40:10.704,0.021,3,3,0.9999922,6.2151375e-06,1.3416901e-07,1.388047e-06,0.9999922
511,145,walking,2021-05-07 10:40:09.724,2021-05-07 10:40:11.704,0.021,3,3,0.99998826,1.0523045e-05,1.7687253e-07,9.429787e-07,0.99998826
511,145,walking,2021-05-07 10:40:10.724,2021-05-07 10:40:12.704,0.021,3,3,0.9999916,7.467156e-06,1.0717016e-07,7.4385724e-07,0.9999916
511,145,walking,2021-05-07 10:40:11.724,2021-05-07 10:40:13.704,0.021,3,3,0.9999905,4.857067e-06,1.0665678e-07,4.440082e-06,0.9999905
511,146,standing,2021-05-07 10:40:14.364,2021-05-07 10:40:16.343,0.021,2,2,0.99496454,9.88598e-07,3.595546e-08,0.99496454,0.0050343354
511,146,standing,2021-05-07 10:40:15.364,2021-05-07 10:40:17.343,0.021,2,2,0.9991282,3.410952e-07,8.3820435e-09,0.9991282,0.0008714097
511,146,standing,2021-05-07 10:40:16.364,2021-05-07 10:40:18.343,0.021,2,2,0.9992079,3.169166e-07,7.858055e-09,0.9992079,0.0007917893
511,146,standing,2021-05-07 10:40:17.364,2021-05-07 10:40:19.343,0.021,2,2,0.99928683,3.2817806e-07,9.345518e-09,0.99928683,0.00071279146
511,146,standing,2021-05-07 10:40:18.364,2021-05-07 10:40:20.343,0.021,2,2,0.99923104,3.9846663e-07,1.2523365e-08,0.99923104,0.0007685468
511,146,standing,2021-05-07 10:40:19.364,2021-05-07 10:40:21.343,0.021,2,2,0.9979391,8.432429e-07,3.2348705e-08,0.9979391,0.0020600993
511,147,walking,2021-05-07 10:40:21.563,2021-05-07 10:40:23.544,0.021,3,3,0.9975999,1.2404448e-05,9.817429e-07,0.002386688,0.9975999
511,147,walking,2021-05-07 10:40:22.563,2021-05-07 10:40:24.544,0.021,3,3,0.99996287,3.4718378e-06,2.1628907e-07,3.3357544e-05,0.99996287
511,147,walking,2021-05-07 10:40:23.563,2021-05-07 10:40:25.544,0.021,3,3,0.9999986,1.00808e-06,1.3672503e-08,2.5081442e-07,0.9999986
511,147,walking,2021-05-07 10:40:24.563,2021-05-07 10:40:26.544,0.021,3,3,0.99999887,9.584189e-07,7.907216e-09,8.480685e-08,0.99999887
511,147,walking,2021-05-07 10:40:25.563,2021-05-07 10:40:27.544,0.021,3,3,0.99999887,8.783881e-07,1.1428666e-08,2.101351e-07,0.99999887
511,147,walking,2021-05-07 10:40:26.563,2021-05-07 10:40:28.544,0.021,3,3,0.9999978,1.4719508e-06,2.848929e-08,5.9806166e-07,0.9999978
511,147,walking,2021-05-07 10:40:27.563,2021-05-07 10:40:29.544,0.021,3,3,0.9999973,1.7505029e-06,3.6014097e-08,8.9030607e-07,0.9999973
511,147,walking,2021-05-07 10:40:28.563,2021-05-07 10:40:30.544,0.021,3,3,0.99999887,9.979361e-07,8.824284e-09,9.7369046e-08,0.99999887
511,147,walking,2021-05-07 10:40:29.563,2021-05-07 10:40:31.544,0.021,3,3,0.9999985,1.1628939e-06,1.4782371e-08,2.3901762e-07,0.9999985
511,147,walking,2021-05-07 10:40:30.563,2021-05-07 10:40:32.543,0.021,3,3,0.99999887,8.692946e-07,1.3057798e-08,1.3344076e-07,0.99999887
511,147,walking,2021-05-07 10:40:31.563,2021-05-07 10:40:33.543,0.021,3,3,0.9999991,7.47243e-07,1.1167673e-08,7.731893e-08,0.9999991
511,147,walking,2021-05-07 10:40:32.563,2021-05-07 10:40:34.543,0.021,3,3,0.9999983,1.2314647e-06,2.4502372e-08,4.6145541e-07,0.9999983
511,147,walking,2021-05-07 10:40:33.563,2021-05-07 10:40:35.543,0.021,3,3,0.9999985,1.2368852e-06,1.6766924e-08,1.9529514e-07,0.9999985
511,147,walking,2021-05-07 10:40:34.563,2021-05-07 10:40:36.543,0.021,3,3,0.99999875,1.0089217e-06,1.2035787e-08,1.3465727e-07,0.99999875
511,147,walking,2021-05-07 10:40:35.563,2021-05-07 10:40:37.543,0.021,3,3,0.99999875,1.1002849e-06,1.3237067e-08,1.3351865e-07,0.99999875
511,147,walking,2021-05-07 10:40:36.563,2021-05-07 10:40:38.543,0.021,3,3,0.9999985,1.2898604e-06,1.6188936e-08,1.505032e-07,0.9999985
511,147,walking,2021-05-07 10:40:37.563,2021-05-07 10:40:39.543,0.021,3,3,0.99999684,2.490054e-06,4.376754e-08,6.163863e-07,0.99999684
511,147,walking,2021-05-07 10:40:38.563,2021-05-07 10:40:40.543,0.021,3,3,0.99999684,1.7780906e-06,5.0453437e-08,1.2922876e-06,0.99999684
511,147,walking,2021-05-07 10:40:39.563,2021-05-07 10:40:41.543,0.021,3,3,0.9999986,8.334989e-07,1.6584043e-08,4.706611e-07,0.9999986
511,147,walking,2021-05-07 10:40:40.563,2021-05-07 10:40:42.543,0.021,3,3,0.9999984,9.982346e-07,1.6551743e-08,4.93545e-07,0.9999984
511,147,walking,2021-05-07 10:40:41.563,2021-05-07 10:40:43.543,0.021,3,3,0.9999983,1.1166941e-06,1.881958e-08,4.7800347e-07,0.9999983
511,147,walking,2021-05-07 10:40:42.563,2021-05-07 10:40:44.543,0.021,3,3,0.9999991,7.3654894e-07,7.863436e-09,1.2258887e-07,0.9999991
511,147,walking,2021-05-07 10:40:43.563,2021-05-07 10:40:45.543,0.021,3,3,0.99999887,7.3650244e-07,1.2080037e-08,3.0702986e-07,0.99999887
511,147,walking,2021-05-07 10:40:44.563,2021-05-07 10:40:46.543,0.021,3,3,0.9999983,9.19514e-07,2.1893852e-08,7.1463575e-07,0.9999983
511,147,walking,2021-05-07 10:40:45.563,2021-05-07 10:40:47.543,0.021,3,3,0.9999986,1.0845754e-06,1.8607075e-08,2.5320793e-07,0.9999986
511,147,walking,2021-05-07 10:40:46.563,2021-05-07 10:40:48.543,0.021,3,3,0.9999985,1.1954393e-06,1.6817305e-08,1.7852221e-07,0.9999985
511,147,walking,2021-05-07 10:40:47.563,2021-05-07 10:40:49.543,0.021,3,3,0.99999887,8.307557e-07,1.43140495e-08,2.496235e-07,0.99999887
511,147,walking,2021-05-07 10:40:48.563,2021-05-07 10:40:50.543,0.021,3,3,0.9999985,7.764886e-07,2.0037929e-08,6.5368005e-07,0.9999985
511,147,walking,2021-05-07 10:40:49.563,2021-05-07 10:40:51.543,0.021,3,3,0.999999,7.7838695e-07,1.0106947e-08,1.3029594e-07,0.999999
511,147,walking,2021-05-07 10:40:50.563,2021-05-07 10:40:52.543,0.021,3,3,0.99999934,5.6257363e-07,3.748395e-09,2.6301278e-08,0.99999934
511,147,walking,2021-05-07 10:40:51.563,2021-05-07 10:40:53.543,0.021,3,3,0.9999996,3.8437068e-07,2.9887266e-09,1.7731288e-08,0.9999996
511,147,walking,2021-05-07 10:40:52.563,2021-05-07 10:40:54.543,0.021,3,3,0.9999991,7.3704786e-07,5.985679e-09,3.9602128e-08,0.9999991
511,147,walking,2021-05-07 10:40:53.563,2021-05-07 10:40:55.543,0.021,3,3,0.99999887,1.0654365e-06,7.4313586e-09,4.6831037e-08,0.99999887
511,147,walking,2021-05-07 10:40:54.563,2021-05-07 10:40:56.543,0.021,3,3,0.99999887,8.6277566e-07,1.159751e-08,1.6502395e-07,0.99999887
511,147,walking,2021-05-07 10:40:55.563,2021-05-07 10:40:57.543,0.021,3,3,0.99999815,1.0450128e-06,2.4943636e-08,7.100427e-07,0.99999815
511,147,walking,2021-05-07 10:40:56.563,2021-05-07 10:40:58.543,0.021,3,3,0.999999,8.604602e-07,1.0412254e-08,1.3830675e-07,0.999999
511,147,walking,2021-05-07 10:40:57.563,2021-05-07 10:40:59.543,0.021,3,3,0.99999946,4.1712576e-07,2.9630594e-09,1.1967464e-08,0.99999946
511,147,walking,2021-05-07 10:40:58.563,2021-05-07 10:41:00.543,0.021,3,3,0.9999992,6.5129785e-07,6.6864043e-09,5.7042516e-08,0.9999992
511,147,walking,2021-05-07 10:40:59.563,2021-05-07 10:41:01.543,0.021,3,3,0.99999875,1.0072604e-06,1.5024932e-08,1.7999709e-07,0.99999875
511,147,walking,2021-05-07 10:41:00.563,2021-05-07 10:41:02.543,0.021,3,3,0.9999992,6.937733e-07,6.6526424e-09,3.4294438e-08,0.9999992
511,147,walking,2021-05-07 10:41:01.563,2021-05-07 10:41:03.543,0.021,3,3,0.9999997,2.633122e-07,1.1310743e-09,4.301863e-09,0.9999997
511,147,walking,2021-05-07 10:41:02.563,2021-05-07 10:41:04.543,0.021,3,3,0.99999946,4.4684748e-07,1.9191617e-09,7.095196e-09,0.99999946
511,147,walking,2021-05-07 10:41:03.563,2021-05-07 10:41:05.543,0.021,3,3,0.999999,8.8147885e-07,6.0522636e-09,3.9115744e-08,0.999999
511,147,walking,2021-05-07 10:41:04.564,2021-05-07 10:41:06.543,0.021,3,3,0.99999887,9.5249976e-07,1.0578845e-08,1.3329908e-07,0.99999887
511,147,walking,2021-05-07 10:41:05.564,2021-05-07 10:41:07.543,0.021,3,3,0.9999985,1.2256502e-06,1.640475e-08,2.1438913e-07,0.9999985
511,147,walking,2021-05-07 10:41:06.564,2021-05-07 10:41:08.543,0.021,3,3,0.9999985,1.2065274e-06,1.4830352e-08,1.5838289e-07,0.9999985
511,147,walking,2021-05-07 10:41:07.564,2021-05-07 10:41:09.543,0.021,3,3,0.9999983,1.3789488e-06,2.3999872e-08,2.976722e-07,0.9999983
511,147,walking,2021-05-07 10:41:08.564,2021-05-07 10:41:10.543,0.021,3,3,0.9999979,1.3831551e-06,2.935683e-08,5.855977e-07,0.9999979
511,147,walking,2021-05-07 10:41:09.564,2021-05-07 10:41:11.543,0.021,3,3,0.999999,8.807764e-07,8.396504e-09,6.5900174e-08,0.999999
511,147,walking,2021-05-07 10:41:10.564,2021-05-07 10:41:12.543,0.021,3,3,0.99999934,5.2717564e-07,2.8394493e-09,2.0969368e-08,0.99999934
511,147,walking,2021-05-07 10:41:11.564,2021-05-07 10:41:13.543,0.021,3,3,0.9999985,1.0009372e-06,1.4972862e-08,3.675839e-07,0.9999985
511,147,walking,2021-05-07 10:41:12.564,2021-05-07 10:41:14.543,0.021,3,3,0.9999979,1.167468e-06,2.5101896e-08,8.1692036e-07,0.9999979
511,147,walking,2021-05-07 10:41:13.564,2021-05-07 10:41:15.543,0.021,3,3,0.9999983,1.2570448e-06,2.034125e-08,4.292501e-07,0.9999983
511,147,walking,2021-05-07 10:41:14.564,2021-05-07 10:41:16.544,0.021,3,3,0.99999875,1.1459629e-06,1.0736238e-08,7.015263e-08,0.99999875
511,147,walking,2021-05-07 10:41:15.564,2021-05-07 10:41:17.544,0.021,3,3,0.99999875,1.0081704e-06,1.3990786e-08,1.8170265e-07,0.99999875
511,147,walking,2021-05-07 10:41:16.563,2021-05-07 10:41:18.544,0.021,3,3,0.9999979,1.2482913e-06,2.7623358e-08,7.957371e-07,0.9999979
511,147,walking,2021-05-07 10:41:17.563,2021-05-07 10:41:19.544,0.021,3,3,0.9999992,6.108676e-07,6.5636723e-09,5.7516008e-08,0.9999992
511,147,walking,2021-05-07 10:41:18.563,2021-05-07 10:41:20.544,0.021,3,3,0.99999934,5.612307e-07,4.0698223e-09,1.8996133e-08,0.99999934
511,147,walking,2021-05-07 10:41:19.563,2021-05-07 10:41:21.544,0.021,3,3,0.99999934,5.948504e-07,4.1515014e-09,3.3477207e-08,0.99999934
511,147,walking,2021-05-07 10:41:20.563,2021-05-07 10:41:22.544,0.021,3,3,0.99999946,4.3861775e-07,3.4621395e-09,2.3591745e-08,0.99999946
511,147,walking,2021-05-07 10:41:21.563,2021-05-07 10:41:23.544,0.021,3,3,0.9999996,3.0331825e-07,1.7042021e-09,3.44234e-09,0.9999996
511,147,walking,2021-05-07 10:41:22.563,2021-05-07 10:41:24.544,0.021,3,3,0.99999946,4.1121965e-07,2.2074635e-09,8.111365e-09,0.99999946
511,147,walking,2021-05-07 10:41:23.563,2021-05-07 10:41:25.544,0.021,3,3,0.9999992,6.427868e-07,5.9113994e-09,6.1603714e-08,0.9999992
511,147,walking,2021-05-07 10:41:24.563,2021-05-07 10:41:26.544,0.021,3,3,0.99999946,4.7164824e-07,3.2031895e-09,1.5787897e-08,0.99999946
511,147,walking,2021-05-07 10:41:25.563,2021-05-07 10:41:27.544,0.021,3,3,0.9999996,3.7725744e-07,2.7574119e-09,1.2883373e-08,0.9999996
511,147,walking,2021-05-07 10:41:26.563,2021-05-07 10:41:28.544,0.021,3,3,0.99999946,4.96389e-07,3.6973271e-09,1.8880904e-08,0.99999946
511,147,walking,2021-05-07 10:41:27.563,2021-05-07 10:41:29.544,0.021,3,3,0.9999985,1.3156771e-06,1.3591871e-08,1.5280244e-07,0.9999985
511,147,walking,2021-05-07 10:41:28.563,2021-05-07 10:41:30.544,0.021,3,3,0.9999911,3.2887465e-06,8.074687e-08,5.5070936e-06,0.9999911
511,148,standing,2021-05-07 10:41:30.723,2021-05-07 10:41:32.703,0.021,2,2,0.9991672,7.537607e-07,2.9680015e-08,0.9991672,0.00083197217
511,148,standing,2021-05-07 10:41:31.723,2021-05-07 10:41:33.703,0.021,2,2,0.9992444,6.3709047e-07,2.2194204e-08,0.9992444,0.0007550227
511,148,standing,2021-05-07 10:41:32.723,2021-05-07 10:41:34.703,0.021,2,2,0.9992339,6.063908e-07,1.9031402e-08,0.9992339,0.00076554285
511,148,standing,2021-05-07 10:41:33.723,2021-05-07 10:41:35.703,0.021,2,2,0.99919957,5.9879534e-07,1.8068022e-08,0.99919957,0.00079982326
511,148,standing,2021-05-07 10:41:34.723,2021-05-07 10:41:36.703,0.021,2,2,0.9988654,6.969294e-07,2.123036e-08,0.9988654,0.0011338393
511,148,standing,2021-05-07 10:41:35.723,2021-05-07 10:41:37.703,0.021,2,2,0.9786777,4.1333305e-06,1.5557117e-07,0.9786777,0.021317938
511,149,walking,2021-05-07 10:41:37.763,2021-05-07 10:41:39.743,0.021,3,3,0.99999875,1.0817864e-06,1.1539368e-08,1.1275579e-07,0.99999875
511,149,walking,2021-05-07 10:41:38.763,2021-05-07 10:41:40.743,0.021,3,3,0.99999934,5.6776287e-07,4.316533e-09,2.0872841e-08,0.99999934
511,149,walking,2021-05-07 10:41:39.763,2021-05-07 10:41:41.743,0.021,3,3,0.9999991,7.2229113e-07,7.507065e-09,6.746914e-08,0.9999991
511,149,walking,2021-05-07 10:41:40.763,2021-05-07 10:41:42.743,0.021,3,3,0.99999934,5.555175e-07,4.186976e-09,3.283458e-08,0.99999934
511,149,walking,2021-05-07 10:41:41.763,2021-05-07 10:41:43.743,0.021,3,3,0.999999,8.601165e-07,1.1391084e-08,1.3586856e-07,0.999999
511,149,walking,2021-05-07 10:41:42.763,2021-05-07 10:41:44.743,0.021,3,3,0.99999887,9.1922084e-07,1.3260672e-08,1.8267932e-07,0.99999887
511,149,walking,2021-05-07 10:41:43.763,2021-05-07 10:41:45.743,0.021,3,3,0.9999984,1.4303687e-06,1.5901483e-08,1.03531995e-07,0.9999984
511,149,walking,2021-05-07 10:41:44.763,2021-05-07 10:41:46.743,0.021,3,3,0.99999875,1.0486583e-06,1.3108979e-08,1.419183e-07,0.99999875
511,149,walking,2021-05-07 10:41:45.763,2021-05-07 10:41:47.743,0.021,3,3,0.99999875,9.17477e-07,1.47904125e-08,2.6629283e-07,0.99999875
511,149,walking,2021-05-07 10:41:46.763,2021-05-07 10:41:48.743,0.021,3,3,0.9999984,1.2560575e-06,1.914189e-08,2.4707566e-07,0.9999984
511,149,walking,2021-05-07 10:41:47.763,2021-05-07 10:41:49.743,0.021,3,3,0.9999977,1.5211497e-06,3.0495073e-08,7.503454e-07,0.9999977
511,149,walking,2021-05-07 10:41:48.763,2021-05-07 10:41:50.743,0.021,3,3,0.99999934,5.15514e-07,5.5214873e-09,5.4290382e-08,0.99999934
511,149,walking,2021-05-07 10:41:49.763,2021-05-07 10:41:51.743,0.021,3,3,0.99999946,4.6584492e-07,4.557133e-09,2.6653526e-08,0.99999946
511,149,walking,2021-05-07 10:41:50.763,2021-05-07 10:41:52.743,0.021,3,3,0.9999992,7.151648e-07,7.926925e-09,3.733277e-08,0.9999992
511,149,walking,2021-05-07 10:41:51.763,2021-05-07 10:41:53.743,0.021,3,3,0.9999992,6.9748097e-07,6.809834e-09,3.9917076e-08,0.9999992
511,149,walking,2021-05-07 10:41:52.763,2021-05-07 10:41:54.743,0.021,3,3,0.9999986,9.954987e-07,1.4719237e-08,2.780733e-07,0.9999986
511,149,walking,2021-05-07 10:41:53.763,2021-05-07 10:41:55.743,0.021,3,3,0.99999946,4.0068556e-07,2.4732227e-09,1.4530239e-08,0.99999946
511,149,walking,2021-05-07 10:41:54.763,2021-05-07 10:41:56.743,0.021,3,3,0.99999946,4.8415313e-07,3.2253458e-09,1.9261119e-08,0.99999946
511,149,walking,2021-05-07 10:41:55.763,2021-05-07 10:41:57.743,0.021,3,3,0.9999991,7.374022e-07,6.1850685e-09,4.318032e-08,0.9999991
511,149,walking,2021-05-07 10:41:56.763,2021-05-07 10:41:58.743,0.021,3,3,0.9999992,6.385441e-07,5.8605094e-09,3.9977344e-08,0.9999992
511,149,walking,2021-05-07 10:41:57.763,2021-05-07 10:41:59.743,0.021,3,3,0.99999934,4.7834874e-07,5.5540195e-09,5.6469222e-08,0.99999934
511,149,walking,2021-05-07 10:41:58.763,2021-05-07 10:42:00.743,0.021,3,3,0.99999946,4.425109e-07,2.8651004e-09,1.2976717e-08,0.99999946
511,149,walking,2021-05-07 10:41:59.763,2021-05-07 10:42:01.743,0.021,3,3,0.99999946,4.5617946e-07,2.3355473e-09,4.22763e-09,0.99999946
511,149,walking,2021-05-07 10:42:00.763,2021-05-07 10:42:02.743,0.021,3,3,0.9999997,2.839946e-07,1.2322741e-09,6.582804e-10,0.9999997
511,149,walking,2021-05-07 10:42:01.763,2021-05-07 10:42:03.743,0.021,3,3,0.99999946,5.1009397e-07,3.0830107e-09,6.4003607e-09,0.99999946
511,149,walking,2021-05-07 10:42:02.763,2021-05-07 10:42:04.743,0.021,3,3,0.9999992,5.926432e-07,5.224429e-09,6.589038e-08,0.9999992
511,149,walking,2021-05-07 10:42:03.763,2021-05-07 10:42:05.743,0.021,3,3,0.99999946,4.1086489e-07,2.7329436e-09,1.46912305e-08,0.99999946
511,149,walking,2021-05-07 10:42:04.763,2021-05-07 10:42:06.743,0.021,3,3,0.9999992,6.421177e-07,6.4077e-09,5.4157166e-08,0.9999992
511,149,walking,2021-05-07 10:42:05.763,2021-05-07 10:42:07.743,0.021,3,3,0.9999992,6.779955e-07,6.8125883e-09,5.5581122e-08,0.9999992
511,149,walking,2021-05-07 10:42:06.763,2021-05-07 10:42:08.743,0.021,3,3,0.9999986,1.0744442e-06,1.6296877e-08,2.661095e-07,0.9999986
511,149,walking,2021-05-07 10:42:07.763,2021-05-07 10:42:09.743,0.021,3,3,0.99999946,4.966892e-07,3.397443e-09,1.671502e-08,0.99999946
511,149,walking,2021-05-07 10:42:08.763,2021-05-07 10:42:10.743,0.021,3,3,0.99999934,5.112174e-07,4.0609516e-09,2.4784038e-08,0.99999934
511,149,walking,2021-05-07 10:42:09.763,2021-05-07 10:42:11.743,0.021,3,3,0.999999,7.385796e-07,1.1094489e-08,2.0056072e-07,0.999999
511,149,walking,2021-05-07 10:42:10.763,2021-05-07 10:42:12.743,0.021,3,3,0.9999991,7.458255e-07,7.803537e-09,7.721871e-08,0.9999991
511,149,walking,2021-05-07 10:42:11.763,2021-05-07 10:42:13.743,0.021,3,3,0.99999946,4.286926e-07,2.1848565e-09,7.730431e-09,0.99999946
511,149,walking,2021-05-07 10:42:12.763,2021-05-07 10:42:14.743,0.021,3,3,0.9999992,7.168029e-07,5.511249e-09,3.2540058e-08,0.9999992
511,149,walking,2021-05-07 10:42:13.763,2021-05-07 10:42:15.743,0.021,3,3,0.99999875,1.0733925e-06,1.474931e-08,1.3640708e-07,0.99999875
511,149,walking,2021-05-07 10:42:14.763,2021-05-07 10:42:16.743,0.021,3,3,0.9999986,1.2078733e-06,1.1605252e-08,4.729457e-08,0.9999986
511,149,walking,2021-05-07 10:42:15.763,2021-05-07 10:42:17.743,0.021,3,3,0.99999875,1.1043016e-06,1.2116033e-08,1.17004525e-07,0.99999875
511,149,walking,2021-05-07 10:42:16.763,2021-05-07 10:42:18.743,0.021,3,3,0.9999973,1.6600605e-06,3.3314645e-08,9.4005384e-07,0.9999973
511,149,walking,2021-05-07 10:42:17.763,2021-05-07 10:42:19.743,0.021,3,3,0.9999979,1.5135067e-06,2.4475552e-08,4.4198217e-07,0.9999979
511,149,walking,2021-05-07 10:42:18.763,2021-05-07 10:42:20.743,0.021,3,3,0.9999992,6.657848e-07,5.7756404e-09,5.7020763e-08,0.9999992
511,149,walking,2021-05-07 10:42:19.763,2021-05-07 10:42:21.743,0.021,3,3,0.99999875,1.0650961e-06,1.10742535e-08,1.2171257e-07,0.99999875
511,149,walking,2021-05-07 10:42:20.763,2021-05-07 10:42:22.743,0.021,3,3,0.99999887,1.0539985e-06,6.0993006e-09,1.8258465e-08,0.99999887
511,149,walking,2021-05-07 10:42:21.763,2021-05-07 10:42:23.743,0.021,3,3,0.9999983,1.5530842e-06,1.8754221e-08,1.413744e-07,0.9999983
511,149,walking,2021-05-07 10:42:22.763,2021-05-07 10:42:24.743,0.021,3,3,0.9999961,1.6709212e-06,4.7271183e-08,2.0387547e-06,0.9999961
511,149,walking,2021-05-07 10:42:23.763,2021-05-07 10:42:25.743,0.021,3,3,0.9999972,1.8015505e-06,3.180161e-08,8.7910826e-07,0.9999972
511,149,walking,2021-05-07 10:42:24.763,2021-05-07 10:42:26.743,0.021,3,3,0.9999983,1.5139058e-06,1.7268762e-08,1.56293e-07,0.9999983
511,149,walking,2021-05-07 10:42:25.763,2021-05-07 10:42:27.743,0.021,3,3,0.99999815,1.5392515e-06,2.1601458e-08,1.793373e-07,0.99999815
511,149,walking,2021-05-07 10:42:26.763,2021-05-07 10:42:28.743,0.021,3,3,0.99999815,1.5189614e-06,2.3920853e-08,2.508715e-07,0.99999815
511,149,walking,2021-05-07 10:42:27.763,2021-05-07 10:42:29.743,0.021,3,3,0.9999983,1.338933e-06,2.1278936e-08,3.0071496e-07,0.9999983
511,149,walking,2021-05-07 10:42:28.763,2021-05-07 10:42:30.743,0.021,3,3,0.99999887,9.4999774e-07,1.0354523e-08,1.1264317e-07,0.99999887
511,149,walking,2021-05-07 10:42:29.763,2021-05-07 10:42:31.743,0.021,3,3,0.9999991,7.8762406e-07,5.777204e-09,2.8672e-08,0.9999991
511,149,walking,2021-05-07 10:42:30.763,2021-05-07 10:42:32.743,0.021,3,3,0.9999992,6.8135637e-07,4.9981237e-09,3.135333e-08,0.9999992
511,149,walking,2021-05-07 10:42:31.763,2021-05-07 10:42:33.743,0.021,3,3,0.9999992,6.5626335e-07,4.1497596e-09,1.7473138e-08,0.9999992
511,149,walking,2021-05-07 10:42:32.763,2021-05-07 10:42:34.743,0.021,3,3,0.9999985,1.2713692e-06,1.249041e-08,8.7792436e-08,0.9999985
511,149,walking,2021-05-07 10:42:33.763,2021-05-07 10:42:35.743,0.021,3,3,0.9999972,2.5020022e-06,2.9671769e-08,2.6867318e-07,0.9999972
511,149,walking,2021-05-07 10:42:34.763,2021-05-07 10:42:36.743,0.021,3,3,0.9999979,1.9640702e-06,1.476413e-08,8.437517e-08,0.9999979
511,149,walking,2021-05-07 10:42:35.763,2021-05-07 10:42:37.743,0.021,3,3,0.9999984,1.494989e-06,1.15160566e-08,6.024989e-08,0.9999984
511,149,walking,2021-05-07 10:42:36.763,2021-05-07 10:42:38.743,0.021,3,3,0.9999983,1.100786e-06,1.5791734e-08,5.6079193e-07,0.9999983
511,149,walking,2021-05-07 10:42:37.763,2021-05-07 10:42:39.743,0.021,3,3,0.9999985,9.846478e-07,1.566269e-08,4.8535236e-07,0.9999985
511,149,walking,2021-05-07 10:42:38.763,2021-05-07 10:42:40.743,0.021,3,3,0.9999986,1.1077846e-06,1.6384863e-08,2.1321165e-07,0.9999986
511,149,walking,2021-05-07 10:42:39.763,2021-05-07 10:42:41.743,0.021,3,3,0.9999984,1.3322359e-06,2.009373e-08,2.2565726e-07,0.9999984
511,149,walking,2021-05-07 10:42:40.763,2021-05-07 10:42:42.743,0.021,3,3,0.99999696,2.0855302e-06,4.89172e-08,8.215941e-07,0.99999696
511,149,walking,2021-05-07 10:42:41.763,2021-05-07 10:42:43.743,0.021,3,3,0.9999948,3.1417069e-06,1.0957542e-07,1.8980852e-06,0.9999948
511,149,walking,2021-05-07 10:42:42.763,2021-05-07 10:42:44.743,0.021,3,3,0.9999954,3.1233362e-06,8.12659e-08,1.3370266e-06,0.9999954
511,149,walking,2021-05-07 10:42:43.763,2021-05-07 10:42:45.743,0.021,3,3,0.9999952,3.1460463e-06,6.164202e-08,1.527972e-06,0.9999952
511,149,walking,2021-05-07 10:42:44.763,2021-05-07 10:42:46.743,0.021,3,3,0.99999493,2.871846e-06,5.9712896e-08,2.044812e-06,0.99999493
511,149,walking,2021-05-07 10:42:45.763,2021-05-07 10:42:47.743,0.021,3,3,0.9999953,1.951507e-06,5.5659513e-08,2.606573e-06,0.9999953
511,149,walking,2021-05-07 10:42:46.763,2021-05-07 10:42:48.743,0.021,3,3,0.9999983,1.3567147e-06,2.0030436e-08,2.7575214e-07,0.9999983
511,149,walking,2021-05-07 10:42:47.763,2021-05-07 10:42:49.743,0.021,3,3,0.99999815,1.5947115e-06,1.7461259e-08,1.2520418e-07,0.99999815
511,149,walking,2021-05-07 10:42:48.763,2021-05-07 10:42:50.743,0.021,3,3,0.9999984,1.4811766e-06,1.2150789e-08,5.1096663e-08,0.9999984
511,149,walking,2021-05-07 10:42:49.763,2021-05-07 10:42:51.743,0.021,3,3,0.9999972,2.181228e-06,3.6282362e-08,5.1802334e-07,0.9999972
511,149,walking,2021-05-07 10:42:50.763,2021-05-07 10:42:52.743,0.021,3,3,0.99999624,2.2540032e-06,5.1974315e-08,1.3742003e-06,0.99999624
511,149,walking,2021-05-07 10:42:51.763,2021-05-07 10:42:53.743,0.021,3,3,0.9999959,3.1511863e-06,5.704646e-08,8.21482e-07,0.9999959
511,149,walking,2021-05-07 10:42:52.763,2021-05-07 10:42:54.743,0.021,3,3,0.9999966,2.7408646e-06,4.0908883e-08,5.302186e-07,0.9999966
511,149,walking,2021-05-07 10:42:53.763,2021-05-07 10:42:55.743,0.021,3,3,0.9999909,2.8974212e-06,9.712325e-08,6.075599e-06,0.9999909
511,149,walking,2021-05-07 10:42:54.763,2021-05-07 10:42:56.743,0.021,3,3,0.99998945,5.4907023e-06,1.6266193e-07,4.8020274e-06,0.99998945
511,149,walking,2021-05-07 10:42:55.763,2021-05-07 10:42:57.743,0.021,3,3,0.99998814,9.845771e-06,1.3466817e-07,1.8408842e-06,0.99998814
511,149,walking,2021-05-07 10:42:56.763,2021-05-07 10:42:58.743,0.021,3,3,0.9999569,1.650726e-05,4.534851e-07,2.611042e-05,0.9999569
511,149,walking,2021-05-07 10:42:57.763,2021-05-07 10:42:59.743,0.021,3,3,0.9999451,2.1988848e-05,8.1811135e-07,3.2019256e-05,0.9999451
511,149,walking,2021-05-07 10:42:58.763,2021-05-07 10:43:00.743,0.021,3,3,0.9979167,2.6208774e-05,1.8769931e-06,0.002055166,0.9979167
511,149,walking,2021-05-07 10:42:59.763,2021-05-07 10:43:01.743,0.021,3,3,0.9928103,2.7247164e-05,1.9811253e-06,0.0071604433,0.9928103
511,149,walking,2021-05-07 10:43:00.763,2021-05-07 10:43:02.743,0.021,3,3,0.99768865,1.8906701e-05,1.4600224e-06,0.002291008,0.99768865
511,149,walking,2021-05-07 10:43:01.763,2021-05-07 10:43:03.743,0.021,3,3,0.9981545,1.998589e-05,1.9924391e-06,0.001823445,0.9981545
511,149,walking,2021-05-07 10:43:02.763,2021-05-07 10:43:04.743,0.021,3,3,0.9984859,6.868765e-05,6.27879e-06,0.0014390557,0.9984859
511,149,walking,2021-05-07 10:43:03.763,2021-05-07 10:43:05.743,0.021,3,3,0.9997587,0.0001857338,3.7555126e-06,5.1817453e-05,0.9997587
511,149,walking,2021-05-07 10:43:04.763,2021-05-07 10:43:06.743,0.021,3,3,0.9998741,3.6194873e-05,1.3035045e-06,8.8520166e-05,0.9998741
511,149,walking,2021-05-07 10:43:05.763,2021-05-07 10:43:07.743,0.021,3,3,0.99998075,5.384866e-06,2.776335e-07,1.3558742e-05,0.99998075
511,149,walking,2021-05-07 10:43:06.763,2021-05-07 10:43:08.743,0.021,3,3,0.9999959,2.998856e-06,6.911726e-08,9.797941e-07,0.9999959
511,149,walking,2021-05-07 10:43:07.763,2021-05-07 10:43:09.743,0.021,3,3,0.9999929,6.567216e-06,9.556244e-08,3.247427e-07,0.9999929
511,149,walking,2021-05-07 10:43:08.763,2021-05-07 10:43:10.743,0.021,3,3,0.9999843,1.5139691e-05,1.4454277e-07,2.732556e-07,0.9999843
511,149,walking,2021-05-07 10:43:09.763,2021-05-07 10:43:11.743,0.021,3,3,0.99997467,2.4108167e-05,2.5609933e-07,9.504505e-07,0.99997467
511,149,walking,2021-05-07 10:43:10.763,2021-05-07 10:43:12.743,0.021,3,3,0.99997824,1.8898763e-05,2.8383204e-07,2.56233e-06,0.99997824
511,149,walking,2021-05-07 10:43:11.763,2021-05-07 10:43:13.743,0.021,3,3,0.99995524,1.3248182e-05,6.7223567e-07,3.07998e-05,0.99995524
511,149,walking,2021-05-07 10:43:12.763,2021-05-07 10:43:14.743,0.021,3,3,0.99992627,7.1603426e-06,3.9522223e-07,6.605385e-05,0.99992627
511,149,walking,2021-05-07 10:43:13.763,2021-05-07 10:43:15.743,0.021,3,3,0.9999848,4.1042285e-06,1.8042354e-07,1.083211e-05,0.9999848
511,149,walking,2021-05-07 10:43:14.763,2021-05-07 10:43:16.743,0.021,3,3,0.9999885,6.368688e-06,1.869772e-07,4.89721e-06,0.9999885
511,149,walking,2021-05-07 10:43:15.763,2021-05-07 10:43:17.743,0.021,3,3,0.9999859,1.3029412e-05,1.6419858e-07,8.540656e-07,0.9999859
511,149,walking,2021-05-07 10:43:16.763,2021-05-07 10:43:18.743,0.021,3,3,0.9999884,1.073343e-05,1.1198359e-07,6.8363613e-07,0.9999884
511,149,walking,2021-05-07 10:43:17.763,2021-05-07 10:43:19.743,0.021,3,3,0.9999905,6.661553e-06,1.1993815e-07,2.5947154e-06,0.9999905
511,149,walking,2021-05-07 10:43:18.763,2021-05-07 10:43:20.743,0.021,3,3,0.9999905,5.5766263e-06,1.743857e-07,3.6673866e-06,0.9999905
511,149,walking,2021-05-07 10:43:19.763,2021-05-07 10:43:21.743,0.021,3,3,0.9999921,3.5842177e-06,1.1467516e-07,4.12648e-06,0.9999921
511,149,walking,2021-05-07 10:43:20.763,2021-05-07 10:43:22.743,0.021,3,3,0.99999434,2.5111049e-06,7.7604156e-08,3.0484534e-06,0.99999434
511,149,walking,2021-05-07 10:43:21.763,2021-05-07 10:43:23.743,0.021,3,3,0.99999636,3.149935e-06,4.1559275e-08,3.454191e-07,0.99999636
511,149,walking,2021-05-07 10:43:22.763,2021-05-07 10:43:24.743,0.021,3,3,0.9999866,1.1185863e-05,2.6249413e-07,1.9148713e-06,0.9999866
511,149,walking,2021-05-07 10:43:23.763,2021-05-07 10:43:25.743,0.021,3,3,0.9999779,1.43422885e-05,4.8117977e-07,7.2699468e-06,0.9999779
511,149,walking,2021-05-07 10:43:24.763,2021-05-07 10:43:26.743,0.021,3,3,0.99998325,1.3231695e-05,2.843672e-07,3.1552242e-06,0.99998325
511,149,walking,2021-05-07 10:43:25.763,2021-05-07 10:43:27.743,0.021,3,3,0.999981,1.652618e-05,2.4513065e-07,2.1469627e-06,0.999981
511,149,walking,2021-05-07 10:43:26.763,2021-05-07 10:43:28.743,0.021,3,3,0.9999772,1.924871e-05,3.7214804e-07,3.117185e-06,0.9999772
511,149,walking,2021-05-07 10:43:27.763,2021-05-07 10:43:29.743,0.021,3,3,0.99996716,1.9918843e-05,8.0965197e-07,1.2108461e-05,0.99996716
511,149,walking,2021-05-07 10:43:28.763,2021-05-07 10:43:30.743,0.021,3,3,0.99997824,9.057354e-06,4.0922356e-07,1.2202994e-05,0.99997824
511,149,walking,2021-05-07 10:43:29.763,2021-05-07 10:43:31.743,0.021,3,3,0.99998313,1.0677742e-05,4.1633007e-07,5.6737354e-06,0.99998313
511,149,walking,2021-05-07 10:43:30.763,2021-05-07 10:43:32.743,0.021,3,3,0.99999017,8.328392e-06,1.9664228e-07,1.2261708e-06,0.99999017
511,149,walking,2021-05-07 10:43:31.763,2021-05-07 10:43:33.743,0.021,3,3,0.999996,3.8317385e-06,2.6757037e-08,6.376022e-08,0.999996
511,149,walking,2021-05-07 10:43:32.763,2021-05-07 10:43:34.743,0.021,3,3,0.9999955,4.373494e-06,2.6667303e-08,5.0319308e-08,0.9999955
511,149,walking,2021-05-07 10:43:33.763,2021-05-07 10:43:35.743,0.021,3,3,0.99998635,9.001129e-06,2.7185357e-07,4.311353e-06,0.99998635
511,149,walking,2021-05-07 10:43:34.763,2021-05-07 10:43:36.743,0.021,3,3,0.99999505,3.546162e-06,5.6547872e-08,1.2478117e-06,0.99999505
511,149,walking,2021-05-07 10:43:35.763,2021-05-07 10:43:37.743,0.021,3,3,0.9999961,2.822872e-06,5.3100898e-08,8.83728e-07,0.9999961
511,149,walking,2021-05-07 10:43:36.763,2021-05-07 10:43:38.743,0.021,3,3,0.99999446,4.9847363e-06,6.2207846e-08,4.4020416e-07,0.99999446
511,149,walking,2021-05-07 10:43:37.763,2021-05-07 10:43:39.743,0.021,3,3,0.99997646,2.0863718e-05,5.160393e-07,2.132347e-06,0.99997646
511,149,walking,2021-05-07 10:43:38.763,2021-05-07 10:43:40.743,0.021,3,3,0.99998075,1.6857415e-05,3.9259228e-07,1.977486e-06,0.99998075
511,149,walking,2021-05-07 10:43:39.763,2021-05-07 10:43:41.743,0.021,3,3,0.99997073,1.32303185e-05,5.8757155e-07,1.536831e-05,0.99997073
511,149,walking,2021-05-07 10:43:40.763,2021-05-07 10:43:42.743,0.021,3,3,0.9999935,3.4787586e-06,1.0554225e-07,2.8816746e-06,0.9999935
511,149,walking,2021-05-07 10:43:41.763,2021-05-07 10:43:43.743,0.021,3,3,0.99999875,1.1092139e-06,1.5181064e-08,1.1082457e-07,0.99999875
511,149,walking,2021-05-07 10:43:42.763,2021-05-07 10:43:44.743,0.021,3,3,0.99999696,2.7332278e-06,3.4124515e-08,1.8778599e-07,0.99999696
511,149,walking,2021-05-07 10:43:43.763,2021-05-07 10:43:45.743,0.021,3,3,0.9999843,1.4457752e-05,2.305581e-07,9.809411e-07,0.9999843
511,149,walking,2021-05-07 10:43:44.763,2021-05-07 10:43:46.743,0.021,3,3,0.99993604,5.3673502e-05,1.2338885e-06,8.974552e-06,0.99993604
511,149,walking,2021-05-07 10:43:45.763,2021-05-07 10:43:47.743,0.021,3,3,0.99991995,6.176516e-05,1.213924e-06,1.6977729e-05,0.99991995
511,149,walking,2021-05-07 10:43:46.763,2021-05-07 10:43:48.743,0.021,3,3,0.9999487,2.0849455e-05,5.4828723e-07,2.9898549e-05,0.9999487
511,149,walking,2021-05-07 10:43:47.763,2021-05-07 10:43:49.743,0.021,3,3,0.9999935,2.8561205e-06,7.9437896e-08,3.4983107e-06,0.9999935
511,149,walking,2021-05-07 10:43:48.763,2021-05-07 10:43:50.743,0.021,3,3,0.9999979,1.832421e-06,2.5922931e-08,2.2047313e-07,0.9999979
511,149,walking,2021-05-07 10:43:49.763,2021-05-07 10:43:51.743,0.021,3,3,0.999996,3.7616342e-06,4.2197467e-08,1.7831232e-07,0.999996
511,149,walking,2021-05-07 10:43:50.763,2021-05-07 10:43:52.743,0.021,3,3,0.99998385,1.4972866e-05,2.1511076e-07,8.517749e-07,0.99998385
511,149,walking,2021-05-07 10:43:51.763,2021-05-07 10:43:53.743,0.021,3,3,0.9999638,1.8415587e-05,5.213608e-07,1.7165608e-05,0.9999638
511,149,walking,2021-05-07 10:43:52.763,2021-05-07 10:43:54.743,0.021,3,3,0.9999617,1.1082344e-05,3.3285528e-07,2.6864134e-05,0.9999617
511,149,walking,2021-05-07 10:43:53.763,2021-05-07 10:43:55.743,0.021,3,3,0.99990445,1.05520585e-05,5.873002e-07,8.4345615e-05,0.99990445
511,149,walking,2021-05-07 10:43:54.763,2021-05-07 10:43:56.743,0.021,3,3,0.9999493,5.730078e-06,3.161941e-07,4.4649878e-05,0.9999493
511,149,walking,2021-05-07 10:43:55.763,2021-05-07 10:43:57.743,0.021,3,3,0.99999017,3.9260817e-06,1.2788877e-07,5.773163e-06,0.99999017
511,149,walking,2021-05-07 10:43:56.763,2021-05-07 10:43:58.743,0.021,3,3,0.9999812,1.0235285e-05,2.464753e-07,8.277743e-06,0.9999812
511,149,walking,2021-05-07 10:43:57.763,2021-05-07 10:43:59.743,0.021,3,3,0.99998814,1.0367411e-05,1.6438133e-07,1.2318891e-06,0.99998814
511,149,walking,2021-05-07 10:43:58.763,2021-05-07 10:44:00.743,0.021,3,3,0.99999386,5.4410084e-06,6.382871e-08,5.478818e-07,0.99999386
511,149,walking,2021-05-07 10:43:59.763,2021-05-07 10:44:01.743,0.021,3,3,0.9999824,9.678791e-06,2.892456e-07,7.554495e-06,0.9999824
511,149,walking,2021-05-07 10:44:00.763,2021-05-07 10:44:02.743,0.021,3,3,0.9999735,6.274995e-06,2.72419e-07,1.9960768e-05,0.9999735
511,149,walking,2021-05-07 10:44:01.763,2021-05-07 10:44:03.743,0.021,3,3,0.9999878,4.3738396e-06,1.536372e-07,7.5919693e-06,0.9999878
511,149,walking,2021-05-07 10:44:02.763,2021-05-07 10:44:04.743,0.021,3,3,0.9999928,5.3081385e-06,8.9601876e-08,1.7758057e-06,0.9999928
511,149,walking,2021-05-07 10:44:03.763,2021-05-07 10:44:05.743,0.021,3,3,0.99998754,9.711821e-06,2.3129925e-07,2.5109991e-06,0.99998754
511,149,walking,2021-05-07 10:44:04.763,2021-05-07 10:44:06.743,0.021,3,3,0.9999879,1.0991032e-05,1.6580995e-07,8.4122803e-07,0.9999879
511,149,walking,2021-05-07 10:44:05.763,2021-05-07 10:44:07.743,0.021,3,3,0.9999892,9.3705e-06,1.3347297e-07,1.2528936e-06,0.9999892
511,149,walking,2021-05-07 10:44:06.763,2021-05-07 10:44:08.743,0.021,3,3,0.9999699,1.1206325e-05,4.1332035e-07,1.8458937e-05,0.9999699
511,149,walking,2021-05-07 10:44:07.763,2021-05-07 10:44:09.743,0.021,3,3,0.99986696,6.894543e-06,3.998237e-07,0.0001257706,0.99986696
511,149,walking,2021-05-07 10:44:08.763,2021-05-07 10:44:10.743,0.021,3,3,0.9999803,4.4770163e-06,1.3820791e-07,1.5078391e-05,0.9999803
511,149,walking,2021-05-07 10:44:09.763,2021-05-07 10:44:11.743,0.021,3,3,0.9999942,3.995763e-06,7.352081e-08,1.6862375e-06,0.9999942
511,149,walking,2021-05-07 10:44:10.763,2021-05-07 10:44:12.743,0.021,3,3,0.99999005,8.507618e-06,1.7253782e-07,1.258636e-06,0.99999005
511,149,walking,2021-05-07 10:44:11.763,2021-05-07 10:44:13.743,0.021,3,3,0.9999885,8.742669e-06,1.9401952e-07,2.553197e-06,0.9999885
511,149,walking,2021-05-07 10:44:12.763,2021-05-07 10:44:14.743,0.021,3,3,0.9999811,8.077641e-06,3.0742845e-07,1.0458789e-05,0.9999811
511,149,walking,2021-05-07 10:44:13.763,2021-05-07 10:44:15.743,0.021,3,3,0.9999679,4.782783e-06,2.1366553e-07,2.7128632e-05,0.9999679
511,149,walking,2021-05-07 10:44:14.763,2021-05-07 10:44:16.743,0.021,3,3,0.99997205,3.9951447e-06,1.6731427e-07,2.3769182e-05,0.99997205
511,149,walking,2021-05-07 10:44:15.763,2021-05-07 10:44:17.743,0.021,3,3,0.9999923,5.4838415e-06,1.05769445e-07,2.0896296e-06,0.9999923
511,149,walking,2021-05-07 10:44:16.763,2021-05-07 10:44:18.743,0.021,3,3,0.9999915,7.2486605e-06,1.3399834e-07,1.0624639e-06,0.9999915
511,149,walking,2021-05-07 10:44:17.763,2021-05-07 10:44:19.743,0.021,3,3,0.9999916,7.929682e-06,9.832986e-08,2.8315935e-07,0.9999916
511,149,walking,2021-05-07 10:44:18.763,2021-05-07 10:44:20.743,0.021,3,3,0.9999934,6.2980457e-06,6.256058e-08,2.2839755e-07,0.9999934
511,149,walking,2021-05-07 10:44:19.763,2021-05-07 10:44:21.743,0.021,3,3,0.9999886,8.512005e-06,1.8040684e-07,2.5982415e-06,0.9999886
511,149,walking,2021-05-07 10:44:20.763,2021-05-07 10:44:22.743,0.021,3,3,0.99998134,5.5964365e-06,1.9756462e-07,1.28325155e-05,0.99998134
511,149,walking,2021-05-07 10:44:21.763,2021-05-07 10:44:23.743,0.021,3,3,0.999975,3.907059e-06,1.9530117e-07,2.0804797e-05,0.999975
511,149,walking,2021-05-07 10:44:22.763,2021-05-07 10:44:24.743,0.021,3,3,0.9999961,3.0176825e-06,4.264694e-08,8.099797e-07,0.9999961
511,149,walking,2021-05-07 10:44:23.763,2021-05-07 10:44:25.743,0.021,3,3,0.99999195,7.039489e-06,1.03843995e-07,8.184228e-07,0.99999195
511,149,walking,2021-05-07 10:44:24.763,2021-05-07 10:44:26.743,0.021,3,3,0.9999873,1.1322897e-05,1.862935e-07,1.1716203e-06,0.9999873
511,149,walking,2021-05-07 10:44:25.763,2021-05-07 10:44:27.743,0.021,3,3,0.9999903,7.6278466e-06,1.5143058e-07,1.8371122e-06,0.9999903
511,149,walking,2021-05-07 10:44:26.763,2021-05-07 10:44:28.743,0.021,3,3,0.99998635,7.868787e-06,2.0625355e-07,5.483537e-06,0.99998635
511,149,walking,2021-05-07 10:44:27.763,2021-05-07 10:44:29.743,0.021,3,3,0.99997157,8.2843835e-06,3.4016378e-07,1.9691488e-05,0.99997157
511,149,walking,2021-05-07 10:44:28.763,2021-05-07 10:44:30.743,0.021,3,3,0.9999612,4.726647e-06,2.4464632e-07,3.3827648e-05,0.9999612
511,149,walking,2021-05-07 10:44:29.763,2021-05-07 10:44:31.743,0.021,3,3,0.9999787,6.3544294e-06,2.974768e-07,1.4612922e-05,0.9999787
511,152,standing,2021-05-07 10:44:33.083,2021-05-07 10:44:35.063,0.021,2,2,0.99845713,4.7255568e-07,1.3529415e-08,0.99845713,0.0015423541
511,152,standing,2021-05-07 10:44:34.083,2021-05-07 10:44:36.063,0.021,2,2,0.998696,4.2693918e-07,1.0388835e-08,0.998696,0.0013035305
511,156,standing,2021-05-07 10:44:38.923,2021-05-07 10:44:40.903,0.021,2,2,0.98882145,2.0849877e-05,2.2953046e-07,0.98882145,0.011157384
511,156,standing,2021-05-07 10:44:39.923,2021-05-07 10:44:41.903,0.021,2,2,0.9938543,1.3622848e-05,1.5629146e-07,0.9938543,0.0061319396
511,156,standing,2021-05-07 10:44:40.923,2021-05-07 10:44:42.903,0.021,2,2,0.99474835,1.27653e-05,1.7272241e-07,0.99474835,0.0052386867
511,156,standing,2021-05-07 10:44:41.923,2021-05-07 10:44:43.903,0.021,2,2,0.9914915,1.4133259e-05,1.7263534e-07,0.9914915,0.008494202
511,156,standing,2021-05-07 10:44:42.923,2021-05-07 10:44:44.903,0.021,2,2,0.9944342,1.0075268e-05,1.1596218e-07,0.9944342,0.005555696
511,156,standing,2021-05-07 10:44:43.923,2021-05-07 10:44:45.903,0.021,2,2,0.9934978,1.1802055e-05,1.4970831e-07,0.9934978,0.0064902175
511,156,standing,2021-05-07 10:44:44.923,2021-05-07 10:44:46.903,0.021,2,2,0.994081,9.671395e-06,1.0719038e-07,0.994081,0.0059092296
511,156,standing,2021-05-07 10:44:45.923,2021-05-07 10:44:47.903,0.021,2,2,0.99398077,8.91741e-06,8.944793e-08,0.99398077,0.0060102353
511,156,standing,2021-05-07 10:44:46.923,2021-05-07 10:44:48.903,0.021,2,2,0.99417025,1.0277275e-05,1.1463519e-07,0.99417025,0.0058192476
511,156,standing,2021-05-07 10:44:47.923,2021-05-07 10:44:49.903,0.021,2,2,0.99738485,7.4505465e-06,8.768347e-08,0.99738485,0.0026076017
511,156,standing,2021-05-07 10:44:48.923,2021-05-07 10:44:50.903,0.021,2,2,0.99568164,1.0222368e-05,1.2407544e-07,0.99568164,0.0043079946
511,156,standing,2021-05-07 10:44:49.923,2021-05-07 10:44:51.903,0.021,2,2,0.99315554,1.2718622e-05,1.4944224e-07,0.99315554,0.006831546
511,156,standing,2021-05-07 10:44:50.923,2021-05-07 10:44:52.903,0.021,2,2,0.99398905,1.2251571e-05,1.4850508e-07,0.99398905,0.0059984694
511,156,standing,2021-05-07 10:44:51.923,2021-05-07 10:44:53.903,0.021,2,2,0.98344266,1.9792664e-05,2.2152676e-07,0.98344266,0.016537266
511,156,standing,2021-05-07 10:44:52.923,2021-05-07 10:44:54.903,0.021,2,2,0.9702019,2.4463308e-05,1.8053701e-07,0.9702019,0.029773392
511,156,standing,2021-05-07 10:44:53.923,2021-05-07 10:44:55.903,0.021,2,2,0.9843388,1.3800572e-05,6.604168e-08,0.9843388,0.015647227
511,159,walking,2021-05-07 10:44:57.284,2021-05-07 10:44:59.263,0.021,3,3,0.99991494,5.5334913e-06,3.6597012e-07,7.914414e-05,0.99991494
511,159,walking,2021-05-07 10:44:58.284,2021-05-07 10:45:00.263,0.021,3,3,0.99999326,4.247882e-06,1.0660337e-07,2.2912523e-06,0.99999326
511,159,walking,2021-05-07 10:44:59.284,2021-05-07 10:45:01.263,0.021,3,3,0.99997705,1.48301e-05,4.932982e-07,7.5391677e-06,0.99997705
511,159,walking,2021-05-07 10:45:00.283,2021-05-07 10:45:02.263,0.021,3,3,0.9999756,2.0920965e-05,4.611845e-07,2.8882948e-06,0.9999756
511,159,walking,2021-05-07 10:45:01.283,2021-05-07 10:45:03.263,0.021,3,3,0.999993,5.6601016e-06,1.07246386e-07,1.1075723e-06,0.999993
511,159,walking,2021-05-07 10:45:02.283,2021-05-07 10:45:04.263,0.021,3,3,0.99998146,6.019024e-06,2.6017176e-07,1.2253015e-05,0.99998146
511,159,walking,2021-05-07 10:45:03.283,2021-05-07 10:45:05.263,0.021,3,3,0.9999855,3.1535346e-06,1.183342e-07,1.11778845e-05,0.9999855
511,159,walking,2021-05-07 10:45:04.283,2021-05-07 10:45:06.263,0.021,3,3,0.99998635,3.9522884e-06,1.683691e-07,9.419385e-06,0.99998635
511,159,walking,2021-05-07 10:45:05.283,2021-05-07 10:45:07.263,0.021,3,3,0.9999947,4.1958087e-06,7.2901415e-08,9.3684645e-07,0.9999947
511,159,walking,2021-05-07 10:45:06.283,2021-05-07 10:45:08.263,0.021,3,3,0.99999183,7.689313e-06,9.1320594e-08,2.8764322e-07,0.99999183
511,159,walking,2021-05-07 10:45:07.283,2021-05-07 10:45:09.263,0.021,3,3,0.9999935,6.146945e-06,7.785019e-08,2.3761098e-07,0.9999935
511,159,walking,2021-05-07 10:45:08.284,2021-05-07 10:45:10.263,0.021,3,3,0.9999953,4.137566e-06,6.2091495e-08,4.784855e-07,0.9999953
511,159,walking,2021-05-07 10:45:09.284,2021-05-07 10:45:11.263,0.021,3,3,0.99999684,2.5406896e-06,3.5372246e-08,5.639323e-07,0.99999684
511,159,walking,2021-05-07 10:45:10.284,2021-05-07 10:45:12.263,0.021,3,3,0.999957,4.3939986e-06,3.1874248e-07,3.8253584e-05,0.999957
511,159,walking,2021-05-07 10:45:11.284,2021-05-07 10:45:13.263,0.021,3,3,0.9999905,4.7819517e-06,1.8923863e-07,4.4441663e-06,0.9999905
511,159,walking,2021-05-07 10:45:12.284,2021-05-07 10:45:14.263,0.021,3,3,0.9999891,8.5921565e-06,2.4027582e-07,2.073848e-06,0.9999891
511,159,walking,2021-05-07 10:45:13.284,2021-05-07 10:45:15.263,0.021,3,3,0.9999941,5.4635607e-06,7.615091e-08,3.2909227e-07,0.9999941
511,159,walking,2021-05-07 10:45:14.284,2021-05-07 10:45:16.263,0.021,3,3,0.9999965,3.2408318e-06,3.590919e-08,1.7253794e-07,0.9999965
511,159,walking,2021-05-07 10:45:15.284,2021-05-07 10:45:17.263,0.021,3,3,0.9999905,7.308091e-06,1.6832325e-07,1.9638421e-06,0.9999905
511,159,walking,2021-05-07 10:45:16.284,2021-05-07 10:45:18.263,0.021,3,3,0.99998957,6.159702e-06,2.4235797e-07,4.0025675e-06,0.99998957
511,159,walking,2021-05-07 10:45:17.284,2021-05-07 10:45:19.263,0.021,3,3,0.99998695,3.2341627e-06,1.539624e-07,9.618509e-06,0.99998695
511,159,walking,2021-05-07 10:45:18.284,2021-05-07 10:45:20.263,0.021,3,3,0.99999505,3.0509395e-06,8.7880586e-08,1.7732915e-06,0.99999505
511,159,walking,2021-05-07 10:45:19.284,2021-05-07 10:45:21.263,0.021,3,3,0.9999935,5.2848663e-06,1.1534384e-07,1.0037991e-06,0.9999935
511,159,walking,2021-05-07 10:45:20.284,2021-05-07 10:45:22.263,0.021,3,3,0.9999855,1.2502375e-05,2.5712063e-07,1.688917e-06,0.9999855
511,159,walking,2021-05-07 10:45:21.284,2021-05-07 10:45:23.263,0.021,3,3,0.99999124,8.058202e-06,9.9649384e-08,5.396842e-07,0.99999124
511,159,walking,2021-05-07 10:45:22.284,2021-05-07 10:45:24.263,0.021,3,3,0.9999514,1.6277447e-05,6.244616e-07,3.1607422e-05,0.9999514
511,159,walking,2021-05-07 10:45:23.284,2021-05-07 10:45:25.263,0.021,3,3,0.99998266,4.7623125e-06,1.8369136e-07,1.2333772e-05,0.99998266
511,159,walking,2021-05-07 10:45:24.284,2021-05-07 10:45:26.263,0.021,3,3,0.9999866,6.056234e-06,2.461602e-07,7.0462283e-06,0.9999866
511,159,walking,2021-05-07 10:45:25.284,2021-05-07 10:45:27.263,0.021,3,3,0.99999255,6.636583e-06,1.095549e-07,6.0203047e-07,0.99999255
511,159,walking,2021-05-07 10:45:26.284,2021-05-07 10:45:28.263,0.021,3,3,0.99999064,8.661756e-06,1.1144178e-07,5.031352e-07,0.99999064
511,159,walking,2021-05-07 10:45:27.284,2021-05-07 10:45:29.263,0.021,3,3,0.99998134,1.5762631e-05,2.7211343e-07,2.5421818e-06,0.99998134
511,159,walking,2021-05-07 10:45:28.284,2021-05-07 10:45:30.263,0.021,3,3,0.99997693,1.0633694e-05,3.8035313e-07,1.1965194e-05,0.99997693
511,159,walking,2021-05-07 10:45:29.284,2021-05-07 10:45:31.263,0.021,3,3,0.99995774,4.0297064e-06,2.4748633e-07,3.790998e-05,0.99995774
511,159,walking,2021-05-07 10:45:30.284,2021-05-07 10:45:32.263,0.021,3,3,0.99999434,3.3367617e-06,8.427033e-08,2.1572453e-06,0.99999434
511,159,walking,2021-05-07 10:45:31.284,2021-05-07 10:45:33.263,0.021,3,3,0.9999941,4.9652203e-06,7.7781365e-08,7.5897907e-07,0.9999941
511,159,walking,2021-05-07 10:45:32.284,2021-05-07 10:45:34.263,0.021,3,3,0.99999017,9.255979e-06,1.3272506e-07,3.8770216e-07,0.99999017
511,159,walking,2021-05-07 10:45:33.284,2021-05-07 10:45:35.263,0.021,3,3,0.9999953,4.5401034e-06,3.9877957e-08,1.0934039e-07,0.9999953
511,159,walking,2021-05-07 10:45:34.284,2021-05-07 10:45:36.263,0.021,3,3,0.999996,3.6586664e-06,3.3255436e-08,1.8581854e-07,0.999996
511,159,walking,2021-05-07 10:45:35.284,2021-05-07 10:45:37.263,0.021,3,3,0.9999911,4.7904077e-06,1.424637e-07,3.8666512e-06,0.9999911
511,159,walking,2021-05-07 10:45:36.284,2021-05-07 10:45:38.263,0.021,3,3,0.99996275,4.1199687e-06,2.2396624e-07,3.28746e-05,0.99996275
511,159,walking,2021-05-07 10:45:37.284,2021-05-07 10:45:39.263,0.021,3,3,0.99999505,3.0519814e-06,7.582473e-08,1.7587266e-06,0.99999505
511,159,walking,2021-05-07 10:45:38.284,2021-05-07 10:45:40.263,0.021,3,3,0.99998957,7.4319105e-06,2.0122785e-07,2.7245235e-06,0.99998957
511,159,walking,2021-05-07 10:45:39.284,2021-05-07 10:45:41.263,0.021,3,3,0.99996394,7.922101e-06,3.9266132e-07,2.7739328e-05,0.99996394
511,159,walking,2021-05-07 10:45:40.284,2021-05-07 10:45:42.263,0.021,3,3,0.99982405,2.933049e-06,1.1726367e-07,0.00017303851,0.99982405
511,160,standing,2021-05-07 10:45:42.324,2021-05-07 10:45:44.304,0.021,2,2,0.998484,5.368329e-07,1.4790334e-08,0.998484,0.0015154111
511,160,standing,2021-05-07 10:45:43.324,2021-05-07 10:45:45.304,0.021,2,2,0.99849486,5.575594e-07,1.9163446e-08,0.99849486,0.0015045516
511,160,standing,2021-05-07 10:45:44.324,2021-05-07 10:45:46.304,0.021,2,2,0.99890316,4.258857e-07,1.6087649e-08,0.99890316,0.0010963901
511,160,standing,2021-05-07 10:45:45.324,2021-05-07 10:45:47.304,0.021,2,2,0.99913657,3.4568933e-07,1.2524139e-08,0.99913657,0.000863044
511,160,standing,2021-05-07 10:45:46.324,2021-05-07 10:45:48.304,0.021,2,2,0.9979867,4.6802572e-07,1.4778795e-08,0.9979867,0.0020128235
511,160,standing,2021-05-07 10:45:47.324,2021-05-07 10:45:49.304,0.021,2,2,0.997109,5.205193e-07,1.4246465e-08,0.997109,0.0028904271
511,160,standing,2021-05-07 10:45:48.324,2021-05-07 10:45:50.304,0.021,2,2,0.99895614,3.123024e-07,8.032196e-09,0.99895614,0.0010435447
511,160,standing,2021-05-07 10:45:49.324,2021-05-07 10:45:51.304,0.021,2,2,0.99899495,3.3362653e-07,9.013124e-09,0.99899495,0.0010047443
511,160,standing,2021-05-07 10:45:50.324,2021-05-07 10:45:52.304,0.021,2,2,0.99901295,3.40543e-07,9.257385e-09,0.99901295,0.0009866308
511,160,standing,2021-05-07 10:45:51.324,2021-05-07 10:45:53.304,0.021,2,2,0.9989812,3.5782375e-07,9.799206e-09,0.9989812,0.0010184244
511,160,standing,2021-05-07 10:45:52.324,2021-05-07 10:45:54.304,0.021,2,2,0.99886364,3.2831105e-07,8.094661e-09,0.99886364,0.0011360219
511,160,standing,2021-05-07 10:45:53.324,2021-05-07 10:45:55.304,0.021,2,2,0.9989523,2.8621088e-07,6.735542e-09,0.9989523,0.0010473359
511,160,standing,2021-05-07 10:45:54.324,2021-05-07 10:45:56.304,0.021,2,2,0.99905306,2.9186666e-07,7.210553e-09,0.99905306,0.0009465291
511,160,standing,2021-05-07 10:45:55.324,2021-05-07 10:45:57.304,0.021,2,2,0.99907607,3.0909607e-07,7.906266e-09,0.99907607,0.0009236458
511,160,standing,2021-05-07 10:45:56.324,2021-05-07 10:45:58.304,0.021,2,2,0.9990176,3.2014214e-07,8.342551e-09,0.9990176,0.0009820871
511,160,standing,2021-05-07 10:45:57.324,2021-05-07 10:45:59.304,0.021,2,2,0.9989233,3.211926e-07,7.9997955e-09,0.9989233,0.0010763748
511,160,standing,2021-05-07 10:45:58.324,2021-05-07 10:46:00.303,0.021,2,2,0.9990507,3.0636596e-07,7.645987e-09,0.9990507,0.0009489229
511,160,standing,2021-05-07 10:45:59.324,2021-05-07 10:46:01.303,0.021,2,2,0.9988504,3.472713e-07,8.844293e-09,0.9988504,0.0011492426
511,160,standing,2021-05-07 10:46:00.323,2021-05-07 10:46:02.303,0.021,2,2,0.99890876,3.3992472e-07,8.120697e-09,0.99890876,0.0010908326
511,160,standing,2021-05-07 10:46:01.323,2021-05-07 10:46:03.303,0.021,2,2,0.9990277,3.294572e-07,7.4455406e-09,0.9990277,0.000971917
511,160,standing,2021-05-07 10:46:02.323,2021-05-07 10:46:04.303,0.021,2,2,0.9988639,4.1466967e-07,9.15302e-09,0.9988639,0.0011355722
511,160,standing,2021-05-07 10:46:03.323,2021-05-07 10:46:05.303,0.021,2,2,0.99901414,4.933522e-07,1.1535484e-08,0.99901414,0.0009853457
511,160,standing,2021-05-07 10:46:04.323,2021-05-07 10:46:06.303,0.021,2,2,0.9992065,4.660983e-07,1.4509748e-08,0.9992065,0.0007930805
511,160,standing,2021-05-07 10:46:05.323,2021-05-07 10:46:07.303,0.021,2,2,0.99912107,5.1847553e-07,2.2779028e-08,0.99912107,0.0008782862
511,160,standing,2021-05-07 10:46:06.323,2021-05-07 10:46:08.303,0.021,2,2,0.99866617,7.38099e-07,3.769156e-08,0.99866617,0.0013329899
511,161,walking,2021-05-07 10:46:08.524,2021-05-07 10:46:10.503,0.021,3,3,0.9499523,2.1122423e-05,2.2184515e-06,0.050024323,0.9499523
511,161,walking,2021-05-07 10:46:09.524,2021-05-07 10:46:11.503,0.021,3,3,0.9964373,3.4597015e-05,3.897409e-06,0.0035242592,0.9964373
511,161,walking,2021-05-07 10:46:10.524,2021-05-07 10:46:12.503,0.021,3,3,0.9962211,4.5232595e-05,4.5049096e-06,0.003729155,0.9962211
511,161,walking,2021-05-07 10:46:11.524,2021-05-07 10:46:13.503,0.021,3,3,0.8612062,6.266453e-05,1.1167629e-05,0.13872002,0.8612062
511,161,walking,2021-05-07 10:46:12.524,2021-05-07 10:46:14.503,0.021,3,3,0.9974146,2.123225e-05,1.8074539e-06,0.0025623762,0.9974146
511,161,walking,2021-05-07 10:46:13.524,2021-05-07 10:46:15.503,0.021,3,3,0.9919433,1.6229329e-05,1.6030425e-06,0.008038783,0.9919433
511,165,walking,2021-05-07 10:46:18.044,2021-05-07 10:46:20.024,0.021,3,3,0.8986084,9.319903e-05,1.6646012e-05,0.10128176,0.8986084
511,165,walking,2021-05-07 10:46:19.044,2021-05-07 10:46:21.024,0.021,3,3,0.98537636,2.8791368e-05,4.2648076e-06,0.014590526,0.98537636
511,165,walking,2021-05-07 10:46:20.044,2021-05-07 10:46:22.024,0.021,3,3,0.9906048,4.388682e-05,7.3071974e-06,0.009344048,0.9906048
511,165,walking,2021-05-07 10:46:21.044,2021-05-07 10:46:23.024,0.021,3,3,0.99485886,6.409706e-05,9.454524e-06,0.0050674835,0.99485886
511,165,walking,2021-05-07 10:46:22.044,2021-05-07 10:46:24.024,0.021,3,3,0.986612,2.3225748e-05,4.087782e-06,0.013360602,0.986612
511,165,walking,2021-05-07 10:46:23.044,2021-05-07 10:46:25.024,0.021,3,3,0.99924344,2.2015054e-05,2.4013684e-06,0.00073211733,0.99924344
511,165,walking,2021-05-07 10:46:24.044,2021-05-07 10:46:26.024,0.021,3,3,0.9998505,4.4106822e-05,1.9256324e-06,0.00010347934,0.9998505
511,165,walking,2021-05-07 10:46:25.044,2021-05-07 10:46:27.024,0.021,3,3,0.99960536,9.442017e-06,6.2983014e-07,0.00038465165,0.99960536
511,165,walking,2021-05-07 10:46:26.044,2021-05-07 10:46:28.024,0.021,3,3,0.9931573,4.409383e-05,8.358035e-06,0.0067902775,0.9931573
511,165,walking,2021-05-07 10:46:27.044,2021-05-07 10:46:29.024,0.021,3,3,0.9988434,0.00011697412,1.3304365e-05,0.0010264044,0.9988434
511,165,walking,2021-05-07 10:46:28.044,2021-05-07 10:46:30.024,0.021,3,3,0.995652,6.297862e-05,7.4056816e-06,0.004277625,0.995652
511,165,walking,2021-05-07 10:46:29.044,2021-05-07 10:46:31.024,0.021,3,3,0.99528694,1.8485587e-05,2.3197656e-06,0.004692173,0.99528694
511,165,walking,2021-05-07 10:46:30.044,2021-05-07 10:46:32.023,0.021,3,3,0.99434805,3.0130848e-05,4.812506e-06,0.00561696,0.99434805
511,165,walking,2021-05-07 10:46:31.044,2021-05-07 10:46:33.023,0.021,3,3,0.9997002,7.36416e-05,4.6872183e-06,0.00022139565,0.9997002
511,165,walking,2021-05-07 10:46:32.043,2021-05-07 10:46:34.023,0.021,3,3,0.99971795,1.0342532e-05,6.943246e-07,0.00027096062,0.99971795
511,165,walking,2021-05-07 10:46:33.043,2021-05-07 10:46:35.023,0.021,3,3,0.99818724,1.649789e-05,2.1212084e-06,0.001794148,0.99818724
511,165,walking,2021-05-07 10:46:34.043,2021-05-07 10:46:36.023,0.021,3,3,0.99905413,4.5690675e-05,3.792594e-06,0.0008963388,0.99905413
511,165,walking,2021-05-07 10:46:35.043,2021-05-07 10:46:37.023,0.021,3,3,0.99116933,2.9227353e-05,4.198346e-06,0.0087973,0.99116933
511,165,walking,2021-05-07 10:46:36.043,2021-05-07 10:46:38.023,0.021,3,3,0.9829446,3.9875995e-05,8.594404e-06,0.01700697,0.9829446
511,165,walking,2021-05-07 10:46:37.043,2021-05-07 10:46:39.023,0.021,3,3,0.9979976,7.5933924e-05,7.23939e-06,0.0019191891,0.9979976
511,165,walking,2021-05-07 10:46:38.043,2021-05-07 10:46:40.023,0.021,3,3,0.991085,2.1695862e-05,2.4215456e-06,0.008890877,0.991085
511,165,walking,2021-05-07 10:46:39.043,2021-05-07 10:46:41.023,0.021,3,3,0.9606173,4.252862e-05,7.3608585e-06,0.039332837,0.9606173
511,165,walking,2021-05-07 10:46:40.043,2021-05-07 10:46:42.023,0.021,3,3,0.9956087,6.892256e-05,6.13824e-06,0.0043161707,0.9956087
511,165,walking,2021-05-07 10:46:41.043,2021-05-07 10:46:43.023,0.021,3,3,0.9941681,1.4041419e-05,1.1977428e-06,0.0058166743,0.9941681
511,165,walking,2021-05-07 10:46:42.043,2021-05-07 10:46:44.023,0.021,3,3,0.9968679,1.9405687e-05,2.4425417e-06,0.0031101806,0.9968679
511,165,walking,2021-05-07 10:46:43.043,2021-05-07 10:46:45.023,0.021,3,3,0.9998243,2.4401008e-05,1.2026242e-06,0.00015019318,0.9998243
511,165,walking,2021-05-07 10:46:44.043,2021-05-07 10:46:46.023,0.021,3,3,0.994238,5.8106154e-05,4.2825245e-06,0.0056995708,0.994238
511,165,walking,2021-05-07 10:46:45.043,2021-05-07 10:46:47.023,0.021,3,3,0.9923521,9.7478e-05,1.3383255e-05,0.007536989,0.9923521
511,165,walking,2021-05-07 10:46:46.043,2021-05-07 10:46:48.023,0.021,3,3,0.99979043,3.2795542e-05,2.465631e-06,0.00017437185,0.99979043
511,165,walking,2021-05-07 10:46:47.043,2021-05-07 10:46:49.023,0.021,3,3,0.99877423,2.0790658e-05,1.9037818e-06,0.0012030598,0.99877423
511,165,walking,2021-05-07 10:46:48.043,2021-05-07 10:46:50.023,0.021,3,3,0.9925617,1.1859953e-05,1.1769819e-06,0.0074251574,0.9925617
511,165,walking,2021-05-07 10:46:49.043,2021-05-07 10:46:51.023,0.021,3,3,0.9561312,6.4491294e-05,7.6180904e-06,0.04379665,0.9561312
511,167,walking,2021-05-07 10:46:52.203,2021-05-07 10:46:54.183,0.021,3,3,0.99907225,1.0156393e-05,8.668573e-07,0.0009167215,0.99907225
511,167,walking,2021-05-07 10:46:53.203,2021-05-07 10:46:55.183,0.021,3,3,0.9991948,2.2740567e-05,2.4688713e-06,0.0007799564,0.9991948
511,167,walking,2021-05-07 10:46:54.203,2021-05-07 10:46:56.183,0.021,3,3,0.99954796,5.1903506e-05,5.391711e-06,0.00039473077,0.99954796
511,167,walking,2021-05-07 10:46:55.203,2021-05-07 10:46:57.183,0.021,3,3,0.99927515,1.2037607e-05,1.0548038e-06,0.0007117669,0.99927515
511,167,walking,2021-05-07 10:46:56.203,2021-05-07 10:46:58.183,0.021,3,3,0.9929006,3.3876233e-05,5.1867173e-06,0.007060373,0.9929006
511,167,walking,2021-05-07 10:46:57.203,2021-05-07 10:46:59.183,0.021,3,3,0.99949735,5.502168e-05,4.8317943e-06,0.0004428279,0.99949735
511,167,walking,2021-05-07 10:46:58.203,2021-05-07 10:47:00.184,0.021,3,3,0.9996273,1.3200296e-05,1.0442288e-06,0.0003584932,0.9996273
511,167,walking,2021-05-07 10:46:59.203,2021-05-07 10:47:01.184,0.021,3,3,0.99975455,1.6817236e-05,1.2967405e-06,0.00022727599,0.99975455
511,167,walking,2021-05-07 10:47:00.204,2021-05-07 10:47:02.184,0.021,3,3,0.9999773,1.3511748e-05,4.8356384e-07,8.678532e-06,0.9999773
511,167,walking,2021-05-07 10:47:01.204,2021-05-07 10:47:03.184,0.021,3,3,0.9999972,2.5264399e-06,2.553645e-08,1.4468625e-07,0.9999972
511,167,walking,2021-05-07 10:47:02.204,2021-05-07 10:47:04.184,0.021,3,3,0.99999815,1.6435264e-06,1.9861025e-08,1.6299178e-07,0.99999815
511,167,walking,2021-05-07 10:47:03.204,2021-05-07 10:47:05.184,0.021,3,3,0.99999624,2.0583263e-06,5.3645536e-08,1.6412882e-06,0.99999624
511,167,walking,2021-05-07 10:47:04.204,2021-05-07 10:47:06.184,0.021,3,3,0.99999696,2.4477608e-06,4.2244775e-08,5.166339e-07,0.99999696
511,167,walking,2021-05-07 10:47:05.204,2021-05-07 10:47:07.184,0.021,3,3,0.99999684,2.5650843e-06,4.4525002e-08,5.338964e-07,0.99999684
511,167,walking,2021-05-07 10:47:06.204,2021-05-07 10:47:08.184,0.021,3,3,0.9999947,4.506733e-06,6.8698576e-08,6.272893e-07,0.9999947
511,167,walking,2021-05-07 10:47:07.204,2021-05-07 10:47:09.184,0.021,3,3,0.9999955,3.9261104e-06,5.3035173e-08,4.5590193e-07,0.9999955
511,167,walking,2021-05-07 10:47:08.204,2021-05-07 10:47:10.184,0.021,3,3,0.99999875,1.1314839e-06,7.3724857e-09,1.3239087e-08,0.99999875
511,167,walking,2021-05-07 10:47:09.204,2021-05-07 10:47:11.184,0.021,3,3,0.9999991,8.275021e-07,6.219754e-09,1.2775454e-08,0.9999991
511,167,walking,2021-05-07 10:47:10.204,2021-05-07 10:47:12.184,0.021,3,3,0.99999684,2.4761914e-06,4.861342e-08,6.169591e-07,0.99999684
511,167,walking,2021-05-07 10:47:11.204,2021-05-07 10:47:13.184,0.021,3,3,0.9999986,1.2177625e-06,1.1247016e-08,6.6597394e-08,0.9999986
511,167,walking,2021-05-07 10:47:12.204,2021-05-07 10:47:14.184,0.021,3,3,0.99999934,5.3687086e-07,2.3592317e-09,3.3836227e-09,0.99999934
511,167,walking,2021-05-07 10:47:13.204,2021-05-07 10:47:15.184,0.021,3,3,0.99999934,6.0319314e-07,3.0474e-09,3.2844272e-09,0.99999934
511,167,walking,2021-05-07 10:47:14.204,2021-05-07 10:47:16.184,0.021,3,3,0.9999985,1.2997749e-06,1.3823092e-08,7.5852185e-08,0.9999985
511,167,walking,2021-05-07 10:47:15.204,2021-05-07 10:47:17.184,0.021,3,3,0.9999947,2.8389532e-06,8.054888e-08,2.2927834e-06,0.9999947
511,167,walking,2021-05-07 10:47:16.204,2021-05-07 10:47:18.184,0.021,3,3,0.9999965,2.5432898e-06,4.6579622e-08,8.46983e-07,0.9999965
511,167,walking,2021-05-07 10:47:17.204,2021-05-07 10:47:19.184,0.021,3,3,0.9999979,1.8788425e-06,1.8216427e-08,8.030967e-08,0.9999979
511,167,walking,2021-05-07 10:47:18.204,2021-05-07 10:47:20.184,0.021,3,3,0.9999978,1.5370344e-06,3.240524e-08,5.9653223e-07,0.9999978
511,167,walking,2021-05-07 10:47:19.204,2021-05-07 10:47:21.184,0.021,3,3,0.9999966,1.8905139e-06,5.130145e-08,1.373644e-06,0.9999966
511,167,walking,2021-05-07 10:47:20.204,2021-05-07 10:47:22.184,0.021,3,3,0.9999991,8.1407563e-07,6.934774e-09,5.3938713e-08,0.9999991
511,167,walking,2021-05-07 10:47:21.204,2021-05-07 10:47:23.184,0.021,3,3,0.9999991,8.1272435e-07,6.057773e-09,5.026797e-08,0.9999991
511,167,walking,2021-05-07 10:47:22.204,2021-05-07 10:47:24.184,0.021,3,3,0.99999803,1.6293217e-06,2.008671e-08,2.7724272e-07,0.99999803
511,167,walking,2021-05-07 10:47:23.204,2021-05-07 10:47:25.184,0.021,3,3,0.9999984,1.288997e-06,1.6575974e-08,2.1889376e-07,0.9999984
511,167,walking,2021-05-07 10:47:24.204,2021-05-07 10:47:26.184,0.021,3,3,0.9999992,6.867121e-07,5.973522e-09,1.7115743e-08,0.9999992
511,167,walking,2021-05-07 10:47:25.204,2021-05-07 10:47:27.184,0.021,3,3,0.99999815,1.6043981e-06,2.3262713e-08,1.7952006e-07,0.99999815
511,167,walking,2021-05-07 10:47:26.204,2021-05-07 10:47:28.184,0.021,3,3,0.99999624,2.211269e-06,4.3717534e-08,1.4813711e-06,0.99999624
511,167,walking,2021-05-07 10:47:27.204,2021-05-07 10:47:29.184,0.021,3,3,0.9999977,1.4021401e-06,2.6108804e-08,8.835945e-07,0.9999977
511,167,walking,2021-05-07 10:47:28.204,2021-05-07 10:47:30.184,0.021,3,3,0.9999986,1.0743776e-06,1.6324003e-08,2.394651e-07,0.9999986
511,167,walking,2021-05-07 10:47:29.204,2021-05-07 10:47:31.184,0.021,3,3,0.9999991,7.61103e-07,9.378545e-09,9.763017e-08,0.9999991
511,167,walking,2021-05-07 10:47:30.204,2021-05-07 10:47:32.183,0.021,3,3,0.9999992,5.762332e-07,7.643457e-09,8.7765535e-08,0.9999992
511,167,walking,2021-05-07 10:47:31.204,2021-05-07 10:47:33.183,0.021,3,3,0.999999,7.7547213e-07,1.3010539e-08,1.9896807e-07,0.999999
511,167,walking,2021-05-07 10:47:32.203,2021-05-07 10:47:34.183,0.021,3,3,0.9999992,6.2838905e-07,6.364812e-09,5.621013e-08,0.9999992
511,167,walking,2021-05-07 10:47:33.203,2021-05-07 10:47:35.183,0.021,3,3,0.9999992,6.580821e-07,5.4788e-09,4.7619192e-08,0.9999992
511,167,walking,2021-05-07 10:47:34.203,2021-05-07 10:47:36.183,0.021,3,3,0.9999983,1.3050347e-06,2.4213907e-08,3.8447763e-07,0.9999983
511,167,walking,2021-05-07 10:47:35.203,2021-05-07 10:47:37.183,0.021,3,3,0.9999985,1.0436556e-06,1.7955205e-08,3.2398663e-07,0.9999985
511,167,walking,2021-05-07 10:47:36.203,2021-05-07 10:47:38.183,0.021,3,3,0.9999997,2.466301e-07,1.2217612e-09,2.663197e-09,0.9999997
511,167,walking,2021-05-07 10:47:37.203,2021-05-07 10:47:39.183,0.021,3,3,0.9999997,2.0124429e-07,7.3392237e-10,9.317176e-10,0.9999997
511,167,walking,2021-05-07 10:47:38.203,2021-05-07 10:47:40.183,0.021,3,3,0.99999934,6.1916154e-07,3.918197e-09,2.1805565e-08,0.99999934
511,167,walking,2021-05-07 10:47:39.203,2021-05-07 10:47:41.183,0.021,3,3,0.99999815,1.547987e-06,1.9722446e-08,2.3283944e-07,0.99999815
511,167,walking,2021-05-07 10:47:40.203,2021-05-07 10:47:42.183,0.021,3,3,0.9999985,1.2571675e-06,1.492889e-08,1.4674954e-07,0.9999985
511,167,walking,2021-05-07 10:47:41.203,2021-05-07 10:47:43.183,0.021,3,3,0.99999875,1.0060162e-06,1.376537e-08,1.4068478e-07,0.99999875
511,167,walking,2021-05-07 10:47:42.203,2021-05-07 10:47:44.183,0.021,3,3,0.999999,7.8641483e-07,1.1491006e-08,1.2538352e-07,0.999999
511,167,walking,2021-05-07 10:47:43.203,2021-05-07 10:47:45.183,0.021,3,3,0.9999992,6.5007356e-07,7.1196093e-09,4.5963468e-08,0.9999992
511,167,walking,2021-05-07 10:47:44.203,2021-05-07 10:47:46.183,0.021,3,3,0.99999934,5.6736775e-07,5.1681743e-09,2.7955783e-08,0.99999934
511,167,walking,2021-05-07 10:47:45.203,2021-05-07 10:47:47.183,0.021,3,3,0.99999946,4.832596e-07,3.4640948e-09,1.5960051e-08,0.99999946
511,167,walking,2021-05-07 10:47:46.203,2021-05-07 10:47:48.183,0.021,3,3,0.99999887,9.655859e-07,8.264009e-09,5.2579686e-08,0.99999887
511,167,walking,2021-05-07 10:47:47.203,2021-05-07 10:47:49.183,0.021,3,3,0.9999992,7.082985e-07,6.311776e-09,2.1463897e-08,0.9999992
511,167,walking,2021-05-07 10:47:48.203,2021-05-07 10:47:50.183,0.021,3,3,0.99999946,4.4649562e-07,3.2964713e-09,8.9609955e-09,0.99999946
511,167,walking,2021-05-07 10:47:49.203,2021-05-07 10:47:51.183,0.021,3,3,0.999999,8.4856816e-07,1.0376905e-08,7.8335596e-08,0.999999
511,167,walking,2021-05-07 10:47:50.203,2021-05-07 10:47:52.183,0.021,3,3,0.9999978,1.6608595e-06,2.9781386e-08,4.2592285e-07,0.9999978
511,167,walking,2021-05-07 10:47:51.203,2021-05-07 10:47:53.183,0.021,3,3,0.99999803,1.4335692e-06,2.2838718e-08,4.4059678e-07,0.99999803
511,167,walking,2021-05-07 10:47:52.203,2021-05-07 10:47:54.183,0.021,3,3,0.99999815,1.259524e-06,2.5673561e-08,4.4943252e-07,0.99999815
511,167,walking,2021-05-07 10:47:53.203,2021-05-07 10:47:55.183,0.021,3,3,0.9999983,1.3312401e-06,2.7357842e-08,3.0693744e-07,0.9999983
511,167,walking,2021-05-07 10:47:54.203,2021-05-07 10:47:56.183,0.021,3,3,0.9999983,1.2854135e-06,2.7254979e-08,3.368831e-07,0.9999983
511,167,walking,2021-05-07 10:47:55.203,2021-05-07 10:47:57.183,0.021,3,3,0.9999983,1.3882606e-06,2.5945694e-08,3.0765074e-07,0.9999983
511,167,walking,2021-05-07 10:47:56.203,2021-05-07 10:47:58.183,0.021,3,3,0.9999986,1.0564506e-06,1.6379238e-08,2.298297e-07,0.9999986
511,167,walking,2021-05-07 10:47:57.203,2021-05-07 10:47:59.183,0.021,3,3,0.9999991,7.236853e-07,9.643896e-09,1.0458198e-07,0.9999991
511,167,walking,2021-05-07 10:47:58.203,2021-05-07 10:48:00.184,0.021,3,3,0.99999875,9.992989e-07,1.3965565e-08,1.2200509e-07,0.99999875
511,167,walking,2021-05-07 10:47:59.203,2021-05-07 10:48:01.184,0.021,3,3,0.999999,8.3914125e-07,8.515043e-09,9.1016936e-08,0.999999
511,167,walking,2021-05-07 10:48:00.204,2021-05-07 10:48:02.184,0.021,3,3,0.9999978,1.4285874e-06,2.5273158e-08,7.3270945e-07,0.9999978
511,167,walking,2021-05-07 10:48:01.204,2021-05-07 10:48:03.184,0.021,3,3,0.9999986,1.2511574e-06,1.0817407e-08,7.453932e-08,0.9999986
511,167,walking,2021-05-07 10:48:02.204,2021-05-07 10:48:04.184,0.021,3,3,0.99999887,9.896603e-07,7.281329e-09,3.2556933e-08,0.99999887
511,167,walking,2021-05-07 10:48:03.204,2021-05-07 10:48:05.184,0.021,3,3,0.99999756,2.0569928e-06,2.67507e-08,2.522443e-07,0.99999756
511,167,walking,2021-05-07 10:48:04.204,2021-05-07 10:48:06.184,0.021,3,3,0.9999955,3.6596557e-06,7.368179e-08,7.158439e-07,0.9999955
511,167,walking,2021-05-07 10:48:05.204,2021-05-07 10:48:07.184,0.021,3,3,0.9999935,5.784811e-06,8.68654e-08,5.099129e-07,0.9999935
511,167,walking,2021-05-07 10:48:06.204,2021-05-07 10:48:08.184,0.021,3,3,0.9999978,2.1520377e-06,1.3112216e-08,3.2399736e-08,0.9999978
511,167,walking,2021-05-07 10:48:07.204,2021-05-07 10:48:09.184,0.021,3,3,0.9999978,2.0357174e-06,1.7067471e-08,8.867742e-08,0.9999978
511,167,walking,2021-05-07 10:48:08.204,2021-05-07 10:48:10.184,0.021,3,3,0.99999696,2.4716546e-06,3.56579e-08,4.135484e-07,0.99999696
511,167,walking,2021-05-07 10:48:09.204,2021-05-07 10:48:11.184,0.021,3,3,0.9999983,1.5978706e-06,1.4397197e-08,6.590478e-08,0.9999983
511,167,walking,2021-05-07 10:48:10.204,2021-05-07 10:48:12.184,0.021,3,3,0.9999983,1.5142768e-06,2.3803976e-08,9.701158e-08,0.9999983
511,167,walking,2021-05-07 10:48:11.204,2021-05-07 10:48:13.184,0.021,3,3,0.999999,8.958026e-07,1.1352237e-08,7.7874674e-08,0.999999
511,167,walking,2021-05-07 10:48:12.204,2021-05-07 10:48:14.184,0.021,3,3,0.99999887,1.0211515e-06,8.690592e-09,6.289281e-08,0.99999887
511,168,standing,2021-05-07 10:48:15.163,2021-05-07 10:48:17.144,0.021,2,2,0.94989747,3.0725469e-06,7.8045005e-08,0.94989747,0.050099272
511,168,standing,2021-05-07 10:48:16.163,2021-05-07 10:48:18.144,0.021,2,2,0.99721116,4.7449961e-07,1.2553596e-08,0.99721116,0.002788417
511,168,standing,2021-05-07 10:48:17.163,2021-05-07 10:48:19.144,0.021,2,2,0.9978258,4.6155378e-07,1.2181946e-08,0.9978258,0.0021736408
511,168,standing,2021-05-07 10:48:18.163,2021-05-07 10:48:20.144,0.021,2,2,0.99801904,4.469921e-07,1.0239648e-08,0.99801904,0.0019804405
511,168,standing,2021-05-07 10:48:19.163,2021-05-07 10:48:21.144,0.021,2,2,0.99831396,4.905569e-07,1.1774459e-08,0.99831396,0.0016855579
511,168,standing,2021-05-07 10:48:20.163,2021-05-07 10:48:22.144,0.021,2,2,0.99901485,3.9722218e-07,1.0087357e-08,0.99901485,0.0009848288
511,168,standing,2021-05-07 10:48:21.163,2021-05-07 10:48:23.144,0.021,2,2,0.9990362,3.3165725e-07,7.864395e-09,0.9990362,0.0009634539
511,168,standing,2021-05-07 10:48:22.163,2021-05-07 10:48:24.144,0.021,2,2,0.99884945,3.1596292e-07,6.44394e-09,0.99884945,0.0011502942
511,168,standing,2021-05-07 10:48:23.163,2021-05-07 10:48:25.144,0.021,2,2,0.9983583,3.3459088e-07,5.9380114e-09,0.9983583,0.0016413596
511,168,standing,2021-05-07 10:48:24.163,2021-05-07 10:48:26.144,0.021,2,2,0.99418294,7.2366214e-07,1.3973157e-08,0.99418294,0.0058163675
511,169,walking,2021-05-07 10:48:26.684,2021-05-07 10:48:28.663,0.021,3,3,0.9999953,3.798354e-06,6.58714e-08,8.1896815e-07,0.9999953
511,169,walking,2021-05-07 10:48:27.684,2021-05-07 10:48:29.663,0.021,3,3,0.9999978,1.9520312e-06,2.6223045e-08,2.0133758e-07,0.9999978
511,169,walking,2021-05-07 10:48:28.684,2021-05-07 10:48:30.663,0.021,3,3,0.9999992,7.408188e-07,6.29737e-09,2.5175096e-08,0.9999992
511,169,walking,2021-05-07 10:48:29.684,2021-05-07 10:48:31.663,0.021,3,3,0.9999992,7.0933277e-07,7.683918e-09,4.0900176e-08,0.9999992
511,169,walking,2021-05-07 10:48:30.684,2021-05-07 10:48:32.664,0.021,3,3,0.9999986,1.0333312e-06,1.7225315e-08,2.0390891e-07,0.9999986
511,169,walking,2021-05-07 10:48:31.684,2021-05-07 10:48:33.664,0.021,3,3,0.99999887,9.580067e-07,8.3818135e-09,5.3019473e-08,0.99999887
511,169,walking,2021-05-07 10:48:32.683,2021-05-07 10:48:34.664,0.021,3,3,0.99999875,1.1120238e-06,8.251503e-09,5.7126655e-08,0.99999875
511,169,walking,2021-05-07 10:48:33.683,2021-05-07 10:48:35.664,0.021,3,3,0.99999875,9.385538e-07,1.3893193e-08,2.4341156e-07,0.99999875
511,169,walking,2021-05-07 10:48:34.683,2021-05-07 10:48:36.664,0.021,3,3,0.9999992,6.5821143e-07,5.2143148e-09,4.9550888e-08,0.9999992
511,169,walking,2021-05-07 10:48:35.683,2021-05-07 10:48:37.664,0.021,3,3,0.99999946,4.75766e-07,2.7570537e-09,1.4370465e-08,0.99999946
511,169,walking,2021-05-07 10:48:36.683,2021-05-07 10:48:38.664,0.021,3,3,0.9999992,6.2354354e-07,5.3499347e-09,4.5698684e-08,0.9999992
511,169,walking,2021-05-07 10:48:37.683,2021-05-07 10:48:39.664,0.021,3,3,0.9999992,6.898734e-07,7.0844575e-09,5.994366e-08,0.9999992
511,169,walking,2021-05-07 10:48:38.683,2021-05-07 10:48:40.664,0.021,3,3,0.9999992,7.143979e-07,6.0023146e-09,3.3443186e-08,0.9999992
511,169,walking,2021-05-07 10:48:39.683,2021-05-07 10:48:41.664,0.021,3,3,0.9999979,1.5821245e-06,2.784479e-08,4.7498597e-07,0.9999979
511,169,walking,2021-05-07 10:48:40.683,2021-05-07 10:48:42.664,0.021,3,3,0.9999972,1.5470587e-06,3.840655e-08,1.1506834e-06,0.9999972
511,169,walking,2021-05-07 10:48:41.683,2021-05-07 10:48:43.664,0.021,3,3,0.9999978,1.548326e-06,3.725966e-08,5.192211e-07,0.9999978
511,169,walking,2021-05-07 10:48:42.683,2021-05-07 10:48:44.664,0.021,3,3,0.9999984,1.5200283e-06,1.7604929e-08,5.7581932e-08,0.9999984
511,169,walking,2021-05-07 10:48:43.683,2021-05-07 10:48:45.664,0.021,3,3,0.9999983,1.5368169e-06,1.6358502e-08,8.714543e-08,0.9999983
511,169,walking,2021-05-07 10:48:44.683,2021-05-07 10:48:46.664,0.021,3,3,0.9999984,1.4052991e-06,1.5923032e-08,8.202029e-08,0.9999984
511,169,walking,2021-05-07 10:48:45.683,2021-05-07 10:48:47.664,0.021,3,3,0.99999875,1.1872446e-06,1.0720624e-08,4.1788216e-08,0.99999875
511,169,walking,2021-05-07 10:48:46.683,2021-05-07 10:48:48.664,0.021,3,3,0.99999875,1.1055282e-06,1.3116832e-08,1.0700752e-07,0.99999875
511,169,walking,2021-05-07 10:48:47.683,2021-05-07 10:48:49.664,0.021,3,3,0.999999,9.171133e-07,7.3281856e-09,2.6564138e-08,0.999999
511,169,walking,2021-05-07 10:48:48.683,2021-05-07 10:48:50.664,0.021,3,3,0.99999887,9.967853e-07,7.2088358e-09,1.8895303e-08,0.99999887
511,169,walking,2021-05-07 10:48:49.683,2021-05-07 10:48:51.664,0.021,3,3,0.9999983,1.5368726e-06,1.7295529e-08,9.599336e-08,0.9999983
511,169,walking,2021-05-07 10:48:50.683,2021-05-07 10:48:52.664,0.021,3,3,0.99999803,1.6443823e-06,3.0136473e-08,2.5991196e-07,0.99999803
511,169,walking,2021-05-07 10:48:51.683,2021-05-07 10:48:53.664,0.021,3,3,0.99999434,3.3244091e-06,1.3622461e-07,2.1255023e-06,0.99999434
511,169,walking,2021-05-07 10:48:52.683,2021-05-07 10:48:54.664,0.021,3,3,0.99999636,2.6388789e-06,7.59173e-08,8.6203164e-07,0.99999636
511,169,walking,2021-05-07 10:48:53.683,2021-05-07 10:48:55.664,0.021,3,3,0.9999986,1.2155591e-06,1.1979742e-08,1.3305684e-07,0.9999986
511,169,walking,2021-05-07 10:48:54.683,2021-05-07 10:48:56.664,0.021,3,3,0.999999,8.6580906e-07,5.9970833e-09,2.6693654e-08,0.999999
511,169,walking,2021-05-07 10:48:55.683,2021-05-07 10:48:57.664,0.021,3,3,0.9999985,1.3852667e-06,1.1293145e-08,5.06882e-08,0.9999985
511,169,walking,2021-05-07 10:48:56.683,2021-05-07 10:48:58.664,0.021,3,3,0.9999992,7.307329e-07,4.1587684e-09,8.200233e-09,0.9999992
511,169,walking,2021-05-07 10:48:57.683,2021-05-07 10:48:59.664,0.021,3,3,0.999999,9.0634387e-07,4.414809e-09,9.560236e-09,0.999999
511,169,walking,2021-05-07 10:48:58.683,2021-05-07 10:49:00.664,0.021,3,3,0.9999991,8.4651043e-07,4.7324167e-09,2.3624743e-08,0.9999991
511,169,walking,2021-05-07 10:48:59.683,2021-05-07 10:49:01.664,0.021,3,3,0.9999984,1.4885458e-06,1.3523498e-08,7.552289e-08,0.9999984
511,169,walking,2021-05-07 10:49:00.684,2021-05-07 10:49:02.664,0.021,3,3,0.99999875,1.1766816e-06,7.987082e-09,2.1672951e-08,0.99999875
511,169,walking,2021-05-07 10:49:01.684,2021-05-07 10:49:03.664,0.021,3,3,0.99999934,6.230187e-07,3.1117455e-09,8.298653e-09,0.99999934
511,169,walking,2021-05-07 10:49:02.684,2021-05-07 10:49:04.664,0.021,3,3,0.9999996,4.0296112e-07,2.530015e-09,6.223626e-09,0.9999996
511,169,walking,2021-05-07 10:49:03.684,2021-05-07 10:49:05.664,0.021,3,3,0.9999996,3.895556e-07,1.4987757e-09,1.7574644e-09,0.9999996
511,169,walking,2021-05-07 10:49:04.684,2021-05-07 10:49:06.664,0.021,3,3,0.9999991,8.4294163e-07,5.963731e-09,2.9183294e-08,0.9999991
511,169,walking,2021-05-07 10:49:05.684,2021-05-07 10:49:07.664,0.021,3,3,0.9999979,1.43542e-06,2.238557e-08,6.0493664e-07,0.9999979
511,169,walking,2021-05-07 10:49:06.684,2021-05-07 10:49:08.663,0.021,3,3,0.9999983,1.2509481e-06,1.8277024e-08,3.917285e-07,0.9999983
511,169,walking,2021-05-07 10:49:07.684,2021-05-07 10:49:09.663,0.021,3,3,0.9999992,6.2629505e-07,5.2316285e-09,3.984086e-08,0.9999992
511,169,walking,2021-05-07 10:49:08.684,2021-05-07 10:49:10.663,0.021,3,3,0.9999992,6.5472244e-07,3.2452336e-09,1.1993284e-08,0.9999992
511,169,walking,2021-05-07 10:49:09.684,2021-05-07 10:49:11.663,0.021,3,3,0.99999815,1.6630236e-06,1.1085997e-08,8.252463e-08,0.99999815
511,169,walking,2021-05-07 10:49:10.684,2021-05-07 10:49:12.663,0.021,3,3,0.99999887,1.1029609e-06,5.5511573e-09,2.035504e-08,0.99999887
511,169,walking,2021-05-07 10:49:11.684,2021-05-07 10:49:13.663,0.021,3,3,0.99999875,1.12926e-06,4.9125304e-09,1.72927e-08,0.99999875
511,169,walking,2021-05-07 10:49:12.684,2021-05-07 10:49:14.663,0.021,3,3,0.99999887,9.5092867e-07,7.3664848e-09,6.367934e-08,0.99999887
511,169,walking,2021-05-07 10:49:13.684,2021-05-07 10:49:15.663,0.021,3,3,0.99999934,5.959872e-07,4.7705626e-09,2.6058997e-08,0.99999934
511,169,walking,2021-05-07 10:49:14.684,2021-05-07 10:49:16.663,0.021,3,3,0.99999934,5.3680736e-07,2.9965859e-09,1.32583e-08,0.99999934
511,169,walking,2021-05-07 10:49:15.684,2021-05-07 10:49:17.663,0.021,3,3,0.9999992,6.6887264e-07,4.547017e-09,2.6592177e-08,0.9999992
511,169,walking,2021-05-07 10:49:16.684,2021-05-07 10:49:18.663,0.021,3,3,0.9999983,1.5386441e-06,1.3515787e-08,1.14769854e-07,0.9999983
511,169,walking,2021-05-07 10:49:17.684,2021-05-07 10:49:19.663,0.021,3,3,0.9999971,2.6161606e-06,3.107932e-08,1.7277779e-07,0.9999971
511,169,walking,2021-05-07 10:49:18.684,2021-05-07 10:49:20.663,0.021,3,3,0.9999967,2.8357713e-06,4.0422726e-08,3.7028857e-07,0.9999967
511,169,walking,2021-05-07 10:49:19.684,2021-05-07 10:49:21.663,0.021,3,3,0.999996,3.6722681e-06,4.1812022e-08,2.0507674e-07,0.999996
511,169,walking,2021-05-07 10:49:20.684,2021-05-07 10:49:22.663,0.021,3,3,0.9999954,4.4953745e-06,3.5042277e-08,5.563585e-08,0.9999954
511,169,walking,2021-05-07 10:49:21.684,2021-05-07 10:49:23.663,0.021,3,3,0.99999124,8.625672e-06,4.104231e-08,1.077045e-08,0.99999124
511,169,walking,2021-05-07 10:49:22.684,2021-05-07 10:49:24.663,0.021,3,3,0.99998456,1.5223044e-05,1.1103924e-07,3.932861e-08,0.99998456
511,169,walking,2021-05-07 10:49:23.684,2021-05-07 10:49:25.663,0.021,3,3,0.99996775,3.0286057e-05,4.666016e-07,1.3759695e-06,0.99996775
511,169,walking,2021-05-07 10:49:24.684,2021-05-07 10:49:26.663,0.021,3,3,0.9999426,2.942869e-05,1.0270945e-06,2.6920352e-05,0.9999426
511,169,walking,2021-05-07 10:49:25.684,2021-05-07 10:49:27.663,0.021,3,3,0.9998374,2.81806e-05,1.8104798e-06,0.00013266956,0.9998374
511,169,walking,2021-05-07 10:49:26.684,2021-05-07 10:49:28.663,0.021,3,3,0.9999692,2.041662e-05,8.061272e-07,9.528227e-06,0.9999692
511,169,walking,2021-05-07 10:49:27.684,2021-05-07 10:49:29.663,0.021,3,3,0.9999879,8.638189e-06,2.429727e-07,3.1257296e-06,0.9999879
511,169,walking,2021-05-07 10:49:28.684,2021-05-07 10:49:30.663,0.021,3,3,0.99998647,4.4818157e-06,1.9675561e-07,8.762643e-06,0.99998647
511,169,walking,2021-05-07 10:49:29.684,2021-05-07 10:49:31.663,0.021,3,3,0.9999884,4.928376e-06,1.9398138e-07,6.3883112e-06,0.9999884
511,169,walking,2021-05-07 10:49:30.684,2021-05-07 10:49:32.664,0.021,3,3,0.99998575,1.0618729e-05,3.7132807e-07,3.2277069e-06,0.99998575
511,169,walking,2021-05-07 10:49:31.684,2021-05-07 10:49:33.664,0.021,3,3,0.9999792,1.777938e-05,4.82873e-07,2.4206363e-06,0.9999792
511,169,walking,2021-05-07 10:49:32.683,2021-05-07 10:49:34.664,0.021,3,3,0.99990827,1.7392178e-05,9.1654135e-07,7.337655e-05,0.99990827
511,169,walking,2021-05-07 10:49:33.683,2021-05-07 10:49:35.664,0.021,3,3,0.9997455,1.1761352e-05,7.572174e-07,0.0002419166,0.9997455
511,169,walking,2021-05-07 10:49:34.683,2021-05-07 10:49:36.664,0.021,3,3,0.99970484,2.3508235e-05,2.3226658e-06,0.00026927725,0.99970484
511,169,walking,2021-05-07 10:49:35.683,2021-05-07 10:49:37.664,0.021,3,3,0.99997264,2.4337762e-05,5.882354e-07,2.3691762e-06,0.99997264
511,169,walking,2021-05-07 10:49:36.683,2021-05-07 10:49:38.664,0.021,3,3,0.999886,0.00010910155,2.3523046e-06,2.4968283e-06,0.999886
511,169,walking,2021-05-07 10:49:37.683,2021-05-07 10:49:39.664,0.021,3,3,0.99994653,4.5969533e-05,1.3060118e-06,6.1071223e-06,0.99994653
511,169,walking,2021-05-07 10:49:38.683,2021-05-07 10:49:40.664,0.021,3,3,0.99999326,6.0606594e-06,9.0722814e-08,4.899254e-07,0.99999326
511,169,walking,2021-05-07 10:49:39.683,2021-05-07 10:49:41.664,0.021,3,3,0.9999632,1.7211856e-05,7.248321e-07,1.8767083e-05,0.9999632
511,169,walking,2021-05-07 10:49:40.683,2021-05-07 10:49:42.664,0.021,3,3,0.9998534,3.398285e-05,2.140525e-06,0.000110548666,0.9998534
511,169,walking,2021-05-07 10:49:41.683,2021-05-07 10:49:43.664,0.021,3,3,0.99917233,0.0001140949,4.4803583e-06,0.0007090718,0.99917233
511,169,walking,2021-05-07 10:49:42.683,2021-05-07 10:49:44.664,0.021,3,3,0.9975272,2.1415648e-05,1.449027e-06,0.0024499367,0.9975272
511,169,walking,2021-05-07 10:49:43.683,2021-05-07 10:49:45.664,0.021,3,3,0.9977896,1.6653456e-05,2.5939053e-06,0.0021911715,0.9977896
511,170,sitting,2021-05-07 10:49:47.683,2021-05-07 10:49:49.664,0.021,1,1,0.9254634,0.06459035,0.9254634,0.0030681614,0.006878004
511,170,sitting,2021-05-07 10:49:48.683,2021-05-07 10:49:50.664,0.021,1,1,0.9460702,0.04793568,0.9460702,0.002722352,0.0032717658
511,170,sitting,2021-05-07 10:49:49.683,2021-05-07 10:49:51.664,0.021,1,1,0.9523868,0.04182104,0.9523868,0.0027763601,0.0030157603
511,170,sitting,2021-05-07 10:49:50.683,2021-05-07 10:49:52.664,0.021,1,1,0.952687,0.039848223,0.952687,0.003665505,0.0037992685
511,170,sitting,2021-05-07 10:49:51.683,2021-05-07 10:49:53.664,0.021,1,1,0.941748,0.04852842,0.941748,0.0049875677,0.004736034
511,170,sitting,2021-05-07 10:49:52.683,2021-05-07 10:49:54.664,0.021,1,1,0.9234095,0.06432591,0.9234095,0.0065306756,0.0057339733
511,170,sitting,2021-05-07 10:49:53.683,2021-05-07 10:49:55.664,0.021,1,1,0.91684103,0.06967479,0.91684103,0.007210203,0.0062739463
511,170,sitting,2021-05-07 10:49:54.683,2021-05-07 10:49:56.664,0.021,1,1,0.9216658,0.0660838,0.9216658,0.0064880843,0.0057623535
511,170,sitting,2021-05-07 10:49:55.683,2021-05-07 10:49:57.664,0.021,1,1,0.91433823,0.07284062,0.91433823,0.0068441657,0.0059769843
511,170,sitting,2021-05-07 10:49:56.683,2021-05-07 10:49:58.664,0.021,1,1,0.9075856,0.078411,0.9075856,0.007554819,0.006448555
511,170,sitting,2021-05-07 10:49:57.683,2021-05-07 10:49:59.664,0.021,1,1,0.91054827,0.07611513,0.91054827,0.007173633,0.006162876
511,170,sitting,2021-05-07 10:49:58.683,2021-05-07 10:50:00.664,0.021,1,1,0.90655684,0.07961621,0.90655684,0.0074550314,0.0063719787
511,170,sitting,2021-05-07 10:49:59.683,2021-05-07 10:50:01.664,0.021,1,1,0.9133792,0.07368732,0.9133792,0.0069254935,0.0060079936
511,170,sitting,2021-05-07 10:50:00.684,2021-05-07 10:50:02.664,0.021,1,1,0.93355924,0.055753663,0.93355924,0.0055556055,0.0051313764
511,170,sitting,2021-05-07 10:50:01.684,2021-05-07 10:50:03.664,0.021,1,1,0.9547081,0.036950473,0.9547081,0.0039536166,0.004387703
511,170,sitting,2021-05-07 10:50:02.684,2021-05-07 10:50:04.664,0.021,1,1,0.9668944,0.025865577,0.9668944,0.0031960641,0.004044101
511,170,sitting,2021-05-07 10:50:03.684,2021-05-07 10:50:05.664,0.021,1,1,0.95024705,0.04023227,0.95024705,0.0014891933,0.00803153
511,170,sitting,2021-05-07 10:50:04.684,2021-05-07 10:50:06.664,0.021,1,1,0.93472517,0.056515545,0.93472517,0.0009150243,0.007844272
511,170,sitting,2021-05-07 10:50:05.684,2021-05-07 10:50:07.664,0.021,1,1,0.96238834,0.032767843,0.96238834,0.001870782,0.0029729782
511,170,sitting,2021-05-07 10:50:06.684,2021-05-07 10:50:08.663,0.021,1,1,0.9396984,0.051753253,0.9396984,0.0039047657,0.0046436395
511,170,sitting,2021-05-07 10:50:07.684,2021-05-07 10:50:09.663,0.021,1,1,0.86367047,0.11280762,0.86367047,0.013478542,0.010043251
511,170,sitting,2021-05-07 10:50:08.684,2021-05-07 10:50:10.663,0.021,1,1,0.8201519,0.14021412,0.8201519,0.024286965,0.015346983
511,170,sitting,2021-05-07 10:50:09.684,2021-05-07 10:50:11.663,0.021,1,1,0.8198797,0.1267218,0.8198797,0.032051545,0.021346768
511,170,sitting,2021-05-07 10:50:10.684,2021-05-07 10:50:12.663,0.021,1,1,0.8689978,0.10650192,0.8689978,0.012758064,0.011742204
511,170,sitting,2021-05-07 10:50:11.684,2021-05-07 10:50:13.663,0.021,1,1,0.88503605,0.100474276,0.88503605,0.0071219094,0.007367803
511,170,sitting,2021-05-07 10:50:12.684,2021-05-07 10:50:14.663,0.021,1,1,0.8669017,0.11454584,0.8669017,0.010136925,0.0084156515
511,170,sitting,2021-05-07 10:50:13.684,2021-05-07 10:50:15.663,0.021,1,1,0.8629773,0.11792687,0.8629773,0.010500484,0.008595415
511,170,sitting,2021-05-07 10:50:14.684,2021-05-07 10:50:16.663,0.021,1,1,0.8603746,0.11947615,0.8603746,0.011136415,0.009012861
511,170,sitting,2021-05-07 10:50:15.684,2021-05-07 10:50:17.663,0.021,1,1,0.8613118,0.11878608,0.8613118,0.010976924,0.008925146
511,170,sitting,2021-05-07 10:50:16.684,2021-05-07 10:50:18.663,0.021,1,1,0.8614125,0.11859351,0.8614125,0.011024944,0.008969116
511,170,sitting,2021-05-07 10:50:17.684,2021-05-07 10:50:19.663,0.021,1,1,0.86136127,0.11870345,0.86136127,0.010971954,0.008963302
511,170,sitting,2021-05-07 10:50:18.684,2021-05-07 10:50:20.663,0.021,1,1,0.8634512,0.11714476,0.8634512,0.010650029,0.008754023
511,170,sitting,2021-05-07 10:50:19.684,2021-05-07 10:50:21.663,0.021,1,1,0.9340655,0.058766745,0.9340655,0.0029281527,0.00423964
511,170,sitting,2021-05-07 10:50:20.684,2021-05-07 10:50:22.663,0.021,1,1,0.96324354,0.03295554,0.96324354,0.0015663826,0.0022346084
511,170,sitting,2021-05-07 10:50:21.684,2021-05-07 10:50:23.663,0.021,1,1,0.9311918,0.062236775,0.9311918,0.003440419,0.0031309633
511,170,sitting,2021-05-07 10:50:22.684,2021-05-07 10:50:24.663,0.021,1,1,0.8787059,0.10886315,0.8787059,0.006778273,0.0056527373
511,170,sitting,2021-05-07 10:50:23.684,2021-05-07 10:50:25.663,0.021,1,1,0.85884607,0.1250931,0.85884607,0.0089250775,0.00713579
511,170,sitting,2021-05-07 10:50:24.684,2021-05-07 10:50:26.663,0.021,1,1,0.85682654,0.1270593,0.85682654,0.008988872,0.007125222
511,170,sitting,2021-05-07 10:50:25.684,2021-05-07 10:50:27.663,0.021,1,1,0.86177015,0.12250734,0.86177015,0.008715285,0.0070072203
511,170,sitting,2021-05-07 10:50:26.684,2021-05-07 10:50:28.663,0.021,1,1,0.86250377,0.12158366,0.86250377,0.008811791,0.007100749
511,170,sitting,2021-05-07 10:50:27.684,2021-05-07 10:50:29.663,0.021,1,1,0.8675696,0.11746091,0.8675696,0.008234231,0.0067351446
511,170,sitting,2021-05-07 10:50:28.684,2021-05-07 10:50:30.663,0.021,1,1,0.87146014,0.114226,0.87146014,0.007810552,0.006503169
511,170,sitting,2021-05-07 10:50:29.684,2021-05-07 10:50:31.663,0.021,1,1,0.82080215,0.16071294,0.82080215,0.0014204461,0.017064506
511,170,sitting,2021-05-07 10:50:30.684,2021-05-07 10:50:32.664,0.021,1,1,0.87665087,0.106894664,0.87665087,0.0011105794,0.015343897
511,170,sitting,2021-05-07 10:50:31.684,2021-05-07 10:50:33.664,0.021,1,1,0.93869406,0.05138384,0.93869406,0.005150962,0.0047711176
511,170,sitting,2021-05-07 10:50:32.683,2021-05-07 10:50:34.664,0.021,1,1,0.92366344,0.06434981,0.92366344,0.0063631744,0.005623499
511,170,sitting,2021-05-07 10:50:33.683,2021-05-07 10:50:35.664,0.021,1,1,0.90756863,0.079265356,0.90756863,0.0070436075,0.006122423
511,170,sitting,2021-05-07 10:50:34.683,2021-05-07 10:50:36.664,0.021,1,1,0.8837927,0.10173619,0.8837927,0.007809956,0.0066611534
511,170,sitting,2021-05-07 10:50:35.683,2021-05-07 10:50:37.664,0.021,1,1,0.8774138,0.10777632,0.8774138,0.008043482,0.006766324
511,170,sitting,2021-05-07 10:50:36.683,2021-05-07 10:50:38.664,0.021,1,1,0.87701434,0.10812721,0.87701434,0.008081611,0.0067768926
511,170,sitting,2021-05-07 10:50:37.683,2021-05-07 10:50:39.664,0.021,1,1,0.87163377,0.11228961,0.87163377,0.008813541,0.007262939
511,170,sitting,2021-05-07 10:50:38.683,2021-05-07 10:50:40.664,0.021,1,1,0.8694581,0.11379009,0.8694581,0.009214793,0.007537014
511,170,sitting,2021-05-07 10:50:39.683,2021-05-07 10:50:41.664,0.021,1,1,0.8695552,0.113566436,0.8695552,0.009289028,0.0075892857
511,171,walking,2021-05-07 10:50:45.683,2021-05-07 10:50:47.664,0.021,3,3,0.99992687,1.45586955e-05,4.7323726e-07,5.8069465e-05,0.99992687
511,171,walking,2021-05-07 10:50:46.683,2021-05-07 10:50:48.664,0.021,3,3,0.99996144,7.0606548e-06,4.0296612e-07,3.098773e-05,0.99996144
511,171,walking,2021-05-07 10:50:47.683,2021-05-07 10:50:49.664,0.021,3,3,0.9999959,4.0028795e-06,4.0883585e-08,3.5802277e-08,0.9999959
511,171,walking,2021-05-07 10:50:48.683,2021-05-07 10:50:50.664,0.021,3,3,0.999991,8.595598e-06,1.0447327e-07,1.8128462e-07,0.999991
511,171,walking,2021-05-07 10:50:49.683,2021-05-07 10:50:51.664,0.021,3,3,0.99987507,1.1720459e-05,8.568131e-07,0.00011228085,0.99987507
511,171,walking,2021-05-07 10:50:50.683,2021-05-07 10:50:52.664,0.021,3,3,0.9999494,7.4019326e-06,4.7067115e-07,4.262871e-05,0.9999494
511,171,walking,2021-05-07 10:50:51.683,2021-05-07 10:50:53.664,0.021,3,3,0.99997085,1.794294e-05,7.021737e-07,1.0462442e-05,0.99997085
511,171,walking,2021-05-07 10:50:52.683,2021-05-07 10:50:54.664,0.021,3,3,0.9998861,9.3655544e-05,3.6849808e-06,1.6534937e-05,0.9998861
511,171,walking,2021-05-07 10:50:53.683,2021-05-07 10:50:55.664,0.021,3,3,0.9999855,1.1047742e-05,3.2030567e-07,3.0024935e-06,0.9999855
511,171,walking,2021-05-07 10:50:54.683,2021-05-07 10:50:56.664,0.021,3,3,0.99998254,3.9552824e-06,1.6859245e-07,1.3256746e-05,0.99998254
511,171,walking,2021-05-07 10:50:55.683,2021-05-07 10:50:57.664,0.021,3,3,0.9999935,5.175565e-06,1.0159913e-07,1.1459252e-06,0.9999935
511,171,walking,2021-05-07 10:50:56.683,2021-05-07 10:50:58.664,0.021,3,3,0.9999886,1.00308835e-05,2.2724407e-07,1.1099318e-06,0.9999886
511,171,walking,2021-05-07 10:50:57.683,2021-05-07 10:50:59.664,0.021,3,3,0.9999916,7.933177e-06,1.2819864e-07,2.9894187e-07,0.9999916
511,171,walking,2021-05-07 10:50:58.683,2021-05-07 10:51:00.664,0.021,3,3,0.999994,5.794062e-06,3.941602e-08,1.207798e-07,0.999994
511,171,walking,2021-05-07 10:50:59.683,2021-05-07 10:51:01.664,0.021,3,3,0.999994,5.665529e-06,3.777084e-08,3.026589e-07,0.999994
511,171,walking,2021-05-07 10:51:00.684,2021-05-07 10:51:02.664,0.021,3,3,0.9999928,3.961518e-06,8.698205e-08,3.0629526e-06,0.9999928
511,171,walking,2021-05-07 10:51:01.684,2021-05-07 10:51:03.664,0.021,3,3,0.9999967,1.8848272e-06,4.064887e-08,1.2779605e-06,0.9999967
511,171,walking,2021-05-07 10:51:02.684,2021-05-07 10:51:04.664,0.021,3,3,0.99999756,1.3425723e-06,3.5284266e-08,1.0311899e-06,0.99999756
511,171,walking,2021-05-07 10:51:03.684,2021-05-07 10:51:05.664,0.021,3,3,0.9999972,2.1260234e-06,4.4516867e-08,6.06212e-07,0.9999972
511,171,walking,2021-05-07 10:51:04.684,2021-05-07 10:51:06.664,0.021,3,3,0.999994,4.9266837e-06,9.2934194e-08,9.396303e-07,0.999994
511,171,walking,2021-05-07 10:51:05.684,2021-05-07 10:51:07.664,0.021,3,3,0.9999525,4.03252e-05,1.3119267e-06,5.8454307e-06,0.9999525
511,171,walking,2021-05-07 10:51:06.684,2021-05-07 10:51:08.663,0.021,3,3,0.99990946,8.311301e-05,2.0913765e-06,5.2543714e-06,0.99990946
511,171,walking,2021-05-07 10:51:07.684,2021-05-07 10:51:09.663,0.021,3,3,0.9999607,3.180723e-05,1.0249742e-06,6.4222563e-06,0.9999607
511,171,walking,2021-05-07 10:51:08.684,2021-05-07 10:51:10.663,0.021,3,3,0.99986815,1.0076308e-05,8.6068405e-07,0.00012085039,0.99986815
511,171,walking,2021-05-07 10:51:09.684,2021-05-07 10:51:11.663,0.021,3,3,0.9973988,3.1517204e-05,4.8708334e-06,0.002564739,0.9973988
511,171,walking,2021-05-07 10:51:10.684,2021-05-07 10:51:12.663,0.021,3,3,0.99987906,3.514494e-05,2.3960035e-06,8.329806e-05,0.99987906
511,171,walking,2021-05-07 10:51:11.684,2021-05-07 10:51:13.663,0.021,3,3,0.99984217,4.054664e-05,3.665269e-06,0.00011357335,0.99984217
511,171,walking,2021-05-07 10:51:12.684,2021-05-07 10:51:14.663,0.021,3,3,0.99998635,7.67426e-06,2.8050883e-07,5.579034e-06,0.99998635
511,171,walking,2021-05-07 10:51:13.684,2021-05-07 10:51:15.663,0.021,3,3,0.99990445,1.7731049e-05,1.0747293e-06,7.669619e-05,0.99990445
511,171,walking,2021-05-07 10:51:14.684,2021-05-07 10:51:16.663,0.021,3,3,0.99960274,6.8698275e-05,3.381299e-06,0.000325048,0.99960274
511,171,walking,2021-05-07 10:51:15.684,2021-05-07 10:51:17.663,0.021,3,3,0.9995021,4.228043e-05,2.5332645e-06,0.00045313608,0.9995021
511,171,walking,2021-05-07 10:51:16.684,2021-05-07 10:51:18.663,0.021,3,3,0.99589545,6.130193e-05,8.910719e-06,0.004034421,0.99589545
511,171,walking,2021-05-07 10:51:17.684,2021-05-07 10:51:19.663,0.021,3,3,0.99832153,5.4171785e-05,5.6127446e-06,0.0016185923,0.99832153
511,171,walking,2021-05-07 10:51:18.684,2021-05-07 10:51:20.663,0.021,3,3,0.99973583,0.00017582424,8.5191505e-06,7.980118e-05,0.99973583
511,171,walking,2021-05-07 10:51:19.684,2021-05-07 10:51:21.663,0.021,3,3,0.99974835,0.00011376854,7.4475056e-06,0.00013042409,0.99974835
511,171,walking,2021-05-07 10:51:20.684,2021-05-07 10:51:22.663,0.021,3,3,0.9997529,1.4239881e-05,1.2480165e-06,0.00023155341,0.9997529
511,171,walking,2021-05-07 10:51:21.684,2021-05-07 10:51:23.663,0.021,3,3,0.9999321,1.98936e-05,1.4253515e-06,4.6553872e-05,0.9999321
511,171,walking,2021-05-07 10:51:22.684,2021-05-07 10:51:24.663,0.021,3,3,0.9998887,9.228076e-05,4.117496e-06,1.476495e-05,0.9998887
511,171,walking,2021-05-07 10:51:23.684,2021-05-07 10:51:25.663,0.021,3,3,0.9998806,0.000107756605,2.6511523e-06,8.950071e-06,0.9998806
511,171,walking,2021-05-07 10:51:24.684,2021-05-07 10:51:26.663,0.021,3,3,0.99953055,5.4324566e-05,4.0283994e-06,0.00041105843,0.99953055
511,171,walking,2021-05-07 10:51:25.684,2021-05-07 10:51:27.663,0.021,3,3,0.9998305,2.014783e-05,1.6576212e-06,0.00014781707,0.9998305
511,171,walking,2021-05-07 10:51:26.684,2021-05-07 10:51:28.663,0.021,3,3,0.9999892,7.4969216e-06,2.6134282e-07,3.0064243e-06,0.9999892
511,171,walking,2021-05-07 10:51:27.684,2021-05-07 10:51:29.663,0.021,3,3,0.99996334,2.0643833e-05,8.244957e-07,1.5081458e-05,0.99996334
511,171,walking,2021-05-07 10:51:28.684,2021-05-07 10:51:30.663,0.021,3,3,0.99984384,9.579927e-05,5.158083e-06,5.5261393e-05,0.99984384
511,171,walking,2021-05-07 10:51:29.684,2021-05-07 10:51:31.663,0.021,3,3,0.9998219,7.099508e-05,4.699938e-06,0.00010238755,0.9998219
511,171,walking,2021-05-07 10:51:30.684,2021-05-07 10:51:32.664,0.021,3,3,0.99962825,3.211806e-05,4.0504174e-06,0.00033562427,0.99962825
511,171,walking,2021-05-07 10:51:31.684,2021-05-07 10:51:33.664,0.021,3,3,0.9998307,6.634775e-06,6.5820785e-07,0.00016205176,0.9998307
511,171,walking,2021-05-07 10:51:32.683,2021-05-07 10:51:34.664,0.021,3,3,0.9998028,1.5686343e-05,1.622105e-06,0.00017990392,0.9998028
511,171,walking,2021-05-07 10:51:33.683,2021-05-07 10:51:35.664,0.021,3,3,0.9995913,0.00020856946,2.0286983e-05,0.00017990531,0.9995913
511,171,walking,2021-05-07 10:51:34.683,2021-05-07 10:51:36.664,0.021,3,3,0.9990769,0.00038857054,4.1433712e-05,0.0004931469,0.9990769
511,171,walking,2021-05-07 10:51:35.683,2021-05-07 10:51:37.664,0.021,3,3,0.99949807,2.512595e-05,2.541792e-06,0.00047428315,0.99949807
511,171,walking,2021-05-07 10:51:36.683,2021-05-07 10:51:38.664,0.021,3,3,0.9972088,4.038235e-05,7.3937495e-06,0.0027433976,0.9972088
511,171,walking,2021-05-07 10:51:37.683,2021-05-07 10:51:39.664,0.021,3,3,0.99868804,0.0001679586,2.269624e-05,0.0011213195,0.99868804
511,171,walking,2021-05-07 10:51:38.683,2021-05-07 10:51:40.664,0.021,3,3,0.9958781,0.0005221121,8.7826855e-05,0.0035119671,0.9958781
511,171,walking,2021-05-07 10:51:39.683,2021-05-07 10:51:41.664,0.021,3,3,0.9952741,6.010035e-05,9.569819e-06,0.0046561467,0.9952741
511,171,walking,2021-05-07 10:51:40.683,2021-05-07 10:51:42.664,0.021,3,3,0.9988492,6.7212706e-05,1.1018101e-05,0.0010726127,0.9988492
511,171,walking,2021-05-07 10:51:41.683,2021-05-07 10:51:43.664,0.021,3,3,0.9993508,0.000496678,3.3033593e-05,0.00011940489,0.9993508
511,171,walking,2021-05-07 10:51:42.683,2021-05-07 10:51:44.664,0.021,3,3,0.998652,0.00056096946,4.1400846e-05,0.0007455689,0.998652
511,171,walking,2021-05-07 10:51:43.683,2021-05-07 10:51:45.664,0.021,3,3,0.99703634,5.1611587e-05,6.188705e-06,0.0029058526,0.99703634
511,171,walking,2021-05-07 10:51:44.683,2021-05-07 10:51:46.664,0.021,3,3,0.9995197,6.513221e-05,7.6163724e-06,0.00040750328,0.9995197
511,171,walking,2021-05-07 10:51:45.683,2021-05-07 10:51:47.664,0.021,3,3,0.99972355,0.00016430988,1.1478201e-05,0.00010056003,0.99972355
511,171,walking,2021-05-07 10:51:46.683,2021-05-07 10:51:48.664,0.021,3,3,0.99914336,0.00014513636,1.554327e-05,0.0006959742,0.99914336
511,171,walking,2021-05-07 10:51:47.683,2021-05-07 10:51:49.664,0.021,3,3,0.9983381,2.7877039e-05,3.1998773e-06,0.0016308429,0.9983381
511,171,walking,2021-05-07 10:51:48.683,2021-05-07 10:51:50.664,0.021,3,3,0.9930827,0.00010691872,2.6862e-05,0.0067834957,0.9930827
511,171,walking,2021-05-07 10:51:49.683,2021-05-07 10:51:51.664,0.021,3,3,0.9994504,0.00020195536,2.2682763e-05,0.00032501676,0.9994504
511,171,walking,2021-05-07 10:51:50.683,2021-05-07 10:51:52.664,0.021,3,3,0.9969168,0.00019055641,2.8385095e-05,0.0028642637,0.9969168
511,171,walking,2021-05-07 10:51:51.683,2021-05-07 10:51:53.664,0.021,3,3,0.9987855,4.0458544e-05,4.1578965e-06,0.001169819,0.9987855
511,171,walking,2021-05-07 10:51:52.683,2021-05-07 10:51:54.664,0.021,3,3,0.99674773,3.9067087e-05,5.527907e-06,0.0032077122,0.99674773
511,171,walking,2021-05-07 10:51:53.683,2021-05-07 10:51:55.664,0.021,3,3,0.99970055,7.1377806e-05,5.356073e-06,0.00022264963,0.99970055
511,171,walking,2021-05-07 10:51:54.683,2021-05-07 10:51:56.664,0.021,3,3,0.9996366,1.4312271e-05,1.2487475e-06,0.00034791973,0.9996366
511,171,walking,2021-05-07 10:51:55.683,2021-05-07 10:51:57.664,0.021,3,3,0.99989,1.3121707e-05,1.2247834e-06,9.558384e-05,0.99989
511,171,walking,2021-05-07 10:51:56.683,2021-05-07 10:51:58.664,0.021,3,3,0.9999775,1.9059658e-05,5.322304e-07,2.8153295e-06,0.9999775
511,171,walking,2021-05-07 10:51:57.683,2021-05-07 10:51:59.664,0.021,3,3,0.9998973,6.864025e-05,2.4737853e-06,3.150577e-05,0.9998973
511,171,walking,2021-05-07 10:51:58.683,2021-05-07 10:52:00.664,0.021,3,3,0.99993664,1.3109186e-05,6.28155e-07,4.9510458e-05,0.99993664
511,171,walking,2021-05-07 10:51:59.683,2021-05-07 10:52:01.664,0.021,3,3,0.99969614,1.9037258e-05,1.844495e-06,0.0002829301,0.99969614
511,171,walking,2021-05-07 10:52:00.684,2021-05-07 10:52:02.664,0.021,3,3,0.9999638,2.4577508e-05,1.0138749e-06,1.0492375e-05,0.9999638
511,171,walking,2021-05-07 10:52:01.684,2021-05-07 10:52:03.664,0.021,3,3,0.99990004,3.0970255e-05,1.7636283e-06,6.7194735e-05,0.99990004
511,171,walking,2021-05-07 10:52:02.684,2021-05-07 10:52:04.664,0.021,3,3,0.99996656,8.128751e-06,4.5009e-07,2.4825727e-05,0.99996656
511,171,walking,2021-05-07 10:52:03.684,2021-05-07 10:52:05.664,0.021,3,3,0.999983,9.814354e-06,4.3747968e-07,6.679009e-06,0.999983
511,171,walking,2021-05-07 10:52:04.684,2021-05-07 10:52:06.664,0.021,3,3,0.9999823,1.098176e-05,3.372403e-07,6.2920267e-06,0.9999823
511,171,walking,2021-05-07 10:52:05.684,2021-05-07 10:52:07.664,0.021,3,3,0.9999773,1.5266622e-05,4.2656288e-07,6.9907624e-06,0.9999773
511,171,walking,2021-05-07 10:52:06.684,2021-05-07 10:52:08.663,0.021,3,3,0.9999812,1.0279413e-05,2.0393202e-07,8.191899e-06,0.9999812
511,171,walking,2021-05-07 10:52:07.684,2021-05-07 10:52:09.663,0.021,3,3,0.9993868,9.001585e-06,5.036127e-07,0.00060372095,0.9993868
511,171,walking,2021-05-07 10:52:08.684,2021-05-07 10:52:10.663,0.021,3,3,0.9990429,7.0388005e-06,5.794154e-07,0.0009493799,0.9990429
511,171,walking,2021-05-07 10:52:09.684,2021-05-07 10:52:11.663,0.021,3,3,0.9993399,7.2583694e-06,5.415045e-07,0.000652307,0.9993399
511,171,walking,2021-05-07 10:52:10.684,2021-05-07 10:52:12.663,0.021,3,3,0.9994235,2.5964846e-05,1.689804e-06,0.0005488997,0.9994235
511,171,walking,2021-05-07 10:52:11.684,2021-05-07 10:52:13.663,0.021,3,3,0.9964927,2.9659703e-05,2.981504e-06,0.0034746316,0.9964927
511,171,walking,2021-05-07 10:52:12.684,2021-05-07 10:52:14.663,0.021,3,3,0.9992015,1.137696e-05,1.0341955e-06,0.0007861325,0.9992015
511,171,walking,2021-05-07 10:52:13.684,2021-05-07 10:52:15.663,0.021,3,3,0.99962777,5.9302815e-06,5.028409e-07,0.00036588652,0.99962777
511,171,walking,2021-05-07 10:52:14.684,2021-05-07 10:52:16.663,0.021,3,3,0.9999673,9.3366125e-06,3.6646148e-07,2.299692e-05,0.9999673
511,171,walking,2021-05-07 10:52:15.684,2021-05-07 10:52:17.663,0.021,3,3,0.9999718,1.1666523e-05,4.25026e-07,1.6021702e-05,0.9999718
511,171,walking,2021-05-07 10:52:16.684,2021-05-07 10:52:18.663,0.021,3,3,0.9999588,9.145162e-06,3.6875923e-07,3.1663592e-05,0.9999588
511,171,walking,2021-05-07 10:52:17.684,2021-05-07 10:52:19.663,0.021,3,3,0.9998462,4.640774e-06,2.6467853e-07,0.00014881362,0.9998462
511,171,walking,2021-05-07 10:52:18.684,2021-05-07 10:52:20.663,0.021,3,3,0.9999284,5.5194987e-06,2.8744785e-07,6.576171e-05,0.9999284
511,171,walking,2021-05-07 10:52:19.684,2021-05-07 10:52:21.663,0.021,3,3,0.9999903,5.422889e-06,1.294753e-07,4.094075e-06,0.9999903
511,171,walking,2021-05-07 10:52:20.684,2021-05-07 10:52:22.663,0.021,3,3,0.99998647,1.1187014e-05,2.0370489e-07,2.0703053e-06,0.99998647
511,171,walking,2021-05-07 10:52:21.684,2021-05-07 10:52:23.663,0.021,3,3,0.9999842,8.506976e-06,2.5454412e-07,6.9701473e-06,0.9999842
511,171,walking,2021-05-07 10:52:22.684,2021-05-07 10:52:24.663,0.021,3,3,0.99998087,7.121744e-06,2.0873063e-07,1.1734428e-05,0.99998087
511,171,walking,2021-05-07 10:52:23.684,2021-05-07 10:52:25.663,0.021,3,3,0.9999606,5.759426e-06,2.6158244e-07,3.334214e-05,0.9999606
511,171,walking,2021-05-07 10:52:24.684,2021-05-07 10:52:26.663,0.021,3,3,0.99998385,2.0402895e-06,8.118997e-08,1.3990841e-05,0.99998385
511,171,walking,2021-05-07 10:52:25.684,2021-05-07 10:52:27.663,0.021,3,3,0.9999971,1.3559124e-06,2.9376633e-08,1.42383e-06,0.9999971
511,171,walking,2021-05-07 10:52:26.684,2021-05-07 10:52:28.663,0.021,3,3,0.9999977,1.8699989e-06,2.6013764e-08,3.1543294e-07,0.9999977
511,171,walking,2021-05-07 10:52:27.684,2021-05-07 10:52:29.663,0.021,3,3,0.9999921,4.5099587e-06,1.1195132e-07,3.2005692e-06,0.9999921
511,171,walking,2021-05-07 10:52:28.684,2021-05-07 10:52:30.663,0.021,3,3,0.99998444,8.2912875e-06,2.1172441e-07,7.0266324e-06,0.99998444
511,171,walking,2021-05-07 10:52:29.684,2021-05-07 10:52:31.663,0.021,3,3,0.9999873,8.265527e-06,1.9672856e-07,4.133136e-06,0.9999873
511,171,walking,2021-05-07 10:52:30.684,2021-05-07 10:52:32.664,0.021,3,3,0.9999817,6.517311e-06,1.98954e-07,1.1493511e-05,0.9999817
511,171,walking,2021-05-07 10:52:31.684,2021-05-07 10:52:33.664,0.021,3,3,0.9999699,6.3586167e-06,2.5901363e-07,2.3401606e-05,0.9999699
511,171,walking,2021-05-07 10:52:32.683,2021-05-07 10:52:34.664,0.021,3,3,0.9998806,5.0322074e-06,3.205342e-07,0.00011391943,0.9998806
511,171,walking,2021-05-07 10:52:33.683,2021-05-07 10:52:35.664,0.021,3,3,0.9999756,3.9308015e-06,2.24453e-07,2.0179872e-05,0.9999756
511,171,walking,2021-05-07 10:52:34.683,2021-05-07 10:52:36.664,0.021,3,3,0.9999928,3.7487691e-06,1.1577057e-07,3.3056313e-06,0.9999928
511,171,walking,2021-05-07 10:52:35.683,2021-05-07 10:52:37.664,0.021,3,3,0.99998873,7.259384e-06,1.5836805e-07,3.7688244e-06,0.99998873
511,171,walking,2021-05-07 10:52:36.683,2021-05-07 10:52:38.664,0.021,3,3,0.99998885,7.856906e-06,1.8567088e-07,2.9890527e-06,0.99998885
511,171,walking,2021-05-07 10:52:37.683,2021-05-07 10:52:39.664,0.021,3,3,0.99998945,7.420033e-06,1.322837e-07,2.8990478e-06,0.99998945
511,171,walking,2021-05-07 10:52:38.683,2021-05-07 10:52:40.664,0.021,3,3,0.99992543,1.2916785e-05,5.4323533e-07,6.100785e-05,0.99992543
511,171,walking,2021-05-07 10:52:39.683,2021-05-07 10:52:41.664,0.021,3,3,0.99976563,5.839152e-06,3.7015005e-07,0.00022810472,0.99976563
511,171,walking,2021-05-07 10:52:40.683,2021-05-07 10:52:42.664,0.021,3,3,0.99996215,6.76304e-06,3.8078812e-07,3.0680785e-05,0.99996215
511,171,walking,2021-05-07 10:52:41.683,2021-05-07 10:52:43.664,0.021,3,3,0.999988,7.948877e-06,2.12147e-07,3.7480256e-06,0.999988
511,171,walking,2021-05-07 10:52:42.683,2021-05-07 10:52:44.664,0.021,3,3,0.9999793,8.92723e-06,3.1589346e-07,1.1415356e-05,0.9999793
511,171,walking,2021-05-07 10:52:43.683,2021-05-07 10:52:45.664,0.021,3,3,0.9999922,4.696741e-06,9.572583e-08,3.003576e-06,0.9999922
511,171,walking,2021-05-07 10:52:44.683,2021-05-07 10:52:46.664,0.021,3,3,0.9999756,6.994999e-06,2.1650708e-07,1.7137592e-05,0.9999756
511,171,walking,2021-05-07 10:52:45.683,2021-05-07 10:52:47.664,0.021,3,3,0.9998792,6.0796033e-06,3.931882e-07,0.00011427355,0.9998792
511,171,walking,2021-05-07 10:52:46.683,2021-05-07 10:52:48.664,0.021,3,3,0.9998491,3.7339591e-06,3.0990037e-07,0.0001469872,0.9998491
511,171,walking,2021-05-07 10:52:47.683,2021-05-07 10:52:49.664,0.021,3,3,0.99994355,4.112177e-06,2.81987e-07,5.1981173e-05,0.99994355
511,171,walking,2021-05-07 10:52:48.683,2021-05-07 10:52:50.664,0.021,3,3,0.999976,5.449937e-06,2.3237331e-07,1.8224864e-05,0.999976
511,171,walking,2021-05-07 10:52:49.683,2021-05-07 10:52:51.664,0.021,3,3,0.9999873,6.478752e-06,2.1574964e-07,5.9247764e-06,0.9999873
511,171,walking,2021-05-07 10:52:50.683,2021-05-07 10:52:52.664,0.021,3,3,0.9999915,6.7539627e-06,1.2314827e-07,1.5420108e-06,0.9999915
511,171,walking,2021-05-07 10:52:51.683,2021-05-07 10:52:53.664,0.021,3,3,0.9999916,5.7903085e-06,1.3672857e-07,2.4055098e-06,0.9999916
511,171,walking,2021-05-07 10:52:52.683,2021-05-07 10:52:54.664,0.021,3,3,0.99999243,5.0094213e-06,1.1996389e-07,2.3586924e-06,0.99999243
511,171,walking,2021-05-07 10:52:53.683,2021-05-07 10:52:55.664,0.021,3,3,0.99998385,4.534712e-06,1.9464652e-07,1.13930155e-05,0.99998385
511,171,walking,2021-05-07 10:52:54.683,2021-05-07 10:52:56.664,0.021,3,3,0.9998715,4.5921806e-06,3.298729e-07,0.00012355574,0.9998715
511,171,walking,2021-05-07 10:52:55.683,2021-05-07 10:52:57.664,0.021,3,3,0.9999822,3.581295e-06,1.7332049e-07,1.402519e-05,0.9999822
511,171,walking,2021-05-07 10:52:56.683,2021-05-07 10:52:58.664,0.021,3,3,0.9999904,4.7506783e-06,1.3125113e-07,4.6105924e-06,0.9999904
511,171,walking,2021-05-07 10:52:57.683,2021-05-07 10:52:59.664,0.021,3,3,0.99999315,5.373744e-06,1.01302064e-07,1.2729638e-06,0.99999315
511,171,walking,2021-05-07 10:52:58.683,2021-05-07 10:53:00.664,0.021,3,3,0.9999915,5.3618232e-06,1.2547959e-07,2.9884764e-06,0.9999915
511,171,walking,2021-05-07 10:52:59.683,2021-05-07 10:53:01.664,0.021,3,3,0.9999946,3.7608181e-06,7.152341e-08,1.5538859e-06,0.9999946
511,171,walking,2021-05-07 10:53:00.684,2021-05-07 10:53:02.664,0.021,3,3,0.99999434,3.342265e-06,1.0785166e-07,2.1447772e-06,0.99999434
511,171,walking,2021-05-07 10:53:01.684,2021-05-07 10:53:03.664,0.021,3,3,0.99997526,3.3133217e-06,1.7664267e-07,2.1214553e-05,0.99997526
511,171,walking,2021-05-07 10:53:02.684,2021-05-07 10:53:04.664,0.021,3,3,0.99996096,3.9225765e-06,2.3640126e-07,3.4875127e-05,0.99996096
511,171,walking,2021-05-07 10:53:03.684,2021-05-07 10:53:05.664,0.021,3,3,0.9999897,3.914445e-06,1.329031e-07,6.186778e-06,0.9999897
511,171,walking,2021-05-07 10:53:04.684,2021-05-07 10:53:06.664,0.021,3,3,0.999991,7.0021347e-06,1.3822797e-07,1.7956987e-06,0.999991
511,171,walking,2021-05-07 10:53:05.684,2021-05-07 10:53:07.664,0.021,3,3,0.9999942,4.870894e-06,7.389068e-08,7.990535e-07,0.9999942
511,171,walking,2021-05-07 10:53:06.684,2021-05-07 10:53:08.663,0.021,3,3,0.9999884,5.623682e-06,1.3391335e-07,5.8596165e-06,0.9999884
511,171,walking,2021-05-07 10:53:07.684,2021-05-07 10:53:09.663,0.021,3,3,0.99997216,4.9328896e-06,1.8476307e-07,2.268305e-05,0.99997216
511,171,walking,2021-05-07 10:53:08.684,2021-05-07 10:53:10.663,0.021,3,3,0.9999319,4.8861853e-06,2.857466e-07,6.290567e-05,0.9999319
511,171,walking,2021-05-07 10:53:09.684,2021-05-07 10:53:11.663,0.021,3,3,0.9999842,5.3104477e-06,2.1568047e-07,1.0207164e-05,0.9999842
511,171,walking,2021-05-07 10:53:10.684,2021-05-07 10:53:12.663,0.021,3,3,0.9999799,1.1412762e-05,3.1512036e-07,8.315656e-06,0.9999799
511,171,walking,2021-05-07 10:53:11.684,2021-05-07 10:53:13.663,0.021,3,3,0.99994415,1.29978425e-05,5.892135e-07,4.2140247e-05,0.99994415
511,171,walking,2021-05-07 10:53:12.684,2021-05-07 10:53:14.663,0.021,3,3,0.99991006,6.900543e-06,3.896463e-07,8.255825e-05,0.99991006
511,171,walking,2021-05-07 10:53:13.684,2021-05-07 10:53:15.663,0.021,3,3,0.99982,3.705776e-06,2.442223e-07,0.0001761724,0.99982
511,171,walking,2021-05-07 10:53:14.684,2021-05-07 10:53:16.663,0.021,3,3,0.9999692,4.1675394e-06,1.9778409e-07,2.6444894e-05,0.9999692
511,171,walking,2021-05-07 10:53:15.684,2021-05-07 10:53:17.663,0.021,3,3,0.99999505,3.3206472e-06,6.4242464e-08,1.4448636e-06,0.99999505
511,171,walking,2021-05-07 10:53:16.684,2021-05-07 10:53:18.663,0.021,3,3,0.9999942,4.9258906e-06,7.870364e-08,6.582232e-07,0.9999942
511,171,walking,2021-05-07 10:53:17.684,2021-05-07 10:53:19.663,0.021,3,3,0.99998957,6.9327616e-06,1.6300095e-07,3.2328514e-06,0.99998957
511,171,walking,2021-05-07 10:53:18.684,2021-05-07 10:53:20.663,0.021,3,3,0.99991447,1.779784e-05,9.670424e-07,6.666528e-05,0.99991447
511,171,walking,2021-05-07 10:53:19.684,2021-05-07 10:53:21.663,0.021,3,3,0.99994797,8.5798565e-06,4.401598e-07,4.298922e-05,0.99994797
511,171,walking,2021-05-07 10:53:20.684,2021-05-07 10:53:22.663,0.021,3,3,0.9999898,7.4866302e-06,1.8881416e-07,2.487651e-06,0.9999898
511,171,walking,2021-05-07 10:53:21.684,2021-05-07 10:53:23.663,0.021,3,3,0.9999588,3.6811693e-05,6.198401e-07,3.6882304e-06,0.9999588
511,171,walking,2021-05-07 10:53:22.684,2021-05-07 10:53:24.663,0.021,3,3,0.9999704,2.0373602e-05,4.4837034e-07,8.79965e-06,0.9999704
511,171,walking,2021-05-07 10:53:23.684,2021-05-07 10:53:25.663,0.021,3,3,0.99998516,9.271492e-06,2.6137542e-07,5.284848e-06,0.99998516
511,171,walking,2021-05-07 10:53:24.684,2021-05-07 10:53:26.663,0.021,3,3,0.9999971,2.3608595e-06,3.6294264e-08,4.278947e-07,0.9999971
511,171,walking,2021-05-07 10:53:25.684,2021-05-07 10:53:27.663,0.021,3,3,0.99999386,3.0031e-06,7.772766e-08,2.9722257e-06,0.99999386
511,171,walking,2021-05-07 10:53:26.684,2021-05-07 10:53:28.663,0.021,3,3,0.9999946,3.5650169e-06,7.699364e-08,1.7241334e-06,0.9999946
511,171,walking,2021-05-07 10:53:27.684,2021-05-07 10:53:29.663,0.021,3,3,0.99999124,7.3664323e-06,1.3040781e-07,1.1590104e-06,0.99999124
511,171,walking,2021-05-07 10:53:28.684,2021-05-07 10:53:30.663,0.021,3,3,0.9999824,1.5714422e-05,2.7101794e-07,1.5409531e-06,0.9999824
511,171,walking,2021-05-07 10:53:29.684,2021-05-07 10:53:31.663,0.021,3,3,0.99996823,1.3760508e-05,5.180651e-07,1.7384149e-05,0.99996823
511,171,walking,2021-05-07 10:53:30.684,2021-05-07 10:53:32.664,0.021,3,3,0.99998564,8.400745e-06,2.1892167e-07,5.688437e-06,0.99998564
511,171,walking,2021-05-07 10:53:31.684,2021-05-07 10:53:33.664,0.021,3,3,0.9999966,2.2842912e-06,4.2124153e-08,9.606788e-07,0.9999966
511,171,walking,2021-05-07 10:53:32.683,2021-05-07 10:53:34.664,0.021,3,3,0.99999815,1.6083383e-06,1.670958e-08,1.1777962e-07,0.99999815
511,171,walking,2021-05-07 10:53:33.683,2021-05-07 10:53:35.664,0.021,3,3,0.9999903,7.864699e-06,1.5461474e-07,1.6494268e-06,0.9999903
511,171,walking,2021-05-07 10:53:34.683,2021-05-07 10:53:36.664,0.021,3,3,0.99997765,1.7126911e-05,3.629005e-07,4.758176e-06,0.99997765
511,171,walking,2021-05-07 10:53:35.683,2021-05-07 10:53:37.664,0.021,3,3,0.9999668,1.1629829e-05,4.3152934e-07,2.107467e-05,0.9999668
511,171,walking,2021-05-07 10:53:36.683,2021-05-07 10:53:38.664,0.021,3,3,0.99994165,4.812355e-06,2.812211e-07,5.3246058e-05,0.99994165
511,171,walking,2021-05-07 10:53:37.683,2021-05-07 10:53:39.664,0.021,3,3,0.99994415,8.702296e-06,5.1642587e-07,4.659001e-05,0.99994415
511,171,walking,2021-05-07 10:53:38.683,2021-05-07 10:53:40.664,0.021,3,3,0.99998623,8.666493e-06,2.413101e-07,4.802012e-06,0.99998623
511,171,walking,2021-05-07 10:53:39.683,2021-05-07 10:53:41.664,0.021,3,3,0.99998504,1.23548625e-05,2.3929633e-07,2.3593861e-06,0.99998504
511,171,walking,2021-05-07 10:53:40.683,2021-05-07 10:53:42.664,0.021,3,3,0.99997884,1.2428658e-05,3.2818556e-07,8.335743e-06,0.99997884
511,171,walking,2021-05-07 10:53:41.683,2021-05-07 10:53:43.664,0.021,3,3,0.9999791,6.1954033e-06,2.0485591e-07,1.4427924e-05,0.9999791
511,171,walking,2021-05-07 10:53:42.683,2021-05-07 10:53:44.664,0.021,3,3,0.9996947,1.3789201e-05,1.2449269e-06,0.00029024252,0.9996947
511,171,walking,2021-05-07 10:53:43.683,2021-05-07 10:53:45.664,0.021,3,3,0.99997646,1.2360601e-05,4.3872856e-07,1.0723163e-05,0.99997646
511,171,walking,2021-05-07 10:53:44.683,2021-05-07 10:53:46.664,0.021,3,3,0.99995166,2.1057616e-05,6.1735966e-07,2.6578178e-05,0.99995166
511,171,walking,2021-05-07 10:53:45.683,2021-05-07 10:53:47.664,0.021,3,3,0.9998164,9.905566e-06,6.2012964e-07,0.00017311743,0.9998164
511,171,walking,2021-05-07 10:53:46.683,2021-05-07 10:53:48.664,0.021,3,3,0.9993694,1.5786614e-05,1.7574486e-06,0.00061307306,0.9993694
511,171,walking,2021-05-07 10:53:47.683,2021-05-07 10:53:49.664,0.021,3,3,0.9998357,2.4708426e-05,2.0409507e-06,0.00013753261,0.9998357
511,171,walking,2021-05-07 10:53:48.683,2021-05-07 10:53:50.664,0.021,3,3,0.99834967,2.085866e-05,2.0213406e-06,0.0016274321,0.99834967
511,171,walking,2021-05-07 10:53:49.683,2021-05-07 10:53:51.664,0.021,3,3,0.99802,1.3924494e-05,1.6185254e-06,0.001964577,0.99802
511,171,walking,2021-05-07 10:53:50.683,2021-05-07 10:53:52.664,0.021,3,3,0.99996847,1.3121385e-05,5.5709774e-07,1.7751336e-05,0.99996847
511,173,standing,2021-05-07 10:53:54.723,2021-05-07 10:53:56.703,0.021,2,2,0.9967713,8.816753e-06,1.0226358e-06,0.9967713,0.0032188736
511,173,standing,2021-05-07 10:53:55.723,2021-05-07 10:53:57.703,0.021,2,2,0.9942589,3.857366e-06,2.5951164e-07,0.9942589,0.0057369783
511,180,walking,2021-05-07 10:54:04.404,2021-05-07 10:54:06.383,0.021,3,3,0.9993876,8.977173e-05,5.607967e-06,0.0005169851,0.9993876
511,189,standing,2021-05-07 10:54:11.843,2021-05-07 10:54:13.823,0.021,2,2,0.99915767,5.674019e-07,1.7572757e-08,0.99915767,0.0008417727
511,189,standing,2021-05-07 10:54:12.843,2021-05-07 10:54:14.823,0.021,2,2,0.99926805,6.046151e-07,1.8625034e-08,0.99926805,0.0007312694
511,189,standing,2021-05-07 10:54:13.843,2021-05-07 10:54:15.823,0.021,2,2,0.9992477,5.9363515e-07,1.7023014e-08,0.9992477,0.000751755
511,189,standing,2021-05-07 10:54:14.843,2021-05-07 10:54:16.823,0.021,2,2,0.9992232,5.731388e-07,1.5879944e-08,0.9992232,0.000776243
511,189,standing,2021-05-07 10:54:15.843,2021-05-07 10:54:17.823,0.021,2,2,0.9992365,5.66158e-07,1.6659e-08,0.9992365,0.0007628978
511,189,standing,2021-05-07 10:54:16.843,2021-05-07 10:54:18.823,0.021,2,2,0.99926317,5.6748456e-07,1.775023e-08,0.99926317,0.00073611125
511,189,standing,2021-05-07 10:54:17.843,2021-05-07 10:54:19.823,0.021,2,2,0.9991759,6.1753883e-07,1.8866073e-08,0.9991759,0.0008235603
512,0,standing,2021-05-07 15:39:36.939,2021-05-07 15:39:38.919,0.021,2,2,0.9948333,2.1976351e-05,2.683456e-06,0.9948333,0.0051419423
512,0,standing,2021-05-07 15:39:37.939,2021-05-07 15:39:39.919,0.021,2,2,0.997886,1.0785053e-05,1.1359874e-06,0.997886,0.002102035
512,2,standing,2021-05-07 15:39:47.319,2021-05-07 15:39:49.299,0.021,2,2,0.9940441,2.3619265e-05,4.8464944e-06,0.9940441,0.005927455
512,2,standing,2021-05-07 15:39:48.319,2021-05-07 15:39:50.299,0.021,2,2,0.99509215,2.1079713e-05,4.92684e-06,0.99509215,0.004881807
512,4,walking,2021-05-07 15:39:52.599,2021-05-07 15:39:54.580,0.021,3,3,0.99135673,0.000502583,0.00012151789,0.008019202,0.99135673
512,4,walking,2021-05-07 15:39:53.599,2021-05-07 15:39:55.580,0.021,3,3,0.9955342,0.0005419479,0.00014421668,0.0037796577,0.9955342
512,4,walking,2021-05-07 15:39:54.599,2021-05-07 15:39:56.580,0.021,3,3,0.9990645,0.00016006028,2.4096795e-05,0.0007513026,0.9990645
512,4,walking,2021-05-07 15:39:55.599,2021-05-07 15:39:57.580,0.021,3,3,0.99947184,0.00020747511,2.0568832e-05,0.00029998895,0.99947184
512,4,walking,2021-05-07 15:39:56.599,2021-05-07 15:39:58.580,0.021,3,3,0.9938476,0.0006254697,0.00017017074,0.005356767,0.9938476
512,4,walking,2021-05-07 15:39:57.599,2021-05-07 15:39:59.580,0.021,3,3,0.99658954,0.00025377597,7.193666e-05,0.0030847255,0.99658954
512,6,walking,2021-05-07 15:40:00.480,2021-05-07 15:40:02.460,0.021,3,3,0.99886674,0.00022409372,3.4157587e-05,0.00087496056,0.99886674
512,6,walking,2021-05-07 15:40:01.480,2021-05-07 15:40:03.460,0.021,3,3,0.9983257,0.00039589175,3.928508e-05,0.001239083,0.9983257
512,6,walking,2021-05-07 15:40:02.480,2021-05-07 15:40:04.460,0.021,3,3,0.9879396,0.0006640114,0.00015662295,0.011239719,0.9879396
512,6,walking,2021-05-07 15:40:03.480,2021-05-07 15:40:05.460,0.021,3,3,0.9996609,0.00021027867,1.6905045e-05,0.00011180775,0.9996609
512,6,walking,2021-05-07 15:40:04.480,2021-05-07 15:40:06.460,0.021,3,3,0.99911475,0.00020482914,1.8411043e-05,0.0006618817,0.99911475
512,6,walking,2021-05-07 15:40:05.480,2021-05-07 15:40:07.460,0.021,3,3,0.9946587,0.0005058852,0.00011623482,0.004719123,0.9946587
512,6,walking,2021-05-07 15:40:06.480,2021-05-07 15:40:08.460,0.021,3,3,0.9991591,0.0003970039,2.8789531e-05,0.0004151255,0.9991591
512,6,walking,2021-05-07 15:40:07.480,2021-05-07 15:40:09.460,0.021,3,3,0.99673826,0.0005356542,6.854455e-05,0.0026575236,0.99673826
512,6,walking,2021-05-07 15:40:08.479,2021-05-07 15:40:10.460,0.021,3,3,0.99385566,0.00024557867,5.3848096e-05,0.005844958,0.99385566
512,6,walking,2021-05-07 15:40:09.479,2021-05-07 15:40:11.460,0.021,3,3,0.99794894,0.00024287315,4.106611e-05,0.0017671143,0.99794894
512,6,walking,2021-05-07 15:40:10.479,2021-05-07 15:40:12.460,0.021,3,3,0.99210066,0.00042036935,6.51437e-05,0.00741387,0.99210066
512,6,walking,2021-05-07 15:40:11.479,2021-05-07 15:40:13.460,0.021,3,3,0.98881286,0.0010911652,0.00022088039,0.009875067,0.98881286
512,6,walking,2021-05-07 15:40:12.479,2021-05-07 15:40:14.460,0.021,3,3,0.9952813,0.0010435502,0.00021853806,0.0034567392,0.9952813
512,6,walking,2021-05-07 15:40:13.479,2021-05-07 15:40:15.460,0.021,3,3,0.9959715,0.00021655612,5.24798e-05,0.0037594254,0.9959715
512,6,walking,2021-05-07 15:40:14.479,2021-05-07 15:40:16.459,0.021,3,3,0.9796005,0.00033102088,0.000111968664,0.01995653,0.9796005
512,6,walking,2021-05-07 15:40:15.479,2021-05-07 15:40:17.459,0.021,3,3,0.98884624,0.0007859218,0.00018179687,0.010186018,0.98884624
512,6,walking,2021-05-07 15:40:16.479,2021-05-07 15:40:18.459,0.021,3,3,0.9276689,0.00063264236,0.00025045747,0.07144806,0.9276689
512,6,walking,2021-05-07 15:40:17.479,2021-05-07 15:40:19.459,0.021,3,3,0.9383865,0.0007336163,0.00027168368,0.060608126,0.9383865
512,6,walking,2021-05-07 15:40:18.479,2021-05-07 15:40:20.459,0.021,3,3,0.98646545,0.00066109013,0.0002128793,0.012660657,0.98646545
512,6,walking,2021-05-07 15:40:19.479,2021-05-07 15:40:21.459,0.021,3,3,0.9936117,0.0007118451,0.00012698334,0.0055493913,0.9936117
512,6,walking,2021-05-07 15:40:20.479,2021-05-07 15:40:22.459,0.021,3,3,0.98059124,0.0003234021,6.9962625e-05,0.019015439,0.98059124
512,6,walking,2021-05-07 15:40:21.479,2021-05-07 15:40:23.459,0.021,3,3,0.99416643,0.0009188308,0.00010022418,0.004814474,0.99416643
512,6,walking,2021-05-07 15:40:22.479,2021-05-07 15:40:24.459,0.021,3,3,0.9888724,0.00048110075,7.129552e-05,0.010575303,0.9888724
512,6,walking,2021-05-07 15:40:23.479,2021-05-07 15:40:25.459,0.021,3,3,0.9828633,0.00057984673,0.00019133328,0.016365563,0.9828633
512,6,walking,2021-05-07 15:40:24.479,2021-05-07 15:40:26.459,0.021,3,3,0.97020704,0.00064720016,0.00020639935,0.028939323,0.97020704
512,6,walking,2021-05-07 15:40:25.479,2021-05-07 15:40:27.459,0.021,3,3,0.98561615,0.00036014605,9.335381e-05,0.013930328,0.98561615
512,6,walking,2021-05-07 15:40:26.479,2021-05-07 15:40:28.459,0.021,3,3,0.98170525,0.0004812301,0.00015765367,0.01765581,0.98170525
512,6,walking,2021-05-07 15:40:27.479,2021-05-07 15:40:29.459,0.021,3,3,0.9026357,0.0005935058,0.00024289069,0.096527874,0.9026357
512,6,walking,2021-05-07 15:40:28.479,2021-05-07 15:40:30.459,0.021,3,3,0.9400949,0.0005215276,0.00021546871,0.059168097,0.9400949
512,6,walking,2021-05-07 15:40:29.479,2021-05-07 15:40:31.459,0.021,3,3,0.92525816,0.0004477455,0.00016479289,0.07412933,0.92525816
512,6,walking,2021-05-07 15:40:30.479,2021-05-07 15:40:32.459,0.021,3,3,0.8618755,0.0007404426,0.00024522218,0.13713889,0.8618755
512,6,walking,2021-05-07 15:40:31.479,2021-05-07 15:40:33.459,0.021,3,3,0.8791472,0.0006433361,0.0002886535,0.11992081,0.8791472
512,6,walking,2021-05-07 15:40:32.479,2021-05-07 15:40:34.459,0.021,3,3,0.9781585,0.00034659615,0.00012620533,0.021368725,0.9781585
512,6,walking,2021-05-07 15:40:33.479,2021-05-07 15:40:35.459,0.021,3,3,0.9989197,0.0004323384,5.783217e-05,0.0005901762,0.9989197
512,6,walking,2021-05-07 15:40:34.479,2021-05-07 15:40:36.459,0.021,3,3,0.996499,0.00028143954,5.1928837e-05,0.0031677021,0.996499
512,6,walking,2021-05-07 15:40:35.479,2021-05-07 15:40:37.459,0.021,3,3,0.9929313,0.00055451173,0.00017815872,0.006336091,0.9929313
512,6,walking,2021-05-07 15:40:36.479,2021-05-07 15:40:38.459,0.021,3,3,0.9982374,0.0007167335,9.192501e-05,0.00095389824,0.9982374
512,6,walking,2021-05-07 15:40:37.479,2021-05-07 15:40:39.459,0.021,3,3,0.9976729,0.00042933095,5.1598705e-05,0.0018460945,0.9976729
512,7,sitting,2021-05-07 15:40:41.919,2021-05-07 15:40:43.900,0.021,1,1,0.65908706,0.34046486,0.65908706,0.00032635778,0.00012176261
512,7,sitting,2021-05-07 15:40:42.919,2021-05-07 15:40:44.900,0.021,1,1,0.6166795,0.3828463,0.6166795,0.000354843,0.0001193118
512,7,sitting,2021-05-07 15:40:43.919,2021-05-07 15:40:45.900,0.021,1,1,0.62442404,0.37496075,0.62442404,0.00047045952,0.00014478333
512,7,sitting,2021-05-07 15:40:44.919,2021-05-07 15:40:46.900,0.021,1,1,0.64571345,0.35364652,0.64571345,0.00048659518,0.00015345619
512,7,sitting,2021-05-07 15:40:45.919,2021-05-07 15:40:47.900,0.021,1,1,0.640555,0.3587653,0.640555,0.0005193582,0.00016030415
512,7,sitting,2021-05-07 15:40:46.919,2021-05-07 15:40:48.900,0.021,1,1,0.64459884,0.35457796,0.64459884,0.0006373323,0.000185883
512,7,sitting,2021-05-07 15:40:47.919,2021-05-07 15:40:49.900,0.021,1,1,0.646832,0.35237685,0.646832,0.0006098226,0.00018130091
512,7,sitting,2021-05-07 15:40:48.919,2021-05-07 15:40:50.900,0.021,1,1,0.64294666,0.35627952,0.64294666,0.000595925,0.00017786387
512,7,sitting,2021-05-07 15:40:49.919,2021-05-07 15:40:51.900,0.021,1,1,0.6561697,0.34300852,0.6561697,0.00063426583,0.00018741943
512,7,sitting,2021-05-07 15:40:50.919,2021-05-07 15:40:52.900,0.021,1,1,0.65450335,0.3447245,0.65450335,0.0005937896,0.00017826077
512,7,sitting,2021-05-07 15:40:51.919,2021-05-07 15:40:53.900,0.021,1,1,0.6620037,0.3371348,0.6620037,0.0006642319,0.00019718651
512,7,sitting,2021-05-07 15:40:52.919,2021-05-07 15:40:54.900,0.021,1,1,0.67385674,0.3252498,0.67385674,0.0006893583,0.00020402788
512,7,sitting,2021-05-07 15:40:53.919,2021-05-07 15:40:55.900,0.021,1,1,0.6388098,0.36043945,0.6388098,0.0005818041,0.00016907921
512,7,sitting,2021-05-07 15:40:54.919,2021-05-07 15:40:56.900,0.021,1,1,0.6217508,0.37753505,0.6217508,0.0005529515,0.00016124464
512,7,sitting,2021-05-07 15:40:55.919,2021-05-07 15:40:57.900,0.021,1,1,0.65858597,0.34056813,0.65858597,0.0006528481,0.00019295633
512,7,sitting,2021-05-07 15:40:56.919,2021-05-07 15:40:58.900,0.021,1,1,0.67361075,0.32551065,0.67361075,0.00067817786,0.00020052196
512,7,sitting,2021-05-07 15:40:57.919,2021-05-07 15:40:59.900,0.021,1,1,0.66803426,0.33124456,0.66803426,0.00054711034,0.00017412071
512,7,sitting,2021-05-07 15:40:58.919,2021-05-07 15:41:00.900,0.021,1,1,0.68960357,0.3096611,0.68960357,0.00054921635,0.000186082
512,7,sitting,2021-05-07 15:40:59.919,2021-05-07 15:41:01.900,0.021,1,1,0.686557,0.31257832,0.686557,0.0006599063,0.00020474357
512,7,sitting,2021-05-07 15:41:00.920,2021-05-07 15:41:02.900,0.021,1,1,0.68021554,0.31898668,0.68021554,0.000608315,0.00018948723
512,7,sitting,2021-05-07 15:41:01.920,2021-05-07 15:41:03.900,0.021,1,1,0.67928493,0.3198499,0.67928493,0.0006621851,0.00020297153
512,7,sitting,2021-05-07 15:41:02.920,2021-05-07 15:41:04.900,0.021,1,1,0.6901306,0.3088941,0.6901306,0.0007500529,0.00022534227
512,7,sitting,2021-05-07 15:41:03.920,2021-05-07 15:41:05.900,0.021,1,1,0.6921362,0.30693874,0.6921362,0.0007037176,0.00022133449
512,7,sitting,2021-05-07 15:41:04.920,2021-05-07 15:41:06.900,0.021,1,1,0.68181825,0.31738737,0.68181825,0.000598525,0.00019581207
512,7,sitting,2021-05-07 15:41:05.920,2021-05-07 15:41:07.900,0.021,1,1,0.6880027,0.3110608,0.6880027,0.0007123945,0.00022410417
512,7,sitting,2021-05-07 15:41:06.920,2021-05-07 15:41:08.899,0.021,1,1,0.69395846,0.30496565,0.69395846,0.00082562683,0.00025017012
512,7,sitting,2021-05-07 15:41:07.920,2021-05-07 15:41:09.899,0.021,1,1,0.6962721,0.30290452,0.6962721,0.000622309,0.00020111169
512,7,sitting,2021-05-07 15:41:08.920,2021-05-07 15:41:10.899,0.021,1,1,0.81692183,0.18289052,0.81692183,0.00011732839,7.0174196e-05
512,7,sitting,2021-05-07 15:41:09.920,2021-05-07 15:41:11.899,0.021,1,1,0.8111087,0.18876062,0.8111087,7.794146e-05,5.272692e-05
512,7,sitting,2021-05-07 15:41:10.920,2021-05-07 15:41:12.899,0.021,1,1,0.54910773,0.4504749,0.54910773,0.00032173007,9.555333e-05
512,7,sitting,2021-05-07 15:41:11.920,2021-05-07 15:41:13.899,0.021,1,1,0.5315675,0.46796784,0.5315675,0.0003628453,0.000101820675
512,7,sitting,2021-05-07 15:41:12.920,2021-05-07 15:41:14.899,0.021,1,1,0.5314682,0.46807188,0.5314682,0.00035861242,0.00010130337
512,7,sitting,2021-05-07 15:41:13.920,2021-05-07 15:41:15.899,0.021,1,1,0.5156223,0.48393703,0.5156223,0.00034567196,9.497538e-05
512,7,sitting,2021-05-07 15:41:14.920,2021-05-07 15:41:16.899,0.021,1,1,0.51007116,0.48950744,0.51007116,0.00033001567,9.1372734e-05
512,7,sitting,2021-05-07 15:41:15.920,2021-05-07 15:41:17.899,0.021,1,1,0.5123579,0.48718113,0.5123579,0.00036335838,9.7663826e-05
512,7,sitting,2021-05-07 15:41:16.920,2021-05-07 15:41:18.899,0.021,1,1,0.50234556,0.4971871,0.50234556,0.00037095556,9.628257e-05
512,7,sitting,2021-05-07 15:41:17.920,2021-05-07 15:41:19.899,0.021,1,0,0.5051414,0.5051414,0.49442488,0.00034390713,8.9822686e-05
512,7,sitting,2021-05-07 15:41:18.920,2021-05-07 15:41:20.899,0.021,1,0,0.5111064,0.5111064,0.48847264,0.0003342247,8.67901e-05
512,7,sitting,2021-05-07 15:41:19.920,2021-05-07 15:41:21.899,0.021,1,0,0.51348615,0.51348615,0.48608634,0.0003403144,8.7203436e-05
512,7,sitting,2021-05-07 15:41:20.920,2021-05-07 15:41:22.899,0.021,1,0,0.5267664,0.5267664,0.472867,0.00029155752,7.494225e-05
512,7,sitting,2021-05-07 15:41:21.920,2021-05-07 15:41:23.899,0.021,1,0,0.51222706,0.51222706,0.48746264,0.00024320828,6.70482e-05
512,7,sitting,2021-05-07 15:41:22.920,2021-05-07 15:41:24.899,0.021,1,1,0.5251763,0.47439796,0.5251763,0.00033205614,9.373268e-05
512,7,sitting,2021-05-07 15:41:23.920,2021-05-07 15:41:25.899,0.021,1,1,0.52149653,0.4780309,0.52149653,0.00037014816,0.00010240187
512,7,sitting,2021-05-07 15:41:24.920,2021-05-07 15:41:26.899,0.021,1,1,0.5309273,0.46864462,0.5309273,0.00033184284,9.6233445e-05
512,7,sitting,2021-05-07 15:41:25.920,2021-05-07 15:41:27.899,0.021,1,1,0.5286392,0.47092354,0.5286392,0.00034029988,9.698861e-05
512,7,sitting,2021-05-07 15:41:26.920,2021-05-07 15:41:28.899,0.021,1,1,0.5283589,0.4711802,0.5283589,0.00035959558,0.000101357036
512,7,sitting,2021-05-07 15:41:27.920,2021-05-07 15:41:29.899,0.021,1,1,0.5340725,0.46542645,0.5340725,0.00039177344,0.0001091995
512,7,sitting,2021-05-07 15:41:28.920,2021-05-07 15:41:30.899,0.021,1,1,0.5394571,0.46006784,0.5394571,0.0003699025,0.000105238185
512,7,sitting,2021-05-07 15:41:29.920,2021-05-07 15:41:31.899,0.021,1,1,0.53837574,0.46112648,0.53837574,0.00038989878,0.000107926964
512,7,sitting,2021-05-07 15:41:30.920,2021-05-07 15:41:32.900,0.021,1,1,0.5405708,0.45893946,0.5405708,0.00038212616,0.000107675856
512,7,sitting,2021-05-07 15:41:31.920,2021-05-07 15:41:33.900,0.021,1,1,0.54295605,0.45650488,0.54295605,0.00042216698,0.00011683074
512,7,sitting,2021-05-07 15:41:32.919,2021-05-07 15:41:34.900,0.021,1,1,0.5399778,0.45954072,0.5399778,0.000375062,0.0001063998
512,7,sitting,2021-05-07 15:41:33.919,2021-05-07 15:41:35.900,0.021,1,1,0.5522263,0.44727397,0.5522263,0.00038773037,0.0001120554
512,7,sitting,2021-05-07 15:41:34.919,2021-05-07 15:41:36.900,0.021,1,1,0.5480862,0.45135483,0.5480862,0.0004377265,0.000121156976
512,7,sitting,2021-05-07 15:41:35.919,2021-05-07 15:41:37.900,0.021,1,1,0.5502887,0.44914302,0.5502887,0.0004454085,0.0001228895
512,7,sitting,2021-05-07 15:41:36.919,2021-05-07 15:41:38.900,0.021,1,1,0.5402261,0.459203,0.5402261,0.00044988646,0.000120919125
512,7,sitting,2021-05-07 15:41:37.919,2021-05-07 15:41:39.900,0.021,1,1,0.54322636,0.4562363,0.54322636,0.0004209287,0.00011651895
512,7,sitting,2021-05-07 15:41:38.919,2021-05-07 15:41:40.900,0.021,1,1,0.55766666,0.44175887,0.55766666,0.00044914268,0.00012545273
512,7,sitting,2021-05-07 15:41:39.919,2021-05-07 15:41:41.900,0.021,1,1,0.5622744,0.43716723,0.5622744,0.00043595253,0.00012234511
512,7,sitting,2021-05-07 15:41:40.919,2021-05-07 15:41:42.900,0.021,1,1,0.5549339,0.44453642,0.5549339,0.00041321345,0.00011651047
512,7,sitting,2021-05-07 15:41:41.919,2021-05-07 15:41:43.900,0.021,1,1,0.54799765,0.45145622,0.54799765,0.00042698716,0.00011907398
512,7,sitting,2021-05-07 15:41:42.919,2021-05-07 15:41:44.900,0.021,1,1,0.55432314,0.44510862,0.55432314,0.00044486372,0.00012332655
512,7,sitting,2021-05-07 15:41:43.919,2021-05-07 15:41:45.900,0.021,1,1,0.55949557,0.43994033,0.55949557,0.0004406098,0.000123474
512,7,sitting,2021-05-07 15:41:44.919,2021-05-07 15:41:46.900,0.021,1,1,0.5507146,0.4487525,0.5507146,0.00041624566,0.00011664922
512,7,sitting,2021-05-07 15:41:45.919,2021-05-07 15:41:47.900,0.021,1,1,0.54280233,0.45667508,0.54280233,0.00040931682,0.000113287984
512,7,sitting,2021-05-07 15:41:46.919,2021-05-07 15:41:48.900,0.021,1,1,0.56565636,0.43375877,0.56565636,0.0004566679,0.00012825963
512,7,sitting,2021-05-07 15:41:47.919,2021-05-07 15:41:49.900,0.021,1,1,0.6106967,0.38861087,0.6106967,0.00053443614,0.00015801685
512,7,sitting,2021-05-07 15:41:48.919,2021-05-07 15:41:50.900,0.021,1,1,0.617217,0.38202962,0.617217,0.0005830258,0.00017031524
512,7,sitting,2021-05-07 15:41:49.919,2021-05-07 15:41:51.900,0.021,1,1,0.6162537,0.38303337,0.6162537,0.00055033155,0.00016266543
512,7,sitting,2021-05-07 15:41:50.919,2021-05-07 15:41:52.900,0.021,1,1,0.6350816,0.36417916,0.6350816,0.0005656152,0.00017365318
512,7,sitting,2021-05-07 15:41:51.919,2021-05-07 15:41:53.900,0.021,1,1,0.6476638,0.35152087,0.6476638,0.0006234987,0.00019184573
512,7,sitting,2021-05-07 15:41:52.919,2021-05-07 15:41:54.900,0.021,1,1,0.6507547,0.3483771,0.6507547,0.00066533545,0.00020285227
512,7,sitting,2021-05-07 15:41:53.919,2021-05-07 15:41:55.900,0.021,1,1,0.6638123,0.33544508,0.6638123,0.00055781036,0.0001847459
512,7,sitting,2021-05-07 15:41:54.919,2021-05-07 15:41:56.900,0.021,1,1,0.6703376,0.3289247,0.6703376,0.00055222114,0.00018552422
512,7,sitting,2021-05-07 15:41:55.919,2021-05-07 15:41:57.900,0.021,1,1,0.6462141,0.35292828,0.6462141,0.0006598424,0.00019771226
512,7,sitting,2021-05-07 15:41:56.919,2021-05-07 15:41:58.900,0.021,1,1,0.6354964,0.36367667,0.6354964,0.0006389015,0.00018793147
512,7,sitting,2021-05-07 15:41:57.919,2021-05-07 15:41:59.900,0.021,1,1,0.6236066,0.3755958,0.6236066,0.0006195682,0.00017796489
512,7,sitting,2021-05-07 15:41:58.919,2021-05-07 15:42:00.900,0.021,1,1,0.6213844,0.37785184,0.6213844,0.00059240765,0.00017139032
512,7,sitting,2021-05-07 15:41:59.919,2021-05-07 15:42:01.900,0.021,1,1,0.6175095,0.38174108,0.6175095,0.0005826938,0.00016663727
512,7,sitting,2021-05-07 15:42:00.920,2021-05-07 15:42:02.900,0.021,1,1,0.62315255,0.37606138,0.62315255,0.00061135524,0.00017474059
512,7,sitting,2021-05-07 15:42:01.920,2021-05-07 15:42:03.900,0.021,1,1,0.6294336,0.36980733,0.6294336,0.00058682053,0.0001723049
512,7,sitting,2021-05-07 15:42:02.920,2021-05-07 15:42:04.900,0.021,1,1,0.61956924,0.37978986,0.61956924,0.0004944819,0.00014642876
512,7,sitting,2021-05-07 15:42:03.920,2021-05-07 15:42:05.900,0.021,1,1,0.5990863,0.40031546,0.5990863,0.00046259703,0.00013562353
512,7,sitting,2021-05-07 15:42:04.920,2021-05-07 15:42:06.900,0.021,1,1,0.621835,0.37746686,0.621835,0.00053739146,0.00016089443
512,7,sitting,2021-05-07 15:42:05.920,2021-05-07 15:42:07.900,0.021,1,1,0.65190667,0.34725887,0.65190667,0.00064164214,0.00019274946
512,7,sitting,2021-05-07 15:42:06.920,2021-05-07 15:42:08.899,0.021,1,1,0.6409145,0.35824093,0.6409145,0.0006541137,0.00019047398
512,7,sitting,2021-05-07 15:42:07.920,2021-05-07 15:42:09.899,0.021,1,1,0.63979065,0.35941714,0.63979065,0.0006097791,0.00018237796
512,7,sitting,2021-05-07 15:42:08.920,2021-05-07 15:42:10.899,0.021,1,1,0.634029,0.36516482,0.634029,0.000624468,0.00018178204
512,7,sitting,2021-05-07 15:42:09.920,2021-05-07 15:42:11.899,0.021,1,1,0.6381351,0.36099806,0.6381351,0.0006745518,0.00019239343
512,7,sitting,2021-05-07 15:42:10.920,2021-05-07 15:42:12.899,0.021,1,1,0.651735,0.34742752,0.651735,0.0006455663,0.0001917877
512,7,sitting,2021-05-07 15:42:11.920,2021-05-07 15:42:13.899,0.021,1,1,0.65015155,0.34904265,0.65015155,0.0006233361,0.00018244525
512,7,sitting,2021-05-07 15:42:12.920,2021-05-07 15:42:14.899,0.021,1,1,0.6489806,0.3501922,0.6489806,0.0006421799,0.00018494541
512,7,sitting,2021-05-07 15:42:13.920,2021-05-07 15:42:15.899,0.021,1,1,0.6679271,0.33122617,0.6679271,0.00064906594,0.00019769803
512,7,sitting,2021-05-07 15:42:14.920,2021-05-07 15:42:16.899,0.021,1,1,0.6706013,0.32855198,0.6706013,0.00065050885,0.00019622236
512,7,sitting,2021-05-07 15:42:15.920,2021-05-07 15:42:17.899,0.021,1,1,0.66450703,0.3346199,0.66450703,0.0006728807,0.00020015133
512,7,sitting,2021-05-07 15:42:16.920,2021-05-07 15:42:18.899,0.021,1,1,0.6678761,0.33123675,0.6678761,0.0006818244,0.00020527485
512,7,sitting,2021-05-07 15:42:17.920,2021-05-07 15:42:19.899,0.021,1,1,0.66548747,0.33359113,0.66548747,0.00071269367,0.00020862123
512,7,sitting,2021-05-07 15:42:18.920,2021-05-07 15:42:20.899,0.021,1,1,0.6740914,0.32497326,0.6740914,0.0007202379,0.00021513973
512,7,sitting,2021-05-07 15:42:19.920,2021-05-07 15:42:21.899,0.021,1,1,0.6777046,0.32136413,0.6777046,0.0007167567,0.0002146064
512,7,sitting,2021-05-07 15:42:20.920,2021-05-07 15:42:22.899,0.021,1,1,0.682565,0.31647548,0.682565,0.0007357072,0.00022385352
512,7,sitting,2021-05-07 15:42:21.920,2021-05-07 15:42:23.899,0.021,1,1,0.6848998,0.3141417,0.6848998,0.0007319119,0.00022662657
512,7,sitting,2021-05-07 15:42:22.920,2021-05-07 15:42:24.899,0.021,1,1,0.6747769,0.32425576,0.6747769,0.0007450527,0.00022237258
512,7,sitting,2021-05-07 15:42:23.920,2021-05-07 15:42:25.899,0.021,1,1,0.6832752,0.31576583,0.6832752,0.0007352713,0.00022365304
512,7,sitting,2021-05-07 15:42:24.920,2021-05-07 15:42:26.899,0.021,1,1,0.68831795,0.3106778,0.68831795,0.0007707578,0.0002335664
512,7,sitting,2021-05-07 15:42:25.920,2021-05-07 15:42:27.899,0.021,1,1,0.6931554,0.30587146,0.6931554,0.00074058014,0.00023241932
512,7,sitting,2021-05-07 15:42:26.920,2021-05-07 15:42:28.899,0.021,1,1,0.6907721,0.30828395,0.6907721,0.0007162847,0.00022765964
512,7,sitting,2021-05-07 15:42:27.920,2021-05-07 15:42:29.899,0.021,1,1,0.6906674,0.30827925,0.6906674,0.0008065784,0.00024672836
512,7,sitting,2021-05-07 15:42:28.920,2021-05-07 15:42:30.899,0.021,1,1,0.70554775,0.2933563,0.70554775,0.0008323256,0.0002636302
512,7,sitting,2021-05-07 15:42:29.920,2021-05-07 15:42:31.899,0.021,1,1,0.692635,0.30633935,0.692635,0.00078301603,0.00024267686
512,7,sitting,2021-05-07 15:42:30.920,2021-05-07 15:42:32.900,0.021,1,1,0.67835605,0.32066268,0.67835605,0.0007530575,0.00022819094
512,7,sitting,2021-05-07 15:42:31.920,2021-05-07 15:42:33.900,0.021,1,1,0.6796587,0.31937733,0.6796587,0.0007376408,0.0002262832
512,7,sitting,2021-05-07 15:42:32.919,2021-05-07 15:42:34.900,0.021,1,1,0.6758937,0.3231247,0.6758937,0.00075551285,0.00022598154
512,7,sitting,2021-05-07 15:42:33.919,2021-05-07 15:42:35.900,0.021,1,1,0.6795804,0.31946495,0.6795804,0.000731439,0.00022317203
512,7,sitting,2021-05-07 15:42:34.919,2021-05-07 15:42:36.900,0.021,1,1,0.6755545,0.32352313,0.6755545,0.0007056215,0.00021667276
512,7,sitting,2021-05-07 15:42:35.919,2021-05-07 15:42:37.900,0.021,1,1,0.65797704,0.34110343,0.65797704,0.00071301794,0.00020656014
512,7,sitting,2021-05-07 15:42:36.919,2021-05-07 15:42:38.900,0.021,1,1,0.66819847,0.33086008,0.66819847,0.0007266359,0.00021482604
512,7,sitting,2021-05-07 15:42:37.919,2021-05-07 15:42:39.900,0.021,1,1,0.6672988,0.33176917,0.6672988,0.00071977597,0.00021235285
512,7,sitting,2021-05-07 15:42:38.919,2021-05-07 15:42:40.900,0.021,1,1,0.65823895,0.34086955,0.65823895,0.00069113396,0.00020040423
512,7,sitting,2021-05-07 15:42:39.919,2021-05-07 15:42:41.900,0.021,1,1,0.66399044,0.33512762,0.66399044,0.0006805764,0.00020131112
512,7,sitting,2021-05-07 15:42:40.919,2021-05-07 15:42:42.900,0.021,1,1,0.65218985,0.3469384,0.65218985,0.00067739346,0.00019422181
512,7,sitting,2021-05-07 15:42:41.919,2021-05-07 15:42:43.900,0.021,1,1,0.6742889,0.3247765,0.6742889,0.00071867235,0.00021587369
512,7,sitting,2021-05-07 15:42:42.919,2021-05-07 15:42:44.900,0.021,1,1,0.6732732,0.3257738,0.6732732,0.0007328887,0.00022006789
512,7,sitting,2021-05-07 15:42:43.919,2021-05-07 15:42:45.900,0.021,1,1,0.6541923,0.34487292,0.6541923,0.00072642014,0.00020830335
512,7,sitting,2021-05-07 15:42:44.919,2021-05-07 15:42:46.900,0.021,1,1,0.67447305,0.3245863,0.67447305,0.0007218408,0.00021867936
512,7,sitting,2021-05-07 15:42:45.919,2021-05-07 15:42:47.900,0.021,1,1,0.6687277,0.3303473,0.6687277,0.0007123,0.00021267895
512,7,sitting,2021-05-07 15:42:46.919,2021-05-07 15:42:48.900,0.021,1,1,0.65795875,0.3411069,0.65795875,0.00072608475,0.00020832496
512,7,sitting,2021-05-07 15:42:47.919,2021-05-07 15:42:49.900,0.021,1,1,0.6673289,0.33172095,0.6673289,0.0007349962,0.00021518396
512,7,sitting,2021-05-07 15:42:48.919,2021-05-07 15:42:50.900,0.021,1,1,0.667494,0.33157876,0.667494,0.00071686704,0.00021045565
512,7,sitting,2021-05-07 15:42:49.919,2021-05-07 15:42:51.900,0.021,1,1,0.6832028,0.31589162,0.6832028,0.0006911299,0.00021453128
512,7,sitting,2021-05-07 15:42:50.919,2021-05-07 15:42:52.900,0.021,1,1,0.6887429,0.31033298,0.6887429,0.00070322683,0.0002208551
512,7,sitting,2021-05-07 15:42:51.919,2021-05-07 15:42:53.900,0.021,1,1,0.67758244,0.32143262,0.67758244,0.00075879693,0.00022615284
512,7,sitting,2021-05-07 15:42:52.919,2021-05-07 15:42:54.900,0.021,1,1,0.6831496,0.31589976,0.6831496,0.00072771707,0.00022294415
512,7,sitting,2021-05-07 15:42:53.919,2021-05-07 15:42:55.900,0.021,1,1,0.66046,0.3386412,0.66046,0.0006959704,0.0002027805
512,7,sitting,2021-05-07 15:42:54.919,2021-05-07 15:42:56.900,0.021,1,1,0.65614474,0.34295046,0.65614474,0.0007029198,0.00020182825
512,7,sitting,2021-05-07 15:42:55.919,2021-05-07 15:42:57.900,0.021,1,1,0.6622393,0.3368559,0.6622393,0.0007001625,0.00020454235
512,7,sitting,2021-05-07 15:42:56.919,2021-05-07 15:42:58.900,0.021,1,1,0.6581683,0.34093162,0.6581683,0.00069828215,0.00020191121
512,7,sitting,2021-05-07 15:42:57.919,2021-05-07 15:42:59.900,0.021,1,1,0.6738535,0.32520837,0.6738535,0.0007215726,0.00021654293
512,7,sitting,2021-05-07 15:42:58.919,2021-05-07 15:43:00.900,0.021,1,1,0.67210656,0.32697418,0.67210656,0.00070822216,0.0002110075
512,7,sitting,2021-05-07 15:42:59.919,2021-05-07 15:43:01.900,0.021,1,1,0.6656788,0.33339837,0.6656788,0.0007141939,0.00020867246
512,7,sitting,2021-05-07 15:43:00.920,2021-05-07 15:43:02.900,0.021,1,1,0.674973,0.32413802,0.674973,0.000680046,0.00020886777
512,7,sitting,2021-05-07 15:43:01.920,2021-05-07 15:43:03.900,0.021,1,1,0.6852757,0.31380507,0.6852757,0.00070280413,0.00021651153
512,7,sitting,2021-05-07 15:43:02.920,2021-05-07 15:43:04.900,0.021,1,1,0.69894147,0.3000879,0.69894147,0.0007387694,0.00023184564
512,7,sitting,2021-05-07 15:43:03.920,2021-05-07 15:43:05.900,0.021,1,1,0.6829541,0.31608257,0.6829541,0.0007376649,0.00022559644
512,7,sitting,2021-05-07 15:43:04.920,2021-05-07 15:43:06.900,0.021,1,1,0.6616504,0.3374071,0.6616504,0.0007298412,0.00021250732
512,7,sitting,2021-05-07 15:43:05.920,2021-05-07 15:43:07.900,0.021,1,1,0.6816607,0.3173742,0.6816607,0.0007400976,0.00022498955
512,7,sitting,2021-05-07 15:43:06.920,2021-05-07 15:43:08.899,0.021,1,1,0.68483484,0.31417733,0.68483484,0.0007589635,0.00022894256
512,7,sitting,2021-05-07 15:43:07.920,2021-05-07 15:43:09.899,0.021,1,1,0.69151914,0.30755764,0.69151914,0.0007013142,0.00022182404
512,7,sitting,2021-05-07 15:43:08.920,2021-05-07 15:43:10.899,0.021,1,1,0.67677927,0.32235453,0.67677927,0.00066092546,0.00020535664
512,7,sitting,2021-05-07 15:43:09.920,2021-05-07 15:43:11.899,0.021,1,1,0.65561396,0.3434961,0.65561396,0.00069050904,0.00019955213
512,7,sitting,2021-05-07 15:43:10.920,2021-05-07 15:43:12.899,0.021,1,1,0.67111075,0.32796392,0.67111075,0.0007138464,0.00021150034
512,7,sitting,2021-05-07 15:43:11.920,2021-05-07 15:43:13.899,0.021,1,1,0.6717292,0.32734618,0.6717292,0.0007139566,0.00021065105
512,7,sitting,2021-05-07 15:43:12.920,2021-05-07 15:43:14.899,0.021,1,1,0.6786874,0.3203581,0.6786874,0.0007349836,0.00021953261
512,7,sitting,2021-05-07 15:43:13.920,2021-05-07 15:43:15.899,0.021,1,1,0.6938703,0.3051112,0.6938703,0.0007796585,0.00023872283
512,7,sitting,2021-05-07 15:43:14.920,2021-05-07 15:43:16.899,0.021,1,1,0.73114485,0.26760632,0.73114485,0.0009375912,0.00031122824
512,7,sitting,2021-05-07 15:43:15.920,2021-05-07 15:43:17.899,0.021,1,1,0.7626889,0.23575866,0.7626889,0.0011390717,0.00041341558
512,7,sitting,2021-05-07 15:43:16.920,2021-05-07 15:43:18.899,0.021,1,1,0.7459435,0.25244805,0.7459435,0.0011962643,0.00041216818
512,7,sitting,2021-05-07 15:43:17.920,2021-05-07 15:43:19.899,0.021,1,1,0.7578062,0.24065238,0.7578062,0.0011350567,0.00040645208
512,7,sitting,2021-05-07 15:43:18.920,2021-05-07 15:43:20.899,0.021,1,1,0.7178456,0.28099808,0.7178456,0.00087058684,0.00028562217
512,7,sitting,2021-05-07 15:43:19.920,2021-05-07 15:43:21.899,0.021,1,1,0.6896355,0.30939737,0.6896355,0.0007379347,0.00022915464
512,7,sitting,2021-05-07 15:43:20.920,2021-05-07 15:43:22.899,0.021,1,1,0.69721574,0.30181122,0.69721574,0.00074205623,0.00023100208
512,7,sitting,2021-05-07 15:43:21.920,2021-05-07 15:43:23.899,0.021,1,1,0.70180464,0.2972124,0.70180464,0.0007473233,0.00023564363
512,7,sitting,2021-05-07 15:43:22.920,2021-05-07 15:43:24.899,0.021,1,1,0.7047897,0.2941986,0.7047897,0.0007688266,0.00024278065
512,7,sitting,2021-05-07 15:43:23.920,2021-05-07 15:43:25.899,0.021,1,1,0.7356052,0.26313597,0.7356052,0.00094433525,0.00031447073
512,7,sitting,2021-05-07 15:43:24.920,2021-05-07 15:43:26.899,0.021,1,1,0.7515282,0.24715297,0.7515282,0.0009751148,0.0003436867
512,7,sitting,2021-05-07 15:43:25.920,2021-05-07 15:43:27.899,0.021,1,1,0.6917098,0.30726296,0.6917098,0.0007854257,0.00024173455
512,7,sitting,2021-05-07 15:43:26.920,2021-05-07 15:43:28.899,0.021,1,1,0.6781171,0.32094958,0.6781171,0.0007172442,0.0002160241
512,7,sitting,2021-05-07 15:43:27.920,2021-05-07 15:43:29.899,0.021,1,1,0.6789454,0.32027814,0.6789454,0.0005891836,0.00018720483
512,7,sitting,2021-05-07 15:43:28.920,2021-05-07 15:43:30.899,0.021,1,1,0.66883534,0.33041373,0.66883534,0.0005731295,0.00017781311
512,7,sitting,2021-05-07 15:43:29.920,2021-05-07 15:43:31.899,0.021,1,1,0.67723215,0.32184798,0.67723215,0.0007072848,0.000212596
512,7,sitting,2021-05-07 15:43:30.920,2021-05-07 15:43:32.900,0.021,1,1,0.66835344,0.3307095,0.66835344,0.0007250436,0.00021201774
512,7,sitting,2021-05-07 15:43:31.920,2021-05-07 15:43:33.900,0.021,1,1,0.6781222,0.32088956,0.6781222,0.00076140213,0.00022674975
512,7,sitting,2021-05-07 15:43:32.919,2021-05-07 15:43:34.900,0.021,1,1,0.6719987,0.32704923,0.6719987,0.0007350408,0.00021698588
512,7,sitting,2021-05-07 15:43:33.919,2021-05-07 15:43:35.900,0.021,1,1,0.67431456,0.32473466,0.67431456,0.0007334754,0.00021728747
512,7,sitting,2021-05-07 15:43:34.919,2021-05-07 15:43:36.900,0.021,1,1,0.67692953,0.32212043,0.67692953,0.0007317671,0.00021817443
512,7,sitting,2021-05-07 15:43:35.919,2021-05-07 15:43:37.900,0.021,1,1,0.67292815,0.3261609,0.67292815,0.0007021996,0.00020867832
512,7,sitting,2021-05-07 15:43:36.919,2021-05-07 15:43:38.900,0.021,1,1,0.66767997,0.33140126,0.66767997,0.00070960855,0.00020927782
512,7,sitting,2021-05-07 15:43:37.919,2021-05-07 15:43:39.900,0.021,1,1,0.65812474,0.34096333,0.65812474,0.000708005,0.0002039696
512,7,sitting,2021-05-07 15:43:38.919,2021-05-07 15:43:40.900,0.021,1,1,0.6677933,0.33128473,0.6677933,0.0007129081,0.0002090221
512,7,sitting,2021-05-07 15:43:39.919,2021-05-07 15:43:41.900,0.021,1,1,0.66284865,0.33627227,0.66284865,0.0006803132,0.00019874584
512,7,sitting,2021-05-07 15:43:40.919,2021-05-07 15:43:42.900,0.021,1,1,0.67181766,0.3273082,0.67181766,0.00067180896,0.00020229812
512,7,sitting,2021-05-07 15:43:41.919,2021-05-07 15:43:43.900,0.021,1,1,0.67741597,0.32167414,0.67741597,0.0006996219,0.00021018564
512,7,sitting,2021-05-07 15:43:42.919,2021-05-07 15:43:44.900,0.021,1,1,0.6774503,0.32162312,0.6774503,0.000714139,0.00021247636
512,7,sitting,2021-05-07 15:43:43.919,2021-05-07 15:43:45.900,0.021,1,1,0.67476046,0.32431263,0.67476046,0.00071333675,0.00021354434
512,7,sitting,2021-05-07 15:43:44.919,2021-05-07 15:43:46.900,0.021,1,1,0.6806199,0.31844762,0.6806199,0.0007155652,0.00021704359
512,7,sitting,2021-05-07 15:43:45.919,2021-05-07 15:43:47.900,0.021,1,1,0.68224376,0.31678438,0.68224376,0.0007463854,0.00022547101
512,7,sitting,2021-05-07 15:43:46.919,2021-05-07 15:43:48.900,0.021,1,1,0.68180746,0.31721774,0.68180746,0.0007485494,0.0002261645
512,7,sitting,2021-05-07 15:43:47.919,2021-05-07 15:43:49.900,0.021,1,1,0.67707473,0.3219677,0.67707473,0.0007386251,0.00021903604
512,7,sitting,2021-05-07 15:43:48.919,2021-05-07 15:43:50.900,0.021,1,1,0.6804849,0.31856692,0.6804849,0.00072967535,0.00021855028
512,7,sitting,2021-05-07 15:43:49.919,2021-05-07 15:43:51.900,0.021,1,1,0.683081,0.3160263,0.683081,0.0006839854,0.0002088227
512,7,sitting,2021-05-07 15:43:50.919,2021-05-07 15:43:52.900,0.021,1,1,0.6754842,0.32361934,0.6754842,0.0006902591,0.0002061817
512,7,sitting,2021-05-07 15:43:51.919,2021-05-07 15:43:53.900,0.021,1,1,0.68225855,0.3167911,0.68225855,0.00072947744,0.00022089054
512,7,sitting,2021-05-07 15:43:52.919,2021-05-07 15:43:54.900,0.021,1,1,0.6835263,0.31549785,0.6835263,0.00075077004,0.000225032
512,7,sitting,2021-05-07 15:43:53.919,2021-05-07 15:43:55.900,0.021,1,1,0.6876671,0.31139794,0.6876671,0.000716817,0.00021814657
512,7,sitting,2021-05-07 15:43:54.919,2021-05-07 15:43:56.900,0.021,1,1,0.6807038,0.3184584,0.6807038,0.00064136815,0.00019638482
512,7,sitting,2021-05-07 15:43:55.919,2021-05-07 15:43:57.900,0.021,1,1,0.6725354,0.3266323,0.6725354,0.0006403515,0.00019191226
512,7,sitting,2021-05-07 15:43:56.919,2021-05-07 15:43:58.900,0.021,1,1,0.6834098,0.3156822,0.6834098,0.00069452915,0.00021345999
512,7,sitting,2021-05-07 15:43:57.919,2021-05-07 15:43:59.900,0.021,1,1,0.6768184,0.32233432,0.6768184,0.0006499151,0.00019743317
512,7,sitting,2021-05-07 15:43:58.919,2021-05-07 15:44:00.900,0.021,1,1,0.63841444,0.36103317,0.63841444,0.00042391755,0.00012853644
512,7,sitting,2021-05-07 15:43:59.919,2021-05-07 15:44:01.900,0.021,1,1,0.64722973,0.3523746,0.64722973,0.00029384354,0.00010183187
512,7,sitting,2021-05-07 15:44:00.920,2021-05-07 15:44:02.900,0.021,1,1,0.7001061,0.29927912,0.7001061,0.00045081915,0.00016394955
512,7,sitting,2021-05-07 15:44:01.920,2021-05-07 15:44:03.900,0.021,1,1,0.67791235,0.32117176,0.67791235,0.0007030727,0.00021284443
512,7,sitting,2021-05-07 15:44:02.920,2021-05-07 15:44:04.900,0.021,1,1,0.68718535,0.3118924,0.68718535,0.00070426916,0.00021809709
512,7,sitting,2021-05-07 15:44:03.920,2021-05-07 15:44:05.900,0.021,1,1,0.6831617,0.31588292,0.6831617,0.0007324447,0.00022291919
512,7,sitting,2021-05-07 15:44:04.920,2021-05-07 15:44:06.900,0.021,1,1,0.6677274,0.33133104,0.6677274,0.0007292469,0.00021235009
512,7,sitting,2021-05-07 15:44:05.920,2021-05-07 15:44:07.900,0.021,1,1,0.6733853,0.32565418,0.6733853,0.0007418454,0.00021862087
512,7,sitting,2021-05-07 15:44:06.920,2021-05-07 15:44:08.899,0.021,1,1,0.6794313,0.31958508,0.6794313,0.0007576489,0.00022601512
512,7,sitting,2021-05-07 15:44:07.920,2021-05-07 15:44:09.899,0.021,1,1,0.6868178,0.31217808,0.6868178,0.00076996966,0.00023405434
512,7,sitting,2021-05-07 15:44:08.920,2021-05-07 15:44:10.899,0.021,1,1,0.6952618,0.30374354,0.6952618,0.0007575636,0.0002371136
512,7,sitting,2021-05-07 15:44:09.920,2021-05-07 15:44:11.899,0.021,1,1,0.69102275,0.3080121,0.69102275,0.00073579786,0.00022942427
512,7,sitting,2021-05-07 15:44:10.920,2021-05-07 15:44:12.899,0.021,1,1,0.6925385,0.30652487,0.6925385,0.000712089,0.0002244488
512,7,sitting,2021-05-07 15:44:11.920,2021-05-07 15:44:13.899,0.021,1,1,0.71617293,0.28313455,0.71617293,0.0005087319,0.00018377017
512,7,sitting,2021-05-07 15:44:12.920,2021-05-07 15:44:14.899,0.021,1,1,0.7101765,0.28918442,0.7101765,0.00046867758,0.00017032544
512,7,sitting,2021-05-07 15:44:13.920,2021-05-07 15:44:15.899,0.021,1,1,0.6748463,0.32427517,0.6748463,0.0006730463,0.00020544163
512,7,sitting,2021-05-07 15:44:14.920,2021-05-07 15:44:16.899,0.021,1,1,0.6796533,0.31941202,0.6796533,0.0007165949,0.00021805204
512,7,sitting,2021-05-07 15:44:15.920,2021-05-07 15:44:17.899,0.021,1,1,0.67481,0.3242466,0.67481,0.0007266052,0.00021684471
512,7,sitting,2021-05-07 15:44:16.920,2021-05-07 15:44:18.899,0.021,1,1,0.6773725,0.32167017,0.6773725,0.00073666533,0.00022066914
512,7,sitting,2021-05-07 15:44:17.920,2021-05-07 15:44:19.899,0.021,1,1,0.6743014,0.32483616,0.6743014,0.0006607952,0.00020165737
512,7,sitting,2021-05-07 15:44:18.920,2021-05-07 15:44:20.899,0.021,1,1,0.6916397,0.3074808,0.6916397,0.0006662833,0.0002131835
512,11,walking,2021-05-07 15:44:26.840,2021-05-07 15:44:28.819,0.021,3,3,0.9963794,0.0018730414,0.00014981051,0.0015977266,0.9963794
512,11,walking,2021-05-07 15:44:27.840,2021-05-07 15:44:29.819,0.021,3,3,0.9982486,0.00044610002,7.978984e-05,0.0012255695,0.9982486
512,11,walking,2021-05-07 15:44:28.840,2021-05-07 15:44:30.819,0.021,3,3,0.9989776,0.00032302886,5.196564e-05,0.00064736616,0.9989776
512,11,walking,2021-05-07 15:44:29.840,2021-05-07 15:44:31.819,0.021,3,3,0.9987823,0.0007367997,8.765351e-05,0.00039320704,0.9987823
512,11,walking,2021-05-07 15:44:30.840,2021-05-07 15:44:32.819,0.021,3,3,0.98809475,0.0003871734,8.903829e-05,0.011429036,0.98809475
512,11,walking,2021-05-07 15:44:31.840,2021-05-07 15:44:33.819,0.021,3,3,0.99580175,0.00034290328,7.981302e-05,0.0037754688,0.99580175
512,11,walking,2021-05-07 15:44:32.840,2021-05-07 15:44:34.819,0.021,3,3,0.9986052,0.0005072661,6.4985245e-05,0.0008225206,0.9986052
512,12,standing,2021-05-07 15:44:34.959,2021-05-07 15:44:36.939,0.021,2,2,0.9511387,0.00024440506,8.390207e-05,0.9511387,0.048532896
512,14,standing,2021-05-07 15:44:38.520,2021-05-07 15:44:40.500,0.021,2,2,0.9852842,9.673149e-05,3.2365046e-05,0.9852842,0.014586623
512,14,standing,2021-05-07 15:44:39.520,2021-05-07 15:44:41.500,0.021,2,2,0.99094117,7.8275145e-05,2.1625605e-05,0.99094117,0.0089589665
512,14,standing,2021-05-07 15:44:40.520,2021-05-07 15:44:42.500,0.021,2,2,0.9858694,0.00012303637,4.0151488e-05,0.9858694,0.013967407
512,14,standing,2021-05-07 15:44:41.520,2021-05-07 15:44:43.500,0.021,2,2,0.9766516,0.0001399293,5.3859283e-05,0.9766516,0.023154618
512,14,standing,2021-05-07 15:44:42.520,2021-05-07 15:44:44.500,0.021,2,2,0.9830255,0.000109278124,3.9233608e-05,0.9830255,0.016825948
512,14,standing,2021-05-07 15:44:43.520,2021-05-07 15:44:45.500,0.021,2,2,0.9891571,0.000101094396,3.264866e-05,0.9891571,0.010709183
512,14,standing,2021-05-07 15:44:44.520,2021-05-07 15:44:46.500,0.021,2,2,0.9910039,9.27351e-05,3.177689e-05,0.9910039,0.008871609
512,14,standing,2021-05-07 15:44:45.520,2021-05-07 15:44:47.500,0.021,2,2,0.9920821,7.705606e-05,2.6078656e-05,0.9920821,0.007814683
512,14,standing,2021-05-07 15:44:46.520,2021-05-07 15:44:48.500,0.021,2,2,0.98596567,8.757475e-05,3.1464766e-05,0.98596567,0.013915287
512,15,walking,2021-05-07 15:44:48.599,2021-05-07 15:44:50.580,0.021,3,3,0.9726632,0.0005659643,0.00020298196,0.026567876,0.9726632
512,15,walking,2021-05-07 15:44:49.599,2021-05-07 15:44:51.580,0.021,3,3,0.9837288,0.00035093632,8.9400295e-05,0.015830819,0.9837288
512,15,walking,2021-05-07 15:44:50.599,2021-05-07 15:44:52.580,0.021,3,3,0.9959663,0.00040742673,5.8225036e-05,0.0035679901,0.9959663
512,16,standing,2021-05-07 15:44:53.319,2021-05-07 15:44:55.299,0.021,2,2,0.9533031,0.00012808888,9.0356425e-06,0.9533031,0.046559714
512,16,standing,2021-05-07 15:44:54.319,2021-05-07 15:44:56.299,0.021,2,2,0.99489456,3.8978615e-05,4.1508524e-06,0.99489456,0.00506227
512,17,walking,2021-05-07 15:44:57.000,2021-05-07 15:44:58.979,0.021,3,3,0.971572,0.00038908768,8.800765e-05,0.02795094,0.971572
512,17,walking,2021-05-07 15:44:58.000,2021-05-07 15:44:59.979,0.021,3,3,0.99709916,0.0006846488,0.00011904092,0.0020971282,0.99709916
512,17,walking,2021-05-07 15:44:59.000,2021-05-07 15:45:00.980,0.021,3,3,0.99849296,0.000691027,4.8272497e-05,0.0007677389,0.99849296
512,18,standing,2021-05-07 15:45:01.039,2021-05-07 15:45:03.019,0.021,2,2,0.98688287,7.733082e-05,1.319956e-05,0.98688287,0.013026494
512,20,standing,2021-05-07 15:45:03.760,2021-05-07 15:45:05.739,0.021,2,2,0.99009025,4.6686466e-05,5.997362e-06,0.99009025,0.009857158
512,22,standing,2021-05-07 15:45:06.880,2021-05-07 15:45:08.859,0.021,2,2,0.99757993,1.541425e-05,1.5695016e-06,0.99757993,0.0024029848
512,22,standing,2021-05-07 15:45:07.880,2021-05-07 15:45:09.859,0.021,2,2,0.9974494,2.3714827e-05,2.9693174e-06,0.9974494,0.0025238874
512,22,standing,2021-05-07 15:45:08.880,2021-05-07 15:45:10.859,0.021,2,2,0.99541813,3.335893e-05,4.7633835e-06,0.99541813,0.004543755
512,22,standing,2021-05-07 15:45:09.880,2021-05-07 15:45:11.859,0.021,2,2,0.9948591,4.354079e-05,7.8254925e-06,0.9948591,0.005089553
512,22,standing,2021-05-07 15:45:10.880,2021-05-07 15:45:12.859,0.021,2,2,0.99562365,4.1215393e-05,7.193972e-06,0.99562365,0.0043279314
512,22,standing,2021-05-07 15:45:11.880,2021-05-07 15:45:13.859,0.021,2,2,0.9931405,3.9050152e-05,5.8282544e-06,0.9931405,0.006814658
512,22,standing,2021-05-07 15:45:12.880,2021-05-07 15:45:14.859,0.021,2,2,0.99472207,3.0544965e-05,3.6856434e-06,0.99472207,0.0052437494
512,22,standing,2021-05-07 15:45:13.880,2021-05-07 15:45:15.859,0.021,2,2,0.99165845,4.3224045e-05,3.6681997e-06,0.99165845,0.008294716
512,22,standing,2021-05-07 15:45:14.880,2021-05-07 15:45:16.860,0.021,2,2,0.5905477,0.00028091314,3.97887e-05,0.5905477,0.40913165
512,22,standing,2021-05-07 15:45:15.880,2021-05-07 15:45:17.860,0.021,2,2,0.6827529,0.00031094093,7.330375e-05,0.6827529,0.31686285
512,22,standing,2021-05-07 15:45:16.880,2021-05-07 15:45:18.860,0.021,2,2,0.9728097,0.00013173906,3.660575e-05,0.9728097,0.027021937
512,22,standing,2021-05-07 15:45:17.880,2021-05-07 15:45:19.860,0.021,2,2,0.99508196,6.496374e-05,1.4745081e-05,0.99508196,0.004838294
512,23,walking,2021-05-07 15:45:20.440,2021-05-07 15:45:22.420,0.021,3,3,0.9709225,0.00027233985,7.56663e-05,0.028729443,0.9709225
512,23,walking,2021-05-07 15:45:21.440,2021-05-07 15:45:23.420,0.021,3,3,0.9978474,0.00046332862,4.2396576e-05,0.0016469036,0.9978474
512,23,walking,2021-05-07 15:45:22.440,2021-05-07 15:45:24.420,0.021,3,3,0.9890128,0.00048337074,9.802994e-05,0.010405763,0.9890128
512,23,walking,2021-05-07 15:45:23.440,2021-05-07 15:45:25.420,0.021,3,3,0.89564973,0.0008626976,0.0003955883,0.10309197,0.89564973
512,23,walking,2021-05-07 15:45:24.440,2021-05-07 15:45:26.420,0.021,3,3,0.9041443,0.0010684337,0.0006332981,0.09415404,0.9041443
512,23,walking,2021-05-07 15:45:25.440,2021-05-07 15:45:27.420,0.021,3,3,0.8475138,0.0008211037,0.00034383015,0.15132128,0.8475138
512,23,walking,2021-05-07 15:45:26.440,2021-05-07 15:45:28.420,0.021,3,3,0.985399,0.00057979766,0.00010793629,0.013913326,0.985399
512,23,walking,2021-05-07 15:45:27.440,2021-05-07 15:45:29.420,0.021,3,3,0.99741757,0.00028264863,7.232662e-05,0.0022274544,0.99741757
512,23,walking,2021-05-07 15:45:28.440,2021-05-07 15:45:30.420,0.021,3,3,0.9993931,0.00038713403,4.5755718e-05,0.00017397938,0.9993931
512,23,walking,2021-05-07 15:45:29.440,2021-05-07 15:45:31.420,0.021,3,3,0.9964929,0.00037171607,9.261251e-05,0.003042745,0.9964929
512,23,walking,2021-05-07 15:45:30.440,2021-05-07 15:45:32.419,0.021,3,3,0.9993565,0.00020718049,2.2046395e-05,0.00041416028,0.9993565
512,23,walking,2021-05-07 15:45:31.440,2021-05-07 15:45:33.419,0.021,3,3,0.9998143,0.00015050426,9.545202e-06,2.576738e-05,0.9998143
512,23,walking,2021-05-07 15:45:32.439,2021-05-07 15:45:34.419,0.021,3,3,0.9996919,0.0002407212,1.9418816e-05,4.79138e-05,0.9996919
512,24,standing,2021-05-07 15:45:35.040,2021-05-07 15:45:37.020,0.021,2,3,0.634069,0.064109765,0.02950848,0.27231273,0.634069
512,26,standing,2021-05-07 15:45:40.680,2021-05-07 15:45:42.659,0.021,2,2,0.97873807,9.63259e-05,2.0199595e-05,0.97873807,0.021145353
512,26,standing,2021-05-07 15:45:41.680,2021-05-07 15:45:43.659,0.021,2,2,0.99607587,4.487803e-05,1.0181602e-05,0.99607587,0.0038689405
512,26,standing,2021-05-07 15:45:42.680,2021-05-07 15:45:44.659,0.021,2,2,0.99580294,4.606028e-05,1.1480191e-05,0.99580294,0.0041393274
512,26,standing,2021-05-07 15:45:43.680,2021-05-07 15:45:45.659,0.021,2,2,0.9960379,4.1908832e-05,9.884435e-06,0.9960379,0.0039103823
512,26,standing,2021-05-07 15:45:44.680,2021-05-07 15:45:46.659,0.021,2,2,0.9961855,3.879529e-05,9.02443e-06,0.9961855,0.003766665
512,26,standing,2021-05-07 15:45:45.680,2021-05-07 15:45:47.659,0.021,2,2,0.9957498,4.3101678e-05,1.0805705e-05,0.9957498,0.004196403
512,26,standing,2021-05-07 15:45:46.680,2021-05-07 15:45:48.659,0.021,2,2,0.99545383,4.8299782e-05,1.2538642e-05,0.99545383,0.0044852234
512,26,standing,2021-05-07 15:45:47.680,2021-05-07 15:45:49.659,0.021,2,2,0.9953083,4.9706712e-05,1.3103538e-05,0.9953083,0.004628979
512,28,standing,2021-05-07 15:45:50.000,2021-05-07 15:45:51.979,0.021,2,2,0.98974097,4.4951703e-05,6.6931702e-06,0.98974097,0.010207332
512,28,standing,2021-05-07 15:45:51.000,2021-05-07 15:45:52.979,0.021,2,2,0.9975052,2.6761032e-05,3.5232595e-06,0.9975052,0.0024645075
512,28,standing,2021-05-07 15:45:52.000,2021-05-07 15:45:53.979,0.021,2,2,0.9970797,3.3523327e-05,4.96482e-06,0.9970797,0.0028818194
512,28,standing,2021-05-07 15:45:53.000,2021-05-07 15:45:54.979,0.021,2,2,0.9961164,4.1909374e-05,6.9575844e-06,0.9961164,0.0038346616
512,30,standing,2021-05-07 15:45:55.959,2021-05-07 15:45:57.939,0.021,2,3,0.7213971,0.0012407417,0.0006954868,0.27666664,0.7213971
512,31,lying,2021-05-07 15:46:07.039,2021-05-07 15:46:09.020,0.021,0,1,0.97303754,0.026956856,0.97303754,8.58424e-07,4.832849e-06
512,31,lying,2021-05-07 15:46:08.039,2021-05-07 15:46:10.020,0.021,0,1,0.93388873,0.06609919,0.93388873,3.2747998e-06,8.840695e-06
512,31,lying,2021-05-07 15:46:09.039,2021-05-07 15:46:11.020,0.021,0,1,0.75778675,0.24209431,0.75778675,8.200374e-05,3.6957965e-05
512,31,lying,2021-05-07 15:46:10.039,2021-05-07 15:46:12.020,0.021,0,1,0.71792716,0.2818839,0.71792716,0.00014205294,4.69324e-05
512,31,lying,2021-05-07 15:46:11.039,2021-05-07 15:46:13.020,0.021,0,1,0.736593,0.26322463,0.736593,0.00013628542,4.6010704e-05
512,31,lying,2021-05-07 15:46:12.039,2021-05-07 15:46:14.020,0.021,0,1,0.7509627,0.24886653,0.7509627,0.00012709657,4.3682034e-05
512,31,lying,2021-05-07 15:46:13.039,2021-05-07 15:46:15.020,0.021,0,1,0.74364454,0.256185,0.74364454,0.00012702987,4.342068e-05
512,31,lying,2021-05-07 15:46:14.039,2021-05-07 15:46:16.020,0.021,0,1,0.7133231,0.28648323,0.7133231,0.0001460813,4.754004e-05
512,31,lying,2021-05-07 15:46:15.039,2021-05-07 15:46:17.020,0.021,0,1,0.71645814,0.283348,0.71645814,0.00014605447,4.785319e-05
512,31,lying,2021-05-07 15:46:16.040,2021-05-07 15:46:18.020,0.021,0,1,0.72400784,0.2758008,0.72400784,0.00014400674,4.740467e-05
512,31,lying,2021-05-07 15:46:17.040,2021-05-07 15:46:19.020,0.021,0,1,0.7325111,0.26730266,0.7325111,0.00013979651,4.648417e-05
512,31,lying,2021-05-07 15:46:18.040,2021-05-07 15:46:20.020,0.021,0,1,0.73040414,0.2694091,0.73040414,0.0001401744,4.6490222e-05
512,31,lying,2021-05-07 15:46:19.040,2021-05-07 15:46:21.020,0.021,0,1,0.71366566,0.2861378,0.71366566,0.00014839086,4.8199312e-05
512,31,lying,2021-05-07 15:46:20.040,2021-05-07 15:46:22.020,0.021,0,1,0.71613276,0.28367263,0.71613276,0.00014659377,4.8042297e-05
512,31,lying,2021-05-07 15:46:21.040,2021-05-07 15:46:23.020,0.021,0,1,0.7276047,0.27221084,0.7276047,0.00013838791,4.6078105e-05
512,31,lying,2021-05-07 15:46:22.040,2021-05-07 15:46:24.020,0.021,0,1,0.72778016,0.27204683,0.72778016,0.00012969754,4.3214724e-05
512,31,lying,2021-05-07 15:46:23.040,2021-05-07 15:46:25.020,0.021,0,1,0.7598499,0.24000284,0.7598499,0.00010872934,3.850805e-05
512,31,lying,2021-05-07 15:46:24.040,2021-05-07 15:46:26.020,0.021,0,1,0.740422,0.25940728,0.740422,0.00012729973,4.335217e-05
512,31,lying,2021-05-07 15:46:25.040,2021-05-07 15:46:27.020,0.021,0,1,0.72900444,0.27081364,0.72900444,0.00013611362,4.5675864e-05
512,31,lying,2021-05-07 15:46:26.040,2021-05-07 15:46:28.020,0.021,0,1,0.7339659,0.2658598,0.7339659,0.0001302225,4.4116783e-05
512,31,lying,2021-05-07 15:46:27.040,2021-05-07 15:46:29.020,0.021,0,1,0.73560923,0.26421514,0.73560923,0.00013134553,4.4253866e-05
512,31,lying,2021-05-07 15:46:28.040,2021-05-07 15:46:30.020,0.021,0,1,0.7562351,0.24360359,0.7562351,0.00011981162,4.1552867e-05
512,31,lying,2021-05-07 15:46:29.040,2021-05-07 15:46:31.020,0.021,0,1,0.75100577,0.24882881,0.75100577,0.00012278721,4.2482192e-05
512,31,lying,2021-05-07 15:46:30.040,2021-05-07 15:46:32.020,0.021,0,1,0.73721313,0.26260287,0.73721313,0.00013799222,4.6092322e-05
512,31,lying,2021-05-07 15:46:31.040,2021-05-07 15:46:33.020,0.021,0,1,0.739383,0.2604332,0.739383,0.00013778309,4.613211e-05
512,31,lying,2021-05-07 15:46:32.040,2021-05-07 15:46:34.020,0.021,0,1,0.73927176,0.26054487,0.73927176,0.00013741203,4.590321e-05
512,31,lying,2021-05-07 15:46:33.040,2021-05-07 15:46:35.020,0.021,0,1,0.740831,0.2589862,0.740831,0.00013678463,4.5885936e-05
512,31,lying,2021-05-07 15:46:34.040,2021-05-07 15:46:36.020,0.021,0,1,0.7423218,0.25749597,0.7423218,0.00013637093,4.5868783e-05
512,31,lying,2021-05-07 15:46:35.040,2021-05-07 15:46:37.020,0.021,0,1,0.7440883,0.25573105,0.7440883,0.00013511206,4.5553617e-05
512,31,lying,2021-05-07 15:46:36.040,2021-05-07 15:46:38.020,0.021,0,1,0.7439953,0.25582194,0.7439953,0.00013680592,4.591698e-05
512,31,lying,2021-05-07 15:46:37.040,2021-05-07 15:46:39.020,0.021,0,1,0.7502233,0.24959795,0.7502233,0.00013340914,4.532114e-05
512,31,lying,2021-05-07 15:46:38.040,2021-05-07 15:46:40.020,0.021,0,1,0.75723827,0.24259076,0.75723827,0.00012693345,4.394109e-05
512,31,lying,2021-05-07 15:46:39.040,2021-05-07 15:46:41.020,0.021,0,1,0.75511444,0.24471606,0.75511444,0.00012568633,4.3841424e-05
512,31,lying,2021-05-07 15:46:40.040,2021-05-07 15:46:42.020,0.021,0,1,0.74022734,0.2595969,0.74022734,0.00013066828,4.508937e-05
512,31,lying,2021-05-07 15:46:41.040,2021-05-07 15:46:43.020,0.021,0,1,0.73423064,0.2655856,0.73423064,0.00013749792,4.6329606e-05
512,31,lying,2021-05-07 15:46:42.040,2021-05-07 15:46:44.020,0.021,0,1,0.76315093,0.23668976,0.76315093,0.00011797602,4.136607e-05
512,31,lying,2021-05-07 15:46:43.040,2021-05-07 15:46:45.020,0.021,0,1,0.7798458,0.22001484,0.7798458,0.00010190679,3.742176e-05
512,31,lying,2021-05-07 15:46:44.040,2021-05-07 15:46:46.020,0.021,0,1,0.7606205,0.23922199,0.7606205,0.000116636635,4.1004892e-05
512,31,lying,2021-05-07 15:46:45.040,2021-05-07 15:46:47.020,0.021,0,1,0.7618729,0.2379703,0.7618729,0.00011579002,4.1061718e-05
512,31,lying,2021-05-07 15:46:46.040,2021-05-07 15:46:48.020,0.021,0,1,0.7576171,0.24221832,0.7576171,0.00012175404,4.28516e-05
512,31,lying,2021-05-07 15:46:47.040,2021-05-07 15:46:49.020,0.021,0,1,0.7417595,0.25806192,0.7417595,0.00013335749,4.5214463e-05
512,31,lying,2021-05-07 15:46:48.040,2021-05-07 15:46:50.020,0.021,0,1,0.7403137,0.25950658,0.7403137,0.00013410514,4.5560537e-05
512,31,lying,2021-05-07 15:46:49.040,2021-05-07 15:46:51.020,0.021,0,1,0.7393479,0.2604697,0.7393479,0.0001366469,4.584852e-05
512,31,lying,2021-05-07 15:46:50.040,2021-05-07 15:46:52.020,0.021,0,1,0.7410538,0.2587657,0.7410538,0.00013504739,4.543006e-05
512,31,lying,2021-05-07 15:46:51.040,2021-05-07 15:46:53.020,0.021,0,1,0.76488703,0.23496234,0.76488703,0.000109453664,4.132052e-05
512,31,lying,2021-05-07 15:46:52.040,2021-05-07 15:46:54.020,0.021,0,1,0.768851,0.23100354,0.768851,0.00010504958,4.0444564e-05
512,31,lying,2021-05-07 15:46:53.040,2021-05-07 15:46:55.020,0.021,0,1,0.77807355,0.22178462,0.77807355,0.00010386723,3.7959206e-05
512,31,lying,2021-05-07 15:46:54.040,2021-05-07 15:46:56.020,0.021,0,1,0.7971806,0.2026939,0.7971806,9.10367e-05,3.4470333e-05
512,31,lying,2021-05-07 15:46:55.040,2021-05-07 15:46:57.020,0.021,0,1,0.7798627,0.21999356,0.7798627,0.00010546812,3.8267302e-05
512,31,lying,2021-05-07 15:46:56.040,2021-05-07 15:46:58.020,0.021,0,1,0.7664889,0.23335785,0.7664889,0.000113127375,4.0139832e-05
512,31,lying,2021-05-07 15:46:57.040,2021-05-07 15:46:59.020,0.021,0,1,0.77594465,0.2239083,0.77594465,0.00010799257,3.9096725e-05
512,31,lying,2021-05-07 15:46:58.040,2021-05-07 15:47:00.019,0.021,0,1,0.76051193,0.23932321,0.76051193,0.00012193705,4.2862266e-05
512,31,lying,2021-05-07 15:46:59.040,2021-05-07 15:47:01.019,0.021,0,1,0.7465144,0.25330567,0.7465144,0.00013435708,4.5598787e-05
512,31,lying,2021-05-07 15:47:00.039,2021-05-07 15:47:02.019,0.021,0,1,0.7512309,0.24859633,0.7512309,0.00012833299,4.453256e-05
512,31,lying,2021-05-07 15:47:01.039,2021-05-07 15:47:03.019,0.021,0,1,0.7577466,0.24209908,0.7577466,0.00011234946,4.192839e-05
512,31,lying,2021-05-07 15:47:02.039,2021-05-07 15:47:04.019,0.021,0,1,0.76403445,0.23581383,0.76403445,0.00011105085,4.0762723e-05
512,31,lying,2021-05-07 15:47:03.039,2021-05-07 15:47:05.019,0.021,0,1,0.7772672,0.22258563,0.7772672,0.000107916254,3.9191313e-05
512,31,lying,2021-05-07 15:47:04.039,2021-05-07 15:47:06.019,0.021,0,1,0.7576296,0.2422036,0.7576296,0.00012353163,4.3236945e-05
512,31,lying,2021-05-07 15:47:05.039,2021-05-07 15:47:07.019,0.021,0,1,0.7463126,0.25350899,0.7463126,0.00013319973,4.5216268e-05
512,31,lying,2021-05-07 15:47:06.039,2021-05-07 15:47:08.020,0.021,0,1,0.75322753,0.24660517,0.75322753,0.0001244239,4.2875265e-05
512,31,lying,2021-05-07 15:47:07.039,2021-05-07 15:47:09.020,0.021,0,1,0.7603481,0.23949179,0.7603481,0.00011874072,4.1411535e-05
512,31,lying,2021-05-07 15:47:08.039,2021-05-07 15:47:10.020,0.021,0,1,0.7610397,0.23880611,0.7610397,0.000113289825,4.0855968e-05
512,31,lying,2021-05-07 15:47:09.039,2021-05-07 15:47:11.020,0.021,0,1,0.74905926,0.25077724,0.74905926,0.00012114691,4.2406e-05
512,31,lying,2021-05-07 15:47:10.039,2021-05-07 15:47:12.020,0.021,0,1,0.7533019,0.24652752,0.7533019,0.00012696262,4.3547858e-05
512,31,lying,2021-05-07 15:47:11.039,2021-05-07 15:47:13.020,0.021,0,1,0.76236147,0.2374724,0.76236147,0.00012302122,4.310839e-05
512,31,lying,2021-05-07 15:47:12.039,2021-05-07 15:47:14.020,0.021,0,1,0.76008356,0.23974666,0.76008356,0.00012603354,4.379866e-05
512,31,lying,2021-05-07 15:47:13.039,2021-05-07 15:47:15.020,0.021,0,1,0.7487187,0.25110146,0.7487187,0.0001345386,4.5361005e-05
512,31,lying,2021-05-07 15:47:14.039,2021-05-07 15:47:16.020,0.021,0,1,0.7622998,0.23753324,0.7622998,0.00012376225,4.3234424e-05
512,31,lying,2021-05-07 15:47:15.039,2021-05-07 15:47:17.020,0.021,0,1,0.7623471,0.23748405,0.7623471,0.00012502437,4.3680237e-05
512,31,lying,2021-05-07 15:47:16.040,2021-05-07 15:47:18.020,0.021,0,1,0.7472357,0.2525857,0.7472357,0.00013338878,4.528869e-05
512,31,lying,2021-05-07 15:47:17.040,2021-05-07 15:47:19.020,0.021,0,1,0.7473746,0.25245258,0.7473746,0.00012855169,4.4239532e-05
512,31,lying,2021-05-07 15:47:18.040,2021-05-07 15:47:20.020,0.021,0,1,0.74711365,0.25270894,0.74711365,0.00013223778,4.5106735e-05
512,31,lying,2021-05-07 15:47:19.040,2021-05-07 15:47:21.020,0.021,0,1,0.7589796,0.24086072,0.7589796,0.00011685457,4.278696e-05
512,31,lying,2021-05-07 15:47:20.040,2021-05-07 15:47:22.020,0.021,0,1,0.71903735,0.28080654,0.71903735,0.000114132104,4.1836927e-05
512,31,lying,2021-05-07 15:47:21.040,2021-05-07 15:47:23.020,0.021,0,1,0.6059251,0.3938597,0.6059251,0.00016674821,4.8408263e-05
512,31,lying,2021-05-07 15:47:22.040,2021-05-07 15:47:24.020,0.021,0,1,0.5788797,0.42087606,0.5788797,0.00019254518,5.17119e-05
512,31,lying,2021-05-07 15:47:23.040,2021-05-07 15:47:25.020,0.021,0,1,0.5817663,0.41799542,0.5817663,0.00018750904,5.0724215e-05
512,31,lying,2021-05-07 15:47:24.040,2021-05-07 15:47:26.020,0.021,0,1,0.5863669,0.41340217,0.5863669,0.00018154345,4.932395e-05
512,31,lying,2021-05-07 15:47:25.040,2021-05-07 15:47:27.020,0.021,0,1,0.6233093,0.3764808,0.6233093,0.00016336271,4.652814e-05
512,31,lying,2021-05-07 15:47:26.040,2021-05-07 15:47:28.020,0.021,0,1,0.6548056,0.345004,0.6548056,0.00014694605,4.3474676e-05
512,31,lying,2021-05-07 15:47:27.040,2021-05-07 15:47:29.020,0.021,0,1,0.63135374,0.36844796,0.63135374,0.0001536319,4.468194e-05
512,31,lying,2021-05-07 15:47:28.040,2021-05-07 15:47:30.020,0.021,0,1,0.60625774,0.39353025,0.60625774,0.00016519034,4.6738896e-05
512,31,lying,2021-05-07 15:47:29.040,2021-05-07 15:47:31.020,0.021,0,1,0.5861458,0.41362712,0.5861458,0.00017843793,4.8618265e-05
512,31,lying,2021-05-07 15:47:30.040,2021-05-07 15:47:32.020,0.021,0,1,0.5418507,0.45790824,0.5418507,0.00019154989,4.9455433e-05
512,31,lying,2021-05-07 15:47:31.040,2021-05-07 15:47:33.020,0.021,0,1,0.52637225,0.47339204,0.52637225,0.00018782068,4.7821177e-05
512,31,lying,2021-05-07 15:47:32.040,2021-05-07 15:47:34.020,0.021,0,1,0.53158814,0.4681797,0.53158814,0.00018464927,4.734883e-05
512,31,lying,2021-05-07 15:47:33.040,2021-05-07 15:47:35.020,0.021,0,1,0.5350557,0.46471462,0.5350557,0.00018278774,4.694308e-05
512,31,lying,2021-05-07 15:47:34.040,2021-05-07 15:47:36.020,0.021,0,1,0.5381913,0.46158186,0.5381913,0.0001803665,4.6487778e-05
512,31,lying,2021-05-07 15:47:35.040,2021-05-07 15:47:37.020,0.021,0,1,0.5213991,0.47836423,0.5213991,0.00018901199,4.770302e-05
512,31,lying,2021-05-07 15:47:36.040,2021-05-07 15:47:38.020,0.021,0,1,0.5323964,0.46737084,0.5323964,0.00018530323,4.7524496e-05
512,31,lying,2021-05-07 15:47:37.040,2021-05-07 15:47:39.020,0.021,0,1,0.5354215,0.46434775,0.5354215,0.00018350143,4.7261954e-05
512,31,lying,2021-05-07 15:47:38.040,2021-05-07 15:47:40.020,0.021,0,1,0.5438208,0.4559564,0.5438208,0.00017674066,4.594215e-05
512,31,lying,2021-05-07 15:47:39.040,2021-05-07 15:47:41.020,0.021,0,1,0.5500723,0.4497096,0.5500723,0.00017265968,4.5383927e-05
512,31,lying,2021-05-07 15:47:40.040,2021-05-07 15:47:42.020,0.021,0,1,0.5205371,0.4792299,0.5205371,0.00018574052,4.7204536e-05
512,32,sitting,2021-05-07 15:47:46.520,2021-05-07 15:47:48.500,0.021,1,1,0.5062258,0.49366266,0.5062258,8.2263425e-05,2.924163e-05
512,32,sitting,2021-05-07 15:47:47.520,2021-05-07 15:47:49.500,0.021,1,0,0.5333053,0.5333053,0.46651012,0.00014311432,4.147108e-05
512,32,sitting,2021-05-07 15:47:48.520,2021-05-07 15:47:50.500,0.021,1,0,0.6096508,0.6096508,0.39018247,0.00013532506,3.1487296e-05
512,32,sitting,2021-05-07 15:47:49.520,2021-05-07 15:47:51.500,0.021,1,0,0.6236109,0.6236109,0.37623286,0.00012762357,2.8587985e-05
512,32,sitting,2021-05-07 15:47:50.520,2021-05-07 15:47:52.500,0.021,1,0,0.6267937,0.6267937,0.37305385,0.00012456723,2.7842514e-05
512,32,sitting,2021-05-07 15:47:51.520,2021-05-07 15:47:53.500,0.021,1,0,0.6268339,0.6268339,0.37301436,0.0001240621,2.7769676e-05
512,32,sitting,2021-05-07 15:47:52.520,2021-05-07 15:47:54.500,0.021,1,0,0.59529483,0.59529483,0.404531,0.00014118558,3.2990658e-05
512,32,sitting,2021-05-07 15:47:53.520,2021-05-07 15:47:55.500,0.021,1,0,0.5611213,0.5611213,0.43865228,0.00018271999,4.3701748e-05
512,32,sitting,2021-05-07 15:47:54.520,2021-05-07 15:47:56.500,0.021,1,0,0.55844396,0.55844396,0.44129613,0.0002103405,4.9479775e-05
512,32,sitting,2021-05-07 15:47:55.520,2021-05-07 15:47:57.500,0.021,1,0,0.55491513,0.55491513,0.44481367,0.00021964131,5.1594103e-05
512,32,sitting,2021-05-07 15:47:56.520,2021-05-07 15:47:58.500,0.021,1,0,0.55590224,0.55590224,0.44383022,0.00021643571,5.1084407e-05
512,32,sitting,2021-05-07 15:47:57.520,2021-05-07 15:47:59.500,0.021,1,0,0.55752504,0.55752504,0.44222766,0.00019931988,4.7986272e-05
512,32,sitting,2021-05-07 15:47:58.520,2021-05-07 15:48:00.500,0.021,1,0,0.5908288,0.5908288,0.40898153,0.00015340342,3.6248795e-05
512,32,sitting,2021-05-07 15:47:59.520,2021-05-07 15:48:01.500,0.021,1,0,0.5588656,0.5588656,0.4409091,0.0001810431,4.4326127e-05
512,32,sitting,2021-05-07 15:48:00.520,2021-05-07 15:48:02.500,0.021,1,0,0.5217571,0.5217571,0.47791493,0.0002637904,6.415984e-05
512,32,sitting,2021-05-07 15:48:01.520,2021-05-07 15:48:03.500,0.021,1,0,0.53488463,0.53488463,0.4648099,0.0002463466,5.916794e-05
512,32,sitting,2021-05-07 15:48:02.520,2021-05-07 15:48:04.500,0.021,1,0,0.53834534,0.53834534,0.4613628,0.00023554185,5.6303183e-05
512,32,sitting,2021-05-07 15:48:03.520,2021-05-07 15:48:05.500,0.021,1,0,0.53498226,0.53498226,0.46472308,0.00023803022,5.678256e-05
512,32,sitting,2021-05-07 15:48:04.520,2021-05-07 15:48:06.500,0.021,1,0,0.5026886,0.5026886,0.49695647,0.0002847328,7.014477e-05
512,32,sitting,2021-05-07 15:48:05.520,2021-05-07 15:48:07.500,0.021,1,1,0.5219876,0.47759968,0.5219876,0.0003298119,8.287253e-05
512,32,sitting,2021-05-07 15:48:06.520,2021-05-07 15:48:08.500,0.021,1,1,0.5079368,0.4916868,0.5079368,0.0003010403,7.5496944e-05
512,32,sitting,2021-05-07 15:48:07.520,2021-05-07 15:48:09.500,0.021,1,0,0.54313433,0.54313433,0.45657486,0.00023384244,5.704149e-05
512,32,sitting,2021-05-07 15:48:08.520,2021-05-07 15:48:10.500,0.021,1,0,0.57935065,0.57935065,0.42040247,0.0001994018,4.7440597e-05
512,32,sitting,2021-05-07 15:48:09.520,2021-05-07 15:48:11.500,0.021,1,0,0.527848,0.527848,0.47182655,0.00026117451,6.421664e-05
512,32,sitting,2021-05-07 15:48:10.520,2021-05-07 15:48:12.500,0.021,1,1,0.5263831,0.47318703,0.5263831,0.00034255124,8.722607e-05
512,32,sitting,2021-05-07 15:48:11.520,2021-05-07 15:48:13.500,0.021,1,1,0.5289364,0.47062942,0.5289364,0.00034632746,8.784332e-05
512,32,sitting,2021-05-07 15:48:12.520,2021-05-07 15:48:14.500,0.021,1,1,0.528828,0.47074327,0.528828,0.00034229708,8.6433545e-05
512,32,sitting,2021-05-07 15:48:13.520,2021-05-07 15:48:15.500,0.021,1,1,0.529405,0.47016478,0.529405,0.0003436554,8.661767e-05
512,32,sitting,2021-05-07 15:48:14.520,2021-05-07 15:48:16.500,0.021,1,1,0.52884185,0.47073638,0.52884185,0.00033624095,8.538164e-05
512,32,sitting,2021-05-07 15:48:15.520,2021-05-07 15:48:17.500,0.021,1,0,0.5138811,0.5138811,0.48584732,0.00021532465,5.6218327e-05
512,32,sitting,2021-05-07 15:48:16.520,2021-05-07 15:48:18.500,0.021,1,0,0.5958772,0.5958772,0.40397227,0.00012032595,3.0117857e-05
512,32,sitting,2021-05-07 15:48:17.520,2021-05-07 15:48:19.500,0.021,1,0,0.6225174,0.6225174,0.37735045,0.00010663497,2.5435258e-05
512,32,sitting,2021-05-07 15:48:18.520,2021-05-07 15:48:20.500,0.021,1,0,0.6034208,0.6034208,0.39642936,0.000120720804,2.9123641e-05
512,32,sitting,2021-05-07 15:48:19.520,2021-05-07 15:48:21.500,0.021,1,0,0.5533356,0.5533356,0.4465387,9.9598976e-05,2.6114101e-05
512,32,sitting,2021-05-07 15:48:20.520,2021-05-07 15:48:22.500,0.021,1,0,0.5881404,0.5881404,0.41173148,0.0001024388,2.5567628e-05
512,32,sitting,2021-05-07 15:48:21.520,2021-05-07 15:48:23.500,0.021,1,0,0.62261695,0.62261695,0.37723503,0.00012009292,2.7916089e-05
512,32,sitting,2021-05-07 15:48:22.520,2021-05-07 15:48:24.500,0.021,1,0,0.6255203,0.6255203,0.37433633,0.000116294555,2.7064485e-05
512,32,sitting,2021-05-07 15:48:23.520,2021-05-07 15:48:25.500,0.021,1,0,0.6284771,0.6284771,0.3713809,0.00011543565,2.6622738e-05
512,32,sitting,2021-05-07 15:48:24.520,2021-05-07 15:48:26.500,0.021,1,0,0.6281097,0.6281097,0.3717454,0.00011798933,2.6897997e-05
512,32,sitting,2021-05-07 15:48:25.520,2021-05-07 15:48:27.500,0.021,1,0,0.6279305,0.6279305,0.37192264,0.00011951307,2.7249263e-05
512,32,sitting,2021-05-07 15:48:26.520,2021-05-07 15:48:28.500,0.021,1,0,0.62879527,0.62879527,0.37105688,0.000120536606,2.7387785e-05
512,32,sitting,2021-05-07 15:48:27.520,2021-05-07 15:48:29.500,0.021,1,0,0.62948984,0.62948984,0.37036207,0.00012089161,2.7202595e-05
512,32,sitting,2021-05-07 15:48:28.520,2021-05-07 15:48:30.500,0.021,1,0,0.63060784,0.63060784,0.36925006,0.00011566199,2.6298727e-05
512,32,sitting,2021-05-07 15:48:29.520,2021-05-07 15:48:31.500,0.021,1,0,0.63099974,0.63099974,0.36885935,0.00011474817,2.6238764e-05
512,32,sitting,2021-05-07 15:48:30.520,2021-05-07 15:48:32.500,0.021,1,0,0.6297159,0.6297159,0.37013823,0.00011892562,2.6965805e-05
512,32,sitting,2021-05-07 15:48:31.520,2021-05-07 15:48:33.500,0.021,1,0,0.6298545,0.6298545,0.37,0.00011861467,2.6783673e-05
512,32,sitting,2021-05-07 15:48:32.520,2021-05-07 15:48:34.500,0.021,1,0,0.630539,0.630539,0.369316,0.000118183896,2.6749696e-05
512,32,sitting,2021-05-07 15:48:33.520,2021-05-07 15:48:35.500,0.021,1,0,0.63070893,0.63070893,0.36914936,0.000115249655,2.6336802e-05
512,32,sitting,2021-05-07 15:48:34.520,2021-05-07 15:48:36.500,0.021,1,0,0.62736857,0.62736857,0.37249538,0.00011031671,2.5802212e-05
512,32,sitting,2021-05-07 15:48:35.520,2021-05-07 15:48:37.500,0.021,1,0,0.62520367,0.62520367,0.3746594,0.00011098377,2.595358e-05
512,32,sitting,2021-05-07 15:48:36.520,2021-05-07 15:48:38.500,0.021,1,0,0.628538,0.628538,0.3713229,0.00011290197,2.6129968e-05
512,32,sitting,2021-05-07 15:48:37.520,2021-05-07 15:48:39.500,0.021,1,0,0.62851083,0.62851083,0.37134367,0.00011831468,2.7099331e-05
512,32,sitting,2021-05-07 15:48:38.520,2021-05-07 15:48:40.500,0.021,1,0,0.62470055,0.62470055,0.3751529,0.00011933589,2.7313745e-05
512,32,sitting,2021-05-07 15:48:39.520,2021-05-07 15:48:41.500,0.021,1,0,0.5897585,0.5897585,0.41010514,0.00010893918,2.7400407e-05
512,32,sitting,2021-05-07 15:48:40.520,2021-05-07 15:48:42.500,0.021,1,0,0.55297905,0.55297905,0.44687325,0.00011634566,3.1349628e-05
512,32,sitting,2021-05-07 15:48:41.520,2021-05-07 15:48:43.500,0.021,1,1,0.5482123,0.4515455,0.5482123,0.00018512896,5.7112033e-05
512,32,sitting,2021-05-07 15:48:42.520,2021-05-07 15:48:44.500,0.021,1,1,0.54319024,0.45659584,0.54319024,0.00016460795,4.9297356e-05
512,32,sitting,2021-05-07 15:48:43.520,2021-05-07 15:48:45.500,0.021,1,0,0.5065637,0.5065637,0.4932513,0.00014518891,3.9863986e-05
512,32,sitting,2021-05-07 15:48:44.520,2021-05-07 15:48:46.500,0.021,1,1,0.5090502,0.49072906,0.5090502,0.00017424554,4.6626057e-05
512,32,sitting,2021-05-07 15:48:45.520,2021-05-07 15:48:47.500,0.021,1,1,0.51122415,0.4885082,0.51122415,0.0002141217,5.3613447e-05
512,32,sitting,2021-05-07 15:48:46.520,2021-05-07 15:48:48.500,0.021,1,1,0.5116265,0.48811767,0.5116265,0.0002039414,5.192306e-05
512,32,sitting,2021-05-07 15:48:47.520,2021-05-07 15:48:49.500,0.021,1,1,0.5079633,0.49180695,0.5079633,0.0001820315,4.7725833e-05
512,32,sitting,2021-05-07 15:48:48.520,2021-05-07 15:48:50.500,0.021,1,1,0.5132441,0.4865257,0.5132441,0.00018179083,4.8375972e-05
512,32,sitting,2021-05-07 15:48:49.520,2021-05-07 15:48:51.500,0.021,1,1,0.5310514,0.46870217,0.5310514,0.00019382563,5.257852e-05
512,32,sitting,2021-05-07 15:48:50.520,2021-05-07 15:48:52.500,0.021,1,1,0.5432011,0.45651898,0.5432011,0.0002202807,5.9650087e-05
512,32,sitting,2021-05-07 15:48:51.520,2021-05-07 15:48:53.500,0.021,1,1,0.5578958,0.44189665,0.5578958,0.00015891985,4.8549744e-05
512,32,sitting,2021-05-07 15:48:52.520,2021-05-07 15:48:54.500,0.021,1,1,0.561209,0.43856385,0.561209,0.00017482249,5.2282798e-05
512,32,sitting,2021-05-07 15:48:53.520,2021-05-07 15:48:55.500,0.021,1,1,0.54297173,0.45670137,0.54297173,0.00026011997,6.667586e-05
512,32,sitting,2021-05-07 15:48:54.520,2021-05-07 15:48:56.500,0.021,1,1,0.601198,0.3985625,0.601198,0.00017634584,6.307396e-05
512,32,sitting,2021-05-07 15:48:55.520,2021-05-07 15:48:57.500,0.021,1,1,0.6597582,0.33988982,0.6597582,0.00024911293,0.000102902166
512,32,sitting,2021-05-07 15:48:56.520,2021-05-07 15:48:58.500,0.021,1,1,0.67554337,0.3239274,0.67554337,0.00037995924,0.000149236
512,32,sitting,2021-05-07 15:48:57.520,2021-05-07 15:48:59.500,0.021,1,1,0.6724038,0.32702985,0.6724038,0.0004095334,0.00015680173
512,32,sitting,2021-05-07 15:48:58.520,2021-05-07 15:49:00.500,0.021,1,1,0.6600157,0.33932585,0.6600157,0.00048653857,0.00017187737
512,32,sitting,2021-05-07 15:48:59.520,2021-05-07 15:49:01.500,0.021,1,1,0.68458927,0.3149609,0.68458927,0.0003173777,0.00013255107
512,32,sitting,2021-05-07 15:49:00.520,2021-05-07 15:49:02.500,0.021,1,1,0.78142583,0.2184415,0.78142583,7.753114e-05,5.5189514e-05
512,32,sitting,2021-05-07 15:49:01.520,2021-05-07 15:49:03.500,0.021,1,1,0.7543553,0.24553509,0.7543553,6.384868e-05,4.5659977e-05
512,32,sitting,2021-05-07 15:49:02.520,2021-05-07 15:49:04.500,0.021,1,1,0.6398605,0.35988465,0.6398605,0.00017931404,7.559183e-05
512,32,sitting,2021-05-07 15:49:03.520,2021-05-07 15:49:05.500,0.021,1,1,0.6454402,0.35424653,0.6454402,0.00022452213,8.874278e-05
512,32,sitting,2021-05-07 15:49:04.520,2021-05-07 15:49:06.500,0.021,1,1,0.6309106,0.36877486,0.6309106,0.0002296179,8.487966e-05
512,32,sitting,2021-05-07 15:49:05.520,2021-05-07 15:49:07.500,0.021,1,1,0.60758793,0.39196095,0.60758793,0.000342778,0.000108313216
512,32,sitting,2021-05-07 15:49:06.520,2021-05-07 15:49:08.500,0.021,1,1,0.59259963,0.40683675,0.59259963,0.0004367814,0.00012670863
512,32,sitting,2021-05-07 15:49:07.520,2021-05-07 15:49:09.500,0.021,1,1,0.6784209,0.32135117,0.6784209,0.00014945719,7.833017e-05
512,32,sitting,2021-05-07 15:49:08.520,2021-05-07 15:49:10.500,0.021,1,1,0.6867894,0.31303155,0.6867894,0.000114127586,6.4834734e-05
512,32,sitting,2021-05-07 15:49:09.520,2021-05-07 15:49:11.500,0.021,1,1,0.5998492,0.3997521,0.5998492,0.0003010538,9.767837e-05
512,32,sitting,2021-05-07 15:49:10.520,2021-05-07 15:49:12.500,0.021,1,1,0.5767447,0.42284104,0.5767447,0.00031871418,9.5506446e-05
512,32,sitting,2021-05-07 15:49:11.520,2021-05-07 15:49:13.500,0.021,1,1,0.56524575,0.4342505,0.56524575,0.00039404497,0.00010969891
512,32,sitting,2021-05-07 15:49:12.520,2021-05-07 15:49:14.500,0.021,1,1,0.57022643,0.42920265,0.57022643,0.0004486534,0.00012216157
512,32,sitting,2021-05-07 15:49:13.520,2021-05-07 15:49:15.500,0.021,1,1,0.5757844,0.423631,0.5757844,0.00045916124,0.000125369
512,32,sitting,2021-05-07 15:49:14.520,2021-05-07 15:49:16.500,0.021,1,1,0.5792658,0.42012325,0.5792658,0.00047974364,0.00013125509
512,32,sitting,2021-05-07 15:49:15.520,2021-05-07 15:49:17.500,0.021,1,1,0.57632446,0.42304173,0.57632446,0.00049909577,0.00013480567
512,32,sitting,2021-05-07 15:49:16.520,2021-05-07 15:49:18.500,0.021,1,1,0.5670551,0.4323652,0.5670551,0.00045654518,0.00012300117
512,32,sitting,2021-05-07 15:49:17.520,2021-05-07 15:49:19.500,0.021,1,1,0.5661213,0.43334293,0.5661213,0.00042061272,0.00011508259
512,32,sitting,2021-05-07 15:49:18.520,2021-05-07 15:49:20.500,0.021,1,1,0.5629436,0.43650284,0.5629436,0.00043536452,0.00011816508
512,32,sitting,2021-05-07 15:49:19.520,2021-05-07 15:49:21.500,0.021,1,1,0.58006793,0.41933742,0.58006793,0.00046544135,0.00012919048
512,32,sitting,2021-05-07 15:49:20.520,2021-05-07 15:49:22.500,0.021,1,1,0.5757632,0.42367452,0.5757632,0.00043857913,0.00012363722
512,32,sitting,2021-05-07 15:49:21.520,2021-05-07 15:49:23.500,0.021,1,1,0.57263136,0.42678764,0.57263136,0.00045471673,0.00012628605
512,32,sitting,2021-05-07 15:49:22.520,2021-05-07 15:49:24.500,0.021,1,1,0.6010701,0.39846143,0.6010701,0.0003575762,0.0001108658
512,32,sitting,2021-05-07 15:49:23.520,2021-05-07 15:49:25.500,0.021,1,1,0.6803624,0.31942785,0.6803624,0.00013793462,7.176724e-05
512,32,sitting,2021-05-07 15:49:24.520,2021-05-07 15:49:26.500,0.021,1,1,0.6661337,0.3336481,0.6661337,0.00014651984,7.15745e-05
512,32,sitting,2021-05-07 15:49:25.520,2021-05-07 15:49:27.500,0.021,1,1,0.5896101,0.4099559,0.5896101,0.00032846344,0.000105518324
512,32,sitting,2021-05-07 15:49:26.520,2021-05-07 15:49:28.500,0.021,1,1,0.567626,0.43181515,0.567626,0.00043754693,0.00012139682
512,32,sitting,2021-05-07 15:49:27.520,2021-05-07 15:49:29.500,0.021,1,1,0.5727327,0.42678696,0.5727327,0.00037202146,0.00010835975
512,32,sitting,2021-05-07 15:49:28.520,2021-05-07 15:49:30.500,0.021,1,1,0.576201,0.42340532,0.576201,0.00030061157,9.3101095e-05
512,32,sitting,2021-05-07 15:49:29.520,2021-05-07 15:49:31.500,0.021,1,1,0.593274,0.40641963,0.593274,0.00022849889,7.771852e-05
512,32,sitting,2021-05-07 15:49:30.520,2021-05-07 15:49:32.500,0.021,1,1,0.60218626,0.39755562,0.60218626,0.00018848773,6.953074e-05
512,32,sitting,2021-05-07 15:49:31.520,2021-05-07 15:49:33.500,0.021,1,1,0.5984622,0.40129894,0.5984622,0.00017253363,6.632394e-05
512,32,sitting,2021-05-07 15:49:32.520,2021-05-07 15:49:34.500,0.021,1,1,0.57229406,0.42737433,0.57229406,0.00025057804,8.105287e-05
512,33,walking,2021-05-07 15:49:39.080,2021-05-07 15:49:41.060,0.021,3,3,0.9977966,0.0008628965,0.00010912274,0.0012313183,0.9977966
512,33,walking,2021-05-07 15:49:40.080,2021-05-07 15:49:42.060,0.021,3,3,0.9987632,0.00068223034,7.2167575e-05,0.00048236107,0.9987632
512,35,walking,2021-05-07 15:49:43.439,2021-05-07 15:49:45.419,0.021,3,3,0.9835369,0.0002495693,6.2653184e-05,0.016150868,0.9835369
512,35,walking,2021-05-07 15:49:44.439,2021-05-07 15:49:46.419,0.021,3,3,0.9991835,0.0004806676,3.5751345e-05,0.0003000509,0.9991835
512,35,walking,2021-05-07 15:49:45.439,2021-05-07 15:49:47.419,0.021,3,3,0.998744,0.00021818838,2.8831686e-05,0.0010089847,0.998744
512,35,walking,2021-05-07 15:49:46.439,2021-05-07 15:49:48.419,0.021,3,3,0.9990595,0.00017209828,2.9094257e-05,0.0007392836,0.9990595
512,35,walking,2021-05-07 15:49:47.439,2021-05-07 15:49:49.419,0.021,3,3,0.9997859,0.00016360365,1.0811627e-05,3.968792e-05,0.9997859
512,35,walking,2021-05-07 15:49:48.439,2021-05-07 15:49:50.419,0.021,3,3,0.998954,0.00056521286,5.8300706e-05,0.0004225287,0.998954
512,35,walking,2021-05-07 15:49:49.439,2021-05-07 15:49:51.419,0.021,3,3,0.99664164,0.0006274474,8.174276e-05,0.0026491904,0.99664164
512,35,walking,2021-05-07 15:49:50.439,2021-05-07 15:49:52.419,0.021,3,3,0.99539465,0.00061698916,0.00012676408,0.0038615298,0.99539465
512,36,standing,2021-05-07 15:49:53.279,2021-05-07 15:49:55.259,0.021,2,2,0.95093393,0.00028567886,9.744859e-05,0.95093393,0.04868287
512,36,standing,2021-05-07 15:49:54.279,2021-05-07 15:49:56.259,0.021,2,2,0.99019516,0.00012543876,3.3605138e-05,0.99019516,0.009645771
512,36,standing,2021-05-07 15:49:55.279,2021-05-07 15:49:57.259,0.021,2,2,0.9906003,9.812541e-05,2.2377862e-05,0.9906003,0.009279163
512,37,walking,2021-05-07 15:49:57.759,2021-05-07 15:49:59.740,0.021,3,3,0.991095,0.00033020088,3.088164e-05,0.008543838,0.991095
512,37,walking,2021-05-07 15:49:58.759,2021-05-07 15:50:00.740,0.021,3,3,0.99624395,0.00035905643,5.935917e-05,0.0033376068,0.99624395
512,37,walking,2021-05-07 15:49:59.759,2021-05-07 15:50:01.740,0.021,3,3,0.9981386,0.00050173665,7.494314e-05,0.0012847747,0.9981386
512,37,walking,2021-05-07 15:50:00.760,2021-05-07 15:50:02.740,0.021,3,3,0.9922704,0.00050134305,0.00011435893,0.007113881,0.9922704
512,37,walking,2021-05-07 15:50:01.760,2021-05-07 15:50:03.740,0.021,3,3,0.9931272,0.00034160813,6.815938e-05,0.0064630243,0.9931272
512,37,walking,2021-05-07 15:50:02.760,2021-05-07 15:50:04.739,0.021,3,3,0.99599564,0.00035276473,7.279101e-05,0.003578847,0.99599564
512,38,standing,2021-05-07 15:50:05.239,2021-05-07 15:50:07.220,0.021,2,2,0.9933536,3.2590644e-05,6.8529494e-06,0.9933536,0.006607006
512,38,standing,2021-05-07 15:50:06.239,2021-05-07 15:50:08.220,0.021,2,2,0.9973777,1.8942294e-05,3.211855e-06,0.9973777,0.0026001234
512,38,standing,2021-05-07 15:50:07.239,2021-05-07 15:50:09.220,0.021,2,2,0.99744254,1.9998068e-05,3.463358e-06,0.99744254,0.0025341047
512,38,standing,2021-05-07 15:50:08.239,2021-05-07 15:50:10.220,0.021,2,2,0.99723685,2.3469307e-05,4.3864356e-06,0.99723685,0.0027352993
512,38,standing,2021-05-07 15:50:09.239,2021-05-07 15:50:11.220,0.021,2,2,0.99724454,2.3747862e-05,4.498327e-06,0.99724454,0.0027271195
512,38,standing,2021-05-07 15:50:10.239,2021-05-07 15:50:12.220,0.021,2,2,0.99720067,2.205448e-05,4.162796e-06,0.99720067,0.0027730586
512,38,standing,2021-05-07 15:50:11.239,2021-05-07 15:50:13.220,0.021,2,2,0.9972795,2.0246338e-05,3.7464283e-06,0.9972795,0.0026964461
512,38,standing,2021-05-07 15:50:12.239,2021-05-07 15:50:14.220,0.021,2,2,0.9971661,2.1706981e-05,4.1189214e-06,0.9971661,0.0028081199
512,38,standing,2021-05-07 15:50:13.239,2021-05-07 15:50:15.220,0.021,2,2,0.99659765,2.5264511e-05,4.8716297e-06,0.99659765,0.0033721102
512,38,standing,2021-05-07 15:50:14.239,2021-05-07 15:50:16.219,0.021,2,2,0.9962283,2.6862645e-05,5.1787915e-06,0.9962283,0.0037396022
512,38,standing,2021-05-07 15:50:15.239,2021-05-07 15:50:17.219,0.021,2,2,0.99694395,2.502871e-05,4.777141e-06,0.99694395,0.003026153
512,39,walking,2021-05-07 15:50:18.040,2021-05-07 15:50:20.020,0.021,3,3,0.9155539,0.00042964236,0.00012465326,0.08389183,0.9155539
512,39,walking,2021-05-07 15:50:19.040,2021-05-07 15:50:21.020,0.021,3,3,0.9370777,0.000483952,0.00017533616,0.06226303,0.9370777
512,39,walking,2021-05-07 15:50:20.040,2021-05-07 15:50:22.020,0.021,3,3,0.7443201,0.00046348272,0.00017300909,0.25504345,0.7443201
512,39,walking,2021-05-07 15:50:21.040,2021-05-07 15:50:23.020,0.021,3,3,0.9710829,0.00059565564,0.00019632527,0.028125,0.9710829
512,39,walking,2021-05-07 15:50:22.040,2021-05-07 15:50:24.020,0.021,3,3,0.9576719,0.00067864463,0.00019695627,0.041452564,0.9576719
512,39,walking,2021-05-07 15:50:23.040,2021-05-07 15:50:25.020,0.021,3,3,0.9961833,0.0005073603,8.234772e-05,0.003227075,0.9961833
512,40,standing,2021-05-07 15:50:26.000,2021-05-07 15:50:27.979,0.021,2,3,0.687729,0.0007117316,0.00019154607,0.31136778,0.687729
512,40,standing,2021-05-07 15:50:27.000,2021-05-07 15:50:28.979,0.021,2,3,0.5021701,0.00089529005,0.00025044946,0.4966841,0.5021701
512,41,walking,2021-05-07 15:50:29.119,2021-05-07 15:50:31.100,0.021,3,3,0.99595964,0.0005880307,0.00010870796,0.0033435063,0.99595964
512,41,walking,2021-05-07 15:50:30.119,2021-05-07 15:50:32.099,0.021,3,3,0.99187,0.0007854876,0.00016581161,0.00717864,0.99187
512,41,walking,2021-05-07 15:50:31.119,2021-05-07 15:50:33.099,0.021,3,3,0.9976851,0.00047611006,9.0774956e-05,0.0017479835,0.9976851
512,41,walking,2021-05-07 15:50:32.119,2021-05-07 15:50:34.099,0.021,3,3,0.9981517,0.0010198025,3.398016e-05,0.0007945037,0.9981517
512,41,walking,2021-05-07 15:50:33.119,2021-05-07 15:50:35.099,0.021,3,3,0.9369924,0.00075394247,4.2030562e-05,0.062211588,0.9369924
512,41,walking,2021-05-07 15:50:34.119,2021-05-07 15:50:36.099,0.021,3,3,0.97836727,0.00073864096,0.00011692337,0.02077721,0.97836727
512,41,walking,2021-05-07 15:50:35.119,2021-05-07 15:50:37.099,0.021,3,3,0.9936102,0.00058866985,0.00012074321,0.0056803054,0.9936102
512,41,walking,2021-05-07 15:50:36.119,2021-05-07 15:50:38.099,0.021,3,3,0.9973478,0.00040020398,0.00010202847,0.0021498748,0.9973478
512,41,walking,2021-05-07 15:50:37.119,2021-05-07 15:50:39.099,0.021,3,3,0.99577165,0.0006895105,0.00013162235,0.0034071498,0.99577165
512,41,walking,2021-05-07 15:50:38.119,2021-05-07 15:50:40.099,0.021,3,3,0.9959625,0.0006503558,0.00015649677,0.0032306428,0.9959625
512,41,walking,2021-05-07 15:50:39.119,2021-05-07 15:50:41.099,0.021,3,3,0.99661916,0.00084935565,0.0001142867,0.002417073,0.99661916
512,41,walking,2021-05-07 15:50:40.119,2021-05-07 15:50:42.099,0.021,3,3,0.926181,0.00058898237,0.00017965054,0.0730503,0.926181
512,41,walking,2021-05-07 15:50:41.119,2021-05-07 15:50:43.099,0.021,3,3,0.97681206,0.00051369553,0.00013342615,0.022540856,0.97681206
512,41,walking,2021-05-07 15:50:42.119,2021-05-07 15:50:44.099,0.021,3,3,0.9819345,0.0005950723,0.00019995654,0.017270388,0.9819345
512,41,walking,2021-05-07 15:50:43.119,2021-05-07 15:50:45.099,0.021,3,3,0.9779223,0.000346768,0.00012916923,0.021601755,0.9779223
512,41,walking,2021-05-07 15:50:44.119,2021-05-07 15:50:46.099,0.021,3,3,0.989,0.00044395332,0.00012098589,0.010435103,0.989
512,41,walking,2021-05-07 15:50:45.119,2021-05-07 15:50:47.099,0.021,3,3,0.9937096,0.00022324418,5.2089672e-05,0.0060150744,0.9937096
512,41,walking,2021-05-07 15:50:46.119,2021-05-07 15:50:48.099,0.021,3,3,0.9911919,0.0006363942,0.00018860116,0.007983039,0.9911919
512,41,walking,2021-05-07 15:50:47.119,2021-05-07 15:50:49.099,0.021,3,3,0.9873593,0.00065766316,0.00018102251,0.011801927,0.9873593
512,41,walking,2021-05-07 15:50:48.119,2021-05-07 15:50:50.099,0.021,3,3,0.9951583,0.00032358553,5.4938155e-05,0.004463068,0.9951583
512,41,walking,2021-05-07 15:50:49.119,2021-05-07 15:50:51.099,0.021,3,3,0.9904601,0.00035901467,9.968983e-05,0.009081175,0.9904601
512,41,walking,2021-05-07 15:50:50.119,2021-05-07 15:50:52.099,0.021,3,3,0.98113596,0.0002023587,5.0082373e-05,0.018611485,0.98113596
512,42,standing,2021-05-07 15:50:52.639,2021-05-07 15:50:54.619,0.021,2,2,0.9908638,3.214597e-05,3.7552547e-06,0.9908638,0.009100294
512,42,standing,2021-05-07 15:50:53.639,2021-05-07 15:50:55.619,0.021,2,2,0.99835074,1.2590359e-05,1.2506607e-06,0.99835074,0.0016354176
512,43,walking,2021-05-07 15:50:56.159,2021-05-07 15:50:58.139,0.021,3,3,0.98015803,0.00019456256,3.3615965e-05,0.019613678,0.98015803
512,43,walking,2021-05-07 15:50:57.159,2021-05-07 15:50:59.139,0.021,3,3,0.9940183,0.0003574395,7.8117126e-05,0.005546108,0.9940183
512,43,walking,2021-05-07 15:50:58.159,2021-05-07 15:51:00.140,0.021,3,3,0.99598897,0.00095289364,0.00018281201,0.0028753101,0.99598897
512,43,walking,2021-05-07 15:50:59.159,2021-05-07 15:51:01.140,0.021,3,3,0.99289674,0.00049323833,0.00012635604,0.0064836936,0.99289674
512,43,walking,2021-05-07 15:51:00.160,2021-05-07 15:51:02.140,0.021,3,3,0.9962867,0.00036058103,0.00010668064,0.0032459318,0.9962867
512,43,walking,2021-05-07 15:51:01.160,2021-05-07 15:51:03.140,0.021,3,3,0.9926125,0.00086917327,0.00023496266,0.00628332,0.9926125
512,43,walking,2021-05-07 15:51:02.160,2021-05-07 15:51:04.140,0.021,3,3,0.99434114,0.0004173407,8.956638e-05,0.005151934,0.99434114
512,43,walking,2021-05-07 15:51:03.160,2021-05-07 15:51:05.140,0.021,3,3,0.9993363,0.00033168937,2.8656921e-05,0.00030328028,0.9993363
512,43,walking,2021-05-07 15:51:04.159,2021-05-07 15:51:06.140,0.021,3,3,0.9983761,0.00027505332,5.1946336e-05,0.0012969862,0.9983761
512,43,walking,2021-05-07 15:51:05.159,2021-05-07 15:51:07.140,0.021,3,3,0.9979982,0.00026047212,4.8770362e-05,0.0016925283,0.9979982
512,43,walking,2021-05-07 15:51:06.159,2021-05-07 15:51:08.140,0.021,3,3,0.9955178,0.00033144324,6.297692e-05,0.004087847,0.9955178
512,43,walking,2021-05-07 15:51:07.159,2021-05-07 15:51:09.140,0.021,3,3,0.9844049,0.00038829175,0.00010671457,0.015099967,0.9844049
512,43,walking,2021-05-07 15:51:08.159,2021-05-07 15:51:10.140,0.021,3,3,0.9724594,0.00043759856,0.00013049517,0.026972454,0.9724594
512,43,walking,2021-05-07 15:51:09.159,2021-05-07 15:51:11.140,0.021,3,3,0.9990621,0.0002543316,3.6354464e-05,0.0006472505,0.9990621
512,43,walking,2021-05-07 15:51:10.159,2021-05-07 15:51:12.140,0.021,3,3,0.9991379,0.0003070862,3.980057e-05,0.000515161,0.9991379
512,43,walking,2021-05-07 15:51:11.159,2021-05-07 15:51:13.140,0.021,3,3,0.96032345,0.0003096372,8.354406e-05,0.039283384,0.96032345
512,43,walking,2021-05-07 15:51:12.159,2021-05-07 15:51:14.140,0.021,3,3,0.99430394,0.0004170571,6.93268e-05,0.0052096727,0.99430394
512,43,walking,2021-05-07 15:51:13.159,2021-05-07 15:51:15.140,0.021,3,3,0.99725,0.00059210183,9.239975e-05,0.0020654348,0.99725
512,43,walking,2021-05-07 15:51:14.159,2021-05-07 15:51:16.139,0.021,3,3,0.98123103,0.0007056113,0.00018703748,0.017876286,0.98123103
512,43,walking,2021-05-07 15:51:15.159,2021-05-07 15:51:17.139,0.021,3,3,0.9585676,0.0006677816,0.00018283566,0.04058183,0.9585676
512,43,walking,2021-05-07 15:51:16.159,2021-05-07 15:51:18.139,0.021,3,3,0.938428,0.00092408736,0.00027327536,0.060374647,0.938428
512,43,walking,2021-05-07 15:51:17.159,2021-05-07 15:51:19.139,0.021,3,3,0.92193305,0.00036176274,9.599083e-05,0.0776092,0.92193305
512,44,standing,2021-05-07 15:51:19.959,2021-05-07 15:51:21.940,0.021,2,2,0.9913446,3.876981e-05,8.760652e-06,0.9913446,0.008607872
512,44,standing,2021-05-07 15:51:20.959,2021-05-07 15:51:22.940,0.021,2,2,0.9963885,2.827209e-05,6.2730146e-06,0.9963885,0.0035768494
512,45,walking,2021-05-07 15:51:23.760,2021-05-07 15:51:25.739,0.021,3,3,0.9861569,0.00027425736,7.3631796e-05,0.013495116,0.9861569
512,45,walking,2021-05-07 15:51:24.760,2021-05-07 15:51:26.739,0.021,3,3,0.9904063,0.00045519075,0.00013715145,0.00900146,0.9904063
512,45,walking,2021-05-07 15:51:25.760,2021-05-07 15:51:27.739,0.021,3,3,0.9931219,0.00029348914,7.5677475e-05,0.0065088673,0.9931219
512,45,walking,2021-05-07 15:51:26.760,2021-05-07 15:51:28.739,0.021,3,3,0.99895567,0.00018632394,3.3570966e-05,0.0008243282,0.99895567
512,45,walking,2021-05-07 15:51:27.760,2021-05-07 15:51:29.739,0.021,3,3,0.9851961,0.00027728043,8.2502396e-05,0.014444156,0.9851961
512,45,walking,2021-05-07 15:51:28.760,2021-05-07 15:51:30.739,0.021,3,3,0.98005044,0.00045543013,0.00015894351,0.019335221,0.98005044
512,45,walking,2021-05-07 15:51:29.760,2021-05-07 15:51:31.739,0.021,3,3,0.9919251,0.000727784,0.00016894692,0.007178228,0.9919251
512,45,walking,2021-05-07 15:51:30.760,2021-05-07 15:51:32.740,0.021,3,3,0.98443687,0.0006312692,0.0001593212,0.014772504,0.98443687
512,45,walking,2021-05-07 15:51:31.760,2021-05-07 15:51:33.740,0.021,3,3,0.98925745,0.0006709871,0.00016819876,0.00990324,0.98925745
512,45,walking,2021-05-07 15:51:32.759,2021-05-07 15:51:34.740,0.021,3,3,0.9966854,0.00057014835,0.00010503909,0.0026395444,0.9966854
512,45,walking,2021-05-07 15:51:33.759,2021-05-07 15:51:35.740,0.021,3,3,0.99894005,0.00042114075,5.3339736e-05,0.0005854744,0.99894005
512,45,walking,2021-05-07 15:51:34.759,2021-05-07 15:51:36.740,0.021,3,3,0.9968283,0.0015552659,0.00023270237,0.0013837102,0.9968283
512,45,walking,2021-05-07 15:51:35.759,2021-05-07 15:51:37.740,0.021,3,3,0.9980266,0.00049741135,6.364112e-05,0.0014123016,0.9980266
512,45,walking,2021-05-07 15:51:36.759,2021-05-07 15:51:38.740,0.021,3,3,0.999117,0.00044647386,4.3421416e-05,0.00039298582,0.999117
512,46,standing,2021-05-07 15:51:39.639,2021-05-07 15:51:41.619,0.021,2,2,0.8766187,0.0018310428,0.0001507095,0.8766187,0.12139966
512,46,standing,2021-05-07 15:51:40.639,2021-05-07 15:51:42.619,0.021,2,2,0.9676913,0.00037013023,3.41944e-05,0.9676913,0.031904437
512,46,standing,2021-05-07 15:51:41.639,2021-05-07 15:51:43.619,0.021,2,2,0.9812355,0.00028543422,1.942006e-05,0.9812355,0.018459596
512,47,walking,2021-05-07 15:51:44.560,2021-05-07 15:51:46.540,0.021,3,3,0.9938147,0.0029418825,0.00028991618,0.0029535093,0.9938147
512,47,walking,2021-05-07 15:51:45.560,2021-05-07 15:51:47.540,0.021,3,3,0.998672,0.0008019578,6.547277e-05,0.00046060732,0.998672
512,47,walking,2021-05-07 15:51:46.560,2021-05-07 15:51:48.540,0.021,3,3,0.9985091,0.0004983754,5.3344593e-05,0.0009391268,0.9985091
512,47,walking,2021-05-07 15:51:47.560,2021-05-07 15:51:49.540,0.021,3,3,0.99822056,0.0006718191,0.00011384217,0.0009937666,0.99822056
512,47,walking,2021-05-07 15:51:48.560,2021-05-07 15:51:50.540,0.021,3,3,0.999283,0.00050455384,4.402646e-05,0.00016846208,0.999283
512,47,walking,2021-05-07 15:51:49.560,2021-05-07 15:51:51.540,0.021,3,3,0.9941205,0.00034103155,7.1887414e-05,0.005466602,0.9941205
512,48,standing,2021-05-07 15:51:52.360,2021-05-07 15:51:54.340,0.021,2,2,0.98902524,5.2227322e-05,1.1266346e-05,0.98902524,0.010911166
512,48,standing,2021-05-07 15:51:53.360,2021-05-07 15:51:55.340,0.021,2,2,0.99612385,3.3783494e-05,6.507894e-06,0.99612385,0.003835857
512,49,walking,2021-05-07 15:51:55.520,2021-05-07 15:51:57.500,0.021,3,3,0.99516046,0.0009660905,0.00020043734,0.0036729488,0.99516046
512,51,walking,2021-05-07 15:51:58.639,2021-05-07 15:52:00.619,0.021,3,3,0.9862154,0.00043761206,0.00012745158,0.013219428,0.9862154
512,51,walking,2021-05-07 15:51:59.639,2021-05-07 15:52:01.619,0.021,3,3,0.9949218,0.00094030757,0.00021497687,0.003922902,0.9949218
512,51,walking,2021-05-07 15:52:00.640,2021-05-07 15:52:02.619,0.021,3,3,0.9967789,0.00038671744,6.5015774e-05,0.002769402,0.9967789
512,51,walking,2021-05-07 15:52:01.640,2021-05-07 15:52:03.619,0.021,3,3,0.9981804,0.00026861418,5.300891e-05,0.0014980304,0.9981804
512,54,walking,2021-05-07 15:52:04.640,2021-05-07 15:52:06.619,0.021,3,3,0.9997773,0.00016825409,9.138115e-06,4.5295812e-05,0.9997773
512,54,walking,2021-05-07 15:52:05.640,2021-05-07 15:52:07.619,0.021,3,3,0.999809,0.00017823708,4.453979e-06,8.221988e-06,0.999809
512,54,walking,2021-05-07 15:52:06.640,2021-05-07 15:52:08.619,0.021,3,3,0.99835736,0.0014269978,7.668122e-05,0.0001389287,0.99835736
512,54,walking,2021-05-07 15:52:07.640,2021-05-07 15:52:09.619,0.021,3,3,0.9994168,0.00038115276,2.7798784e-05,0.00017419751,0.9994168
512,54,walking,2021-05-07 15:52:08.640,2021-05-07 15:52:10.619,0.021,3,3,0.9960531,0.00083524577,0.00024258405,0.002869017,0.9960531
512,54,walking,2021-05-07 15:52:09.640,2021-05-07 15:52:11.619,0.021,3,3,0.9996523,0.00031049916,1.84769e-05,1.8580446e-05,0.9996523
512,54,walking,2021-05-07 15:52:10.640,2021-05-07 15:52:12.619,0.021,3,3,0.9996411,0.00032522422,1.6288464e-05,1.7365839e-05,0.9996411
512,58,walking,2021-05-07 15:52:36.400,2021-05-07 15:52:38.380,0.021,3,3,0.9739276,0.0067566494,0.0034734355,0.015842272,0.9739276
512,58,walking,2021-05-07 15:52:37.400,2021-05-07 15:52:39.380,0.021,3,3,0.9985122,0.00038322026,5.7977242e-05,0.0010466033,0.9985122
512,60,standing,2021-05-07 15:52:40.200,2021-05-07 15:52:42.180,0.021,2,2,0.853492,0.00053880166,0.000188935,0.853492,0.14578013
512,61,walking,2021-05-07 15:52:42.319,2021-05-07 15:52:44.299,0.021,3,3,0.9979224,0.000531989,9.459301e-05,0.0014509911,0.9979224
512,61,walking,2021-05-07 15:52:43.319,2021-05-07 15:52:45.299,0.021,3,3,0.9979541,0.0017867025,0.00014492947,0.000114224975,0.9979541
512,63,walking,2021-05-07 15:53:11.880,2021-05-07 15:53:13.859,0.021,3,3,0.99841535,0.0014454768,7.5838536e-05,6.333665e-05,0.99841535
512,63,walking,2021-05-07 15:53:12.880,2021-05-07 15:53:14.859,0.021,3,3,0.99839485,0.00026436328,3.893079e-05,0.0013017885,0.99839485
512,65,walking,2021-05-07 15:53:16.959,2021-05-07 15:53:18.940,0.021,3,3,0.9980478,0.00022463292,3.8993156e-05,0.0016885713,0.9980478
512,65,walking,2021-05-07 15:53:17.959,2021-05-07 15:53:19.940,0.021,3,3,0.9974232,0.00034488385,7.519903e-05,0.0021567713,0.9974232
512,65,walking,2021-05-07 15:53:18.959,2021-05-07 15:53:20.940,0.021,3,3,0.99659115,0.0023295507,0.0004159577,0.0006633181,0.99659115
512,65,walking,2021-05-07 15:53:19.959,2021-05-07 15:53:21.940,0.021,3,3,0.9954791,0.003184198,0.00048101737,0.00085566036,0.9954791
512,65,walking,2021-05-07 15:53:20.959,2021-05-07 15:53:22.940,0.021,3,3,0.9982614,0.000717707,8.528458e-05,0.00093557907,0.9982614
512,67,walking,2021-05-07 15:53:32.840,2021-05-07 15:53:34.819,0.021,3,3,0.9958441,0.0008104552,0.00016056733,0.0031847793,0.9958441
512,69,walking,2021-05-07 15:53:45.319,2021-05-07 15:53:47.299,0.021,3,3,0.99951327,0.00018988368,1.7265913e-05,0.00027954727,0.99951327
512,69,walking,2021-05-07 15:53:46.319,2021-05-07 15:53:48.299,0.021,3,3,0.9994056,0.0005516158,2.104654e-05,2.177595e-05,0.9994056
512,69,walking,2021-05-07 15:53:47.319,2021-05-07 15:53:49.299,0.021,3,3,0.9963659,0.0022194325,0.0002922272,0.0011223856,0.9963659
512,69,walking,2021-05-07 15:53:48.319,2021-05-07 15:53:50.299,0.021,3,3,0.9854487,0.0015369329,0.00060691236,0.012407394,0.9854487
512,69,walking,2021-05-07 15:53:49.319,2021-05-07 15:53:51.299,0.021,3,3,0.9986256,0.00035066553,6.8817906e-05,0.0009550235,0.9986256
512,69,walking,2021-05-07 15:53:50.319,2021-05-07 15:53:52.299,0.021,3,3,0.9997084,0.00021379038,1.5506388e-05,6.2250554e-05,0.9997084
512,69,walking,2021-05-07 15:53:51.319,2021-05-07 15:53:53.299,0.021,3,3,0.99893326,0.0006533089,6.340813e-05,0.00035006527,0.99893326
512,70,standing,2021-05-07 15:53:53.639,2021-05-07 15:53:55.619,0.021,2,2,0.83935916,0.00049479015,0.0001732564,0.83935916,0.15997279
512,70,standing,2021-05-07 15:53:54.639,2021-05-07 15:53:56.619,0.021,2,2,0.8997479,0.0002870937,7.975689e-05,0.8997479,0.099885315
512,70,standing,2021-05-07 15:53:55.639,2021-05-07 15:53:57.619,0.021,2,2,0.98882926,0.00010094443,2.4899675e-05,0.98882926,0.011044924
512,70,standing,2021-05-07 15:53:56.639,2021-05-07 15:53:58.619,0.021,2,2,0.99276215,0.00010095293,2.5590805e-05,0.99276215,0.007111334
512,70,standing,2021-05-07 15:53:57.639,2021-05-07 15:53:59.619,0.021,2,2,0.9919784,0.000119277625,3.1363896e-05,0.9919784,0.00787095
512,70,standing,2021-05-07 15:53:58.639,2021-05-07 15:54:00.619,0.021,2,2,0.9959856,7.4731724e-05,1.5751793e-05,0.9959856,0.00392387
512,70,standing,2021-05-07 15:53:59.639,2021-05-07 15:54:01.619,0.021,2,2,0.99483657,8.8992885e-05,2.0711948e-05,0.99483657,0.005053753
512,70,standing,2021-05-07 15:54:00.640,2021-05-07 15:54:02.619,0.021,2,2,0.9872658,0.00014202695,4.000648e-05,0.9872658,0.012552131
512,70,standing,2021-05-07 15:54:01.640,2021-05-07 15:54:03.619,0.021,2,2,0.9758468,0.0002129576,6.981788e-05,0.9758468,0.023870343
512,70,standing,2021-05-07 15:54:02.640,2021-05-07 15:54:04.619,0.021,2,2,0.98321754,0.00020229317,7.117891e-05,0.98321754,0.016508948
512,70,standing,2021-05-07 15:54:03.640,2021-05-07 15:54:05.619,0.021,2,2,0.98964375,0.00015537167,5.6417673e-05,0.98964375,0.010144423
512,70,standing,2021-05-07 15:54:04.640,2021-05-07 15:54:06.619,0.021,2,2,0.9881902,0.00014848022,6.2366824e-05,0.9881902,0.011599005
512,74,standing,2021-05-07 15:54:08.520,2021-05-07 15:54:10.500,0.021,2,2,0.98313475,5.1032916e-05,1.4577707e-05,0.98313475,0.016799672
512,74,standing,2021-05-07 15:54:09.520,2021-05-07 15:54:11.500,0.021,2,2,0.9945246,3.200666e-05,8.435636e-06,0.9945246,0.0054349345
512,74,standing,2021-05-07 15:54:10.520,2021-05-07 15:54:12.500,0.021,2,2,0.9950471,2.9759796e-05,7.605197e-06,0.9950471,0.004915516
512,74,standing,2021-05-07 15:54:11.520,2021-05-07 15:54:13.500,0.021,2,2,0.9944264,3.213541e-05,8.394878e-06,0.9944264,0.005532919
512,74,standing,2021-05-07 15:54:12.520,2021-05-07 15:54:14.500,0.021,2,2,0.9942826,3.17372e-05,8.247164e-06,0.9942826,0.0056773094
512,74,standing,2021-05-07 15:54:13.520,2021-05-07 15:54:15.500,0.021,2,2,0.9952401,2.629351e-05,6.444971e-06,0.9952401,0.0047271983
512,75,walking,2021-05-07 15:54:16.040,2021-05-07 15:54:18.020,0.021,3,3,0.8599296,0.00044517207,0.00016990451,0.13945538,0.8599296
512,75,walking,2021-05-07 15:54:17.040,2021-05-07 15:54:19.020,0.021,3,3,0.9628638,0.0009882769,0.00023620678,0.035911698,0.9628638
512,75,walking,2021-05-07 15:54:18.040,2021-05-07 15:54:20.020,0.021,3,3,0.989324,0.00089668884,0.00017736493,0.009601878,0.989324
512,77,standing,2021-05-07 15:54:21.559,2021-05-07 15:54:23.540,0.021,2,2,0.99148583,6.746544e-05,1.627791e-05,0.99148583,0.008430313
512,77,standing,2021-05-07 15:54:22.559,2021-05-07 15:54:24.540,0.021,2,2,0.9936961,6.119328e-05,1.6926204e-05,0.9936961,0.006225761
512,77,standing,2021-05-07 15:54:23.559,2021-05-07 15:54:25.540,0.021,2,2,0.98960054,3.653593e-05,4.569207e-06,0.98960054,0.01035845
512,77,standing,2021-05-07 15:54:24.559,2021-05-07 15:54:26.540,0.021,2,2,0.9830371,4.7423455e-05,5.249876e-06,0.9830371,0.016910242
512,77,standing,2021-05-07 15:54:25.559,2021-05-07 15:54:27.540,0.021,2,2,0.98149997,7.5081516e-05,1.5820267e-05,0.98149997,0.01840905
512,77,standing,2021-05-07 15:54:26.559,2021-05-07 15:54:28.540,0.021,2,2,0.9910992,5.1521652e-05,1.1147834e-05,0.9910992,0.008838205
512,77,standing,2021-05-07 15:54:27.559,2021-05-07 15:54:29.540,0.021,2,2,0.99593437,3.878699e-05,7.745614e-06,0.99593437,0.00401906
512,77,standing,2021-05-07 15:54:28.559,2021-05-07 15:54:30.540,0.021,2,2,0.98888135,5.166414e-05,9.235086e-06,0.98888135,0.011057759
512,77,standing,2021-05-07 15:54:29.559,2021-05-07 15:54:31.540,0.021,2,2,0.9580674,0.000109840024,2.1486085e-05,0.9580674,0.04180125
512,77,standing,2021-05-07 15:54:30.559,2021-05-07 15:54:32.540,0.021,2,2,0.98235023,7.818194e-05,1.652611e-05,0.98235023,0.017555041
512,77,standing,2021-05-07 15:54:31.559,2021-05-07 15:54:33.540,0.021,2,2,0.9938903,4.694608e-05,9.905891e-06,0.9938903,0.006052824
512,78,walking,2021-05-07 15:54:34.279,2021-05-07 15:54:36.259,0.021,3,3,0.9669108,0.00044620302,8.2567916e-05,0.032560486,0.9669108
512,78,walking,2021-05-07 15:54:35.279,2021-05-07 15:54:37.259,0.021,3,3,0.99017864,0.0005992769,8.046303e-05,0.0091416435,0.99017864
512,81,standing,2021-05-07 15:54:39.240,2021-05-07 15:54:41.220,0.021,2,2,0.994596,3.5172634e-05,9.520283e-06,0.994596,0.005359237
512,81,standing,2021-05-07 15:54:40.240,2021-05-07 15:54:42.220,0.021,2,2,0.995401,3.619648e-05,8.952168e-06,0.995401,0.004553824
512,83,standing,2021-05-07 15:54:43.840,2021-05-07 15:54:45.819,0.021,2,2,0.9860243,3.397844e-05,8.246248e-06,0.9860243,0.013933458
512,83,standing,2021-05-07 15:54:44.840,2021-05-07 15:54:46.819,0.021,2,2,0.99332553,2.0891304e-05,4.984649e-06,0.99332553,0.0066486145
512,83,standing,2021-05-07 15:54:45.840,2021-05-07 15:54:47.819,0.021,2,2,0.99387556,2.2390868e-05,4.885755e-06,0.99387556,0.006097206
512,85,standing,2021-05-07 15:54:48.840,2021-05-07 15:54:50.819,0.021,2,3,0.50361145,0.0020019491,0.0012452841,0.49314135,0.50361145
512,86,walking,2021-05-07 15:54:51.080,2021-05-07 15:54:53.060,0.021,3,3,0.9902405,0.0004455009,0.000110901776,0.009203081,0.9902405
512,86,walking,2021-05-07 15:54:52.080,2021-05-07 15:54:54.060,0.021,3,3,0.99266195,0.000449447,8.892895e-05,0.0067996075,0.99266195
512,86,walking,2021-05-07 15:54:53.080,2021-05-07 15:54:55.060,0.021,3,3,0.99498016,0.0006794055,0.00015096007,0.004189488,0.99498016
512,86,walking,2021-05-07 15:54:54.080,2021-05-07 15:54:56.060,0.021,3,3,0.9959637,0.00092814234,0.0001687866,0.0029394047,0.9959637
512,86,walking,2021-05-07 15:54:55.080,2021-05-07 15:54:57.060,0.021,3,3,0.9923878,0.00055774715,5.990251e-05,0.006994573,0.9923878
512,86,walking,2021-05-07 15:54:56.080,2021-05-07 15:54:58.060,0.021,3,3,0.9948919,0.00075129495,0.00015377256,0.00420304,0.9948919
512,86,walking,2021-05-07 15:54:57.080,2021-05-07 15:54:59.060,0.021,3,3,0.9957029,0.00047490705,0.00014009318,0.0036821128,0.9957029
512,86,walking,2021-05-07 15:54:58.080,2021-05-07 15:55:00.059,0.021,3,3,0.99695337,0.00024259246,4.096915e-05,0.0027630783,0.99695337
512,86,walking,2021-05-07 15:54:59.080,2021-05-07 15:55:01.059,0.021,3,3,0.9964409,0.00040887317,0.00010148233,0.003048706,0.9964409
512,86,walking,2021-05-07 15:55:00.079,2021-05-07 15:55:02.059,0.021,3,3,0.9969999,0.00027048745,5.7862886e-05,0.002671742,0.9969999
512,86,walking,2021-05-07 15:55:01.079,2021-05-07 15:55:03.059,0.021,3,3,0.99409544,0.00037323148,8.287937e-05,0.0054484685,0.99409544
512,88,sitting,2021-05-07 15:55:07.079,2021-05-07 15:55:09.059,0.021,1,1,0.7262465,0.27301764,0.7262465,0.00053545303,0.00020044697
512,88,sitting,2021-05-07 15:55:08.079,2021-05-07 15:55:10.059,0.021,1,1,0.7174687,0.2815791,0.7174687,0.0007099682,0.0002421856
512,88,sitting,2021-05-07 15:55:09.079,2021-05-07 15:55:11.059,0.021,1,1,0.7096238,0.28931677,0.7096238,0.00079573365,0.00026370902
512,88,sitting,2021-05-07 15:55:10.079,2021-05-07 15:55:12.059,0.021,1,1,0.7085027,0.2905104,0.7085027,0.00074493757,0.00024200062
512,88,sitting,2021-05-07 15:55:11.079,2021-05-07 15:55:13.059,0.021,1,1,0.6888438,0.31035507,0.6888438,0.00059783633,0.00020343073
512,88,sitting,2021-05-07 15:55:12.079,2021-05-07 15:55:14.059,0.021,1,1,0.73081833,0.26845348,0.73081833,0.00052397756,0.00020427966
512,88,sitting,2021-05-07 15:55:13.079,2021-05-07 15:55:15.059,0.021,1,1,0.7560445,0.24315612,0.7560445,0.000572856,0.00022660998
512,88,sitting,2021-05-07 15:55:14.079,2021-05-07 15:55:16.059,0.021,1,1,0.746355,0.2528053,0.746355,0.00060830114,0.00023153334
512,88,sitting,2021-05-07 15:55:15.079,2021-05-07 15:55:17.059,0.021,1,1,0.73653847,0.26250413,0.73653847,0.00070582406,0.00025163044
512,88,sitting,2021-05-07 15:55:16.079,2021-05-07 15:55:18.059,0.021,1,1,0.71656233,0.28227812,0.71656233,0.0008794475,0.00028022967
512,88,sitting,2021-05-07 15:55:17.079,2021-05-07 15:55:19.059,0.021,1,1,0.7156075,0.2831696,0.7156075,0.0009289817,0.00029379607
512,88,sitting,2021-05-07 15:55:18.079,2021-05-07 15:55:20.059,0.021,1,1,0.7107762,0.28796905,0.7107762,0.0009555581,0.00029911354
512,88,sitting,2021-05-07 15:55:19.079,2021-05-07 15:55:21.059,0.021,1,1,0.71070147,0.28800657,0.71070147,0.0009842494,0.00030762015
512,88,sitting,2021-05-07 15:55:20.079,2021-05-07 15:55:22.059,0.021,1,1,0.7120374,0.2866594,0.7120374,0.0009944307,0.00030869758
512,88,sitting,2021-05-07 15:55:21.079,2021-05-07 15:55:23.059,0.021,1,1,0.6994704,0.2992368,0.6994704,0.0009941312,0.00029865603
512,88,sitting,2021-05-07 15:55:22.079,2021-05-07 15:55:24.059,0.021,1,1,0.7169768,0.28175977,0.7169768,0.0009587857,0.00030463506
512,88,sitting,2021-05-07 15:55:23.079,2021-05-07 15:55:25.059,0.021,1,1,0.7230707,0.27575076,0.7230707,0.00088658853,0.00029192984
512,88,sitting,2021-05-07 15:55:24.079,2021-05-07 15:55:26.059,0.021,1,1,0.72401214,0.27481475,0.72401214,0.00088501716,0.0002880189
512,88,sitting,2021-05-07 15:55:25.079,2021-05-07 15:55:27.059,0.021,1,1,0.72129005,0.27751485,0.72129005,0.0009031663,0.00029189436
512,88,sitting,2021-05-07 15:55:26.079,2021-05-07 15:55:28.059,0.021,1,1,0.699275,0.29969043,0.699275,0.0007890816,0.00024537815
512,88,sitting,2021-05-07 15:55:27.079,2021-05-07 15:55:29.059,0.021,1,1,0.6566582,0.34248203,0.6566582,0.0006651565,0.00019456861
512,88,sitting,2021-05-07 15:55:28.079,2021-05-07 15:55:30.059,0.021,1,1,0.6481354,0.3509947,0.6481354,0.00067494565,0.00019488142
512,88,sitting,2021-05-07 15:55:29.079,2021-05-07 15:55:31.059,0.021,1,1,0.66041756,0.3386564,0.66041756,0.0007182289,0.0002078515
512,88,sitting,2021-05-07 15:55:30.079,2021-05-07 15:55:32.060,0.021,1,1,0.66576093,0.3333346,0.66576093,0.00069972815,0.00020469617
512,88,sitting,2021-05-07 15:55:31.079,2021-05-07 15:55:33.060,0.021,1,1,0.66724044,0.3318653,0.66724044,0.0006904384,0.00020377347
512,88,sitting,2021-05-07 15:55:32.080,2021-05-07 15:55:34.060,0.021,1,1,0.66577053,0.33329487,0.66577053,0.0007241527,0.00021050202
512,88,sitting,2021-05-07 15:55:33.080,2021-05-07 15:55:35.060,0.021,1,1,0.66729695,0.33177784,0.66729695,0.0007161055,0.00020922598
512,88,sitting,2021-05-07 15:55:34.080,2021-05-07 15:55:36.060,0.021,1,1,0.6636568,0.33541673,0.6636568,0.00071879255,0.00020764615
512,88,sitting,2021-05-07 15:55:35.080,2021-05-07 15:55:37.060,0.021,1,1,0.6596842,0.33936322,0.6596842,0.00074098137,0.00021165347
512,88,sitting,2021-05-07 15:55:36.080,2021-05-07 15:55:38.060,0.021,1,1,0.65906763,0.33997178,0.65906763,0.00074756355,0.00021308953
512,88,sitting,2021-05-07 15:55:37.080,2021-05-07 15:55:39.060,0.021,1,1,0.6491928,0.34994358,0.6491928,0.0006705375,0.00019311316
512,88,sitting,2021-05-07 15:55:38.080,2021-05-07 15:55:40.060,0.021,1,1,0.62316567,0.37612912,0.62316567,0.00054938946,0.00015581182
512,88,sitting,2021-05-07 15:55:39.080,2021-05-07 15:55:41.060,0.021,1,1,0.6020884,0.39726686,0.6020884,0.000506205,0.00013847655
512,88,sitting,2021-05-07 15:55:40.080,2021-05-07 15:55:42.060,0.021,1,1,0.6486754,0.35058442,0.6486754,0.0005712479,0.00016905456
512,88,sitting,2021-05-07 15:55:41.080,2021-05-07 15:55:43.060,0.021,1,1,0.69636214,0.30279416,0.69636214,0.0006387984,0.00020496361
512,88,sitting,2021-05-07 15:55:42.080,2021-05-07 15:55:44.060,0.021,1,1,0.68725216,0.311866,0.68725216,0.00067248155,0.00020931012
512,88,sitting,2021-05-07 15:55:43.080,2021-05-07 15:55:45.060,0.021,1,1,0.68781644,0.31126758,0.68781644,0.0006997858,0.00021616854
512,88,sitting,2021-05-07 15:55:44.080,2021-05-07 15:55:46.060,0.021,1,1,0.6890442,0.3100809,0.6890442,0.00066792185,0.0002070045
512,88,sitting,2021-05-07 15:55:45.080,2021-05-07 15:55:47.060,0.021,1,1,0.6784563,0.32095063,0.6784563,0.00044102795,0.00015196386
512,88,sitting,2021-05-07 15:55:46.080,2021-05-07 15:55:48.060,0.021,1,1,0.64677924,0.35269818,0.64677924,0.00039062696,0.00013202816
512,88,sitting,2021-05-07 15:55:47.080,2021-05-07 15:55:49.060,0.021,1,1,0.6339834,0.3654404,0.6339834,0.00043982285,0.00013632211
512,88,sitting,2021-05-07 15:55:48.080,2021-05-07 15:55:50.060,0.021,1,1,0.6226202,0.37679836,0.6226202,0.00044653073,0.0001348413
512,88,sitting,2021-05-07 15:55:49.080,2021-05-07 15:55:51.060,0.021,1,1,0.6098942,0.38949636,0.6098942,0.00047153176,0.00013774527
512,88,sitting,2021-05-07 15:55:50.080,2021-05-07 15:55:52.060,0.021,1,1,0.62900597,0.37043232,0.62900597,0.0004281227,0.00013355481
512,88,sitting,2021-05-07 15:55:51.080,2021-05-07 15:55:53.060,0.021,1,1,0.6436723,0.3557292,0.6436723,0.00045339967,0.00014515687
512,88,sitting,2021-05-07 15:55:52.080,2021-05-07 15:55:54.060,0.021,1,1,0.6324497,0.36680195,0.6324497,0.00057934236,0.0001691195
512,88,sitting,2021-05-07 15:55:53.080,2021-05-07 15:55:55.060,0.021,1,1,0.6311882,0.36800548,0.6311882,0.0006280499,0.00017831661
512,88,sitting,2021-05-07 15:55:54.080,2021-05-07 15:55:56.060,0.021,1,1,0.63600785,0.36320296,0.63600785,0.00061278825,0.00017633269
512,88,sitting,2021-05-07 15:55:55.080,2021-05-07 15:55:57.060,0.021,1,1,0.64063895,0.35858372,0.64063895,0.0006017996,0.00017549045
512,88,sitting,2021-05-07 15:55:56.080,2021-05-07 15:55:58.060,0.021,1,1,0.6451769,0.35402846,0.6451769,0.0006153124,0.00017937156
512,88,sitting,2021-05-07 15:55:57.080,2021-05-07 15:55:59.060,0.021,1,1,0.6440809,0.35512877,0.6440809,0.0006126878,0.00017751109
512,88,sitting,2021-05-07 15:55:58.080,2021-05-07 15:56:00.059,0.021,1,1,0.6393517,0.35983786,0.6393517,0.0006302158,0.00018006221
512,88,sitting,2021-05-07 15:55:59.080,2021-05-07 15:56:01.059,0.021,1,1,0.636796,0.36237523,0.636796,0.0006466862,0.0001820569
512,88,sitting,2021-05-07 15:56:00.079,2021-05-07 15:56:02.059,0.021,1,1,0.63805276,0.36110532,0.63805276,0.00065783976,0.00018406918
512,88,sitting,2021-05-07 15:56:01.079,2021-05-07 15:56:03.059,0.021,1,1,0.63861966,0.36053565,0.63861966,0.00066005,0.00018463745
512,88,sitting,2021-05-07 15:56:02.079,2021-05-07 15:56:04.059,0.021,1,1,0.63973314,0.35941732,0.63973314,0.00066340837,0.00018617355
512,88,sitting,2021-05-07 15:56:03.079,2021-05-07 15:56:05.059,0.021,1,1,0.6394852,0.35965955,0.6394852,0.000667594,0.00018767553
512,88,sitting,2021-05-07 15:56:04.079,2021-05-07 15:56:06.059,0.021,1,1,0.63404,0.3651264,0.63404,0.00065053545,0.00018304035
512,88,sitting,2021-05-07 15:56:05.079,2021-05-07 15:56:07.059,0.021,1,1,0.63008577,0.36913192,0.63008577,0.0006084778,0.0001738132
512,88,sitting,2021-05-07 15:56:06.079,2021-05-07 15:56:08.059,0.021,1,1,0.64674217,0.35250032,0.64674217,0.00058286503,0.00017474097
512,88,sitting,2021-05-07 15:56:07.079,2021-05-07 15:56:09.059,0.021,1,1,0.64953893,0.34973678,0.64953893,0.00055495865,0.00016925442
512,88,sitting,2021-05-07 15:56:08.079,2021-05-07 15:56:10.059,0.021,1,1,0.6445589,0.35465902,0.6445589,0.00060416677,0.00017790188
512,88,sitting,2021-05-07 15:56:09.079,2021-05-07 15:56:11.059,0.021,1,1,0.63975906,0.3594137,0.63975906,0.0006425959,0.00018452393
512,88,sitting,2021-05-07 15:56:10.079,2021-05-07 15:56:12.059,0.021,1,1,0.6425011,0.35666552,0.6425011,0.000646845,0.0001865703
512,88,sitting,2021-05-07 15:56:11.079,2021-05-07 15:56:13.059,0.021,1,1,0.647217,0.3519551,0.647217,0.000641584,0.00018641597
512,88,sitting,2021-05-07 15:56:12.079,2021-05-07 15:56:14.059,0.021,1,1,0.65252256,0.34664065,0.65252256,0.00064773514,0.00018909945
512,88,sitting,2021-05-07 15:56:13.079,2021-05-07 15:56:15.059,0.021,1,1,0.65982234,0.33936206,0.65982234,0.00062904897,0.00018658387
512,88,sitting,2021-05-07 15:56:14.079,2021-05-07 15:56:16.059,0.021,1,1,0.6613071,0.3379105,0.6613071,0.00060123263,0.00018114205
512,88,sitting,2021-05-07 15:56:15.079,2021-05-07 15:56:17.059,0.021,1,1,0.66017485,0.3390388,0.66017485,0.0006042427,0.00018207612
512,88,sitting,2021-05-07 15:56:16.079,2021-05-07 15:56:18.059,0.021,1,1,0.6567909,0.34237912,0.6567909,0.000640643,0.00018943584
512,88,sitting,2021-05-07 15:56:17.079,2021-05-07 15:56:19.059,0.021,1,1,0.64731085,0.35183656,0.64731085,0.0006614119,0.00019114892
512,88,sitting,2021-05-07 15:56:18.079,2021-05-07 15:56:20.059,0.021,1,1,0.6450246,0.35413024,0.6450246,0.000656444,0.00018876113
512,88,sitting,2021-05-07 15:56:19.079,2021-05-07 15:56:21.059,0.021,1,1,0.6463457,0.35280257,0.6463457,0.00066177896,0.00019003078
512,88,sitting,2021-05-07 15:56:20.079,2021-05-07 15:56:22.059,0.021,1,1,0.6454354,0.35373247,0.6454354,0.000645972,0.00018605696
512,88,sitting,2021-05-07 15:56:21.079,2021-05-07 15:56:23.059,0.021,1,1,0.64507544,0.35407853,0.64507544,0.0006578306,0.00018820798
512,88,sitting,2021-05-07 15:56:22.079,2021-05-07 15:56:24.059,0.021,1,1,0.6371376,0.3620528,0.6371376,0.00063037296,0.00017919786
512,88,sitting,2021-05-07 15:56:23.079,2021-05-07 15:56:25.059,0.021,1,1,0.6318415,0.36736587,0.6318415,0.00061739,0.00017528185
512,88,sitting,2021-05-07 15:56:24.079,2021-05-07 15:56:26.059,0.021,1,1,0.63017136,0.3690386,0.63017136,0.00061494263,0.00017501887
512,88,sitting,2021-05-07 15:56:25.079,2021-05-07 15:56:27.059,0.021,1,1,0.63421583,0.3650775,0.63421583,0.0005440815,0.00016264546
512,88,sitting,2021-05-07 15:56:26.079,2021-05-07 15:56:28.059,0.021,1,1,0.63536394,0.36387688,0.63536394,0.0005879163,0.00017121516
512,88,sitting,2021-05-07 15:56:27.079,2021-05-07 15:56:29.059,0.021,1,1,0.6259003,0.37334737,0.6259003,0.00058435457,0.00016784467
512,88,sitting,2021-05-07 15:56:28.079,2021-05-07 15:56:30.059,0.021,1,1,0.618126,0.3811489,0.618126,0.00056423235,0.00016092126
512,88,sitting,2021-05-07 15:56:29.079,2021-05-07 15:56:31.059,0.021,1,1,0.6160857,0.38320744,0.6160857,0.00054991455,0.00015697528
512,88,sitting,2021-05-07 15:56:30.079,2021-05-07 15:56:32.060,0.021,1,1,0.6238878,0.37537482,0.6238878,0.00057240156,0.00016499271
512,88,sitting,2021-05-07 15:56:31.079,2021-05-07 15:56:33.060,0.021,1,1,0.6678932,0.33118147,0.6678932,0.0007119153,0.00021350413
512,88,sitting,2021-05-07 15:56:32.080,2021-05-07 15:56:34.060,0.021,1,1,0.6732176,0.32579717,0.6732176,0.0007585068,0.0002267466
512,88,sitting,2021-05-07 15:56:33.080,2021-05-07 15:56:35.060,0.021,1,1,0.6752284,0.32381666,0.6752284,0.0007332551,0.00022168153
512,88,sitting,2021-05-07 15:56:34.080,2021-05-07 15:56:36.060,0.021,1,1,0.67894626,0.32013303,0.67894626,0.0007047059,0.00021596318
512,88,sitting,2021-05-07 15:56:35.080,2021-05-07 15:56:37.060,0.021,1,1,0.6538354,0.34532604,0.6538354,0.00064813095,0.00019050707
512,88,sitting,2021-05-07 15:56:36.080,2021-05-07 15:56:38.060,0.021,1,1,0.66051394,0.33877447,0.66051394,0.00054339203,0.00016818914
512,88,sitting,2021-05-07 15:56:37.080,2021-05-07 15:56:39.060,0.021,1,1,0.66872144,0.3304639,0.66872144,0.0006217973,0.00019295585
512,88,sitting,2021-05-07 15:56:38.080,2021-05-07 15:56:40.060,0.021,1,1,0.6710751,0.32785136,0.6710751,0.0008288939,0.00024473356
512,88,sitting,2021-05-07 15:56:39.080,2021-05-07 15:56:41.060,0.021,1,1,0.6694851,0.32952353,0.6694851,0.00076398114,0.00022737311
512,88,sitting,2021-05-07 15:56:40.080,2021-05-07 15:56:42.060,0.021,1,1,0.6531487,0.3460551,0.6531487,0.00061150844,0.00018453122
512,88,sitting,2021-05-07 15:56:41.080,2021-05-07 15:56:43.060,0.021,1,1,0.62903714,0.37021273,0.62903714,0.0005807113,0.00016936642
512,88,sitting,2021-05-07 15:56:42.080,2021-05-07 15:56:44.060,0.021,1,1,0.6252323,0.37395427,0.6252323,0.0006349804,0.0001785885
512,88,sitting,2021-05-07 15:56:43.080,2021-05-07 15:56:45.060,0.021,1,1,0.63283956,0.3663548,0.63283956,0.00062719866,0.0001784513
512,89,walking,2021-05-07 15:56:47.840,2021-05-07 15:56:49.819,0.021,3,3,0.9990083,0.0004131768,6.0745195e-05,0.00051774236,0.9990083
512,89,walking,2021-05-07 15:56:48.840,2021-05-07 15:56:50.819,0.021,3,3,0.9995209,0.00023334696,2.7853615e-05,0.00021793577,0.9995209
512,89,walking,2021-05-07 15:56:49.840,2021-05-07 15:56:51.819,0.021,3,3,0.9996001,0.00029752715,2.680867e-05,7.5428085e-05,0.9996001
512,89,walking,2021-05-07 15:56:50.840,2021-05-07 15:56:52.819,0.021,3,3,0.99913454,0.00059336505,5.5094995e-05,0.00021697985,0.99913454
512,90,standing,2021-05-07 15:56:53.799,2021-05-07 15:56:55.779,0.021,2,2,0.99549884,4.2950334e-05,6.6805787e-06,0.99549884,0.004451475
512,90,standing,2021-05-07 15:56:54.799,2021-05-07 15:56:56.779,0.021,2,2,0.99652016,4.0861545e-05,6.22229e-06,0.99652016,0.003432857
512,90,standing,2021-05-07 15:56:55.799,2021-05-07 15:56:57.779,0.021,2,2,0.9963153,4.046269e-05,6.1033857e-06,0.9963153,0.0036381606
512,92,standing,2021-05-07 15:56:59.159,2021-05-07 15:57:01.140,0.021,2,3,0.56776685,0.0017063229,0.0011936929,0.4293331,0.56776685
512,94,standing,2021-05-07 15:57:02.480,2021-05-07 15:57:04.460,0.021,2,2,0.9906975,0.000110832814,2.7380325e-05,0.9906975,0.009164315
512,94,standing,2021-05-07 15:57:03.480,2021-05-07 15:57:05.460,0.021,2,2,0.9943388,7.990635e-05,1.7050956e-05,0.9943388,0.0055642137
512,94,standing,2021-05-07 15:57:04.480,2021-05-07 15:57:06.460,0.021,2,2,0.99623764,5.800919e-05,1.0729814e-05,0.99623764,0.0036935587
512,94,standing,2021-05-07 15:57:05.480,2021-05-07 15:57:07.460,0.021,2,2,0.996606,4.9226437e-05,8.26952e-06,0.996606,0.0033364836
512,94,standing,2021-05-07 15:57:06.480,2021-05-07 15:57:08.460,0.021,2,2,0.9961479,5.3504853e-05,9.268287e-06,0.9961479,0.0037893036
512,94,standing,2021-05-07 15:57:07.480,2021-05-07 15:57:09.460,0.021,2,2,0.9956536,5.97074e-05,1.0912846e-05,0.9956536,0.0042757625
512,94,standing,2021-05-07 15:57:08.479,2021-05-07 15:57:10.460,0.021,2,2,0.99411184,6.423005e-05,1.1729065e-05,0.99411184,0.005812156
512,98,standing,2021-05-07 15:57:17.799,2021-05-07 15:57:19.780,0.021,2,2,0.9785389,6.405332e-05,1.3868152e-05,0.9785389,0.021383217
512,100,standing,2021-05-07 15:57:20.840,2021-05-07 15:57:22.819,0.021,2,2,0.9126453,0.0007003766,0.00039134957,0.9126453,0.086262956
512,100,standing,2021-05-07 15:57:21.840,2021-05-07 15:57:23.819,0.021,2,2,0.9687256,0.00040295027,0.00021021819,0.9687256,0.030661143
512,100,standing,2021-05-07 15:57:22.840,2021-05-07 15:57:24.819,0.021,2,2,0.9860221,0.000135326,3.8875627e-05,0.9860221,0.013803813
512,100,standing,2021-05-07 15:57:23.840,2021-05-07 15:57:25.819,0.021,2,2,0.9942405,6.324793e-05,1.2000569e-05,0.9942405,0.0056841853
512,100,standing,2021-05-07 15:57:24.840,2021-05-07 15:57:26.819,0.021,2,2,0.9964523,4.3221356e-05,6.8895656e-06,0.9964523,0.0034975961
512,100,standing,2021-05-07 15:57:25.840,2021-05-07 15:57:27.819,0.021,2,2,0.9967878,4.9350263e-05,8.5672555e-06,0.9967878,0.0031543698
512,100,standing,2021-05-07 15:57:26.840,2021-05-07 15:57:28.819,0.021,2,2,0.9966743,4.8736612e-05,8.42827e-06,0.9966743,0.0032684833
512,102,standing,2021-05-07 15:57:30.920,2021-05-07 15:57:32.900,0.021,2,2,0.9842917,9.200735e-05,1.6666536e-05,0.9842917,0.0155997155
512,102,standing,2021-05-07 15:57:31.920,2021-05-07 15:57:33.900,0.021,2,2,0.98147374,0.00013431258,3.459982e-05,0.98147374,0.018357348
512,102,standing,2021-05-07 15:57:32.919,2021-05-07 15:57:34.900,0.021,2,2,0.9860242,0.00011685632,3.0102396e-05,0.9860242,0.01382881
512,102,standing,2021-05-07 15:57:33.919,2021-05-07 15:57:35.900,0.021,2,2,0.99494934,8.129388e-05,1.8705812e-05,0.99494934,0.004950645
512,102,standing,2021-05-07 15:57:34.919,2021-05-07 15:57:36.900,0.021,2,2,0.99314123,8.890853e-05,2.082829e-05,0.99314123,0.006748991
512,102,standing,2021-05-07 15:57:35.919,2021-05-07 15:57:37.900,0.021,2,2,0.992763,9.82624e-05,2.3981918e-05,0.992763,0.0071147485
512,102,standing,2021-05-07 15:57:36.919,2021-05-07 15:57:38.900,0.021,2,2,0.9937281,6.696485e-05,1.3684528e-05,0.9937281,0.006191306
512,108,standing,2021-05-07 15:57:43.279,2021-05-07 15:57:45.259,0.021,2,2,0.99557,2.1192904e-05,3.687765e-06,0.99557,0.0044050044
512,108,standing,2021-05-07 15:57:44.279,2021-05-07 15:57:46.259,0.021,2,2,0.9940342,2.0280857e-05,4.2944666e-06,0.9940342,0.0059412895
512,108,standing,2021-05-07 15:57:45.279,2021-05-07 15:57:47.259,0.021,2,2,0.99198234,2.3001292e-05,5.239055e-06,0.99198234,0.007989326
512,108,standing,2021-05-07 15:57:46.279,2021-05-07 15:57:48.259,0.021,2,2,0.99534416,2.0032041e-05,4.528733e-06,0.99534416,0.0046313014
512,108,standing,2021-05-07 15:57:47.279,2021-05-07 15:57:49.259,0.021,2,2,0.9954318,2.02786e-05,4.7724793e-06,0.9954318,0.0045431675
512,108,standing,2021-05-07 15:57:48.279,2021-05-07 15:57:50.259,0.021,2,2,0.99548936,2.0389085e-05,4.8206134e-06,0.99548936,0.0044855676
512,108,standing,2021-05-07 15:57:49.279,2021-05-07 15:57:51.259,0.021,2,2,0.9955221,2.0135552e-05,4.5905813e-06,0.9955221,0.0044532395
512,110,standing,2021-05-07 15:57:53.439,2021-05-07 15:57:55.419,0.021,2,2,0.98372453,5.5697856e-05,6.5169606e-06,0.98372453,0.016213184
512,112,standing,2021-05-07 15:57:56.599,2021-05-07 15:57:58.580,0.021,2,2,0.99532396,3.2698044e-05,3.0832887e-06,0.99532396,0.0046401885
512,112,standing,2021-05-07 15:57:57.599,2021-05-07 15:57:59.580,0.021,2,2,0.99634314,2.6790034e-05,2.9176574e-06,0.99634314,0.0036271329
512,112,standing,2021-05-07 15:57:58.599,2021-05-07 15:58:00.579,0.021,2,2,0.996131,2.7167283e-05,2.9375774e-06,0.996131,0.0038387792
512,112,standing,2021-05-07 15:57:59.599,2021-05-07 15:58:01.579,0.021,2,2,0.9964037,3.1905398e-05,4.1842395e-06,0.9964037,0.00356005
512,113,walking,2021-05-07 15:58:02.240,2021-05-07 15:58:04.220,0.021,3,3,0.9867877,0.00029712394,0.00010528872,0.012809921,0.9867877
512,113,walking,2021-05-07 15:58:03.240,2021-05-07 15:58:05.220,0.021,3,3,0.97720474,0.00019719604,8.1007776e-05,0.022517007,0.97720474
512,114,standing,2021-05-07 15:58:05.840,2021-05-07 15:58:07.819,0.021,2,2,0.9943085,3.305688e-05,5.319e-06,0.9943085,0.005653169
512,114,standing,2021-05-07 15:58:06.840,2021-05-07 15:58:08.819,0.021,2,2,0.99597853,3.2971893e-05,6.8654645e-06,0.99597853,0.0039815684
512,114,standing,2021-05-07 15:58:07.840,2021-05-07 15:58:09.819,0.021,2,2,0.98823136,4.828594e-05,1.2732386e-05,0.98823136,0.01170759
512,114,standing,2021-05-07 15:58:08.840,2021-05-07 15:58:10.819,0.021,2,2,0.992401,3.9873812e-05,1.062782e-05,0.992401,0.007548478
512,114,standing,2021-05-07 15:58:09.840,2021-05-07 15:58:11.819,0.021,2,2,0.9931097,3.9918537e-05,1.0849716e-05,0.9931097,0.0068395487
512,114,standing,2021-05-07 15:58:10.840,2021-05-07 15:58:12.819,0.021,2,2,0.9931906,3.8361264e-05,9.3947465e-06,0.9931906,0.0067616315
512,114,standing,2021-05-07 15:58:11.840,2021-05-07 15:58:13.819,0.021,2,2,0.9954434,3.4246244e-05,7.62153e-06,0.9954434,0.0045147035
512,114,standing,2021-05-07 15:58:12.840,2021-05-07 15:58:14.819,0.021,2,2,0.99616164,3.5550274e-05,8.244175e-06,0.99616164,0.0037945237
512,114,standing,2021-05-07 15:58:13.840,2021-05-07 15:58:15.819,0.021,2,2,0.9958078,3.4935274e-05,8.192271e-06,0.9958078,0.0041489834
512,114,standing,2021-05-07 15:58:14.840,2021-05-07 15:58:16.819,0.021,2,2,0.9959168,3.0157988e-05,6.8896866e-06,0.9959168,0.0040461435
512,114,standing,2021-05-07 15:58:15.840,2021-05-07 15:58:17.819,0.021,2,2,0.9956268,3.086017e-05,7.2172975e-06,0.9956268,0.0043350523
512,114,standing,2021-05-07 15:58:16.840,2021-05-07 15:58:18.819,0.021,2,2,0.99567705,3.3305423e-05,7.927165e-06,0.99567705,0.004281782
512,114,standing,2021-05-07 15:58:17.840,2021-05-07 15:58:19.819,0.021,2,2,0.9962217,3.223376e-05,7.5163293e-06,0.9962217,0.0037385044
512,114,standing,2021-05-07 15:58:18.840,2021-05-07 15:58:20.819,0.021,2,2,0.99631864,3.056748e-05,6.9586854e-06,0.99631864,0.003643857
512,114,standing,2021-05-07 15:58:19.840,2021-05-07 15:58:21.819,0.021,2,2,0.9962812,3.137432e-05,7.1574723e-06,0.9962812,0.0036803533
512,114,standing,2021-05-07 15:58:20.840,2021-05-07 15:58:22.819,0.021,2,2,0.996008,3.284786e-05,7.793157e-06,0.996008,0.0039514764
512,114,standing,2021-05-07 15:58:21.840,2021-05-07 15:58:23.819,0.021,2,2,0.99582267,3.3149212e-05,8.032697e-06,0.99582267,0.0041360734
512,114,standing,2021-05-07 15:58:22.840,2021-05-07 15:58:24.819,0.021,2,2,0.9956698,3.3746073e-05,8.245591e-06,0.9956698,0.0042881723
512,114,standing,2021-05-07 15:58:23.840,2021-05-07 15:58:25.819,0.021,2,2,0.9947245,3.5712063e-05,9.144419e-06,0.9947245,0.005230721
512,114,standing,2021-05-07 15:58:24.840,2021-05-07 15:58:26.819,0.021,2,2,0.9946408,3.46211e-05,8.969353e-06,0.9946408,0.0053154714
512,114,standing,2021-05-07 15:58:25.840,2021-05-07 15:58:27.819,0.021,2,2,0.9954415,3.148492e-05,7.874495e-06,0.9954415,0.00451911
512,116,standing,2021-05-07 15:58:28.639,2021-05-07 15:58:30.619,0.021,2,2,0.9976193,2.011288e-05,2.1970102e-06,0.9976193,0.0023582622
512,116,standing,2021-05-07 15:58:29.639,2021-05-07 15:58:31.619,0.021,2,2,0.9967605,2.4004796e-05,2.6867215e-06,0.9967605,0.0032128356
512,117,walking,2021-05-07 15:58:31.840,2021-05-07 15:58:33.819,0.021,3,3,0.9947868,0.0009847473,7.218409e-05,0.00415626,0.9947868
512,117,walking,2021-05-07 15:58:32.840,2021-05-07 15:58:34.819,0.021,3,3,0.9949213,0.0006926024,0.00012847836,0.00425748,0.9949213
512,117,walking,2021-05-07 15:58:33.840,2021-05-07 15:58:35.819,0.021,3,3,0.9970609,0.00041924458,6.342928e-05,0.0024562958,0.9970609
512,117,walking,2021-05-07 15:58:34.840,2021-05-07 15:58:36.819,0.021,3,3,0.9954369,0.00033037056,7.2317154e-05,0.004160513,0.9954369
512,119,standing,2021-05-07 15:58:38.119,2021-05-07 15:58:40.099,0.021,2,2,0.94228387,0.0001384514,3.160647e-05,0.94228387,0.057546105
512,120,walking,2021-05-07 15:58:40.200,2021-05-07 15:58:42.180,0.021,3,3,0.95367414,0.00058274996,0.0001575307,0.045585595,0.95367414
512,120,walking,2021-05-07 15:58:41.200,2021-05-07 15:58:43.180,0.021,3,3,0.981352,0.0005459044,0.00014599583,0.017956091,0.981352
512,121,standing,2021-05-07 15:58:43.360,2021-05-07 15:58:45.340,0.021,2,2,0.98596424,3.301489e-05,7.019884e-06,0.98596424,0.013995707
512,121,standing,2021-05-07 15:58:44.360,2021-05-07 15:58:46.340,0.021,2,2,0.99556506,1.8570136e-05,3.9938063e-06,0.99556506,0.004412483
512,121,standing,2021-05-07 15:58:45.360,2021-05-07 15:58:47.340,0.021,2,2,0.9954033,2.0405723e-05,4.529615e-06,0.9954033,0.0045718425
512,121,standing,2021-05-07 15:58:46.360,2021-05-07 15:58:48.340,0.021,2,2,0.9958538,2.0461486e-05,4.6080795e-06,0.9958538,0.0041212207
512,121,standing,2021-05-07 15:58:47.360,2021-05-07 15:58:49.340,0.021,2,2,0.99561584,2.2163451e-05,5.0793033e-06,0.99561584,0.0043568383
512,121,standing,2021-05-07 15:58:48.360,2021-05-07 15:58:50.340,0.021,2,2,0.99566716,2.2222248e-05,4.8582237e-06,0.99566716,0.004305827
512,121,standing,2021-05-07 15:58:49.360,2021-05-07 15:58:51.340,0.021,2,2,0.99423176,2.463843e-05,5.698488e-06,0.99423176,0.005737814
512,121,standing,2021-05-07 15:58:50.360,2021-05-07 15:58:52.340,0.021,2,2,0.9954938,2.2895612e-05,4.9088453e-06,0.9954938,0.004478462
512,121,standing,2021-05-07 15:58:51.360,2021-05-07 15:58:53.340,0.021,2,2,0.9965825,2.181939e-05,4.584878e-06,0.9965825,0.003391199
512,121,standing,2021-05-07 15:58:52.360,2021-05-07 15:58:54.340,0.021,2,2,0.9954771,2.3676603e-05,5.4392913e-06,0.9954771,0.004493846
512,125,standing,2021-05-07 15:58:57.959,2021-05-07 15:58:59.939,0.021,2,2,0.9923467,4.7444693e-05,7.883512e-06,0.9923467,0.007597999
512,125,standing,2021-05-07 15:58:58.959,2021-05-07 15:59:00.940,0.021,2,2,0.9977682,2.6267677e-05,3.738739e-06,0.9977682,0.0022018652
512,125,standing,2021-05-07 15:58:59.959,2021-05-07 15:59:01.940,0.021,2,2,0.9980254,2.3069579e-05,3.0964402e-06,0.9980254,0.0019484358
512,125,standing,2021-05-07 15:59:00.960,2021-05-07 15:59:02.940,0.021,2,2,0.99809265,2.1396974e-05,2.7813085e-06,0.99809265,0.001883117
512,125,standing,2021-05-07 15:59:01.960,2021-05-07 15:59:03.940,0.021,2,2,0.9981497,2.0558888e-05,2.6394268e-06,0.9981497,0.0018270673
512,125,standing,2021-05-07 15:59:02.960,2021-05-07 15:59:04.940,0.021,2,2,0.9981067,2.1481288e-05,2.8273444e-06,0.9981067,0.0018689851
512,125,standing,2021-05-07 15:59:03.960,2021-05-07 15:59:05.940,0.021,2,2,0.9978518,2.3672772e-05,3.3836366e-06,0.9978518,0.0021212036
512,127,standing,2021-05-07 15:59:07.000,2021-05-07 15:59:08.979,0.021,2,2,0.9962562,2.367144e-05,5.049808e-06,0.9962562,0.0037150816
512,127,standing,2021-05-07 15:59:08.000,2021-05-07 15:59:09.979,0.021,2,2,0.9965331,2.5483292e-05,5.4620114e-06,0.9965331,0.003436097
512,127,standing,2021-05-07 15:59:09.000,2021-05-07 15:59:10.979,0.021,2,2,0.9965402,2.699308e-05,5.7547327e-06,0.9965402,0.0034270545
512,127,standing,2021-05-07 15:59:10.000,2021-05-07 15:59:11.979,0.021,2,2,0.9968422,2.7704467e-05,5.7255806e-06,0.9968422,0.0031243938
512,127,standing,2021-05-07 15:59:11.000,2021-05-07 15:59:12.979,0.021,2,2,0.9970299,2.8114713e-05,5.6853028e-06,0.9970299,0.002936332
512,127,standing,2021-05-07 15:59:12.000,2021-05-07 15:59:13.979,0.021,2,2,0.99693674,2.8079745e-05,5.569881e-06,0.99693674,0.0030296785
512,127,standing,2021-05-07 15:59:13.000,2021-05-07 15:59:14.979,0.021,2,2,0.99705154,2.7202426e-05,5.33516e-06,0.99705154,0.0029159533
512,127,standing,2021-05-07 15:59:14.000,2021-05-07 15:59:15.979,0.021,2,2,0.99733347,2.6492336e-05,5.117239e-06,0.99733347,0.0026349155
512,127,standing,2021-05-07 15:59:15.000,2021-05-07 15:59:16.979,0.021,2,2,0.9974837,2.5806356e-05,4.8270285e-06,0.9974837,0.002485686
512,127,standing,2021-05-07 15:59:16.000,2021-05-07 15:59:17.979,0.021,2,2,0.9977374,2.255864e-05,3.8429293e-06,0.9977374,0.0022361537
512,127,standing,2021-05-07 15:59:17.000,2021-05-07 15:59:18.979,0.021,2,2,0.9975241,2.3648485e-05,4.2442603e-06,0.9975241,0.0024479274
512,127,standing,2021-05-07 15:59:18.000,2021-05-07 15:59:19.979,0.021,2,2,0.996542,2.64972e-05,5.161707e-06,0.996542,0.0034262992
512,127,standing,2021-05-07 15:59:19.000,2021-05-07 15:59:20.979,0.021,2,2,0.9956526,2.5288793e-05,5.1397583e-06,0.9956526,0.0043169786
512,127,standing,2021-05-07 15:59:20.000,2021-05-07 15:59:21.979,0.021,2,2,0.9960233,2.3317561e-05,4.9807004e-06,0.9960233,0.003948405
512,127,standing,2021-05-07 15:59:21.000,2021-05-07 15:59:22.979,0.021,2,2,0.9967451,2.2712587e-05,4.6906025e-06,0.9967451,0.0032274604
512,127,standing,2021-05-07 15:59:22.000,2021-05-07 15:59:23.979,0.021,2,2,0.99701256,2.3546498e-05,4.6810187e-06,0.99701256,0.0029592768
512,127,standing,2021-05-07 15:59:23.000,2021-05-07 15:59:24.979,0.021,2,2,0.99694896,2.6456099e-05,4.8667052e-06,0.99694896,0.003019581
512,127,standing,2021-05-07 15:59:24.000,2021-05-07 15:59:25.979,0.021,2,2,0.9972247,2.394814e-05,3.3595368e-06,0.9972247,0.0027480358
512,129,standing,2021-05-07 15:59:29.440,2021-05-07 15:59:31.420,0.021,2,2,0.9868331,4.943545e-05,1.0774813e-05,0.9868331,0.013106695
512,129,standing,2021-05-07 15:59:30.440,2021-05-07 15:59:32.419,0.021,2,2,0.99147373,3.9195987e-05,8.716937e-06,0.99147373,0.008478438
512,129,standing,2021-05-07 15:59:31.440,2021-05-07 15:59:33.419,0.021,2,2,0.99605656,3.1342966e-05,6.323352e-06,0.99605656,0.0039058134
512,129,standing,2021-05-07 15:59:32.439,2021-05-07 15:59:34.419,0.021,2,2,0.9963866,3.1122385e-05,6.095725e-06,0.9963866,0.0035762014
512,129,standing,2021-05-07 15:59:33.439,2021-05-07 15:59:35.419,0.021,2,2,0.99585587,3.1256004e-05,6.5024524e-06,0.99585587,0.004106184
512,129,standing,2021-05-07 15:59:34.439,2021-05-07 15:59:36.419,0.021,2,2,0.995671,3.2573505e-05,6.7167707e-06,0.995671,0.0042898073
512,129,standing,2021-05-07 15:59:35.439,2021-05-07 15:59:37.419,0.021,2,2,0.9944433,3.690172e-05,6.8489353e-06,0.9944433,0.0055129216
512,129,standing,2021-05-07 15:59:36.439,2021-05-07 15:59:38.419,0.021,2,2,0.9953489,2.8425715e-05,4.4239473e-06,0.9953489,0.004618259
512,129,standing,2021-05-07 15:59:37.439,2021-05-07 15:59:39.419,0.021,2,2,0.99262244,3.438757e-05,5.7486145e-06,0.99262244,0.007337568
512,130,walking,2021-05-07 15:59:40.000,2021-05-07 15:59:41.979,0.021,3,3,0.87518716,0.0007276791,0.00027335034,0.123811826,0.87518716
512,133,walking,2021-05-07 15:59:43.720,2021-05-07 15:59:45.700,0.021,3,3,0.87125313,0.00040837555,0.0001235177,0.12821503,0.87125313
512,133,walking,2021-05-07 15:59:44.720,2021-05-07 15:59:46.700,0.021,3,3,0.9511135,0.0003549839,0.000116781506,0.048414584,0.9511135
512,133,walking,2021-05-07 15:59:45.720,2021-05-07 15:59:47.700,0.021,3,3,0.9959637,0.0004271615,7.6115975e-05,0.0035330034,0.9959637
512,133,walking,2021-05-07 15:59:46.720,2021-05-07 15:59:48.700,0.021,3,3,0.99614143,0.0008343688,0.000113715294,0.0029104634,0.99614143
512,133,walking,2021-05-07 15:59:47.720,2021-05-07 15:59:49.700,0.021,3,3,0.9984702,0.00039780175,4.5337267e-05,0.0010866643,0.9984702
512,138,walking,2021-05-07 15:59:53.720,2021-05-07 15:59:55.700,0.021,3,3,0.99529856,0.00019978362,3.8588398e-05,0.004463074,0.99529856
512,138,walking,2021-05-07 15:59:54.720,2021-05-07 15:59:56.700,0.021,3,3,0.99863094,0.0008857881,7.712142e-05,0.00040616305,0.99863094
512,144,standing,2021-05-07 16:00:02.599,2021-05-07 16:00:04.579,0.021,2,2,0.9970464,2.43806e-05,4.1344356e-06,0.9970464,0.0029250234
512,145,walking,2021-05-07 16:00:05.000,2021-05-07 16:00:06.980,0.021,3,3,0.99938774,0.00021716756,3.3841865e-05,0.0003611987,0.99938774
512,145,walking,2021-05-07 16:00:06.000,2021-05-07 16:00:07.980,0.021,3,3,0.9994797,0.00046870855,2.3945408e-05,2.7590266e-05,0.9994797
512,145,walking,2021-05-07 16:00:07.000,2021-05-07 16:00:08.979,0.021,3,3,0.9988496,0.00094521604,7.185063e-05,0.00013346785,0.9988496
512,145,walking,2021-05-07 16:00:08.000,2021-05-07 16:00:09.979,0.021,3,3,0.9998057,0.00016661751,7.457165e-06,2.0263447e-05,0.9998057
512,146,standing,2021-05-07 16:01:03.319,2021-05-07 16:01:05.300,0.021,2,2,0.82241446,0.00030702542,6.3513995e-05,0.82241446,0.17721507
512,148,standing,2021-05-07 16:01:06.159,2021-05-07 16:01:08.140,0.021,2,2,0.9579557,0.000132337,2.7002217e-05,0.9579557,0.04188497
512,148,standing,2021-05-07 16:01:07.159,2021-05-07 16:01:09.140,0.021,2,2,0.9485201,0.00016109378,3.470351e-05,0.9485201,0.051284004
512,148,standing,2021-05-07 16:01:08.159,2021-05-07 16:01:10.140,0.021,2,2,0.9866031,8.044176e-05,1.5515709e-05,0.9866031,0.013300895
512,149,standing,2021-05-07 16:01:21.000,2021-05-07 16:01:22.979,0.021,2,3,0.8520002,0.0004961757,0.00022585585,0.14727779,0.8520002
512,149,standing,2021-05-07 16:01:22.000,2021-05-07 16:01:23.979,0.021,2,2,0.9548972,0.00023830494,7.9262936e-05,0.9548972,0.044785134
512,149,standing,2021-05-07 16:01:23.000,2021-05-07 16:01:24.979,0.021,2,2,0.98273957,0.00013071709,3.586348e-05,0.98273957,0.017093828
512,149,standing,2021-05-07 16:01:24.000,2021-05-07 16:01:25.979,0.021,2,2,0.99194825,7.926547e-05,1.8730598e-05,0.99194825,0.007953709
512,149,standing,2021-05-07 16:01:25.000,2021-05-07 16:01:26.979,0.021,2,2,0.99185926,6.328561e-05,1.4056463e-05,0.99185926,0.008063416
512,149,standing,2021-05-07 16:01:26.000,2021-05-07 16:01:27.979,0.021,2,2,0.9902824,5.636037e-05,1.1669729e-05,0.9902824,0.009649565
512,149,standing,2021-05-07 16:01:27.000,2021-05-07 16:01:28.979,0.021,2,2,0.98748606,8.562524e-05,1.9979969e-05,0.98748606,0.012408419
512,149,standing,2021-05-07 16:01:28.000,2021-05-07 16:01:29.979,0.021,2,2,0.96512365,0.0001979576,5.015846e-05,0.96512365,0.034628157
512,149,standing,2021-05-07 16:01:29.000,2021-05-07 16:01:30.979,0.021,2,3,0.66338897,0.0008848797,0.0003541374,0.33537203,0.66338897
512,149,standing,2021-05-07 16:01:30.000,2021-05-07 16:01:31.979,0.021,2,3,0.5482178,0.0012294798,0.00063561654,0.44991714,0.5482178
512,149,standing,2021-05-07 16:01:31.000,2021-05-07 16:01:32.979,0.021,2,2,0.933627,0.00034324816,0.00010322311,0.933627,0.06592636
512,149,standing,2021-05-07 16:01:32.000,2021-05-07 16:01:33.979,0.021,2,2,0.9358225,0.00033734392,0.0001104212,0.9358225,0.063729726
512,149,standing,2021-05-07 16:01:33.000,2021-05-07 16:01:34.979,0.021,2,2,0.9679066,0.00029112573,0.00011039575,0.9679066,0.031691883
512,149,standing,2021-05-07 16:01:34.000,2021-05-07 16:01:35.979,0.021,2,2,0.9838473,0.00019087043,6.113398e-05,0.9838473,0.015900621
512,149,standing,2021-05-07 16:01:35.000,2021-05-07 16:01:36.979,0.021,2,2,0.9769972,0.00023173836,7.7932455e-05,0.9769972,0.022693016
512,149,standing,2021-05-07 16:01:36.000,2021-05-07 16:01:37.979,0.021,2,2,0.9832037,0.00016273437,4.7193433e-05,0.9832037,0.016586302
512,149,standing,2021-05-07 16:01:37.000,2021-05-07 16:01:38.979,0.021,2,2,0.95115775,0.00018987892,4.4817385e-05,0.95115775,0.04860754
512,149,standing,2021-05-07 16:01:38.000,2021-05-07 16:01:39.979,0.021,2,2,0.888412,0.00025251193,5.673497e-05,0.888412,0.1112787
512,149,standing,2021-05-07 16:01:39.000,2021-05-07 16:01:40.979,0.021,2,2,0.9682282,0.0001387497,2.9347535e-05,0.9682282,0.03160362
512,149,standing,2021-05-07 16:01:40.000,2021-05-07 16:01:41.979,0.021,2,2,0.9851358,9.744007e-05,2.0215955e-05,0.9851358,0.014746621
512,149,standing,2021-05-07 16:01:41.000,2021-05-07 16:01:42.979,0.021,2,2,0.99038947,7.5234995e-05,1.4423272e-05,0.99038947,0.009520894
512,149,standing,2021-05-07 16:01:42.000,2021-05-07 16:01:43.979,0.021,2,2,0.9954416,5.7866848e-05,1.0677893e-05,0.9954416,0.00448967
512,149,standing,2021-05-07 16:01:43.000,2021-05-07 16:01:44.979,0.021,2,2,0.9964574,5.1308245e-05,9.11727e-06,0.9964574,0.0034821148
512,149,standing,2021-05-07 16:01:44.000,2021-05-07 16:01:45.979,0.021,2,2,0.99572057,5.5801083e-05,1.0258922e-05,0.99572057,0.0042132176
512,149,standing,2021-05-07 16:01:45.000,2021-05-07 16:01:46.979,0.021,2,2,0.996053,5.1296665e-05,8.923874e-06,0.996053,0.0038867951
512,149,standing,2021-05-07 16:01:46.000,2021-05-07 16:01:47.979,0.021,2,2,0.99697703,3.8843522e-05,5.922413e-06,0.99697703,0.002978245
512,149,standing,2021-05-07 16:01:47.000,2021-05-07 16:01:48.979,0.021,2,2,0.9970926,3.6462337e-05,5.3796466e-06,0.9970926,0.0028655736
512,149,standing,2021-05-07 16:01:48.000,2021-05-07 16:01:49.979,0.021,2,2,0.9955157,6.391968e-05,1.207428e-05,0.9955157,0.0044083907
512,149,standing,2021-05-07 16:01:49.000,2021-05-07 16:01:50.979,0.021,2,2,0.9920725,8.732561e-05,1.8562487e-05,0.9920725,0.007821698
512,149,standing,2021-05-07 16:01:50.000,2021-05-07 16:01:51.979,0.021,2,2,0.9836326,0.00010002656,1.902619e-05,0.9836326,0.016248306
512,149,standing,2021-05-07 16:01:51.000,2021-05-07 16:01:52.979,0.021,2,2,0.9867295,8.005026e-05,1.4634079e-05,0.9867295,0.0131757725
512,149,standing,2021-05-07 16:01:52.000,2021-05-07 16:01:53.979,0.021,2,2,0.9725602,0.000116289026,2.2980179e-05,0.9725602,0.02730053
512,149,standing,2021-05-07 16:01:53.000,2021-05-07 16:01:54.979,0.021,2,2,0.93926173,0.00014057304,2.8937628e-05,0.93926173,0.060568705
512,151,standing,2021-05-07 16:01:57.959,2021-05-07 16:01:59.939,0.021,2,2,0.9910207,4.881965e-05,6.459585e-06,0.9910207,0.008924065
512,151,standing,2021-05-07 16:01:58.959,2021-05-07 16:02:00.940,0.021,2,2,0.9948941,2.939771e-05,3.2687367e-06,0.9948941,0.0050732917
512,151,standing,2021-05-07 16:01:59.959,2021-05-07 16:02:01.940,0.021,2,2,0.9974268,1.7097092e-05,1.7051879e-06,0.9974268,0.0025544218
512,151,standing,2021-05-07 16:02:00.960,2021-05-07 16:02:02.940,0.021,2,2,0.9981046,1.5393616e-05,1.5437037e-06,0.9981046,0.0018785269
512,151,standing,2021-05-07 16:02:01.960,2021-05-07 16:02:03.940,0.021,2,2,0.9973619,1.9984956e-05,2.198229e-06,0.9973619,0.0026158507
512,151,standing,2021-05-07 16:02:02.960,2021-05-07 16:02:04.940,0.021,2,2,0.9954148,2.7367796e-05,3.1579261e-06,0.9954148,0.0045548035
512,151,standing,2021-05-07 16:02:03.960,2021-05-07 16:02:05.940,0.021,2,2,0.98891467,4.6379515e-05,5.881392e-06,0.98891467,0.011033071
512,151,standing,2021-05-07 16:02:04.960,2021-05-07 16:02:06.940,0.021,2,2,0.9378427,0.000118700475,1.6078495e-05,0.9378427,0.062022477
512,151,standing,2021-05-07 16:02:05.960,2021-05-07 16:02:07.940,0.021,2,2,0.8787926,0.00016369617,2.1641934e-05,0.8787926,0.121022105
512,151,standing,2021-05-07 16:02:06.960,2021-05-07 16:02:08.940,0.021,2,2,0.9889249,4.9078597e-05,6.124463e-06,0.9889249,0.011019887
512,151,standing,2021-05-07 16:02:07.960,2021-05-07 16:02:09.940,0.021,2,2,0.9962837,2.2363076e-05,2.5188926e-06,0.9962837,0.00369134
512,151,standing,2021-05-07 16:02:08.960,2021-05-07 16:02:10.940,0.021,2,2,0.9968749,1.7306194e-05,1.7282748e-06,0.9968749,0.0031059845
512,151,standing,2021-05-07 16:02:09.960,2021-05-07 16:02:11.940,0.021,2,2,0.997827,1.4223147e-05,1.3834033e-06,0.997827,0.002157384
512,151,standing,2021-05-07 16:02:10.960,2021-05-07 16:02:12.940,0.021,2,2,0.9980865,1.3695585e-05,1.3377644e-06,0.9980865,0.0018984686
512,151,standing,2021-05-07 16:02:11.960,2021-05-07 16:02:13.940,0.021,2,2,0.9980646,1.4965478e-05,1.5813246e-06,0.9980646,0.0019188725
512,151,standing,2021-05-07 16:02:12.960,2021-05-07 16:02:14.940,0.021,2,2,0.9969126,2.5415437e-05,3.5162436e-06,0.9969126,0.0030585092
512,151,standing,2021-05-07 16:02:13.960,2021-05-07 16:02:15.940,0.021,2,2,0.99306947,4.2389423e-05,7.2614084e-06,0.99306947,0.006880943
512,152,walking,2021-05-07 16:02:16.159,2021-05-07 16:02:18.139,0.021,3,3,0.9780095,0.00036190063,9.4798794e-05,0.0215337,0.9780095
512,152,walking,2021-05-07 16:02:17.159,2021-05-07 16:02:19.139,0.021,3,3,0.9849467,0.00043548056,0.00011380125,0.014503967,0.9849467
512,156,standing,2021-05-07 16:02:23.280,2021-05-07 16:02:25.260,0.021,2,3,0.530904,0.0004725014,0.00012562092,0.4684979,0.530904
512,157,walking,2021-05-07 16:02:26.119,2021-05-07 16:02:28.100,0.021,3,3,0.98919165,0.0013374274,0.0007334896,0.008737298,0.98919165
512,157,walking,2021-05-07 16:02:27.119,2021-05-07 16:02:29.100,0.021,3,3,0.9204745,0.0009705181,0.00044478415,0.0781101,0.9204745
512,160,walking,2021-05-07 16:02:32.159,2021-05-07 16:02:34.139,0.021,3,3,0.97958714,0.00083771185,0.00038048514,0.019194577,0.97958714
512,165,standing,2021-05-07 16:02:40.840,2021-05-07 16:02:42.819,0.021,2,2,0.90041554,0.00022157453,4.413229e-05,0.90041554,0.09931878
512,165,standing,2021-05-07 16:02:41.840,2021-05-07 16:02:43.819,0.021,2,2,0.9928239,7.0126946e-05,1.4666416e-05,0.9928239,0.0070912554
512,165,standing,2021-05-07 16:02:42.840,2021-05-07 16:02:44.819,0.021,2,2,0.9963075,5.3085034e-05,1.0342934e-05,0.9963075,0.0036290947
512,165,standing,2021-05-07 16:02:43.840,2021-05-07 16:02:45.819,0.021,2,2,0.99400467,7.07706e-05,1.5366979e-05,0.99400467,0.0059092096
512,165,standing,2021-05-07 16:02:44.840,2021-05-07 16:02:46.819,0.021,2,2,0.9934167,6.184403e-05,1.2814644e-05,0.9934167,0.00650876
512,165,standing,2021-05-07 16:02:45.840,2021-05-07 16:02:47.819,0.021,2,2,0.9921636,5.575047e-05,1.2465442e-05,0.9921636,0.007768184
512,166,walking,2021-05-07 16:02:48.680,2021-05-07 16:02:50.659,0.021,3,3,0.9985412,0.00039010445,4.8213587e-05,0.0010204379,0.9985412
512,166,walking,2021-05-07 16:02:49.680,2021-05-07 16:02:51.659,0.021,3,3,0.9988016,0.0010967784,5.751338e-05,4.4074546e-05,0.9988016
512,166,walking,2021-05-07 16:02:50.680,2021-05-07 16:02:52.659,0.021,3,3,0.9996459,0.00027188432,1.44340565e-05,6.788654e-05,0.9996459
512,166,walking,2021-05-07 16:02:51.680,2021-05-07 16:02:53.659,0.021,3,3,0.99945337,0.00036445746,2.9333587e-05,0.00015284658,0.99945337
512,166,walking,2021-05-07 16:02:52.680,2021-05-07 16:02:54.659,0.021,3,3,0.9996256,0.0003436249,1.5981732e-05,1.468698e-05,0.9996256
512,166,walking,2021-05-07 16:02:53.680,2021-05-07 16:02:55.659,0.021,3,3,0.99928766,0.00019095461,1.912917e-05,0.0005022645,0.99928766
512,166,walking,2021-05-07 16:02:54.680,2021-05-07 16:02:56.659,0.021,3,3,0.9997833,0.00012782484,8.324001e-06,8.0624035e-05,0.9997833
512,166,walking,2021-05-07 16:02:55.680,2021-05-07 16:02:57.659,0.021,3,3,0.99990195,9.428327e-05,2.1358921e-06,1.6025862e-06,0.99990195
512,166,walking,2021-05-07 16:02:56.680,2021-05-07 16:02:58.659,0.021,3,3,0.99936223,0.00026068813,2.6251746e-05,0.00035074036,0.99936223
512,166,walking,2021-05-07 16:02:57.680,2021-05-07 16:02:59.659,0.021,3,3,0.9982073,0.00021871344,4.8947313e-05,0.0015250992,0.9982073
512,166,walking,2021-05-07 16:02:58.680,2021-05-07 16:03:00.660,0.021,3,3,0.99988025,0.00010943042,3.7296093e-06,6.5231657e-06,0.99988025
512,166,walking,2021-05-07 16:02:59.680,2021-05-07 16:03:01.660,0.021,3,3,0.9997573,0.00023149216,6.1033293e-06,5.1201746e-06,0.9997573
512,166,walking,2021-05-07 16:03:00.680,2021-05-07 16:03:02.660,0.021,3,3,0.9997771,0.00012981692,9.465143e-06,8.3605184e-05,0.9997771
512,166,walking,2021-05-07 16:03:01.680,2021-05-07 16:03:03.660,0.021,3,3,0.99952674,0.0001918448,2.1806854e-05,0.00025958952,0.99952674
512,166,walking,2021-05-07 16:03:02.680,2021-05-07 16:03:04.659,0.021,3,3,0.99976754,0.00021990595,6.6043704e-06,6.0603434e-06,0.99976754
512,166,walking,2021-05-07 16:03:03.680,2021-05-07 16:03:05.659,0.021,3,3,0.99869746,0.0006303937,7.328559e-05,0.00059894705,0.99869746
512,166,walking,2021-05-07 16:03:04.680,2021-05-07 16:03:06.659,0.021,3,3,0.9992365,0.00017437282,2.3851231e-05,0.00056528597,0.9992365
512,166,walking,2021-05-07 16:03:05.680,2021-05-07 16:03:07.659,0.021,3,3,0.9997324,0.00017886006,9.2344635e-06,7.947183e-05,0.9997324
512,166,walking,2021-05-07 16:03:06.680,2021-05-07 16:03:08.659,0.021,3,3,0.9984292,0.00095842796,9.814362e-05,0.0005142858,0.9984292
512,166,walking,2021-05-07 16:03:07.680,2021-05-07 16:03:09.659,0.021,3,3,0.99959916,0.00024461458,1.5936717e-05,0.00014021242,0.99959916
512,166,walking,2021-05-07 16:03:08.680,2021-05-07 16:03:10.659,0.021,3,3,0.99964565,0.00028648725,1.2576022e-05,5.5324675e-05,0.99964565
512,166,walking,2021-05-07 16:03:09.680,2021-05-07 16:03:11.659,0.021,3,3,0.998514,0.0010520867,9.236021e-05,0.00034151142,0.998514
512,166,walking,2021-05-07 16:03:10.680,2021-05-07 16:03:12.659,0.021,3,3,0.99959296,0.00022305218,1.9982594e-05,0.00016402963,0.99959296
512,166,walking,2021-05-07 16:03:11.680,2021-05-07 16:03:13.659,0.021,3,3,0.9998777,0.000113400325,3.0523856e-06,5.8897695e-06,0.9998777
512,166,walking,2021-05-07 16:03:12.680,2021-05-07 16:03:14.659,0.021,3,3,0.9994995,0.00027713718,2.5017673e-05,0.0001983608,0.9994995
512,166,walking,2021-05-07 16:03:13.680,2021-05-07 16:03:15.659,0.021,3,3,0.99933726,0.00016671408,2.7018757e-05,0.0004689538,0.99933726
512,166,walking,2021-05-07 16:03:14.680,2021-05-07 16:03:16.659,0.021,3,3,0.9996733,0.0002794502,1.4446516e-05,3.2840177e-05,0.9996733
512,166,walking,2021-05-07 16:03:15.680,2021-05-07 16:03:17.659,0.021,3,3,0.99796647,0.00047730445,6.892462e-05,0.0014873322,0.99796647
512,166,walking,2021-05-07 16:03:16.680,2021-05-07 16:03:18.659,0.021,3,3,0.9988756,0.00033834396,4.431283e-05,0.0007416683,0.9988756
512,166,walking,2021-05-07 16:03:17.680,2021-05-07 16:03:19.659,0.021,3,3,0.9996435,0.00033136253,1.0632886e-05,1.459499e-05,0.9996435
512,166,walking,2021-05-07 16:03:18.680,2021-05-07 16:03:20.659,0.021,3,3,0.99828386,0.0004449989,6.647397e-05,0.0012046988,0.99828386
512,166,walking,2021-05-07 16:03:19.680,2021-05-07 16:03:21.659,0.021,3,3,0.998836,0.0002480571,4.2724918e-05,0.000873276,0.998836
512,166,walking,2021-05-07 16:03:20.680,2021-05-07 16:03:22.659,0.021,3,3,0.9996876,0.0002760789,9.885417e-06,2.6333975e-05,0.9996876
512,166,walking,2021-05-07 16:03:21.680,2021-05-07 16:03:23.659,0.021,3,3,0.99858606,0.00069094077,7.6150915e-05,0.00064691645,0.99858606
512,166,walking,2021-05-07 16:03:22.680,2021-05-07 16:03:24.659,0.021,3,3,0.9992284,0.00031431636,3.655714e-05,0.00042082026,0.9992284
512,166,walking,2021-05-07 16:03:23.680,2021-05-07 16:03:25.659,0.021,3,3,0.99950904,0.000381782,2.2631995e-05,8.666427e-05,0.99950904
512,166,walking,2021-05-07 16:03:24.680,2021-05-07 16:03:26.659,0.021,3,3,0.99587834,0.00053602154,0.00010728292,0.0034783806,0.99587834
512,167,standing,2021-05-07 16:03:27.440,2021-05-07 16:03:29.420,0.021,2,2,0.9623505,0.00016136144,3.3106677e-05,0.9623505,0.03745509
512,169,standing,2021-05-07 16:03:30.319,2021-05-07 16:03:32.299,0.021,2,2,0.9709486,0.0001165037,2.5504778e-05,0.9709486,0.02890937
512,169,standing,2021-05-07 16:03:31.319,2021-05-07 16:03:33.299,0.021,2,2,0.98515326,8.868514e-05,1.8159622e-05,0.98515326,0.014739788
512,173,walking,2021-05-07 16:03:38.360,2021-05-07 16:03:40.340,0.021,3,3,0.9811575,0.0006335167,0.00023102839,0.017978031,0.9811575
512,173,walking,2021-05-07 16:03:39.360,2021-05-07 16:03:41.340,0.021,3,3,0.9749258,0.00093666755,0.00029897635,0.023838589,0.9749258
512,173,walking,2021-05-07 16:03:40.360,2021-05-07 16:03:42.340,0.021,3,3,0.9996435,0.0001340654,1.258546e-05,0.0002098411,0.9996435
512,173,walking,2021-05-07 16:03:41.360,2021-05-07 16:03:43.340,0.021,3,3,0.9998245,0.00016424594,4.7907656e-06,6.5472386e-06,0.9998245
512,173,walking,2021-05-07 16:03:42.360,2021-05-07 16:03:44.340,0.021,3,3,0.99813944,0.0004195464,5.4838616e-05,0.0013862154,0.99813944
512,173,walking,2021-05-07 16:03:43.360,2021-05-07 16:03:45.340,0.021,3,3,0.9996521,0.00019057753,1.6513515e-05,0.00014083633,0.9996521
512,173,walking,2021-05-07 16:03:44.360,2021-05-07 16:03:46.340,0.021,3,3,0.99980736,0.00018058872,5.373847e-06,6.691485e-06,0.99980736
512,173,walking,2021-05-07 16:03:45.360,2021-05-07 16:03:47.340,0.021,3,3,0.99864686,0.000623435,7.261763e-05,0.0006570293,0.99864686
512,173,walking,2021-05-07 16:03:46.360,2021-05-07 16:03:48.340,0.021,3,3,0.997071,0.0005225957,0.00011668663,0.0022896705,0.997071
512,173,walking,2021-05-07 16:03:47.360,2021-05-07 16:03:49.340,0.021,3,3,0.99960583,0.00030929316,2.0892436e-05,6.3972446e-05,0.99960583
512,173,walking,2021-05-07 16:03:48.360,2021-05-07 16:03:50.340,0.021,3,3,0.9987065,0.0008203309,0.000100275865,0.0003729346,0.9987065
512,173,walking,2021-05-07 16:03:49.360,2021-05-07 16:03:51.340,0.021,3,3,0.99943423,0.00027654142,4.0357303e-05,0.00024884776,0.99943423
512,173,walking,2021-05-07 16:03:50.360,2021-05-07 16:03:52.340,0.021,3,3,0.9998145,0.00015399922,9.0595595e-06,2.2499504e-05,0.9998145
512,173,walking,2021-05-07 16:03:51.360,2021-05-07 16:03:53.340,0.021,3,3,0.9990283,0.00080968573,4.642874e-05,0.00011561189,0.9990283
512,173,walking,2021-05-07 16:03:52.360,2021-05-07 16:03:54.340,0.021,3,3,0.9996738,0.00014818895,8.541155e-06,0.00016939582,0.9996738
512,173,walking,2021-05-07 16:03:53.360,2021-05-07 16:03:55.340,0.021,3,3,0.9978904,0.0004113031,6.193974e-05,0.0016363699,0.9978904
512,173,walking,2021-05-07 16:03:54.360,2021-05-07 16:03:56.340,0.021,3,3,0.99939966,0.000549875,2.2333885e-05,2.8081013e-05,0.99939966
512,175,walking,2021-05-07 16:03:58.040,2021-05-07 16:04:00.019,0.021,3,3,0.998375,0.00043365938,6.312557e-05,0.0011282207,0.998375
512,175,walking,2021-05-07 16:03:59.040,2021-05-07 16:04:01.019,0.021,3,3,0.9989284,0.0007589962,7.0379305e-05,0.00024227254,0.9989284
512,175,walking,2021-05-07 16:04:00.039,2021-05-07 16:04:02.019,0.021,3,3,0.9993626,0.00027032266,2.1709511e-05,0.00034533077,0.9993626
512,175,walking,2021-05-07 16:04:01.039,2021-05-07 16:04:03.019,0.021,3,3,0.99963397,0.00024329021,1.4422175e-05,0.00010833056,0.99963397
512,175,walking,2021-05-07 16:04:02.039,2021-05-07 16:04:04.019,0.021,3,3,0.9991777,0.00077970617,2.5302226e-05,1.7313234e-05,0.9991777
512,175,walking,2021-05-07 16:04:03.039,2021-05-07 16:04:05.019,0.021,3,3,0.9993998,0.00037081493,2.630772e-05,0.00020304628,0.9993998
512,175,walking,2021-05-07 16:04:04.039,2021-05-07 16:04:06.019,0.021,3,3,0.99899423,0.00023707688,3.902496e-05,0.00072968984,0.99899423
512,175,walking,2021-05-07 16:04:05.039,2021-05-07 16:04:07.019,0.021,3,3,0.9996971,0.00025147843,1.4713405e-05,3.6617734e-05,0.9996971
512,175,walking,2021-05-07 16:04:06.039,2021-05-07 16:04:08.020,0.021,3,3,0.9992413,0.0002854985,2.7176222e-05,0.0004461342,0.9992413
512,175,walking,2021-05-07 16:04:07.039,2021-05-07 16:04:09.020,0.021,3,3,0.99923676,0.0001816748,2.180402e-05,0.00055986596,0.99923676
512,175,walking,2021-05-07 16:04:08.039,2021-05-07 16:04:10.020,0.021,3,3,0.9993565,0.00054851576,2.2989603e-05,7.189813e-05,0.9993565
512,175,walking,2021-05-07 16:04:09.039,2021-05-07 16:04:11.020,0.021,3,3,0.9943127,0.0010680086,0.0001870095,0.0044323867,0.9943127
512,175,walking,2021-05-07 16:04:10.039,2021-05-07 16:04:12.020,0.021,3,3,0.99503803,0.0012824737,0.00017567459,0.0035038767,0.99503803
512,175,walking,2021-05-07 16:04:11.039,2021-05-07 16:04:13.020,0.021,3,3,0.9917946,0.004821464,0.00036813438,0.0030158919,0.9917946
512,176,standing,2021-05-07 16:04:13.880,2021-05-07 16:04:15.859,0.021,2,2,0.9889328,6.5906526e-05,1.0465426e-05,0.9889328,0.010990814
512,176,standing,2021-05-07 16:04:14.880,2021-05-07 16:04:16.860,0.021,2,2,0.9964404,4.0369672e-05,5.952358e-06,0.9964404,0.0035131443
512,176,standing,2021-05-07 16:04:15.880,2021-05-07 16:04:17.860,0.021,2,2,0.9969412,3.9625105e-05,5.3183044e-06,0.9969412,0.0030137964
512,176,standing,2021-05-07 16:04:16.880,2021-05-07 16:04:18.860,0.021,2,2,0.9960462,4.448875e-05,6.6283587e-06,0.9960462,0.0039025596
512,177,walking,2021-05-07 16:04:19.360,2021-05-07 16:04:21.340,0.021,3,3,0.9976841,0.00046335752,9.0837566e-05,0.0017617157,0.9976841
512,179,walking,2021-05-07 16:04:22.479,2021-05-07 16:04:24.459,0.021,3,3,0.99912703,0.00019285418,2.151221e-05,0.00065852195,0.99912703
512,179,walking,2021-05-07 16:04:23.479,2021-05-07 16:04:25.459,0.021,3,3,0.9998071,0.00014710907,6.0910497e-06,3.9696897e-05,0.9998071
512,179,walking,2021-05-07 16:04:24.479,2021-05-07 16:04:26.459,0.021,3,3,0.9997517,8.2933315e-05,4.8505053e-06,0.00016052576,0.9997517
512,179,walking,2021-05-07 16:04:25.479,2021-05-07 16:04:27.459,0.021,3,3,0.9563191,0.0013452932,0.00021139267,0.042124264,0.9563191
512,183,walking,2021-05-07 16:04:30.959,2021-05-07 16:04:32.939,0.021,3,3,0.9896737,0.0011775019,0.00036251888,0.008786244,0.9896737
512,183,walking,2021-05-07 16:04:31.959,2021-05-07 16:04:33.939,0.021,3,3,0.9905066,0.0010845598,0.0002897547,0.008119102,0.9905066
512,183,walking,2021-05-07 16:04:32.959,2021-05-07 16:04:34.939,0.021,3,3,0.99850166,0.0013596007,7.166782e-05,6.714288e-05,0.99850166
512,185,walking,2021-05-07 16:04:36.599,2021-05-07 16:04:38.580,0.021,3,3,0.9782233,0.00037008108,0.00010715919,0.021299496,0.9782233
512,185,walking,2021-05-07 16:04:37.599,2021-05-07 16:04:39.580,0.021,3,3,0.9890032,0.00042306157,0.00011273774,0.010460879,0.9890032
512,185,walking,2021-05-07 16:04:38.599,2021-05-07 16:04:40.580,0.021,3,3,0.9990923,0.00023447712,2.8208706e-05,0.0006451516,0.9990923
512,185,walking,2021-05-07 16:04:39.599,2021-05-07 16:04:41.580,0.021,3,3,0.99956465,0.00033067254,1.9765923e-05,8.49973e-05,0.99956465
512,188,standing,2021-05-07 16:04:43.599,2021-05-07 16:04:45.580,0.021,2,2,0.9922052,2.7328688e-05,3.9809393e-06,0.9922052,0.007763488
512,191,walking,2021-05-07 16:04:47.080,2021-05-07 16:04:49.060,0.021,3,3,0.9926404,0.00091990764,0.00030866958,0.0061310595,0.9926404
512,191,walking,2021-05-07 16:04:48.080,2021-05-07 16:04:50.060,0.021,3,3,0.9965715,0.00050533604,8.415053e-05,0.0028391357,0.9965715
512,191,walking,2021-05-07 16:04:49.080,2021-05-07 16:04:51.060,0.021,3,3,0.996154,0.00051569723,6.1679006e-05,0.0032686093,0.996154
512,191,walking,2021-05-07 16:04:50.080,2021-05-07 16:04:52.060,0.021,3,3,0.9946514,0.00054108247,7.303833e-05,0.0047344915,0.9946514
512,191,walking,2021-05-07 16:04:51.080,2021-05-07 16:04:53.060,0.021,3,3,0.9919343,0.0006130524,0.00012775676,0.007324867,0.9919343
512,191,walking,2021-05-07 16:04:52.080,2021-05-07 16:04:54.060,0.021,3,3,0.99745274,0.00029622903,4.417895e-05,0.0022067537,0.99745274
512,191,walking,2021-05-07 16:04:53.080,2021-05-07 16:04:55.060,0.021,3,3,0.9982632,0.00054241583,6.4239466e-05,0.0011302347,0.9982632
512,191,walking,2021-05-07 16:04:54.080,2021-05-07 16:04:56.060,0.021,3,3,0.98125505,0.0008811315,0.00029741068,0.01756647,0.98125505
512,191,walking,2021-05-07 16:04:55.080,2021-05-07 16:04:57.060,0.021,3,3,0.99265933,0.0004566533,0.0001076406,0.006776375,0.99265933
512,191,walking,2021-05-07 16:04:56.080,2021-05-07 16:04:58.060,0.021,3,3,0.99381906,0.0004470755,7.077027e-05,0.0056631393,0.99381906
512,191,walking,2021-05-07 16:04:57.080,2021-05-07 16:04:59.060,0.021,3,3,0.9861411,0.000906943,0.00019954897,0.012752362,0.9861411
512,191,walking,2021-05-07 16:04:58.080,2021-05-07 16:05:00.059,0.021,3,3,0.97092026,0.00067065435,0.00022878518,0.02818033,0.97092026
512,191,walking,2021-05-07 16:04:59.080,2021-05-07 16:05:01.059,0.021,3,3,0.922424,0.0006527695,0.00028347565,0.07663968,0.922424
512,193,standing,2021-05-07 16:05:03.200,2021-05-07 16:05:05.180,0.021,2,2,0.9142079,0.00010451459,2.2935787e-05,0.9142079,0.08566473
512,195,walking,2021-05-07 16:05:06.440,2021-05-07 16:05:08.420,0.021,3,3,0.9987477,0.0005014079,5.1910494e-05,0.0006989952,0.9987477
512,195,walking,2021-05-07 16:05:07.440,2021-05-07 16:05:09.420,0.021,3,3,0.99475676,0.00070260826,0.00016638509,0.0043742047,0.99475676
512,195,walking,2021-05-07 16:05:08.440,2021-05-07 16:05:10.420,0.021,3,3,0.9993905,0.0004140573,3.3779434e-05,0.0001616913,0.9993905
512,195,walking,2021-05-07 16:05:09.440,2021-05-07 16:05:11.420,0.021,3,3,0.998975,0.0004689159,4.965151e-05,0.0005063896,0.998975
512,195,walking,2021-05-07 16:05:10.440,2021-05-07 16:05:12.420,0.021,3,3,0.9877821,0.0008727889,0.00036569644,0.010979475,0.9877821
512,195,walking,2021-05-07 16:05:11.440,2021-05-07 16:05:13.420,0.021,3,3,0.99206567,0.0010067653,0.0003943277,0.0065332153,0.99206567
512,195,walking,2021-05-07 16:05:12.440,2021-05-07 16:05:14.420,0.021,3,3,0.99784726,0.00028641976,6.145442e-05,0.001804951,0.99784726
512,195,walking,2021-05-07 16:05:13.440,2021-05-07 16:05:15.420,0.021,3,3,0.9990318,0.00028226525,4.9048514e-05,0.0006368742,0.9990318
512,195,walking,2021-05-07 16:05:14.440,2021-05-07 16:05:16.420,0.021,3,3,0.99843866,0.000578954,6.8761605e-05,0.0009136809,0.99843866
512,195,walking,2021-05-07 16:05:15.440,2021-05-07 16:05:17.420,0.021,3,3,0.9986816,0.000433284,6.218721e-05,0.0008228982,0.9986816
512,195,walking,2021-05-07 16:05:16.440,2021-05-07 16:05:18.420,0.021,3,3,0.9985839,0.0005155309,8.0525315e-05,0.0008200226,0.9985839
512,195,walking,2021-05-07 16:05:17.440,2021-05-07 16:05:19.420,0.021,3,3,0.99768484,0.00037186712,8.4814645e-05,0.0018585032,0.99768484
512,195,walking,2021-05-07 16:05:18.440,2021-05-07 16:05:20.420,0.021,3,3,0.99904686,0.00038548344,4.608951e-05,0.0005215575,0.99904686
512,195,walking,2021-05-07 16:05:19.440,2021-05-07 16:05:21.420,0.021,3,3,0.9990806,0.0005288176,4.889772e-05,0.0003417336,0.9990806
512,195,walking,2021-05-07 16:05:20.440,2021-05-07 16:05:22.420,0.021,3,3,0.9982992,0.00033429347,5.5979694e-05,0.001310546,0.9982992
512,195,walking,2021-05-07 16:05:21.440,2021-05-07 16:05:23.420,0.021,3,3,0.999198,0.00037742345,4.1244988e-05,0.0003832798,0.999198
512,195,walking,2021-05-07 16:05:22.440,2021-05-07 16:05:24.420,0.021,3,3,0.9929365,0.00046108614,0.00010123465,0.006501213,0.9929365
512,195,walking,2021-05-07 16:05:23.440,2021-05-07 16:05:25.420,0.021,3,3,0.9929599,0.00040586735,0.00010100145,0.00653322,0.9929599
512,195,walking,2021-05-07 16:05:24.440,2021-05-07 16:05:26.420,0.021,3,3,0.99491966,0.00061278645,0.00012105843,0.0043464485,0.99491966
512,195,walking,2021-05-07 16:05:25.440,2021-05-07 16:05:27.420,0.021,3,3,0.99911714,0.00018651265,1.852647e-05,0.0006777112,0.99911714
512,195,walking,2021-05-07 16:05:26.440,2021-05-07 16:05:28.420,0.021,3,3,0.9996616,0.00021512691,1.4584541e-05,0.00010860572,0.9996616
512,195,walking,2021-05-07 16:05:27.440,2021-05-07 16:05:29.420,0.021,3,3,0.9978733,0.00036669205,4.7275167e-05,0.0017127411,0.9978733
512,195,walking,2021-05-07 16:05:28.440,2021-05-07 16:05:30.420,0.021,3,3,0.9871428,0.00097052054,0.000268905,0.011617825,0.9871428
512,195,walking,2021-05-07 16:05:29.440,2021-05-07 16:05:31.420,0.021,3,3,0.9915081,0.0013543871,0.00039468418,0.0067427782,0.9915081
512,195,walking,2021-05-07 16:05:30.440,2021-05-07 16:05:32.419,0.021,3,3,0.99867666,0.00030210125,4.1885425e-05,0.0009793795,0.99867666
512,195,walking,2021-05-07 16:05:31.440,2021-05-07 16:05:33.419,0.021,3,3,0.99941707,0.00035968327,3.2924287e-05,0.00019033912,0.99941707
512,195,walking,2021-05-07 16:05:32.439,2021-05-07 16:05:34.419,0.021,3,3,0.9987929,0.00041778412,4.6451987e-05,0.0007428272,0.9987929
512,195,walking,2021-05-07 16:05:33.439,2021-05-07 16:05:35.419,0.021,3,3,0.9987358,0.00027803789,3.7009828e-05,0.0009491925,0.9987358
512,197,walking,2021-05-07 16:05:37.080,2021-05-07 16:05:39.060,0.021,3,3,0.9995531,0.00019502871,1.84892e-05,0.00023345597,0.9995531
512,197,walking,2021-05-07 16:05:38.080,2021-05-07 16:05:40.060,0.021,3,3,0.99937963,0.00017640695,1.9841504e-05,0.00042404805,0.99937963
512,197,walking,2021-05-07 16:05:39.080,2021-05-07 16:05:41.060,0.021,3,3,0.9988997,0.00072668475,7.9644764e-05,0.0002939731,0.9988997
512,197,walking,2021-05-07 16:05:40.080,2021-05-07 16:05:42.060,0.021,3,3,0.99876404,0.00028654293,4.3634387e-05,0.00090577174,0.99876404
512,197,walking,2021-05-07 16:05:41.080,2021-05-07 16:05:43.060,0.021,3,3,0.99912953,0.00033131475,4.132713e-05,0.00049774785,0.99912953
512,197,walking,2021-05-07 16:05:42.080,2021-05-07 16:05:44.060,0.021,3,3,0.99795,0.00044204373,6.1214305e-05,0.0015467139,0.99795
512,197,walking,2021-05-07 16:05:43.080,2021-05-07 16:05:45.060,0.021,3,3,0.99755085,0.00055898505,8.084115e-05,0.0018093293,0.99755085
512,197,walking,2021-05-07 16:05:44.080,2021-05-07 16:05:46.060,0.021,3,3,0.9977956,0.001154159,0.00016341535,0.0008868333,0.9977956
512,197,walking,2021-05-07 16:05:45.080,2021-05-07 16:05:47.060,0.021,3,3,0.99600226,0.0003358007,6.707862e-05,0.0035947599,0.99600226
512,197,walking,2021-05-07 16:05:46.080,2021-05-07 16:05:48.060,0.021,3,3,0.9949269,0.0015538174,0.00036512394,0.0031540857,0.9949269
512,197,walking,2021-05-07 16:05:47.080,2021-05-07 16:05:49.060,0.021,3,3,0.9952669,0.0012980336,0.00025483326,0.0031802373,0.9952669
512,197,walking,2021-05-07 16:05:48.080,2021-05-07 16:05:50.060,0.021,3,3,0.99728304,0.00048111277,7.18954e-05,0.002163873,0.99728304
512,197,walking,2021-05-07 16:05:49.080,2021-05-07 16:05:51.060,0.021,3,3,0.9980107,0.0017262456,0.00014925213,0.000113821276,0.9980107
512,197,walking,2021-05-07 16:05:50.080,2021-05-07 16:05:52.060,0.021,3,3,0.99769884,0.00082555506,0.0001547859,0.0013208301,0.99769884
512,197,walking,2021-05-07 16:05:51.080,2021-05-07 16:05:53.060,0.021,3,3,0.98394,0.002508787,0.0009466804,0.012604578,0.98394
512,197,walking,2021-05-07 16:05:52.080,2021-05-07 16:05:54.060,0.021,3,3,0.986362,0.0016568885,0.0004956848,0.011485313,0.986362
512,197,walking,2021-05-07 16:05:53.080,2021-05-07 16:05:55.060,0.021,3,3,0.9989916,0.0004989768,4.965906e-05,0.00045978682,0.9989916
512,200,standing,2021-05-07 16:05:57.400,2021-05-07 16:05:59.380,0.021,2,2,0.9070419,0.00022070996,6.4589665e-05,0.9070419,0.092672825
512,200,standing,2021-05-07 16:05:58.400,2021-05-07 16:06:00.380,0.021,2,2,0.97216195,0.00010774231,2.9787085e-05,0.97216195,0.02770053
512,201,walking,2021-05-07 16:06:00.400,2021-05-07 16:06:02.380,0.021,3,3,0.99845856,0.0008264052,0.000103453305,0.00061157916,0.99845856
512,201,walking,2021-05-07 16:06:01.400,2021-05-07 16:06:03.380,0.021,3,3,0.9993326,0.0006275918,2.8139204e-05,1.1589669e-05,0.9993326
512,201,walking,2021-05-07 16:06:02.400,2021-05-07 16:06:04.380,0.021,3,3,0.9988311,0.0006946624,9.267202e-05,0.00038158312,0.9988311
512,201,walking,2021-05-07 16:06:03.400,2021-05-07 16:06:05.380,0.021,3,3,0.9808165,0.001712751,0.00114236,0.0163283,0.9808165
512,201,walking,2021-05-07 16:06:04.400,2021-05-07 16:06:06.380,0.021,3,3,0.9773512,0.0011216789,0.00066665735,0.020860346,0.9773512
512,201,walking,2021-05-07 16:06:05.400,2021-05-07 16:06:07.380,0.021,3,3,0.9950295,0.00043516446,0.00010201405,0.0044333194,0.9950295
512,201,walking,2021-05-07 16:06:06.400,2021-05-07 16:06:08.380,0.021,3,3,0.9894616,0.00035456292,8.4309206e-05,0.010099493,0.9894616
512,201,walking,2021-05-07 16:06:07.400,2021-05-07 16:06:09.380,0.021,3,3,0.98279274,0.0006036064,0.00020863759,0.016394999,0.98279274
512,201,walking,2021-05-07 16:06:08.399,2021-05-07 16:06:10.380,0.021,3,3,0.9947358,0.0006434589,0.00014020852,0.004480475,0.9947358
512,201,walking,2021-05-07 16:06:09.399,2021-05-07 16:06:11.380,0.021,3,3,0.9953172,0.00029660205,6.11085e-05,0.0043251496,0.9953172
512,201,walking,2021-05-07 16:06:10.399,2021-05-07 16:06:12.380,0.021,3,3,0.99549,0.0005149158,8.710594e-05,0.003907939,0.99549
512,201,walking,2021-05-07 16:06:11.399,2021-05-07 16:06:13.380,0.021,3,3,0.99701005,0.00059967337,7.075215e-05,0.0023196016,0.99701005
512,201,walking,2021-05-07 16:06:12.399,2021-05-07 16:06:14.380,0.021,3,3,0.99476296,0.0006127186,0.000109891276,0.004514495,0.99476296
512,201,walking,2021-05-07 16:06:13.399,2021-05-07 16:06:15.380,0.021,3,3,0.9885885,0.00046132554,9.110917e-05,0.01085897,0.9885885
512,201,walking,2021-05-07 16:06:14.399,2021-05-07 16:06:16.380,0.021,3,3,0.96905816,0.0005759478,0.0001342625,0.030231545,0.96905816
512,201,walking,2021-05-07 16:06:15.399,2021-05-07 16:06:17.380,0.021,3,3,0.98231846,0.0010444347,0.00020268589,0.016434414,0.98231846
512,201,walking,2021-05-07 16:06:16.399,2021-05-07 16:06:18.380,0.021,3,3,0.9744223,0.0011235867,0.00029218828,0.02416204,0.9744223
512,201,walking,2021-05-07 16:06:17.399,2021-05-07 16:06:19.380,0.021,3,3,0.9863927,0.00047036936,0.000111534835,0.013025456,0.9863927
512,201,walking,2021-05-07 16:06:18.399,2021-05-07 16:06:20.380,0.021,3,3,0.9884082,0.0004196392,8.822394e-05,0.011083896,0.9884082
512,201,walking,2021-05-07 16:06:19.399,2021-05-07 16:06:21.380,0.021,3,3,0.99744874,0.00032428294,4.663299e-05,0.0021803596,0.99744874
512,201,walking,2021-05-07 16:06:20.399,2021-05-07 16:06:22.380,0.021,3,3,0.9981774,0.00043087572,4.8890986e-05,0.0013428,0.9981774
512,201,walking,2021-05-07 16:06:21.399,2021-05-07 16:06:23.380,0.021,3,3,0.9974195,0.00021590372,3.2852524e-05,0.0023317602,0.9974195
512,201,walking,2021-05-07 16:06:22.399,2021-05-07 16:06:24.380,0.021,3,3,0.9996423,0.0002551768,1.6996875e-05,8.553525e-05,0.9996423
512,201,walking,2021-05-07 16:06:23.399,2021-05-07 16:06:25.380,0.021,3,3,0.9992824,0.00040524002,3.769567e-05,0.00027470794,0.9992824
512,201,walking,2021-05-07 16:06:24.399,2021-05-07 16:06:26.380,0.021,3,3,0.9998874,8.2807914e-05,3.8937324e-06,2.5817848e-05,0.9998874
512,201,walking,2021-05-07 16:06:25.399,2021-05-07 16:06:27.380,0.021,3,3,0.999903,9.075898e-05,2.0497744e-06,4.0559726e-06,0.999903
512,201,walking,2021-05-07 16:06:26.399,2021-05-07 16:06:28.380,0.021,3,3,0.9989035,0.00042504419,4.2379328e-05,0.0006290417,0.9989035
512,201,walking,2021-05-07 16:06:27.399,2021-05-07 16:06:29.380,0.021,3,3,0.9965135,0.00024615374,4.4575037e-05,0.0031957824,0.9965135
512,201,walking,2021-05-07 16:06:28.399,2021-05-07 16:06:30.380,0.021,3,3,0.99853915,0.00028941894,3.9573686e-05,0.001131785,0.99853915
512,201,walking,2021-05-07 16:06:29.399,2021-05-07 16:06:31.380,0.021,3,3,0.9929042,0.00027602035,6.058923e-05,0.006759173,0.9929042
512,201,walking,2021-05-07 16:06:30.399,2021-05-07 16:06:32.380,0.021,3,3,0.99889207,0.00024583345,3.351528e-05,0.0008285695,0.99889207
512,201,walking,2021-05-07 16:06:31.399,2021-05-07 16:06:33.380,0.021,3,3,0.9991157,0.00046487193,4.8940867e-05,0.0003704715,0.9991157
512,201,walking,2021-05-07 16:06:32.400,2021-05-07 16:06:34.380,0.021,3,3,0.998338,0.00016612415,2.7290462e-05,0.0014685278,0.998338
512,201,walking,2021-05-07 16:06:33.400,2021-05-07 16:06:35.380,0.021,3,3,0.99971557,0.00013917185,9.276146e-06,0.00013593251,0.99971557
512,201,walking,2021-05-07 16:06:34.400,2021-05-07 16:06:36.380,0.021,3,3,0.9996273,0.00029989317,1.2763783e-05,6.000661e-05,0.9996273
512,201,walking,2021-05-07 16:06:35.400,2021-05-07 16:06:37.380,0.021,3,3,0.9991149,0.0001269403,1.4292105e-05,0.0007438785,0.9991149
512,201,walking,2021-05-07 16:06:36.400,2021-05-07 16:06:38.380,0.021,3,3,0.99897426,0.0002538244,2.7603863e-05,0.0007444242,0.99897426
512,201,walking,2021-05-07 16:06:37.400,2021-05-07 16:06:39.380,0.021,3,3,0.9993095,0.00046636452,3.6543788e-05,0.00018772717,0.9993095
512,201,walking,2021-05-07 16:06:38.400,2021-05-07 16:06:40.380,0.021,3,3,0.9995865,0.000114720046,9.346257e-06,0.0002892854,0.9995865
512,201,walking,2021-05-07 16:06:39.400,2021-05-07 16:06:41.380,0.021,3,3,0.99903107,0.00019856739,2.1708229e-05,0.0007487072,0.99903107
512,201,walking,2021-05-07 16:06:40.400,2021-05-07 16:06:42.380,0.021,3,3,0.9959878,0.000582629,9.766388e-05,0.0033319534,0.9959878
512,201,walking,2021-05-07 16:06:41.400,2021-05-07 16:06:43.380,0.021,3,3,0.99804413,0.00019937698,2.7883347e-05,0.0017285373,0.99804413
512,201,walking,2021-05-07 16:06:42.400,2021-05-07 16:06:44.380,0.021,3,3,0.999489,0.00023986373,2.4036532e-05,0.0002470649,0.999489
512,201,walking,2021-05-07 16:06:43.400,2021-05-07 16:06:45.380,0.021,3,3,0.99762774,0.00043431783,6.688264e-05,0.0018709899,0.99762774
512,201,walking,2021-05-07 16:06:44.400,2021-05-07 16:06:46.380,0.021,3,3,0.9987089,0.00028985707,3.9755872e-05,0.0009615794,0.9987089
512,201,walking,2021-05-07 16:06:45.400,2021-05-07 16:06:47.380,0.021,3,3,0.99911666,0.00042161086,4.3771724e-05,0.00041795123,0.99911666
512,201,walking,2021-05-07 16:06:46.400,2021-05-07 16:06:48.380,0.021,3,3,0.9987552,0.00020064923,2.425804e-05,0.0010198335,0.9987552
512,201,walking,2021-05-07 16:06:47.400,2021-05-07 16:06:49.380,0.021,3,3,0.9963778,0.00032793518,4.7499332e-05,0.0032466329,0.9963778
512,201,walking,2021-05-07 16:06:48.400,2021-05-07 16:06:50.380,0.021,3,3,0.9979141,0.0011234073,0.00012405911,0.00083841267,0.9979141
512,201,walking,2021-05-07 16:06:49.400,2021-05-07 16:06:51.380,0.021,3,3,0.99839735,0.0001406,1.6451158e-05,0.0014455692,0.99839735
512,201,walking,2021-05-07 16:06:50.400,2021-05-07 16:06:52.380,0.021,3,3,0.9992903,0.00020235463,1.6980635e-05,0.00049043715,0.9992903
512,201,walking,2021-05-07 16:06:51.400,2021-05-07 16:06:53.380,0.021,3,3,0.99883395,0.0003549388,3.8507704e-05,0.0007725622,0.99883395
512,201,walking,2021-05-07 16:06:52.400,2021-05-07 16:06:54.380,0.021,3,3,0.98330593,0.0009302125,0.00032781894,0.015435965,0.98330593
512,201,walking,2021-05-07 16:06:53.400,2021-05-07 16:06:55.380,0.021,3,3,0.99722266,0.0009868748,0.00015801369,0.0016324779,0.99722266
512,201,walking,2021-05-07 16:06:54.400,2021-05-07 16:06:56.380,0.021,3,3,0.999307,0.00018076223,1.7648286e-05,0.0004946449,0.999307
512,201,walking,2021-05-07 16:06:55.400,2021-05-07 16:06:57.380,0.021,3,3,0.9982177,0.00035236808,3.9201044e-05,0.0013905992,0.9982177
512,201,walking,2021-05-07 16:06:56.400,2021-05-07 16:06:58.380,0.021,3,3,0.99851304,0.00063848874,7.311452e-05,0.00077535625,0.99851304
512,201,walking,2021-05-07 16:06:57.400,2021-05-07 16:06:59.380,0.021,3,3,0.99927944,0.00019890847,1.8924608e-05,0.0005027112,0.99927944
512,201,walking,2021-05-07 16:06:58.400,2021-05-07 16:07:00.380,0.021,3,3,0.99905056,0.00027667236,3.6249596e-05,0.0006364839,0.99905056
512,201,walking,2021-05-07 16:06:59.400,2021-05-07 16:07:01.380,0.021,3,3,0.98346245,0.0004290715,0.000108147746,0.0160002,0.98346245
512,201,walking,2021-05-07 16:07:00.400,2021-05-07 16:07:02.380,0.021,3,3,0.99822414,0.00030466114,4.0493615e-05,0.001430806,0.99822414
512,201,walking,2021-05-07 16:07:01.400,2021-05-07 16:07:03.380,0.021,3,3,0.9985916,0.00078939967,9.4078576e-05,0.0005248953,0.9985916
512,201,walking,2021-05-07 16:07:02.400,2021-05-07 16:07:04.380,0.021,3,3,0.9985026,0.0001947838,2.6864542e-05,0.0012758004,0.9985026
512,201,walking,2021-05-07 16:07:03.400,2021-05-07 16:07:05.380,0.021,3,3,0.9995239,0.00014127546,1.3689904e-05,0.00032119808,0.9995239
512,201,walking,2021-05-07 16:07:04.400,2021-05-07 16:07:06.380,0.021,3,3,0.998911,0.00015938882,1.6655615e-05,0.000912988,0.998911
512,201,walking,2021-05-07 16:07:05.400,2021-05-07 16:07:07.380,0.021,3,3,0.9944491,0.00019773265,2.3104052e-05,0.005329998,0.9944491
512,201,walking,2021-05-07 16:07:06.400,2021-05-07 16:07:08.380,0.021,3,3,0.9923119,0.00018326301,1.6965965e-05,0.0074878274,0.9923119
512,201,walking,2021-05-07 16:07:07.400,2021-05-07 16:07:09.380,0.021,3,3,0.9995153,0.0001648557,9.525073e-06,0.00031038173,0.9995153
512,201,walking,2021-05-07 16:07:08.399,2021-05-07 16:07:10.380,0.021,3,3,0.99961084,0.00025154644,1.0354549e-05,0.00012713044,0.99961084
512,201,walking,2021-05-07 16:07:09.399,2021-05-07 16:07:11.380,0.021,3,3,0.99903095,0.00018943148,1.5804913e-05,0.0007637919,0.99903095
512,201,walking,2021-05-07 16:07:10.399,2021-05-07 16:07:12.380,0.021,3,3,0.9955852,0.0008205913,0.0001459176,0.0034482973,0.9955852
512,201,walking,2021-05-07 16:07:11.399,2021-05-07 16:07:13.380,0.021,3,3,0.99342453,0.0012846866,0.00021645433,0.0050743055,0.99342453
512,201,walking,2021-05-07 16:07:12.399,2021-05-07 16:07:14.380,0.021,3,3,0.9937335,0.00053185725,8.820075e-05,0.005646391,0.9937335
512,201,walking,2021-05-07 16:07:13.399,2021-05-07 16:07:15.380,0.021,3,3,0.9949332,0.00076842704,0.00017076392,0.0041275914,0.9949332
512,201,walking,2021-05-07 16:07:14.399,2021-05-07 16:07:16.380,0.021,3,3,0.9980145,0.00023995317,3.9718874e-05,0.0017058691,0.9980145
512,201,walking,2021-05-07 16:07:15.399,2021-05-07 16:07:17.380,0.021,3,3,0.9982357,0.00041629502,5.620685e-05,0.0012917932,0.9982357
512,201,walking,2021-05-07 16:07:16.399,2021-05-07 16:07:18.380,0.021,3,3,0.9973803,0.00053048646,8.39771e-05,0.0020051533,0.9973803
512,201,walking,2021-05-07 16:07:17.399,2021-05-07 16:07:19.380,0.021,3,3,0.99426293,0.0007852702,0.00021315819,0.004738708,0.99426293
512,201,walking,2021-05-07 16:07:18.399,2021-05-07 16:07:20.380,0.021,3,3,0.99149954,0.0009275145,0.00030358144,0.0072693327,0.99149954
512,201,walking,2021-05-07 16:07:19.399,2021-05-07 16:07:21.380,0.021,3,3,0.998227,0.000115302115,1.687349e-05,0.0016409114,0.998227
512,201,walking,2021-05-07 16:07:20.399,2021-05-07 16:07:22.380,0.021,3,3,0.9997566,0.00018674936,8.277209e-06,4.8406837e-05,0.9997566
512,201,walking,2021-05-07 16:07:21.399,2021-05-07 16:07:23.380,0.021,3,3,0.99920815,0.00037239262,2.678247e-05,0.0003927592,0.99920815
512,201,walking,2021-05-07 16:07:22.399,2021-05-07 16:07:24.380,0.021,3,3,0.999426,0.00017785288,1.730786e-05,0.00037890163,0.999426
512,201,walking,2021-05-07 16:07:23.399,2021-05-07 16:07:25.380,0.021,3,3,0.9995681,0.00031683577,1.3159771e-05,0.00010196035,0.9995681
512,203,walking,2021-05-07 16:07:27.200,2021-05-07 16:07:29.180,0.021,3,3,0.9991812,0.00010722624,1.0122176e-05,0.0007014333,0.9991812
512,203,walking,2021-05-07 16:07:28.200,2021-05-07 16:07:30.180,0.021,3,3,0.99850607,0.00015733187,2.822126e-05,0.0013083928,0.99850607
512,203,walking,2021-05-07 16:07:29.200,2021-05-07 16:07:31.180,0.021,3,3,0.9990014,0.0002031183,2.7335409e-05,0.0007681426,0.9990014
512,206,standing,2021-05-07 16:07:32.639,2021-05-07 16:07:34.619,0.021,2,2,0.93334615,0.00010999791,2.3973305e-05,0.93334615,0.066519886
512,206,standing,2021-05-07 16:07:33.639,2021-05-07 16:07:35.619,0.021,2,2,0.9349819,0.000101666075,2.2200333e-05,0.9349819,0.064894326
512,206,standing,2021-05-07 16:07:34.639,2021-05-07 16:07:36.619,0.021,2,2,0.97000015,6.628226e-05,1.4995906e-05,0.97000015,0.029918596
512,206,standing,2021-05-07 16:07:35.639,2021-05-07 16:07:37.619,0.021,2,2,0.99298245,3.1894553e-05,6.6070943e-06,0.99298245,0.006979012
512,206,standing,2021-05-07 16:07:36.639,2021-05-07 16:07:38.619,0.021,2,2,0.99169546,3.311866e-05,7.090034e-06,0.99169546,0.008264405
512,206,standing,2021-05-07 16:07:37.639,2021-05-07 16:07:39.619,0.021,2,2,0.9857648,4.0000512e-05,9.234171e-06,0.9857648,0.014186026
512,206,standing,2021-05-07 16:07:38.639,2021-05-07 16:07:40.619,0.021,2,2,0.9830602,4.535017e-05,1.1472138e-05,0.9830602,0.016882978
512,206,standing,2021-05-07 16:07:39.639,2021-05-07 16:07:41.619,0.021,2,2,0.9884152,4.312033e-05,1.1306203e-05,0.9884152,0.011530303
512,206,standing,2021-05-07 16:07:40.639,2021-05-07 16:07:42.619,0.021,2,2,0.9933477,3.5989226e-05,9.304085e-06,0.9933477,0.006607042
512,210,standing,2021-05-07 16:07:48.240,2021-05-07 16:07:50.220,0.021,2,2,0.9919135,2.6659129e-05,5.369126e-06,0.9919135,0.008054561
512,210,standing,2021-05-07 16:07:49.240,2021-05-07 16:07:51.220,0.021,2,2,0.9958064,1.9280244e-05,3.6213792e-06,0.9958064,0.004170568
512,210,standing,2021-05-07 16:07:50.240,2021-05-07 16:07:52.220,0.021,2,2,0.9961822,1.5134112e-05,2.8414306e-06,0.9961822,0.0037998457
512,210,standing,2021-05-07 16:07:51.240,2021-05-07 16:07:53.220,0.021,2,2,0.9956124,1.5382002e-05,2.9788505e-06,0.9956124,0.004369233
512,210,standing,2021-05-07 16:07:52.240,2021-05-07 16:07:54.220,0.021,2,2,0.9964524,1.5641339e-05,2.9457026e-06,0.9964524,0.0035289773
512,210,standing,2021-05-07 16:07:53.240,2021-05-07 16:07:55.220,0.021,2,2,0.99372125,2.7708587e-05,5.6701115e-06,0.99372125,0.0062453733
512,210,standing,2021-05-07 16:07:54.240,2021-05-07 16:07:56.220,0.021,2,2,0.9907732,4.4636483e-05,9.448069e-06,0.9907732,0.009172771
512,210,standing,2021-05-07 16:07:55.240,2021-05-07 16:07:57.220,0.021,2,2,0.9944601,3.41526e-05,6.5172485e-06,0.9944601,0.005499273
512,210,standing,2021-05-07 16:07:56.240,2021-05-07 16:07:58.220,0.021,2,2,0.99220014,2.8290053e-05,5.9148706e-06,0.99220014,0.0077655925
512,210,standing,2021-05-07 16:07:57.240,2021-05-07 16:07:59.220,0.021,2,2,0.96853286,5.648055e-05,1.32697905e-05,0.96853286,0.031397473
512,210,standing,2021-05-07 16:07:58.240,2021-05-07 16:08:00.220,0.021,2,2,0.9809873,3.965199e-05,8.835523e-06,0.9809873,0.018964145
512,210,standing,2021-05-07 16:07:59.240,2021-05-07 16:08:01.220,0.021,2,2,0.9943851,1.5875587e-05,3.058686e-06,0.9943851,0.005595892
512,210,standing,2021-05-07 16:08:00.240,2021-05-07 16:08:02.220,0.021,2,2,0.9967847,1.24748785e-05,2.1353094e-06,0.9967847,0.0032006896
512,210,standing,2021-05-07 16:08:01.240,2021-05-07 16:08:03.220,0.021,2,2,0.9931959,1.803229e-05,3.2314517e-06,0.9931959,0.0067828
512,210,standing,2021-05-07 16:08:02.240,2021-05-07 16:08:04.220,0.021,2,2,0.9841775,2.8537233e-05,5.6493136e-06,0.9841775,0.015788453
512,212,standing,2021-05-07 16:08:06.680,2021-05-07 16:08:08.659,0.021,2,2,0.9879426,4.1713956e-05,8.973242e-06,0.9879426,0.0120068565
512,212,standing,2021-05-07 16:08:07.680,2021-05-07 16:08:09.659,0.021,2,2,0.9949721,2.095799e-05,3.8844696e-06,0.9949721,0.005003081
512,212,standing,2021-05-07 16:08:08.680,2021-05-07 16:08:10.659,0.021,2,2,0.9964478,1.5261796e-05,2.3949653e-06,0.9964478,0.003534414
512,212,standing,2021-05-07 16:08:09.680,2021-05-07 16:08:11.659,0.021,2,2,0.9972632,1.4372432e-05,2.138071e-06,0.9972632,0.0027202507
512,212,standing,2021-05-07 16:08:10.680,2021-05-07 16:08:12.659,0.021,2,2,0.9966149,2.147669e-05,3.6325514e-06,0.9966149,0.003359989
512,212,standing,2021-05-07 16:08:11.680,2021-05-07 16:08:13.659,0.021,2,2,0.9971097,2.4397337e-05,4.3374716e-06,0.9971097,0.0028614555
512,212,standing,2021-05-07 16:08:12.680,2021-05-07 16:08:14.659,0.021,2,2,0.997025,2.340215e-05,4.3084883e-06,0.997025,0.0029471875
512,212,standing,2021-05-07 16:08:13.680,2021-05-07 16:08:15.659,0.021,2,2,0.99244326,3.70215e-05,7.777583e-06,0.99244326,0.0075120046
512,215,walking,2021-05-07 16:08:16.760,2021-05-07 16:08:18.739,0.021,3,3,0.9594326,0.002240227,0.00026053406,0.03806661,0.9594326
512,215,walking,2021-05-07 16:08:17.760,2021-05-07 16:08:19.739,0.021,3,3,0.991089,0.0019185451,0.00021542053,0.006777008,0.991089
512,215,walking,2021-05-07 16:08:18.760,2021-05-07 16:08:20.739,0.021,3,3,0.9886286,0.0013039019,0.00028590005,0.009781563,0.9886286
512,215,walking,2021-05-07 16:08:19.760,2021-05-07 16:08:21.739,0.021,3,2,0.5401112,0.00043034423,0.00015017617,0.5401112,0.45930842
512,215,walking,2021-05-07 16:08:20.760,2021-05-07 16:08:22.739,0.021,3,3,0.993757,0.0005222373,0.00012627702,0.005594454,0.993757
512,215,walking,2021-05-07 16:08:21.760,2021-05-07 16:08:23.739,0.021,3,3,0.99802047,0.00046843034,7.528627e-05,0.0014359362,0.99802047
512,215,walking,2021-05-07 16:08:22.760,2021-05-07 16:08:24.739,0.021,3,3,0.9964598,0.00045104392,8.188153e-05,0.003007272,0.9964598
512,215,walking,2021-05-07 16:08:23.760,2021-05-07 16:08:25.739,0.021,3,3,0.99622804,0.0004969498,8.720236e-05,0.0031877882,0.99622804
512,215,walking,2021-05-07 16:08:24.760,2021-05-07 16:08:26.739,0.021,3,3,0.9955805,0.00075832097,0.00017444244,0.0034867031,0.9955805
512,215,walking,2021-05-07 16:08:25.760,2021-05-07 16:08:27.739,0.021,3,3,0.99834347,0.00020191993,3.6772773e-05,0.0014178898,0.99834347
512,215,walking,2021-05-07 16:08:26.760,2021-05-07 16:08:28.739,0.021,3,3,0.99961704,0.00019892729,1.7754663e-05,0.00016625626,0.99961704
512,215,walking,2021-05-07 16:08:27.760,2021-05-07 16:08:29.739,0.021,3,3,0.9979598,0.000380053,5.166919e-05,0.0016085929,0.9979598
512,215,walking,2021-05-07 16:08:28.760,2021-05-07 16:08:30.739,0.021,3,3,0.99888647,0.00018103803,2.2574326e-05,0.0009098521,0.99888647
512,215,walking,2021-05-07 16:08:29.760,2021-05-07 16:08:31.739,0.021,3,3,0.99931484,0.0003602056,2.2495531e-05,0.00030250195,0.99931484
512,215,walking,2021-05-07 16:08:30.760,2021-05-07 16:08:32.740,0.021,3,3,0.97819734,0.0005837151,0.00015866733,0.0210604,0.97819734
512,215,walking,2021-05-07 16:08:31.760,2021-05-07 16:08:33.740,0.021,3,3,0.9791926,0.00067424896,0.00021984713,0.01991334,0.9791926
512,215,walking,2021-05-07 16:08:32.759,2021-05-07 16:08:34.740,0.021,3,3,0.98312896,0.00068113056,0.00015242805,0.01603751,0.98312896
512,215,walking,2021-05-07 16:08:33.759,2021-05-07 16:08:35.740,0.021,3,3,0.9982325,0.0002630323,3.374953e-05,0.0014706661,0.9982325
512,215,walking,2021-05-07 16:08:34.759,2021-05-07 16:08:36.740,0.021,3,3,0.99863,0.000505937,6.361362e-05,0.00080046774,0.99863
512,215,walking,2021-05-07 16:08:35.759,2021-05-07 16:08:37.740,0.021,3,3,0.9980396,0.00032844735,5.463738e-05,0.0015772948,0.9980396
512,215,walking,2021-05-07 16:08:36.759,2021-05-07 16:08:38.740,0.021,3,3,0.9994709,0.00021728197,2.4635987e-05,0.0002870341,0.9994709
512,215,walking,2021-05-07 16:08:37.759,2021-05-07 16:08:39.740,0.021,3,3,0.99806243,0.00030983187,4.605982e-05,0.0015816757,0.99806243
512,215,walking,2021-05-07 16:08:38.759,2021-05-07 16:08:40.740,0.021,3,3,0.9976263,0.00037259536,6.413796e-05,0.001936891,0.9976263
512,215,walking,2021-05-07 16:08:39.759,2021-05-07 16:08:41.740,0.021,3,3,0.99916804,0.0005469496,4.2419626e-05,0.00024257181,0.99916804
512,215,walking,2021-05-07 16:08:40.759,2021-05-07 16:08:42.740,0.021,3,3,0.99896663,0.0002483597,3.0503796e-05,0.0007544347,0.99896663
512,215,walking,2021-05-07 16:08:41.759,2021-05-07 16:08:43.740,0.021,3,3,0.9982546,0.0005035459,8.306128e-05,0.0011588378,0.9982546
512,215,walking,2021-05-07 16:08:42.759,2021-05-07 16:08:44.740,0.021,3,3,0.99843794,0.0008644605,0.000114271315,0.00058329606,0.99843794
512,215,walking,2021-05-07 16:08:43.759,2021-05-07 16:08:45.740,0.021,3,3,0.9995146,0.00017985344,1.7408342e-05,0.00028813112,0.9995146
512,215,walking,2021-05-07 16:08:44.759,2021-05-07 16:08:46.740,0.021,3,3,0.99950045,0.0002742906,2.6635136e-05,0.00019867545,0.99950045
512,215,walking,2021-05-07 16:08:45.759,2021-05-07 16:08:47.740,0.021,3,3,0.9985971,0.0006939488,8.9781766e-05,0.000619216,0.9985971
512,215,walking,2021-05-07 16:08:46.759,2021-05-07 16:08:48.740,0.021,3,3,0.99739116,0.0002435297,3.8009355e-05,0.002327373,0.99739116
512,215,walking,2021-05-07 16:08:47.759,2021-05-07 16:08:49.740,0.021,3,3,0.99939084,0.0001821098,1.8754925e-05,0.00040823795,0.99939084
512,215,walking,2021-05-07 16:08:48.759,2021-05-07 16:08:50.740,0.021,3,3,0.9988104,0.0002439586,2.5428899e-05,0.00092021347,0.9988104
512,215,walking,2021-05-07 16:08:49.759,2021-05-07 16:08:51.740,0.021,3,3,0.9993022,0.00023586815,2.0900896e-05,0.00044107783,0.9993022
512,215,walking,2021-05-07 16:08:50.759,2021-05-07 16:08:52.740,0.021,3,3,0.9994359,0.0003544967,2.0301362e-05,0.00018938539,0.9994359
512,215,walking,2021-05-07 16:08:51.759,2021-05-07 16:08:53.740,0.021,3,3,0.99901164,0.00019007346,1.9786097e-05,0.0007784893,0.99901164
512,215,walking,2021-05-07 16:08:52.759,2021-05-07 16:08:54.740,0.021,3,3,0.9972517,0.00030656287,5.3748303e-05,0.002388047,0.9972517
512,215,walking,2021-05-07 16:08:53.759,2021-05-07 16:08:55.740,0.021,3,3,0.9978029,0.0003670416,5.451108e-05,0.0017754693,0.9978029
512,215,walking,2021-05-07 16:08:54.759,2021-05-07 16:08:56.740,0.021,3,3,0.99907404,0.00023716704,2.6926895e-05,0.0006618503,0.99907404
512,215,walking,2021-05-07 16:08:55.759,2021-05-07 16:08:57.740,0.021,3,3,0.99982953,0.00013970504,5.4269626e-06,2.5379992e-05,0.99982953
512,215,walking,2021-05-07 16:08:56.759,2021-05-07 16:08:58.740,0.021,3,3,0.99910885,0.00013412103,1.7167458e-05,0.0007398015,0.99910885
512,215,walking,2021-05-07 16:08:57.759,2021-05-07 16:08:59.740,0.021,3,3,0.9945277,0.00048545204,0.00012273343,0.0048640342,0.9945277
512,215,walking,2021-05-07 16:08:58.759,2021-05-07 16:09:00.740,0.021,3,3,0.9974248,0.0018420675,0.00019790979,0.00053525256,0.9974248
512,215,walking,2021-05-07 16:08:59.759,2021-05-07 16:09:01.740,0.021,3,3,0.9993981,0.0002912579,2.5066645e-05,0.0002855678,0.9993981
512,215,walking,2021-05-07 16:09:00.760,2021-05-07 16:09:02.740,0.021,3,3,0.99938285,0.00028672977,2.9073879e-05,0.00030135232,0.99938285
512,215,walking,2021-05-07 16:09:01.760,2021-05-07 16:09:03.740,0.021,3,3,0.9993794,0.00045692237,3.2562548e-05,0.00013114711,0.9993794
512,215,walking,2021-05-07 16:09:02.760,2021-05-07 16:09:04.739,0.021,3,3,0.99331075,0.00032277752,7.0630405e-05,0.0062957476,0.99331075
512,215,walking,2021-05-07 16:09:03.760,2021-05-07 16:09:05.739,0.021,3,3,0.99862987,0.00025159548,3.6432528e-05,0.001082106,0.99862987
512,215,walking,2021-05-07 16:09:04.760,2021-05-07 16:09:06.739,0.021,3,3,0.9992886,0.0004747322,3.57214e-05,0.00020099452,0.9992886
512,215,walking,2021-05-07 16:09:05.760,2021-05-07 16:09:07.739,0.021,3,3,0.9990231,0.00019825698,2.420704e-05,0.00075448013,0.9990231
512,215,walking,2021-05-07 16:09:06.760,2021-05-07 16:09:08.739,0.021,3,3,0.9986865,0.00033456544,4.390825e-05,0.0009350684,0.9986865
512,215,walking,2021-05-07 16:09:07.760,2021-05-07 16:09:09.739,0.021,3,3,0.9977159,0.000851186,0.00013525215,0.0012977137,0.9977159
512,215,walking,2021-05-07 16:09:08.760,2021-05-07 16:09:10.739,0.021,3,3,0.9991162,0.00018228265,2.033505e-05,0.00068117946,0.9991162
512,215,walking,2021-05-07 16:09:09.760,2021-05-07 16:09:11.739,0.021,3,3,0.99939084,0.00015315626,1.6956968e-05,0.00043897564,0.99939084
512,215,walking,2021-05-07 16:09:10.760,2021-05-07 16:09:12.739,0.021,3,3,0.9977385,0.00035913376,5.2139214e-05,0.0018502901,0.9977385
512,215,walking,2021-05-07 16:09:11.760,2021-05-07 16:09:13.739,0.021,3,3,0.9979869,0.00029635802,6.44388e-05,0.0016522667,0.9979869
512,215,walking,2021-05-07 16:09:12.760,2021-05-07 16:09:14.739,0.021,3,3,0.9995,0.00031848002,2.7461278e-05,0.00015418291,0.9995
512,215,walking,2021-05-07 16:09:13.760,2021-05-07 16:09:15.739,0.021,3,3,0.9957853,0.0006414072,0.00010803252,0.0034652876,0.9957853
512,215,walking,2021-05-07 16:09:14.760,2021-05-07 16:09:16.739,0.021,3,3,0.9965545,0.0002651135,4.563542e-05,0.0031347931,0.9965545
512,215,walking,2021-05-07 16:09:15.760,2021-05-07 16:09:17.739,0.021,3,3,0.9997809,0.00012804243,6.543732e-06,8.4620064e-05,0.9997809
512,215,walking,2021-05-07 16:09:16.760,2021-05-07 16:09:18.739,0.021,3,3,0.9995204,0.000118020194,1.0915588e-05,0.00035066277,0.9995204
512,215,walking,2021-05-07 16:09:17.760,2021-05-07 16:09:19.739,0.021,3,3,0.99444485,0.0004380467,0.00010938183,0.0050076507,0.99444485
512,215,walking,2021-05-07 16:09:18.760,2021-05-07 16:09:20.739,0.021,3,3,0.9961199,0.00063593517,0.000110899484,0.0031332616,0.9961199
512,215,walking,2021-05-07 16:09:19.760,2021-05-07 16:09:21.739,0.021,3,3,0.9986126,0.00029720034,3.1225307e-05,0.0010590852,0.9986126
512,215,walking,2021-05-07 16:09:20.760,2021-05-07 16:09:22.739,0.021,3,3,0.99962753,0.00022601278,1.0813968e-05,0.00013570035,0.99962753
512,215,walking,2021-05-07 16:09:21.760,2021-05-07 16:09:23.739,0.021,3,3,0.9993979,0.00015118056,1.2550226e-05,0.00043843692,0.9993979
512,215,walking,2021-05-07 16:09:22.760,2021-05-07 16:09:24.739,0.021,3,3,0.9961364,0.0005541297,0.00011911076,0.0031902227,0.9961364
512,215,walking,2021-05-07 16:09:23.760,2021-05-07 16:09:25.739,0.021,3,3,0.99565494,0.0010157935,0.00021593015,0.0031132752,0.99565494
512,215,walking,2021-05-07 16:09:24.760,2021-05-07 16:09:26.739,0.021,3,3,0.996775,0.000535957,0.00012294964,0.0025660906,0.996775
512,215,walking,2021-05-07 16:09:25.760,2021-05-07 16:09:27.739,0.021,3,3,0.9996943,0.0002461485,1.420033e-05,4.5491222e-05,0.9996943
512,215,walking,2021-05-07 16:09:26.760,2021-05-07 16:09:28.739,0.021,3,3,0.9994735,0.0003746087,2.7543327e-05,0.00012440166,0.9994735
512,215,walking,2021-05-07 16:09:27.760,2021-05-07 16:09:29.739,0.021,3,3,0.9994048,0.00019464713,2.532454e-05,0.0003752673,0.9994048
512,215,walking,2021-05-07 16:09:28.760,2021-05-07 16:09:30.739,0.021,3,3,0.99951446,0.00020863379,2.0708492e-05,0.00025620506,0.99951446
512,215,walking,2021-05-07 16:09:29.760,2021-05-07 16:09:31.739,0.021,3,3,0.99705416,0.00024234319,2.9765612e-05,0.0026737584,0.99705416
512,215,walking,2021-05-07 16:09:30.760,2021-05-07 16:09:32.740,0.021,3,3,0.9983351,0.00022555875,3.2863845e-05,0.0014064113,0.9983351
512,215,walking,2021-05-07 16:09:31.760,2021-05-07 16:09:33.740,0.021,3,3,0.9995932,0.0002725348,1.8810728e-05,0.00011533083,0.9995932
512,215,walking,2021-05-07 16:09:32.759,2021-05-07 16:09:34.740,0.021,3,3,0.99841666,0.00020294657,3.0498288e-05,0.0013498518,0.99841666
512,217,standing,2021-05-07 16:09:36.240,2021-05-07 16:09:38.220,0.021,2,2,0.89655983,0.00018871353,3.5086956e-05,0.89655983,0.10321641
512,217,standing,2021-05-07 16:09:37.240,2021-05-07 16:09:39.220,0.021,2,2,0.9831174,6.177448e-05,1.3732867e-05,0.9831174,0.016807137
512,219,standing,2021-05-07 16:09:42.080,2021-05-07 16:09:44.060,0.021,2,2,0.9967336,1.7143673e-05,2.6509892e-06,0.9967336,0.0032465411
512,219,standing,2021-05-07 16:09:43.080,2021-05-07 16:09:45.060,0.021,2,2,0.99559754,2.3499808e-05,4.0260525e-06,0.99559754,0.0043749823
512,219,standing,2021-05-07 16:09:44.080,2021-05-07 16:09:46.060,0.021,2,2,0.99618834,2.4713278e-05,4.2417714e-06,0.99618834,0.0037827236
512,219,standing,2021-05-07 16:09:45.080,2021-05-07 16:09:47.060,0.021,2,2,0.99550664,2.7084954e-05,4.6672717e-06,0.99550664,0.0044615236
512,219,standing,2021-05-07 16:09:46.080,2021-05-07 16:09:48.060,0.021,2,2,0.99551153,2.6592566e-05,4.246691e-06,0.99551153,0.0044576917
512,219,standing,2021-05-07 16:09:47.080,2021-05-07 16:09:49.060,0.021,2,2,0.9964098,2.7380553e-05,4.758957e-06,0.9964098,0.0035580199
512,219,standing,2021-05-07 16:09:48.080,2021-05-07 16:09:50.060,0.021,2,2,0.99095297,3.7908518e-05,7.6230444e-06,0.99095297,0.009001587
512,219,standing,2021-05-07 16:09:49.080,2021-05-07 16:09:51.060,0.021,2,2,0.9869164,3.580191e-05,7.166584e-06,0.9869164,0.01304059
512,219,standing,2021-05-07 16:09:50.080,2021-05-07 16:09:52.060,0.021,2,2,0.99504894,2.1263782e-05,3.993876e-06,0.99504894,0.0049257507
512,219,standing,2021-05-07 16:09:51.080,2021-05-07 16:09:53.060,0.021,2,2,0.9953412,2.292778e-05,4.2630822e-06,0.9953412,0.004631623
512,219,standing,2021-05-07 16:09:52.080,2021-05-07 16:09:54.060,0.021,2,2,0.9937301,2.4885956e-05,4.686522e-06,0.9937301,0.0062403684
512,219,standing,2021-05-07 16:09:53.080,2021-05-07 16:09:55.060,0.021,2,2,0.99604964,1.9615996e-05,3.534068e-06,0.99604964,0.0039272034
512,219,standing,2021-05-07 16:09:54.080,2021-05-07 16:09:56.060,0.021,2,2,0.9964472,1.7525948e-05,3.0700312e-06,0.9964472,0.0035322115
512,219,standing,2021-05-07 16:09:55.080,2021-05-07 16:09:57.060,0.021,2,2,0.99469215,2.0277237e-05,3.5527753e-06,0.99469215,0.0052840444
512,221,standing,2021-05-07 16:09:59.680,2021-05-07 16:10:01.660,0.021,2,2,0.9464541,0.00012514251,2.119819e-05,0.9464541,0.053399593
512,221,standing,2021-05-07 16:10:00.680,2021-05-07 16:10:02.660,0.021,2,2,0.9943393,3.911709e-05,5.960189e-06,0.9943393,0.0056156465
512,221,standing,2021-05-07 16:10:01.680,2021-05-07 16:10:03.660,0.021,2,2,0.98308647,6.105799e-05,1.01107835e-05,0.98308647,0.016842341
512,221,standing,2021-05-07 16:10:02.680,2021-05-07 16:10:04.659,0.021,2,2,0.98432076,4.5446708e-05,7.341144e-06,0.98432076,0.015626473
512,223,standing,2021-05-07 16:10:05.720,2021-05-07 16:10:07.699,0.021,2,2,0.9959384,1.7594853e-05,3.0358808e-06,0.9959384,0.0040409835
512,223,standing,2021-05-07 16:10:06.720,2021-05-07 16:10:08.699,0.021,2,2,0.99583334,1.846132e-05,3.193292e-06,0.99583334,0.0041449135
512,223,standing,2021-05-07 16:10:07.720,2021-05-07 16:10:09.699,0.021,2,2,0.99629563,1.6553744e-05,2.8375835e-06,0.99629563,0.003684962
512,223,standing,2021-05-07 16:10:08.720,2021-05-07 16:10:10.699,0.021,2,2,0.99682534,1.5696947e-05,2.6478547e-06,0.99682534,0.0031563467
512,227,standing,2021-05-07 16:10:12.960,2021-05-07 16:10:14.940,0.021,2,2,0.9944348,5.6298304e-05,1.0402357e-05,0.9944348,0.0054984954
512,227,standing,2021-05-07 16:10:13.960,2021-05-07 16:10:15.940,0.021,2,2,0.9949244,4.7266993e-05,8.370455e-06,0.9949244,0.005019889
512,227,standing,2021-05-07 16:10:14.960,2021-05-07 16:10:16.940,0.021,2,2,0.9891052,5.9740363e-05,1.1782393e-05,0.9891052,0.010823213
512,227,standing,2021-05-07 16:10:15.960,2021-05-07 16:10:17.940,0.021,2,2,0.97636,8.037386e-05,1.7177217e-05,0.97636,0.023542412
512,227,standing,2021-05-07 16:10:16.959,2021-05-07 16:10:18.940,0.021,2,2,0.9899146,3.8884722e-05,7.4720774e-06,0.9899146,0.0100390045
512,229,standing,2021-05-07 16:10:19.600,2021-05-07 16:10:21.579,0.021,2,2,0.98304343,3.071255e-05,6.3010393e-06,0.98304343,0.016919602
512,229,standing,2021-05-07 16:10:20.600,2021-05-07 16:10:22.579,0.021,2,2,0.9893036,2.3570354e-05,4.6476957e-06,0.9893036,0.010668234
512,229,standing,2021-05-07 16:10:21.600,2021-05-07 16:10:23.579,0.021,2,2,0.9939515,2.1424097e-05,4.137323e-06,0.9939515,0.0060228794
512,229,standing,2021-05-07 16:10:22.600,2021-05-07 16:10:24.579,0.021,2,2,0.9702792,5.997691e-05,1.1915798e-05,0.9702792,0.02964889
512,229,standing,2021-05-07 16:10:23.600,2021-05-07 16:10:25.579,0.021,2,2,0.9603644,7.853042e-05,1.4730501e-05,0.9603644,0.03954227
512,229,standing,2021-05-07 16:10:24.600,2021-05-07 16:10:26.579,0.021,2,2,0.9933483,2.8199405e-05,5.0401995e-06,0.9933483,0.006618407
512,229,standing,2021-05-07 16:10:25.600,2021-05-07 16:10:27.579,0.021,2,2,0.9934281,2.2265232e-05,4.1310805e-06,0.9934281,0.006545476
512,229,standing,2021-05-07 16:10:26.600,2021-05-07 16:10:28.579,0.021,2,2,0.9955915,1.8204615e-05,3.3157307e-06,0.9955915,0.0043870136
512,229,standing,2021-05-07 16:10:27.600,2021-05-07 16:10:29.579,0.021,2,2,0.9970267,1.7405018e-05,3.0190947e-06,0.9970267,0.0029528711
512,233,standing,2021-05-07 16:10:33.279,2021-05-07 16:10:35.259,0.021,2,2,0.9937781,3.4560075e-05,6.9214016e-06,0.9937781,0.00618042
512,233,standing,2021-05-07 16:10:34.279,2021-05-07 16:10:36.259,0.021,2,2,0.99639577,2.6951564e-05,5.202787e-06,0.99639577,0.0035720656
512,233,standing,2021-05-07 16:10:35.279,2021-05-07 16:10:37.259,0.021,2,2,0.9961266,2.582988e-05,5.1530396e-06,0.9961266,0.0038423736
512,233,standing,2021-05-07 16:10:36.279,2021-05-07 16:10:38.259,0.021,2,2,0.99580926,2.3842096e-05,4.887578e-06,0.99580926,0.0041619106
512,233,standing,2021-05-07 16:10:37.279,2021-05-07 16:10:39.259,0.021,2,2,0.9963978,2.0200312e-05,3.856856e-06,0.9963978,0.003578089
512,233,standing,2021-05-07 16:10:38.279,2021-05-07 16:10:40.259,0.021,2,2,0.9966515,1.9595549e-05,3.5568585e-06,0.9966515,0.003325273
512,235,standing,2021-05-07 16:10:42.680,2021-05-07 16:10:44.659,0.021,2,2,0.9604237,9.510747e-05,1.7007444e-05,0.9604237,0.039464332
512,237,standing,2021-05-07 16:10:45.119,2021-05-07 16:10:47.099,0.021,2,2,0.9886827,4.657108e-05,9.458953e-06,0.9886827,0.011261284
512,237,standing,2021-05-07 16:10:46.119,2021-05-07 16:10:48.099,0.021,2,2,0.9944158,2.994212e-05,5.4000957e-06,0.9944158,0.005548776
512,237,standing,2021-05-07 16:10:47.119,2021-05-07 16:10:49.099,0.021,2,2,0.9960209,2.2596372e-05,3.8604744e-06,0.9960209,0.0039525754
512,237,standing,2021-05-07 16:10:48.119,2021-05-07 16:10:50.099,0.021,2,2,0.9961058,1.787543e-05,2.9538837e-06,0.9961058,0.0038733298
512,237,standing,2021-05-07 16:10:49.119,2021-05-07 16:10:51.099,0.021,2,2,0.99676925,1.5895024e-05,2.5610932e-06,0.99676925,0.0032122373
512,237,standing,2021-05-07 16:10:50.119,2021-05-07 16:10:52.099,0.021,2,2,0.9974852,1.6251135e-05,2.6205025e-06,0.9974852,0.0024959138
512,237,standing,2021-05-07 16:10:51.119,2021-05-07 16:10:53.099,0.021,2,2,0.99747354,1.677445e-05,2.6658233e-06,0.99747354,0.0025071148
512,237,standing,2021-05-07 16:10:52.119,2021-05-07 16:10:54.099,0.021,2,2,0.99757695,1.4893712e-05,2.2394784e-06,0.99757695,0.0024059217
512,237,standing,2021-05-07 16:10:53.119,2021-05-07 16:10:55.099,0.021,2,2,0.997931,1.3491469e-05,2.0257198e-06,0.997931,0.0020534997
512,237,standing,2021-05-07 16:10:54.119,2021-05-07 16:10:56.099,0.021,2,2,0.99754316,1.38908035e-05,1.9960119e-06,0.99754316,0.002440934
512,237,standing,2021-05-07 16:10:55.119,2021-05-07 16:10:57.099,0.021,2,2,0.9969064,1.6752414e-05,2.4574379e-06,0.9969064,0.0030742523
512,237,standing,2021-05-07 16:10:56.119,2021-05-07 16:10:58.099,0.021,2,2,0.99386656,2.8708457e-05,4.9061055e-06,0.99386656,0.006099849
512,239,standing,2021-05-07 16:10:59.959,2021-05-07 16:11:01.940,0.021,2,2,0.9910552,4.7155834e-05,8.386957e-06,0.9910552,0.008889194
512,239,standing,2021-05-07 16:11:00.960,2021-05-07 16:11:02.940,0.021,2,2,0.99466336,3.806632e-05,6.95126e-06,0.99466336,0.0052915416
512,239,standing,2021-05-07 16:11:01.960,2021-05-07 16:11:03.940,0.021,2,2,0.9951893,2.9357201e-05,4.752525e-06,0.9951893,0.0047765328
512,239,standing,2021-05-07 16:11:02.960,2021-05-07 16:11:04.940,0.021,2,2,0.9959686,2.4732319e-05,3.5574292e-06,0.9959686,0.0040032
512,239,standing,2021-05-07 16:11:03.960,2021-05-07 16:11:05.940,0.021,2,2,0.99493605,2.279629e-05,3.085978e-06,0.99493605,0.0050381054
512,239,standing,2021-05-07 16:11:04.960,2021-05-07 16:11:06.940,0.021,2,2,0.9942288,2.403254e-05,3.4550053e-06,0.9942288,0.0057436386
512,239,standing,2021-05-07 16:11:05.960,2021-05-07 16:11:07.940,0.021,2,2,0.9966339,1.6095979e-05,2.204166e-06,0.9966339,0.003347798
512,241,standing,2021-05-07 16:11:08.359,2021-05-07 16:11:10.340,0.021,2,2,0.9957754,1.7999437e-05,2.6104356e-06,0.9957754,0.004203837
512,241,standing,2021-05-07 16:11:09.359,2021-05-07 16:11:11.340,0.021,2,2,0.99666494,1.598676e-05,2.2528857e-06,0.99666494,0.0033167868
512,241,standing,2021-05-07 16:11:10.359,2021-05-07 16:11:12.340,0.021,2,2,0.9974281,1.5111363e-05,2.281131e-06,0.9974281,0.002554447
512,241,standing,2021-05-07 16:11:11.359,2021-05-07 16:11:13.340,0.021,2,2,0.99758613,1.4036905e-05,2.00046e-06,0.99758613,0.0023977847
512,241,standing,2021-05-07 16:11:12.359,2021-05-07 16:11:14.340,0.021,2,2,0.99769896,1.3093465e-05,1.710695e-06,0.99769896,0.0022862812
512,241,standing,2021-05-07 16:11:13.359,2021-05-07 16:11:15.340,0.021,2,2,0.99668807,1.5057298e-05,1.9931279e-06,0.99668807,0.0032947639
512,241,standing,2021-05-07 16:11:14.359,2021-05-07 16:11:16.340,0.021,2,2,0.9970199,1.4926009e-05,2.0313207e-06,0.9970199,0.002963005
512,241,standing,2021-05-07 16:11:15.359,2021-05-07 16:11:17.340,0.021,2,2,0.9975095,1.5283156e-05,2.1190644e-06,0.9975095,0.0024731436
512,241,standing,2021-05-07 16:11:16.360,2021-05-07 16:11:18.340,0.021,2,2,0.9964561,2.1662005e-05,3.1606992e-06,0.9964561,0.0035191148
512,241,standing,2021-05-07 16:11:17.360,2021-05-07 16:11:19.340,0.021,2,2,0.99457276,2.889115e-05,4.271796e-06,0.99457276,0.0053941407
512,241,standing,2021-05-07 16:11:18.360,2021-05-07 16:11:20.340,0.021,2,2,0.9943796,2.6749887e-05,3.9274983e-06,0.9943796,0.0055897376
512,245,standing,2021-05-07 16:11:23.000,2021-05-07 16:11:24.979,0.021,2,2,0.9081207,0.00010127263,1.7802899e-05,0.9081207,0.09176033
512,245,standing,2021-05-07 16:11:24.000,2021-05-07 16:11:25.979,0.021,2,2,0.9936708,2.6526746e-05,4.4625185e-06,0.9936708,0.006298177
512,245,standing,2021-05-07 16:11:25.000,2021-05-07 16:11:26.979,0.021,2,2,0.99138486,3.470268e-05,6.777166e-06,0.99138486,0.008573643
512,245,standing,2021-05-07 16:11:26.000,2021-05-07 16:11:27.979,0.021,2,2,0.99320245,3.030876e-05,5.98888e-06,0.99320245,0.0067613386
512,245,standing,2021-05-07 16:11:27.000,2021-05-07 16:11:28.979,0.021,2,2,0.9953352,2.510642e-05,4.5503944e-06,0.9953352,0.0046351147
512,245,standing,2021-05-07 16:11:28.000,2021-05-07 16:11:29.979,0.021,2,2,0.99637616,2.1682485e-05,3.947661e-06,0.99637616,0.0035980956
512,245,standing,2021-05-07 16:11:29.000,2021-05-07 16:11:30.979,0.021,2,2,0.99595785,2.1600727e-05,4.0517107e-06,0.99595785,0.0040164497
512,245,standing,2021-05-07 16:11:30.000,2021-05-07 16:11:31.979,0.021,2,2,0.99660134,2.1424112e-05,3.9376328e-06,0.99660134,0.0033733707
512,245,standing,2021-05-07 16:11:31.000,2021-05-07 16:11:32.979,0.021,2,2,0.9971681,2.2903389e-05,4.0166524e-06,0.9971681,0.002804962
512,245,standing,2021-05-07 16:11:32.000,2021-05-07 16:11:33.979,0.021,2,2,0.9964725,2.3434215e-05,3.5106311e-06,0.9964725,0.003500632
512,245,standing,2021-05-07 16:11:33.000,2021-05-07 16:11:34.979,0.021,2,2,0.9741789,6.146366e-05,1.0232344e-05,0.9741789,0.025749391
512,245,standing,2021-05-07 16:11:34.000,2021-05-07 16:11:35.979,0.021,2,2,0.9476581,0.00012704295,2.7548007e-05,0.9476581,0.0521874
512,247,walking,2021-05-07 16:11:37.799,2021-05-07 16:11:39.779,0.021,3,3,0.99927324,0.0002798047,2.1280663e-05,0.00042568918,0.99927324
512,247,walking,2021-05-07 16:11:38.799,2021-05-07 16:11:40.779,0.021,3,3,0.9996769,0.00010306744,6.751774e-06,0.00021332866,0.9996769
512,247,walking,2021-05-07 16:11:39.799,2021-05-07 16:11:41.779,0.021,3,3,0.99965423,0.0001516646,1.301182e-05,0.00018110377,0.99965423
512,247,walking,2021-05-07 16:11:40.799,2021-05-07 16:11:42.779,0.021,3,3,0.9970483,0.00039366723,7.616943e-05,0.002481834,0.9970483
512,247,walking,2021-05-07 16:11:41.799,2021-05-07 16:11:43.779,0.021,3,3,0.99403113,0.00036106858,0.000100763966,0.005507132,0.99403113
512,247,walking,2021-05-07 16:11:42.799,2021-05-07 16:11:44.779,0.021,3,3,0.9973248,0.0005608176,9.318421e-05,0.0020211414,0.9973248
512,247,walking,2021-05-07 16:11:43.799,2021-05-07 16:11:45.779,0.021,3,3,0.9963228,0.00032548065,6.363064e-05,0.0032880863,0.9963228
512,247,walking,2021-05-07 16:11:44.799,2021-05-07 16:11:46.779,0.021,3,3,0.9986257,0.00029198747,4.4158704e-05,0.0010382207,0.9986257
512,249,standing,2021-05-07 16:11:48.080,2021-05-07 16:11:50.060,0.021,2,2,0.98861825,2.5910838e-05,2.8501202e-06,0.98861825,0.011352916
512,249,standing,2021-05-07 16:11:49.080,2021-05-07 16:11:51.060,0.021,2,2,0.9975178,1.16450865e-05,1.3097599e-06,0.9975178,0.002469271
512,249,standing,2021-05-07 16:11:50.080,2021-05-07 16:11:52.060,0.021,2,2,0.993214,2.3014416e-05,3.058191e-06,0.993214,0.006759986
512,249,standing,2021-05-07 16:11:51.080,2021-05-07 16:11:53.060,0.021,2,2,0.99421954,2.4027551e-05,3.4536588e-06,0.99421954,0.005753012
512,250,walking,2021-05-07 16:11:54.040,2021-05-07 16:11:56.020,0.021,3,3,0.9987315,0.0002689648,3.515171e-05,0.00096438936,0.9987315
512,250,walking,2021-05-07 16:11:55.040,2021-05-07 16:11:57.020,0.021,3,3,0.9984576,0.00046494248,7.364439e-05,0.0010037931,0.9984576
512,250,walking,2021-05-07 16:11:56.040,2021-05-07 16:11:58.020,0.021,3,3,0.99206173,0.00032691096,7.398648e-05,0.007537389,0.99206173
512,250,walking,2021-05-07 16:11:57.040,2021-05-07 16:11:59.020,0.021,3,3,0.9997159,0.00015623406,1.061147e-05,0.000117116055,0.9997159
512,250,walking,2021-05-07 16:11:58.040,2021-05-07 16:12:00.019,0.021,3,3,0.9994661,0.00017552772,1.0358293e-05,0.0003479558,0.9994661
512,250,walking,2021-05-07 16:11:59.040,2021-05-07 16:12:01.019,0.021,3,3,0.99459857,0.00039746016,6.839381e-05,0.0049354737,0.99459857
512,250,walking,2021-05-07 16:12:00.039,2021-05-07 16:12:02.019,0.021,3,3,0.9988734,0.00078350224,5.651573e-05,0.0002865858,0.9988734
512,250,walking,2021-05-07 16:12:01.039,2021-05-07 16:12:03.019,0.021,3,3,0.99776345,0.00039120906,5.1906045e-05,0.0017935009,0.99776345
512,250,walking,2021-05-07 16:12:02.039,2021-05-07 16:12:04.019,0.021,3,3,0.9991287,0.00025002894,2.5960779e-05,0.0005952731,0.9991287
512,250,walking,2021-05-07 16:12:03.039,2021-05-07 16:12:05.019,0.021,3,3,0.99879587,0.00040270764,4.6417765e-05,0.00075496774,0.99879587
512,250,walking,2021-05-07 16:12:04.039,2021-05-07 16:12:06.019,0.021,3,3,0.9951958,0.00020029332,4.2603526e-05,0.004561234,0.9951958
512,250,walking,2021-05-07 16:12:05.039,2021-05-07 16:12:07.019,0.021,3,3,0.9973312,0.00025996316,4.202508e-05,0.0023667556,0.9973312
512,250,walking,2021-05-07 16:12:06.039,2021-05-07 16:12:08.020,0.021,3,3,0.99311113,0.00026146608,5.737937e-05,0.006570073,0.99311113
512,250,walking,2021-05-07 16:12:07.039,2021-05-07 16:12:09.020,0.021,3,3,0.9894849,0.00026221227,4.7983114e-05,0.010204885,0.9894849
512,250,walking,2021-05-07 16:12:08.039,2021-05-07 16:12:10.020,0.021,3,3,0.9848697,0.000317124,6.143667e-05,0.01475178,0.9848697
512,250,walking,2021-05-07 16:12:09.039,2021-05-07 16:12:11.020,0.021,3,3,0.9972978,0.00030076117,4.5213175e-05,0.0023562144,0.9972978
512,250,walking,2021-05-07 16:12:10.039,2021-05-07 16:12:12.020,0.021,3,3,0.9995102,0.00020394984,1.5868738e-05,0.0002698994,0.9995102
512,250,walking,2021-05-07 16:12:11.039,2021-05-07 16:12:13.020,0.021,3,3,0.9987702,9.9228e-05,9.648655e-06,0.0011209456,0.9987702
512,250,walking,2021-05-07 16:12:12.039,2021-05-07 16:12:14.020,0.021,3,3,0.99816835,0.00018838517,2.7098413e-05,0.001616167,0.99816835
512,250,walking,2021-05-07 16:12:13.039,2021-05-07 16:12:15.020,0.021,3,3,0.9983831,0.00037229795,6.1411e-05,0.0011832931,0.9983831
512,250,walking,2021-05-07 16:12:14.039,2021-05-07 16:12:16.020,0.021,3,3,0.997236,0.00016964444,2.415206e-05,0.002570114,0.997236
512,250,walking,2021-05-07 16:12:15.039,2021-05-07 16:12:17.020,0.021,3,3,0.99944276,0.00014629283,1.4552174e-05,0.00039639842,0.99944276
512,250,walking,2021-05-07 16:12:16.040,2021-05-07 16:12:18.020,0.021,3,3,0.99831825,0.00033508858,4.731249e-05,0.001299303,0.99831825
512,250,walking,2021-05-07 16:12:17.040,2021-05-07 16:12:19.020,0.021,3,3,0.99964565,7.8664176e-05,5.980755e-06,0.00026969562,0.99964565
512,250,walking,2021-05-07 16:12:18.040,2021-05-07 16:12:20.020,0.021,3,3,0.9998157,9.47863e-05,4.582658e-06,8.492012e-05,0.9998157
512,250,walking,2021-05-07 16:12:19.040,2021-05-07 16:12:21.020,0.021,3,3,0.9983148,0.00037621552,3.6714737e-05,0.0012722778,0.9983148
512,250,walking,2021-05-07 16:12:20.040,2021-05-07 16:12:22.020,0.021,3,3,0.99876106,0.00027683235,4.36261e-05,0.0009185083,0.99876106
512,250,walking,2021-05-07 16:12:21.040,2021-05-07 16:12:23.020,0.021,3,3,0.9997647,0.00014367998,1.0696994e-05,8.088499e-05,0.9997647
512,250,walking,2021-05-07 16:12:22.040,2021-05-07 16:12:24.020,0.021,3,3,0.99959296,0.00013146871,1.0671214e-05,0.0002647742,0.99959296
512,250,walking,2021-05-07 16:12:23.040,2021-05-07 16:12:25.020,0.021,3,3,0.99970686,0.00011624439,1.0194975e-05,0.00016661819,0.99970686
512,250,walking,2021-05-07 16:12:24.040,2021-05-07 16:12:26.020,0.021,3,3,0.9998498,0.00012904586,4.524536e-06,1.6658361e-05,0.9998498
512,250,walking,2021-05-07 16:12:25.040,2021-05-07 16:12:27.020,0.021,3,3,0.99867654,0.000204242,2.0317671e-05,0.0010989099,0.99867654
512,250,walking,2021-05-07 16:12:26.040,2021-05-07 16:12:28.020,0.021,3,3,0.9961121,0.00030953594,6.0391612e-05,0.0035179637,0.9961121
512,250,walking,2021-05-07 16:12:27.040,2021-05-07 16:12:29.020,0.021,3,3,0.99719095,0.000583127,9.223317e-05,0.002133652,0.99719095
512,250,walking,2021-05-07 16:12:28.040,2021-05-07 16:12:30.020,0.021,3,3,0.9975519,0.00023281998,3.6040492e-05,0.0021791507,0.9975519
512,250,walking,2021-05-07 16:12:29.040,2021-05-07 16:12:31.020,0.021,3,3,0.9980648,0.00036371412,5.012687e-05,0.0015213258,0.9980648
512,250,walking,2021-05-07 16:12:30.040,2021-05-07 16:12:32.020,0.021,3,3,0.9970029,0.00043700662,5.385371e-05,0.0025062568,0.9970029
512,250,walking,2021-05-07 16:12:31.040,2021-05-07 16:12:33.020,0.021,3,3,0.9874492,0.0007172745,0.0001550638,0.011678506,0.9874492
512,250,walking,2021-05-07 16:12:32.040,2021-05-07 16:12:34.020,0.021,3,3,0.9989073,0.00085676264,5.224342e-05,0.00018368126,0.9989073
512,250,walking,2021-05-07 16:12:33.040,2021-05-07 16:12:35.020,0.021,3,3,0.9990495,0.00026885318,2.3524146e-05,0.00065809954,0.9990495
512,250,walking,2021-05-07 16:12:34.040,2021-05-07 16:12:36.020,0.021,3,3,0.99913025,0.0002975286,3.4169498e-05,0.00053795683,0.99913025
512,250,walking,2021-05-07 16:12:35.040,2021-05-07 16:12:37.020,0.021,3,3,0.9989897,0.000429938,5.2507574e-05,0.00052774884,0.9989897
512,250,walking,2021-05-07 16:12:36.040,2021-05-07 16:12:38.020,0.021,3,3,0.99906904,0.00016104875,2.2310021e-05,0.0007475787,0.99906904
512,250,walking,2021-05-07 16:12:37.040,2021-05-07 16:12:39.020,0.021,3,3,0.99966544,0.000123638,1.2745635e-05,0.00019826606,0.99966544
512,250,walking,2021-05-07 16:12:38.040,2021-05-07 16:12:40.020,0.021,3,3,0.9985114,0.00049504766,6.65631e-05,0.00092699484,0.9985114
512,250,walking,2021-05-07 16:12:39.040,2021-05-07 16:12:41.020,0.021,3,3,0.999456,0.00022672153,2.265431e-05,0.00029467704,0.999456
512,250,walking,2021-05-07 16:12:40.040,2021-05-07 16:12:42.020,0.021,3,3,0.9997685,0.00015774622,1.0103602e-05,6.377834e-05,0.9997685
512,250,walking,2021-05-07 16:12:41.040,2021-05-07 16:12:43.020,0.021,3,3,0.9992153,0.00033536198,3.6698544e-05,0.0004126648,0.9992153
512,250,walking,2021-05-07 16:12:42.040,2021-05-07 16:12:44.020,0.021,3,3,0.9995549,0.00010620194,1.0615783e-05,0.0003283048,0.9995549
512,250,walking,2021-05-07 16:12:43.040,2021-05-07 16:12:45.020,0.021,3,3,0.99958915,0.00013599507,1.5140348e-05,0.0002597674,0.99958915
512,250,walking,2021-05-07 16:12:44.040,2021-05-07 16:12:46.020,0.021,3,3,0.99857163,0.00041593343,6.503024e-05,0.0009474156,0.99857163
512,250,walking,2021-05-07 16:12:45.040,2021-05-07 16:12:47.020,0.021,3,3,0.99962085,0.00015630071,1.25428305e-05,0.00021037717,0.99962085
512,250,walking,2021-05-07 16:12:46.040,2021-05-07 16:12:48.020,0.021,3,3,0.99901235,0.00033183396,4.7549907e-05,0.0006082074,0.99901235
512,250,walking,2021-05-07 16:12:47.040,2021-05-07 16:12:49.020,0.021,3,3,0.99683166,0.0006277191,0.00015230861,0.0023883367,0.99683166
512,250,walking,2021-05-07 16:12:48.040,2021-05-07 16:12:50.020,0.021,3,3,0.99491835,0.00038723042,0.00011075853,0.0045835623,0.99491835
512,250,walking,2021-05-07 16:12:49.040,2021-05-07 16:12:51.020,0.021,3,3,0.9998993,8.610091e-05,2.5984257e-06,1.1961471e-05,0.9998993
512,250,walking,2021-05-07 16:12:50.040,2021-05-07 16:12:52.020,0.021,3,3,0.99958795,0.00036356362,1.1116334e-05,3.733282e-05,0.99958795
512,250,walking,2021-05-07 16:12:51.040,2021-05-07 16:12:53.020,0.021,3,3,0.9995944,0.00017953721,1.2590821e-05,0.00021341829,0.9995944
512,250,walking,2021-05-07 16:12:52.040,2021-05-07 16:12:54.020,0.021,3,3,0.9978602,0.00042212624,7.301461e-05,0.0016446654,0.9978602
512,250,walking,2021-05-07 16:12:53.040,2021-05-07 16:12:55.020,0.021,3,3,0.99580246,0.0009121902,0.00027023396,0.0030150774,0.99580246
512,250,walking,2021-05-07 16:12:54.040,2021-05-07 16:12:56.020,0.021,3,3,0.9991617,0.00013395236,1.9805326e-05,0.0006845481,0.9991617
512,250,walking,2021-05-07 16:12:55.040,2021-05-07 16:12:57.020,0.021,3,3,0.9990076,0.00016358997,2.1798749e-05,0.0008069662,0.9990076
512,250,walking,2021-05-07 16:12:56.040,2021-05-07 16:12:58.020,0.021,3,3,0.99862915,0.0006953988,7.5472766e-05,0.0005999024,0.99862915
512,250,walking,2021-05-07 16:12:57.040,2021-05-07 16:12:59.020,0.021,3,3,0.9991704,0.00019761492,2.3923301e-05,0.000608118,0.9991704
512,250,walking,2021-05-07 16:12:58.040,2021-05-07 16:13:00.019,0.021,3,3,0.9969774,0.00037294257,7.6247525e-05,0.0025734867,0.9969774
512,250,walking,2021-05-07 16:12:59.040,2021-05-07 16:13:01.019,0.021,3,3,0.9991893,0.0006018824,4.6306166e-05,0.00016248476,0.9991893
512,250,walking,2021-05-07 16:13:00.039,2021-05-07 16:13:02.019,0.021,3,3,0.9993583,0.00020724449,1.9953548e-05,0.00041449215,0.9993583
512,250,walking,2021-05-07 16:13:01.039,2021-05-07 16:13:03.019,0.021,3,3,0.9971977,0.00034472466,4.946439e-05,0.0024080595,0.9971977
512,250,walking,2021-05-07 16:13:02.039,2021-05-07 16:13:04.019,0.021,3,3,0.99911004,0.00036689924,3.4271347e-05,0.0004887993,0.99911004
512,250,walking,2021-05-07 16:13:03.039,2021-05-07 16:13:05.019,0.021,3,3,0.9957337,0.00019275481,3.254879e-05,0.0040410813,0.9957337
512,250,walking,2021-05-07 16:13:04.039,2021-05-07 16:13:06.019,0.021,3,3,0.9986027,0.00026860434,3.65247e-05,0.0010921969,0.9986027
512,250,walking,2021-05-07 16:13:05.039,2021-05-07 16:13:07.019,0.021,3,3,0.99975157,0.00020202971,9.246838e-06,3.7125916e-05,0.99975157
512,250,walking,2021-05-07 16:13:06.039,2021-05-07 16:13:08.020,0.021,3,3,0.99918836,0.00027318904,3.1582305e-05,0.000506902,0.99918836
512,253,standing,2021-05-07 16:13:09.680,2021-05-07 16:13:11.659,0.021,2,2,0.98190755,2.0106461e-05,7.7700525e-07,0.98190755,0.018071573
512,255,standing,2021-05-07 16:13:13.319,2021-05-07 16:13:15.300,0.021,2,2,0.97375625,7.099627e-05,1.131189e-05,0.97375625,0.026161421
512,255,standing,2021-05-07 16:13:14.319,2021-05-07 16:13:16.299,0.021,2,2,0.99550974,2.56425e-05,3.5786004e-06,0.99550974,0.0044611283
512,255,standing,2021-05-07 16:13:15.319,2021-05-07 16:13:17.299,0.021,2,2,0.9942794,3.6082805e-05,6.3244947e-06,0.9942794,0.005678144
512,256,walking,2021-05-07 16:13:17.559,2021-05-07 16:13:19.540,0.021,3,3,0.99432623,0.0002790157,4.8597594e-05,0.005346039,0.99432623
512,256,walking,2021-05-07 16:13:18.559,2021-05-07 16:13:20.540,0.021,3,3,0.9960374,0.0012636449,0.00025289896,0.0024461204,0.9960374
512,256,walking,2021-05-07 16:13:19.559,2021-05-07 16:13:21.540,0.021,3,3,0.9969969,0.00079399254,0.00017691674,0.002032235,0.9969969
512,256,walking,2021-05-07 16:13:20.559,2021-05-07 16:13:22.540,0.021,3,3,0.99101514,0.00056058576,0.0001536619,0.008270644,0.99101514
512,256,walking,2021-05-07 16:13:21.559,2021-05-07 16:13:23.540,0.021,3,3,0.97732997,0.00058790256,0.00023265048,0.021849506,0.97732997
512,256,walking,2021-05-07 16:13:22.559,2021-05-07 16:13:24.540,0.021,3,3,0.98863757,0.00038640923,0.0001311299,0.010844993,0.98863757
512,256,walking,2021-05-07 16:13:23.559,2021-05-07 16:13:25.540,0.021,3,3,0.97047275,0.0004297017,0.00018641935,0.02891119,0.97047275
512,256,walking,2021-05-07 16:13:24.559,2021-05-07 16:13:26.540,0.021,3,3,0.9977416,0.00035424286,6.1067076e-05,0.0018431122,0.9977416
512,256,walking,2021-05-07 16:13:25.559,2021-05-07 16:13:27.540,0.021,3,3,0.99821156,0.0007121731,9.082771e-05,0.0009854621,0.99821156
512,256,walking,2021-05-07 16:13:26.559,2021-05-07 16:13:28.540,0.021,3,3,0.99804866,0.00022637118,4.074749e-05,0.0016842054,0.99804866
512,256,walking,2021-05-07 16:13:27.559,2021-05-07 16:13:29.540,0.021,3,3,0.9990046,0.00018281222,3.0401188e-05,0.00078218017,0.9990046
512,256,walking,2021-05-07 16:13:28.559,2021-05-07 16:13:30.540,0.021,3,3,0.9965717,0.000315408,6.0884297e-05,0.0030520242,0.9965717
512,256,walking,2021-05-07 16:13:29.559,2021-05-07 16:13:31.540,0.021,3,3,0.99782133,0.0002914653,6.744382e-05,0.001819729,0.99782133
512,256,walking,2021-05-07 16:13:30.559,2021-05-07 16:13:32.540,0.021,3,3,0.9997914,0.00018822635,8.187478e-06,1.2229429e-05,0.9997914
512,256,walking,2021-05-07 16:13:31.559,2021-05-07 16:13:33.540,0.021,3,3,0.9993258,0.00030468777,2.5892161e-05,0.00034357986,0.9993258
512,256,walking,2021-05-07 16:13:32.560,2021-05-07 16:13:34.540,0.021,3,3,0.99726593,0.0003465522,6.8577494e-05,0.0023189536,0.99726593
512,256,walking,2021-05-07 16:13:33.560,2021-05-07 16:13:35.540,0.021,3,3,0.9990837,0.0003384782,3.442633e-05,0.00054342684,0.9990837
512,256,walking,2021-05-07 16:13:34.560,2021-05-07 16:13:36.540,0.021,3,3,0.9976575,0.00036432143,4.258547e-05,0.001935706,0.9976575
512,256,walking,2021-05-07 16:13:35.560,2021-05-07 16:13:37.540,0.021,3,3,0.99863154,0.00027571045,3.75784e-05,0.0010550965,0.99863154
512,256,walking,2021-05-07 16:13:36.560,2021-05-07 16:13:38.540,0.021,3,3,0.99968976,0.00023805465,1.3014428e-05,5.9160553e-05,0.99968976
512,256,walking,2021-05-07 16:13:37.560,2021-05-07 16:13:39.540,0.021,3,3,0.9988689,0.0003546272,4.2183623e-05,0.00073422183,0.9988689
512,256,walking,2021-05-07 16:13:38.560,2021-05-07 16:13:40.540,0.021,3,3,0.9983924,0.00023172618,4.04982e-05,0.0013353941,0.9983924
512,256,walking,2021-05-07 16:13:39.560,2021-05-07 16:13:41.540,0.021,3,3,0.9997058,0.00021638109,8.756341e-06,6.899314e-05,0.9997058
512,256,walking,2021-05-07 16:13:40.560,2021-05-07 16:13:42.540,0.021,3,3,0.99926126,0.00025552898,2.1038642e-05,0.000462211,0.99926126
512,256,walking,2021-05-07 16:13:41.560,2021-05-07 16:13:43.540,0.021,3,3,0.99764854,0.00047052084,6.675022e-05,0.0018141987,0.99764854
512,256,walking,2021-05-07 16:13:42.560,2021-05-07 16:13:44.540,0.021,3,3,0.9975518,0.0008646327,0.00013694809,0.0014465712,0.9975518
512,256,walking,2021-05-07 16:13:43.560,2021-05-07 16:13:45.540,0.021,3,3,0.99946946,0.00013419427,1.2252243e-05,0.00038393642,0.99946946
512,256,walking,2021-05-07 16:13:44.560,2021-05-07 16:13:46.540,0.021,3,3,0.99977255,0.00011277692,6.5526515e-06,0.0001080717,0.99977255
512,256,walking,2021-05-07 16:13:45.560,2021-05-07 16:13:47.540,0.021,3,3,0.9992946,0.00035182294,2.5488192e-05,0.00032815422,0.9992946
512,256,walking,2021-05-07 16:13:46.560,2021-05-07 16:13:48.540,0.021,3,3,0.9990694,0.0002031827,2.1102678e-05,0.00070638454,0.9990694
512,256,walking,2021-05-07 16:13:47.560,2021-05-07 16:13:49.540,0.021,3,3,0.9997306,0.00016598347,9.808274e-06,9.359937e-05,0.9997306
512,256,walking,2021-05-07 16:13:48.560,2021-05-07 16:13:50.540,0.021,3,3,0.99821204,0.00031680483,4.8638947e-05,0.0014226121,0.99821204
512,256,walking,2021-05-07 16:13:49.560,2021-05-07 16:13:51.540,0.021,3,3,0.9990257,0.00014989213,2.3131162e-05,0.0008012616,0.9990257
512,256,walking,2021-05-07 16:13:50.560,2021-05-07 16:13:52.540,0.021,3,3,0.99981284,0.00015375389,5.4558177e-06,2.7944536e-05,0.99981284
512,256,walking,2021-05-07 16:13:51.560,2021-05-07 16:13:53.540,0.021,3,3,0.99942493,0.00033273298,1.9571848e-05,0.00022275432,0.99942493
512,256,walking,2021-05-07 16:13:52.560,2021-05-07 16:13:54.540,0.021,3,3,0.9992134,0.00020103173,2.0381956e-05,0.00056519284,0.9992134
512,256,walking,2021-05-07 16:13:53.560,2021-05-07 16:13:55.540,0.021,3,3,0.9995045,0.00036552578,2.037631e-05,0.00010963766,0.9995045
512,256,walking,2021-05-07 16:13:54.560,2021-05-07 16:13:56.540,0.021,3,3,0.99858665,0.0007950675,9.429395e-05,0.0005239627,0.99858665
512,256,walking,2021-05-07 16:13:55.560,2021-05-07 16:13:57.540,0.021,3,3,0.9988791,0.00018664417,2.7984759e-05,0.00090617244,0.9988791
512,256,walking,2021-05-07 16:13:56.560,2021-05-07 16:13:58.540,0.021,3,3,0.999383,0.00025572637,2.3650382e-05,0.00033761098,0.999383
512,256,walking,2021-05-07 16:13:57.560,2021-05-07 16:13:59.540,0.021,3,3,0.999312,0.0005884571,2.0688547e-05,7.8914985e-05,0.999312
512,256,walking,2021-05-07 16:13:58.560,2021-05-07 16:14:00.539,0.021,3,3,0.99935186,0.00020418335,1.251179e-05,0.00043136397,0.99935186
512,256,walking,2021-05-07 16:13:59.560,2021-05-07 16:14:01.539,0.021,3,3,0.9978295,0.00040659812,5.1067673e-05,0.0017127721,0.9978295
512,256,walking,2021-05-07 16:14:00.559,2021-05-07 16:14:02.539,0.021,3,3,0.9992917,0.0006029224,2.8314233e-05,7.707051e-05,0.9992917
512,256,walking,2021-05-07 16:14:01.559,2021-05-07 16:14:03.539,0.021,3,3,0.99938405,0.00033773662,2.3278635e-05,0.0002548655,0.99938405
512,257,standing,2021-05-07 16:14:03.920,2021-05-07 16:14:05.900,0.021,2,2,0.8090173,0.00025756995,3.322313e-05,0.8090173,0.19069189
512,257,standing,2021-05-07 16:14:04.920,2021-05-07 16:14:06.900,0.021,2,2,0.9928588,4.2548905e-05,3.6392391e-06,0.9928588,0.007094965
512,258,walking,2021-05-07 16:14:07.720,2021-05-07 16:14:09.699,0.021,3,3,0.9774324,0.00034099884,9.866742e-05,0.02212783,0.9774324
512,258,walking,2021-05-07 16:14:08.720,2021-05-07 16:14:10.699,0.021,3,3,0.97908896,0.0005877442,0.0002002401,0.020123117,0.97908896
512,258,walking,2021-05-07 16:14:09.720,2021-05-07 16:14:11.699,0.021,3,3,0.9938499,0.00051207596,0.00014490841,0.0054931054,0.9938499
512,258,walking,2021-05-07 16:14:10.720,2021-05-07 16:14:12.699,0.021,3,3,0.99960655,0.00027351044,2.0704456e-05,9.915456e-05,0.99960655
512,258,walking,2021-05-07 16:14:11.720,2021-05-07 16:14:13.699,0.021,3,3,0.9992653,0.0003293714,2.5174873e-05,0.00038009573,0.9992653
512,258,walking,2021-05-07 16:14:12.720,2021-05-07 16:14:14.699,0.021,3,3,0.9993558,0.00016454668,1.4493986e-05,0.00046511623,0.9993558
512,258,walking,2021-05-07 16:14:13.720,2021-05-07 16:14:15.699,0.021,3,3,0.999659,0.00021211394,1.2699205e-05,0.000116275194,0.999659
512,258,walking,2021-05-07 16:14:14.720,2021-05-07 16:14:16.700,0.021,3,3,0.99821866,0.0009138303,0.00012455393,0.0007430298,0.99821866
512,258,walking,2021-05-07 16:14:15.720,2021-05-07 16:14:17.700,0.021,3,3,0.9988312,0.0002493179,3.760793e-05,0.0008818278,0.9988312
512,258,walking,2021-05-07 16:14:16.719,2021-05-07 16:14:18.700,0.021,3,3,0.9995877,0.00024451033,2.1432805e-05,0.00014635369,0.9995877
512,258,walking,2021-05-07 16:14:17.719,2021-05-07 16:14:19.700,0.021,3,3,0.99835193,0.0009409668,0.000120384604,0.0005866996,0.99835193
512,258,walking,2021-05-07 16:14:18.719,2021-05-07 16:14:20.700,0.021,3,3,0.9862476,0.00028975043,9.972052e-05,0.0133628715,0.9862476
512,258,walking,2021-05-07 16:14:19.719,2021-05-07 16:14:21.700,0.021,3,3,0.99921197,0.00027208554,3.5681824e-05,0.00048020386,0.99921197
512,258,walking,2021-05-07 16:14:20.719,2021-05-07 16:14:22.700,0.021,3,3,0.9992534,0.0005796006,5.4907512e-05,0.00011216525,0.9992534
512,258,walking,2021-05-07 16:14:21.719,2021-05-07 16:14:23.700,0.021,3,3,0.9998348,9.325343e-05,4.924612e-06,6.7142435e-05,0.9998348
512,258,walking,2021-05-07 16:14:22.719,2021-05-07 16:14:24.700,0.021,3,3,0.9998684,7.7144556e-05,4.4134986e-06,5.014117e-05,0.9998684
512,258,walking,2021-05-07 16:14:23.719,2021-05-07 16:14:25.700,0.021,3,3,0.99970937,0.00023533388,7.9762585e-06,4.718205e-05,0.99970937
512,258,walking,2021-05-07 16:14:24.719,2021-05-07 16:14:26.700,0.021,3,3,0.9994437,0.0001295045,8.586979e-06,0.00041821846,0.9994437
512,258,walking,2021-05-07 16:14:25.719,2021-05-07 16:14:27.700,0.021,3,3,0.9965832,0.00033188722,5.891454e-05,0.0030259194,0.9965832
512,258,walking,2021-05-07 16:14:26.719,2021-05-07 16:14:28.700,0.021,3,3,0.99818134,0.00056795136,7.055924e-05,0.0011801927,0.99818134
512,258,walking,2021-05-07 16:14:27.719,2021-05-07 16:14:29.700,0.021,3,3,0.9995803,0.000106447085,7.088514e-06,0.00030606295,0.9995803
512,258,walking,2021-05-07 16:14:28.719,2021-05-07 16:14:30.700,0.021,3,3,0.9994079,0.00018902247,1.7445005e-05,0.00038561889,0.9994079
512,258,walking,2021-05-07 16:14:29.719,2021-05-07 16:14:31.700,0.021,3,3,0.9997721,0.00020417104,6.5787085e-06,1.7118018e-05,0.9997721
512,258,walking,2021-05-07 16:14:30.719,2021-05-07 16:14:32.700,0.021,3,3,0.9995204,0.00016600745,1.1172249e-05,0.00030241418,0.9995204
512,258,walking,2021-05-07 16:14:31.719,2021-05-07 16:14:33.700,0.021,3,3,0.99889696,0.0002336211,2.6745267e-05,0.0008426184,0.99889696
512,258,walking,2021-05-07 16:14:32.720,2021-05-07 16:14:34.700,0.021,3,3,0.99981046,0.00013678252,5.177061e-06,4.7593207e-05,0.99981046
512,258,walking,2021-05-07 16:14:33.720,2021-05-07 16:14:35.700,0.021,3,3,0.9993176,0.00010280475,7.749095e-06,0.0005718283,0.9993176
512,258,walking,2021-05-07 16:14:34.720,2021-05-07 16:14:36.700,0.021,3,3,0.99953926,0.00011673845,1.0012034e-05,0.00033406934,0.99953926
512,258,walking,2021-05-07 16:14:35.720,2021-05-07 16:14:37.700,0.021,3,3,0.9998997,9.369675e-05,1.6062502e-06,4.9471555e-06,0.9998997
512,258,walking,2021-05-07 16:14:36.720,2021-05-07 16:14:38.700,0.021,3,3,0.9997158,0.00010512361,4.12263e-06,0.00017489391,0.9997158
512,258,walking,2021-05-07 16:14:37.720,2021-05-07 16:14:39.700,0.021,3,3,0.99935615,0.00015158729,1.1973182e-05,0.00048019714,0.99935615
512,258,walking,2021-05-07 16:14:38.720,2021-05-07 16:14:40.700,0.021,3,3,0.9996454,0.00026400996,1.0569173e-05,7.992245e-05,0.9996454
512,258,walking,2021-05-07 16:14:39.720,2021-05-07 16:14:41.700,0.021,3,3,0.9992942,0.0002820159,2.004345e-05,0.00040380989,0.9992942
512,258,walking,2021-05-07 16:14:40.720,2021-05-07 16:14:42.700,0.021,3,3,0.9995932,0.00020363655,1.2820685e-05,0.00019018649,0.9995932
512,258,walking,2021-05-07 16:14:41.720,2021-05-07 16:14:43.700,0.021,3,3,0.99977493,0.00019380772,7.010797e-06,2.4220963e-05,0.99977493
512,258,walking,2021-05-07 16:14:42.720,2021-05-07 16:14:44.700,0.021,3,3,0.9989688,0.00026218983,2.5380885e-05,0.0007436031,0.9989688
512,258,walking,2021-05-07 16:14:43.720,2021-05-07 16:14:45.700,0.021,3,3,0.9994752,0.00017628624,1.2609987e-05,0.0003358218,0.9994752
512,258,walking,2021-05-07 16:14:44.720,2021-05-07 16:14:46.700,0.021,3,3,0.99973357,0.00025294523,4.7263507e-06,8.709022e-06,0.99973357
512,258,walking,2021-05-07 16:14:45.720,2021-05-07 16:14:47.700,0.021,3,3,0.99941087,0.00040127995,2.7117994e-05,0.00016074107,0.99941087
512,258,walking,2021-05-07 16:14:46.720,2021-05-07 16:14:48.700,0.021,3,3,0.99963516,0.00013795687,1.1606121e-05,0.00021525873,0.99963516
512,258,walking,2021-05-07 16:14:47.720,2021-05-07 16:14:49.700,0.021,3,3,0.99978733,0.0001729693,4.5183206e-06,3.514507e-05,0.99978733
512,258,walking,2021-05-07 16:14:48.720,2021-05-07 16:14:50.700,0.021,3,3,0.9986941,0.00056840276,4.8228652e-05,0.00068924215,0.9986941
512,258,walking,2021-05-07 16:14:49.720,2021-05-07 16:14:51.700,0.021,3,3,0.9987824,0.00025224133,3.2415297e-05,0.00093288586,0.9987824
512,258,walking,2021-05-07 16:14:50.720,2021-05-07 16:14:52.700,0.021,3,3,0.999738,0.0001757398,1.1225031e-05,7.499361e-05,0.999738
512,258,walking,2021-05-07 16:14:51.720,2021-05-07 16:14:53.700,0.021,3,3,0.99910146,0.00059848005,4.8728827e-05,0.00025129074,0.99910146
512,258,walking,2021-05-07 16:14:52.720,2021-05-07 16:14:54.700,0.021,3,3,0.9990176,0.00035970754,4.026123e-05,0.0005824537,0.9990176
512,258,walking,2021-05-07 16:14:53.720,2021-05-07 16:14:55.700,0.021,3,3,0.9992737,0.0005076315,4.9032566e-05,0.00016959969,0.9992737
512,258,walking,2021-05-07 16:14:54.720,2021-05-07 16:14:56.700,0.021,3,3,0.9972302,0.0015103482,0.00027149593,0.0009880255,0.9972302
512,258,walking,2021-05-07 16:14:55.720,2021-05-07 16:14:57.700,0.021,3,3,0.99958485,0.0002485539,2.7344777e-05,0.00013914795,0.99958485
512,258,walking,2021-05-07 16:14:56.720,2021-05-07 16:14:58.700,0.021,3,3,0.9998152,0.00016309685,7.546046e-06,1.40788325e-05,0.9998152
512,258,walking,2021-05-07 16:14:57.720,2021-05-07 16:14:59.700,0.021,3,3,0.99912107,0.00073457183,5.564155e-05,8.8668865e-05,0.99912107
512,258,walking,2021-05-07 16:14:58.720,2021-05-07 16:15:00.700,0.021,3,3,0.99695694,0.00042880236,0.00011573143,0.0024984977,0.99695694
512,258,walking,2021-05-07 16:14:59.720,2021-05-07 16:15:01.700,0.021,3,3,0.9923879,0.0007280166,0.00027232183,0.0066117435,0.9923879
512,258,walking,2021-05-07 16:15:00.720,2021-05-07 16:15:02.700,0.021,3,3,0.9931816,0.001319229,0.00034850705,0.005150659,0.9931816
512,258,walking,2021-05-07 16:15:01.720,2021-05-07 16:15:03.700,0.021,3,3,0.99554485,0.00081262365,0.0001827671,0.003459711,0.99554485
512,258,walking,2021-05-07 16:15:02.720,2021-05-07 16:15:04.699,0.021,3,3,0.99544364,0.0011701277,0.00029752514,0.0030886792,0.99544364
512,258,walking,2021-05-07 16:15:03.720,2021-05-07 16:15:05.699,0.021,3,3,0.99895567,0.0008699068,6.8346184e-05,0.00010606855,0.99895567
512,258,walking,2021-05-07 16:15:04.720,2021-05-07 16:15:06.699,0.021,3,3,0.99737275,0.0005601331,9.733426e-05,0.0019697852,0.99737275
512,258,walking,2021-05-07 16:15:05.720,2021-05-07 16:15:07.699,0.021,3,3,0.9962942,0.00059904426,0.00015442049,0.0029523387,0.9962942
512,258,walking,2021-05-07 16:15:06.720,2021-05-07 16:15:08.699,0.021,3,3,0.9989502,0.0005616793,7.478801e-05,0.00041327535,0.9989502
512,258,walking,2021-05-07 16:15:07.720,2021-05-07 16:15:09.699,0.021,3,3,0.9836336,0.0006804511,0.00025839554,0.015427632,0.9836336
512,258,walking,2021-05-07 16:15:08.720,2021-05-07 16:15:10.699,0.021,3,3,0.9977329,0.0004648153,0.00010374938,0.0016985195,0.9977329
512,258,walking,2021-05-07 16:15:09.720,2021-05-07 16:15:11.699,0.021,3,3,0.99969167,0.00028011014,1.1453571e-05,1.6788472e-05,0.99969167
512,258,walking,2021-05-07 16:15:10.720,2021-05-07 16:15:12.699,0.021,3,3,0.9991232,0.00024872145,2.8524093e-05,0.0005995236,0.9991232
512,258,walking,2021-05-07 16:15:11.720,2021-05-07 16:15:13.699,0.021,3,3,0.997403,0.0004269014,0.00010693685,0.0020630918,0.997403
512,258,walking,2021-05-07 16:15:12.720,2021-05-07 16:15:14.699,0.021,3,3,0.9993733,0.00043655033,3.7356564e-05,0.0001526958,0.9993733
512,258,walking,2021-05-07 16:15:13.720,2021-05-07 16:15:15.699,0.021,3,3,0.99493486,0.00094984384,0.00023850701,0.003876845,0.99493486
512,258,walking,2021-05-07 16:15:14.720,2021-05-07 16:15:16.700,0.021,3,3,0.9895568,0.0003667037,0.00011259009,0.009963991,0.9895568
512,258,walking,2021-05-07 16:15:15.720,2021-05-07 16:15:17.700,0.021,3,3,0.99701077,0.00036234554,8.510854e-05,0.002541839,0.99701077
512,258,walking,2021-05-07 16:15:16.719,2021-05-07 16:15:18.700,0.021,3,3,0.99867404,0.0008595072,8.180336e-05,0.00038463392,0.99867404
512,258,walking,2021-05-07 16:15:17.719,2021-05-07 16:15:19.700,0.021,3,3,0.996516,0.0006728269,0.00012699768,0.0026841345,0.996516
512,258,walking,2021-05-07 16:15:18.719,2021-05-07 16:15:20.700,0.021,3,3,0.9961954,0.00047177312,0.00012223088,0.003210576,0.9961954
512,258,walking,2021-05-07 16:15:19.719,2021-05-07 16:15:21.700,0.021,3,3,0.9994499,0.00030682664,2.9812389e-05,0.00021345237,0.9994499
512,258,walking,2021-05-07 16:15:20.719,2021-05-07 16:15:22.700,0.021,3,3,0.99489385,0.0006610164,0.00013307552,0.0043120603,0.99489385
512,258,walking,2021-05-07 16:15:21.719,2021-05-07 16:15:23.700,0.021,3,3,0.9984832,0.0003507443,6.2025254e-05,0.0011040039,0.9984832
512,258,walking,2021-05-07 16:15:22.719,2021-05-07 16:15:24.700,0.021,3,3,0.99972296,0.00021970917,1.3887992e-05,4.3337506e-05,0.99972296
512,258,walking,2021-05-07 16:15:23.719,2021-05-07 16:15:25.700,0.021,3,3,0.9978684,0.00048603633,7.522843e-05,0.0015702731,0.9978684
512,258,walking,2021-05-07 16:15:24.719,2021-05-07 16:15:26.700,0.021,3,3,0.99752337,0.00037654393,6.7801666e-05,0.0020322981,0.99752337
512,258,walking,2021-05-07 16:15:25.719,2021-05-07 16:15:27.700,0.021,3,3,0.999185,0.00032725508,3.4703236e-05,0.0004529502,0.999185
512,258,walking,2021-05-07 16:15:26.719,2021-05-07 16:15:28.700,0.021,3,3,0.9947232,0.00053655327,8.2073e-05,0.0046582203,0.9947232
512,258,walking,2021-05-07 16:15:27.719,2021-05-07 16:15:29.700,0.021,3,3,0.99747074,0.0005236795,6.822012e-05,0.0019374397,0.99747074
512,258,walking,2021-05-07 16:15:28.719,2021-05-07 16:15:30.700,0.021,3,3,0.9996888,0.00028134673,7.647833e-06,2.2333827e-05,0.9996888
512,258,walking,2021-05-07 16:15:29.719,2021-05-07 16:15:31.700,0.021,3,3,0.99957913,0.00028984222,1.2786182e-05,0.00011810279,0.99957913
512,263,standing,2021-05-07 16:15:35.279,2021-05-07 16:15:37.259,0.021,2,2,0.9954414,2.4510493e-05,4.0301147e-06,0.9954414,0.0045300485
512,263,standing,2021-05-07 16:15:36.279,2021-05-07 16:15:38.259,0.021,2,2,0.9940747,2.6186619e-05,4.573759e-06,0.9940747,0.005894485
512,263,standing,2021-05-07 16:15:37.279,2021-05-07 16:15:39.259,0.021,2,2,0.9951366,2.1866796e-05,3.6934437e-06,0.9951366,0.004837782
512,263,standing,2021-05-07 16:15:38.279,2021-05-07 16:15:40.259,0.021,2,2,0.9967091,1.7182501e-05,2.7688736e-06,0.9967091,0.0032709518
512,263,standing,2021-05-07 16:15:39.279,2021-05-07 16:15:41.259,0.021,2,2,0.9965356,1.7192606e-05,2.8681409e-06,0.9965356,0.0034443962
512,263,standing,2021-05-07 16:15:40.279,2021-05-07 16:15:42.259,0.021,2,2,0.99631804,1.7438588e-05,3.1017087e-06,0.99631804,0.0036614079
512,263,standing,2021-05-07 16:15:41.279,2021-05-07 16:15:43.259,0.021,2,2,0.9918453,2.7037324e-05,4.9430446e-06,0.9918453,0.00812277
512,263,standing,2021-05-07 16:15:42.279,2021-05-07 16:15:44.259,0.021,2,2,0.9942782,2.4949884e-05,4.555309e-06,0.9942782,0.005692299
512,263,standing,2021-05-07 16:15:43.279,2021-05-07 16:15:45.259,0.021,2,2,0.9971073,1.842341e-05,3.28836e-06,0.9971073,0.0028708472
512,263,standing,2021-05-07 16:15:44.279,2021-05-07 16:15:46.259,0.021,2,2,0.9972658,1.7115864e-05,3.012688e-06,0.9972658,0.00271411
512,263,standing,2021-05-07 16:15:45.279,2021-05-07 16:15:47.259,0.021,2,2,0.9971781,1.7102708e-05,3.0930914e-06,0.9971781,0.0028017096
512,263,standing,2021-05-07 16:15:46.279,2021-05-07 16:15:48.259,0.021,2,2,0.99680144,1.8009427e-05,3.3286462e-06,0.99680144,0.0031771513
512,263,standing,2021-05-07 16:15:47.279,2021-05-07 16:15:49.259,0.021,2,2,0.99652654,1.9700077e-05,3.6900517e-06,0.99652654,0.0034500654
512,263,standing,2021-05-07 16:15:48.279,2021-05-07 16:15:50.259,0.021,2,2,0.99641156,2.245372e-05,4.201627e-06,0.99641156,0.0035617643
512,263,standing,2021-05-07 16:15:49.279,2021-05-07 16:15:51.259,0.021,2,2,0.9958191,2.6541207e-05,5.49255e-06,0.9958191,0.00414888
512,263,standing,2021-05-07 16:15:50.279,2021-05-07 16:15:52.259,0.021,2,2,0.9958215,3.169732e-05,7.0407496e-06,0.9958215,0.0041396534
512,263,standing,2021-05-07 16:15:51.279,2021-05-07 16:15:53.259,0.021,2,2,0.9950216,3.27271e-05,6.60239e-06,0.9950216,0.004939087
512,263,standing,2021-05-07 16:15:52.279,2021-05-07 16:15:54.259,0.021,2,2,0.99466926,2.6274347e-05,4.5850306e-06,0.99466926,0.005299888
512,263,standing,2021-05-07 16:15:53.279,2021-05-07 16:15:55.259,0.021,2,2,0.99170464,2.5690582e-05,4.1186468e-06,0.99170464,0.008265616
512,265,standing,2021-05-07 16:15:56.119,2021-05-07 16:15:58.099,0.021,2,2,0.99043167,2.5122403e-05,4.737958e-06,0.99043167,0.009538541
512,267,standing,2021-05-07 16:16:00.480,2021-05-07 16:16:02.460,0.021,2,2,0.9897287,4.6198733e-05,9.084967e-06,0.9897287,0.010215921
512,267,standing,2021-05-07 16:16:01.480,2021-05-07 16:16:03.460,0.021,2,2,0.99366087,3.8273174e-05,7.494356e-06,0.99366087,0.0062934784
512,267,standing,2021-05-07 16:16:02.480,2021-05-07 16:16:04.460,0.021,2,2,0.99370795,3.6503065e-05,7.447906e-06,0.99370795,0.0062481523
512,267,standing,2021-05-07 16:16:03.480,2021-05-07 16:16:05.460,0.021,2,2,0.9951536,3.729865e-05,8.03348e-06,0.9951536,0.0048010405
512,267,standing,2021-05-07 16:16:04.480,2021-05-07 16:16:06.460,0.021,2,2,0.9926004,4.5774428e-05,1.0459536e-05,0.9926004,0.0073433695
512,267,standing,2021-05-07 16:16:05.480,2021-05-07 16:16:07.460,0.021,2,2,0.9920849,3.454745e-05,7.448843e-06,0.9920849,0.007873027
512,267,standing,2021-05-07 16:16:06.480,2021-05-07 16:16:08.460,0.021,2,2,0.9963502,2.0093847e-05,3.7021684e-06,0.9963502,0.0036260537
512,267,standing,2021-05-07 16:16:07.480,2021-05-07 16:16:09.460,0.021,2,2,0.9970776,1.7751847e-05,3.2748799e-06,0.9970776,0.002901441
512,267,standing,2021-05-07 16:16:08.479,2021-05-07 16:16:10.460,0.021,2,2,0.99678504,1.8796081e-05,3.7164082e-06,0.99678504,0.0031925512
512,267,standing,2021-05-07 16:16:09.479,2021-05-07 16:16:11.460,0.021,2,2,0.9967798,1.8792898e-05,3.7556126e-06,0.9967798,0.0031975696
512,267,standing,2021-05-07 16:16:10.479,2021-05-07 16:16:12.460,0.021,2,2,0.9967316,1.8826646e-05,3.7652605e-06,0.9967316,0.0032457588
512,267,standing,2021-05-07 16:16:11.479,2021-05-07 16:16:13.460,0.021,2,2,0.99642223,1.9119085e-05,3.936895e-06,0.99642223,0.0035546557
512,269,standing,2021-05-07 16:16:16.079,2021-05-07 16:16:18.059,0.021,2,2,0.98070717,6.033393e-05,1.2816357e-05,0.98070717,0.019219724
512,270,walking,2021-05-07 16:16:18.239,2021-05-07 16:16:20.219,0.021,3,3,0.98449016,0.00045529264,0.00014022322,0.014914419,0.98449016
512,270,walking,2021-05-07 16:16:19.239,2021-05-07 16:16:21.219,0.021,3,3,0.9909406,0.0005617745,0.00011968046,0.0083779665,0.9909406
512,270,walking,2021-05-07 16:16:20.239,2021-05-07 16:16:22.219,0.021,3,3,0.99435955,0.00043775857,8.027893e-05,0.0051223966,0.99435955
512,270,walking,2021-05-07 16:16:21.239,2021-05-07 16:16:23.219,0.021,3,3,0.99815655,0.000581677,0.0001001958,0.0011615198,0.99815655
512,270,walking,2021-05-07 16:16:22.239,2021-05-07 16:16:24.219,0.021,3,3,0.9985572,0.00033479818,5.2937514e-05,0.0010549848,0.9985572
512,270,walking,2021-05-07 16:16:23.239,2021-05-07 16:16:25.219,0.021,3,3,0.99923176,0.0002307691,2.414555e-05,0.0005132319,0.99923176
512,271,standing,2021-05-07 16:16:25.680,2021-05-07 16:16:27.659,0.021,2,2,0.9963258,1.0648403e-05,9.106745e-07,0.9963258,0.003662615
512,272,walking,2021-05-07 16:16:28.639,2021-05-07 16:16:30.619,0.021,3,3,0.9833492,0.0011577092,0.0002559898,0.0152370855,0.9833492
512,272,walking,2021-05-07 16:16:29.639,2021-05-07 16:16:31.619,0.021,3,3,0.9995834,0.00028949816,1.8304489e-05,0.00010869161,0.9995834
512,272,walking,2021-05-07 16:16:30.639,2021-05-07 16:16:32.619,0.021,3,3,0.9998381,0.00015751862,2.9573919e-06,1.4887132e-06,0.9998381
512,272,walking,2021-05-07 16:16:31.639,2021-05-07 16:16:33.619,0.021,3,3,0.9994035,0.00046020566,3.145245e-05,0.00010491842,0.9994035
512,272,walking,2021-05-07 16:16:32.639,2021-05-07 16:16:34.619,0.021,3,3,0.99969,0.00018641628,1.4456018e-05,0.0001092058,0.99969
512,272,walking,2021-05-07 16:16:33.639,2021-05-07 16:16:35.619,0.021,3,3,0.9996943,0.00027240047,1.4312414e-05,1.9135641e-05,0.9996943
512,272,walking,2021-05-07 16:16:34.639,2021-05-07 16:16:36.619,0.021,3,3,0.99856555,0.0007552819,7.894144e-05,0.00060021674,0.99856555
512,272,walking,2021-05-07 16:16:35.639,2021-05-07 16:16:37.619,0.021,3,3,0.99911666,0.00034877934,3.4790795e-05,0.0004997515,0.99911666
512,272,walking,2021-05-07 16:16:36.639,2021-05-07 16:16:38.619,0.021,3,3,0.99945086,0.00041482222,3.0040308e-05,0.00010428912,0.99945086
512,272,walking,2021-05-07 16:16:37.639,2021-05-07 16:16:39.619,0.021,3,3,0.9948707,0.0006442871,0.00015015052,0.0043347813,0.9948707
512,272,walking,2021-05-07 16:16:38.639,2021-05-07 16:16:40.619,0.021,3,3,0.9991105,0.00034383108,5.383221e-05,0.0004917421,0.9991105
512,272,walking,2021-05-07 16:16:39.639,2021-05-07 16:16:41.619,0.021,3,3,0.9996318,0.00031017172,1.909059e-05,3.8880306e-05,0.9996318
512,272,walking,2021-05-07 16:16:40.639,2021-05-07 16:16:42.619,0.021,3,3,0.99754053,0.0007808596,0.00012593484,0.0015525693,0.99754053
512,272,walking,2021-05-07 16:16:41.639,2021-05-07 16:16:43.619,0.021,3,3,0.9989386,0.00033491393,4.1948308e-05,0.00068450527,0.9989386
512,272,walking,2021-05-07 16:16:42.639,2021-05-07 16:16:44.619,0.021,3,3,0.9962912,0.00042139943,0.00010943965,0.0031778715,0.9962912
512,272,walking,2021-05-07 16:16:43.639,2021-05-07 16:16:45.619,0.021,3,3,0.9964484,0.0010013568,0.00018057085,0.0023696395,0.9964484
512,272,walking,2021-05-07 16:16:44.639,2021-05-07 16:16:46.619,0.021,3,3,0.99855065,0.0012910232,5.0307142e-05,0.00010798801,0.99855065
512,272,walking,2021-05-07 16:16:45.639,2021-05-07 16:16:47.619,0.021,3,3,0.99897045,0.00061114336,6.1091756e-05,0.0003572638,0.99897045
512,272,walking,2021-05-07 16:16:46.639,2021-05-07 16:16:48.619,0.021,3,3,0.9978579,0.0005110733,0.000115916584,0.0015149945,0.9978579
512,272,walking,2021-05-07 16:16:47.639,2021-05-07 16:16:49.619,0.021,3,3,0.99886435,0.0006106372,6.770524e-05,0.00045725406,0.99886435
512,272,walking,2021-05-07 16:16:48.639,2021-05-07 16:16:50.619,0.021,3,3,0.99847066,0.0004274782,6.063381e-05,0.0010412993,0.99847066
512,272,walking,2021-05-07 16:16:49.639,2021-05-07 16:16:51.619,0.021,3,3,0.9985068,0.00041781066,7.516315e-05,0.0010003162,0.9985068
512,272,walking,2021-05-07 16:16:50.639,2021-05-07 16:16:52.619,0.021,3,3,0.99732614,0.00076496636,0.00016119477,0.0017477021,0.99732614
512,272,walking,2021-05-07 16:16:51.639,2021-05-07 16:16:53.619,0.021,3,3,0.9987346,0.0005726306,7.8103374e-05,0.0006147209,0.9987346
512,272,walking,2021-05-07 16:16:52.639,2021-05-07 16:16:54.619,0.021,3,3,0.9994795,0.0003584679,3.0615683e-05,0.00013135892,0.9994795
512,272,walking,2021-05-07 16:16:53.639,2021-05-07 16:16:55.619,0.021,3,3,0.9993178,0.00050617324,3.7161586e-05,0.00013878017,0.9993178
512,272,walking,2021-05-07 16:16:54.639,2021-05-07 16:16:56.619,0.021,3,3,0.9992313,0.0004242577,2.7911186e-05,0.0003165913,0.9992313
512,272,walking,2021-05-07 16:16:55.639,2021-05-07 16:16:57.619,0.021,3,3,0.9994964,0.0002991518,2.4700912e-05,0.00017975018,0.9994964
512,272,walking,2021-05-07 16:16:56.639,2021-05-07 16:16:58.619,0.021,3,3,0.9997983,0.00015041821,8.502816e-06,4.269342e-05,0.9997983
512,272,walking,2021-05-07 16:16:57.639,2021-05-07 16:16:59.619,0.021,3,3,0.9989609,0.00026811985,3.337692e-05,0.0007376455,0.9989609
512,272,walking,2021-05-07 16:16:58.639,2021-05-07 16:17:00.619,0.021,3,3,0.998969,0.0002978388,4.533959e-05,0.0006877927,0.998969
512,272,walking,2021-05-07 16:16:59.639,2021-05-07 16:17:01.619,0.021,3,3,0.99949306,0.0002963776,2.5386264e-05,0.00018509977,0.99949306
512,272,walking,2021-05-07 16:17:00.640,2021-05-07 16:17:02.619,0.021,3,3,0.99768186,0.00028092225,4.5231536e-05,0.001991983,0.99768186
512,272,walking,2021-05-07 16:17:01.640,2021-05-07 16:17:03.619,0.021,3,3,0.99833727,0.00026903767,4.699859e-05,0.0013466523,0.99833727
512,272,walking,2021-05-07 16:17:02.640,2021-05-07 16:17:04.619,0.021,3,3,0.9996583,0.00021917721,1.286748e-05,0.00010960246,0.9996583
512,272,walking,2021-05-07 16:17:03.640,2021-05-07 16:17:05.619,0.021,3,3,0.9957906,0.00029500105,5.3175067e-05,0.003861204,0.9957906
512,272,walking,2021-05-07 16:17:04.640,2021-05-07 16:17:06.619,0.021,3,3,0.9976696,0.0002723493,5.4240125e-05,0.0020037983,0.9976696
512,272,walking,2021-05-07 16:17:05.640,2021-05-07 16:17:07.619,0.021,3,3,0.99938107,0.00039377876,3.336731e-05,0.00019182212,0.99938107
512,272,walking,2021-05-07 16:17:06.640,2021-05-07 16:17:08.619,0.021,3,3,0.9952012,0.00036306333,7.061987e-05,0.0043651382,0.9952012
512,272,walking,2021-05-07 16:17:07.640,2021-05-07 16:17:09.619,0.021,3,3,0.9981165,0.00033680472,5.9946382e-05,0.0014867552,0.9981165
512,272,walking,2021-05-07 16:17:08.640,2021-05-07 16:17:10.619,0.021,3,3,0.99953425,0.00027138923,2.233293e-05,0.00017202218,0.99953425
512,272,walking,2021-05-07 16:17:09.640,2021-05-07 16:17:11.619,0.021,3,3,0.9901974,0.0003280098,7.449495e-05,0.009400099,0.9901974
512,272,walking,2021-05-07 16:17:10.640,2021-05-07 16:17:12.619,0.021,3,3,0.9490633,0.00047811572,0.0002173845,0.0502412,0.9490633
512,272,walking,2021-05-07 16:17:11.640,2021-05-07 16:17:13.619,0.021,3,3,0.9966143,0.00039779404,9.099319e-05,0.0028968325,0.9966143
512,272,walking,2021-05-07 16:17:12.640,2021-05-07 16:17:14.619,0.021,3,3,0.98677063,0.00039256655,9.24753e-05,0.0127443755,0.98677063
512,272,walking,2021-05-07 16:17:13.640,2021-05-07 16:17:15.619,0.021,3,3,0.992747,0.0005272082,0.00014805264,0.0065777777,0.992747
512,272,walking,2021-05-07 16:17:14.640,2021-05-07 16:17:16.619,0.021,3,3,0.9982063,0.000655754,0.00011409531,0.0010239423,0.9982063
512,272,walking,2021-05-07 16:17:15.640,2021-05-07 16:17:17.619,0.021,3,3,0.98102707,0.000360253,0.000102123966,0.01851055,0.98102707
512,272,walking,2021-05-07 16:17:16.639,2021-05-07 16:17:18.619,0.021,3,3,0.9938815,0.00038883358,7.63028e-05,0.0056534098,0.9938815
512,272,walking,2021-05-07 16:17:17.639,2021-05-07 16:17:19.619,0.021,3,3,0.9961559,0.00065535767,0.00014880407,0.003039963,0.9961559
512,272,walking,2021-05-07 16:17:18.639,2021-05-07 16:17:20.619,0.021,3,3,0.9930402,0.00031630823,7.675529e-05,0.006566719,0.9930402
512,272,walking,2021-05-07 16:17:19.639,2021-05-07 16:17:21.619,0.021,3,3,0.99121827,0.00027542742,8.878988e-05,0.008417515,0.99121827
512,272,walking,2021-05-07 16:17:20.639,2021-05-07 16:17:22.619,0.021,3,3,0.9902965,0.00046407818,0.00014951447,0.009089863,0.9902965
512,272,walking,2021-05-07 16:17:21.639,2021-05-07 16:17:23.619,0.021,3,3,0.9994554,0.00013171339,1.3466358e-05,0.00039944806,0.9994554
512,272,walking,2021-05-07 16:17:22.639,2021-05-07 16:17:24.619,0.021,3,3,0.99962705,0.00014297203,6.9536245e-06,0.00022292392,0.99962705
512,272,walking,2021-05-07 16:17:23.639,2021-05-07 16:17:25.619,0.021,3,3,0.9906656,0.00029477954,4.4312277e-05,0.008995253,0.9906656
512,272,walking,2021-05-07 16:17:24.639,2021-05-07 16:17:26.619,0.021,3,3,0.99055964,0.0002455962,4.4847908e-05,0.009149911,0.99055964
512,272,walking,2021-05-07 16:17:25.639,2021-05-07 16:17:27.619,0.021,3,3,0.9935085,0.00019643948,3.3948603e-05,0.006261066,0.9935085
512,272,walking,2021-05-07 16:17:26.639,2021-05-07 16:17:28.619,0.021,3,3,0.99553764,0.00019598447,2.9634752e-05,0.004236825,0.99553764
512,272,walking,2021-05-07 16:17:27.639,2021-05-07 16:17:29.619,0.021,3,3,0.99979186,0.00011243373,6.092165e-06,8.9594e-05,0.99979186
512,272,walking,2021-05-07 16:17:28.639,2021-05-07 16:17:30.619,0.021,3,3,0.99889493,0.00025350915,2.290536e-05,0.00082862284,0.99889493
512,272,walking,2021-05-07 16:17:29.639,2021-05-07 16:17:31.619,0.021,3,3,0.9982825,0.0001737857,2.4559056e-05,0.0015192911,0.9982825
512,272,walking,2021-05-07 16:17:30.639,2021-05-07 16:17:32.619,0.021,3,3,0.9993589,0.0003225942,2.382437e-05,0.0002946737,0.9993589
512,272,walking,2021-05-07 16:17:31.639,2021-05-07 16:17:33.619,0.021,3,3,0.99513364,0.0005183551,6.78538e-05,0.0042800717,0.99513364
512,272,walking,2021-05-07 16:17:32.639,2021-05-07 16:17:34.619,0.021,3,3,0.99792826,0.00023658077,2.832337e-05,0.001806837,0.99792826
512,272,walking,2021-05-07 16:17:33.639,2021-05-07 16:17:35.619,0.021,3,3,0.99966305,0.00016405364,7.641112e-06,0.00016533685,0.99966305
512,272,walking,2021-05-07 16:17:34.639,2021-05-07 16:17:36.619,0.021,3,3,0.99879384,0.0001689764,1.1826401e-05,0.00102534,0.99879384
512,272,walking,2021-05-07 16:17:35.639,2021-05-07 16:17:37.619,0.021,3,3,0.9968767,0.00018109402,1.9914272e-05,0.0029223205,0.9968767
512,272,walking,2021-05-07 16:17:36.639,2021-05-07 16:17:38.619,0.021,3,3,0.99784726,0.00043254896,3.45293e-05,0.0016857302,0.99784726
512,272,walking,2021-05-07 16:17:37.639,2021-05-07 16:17:39.619,0.021,3,3,0.9943452,0.00038492214,4.6649504e-05,0.005223267,0.9943452
512,275,standing,2021-05-07 16:17:42.439,2021-05-07 16:17:44.419,0.021,2,2,0.9948143,4.3500684e-05,8.113905e-06,0.9948143,0.0051342044
512,275,standing,2021-05-07 16:17:43.439,2021-05-07 16:17:45.419,0.021,2,2,0.9967244,4.109865e-05,8.084566e-06,0.9967244,0.003226261
512,275,standing,2021-05-07 16:17:44.439,2021-05-07 16:17:46.419,0.021,2,2,0.99643826,4.68672e-05,9.554778e-06,0.99643826,0.003505212
512,275,standing,2021-05-07 16:17:45.439,2021-05-07 16:17:47.419,0.021,2,2,0.99584556,5.3277796e-05,1.1283499e-05,0.99584556,0.0040898602
512,275,standing,2021-05-07 16:17:46.439,2021-05-07 16:17:48.419,0.021,2,2,0.9960455,5.040155e-05,1.06065645e-05,0.9960455,0.0038934157
512,275,standing,2021-05-07 16:17:47.439,2021-05-07 16:17:49.419,0.021,2,2,0.9964281,4.4670323e-05,9.013621e-06,0.9964281,0.0035182124
512,275,standing,2021-05-07 16:17:48.439,2021-05-07 16:17:50.419,0.021,2,2,0.9967372,3.8762137e-05,7.5601924e-06,0.9967372,0.003216436
512,275,standing,2021-05-07 16:17:49.439,2021-05-07 16:17:51.419,0.021,2,2,0.9967645,3.533019e-05,7.064152e-06,0.9967645,0.0031930488
512,275,standing,2021-05-07 16:17:50.439,2021-05-07 16:17:52.419,0.021,2,2,0.9966281,3.342599e-05,6.7794876e-06,0.9966281,0.003331734
512,279,standing,2021-05-07 16:17:56.159,2021-05-07 16:17:58.139,0.021,2,2,0.9728094,9.482138e-05,1.8451374e-05,0.9728094,0.02707737
512,279,standing,2021-05-07 16:17:57.159,2021-05-07 16:17:59.139,0.021,2,2,0.9840853,5.9506536e-05,1.1814604e-05,0.9840853,0.015843354
512,279,standing,2021-05-07 16:17:58.159,2021-05-07 16:18:00.140,0.021,2,2,0.993107,3.2581283e-05,5.842611e-06,0.993107,0.0068545523
512,279,standing,2021-05-07 16:17:59.159,2021-05-07 16:18:01.140,0.021,2,2,0.9957434,2.6604495e-05,4.3313216e-06,0.9957434,0.0042255777
512,279,standing,2021-05-07 16:18:00.160,2021-05-07 16:18:02.140,0.021,2,2,0.9947032,3.062982e-05,5.017119e-06,0.9947032,0.0052610785
512,281,standing,2021-05-07 16:18:06.840,2021-05-07 16:18:08.819,0.021,2,2,0.9643433,7.9818186e-05,1.0352203e-05,0.9643433,0.035566602
512,281,standing,2021-05-07 16:18:07.840,2021-05-07 16:18:09.819,0.021,2,2,0.9955112,2.4903755e-05,3.236888e-06,0.9955112,0.004460761
512,281,standing,2021-05-07 16:18:08.840,2021-05-07 16:18:10.819,0.021,2,2,0.9944881,3.243929e-05,5.865502e-06,0.9944881,0.005473564
512,285,standing,2021-05-07 16:18:13.520,2021-05-07 16:18:15.500,0.021,2,2,0.9535747,0.00010903892,2.2802698e-05,0.9535747,0.046293505
512,285,standing,2021-05-07 16:18:14.520,2021-05-07 16:18:16.500,0.021,2,2,0.98389256,6.297254e-05,1.4182888e-05,0.98389256,0.016030304
512,287,standing,2021-05-07 16:18:18.280,2021-05-07 16:18:20.260,0.021,2,2,0.7544438,0.00024478039,6.590713e-05,0.7544438,0.24524555
512,288,walking,2021-05-07 16:18:20.319,2021-05-07 16:18:22.299,0.021,3,3,0.99738604,0.000384438,8.106726e-05,0.0021484909,0.99738604
512,288,walking,2021-05-07 16:18:21.319,2021-05-07 16:18:23.299,0.021,3,3,0.9991119,0.00020948544,2.6467289e-05,0.0006520702,0.9991119
512,288,walking,2021-05-07 16:18:22.319,2021-05-07 16:18:24.299,0.021,3,3,0.9930785,0.00032206718,6.272741e-05,0.006536764,0.9930785
512,288,walking,2021-05-07 16:18:23.319,2021-05-07 16:18:25.299,0.021,3,3,0.99867046,0.00028055426,3.465822e-05,0.0010143376,0.99867046
512,288,walking,2021-05-07 16:18:24.319,2021-05-07 16:18:26.299,0.021,3,3,0.9985252,0.0005353665,6.0427108e-05,0.00087908393,0.9985252
512,288,walking,2021-05-07 16:18:25.319,2021-05-07 16:18:27.299,0.021,3,3,0.99665314,0.0015143759,0.00030417382,0.0015282261,0.99665314
512,288,walking,2021-05-07 16:18:26.319,2021-05-07 16:18:28.299,0.021,3,3,0.9968709,0.0007732434,0.0001411773,0.0022146115,0.9968709
512,289,standing,2021-05-07 16:18:28.360,2021-05-07 16:18:30.340,0.021,2,2,0.72904134,0.00028904417,6.27225e-05,0.72904134,0.27060694
512,290,walking,2021-05-07 16:18:30.360,2021-05-07 16:18:32.340,0.021,3,3,0.99821204,0.0004095708,5.9315396e-05,0.0013191348,0.99821204
512,290,walking,2021-05-07 16:18:31.360,2021-05-07 16:18:33.340,0.021,3,3,0.99462897,0.00036458738,7.5098505e-05,0.0049313875,0.99462897
512,290,walking,2021-05-07 16:18:32.360,2021-05-07 16:18:34.340,0.021,3,3,0.9979124,0.00048111714,5.1290437e-05,0.0015551342,0.9979124
512,290,walking,2021-05-07 16:18:33.360,2021-05-07 16:18:35.340,0.021,3,3,0.9926754,0.00039158948,8.305859e-05,0.0068499204,0.9926754
512,290,walking,2021-05-07 16:18:34.360,2021-05-07 16:18:36.340,0.021,3,3,0.9893112,0.00051820226,0.00015227479,0.010018386,0.9893112
512,290,walking,2021-05-07 16:18:35.360,2021-05-07 16:18:37.340,0.021,3,3,0.98896277,0.00060325157,0.00015398406,0.010279987,0.98896277
512,290,walking,2021-05-07 16:18:36.360,2021-05-07 16:18:38.340,0.021,3,3,0.9946128,0.00042336114,9.69784e-05,0.004866889,0.9946128
512,290,walking,2021-05-07 16:18:37.360,2021-05-07 16:18:39.340,0.021,3,3,0.9934744,0.00079394574,0.00020160273,0.005529979,0.9934744
512,290,walking,2021-05-07 16:18:38.360,2021-05-07 16:18:40.340,0.021,3,3,0.99685943,0.0006497253,0.00011012665,0.0023805785,0.99685943
512,290,walking,2021-05-07 16:18:39.360,2021-05-07 16:18:41.340,0.021,3,3,0.9977727,0.0007843162,0.00012389175,0.0013189849,0.9977727
512,290,walking,2021-05-07 16:18:40.360,2021-05-07 16:18:42.340,0.021,3,3,0.9648901,0.0011405846,0.00043202727,0.03353722,0.9648901
512,290,walking,2021-05-07 16:18:41.360,2021-05-07 16:18:43.340,0.021,3,3,0.9964939,0.00038394687,7.041108e-05,0.0030518062,0.9964939
512,290,walking,2021-05-07 16:18:42.360,2021-05-07 16:18:44.340,0.021,3,3,0.9961498,0.00041511148,6.895417e-05,0.0033661232,0.9961498
512,290,walking,2021-05-07 16:18:43.360,2021-05-07 16:18:45.340,0.021,3,3,0.9252029,0.0010272628,0.00043822665,0.07333166,0.9252029
512,290,walking,2021-05-07 16:18:44.360,2021-05-07 16:18:46.340,0.021,3,3,0.97951066,0.00122173,0.00036107333,0.018906534,0.97951066
512,290,walking,2021-05-07 16:18:45.360,2021-05-07 16:18:47.340,0.021,3,3,0.99897546,0.0003087104,3.5340952e-05,0.00068062026,0.99897546
512,290,walking,2021-05-07 16:18:46.360,2021-05-07 16:18:48.340,0.021,3,3,0.9991121,0.0005807743,4.1501688e-05,0.00026549873,0.9991121
512,290,walking,2021-05-07 16:18:47.360,2021-05-07 16:18:49.340,0.021,3,3,0.991266,0.00032975836,7.6856886e-05,0.008327386,0.991266
512,290,walking,2021-05-07 16:18:48.360,2021-05-07 16:18:50.340,0.021,3,3,0.97470784,0.0007602497,0.00027527328,0.024256613,0.97470784
512,290,walking,2021-05-07 16:18:49.360,2021-05-07 16:18:51.340,0.021,3,3,0.9852882,0.0012604418,0.0003346191,0.013116682,0.9852882
512,290,walking,2021-05-07 16:18:50.360,2021-05-07 16:18:52.340,0.021,3,3,0.9979978,0.00021025284,2.8274982e-05,0.0017635819,0.9979978
512,290,walking,2021-05-07 16:18:51.360,2021-05-07 16:18:53.340,0.021,3,3,0.9990107,0.00043898405,4.0602503e-05,0.00050967373,0.9990107
512,290,walking,2021-05-07 16:18:52.360,2021-05-07 16:18:54.340,0.021,3,3,0.99258953,0.00044404154,7.618493e-05,0.006890275,0.99258953
512,290,walking,2021-05-07 16:18:53.360,2021-05-07 16:18:55.340,0.021,3,3,0.99854875,0.0003070061,4.126094e-05,0.0011029288,0.99854875
512,290,walking,2021-05-07 16:18:54.360,2021-05-07 16:18:56.340,0.021,3,3,0.9990313,0.0007430314,5.55389e-05,0.00017016976,0.9990313
512,290,walking,2021-05-07 16:18:55.360,2021-05-07 16:18:57.340,0.021,3,3,0.99933594,0.00019617577,1.4836968e-05,0.00045298447,0.99933594
512,290,walking,2021-05-07 16:18:56.360,2021-05-07 16:18:58.340,0.021,3,3,0.9920801,0.0005272891,0.00011628317,0.007276336,0.9920801
512,290,walking,2021-05-07 16:18:57.360,2021-05-07 16:18:59.340,0.021,3,3,0.99469405,0.0017109312,0.00032059697,0.0032744645,0.99469405
512,290,walking,2021-05-07 16:18:58.360,2021-05-07 16:19:00.339,0.021,3,3,0.99806625,0.00026707392,3.677848e-05,0.0016299114,0.99806625
512,290,walking,2021-05-07 16:18:59.360,2021-05-07 16:19:01.339,0.021,3,3,0.99636036,0.0009505827,0.0001518929,0.002537146,0.99636036
512,290,walking,2021-05-07 16:19:00.359,2021-05-07 16:19:02.339,0.021,3,3,0.9963373,0.00068471604,0.00012813858,0.0028498308,0.9963373
512,290,walking,2021-05-07 16:19:01.359,2021-05-07 16:19:03.339,0.021,3,3,0.99429435,0.00041029762,9.72702e-05,0.0051980913,0.99429435
512,290,walking,2021-05-07 16:19:02.359,2021-05-07 16:19:04.340,0.021,3,3,0.99541134,0.000704344,0.00016479529,0.003719559,0.99541134
512,290,walking,2021-05-07 16:19:03.359,2021-05-07 16:19:05.340,0.021,3,3,0.991473,0.00028785964,6.438889e-05,0.008174798,0.991473
512,290,walking,2021-05-07 16:19:04.359,2021-05-07 16:19:06.340,0.021,3,3,0.99540436,0.0008759019,0.00018561288,0.003534166,0.99540436
512,290,walking,2021-05-07 16:19:05.359,2021-05-07 16:19:07.340,0.021,3,3,0.99524295,0.00073255075,0.00012478702,0.003899747,0.99524295
512,290,walking,2021-05-07 16:19:06.359,2021-05-07 16:19:08.340,0.021,3,3,0.998587,0.00034298204,4.2882344e-05,0.0010271075,0.998587
512,292,standing,2021-05-07 16:19:10.559,2021-05-07 16:19:12.539,0.021,2,2,0.99094623,3.11959e-05,5.2034234e-06,0.99094623,0.009017308
512,292,standing,2021-05-07 16:19:11.559,2021-05-07 16:19:13.539,0.021,2,2,0.99660313,1.5690635e-05,2.3757052e-06,0.99660313,0.0033787729
512,292,standing,2021-05-07 16:19:12.559,2021-05-07 16:19:14.539,0.021,2,2,0.9967616,1.601439e-05,2.5112001e-06,0.9967616,0.003219799
512,292,standing,2021-05-07 16:19:13.559,2021-05-07 16:19:15.539,0.021,2,2,0.99646914,2.1250495e-05,3.5948792e-06,0.99646914,0.003506053
512,292,standing,2021-05-07 16:19:14.559,2021-05-07 16:19:16.540,0.021,2,2,0.99578774,2.5740721e-05,4.445373e-06,0.99578774,0.0041821063
512,292,standing,2021-05-07 16:19:15.559,2021-05-07 16:19:17.540,0.021,2,2,0.9939465,3.1111787e-05,5.7521665e-06,0.9939465,0.006016732
512,292,standing,2021-05-07 16:19:16.559,2021-05-07 16:19:18.540,0.021,2,2,0.99313444,3.5262612e-05,6.831798e-06,0.99313444,0.0068233632
512,292,standing,2021-05-07 16:19:17.559,2021-05-07 16:19:19.540,0.021,2,2,0.976862,6.650923e-05,1.2831089e-05,0.976862,0.023058632
512,292,standing,2021-05-07 16:19:18.559,2021-05-07 16:19:20.540,0.021,2,2,0.9831121,4.8316524e-05,6.8006248e-06,0.9831121,0.016832743
512,292,standing,2021-05-07 16:19:19.559,2021-05-07 16:19:21.540,0.021,2,2,0.98982203,3.268578e-05,4.4225694e-06,0.98982203,0.010140896
512,293,walking,2021-05-07 16:19:21.680,2021-05-07 16:19:23.659,0.021,3,3,0.993338,0.0023418083,0.0004605045,0.0038597633,0.993338
512,293,walking,2021-05-07 16:19:22.680,2021-05-07 16:19:24.659,0.021,3,3,0.99746203,0.00031844532,5.4210588e-05,0.0021653043,0.99746203
512,293,walking,2021-05-07 16:19:23.680,2021-05-07 16:19:25.659,0.021,3,3,0.9953096,0.00050628727,0.00011958621,0.0040644635,0.9953096
512,293,walking,2021-05-07 16:19:24.680,2021-05-07 16:19:26.659,0.021,3,3,0.974821,0.0004828266,0.00013349201,0.024562746,0.974821
512,293,walking,2021-05-07 16:19:25.680,2021-05-07 16:19:27.659,0.021,3,3,0.98112625,0.00048552157,0.00014635475,0.018241864,0.98112625
512,293,walking,2021-05-07 16:19:26.680,2021-05-07 16:19:28.659,0.021,3,3,0.9913198,0.0010193809,0.0002934999,0.0073673544,0.9913198
512,293,walking,2021-05-07 16:19:27.680,2021-05-07 16:19:29.659,0.021,3,3,0.99634576,0.00022235242,3.1476546e-05,0.0034004916,0.99634576
512,293,walking,2021-05-07 16:19:28.680,2021-05-07 16:19:30.659,0.021,3,3,0.999261,0.00047163386,3.2618642e-05,0.00023470532,0.999261
512,293,walking,2021-05-07 16:19:29.680,2021-05-07 16:19:31.659,0.021,3,3,0.9975367,0.0006178663,6.917626e-05,0.0017762945,0.9975367
512,293,walking,2021-05-07 16:19:30.680,2021-05-07 16:19:32.659,0.021,3,3,0.9957932,0.00069607055,0.00013620059,0.0033743193,0.9957932
512,293,walking,2021-05-07 16:19:31.680,2021-05-07 16:19:33.659,0.021,3,3,0.99684566,0.0013525124,0.00022452438,0.0015773185,0.99684566
512,293,walking,2021-05-07 16:19:32.680,2021-05-07 16:19:34.659,0.021,3,3,0.9968119,0.0006229943,9.02633e-05,0.0024748128,0.9968119
512,293,walking,2021-05-07 16:19:33.680,2021-05-07 16:19:35.659,0.021,3,3,0.9660984,0.0009874994,0.00041509786,0.03249903,0.9660984
512,293,walking,2021-05-07 16:19:34.680,2021-05-07 16:19:36.659,0.021,3,3,0.95026606,0.0010028614,0.00042363795,0.048307415,0.95026606
512,293,walking,2021-05-07 16:19:35.680,2021-05-07 16:19:37.659,0.021,3,3,0.99489623,0.00093733874,0.00021495763,0.0039514084,0.99489623
512,293,walking,2021-05-07 16:19:36.680,2021-05-07 16:19:38.659,0.021,3,3,0.99663126,0.0018600221,0.00027279987,0.0012358696,0.99663126
512,293,walking,2021-05-07 16:19:37.680,2021-05-07 16:19:39.659,0.021,3,3,0.9993861,0.00034819348,2.3451732e-05,0.00024230726,0.9993861
512,293,walking,2021-05-07 16:19:38.680,2021-05-07 16:19:40.659,0.021,3,3,0.9987182,0.0007893894,7.670477e-05,0.0004156146,0.9987182
512,293,walking,2021-05-07 16:19:39.680,2021-05-07 16:19:41.659,0.021,3,3,0.99605876,0.00093217683,0.00012848842,0.0028805041,0.99605876
512,293,walking,2021-05-07 16:19:40.680,2021-05-07 16:19:42.659,0.021,3,3,0.98500144,0.00078962557,0.00018831422,0.014020663,0.98500144
512,293,walking,2021-05-07 16:19:41.680,2021-05-07 16:19:43.659,0.021,3,3,0.99349904,0.001571001,0.00025123195,0.0046785763,0.99349904
512,293,walking,2021-05-07 16:19:42.680,2021-05-07 16:19:44.659,0.021,3,3,0.99797475,0.0003153506,3.8038997e-05,0.0016717698,0.99797475
512,293,walking,2021-05-07 16:19:43.680,2021-05-07 16:19:45.659,0.021,3,3,0.99749166,0.00067418226,9.143673e-05,0.0017426176,0.99749166
512,293,walking,2021-05-07 16:19:44.680,2021-05-07 16:19:46.659,0.021,3,3,0.99231416,0.0011796734,0.00020205288,0.0063041346,0.99231416
512,293,walking,2021-05-07 16:19:45.680,2021-05-07 16:19:47.659,0.021,3,3,0.9983492,0.00025944,2.3686516e-05,0.0013677219,0.9983492
512,293,walking,2021-05-07 16:19:46.680,2021-05-07 16:19:48.659,0.021,3,3,0.9997188,0.0002664785,4.3996097e-06,1.0284127e-05,0.9997188
512,293,walking,2021-05-07 16:19:47.680,2021-05-07 16:19:49.659,0.021,3,3,0.99942434,0.00027739423,1.4551158e-05,0.0002836982,0.99942434
512,293,walking,2021-05-07 16:19:48.680,2021-05-07 16:19:50.659,0.021,3,3,0.9938757,0.000922002,0.00018164396,0.0050206534,0.9938757
512,293,walking,2021-05-07 16:19:49.680,2021-05-07 16:19:51.659,0.021,3,3,0.99642366,0.0012283138,0.00021417016,0.0021338738,0.99642366
512,293,walking,2021-05-07 16:19:50.680,2021-05-07 16:19:52.659,0.021,3,3,0.99753994,0.00016820672,2.125516e-05,0.0022706955,0.99753994
512,293,walking,2021-05-07 16:19:51.680,2021-05-07 16:19:53.659,0.021,3,3,0.998686,0.00032227434,3.7105805e-05,0.0009546023,0.998686
512,293,walking,2021-05-07 16:19:52.680,2021-05-07 16:19:54.659,0.021,3,3,0.9987476,0.00038687274,3.2249543e-05,0.0008333162,0.9987476
512,293,walking,2021-05-07 16:19:53.680,2021-05-07 16:19:55.659,0.021,3,3,0.99710506,0.000689311,0.000103264996,0.0021022777,0.99710506
512,293,walking,2021-05-07 16:19:54.680,2021-05-07 16:19:56.659,0.021,3,3,0.99874103,0.000994217,8.292544e-05,0.00018179277,0.99874103
512,293,walking,2021-05-07 16:19:55.680,2021-05-07 16:19:57.659,0.021,3,3,0.99841166,0.00021173939,2.692149e-05,0.0013496802,0.99841166
512,293,walking,2021-05-07 16:19:56.680,2021-05-07 16:19:58.659,0.021,3,3,0.99382347,0.00049757183,0.00011057019,0.0055683856,0.99382347
512,293,walking,2021-05-07 16:19:57.680,2021-05-07 16:19:59.659,0.021,3,3,0.9971506,0.001129241,0.00020470661,0.0015153948,0.9971506
512,293,walking,2021-05-07 16:19:58.680,2021-05-07 16:20:00.660,0.021,3,3,0.9981465,0.00041868503,6.995725e-05,0.0013649095,0.9981465
512,293,walking,2021-05-07 16:19:59.680,2021-05-07 16:20:01.660,0.021,3,3,0.9994142,0.00031243355,3.169579e-05,0.00024169672,0.9994142
512,293,walking,2021-05-07 16:20:00.680,2021-05-07 16:20:02.660,0.021,3,3,0.99900484,0.0006733755,6.522059e-05,0.00025656648,0.99900484
512,293,walking,2021-05-07 16:20:01.680,2021-05-07 16:20:03.660,0.021,3,3,0.99926317,0.00017897997,2.046349e-05,0.0005373087,0.99926317
512,293,walking,2021-05-07 16:20:02.680,2021-05-07 16:20:04.659,0.021,3,3,0.9995698,0.00024117364,1.848253e-05,0.00017057988,0.9995698
512,293,walking,2021-05-07 16:20:03.680,2021-05-07 16:20:05.659,0.021,3,3,0.9979672,0.00084472477,0.00010191314,0.0010860977,0.9979672
512,293,walking,2021-05-07 16:20:04.680,2021-05-07 16:20:06.659,0.021,3,3,0.9992241,0.00023900198,2.5987905e-05,0.0005107605,0.9992241
512,293,walking,2021-05-07 16:20:05.680,2021-05-07 16:20:07.659,0.021,3,3,0.9997121,0.00023622833,1.0609386e-05,4.1011866e-05,0.9997121
512,293,walking,2021-05-07 16:20:06.680,2021-05-07 16:20:08.659,0.021,3,3,0.9990813,0.00027196616,2.6612339e-05,0.00062013953,0.9990813
512,293,walking,2021-05-07 16:20:07.680,2021-05-07 16:20:09.659,0.021,3,3,0.9968331,0.00047084744,8.676607e-05,0.002609253,0.9968331
512,293,walking,2021-05-07 16:20:08.680,2021-05-07 16:20:10.659,0.021,3,3,0.9982094,0.0012158419,9.603632e-05,0.0004786687,0.9982094
512,293,walking,2021-05-07 16:20:09.680,2021-05-07 16:20:11.659,0.021,3,3,0.9987676,0.0003017176,3.5441426e-05,0.00089520536,0.9987676
512,293,walking,2021-05-07 16:20:10.680,2021-05-07 16:20:12.659,0.021,3,3,0.9982834,0.00027435742,4.071015e-05,0.0014016127,0.9982834
512,293,walking,2021-05-07 16:20:11.680,2021-05-07 16:20:13.659,0.021,3,3,0.9990351,0.0008515555,3.9333245e-05,7.3985975e-05,0.9990351
512,293,walking,2021-05-07 16:20:12.680,2021-05-07 16:20:14.659,0.021,3,3,0.9988727,0.00029844782,3.3919005e-05,0.0007949089,0.9988727
512,293,walking,2021-05-07 16:20:13.680,2021-05-07 16:20:15.659,0.021,3,3,0.995899,0.0004653621,0.00012223764,0.0035134177,0.995899
512,293,walking,2021-05-07 16:20:14.680,2021-05-07 16:20:16.659,0.021,3,3,0.99725074,0.0009522228,0.00020723409,0.0015898071,0.99725074
512,293,walking,2021-05-07 16:20:15.680,2021-05-07 16:20:17.659,0.021,3,3,0.999359,0.0001887875,2.1389294e-05,0.00043072354,0.999359
512,293,walking,2021-05-07 16:20:16.680,2021-05-07 16:20:18.659,0.021,3,3,0.9995031,0.00023771032,2.0925801e-05,0.00023825615,0.9995031
512,293,walking,2021-05-07 16:20:17.680,2021-05-07 16:20:19.659,0.021,3,3,0.9984341,0.00077324413,8.340454e-05,0.0007092071,0.9984341
512,293,walking,2021-05-07 16:20:18.680,2021-05-07 16:20:20.659,0.021,3,3,0.9995192,0.00018966202,1.773986e-05,0.00027343282,0.9995192
512,293,walking,2021-05-07 16:20:19.680,2021-05-07 16:20:21.659,0.021,3,3,0.9998534,0.0001353865,3.913792e-06,7.3879637e-06,0.9998534
512,293,walking,2021-05-07 16:20:20.680,2021-05-07 16:20:22.659,0.021,3,3,0.9995189,0.00034043888,1.8937231e-05,0.00012178611,0.9995189
512,293,walking,2021-05-07 16:20:21.680,2021-05-07 16:20:23.659,0.021,3,3,0.9994649,0.00014029631,1.281376e-05,0.00038193853,0.9994649
512,293,walking,2021-05-07 16:20:22.680,2021-05-07 16:20:24.659,0.021,3,3,0.9997169,0.00020484276,1.2145302e-05,6.6076995e-05,0.9997169
512,293,walking,2021-05-07 16:20:23.680,2021-05-07 16:20:25.659,0.021,3,3,0.9971588,0.0006496942,0.000101833786,0.00208963,0.9971588
512,293,walking,2021-05-07 16:20:24.680,2021-05-07 16:20:26.659,0.021,3,3,0.99654293,0.0003510289,6.893575e-05,0.0030370096,0.99654293
512,293,walking,2021-05-07 16:20:25.680,2021-05-07 16:20:27.659,0.021,3,3,0.99975395,0.00019841659,8.248394e-06,3.9324514e-05,0.99975395
512,296,standing,2021-05-07 16:20:32.400,2021-05-07 16:20:34.380,0.021,2,2,0.98891723,0.0001345226,3.451316e-05,0.98891723,0.0109135695
512,296,standing,2021-05-07 16:20:33.400,2021-05-07 16:20:35.380,0.021,2,2,0.9939496,8.695547e-05,1.9133067e-05,0.9939496,0.005944252
512,296,standing,2021-05-07 16:20:34.400,2021-05-07 16:20:36.380,0.021,2,2,0.99272335,8.276845e-05,1.7808869e-05,0.99272335,0.007175993
512,298,standing,2021-05-07 16:20:39.400,2021-05-07 16:20:41.380,0.021,2,2,0.9919289,4.263678e-05,1.0700885e-05,0.9919289,0.008017715
512,301,walking,2021-05-07 16:20:49.000,2021-05-07 16:20:50.979,0.021,3,3,0.9934022,0.0001585343,3.942153e-05,0.006399897,0.9934022
512,301,walking,2021-05-07 16:20:50.000,2021-05-07 16:20:51.979,0.021,3,3,0.9946435,0.004469103,0.00058405777,0.00030324308,0.9946435
512,301,walking,2021-05-07 16:20:51.000,2021-05-07 16:20:52.979,0.021,3,3,0.98546785,0.010856088,0.0016242497,0.0020517504,0.98546785
512,301,walking,2021-05-07 16:20:52.000,2021-05-07 16:20:53.979,0.021,3,3,0.9993307,0.00041484708,4.2575204e-05,0.00021185628,0.9993307
512,301,walking,2021-05-07 16:20:53.000,2021-05-07 16:20:54.979,0.021,3,3,0.9995705,0.00021564832,2.3073299e-05,0.00019086807,0.9995705
512,302,walking,2021-05-07 16:21:35.360,2021-05-07 16:21:37.340,0.021,3,3,0.9992091,0.000352427,2.3022763e-05,0.00041540686,0.9992091
512,304,walking,2021-05-07 16:21:38.319,2021-05-07 16:21:40.299,0.021,3,3,0.99875665,0.0008678883,7.5755066e-05,0.00029968054,0.99875665
512,304,walking,2021-05-07 16:21:39.319,2021-05-07 16:21:41.299,0.021,3,3,0.9970853,0.0011616999,0.00015740465,0.0015956323,0.9970853
512,304,walking,2021-05-07 16:21:40.319,2021-05-07 16:21:42.299,0.021,3,3,0.9987802,0.00029122774,4.75908e-05,0.00088100607,0.9987802
512,304,walking,2021-05-07 16:21:41.319,2021-05-07 16:21:43.299,0.021,3,3,0.9990213,0.0003133582,3.4975754e-05,0.00063033047,0.9990213
