subject,segment,activity,start_time,end_time,max_interval_seconds,true,predicted,confidence,prob_lying,prob_sitting,prob_standing,prob_walking
511,0,standing,2021-05-07 10:10:25.903,2021-05-07 10:10:27.884,0.021,2,1,0.5282088,0.00040749775,0.5282088,0.46289062,0.008492982
511,0,standing,2021-05-07 10:10:26.903,2021-05-07 10:10:28.884,0.021,2,2,0.6281555,0.000907585,0.29534096,0.6281555,0.07559593
511,0,standing,2021-05-07 10:10:27.903,2021-05-07 10:10:29.884,0.021,2,1,0.63400644,0.0005936933,0.63400644,0.3519056,0.013494335
511,0,standing,2021-05-07 10:10:28.903,2021-05-07 10:10:30.884,0.021,2,1,0.7199527,0.00034641984,0.7199527,0.27634293,0.0033580181
511,0,standing,2021-05-07 10:10:29.903,2021-05-07 10:10:31.884,0.021,2,1,0.64960814,0.00026783597,0.64960814,0.34770635,0.0024176033
511,0,standing,2021-05-07 10:10:30.903,2021-05-07 10:10:32.883,0.021,2,1,0.7170393,0.00015198784,0.7170393,0.28220686,0.00060188305
511,0,standing,2021-05-07 10:10:31.903,2021-05-07 10:10:33.883,0.021,2,1,0.72304505,0.00012296923,0.72304505,0.27644902,0.00038296895
511,0,standing,2021-05-07 10:10:32.903,2021-05-07 10:10:34.883,0.021,2,1,0.6746126,0.00016305,0.6746126,0.32441202,0.0008124334
511,0,standing,2021-05-07 10:10:33.903,2021-05-07 10:10:35.883,0.021,2,1,0.6977207,0.00017596286,0.6977207,0.30114257,0.00096076727
511,0,standing,2021-05-07 10:10:34.903,2021-05-07 10:10:36.883,0.021,2,1,0.73905915,0.00022111203,0.73905915,0.25928998,0.001429704
511,0,standing,2021-05-07 10:10:35.903,2021-05-07 10:10:37.883,0.021,2,1,0.7229435,0.00024886793,0.7229435,0.27505842,0.0017491328
511,0,standing,2021-05-07 10:10:36.903,2021-05-07 10:10:38.883,0.021,2,1,0.6356868,0.00024534322,0.6356868,0.36198258,0.0020852543
511,0,standing,2021-05-07 10:10:37.903,2021-05-07 10:10:39.883,0.021,2,1,0.5837792,0.0001900487,0.5837792,0.41456625,0.001464428
511,0,standing,2021-05-07 10:10:38.903,2021-05-07 10:10:40.883,0.021,2,1,0.5148089,0.00029287292,0.5148089,0.4795463,0.005351966
511,0,standing,2021-05-07 10:10:39.903,2021-05-07 10:10:41.883,0.021,2,2,0.526647,0.00037333393,0.46388978,0.526647,0.009089911
511,0,standing,2021-05-07 10:10:40.903,2021-05-07 10:10:42.883,0.021,2,1,0.56042075,0.00023754986,0.56042075,0.43708113,0.0022605977
511,0,standing,2021-05-07 10:10:41.903,2021-05-07 10:10:43.883,0.021,2,1,0.6570616,0.0001604168,0.6570616,0.34193614,0.0008419207
511,0,standing,2021-05-07 10:10:42.903,2021-05-07 10:10:44.883,0.021,2,1,0.7055736,0.00018379666,0.7055736,0.29325512,0.0009874468
511,0,standing,2021-05-07 10:10:43.903,2021-05-07 10:10:45.883,0.021,2,1,0.6964557,0.00019106221,0.6964557,0.30226427,0.0010889143
511,0,standing,2021-05-07 10:10:44.903,2021-05-07 10:10:46.883,0.021,2,1,0.6079333,0.00019793713,0.6079333,0.3903633,0.0015055112
511,2,standing,2021-05-07 10:10:51.243,2021-05-07 10:10:53.223,0.021,2,2,0.6492768,0.00020777094,0.34689546,0.6492768,0.0036199365
511,3,walking,2021-05-07 10:10:54.043,2021-05-07 10:10:56.023,0.021,3,3,0.9997597,8.8281795e-06,1.5557916e-05,0.00021589104,0.9997597
511,3,walking,2021-05-07 10:10:55.043,2021-05-07 10:10:57.023,0.021,3,3,0.9999978,1.2656915e-07,5.5062742e-08,1.9693027e-06,0.9999978
511,3,walking,2021-05-07 10:10:56.043,2021-05-07 10:10:58.023,0.021,3,3,0.99997145,1.7424911e-06,2.8423926e-06,2.3899958e-05,0.99997145
511,4,sitting,2021-05-07 10:11:00.444,2021-05-07 10:11:02.424,0.021,1,2,0.5403075,0.0004505363,0.0988109,0.5403075,0.360431
511,4,sitting,2021-05-07 10:11:01.444,2021-05-07 10:11:03.424,0.021,1,2,0.766019,0.00031815513,0.124820836,0.766019,0.10884213
511,4,sitting,2021-05-07 10:11:02.444,2021-05-07 10:11:04.423,0.021,1,2,0.84499913,0.00020831419,0.12076997,0.84499913,0.0340227
511,4,sitting,2021-05-07 10:11:03.444,2021-05-07 10:11:05.423,0.021,1,2,0.8724232,0.00012495834,0.11326772,0.8724232,0.014184181
511,4,sitting,2021-05-07 10:11:04.444,2021-05-07 10:11:06.423,0.021,1,2,0.86961573,0.00015447674,0.114008516,0.86961573,0.016221255
511,4,sitting,2021-05-07 10:11:05.444,2021-05-07 10:11:07.423,0.021,1,2,0.87396795,0.00013419877,0.112192415,0.87396795,0.013705391
511,4,sitting,2021-05-07 10:11:06.444,2021-05-07 10:11:08.423,0.021,1,2,0.88283867,9.053773e-05,0.10933165,0.88283867,0.0077391043
511,4,sitting,2021-05-07 10:11:07.444,2021-05-07 10:11:09.423,0.021,1,2,0.8820808,9.852717e-05,0.10913939,0.8820808,0.008681296
511,4,sitting,2021-05-07 10:11:08.444,2021-05-07 10:11:10.423,0.021,1,2,0.880518,0.00010365829,0.11068342,0.880518,0.008694823
511,4,sitting,2021-05-07 10:11:09.444,2021-05-07 10:11:11.423,0.021,1,2,0.8746075,0.00013678675,0.11193075,0.8746075,0.013324876
511,4,sitting,2021-05-07 10:11:10.444,2021-05-07 10:11:12.423,0.021,1,2,0.87299275,0.00016371891,0.10912987,0.87299275,0.01771361
511,4,sitting,2021-05-07 10:11:11.444,2021-05-07 10:11:13.423,0.021,1,2,0.8825759,0.000103467755,0.10797074,0.8825759,0.009349843
511,4,sitting,2021-05-07 10:11:12.444,2021-05-07 10:11:14.423,0.021,1,2,0.88399136,8.16807e-05,0.109058365,0.88399136,0.0068685105
511,4,sitting,2021-05-07 10:11:13.444,2021-05-07 10:11:15.423,0.021,1,2,0.88272554,8.7700275e-05,0.10958828,0.88272554,0.0075983545
511,4,sitting,2021-05-07 10:11:14.444,2021-05-07 10:11:16.423,0.021,1,2,0.8802378,0.00010726656,0.108899675,0.8802378,0.010755282
511,4,sitting,2021-05-07 10:11:15.444,2021-05-07 10:11:17.423,0.021,1,2,0.87259334,0.00015917109,0.1075075,0.87259334,0.01973999
511,4,sitting,2021-05-07 10:11:16.444,2021-05-07 10:11:18.423,0.021,1,2,0.8598799,0.00020685716,0.11154519,0.8598799,0.028368061
511,4,sitting,2021-05-07 10:11:17.444,2021-05-07 10:11:19.423,0.021,1,2,0.8245485,0.0003201512,0.116006754,0.8245485,0.059124585
511,4,sitting,2021-05-07 10:11:18.444,2021-05-07 10:11:20.423,0.021,1,2,0.7540834,0.000552859,0.11012303,0.7540834,0.13524061
511,4,sitting,2021-05-07 10:11:19.444,2021-05-07 10:11:21.423,0.021,1,2,0.84148324,0.00027451172,0.1171585,0.84148324,0.04108373
511,4,sitting,2021-05-07 10:11:20.444,2021-05-07 10:11:22.423,0.021,1,2,0.88186884,0.00010226745,0.10825067,0.88186884,0.0097782295
511,4,sitting,2021-05-07 10:11:21.444,2021-05-07 10:11:23.423,0.021,1,2,0.88283163,9.7901415e-05,0.107586294,0.88283163,0.009484199
511,4,sitting,2021-05-07 10:11:22.444,2021-05-07 10:11:24.423,0.021,1,2,0.87292564,0.00015497245,0.108795874,0.87292564,0.018123586
511,4,sitting,2021-05-07 10:11:23.444,2021-05-07 10:11:25.423,0.021,1,2,0.87123823,0.00016811598,0.106814645,0.87123823,0.021779055
511,4,sitting,2021-05-07 10:11:24.444,2021-05-07 10:11:26.423,0.021,1,2,0.5256171,0.00084515614,0.09222499,0.5256171,0.38131273
511,4,sitting,2021-05-07 10:11:25.444,2021-05-07 10:11:27.423,0.021,1,3,0.5065464,0.0010900891,0.07610774,0.4162558,0.5065464
511,4,sitting,2021-05-07 10:11:26.444,2021-05-07 10:11:28.423,0.021,1,2,0.80104125,0.00046733452,0.13117515,0.80104125,0.067316286
511,4,sitting,2021-05-07 10:11:27.444,2021-05-07 10:11:29.423,0.021,1,2,0.6666619,0.0009400776,0.13769794,0.6666619,0.19470021
511,4,sitting,2021-05-07 10:11:28.444,2021-05-07 10:11:30.423,0.021,1,2,0.46594226,0.0021468292,0.11670412,0.46594226,0.4152067
511,4,sitting,2021-05-07 10:11:29.444,2021-05-07 10:11:31.423,0.021,1,2,0.7184982,0.001427016,0.16650765,0.7184982,0.11356721
511,4,sitting,2021-05-07 10:11:30.444,2021-05-07 10:11:32.423,0.021,1,2,0.78600234,0.00082559505,0.17470987,0.78600234,0.03846226
511,4,sitting,2021-05-07 10:11:31.444,2021-05-07 10:11:33.423,0.021,1,2,0.78278595,0.00090687873,0.17331128,0.78278595,0.042995878
511,4,sitting,2021-05-07 10:11:32.444,2021-05-07 10:11:34.423,0.021,1,2,0.7836713,0.0009169055,0.16394752,0.7836713,0.051464237
511,4,sitting,2021-05-07 10:11:33.444,2021-05-07 10:11:35.423,0.021,1,2,0.77998203,0.00096410816,0.1611985,0.77998203,0.057855386
511,4,sitting,2021-05-07 10:11:34.444,2021-05-07 10:11:36.423,0.021,1,2,0.6611045,0.001837377,0.15816186,0.6611045,0.17889631
511,4,sitting,2021-05-07 10:11:35.444,2021-05-07 10:11:37.423,0.021,1,3,0.55022615,0.002807292,0.09661097,0.35035565,0.55022615
511,4,sitting,2021-05-07 10:11:36.444,2021-05-07 10:11:38.423,0.021,1,2,0.6207444,0.0017755349,0.1406725,0.6207444,0.23680754
511,4,sitting,2021-05-07 10:11:37.444,2021-05-07 10:11:39.423,0.021,1,2,0.8024626,0.000677633,0.15098274,0.8024626,0.045876972
511,4,sitting,2021-05-07 10:11:38.444,2021-05-07 10:11:40.423,0.021,1,2,0.71409297,0.0012531065,0.14588918,0.71409297,0.13876466
511,4,sitting,2021-05-07 10:11:39.444,2021-05-07 10:11:41.423,0.021,1,2,0.6509967,0.0018960654,0.1670576,0.6509967,0.18004964
511,4,sitting,2021-05-07 10:11:40.444,2021-05-07 10:11:42.423,0.021,1,2,0.75142306,0.0012116139,0.1956674,0.75142306,0.051697966
511,4,sitting,2021-05-07 10:11:41.444,2021-05-07 10:11:43.423,0.021,1,2,0.76478946,0.0011682857,0.17905506,0.76478946,0.05498725
511,4,sitting,2021-05-07 10:11:42.444,2021-05-07 10:11:44.423,0.021,1,2,0.7419813,0.0014755236,0.17192258,0.7419813,0.08462068
511,4,sitting,2021-05-07 10:11:43.444,2021-05-07 10:11:45.423,0.021,1,2,0.7128765,0.0013896977,0.18536182,0.7128765,0.10037198
511,4,sitting,2021-05-07 10:11:44.444,2021-05-07 10:11:46.423,0.021,1,2,0.7236152,0.0010965022,0.19690043,0.7236152,0.07838784
511,4,sitting,2021-05-07 10:11:45.444,2021-05-07 10:11:47.423,0.021,1,2,0.7651083,0.0010023535,0.18262854,0.7651083,0.0512607
511,4,sitting,2021-05-07 10:11:46.444,2021-05-07 10:11:48.423,0.021,1,2,0.7841897,0.000939216,0.16765474,0.7841897,0.047216292
511,4,sitting,2021-05-07 10:11:47.444,2021-05-07 10:11:49.423,0.021,1,2,0.7760328,0.0010782587,0.16568692,0.7760328,0.057201974
511,4,sitting,2021-05-07 10:11:48.444,2021-05-07 10:11:50.423,0.021,1,2,0.6622571,0.0020819653,0.1635369,0.6622571,0.17212397
511,4,sitting,2021-05-07 10:11:49.444,2021-05-07 10:11:51.423,0.021,1,2,0.74975663,0.0013088107,0.17291728,0.74975663,0.07601725
511,4,sitting,2021-05-07 10:11:50.444,2021-05-07 10:11:52.423,0.021,1,2,0.8122674,0.000600525,0.15958646,0.8122674,0.02754553
511,4,sitting,2021-05-07 10:11:51.444,2021-05-07 10:11:53.423,0.021,1,2,0.81456566,0.00062126014,0.15636016,0.81456566,0.028452873
511,4,sitting,2021-05-07 10:11:52.444,2021-05-07 10:11:54.423,0.021,1,2,0.8233148,0.0004987053,0.15566581,0.8233148,0.020520743
511,4,sitting,2021-05-07 10:11:53.444,2021-05-07 10:11:55.423,0.021,1,2,0.8263836,0.00045699187,0.15452518,0.8263836,0.018634187
511,4,sitting,2021-05-07 10:11:54.444,2021-05-07 10:11:56.423,0.021,1,2,0.81831586,0.0005803273,0.15519014,0.81831586,0.02591356
511,4,sitting,2021-05-07 10:11:55.444,2021-05-07 10:11:57.423,0.021,1,2,0.8054355,0.00073591416,0.15882437,0.8054355,0.035004124
511,4,sitting,2021-05-07 10:11:56.444,2021-05-07 10:11:58.423,0.021,1,2,0.79935193,0.0008023228,0.16319878,0.79935193,0.036646966
511,4,sitting,2021-05-07 10:11:57.444,2021-05-07 10:11:59.423,0.021,1,2,0.7937163,0.0007640265,0.16389793,0.7937163,0.041621722
511,4,sitting,2021-05-07 10:11:58.444,2021-05-07 10:12:00.424,0.021,1,2,0.7946821,0.0007389587,0.15223923,0.7946821,0.052339777
511,4,sitting,2021-05-07 10:11:59.444,2021-05-07 10:12:01.424,0.021,1,2,0.80291176,0.00066890614,0.14771414,0.80291176,0.048705317
511,4,sitting,2021-05-07 10:12:00.444,2021-05-07 10:12:02.424,0.021,1,2,0.81845784,0.00054733444,0.14261621,0.81845784,0.03837857
511,4,sitting,2021-05-07 10:12:01.444,2021-05-07 10:12:03.424,0.021,1,2,0.82781416,0.00046968125,0.14469628,0.82781416,0.02701989
511,4,sitting,2021-05-07 10:12:02.444,2021-05-07 10:12:04.423,0.021,1,2,0.83005613,0.00044769733,0.14515428,0.83005613,0.024341904
511,4,sitting,2021-05-07 10:12:03.444,2021-05-07 10:12:05.423,0.021,1,2,0.82558906,0.0004971973,0.14490211,0.82558906,0.029011559
511,4,sitting,2021-05-07 10:12:04.444,2021-05-07 10:12:06.423,0.021,1,2,0.81805384,0.0005338946,0.14304021,0.81805384,0.038372003
511,4,sitting,2021-05-07 10:12:05.444,2021-05-07 10:12:07.423,0.021,1,2,0.780066,0.0005993,0.16654931,0.780066,0.05278543
511,4,sitting,2021-05-07 10:12:06.444,2021-05-07 10:12:08.423,0.021,1,2,0.7703364,0.0004965497,0.1846967,0.7703364,0.04447039
511,4,sitting,2021-05-07 10:12:07.444,2021-05-07 10:12:09.423,0.021,1,2,0.7534995,0.0008879054,0.19155398,0.7534995,0.054058522
511,4,sitting,2021-05-07 10:12:08.444,2021-05-07 10:12:10.423,0.021,1,2,0.8139302,0.000565432,0.1621935,0.8139302,0.023310909
511,4,sitting,2021-05-07 10:12:09.444,2021-05-07 10:12:11.423,0.021,1,2,0.8110027,0.00062533125,0.15947655,0.8110027,0.028895453
511,4,sitting,2021-05-07 10:12:10.444,2021-05-07 10:12:12.423,0.021,1,2,0.77774775,0.00070238154,0.14867766,0.77774775,0.07287211
511,4,sitting,2021-05-07 10:12:11.444,2021-05-07 10:12:13.423,0.021,1,2,0.76280975,0.00053868454,0.11676879,0.76280975,0.11988274
511,4,sitting,2021-05-07 10:12:12.444,2021-05-07 10:12:14.423,0.021,1,3,0.9876516,0.00024275761,0.0035687757,0.008536911,0.9876516
511,4,sitting,2021-05-07 10:12:13.444,2021-05-07 10:12:15.423,0.021,1,3,0.9981918,9.815388e-05,0.0007399776,0.0009700698,0.9981918
511,4,sitting,2021-05-07 10:12:14.444,2021-05-07 10:12:16.423,0.021,1,3,0.5419459,0.0020550885,0.08569513,0.37030387,0.5419459
511,4,sitting,2021-05-07 10:12:15.444,2021-05-07 10:12:17.423,0.021,1,2,0.72964156,0.0008996162,0.14667805,0.72964156,0.122780755
511,4,sitting,2021-05-07 10:12:16.444,2021-05-07 10:12:18.423,0.021,1,2,0.78204703,0.0006715265,0.1375921,0.78204703,0.07968918
511,4,sitting,2021-05-07 10:12:17.444,2021-05-07 10:12:19.423,0.021,1,2,0.6217409,0.0014099525,0.12615454,0.6217409,0.25069466
511,4,sitting,2021-05-07 10:12:18.444,2021-05-07 10:12:20.423,0.021,1,3,0.45908433,0.0021773898,0.09530158,0.44343668,0.45908433
511,4,sitting,2021-05-07 10:12:19.444,2021-05-07 10:12:21.423,0.021,1,2,0.4794963,0.0019460544,0.10269038,0.4794963,0.41586718
511,4,sitting,2021-05-07 10:12:20.444,2021-05-07 10:12:22.423,0.021,1,3,0.7286567,0.0023248168,0.054122396,0.21489604,0.7286567
511,4,sitting,2021-05-07 10:12:21.444,2021-05-07 10:12:23.423,0.021,1,3,0.49656385,0.0027550636,0.10519176,0.39548928,0.49656385
511,4,sitting,2021-05-07 10:12:22.444,2021-05-07 10:12:24.423,0.021,1,2,0.7581592,0.00071963563,0.16329324,0.7581592,0.07782786
511,4,sitting,2021-05-07 10:12:23.444,2021-05-07 10:12:25.423,0.021,1,2,0.7114201,0.000723149,0.17706187,0.7114201,0.11079489
511,4,sitting,2021-05-07 10:12:24.444,2021-05-07 10:12:26.423,0.021,1,2,0.7231677,0.0007129354,0.20201872,0.7231677,0.07410061
511,4,sitting,2021-05-07 10:12:25.444,2021-05-07 10:12:27.423,0.021,1,2,0.7318067,0.0009011652,0.22225372,0.7318067,0.045038354
511,4,sitting,2021-05-07 10:12:26.444,2021-05-07 10:12:28.423,0.021,1,2,0.67838955,0.0018750265,0.2129377,0.67838955,0.10679776
511,4,sitting,2021-05-07 10:12:27.444,2021-05-07 10:12:29.423,0.021,1,2,0.623794,0.0025673814,0.17646714,0.623794,0.19717155
511,4,sitting,2021-05-07 10:12:28.444,2021-05-07 10:12:30.423,0.021,1,2,0.6676336,0.0020139245,0.16318886,0.6676336,0.1671636
511,4,sitting,2021-05-07 10:12:29.444,2021-05-07 10:12:31.423,0.021,1,2,0.6593575,0.0022127263,0.16461952,0.6593575,0.17381024
511,4,sitting,2021-05-07 10:12:30.444,2021-05-07 10:12:32.423,0.021,1,2,0.668709,0.0022492295,0.17393276,0.668709,0.155109
511,4,sitting,2021-05-07 10:12:31.444,2021-05-07 10:12:33.423,0.021,1,2,0.70685256,0.0017779373,0.17191154,0.70685256,0.11945806
511,4,sitting,2021-05-07 10:12:32.444,2021-05-07 10:12:34.423,0.021,1,2,0.76480764,0.001146477,0.16010651,0.76480764,0.073939465
511,4,sitting,2021-05-07 10:12:33.444,2021-05-07 10:12:35.423,0.021,1,2,0.7579927,0.001154236,0.15311532,0.7579927,0.0877377
511,4,sitting,2021-05-07 10:12:34.444,2021-05-07 10:12:36.423,0.021,1,2,0.69831014,0.0017081943,0.15940723,0.69831014,0.14057449
511,4,sitting,2021-05-07 10:12:35.444,2021-05-07 10:12:37.423,0.021,1,2,0.7175026,0.0015506829,0.16506073,0.7175026,0.11588594
511,4,sitting,2021-05-07 10:12:36.444,2021-05-07 10:12:38.423,0.021,1,2,0.7095042,0.0015326123,0.15550536,0.7095042,0.13345778
511,4,sitting,2021-05-07 10:12:37.444,2021-05-07 10:12:39.423,0.021,1,2,0.5934363,0.0024130077,0.14497101,0.5934363,0.25917965
511,4,sitting,2021-05-07 10:12:38.444,2021-05-07 10:12:40.423,0.021,1,2,0.7027815,0.0014773603,0.15889643,0.7027815,0.13684474
511,4,sitting,2021-05-07 10:12:39.444,2021-05-07 10:12:41.423,0.021,1,2,0.70094836,0.00066811417,0.14422004,0.70094836,0.15416348
511,4,sitting,2021-05-07 10:12:40.444,2021-05-07 10:12:42.423,0.021,1,3,0.66022545,0.0010084489,0.07309331,0.26567283,0.66022545
511,4,sitting,2021-05-07 10:12:41.444,2021-05-07 10:12:43.423,0.021,1,2,0.5698427,0.0019447271,0.13170516,0.5698427,0.29650754
511,4,sitting,2021-05-07 10:12:42.444,2021-05-07 10:12:44.423,0.021,1,2,0.75361717,0.0010934265,0.12856987,0.75361717,0.11671946
511,4,sitting,2021-05-07 10:12:43.444,2021-05-07 10:12:45.423,0.021,1,3,0.62301123,0.001160086,0.05841396,0.31741473,0.62301123
511,4,sitting,2021-05-07 10:12:44.444,2021-05-07 10:12:46.423,0.021,1,3,0.5457255,0.0005974148,0.05636542,0.3973116,0.5457255
511,4,sitting,2021-05-07 10:12:45.444,2021-05-07 10:12:47.423,0.021,1,2,0.79032755,0.0004749659,0.13197872,0.79032755,0.07721871
511,4,sitting,2021-05-07 10:12:46.444,2021-05-07 10:12:48.423,0.021,1,2,0.8049894,0.00061496143,0.15709926,0.8049894,0.037296508
511,4,sitting,2021-05-07 10:12:47.444,2021-05-07 10:12:49.423,0.021,1,2,0.80043614,0.00077808363,0.16176659,0.80043614,0.037019238
511,4,sitting,2021-05-07 10:12:48.444,2021-05-07 10:12:50.423,0.021,1,2,0.8101115,0.0006261295,0.16442645,0.8101115,0.02483579
511,4,sitting,2021-05-07 10:12:49.444,2021-05-07 10:12:51.423,0.021,1,2,0.8070176,0.00062497944,0.16982779,0.8070176,0.022529557
511,4,sitting,2021-05-07 10:12:50.444,2021-05-07 10:12:52.423,0.021,1,2,0.8142845,0.00053491484,0.16717413,0.8142845,0.018006358
511,4,sitting,2021-05-07 10:12:51.444,2021-05-07 10:12:53.423,0.021,1,2,0.82311195,0.00034727206,0.16605462,0.82311195,0.010486188
511,4,sitting,2021-05-07 10:12:52.444,2021-05-07 10:12:54.423,0.021,1,2,0.8180329,0.00044221553,0.16736174,0.8180329,0.014163122
511,4,sitting,2021-05-07 10:12:53.444,2021-05-07 10:12:55.423,0.021,1,2,0.817859,0.0004511396,0.16715585,0.817859,0.014534023
511,4,sitting,2021-05-07 10:12:54.444,2021-05-07 10:12:56.423,0.021,1,2,0.8227474,0.00038688493,0.16317812,0.8227474,0.013687521
511,4,sitting,2021-05-07 10:12:55.444,2021-05-07 10:12:57.423,0.021,1,2,0.8219932,0.00024655313,0.16772826,0.8219932,0.010032064
511,4,sitting,2021-05-07 10:12:56.444,2021-05-07 10:12:58.423,0.021,1,2,0.8131276,0.00018236003,0.18065067,0.8131276,0.0060393726
511,4,sitting,2021-05-07 10:12:57.444,2021-05-07 10:12:59.423,0.021,1,2,0.8113021,0.00023582974,0.18129326,0.8113021,0.0071686697
511,4,sitting,2021-05-07 10:12:58.444,2021-05-07 10:13:00.424,0.021,1,2,0.8019339,0.00043135413,0.17943461,0.8019339,0.018200118
511,4,sitting,2021-05-07 10:12:59.444,2021-05-07 10:13:01.424,0.021,1,2,0.8018072,0.00039290052,0.1782983,0.8018072,0.01950153
511,4,sitting,2021-05-07 10:13:00.444,2021-05-07 10:13:02.424,0.021,1,2,0.5804951,0.0019253968,0.18556964,0.5804951,0.23200981
511,4,sitting,2021-05-07 10:13:01.444,2021-05-07 10:13:03.424,0.021,1,2,0.6570656,0.0021907124,0.17238699,0.6570656,0.16835679
511,4,sitting,2021-05-07 10:13:02.444,2021-05-07 10:13:04.423,0.021,1,2,0.70055485,0.0019109847,0.17535323,0.70055485,0.12218095
511,4,sitting,2021-05-07 10:13:03.444,2021-05-07 10:13:05.423,0.021,1,3,0.50549126,0.0035252294,0.10976422,0.38121924,0.50549126
511,4,sitting,2021-05-07 10:13:04.444,2021-05-07 10:13:06.423,0.021,1,2,0.4616657,0.0019088193,0.14535654,0.4616657,0.39106897
511,4,sitting,2021-05-07 10:13:05.444,2021-05-07 10:13:07.423,0.021,1,2,0.73454225,0.00071807596,0.18647845,0.73454225,0.07826118
511,4,sitting,2021-05-07 10:13:06.444,2021-05-07 10:13:08.423,0.021,1,2,0.7705817,0.00080774946,0.20250496,0.7705817,0.026105518
511,4,sitting,2021-05-07 10:13:07.444,2021-05-07 10:13:09.423,0.021,1,2,0.77397543,0.0007438746,0.20145373,0.77397543,0.02382695
511,4,sitting,2021-05-07 10:13:08.444,2021-05-07 10:13:10.423,0.021,1,2,0.7673422,0.0005826766,0.21109675,0.7673422,0.020978274
511,4,sitting,2021-05-07 10:13:09.444,2021-05-07 10:13:11.423,0.021,1,2,0.770305,0.00034762226,0.21878889,0.770305,0.010558442
511,4,sitting,2021-05-07 10:13:10.444,2021-05-07 10:13:12.423,0.021,1,2,0.7648475,0.00059225294,0.21477579,0.7648475,0.019784363
511,4,sitting,2021-05-07 10:13:11.444,2021-05-07 10:13:13.423,0.021,1,2,0.6090287,0.0017628066,0.17723519,0.6090287,0.21197337
511,4,sitting,2021-05-07 10:13:12.444,2021-05-07 10:13:14.423,0.021,1,3,0.5149061,0.002098494,0.116590865,0.36640456,0.5149061
511,4,sitting,2021-05-07 10:13:13.444,2021-05-07 10:13:15.423,0.021,1,2,0.47735125,0.0029129,0.16620909,0.47735125,0.35352683
511,4,sitting,2021-05-07 10:13:14.444,2021-05-07 10:13:16.423,0.021,1,3,0.5867039,0.003688835,0.10190493,0.30770224,0.5867039
511,4,sitting,2021-05-07 10:13:15.444,2021-05-07 10:13:17.423,0.021,1,3,0.44323403,0.0019684555,0.13260809,0.4221895,0.44323403
511,4,sitting,2021-05-07 10:13:16.444,2021-05-07 10:13:18.423,0.021,1,2,0.73345923,0.0007430096,0.19471425,0.73345923,0.07108352
511,4,sitting,2021-05-07 10:13:17.444,2021-05-07 10:13:19.423,0.021,1,2,0.66856366,0.0018331427,0.22087881,0.66856366,0.108724445
511,4,sitting,2021-05-07 10:13:18.444,2021-05-07 10:13:20.423,0.021,1,2,0.7117176,0.0013250463,0.22167173,0.7117176,0.06528563
511,4,sitting,2021-05-07 10:13:19.444,2021-05-07 10:13:21.423,0.021,1,2,0.76143897,0.0008260495,0.21142149,0.76143897,0.026313616
511,4,sitting,2021-05-07 10:13:20.444,2021-05-07 10:13:22.423,0.021,1,2,0.7448556,0.0010615851,0.21465401,0.7448556,0.03942885
511,4,sitting,2021-05-07 10:13:21.444,2021-05-07 10:13:23.423,0.021,1,2,0.7327382,0.0012444307,0.21405528,0.7327382,0.05196215
511,4,sitting,2021-05-07 10:13:22.444,2021-05-07 10:13:24.423,0.021,1,2,0.7312894,0.0013950714,0.2101171,0.7312894,0.057198465
511,4,sitting,2021-05-07 10:13:23.444,2021-05-07 10:13:25.423,0.021,1,2,0.7595829,0.0010610913,0.20321052,0.7595829,0.036145445
511,4,sitting,2021-05-07 10:13:24.444,2021-05-07 10:13:26.423,0.021,1,2,0.7467178,0.0012111841,0.205811,0.7467178,0.046260066
511,4,sitting,2021-05-07 10:13:25.444,2021-05-07 10:13:27.423,0.021,1,2,0.7422675,0.0009437043,0.19765688,0.7422675,0.059132025
511,4,sitting,2021-05-07 10:13:26.444,2021-05-07 10:13:28.423,0.021,1,2,0.74462116,0.00091646926,0.20697142,0.74462116,0.047490947
511,4,sitting,2021-05-07 10:13:27.444,2021-05-07 10:13:29.423,0.021,1,2,0.7363127,0.0013713384,0.2102917,0.7363127,0.052024208
511,4,sitting,2021-05-07 10:13:28.444,2021-05-07 10:13:30.423,0.021,1,2,0.7333747,0.0012907191,0.21371596,0.7333747,0.051618576
511,4,sitting,2021-05-07 10:13:29.444,2021-05-07 10:13:31.423,0.021,1,2,0.74595773,0.0011481454,0.20982897,0.74595773,0.043065105
511,4,sitting,2021-05-07 10:13:30.444,2021-05-07 10:13:32.423,0.021,1,2,0.75387084,0.0011855693,0.20309822,0.75387084,0.041845333
511,4,sitting,2021-05-07 10:13:31.444,2021-05-07 10:13:33.423,0.021,1,2,0.7495252,0.001250401,0.2038108,0.7495252,0.04541347
511,4,sitting,2021-05-07 10:13:32.444,2021-05-07 10:13:34.423,0.021,1,2,0.75640166,0.0011930764,0.19586283,0.75640166,0.046542346
511,4,sitting,2021-05-07 10:13:33.444,2021-05-07 10:13:35.423,0.021,1,2,0.75456804,0.0012954508,0.18475977,0.75456804,0.059376802
511,4,sitting,2021-05-07 10:13:34.444,2021-05-07 10:13:36.423,0.021,1,2,0.7481778,0.0014358842,0.18634056,0.7481778,0.0640457
511,4,sitting,2021-05-07 10:13:35.444,2021-05-07 10:13:37.423,0.021,1,2,0.76654017,0.0011817777,0.18623818,0.76654017,0.04603989
511,4,sitting,2021-05-07 10:13:36.444,2021-05-07 10:13:38.423,0.021,1,2,0.7019426,0.0019166357,0.1856257,0.7019426,0.11051497
511,4,sitting,2021-05-07 10:13:37.444,2021-05-07 10:13:39.423,0.021,1,2,0.6244962,0.002546897,0.18284056,0.6244962,0.19011627
511,4,sitting,2021-05-07 10:13:38.444,2021-05-07 10:13:40.423,0.021,1,2,0.7476274,0.001264535,0.19474761,0.7476274,0.0563605
511,4,sitting,2021-05-07 10:13:39.444,2021-05-07 10:13:41.423,0.021,1,2,0.79482234,0.0006453161,0.18587306,0.79482234,0.018659275
511,4,sitting,2021-05-07 10:13:40.444,2021-05-07 10:13:42.423,0.021,1,2,0.79114664,0.00069008983,0.18750623,0.79114664,0.020657
511,4,sitting,2021-05-07 10:13:41.444,2021-05-07 10:13:43.423,0.021,1,2,0.78627026,0.0007531077,0.18973346,0.78627026,0.023243124
511,4,sitting,2021-05-07 10:13:42.444,2021-05-07 10:13:44.423,0.021,1,2,0.784306,0.0008094726,0.18954872,0.784306,0.025335928
511,4,sitting,2021-05-07 10:13:43.444,2021-05-07 10:13:45.423,0.021,1,2,0.7825956,0.0008619868,0.18806006,0.7825956,0.028482366
511,4,sitting,2021-05-07 10:13:44.444,2021-05-07 10:13:46.423,0.021,1,2,0.76794434,0.001146977,0.18330516,0.76794434,0.04760355
511,4,sitting,2021-05-07 10:13:45.444,2021-05-07 10:13:47.423,0.021,1,2,0.679391,0.002170403,0.17880814,0.679391,0.13963039
511,4,sitting,2021-05-07 10:13:46.444,2021-05-07 10:13:48.423,0.021,1,2,0.7243439,0.0016967043,0.18654065,0.7243439,0.087418705
511,4,sitting,2021-05-07 10:13:47.444,2021-05-07 10:13:49.423,0.021,1,2,0.7763186,0.00096946215,0.1881137,0.7763186,0.034598205
511,4,sitting,2021-05-07 10:13:48.444,2021-05-07 10:13:50.423,0.021,1,2,0.77479374,0.0009822962,0.18850788,0.77479374,0.035715945
511,4,sitting,2021-05-07 10:13:49.444,2021-05-07 10:13:51.423,0.021,1,2,0.76365554,0.0011934263,0.18640658,0.76365554,0.048744388
511,4,sitting,2021-05-07 10:13:50.444,2021-05-07 10:13:52.423,0.021,1,2,0.7606358,0.0012344901,0.18710369,0.7606358,0.0510259
511,4,sitting,2021-05-07 10:13:51.444,2021-05-07 10:13:53.423,0.021,1,2,0.7702055,0.0010148147,0.1920126,0.7702055,0.03676709
511,4,sitting,2021-05-07 10:13:52.444,2021-05-07 10:13:54.423,0.021,1,2,0.7838604,0.0007944909,0.18974583,0.7838604,0.025599318
511,4,sitting,2021-05-07 10:13:53.444,2021-05-07 10:13:55.423,0.021,1,2,0.7883575,0.0007252864,0.18896575,0.7883575,0.021951495
511,4,sitting,2021-05-07 10:13:54.444,2021-05-07 10:13:56.423,0.021,1,2,0.7825927,0.0008351258,0.19002591,0.7825927,0.02654626
511,4,sitting,2021-05-07 10:13:55.444,2021-05-07 10:13:57.423,0.021,1,2,0.7783422,0.00087013666,0.19198944,0.7783422,0.028798139
511,4,sitting,2021-05-07 10:13:56.444,2021-05-07 10:13:58.423,0.021,1,2,0.7867595,0.00075466157,0.18870173,0.7867595,0.023784097
511,4,sitting,2021-05-07 10:13:57.444,2021-05-07 10:13:59.423,0.021,1,2,0.75703603,0.0012112252,0.19655187,0.75703603,0.045200806
511,4,sitting,2021-05-07 10:13:58.444,2021-05-07 10:14:00.424,0.021,1,2,0.7495171,0.001302158,0.19972575,0.7495171,0.049454965
511,4,sitting,2021-05-07 10:13:59.444,2021-05-07 10:14:01.424,0.021,1,2,0.7747024,0.00092810363,0.19342038,0.7747024,0.030949142
511,4,sitting,2021-05-07 10:14:00.444,2021-05-07 10:14:02.424,0.021,1,2,0.781816,0.0008032669,0.19106762,0.781816,0.026313202
511,4,sitting,2021-05-07 10:14:01.444,2021-05-07 10:14:03.424,0.021,1,2,0.767177,0.0010930733,0.1876628,0.767177,0.04406716
511,4,sitting,2021-05-07 10:14:02.444,2021-05-07 10:14:04.423,0.021,1,2,0.7153081,0.0018395192,0.18583572,0.7153081,0.0970166
511,4,sitting,2021-05-07 10:14:03.444,2021-05-07 10:14:05.423,0.021,1,2,0.61363053,0.0021622598,0.18041909,0.61363053,0.20378807
511,4,sitting,2021-05-07 10:14:04.444,2021-05-07 10:14:06.423,0.021,1,2,0.708275,0.0014731685,0.17149095,0.708275,0.11876086
511,4,sitting,2021-05-07 10:14:05.444,2021-05-07 10:14:07.423,0.021,1,2,0.79051334,0.00095181796,0.16577944,0.79051334,0.042755414
511,4,sitting,2021-05-07 10:14:06.444,2021-05-07 10:14:08.423,0.021,1,2,0.64826226,0.0022214525,0.14917043,0.64826226,0.20034593
511,4,sitting,2021-05-07 10:14:07.444,2021-05-07 10:14:09.423,0.021,1,2,0.4923887,0.0019374437,0.12301281,0.4923887,0.38266116
511,4,sitting,2021-05-07 10:14:08.444,2021-05-07 10:14:10.423,0.021,1,3,0.5095307,0.0010584397,0.08046624,0.40894464,0.5095307
511,4,sitting,2021-05-07 10:14:09.444,2021-05-07 10:14:11.423,0.021,1,2,0.74016625,0.0007063884,0.10514176,0.74016625,0.15398563
511,4,sitting,2021-05-07 10:14:10.444,2021-05-07 10:14:12.423,0.021,1,2,0.8323755,0.00025899516,0.15020064,0.8323755,0.017164726
511,4,sitting,2021-05-07 10:14:11.444,2021-05-07 10:14:13.423,0.021,1,2,0.89387596,6.245904e-05,0.10316067,0.89387596,0.0029008032
511,4,sitting,2021-05-07 10:14:12.444,2021-05-07 10:14:14.423,0.021,1,2,0.89849937,6.827747e-05,0.09699396,0.89849937,0.0044383435
511,4,sitting,2021-05-07 10:14:13.444,2021-05-07 10:14:15.423,0.021,1,2,0.89043456,0.00010816355,0.09943815,0.89043456,0.010019242
511,4,sitting,2021-05-07 10:14:14.444,2021-05-07 10:14:16.423,0.021,1,2,0.85743076,0.00028199406,0.09885419,0.85743076,0.043433096
511,4,sitting,2021-05-07 10:14:15.444,2021-05-07 10:14:17.423,0.021,1,2,0.8689739,0.00032956558,0.08570402,0.8689739,0.044992603
511,4,sitting,2021-05-07 10:14:16.444,2021-05-07 10:14:18.423,0.021,1,2,0.8183344,0.00024946543,0.16384721,0.8183344,0.017568985
511,4,sitting,2021-05-07 10:14:17.444,2021-05-07 10:14:19.423,0.021,1,3,0.61668336,0.00070108165,0.06132136,0.32129422,0.61668336
511,4,sitting,2021-05-07 10:14:18.444,2021-05-07 10:14:20.423,0.021,1,3,0.7475231,0.0011880473,0.04087568,0.21041316,0.7475231
511,4,sitting,2021-05-07 10:14:19.444,2021-05-07 10:14:21.423,0.021,1,2,0.7662474,0.0010288953,0.08663485,0.7662474,0.1460888
511,4,sitting,2021-05-07 10:14:20.444,2021-05-07 10:14:22.423,0.021,1,2,0.8422899,0.00060803024,0.08789261,0.8422899,0.06920949
511,4,sitting,2021-05-07 10:14:21.444,2021-05-07 10:14:23.423,0.021,1,2,0.84526575,0.00052379956,0.12413883,0.84526575,0.030071536
511,4,sitting,2021-05-07 10:14:22.444,2021-05-07 10:14:24.423,0.021,1,2,0.7703309,0.00037335322,0.15460514,0.7703309,0.07469061
511,4,sitting,2021-05-07 10:14:23.444,2021-05-07 10:14:25.423,0.021,1,2,0.8790634,9.212118e-05,0.103798114,0.8790634,0.01704624
511,4,sitting,2021-05-07 10:14:24.444,2021-05-07 10:14:26.423,0.021,1,2,0.88840795,5.189718e-05,0.10661846,0.88840795,0.0049216864
511,4,sitting,2021-05-07 10:14:25.444,2021-05-07 10:14:27.423,0.021,1,2,0.85699713,6.6640656e-05,0.1376071,0.85699713,0.00532923
511,4,sitting,2021-05-07 10:14:26.444,2021-05-07 10:14:28.423,0.021,1,2,0.9051229,6.359194e-05,0.082909465,0.9051229,0.011904027
511,4,sitting,2021-05-07 10:14:27.444,2021-05-07 10:14:29.423,0.021,1,2,0.87325037,0.00017628267,0.113042824,0.87325037,0.013530591
511,4,sitting,2021-05-07 10:14:28.444,2021-05-07 10:14:30.423,0.021,1,2,0.82557964,0.00018998192,0.15506653,0.82557964,0.01916389
511,4,sitting,2021-05-07 10:14:29.444,2021-05-07 10:14:31.423,0.021,1,2,0.88643664,0.00014946546,0.09610907,0.88643664,0.01730473
511,4,sitting,2021-05-07 10:14:30.444,2021-05-07 10:14:32.423,0.021,1,2,0.91563153,0.0001815859,0.07335038,0.91563153,0.010836591
511,4,sitting,2021-05-07 10:14:31.444,2021-05-07 10:14:33.423,0.021,1,2,0.745981,0.0011675939,0.11719929,0.745981,0.13565215
511,4,sitting,2021-05-07 10:14:32.444,2021-05-07 10:14:34.423,0.021,1,3,0.8337502,0.0014307024,0.04031373,0.124505326,0.8337502
511,4,sitting,2021-05-07 10:14:33.444,2021-05-07 10:14:35.423,0.021,1,3,0.7890325,0.0015904009,0.043366857,0.16601025,0.7890325
511,4,sitting,2021-05-07 10:14:34.444,2021-05-07 10:14:36.423,0.021,1,2,0.6051673,0.001689648,0.086970575,0.6051673,0.30617237
511,4,sitting,2021-05-07 10:14:35.444,2021-05-07 10:14:37.423,0.021,1,2,0.67146707,0.0014263728,0.09618879,0.67146707,0.23091774
511,4,sitting,2021-05-07 10:14:36.444,2021-05-07 10:14:38.423,0.021,1,2,0.7265644,0.0010669477,0.12154766,0.7265644,0.15082102
511,4,sitting,2021-05-07 10:14:37.444,2021-05-07 10:14:39.423,0.021,1,2,0.81619567,0.00023303393,0.13011101,0.81619567,0.053460255
511,4,sitting,2021-05-07 10:14:38.444,2021-05-07 10:14:40.423,0.021,1,2,0.7815507,0.0004104868,0.15044573,0.7815507,0.0675931
511,4,sitting,2021-05-07 10:14:39.444,2021-05-07 10:14:41.423,0.021,1,2,0.7409138,0.0012145226,0.12646873,0.7409138,0.13140292
511,4,sitting,2021-05-07 10:14:40.444,2021-05-07 10:14:42.423,0.021,1,2,0.7960617,0.00090800016,0.124458365,0.7960617,0.07857199
511,4,sitting,2021-05-07 10:14:41.444,2021-05-07 10:14:43.423,0.021,1,2,0.8445599,0.0005562609,0.12084841,0.8445599,0.034035373
511,4,sitting,2021-05-07 10:14:42.444,2021-05-07 10:14:44.423,0.021,1,2,0.8390705,0.00060062244,0.12149285,0.8390705,0.038835946
511,4,sitting,2021-05-07 10:14:43.444,2021-05-07 10:14:45.423,0.021,1,2,0.82817125,0.00068386836,0.12295361,0.82817125,0.048191234
511,4,sitting,2021-05-07 10:14:44.444,2021-05-07 10:14:46.423,0.021,1,2,0.5123085,0.0019795545,0.105192564,0.5123085,0.38051942
511,4,sitting,2021-05-07 10:14:45.444,2021-05-07 10:14:47.423,0.021,1,3,0.7411505,0.002249297,0.051919404,0.20468076,0.7411505
511,4,sitting,2021-05-07 10:14:46.444,2021-05-07 10:14:48.423,0.021,1,3,0.5253642,0.0012080905,0.10517815,0.3682496,0.5253642
511,4,sitting,2021-05-07 10:14:47.444,2021-05-07 10:14:49.423,0.021,1,2,0.8068252,0.00023711986,0.16349223,0.8068252,0.029445397
511,4,sitting,2021-05-07 10:14:48.444,2021-05-07 10:14:50.423,0.021,1,2,0.80864275,0.00016391677,0.18074597,0.80864275,0.010447374
511,4,sitting,2021-05-07 10:14:49.444,2021-05-07 10:14:51.423,0.021,1,2,0.77199364,0.0007064036,0.19654037,0.77199364,0.030759517
511,4,sitting,2021-05-07 10:14:50.444,2021-05-07 10:14:52.423,0.021,1,2,0.76040214,0.00076735625,0.1987356,0.76040214,0.040094927
511,4,sitting,2021-05-07 10:14:51.444,2021-05-07 10:14:53.423,0.021,1,2,0.7632521,0.0006658279,0.20131196,0.7632521,0.03477012
511,4,sitting,2021-05-07 10:14:52.444,2021-05-07 10:14:54.423,0.021,1,2,0.7375086,0.0011858743,0.20966205,0.7375086,0.051643524
511,4,sitting,2021-05-07 10:14:53.444,2021-05-07 10:14:55.423,0.021,1,2,0.68815184,0.0017946805,0.2079449,0.68815184,0.102108456
511,4,sitting,2021-05-07 10:14:54.444,2021-05-07 10:14:56.423,0.021,1,2,0.72909087,0.001328587,0.20423186,0.72909087,0.06534858
511,4,sitting,2021-05-07 10:14:55.444,2021-05-07 10:14:57.423,0.021,1,2,0.7603217,0.0009975571,0.20170057,0.7603217,0.03698017
511,4,sitting,2021-05-07 10:14:56.444,2021-05-07 10:14:58.423,0.021,1,2,0.7690911,0.0010036287,0.19480751,0.7690911,0.035097633
511,4,sitting,2021-05-07 10:14:57.444,2021-05-07 10:14:59.423,0.021,1,2,0.74147874,0.0014501902,0.1890074,0.74147874,0.068063684
511,4,sitting,2021-05-07 10:14:58.444,2021-05-07 10:15:00.424,0.021,1,2,0.6124325,0.002757053,0.16701704,0.6124325,0.2177934
511,4,sitting,2021-05-07 10:14:59.444,2021-05-07 10:15:01.424,0.021,1,2,0.61761916,0.0027498917,0.1663831,0.61761916,0.21324782
511,4,sitting,2021-05-07 10:15:00.444,2021-05-07 10:15:02.424,0.021,1,2,0.7454253,0.0012887485,0.19689886,0.7454253,0.056387175
511,4,sitting,2021-05-07 10:15:01.444,2021-05-07 10:15:03.424,0.021,1,2,0.7622347,0.0010138142,0.19876486,0.7622347,0.037986547
511,4,sitting,2021-05-07 10:15:02.444,2021-05-07 10:15:04.423,0.021,1,2,0.7609138,0.0011171158,0.19267528,0.7609138,0.045293834
511,4,sitting,2021-05-07 10:15:03.444,2021-05-07 10:15:05.423,0.021,1,2,0.7254591,0.0015390026,0.1895263,0.7254591,0.08347556
511,4,sitting,2021-05-07 10:15:04.444,2021-05-07 10:15:06.423,0.021,1,2,0.68566567,0.0020025896,0.17557688,0.68566567,0.13675484
511,4,sitting,2021-05-07 10:15:05.444,2021-05-07 10:15:07.423,0.021,1,2,0.7181289,0.0017099271,0.17749116,0.7181289,0.102669924
511,4,sitting,2021-05-07 10:15:06.444,2021-05-07 10:15:08.423,0.021,1,2,0.6518395,0.002222252,0.17845161,0.6518395,0.1674866
511,4,sitting,2021-05-07 10:15:07.444,2021-05-07 10:15:09.423,0.021,1,2,0.72252697,0.0017254461,0.17922443,0.72252697,0.09652313
511,4,sitting,2021-05-07 10:15:08.444,2021-05-07 10:15:10.423,0.021,1,2,0.762021,0.0012989191,0.17373218,0.762021,0.06294785
511,4,sitting,2021-05-07 10:15:09.444,2021-05-07 10:15:11.423,0.021,1,2,0.77034247,0.0012168773,0.17379685,0.77034247,0.054643653
511,4,sitting,2021-05-07 10:15:10.444,2021-05-07 10:15:12.423,0.021,1,2,0.7828358,0.0009160105,0.18315038,0.7828358,0.03309781
511,4,sitting,2021-05-07 10:15:11.444,2021-05-07 10:15:13.423,0.021,1,2,0.7694557,0.0010452013,0.18808436,0.7694557,0.041414745
511,4,sitting,2021-05-07 10:15:12.444,2021-05-07 10:15:14.423,0.021,1,2,0.75697863,0.001297825,0.18219218,0.75697863,0.059531298
511,4,sitting,2021-05-07 10:15:13.444,2021-05-07 10:15:15.423,0.021,1,2,0.75456697,0.0013616983,0.17975953,0.75456697,0.0643118
511,4,sitting,2021-05-07 10:15:14.444,2021-05-07 10:15:16.423,0.021,1,2,0.75602573,0.0013992114,0.17716518,0.75602573,0.06540998
511,4,sitting,2021-05-07 10:15:15.444,2021-05-07 10:15:17.423,0.021,1,2,0.7754564,0.0010929187,0.17627406,0.7754564,0.04717653
511,4,sitting,2021-05-07 10:15:16.444,2021-05-07 10:15:18.423,0.021,1,2,0.7860465,0.00094999804,0.17465176,0.7860465,0.03835179
511,4,sitting,2021-05-07 10:15:17.444,2021-05-07 10:15:19.423,0.021,1,2,0.77659225,0.0010294309,0.17794037,0.77659225,0.044437945
511,4,sitting,2021-05-07 10:15:18.444,2021-05-07 10:15:20.423,0.021,1,2,0.68720245,0.0019597712,0.17820737,0.68720245,0.13263048
511,4,sitting,2021-05-07 10:15:19.444,2021-05-07 10:15:21.423,0.021,1,2,0.59638697,0.0023893113,0.16392526,0.59638697,0.2372984
511,4,sitting,2021-05-07 10:15:20.444,2021-05-07 10:15:22.423,0.021,1,2,0.68897426,0.0006373152,0.14660853,0.68897426,0.16377985
511,4,sitting,2021-05-07 10:15:21.444,2021-05-07 10:15:23.423,0.021,1,2,0.850854,0.00025997547,0.098785706,0.850854,0.050100427
511,4,sitting,2021-05-07 10:15:22.444,2021-05-07 10:15:24.423,0.021,1,2,0.85019976,0.00046733432,0.11300141,0.85019976,0.03633141
511,4,sitting,2021-05-07 10:15:23.444,2021-05-07 10:15:25.423,0.021,1,2,0.76824164,0.00090999674,0.17592539,0.76824164,0.054922942
511,4,sitting,2021-05-07 10:15:24.444,2021-05-07 10:15:26.423,0.021,1,2,0.61537397,0.001530326,0.14893891,0.61537397,0.23415683
511,4,sitting,2021-05-07 10:15:25.444,2021-05-07 10:15:27.423,0.021,1,2,0.65839005,0.0011816757,0.15768117,0.65839005,0.1827471
511,4,sitting,2021-05-07 10:15:26.444,2021-05-07 10:15:28.423,0.021,1,2,0.8220423,0.00036785958,0.16107251,0.8220423,0.016517371
511,4,sitting,2021-05-07 10:15:27.444,2021-05-07 10:15:29.423,0.021,1,2,0.82213664,0.0003156074,0.16488461,0.82213664,0.012663117
511,4,sitting,2021-05-07 10:15:28.444,2021-05-07 10:15:30.423,0.021,1,2,0.8114236,0.00049915677,0.16717276,0.8114236,0.020904409
511,4,sitting,2021-05-07 10:15:29.444,2021-05-07 10:15:31.423,0.021,1,2,0.8120935,0.00050440646,0.16508454,0.8120935,0.022317477
511,5,walking,2021-05-07 10:15:33.604,2021-05-07 10:15:35.583,0.021,3,3,0.99999124,6.436982e-07,5.6204135e-07,7.5523712e-06,0.99999124
511,5,walking,2021-05-07 10:15:34.604,2021-05-07 10:15:36.583,0.021,3,3,0.99997216,1.0538939e-06,1.9613205e-06,2.4777355e-05,0.99997216
511,5,walking,2021-05-07 10:15:35.604,2021-05-07 10:15:37.583,0.021,3,3,0.99999076,4.417948e-07,6.880022e-07,8.026185e-06,0.99999076
511,5,walking,2021-05-07 10:15:36.604,2021-05-07 10:15:38.583,0.021,3,3,0.9999601,1.0001345e-06,1.7301832e-06,3.70458e-05,0.9999601
511,5,walking,2021-05-07 10:15:37.604,2021-05-07 10:15:39.583,0.021,3,3,0.9999786,5.4124274e-07,7.083346e-07,2.0059433e-05,0.9999786
511,5,walking,2021-05-07 10:15:38.604,2021-05-07 10:15:40.583,0.021,3,3,0.99997133,1.0701373e-06,1.304329e-06,2.6284812e-05,0.99997133
511,5,walking,2021-05-07 10:15:39.604,2021-05-07 10:15:41.583,0.021,3,3,0.9999879,4.8221085e-07,4.947556e-07,1.1072894e-05,0.9999879
511,5,walking,2021-05-07 10:15:40.604,2021-05-07 10:15:42.583,0.021,3,3,0.9999879,4.1046573e-07,4.27604e-07,1.1147178e-05,0.9999879
511,5,walking,2021-05-07 10:15:41.604,2021-05-07 10:15:43.583,0.021,3,3,0.9999688,8.647399e-07,1.189917e-06,2.9096753e-05,0.9999688
511,5,walking,2021-05-07 10:15:42.604,2021-05-07 10:15:44.583,0.021,3,3,0.99996406,1.015806e-06,1.6579328e-06,3.31475e-05,0.99996406
511,5,walking,2021-05-07 10:15:43.604,2021-05-07 10:15:45.583,0.021,3,3,0.9997535,6.4141745e-06,1.9999263e-05,0.0002200279,0.9997535
511,5,walking,2021-05-07 10:15:44.604,2021-05-07 10:15:46.583,0.021,3,3,0.9989645,1.9313133e-05,9.507128e-05,0.0009211413,0.9989645
511,5,walking,2021-05-07 10:15:45.604,2021-05-07 10:15:47.583,0.021,3,3,0.99948376,1.05042445e-05,3.872347e-05,0.0004669793,0.99948376
511,5,walking,2021-05-07 10:15:46.604,2021-05-07 10:15:48.583,0.021,3,3,0.99975455,3.904548e-06,1.4355601e-05,0.00022719102,0.99975455
511,5,walking,2021-05-07 10:15:47.604,2021-05-07 10:15:49.583,0.021,3,3,0.9989466,1.43673005e-05,7.708593e-05,0.00096195133,0.9989466
511,5,walking,2021-05-07 10:15:48.604,2021-05-07 10:15:50.583,0.021,3,3,0.9969492,4.269996e-05,0.00025816707,0.0027499136,0.9969492
511,5,walking,2021-05-07 10:15:49.604,2021-05-07 10:15:51.583,0.021,3,3,0.99861807,1.7158403e-05,0.0001045543,0.0012602856,0.99861807
511,5,walking,2021-05-07 10:15:50.604,2021-05-07 10:15:52.583,0.021,3,3,0.9994473,8.0926075e-06,4.1055584e-05,0.00050356326,0.9994473
511,5,walking,2021-05-07 10:15:51.604,2021-05-07 10:15:53.583,0.021,3,3,0.99877304,2.4930754e-05,0.000117630574,0.0010843388,0.99877304
511,5,walking,2021-05-07 10:15:52.604,2021-05-07 10:15:54.583,0.021,3,3,0.9997952,3.8787416e-06,1.1915687e-05,0.00018900179,0.9997952
511,5,walking,2021-05-07 10:15:53.604,2021-05-07 10:15:55.583,0.021,3,3,0.99920243,9.970373e-06,3.863364e-05,0.0007490409,0.99920243
511,5,walking,2021-05-07 10:15:54.604,2021-05-07 10:15:56.583,0.021,3,3,0.99995035,9.634364e-07,1.5696597e-06,4.70647e-05,0.99995035
511,5,walking,2021-05-07 10:15:55.604,2021-05-07 10:15:57.583,0.021,3,3,0.9995939,6.635361e-06,2.3169272e-05,0.0003761313,0.9995939
511,5,walking,2021-05-07 10:15:56.604,2021-05-07 10:15:58.583,0.021,3,3,0.99963707,4.445151e-06,1.8143697e-05,0.00034027806,0.99963707
511,5,walking,2021-05-07 10:15:57.604,2021-05-07 10:15:59.583,0.021,3,3,0.9999853,2.0156503e-07,2.5028586e-07,1.4226534e-05,0.9999853
511,5,walking,2021-05-07 10:15:58.604,2021-05-07 10:16:00.584,0.021,3,3,0.9999861,2.436821e-07,2.898655e-07,1.3264178e-05,0.9999861
511,5,walking,2021-05-07 10:15:59.604,2021-05-07 10:16:01.584,0.021,3,3,0.99689573,4.5130986e-05,0.0002979867,0.0027612264,0.99689573
511,5,walking,2021-05-07 10:16:00.604,2021-05-07 10:16:02.584,0.021,3,3,0.99907964,1.2763983e-05,6.115924e-05,0.00084647496,0.99907964
511,5,walking,2021-05-07 10:16:01.604,2021-05-07 10:16:03.584,0.021,3,3,0.99787724,2.8841436e-05,0.00017765602,0.0019162466,0.99787724
511,5,walking,2021-05-07 10:16:02.604,2021-05-07 10:16:04.584,0.021,3,3,0.99259734,9.0365975e-05,0.0008041418,0.0065081315,0.99259734
511,5,walking,2021-05-07 10:16:03.604,2021-05-07 10:16:05.584,0.021,3,3,0.98666084,9.28951e-05,0.0010731679,0.012173065,0.98666084
511,8,standing,2021-05-07 10:16:07.084,2021-05-07 10:16:09.064,0.021,2,2,0.86654973,0.00026886052,0.09612446,0.86654973,0.037056867
511,8,standing,2021-05-07 10:16:08.083,2021-05-07 10:16:10.064,0.021,2,2,0.8762332,0.0001982441,0.109256655,0.8762332,0.014311885
511,8,standing,2021-05-07 10:16:09.083,2021-05-07 10:16:11.064,0.021,2,2,0.8816413,0.00021485829,0.09453927,0.8816413,0.0236046
511,8,standing,2021-05-07 10:16:10.083,2021-05-07 10:16:12.064,0.021,2,2,0.8506632,0.00023488884,0.13041265,0.8506632,0.018689226
511,8,standing,2021-05-07 10:16:11.083,2021-05-07 10:16:13.064,0.021,2,2,0.86560416,0.00021793849,0.11709301,0.86560416,0.01708484
511,8,standing,2021-05-07 10:16:12.083,2021-05-07 10:16:14.064,0.021,2,2,0.87650925,0.00016657398,0.11357131,0.87650925,0.009752919
511,8,standing,2021-05-07 10:16:13.083,2021-05-07 10:16:15.064,0.021,2,2,0.8467955,0.0002479692,0.13763493,0.8467955,0.015321528
511,8,standing,2021-05-07 10:16:14.083,2021-05-07 10:16:16.063,0.021,2,2,0.83242226,0.00030538611,0.13884574,0.83242226,0.028426582
511,8,standing,2021-05-07 10:16:15.083,2021-05-07 10:16:17.063,0.021,2,2,0.86626166,0.0002284926,0.113942035,0.86626166,0.019567901
511,11,walking,2021-05-07 10:16:27.684,2021-05-07 10:16:29.663,0.021,3,3,0.99801975,2.9056633e-05,0.0001797563,0.0017714793,0.99801975
511,11,walking,2021-05-07 10:16:28.684,2021-05-07 10:16:30.663,0.021,3,3,0.99960035,6.5300587e-06,2.3764198e-05,0.0003692449,0.99960035
511,11,walking,2021-05-07 10:16:29.684,2021-05-07 10:16:31.663,0.021,3,3,0.99927634,1.1898967e-05,4.842278e-05,0.0006633971,0.99927634
511,11,walking,2021-05-07 10:16:30.684,2021-05-07 10:16:32.664,0.021,3,3,0.99992996,1.9222423e-06,3.6065078e-06,6.448236e-05,0.99992996
511,11,walking,2021-05-07 10:16:31.684,2021-05-07 10:16:33.664,0.021,3,3,0.9999606,1.0655666e-06,1.8338211e-06,3.64544e-05,0.9999606
511,11,walking,2021-05-07 10:16:32.683,2021-05-07 10:16:34.664,0.021,3,3,0.99989444,1.8214247e-06,3.9879756e-06,9.9726116e-05,0.99989444
511,11,walking,2021-05-07 10:16:33.683,2021-05-07 10:16:35.664,0.021,3,3,0.99993485,1.5982828e-06,3.4117936e-06,6.0087328e-05,0.99993485
511,11,walking,2021-05-07 10:16:34.683,2021-05-07 10:16:36.664,0.021,3,3,0.99981046,5.472887e-06,1.6670929e-05,0.00016735084,0.99981046
511,11,walking,2021-05-07 10:16:35.683,2021-05-07 10:16:37.664,0.021,3,3,0.99968046,6.9229227e-06,2.6788282e-05,0.00028593768,0.99968046
511,11,walking,2021-05-07 10:16:36.683,2021-05-07 10:16:38.664,0.021,3,3,0.99936175,1.0930042e-05,4.1980486e-05,0.00058523053,0.99936175
511,11,walking,2021-05-07 10:16:37.683,2021-05-07 10:16:39.664,0.021,3,3,0.9998059,3.961034e-06,9.6480735e-06,0.00018036796,0.9998059
511,11,walking,2021-05-07 10:16:38.683,2021-05-07 10:16:40.664,0.021,3,3,0.9998481,3.0129715e-06,6.3521757e-06,0.0001425864,0.9998481
511,11,walking,2021-05-07 10:16:39.683,2021-05-07 10:16:41.664,0.021,3,3,0.99989766,2.5839727e-06,5.4234365e-06,9.4249335e-05,0.99989766
511,11,walking,2021-05-07 10:16:40.683,2021-05-07 10:16:42.664,0.021,3,3,0.9999555,1.1920148e-06,1.9553097e-06,4.1341376e-05,0.9999555
511,11,walking,2021-05-07 10:16:41.683,2021-05-07 10:16:43.664,0.021,3,3,0.9998057,2.926446e-06,8.302765e-06,0.00018319572,0.9998057
511,11,walking,2021-05-07 10:16:42.683,2021-05-07 10:16:44.664,0.021,3,3,0.99948925,6.855523e-06,2.2881099e-05,0.00048099447,0.99948925
511,11,walking,2021-05-07 10:16:43.683,2021-05-07 10:16:45.664,0.021,3,3,0.9727145,0.000117454,0.0013103322,0.02585775,0.9727145
511,11,walking,2021-05-07 10:16:44.683,2021-05-07 10:16:46.664,0.021,3,3,0.95775044,0.00013264142,0.0022043579,0.039912548,0.95775044
511,11,walking,2021-05-07 10:16:45.683,2021-05-07 10:16:47.664,0.021,3,3,0.99963015,2.9168164e-06,8.489451e-06,0.00035844898,0.99963015
511,11,walking,2021-05-07 10:16:46.683,2021-05-07 10:16:48.664,0.021,3,3,0.99892735,6.94773e-06,3.5755478e-05,0.0010299346,0.99892735
511,11,walking,2021-05-07 10:16:47.683,2021-05-07 10:16:49.664,0.021,3,3,0.98548067,8.1083985e-05,0.0008295552,0.013608733,0.98548067
511,11,walking,2021-05-07 10:16:48.683,2021-05-07 10:16:50.664,0.021,3,3,0.9908248,6.478866e-05,0.0004694292,0.008641027,0.9908248
511,11,walking,2021-05-07 10:16:49.683,2021-05-07 10:16:51.664,0.021,3,3,0.9983037,1.3151438e-05,7.813478e-05,0.0016050023,0.9983037
511,11,walking,2021-05-07 10:16:50.683,2021-05-07 10:16:52.664,0.021,3,3,0.9982426,2.5258594e-05,0.00013883765,0.0015933504,0.9982426
511,11,walking,2021-05-07 10:16:51.683,2021-05-07 10:16:53.664,0.021,3,3,0.999161,1.5430116e-05,5.0519342e-05,0.00077300717,0.999161
511,11,walking,2021-05-07 10:16:52.683,2021-05-07 10:16:54.664,0.021,3,3,0.9983237,3.1927302e-05,0.00016659663,0.001477772,0.9983237
511,13,walking,2021-05-07 10:16:56.644,2021-05-07 10:16:58.624,0.021,3,3,0.88406885,0.0003486316,0.008403276,0.10717917,0.88406885
511,13,walking,2021-05-07 10:16:57.644,2021-05-07 10:16:59.624,0.021,3,3,0.93031996,0.00025886396,0.0043506185,0.06507052,0.93031996
511,13,walking,2021-05-07 10:16:58.644,2021-05-07 10:17:00.624,0.021,3,3,0.98786515,0.000105727246,0.00111029,0.010918894,0.98786515
511,13,walking,2021-05-07 10:16:59.644,2021-05-07 10:17:01.624,0.021,3,3,0.9929312,7.4457435e-05,0.0006743842,0.006320007,0.9929312
511,13,walking,2021-05-07 10:17:00.644,2021-05-07 10:17:02.624,0.021,3,3,0.9302783,0.00027107686,0.006035042,0.06341556,0.9302783
511,13,walking,2021-05-07 10:17:01.644,2021-05-07 10:17:03.624,0.021,3,3,0.9261659,0.0002791513,0.006208112,0.0673468,0.9261659
511,13,walking,2021-05-07 10:17:02.644,2021-05-07 10:17:04.624,0.021,3,3,0.979154,9.1845635e-05,0.0009804101,0.01977376,0.979154
511,16,standing,2021-05-07 10:17:08.404,2021-05-07 10:17:10.383,0.021,2,2,0.82588744,0.0005254846,0.1369807,0.82588744,0.03660641
511,16,standing,2021-05-07 10:17:09.404,2021-05-07 10:17:11.383,0.021,2,2,0.8232114,0.00043740252,0.1591861,0.8232114,0.017165126
511,16,standing,2021-05-07 10:17:10.404,2021-05-07 10:17:12.383,0.021,2,2,0.8375833,0.00039530348,0.14208035,0.8375833,0.01994097
511,16,standing,2021-05-07 10:17:11.404,2021-05-07 10:17:13.383,0.021,2,2,0.8402362,0.00041728877,0.13381043,0.8402362,0.025536139
511,16,standing,2021-05-07 10:17:12.404,2021-05-07 10:17:14.383,0.021,2,2,0.8223975,0.00025424632,0.17096469,0.8223975,0.0063834614
511,16,standing,2021-05-07 10:17:13.404,2021-05-07 10:17:15.383,0.021,2,2,0.8359985,0.00031867524,0.15079962,0.8359985,0.012883235
511,16,standing,2021-05-07 10:17:14.404,2021-05-07 10:17:16.384,0.021,2,2,0.8457402,0.00043630128,0.12068919,0.8457402,0.033134304
511,16,standing,2021-05-07 10:17:15.404,2021-05-07 10:17:17.384,0.021,2,2,0.8413124,0.00032644003,0.1433904,0.8413124,0.014970813
511,16,standing,2021-05-07 10:17:16.403,2021-05-07 10:17:18.384,0.021,2,2,0.8165775,0.00021265636,0.1782247,0.8165775,0.0049851774
511,16,standing,2021-05-07 10:17:17.403,2021-05-07 10:17:19.384,0.021,2,2,0.8098839,0.00024439982,0.18338932,0.8098839,0.0064823986
511,16,standing,2021-05-07 10:17:18.403,2021-05-07 10:17:20.384,0.021,2,2,0.81731266,0.00025833995,0.1754766,0.81731266,0.0069523766
511,16,standing,2021-05-07 10:17:19.403,2021-05-07 10:17:21.384,0.021,2,2,0.82063,0.00025085927,0.1724842,0.82063,0.0066348733
511,20,standing,2021-05-07 10:17:50.563,2021-05-07 10:17:52.543,0.021,2,2,0.63086957,0.0010208976,0.11624675,0.63086957,0.2518627
511,22,standing,2021-05-07 10:17:55.004,2021-05-07 10:17:56.984,0.021,2,2,0.81736887,0.00035193574,0.16997458,0.81736887,0.012304599
511,22,standing,2021-05-07 10:17:56.004,2021-05-07 10:17:57.984,0.021,2,2,0.7573994,0.0002820886,0.23694727,0.7573994,0.0053712064
511,22,standing,2021-05-07 10:17:57.004,2021-05-07 10:17:58.984,0.021,2,2,0.7274431,0.0002549633,0.2686175,0.7274431,0.003684467
511,24,standing,2021-05-07 10:18:02.043,2021-05-07 10:18:04.024,0.021,2,3,0.8615421,0.00048223112,0.00977522,0.12820046,0.8615421
511,24,standing,2021-05-07 10:18:03.043,2021-05-07 10:18:05.024,0.021,2,3,0.92939836,0.00033612602,0.0048162276,0.06544918,0.92939836
511,34,standing,2021-05-07 10:19:04.604,2021-05-07 10:19:06.584,0.021,2,2,0.8253297,0.00051930494,0.12283164,0.8253297,0.05131927
511,34,standing,2021-05-07 10:19:05.604,2021-05-07 10:19:07.584,0.021,2,2,0.83030146,0.00021949233,0.16427721,0.83030146,0.005201848
511,34,standing,2021-05-07 10:19:06.604,2021-05-07 10:19:08.583,0.021,2,2,0.7843416,0.00014809004,0.21361037,0.7843416,0.0019000091
511,34,standing,2021-05-07 10:19:07.604,2021-05-07 10:19:09.583,0.021,2,2,0.8437859,0.00026934638,0.14564516,0.8437859,0.010299664
511,39,walking,2021-05-07 10:19:20.723,2021-05-07 10:19:22.704,0.021,3,3,0.90180016,0.0003690799,0.008943467,0.08888737,0.90180016
511,39,walking,2021-05-07 10:19:21.723,2021-05-07 10:19:23.704,0.021,3,3,0.97289366,0.00020922214,0.0031271556,0.02377003,0.97289366
511,41,walking,2021-05-07 10:19:24.524,2021-05-07 10:19:26.503,0.021,3,3,0.9992997,1.0399979e-05,4.9380305e-05,0.0006405186,0.9992997
511,41,walking,2021-05-07 10:19:25.524,2021-05-07 10:19:27.503,0.021,3,3,0.99982476,6.0556695e-06,1.8778106e-05,0.00015049608,0.99982476
511,42,sitting,2021-05-07 10:19:29.964,2021-05-07 10:19:31.944,0.021,1,2,0.49811438,0.001152655,0.35417992,0.49811438,0.14655307
511,42,sitting,2021-05-07 10:19:30.964,2021-05-07 10:19:32.944,0.021,1,1,0.93438697,0.00034494975,0.93438697,0.063978426,0.0012895565
511,42,sitting,2021-05-07 10:19:31.964,2021-05-07 10:19:33.944,0.021,1,1,0.98921466,0.00026995604,0.98921466,0.010302566,0.00021280424
511,42,sitting,2021-05-07 10:19:32.964,2021-05-07 10:19:34.944,0.021,1,1,0.99507624,0.0003831861,0.99507624,0.004447585,9.290223e-05
511,42,sitting,2021-05-07 10:19:33.964,2021-05-07 10:19:35.944,0.021,1,1,0.99774086,0.00033261738,0.99774086,0.001904267,2.2290373e-05
511,42,sitting,2021-05-07 10:19:34.964,2021-05-07 10:19:36.944,0.021,1,1,0.9981744,0.00032025122,0.9981744,0.0014926217,1.2782736e-05
511,42,sitting,2021-05-07 10:19:35.964,2021-05-07 10:19:37.944,0.021,1,1,0.9984415,0.00027401673,0.9984415,0.0012767514,7.735128e-06
511,42,sitting,2021-05-07 10:19:36.964,2021-05-07 10:19:38.944,0.021,1,1,0.99845237,0.0002800378,0.99845237,0.0012600987,7.3243814e-06
511,42,sitting,2021-05-07 10:19:37.964,2021-05-07 10:19:39.944,0.021,1,1,0.9984619,0.00028682256,0.9984619,0.0012437742,7.360549e-06
511,42,sitting,2021-05-07 10:19:38.964,2021-05-07 10:19:40.944,0.021,1,1,0.9984733,0.00028378557,0.9984733,0.0012356743,7.3205338e-06
511,42,sitting,2021-05-07 10:19:39.964,2021-05-07 10:19:41.944,0.021,1,1,0.99836415,0.00034148816,0.99836415,0.0012846437,9.8176115e-06
511,42,sitting,2021-05-07 10:19:40.964,2021-05-07 10:19:42.944,0.021,1,1,0.99840033,0.00035383637,0.99840033,0.0012357584,1.0031871e-05
511,42,sitting,2021-05-07 10:19:41.964,2021-05-07 10:19:43.944,0.021,1,1,0.99843735,0.0003484701,0.99843735,0.001204776,9.450999e-06
511,42,sitting,2021-05-07 10:19:42.964,2021-05-07 10:19:44.944,0.021,1,1,0.9984371,0.00034616317,0.9984371,0.0012075335,9.3056e-06
511,42,sitting,2021-05-07 10:19:43.964,2021-05-07 10:19:45.944,0.021,1,1,0.9984545,0.00032334286,0.9984545,0.0012136771,8.442479e-06
511,42,sitting,2021-05-07 10:19:44.964,2021-05-07 10:19:46.944,0.021,1,1,0.9984937,0.00032430456,0.9984937,0.0011739038,8.150986e-06
511,42,sitting,2021-05-07 10:19:45.964,2021-05-07 10:19:47.944,0.021,1,1,0.9984657,0.00037207868,0.9984657,0.0011522542,9.963154e-06
511,42,sitting,2021-05-07 10:19:46.964,2021-05-07 10:19:48.944,0.021,1,1,0.99828815,0.00042360995,0.99828815,0.0012752187,1.2887742e-05
511,42,sitting,2021-05-07 10:19:47.964,2021-05-07 10:19:49.944,0.021,1,1,0.9983912,0.00035341532,0.9983912,0.0012455462,9.846683e-06
511,42,sitting,2021-05-07 10:19:48.964,2021-05-07 10:19:50.944,0.021,1,1,0.9985085,0.00031374325,0.9985085,0.0011698427,7.873848e-06
511,42,sitting,2021-05-07 10:19:49.964,2021-05-07 10:19:51.944,0.021,1,1,0.9984127,0.00035330263,0.9984127,0.0012244812,9.479589e-06
511,42,sitting,2021-05-07 10:19:50.964,2021-05-07 10:19:52.944,0.021,1,1,0.9982263,0.0004727365,0.9982263,0.0012862394,1.4747024e-05
511,42,sitting,2021-05-07 10:19:51.964,2021-05-07 10:19:53.944,0.021,1,1,0.9980628,0.00052795553,0.9980628,0.001389698,1.9605937e-05
511,42,sitting,2021-05-07 10:19:52.964,2021-05-07 10:19:54.944,0.021,1,1,0.9982443,0.0004248222,0.9982443,0.0013170172,1.3875746e-05
511,42,sitting,2021-05-07 10:19:53.964,2021-05-07 10:19:55.944,0.021,1,1,0.99848986,0.00031075245,0.99848986,0.0011913824,7.944694e-06
511,42,sitting,2021-05-07 10:19:54.964,2021-05-07 10:19:56.944,0.021,1,1,0.9985647,0.00027530055,0.9985647,0.0011533985,6.530893e-06
511,42,sitting,2021-05-07 10:19:55.964,2021-05-07 10:19:57.944,0.021,1,1,0.9985295,0.00030230978,0.9985295,0.0011605419,7.5192274e-06
511,42,sitting,2021-05-07 10:19:56.964,2021-05-07 10:19:58.944,0.021,1,1,0.99850523,0.00032256002,0.99850523,0.0011642072,7.916144e-06
511,42,sitting,2021-05-07 10:19:57.964,2021-05-07 10:19:59.944,0.021,1,1,0.99853927,0.00031263044,0.99853927,0.0011404469,7.569709e-06
511,42,sitting,2021-05-07 10:19:58.964,2021-05-07 10:20:00.944,0.021,1,1,0.9981551,0.00045688258,0.9981551,0.0013714957,1.6362139e-05
511,42,sitting,2021-05-07 10:19:59.964,2021-05-07 10:20:01.944,0.021,1,1,0.99805874,0.0004395057,0.99805874,0.0014816169,2.015168e-05
511,42,sitting,2021-05-07 10:20:00.964,2021-05-07 10:20:02.944,0.021,1,1,0.9980991,0.00041571478,0.9980991,0.0014667517,1.8479956e-05
511,42,sitting,2021-05-07 10:20:01.964,2021-05-07 10:20:03.944,0.021,1,1,0.99822557,0.00040239867,0.99822557,0.0013576947,1.4421564e-05
511,42,sitting,2021-05-07 10:20:02.964,2021-05-07 10:20:04.944,0.021,1,1,0.99836785,0.00038287923,0.99836785,0.0012383236,1.0949789e-05
511,42,sitting,2021-05-07 10:20:03.964,2021-05-07 10:20:05.944,0.021,1,1,0.99835396,0.0004111339,0.99835396,0.0012228419,1.2065086e-05
511,42,sitting,2021-05-07 10:20:04.963,2021-05-07 10:20:06.944,0.021,1,1,0.9981626,0.00051374634,0.9981626,0.0013060756,1.748379e-05
511,42,sitting,2021-05-07 10:20:05.963,2021-05-07 10:20:07.944,0.021,1,1,0.9977518,0.00071399694,0.9977518,0.00150132,3.292596e-05
511,42,sitting,2021-05-07 10:20:06.963,2021-05-07 10:20:08.944,0.021,1,1,0.9971941,0.0009992283,0.9971941,0.0017503019,5.6261622e-05
511,42,sitting,2021-05-07 10:20:07.963,2021-05-07 10:20:09.944,0.021,1,1,0.9975165,0.0008680573,0.9975165,0.0015745147,4.085523e-05
511,42,sitting,2021-05-07 10:20:08.963,2021-05-07 10:20:10.944,0.021,1,1,0.9981894,0.00055565947,0.9981894,0.0012377581,1.7132761e-05
511,42,sitting,2021-05-07 10:20:09.963,2021-05-07 10:20:11.944,0.021,1,1,0.9984865,0.00040520466,0.9984865,0.0010991016,9.211071e-06
511,42,sitting,2021-05-07 10:20:10.963,2021-05-07 10:20:12.944,0.021,1,1,0.99851376,0.00035922384,0.99851376,0.0011189992,8.020479e-06
511,42,sitting,2021-05-07 10:20:11.963,2021-05-07 10:20:13.944,0.021,1,1,0.99847114,0.0003684604,0.99847114,0.0011519485,8.284632e-06
511,42,sitting,2021-05-07 10:20:12.963,2021-05-07 10:20:14.944,0.021,1,1,0.9984595,0.0004086744,0.9984595,0.0011224853,9.348701e-06
511,42,sitting,2021-05-07 10:20:13.963,2021-05-07 10:20:15.944,0.021,1,1,0.99797547,0.0005613334,0.99797547,0.0014417133,2.1378613e-05
511,42,sitting,2021-05-07 10:20:14.963,2021-05-07 10:20:16.944,0.021,1,1,0.997904,0.0006004584,0.997904,0.0014715294,2.403176e-05
511,42,sitting,2021-05-07 10:20:15.963,2021-05-07 10:20:17.944,0.021,1,1,0.9982746,0.0004956111,0.9982746,0.0012162025,1.3581757e-05
511,42,sitting,2021-05-07 10:20:16.964,2021-05-07 10:20:18.944,0.021,1,1,0.99842143,0.00040419796,0.99842143,0.0011640474,1.03757975e-05
511,42,sitting,2021-05-07 10:20:17.964,2021-05-07 10:20:19.944,0.021,1,1,0.99847496,0.0003755938,0.99847496,0.001140137,9.337235e-06
511,42,sitting,2021-05-07 10:20:18.964,2021-05-07 10:20:20.944,0.021,1,1,0.9985485,0.00033425388,0.9985485,0.0011097427,7.368604e-06
511,42,sitting,2021-05-07 10:20:19.964,2021-05-07 10:20:21.944,0.021,1,1,0.99852306,0.00034551186,0.99852306,0.0011236871,7.766896e-06
511,42,sitting,2021-05-07 10:20:20.964,2021-05-07 10:20:22.944,0.021,1,1,0.9985676,0.00031795603,0.9985676,0.0011073386,7.152871e-06
511,42,sitting,2021-05-07 10:20:21.964,2021-05-07 10:20:23.944,0.021,1,1,0.99860173,0.00031119626,0.99860173,0.0010804978,6.589583e-06
511,42,sitting,2021-05-07 10:20:22.964,2021-05-07 10:20:24.944,0.021,1,1,0.9985953,0.00032824307,0.9985953,0.0010697411,6.8406575e-06
511,42,sitting,2021-05-07 10:20:23.964,2021-05-07 10:20:25.944,0.021,1,1,0.9985732,0.00035656124,0.9985732,0.0010631079,7.18503e-06
511,42,sitting,2021-05-07 10:20:24.964,2021-05-07 10:20:26.944,0.021,1,1,0.99842787,0.00043692667,0.99842787,0.0011252149,1.0007094e-05
511,42,sitting,2021-05-07 10:20:25.964,2021-05-07 10:20:27.944,0.021,1,1,0.9983694,0.0004677594,0.9983694,0.0011517014,1.1164727e-05
511,42,sitting,2021-05-07 10:20:26.964,2021-05-07 10:20:28.944,0.021,1,1,0.99844307,0.0004440424,0.99844307,0.0011030355,9.908502e-06
511,42,sitting,2021-05-07 10:20:27.964,2021-05-07 10:20:29.944,0.021,1,1,0.9984626,0.00044708935,0.9984626,0.0010810528,9.446309e-06
511,42,sitting,2021-05-07 10:20:28.964,2021-05-07 10:20:30.944,0.021,1,1,0.99782133,0.00047737593,0.99782133,0.0016824342,1.891185e-05
511,42,sitting,2021-05-07 10:20:29.964,2021-05-07 10:20:31.944,0.021,1,1,0.92252976,0.00062832184,0.92252976,0.07278853,0.004053284
511,42,sitting,2021-05-07 10:20:30.964,2021-05-07 10:20:32.944,0.021,1,2,0.7806493,0.000244905,0.17213935,0.7806493,0.04696638
511,42,sitting,2021-05-07 10:20:31.964,2021-05-07 10:20:33.944,0.021,1,2,0.84056014,0.00030731884,0.12688555,0.84056014,0.032246955
511,42,sitting,2021-05-07 10:20:32.964,2021-05-07 10:20:34.944,0.021,1,2,0.65029144,0.0005116131,0.21526031,0.65029144,0.13393652
511,42,sitting,2021-05-07 10:20:33.964,2021-05-07 10:20:35.944,0.021,1,1,0.8382971,0.00037119206,0.8382971,0.15036929,0.010962418
511,42,sitting,2021-05-07 10:20:34.964,2021-05-07 10:20:36.944,0.021,1,1,0.9764902,0.00014282974,0.9764902,0.02272416,0.0006427247
511,42,sitting,2021-05-07 10:20:35.964,2021-05-07 10:20:37.944,0.021,1,1,0.9847451,5.075379e-05,0.9847451,0.01511561,8.8604786e-05
511,42,sitting,2021-05-07 10:20:36.964,2021-05-07 10:20:38.944,0.021,1,1,0.98638785,3.5214034e-05,0.98638785,0.013533691,4.3289223e-05
511,42,sitting,2021-05-07 10:20:37.964,2021-05-07 10:20:39.944,0.021,1,1,0.98749197,3.2644246e-05,0.98749197,0.012439234,3.6184854e-05
511,42,sitting,2021-05-07 10:20:38.964,2021-05-07 10:20:40.944,0.021,1,1,0.98770475,3.5115772e-05,0.98770475,0.01222227,3.7881204e-05
511,42,sitting,2021-05-07 10:20:39.964,2021-05-07 10:20:41.944,0.021,1,1,0.98775434,3.4694007e-05,0.98775434,0.012173774,3.7191363e-05
511,42,sitting,2021-05-07 10:20:40.964,2021-05-07 10:20:42.944,0.021,1,1,0.98734987,3.2495096e-05,0.98734987,0.012581509,3.6012898e-05
511,42,sitting,2021-05-07 10:20:41.964,2021-05-07 10:20:43.944,0.021,1,1,0.9879697,3.3123655e-05,0.9879697,0.0119626615,3.4600915e-05
511,42,sitting,2021-05-07 10:20:42.964,2021-05-07 10:20:44.944,0.021,1,1,0.9883651,3.381285e-05,0.9883651,0.011567331,3.3701363e-05
511,42,sitting,2021-05-07 10:20:43.964,2021-05-07 10:20:45.944,0.021,1,1,0.9881442,3.629484e-05,0.9881442,0.01178125,3.8158054e-05
511,42,sitting,2021-05-07 10:20:44.964,2021-05-07 10:20:46.944,0.021,1,1,0.9867324,3.8837316e-05,0.9867324,0.0131787015,4.99554e-05
511,42,sitting,2021-05-07 10:20:45.964,2021-05-07 10:20:47.944,0.021,1,1,0.98716706,3.892563e-05,0.98716706,0.012745089,4.892296e-05
511,42,sitting,2021-05-07 10:20:46.964,2021-05-07 10:20:48.944,0.021,1,1,0.98912394,3.9858172e-05,0.98912394,0.01079462,4.1480584e-05
511,42,sitting,2021-05-07 10:20:47.964,2021-05-07 10:20:49.944,0.021,1,1,0.98773986,4.8214766e-05,0.98773986,0.0121480515,6.395013e-05
511,42,sitting,2021-05-07 10:20:48.964,2021-05-07 10:20:50.944,0.021,1,1,0.98692346,4.3602882e-05,0.98692346,0.012972319,6.0508268e-05
511,42,sitting,2021-05-07 10:20:49.964,2021-05-07 10:20:51.944,0.021,1,1,0.9883863,3.713326e-05,0.9883863,0.011533569,4.3049466e-05
511,42,sitting,2021-05-07 10:20:50.964,2021-05-07 10:20:52.944,0.021,1,1,0.9903831,3.9158287e-05,0.9903831,0.009538396,3.935896e-05
511,42,sitting,2021-05-07 10:20:51.964,2021-05-07 10:20:53.944,0.021,1,1,0.9916474,3.1937354e-05,0.9916474,0.008295355,2.5254483e-05
511,42,sitting,2021-05-07 10:20:52.964,2021-05-07 10:20:54.944,0.021,1,1,0.9907786,3.1334446e-05,0.9907786,0.009162636,2.7411676e-05
511,42,sitting,2021-05-07 10:20:53.964,2021-05-07 10:20:55.944,0.021,1,1,0.9893063,3.5925892e-05,0.9893063,0.010617949,3.9713206e-05
511,42,sitting,2021-05-07 10:20:54.964,2021-05-07 10:20:56.944,0.021,1,1,0.98834556,4.196792e-05,0.98834556,0.011560066,5.2554748e-05
511,42,sitting,2021-05-07 10:20:55.964,2021-05-07 10:20:57.944,0.021,1,1,0.9868529,4.622173e-05,0.9868529,0.01303474,6.624197e-05
511,42,sitting,2021-05-07 10:20:56.964,2021-05-07 10:20:58.944,0.021,1,1,0.9880338,4.3814634e-05,0.9880338,0.011864582,5.7801797e-05
511,42,sitting,2021-05-07 10:20:57.964,2021-05-07 10:20:59.944,0.021,1,1,0.98830146,3.8306625e-05,0.98830146,0.011615904,4.434278e-05
511,42,sitting,2021-05-07 10:20:58.964,2021-05-07 10:21:00.944,0.021,1,1,0.9884139,3.4021534e-05,0.9884139,0.011514667,3.7343652e-05
511,42,sitting,2021-05-07 10:20:59.964,2021-05-07 10:21:01.944,0.021,1,1,0.98790646,3.4461445e-05,0.98790646,0.012019753,3.9348775e-05
511,42,sitting,2021-05-07 10:21:00.964,2021-05-07 10:21:02.944,0.021,1,1,0.9878231,3.429727e-05,0.9878231,0.012103373,3.9273476e-05
511,42,sitting,2021-05-07 10:21:01.964,2021-05-07 10:21:03.944,0.021,1,1,0.9878311,3.5576537e-05,0.9878311,0.012091599,4.1654e-05
511,42,sitting,2021-05-07 10:21:02.964,2021-05-07 10:21:04.944,0.021,1,1,0.9888018,3.6114798e-05,0.9888018,0.011122991,3.9182734e-05
511,42,sitting,2021-05-07 10:21:03.964,2021-05-07 10:21:05.944,0.021,1,1,0.9889382,3.4999113e-05,0.9889382,0.010990335,3.6304784e-05
511,42,sitting,2021-05-07 10:21:04.963,2021-05-07 10:21:06.944,0.021,1,1,0.98853207,3.9664345e-05,0.98853207,0.011382302,4.5953733e-05
511,42,sitting,2021-05-07 10:21:05.963,2021-05-07 10:21:07.944,0.021,1,1,0.9874153,4.7381764e-05,0.9874153,0.012462497,7.469938e-05
511,42,sitting,2021-05-07 10:21:06.963,2021-05-07 10:21:08.944,0.021,1,1,0.9871022,3.829961e-05,0.9871022,0.012803347,5.6091045e-05
511,42,sitting,2021-05-07 10:21:07.963,2021-05-07 10:21:09.944,0.021,1,1,0.9882196,3.9452272e-05,0.9882196,0.011693291,4.7536905e-05
511,42,sitting,2021-05-07 10:21:08.963,2021-05-07 10:21:10.944,0.021,1,1,0.9877519,3.6554455e-05,0.9877519,0.012165538,4.619541e-05
511,42,sitting,2021-05-07 10:21:09.963,2021-05-07 10:21:11.944,0.021,1,1,0.988819,3.0000792e-05,0.988819,0.011120072,3.0931136e-05
511,42,sitting,2021-05-07 10:21:10.963,2021-05-07 10:21:12.944,0.021,1,1,0.98852265,3.2869477e-05,0.98852265,0.011408041,3.643382e-05
511,42,sitting,2021-05-07 10:21:11.963,2021-05-07 10:21:13.944,0.021,1,1,0.9890071,3.2623975e-05,0.9890071,0.010925783,3.441824e-05
511,42,sitting,2021-05-07 10:21:12.963,2021-05-07 10:21:14.944,0.021,1,1,0.98978955,3.1236366e-05,0.98978955,0.0101512205,2.8022005e-05
511,42,sitting,2021-05-07 10:21:13.963,2021-05-07 10:21:15.944,0.021,1,1,0.9899181,3.265449e-05,0.9899181,0.010021726,2.7396383e-05
511,42,sitting,2021-05-07 10:21:14.963,2021-05-07 10:21:16.944,0.021,1,1,0.98970544,3.315831e-05,0.98970544,0.010233189,2.8175386e-05
511,42,sitting,2021-05-07 10:21:15.963,2021-05-07 10:21:17.944,0.021,1,1,0.9895649,3.2961234e-05,0.9895649,0.010370437,3.171296e-05
511,42,sitting,2021-05-07 10:21:16.964,2021-05-07 10:21:18.944,0.021,1,1,0.98810256,3.4612665e-05,0.98810256,0.011820688,4.21643e-05
511,42,sitting,2021-05-07 10:21:17.964,2021-05-07 10:21:19.944,0.021,1,1,0.98731655,3.6279176e-05,0.98731655,0.012598979,4.8179492e-05
511,42,sitting,2021-05-07 10:21:18.964,2021-05-07 10:21:20.944,0.021,1,1,0.98839384,3.6279158e-05,0.98839384,0.011526026,4.3792e-05
511,42,sitting,2021-05-07 10:21:19.964,2021-05-07 10:21:21.944,0.021,1,1,0.989734,3.345027e-05,0.989734,0.010199164,3.335057e-05
511,42,sitting,2021-05-07 10:21:20.964,2021-05-07 10:21:22.944,0.021,1,1,0.98819405,3.6857327e-05,0.98819405,0.011720928,4.8227324e-05
511,42,sitting,2021-05-07 10:21:21.964,2021-05-07 10:21:23.944,0.021,1,1,0.9864958,4.482427e-05,0.9864958,0.013380799,7.850342e-05
511,42,sitting,2021-05-07 10:21:22.964,2021-05-07 10:21:24.944,0.021,1,1,0.9882751,3.9376526e-05,0.9882751,0.011627386,5.8155118e-05
511,42,sitting,2021-05-07 10:21:23.964,2021-05-07 10:21:25.944,0.021,1,1,0.9881616,4.349862e-05,0.9881616,0.011723137,7.175965e-05
511,42,sitting,2021-05-07 10:21:24.964,2021-05-07 10:21:26.944,0.021,1,1,0.986666,4.4978726e-05,0.986666,0.013200909,8.806549e-05
511,42,sitting,2021-05-07 10:21:25.964,2021-05-07 10:21:27.944,0.021,1,1,0.98798996,3.3034674e-05,0.98798996,0.011926461,5.0529918e-05
511,42,sitting,2021-05-07 10:21:26.964,2021-05-07 10:21:28.944,0.021,1,1,0.9867433,3.0534953e-05,0.9867433,0.013174379,5.1801417e-05
511,42,sitting,2021-05-07 10:21:27.964,2021-05-07 10:21:29.944,0.021,1,1,0.9872716,3.137816e-05,0.9872716,0.012648566,4.8366874e-05
511,42,sitting,2021-05-07 10:21:28.964,2021-05-07 10:21:30.944,0.021,1,1,0.9887989,3.257107e-05,0.9887989,0.011126714,4.1833177e-05
511,42,sitting,2021-05-07 10:21:29.964,2021-05-07 10:21:31.944,0.021,1,1,0.9880612,2.8637525e-05,0.9880612,0.011869925,4.0318773e-05
511,42,sitting,2021-05-07 10:21:30.964,2021-05-07 10:21:32.944,0.021,1,1,0.9866513,2.8569404e-05,0.9866513,0.013272021,4.8058308e-05
511,42,sitting,2021-05-07 10:21:31.964,2021-05-07 10:21:33.944,0.021,1,1,0.9857843,3.5409426e-05,0.9857843,0.014114286,6.6062355e-05
511,42,sitting,2021-05-07 10:21:32.964,2021-05-07 10:21:34.944,0.021,1,1,0.9866021,3.706142e-05,0.9866021,0.013294648,6.6162764e-05
511,42,sitting,2021-05-07 10:21:33.964,2021-05-07 10:21:35.944,0.021,1,1,0.988823,3.07705e-05,0.988823,0.01110421,4.197398e-05
511,42,sitting,2021-05-07 10:21:34.964,2021-05-07 10:21:36.944,0.021,1,1,0.9873245,3.2092757e-05,0.9873245,0.012590247,5.305643e-05
511,42,sitting,2021-05-07 10:21:35.964,2021-05-07 10:21:37.944,0.021,1,1,0.98472863,3.3710745e-05,0.98472863,0.015165085,7.256004e-05
511,42,sitting,2021-05-07 10:21:36.964,2021-05-07 10:21:38.944,0.021,1,1,0.98595566,3.3334967e-05,0.98595566,0.01394517,6.5703985e-05
511,42,sitting,2021-05-07 10:21:37.964,2021-05-07 10:21:39.944,0.021,1,1,0.9875879,3.6619418e-05,0.9875879,0.0123151345,6.0266604e-05
511,42,sitting,2021-05-07 10:21:38.964,2021-05-07 10:21:40.944,0.021,1,1,0.9879219,3.510424e-05,0.9879219,0.011989842,5.3078205e-05
511,42,sitting,2021-05-07 10:21:39.964,2021-05-07 10:21:41.944,0.021,1,1,0.98846984,3.3387478e-05,0.98846984,0.011449246,4.7476486e-05
511,42,sitting,2021-05-07 10:21:40.964,2021-05-07 10:21:42.944,0.021,1,1,0.9898688,4.348145e-05,0.9898688,0.010027508,6.016008e-05
511,42,sitting,2021-05-07 10:21:41.964,2021-05-07 10:21:43.944,0.021,1,1,0.99153453,3.8613023e-05,0.99153453,0.008387983,3.8744893e-05
511,42,sitting,2021-05-07 10:21:42.964,2021-05-07 10:21:44.944,0.021,1,1,0.99167687,3.7050602e-05,0.99167687,0.008252019,3.4082455e-05
511,42,sitting,2021-05-07 10:21:43.964,2021-05-07 10:21:45.944,0.021,1,1,0.99173915,4.4351244e-05,0.99173915,0.0081732925,4.31498e-05
511,42,sitting,2021-05-07 10:21:44.964,2021-05-07 10:21:46.944,0.021,1,1,0.99101216,4.73555e-05,0.99101216,0.008886764,5.364265e-05
511,42,sitting,2021-05-07 10:21:45.964,2021-05-07 10:21:47.944,0.021,1,1,0.9923228,5.1827825e-05,0.9923228,0.0075761676,4.918588e-05
511,42,sitting,2021-05-07 10:21:46.964,2021-05-07 10:21:48.944,0.021,1,1,0.9943748,5.4305154e-05,0.9943748,0.005536839,3.399879e-05
511,42,sitting,2021-05-07 10:21:47.964,2021-05-07 10:21:49.944,0.021,1,1,0.99593174,6.516908e-05,0.99593174,0.0039737527,2.9370081e-05
511,42,sitting,2021-05-07 10:21:48.964,2021-05-07 10:21:50.944,0.021,1,1,0.99605095,6.783582e-05,0.99605095,0.0038516386,2.9506846e-05
511,42,sitting,2021-05-07 10:21:49.964,2021-05-07 10:21:51.944,0.021,1,1,0.994447,5.6173336e-05,0.994447,0.005459377,3.745114e-05
511,42,sitting,2021-05-07 10:21:50.964,2021-05-07 10:21:52.944,0.021,1,1,0.99135506,4.8412658e-05,0.99135506,0.008534949,6.145539e-05
511,42,sitting,2021-05-07 10:21:51.964,2021-05-07 10:21:53.944,0.021,1,1,0.99257356,4.264879e-05,0.99257356,0.0073375814,4.6244433e-05
511,42,sitting,2021-05-07 10:21:52.964,2021-05-07 10:21:54.944,0.021,1,1,0.9933458,3.2809992e-05,0.9933458,0.006589589,3.1727443e-05
511,42,sitting,2021-05-07 10:21:53.964,2021-05-07 10:21:55.944,0.021,1,1,0.9937995,2.9256043e-05,0.9937995,0.006147423,2.3777236e-05
511,42,sitting,2021-05-07 10:21:54.964,2021-05-07 10:21:56.944,0.021,1,1,0.994543,3.0710056e-05,0.994543,0.005405664,2.065978e-05
511,42,sitting,2021-05-07 10:21:55.964,2021-05-07 10:21:57.944,0.021,1,1,0.9950287,3.0663203e-05,0.9950287,0.0049226684,1.795807e-05
511,42,sitting,2021-05-07 10:21:56.964,2021-05-07 10:21:58.944,0.021,1,1,0.9952897,3.3615393e-05,0.9952897,0.004658731,1.8019022e-05
511,42,sitting,2021-05-07 10:21:57.964,2021-05-07 10:21:59.944,0.021,1,1,0.99482733,3.4274275e-05,0.99482733,0.005117929,2.0415051e-05
511,42,sitting,2021-05-07 10:21:58.964,2021-05-07 10:22:00.944,0.021,1,1,0.99455565,2.930825e-05,0.99455565,0.0053981133,1.6949427e-05
511,42,sitting,2021-05-07 10:21:59.964,2021-05-07 10:22:01.944,0.021,1,1,0.9948719,3.3593788e-05,0.9948719,0.0050770845,1.745524e-05
511,42,sitting,2021-05-07 10:22:00.964,2021-05-07 10:22:02.944,0.021,1,1,0.9950428,3.485418e-05,0.9950428,0.004904627,1.7730561e-05
511,42,sitting,2021-05-07 10:22:01.964,2021-05-07 10:22:03.944,0.021,1,1,0.9944342,3.0523923e-05,0.9944342,0.0055172048,1.8118904e-05
511,42,sitting,2021-05-07 10:22:02.964,2021-05-07 10:22:04.944,0.021,1,1,0.99452084,3.2064585e-05,0.99452084,0.0054290034,1.818974e-05
511,42,sitting,2021-05-07 10:22:03.964,2021-05-07 10:22:05.944,0.021,1,1,0.9943748,3.3555585e-05,0.9943748,0.005570184,2.156304e-05
511,42,sitting,2021-05-07 10:22:04.963,2021-05-07 10:22:06.944,0.021,1,1,0.9933794,3.137466e-05,0.9933794,0.0065623717,2.6909313e-05
511,42,sitting,2021-05-07 10:22:05.963,2021-05-07 10:22:07.944,0.021,1,1,0.993243,3.2753986e-05,0.993243,0.0066961404,2.8060571e-05
511,42,sitting,2021-05-07 10:22:06.963,2021-05-07 10:22:08.944,0.021,1,1,0.993979,3.2057174e-05,0.993979,0.0059664478,2.2493454e-05
511,42,sitting,2021-05-07 10:22:07.963,2021-05-07 10:22:09.944,0.021,1,1,0.99453896,2.9508876e-05,0.99453896,0.0054136124,1.7939032e-05
511,42,sitting,2021-05-07 10:22:08.963,2021-05-07 10:22:10.944,0.021,1,1,0.9942551,3.050356e-05,0.9942551,0.005694347,1.9974621e-05
511,42,sitting,2021-05-07 10:22:09.963,2021-05-07 10:22:11.944,0.021,1,1,0.9947041,3.0053407e-05,0.9947041,0.005247694,1.8104682e-05
511,42,sitting,2021-05-07 10:22:10.963,2021-05-07 10:22:12.944,0.021,1,1,0.9941717,3.1298005e-05,0.9941717,0.0057737827,2.3214805e-05
511,42,sitting,2021-05-07 10:22:11.963,2021-05-07 10:22:13.944,0.021,1,1,0.99442846,3.084741e-05,0.99442846,0.0055201757,2.0534657e-05
511,42,sitting,2021-05-07 10:22:12.963,2021-05-07 10:22:14.944,0.021,1,1,0.99448633,2.7780237e-05,0.99448633,0.005467411,1.847618e-05
511,42,sitting,2021-05-07 10:22:13.963,2021-05-07 10:22:15.944,0.021,1,1,0.9940231,2.6510426e-05,0.9940231,0.0059308694,1.960744e-05
511,42,sitting,2021-05-07 10:22:14.963,2021-05-07 10:22:16.944,0.021,1,1,0.99452865,2.7400627e-05,0.99452865,0.0054264497,1.7554203e-05
511,42,sitting,2021-05-07 10:22:15.963,2021-05-07 10:22:17.944,0.021,1,1,0.9940622,2.8096949e-05,0.9940622,0.0058889887,2.0716758e-05
511,42,sitting,2021-05-07 10:22:16.964,2021-05-07 10:22:18.944,0.021,1,1,0.9942122,2.9890347e-05,0.9942122,0.0057379287,2.0053769e-05
511,42,sitting,2021-05-07 10:22:17.964,2021-05-07 10:22:19.944,0.021,1,1,0.9949484,2.9320103e-05,0.9949484,0.0050069545,1.5333164e-05
511,42,sitting,2021-05-07 10:22:18.964,2021-05-07 10:22:20.944,0.021,1,1,0.9946126,3.0504136e-05,0.9946126,0.005338832,1.8015111e-05
511,42,sitting,2021-05-07 10:22:19.964,2021-05-07 10:22:21.944,0.021,1,1,0.9944745,3.1249103e-05,0.9944745,0.0054753507,1.8866507e-05
511,42,sitting,2021-05-07 10:22:20.964,2021-05-07 10:22:22.944,0.021,1,1,0.9938583,3.1422045e-05,0.9938583,0.006087307,2.30077e-05
511,42,sitting,2021-05-07 10:22:21.964,2021-05-07 10:22:23.944,0.021,1,1,0.99452865,3.1386884e-05,0.99452865,0.0054209908,1.8828583e-05
511,42,sitting,2021-05-07 10:22:22.964,2021-05-07 10:22:24.944,0.021,1,1,0.9947542,3.0119018e-05,0.9947542,0.0051988964,1.6823113e-05
511,42,sitting,2021-05-07 10:22:23.964,2021-05-07 10:22:25.944,0.021,1,1,0.99428713,2.9890147e-05,0.99428713,0.0056627733,2.0104591e-05
511,42,sitting,2021-05-07 10:22:24.964,2021-05-07 10:22:26.944,0.021,1,1,0.9943023,2.8662678e-05,0.9943023,0.0056498726,1.925283e-05
511,42,sitting,2021-05-07 10:22:25.964,2021-05-07 10:22:27.944,0.021,1,1,0.99436116,2.789349e-05,0.99436116,0.0055926335,1.8320792e-05
511,42,sitting,2021-05-07 10:22:26.964,2021-05-07 10:22:28.944,0.021,1,1,0.9947294,2.9728824e-05,0.9947294,0.0052231126,1.7631712e-05
511,42,sitting,2021-05-07 10:22:27.964,2021-05-07 10:22:29.944,0.021,1,1,0.9947244,3.1403484e-05,0.9947244,0.005226472,1.7744405e-05
511,42,sitting,2021-05-07 10:22:28.964,2021-05-07 10:22:30.944,0.021,1,1,0.9945194,3.073699e-05,0.9945194,0.005432409,1.7502789e-05
511,42,sitting,2021-05-07 10:22:29.964,2021-05-07 10:22:31.944,0.021,1,1,0.99451977,3.0311821e-05,0.99451977,0.0054320376,1.7847751e-05
511,42,sitting,2021-05-07 10:22:30.964,2021-05-07 10:22:32.944,0.021,1,1,0.99394697,2.8519453e-05,0.99394697,0.0060042506,2.0287549e-05
511,42,sitting,2021-05-07 10:22:31.964,2021-05-07 10:22:33.944,0.021,1,1,0.99443275,2.8537746e-05,0.99443275,0.0055207782,1.7869232e-05
511,42,sitting,2021-05-07 10:22:32.964,2021-05-07 10:22:34.944,0.021,1,1,0.99483895,2.9799206e-05,0.99483895,0.0051149176,1.627478e-05
511,42,sitting,2021-05-07 10:22:33.964,2021-05-07 10:22:35.944,0.021,1,1,0.99470794,3.05814e-05,0.99470794,0.005243277,1.8183291e-05
511,42,sitting,2021-05-07 10:22:34.964,2021-05-07 10:22:36.944,0.021,1,1,0.99483633,3.131666e-05,0.99483633,0.0051146676,1.7586146e-05
511,42,sitting,2021-05-07 10:22:35.964,2021-05-07 10:22:37.944,0.021,1,1,0.9950409,3.2272284e-05,0.9950409,0.004909826,1.6992113e-05
511,42,sitting,2021-05-07 10:22:36.964,2021-05-07 10:22:38.944,0.021,1,1,0.9945584,3.23184e-05,0.9945584,0.0053895297,1.9628776e-05
511,42,sitting,2021-05-07 10:22:37.964,2021-05-07 10:22:39.944,0.021,1,1,0.9937328,3.2767388e-05,0.9937328,0.006206679,2.7571075e-05
511,42,sitting,2021-05-07 10:22:38.964,2021-05-07 10:22:40.944,0.021,1,1,0.993165,3.164643e-05,0.993165,0.0067721703,3.108736e-05
511,42,sitting,2021-05-07 10:22:39.964,2021-05-07 10:22:41.944,0.021,1,1,0.99368596,2.8975383e-05,0.99368596,0.0062624263,2.2539789e-05
511,42,sitting,2021-05-07 10:22:40.964,2021-05-07 10:22:42.944,0.021,1,1,0.9939592,2.96095e-05,0.9939592,0.0059905006,2.0734038e-05
511,42,sitting,2021-05-07 10:22:41.964,2021-05-07 10:22:43.944,0.021,1,1,0.9941048,3.1889762e-05,0.9941048,0.005840558,2.2769991e-05
511,42,sitting,2021-05-07 10:22:42.964,2021-05-07 10:22:44.944,0.021,1,1,0.99336475,3.208546e-05,0.99336475,0.0065760296,2.7171664e-05
511,42,sitting,2021-05-07 10:22:43.964,2021-05-07 10:22:45.944,0.021,1,1,0.99394876,2.9829269e-05,0.99394876,0.0059998543,2.143031e-05
511,42,sitting,2021-05-07 10:22:44.964,2021-05-07 10:22:46.944,0.021,1,1,0.99402046,2.9458099e-05,0.99402046,0.005929126,2.0993148e-05
511,42,sitting,2021-05-07 10:22:45.964,2021-05-07 10:22:47.944,0.021,1,1,0.99360085,3.2161624e-05,0.99360085,0.006340896,2.6030279e-05
511,42,sitting,2021-05-07 10:22:46.964,2021-05-07 10:22:48.944,0.021,1,1,0.99384433,3.3940687e-05,0.99384433,0.0060950723,2.6695183e-05
511,42,sitting,2021-05-07 10:22:47.964,2021-05-07 10:22:49.944,0.021,1,1,0.9937312,3.2391858e-05,0.9937312,0.0062102186,2.6189655e-05
511,42,sitting,2021-05-07 10:22:48.964,2021-05-07 10:22:50.944,0.021,1,1,0.9937135,3.0093075e-05,0.9937135,0.0062314654,2.4862673e-05
511,42,sitting,2021-05-07 10:22:49.964,2021-05-07 10:22:51.944,0.021,1,1,0.9940278,2.9707318e-05,0.9940278,0.005919855,2.2562212e-05
511,42,sitting,2021-05-07 10:22:50.964,2021-05-07 10:22:52.944,0.021,1,1,0.9930445,3.263315e-05,0.9930445,0.0068925163,3.0293191e-05
511,42,sitting,2021-05-07 10:22:51.964,2021-05-07 10:22:53.944,0.021,1,1,0.9931103,3.2190044e-05,0.9931103,0.006829688,2.7874506e-05
511,42,sitting,2021-05-07 10:22:52.964,2021-05-07 10:22:54.944,0.021,1,1,0.99348956,3.0353336e-05,0.99348956,0.0064562727,2.38422e-05
511,42,sitting,2021-05-07 10:22:53.964,2021-05-07 10:22:55.944,0.021,1,1,0.99355876,3.0019946e-05,0.99355876,0.006386696,2.4466775e-05
511,42,sitting,2021-05-07 10:22:54.964,2021-05-07 10:22:56.944,0.021,1,1,0.9928713,3.0755633e-05,0.9928713,0.0070686634,2.9213055e-05
511,42,sitting,2021-05-07 10:22:55.964,2021-05-07 10:22:57.944,0.021,1,1,0.99343425,3.167482e-05,0.99343425,0.0065076705,2.6353124e-05
511,42,sitting,2021-05-07 10:22:56.964,2021-05-07 10:22:58.944,0.021,1,1,0.9937594,3.1879656e-05,0.9937594,0.0061839735,2.4761313e-05
511,42,sitting,2021-05-07 10:22:57.964,2021-05-07 10:22:59.944,0.021,1,1,0.99383616,3.4518547e-05,0.99383616,0.0061055114,2.3880537e-05
511,42,sitting,2021-05-07 10:22:58.964,2021-05-07 10:23:00.944,0.021,1,1,0.9929994,3.8476646e-05,0.9929994,0.0069323815,2.965361e-05
511,42,sitting,2021-05-07 10:22:59.964,2021-05-07 10:23:01.944,0.021,1,1,0.9917537,5.4333872e-05,0.9917537,0.008127095,6.4803964e-05
511,43,walking,2021-05-07 10:23:04.444,2021-05-07 10:23:06.423,0.021,3,3,0.99996287,9.922217e-07,1.4682753e-06,3.462545e-05,0.99996287
511,43,walking,2021-05-07 10:23:05.444,2021-05-07 10:23:07.423,0.021,3,3,0.999996,1.7730387e-07,1.0886975e-07,3.654109e-06,0.999996
511,43,walking,2021-05-07 10:23:06.444,2021-05-07 10:23:08.423,0.021,3,3,0.99999243,2.6577763e-07,2.522483e-07,7.0172796e-06,0.99999243
511,43,walking,2021-05-07 10:23:07.444,2021-05-07 10:23:09.423,0.021,3,3,0.9999947,1.9142941e-07,1.72511e-07,4.9396904e-06,0.9999947
511,43,walking,2021-05-07 10:23:08.444,2021-05-07 10:23:10.423,0.021,3,3,0.9999946,2.1017289e-07,1.6679945e-07,4.9355835e-06,0.9999946
511,43,walking,2021-05-07 10:23:09.444,2021-05-07 10:23:11.423,0.021,3,3,0.9999911,2.8724114e-07,2.911436e-07,8.202479e-06,0.9999911
511,43,walking,2021-05-07 10:23:10.444,2021-05-07 10:23:12.423,0.021,3,3,0.99999136,2.7367324e-07,2.6840218e-07,8.062047e-06,0.99999136
511,43,walking,2021-05-07 10:23:11.444,2021-05-07 10:23:13.423,0.021,3,3,0.9999983,7.5034556e-08,3.8390915e-08,1.527952e-06,0.9999983
511,43,walking,2021-05-07 10:23:12.444,2021-05-07 10:23:14.423,0.021,3,3,0.99996823,8.6503303e-07,1.0408976e-06,2.981835e-05,0.99996823
511,43,walking,2021-05-07 10:23:13.444,2021-05-07 10:23:15.423,0.021,3,3,0.99998826,3.615071e-07,3.0252295e-07,1.10376095e-05,0.99998826
511,43,walking,2021-05-07 10:23:14.444,2021-05-07 10:23:16.423,0.021,3,3,0.9999333,1.951122e-06,3.478224e-06,6.117922e-05,0.9999333
511,43,walking,2021-05-07 10:23:15.444,2021-05-07 10:23:17.423,0.021,3,3,0.99915445,1.2284037e-05,4.8269936e-05,0.0007849565,0.99915445
511,43,walking,2021-05-07 10:23:16.444,2021-05-07 10:23:18.423,0.021,3,3,0.9979096,1.4783442e-05,8.250049e-05,0.001993102,0.9979096
511,43,walking,2021-05-07 10:23:17.444,2021-05-07 10:23:19.423,0.021,3,3,0.999965,5.8198583e-07,8.860862e-07,3.3424494e-05,0.999965
511,43,walking,2021-05-07 10:23:18.444,2021-05-07 10:23:20.423,0.021,3,3,0.99996644,6.7156145e-07,1.2216549e-06,3.159967e-05,0.99996644
511,43,walking,2021-05-07 10:23:19.444,2021-05-07 10:23:21.423,0.021,3,3,0.9999766,5.760543e-07,9.241683e-07,2.180656e-05,0.9999766
511,43,walking,2021-05-07 10:23:20.444,2021-05-07 10:23:22.423,0.021,3,3,0.9997597,3.6264855e-06,1.2042663e-05,0.00022471692,0.9997597
511,43,walking,2021-05-07 10:23:21.444,2021-05-07 10:23:23.423,0.021,3,3,0.9996936,3.1228878e-06,1.0946347e-05,0.00029237889,0.9996936
511,43,walking,2021-05-07 10:23:22.444,2021-05-07 10:23:24.423,0.021,3,3,0.99927634,6.240273e-06,3.1139833e-05,0.0006862524,0.99927634
511,43,walking,2021-05-07 10:23:23.444,2021-05-07 10:23:25.423,0.021,3,3,0.9933386,4.2251806e-05,0.00035356628,0.0062656305,0.9933386
511,43,walking,2021-05-07 10:23:24.444,2021-05-07 10:23:26.423,0.021,3,3,0.9970709,4.2600514e-05,0.00023565434,0.0026508535,0.9970709
511,46,standing,2021-05-07 10:23:28.884,2021-05-07 10:23:30.864,0.021,2,2,0.66927826,0.0006539007,0.11760041,0.66927826,0.21246745
511,46,standing,2021-05-07 10:23:29.884,2021-05-07 10:23:31.864,0.021,2,2,0.8136483,0.00038873166,0.14241235,0.8136483,0.04355055
511,46,standing,2021-05-07 10:23:30.884,2021-05-07 10:23:32.863,0.021,2,2,0.8325403,0.00036524172,0.13441256,0.8325403,0.032681923
511,46,standing,2021-05-07 10:23:31.884,2021-05-07 10:23:33.863,0.021,2,2,0.7632677,0.0005790859,0.09691069,0.7632677,0.13924251
511,46,standing,2021-05-07 10:23:32.883,2021-05-07 10:23:34.863,0.021,2,2,0.7961649,0.00052047934,0.11527557,0.7961649,0.08803911
511,46,standing,2021-05-07 10:23:33.883,2021-05-07 10:23:35.863,0.021,2,2,0.8267955,0.00027882986,0.15652579,0.8267955,0.016399834
511,46,standing,2021-05-07 10:23:34.883,2021-05-07 10:23:36.863,0.021,2,2,0.8186964,0.00023615663,0.17037112,0.8186964,0.010696368
511,46,standing,2021-05-07 10:23:35.883,2021-05-07 10:23:37.863,0.021,2,2,0.8170733,0.00020367472,0.17741776,0.8170733,0.0053052716
511,46,standing,2021-05-07 10:23:36.883,2021-05-07 10:23:38.863,0.021,2,2,0.8179253,0.0002114453,0.17689963,0.8179253,0.0049635703
511,46,standing,2021-05-07 10:23:37.883,2021-05-07 10:23:39.863,0.021,2,2,0.81487894,0.00048149272,0.1524447,0.81487894,0.032194786
511,46,standing,2021-05-07 10:23:38.883,2021-05-07 10:23:40.863,0.021,2,2,0.6842747,0.0008665155,0.08278192,0.6842747,0.2320769
511,46,standing,2021-05-07 10:23:39.883,2021-05-07 10:23:41.863,0.021,2,2,0.8002795,0.0005842241,0.09626924,0.8002795,0.10286703
511,46,standing,2021-05-07 10:23:40.883,2021-05-07 10:23:42.863,0.021,2,2,0.8467677,0.0003653267,0.13236858,0.8467677,0.020498257
511,46,standing,2021-05-07 10:23:41.883,2021-05-07 10:23:43.863,0.021,2,2,0.81660306,0.0005054929,0.10158268,0.81660306,0.08130873
511,46,standing,2021-05-07 10:23:42.883,2021-05-07 10:23:44.863,0.021,2,2,0.75355,0.00064686296,0.11787638,0.75355,0.12792668
511,46,standing,2021-05-07 10:23:43.883,2021-05-07 10:23:45.863,0.021,2,2,0.7776621,0.00066464295,0.15090124,0.7776621,0.07077194
511,48,standing,2021-05-07 10:23:47.683,2021-05-07 10:23:49.664,0.021,2,2,0.89347595,0.0002678308,0.081015565,0.89347595,0.025240706
511,50,standing,2021-05-07 10:23:51.043,2021-05-07 10:23:53.023,0.021,2,2,0.8549793,0.00036514492,0.12238418,0.8549793,0.022271372
511,50,standing,2021-05-07 10:23:52.043,2021-05-07 10:23:54.023,0.021,2,2,0.90014744,0.00018868501,0.08775796,0.90014744,0.011905868
511,50,standing,2021-05-07 10:23:53.043,2021-05-07 10:23:55.023,0.021,2,3,0.7766951,0.00044659665,0.013140477,0.20971784,0.7766951
511,50,standing,2021-05-07 10:23:54.043,2021-05-07 10:23:56.023,0.021,2,3,0.857853,0.00045201252,0.0107997125,0.13089517,0.857853
511,50,standing,2021-05-07 10:23:55.043,2021-05-07 10:23:57.023,0.021,2,2,0.7878864,0.00070177985,0.13519876,0.7878864,0.07621307
511,50,standing,2021-05-07 10:23:56.043,2021-05-07 10:23:58.023,0.021,2,2,0.77531606,0.00044461913,0.20750847,0.77531606,0.016730862
511,50,standing,2021-05-07 10:23:57.043,2021-05-07 10:23:59.023,0.021,2,2,0.79318523,0.00053678115,0.18315841,0.79318523,0.023119457
511,50,standing,2021-05-07 10:23:58.043,2021-05-07 10:24:00.023,0.021,2,2,0.79262584,0.0006305623,0.1583077,0.79262584,0.048435822
511,50,standing,2021-05-07 10:23:59.043,2021-05-07 10:24:01.023,0.021,2,2,0.70022714,0.0003682144,0.2843663,0.70022714,0.015038378
511,50,standing,2021-05-07 10:24:00.043,2021-05-07 10:24:02.023,0.021,2,2,0.71530485,0.00026856887,0.27631536,0.71530485,0.008111199
511,50,standing,2021-05-07 10:24:01.043,2021-05-07 10:24:03.023,0.021,2,2,0.6776303,0.00015379691,0.32008573,0.6776303,0.0021301892
511,50,standing,2021-05-07 10:24:02.043,2021-05-07 10:24:04.024,0.021,2,2,0.6512998,0.00014786993,0.34687787,0.6512998,0.00167451
511,50,standing,2021-05-07 10:24:03.043,2021-05-07 10:24:05.024,0.021,2,2,0.6323355,0.00015756361,0.36585882,0.6323355,0.0016481399
511,50,standing,2021-05-07 10:24:04.043,2021-05-07 10:24:06.024,0.021,2,2,0.67880493,0.0001769002,0.31861892,0.67880493,0.0023991717
511,56,standing,2021-05-07 10:24:09.803,2021-05-07 10:24:11.784,0.021,2,2,0.8252627,0.00024884273,0.16839628,0.8252627,0.006092201
511,60,standing,2021-05-07 10:24:15.963,2021-05-07 10:24:17.944,0.021,2,2,0.87991554,0.0002891252,0.09749291,0.87991554,0.02230229
511,65,walking,2021-05-07 10:24:21.163,2021-05-07 10:24:23.144,0.021,3,3,0.9935724,0.000104976185,0.0009783247,0.0053442307,0.9935724
511,66,standing,2021-05-07 10:24:23.964,2021-05-07 10:24:25.944,0.021,2,2,0.75825864,0.00046372332,0.2144718,0.75825864,0.026805671
511,66,standing,2021-05-07 10:24:24.964,2021-05-07 10:24:26.944,0.021,2,2,0.7722457,0.00032625085,0.21041164,0.7722457,0.017016461
511,66,standing,2021-05-07 10:24:25.964,2021-05-07 10:24:27.944,0.021,2,2,0.7673988,0.0005991673,0.15826654,0.7673988,0.07373544
511,66,standing,2021-05-07 10:24:26.964,2021-05-07 10:24:28.944,0.021,2,2,0.6853371,0.00082265673,0.1325566,0.6853371,0.18128364
511,66,standing,2021-05-07 10:24:27.964,2021-05-07 10:24:29.944,0.021,2,2,0.78310233,0.00043128335,0.18054488,0.78310233,0.035921477
511,66,standing,2021-05-07 10:24:28.964,2021-05-07 10:24:30.944,0.021,2,2,0.7110592,0.0008167231,0.10713279,0.7110592,0.1809913
511,66,standing,2021-05-07 10:24:29.964,2021-05-07 10:24:31.944,0.021,2,3,0.67298484,0.0008537136,0.0283979,0.2977636,0.67298484
511,70,standing,2021-05-07 10:24:35.203,2021-05-07 10:24:37.183,0.021,2,3,0.9671594,6.4691565e-05,0.00062194467,0.032153886,0.9671594
511,70,standing,2021-05-07 10:24:36.203,2021-05-07 10:24:38.183,0.021,2,3,0.80732924,0.00023916084,0.0047832853,0.18764828,0.80732924
511,71,walking,2021-05-07 10:24:38.883,2021-05-07 10:24:40.863,0.021,3,3,0.99996346,1.429795e-06,1.3089317e-06,3.369983e-05,0.99996346
511,71,walking,2021-05-07 10:24:39.883,2021-05-07 10:24:41.863,0.021,3,3,0.9999675,9.541491e-07,9.187433e-07,3.0537038e-05,0.9999675
511,71,walking,2021-05-07 10:24:40.883,2021-05-07 10:24:42.863,0.021,3,3,0.99994785,4.499966e-07,9.277535e-07,5.0682327e-05,0.99994785
511,71,walking,2021-05-07 10:24:41.883,2021-05-07 10:24:43.863,0.021,3,3,0.99999744,3.1360333e-08,1.6232239e-08,2.4936535e-06,0.99999744
511,71,walking,2021-05-07 10:24:42.883,2021-05-07 10:24:44.863,0.021,3,3,0.9999959,6.415803e-08,3.2538583e-08,3.945525e-06,0.9999959
511,71,walking,2021-05-07 10:24:43.883,2021-05-07 10:24:45.863,0.021,3,3,0.9999952,5.096986e-08,2.83611e-08,4.7370518e-06,0.9999952
511,71,walking,2021-05-07 10:24:44.883,2021-05-07 10:24:46.863,0.021,3,3,0.9999955,5.5948398e-08,2.592445e-08,4.319566e-06,0.9999955
511,71,walking,2021-05-07 10:24:45.883,2021-05-07 10:24:47.863,0.021,3,3,0.99999803,1.3615528e-08,5.685787e-09,1.9328127e-06,0.99999803
511,71,walking,2021-05-07 10:24:46.883,2021-05-07 10:24:48.863,0.021,3,3,0.9999891,3.1542874e-07,1.5411683e-07,1.03496095e-05,0.9999891
511,71,walking,2021-05-07 10:24:47.883,2021-05-07 10:24:49.863,0.021,3,3,0.999779,8.855181e-06,1.311352e-05,0.00019895459,0.999779
511,71,walking,2021-05-07 10:24:48.883,2021-05-07 10:24:50.863,0.021,3,3,0.9999202,1.1810703e-06,2.7596016e-06,7.5812226e-05,0.9999202
511,71,walking,2021-05-07 10:24:49.883,2021-05-07 10:24:51.863,0.021,3,3,0.99997896,2.8168546e-07,3.2320511e-07,2.0371212e-05,0.99997896
511,71,walking,2021-05-07 10:24:50.883,2021-05-07 10:24:52.863,0.021,3,3,0.9999946,5.9027105e-08,2.7904562e-08,5.327546e-06,0.9999946
511,71,walking,2021-05-07 10:24:51.883,2021-05-07 10:24:53.863,0.021,3,3,0.9999694,2.0920493e-07,2.3798307e-07,3.0014617e-05,0.9999694
511,71,walking,2021-05-07 10:24:52.883,2021-05-07 10:24:54.863,0.021,3,3,0.9999139,5.8573556e-07,9.937838e-07,8.443872e-05,0.9999139
511,71,walking,2021-05-07 10:24:53.883,2021-05-07 10:24:55.863,0.021,3,3,0.99903727,7.664659e-06,3.3336273e-05,0.00092179107,0.99903727
511,71,walking,2021-05-07 10:24:54.883,2021-05-07 10:24:56.863,0.021,3,3,0.9987163,8.550031e-06,3.5796027e-05,0.0012393241,0.9987163
511,71,walking,2021-05-07 10:24:55.883,2021-05-07 10:24:57.863,0.021,3,3,0.99306875,4.949163e-05,0.0004066866,0.0064749727,0.99306875
511,75,walking,2021-05-07 10:25:00.204,2021-05-07 10:25:02.184,0.021,3,3,0.84048134,0.00041718865,0.010785389,0.14831597,0.84048134
511,75,walking,2021-05-07 10:25:01.204,2021-05-07 10:25:03.184,0.021,3,3,0.90298057,0.00038761095,0.012204848,0.08442687,0.90298057
511,75,walking,2021-05-07 10:25:02.204,2021-05-07 10:25:04.184,0.021,3,3,0.961291,0.0001863488,0.0036710585,0.034851547,0.961291
511,81,walking,2021-05-07 10:25:18.163,2021-05-07 10:25:20.144,0.021,3,3,0.7072609,0.00044890473,0.023086308,0.26920384,0.7072609
511,81,walking,2021-05-07 10:25:19.163,2021-05-07 10:25:21.144,0.021,3,3,0.9893838,3.390107e-05,0.00031557455,0.010266626,0.9893838
511,81,walking,2021-05-07 10:25:20.163,2021-05-07 10:25:22.144,0.021,3,3,0.9966302,1.2857175e-05,8.122754e-05,0.0032756233,0.9966302
511,81,walking,2021-05-07 10:25:21.163,2021-05-07 10:25:23.144,0.021,3,3,0.9881586,4.0210958e-05,0.00040597108,0.01139523,0.9881586
511,81,walking,2021-05-07 10:25:22.163,2021-05-07 10:25:24.144,0.021,3,3,0.95057195,0.00012519221,0.0018564682,0.04744631,0.95057195
511,81,walking,2021-05-07 10:25:23.163,2021-05-07 10:25:25.144,0.021,3,3,0.9882056,3.385611e-05,0.00028552138,0.011475061,0.9882056
511,81,walking,2021-05-07 10:25:24.163,2021-05-07 10:25:26.144,0.021,3,3,0.9628989,9.703103e-05,0.0014005293,0.03560344,0.9628989
511,81,walking,2021-05-07 10:25:25.163,2021-05-07 10:25:27.144,0.021,3,3,0.951439,0.00015578,0.0021534748,0.046251632,0.951439
511,81,walking,2021-05-07 10:25:26.163,2021-05-07 10:25:28.144,0.021,3,3,0.9848243,6.5774584e-05,0.00072428957,0.014385665,0.9848243
511,81,walking,2021-05-07 10:25:27.163,2021-05-07 10:25:29.144,0.021,3,3,0.9816207,4.814611e-05,0.000569511,0.017761543,0.9816207
511,81,walking,2021-05-07 10:25:28.163,2021-05-07 10:25:30.144,0.021,3,3,0.8822112,0.0002842616,0.0060199224,0.11148465,0.8822112
511,81,walking,2021-05-07 10:25:29.163,2021-05-07 10:25:31.144,0.021,3,2,0.49624997,0.00092868897,0.06070471,0.49624997,0.44211653
511,81,walking,2021-05-07 10:25:30.163,2021-05-07 10:25:32.144,0.021,3,3,0.85589224,0.00041094067,0.010060993,0.13363582,0.85589224
511,81,walking,2021-05-07 10:25:31.163,2021-05-07 10:25:33.144,0.021,3,3,0.9933572,3.6663685e-05,0.00022726961,0.0063789054,0.9933572
511,81,walking,2021-05-07 10:25:32.164,2021-05-07 10:25:34.144,0.021,3,3,0.9921641,4.8895185e-05,0.00033631746,0.0074506924,0.9921641
511,81,walking,2021-05-07 10:25:33.164,2021-05-07 10:25:35.144,0.021,3,3,0.99428874,2.4730361e-05,0.00016214182,0.0055243475,0.99428874
511,83,walking,2021-05-07 10:25:37.484,2021-05-07 10:25:39.464,0.021,3,3,0.99943435,6.781779e-06,2.1625641e-05,0.00053727394,0.99943435
511,83,walking,2021-05-07 10:25:38.484,2021-05-07 10:25:40.464,0.021,3,3,0.99979186,3.1451068e-06,8.460053e-06,0.00019644541,0.99979186
511,83,walking,2021-05-07 10:25:39.484,2021-05-07 10:25:41.464,0.021,3,3,0.9997809,7.382766e-06,2.1172253e-05,0.00019055883,0.9997809
511,83,walking,2021-05-07 10:25:40.484,2021-05-07 10:25:42.464,0.021,3,3,0.9998949,4.747498e-06,1.1853311e-05,8.846167e-05,0.9998949
511,83,walking,2021-05-07 10:25:41.484,2021-05-07 10:25:43.464,0.021,3,3,0.99966115,7.068376e-06,2.3910685e-05,0.0003078333,0.99966115
511,84,lying,2021-05-07 10:25:48.964,2021-05-07 10:25:50.944,0.021,0,0,0.99976015,0.99976015,0.00023985513,1.4283363e-08,2.5475478e-08
511,84,lying,2021-05-07 10:25:49.964,2021-05-07 10:25:51.944,0.021,0,0,0.9998605,0.9998605,0.00013953586,1.1519214e-08,2.6851872e-08
511,84,lying,2021-05-07 10:25:50.964,2021-05-07 10:25:52.944,0.021,0,0,0.9998572,0.9998572,0.00014297086,1.2975192e-08,2.8843386e-08
511,84,lying,2021-05-07 10:25:51.964,2021-05-07 10:25:53.944,0.021,0,0,0.9998517,0.9998517,0.0001482491,1.3624992e-08,2.810128e-08
511,84,lying,2021-05-07 10:25:52.964,2021-05-07 10:25:54.944,0.021,0,0,0.99984765,0.99984765,0.00015243674,1.4155186e-08,2.8323402e-08
511,84,lying,2021-05-07 10:25:53.964,2021-05-07 10:25:55.944,0.021,0,0,0.99984574,0.99984574,0.00015438504,1.4102179e-08,2.9376222e-08
511,84,lying,2021-05-07 10:25:54.964,2021-05-07 10:25:56.944,0.021,0,0,0.9998462,0.9998462,0.00015370492,1.4204661e-08,2.9541258e-08
511,84,lying,2021-05-07 10:25:55.964,2021-05-07 10:25:57.944,0.021,0,0,0.99984694,0.99984694,0.00015319562,1.4237274e-08,2.9873377e-08
511,84,lying,2021-05-07 10:25:56.964,2021-05-07 10:25:58.944,0.021,0,0,0.9998479,0.9998479,0.00015206753,1.4086563e-08,2.9162633e-08
511,84,lying,2021-05-07 10:25:57.964,2021-05-07 10:25:59.944,0.021,0,0,0.99985194,0.99985194,0.00014806192,1.4011751e-08,2.945394e-08
511,84,lying,2021-05-07 10:25:58.964,2021-05-07 10:26:00.944,0.021,0,0,0.9998567,0.9998567,0.00014321739,1.3693554e-08,2.9285298e-08
511,84,lying,2021-05-07 10:25:59.964,2021-05-07 10:26:01.944,0.021,0,0,0.9998574,0.9998574,0.00014251743,1.3615588e-08,2.8578075e-08
511,84,lying,2021-05-07 10:26:00.964,2021-05-07 10:26:02.944,0.021,0,0,0.99986005,0.99986005,0.00014008861,1.3443015e-08,2.8951554e-08
511,84,lying,2021-05-07 10:26:01.964,2021-05-07 10:26:03.944,0.021,0,0,0.9998617,0.9998617,0.00013832728,1.31476945e-08,2.8617253e-08
511,84,lying,2021-05-07 10:26:02.964,2021-05-07 10:26:04.944,0.021,0,0,0.99985933,0.99985933,0.00014081113,1.3378726e-08,2.8670398e-08
511,84,lying,2021-05-07 10:26:03.964,2021-05-07 10:26:05.944,0.021,0,0,0.9998553,0.9998553,0.0001448073,1.3846469e-08,2.8902422e-08
511,84,lying,2021-05-07 10:26:04.963,2021-05-07 10:26:06.944,0.021,0,0,0.9998541,0.9998541,0.00014585436,1.4023973e-08,2.9428621e-08
511,84,lying,2021-05-07 10:26:05.963,2021-05-07 10:26:07.944,0.021,0,0,0.9998524,0.9998524,0.00014751572,1.39199114e-08,2.878922e-08
511,84,lying,2021-05-07 10:26:06.963,2021-05-07 10:26:08.944,0.021,0,0,0.999856,0.999856,0.00014414836,1.3538812e-08,2.8379175e-08
511,84,lying,2021-05-07 10:26:07.963,2021-05-07 10:26:09.944,0.021,0,0,0.99986076,0.99986076,0.00013915887,1.31445725e-08,2.7971803e-08
511,84,lying,2021-05-07 10:26:08.963,2021-05-07 10:26:10.944,0.021,0,0,0.9998553,0.9998553,0.00014485784,1.3025255e-08,2.6807212e-08
511,84,lying,2021-05-07 10:26:09.963,2021-05-07 10:26:11.944,0.021,0,0,0.99984145,0.99984145,0.00015854019,1.41229535e-08,2.7085868e-08
511,84,lying,2021-05-07 10:26:10.963,2021-05-07 10:26:12.944,0.021,0,0,0.9998486,0.9998486,0.00015154241,1.38564955e-08,2.7899105e-08
511,84,lying,2021-05-07 10:26:11.963,2021-05-07 10:26:13.944,0.021,0,0,0.9998565,0.9998565,0.00014356278,1.3101714e-08,2.8025832e-08
511,84,lying,2021-05-07 10:26:12.963,2021-05-07 10:26:14.944,0.021,0,0,0.99985814,0.99985814,0.00014201553,1.34093145e-08,2.8449149e-08
511,84,lying,2021-05-07 10:26:13.963,2021-05-07 10:26:15.944,0.021,0,0,0.9998617,0.9998617,0.00013842624,1.3319534e-08,2.866199e-08
511,84,lying,2021-05-07 10:26:14.963,2021-05-07 10:26:16.944,0.021,0,0,0.9998605,0.9998605,0.0001396088,1.325196e-08,2.8915364e-08
511,84,lying,2021-05-07 10:26:15.963,2021-05-07 10:26:17.944,0.021,0,0,0.99986076,0.99986076,0.00013936366,1.3252671e-08,2.8547445e-08
511,84,lying,2021-05-07 10:26:16.964,2021-05-07 10:26:18.944,0.021,0,0,0.9998629,0.9998629,0.00013721276,1.314791e-08,2.838798e-08
511,84,lying,2021-05-07 10:26:17.964,2021-05-07 10:26:19.944,0.021,0,0,0.9998634,0.9998634,0.0001365989,1.3354228e-08,2.8688017e-08
511,84,lying,2021-05-07 10:26:18.964,2021-05-07 10:26:20.944,0.021,0,0,0.9998648,0.9998648,0.00013513894,1.3304696e-08,2.8604463e-08
511,84,lying,2021-05-07 10:26:19.964,2021-05-07 10:26:21.944,0.021,0,0,0.99986434,0.99986434,0.0001357681,1.3334235e-08,2.8623443e-08
511,84,lying,2021-05-07 10:26:20.964,2021-05-07 10:26:22.944,0.021,0,0,0.99986124,0.99986124,0.00013869218,1.3487e-08,2.905559e-08
511,84,lying,2021-05-07 10:26:21.964,2021-05-07 10:26:23.944,0.021,0,0,0.9998634,0.9998634,0.00013657105,1.3164002e-08,2.8855945e-08
511,84,lying,2021-05-07 10:26:22.964,2021-05-07 10:26:24.944,0.021,0,0,0.9998658,0.9998658,0.00013424762,1.33682505e-08,2.9075903e-08
511,84,lying,2021-05-07 10:26:23.964,2021-05-07 10:26:25.944,0.021,0,0,0.9998653,0.9998653,0.00013479752,1.3394073e-08,2.9250437e-08
511,84,lying,2021-05-07 10:26:24.964,2021-05-07 10:26:26.944,0.021,0,0,0.9998641,0.9998641,0.00013593935,1.330626e-08,2.928434e-08
511,84,lying,2021-05-07 10:26:25.964,2021-05-07 10:26:27.944,0.021,0,0,0.99986124,0.99986124,0.00013872512,1.3306577e-08,2.9261924e-08
511,84,lying,2021-05-07 10:26:26.964,2021-05-07 10:26:28.944,0.021,0,0,0.9998627,0.9998627,0.00013731483,1.3257778e-08,2.9313917e-08
511,84,lying,2021-05-07 10:26:27.964,2021-05-07 10:26:29.944,0.021,0,0,0.9998634,0.9998634,0.0001367145,1.31440805e-08,2.8976952e-08
511,84,lying,2021-05-07 10:26:28.964,2021-05-07 10:26:30.944,0.021,0,0,0.99986196,0.99986196,0.0001381956,1.2979461e-08,2.8267356e-08
511,84,lying,2021-05-07 10:26:29.964,2021-05-07 10:26:31.944,0.021,0,0,0.9998653,0.9998653,0.00013474571,1.2864234e-08,2.7968088e-08
511,84,lying,2021-05-07 10:26:30.964,2021-05-07 10:26:32.944,0.021,0,0,0.9998658,0.9998658,0.0001342964,1.2997075e-08,2.8205527e-08
511,84,lying,2021-05-07 10:26:31.964,2021-05-07 10:26:33.944,0.021,0,0,0.9998605,0.9998605,0.00013953984,1.3280148e-08,2.8878988e-08
511,84,lying,2021-05-07 10:26:32.964,2021-05-07 10:26:34.944,0.021,0,0,0.99985886,0.99985886,0.00014116832,1.33706575e-08,2.8558283e-08
511,84,lying,2021-05-07 10:26:33.964,2021-05-07 10:26:35.944,0.021,0,0,0.9998615,0.9998615,0.00013855063,1.3302469e-08,2.897745e-08
511,84,lying,2021-05-07 10:26:34.964,2021-05-07 10:26:36.944,0.021,0,0,0.9998424,0.9998424,0.00015764192,1.4774623e-08,3.022059e-08
511,84,lying,2021-05-07 10:26:35.964,2021-05-07 10:26:37.944,0.021,0,0,0.9998338,0.9998338,0.0001660934,1.5301575e-08,2.9288035e-08
511,84,lying,2021-05-07 10:26:36.964,2021-05-07 10:26:38.944,0.021,0,0,0.99984145,0.99984145,0.00015869798,1.4627568e-08,2.842741e-08
511,84,lying,2021-05-07 10:26:37.964,2021-05-07 10:26:39.944,0.021,0,0,0.9998443,0.9998443,0.00015580207,1.4142834e-08,2.8797006e-08
511,84,lying,2021-05-07 10:26:38.964,2021-05-07 10:26:40.944,0.021,0,0,0.99984145,0.99984145,0.0001585349,1.4150834e-08,2.8671527e-08
511,84,lying,2021-05-07 10:26:39.964,2021-05-07 10:26:41.944,0.021,0,0,0.9998286,0.9998286,0.00017156977,1.5288366e-08,2.804719e-08
511,84,lying,2021-05-07 10:26:40.964,2021-05-07 10:26:42.944,0.021,0,0,0.99982977,0.99982977,0.00017027589,1.526397e-08,2.7362363e-08
511,84,lying,2021-05-07 10:26:41.964,2021-05-07 10:26:43.944,0.021,0,0,0.9998424,0.9998424,0.00015755279,1.4259576e-08,2.7999794e-08
511,84,lying,2021-05-07 10:26:42.964,2021-05-07 10:26:44.944,0.021,0,0,0.99983,0.99983,0.00017009546,1.5351652e-08,2.7785262e-08
511,84,lying,2021-05-07 10:26:43.964,2021-05-07 10:26:45.944,0.021,0,0,0.9998431,0.9998431,0.00015681045,1.493876e-08,2.8749774e-08
511,84,lying,2021-05-07 10:26:44.964,2021-05-07 10:26:46.944,0.021,0,0,0.999861,0.999861,0.00013894953,1.3912439e-08,3.031786e-08
511,84,lying,2021-05-07 10:26:45.964,2021-05-07 10:26:47.944,0.021,0,0,0.99986243,0.99986243,0.00013762302,1.3808405e-08,3.0629852e-08
511,84,lying,2021-05-07 10:26:46.964,2021-05-07 10:26:48.944,0.021,0,0,0.9998641,0.9998641,0.00013599213,1.3645472e-08,2.9803203e-08
511,84,lying,2021-05-07 10:26:47.964,2021-05-07 10:26:49.944,0.021,0,0,0.9998636,0.9998636,0.00013638847,1.3708387e-08,2.9663788e-08
511,84,lying,2021-05-07 10:26:48.964,2021-05-07 10:26:50.944,0.021,0,0,0.99986315,0.99986315,0.0001369653,1.36894105e-08,3.0100065e-08
511,84,lying,2021-05-07 10:26:49.964,2021-05-07 10:26:51.944,0.021,0,0,0.99986124,0.99986124,0.00013876602,1.34369555e-08,2.9838038e-08
511,84,lying,2021-05-07 10:26:50.964,2021-05-07 10:26:52.944,0.021,0,0,0.999861,0.999861,0.00013895085,1.3346251e-08,2.9221647e-08
511,84,lying,2021-05-07 10:26:51.964,2021-05-07 10:26:53.944,0.021,0,0,0.99986315,0.99986315,0.00013681425,1.3439032e-08,2.9483385e-08
511,84,lying,2021-05-07 10:26:52.964,2021-05-07 10:26:54.944,0.021,0,0,0.99986506,0.99986506,0.00013498648,1.3656421e-08,2.9707316e-08
511,84,lying,2021-05-07 10:26:53.964,2021-05-07 10:26:55.944,0.021,0,0,0.99986243,0.99986243,0.00013760346,1.3698412e-08,2.9481509e-08
511,84,lying,2021-05-07 10:26:54.964,2021-05-07 10:26:56.944,0.021,0,0,0.99986243,0.99986243,0.00013761343,1.3076078e-08,2.8211407e-08
511,84,lying,2021-05-07 10:26:55.964,2021-05-07 10:26:57.944,0.021,0,0,0.99986196,0.99986196,0.00013804832,1.300325e-08,2.8008726e-08
511,84,lying,2021-05-07 10:26:56.964,2021-05-07 10:26:58.944,0.021,0,0,0.99985766,0.99985766,0.00014231484,1.3086446e-08,2.8708655e-08
511,84,lying,2021-05-07 10:26:57.964,2021-05-07 10:26:59.944,0.021,0,0,0.9998343,0.9998343,0.00016578047,1.4589876e-08,2.7726193e-08
511,84,lying,2021-05-07 10:26:58.964,2021-05-07 10:27:00.944,0.021,0,0,0.9998319,0.9998319,0.0001682153,1.4674319e-08,2.6107763e-08
511,84,lying,2021-05-07 10:26:59.964,2021-05-07 10:27:01.944,0.021,0,0,0.9998441,0.9998441,0.0001560468,1.39787275e-08,2.7511431e-08
511,84,lying,2021-05-07 10:27:00.964,2021-05-07 10:27:02.944,0.021,0,0,0.9998369,0.9998369,0.00016308422,1.521333e-08,2.9043857e-08
511,84,lying,2021-05-07 10:27:01.964,2021-05-07 10:27:03.944,0.021,0,0,0.9998417,0.9998417,0.00015829231,1.4733526e-08,2.9494226e-08
511,84,lying,2021-05-07 10:27:02.964,2021-05-07 10:27:04.944,0.021,0,0,0.9998436,0.9998436,0.00015654396,1.4666068e-08,2.9755846e-08
511,84,lying,2021-05-07 10:27:03.964,2021-05-07 10:27:05.944,0.021,0,0,0.9998543,0.9998543,0.00014560216,1.367126e-08,2.9190591e-08
511,84,lying,2021-05-07 10:27:04.963,2021-05-07 10:27:06.944,0.021,0,0,0.9998579,0.9998579,0.00014213189,1.353037e-08,2.821004e-08
511,84,lying,2021-05-07 10:27:05.963,2021-05-07 10:27:07.944,0.021,0,0,0.9998615,0.9998615,0.00013856411,1.3072974e-08,2.8014858e-08
511,84,lying,2021-05-07 10:27:06.963,2021-05-07 10:27:08.944,0.021,0,0,0.99986315,0.99986315,0.00013690078,1.3539682e-08,2.944371e-08
511,84,lying,2021-05-07 10:27:07.963,2021-05-07 10:27:09.944,0.021,0,0,0.99985814,0.99985814,0.00014192726,1.41503955e-08,3.0153473e-08
511,84,lying,2021-05-07 10:27:08.963,2021-05-07 10:27:10.944,0.021,0,0,0.999877,0.999877,0.0001229988,1.2249904e-08,3.0562838e-08
511,84,lying,2021-05-07 10:27:09.963,2021-05-07 10:27:11.944,0.021,0,0,0.9998819,0.9998819,0.00011797992,1.202433e-08,3.1491748e-08
511,84,lying,2021-05-07 10:27:10.963,2021-05-07 10:27:12.944,0.021,0,0,0.9998679,0.9998679,0.0001321894,1.3609707e-08,3.0455546e-08
511,84,lying,2021-05-07 10:27:11.963,2021-05-07 10:27:13.944,0.021,0,0,0.9998646,0.9998646,0.00013539485,1.3930359e-08,3.008398e-08
511,84,lying,2021-05-07 10:27:12.963,2021-05-07 10:27:14.944,0.021,0,0,0.99986506,0.99986506,0.00013491337,1.3844016e-08,2.990516e-08
511,84,lying,2021-05-07 10:27:13.963,2021-05-07 10:27:15.944,0.021,0,0,0.9998648,0.9998648,0.00013529265,1.3965772e-08,3.0059326e-08
511,84,lying,2021-05-07 10:27:14.963,2021-05-07 10:27:16.944,0.021,0,0,0.9998629,0.9998629,0.00013702628,1.3993103e-08,3.0314677e-08
511,84,lying,2021-05-07 10:27:15.963,2021-05-07 10:27:17.944,0.021,0,0,0.99987245,0.99987245,0.00012760371,1.2494744e-08,2.9234528e-08
511,84,lying,2021-05-07 10:27:16.964,2021-05-07 10:27:18.944,0.021,0,0,0.99987245,0.99987245,0.00012756989,1.2709894e-08,2.923291e-08
511,84,lying,2021-05-07 10:27:17.964,2021-05-07 10:27:19.944,0.021,0,0,0.99986386,0.99986386,0.00013626445,1.4213583e-08,3.0462395e-08
511,84,lying,2021-05-07 10:27:18.964,2021-05-07 10:27:20.944,0.021,0,0,0.99986315,0.99986315,0.0001368085,1.4469742e-08,3.1151355e-08
511,84,lying,2021-05-07 10:27:19.964,2021-05-07 10:27:21.944,0.021,0,0,0.99986386,0.99986386,0.00013629683,1.4224377e-08,3.070301e-08
511,84,lying,2021-05-07 10:27:20.964,2021-05-07 10:27:22.944,0.021,0,0,0.9998634,0.9998634,0.00013663579,1.4269261e-08,3.0661973e-08
511,84,lying,2021-05-07 10:27:21.964,2021-05-07 10:27:23.944,0.021,0,0,0.9998629,0.9998629,0.00013714276,1.4381938e-08,3.0671373e-08
511,84,lying,2021-05-07 10:27:22.964,2021-05-07 10:27:24.944,0.021,0,0,0.9998641,0.9998641,0.00013588194,1.4016251e-08,3.0024122e-08
511,84,lying,2021-05-07 10:27:23.964,2021-05-07 10:27:25.944,0.021,0,0,0.9998653,0.9998653,0.00013464964,1.3718506e-08,2.9801647e-08
511,84,lying,2021-05-07 10:27:24.964,2021-05-07 10:27:26.944,0.021,0,0,0.99986386,0.99986386,0.00013613366,1.4196921e-08,3.0743738e-08
511,84,lying,2021-05-07 10:27:25.964,2021-05-07 10:27:27.944,0.021,0,0,0.99986315,0.99986315,0.00013687651,1.4390804e-08,3.1005474e-08
511,84,lying,2021-05-07 10:27:26.964,2021-05-07 10:27:28.944,0.021,0,0,0.99986386,0.99986386,0.00013626239,1.4212933e-08,3.058757e-08
511,84,lying,2021-05-07 10:27:27.964,2021-05-07 10:27:29.944,0.021,0,0,0.9998636,0.9998636,0.00013633697,1.4349232e-08,3.0944577e-08
511,84,lying,2021-05-07 10:27:28.964,2021-05-07 10:27:30.944,0.021,0,0,0.9998636,0.9998636,0.00013647147,1.429659e-08,3.0864175e-08
511,84,lying,2021-05-07 10:27:29.964,2021-05-07 10:27:31.944,0.021,0,0,0.99986386,0.99986386,0.00013610706,1.4010902e-08,3.017361e-08
511,84,lying,2021-05-07 10:27:30.964,2021-05-07 10:27:32.944,0.021,0,0,0.9998636,0.9998636,0.00013635296,1.4077626e-08,3.0180505e-08
511,84,lying,2021-05-07 10:27:31.964,2021-05-07 10:27:33.944,0.021,0,0,0.99986315,0.99986315,0.00013700683,1.438946e-08,3.0741724e-08
511,84,lying,2021-05-07 10:27:32.964,2021-05-07 10:27:34.944,0.021,0,0,0.9998627,0.9998627,0.00013737167,1.4390139e-08,3.1160194e-08
511,84,lying,2021-05-07 10:27:33.964,2021-05-07 10:27:35.944,0.021,0,0,0.9998629,0.9998629,0.00013713649,1.4294534e-08,3.088606e-08
511,84,lying,2021-05-07 10:27:34.964,2021-05-07 10:27:36.944,0.021,0,0,0.99986315,0.99986315,0.00013688422,1.4304956e-08,3.0886305e-08
511,84,lying,2021-05-07 10:27:35.964,2021-05-07 10:27:37.944,0.021,0,0,0.9998636,0.9998636,0.00013642566,1.4264802e-08,3.104881e-08
511,84,lying,2021-05-07 10:27:36.964,2021-05-07 10:27:38.944,0.021,0,0,0.99986386,0.99986386,0.00013609303,1.4299674e-08,3.0850295e-08
511,84,lying,2021-05-07 10:27:37.964,2021-05-07 10:27:39.944,0.021,0,0,0.9998636,0.9998636,0.00013651403,1.4389631e-08,3.0954496e-08
511,84,lying,2021-05-07 10:27:38.964,2021-05-07 10:27:40.944,0.021,0,0,0.9998634,0.9998634,0.00013664569,1.4100922e-08,3.069451e-08
511,84,lying,2021-05-07 10:27:39.964,2021-05-07 10:27:41.944,0.021,0,0,0.9998634,0.9998634,0.00013659877,1.4192014e-08,3.073874e-08
511,84,lying,2021-05-07 10:27:40.964,2021-05-07 10:27:42.944,0.021,0,0,0.9998636,0.9998636,0.00013635855,1.4290891e-08,3.076391e-08
511,84,lying,2021-05-07 10:27:41.964,2021-05-07 10:27:43.944,0.021,0,0,0.9998617,0.9998617,0.00013825501,1.40776795e-08,3.0416928e-08
511,84,lying,2021-05-07 10:27:42.964,2021-05-07 10:27:44.944,0.021,0,0,0.9998405,0.9998405,0.00015965189,1.47607375e-08,2.9766083e-08
511,84,lying,2021-05-07 10:27:43.964,2021-05-07 10:27:45.944,0.021,0,0,0.99983835,0.99983835,0.00016159726,1.457233e-08,2.835741e-08
511,84,lying,2021-05-07 10:27:44.964,2021-05-07 10:27:46.944,0.021,0,0,0.9998555,0.9998555,0.0001445041,1.3448263e-08,2.742059e-08
511,84,lying,2021-05-07 10:27:45.964,2021-05-07 10:27:47.944,0.021,0,0,0.99985933,0.99985933,0.00014068872,1.27972255e-08,2.669013e-08
511,84,lying,2021-05-07 10:27:46.964,2021-05-07 10:27:48.944,0.021,0,0,0.99985313,0.99985313,0.00014689362,1.3489231e-08,2.8548316e-08
511,84,lying,2021-05-07 10:27:47.964,2021-05-07 10:27:49.944,0.021,0,0,0.9998336,0.9998336,0.00016650048,1.5333416e-08,2.903418e-08
511,84,lying,2021-05-07 10:27:48.964,2021-05-07 10:27:50.944,0.021,0,0,0.9998324,0.9998324,0.00016756612,1.5789565e-08,2.9242555e-08
511,84,lying,2021-05-07 10:27:49.964,2021-05-07 10:27:51.944,0.021,0,0,0.9998553,0.9998553,0.00014473038,1.4382103e-08,2.9291568e-08
511,84,lying,2021-05-07 10:27:50.964,2021-05-07 10:27:52.944,0.021,0,0,0.9998679,0.9998679,0.00013211189,1.3359257e-08,2.9464694e-08
511,84,lying,2021-05-07 10:27:51.964,2021-05-07 10:27:53.944,0.021,0,0,0.99986315,0.99986315,0.00013691711,1.2989384e-08,2.8830414e-08
511,84,lying,2021-05-07 10:27:52.964,2021-05-07 10:27:54.944,0.021,0,0,0.9998512,0.9998512,0.00014870187,1.3472929e-08,2.7673988e-08
511,84,lying,2021-05-07 10:27:53.964,2021-05-07 10:27:55.944,0.021,0,0,0.99985623,0.99985623,0.000143874,1.3259285e-08,2.8839233e-08
511,84,lying,2021-05-07 10:27:54.964,2021-05-07 10:27:56.944,0.021,0,0,0.99989575,0.99989575,0.00010413157,1.0172663e-08,3.0615162e-08
511,84,lying,2021-05-07 10:27:55.964,2021-05-07 10:27:57.944,0.021,0,0,0.9998892,0.9998892,0.00011069494,1.05823865e-08,3.1205335e-08
511,84,lying,2021-05-07 10:27:56.964,2021-05-07 10:27:58.944,0.021,0,0,0.99987674,0.99987674,0.00012331201,1.1805988e-08,2.9534835e-08
511,84,lying,2021-05-07 10:27:57.964,2021-05-07 10:27:59.944,0.021,0,0,0.99985933,0.99985933,0.00014074802,1.4047123e-08,3.048911e-08
511,84,lying,2021-05-07 10:27:58.964,2021-05-07 10:28:00.944,0.021,0,0,0.99985623,0.99985623,0.000143754,1.4045659e-08,3.0338654e-08
511,84,lying,2021-05-07 10:27:59.964,2021-05-07 10:28:01.944,0.021,0,0,0.9998543,0.9998543,0.00014560674,1.3838086e-08,3.045397e-08
511,84,lying,2021-05-07 10:28:00.964,2021-05-07 10:28:02.944,0.021,0,0,0.9998534,0.9998534,0.00014675505,1.4251439e-08,3.1131687e-08
511,84,lying,2021-05-07 10:28:01.964,2021-05-07 10:28:03.944,0.021,0,0,0.999845,0.999845,0.00015494027,1.4706399e-08,3.0354524e-08
511,84,lying,2021-05-07 10:28:02.964,2021-05-07 10:28:04.944,0.021,0,0,0.99985385,0.99985385,0.00014618409,1.4212683e-08,3.007792e-08
511,84,lying,2021-05-07 10:28:03.964,2021-05-07 10:28:05.944,0.021,0,0,0.9998648,0.9998648,0.00013512323,1.3579405e-08,2.9775723e-08
511,84,lying,2021-05-07 10:28:04.963,2021-05-07 10:28:06.944,0.021,0,0,0.99987364,0.99987364,0.00012646543,1.2375977e-08,2.836501e-08
511,84,lying,2021-05-07 10:28:05.963,2021-05-07 10:28:07.944,0.021,0,0,0.99987245,0.99987245,0.00012764618,1.2465085e-08,2.8821498e-08
511,84,lying,2021-05-07 10:28:06.963,2021-05-07 10:28:08.944,0.021,0,0,0.9998741,0.9998741,0.0001259549,1.2320588e-08,2.9124655e-08
511,84,lying,2021-05-07 10:28:07.963,2021-05-07 10:28:09.944,0.021,0,0,0.9998862,0.9998862,0.000113669266,1.1084292e-08,2.9228518e-08
511,84,lying,2021-05-07 10:28:08.963,2021-05-07 10:28:10.944,0.021,0,0,0.9998885,0.9998885,0.000111448426,1.11271055e-08,2.9853144e-08
511,84,lying,2021-05-07 10:28:09.963,2021-05-07 10:28:11.944,0.021,0,0,0.9998765,0.9998765,0.00012360197,1.2674045e-08,3.0816047e-08
511,84,lying,2021-05-07 10:28:10.963,2021-05-07 10:28:12.944,0.021,0,0,0.99986863,0.99986863,0.00013145406,1.3795696e-08,3.090934e-08
511,84,lying,2021-05-07 10:28:11.963,2021-05-07 10:28:13.944,0.021,0,0,0.99987125,0.99987125,0.0001289004,1.3590453e-08,3.1352908e-08
511,84,lying,2021-05-07 10:28:12.963,2021-05-07 10:28:14.944,0.021,0,0,0.9998729,0.9998729,0.00012712242,1.332451e-08,3.1731616e-08
511,84,lying,2021-05-07 10:28:13.963,2021-05-07 10:28:15.944,0.021,0,0,0.9998703,0.9998703,0.00012967607,1.3632862e-08,3.1843577e-08
511,84,lying,2021-05-07 10:28:14.963,2021-05-07 10:28:16.944,0.021,0,0,0.9998722,0.9998722,0.00012792388,1.3590725e-08,3.214007e-08
511,84,lying,2021-05-07 10:28:15.963,2021-05-07 10:28:17.944,0.021,0,0,0.9998729,0.9998729,0.00012706956,1.3492328e-08,3.194848e-08
511,84,lying,2021-05-07 10:28:16.964,2021-05-07 10:28:18.944,0.021,0,0,0.9998708,0.9998708,0.00012915111,1.3653895e-08,3.164397e-08
511,84,lying,2021-05-07 10:28:17.964,2021-05-07 10:28:19.944,0.021,0,0,0.9998696,0.9998696,0.0001304817,1.3802868e-08,3.187339e-08
511,84,lying,2021-05-07 10:28:18.964,2021-05-07 10:28:20.944,0.021,0,0,0.99986696,0.99986696,0.00013300743,1.4167777e-08,3.2028705e-08
511,84,lying,2021-05-07 10:28:19.964,2021-05-07 10:28:21.944,0.021,0,0,0.99986815,0.99986815,0.00013185602,1.3933571e-08,3.170188e-08
511,84,lying,2021-05-07 10:28:20.964,2021-05-07 10:28:22.944,0.021,0,0,0.99986434,0.99986434,0.00013573146,1.44305945e-08,3.1478706e-08
511,84,lying,2021-05-07 10:28:21.964,2021-05-07 10:28:23.944,0.021,0,0,0.9998672,0.9998672,0.00013273263,1.4041742e-08,3.1532394e-08
511,84,lying,2021-05-07 10:28:22.964,2021-05-07 10:28:24.944,0.021,0,0,0.99987173,0.99987173,0.00012842636,1.3522921e-08,3.110199e-08
511,84,lying,2021-05-07 10:28:23.964,2021-05-07 10:28:25.944,0.021,0,0,0.9998777,0.9998777,0.00012239732,1.2548307e-08,3.0673057e-08
511,84,lying,2021-05-07 10:28:24.964,2021-05-07 10:28:26.944,0.021,0,0,0.9998734,0.9998734,0.00012656591,1.2580294e-08,3.094925e-08
511,84,lying,2021-05-07 10:28:25.964,2021-05-07 10:28:27.944,0.021,0,0,0.9998691,0.9998691,0.00013091254,1.31240405e-08,3.0355714e-08
511,84,lying,2021-05-07 10:28:26.964,2021-05-07 10:28:28.944,0.021,0,0,0.9998653,0.9998653,0.00013485667,1.3854929e-08,3.0189998e-08
511,84,lying,2021-05-07 10:28:27.964,2021-05-07 10:28:29.944,0.021,0,0,0.9998665,0.9998665,0.00013351649,1.38156e-08,3.0390396e-08
511,84,lying,2021-05-07 10:28:28.964,2021-05-07 10:28:30.944,0.021,0,0,0.9998646,0.9998646,0.00013549638,1.40265275e-08,3.0849726e-08
511,84,lying,2021-05-07 10:28:29.964,2021-05-07 10:28:31.944,0.021,0,0,0.99986625,0.99986625,0.00013381078,1.3845063e-08,3.079411e-08
511,84,lying,2021-05-07 10:28:30.964,2021-05-07 10:28:32.944,0.021,0,0,0.99986815,0.99986815,0.00013197755,1.3518126e-08,3.081814e-08
511,84,lying,2021-05-07 10:28:31.964,2021-05-07 10:28:33.944,0.021,0,0,0.99987483,0.99987483,0.0001251184,1.29041435e-08,3.0958386e-08
511,84,lying,2021-05-07 10:28:32.964,2021-05-07 10:28:34.944,0.021,0,0,0.9998842,0.9998842,0.00011568699,1.1823202e-08,3.0471092e-08
511,84,lying,2021-05-07 10:28:33.964,2021-05-07 10:28:35.944,0.021,0,0,0.9998734,0.9998734,0.00012667458,1.2761331e-08,2.9268532e-08
511,84,lying,2021-05-07 10:28:34.964,2021-05-07 10:28:36.944,0.021,0,0,0.99988157,0.99988157,0.000118317235,1.1524576e-08,2.8055952e-08
511,84,lying,2021-05-07 10:28:35.964,2021-05-07 10:28:37.944,0.021,0,0,0.99989396,0.99989396,0.00010602228,1.0293617e-08,2.8759956e-08
511,84,lying,2021-05-07 10:28:36.964,2021-05-07 10:28:38.944,0.021,0,0,0.9998874,0.9998874,0.00011257431,1.146748e-08,3.0527556e-08
511,84,lying,2021-05-07 10:28:37.964,2021-05-07 10:28:39.944,0.021,0,0,0.9998741,0.9998741,0.00012597605,1.3079324e-08,3.0637924e-08
511,84,lying,2021-05-07 10:28:38.964,2021-05-07 10:28:40.944,0.021,0,0,0.9998648,0.9998648,0.00013522571,1.3664495e-08,3.1111565e-08
511,84,lying,2021-05-07 10:28:39.964,2021-05-07 10:28:41.944,0.021,0,0,0.99986506,0.99986506,0.00013506682,1.3802648e-08,3.0481843e-08
511,84,lying,2021-05-07 10:28:40.964,2021-05-07 10:28:42.944,0.021,0,0,0.99987435,0.99987435,0.00012579672,1.29447635e-08,3.004677e-08
511,84,lying,2021-05-07 10:28:41.964,2021-05-07 10:28:43.944,0.021,0,0,0.99987555,0.99987555,0.00012438241,1.2581329e-08,2.9433968e-08
511,84,lying,2021-05-07 10:28:42.964,2021-05-07 10:28:44.944,0.021,0,0,0.99988157,0.99988157,0.00011832694,1.1898504e-08,2.968866e-08
511,84,lying,2021-05-07 10:28:43.964,2021-05-07 10:28:45.944,0.021,0,0,0.9998779,0.9998779,0.00012210263,1.2440974e-08,3.04952e-08
511,84,lying,2021-05-07 10:28:44.964,2021-05-07 10:28:46.944,0.021,0,0,0.99987847,0.99987847,0.00012150283,1.177731e-08,3.0268698e-08
511,84,lying,2021-05-07 10:28:45.964,2021-05-07 10:28:47.944,0.021,0,0,0.9998753,0.9998753,0.00012481764,1.2248084e-08,2.9052009e-08
511,84,lying,2021-05-07 10:28:46.964,2021-05-07 10:28:48.944,0.021,0,0,0.99987507,0.99987507,0.00012494647,1.2483985e-08,2.8304953e-08
511,84,lying,2021-05-07 10:28:47.964,2021-05-07 10:28:49.944,0.021,0,0,0.9998942,0.9998942,0.000105739164,1.0496643e-08,2.7258588e-08
511,84,lying,2021-05-07 10:28:48.964,2021-05-07 10:28:50.944,0.021,0,0,0.9999071,0.9999071,9.286682e-05,9.341977e-09,2.8379434e-08
511,84,lying,2021-05-07 10:28:49.964,2021-05-07 10:28:51.944,0.021,0,0,0.999903,0.999903,9.691687e-05,9.785152e-09,3.021591e-08
511,84,lying,2021-05-07 10:28:50.964,2021-05-07 10:28:52.944,0.021,0,0,0.9999042,0.9999042,9.57402e-05,9.6786925e-09,2.9991728e-08
511,84,lying,2021-05-07 10:28:51.964,2021-05-07 10:28:53.944,0.021,0,0,0.99990517,0.99990517,9.481114e-05,9.556332e-09,3.038288e-08
511,84,lying,2021-05-07 10:28:52.964,2021-05-07 10:28:54.944,0.021,0,0,0.99990636,0.99990636,9.356032e-05,9.557053e-09,3.0983994e-08
511,84,lying,2021-05-07 10:28:53.964,2021-05-07 10:28:55.944,0.021,0,0,0.9999102,0.9999102,8.97197e-05,9.307609e-09,3.101906e-08
511,84,lying,2021-05-07 10:28:54.964,2021-05-07 10:28:56.944,0.021,0,0,0.99990135,0.99990135,9.862391e-05,1.0012447e-08,2.9881498e-08
511,84,lying,2021-05-07 10:28:55.964,2021-05-07 10:28:57.944,0.021,0,0,0.99989873,0.99989873,0.00010123627,1.0255138e-08,2.9523038e-08
511,84,lying,2021-05-07 10:28:56.964,2021-05-07 10:28:58.944,0.021,0,0,0.9999104,0.9999104,8.948038e-05,9.474781e-09,3.0520805e-08
511,84,lying,2021-05-07 10:28:57.964,2021-05-07 10:28:59.944,0.021,0,0,0.99990815,0.99990815,9.180705e-05,9.67731e-09,3.1000898e-08
511,84,lying,2021-05-07 10:28:58.964,2021-05-07 10:29:00.944,0.021,0,0,0.9999073,0.9999073,9.261186e-05,9.600106e-09,2.997415e-08
511,84,lying,2021-05-07 10:28:59.964,2021-05-07 10:29:01.944,0.021,0,0,0.99990577,0.99990577,9.417247e-05,9.794422e-09,3.162619e-08
511,84,lying,2021-05-07 10:29:00.964,2021-05-07 10:29:02.944,0.021,0,0,0.9998999,0.9998999,0.00010004407,1.0251631e-08,3.144334e-08
511,84,lying,2021-05-07 10:29:01.964,2021-05-07 10:29:03.944,0.021,0,0,0.9998991,0.9998991,0.00010089039,1.0309506e-08,3.0881644e-08
511,84,lying,2021-05-07 10:29:02.964,2021-05-07 10:29:04.944,0.021,0,0,0.99990195,0.99990195,9.792116e-05,9.869584e-09,3.0475295e-08
511,84,lying,2021-05-07 10:29:03.964,2021-05-07 10:29:05.944,0.021,0,0,0.9999003,0.9999003,9.966053e-05,1.0087039e-08,3.0366508e-08
511,84,lying,2021-05-07 10:29:04.963,2021-05-07 10:29:06.944,0.021,0,0,0.99990517,0.99990517,9.4763775e-05,9.758521e-09,3.032394e-08
511,84,lying,2021-05-07 10:29:05.963,2021-05-07 10:29:07.944,0.021,0,0,0.99990183,0.99990183,9.811896e-05,1.0144126e-08,3.092776e-08
511,84,lying,2021-05-07 10:29:06.963,2021-05-07 10:29:08.944,0.021,0,0,0.9998935,0.9998935,0.00010646672,1.0971922e-08,3.1123616e-08
511,84,lying,2021-05-07 10:29:07.963,2021-05-07 10:29:09.944,0.021,0,0,0.99990135,0.99990135,9.860237e-05,1.0190294e-08,3.0459468e-08
511,84,lying,2021-05-07 10:29:08.963,2021-05-07 10:29:10.944,0.021,0,0,0.99989825,0.99989825,0.000101624304,1.0377522e-08,3.0960408e-08
511,84,lying,2021-05-07 10:29:09.963,2021-05-07 10:29:11.944,0.021,0,0,0.9998962,0.9998962,0.000103668484,1.0618895e-08,3.0930952e-08
511,84,lying,2021-05-07 10:29:10.963,2021-05-07 10:29:12.944,0.021,0,0,0.9999072,0.9999072,9.2754424e-05,9.629704e-09,3.0343326e-08
511,84,lying,2021-05-07 10:29:11.963,2021-05-07 10:29:13.944,0.021,0,0,0.9999041,0.9999041,9.585895e-05,9.935542e-09,3.1412657e-08
511,84,lying,2021-05-07 10:29:12.963,2021-05-07 10:29:14.944,0.021,0,0,0.9998954,0.9998954,0.00010457089,1.0768514e-08,3.0788133e-08
511,84,lying,2021-05-07 10:29:13.963,2021-05-07 10:29:15.944,0.021,0,0,0.99989134,0.99989134,0.00010853582,1.0952391e-08,3.008169e-08
511,84,lying,2021-05-07 10:29:14.963,2021-05-07 10:29:16.944,0.021,0,0,0.9998942,0.9998942,0.000105669,1.0748842e-08,3.0804664e-08
511,84,lying,2021-05-07 10:29:15.963,2021-05-07 10:29:17.944,0.021,0,0,0.9998886,0.9998886,0.00011134549,1.15512195e-08,3.15996e-08
511,84,lying,2021-05-07 10:29:16.964,2021-05-07 10:29:18.944,0.021,0,0,0.9998837,0.9998837,0.000116274154,1.22165735e-08,3.1876574e-08
511,84,lying,2021-05-07 10:29:17.964,2021-05-07 10:29:19.944,0.021,0,0,0.9998824,0.9998824,0.00011753605,1.2406811e-08,3.1453826e-08
511,84,lying,2021-05-07 10:29:18.964,2021-05-07 10:29:20.944,0.021,0,0,0.9998881,0.9998881,0.00011181908,1.1571722e-08,3.1402333e-08
511,84,lying,2021-05-07 10:29:19.964,2021-05-07 10:29:21.944,0.021,0,0,0.9998985,0.9998985,0.00010147296,1.0411029e-08,3.1358965e-08
511,84,lying,2021-05-07 10:29:20.964,2021-05-07 10:29:22.944,0.021,0,0,0.9998948,0.9998948,0.00010514944,1.0725297e-08,3.1533265e-08
511,84,lying,2021-05-07 10:29:21.964,2021-05-07 10:29:23.944,0.021,0,0,0.99989015,0.99989015,0.0001097666,1.1392908e-08,3.2039345e-08
511,84,lying,2021-05-07 10:29:22.964,2021-05-07 10:29:24.944,0.021,0,0,0.999896,0.999896,0.0001039639,1.0848881e-08,3.2564948e-08
511,84,lying,2021-05-07 10:29:23.964,2021-05-07 10:29:25.944,0.021,0,0,0.99989396,0.99989396,0.000105941115,1.0973895e-08,3.1743905e-08
511,84,lying,2021-05-07 10:29:24.964,2021-05-07 10:29:26.944,0.021,0,0,0.99989146,0.99989146,0.00010852435,1.1147915e-08,3.096386e-08
511,84,lying,2021-05-07 10:29:25.964,2021-05-07 10:29:27.944,0.021,0,0,0.9999028,0.9999028,9.719582e-05,9.942392e-09,3.019672e-08
511,84,lying,2021-05-07 10:29:26.964,2021-05-07 10:29:28.944,0.021,0,0,0.99990267,0.99990267,9.726981e-05,9.964394e-09,3.0580473e-08
511,84,lying,2021-05-07 10:29:27.964,2021-05-07 10:29:29.944,0.021,0,0,0.9998924,0.9998924,0.000107478,1.1053789e-08,3.0901646e-08
511,84,lying,2021-05-07 10:29:28.964,2021-05-07 10:29:30.944,0.021,0,0,0.99988514,0.99988514,0.00011476832,1.1770742e-08,3.094406e-08
511,84,lying,2021-05-07 10:29:29.964,2021-05-07 10:29:31.944,0.021,0,0,0.9998947,0.9998947,0.00010527918,1.0559157e-08,2.9110815e-08
511,84,lying,2021-05-07 10:29:30.964,2021-05-07 10:29:32.944,0.021,0,0,0.9998993,0.9998993,0.00010062463,1.0041401e-08,2.9185783e-08
511,84,lying,2021-05-07 10:29:31.964,2021-05-07 10:29:33.944,0.021,0,0,0.99990386,0.99990386,9.609316e-05,9.588507e-09,2.9267301e-08
511,84,lying,2021-05-07 10:29:32.964,2021-05-07 10:29:34.944,0.021,0,0,0.9998986,0.9998986,0.00010130869,1.0118181e-08,2.9094664e-08
511,84,lying,2021-05-07 10:29:33.964,2021-05-07 10:29:35.944,0.021,0,0,0.99989146,0.99989146,0.000108451095,1.0834481e-08,2.863809e-08
511,84,lying,2021-05-07 10:29:34.964,2021-05-07 10:29:36.944,0.021,0,0,0.99989456,0.99989456,0.00010535288,1.0296901e-08,2.8066488e-08
511,84,lying,2021-05-07 10:29:35.964,2021-05-07 10:29:37.944,0.021,0,0,0.9998918,0.9998918,0.00010806552,1.0563135e-08,2.7788463e-08
511,84,lying,2021-05-07 10:29:36.964,2021-05-07 10:29:38.944,0.021,0,0,0.9998892,0.9998892,0.000110691566,1.0786392e-08,2.7724543e-08
511,84,lying,2021-05-07 10:29:37.964,2021-05-07 10:29:39.944,0.021,0,0,0.9998866,0.9998866,0.00011333451,1.1213799e-08,2.9317471e-08
511,84,lying,2021-05-07 10:29:38.964,2021-05-07 10:29:40.944,0.021,0,0,0.99988157,0.99988157,0.000118392294,1.22335235e-08,3.1409435e-08
511,84,lying,2021-05-07 10:29:39.964,2021-05-07 10:29:41.944,0.021,0,0,0.99988395,0.99988395,0.00011602794,1.1899827e-08,3.0896906e-08
511,84,lying,2021-05-07 10:29:40.964,2021-05-07 10:29:42.944,0.021,0,0,0.99989647,0.99989647,0.00010341197,1.0196155e-08,2.8573849e-08
511,84,lying,2021-05-07 10:29:41.964,2021-05-07 10:29:43.944,0.021,0,0,0.9998967,0.9998967,0.00010319664,9.995475e-09,2.7586866e-08
511,84,lying,2021-05-07 10:29:42.964,2021-05-07 10:29:44.944,0.021,0,0,0.99989396,0.99989396,0.000105918785,1.0235938e-08,2.8249934e-08
511,84,lying,2021-05-07 10:29:43.964,2021-05-07 10:29:45.944,0.021,0,0,0.9998959,0.9998959,0.0001040481,1.0220585e-08,2.878004e-08
511,84,lying,2021-05-07 10:29:44.964,2021-05-07 10:29:46.944,0.021,0,0,0.99990314,0.99990314,9.677207e-05,9.778959e-09,2.9566898e-08
511,84,lying,2021-05-07 10:29:45.964,2021-05-07 10:29:47.944,0.021,0,0,0.9999042,0.9999042,9.577216e-05,9.789533e-09,3.0790638e-08
511,84,lying,2021-05-07 10:29:46.964,2021-05-07 10:29:48.944,0.021,0,0,0.9999086,0.9999086,9.12757e-05,9.416374e-09,3.037267e-08
511,84,lying,2021-05-07 10:29:47.964,2021-05-07 10:29:49.944,0.021,0,0,0.9999086,0.9999086,9.1345886e-05,9.38063e-09,2.9825117e-08
511,84,lying,2021-05-07 10:29:48.964,2021-05-07 10:29:50.944,0.021,0,0,0.99990386,0.99990386,9.6071715e-05,9.999513e-09,3.0222967e-08
511,84,lying,2021-05-07 10:29:49.964,2021-05-07 10:29:51.944,0.021,0,0,0.99991065,0.99991065,8.923821e-05,9.347963e-09,3.0776565e-08
511,84,lying,2021-05-07 10:29:50.964,2021-05-07 10:29:52.944,0.021,0,0,0.9998997,0.9998997,0.000100236,1.0359362e-08,3.0921267e-08
511,84,lying,2021-05-07 10:29:51.964,2021-05-07 10:29:53.944,0.021,0,0,0.9998799,0.9998799,0.00012004246,1.222781e-08,3.0558905e-08
511,84,lying,2021-05-07 10:29:52.964,2021-05-07 10:29:54.944,0.021,0,0,0.9998837,0.9998837,0.00011624123,1.1880638e-08,3.0811798e-08
511,84,lying,2021-05-07 10:29:53.964,2021-05-07 10:29:55.944,0.021,0,0,0.9998873,0.9998873,0.000112693415,1.1416847e-08,3.025234e-08
511,84,lying,2021-05-07 10:29:54.964,2021-05-07 10:29:56.944,0.021,0,0,0.9998804,0.9998804,0.00011952777,1.2160878e-08,2.9790389e-08
511,84,lying,2021-05-07 10:29:55.964,2021-05-07 10:29:57.944,0.021,0,0,0.9998772,0.9998772,0.00012287666,1.2546578e-08,3.0236347e-08
511,84,lying,2021-05-07 10:29:56.964,2021-05-07 10:29:58.944,0.021,0,0,0.99988025,0.99988025,0.00011961236,1.2363814e-08,3.051919e-08
511,84,lying,2021-05-07 10:29:57.964,2021-05-07 10:29:59.944,0.021,0,0,0.9998777,0.9998777,0.00012224648,1.255731e-08,3.005054e-08
511,84,lying,2021-05-07 10:29:58.964,2021-05-07 10:30:00.944,0.021,0,0,0.9998811,0.9998811,0.000118864904,1.2239188e-08,3.01956e-08
511,84,lying,2021-05-07 10:29:59.964,2021-05-07 10:30:01.944,0.021,0,0,0.9998942,0.9998942,0.00010571003,1.0916259e-08,2.9446422e-08
511,84,lying,2021-05-07 10:30:00.964,2021-05-07 10:30:02.944,0.021,0,0,0.99989516,0.99989516,0.00010474484,1.0575548e-08,2.942315e-08
511,84,lying,2021-05-07 10:30:01.964,2021-05-07 10:30:03.944,0.021,0,0,0.9998905,0.9998905,0.00010946661,1.1287748e-08,3.0101006e-08
511,84,lying,2021-05-07 10:30:02.964,2021-05-07 10:30:04.944,0.021,0,0,0.99989337,0.99989337,0.00010661923,1.0874541e-08,3.0273537e-08
511,84,lying,2021-05-07 10:30:03.964,2021-05-07 10:30:05.944,0.021,0,0,0.99988323,0.99988323,0.00011668088,1.1888226e-08,3.0655446e-08
511,84,lying,2021-05-07 10:30:04.963,2021-05-07 10:30:06.944,0.021,0,0,0.9998823,0.9998823,0.000117593554,1.2037965e-08,3.091448e-08
511,84,lying,2021-05-07 10:30:05.963,2021-05-07 10:30:07.944,0.021,0,0,0.9998831,0.9998831,0.00011681926,1.2029025e-08,3.108728e-08
511,84,lying,2021-05-07 10:30:06.963,2021-05-07 10:30:08.944,0.021,0,0,0.9998848,0.9998848,0.000115152,1.1929903e-08,3.1156663e-08
511,84,lying,2021-05-07 10:30:07.963,2021-05-07 10:30:09.944,0.021,0,0,0.99989027,0.99989027,0.00010971805,1.1233834e-08,3.1352428e-08
511,84,lying,2021-05-07 10:30:08.963,2021-05-07 10:30:10.944,0.021,0,0,0.99989456,0.99989456,0.000105369865,1.0730164e-08,2.997045e-08
511,84,lying,2021-05-07 10:30:09.963,2021-05-07 10:30:11.944,0.021,0,0,0.9998968,0.9998968,0.00010312955,1.0358641e-08,2.8571135e-08
511,84,lying,2021-05-07 10:30:10.963,2021-05-07 10:30:12.944,0.021,0,0,0.99988586,0.99988586,0.00011408158,1.161938e-08,2.9366756e-08
511,84,lying,2021-05-07 10:30:11.963,2021-05-07 10:30:13.944,0.021,0,0,0.99987245,0.99987245,0.00012750311,1.3406616e-08,3.125127e-08
511,84,lying,2021-05-07 10:30:12.963,2021-05-07 10:30:14.944,0.021,0,0,0.9998641,0.9998641,0.00013598007,1.4840186e-08,3.2874567e-08
511,84,lying,2021-05-07 10:30:13.963,2021-05-07 10:30:15.944,0.021,0,0,0.9998691,0.9998691,0.00013083951,1.4072414e-08,3.234463e-08
511,84,lying,2021-05-07 10:30:14.963,2021-05-07 10:30:16.944,0.021,0,0,0.99988145,0.99988145,0.00011842503,1.2423304e-08,3.1755864e-08
511,84,lying,2021-05-07 10:30:15.963,2021-05-07 10:30:17.944,0.021,0,0,0.99988467,0.99988467,0.00011521153,1.1990491e-08,3.1656242e-08
511,84,lying,2021-05-07 10:30:16.964,2021-05-07 10:30:18.944,0.021,0,0,0.9998727,0.9998727,0.00012736327,1.3475968e-08,3.1439722e-08
511,84,lying,2021-05-07 10:30:17.964,2021-05-07 10:30:19.944,0.021,0,0,0.9998727,0.9998727,0.0001273244,1.34675915e-08,3.183995e-08
511,84,lying,2021-05-07 10:30:18.964,2021-05-07 10:30:20.944,0.021,0,0,0.9998696,0.9998696,0.00013043045,1.3834444e-08,3.19741e-08
511,84,lying,2021-05-07 10:30:19.964,2021-05-07 10:30:21.944,0.021,0,0,0.99987054,0.99987054,0.0001294163,1.38206895e-08,3.2133457e-08
511,84,lying,2021-05-07 10:30:20.964,2021-05-07 10:30:22.944,0.021,0,0,0.99986744,0.99986744,0.000132617,1.4308838e-08,3.2802898e-08
511,84,lying,2021-05-07 10:30:21.964,2021-05-07 10:30:23.944,0.021,0,0,0.9998617,0.9998617,0.00013833611,1.510332e-08,3.252578e-08
511,84,lying,2021-05-07 10:30:22.964,2021-05-07 10:30:24.944,0.021,0,0,0.99986196,0.99986196,0.00013799501,1.4975958e-08,3.2252732e-08
511,84,lying,2021-05-07 10:30:23.964,2021-05-07 10:30:25.944,0.021,0,0,0.9998641,0.9998641,0.00013602054,1.449409e-08,3.1357526e-08
511,84,lying,2021-05-07 10:30:24.964,2021-05-07 10:30:26.944,0.021,0,0,0.9998641,0.9998641,0.0001359137,1.446261e-08,3.1408227e-08
511,84,lying,2021-05-07 10:30:25.964,2021-05-07 10:30:27.944,0.021,0,0,0.9998634,0.9998634,0.00013670212,1.4657298e-08,3.181476e-08
511,84,lying,2021-05-07 10:30:26.964,2021-05-07 10:30:28.944,0.021,0,0,0.99987054,0.99987054,0.00012962022,1.3789619e-08,3.197389e-08
511,84,lying,2021-05-07 10:30:27.964,2021-05-07 10:30:29.944,0.021,0,0,0.9998812,0.9998812,0.000118735305,1.2547753e-08,3.2330714e-08
511,84,lying,2021-05-07 10:30:28.964,2021-05-07 10:30:30.944,0.021,0,0,0.99988884,0.99988884,0.00011108736,1.17275345e-08,3.1667728e-08
511,84,lying,2021-05-07 10:30:29.964,2021-05-07 10:30:31.944,0.021,0,0,0.9998874,0.9998874,0.000112518064,1.1988557e-08,3.2027163e-08
511,84,lying,2021-05-07 10:30:30.964,2021-05-07 10:30:32.944,0.021,0,0,0.9998799,0.9998799,0.00012004646,1.2718428e-08,3.297368e-08
511,84,lying,2021-05-07 10:30:31.964,2021-05-07 10:30:33.944,0.021,0,0,0.9998881,0.9998881,0.00011182964,1.1826587e-08,3.2871096e-08
511,84,lying,2021-05-07 10:30:32.964,2021-05-07 10:30:34.944,0.021,0,0,0.99989086,0.99989086,0.00010909906,1.1417541e-08,3.232603e-08
511,84,lying,2021-05-07 10:30:33.964,2021-05-07 10:30:35.944,0.021,0,0,0.9998777,0.9998777,0.00012224578,1.28801805e-08,3.1956194e-08
511,84,lying,2021-05-07 10:30:34.964,2021-05-07 10:30:36.944,0.021,0,0,0.9998818,0.9998818,0.000118086056,1.2569175e-08,3.2198486e-08
511,84,lying,2021-05-07 10:30:35.964,2021-05-07 10:30:37.944,0.021,0,0,0.9998788,0.9998788,0.0001210517,1.2930508e-08,3.2435082e-08
511,84,lying,2021-05-07 10:30:36.964,2021-05-07 10:30:38.944,0.021,0,0,0.9998667,0.9998667,0.00013341138,1.4557214e-08,3.2834237e-08
511,84,lying,2021-05-07 10:30:37.964,2021-05-07 10:30:39.944,0.021,0,0,0.9998622,0.9998622,0.00013790466,1.51953e-08,3.331472e-08
511,84,lying,2021-05-07 10:30:38.964,2021-05-07 10:30:40.944,0.021,0,0,0.9998634,0.9998634,0.00013670903,1.4814581e-08,3.237673e-08
511,84,lying,2021-05-07 10:30:39.964,2021-05-07 10:30:41.944,0.021,0,0,0.9998636,0.9998636,0.000136402,1.4734103e-08,3.2189668e-08
511,84,lying,2021-05-07 10:30:40.964,2021-05-07 10:30:42.944,0.021,0,0,0.999866,0.999866,0.00013404974,1.436293e-08,3.1996375e-08
511,84,lying,2021-05-07 10:30:41.964,2021-05-07 10:30:43.944,0.021,0,0,0.99986815,0.99986815,0.0001317982,1.3910788e-08,3.1226886e-08
511,84,lying,2021-05-07 10:30:42.964,2021-05-07 10:30:44.944,0.021,0,0,0.99986935,0.99986935,0.00013061626,1.3765637e-08,3.1646582e-08
511,84,lying,2021-05-07 10:30:43.964,2021-05-07 10:30:45.944,0.021,0,0,0.99987173,0.99987173,0.0001283278,1.3456024e-08,3.1028165e-08
511,84,lying,2021-05-07 10:30:44.964,2021-05-07 10:30:46.944,0.021,0,0,0.9998868,0.9998868,0.00011315731,1.1569412e-08,3.0890277e-08
511,84,lying,2021-05-07 10:30:45.964,2021-05-07 10:30:47.944,0.021,0,0,0.99989015,0.99989015,0.00010978439,1.1278447e-08,3.0872883e-08
511,84,lying,2021-05-07 10:30:46.964,2021-05-07 10:30:48.944,0.021,0,0,0.9998947,0.9998947,0.00010530929,1.0726769e-08,3.025822e-08
511,84,lying,2021-05-07 10:30:47.964,2021-05-07 10:30:49.944,0.021,0,0,0.9999022,0.9999022,9.770207e-05,9.927264e-09,3.0861482e-08
511,84,lying,2021-05-07 10:30:48.964,2021-05-07 10:30:50.944,0.021,0,0,0.9998954,0.9998954,0.00010458366,1.1044634e-08,3.1982307e-08
511,84,lying,2021-05-07 10:30:49.964,2021-05-07 10:30:51.944,0.021,0,0,0.9998935,0.9998935,0.00010646875,1.1140199e-08,3.2568156e-08
511,84,lying,2021-05-07 10:30:50.964,2021-05-07 10:30:52.944,0.021,0,0,0.9998887,0.9998887,0.00011119132,1.1771637e-08,3.295247e-08
511,84,lying,2021-05-07 10:30:51.964,2021-05-07 10:30:53.944,0.021,0,0,0.9998806,0.9998806,0.000119257376,1.2813031e-08,3.3263078e-08
511,84,lying,2021-05-07 10:30:52.964,2021-05-07 10:30:54.944,0.021,0,0,0.9998753,0.9998753,0.00012483311,1.3387413e-08,3.3385128e-08
511,84,lying,2021-05-07 10:30:53.964,2021-05-07 10:30:55.944,0.021,0,0,0.9998765,0.9998765,0.00012357898,1.3324711e-08,3.3300456e-08
511,84,lying,2021-05-07 10:30:54.964,2021-05-07 10:30:56.944,0.021,0,0,0.9998765,0.9998765,0.00012347379,1.33014515e-08,3.349104e-08
511,84,lying,2021-05-07 10:30:55.964,2021-05-07 10:30:57.944,0.021,0,0,0.9998741,0.9998741,0.00012593904,1.3659567e-08,3.368443e-08
511,84,lying,2021-05-07 10:30:56.964,2021-05-07 10:30:58.944,0.021,0,0,0.999883,0.999883,0.000116989715,1.2587904e-08,3.4006664e-08
511,84,lying,2021-05-07 10:30:57.964,2021-05-07 10:30:59.944,0.021,0,0,0.99989754,0.99989754,0.0001023418,1.1039054e-08,3.4888664e-08
511,84,lying,2021-05-07 10:30:58.964,2021-05-07 10:31:00.944,0.021,0,0,0.9998993,0.9998993,0.00010061024,1.085641e-08,3.3555295e-08
511,84,lying,2021-05-07 10:30:59.964,2021-05-07 10:31:01.944,0.021,0,0,0.9998948,0.9998948,0.00010507507,1.1107115e-08,3.2906694e-08
511,84,lying,2021-05-07 10:31:00.964,2021-05-07 10:31:02.944,0.021,0,0,0.99989957,0.99989957,0.00010038072,1.1073029e-08,3.4827764e-08
511,84,lying,2021-05-07 10:31:01.964,2021-05-07 10:31:03.944,0.021,0,0,0.9999197,0.9999197,8.024318e-05,9.610044e-09,3.6319364e-08
511,84,lying,2021-05-07 10:31:02.964,2021-05-07 10:31:04.944,0.021,0,0,0.99993235,0.99993235,6.75896e-05,8.052478e-09,3.5916475e-08
511,84,lying,2021-05-07 10:31:03.964,2021-05-07 10:31:05.944,0.021,0,0,0.9999265,0.9999265,7.3442294e-05,8.756816e-09,3.53979e-08
511,84,lying,2021-05-07 10:31:04.963,2021-05-07 10:31:06.944,0.021,0,0,0.99992305,0.99992305,7.683012e-05,9.259159e-09,3.472822e-08
511,84,lying,2021-05-07 10:31:05.963,2021-05-07 10:31:07.944,0.021,0,0,0.99992543,0.99992543,7.4497875e-05,8.8725605e-09,3.3294082e-08
511,84,lying,2021-05-07 10:31:06.963,2021-05-07 10:31:08.944,0.021,0,0,0.9999303,0.9999303,6.965908e-05,8.110016e-09,3.268193e-08
511,84,lying,2021-05-07 10:31:07.963,2021-05-07 10:31:09.944,0.021,0,0,0.99992603,0.99992603,7.390224e-05,8.648291e-09,3.262947e-08
511,84,lying,2021-05-07 10:31:08.963,2021-05-07 10:31:10.944,0.021,0,0,0.99992245,0.99992245,7.744773e-05,9.163874e-09,3.3011773e-08
511,84,lying,2021-05-07 10:31:09.963,2021-05-07 10:31:11.944,0.021,0,0,0.9999253,0.9999253,7.463412e-05,8.7573575e-09,3.2951665e-08
511,84,lying,2021-05-07 10:31:10.963,2021-05-07 10:31:12.944,0.021,0,0,0.9999326,0.9999326,6.7387264e-05,7.722031e-09,3.1755366e-08
511,84,lying,2021-05-07 10:31:11.963,2021-05-07 10:31:13.944,0.021,0,0,0.99993044,0.99993044,6.948644e-05,7.961395e-09,3.2412263e-08
511,84,lying,2021-05-07 10:31:12.963,2021-05-07 10:31:14.944,0.021,0,0,0.99992746,0.99992746,7.2497e-05,8.404459e-09,3.299815e-08
511,84,lying,2021-05-07 10:31:13.963,2021-05-07 10:31:15.944,0.021,0,0,0.9999264,0.9999264,7.360355e-05,8.573793e-09,3.2617283e-08
511,84,lying,2021-05-07 10:31:14.963,2021-05-07 10:31:16.944,0.021,0,0,0.99992806,0.99992806,7.185916e-05,8.21662e-09,3.191224e-08
511,84,lying,2021-05-07 10:31:15.963,2021-05-07 10:31:17.944,0.021,0,0,0.9999283,0.9999283,7.162642e-05,8.278604e-09,3.2163644e-08
511,84,lying,2021-05-07 10:31:16.964,2021-05-07 10:31:18.944,0.021,0,0,0.9999296,0.9999296,7.0359194e-05,8.054698e-09,3.14834e-08
511,84,lying,2021-05-07 10:31:17.964,2021-05-07 10:31:19.944,0.021,0,0,0.9999396,0.9999396,6.0299553e-05,6.7931607e-09,2.9083594e-08
511,84,lying,2021-05-07 10:31:18.964,2021-05-07 10:31:20.944,0.021,0,0,0.99995583,0.99995583,4.4120894e-05,4.777804e-09,2.5419205e-08
511,84,lying,2021-05-07 10:31:19.964,2021-05-07 10:31:21.944,0.021,0,0,0.99996287,0.99996287,3.7054382e-05,3.941868e-09,2.3776497e-08
511,84,lying,2021-05-07 10:31:20.964,2021-05-07 10:31:22.944,0.021,0,0,0.99996406,0.99996406,3.5936755e-05,3.861062e-09,2.3605539e-08
511,84,lying,2021-05-07 10:31:21.964,2021-05-07 10:31:23.944,0.021,0,0,0.99995595,0.99995595,4.4015243e-05,4.692065e-09,2.5130301e-08
511,84,lying,2021-05-07 10:31:22.964,2021-05-07 10:31:24.944,0.021,0,0,0.9999395,0.9999395,6.0391398e-05,6.4934627e-09,2.8180075e-08
511,84,lying,2021-05-07 10:31:23.964,2021-05-07 10:31:25.944,0.021,0,0,0.9999328,0.9999328,6.70774e-05,7.267127e-09,2.9722877e-08
511,84,lying,2021-05-07 10:31:24.964,2021-05-07 10:31:26.944,0.021,0,0,0.9999351,0.9999351,6.488241e-05,7.122915e-09,2.9423596e-08
511,84,lying,2021-05-07 10:31:25.964,2021-05-07 10:31:27.944,0.021,0,0,0.9999315,0.9999315,6.842045e-05,7.757423e-09,3.1004046e-08
511,84,lying,2021-05-07 10:31:26.964,2021-05-07 10:31:28.944,0.021,0,0,0.9999246,0.9999246,7.538992e-05,8.820616e-09,3.2545696e-08
511,84,lying,2021-05-07 10:31:27.964,2021-05-07 10:31:29.944,0.021,0,0,0.9999246,0.9999246,7.53108e-05,8.931352e-09,3.2453272e-08
511,84,lying,2021-05-07 10:31:28.964,2021-05-07 10:31:30.944,0.021,0,0,0.9999259,0.9999259,7.398164e-05,8.701966e-09,3.248936e-08
511,84,lying,2021-05-07 10:31:29.964,2021-05-07 10:31:31.944,0.021,0,0,0.99992377,0.99992377,7.6140874e-05,9.016446e-09,3.274848e-08
511,85,sitting,2021-05-07 10:31:39.484,2021-05-07 10:31:41.464,0.021,1,2,0.7859983,0.0001642538,0.20828322,0.7859983,0.0055543375
511,85,sitting,2021-05-07 10:31:40.484,2021-05-07 10:31:42.464,0.021,1,2,0.7709266,0.00015318244,0.22557206,0.7709266,0.0033481407
511,86,walking,2021-05-07 10:31:44.644,2021-05-07 10:31:46.624,0.021,3,3,0.99999124,7.861133e-07,5.4088065e-07,7.343356e-06,0.99999124
511,86,walking,2021-05-07 10:31:45.644,2021-05-07 10:31:47.624,0.021,3,3,0.99998087,8.729809e-07,9.4507305e-07,1.7262182e-05,0.99998087
511,86,walking,2021-05-07 10:31:46.644,2021-05-07 10:31:48.624,0.021,3,3,0.99994916,2.5210525e-06,4.7774874e-06,4.3486394e-05,0.99994916
511,86,walking,2021-05-07 10:31:47.644,2021-05-07 10:31:49.624,0.021,3,3,0.999994,5.994704e-07,4.406303e-07,4.8746197e-06,0.999994
511,86,walking,2021-05-07 10:31:48.644,2021-05-07 10:31:50.624,0.021,3,3,0.9999998,1.6351757e-08,2.981815e-09,1.2267105e-07,0.9999998
511,86,walking,2021-05-07 10:31:49.644,2021-05-07 10:31:51.624,0.021,3,3,0.99999994,1.7499157e-09,1.5728917e-10,1.8031315e-08,0.99999994
511,86,walking,2021-05-07 10:31:50.644,2021-05-07 10:31:52.624,0.021,3,3,0.99999994,4.703433e-10,3.0591564e-11,5.702077e-09,0.99999994
511,86,walking,2021-05-07 10:31:51.644,2021-05-07 10:31:53.624,0.021,3,3,0.99999994,1.0287714e-09,1.4058198e-10,2.8517185e-08,0.99999994
511,86,walking,2021-05-07 10:31:52.644,2021-05-07 10:31:54.624,0.021,3,3,0.9999985,3.227209e-08,1.6302439e-08,1.3569493e-06,0.9999985
511,86,walking,2021-05-07 10:31:53.644,2021-05-07 10:31:55.624,0.021,3,3,0.999999,2.9063472e-08,9.625409e-09,9.4292136e-07,0.999999
511,86,walking,2021-05-07 10:31:54.644,2021-05-07 10:31:56.624,0.021,3,3,0.99999946,1.3239249e-08,3.379882e-09,5.1391726e-07,0.99999946
511,86,walking,2021-05-07 10:31:55.644,2021-05-07 10:31:57.624,0.021,3,3,0.999993,1.14262626e-07,8.508178e-08,6.6921593e-06,0.999993
511,86,walking,2021-05-07 10:31:56.644,2021-05-07 10:31:58.624,0.021,3,3,0.99984765,1.7278714e-06,4.2945385e-06,0.0001463161,0.99984765
511,86,walking,2021-05-07 10:31:57.644,2021-05-07 10:31:59.624,0.021,3,3,0.99980545,2.1578542e-06,6.725059e-06,0.00018564686,0.99980545
511,86,walking,2021-05-07 10:31:58.644,2021-05-07 10:32:00.624,0.021,3,3,0.9999642,4.92722e-07,7.1576e-07,3.4540633e-05,0.9999642
511,86,walking,2021-05-07 10:31:59.644,2021-05-07 10:32:01.624,0.021,3,3,0.99996203,5.656907e-07,8.2918723e-07,3.6482867e-05,0.99996203
511,86,walking,2021-05-07 10:32:00.644,2021-05-07 10:32:02.624,0.021,3,3,0.9999923,1.1797442e-07,9.895042e-08,7.3585484e-06,0.9999923
511,86,walking,2021-05-07 10:32:01.644,2021-05-07 10:32:03.624,0.021,3,3,0.9999954,9.33618e-08,6.9349504e-08,4.334202e-06,0.9999954
511,86,walking,2021-05-07 10:32:02.644,2021-05-07 10:32:04.624,0.021,3,3,0.99999624,7.773808e-08,5.064276e-08,3.6041301e-06,0.99999624
511,86,walking,2021-05-07 10:32:03.644,2021-05-07 10:32:05.624,0.021,3,3,0.99999946,1.28821425e-08,3.4163852e-09,4.6443387e-07,0.99999946
511,86,walking,2021-05-07 10:32:04.644,2021-05-07 10:32:06.624,0.021,3,3,0.9999996,7.736363e-09,1.631984e-09,3.4438838e-07,0.9999996
511,86,walking,2021-05-07 10:32:05.644,2021-05-07 10:32:07.624,0.021,3,3,0.99999624,4.278823e-08,2.2096097e-08,3.5821824e-06,0.99999624
511,86,walking,2021-05-07 10:32:06.644,2021-05-07 10:32:08.624,0.021,3,3,0.99996454,4.4640254e-07,4.695413e-07,3.445228e-05,0.99996454
511,86,walking,2021-05-07 10:32:07.644,2021-05-07 10:32:09.624,0.021,3,3,0.9997401,3.105303e-06,6.308099e-06,0.00025035738,0.9997401
511,87,standing,2021-05-07 10:32:10.604,2021-05-07 10:32:12.583,0.021,2,2,0.8348769,0.00027002997,0.034029346,0.8348769,0.13082369
511,92,walking,2021-05-07 10:32:15.883,2021-05-07 10:32:17.864,0.021,3,3,0.99795216,1.33367075e-05,8.33522e-05,0.001951161,0.99795216
511,92,walking,2021-05-07 10:32:16.884,2021-05-07 10:32:18.864,0.021,3,3,0.9999109,1.2369536e-06,3.029475e-06,8.476241e-05,0.9999109
511,92,walking,2021-05-07 10:32:17.884,2021-05-07 10:32:19.864,0.021,3,3,0.99988073,8.866251e-07,2.2656318e-06,0.00011600367,0.99988073
511,92,walking,2021-05-07 10:32:18.884,2021-05-07 10:32:20.864,0.021,3,3,0.99939334,5.705425e-06,1.9487157e-05,0.0005814321,0.99939334
511,92,walking,2021-05-07 10:32:19.884,2021-05-07 10:32:21.864,0.021,3,3,0.9996311,4.4224225e-06,1.2084231e-05,0.0003523204,0.9996311
511,92,walking,2021-05-07 10:32:20.884,2021-05-07 10:32:22.864,0.021,3,3,0.9939489,4.4834887e-05,0.00037661946,0.0056295786,0.9939489
511,92,walking,2021-05-07 10:32:21.884,2021-05-07 10:32:23.864,0.021,3,3,0.87648886,0.00042101645,0.011321378,0.11176885,0.87648886
511,92,walking,2021-05-07 10:32:22.884,2021-05-07 10:32:24.864,0.021,3,3,0.9923086,3.6655278e-05,0.0003656274,0.0072890534,0.9923086
511,92,walking,2021-05-07 10:32:23.884,2021-05-07 10:32:25.864,0.021,3,3,0.99984694,1.497672e-06,3.7499742e-06,0.00014776357,0.99984694
511,92,walking,2021-05-07 10:32:24.884,2021-05-07 10:32:26.864,0.021,3,3,0.9987685,8.489749e-06,3.2820655e-05,0.0011901113,0.9987685
511,94,walking,2021-05-07 10:32:28.323,2021-05-07 10:32:30.304,0.021,3,3,0.99991006,8.8378755e-07,1.9028539e-06,8.713256e-05,0.99991006
511,94,walking,2021-05-07 10:32:29.323,2021-05-07 10:32:31.304,0.021,3,3,0.99998814,1.4096355e-07,1.4818528e-07,1.14607055e-05,0.99998814
511,94,walking,2021-05-07 10:32:30.323,2021-05-07 10:32:32.304,0.021,3,3,0.99996144,5.488357e-07,7.6914216e-07,3.722604e-05,0.99996144
511,94,walking,2021-05-07 10:32:31.323,2021-05-07 10:32:33.304,0.021,3,3,0.99918646,6.133596e-06,2.5205247e-05,0.00078221585,0.99918646
511,94,walking,2021-05-07 10:32:32.324,2021-05-07 10:32:34.304,0.021,3,3,0.99993044,8.1712e-07,1.4922281e-06,6.721171e-05,0.99993044
511,94,walking,2021-05-07 10:32:33.324,2021-05-07 10:32:35.304,0.021,3,3,0.99999815,4.3697195e-08,1.8389128e-08,1.6857651e-06,0.99999815
511,94,walking,2021-05-07 10:32:34.324,2021-05-07 10:32:36.304,0.021,3,3,0.99999875,3.1047854e-08,1.3043733e-08,1.1694748e-06,0.99999875
511,94,walking,2021-05-07 10:32:35.324,2021-05-07 10:32:37.304,0.021,3,3,0.99999803,3.220333e-08,2.0158442e-08,1.7995465e-06,0.99999803
511,94,walking,2021-05-07 10:32:36.324,2021-05-07 10:32:38.304,0.021,3,3,0.99999434,1.13996975e-07,1.07270054e-07,5.4083052e-06,0.99999434
511,94,walking,2021-05-07 10:32:37.324,2021-05-07 10:32:39.304,0.021,3,3,0.9999947,1.08595636e-07,9.4704525e-08,5.0974218e-06,0.9999947
511,94,walking,2021-05-07 10:32:38.324,2021-05-07 10:32:40.304,0.021,3,3,0.99994975,4.3238666e-07,7.1080575e-07,4.906335e-05,0.99994975
511,94,walking,2021-05-07 10:32:39.324,2021-05-07 10:32:41.304,0.021,3,3,0.99943894,2.4800881e-06,7.9867195e-06,0.0005505712,0.99943894
511,94,walking,2021-05-07 10:32:40.324,2021-05-07 10:32:42.304,0.021,3,3,0.9999071,1.4650993e-06,3.369714e-06,8.7963956e-05,0.9999071
511,94,walking,2021-05-07 10:32:41.324,2021-05-07 10:32:43.304,0.021,3,3,0.9996118,8.682338e-06,3.007212e-05,0.00034941654,0.9996118
511,94,walking,2021-05-07 10:32:42.324,2021-05-07 10:32:44.304,0.021,3,3,0.9989902,1.2432259e-05,5.474745e-05,0.00094266725,0.9989902
511,95,standing,2021-05-07 10:32:45.243,2021-05-07 10:32:47.223,0.021,2,2,0.8078804,0.00040653994,0.16304433,0.8078804,0.028668683
511,95,standing,2021-05-07 10:32:46.243,2021-05-07 10:32:48.223,0.021,2,2,0.80989385,0.0003896346,0.08796049,0.80989385,0.10175603
511,103,standing,2021-05-07 10:33:46.004,2021-05-07 10:33:47.984,0.021,2,2,0.81274396,0.00033972014,0.12254016,0.81274396,0.06437621
511,107,standing,2021-05-07 10:33:51.683,2021-05-07 10:33:53.664,0.021,2,3,0.92852134,0.00012119004,0.0025420964,0.068815336,0.92852134
511,107,standing,2021-05-07 10:33:52.683,2021-05-07 10:33:54.664,0.021,2,3,0.9468606,0.0002822663,0.0057642013,0.047092818,0.9468606
511,107,standing,2021-05-07 10:33:53.683,2021-05-07 10:33:55.664,0.021,2,3,0.96266055,0.00040437555,0.007305374,0.029629692,0.96266055
511,107,standing,2021-05-07 10:33:54.683,2021-05-07 10:33:56.664,0.021,2,3,0.89118755,0.00062918186,0.021447873,0.08673546,0.89118755
511,107,standing,2021-05-07 10:33:55.683,2021-05-07 10:33:57.664,0.021,2,3,0.7002718,0.00073505903,0.0469478,0.2520453,0.7002718
511,107,standing,2021-05-07 10:33:56.683,2021-05-07 10:33:58.664,0.021,2,3,0.5342522,0.0006173225,0.043862604,0.4212679,0.5342522
511,107,standing,2021-05-07 10:33:57.683,2021-05-07 10:33:59.664,0.021,2,3,0.55079556,0.0004500644,0.026873792,0.42188066,0.55079556
511,109,standing,2021-05-07 10:34:00.364,2021-05-07 10:34:02.344,0.021,2,2,0.7808004,0.00045637487,0.09656077,0.7808004,0.1221823
511,109,standing,2021-05-07 10:34:01.364,2021-05-07 10:34:03.344,0.021,2,2,0.83660316,0.00034324185,0.110206865,0.83660316,0.052846726
511,109,standing,2021-05-07 10:34:02.364,2021-05-07 10:34:04.343,0.021,2,2,0.59844714,0.0005316241,0.073146455,0.59844714,0.32787484
511,109,standing,2021-05-07 10:34:03.364,2021-05-07 10:34:05.343,0.021,2,2,0.53126144,0.00036621152,0.07031399,0.53126144,0.39805827
511,109,standing,2021-05-07 10:34:04.364,2021-05-07 10:34:06.343,0.021,2,2,0.81737894,0.00016829927,0.07931577,0.81737894,0.10313704
511,109,standing,2021-05-07 10:34:05.364,2021-05-07 10:34:07.343,0.021,2,2,0.881355,0.00012567622,0.07809648,0.881355,0.040422898
511,109,standing,2021-05-07 10:34:06.364,2021-05-07 10:34:08.343,0.021,2,2,0.91895527,3.2559026e-05,0.076610595,0.91895527,0.0044015027
511,109,standing,2021-05-07 10:34:07.364,2021-05-07 10:34:09.343,0.021,2,2,0.875681,9.72687e-05,0.0684787,0.875681,0.055743076
511,109,standing,2021-05-07 10:34:08.364,2021-05-07 10:34:10.343,0.021,2,2,0.55991334,0.000285557,0.05459299,0.55991334,0.38520798
511,109,standing,2021-05-07 10:34:09.364,2021-05-07 10:34:11.343,0.021,2,3,0.91240364,0.00020772062,0.008139171,0.07924942,0.91240364
511,115,standing,2021-05-07 10:34:14.724,2021-05-07 10:34:16.704,0.021,2,2,0.84732336,0.00023879562,0.14105327,0.84732336,0.011384553
511,115,standing,2021-05-07 10:34:15.724,2021-05-07 10:34:17.704,0.021,2,2,0.85638106,0.00024094514,0.13256174,0.85638106,0.010816166
511,116,standing,2021-05-07 10:34:26.044,2021-05-07 10:34:28.024,0.021,2,2,0.8360961,0.0002333552,0.15236735,0.8360961,0.011303224
511,116,standing,2021-05-07 10:34:27.044,2021-05-07 10:34:29.024,0.021,2,2,0.84618956,0.00028704654,0.13901184,0.84618956,0.014511478
511,116,standing,2021-05-07 10:34:28.044,2021-05-07 10:34:30.024,0.021,2,2,0.8474894,0.00033766896,0.13316576,0.8474894,0.019007167
511,116,standing,2021-05-07 10:34:29.044,2021-05-07 10:34:31.024,0.021,2,2,0.8375669,0.00023594903,0.15390801,0.8375669,0.008289114
511,116,standing,2021-05-07 10:34:30.044,2021-05-07 10:34:32.023,0.021,2,2,0.82435554,0.00014822812,0.17219384,0.82435554,0.0033023267
511,116,standing,2021-05-07 10:34:31.044,2021-05-07 10:34:33.023,0.021,2,2,0.8422178,0.00015528027,0.15315033,0.8422178,0.0044765547
511,116,standing,2021-05-07 10:34:32.043,2021-05-07 10:34:34.023,0.021,2,2,0.83828104,0.00015319661,0.15685017,0.83828104,0.0047155824
511,116,standing,2021-05-07 10:34:33.043,2021-05-07 10:34:35.023,0.021,2,2,0.79795635,0.0001340742,0.19883914,0.79795635,0.0030703812
511,116,standing,2021-05-07 10:34:34.043,2021-05-07 10:34:36.023,0.021,2,2,0.82331926,0.00030255583,0.15246652,0.82331926,0.023911666
511,119,walking,2021-05-07 10:34:39.844,2021-05-07 10:34:41.824,0.021,3,3,0.99995273,2.3671078e-06,4.636358e-06,4.0228722e-05,0.99995273
511,119,walking,2021-05-07 10:34:40.844,2021-05-07 10:34:42.824,0.021,3,3,0.999999,4.8995364e-08,3.0397725e-08,8.374568e-07,0.999999
511,119,walking,2021-05-07 10:34:41.844,2021-05-07 10:34:43.824,0.021,3,3,0.99999315,3.4432801e-07,2.4543468e-07,6.2603485e-06,0.99999315
511,119,walking,2021-05-07 10:34:42.844,2021-05-07 10:34:44.824,0.021,3,3,0.9996123,3.2938021e-06,9.588972e-06,0.00037484473,0.9996123
511,120,standing,2021-05-07 10:34:45.484,2021-05-07 10:34:47.464,0.021,2,2,0.7515466,0.0002790657,0.048973814,0.7515466,0.1992005
511,120,standing,2021-05-07 10:34:46.484,2021-05-07 10:34:48.464,0.021,2,2,0.58760726,0.00040260443,0.060741346,0.58760726,0.35124886
511,124,standing,2021-05-07 10:34:52.444,2021-05-07 10:34:54.423,0.021,2,2,0.801515,0.00032447054,0.14628415,0.801515,0.05187639
511,124,standing,2021-05-07 10:34:53.444,2021-05-07 10:34:55.423,0.021,2,2,0.7669784,0.00013943618,0.22757468,0.7669784,0.0053074546
511,124,standing,2021-05-07 10:34:54.444,2021-05-07 10:34:56.423,0.021,2,2,0.74047637,9.851436e-05,0.25687867,0.74047637,0.0025464608
511,124,standing,2021-05-07 10:34:55.444,2021-05-07 10:34:57.423,0.021,2,2,0.79297006,0.00012894419,0.20277806,0.79297006,0.0041229315
511,125,walking,2021-05-07 10:34:57.683,2021-05-07 10:34:59.664,0.021,3,3,0.999986,3.936392e-07,4.7453116e-07,1.3126634e-05,0.999986
511,125,walking,2021-05-07 10:34:58.683,2021-05-07 10:35:00.664,0.021,3,3,0.9999998,1.0438869e-08,2.384208e-09,1.4337638e-07,0.9999998
511,125,walking,2021-05-07 10:34:59.683,2021-05-07 10:35:01.664,0.021,3,3,0.99999994,2.475801e-09,2.5281963e-10,1.9609764e-08,0.99999994
511,125,walking,2021-05-07 10:35:00.684,2021-05-07 10:35:02.664,0.021,3,3,0.99999994,6.7023886e-11,2.198146e-12,5.243027e-10,0.99999994
511,125,walking,2021-05-07 10:35:01.684,2021-05-07 10:35:03.664,0.021,3,3,0.99999994,2.1834398e-10,1.4003223e-11,2.6306348e-09,0.99999994
511,125,walking,2021-05-07 10:35:02.684,2021-05-07 10:35:04.664,0.021,3,3,0.9999977,1.1854867e-07,5.4292983e-08,2.124486e-06,0.9999977
511,125,walking,2021-05-07 10:35:03.684,2021-05-07 10:35:05.664,0.021,3,3,0.9999992,3.7161488e-08,1.6545414e-08,7.031894e-07,0.9999992
511,125,walking,2021-05-07 10:35:04.684,2021-05-07 10:35:06.664,0.021,3,3,0.99999946,2.5213929e-08,1.1683016e-08,4.810204e-07,0.99999946
511,125,walking,2021-05-07 10:35:05.684,2021-05-07 10:35:07.664,0.021,3,3,0.9999997,1.4927997e-08,4.572938e-09,2.3670867e-07,0.9999997
511,125,walking,2021-05-07 10:35:06.684,2021-05-07 10:35:08.663,0.021,3,3,0.99999994,5.9777405e-10,7.6105205e-11,9.1115115e-09,0.99999994
511,125,walking,2021-05-07 10:35:07.684,2021-05-07 10:35:09.663,0.021,3,3,0.99999994,2.8186655e-09,4.2059217e-10,3.2171958e-08,0.99999994
511,125,walking,2021-05-07 10:35:08.684,2021-05-07 10:35:10.663,0.021,3,3,0.99999994,3.565741e-11,9.650066e-13,5.0966553e-10,0.99999994
511,125,walking,2021-05-07 10:35:09.684,2021-05-07 10:35:11.663,0.021,3,3,0.99999994,2.5971345e-11,5.5378055e-13,4.4086426e-10,0.99999994
511,125,walking,2021-05-07 10:35:10.684,2021-05-07 10:35:12.663,0.021,3,3,0.9999992,5.342055e-08,1.2433752e-08,6.352926e-07,0.9999992
511,125,walking,2021-05-07 10:35:11.684,2021-05-07 10:35:13.663,0.021,3,3,0.9999992,5.326336e-08,1.9036282e-08,6.1701115e-07,0.9999992
511,125,walking,2021-05-07 10:35:12.684,2021-05-07 10:35:14.663,0.021,3,3,0.9999971,1.1747796e-07,6.984902e-08,2.7245542e-06,0.9999971
511,125,walking,2021-05-07 10:35:13.684,2021-05-07 10:35:15.663,0.021,3,3,0.9999966,6.273883e-08,4.3258446e-08,3.2614505e-06,0.9999966
511,125,walking,2021-05-07 10:35:14.684,2021-05-07 10:35:16.663,0.021,3,3,0.9999967,9.0286214e-08,5.540898e-08,3.0481556e-06,0.9999967
511,125,walking,2021-05-07 10:35:15.684,2021-05-07 10:35:17.663,0.021,3,3,0.99999684,1.245053e-07,9.73527e-08,2.9336454e-06,0.99999684
511,125,walking,2021-05-07 10:35:16.684,2021-05-07 10:35:18.663,0.021,3,3,0.9999967,7.965922e-08,7.109676e-08,3.0426083e-06,0.9999967
511,125,walking,2021-05-07 10:35:17.684,2021-05-07 10:35:19.663,0.021,3,3,0.99999946,1.09100595e-08,4.065594e-09,4.1123766e-07,0.99999946
511,125,walking,2021-05-07 10:35:18.684,2021-05-07 10:35:20.663,0.021,3,3,0.9999998,6.9820807e-09,1.4693078e-09,1.4945128e-07,0.9999998
511,125,walking,2021-05-07 10:35:19.684,2021-05-07 10:35:21.663,0.021,3,3,0.9999998,8.34951e-09,1.3520441e-09,1.2101687e-07,0.9999998
511,125,walking,2021-05-07 10:35:20.684,2021-05-07 10:35:22.663,0.021,3,3,0.99999994,1.4110051e-09,2.2381878e-10,2.6226102e-08,0.99999994
511,125,walking,2021-05-07 10:35:21.684,2021-05-07 10:35:23.663,0.021,3,3,0.99999994,1.5066266e-09,2.4598193e-10,3.3396674e-08,0.99999994
511,125,walking,2021-05-07 10:35:22.684,2021-05-07 10:35:24.663,0.021,3,3,0.99999994,1.3879906e-09,2.2021855e-10,2.5597426e-08,0.99999994
511,125,walking,2021-05-07 10:35:23.684,2021-05-07 10:35:25.663,0.021,3,3,0.9999985,5.1358818e-08,3.2293702e-08,1.2946471e-06,0.9999985
511,125,walking,2021-05-07 10:35:24.684,2021-05-07 10:35:26.663,0.021,3,3,0.9999986,5.2829684e-08,2.6627841e-08,1.2400683e-06,0.9999986
511,125,walking,2021-05-07 10:35:25.684,2021-05-07 10:35:27.663,0.021,3,3,0.9999997,6.2905308e-09,1.8415085e-09,2.48527e-07,0.9999997
511,126,standing,2021-05-07 10:35:28.644,2021-05-07 10:35:30.624,0.021,2,2,0.79287857,7.09818e-05,0.20362513,0.79287857,0.003425191
511,129,walking,2021-05-07 10:35:32.723,2021-05-07 10:35:34.703,0.021,3,3,0.9999601,1.3798394e-06,3.0238655e-06,3.5447923e-05,0.9999601
511,129,walking,2021-05-07 10:35:33.723,2021-05-07 10:35:35.703,0.021,3,3,0.99999374,3.0892653e-07,3.0378078e-07,5.5555865e-06,0.99999374
511,129,walking,2021-05-07 10:35:34.723,2021-05-07 10:35:36.703,0.021,3,3,0.9999996,2.9555146e-08,7.642732e-09,2.912916e-07,0.9999996
511,129,walking,2021-05-07 10:35:35.723,2021-05-07 10:35:37.703,0.021,3,3,0.9999998,8.336509e-09,1.446589e-09,7.936616e-08,0.9999998
511,129,walking,2021-05-07 10:35:36.723,2021-05-07 10:35:38.703,0.021,3,3,0.9999997,2.0915211e-08,5.8779084e-09,2.2825004e-07,0.9999997
511,129,walking,2021-05-07 10:35:37.723,2021-05-07 10:35:39.703,0.021,3,3,0.99999994,3.901599e-09,7.370607e-10,4.235099e-08,0.99999994
511,129,walking,2021-05-07 10:35:38.723,2021-05-07 10:35:40.703,0.021,3,3,0.99999994,4.1811608e-09,6.79231e-10,4.9869787e-08,0.99999994
511,129,walking,2021-05-07 10:35:39.723,2021-05-07 10:35:41.703,0.021,3,3,0.99999994,3.4423149e-09,2.8956018e-10,2.574687e-08,0.99999994
511,129,walking,2021-05-07 10:35:40.723,2021-05-07 10:35:42.703,0.021,3,3,0.99999994,1.4042548e-10,4.2528255e-12,8.075104e-10,0.99999994
511,129,walking,2021-05-07 10:35:41.723,2021-05-07 10:35:43.703,0.021,3,3,0.99999994,4.972553e-11,1.3681962e-12,3.4593867e-10,0.99999994
511,129,walking,2021-05-07 10:35:42.723,2021-05-07 10:35:44.703,0.021,3,3,0.99999994,6.586561e-10,6.516629e-11,7.0084596e-09,0.99999994
511,129,walking,2021-05-07 10:35:43.723,2021-05-07 10:35:45.703,0.021,3,3,0.9999998,1.1337166e-08,2.693979e-09,1.3379183e-07,0.9999998
511,129,walking,2021-05-07 10:35:44.723,2021-05-07 10:35:46.703,0.021,3,3,0.99999994,5.0746385e-09,7.367121e-10,5.056361e-08,0.99999994
511,129,walking,2021-05-07 10:35:45.723,2021-05-07 10:35:47.703,0.021,3,3,0.99999994,3.6593732e-09,4.9308013e-10,3.143281e-08,0.99999994
511,129,walking,2021-05-07 10:35:46.723,2021-05-07 10:35:48.703,0.021,3,3,0.99999994,4.2623176e-09,6.638093e-10,4.858687e-08,0.99999994
511,129,walking,2021-05-07 10:35:47.723,2021-05-07 10:35:49.703,0.021,3,3,0.9999998,7.4296223e-09,1.3770052e-09,8.499397e-08,0.9999998
511,129,walking,2021-05-07 10:35:48.723,2021-05-07 10:35:50.703,0.021,3,3,0.99999946,3.844416e-08,1.2582648e-08,4.5723567e-07,0.99999946
511,129,walking,2021-05-07 10:35:49.723,2021-05-07 10:35:51.703,0.021,3,3,0.9999998,1.0487865e-08,2.102311e-09,1.2346752e-07,0.9999998
511,129,walking,2021-05-07 10:35:50.723,2021-05-07 10:35:52.703,0.021,3,3,0.9999992,5.1252975e-08,1.6164174e-08,7.0081677e-07,0.9999992
511,129,walking,2021-05-07 10:35:51.723,2021-05-07 10:35:53.703,0.021,3,3,0.99999386,2.7211033e-07,1.5973461e-07,5.6937374e-06,0.99999386
511,129,walking,2021-05-07 10:35:52.723,2021-05-07 10:35:54.703,0.021,3,3,0.99999374,3.0615783e-07,1.7037065e-07,5.7705197e-06,0.99999374
511,129,walking,2021-05-07 10:35:53.723,2021-05-07 10:35:55.703,0.021,3,3,0.9999991,5.521436e-08,1.6501982e-08,7.039637e-07,0.9999991
511,129,walking,2021-05-07 10:35:54.723,2021-05-07 10:35:56.703,0.021,3,3,0.99999946,3.0403132e-08,1.1126387e-08,4.2247802e-07,0.99999946
511,129,walking,2021-05-07 10:35:55.723,2021-05-07 10:35:57.703,0.021,3,3,0.99999994,1.0922552e-09,1.9884504e-10,2.256377e-08,0.99999994
511,129,walking,2021-05-07 10:35:56.723,2021-05-07 10:35:58.703,0.021,3,3,0.99999994,1.1121459e-10,7.673922e-12,2.6069789e-09,0.99999994
511,129,walking,2021-05-07 10:35:57.723,2021-05-07 10:35:59.703,0.021,3,3,0.99999994,2.5860547e-09,4.04242e-10,4.6325322e-08,0.99999994
511,129,walking,2021-05-07 10:35:58.723,2021-05-07 10:36:00.704,0.021,3,3,0.99999994,2.5207005e-09,3.9711495e-10,3.1531048e-08,0.99999994
511,129,walking,2021-05-07 10:35:59.723,2021-05-07 10:36:01.704,0.021,3,3,0.99999994,2.1254623e-09,2.2750869e-10,1.5033004e-08,0.99999994
511,129,walking,2021-05-07 10:36:00.724,2021-05-07 10:36:02.704,0.021,3,3,0.99999994,2.792216e-09,2.6900449e-10,2.1726782e-08,0.99999994
511,129,walking,2021-05-07 10:36:01.724,2021-05-07 10:36:03.704,0.021,3,3,0.9999998,2.376568e-08,4.6582955e-09,1.4589057e-07,0.9999998
511,129,walking,2021-05-07 10:36:02.724,2021-05-07 10:36:04.704,0.021,3,3,0.9999998,1.1240617e-08,2.222305e-09,1.1852485e-07,0.9999998
511,129,walking,2021-05-07 10:36:03.724,2021-05-07 10:36:05.704,0.021,3,3,0.9999996,2.0516932e-08,5.096345e-09,2.852546e-07,0.9999996
511,129,walking,2021-05-07 10:36:04.724,2021-05-07 10:36:06.704,0.021,3,3,0.9999992,5.3874153e-08,1.4722756e-08,6.546968e-07,0.9999992
511,129,walking,2021-05-07 10:36:05.724,2021-05-07 10:36:07.704,0.021,3,3,0.9999998,1.1006019e-08,2.0891282e-09,1.052442e-07,0.9999998
511,129,walking,2021-05-07 10:36:06.724,2021-05-07 10:36:08.704,0.021,3,3,0.99999994,8.218304e-10,8.6850076e-11,7.897186e-09,0.99999994
511,129,walking,2021-05-07 10:36:07.724,2021-05-07 10:36:09.704,0.021,3,3,0.9999998,1.3266477e-08,2.549718e-09,1.335816e-07,0.9999998
511,129,walking,2021-05-07 10:36:08.724,2021-05-07 10:36:10.704,0.021,3,3,0.9999959,2.667992e-07,1.1627139e-07,3.6753124e-06,0.9999959
511,129,walking,2021-05-07 10:36:09.724,2021-05-07 10:36:11.704,0.021,3,3,0.9999997,1.6641952e-08,3.4310919e-09,2.2145296e-07,0.9999997
511,129,walking,2021-05-07 10:36:10.724,2021-05-07 10:36:12.704,0.021,3,3,0.9999997,2.0680693e-08,4.3543156e-09,1.8389763e-07,0.9999997
511,129,walking,2021-05-07 10:36:11.724,2021-05-07 10:36:13.704,0.021,3,3,0.9999998,9.9209645e-09,1.3766481e-09,5.9074154e-08,0.9999998
511,129,walking,2021-05-07 10:36:12.724,2021-05-07 10:36:14.704,0.021,3,3,0.9999998,1.597233e-08,2.1953337e-09,1.1872056e-07,0.9999998
511,129,walking,2021-05-07 10:36:13.724,2021-05-07 10:36:15.704,0.021,3,3,0.9999996,4.069833e-08,7.7825675e-09,3.2909185e-07,0.9999996
511,129,walking,2021-05-07 10:36:14.724,2021-05-07 10:36:16.704,0.021,3,3,0.9999996,3.8725588e-08,7.86161e-09,3.3146964e-07,0.9999996
511,129,walking,2021-05-07 10:36:15.724,2021-05-07 10:36:17.704,0.021,3,3,0.9999996,2.9593165e-08,8.350974e-09,2.7492433e-07,0.9999996
511,129,walking,2021-05-07 10:36:16.723,2021-05-07 10:36:18.704,0.021,3,3,0.99999934,4.9790966e-08,2.0641906e-08,4.732964e-07,0.99999934
511,129,walking,2021-05-07 10:36:17.723,2021-05-07 10:36:19.704,0.021,3,3,0.9999998,1.8274648e-08,4.529379e-09,1.3506073e-07,0.9999998
511,129,walking,2021-05-07 10:36:18.723,2021-05-07 10:36:20.704,0.021,3,3,0.9999996,4.1128853e-08,1.7556395e-08,2.8476643e-07,0.9999996
511,129,walking,2021-05-07 10:36:19.723,2021-05-07 10:36:21.704,0.021,3,3,0.99999756,2.253203e-07,1.18435764e-07,2.0838934e-06,0.99999756
511,129,walking,2021-05-07 10:36:20.723,2021-05-07 10:36:22.704,0.021,3,3,0.9999996,3.019532e-08,7.3869053e-09,3.2271004e-07,0.9999996
511,129,walking,2021-05-07 10:36:21.723,2021-05-07 10:36:23.704,0.021,3,3,0.99999875,6.30469e-08,2.663445e-08,1.1294367e-06,0.99999875
511,129,walking,2021-05-07 10:36:22.723,2021-05-07 10:36:24.704,0.021,3,3,0.9999991,2.5164002e-08,1.1895274e-08,7.5124007e-07,0.9999991
511,129,walking,2021-05-07 10:36:23.723,2021-05-07 10:36:25.704,0.021,3,3,0.99999934,1.5825671e-08,6.694253e-09,5.1785304e-07,0.99999934
511,129,walking,2021-05-07 10:36:24.723,2021-05-07 10:36:26.704,0.021,3,3,0.9999985,6.784992e-08,3.2010814e-08,1.346835e-06,0.9999985
511,129,walking,2021-05-07 10:36:25.723,2021-05-07 10:36:27.704,0.021,3,3,0.9999996,3.7127705e-08,1.0198276e-08,3.625231e-07,0.9999996
511,129,walking,2021-05-07 10:36:26.723,2021-05-07 10:36:28.704,0.021,3,3,0.99999946,4.9677517e-08,1.3667352e-08,4.3964377e-07,0.99999946
511,129,walking,2021-05-07 10:36:27.723,2021-05-07 10:36:29.704,0.021,3,3,0.9999996,3.3979507e-08,8.4779215e-09,3.7087455e-07,0.9999996
511,129,walking,2021-05-07 10:36:28.723,2021-05-07 10:36:30.704,0.021,3,3,0.9999998,1.39377185e-08,2.098369e-09,1.0363784e-07,0.9999998
511,129,walking,2021-05-07 10:36:29.723,2021-05-07 10:36:31.704,0.021,3,3,0.9999998,7.692516e-09,1.423005e-09,5.6483678e-08,0.9999998
511,129,walking,2021-05-07 10:36:30.723,2021-05-07 10:36:32.703,0.021,3,3,0.99999815,1.2716384e-07,6.140692e-08,1.6546201e-06,0.99999815
511,129,walking,2021-05-07 10:36:31.723,2021-05-07 10:36:33.703,0.021,3,3,0.99999946,3.4478084e-08,1.0347934e-08,3.948714e-07,0.99999946
511,129,walking,2021-05-07 10:36:32.723,2021-05-07 10:36:34.703,0.021,3,3,0.99999934,5.058355e-08,1.7406581e-08,5.5376404e-07,0.99999934
511,129,walking,2021-05-07 10:36:33.723,2021-05-07 10:36:35.703,0.021,3,3,0.99999946,3.902053e-08,1.0156714e-08,3.864245e-07,0.99999946
511,129,walking,2021-05-07 10:36:34.723,2021-05-07 10:36:36.703,0.021,3,3,0.99999994,2.70007e-09,2.5995148e-10,2.351108e-08,0.99999994
511,129,walking,2021-05-07 10:36:35.723,2021-05-07 10:36:37.703,0.021,3,3,0.99999994,1.892904e-09,2.0319121e-10,1.5890045e-08,0.99999994
511,129,walking,2021-05-07 10:36:36.723,2021-05-07 10:36:38.703,0.021,3,3,0.99999994,1.8476907e-09,2.5310573e-10,2.4637943e-08,0.99999994
511,129,walking,2021-05-07 10:36:37.723,2021-05-07 10:36:39.703,0.021,3,3,0.99999994,1.0018835e-09,1.02788236e-10,1.584054e-08,0.99999994
511,129,walking,2021-05-07 10:36:38.723,2021-05-07 10:36:40.703,0.021,3,3,0.99999994,2.5552584e-09,3.0271882e-10,3.415828e-08,0.99999994
511,129,walking,2021-05-07 10:36:39.723,2021-05-07 10:36:41.703,0.021,3,3,0.99999946,2.8243862e-08,7.396322e-09,4.1689708e-07,0.99999946
511,129,walking,2021-05-07 10:36:40.723,2021-05-07 10:36:42.703,0.021,3,3,0.9999986,7.367007e-08,2.745152e-08,1.2607046e-06,0.9999986
511,129,walking,2021-05-07 10:36:41.723,2021-05-07 10:36:43.703,0.021,3,3,0.9999967,1.5411932e-07,7.373867e-08,2.947937e-06,0.9999967
511,129,walking,2021-05-07 10:36:42.723,2021-05-07 10:36:44.703,0.021,3,3,0.9999998,2.903063e-09,4.9793314e-10,7.996591e-08,0.9999998
511,129,walking,2021-05-07 10:36:43.723,2021-05-07 10:36:45.703,0.021,3,3,0.99999994,2.3890775e-10,2.2244147e-11,8.282734e-09,0.99999994
511,129,walking,2021-05-07 10:36:44.723,2021-05-07 10:36:46.703,0.021,3,3,0.99999994,6.6382004e-12,1.7018117e-13,2.9655528e-10,0.99999994
511,129,walking,2021-05-07 10:36:45.723,2021-05-07 10:36:47.703,0.021,3,3,0.99999994,3.442684e-12,6.366293e-14,9.4683025e-11,0.99999994
511,129,walking,2021-05-07 10:36:46.723,2021-05-07 10:36:48.703,0.021,3,3,0.99999994,1.4525604e-10,8.113846e-12,2.0885627e-09,0.99999994
511,129,walking,2021-05-07 10:36:47.723,2021-05-07 10:36:49.703,0.021,3,3,0.99999994,2.316859e-10,1.3802436e-11,4.3582133e-09,0.99999994
511,129,walking,2021-05-07 10:36:48.723,2021-05-07 10:36:50.703,0.021,3,3,0.99999994,2.3468257e-11,8.453944e-13,4.079335e-10,0.99999994
511,129,walking,2021-05-07 10:36:49.723,2021-05-07 10:36:51.703,0.021,3,3,0.99999994,3.6055166e-11,1.6328445e-12,3.3236505e-10,0.99999994
511,129,walking,2021-05-07 10:36:50.723,2021-05-07 10:36:52.703,0.021,3,3,0.99999994,1.0969668e-10,5.5451546e-12,7.075586e-10,0.99999994
511,129,walking,2021-05-07 10:36:51.723,2021-05-07 10:36:53.703,0.021,3,3,0.99999994,4.4344572e-10,3.644832e-11,3.834427e-09,0.99999994
511,129,walking,2021-05-07 10:36:52.723,2021-05-07 10:36:54.703,0.021,3,3,0.99999994,2.5118887e-09,6.193972e-10,3.289415e-08,0.99999994
511,129,walking,2021-05-07 10:36:53.723,2021-05-07 10:36:55.703,0.021,3,3,0.9999961,1.632531e-07,1.6025987e-07,3.4535922e-06,0.9999961
511,129,walking,2021-05-07 10:36:54.723,2021-05-07 10:36:56.703,0.021,3,3,0.9999953,2.3602416e-07,1.7536281e-07,4.1923677e-06,0.9999953
511,129,walking,2021-05-07 10:36:55.723,2021-05-07 10:36:57.703,0.021,3,3,0.99999803,8.509779e-08,5.4342525e-08,1.730498e-06,0.99999803
511,133,walking,2021-05-07 10:37:00.084,2021-05-07 10:37:02.063,0.021,3,3,0.99999756,1.4240527e-07,1.1073274e-07,2.0921793e-06,0.99999756
511,133,walking,2021-05-07 10:37:01.084,2021-05-07 10:37:03.063,0.021,3,3,0.9999966,1.3662132e-07,7.289195e-08,3.144647e-06,0.9999966
511,133,walking,2021-05-07 10:37:02.084,2021-05-07 10:37:04.064,0.021,3,3,0.9999996,1.5231688e-08,4.188798e-09,3.3653575e-07,0.9999996
511,133,walking,2021-05-07 10:37:03.084,2021-05-07 10:37:05.064,0.021,3,3,0.9999991,5.8021197e-08,1.8277529e-08,8.1705065e-07,0.9999991
511,133,walking,2021-05-07 10:37:04.084,2021-05-07 10:37:06.064,0.021,3,3,0.99999386,1.6032723e-07,1.1325519e-07,5.798146e-06,0.99999386
511,133,walking,2021-05-07 10:37:05.084,2021-05-07 10:37:07.064,0.021,3,3,0.99999136,1.8238462e-07,1.4972991e-07,8.2265315e-06,0.99999136
511,133,walking,2021-05-07 10:37:06.084,2021-05-07 10:37:08.064,0.021,3,3,0.9999992,2.2314664e-08,8.547867e-09,6.6209776e-07,0.9999992
511,133,walking,2021-05-07 10:37:07.084,2021-05-07 10:37:09.064,0.021,3,3,0.99999934,1.6342865e-08,5.575715e-09,5.232583e-07,0.99999934
511,133,walking,2021-05-07 10:37:08.083,2021-05-07 10:37:10.064,0.021,3,3,0.99999756,9.777705e-08,4.6143374e-08,2.295551e-06,0.99999756
511,133,walking,2021-05-07 10:37:09.083,2021-05-07 10:37:11.064,0.021,3,3,0.9999866,4.2056274e-07,3.4415768e-07,1.2528886e-05,0.9999866
511,133,walking,2021-05-07 10:37:10.083,2021-05-07 10:37:12.064,0.021,3,3,0.9999953,1.433469e-07,8.867449e-08,4.4284025e-06,0.9999953
511,133,walking,2021-05-07 10:37:11.083,2021-05-07 10:37:13.064,0.021,3,3,0.9999998,6.158234e-09,1.250854e-09,1.1485303e-07,0.9999998
511,133,walking,2021-05-07 10:37:12.083,2021-05-07 10:37:14.064,0.021,3,3,0.9999998,7.877853e-09,2.343795e-09,1.5290644e-07,0.9999998
511,133,walking,2021-05-07 10:37:13.083,2021-05-07 10:37:15.064,0.021,3,3,0.999999,3.7561392e-08,1.6501161e-08,8.7102325e-07,0.999999
511,133,walking,2021-05-07 10:37:14.083,2021-05-07 10:37:16.063,0.021,3,3,0.9999799,4.7159673e-07,5.3522865e-07,1.9032512e-05,0.9999799
511,133,walking,2021-05-07 10:37:15.083,2021-05-07 10:37:17.063,0.021,3,3,0.99994713,1.1890846e-06,1.9482295e-06,4.963039e-05,0.99994713
511,134,standing,2021-05-07 10:37:17.323,2021-05-07 10:37:19.304,0.021,2,2,0.8226942,0.00023060135,0.16868047,0.8226942,0.008394701
511,134,standing,2021-05-07 10:37:18.323,2021-05-07 10:37:20.304,0.021,2,2,0.85018075,0.00013599121,0.14551361,0.85018075,0.004169656
511,134,standing,2021-05-07 10:37:19.323,2021-05-07 10:37:21.304,0.021,2,2,0.85874593,0.000118255055,0.13714267,0.85874593,0.00399317
511,134,standing,2021-05-07 10:37:20.323,2021-05-07 10:37:22.304,0.021,2,2,0.84595567,0.00013911583,0.14914727,0.84595567,0.0047578653
511,134,standing,2021-05-07 10:37:21.323,2021-05-07 10:37:23.304,0.021,2,2,0.8426852,0.00013426856,0.15277204,0.8426852,0.0044084103
511,134,standing,2021-05-07 10:37:22.323,2021-05-07 10:37:24.304,0.021,2,2,0.86499393,0.00026049404,0.11029755,0.86499393,0.024447879
511,135,walking,2021-05-07 10:37:24.323,2021-05-07 10:37:26.304,0.021,3,3,0.99997145,3.9431393e-07,4.6844784e-07,2.7629836e-05,0.99997145
511,135,walking,2021-05-07 10:37:25.323,2021-05-07 10:37:27.304,0.021,3,3,0.99998945,4.5421143e-07,3.68989e-07,9.682376e-06,0.99998945
511,135,walking,2021-05-07 10:37:26.323,2021-05-07 10:37:28.304,0.021,3,3,0.9999991,2.2754563e-08,8.9216305e-09,7.923002e-07,0.9999991
511,135,walking,2021-05-07 10:37:27.323,2021-05-07 10:37:29.304,0.021,3,3,0.9999997,9.653013e-09,2.634993e-09,2.617731e-07,0.9999997
511,135,walking,2021-05-07 10:37:28.323,2021-05-07 10:37:30.304,0.021,3,3,0.99999684,2.0299838e-07,9.2708746e-08,2.780883e-06,0.99999684
511,135,walking,2021-05-07 10:37:29.323,2021-05-07 10:37:31.304,0.021,3,3,0.9999922,3.469952e-07,2.1774166e-07,7.2300595e-06,0.9999922
511,135,walking,2021-05-07 10:37:30.323,2021-05-07 10:37:32.304,0.021,3,3,0.9999842,4.676664e-07,3.3845564e-07,1.4928913e-05,0.9999842
511,135,walking,2021-05-07 10:37:31.323,2021-05-07 10:37:33.304,0.021,3,3,0.9999383,1.7290453e-06,1.874632e-06,5.7981255e-05,0.9999383
511,135,walking,2021-05-07 10:37:32.324,2021-05-07 10:37:34.304,0.021,3,3,0.999958,7.989872e-07,1.3069139e-06,3.9862196e-05,0.999958
511,135,walking,2021-05-07 10:37:33.324,2021-05-07 10:37:35.304,0.021,3,3,0.999996,1.5748363e-07,1.0024426e-07,3.6313786e-06,0.999996
511,135,walking,2021-05-07 10:37:34.324,2021-05-07 10:37:36.304,0.021,3,3,0.9999971,1.3488132e-07,7.7892054e-08,2.5999268e-06,0.9999971
511,135,walking,2021-05-07 10:37:35.324,2021-05-07 10:37:37.304,0.021,3,3,0.999996,1.8550975e-07,1.2033603e-07,3.6332042e-06,0.999996
511,135,walking,2021-05-07 10:37:36.324,2021-05-07 10:37:38.304,0.021,3,3,0.9999961,1.6594863e-07,1.09726564e-07,3.5414648e-06,0.9999961
511,135,walking,2021-05-07 10:37:37.324,2021-05-07 10:37:39.304,0.021,3,3,0.99999803,9.319906e-08,4.8829722e-08,1.7526673e-06,0.99999803
511,135,walking,2021-05-07 10:37:38.324,2021-05-07 10:37:40.304,0.021,3,3,0.9999983,5.5616805e-08,2.9290392e-08,1.5817011e-06,0.9999983
511,135,walking,2021-05-07 10:37:39.324,2021-05-07 10:37:41.304,0.021,3,3,0.9999719,4.3425214e-07,5.2395797e-07,2.7095595e-05,0.9999719
511,135,walking,2021-05-07 10:37:40.324,2021-05-07 10:37:42.304,0.021,3,3,0.9999953,1.098054e-07,5.962369e-08,4.4686335e-06,0.9999953
511,135,walking,2021-05-07 10:37:41.324,2021-05-07 10:37:43.304,0.021,3,3,0.99999875,2.7659127e-08,1.2052671e-08,1.0945987e-06,0.99999875
511,135,walking,2021-05-07 10:37:42.324,2021-05-07 10:37:44.304,0.021,3,3,0.99999946,1.22086234e-08,3.953699e-09,4.2909426e-07,0.99999946
511,135,walking,2021-05-07 10:37:43.324,2021-05-07 10:37:45.304,0.021,3,3,0.9999998,4.024788e-09,7.902741e-10,1.3061927e-07,0.9999998
511,135,walking,2021-05-07 10:37:44.324,2021-05-07 10:37:46.304,0.021,3,3,0.9999954,1.578057e-07,1.0225683e-07,4.3247715e-06,0.9999954
511,135,walking,2021-05-07 10:37:45.324,2021-05-07 10:37:47.304,0.021,3,3,0.99999017,1.9501583e-07,1.9166107e-07,9.336176e-06,0.99999017
511,135,walking,2021-05-07 10:37:46.324,2021-05-07 10:37:48.304,0.021,3,3,0.99999934,8.68589e-09,3.7423797e-09,5.813717e-07,0.99999934
511,135,walking,2021-05-07 10:37:47.324,2021-05-07 10:37:49.304,0.021,3,3,0.99999994,5.972293e-10,1.10188844e-10,3.905629e-08,0.99999994
511,135,walking,2021-05-07 10:37:48.324,2021-05-07 10:37:50.304,0.021,3,3,0.99999934,1.7456452e-08,7.1512525e-09,5.772002e-07,0.99999934
511,135,walking,2021-05-07 10:37:49.324,2021-05-07 10:37:51.304,0.021,3,3,0.99999684,1.0836579e-07,7.569438e-08,2.889249e-06,0.99999684
511,135,walking,2021-05-07 10:37:50.324,2021-05-07 10:37:52.304,0.021,3,3,0.9999859,4.162534e-07,3.6676863e-07,1.328979e-05,0.9999859
511,135,walking,2021-05-07 10:37:51.324,2021-05-07 10:37:53.304,0.021,3,3,0.99996215,5.476419e-07,6.13949e-07,3.660998e-05,0.99996215
511,135,walking,2021-05-07 10:37:52.324,2021-05-07 10:37:54.304,0.021,3,3,0.9999984,4.270312e-08,1.9263048e-08,1.4793695e-06,0.9999984
511,135,walking,2021-05-07 10:37:53.324,2021-05-07 10:37:55.304,0.021,3,3,0.99999994,1.8609253e-09,2.3677652e-10,2.9069044e-08,0.99999994
511,135,walking,2021-05-07 10:37:54.324,2021-05-07 10:37:56.304,0.021,3,3,0.9999998,5.814407e-09,1.1057776e-09,8.0867636e-08,0.9999998
511,135,walking,2021-05-07 10:37:55.324,2021-05-07 10:37:57.304,0.021,3,3,0.9999998,7.9781834e-09,2.105682e-09,1.3840952e-07,0.9999998
511,135,walking,2021-05-07 10:37:56.324,2021-05-07 10:37:58.304,0.021,3,3,0.9999996,2.5026688e-08,9.06673e-09,2.9541891e-07,0.9999996
511,135,walking,2021-05-07 10:37:57.324,2021-05-07 10:37:59.304,0.021,3,3,0.9999985,1.302283e-07,5.811331e-08,1.2882082e-06,0.9999985
511,135,walking,2021-05-07 10:37:58.324,2021-05-07 10:38:00.303,0.021,3,3,0.99999946,2.3609976e-08,7.813281e-09,4.379757e-07,0.99999946
511,135,walking,2021-05-07 10:37:59.324,2021-05-07 10:38:01.303,0.021,3,3,0.9999996,1.8212289e-08,5.4089746e-09,3.1624438e-07,0.9999996
511,135,walking,2021-05-07 10:38:00.323,2021-05-07 10:38:02.303,0.021,3,3,0.9999997,1.5387238e-08,3.8972767e-09,1.8206309e-07,0.9999997
511,135,walking,2021-05-07 10:38:01.323,2021-05-07 10:38:03.303,0.021,3,3,0.9999996,2.0969773e-08,6.829947e-09,2.8923733e-07,0.9999996
511,135,walking,2021-05-07 10:38:02.323,2021-05-07 10:38:04.303,0.021,3,3,0.9999959,1.4185458e-07,1.5452422e-07,3.7162533e-06,0.9999959
511,135,walking,2021-05-07 10:38:03.323,2021-05-07 10:38:05.303,0.021,3,3,0.9999997,1.2328765e-08,4.7230864e-09,2.5661865e-07,0.9999997
511,135,walking,2021-05-07 10:38:04.323,2021-05-07 10:38:06.303,0.021,3,3,0.99999994,6.1311546e-11,4.6825547e-12,1.528095e-09,0.99999994
511,135,walking,2021-05-07 10:38:05.323,2021-05-07 10:38:07.303,0.021,3,3,0.99999994,9.268749e-11,9.6843315e-12,2.4195193e-09,0.99999994
511,135,walking,2021-05-07 10:38:06.323,2021-05-07 10:38:08.303,0.021,3,3,0.99999994,2.8951503e-09,5.33339e-10,4.119073e-08,0.99999994
511,135,walking,2021-05-07 10:38:07.323,2021-05-07 10:38:09.303,0.021,3,3,0.99999994,2.8220062e-09,5.9304067e-10,5.594907e-08,0.99999994
511,135,walking,2021-05-07 10:38:08.323,2021-05-07 10:38:10.303,0.021,3,3,0.99999994,4.898555e-10,6.052286e-11,7.847111e-09,0.99999994
511,135,walking,2021-05-07 10:38:09.323,2021-05-07 10:38:11.303,0.021,3,3,0.99999994,1.4500331e-10,1.1456423e-11,2.5693385e-09,0.99999994
511,135,walking,2021-05-07 10:38:10.323,2021-05-07 10:38:12.303,0.021,3,3,0.99999994,9.2414576e-11,5.597404e-12,2.214435e-09,0.99999994
511,135,walking,2021-05-07 10:38:11.323,2021-05-07 10:38:13.303,0.021,3,3,0.99999994,1.1026122e-09,9.330582e-11,1.2176002e-08,0.99999994
511,135,walking,2021-05-07 10:38:12.323,2021-05-07 10:38:14.303,0.021,3,3,0.99999994,9.860568e-11,3.5675352e-12,9.0368246e-10,0.99999994
511,135,walking,2021-05-07 10:38:13.323,2021-05-07 10:38:15.303,0.021,3,3,0.99999994,3.8376738e-10,2.3202499e-11,3.4776344e-09,0.99999994
511,135,walking,2021-05-07 10:38:14.323,2021-05-07 10:38:16.304,0.021,3,3,0.99999934,5.5821236e-08,1.6468215e-08,5.707379e-07,0.99999934
511,135,walking,2021-05-07 10:38:15.323,2021-05-07 10:38:17.304,0.021,3,3,0.99999887,9.2224624e-08,2.8105415e-08,9.258536e-07,0.99999887
511,135,walking,2021-05-07 10:38:16.323,2021-05-07 10:38:18.304,0.021,3,3,0.9999961,2.4259913e-07,1.2765143e-07,3.486084e-06,0.9999961
511,135,walking,2021-05-07 10:38:17.323,2021-05-07 10:38:19.304,0.021,3,3,0.9999973,1.414943e-07,8.541923e-08,2.4543956e-06,0.9999973
511,135,walking,2021-05-07 10:38:18.323,2021-05-07 10:38:20.304,0.021,3,3,0.99999803,8.1869125e-08,5.6435443e-08,1.8280524e-06,0.99999803
511,135,walking,2021-05-07 10:38:19.323,2021-05-07 10:38:21.304,0.021,3,3,0.99999577,1.7251446e-07,1.3622453e-07,3.9059223e-06,0.99999577
511,135,walking,2021-05-07 10:38:20.323,2021-05-07 10:38:22.304,0.021,3,3,0.9999984,4.998217e-08,2.6344331e-08,1.4369315e-06,0.9999984
511,135,walking,2021-05-07 10:38:21.323,2021-05-07 10:38:23.304,0.021,3,3,0.9999948,1.8845817e-07,1.3163204e-07,4.8052734e-06,0.9999948
511,135,walking,2021-05-07 10:38:22.323,2021-05-07 10:38:24.304,0.021,3,3,0.999996,1.512545e-07,9.050218e-08,3.6667914e-06,0.999996
511,135,walking,2021-05-07 10:38:23.323,2021-05-07 10:38:25.304,0.021,3,3,0.9999977,7.964745e-08,4.506338e-08,2.1066287e-06,0.9999977
511,135,walking,2021-05-07 10:38:24.323,2021-05-07 10:38:26.304,0.021,3,3,0.9999991,3.167841e-08,1.6948146e-08,8.415448e-07,0.9999991
511,135,walking,2021-05-07 10:38:25.323,2021-05-07 10:38:27.304,0.021,3,3,0.9999996,2.294052e-08,9.3707175e-09,3.5661995e-07,0.9999996
511,135,walking,2021-05-07 10:38:26.323,2021-05-07 10:38:28.304,0.021,3,3,0.9999997,1.9688276e-08,3.7208223e-09,1.8782106e-07,0.9999997
511,135,walking,2021-05-07 10:38:27.323,2021-05-07 10:38:29.304,0.021,3,3,0.99999803,1.1550661e-07,4.214519e-08,1.7505258e-06,0.99999803
511,135,walking,2021-05-07 10:38:28.323,2021-05-07 10:38:30.304,0.021,3,3,0.9999972,1.09913735e-07,7.0148765e-08,2.618013e-06,0.9999972
511,135,walking,2021-05-07 10:38:29.323,2021-05-07 10:38:31.304,0.021,3,3,0.99999887,3.6615916e-08,2.0935031e-08,1.0471275e-06,0.99999887
511,135,walking,2021-05-07 10:38:30.323,2021-05-07 10:38:32.304,0.021,3,3,0.9999985,4.9536208e-08,2.6490053e-08,1.382378e-06,0.9999985
511,135,walking,2021-05-07 10:38:31.323,2021-05-07 10:38:33.304,0.021,3,3,0.99999326,2.540122e-07,1.742447e-07,6.2115537e-06,0.99999326
511,135,walking,2021-05-07 10:38:32.324,2021-05-07 10:38:34.304,0.021,3,3,0.9999828,4.3712467e-07,4.849894e-07,1.6195318e-05,0.9999828
511,135,walking,2021-05-07 10:38:33.324,2021-05-07 10:38:35.304,0.021,3,3,0.9999873,4.188551e-07,3.8282147e-07,1.1855933e-05,0.9999873
511,135,walking,2021-05-07 10:38:34.324,2021-05-07 10:38:36.304,0.021,3,3,0.99999887,4.7449632e-08,1.9427622e-08,1.0010053e-06,0.99999887
511,135,walking,2021-05-07 10:38:35.324,2021-05-07 10:38:37.304,0.021,3,3,0.99999446,1.6871331e-07,1.2103239e-07,5.1689162e-06,0.99999446
511,135,walking,2021-05-07 10:38:36.324,2021-05-07 10:38:38.304,0.021,3,3,0.9999414,1.7628217e-06,2.227691e-06,5.458333e-05,0.9999414
511,135,walking,2021-05-07 10:38:37.324,2021-05-07 10:38:39.304,0.021,3,3,0.99997395,7.170104e-07,7.282586e-07,2.4591802e-05,0.99997395
511,135,walking,2021-05-07 10:38:38.324,2021-05-07 10:38:40.304,0.021,3,3,0.9999917,1.6676749e-07,1.3915633e-07,7.911811e-06,0.9999917
511,135,walking,2021-05-07 10:38:39.324,2021-05-07 10:38:41.304,0.021,3,3,0.99999124,2.4718798e-07,2.0997805e-07,8.197569e-06,0.99999124
511,135,walking,2021-05-07 10:38:40.324,2021-05-07 10:38:42.304,0.021,3,3,0.99999267,2.1104195e-07,1.8161163e-07,6.877238e-06,0.99999267
511,135,walking,2021-05-07 10:38:41.324,2021-05-07 10:38:43.304,0.021,3,3,0.99997896,3.8935553e-07,4.1504074e-07,2.0213452e-05,0.99997896
511,135,walking,2021-05-07 10:38:42.324,2021-05-07 10:38:44.304,0.021,3,3,0.99996275,6.1722403e-07,6.954172e-07,3.593191e-05,0.99996275
511,135,walking,2021-05-07 10:38:43.324,2021-05-07 10:38:45.304,0.021,3,3,0.9999588,1.0812945e-06,1.1887005e-06,3.880144e-05,0.9999588
511,135,walking,2021-05-07 10:38:44.324,2021-05-07 10:38:46.304,0.021,3,3,0.9999773,6.662307e-07,8.2344013e-07,2.119789e-05,0.9999773
511,135,walking,2021-05-07 10:38:45.324,2021-05-07 10:38:47.304,0.021,3,3,0.99995285,9.231977e-07,1.535493e-06,4.4602715e-05,0.99995285
511,135,walking,2021-05-07 10:38:46.324,2021-05-07 10:38:48.304,0.021,3,3,0.99998015,2.9937067e-07,4.1354656e-07,1.9085463e-05,0.99998015
511,135,walking,2021-05-07 10:38:47.324,2021-05-07 10:38:49.304,0.021,3,3,0.9996106,6.7703077e-06,1.6943204e-05,0.00036575514,0.9996106
511,135,walking,2021-05-07 10:38:48.324,2021-05-07 10:38:50.304,0.021,3,3,0.9978971,2.1110445e-05,9.9845485e-05,0.0019820028,0.9978971
511,135,walking,2021-05-07 10:38:49.324,2021-05-07 10:38:51.304,0.021,3,3,0.9985782,1.1362904e-05,6.5884444e-05,0.0013445106,0.9985782
511,135,walking,2021-05-07 10:38:50.324,2021-05-07 10:38:52.304,0.021,3,3,0.99563015,3.4900873e-05,0.0002495039,0.004085411,0.99563015
511,135,walking,2021-05-07 10:38:51.324,2021-05-07 10:38:53.304,0.021,3,3,0.99623406,2.4823827e-05,0.00016255854,0.0035784768,0.99623406
511,135,walking,2021-05-07 10:38:52.324,2021-05-07 10:38:54.304,0.021,3,3,0.9998529,3.8789544e-06,1.0246256e-05,0.00013298653,0.9998529
511,135,walking,2021-05-07 10:38:53.324,2021-05-07 10:38:55.304,0.021,3,3,0.9999762,6.6337816e-07,9.278789e-07,2.2114305e-05,0.9999762
511,135,walking,2021-05-07 10:38:54.324,2021-05-07 10:38:56.304,0.021,3,3,0.99983525,2.4578392e-06,7.0303427e-06,0.00015518437,0.99983525
511,135,walking,2021-05-07 10:38:55.324,2021-05-07 10:38:57.304,0.021,3,3,0.99543226,7.301382e-05,0.00076258666,0.0037321125,0.99543226
511,135,walking,2021-05-07 10:38:56.324,2021-05-07 10:38:58.304,0.021,3,3,0.9956182,7.5348114e-05,0.0007936167,0.0035128326,0.9956182
511,137,walking,2021-05-07 10:39:00.604,2021-05-07 10:39:02.584,0.021,3,3,0.9935648,6.348234e-05,0.00041694724,0.0059548197,0.9935648
511,142,standing,2021-05-07 10:39:05.883,2021-05-07 10:39:07.864,0.021,2,2,0.92976934,9.094646e-05,0.060777206,0.92976934,0.009362455
511,145,walking,2021-05-07 10:39:08.724,2021-05-07 10:39:10.704,0.021,3,3,0.99941075,5.1744732e-06,1.7227005e-05,0.0005668503,0.99941075
511,145,walking,2021-05-07 10:39:09.724,2021-05-07 10:39:11.704,0.021,3,3,0.9999792,1.8374836e-07,2.2941289e-07,2.0291642e-05,0.9999792
511,145,walking,2021-05-07 10:39:10.724,2021-05-07 10:39:12.704,0.021,3,3,0.9999973,4.732618e-08,2.8586381e-08,2.5392399e-06,0.9999973
511,145,walking,2021-05-07 10:39:11.724,2021-05-07 10:39:13.704,0.021,3,3,0.99990076,1.206558e-06,2.4921976e-06,9.55035e-05,0.99990076
511,145,walking,2021-05-07 10:39:12.724,2021-05-07 10:39:14.704,0.021,3,3,0.99996847,5.9963344e-07,8.2815177e-07,2.999267e-05,0.99996847
511,145,walking,2021-05-07 10:39:13.724,2021-05-07 10:39:15.704,0.021,3,3,0.9999929,1.6140726e-07,1.1886429e-07,6.737497e-06,0.9999929
511,145,walking,2021-05-07 10:39:14.724,2021-05-07 10:39:16.704,0.021,3,3,0.9999983,2.7247442e-08,1.1827168e-08,1.6834036e-06,0.9999983
511,145,walking,2021-05-07 10:39:15.724,2021-05-07 10:39:17.704,0.021,3,3,0.999955,7.8945124e-07,1.1616783e-06,4.302168e-05,0.999955
511,145,walking,2021-05-07 10:39:16.723,2021-05-07 10:39:18.704,0.021,3,3,0.999993,1.9830614e-07,1.6949217e-07,6.4991796e-06,0.999993
511,145,walking,2021-05-07 10:39:17.723,2021-05-07 10:39:19.704,0.021,3,3,0.9999892,2.6083958e-07,2.6632586e-07,1.0146731e-05,0.9999892
511,145,walking,2021-05-07 10:39:18.723,2021-05-07 10:39:20.704,0.021,3,3,0.99998456,3.0389594e-07,3.364906e-07,1.4724221e-05,0.99998456
511,145,walking,2021-05-07 10:39:19.723,2021-05-07 10:39:21.704,0.021,3,3,0.9999785,4.2738225e-07,4.8403456e-07,2.0559131e-05,0.9999785
511,145,walking,2021-05-07 10:39:20.723,2021-05-07 10:39:22.704,0.021,3,3,0.9999973,6.985371e-08,3.9101952e-08,2.491692e-06,0.9999973
511,145,walking,2021-05-07 10:39:21.723,2021-05-07 10:39:23.704,0.021,3,3,0.9999966,9.16844e-08,5.520201e-08,3.221327e-06,0.9999966
511,145,walking,2021-05-07 10:39:22.723,2021-05-07 10:39:24.704,0.021,3,3,0.999841,2.0821608e-06,4.7807944e-06,0.00015210405,0.999841
511,145,walking,2021-05-07 10:39:23.723,2021-05-07 10:39:25.704,0.021,3,3,0.9999793,3.5656785e-07,4.6781224e-07,1.979501e-05,0.9999793
511,145,walking,2021-05-07 10:39:24.723,2021-05-07 10:39:26.704,0.021,3,3,0.9999972,7.295737e-08,4.008821e-08,2.6064934e-06,0.9999972
511,145,walking,2021-05-07 10:39:25.723,2021-05-07 10:39:27.704,0.021,3,3,0.9999948,1.05732596e-07,6.906408e-08,4.9948167e-06,0.9999948
511,145,walking,2021-05-07 10:39:26.723,2021-05-07 10:39:28.704,0.021,3,3,0.9999977,5.0919557e-08,2.5617442e-08,2.214744e-06,0.9999977
511,145,walking,2021-05-07 10:39:27.723,2021-05-07 10:39:29.704,0.021,3,3,0.99999744,4.808467e-08,3.3041022e-08,2.4235817e-06,0.99999744
511,145,walking,2021-05-07 10:39:28.723,2021-05-07 10:39:30.704,0.021,3,3,0.9999903,2.8549198e-07,2.8168705e-07,9.052722e-06,0.9999903
511,145,walking,2021-05-07 10:39:29.723,2021-05-07 10:39:31.704,0.021,3,3,0.99999386,1.9832218e-07,1.7353338e-07,5.655941e-06,0.99999386
511,145,walking,2021-05-07 10:39:30.723,2021-05-07 10:39:32.703,0.021,3,3,0.9999903,2.48997e-07,2.599739e-07,9.117644e-06,0.9999903
511,145,walking,2021-05-07 10:39:31.723,2021-05-07 10:39:33.703,0.021,3,3,0.9999967,9.0598625e-08,6.288452e-08,3.0362633e-06,0.9999967
511,145,walking,2021-05-07 10:39:32.723,2021-05-07 10:39:34.703,0.021,3,3,0.9999798,4.992206e-07,5.272544e-07,1.9177649e-05,0.9999798
511,145,walking,2021-05-07 10:39:33.723,2021-05-07 10:39:35.703,0.021,3,3,0.99997216,5.253511e-07,8.0783656e-07,2.6479343e-05,0.99997216
511,145,walking,2021-05-07 10:39:34.723,2021-05-07 10:39:36.703,0.021,3,3,0.999996,1.106667e-07,8.4098666e-08,3.7031143e-06,0.999996
511,145,walking,2021-05-07 10:39:35.723,2021-05-07 10:39:37.703,0.021,3,3,0.9999978,6.082383e-08,3.8324465e-08,2.0342115e-06,0.9999978
511,145,walking,2021-05-07 10:39:36.723,2021-05-07 10:39:38.703,0.021,3,3,0.9999983,4.2126555e-08,2.3239654e-08,1.5878129e-06,0.9999983
511,145,walking,2021-05-07 10:39:37.723,2021-05-07 10:39:39.703,0.021,3,3,0.9999991,2.3702691e-08,1.0054305e-08,8.452246e-07,0.9999991
511,145,walking,2021-05-07 10:39:38.723,2021-05-07 10:39:40.703,0.021,3,3,0.9999879,2.866918e-07,2.2886158e-07,1.1478532e-05,0.9999879
511,145,walking,2021-05-07 10:39:39.723,2021-05-07 10:39:41.703,0.021,3,3,0.9999965,1.17309284e-07,7.079687e-08,3.223324e-06,0.9999965
511,145,walking,2021-05-07 10:39:40.723,2021-05-07 10:39:42.703,0.021,3,3,0.9999998,4.5182227e-09,1.1668139e-09,1.5000344e-07,0.9999998
511,145,walking,2021-05-07 10:39:41.723,2021-05-07 10:39:43.703,0.021,3,3,0.9999992,1.5363185e-08,5.9735905e-09,6.383079e-07,0.9999992
511,145,walking,2021-05-07 10:39:42.723,2021-05-07 10:39:44.703,0.021,3,3,0.9999967,1.12755245e-07,6.681802e-08,3.0131866e-06,0.9999967
511,145,walking,2021-05-07 10:39:43.723,2021-05-07 10:39:45.703,0.021,3,3,0.99999744,8.5150994e-08,4.690284e-08,2.3426398e-06,0.99999744
511,145,walking,2021-05-07 10:39:44.723,2021-05-07 10:39:46.703,0.021,3,3,0.9999998,4.1719113e-09,1.0011346e-09,1.5468082e-07,0.9999998
511,145,walking,2021-05-07 10:39:45.723,2021-05-07 10:39:47.703,0.021,3,3,0.9999998,3.9314867e-09,9.015132e-10,1.2440384e-07,0.9999998
511,145,walking,2021-05-07 10:39:46.723,2021-05-07 10:39:48.703,0.021,3,3,0.9999996,1.8657877e-08,4.713403e-09,3.897793e-07,0.9999996
511,145,walking,2021-05-07 10:39:47.723,2021-05-07 10:39:49.703,0.021,3,3,0.9999991,3.6720344e-08,1.0849068e-08,7.3155275e-07,0.9999991
511,145,walking,2021-05-07 10:39:48.723,2021-05-07 10:39:50.703,0.021,3,3,0.9999991,3.1597367e-08,1.1239301e-08,8.176657e-07,0.9999991
511,145,walking,2021-05-07 10:39:49.723,2021-05-07 10:39:51.703,0.021,3,3,0.99998933,2.7928152e-07,2.3939322e-07,1.0112746e-05,0.99998933
511,145,walking,2021-05-07 10:39:50.723,2021-05-07 10:39:52.703,0.021,3,3,0.99998564,4.5198524e-07,5.082587e-07,1.3398709e-05,0.99998564
511,145,walking,2021-05-07 10:39:51.723,2021-05-07 10:39:53.703,0.021,3,3,0.9999979,7.472518e-08,3.795927e-08,1.8893357e-06,0.9999979
511,145,walking,2021-05-07 10:39:52.723,2021-05-07 10:39:54.703,0.021,3,3,0.9999978,7.427982e-08,3.9970807e-08,2.0780315e-06,0.9999978
511,145,walking,2021-05-07 10:39:53.723,2021-05-07 10:39:55.703,0.021,3,3,0.9999986,5.1017693e-08,2.408072e-08,1.1834474e-06,0.9999986
511,145,walking,2021-05-07 10:39:54.723,2021-05-07 10:39:56.703,0.021,3,3,0.9999946,1.8934556e-07,1.0807697e-07,5.0628246e-06,0.9999946
511,145,walking,2021-05-07 10:39:55.723,2021-05-07 10:39:57.703,0.021,3,3,0.9999961,1.1757031e-07,6.695193e-08,3.672983e-06,0.9999961
511,145,walking,2021-05-07 10:39:56.723,2021-05-07 10:39:58.703,0.021,3,3,0.99999887,2.9349914e-08,1.2770871e-08,9.937081e-07,0.99999887
511,145,walking,2021-05-07 10:39:57.723,2021-05-07 10:39:59.703,0.021,3,3,0.9999905,1.9976912e-07,1.9553566e-07,9.052561e-06,0.9999905
511,145,walking,2021-05-07 10:39:58.723,2021-05-07 10:40:00.704,0.021,3,3,0.99996275,8.055372e-07,1.252163e-06,3.518135e-05,0.99996275
511,145,walking,2021-05-07 10:39:59.723,2021-05-07 10:40:01.704,0.021,3,3,0.9999909,2.1110861e-07,2.0295323e-07,8.603774e-06,0.9999909
511,145,walking,2021-05-07 10:40:00.724,2021-05-07 10:40:02.704,0.021,3,3,0.99999934,1.8657374e-08,7.7303275e-09,5.1171446e-07,0.99999934
511,145,walking,2021-05-07 10:40:01.724,2021-05-07 10:40:03.704,0.021,3,3,0.9999996,1.2569912e-08,3.2538252e-09,2.8711762e-07,0.9999996
511,145,walking,2021-05-07 10:40:02.724,2021-05-07 10:40:04.704,0.021,3,3,0.99999577,1.3073378e-07,8.6541455e-08,3.9299284e-06,0.99999577
511,145,walking,2021-05-07 10:40:03.724,2021-05-07 10:40:05.704,0.021,3,3,0.9999992,2.2787399e-08,9.876645e-09,6.942551e-07,0.9999992
511,145,walking,2021-05-07 10:40:04.724,2021-05-07 10:40:06.704,0.021,3,3,0.99999934,1.6234189e-08,7.047665e-09,6.061179e-07,0.99999934
511,145,walking,2021-05-07 10:40:05.724,2021-05-07 10:40:07.704,0.021,3,3,0.9999972,7.130512e-08,4.748912e-08,2.6016805e-06,0.9999972
511,145,walking,2021-05-07 10:40:06.724,2021-05-07 10:40:08.704,0.021,3,3,0.99999243,2.4171976e-07,2.3174906e-07,7.072472e-06,0.99999243
511,145,walking,2021-05-07 10:40:07.724,2021-05-07 10:40:09.704,0.021,3,3,0.99999684,7.762004e-08,5.793923e-08,2.9472965e-06,0.99999684
511,145,walking,2021-05-07 10:40:08.724,2021-05-07 10:40:10.704,0.021,3,3,0.9999909,2.1405918e-07,1.7474535e-07,8.626443e-06,0.9999909
511,145,walking,2021-05-07 10:40:09.724,2021-05-07 10:40:11.704,0.021,3,3,0.9999843,4.1073446e-07,3.858265e-07,1.480096e-05,0.9999843
511,145,walking,2021-05-07 10:40:10.724,2021-05-07 10:40:12.704,0.021,3,3,0.9999983,4.5012982e-08,2.7181002e-08,1.6360297e-06,0.9999983
511,145,walking,2021-05-07 10:40:11.724,2021-05-07 10:40:13.704,0.021,3,3,0.9999986,4.2271687e-08,2.4735096e-08,1.2277443e-06,0.9999986
511,146,standing,2021-05-07 10:40:14.364,2021-05-07 10:40:16.343,0.021,2,2,0.8324097,0.00033688708,0.11669636,0.8324097,0.050557047
511,146,standing,2021-05-07 10:40:15.364,2021-05-07 10:40:17.343,0.021,2,2,0.76443636,0.000100139245,0.23307447,0.76443636,0.0023889262
511,146,standing,2021-05-07 10:40:16.364,2021-05-07 10:40:18.343,0.021,2,2,0.7814456,0.0001091551,0.2154437,0.7814456,0.0030015982
511,146,standing,2021-05-07 10:40:17.364,2021-05-07 10:40:19.343,0.021,2,2,0.81722254,0.00010545501,0.17956524,0.81722254,0.003106725
511,146,standing,2021-05-07 10:40:18.364,2021-05-07 10:40:20.343,0.021,2,2,0.8316349,0.00011502968,0.16427997,0.8316349,0.003970087
511,146,standing,2021-05-07 10:40:19.364,2021-05-07 10:40:21.343,0.021,2,2,0.8409084,0.00015488148,0.15229312,0.8409084,0.0066435295
511,147,walking,2021-05-07 10:40:21.563,2021-05-07 10:40:23.544,0.021,3,3,0.99998325,4.369569e-07,5.980136e-07,1.5632168e-05,0.99998325
511,147,walking,2021-05-07 10:40:22.563,2021-05-07 10:40:24.544,0.021,3,3,0.99999994,2.3328415e-09,3.9859394e-10,3.937057e-08,0.99999994
511,147,walking,2021-05-07 10:40:23.563,2021-05-07 10:40:25.544,0.021,3,3,0.99999994,1.1777016e-11,1.7564695e-13,6.690459e-11,0.99999994
511,147,walking,2021-05-07 10:40:24.563,2021-05-07 10:40:26.544,0.021,3,3,0.99999994,6.6033556e-13,2.319975e-15,2.3890434e-12,0.99999994
511,147,walking,2021-05-07 10:40:25.563,2021-05-07 10:40:27.544,0.021,3,3,0.99999994,2.8720678e-12,1.6773068e-14,8.52874e-12,0.99999994
511,147,walking,2021-05-07 10:40:26.563,2021-05-07 10:40:28.544,0.021,3,3,0.99999994,1.0694791e-10,1.898299e-12,2.7978656e-10,0.99999994
511,147,walking,2021-05-07 10:40:27.563,2021-05-07 10:40:29.544,0.021,3,3,0.99999994,1.6180012e-11,1.3308236e-13,4.680878e-11,0.99999994
511,147,walking,2021-05-07 10:40:28.563,2021-05-07 10:40:30.544,0.021,3,3,0.99999994,7.0137673e-13,3.189093e-15,3.7642177e-12,0.99999994
511,147,walking,2021-05-07 10:40:29.563,2021-05-07 10:40:31.544,0.021,3,3,0.99999994,4.166005e-12,3.696473e-14,1.6298954e-11,0.99999994
511,147,walking,2021-05-07 10:40:30.563,2021-05-07 10:40:32.543,0.021,3,3,0.99999994,1.4405852e-11,1.7748166e-13,2.9432755e-11,0.99999994
511,147,walking,2021-05-07 10:40:31.563,2021-05-07 10:40:33.543,0.021,3,3,0.99999994,3.972986e-12,2.8137865e-14,8.073032e-12,0.99999994
511,147,walking,2021-05-07 10:40:32.563,2021-05-07 10:40:34.543,0.021,3,3,0.99999994,3.2677032e-12,2.134085e-14,8.5124885e-12,0.99999994
511,147,walking,2021-05-07 10:40:33.563,2021-05-07 10:40:35.543,0.021,3,3,0.99999994,1.020815e-11,8.6414206e-14,2.6412858e-11,0.99999994
511,147,walking,2021-05-07 10:40:34.563,2021-05-07 10:40:36.543,0.021,3,3,0.99999994,2.2241165e-12,1.3182972e-14,6.4021856e-12,0.99999994
511,147,walking,2021-05-07 10:40:35.563,2021-05-07 10:40:37.543,0.021,3,3,0.99999994,2.4832174e-12,1.8792937e-14,8.957226e-12,0.99999994
511,147,walking,2021-05-07 10:40:36.563,2021-05-07 10:40:38.543,0.021,3,3,0.99999994,3.4322265e-12,2.444604e-14,1.5450387e-11,0.99999994
511,147,walking,2021-05-07 10:40:37.563,2021-05-07 10:40:39.543,0.021,3,3,0.99999994,1.614333e-11,1.8427702e-13,7.7044475e-11,0.99999994
511,147,walking,2021-05-07 10:40:38.563,2021-05-07 10:40:40.543,0.021,3,3,0.99999994,4.6591147e-12,5.0928456e-14,2.4394424e-11,0.99999994
511,147,walking,2021-05-07 10:40:39.563,2021-05-07 10:40:41.543,0.021,3,3,0.99999994,2.9282322e-13,1.626532e-15,2.2082735e-12,0.99999994
511,147,walking,2021-05-07 10:40:40.563,2021-05-07 10:40:42.543,0.021,3,3,0.99999994,1.3893333e-13,6.638224e-16,1.1343437e-12,0.99999994
511,147,walking,2021-05-07 10:40:41.563,2021-05-07 10:40:43.543,0.021,3,3,0.99999994,1.5754151e-12,1.2577504e-14,6.5310105e-12,0.99999994
511,147,walking,2021-05-07 10:40:42.563,2021-05-07 10:40:44.543,0.021,3,3,0.99999994,8.350546e-13,3.9668014e-15,3.0743108e-12,0.99999994
511,147,walking,2021-05-07 10:40:43.563,2021-05-07 10:40:45.543,0.021,3,3,0.99999994,2.199009e-13,5.313857e-16,6.588963e-13,0.99999994
511,147,walking,2021-05-07 10:40:44.563,2021-05-07 10:40:46.543,0.021,3,3,0.99999994,1.6736294e-13,5.2486243e-16,6.604338e-13,0.99999994
511,147,walking,2021-05-07 10:40:45.563,2021-05-07 10:40:47.543,0.021,3,3,0.99999994,5.3740633e-13,2.282666e-15,2.511679e-12,0.99999994
511,147,walking,2021-05-07 10:40:46.563,2021-05-07 10:40:48.543,0.021,3,3,0.99999994,8.8138406e-14,1.8721687e-16,5.874345e-13,0.99999994
511,147,walking,2021-05-07 10:40:47.563,2021-05-07 10:40:49.543,0.021,3,3,0.99999994,4.6807278e-14,7.254124e-17,1.5715368e-13,0.99999994
511,147,walking,2021-05-07 10:40:48.563,2021-05-07 10:40:50.543,0.021,3,3,0.99999994,5.439361e-13,1.776752e-15,1.215201e-12,0.99999994
511,147,walking,2021-05-07 10:40:49.563,2021-05-07 10:40:51.543,0.021,3,3,0.99999994,4.1335517e-13,1.3633176e-15,1.3250849e-12,0.99999994
511,147,walking,2021-05-07 10:40:50.563,2021-05-07 10:40:52.543,0.021,3,3,0.99999994,1.7288644e-14,2.1434644e-17,6.8176835e-14,0.99999994
511,147,walking,2021-05-07 10:40:51.563,2021-05-07 10:40:53.543,0.021,3,3,0.99999994,9.921161e-15,1.0877559e-17,5.0043337e-14,0.99999994
511,147,walking,2021-05-07 10:40:52.563,2021-05-07 10:40:54.543,0.021,3,3,0.99999994,2.0299413e-13,5.7651895e-16,7.302003e-13,0.99999994
511,147,walking,2021-05-07 10:40:53.563,2021-05-07 10:40:55.543,0.021,3,3,0.99999994,5.002857e-13,2.3109657e-15,1.7657246e-12,0.99999994
511,147,walking,2021-05-07 10:40:54.563,2021-05-07 10:40:56.543,0.021,3,3,0.99999994,1.4731886e-13,3.781423e-16,5.423501e-13,0.99999994
511,147,walking,2021-05-07 10:40:55.563,2021-05-07 10:40:57.543,0.021,3,3,0.99999994,2.0566105e-12,1.18505e-14,7.205451e-12,0.99999994
511,147,walking,2021-05-07 10:40:56.563,2021-05-07 10:40:58.543,0.021,3,3,0.99999994,3.565132e-13,1.3254266e-15,1.4627485e-12,0.99999994
511,147,walking,2021-05-07 10:40:57.563,2021-05-07 10:40:59.543,0.021,3,3,0.99999994,5.2416038e-15,7.947998e-18,5.5513293e-14,0.99999994
511,147,walking,2021-05-07 10:40:58.563,2021-05-07 10:41:00.543,0.021,3,3,0.99999994,1.95226e-14,2.7588535e-17,1.0839701e-13,0.99999994
511,147,walking,2021-05-07 10:40:59.563,2021-05-07 10:41:01.543,0.021,3,3,0.99999994,3.869538e-13,9.134535e-16,9.171349e-13,0.99999994
511,147,walking,2021-05-07 10:41:00.563,2021-05-07 10:41:02.543,0.021,3,3,0.99999994,1.6376554e-14,1.530212e-17,5.777348e-14,0.99999994
511,147,walking,2021-05-07 10:41:01.563,2021-05-07 10:41:03.543,0.021,3,3,0.99999994,1.6171712e-15,1.0952876e-18,9.746022e-15,0.99999994
511,147,walking,2021-05-07 10:41:02.563,2021-05-07 10:41:04.543,0.021,3,3,0.99999994,8.058255e-14,1.9114258e-16,3.3478415e-13,0.99999994
511,147,walking,2021-05-07 10:41:03.563,2021-05-07 10:41:05.543,0.021,3,3,0.99999994,2.7766535e-14,4.981708e-17,1.04993874e-13,0.99999994
511,147,walking,2021-05-07 10:41:04.564,2021-05-07 10:41:06.543,0.021,3,3,0.99999994,2.1460447e-14,3.5669e-17,9.4976795e-14,0.99999994
511,147,walking,2021-05-07 10:41:05.564,2021-05-07 10:41:07.543,0.021,3,3,0.99999994,2.5460716e-14,4.5699902e-17,1.785369e-13,0.99999994
511,147,walking,2021-05-07 10:41:06.564,2021-05-07 10:41:08.543,0.021,3,3,0.99999994,1.6171636e-13,3.7554897e-16,8.508378e-13,0.99999994
511,147,walking,2021-05-07 10:41:07.564,2021-05-07 10:41:09.543,0.021,3,3,0.99999994,4.1355626e-13,1.7080081e-15,1.1875061e-12,0.99999994
511,147,walking,2021-05-07 10:41:08.564,2021-05-07 10:41:10.543,0.021,3,3,0.99999994,1.6478424e-13,4.903391e-16,7.3763337e-13,0.99999994
511,147,walking,2021-05-07 10:41:09.564,2021-05-07 10:41:11.543,0.021,3,3,0.99999994,1.9537192e-15,1.779605e-18,3.0120227e-14,0.99999994
511,147,walking,2021-05-07 10:41:10.564,2021-05-07 10:41:12.543,0.021,3,3,0.99999994,1.1765951e-14,1.3988817e-17,7.606851e-14,0.99999994
511,147,walking,2021-05-07 10:41:11.564,2021-05-07 10:41:13.543,0.021,3,3,0.99999994,1.8385053e-12,8.5664855e-15,3.9289618e-12,0.99999994
511,147,walking,2021-05-07 10:41:12.564,2021-05-07 10:41:14.543,0.021,3,3,0.99999994,5.415004e-13,1.7619168e-15,2.0765475e-12,0.99999994
511,147,walking,2021-05-07 10:41:13.564,2021-05-07 10:41:15.543,0.021,3,3,0.99999994,1.09771655e-13,3.4275876e-16,8.716597e-13,0.99999994
511,147,walking,2021-05-07 10:41:14.564,2021-05-07 10:41:16.544,0.021,3,3,0.99999994,6.112886e-13,3.6614634e-15,5.325486e-12,0.99999994
511,147,walking,2021-05-07 10:41:15.564,2021-05-07 10:41:17.544,0.021,3,3,0.99999994,1.380034e-13,4.374179e-16,7.484039e-13,0.99999994
511,147,walking,2021-05-07 10:41:16.563,2021-05-07 10:41:18.544,0.021,3,3,0.99999994,4.678249e-13,1.2919652e-15,7.495596e-13,0.99999994
511,147,walking,2021-05-07 10:41:17.563,2021-05-07 10:41:19.544,0.021,3,3,0.99999994,1.0318192e-13,1.6836772e-16,2.2535026e-13,0.99999994
511,147,walking,2021-05-07 10:41:18.563,2021-05-07 10:41:20.544,0.021,3,3,0.99999994,1.262572e-14,1.30609155e-17,5.112125e-14,0.99999994
511,147,walking,2021-05-07 10:41:19.563,2021-05-07 10:41:21.544,0.021,3,3,0.99999994,2.6936591e-14,3.9744768e-17,1.1035189e-13,0.99999994
511,147,walking,2021-05-07 10:41:20.563,2021-05-07 10:41:22.544,0.021,3,3,0.99999994,3.723e-14,5.631572e-17,9.3556585e-14,0.99999994
511,147,walking,2021-05-07 10:41:21.563,2021-05-07 10:41:23.544,0.021,3,3,0.99999994,1.6240148e-15,1.219186e-18,8.559397e-15,0.99999994
511,147,walking,2021-05-07 10:41:22.563,2021-05-07 10:41:24.544,0.021,3,3,0.99999994,1.4257066e-15,1.131734e-18,1.0412649e-14,0.99999994
511,147,walking,2021-05-07 10:41:23.563,2021-05-07 10:41:25.544,0.021,3,3,0.99999994,8.1347736e-14,1.4380393e-16,2.1792468e-13,0.99999994
511,147,walking,2021-05-07 10:41:24.563,2021-05-07 10:41:26.544,0.021,3,3,0.99999994,3.622853e-15,2.2816613e-18,1.27609105e-14,0.99999994
511,147,walking,2021-05-07 10:41:25.563,2021-05-07 10:41:27.544,0.021,3,3,0.99999994,9.654728e-16,4.2627347e-19,3.7088087e-15,0.99999994
511,147,walking,2021-05-07 10:41:26.563,2021-05-07 10:41:28.544,0.021,3,3,0.99999994,9.828645e-15,1.2598902e-17,4.6845147e-14,0.99999994
511,147,walking,2021-05-07 10:41:27.563,2021-05-07 10:41:29.544,0.021,3,3,0.99999994,4.158003e-12,2.9618665e-14,2.817679e-11,0.99999994
511,147,walking,2021-05-07 10:41:28.563,2021-05-07 10:41:30.544,0.021,3,3,0.99999934,3.3074375e-08,7.955857e-09,5.7220393e-07,0.99999934
511,148,standing,2021-05-07 10:41:30.723,2021-05-07 10:41:32.703,0.021,2,2,0.9030758,9.402653e-05,0.09067772,0.9030758,0.006152457
511,148,standing,2021-05-07 10:41:31.723,2021-05-07 10:41:33.703,0.021,2,2,0.8869372,0.0001255057,0.10591886,0.8869372,0.007018472
511,148,standing,2021-05-07 10:41:32.723,2021-05-07 10:41:34.703,0.021,2,2,0.8829707,0.000121535195,0.11093652,0.8829707,0.005971206
511,148,standing,2021-05-07 10:41:33.723,2021-05-07 10:41:35.703,0.021,2,2,0.8872977,0.000115421215,0.10652082,0.8872977,0.0060661384
511,148,standing,2021-05-07 10:41:34.723,2021-05-07 10:41:36.703,0.021,2,2,0.8885776,0.000108775836,0.105313644,0.8885776,0.006000067
511,148,standing,2021-05-07 10:41:35.723,2021-05-07 10:41:37.703,0.021,2,2,0.8796043,0.00017762835,0.103393115,0.8796043,0.016825046
511,149,walking,2021-05-07 10:41:37.763,2021-05-07 10:41:39.743,0.021,3,3,0.99999994,2.4004729e-11,6.9375565e-13,2.5309704e-10,0.99999994
511,149,walking,2021-05-07 10:41:38.763,2021-05-07 10:41:40.743,0.021,3,3,0.99999994,3.677902e-13,1.1259225e-15,1.1904929e-12,0.99999994
511,149,walking,2021-05-07 10:41:39.763,2021-05-07 10:41:41.743,0.021,3,3,0.99999994,2.372712e-13,4.625661e-16,3.9180941e-13,0.99999994
511,149,walking,2021-05-07 10:41:40.763,2021-05-07 10:41:42.743,0.021,3,3,0.99999994,7.973311e-14,1.0802059e-16,1.2675698e-13,0.99999994
511,149,walking,2021-05-07 10:41:41.763,2021-05-07 10:41:43.743,0.021,3,3,0.99999994,1.8656205e-12,7.580544e-15,3.4812062e-12,0.99999994
511,149,walking,2021-05-07 10:41:42.763,2021-05-07 10:41:44.743,0.021,3,3,0.99999994,1.2067796e-12,5.322726e-15,3.5489801e-12,0.99999994
511,149,walking,2021-05-07 10:41:43.763,2021-05-07 10:41:45.743,0.021,3,3,0.99999994,5.8296976e-13,2.1441862e-15,1.9978877e-12,0.99999994
511,149,walking,2021-05-07 10:41:44.763,2021-05-07 10:41:46.743,0.021,3,3,0.99999994,6.785355e-14,1.4002492e-16,3.4523217e-13,0.99999994
511,149,walking,2021-05-07 10:41:45.763,2021-05-07 10:41:47.743,0.021,3,3,0.99999994,4.8361034e-14,9.877234e-17,2.7991582e-13,0.99999994
511,149,walking,2021-05-07 10:41:46.763,2021-05-07 10:41:48.743,0.021,3,3,0.99999994,7.421828e-14,1.480691e-16,3.9666545e-13,0.99999994
511,149,walking,2021-05-07 10:41:47.763,2021-05-07 10:41:49.743,0.021,3,3,0.99999994,4.918573e-13,1.3971872e-15,1.9535805e-12,0.99999994
511,149,walking,2021-05-07 10:41:48.763,2021-05-07 10:41:50.743,0.021,3,3,0.99999994,2.1958015e-14,2.2178075e-17,8.2137734e-14,0.99999994
511,149,walking,2021-05-07 10:41:49.763,2021-05-07 10:41:51.743,0.021,3,3,0.99999994,8.602479e-14,1.5943837e-16,2.3363052e-13,0.99999994
511,149,walking,2021-05-07 10:41:50.763,2021-05-07 10:41:52.743,0.021,3,3,0.99999994,1.3713306e-13,3.5199441e-16,6.7953705e-13,0.99999994
511,149,walking,2021-05-07 10:41:51.763,2021-05-07 10:41:53.743,0.021,3,3,0.99999994,3.4327728e-14,4.6806852e-17,1.8227226e-13,0.99999994
511,149,walking,2021-05-07 10:41:52.763,2021-05-07 10:41:54.743,0.021,3,3,0.99999994,4.2873403e-13,9.217984e-16,7.743199e-13,0.99999994
511,149,walking,2021-05-07 10:41:53.763,2021-05-07 10:41:55.743,0.021,3,3,0.99999994,6.089283e-14,7.568517e-17,8.7440167e-14,0.99999994
511,149,walking,2021-05-07 10:41:54.763,2021-05-07 10:41:56.743,0.021,3,3,0.99999994,4.4919946e-14,7.058133e-17,5.7571955e-14,0.99999994
511,149,walking,2021-05-07 10:41:55.763,2021-05-07 10:41:57.743,0.021,3,3,0.99999994,6.818971e-14,9.267907e-17,9.750861e-14,0.99999994
511,149,walking,2021-05-07 10:41:56.763,2021-05-07 10:41:58.743,0.021,3,3,0.99999994,1.05350136e-13,2.1614309e-16,3.7011385e-13,0.99999994
511,149,walking,2021-05-07 10:41:57.763,2021-05-07 10:41:59.743,0.021,3,3,0.99999994,7.709947e-14,1.423896e-16,1.8220795e-13,0.99999994
511,149,walking,2021-05-07 10:41:58.763,2021-05-07 10:42:00.743,0.021,3,3,0.99999994,5.7868105e-14,7.968555e-17,9.696668e-14,0.99999994
511,149,walking,2021-05-07 10:41:59.763,2021-05-07 10:42:01.743,0.021,3,3,0.99999994,1.350915e-13,2.2239933e-16,1.115437e-13,0.99999994
511,149,walking,2021-05-07 10:42:00.763,2021-05-07 10:42:02.743,0.021,3,3,0.99999994,8.67938e-14,1.587229e-16,1.3422901e-13,0.99999994
511,149,walking,2021-05-07 10:42:01.763,2021-05-07 10:42:03.743,0.021,3,3,0.99999994,4.0702562e-14,7.2797936e-17,2.345758e-13,0.99999994
511,149,walking,2021-05-07 10:42:02.763,2021-05-07 10:42:04.743,0.021,3,3,0.99999994,1.07027736e-13,2.083669e-16,2.489884e-13,0.99999994
511,149,walking,2021-05-07 10:42:03.763,2021-05-07 10:42:05.743,0.021,3,3,0.99999994,7.9697527e-14,1.4551903e-16,1.6084917e-13,0.99999994
511,149,walking,2021-05-07 10:42:04.763,2021-05-07 10:42:06.743,0.021,3,3,0.99999994,1.2070092e-13,2.2213055e-16,1.890645e-13,0.99999994
511,149,walking,2021-05-07 10:42:05.763,2021-05-07 10:42:07.743,0.021,3,3,0.99999994,1.1989006e-13,2.8263809e-16,5.038634e-13,0.99999994
511,149,walking,2021-05-07 10:42:06.763,2021-05-07 10:42:08.743,0.021,3,3,0.99999994,4.547789e-14,5.533909e-17,1.5442653e-13,0.99999994
511,149,walking,2021-05-07 10:42:07.763,2021-05-07 10:42:09.743,0.021,3,3,0.99999994,4.1299065e-15,2.9581683e-18,1.3596127e-14,0.99999994
511,149,walking,2021-05-07 10:42:08.763,2021-05-07 10:42:10.743,0.021,3,3,0.99999994,8.508904e-15,7.829673e-18,2.8898684e-14,0.99999994
511,149,walking,2021-05-07 10:42:09.763,2021-05-07 10:42:11.743,0.021,3,3,0.99999994,1.1266405e-14,1.0610797e-17,3.1504977e-14,0.99999994
511,149,walking,2021-05-07 10:42:10.763,2021-05-07 10:42:12.743,0.021,3,3,0.99999994,8.178221e-15,5.6744826e-18,1.5469178e-14,0.99999994
511,149,walking,2021-05-07 10:42:11.763,2021-05-07 10:42:13.743,0.021,3,3,0.99999994,3.1074318e-15,1.9168343e-18,1.10033205e-14,0.99999994
511,149,walking,2021-05-07 10:42:12.763,2021-05-07 10:42:14.743,0.021,3,3,0.99999994,3.5250337e-14,5.0844807e-17,1.6106437e-13,0.99999994
511,149,walking,2021-05-07 10:42:13.763,2021-05-07 10:42:15.743,0.021,3,3,0.99999994,2.1133518e-12,1.0407844e-14,6.886947e-12,0.99999994
511,149,walking,2021-05-07 10:42:14.763,2021-05-07 10:42:16.743,0.021,3,3,0.99999994,9.658875e-12,8.001037e-14,2.6180233e-11,0.99999994
511,149,walking,2021-05-07 10:42:15.763,2021-05-07 10:42:17.743,0.021,3,3,0.99999994,2.32541e-12,1.5051233e-14,1.1732758e-11,0.99999994
511,149,walking,2021-05-07 10:42:16.763,2021-05-07 10:42:18.743,0.021,3,3,0.99999994,1.0234196e-11,1.2672095e-13,5.969465e-11,0.99999994
511,149,walking,2021-05-07 10:42:17.763,2021-05-07 10:42:19.743,0.021,3,3,0.99999994,1.5940653e-11,2.4143833e-13,5.3655476e-11,0.99999994
511,149,walking,2021-05-07 10:42:18.763,2021-05-07 10:42:20.743,0.021,3,3,0.99999994,1.4390851e-12,7.163412e-15,3.9756544e-12,0.99999994
511,149,walking,2021-05-07 10:42:19.763,2021-05-07 10:42:21.743,0.021,3,3,0.99999994,1.502747e-12,7.900552e-15,4.638287e-12,0.99999994
511,149,walking,2021-05-07 10:42:20.763,2021-05-07 10:42:22.743,0.021,3,3,0.99999994,1.5997178e-12,9.7311245e-15,3.9785068e-12,0.99999994
511,149,walking,2021-05-07 10:42:21.763,2021-05-07 10:42:23.743,0.021,3,3,0.99999994,1.2824069e-12,5.292073e-15,4.5038986e-12,0.99999994
511,149,walking,2021-05-07 10:42:22.763,2021-05-07 10:42:24.743,0.021,3,3,0.99999994,1.6376165e-12,8.4735e-15,9.592011e-12,0.99999994
511,149,walking,2021-05-07 10:42:23.763,2021-05-07 10:42:25.743,0.021,3,3,0.99999994,1.754418e-12,1.2270503e-14,1.1714422e-11,0.99999994
511,149,walking,2021-05-07 10:42:24.763,2021-05-07 10:42:26.743,0.021,3,3,0.99999994,6.986174e-12,1.0183132e-13,4.4897062e-11,0.99999994
511,149,walking,2021-05-07 10:42:25.763,2021-05-07 10:42:27.743,0.021,3,3,0.99999994,5.967664e-12,5.5387962e-14,2.6096776e-11,0.99999994
511,149,walking,2021-05-07 10:42:26.763,2021-05-07 10:42:28.743,0.021,3,3,0.99999994,1.0373785e-12,3.5397534e-15,2.1396628e-12,0.99999994
511,149,walking,2021-05-07 10:42:27.763,2021-05-07 10:42:29.743,0.021,3,3,0.99999994,1.7367191e-12,7.5603865e-15,3.3940262e-12,0.99999994
511,149,walking,2021-05-07 10:42:28.763,2021-05-07 10:42:30.743,0.021,3,3,0.99999994,4.053513e-11,6.2120524e-13,1.786898e-10,0.99999994
511,149,walking,2021-05-07 10:42:29.763,2021-05-07 10:42:31.743,0.021,3,3,0.99999994,5.6428792e-11,9.274768e-13,2.6652597e-10,0.99999994
511,149,walking,2021-05-07 10:42:30.763,2021-05-07 10:42:32.743,0.021,3,3,0.99999994,4.0182393e-12,4.102759e-14,1.4497974e-11,0.99999994
511,149,walking,2021-05-07 10:42:31.763,2021-05-07 10:42:33.743,0.021,3,3,0.99999994,4.2584084e-13,1.9071804e-15,2.7827905e-12,0.99999994
511,149,walking,2021-05-07 10:42:32.763,2021-05-07 10:42:34.743,0.021,3,3,0.99999994,7.594999e-12,7.025131e-14,5.916552e-11,0.99999994
511,149,walking,2021-05-07 10:42:33.763,2021-05-07 10:42:35.743,0.021,3,3,0.99999994,1.1334971e-10,2.113747e-12,5.0397186e-10,0.99999994
511,149,walking,2021-05-07 10:42:34.763,2021-05-07 10:42:36.743,0.021,3,3,0.99999994,1.0262544e-10,2.7563253e-12,6.0706257e-10,0.99999994
511,149,walking,2021-05-07 10:42:35.763,2021-05-07 10:42:37.743,0.021,3,3,0.99999994,1.2749649e-10,3.3913083e-12,4.5531798e-10,0.99999994
511,149,walking,2021-05-07 10:42:36.763,2021-05-07 10:42:38.743,0.021,3,3,0.99999994,1.2752212e-12,7.530481e-15,6.281722e-12,0.99999994
511,149,walking,2021-05-07 10:42:37.763,2021-05-07 10:42:39.743,0.021,3,3,0.99999994,3.8751233e-12,3.5177597e-14,1.6850597e-11,0.99999994
511,149,walking,2021-05-07 10:42:38.763,2021-05-07 10:42:40.743,0.021,3,3,0.99999994,1.7177931e-11,2.8433253e-13,7.557779e-11,0.99999994
511,149,walking,2021-05-07 10:42:39.763,2021-05-07 10:42:41.743,0.021,3,3,0.99999994,1.9246557e-11,2.650114e-13,7.599264e-11,0.99999994
511,149,walking,2021-05-07 10:42:40.763,2021-05-07 10:42:42.743,0.021,3,3,0.99999994,2.0315664e-11,2.3060804e-13,8.818126e-11,0.99999994
511,149,walking,2021-05-07 10:42:41.763,2021-05-07 10:42:43.743,0.021,3,3,0.99999994,5.0098616e-11,5.922993e-13,2.2313806e-10,0.99999994
511,149,walking,2021-05-07 10:42:42.763,2021-05-07 10:42:44.743,0.021,3,3,0.99999994,6.516268e-11,9.135872e-13,2.7237224e-10,0.99999994
511,149,walking,2021-05-07 10:42:43.763,2021-05-07 10:42:45.743,0.021,3,3,0.99999994,2.2303796e-11,2.6046572e-13,1.2567171e-10,0.99999994
511,149,walking,2021-05-07 10:42:44.763,2021-05-07 10:42:46.743,0.021,3,3,0.99999994,1.5068318e-11,1.4948161e-13,7.505117e-11,0.99999994
511,149,walking,2021-05-07 10:42:45.763,2021-05-07 10:42:47.743,0.021,3,3,0.99999994,8.9331684e-12,7.911926e-14,4.7770343e-11,0.99999994
511,149,walking,2021-05-07 10:42:46.763,2021-05-07 10:42:48.743,0.021,3,3,0.99999994,3.4208155e-12,2.848437e-14,2.5500511e-11,0.99999994
511,149,walking,2021-05-07 10:42:47.763,2021-05-07 10:42:49.743,0.021,3,3,0.99999994,8.135666e-12,1.014854e-13,5.546924e-11,0.99999994
511,149,walking,2021-05-07 10:42:48.763,2021-05-07 10:42:50.743,0.021,3,3,0.99999994,3.7892354e-12,4.7058193e-14,3.6212165e-11,0.99999994
511,149,walking,2021-05-07 10:42:49.763,2021-05-07 10:42:51.743,0.021,3,3,0.99999994,3.1683386e-12,3.3467095e-14,2.8806279e-11,0.99999994
511,149,walking,2021-05-07 10:42:50.763,2021-05-07 10:42:52.743,0.021,3,3,0.99999994,6.1427872e-12,7.168541e-14,5.801175e-11,0.99999994
511,149,walking,2021-05-07 10:42:51.763,2021-05-07 10:42:53.743,0.021,3,3,0.99999994,1.6438803e-10,5.8894153e-12,1.2123185e-09,0.99999994
511,149,walking,2021-05-07 10:42:52.763,2021-05-07 10:42:54.743,0.021,3,3,0.99999994,1.3640078e-10,5.901334e-12,1.6310416e-09,0.99999994
511,149,walking,2021-05-07 10:42:53.763,2021-05-07 10:42:55.743,0.021,3,3,0.99999994,1.09852044e-10,4.1811775e-12,1.2358473e-09,0.99999994
511,149,walking,2021-05-07 10:42:54.763,2021-05-07 10:42:56.743,0.021,3,3,0.99999994,3.374941e-10,1.6893945e-11,4.991068e-09,0.99999994
511,149,walking,2021-05-07 10:42:55.763,2021-05-07 10:42:57.743,0.021,3,3,0.99999994,2.196913e-09,2.6453711e-10,3.171138e-08,0.99999994
511,149,walking,2021-05-07 10:42:56.763,2021-05-07 10:42:58.743,0.021,3,3,0.9999996,2.0981416e-08,5.8551484e-09,2.8203831e-07,0.9999996
511,149,walking,2021-05-07 10:42:57.763,2021-05-07 10:42:59.743,0.021,3,3,0.9999991,2.3725624e-08,1.0480617e-08,8.569619e-07,0.9999991
511,149,walking,2021-05-07 10:42:58.763,2021-05-07 10:43:00.743,0.021,3,3,0.9998276,1.9310576e-06,5.8660657e-06,0.00016465421,0.9998276
511,149,walking,2021-05-07 10:42:59.763,2021-05-07 10:43:01.743,0.021,3,3,0.9990274,1.4972017e-05,7.270705e-05,0.00088501105,0.9990274
511,149,walking,2021-05-07 10:43:00.763,2021-05-07 10:43:02.743,0.021,3,3,0.9996523,5.8398045e-06,2.811754e-05,0.0003136689,0.9996523
511,149,walking,2021-05-07 10:43:01.763,2021-05-07 10:43:03.743,0.021,3,3,0.9999365,8.5987085e-07,1.9269335e-06,6.0591225e-05,0.9999365
511,149,walking,2021-05-07 10:43:02.763,2021-05-07 10:43:04.743,0.021,3,3,0.9996478,4.262067e-06,1.056551e-05,0.00033727882,0.9996478
511,149,walking,2021-05-07 10:43:03.763,2021-05-07 10:43:05.743,0.021,3,3,0.99999803,2.7060157e-08,1.8815735e-08,1.9160402e-06,0.99999803
511,149,walking,2021-05-07 10:43:04.763,2021-05-07 10:43:06.743,0.021,3,3,0.9999978,3.9748354e-08,2.5967664e-08,2.090255e-06,0.9999978
511,149,walking,2021-05-07 10:43:05.763,2021-05-07 10:43:07.743,0.021,3,3,0.9999997,5.1751012e-09,1.4084074e-09,1.979039e-07,0.9999997
511,149,walking,2021-05-07 10:43:06.763,2021-05-07 10:43:08.743,0.021,3,3,0.99999994,1.7047187e-10,1.2682434e-11,5.373849e-09,0.99999994
511,149,walking,2021-05-07 10:43:07.763,2021-05-07 10:43:09.743,0.021,3,3,0.99999994,2.530531e-10,1.6875588e-11,5.942208e-09,0.99999994
511,149,walking,2021-05-07 10:43:08.763,2021-05-07 10:43:10.743,0.021,3,3,0.9999998,4.2608863e-09,7.3094686e-10,1.01473304e-07,0.9999998
511,149,walking,2021-05-07 10:43:09.763,2021-05-07 10:43:11.743,0.021,3,3,0.99999934,2.226259e-08,8.396443e-09,5.077371e-07,0.99999934
511,149,walking,2021-05-07 10:43:10.763,2021-05-07 10:43:12.743,0.021,3,3,0.99999946,1.4466333e-08,4.6897815e-09,4.249571e-07,0.99999946
511,149,walking,2021-05-07 10:43:11.763,2021-05-07 10:43:13.743,0.021,3,3,0.9999998,2.7591487e-09,4.019117e-10,8.059202e-08,0.9999998
511,149,walking,2021-05-07 10:43:12.763,2021-05-07 10:43:14.743,0.021,3,3,0.9999997,5.74086e-09,1.1082014e-09,1.8394903e-07,0.9999997
511,149,walking,2021-05-07 10:43:13.763,2021-05-07 10:43:15.743,0.021,3,3,0.9999998,5.0608837e-09,9.211105e-10,9.8375885e-08,0.9999998
511,149,walking,2021-05-07 10:43:14.763,2021-05-07 10:43:16.743,0.021,3,3,0.99999994,1.921976e-09,2.2708946e-10,3.438681e-08,0.99999994
511,149,walking,2021-05-07 10:43:15.763,2021-05-07 10:43:17.743,0.021,3,3,0.9999996,1.7626856e-08,3.4615522e-09,3.6824605e-07,0.9999996
511,149,walking,2021-05-07 10:43:16.763,2021-05-07 10:43:18.743,0.021,3,3,0.9999996,1.586681e-08,3.0641634e-09,2.8776563e-07,0.9999996
511,149,walking,2021-05-07 10:43:17.763,2021-05-07 10:43:19.743,0.021,3,3,0.9999998,7.451449e-09,1.4639592e-09,1.564734e-07,0.9999998
511,149,walking,2021-05-07 10:43:18.763,2021-05-07 10:43:20.743,0.021,3,3,0.9999998,4.427056e-09,5.998687e-10,8.871009e-08,0.9999998
511,149,walking,2021-05-07 10:43:19.763,2021-05-07 10:43:21.743,0.021,3,3,0.9999998,5.111094e-09,8.066113e-10,1.0371595e-07,0.9999998
511,149,walking,2021-05-07 10:43:20.763,2021-05-07 10:43:22.743,0.021,3,3,0.99999994,5.493252e-10,3.6598162e-11,1.0512499e-08,0.99999994
511,149,walking,2021-05-07 10:43:21.763,2021-05-07 10:43:23.743,0.021,3,3,0.99999994,3.079923e-11,9.0798837e-13,5.6012117e-10,0.99999994
511,149,walking,2021-05-07 10:43:22.763,2021-05-07 10:43:24.743,0.021,3,3,0.99999994,2.4881137e-09,3.4562012e-10,4.902261e-08,0.99999994
511,149,walking,2021-05-07 10:43:23.763,2021-05-07 10:43:25.743,0.021,3,3,0.9999997,1.7550805e-08,3.3919594e-09,2.7551624e-07,0.9999997
511,149,walking,2021-05-07 10:43:24.763,2021-05-07 10:43:26.743,0.021,3,3,0.99999946,2.1568178e-08,4.7150026e-09,4.3118553e-07,0.99999946
511,149,walking,2021-05-07 10:43:25.763,2021-05-07 10:43:27.743,0.021,3,3,0.9999998,5.491557e-09,8.599395e-10,1.5349259e-07,0.9999998
511,149,walking,2021-05-07 10:43:26.763,2021-05-07 10:43:28.743,0.021,3,3,0.99999994,2.0071225e-09,3.1074518e-10,5.599017e-08,0.99999994
511,149,walking,2021-05-07 10:43:27.763,2021-05-07 10:43:29.743,0.021,3,3,0.9999996,1.2854605e-08,3.2427598e-09,3.987982e-07,0.9999996
511,149,walking,2021-05-07 10:43:28.763,2021-05-07 10:43:30.743,0.021,3,3,0.9999998,3.6120726e-09,6.4067723e-10,1.5431041e-07,0.9999998
511,149,walking,2021-05-07 10:43:29.763,2021-05-07 10:43:31.743,0.021,3,3,0.999999,2.3129738e-08,8.591982e-09,9.711825e-07,0.999999
511,149,walking,2021-05-07 10:43:30.763,2021-05-07 10:43:32.743,0.021,3,3,0.9999998,2.6406233e-09,3.8743217e-10,6.392351e-08,0.9999998
511,149,walking,2021-05-07 10:43:31.763,2021-05-07 10:43:33.743,0.021,3,3,0.99999994,3.2517752e-11,9.0777884e-13,6.364267e-10,0.99999994
511,149,walking,2021-05-07 10:43:32.763,2021-05-07 10:43:34.743,0.021,3,3,0.99999994,5.321817e-13,5.8882376e-15,2.1416278e-11,0.99999994
511,149,walking,2021-05-07 10:43:33.763,2021-05-07 10:43:35.743,0.021,3,3,0.99999994,3.0158348e-10,2.7597672e-11,1.3742459e-08,0.99999994
511,149,walking,2021-05-07 10:43:34.763,2021-05-07 10:43:36.743,0.021,3,3,0.999999,4.334238e-08,1.5474523e-08,8.8373133e-07,0.999999
511,149,walking,2021-05-07 10:43:35.763,2021-05-07 10:43:37.743,0.021,3,3,0.9999998,3.1348728e-09,6.1613326e-10,9.732031e-08,0.9999998
511,149,walking,2021-05-07 10:43:36.763,2021-05-07 10:43:38.743,0.021,3,3,0.9999998,1.927622e-09,3.794005e-10,9.658138e-08,0.9999998
511,149,walking,2021-05-07 10:43:37.763,2021-05-07 10:43:39.743,0.021,3,3,0.9999998,2.8208973e-09,5.227769e-10,1.7334966e-07,0.9999998
511,149,walking,2021-05-07 10:43:38.763,2021-05-07 10:43:40.743,0.021,3,3,0.9999998,1.1725856e-09,2.5516528e-10,8.75409e-08,0.9999998
511,149,walking,2021-05-07 10:43:39.763,2021-05-07 10:43:41.743,0.021,3,3,0.99999994,8.8077756e-10,1.3177091e-10,3.5421028e-08,0.99999994
511,149,walking,2021-05-07 10:43:40.763,2021-05-07 10:43:42.743,0.021,3,3,0.99999994,5.089872e-11,1.9412414e-12,1.4090633e-09,0.99999994
511,149,walking,2021-05-07 10:43:41.763,2021-05-07 10:43:43.743,0.021,3,3,0.99999994,6.6895625e-12,1.15041e-13,1.324356e-10,0.99999994
511,149,walking,2021-05-07 10:43:42.763,2021-05-07 10:43:44.743,0.021,3,3,0.99999994,5.2174765e-11,2.5720608e-12,1.4991621e-09,0.99999994
511,149,walking,2021-05-07 10:43:43.763,2021-05-07 10:43:45.743,0.021,3,3,0.9999997,1.1338893e-08,3.0813418e-09,2.822544e-07,0.9999997
511,149,walking,2021-05-07 10:43:44.763,2021-05-07 10:43:46.743,0.021,3,3,0.9999978,9.4940845e-08,4.4387257e-08,2.0548266e-06,0.9999978
511,149,walking,2021-05-07 10:43:45.763,2021-05-07 10:43:47.743,0.021,3,3,0.999994,2.551883e-07,2.5519535e-07,5.4113934e-06,0.999994
511,149,walking,2021-05-07 10:43:46.763,2021-05-07 10:43:48.743,0.021,3,3,0.9999841,6.446304e-07,9.4903106e-07,1.4238299e-05,0.9999841
511,149,walking,2021-05-07 10:43:47.763,2021-05-07 10:43:49.743,0.021,3,3,0.9999998,3.360419e-09,7.268802e-10,1.3808281e-07,0.9999998
511,149,walking,2021-05-07 10:43:48.763,2021-05-07 10:43:50.743,0.021,3,3,0.9999998,1.418899e-09,2.3732402e-10,9.157337e-08,0.9999998
511,149,walking,2021-05-07 10:43:49.763,2021-05-07 10:43:51.743,0.021,3,3,0.9999998,1.0583169e-09,2.1112387e-10,5.9365348e-08,0.9999998
511,149,walking,2021-05-07 10:43:50.763,2021-05-07 10:43:52.743,0.021,3,3,0.9999998,2.8410976e-09,4.4213155e-10,7.8941476e-08,0.9999998
511,149,walking,2021-05-07 10:43:51.763,2021-05-07 10:43:53.743,0.021,3,3,0.99999934,2.8441447e-08,7.7184525e-09,5.1430254e-07,0.99999934
511,149,walking,2021-05-07 10:43:52.763,2021-05-07 10:43:54.743,0.021,3,3,0.9999992,2.3761132e-08,1.0798964e-08,7.32865e-07,0.9999992
511,149,walking,2021-05-07 10:43:53.763,2021-05-07 10:43:55.743,0.021,3,3,0.9999992,2.6730751e-08,1.2108807e-08,7.223298e-07,0.9999992
511,149,walking,2021-05-07 10:43:54.763,2021-05-07 10:43:56.743,0.021,3,3,0.999999,3.07841e-08,1.4812126e-08,8.855553e-07,0.999999
511,149,walking,2021-05-07 10:43:55.763,2021-05-07 10:43:57.743,0.021,3,3,0.99999875,3.4803264e-08,1.4619353e-08,1.1877972e-06,0.99999875
511,149,walking,2021-05-07 10:43:56.763,2021-05-07 10:43:58.743,0.021,3,3,0.99999887,1.9826219e-08,8.162872e-09,1.0578229e-06,0.99999887
511,149,walking,2021-05-07 10:43:57.763,2021-05-07 10:43:59.743,0.021,3,3,0.9999997,8.1875156e-09,1.8001921e-09,2.4762016e-07,0.9999997
511,149,walking,2021-05-07 10:43:58.763,2021-05-07 10:44:00.743,0.021,3,3,0.99999934,2.3609209e-08,8.253585e-09,5.2433325e-07,0.99999934
511,149,walking,2021-05-07 10:43:59.763,2021-05-07 10:44:01.743,0.021,3,3,0.99999803,7.132163e-08,3.434257e-08,1.7666091e-06,0.99999803
511,149,walking,2021-05-07 10:44:00.763,2021-05-07 10:44:02.743,0.021,3,3,0.999999,4.275547e-08,1.7329851e-08,9.200182e-07,0.999999
511,149,walking,2021-05-07 10:44:01.763,2021-05-07 10:44:03.743,0.021,3,3,0.9999996,1.4035888e-08,4.68642e-09,3.3177767e-07,0.9999996
511,149,walking,2021-05-07 10:44:02.763,2021-05-07 10:44:04.743,0.021,3,3,0.9999996,1.1988644e-08,3.5054368e-09,3.1307883e-07,0.9999996
511,149,walking,2021-05-07 10:44:03.763,2021-05-07 10:44:05.743,0.021,3,3,0.9999953,1.4243251e-07,8.546126e-08,4.402119e-06,0.9999953
511,149,walking,2021-05-07 10:44:04.763,2021-05-07 10:44:06.743,0.021,3,3,0.99999875,4.0718874e-08,1.6864526e-08,1.0844617e-06,0.99999875
511,149,walking,2021-05-07 10:44:05.763,2021-05-07 10:44:07.743,0.021,3,3,0.9999997,1.0239033e-08,2.4360363e-09,2.5240678e-07,0.9999997
511,149,walking,2021-05-07 10:44:06.763,2021-05-07 10:44:08.743,0.021,3,3,0.9999997,6.650743e-09,1.5106346e-09,2.0818726e-07,0.9999997
511,149,walking,2021-05-07 10:44:07.763,2021-05-07 10:44:09.743,0.021,3,3,0.9999997,6.4770553e-09,1.4889968e-09,2.0972506e-07,0.9999997
511,149,walking,2021-05-07 10:44:08.763,2021-05-07 10:44:10.743,0.021,3,3,0.9999997,6.471622e-09,1.4201604e-09,1.8829489e-07,0.9999997
511,149,walking,2021-05-07 10:44:09.763,2021-05-07 10:44:11.743,0.021,3,3,0.9999996,9.154239e-09,2.4045985e-09,3.3859254e-07,0.9999996
511,149,walking,2021-05-07 10:44:10.763,2021-05-07 10:44:12.743,0.021,3,3,0.9999996,1.0766514e-08,2.4647981e-09,3.3562966e-07,0.9999996
511,149,walking,2021-05-07 10:44:11.763,2021-05-07 10:44:13.743,0.021,3,3,0.9999998,3.1066112e-09,3.688262e-10,6.653792e-08,0.9999998
511,149,walking,2021-05-07 10:44:12.763,2021-05-07 10:44:14.743,0.021,3,3,0.9999997,1.2956761e-08,2.6937883e-09,2.5771394e-07,0.9999997
511,149,walking,2021-05-07 10:44:13.763,2021-05-07 10:44:15.743,0.021,3,3,0.9999983,7.869016e-08,2.9309227e-08,1.5738901e-06,0.9999983
511,149,walking,2021-05-07 10:44:14.763,2021-05-07 10:44:16.743,0.021,3,3,0.9999997,1.0820865e-08,2.5684954e-09,2.52002e-07,0.9999997
511,149,walking,2021-05-07 10:44:15.763,2021-05-07 10:44:17.743,0.021,3,3,0.9999998,2.3818172e-09,4.5837728e-10,6.6478556e-08,0.9999998
511,149,walking,2021-05-07 10:44:16.763,2021-05-07 10:44:18.743,0.021,3,3,0.9999998,4.210089e-09,6.282758e-10,1.00566176e-07,0.9999998
511,149,walking,2021-05-07 10:44:17.763,2021-05-07 10:44:19.743,0.021,3,3,0.99999994,8.9159174e-10,7.4285814e-11,1.6677863e-08,0.99999994
511,149,walking,2021-05-07 10:44:18.763,2021-05-07 10:44:20.743,0.021,3,3,0.99999994,1.8526877e-09,2.4841199e-10,4.423564e-08,0.99999994
511,149,walking,2021-05-07 10:44:19.763,2021-05-07 10:44:21.743,0.021,3,3,0.999999,3.4846778e-08,1.37318334e-08,9.034176e-07,0.999999
511,149,walking,2021-05-07 10:44:20.763,2021-05-07 10:44:22.743,0.021,3,3,0.9999996,1.6149325e-08,4.6091637e-09,3.794994e-07,0.9999996
511,149,walking,2021-05-07 10:44:21.763,2021-05-07 10:44:23.743,0.021,3,3,0.99999994,2.2346058e-09,3.0850342e-10,4.8964765e-08,0.99999994
511,149,walking,2021-05-07 10:44:22.763,2021-05-07 10:44:24.743,0.021,3,3,0.99999994,1.7252444e-10,1.0942309e-11,4.048255e-09,0.99999994
511,149,walking,2021-05-07 10:44:23.763,2021-05-07 10:44:25.743,0.021,3,3,0.9999998,4.0179846e-09,6.012777e-10,8.546768e-08,0.9999998
511,149,walking,2021-05-07 10:44:24.763,2021-05-07 10:44:26.743,0.021,3,3,0.9999997,1.176466e-08,2.3575908e-09,2.587685e-07,0.9999997
511,149,walking,2021-05-07 10:44:25.763,2021-05-07 10:44:27.743,0.021,3,3,0.9999998,5.6537224e-09,9.420102e-10,1.16624435e-07,0.9999998
511,149,walking,2021-05-07 10:44:26.763,2021-05-07 10:44:28.743,0.021,3,3,0.9999997,6.195498e-09,1.5808413e-09,1.8414472e-07,0.9999997
511,149,walking,2021-05-07 10:44:27.763,2021-05-07 10:44:29.743,0.021,3,3,0.99999875,3.4637967e-08,1.6026204e-08,1.1545775e-06,0.99999875
511,149,walking,2021-05-07 10:44:28.763,2021-05-07 10:44:30.743,0.021,3,3,0.9999998,3.3297431e-09,6.0294636e-10,7.9079065e-08,0.9999998
511,149,walking,2021-05-07 10:44:29.763,2021-05-07 10:44:31.743,0.021,3,3,0.9999985,5.5667655e-08,1.829597e-08,1.3218081e-06,0.9999985
511,152,standing,2021-05-07 10:44:33.083,2021-05-07 10:44:35.063,0.021,2,2,0.86074626,0.00023091024,0.05190755,0.86074626,0.08711529
511,152,standing,2021-05-07 10:44:34.083,2021-05-07 10:44:36.063,0.021,2,2,0.90369016,0.00014102219,0.079815544,0.90369016,0.016353207
511,156,standing,2021-05-07 10:44:38.923,2021-05-07 10:44:40.903,0.021,2,2,0.92244875,0.00013509553,0.053047553,0.92244875,0.024368549
511,156,standing,2021-05-07 10:44:39.923,2021-05-07 10:44:41.903,0.021,2,2,0.9264644,0.000107893706,0.06039741,0.9264644,0.013030281
511,156,standing,2021-05-07 10:44:40.923,2021-05-07 10:44:42.903,0.021,2,2,0.9175988,0.0001449769,0.05552651,0.9175988,0.02672966
511,156,standing,2021-05-07 10:44:41.923,2021-05-07 10:44:43.903,0.021,2,2,0.896699,0.00020334781,0.058500994,0.896699,0.04459659
511,156,standing,2021-05-07 10:44:42.923,2021-05-07 10:44:44.903,0.021,2,2,0.9071167,0.00016517544,0.072023325,0.9071167,0.020694738
511,156,standing,2021-05-07 10:44:43.923,2021-05-07 10:44:45.903,0.021,2,2,0.7005487,0.00029139742,0.027484048,0.7005487,0.27167577
511,156,standing,2021-05-07 10:44:44.923,2021-05-07 10:44:46.903,0.021,2,3,0.5815316,0.00029498746,0.012925903,0.40524754,0.5815316
511,156,standing,2021-05-07 10:44:45.923,2021-05-07 10:44:47.903,0.021,2,2,0.90192217,0.00016832359,0.082465634,0.90192217,0.015443775
511,156,standing,2021-05-07 10:44:46.923,2021-05-07 10:44:48.903,0.021,2,2,0.9178058,0.00010397562,0.07381806,0.9178058,0.00827208
511,156,standing,2021-05-07 10:44:47.923,2021-05-07 10:44:49.903,0.021,2,2,0.9228776,8.0574064e-05,0.0711275,0.9228776,0.0059143044
511,156,standing,2021-05-07 10:44:48.923,2021-05-07 10:44:50.903,0.021,2,2,0.922426,0.0001118036,0.06434092,0.922426,0.013121323
511,156,standing,2021-05-07 10:44:49.923,2021-05-07 10:44:51.903,0.021,2,2,0.9221,0.00010866692,0.066874094,0.9221,0.010917346
511,156,standing,2021-05-07 10:44:50.923,2021-05-07 10:44:52.903,0.021,2,2,0.92344266,0.00010400283,0.0659308,0.92344266,0.010522507
511,156,standing,2021-05-07 10:44:51.923,2021-05-07 10:44:53.903,0.021,2,2,0.9169007,0.00013656178,0.05736598,0.9169007,0.025596797
511,156,standing,2021-05-07 10:44:52.923,2021-05-07 10:44:54.903,0.021,2,2,0.9182575,0.000137674,0.05187644,0.9182575,0.029728454
511,156,standing,2021-05-07 10:44:53.923,2021-05-07 10:44:55.903,0.021,2,2,0.9276916,9.733609e-05,0.04898201,0.9276916,0.023229089
511,159,walking,2021-05-07 10:44:57.284,2021-05-07 10:44:59.263,0.021,3,3,0.99990064,2.3280998e-06,4.6363375e-06,9.2276234e-05,0.99990064
511,159,walking,2021-05-07 10:44:58.284,2021-05-07 10:45:00.263,0.021,3,3,0.99999326,2.528651e-07,2.248739e-07,6.201864e-06,0.99999326
511,159,walking,2021-05-07 10:44:59.284,2021-05-07 10:45:01.263,0.021,3,3,0.9999433,1.0091736e-06,1.7245499e-06,5.385859e-05,0.9999433
511,159,walking,2021-05-07 10:45:00.283,2021-05-07 10:45:02.263,0.021,3,3,0.9999793,3.746851e-07,3.5311075e-07,1.9917112e-05,0.9999793
511,159,walking,2021-05-07 10:45:01.283,2021-05-07 10:45:03.263,0.021,3,3,0.9999977,5.1334194e-08,2.6883693e-08,2.17326e-06,0.9999977
511,159,walking,2021-05-07 10:45:02.283,2021-05-07 10:45:04.263,0.021,3,3,0.99996823,5.871545e-07,7.205626e-07,3.0358888e-05,0.99996823
511,159,walking,2021-05-07 10:45:03.283,2021-05-07 10:45:05.263,0.021,3,3,0.9999806,5.399807e-07,6.5155353e-07,1.8077482e-05,0.9999806
511,159,walking,2021-05-07 10:45:04.283,2021-05-07 10:45:06.263,0.021,3,3,0.99999136,2.0342206e-07,1.7664551e-07,8.227064e-06,0.99999136
511,159,walking,2021-05-07 10:45:05.283,2021-05-07 10:45:07.263,0.021,3,3,0.9999986,3.397792e-08,1.4537823e-08,1.2177961e-06,0.9999986
511,159,walking,2021-05-07 10:45:06.283,2021-05-07 10:45:08.263,0.021,3,3,0.9999971,7.033284e-08,3.751192e-08,2.7651513e-06,0.9999971
511,159,walking,2021-05-07 10:45:07.283,2021-05-07 10:45:09.263,0.021,3,3,0.9999985,3.5361644e-08,1.9205341e-08,1.3270903e-06,0.9999985
511,159,walking,2021-05-07 10:45:08.284,2021-05-07 10:45:10.263,0.021,3,3,0.9999997,7.1017237e-09,1.6930409e-09,1.8519154e-07,0.9999997
511,159,walking,2021-05-07 10:45:09.284,2021-05-07 10:45:11.263,0.021,3,3,0.99999934,2.4373191e-08,8.814178e-09,6.020483e-07,0.99999934
511,159,walking,2021-05-07 10:45:10.284,2021-05-07 10:45:12.263,0.021,3,3,0.9999961,1.3715051e-07,9.113741e-08,3.573815e-06,0.9999961
511,159,walking,2021-05-07 10:45:11.284,2021-05-07 10:45:13.263,0.021,3,3,0.9999903,2.750912e-07,2.319137e-07,9.0966e-06,0.9999903
511,159,walking,2021-05-07 10:45:12.284,2021-05-07 10:45:14.263,0.021,3,3,0.9999954,1.3150013e-07,8.187266e-08,4.3754294e-06,0.9999954
511,159,walking,2021-05-07 10:45:13.284,2021-05-07 10:45:15.263,0.021,3,3,0.99999946,2.3938457e-08,5.756209e-09,4.7501115e-07,0.99999946
511,159,walking,2021-05-07 10:45:14.284,2021-05-07 10:45:16.263,0.021,3,3,0.9999991,4.3297185e-08,1.1870162e-08,8.079592e-07,0.9999991
511,159,walking,2021-05-07 10:45:15.284,2021-05-07 10:45:17.263,0.021,3,3,0.9999966,1.1149475e-07,6.509785e-08,3.2188211e-06,0.9999966
511,159,walking,2021-05-07 10:45:16.284,2021-05-07 10:45:18.263,0.021,3,3,0.99999887,4.47882e-08,1.9737513e-08,1.0518546e-06,0.99999887
511,159,walking,2021-05-07 10:45:17.284,2021-05-07 10:45:19.263,0.021,3,3,0.9999998,7.481598e-09,2.2189166e-09,1.6481194e-07,0.9999998
511,159,walking,2021-05-07 10:45:18.284,2021-05-07 10:45:20.263,0.021,3,3,0.9999991,2.2361913e-08,1.1400888e-08,7.426494e-07,0.9999991
511,159,walking,2021-05-07 10:45:19.284,2021-05-07 10:45:21.263,0.021,3,3,0.99999326,1.509938e-07,1.537858e-07,6.360512e-06,0.99999326
511,159,walking,2021-05-07 10:45:20.284,2021-05-07 10:45:22.263,0.021,3,3,0.999968,7.618578e-07,8.85979e-07,3.033483e-05,0.999968
511,159,walking,2021-05-07 10:45:21.284,2021-05-07 10:45:23.263,0.021,3,3,0.999989,3.087224e-07,2.8344635e-07,1.0344122e-05,0.999989
511,159,walking,2021-05-07 10:45:22.284,2021-05-07 10:45:24.263,0.021,3,3,0.99997777,5.745949e-07,7.296372e-07,2.0921687e-05,0.99997777
511,159,walking,2021-05-07 10:45:23.284,2021-05-07 10:45:25.263,0.021,3,3,0.9999955,1.07634776e-07,1.12857094e-07,4.1956005e-06,0.9999955
511,159,walking,2021-05-07 10:45:24.284,2021-05-07 10:45:26.263,0.021,3,3,0.99997944,4.9900615e-07,6.274299e-07,1.943511e-05,0.99997944
511,159,walking,2021-05-07 10:45:25.284,2021-05-07 10:45:27.263,0.021,3,3,0.99999636,7.918565e-08,4.3157232e-08,3.4450009e-06,0.99999636
511,159,walking,2021-05-07 10:45:26.284,2021-05-07 10:45:28.263,0.021,3,3,0.99999565,1.6271134e-07,1.10680375e-07,3.979671e-06,0.99999565
511,159,walking,2021-05-07 10:45:27.284,2021-05-07 10:45:29.263,0.021,3,3,0.99998814,3.7240633e-07,4.5809819e-07,1.1028813e-05,0.99998814
511,159,walking,2021-05-07 10:45:28.284,2021-05-07 10:45:30.263,0.021,3,3,0.9999898,2.1282095e-07,2.4688887e-07,9.731823e-06,0.9999898
511,159,walking,2021-05-07 10:45:29.284,2021-05-07 10:45:31.263,0.021,3,3,0.99998456,3.569797e-07,4.2448457e-07,1.4574345e-05,0.99998456
511,159,walking,2021-05-07 10:45:30.284,2021-05-07 10:45:32.263,0.021,3,3,0.99999195,2.1777235e-07,2.0978904e-07,7.516672e-06,0.99999195
511,159,walking,2021-05-07 10:45:31.284,2021-05-07 10:45:33.263,0.021,3,3,0.9999967,8.387765e-08,5.4494723e-08,3.1275401e-06,0.9999967
511,159,walking,2021-05-07 10:45:32.284,2021-05-07 10:45:34.263,0.021,3,3,0.9999978,4.5630944e-08,2.076096e-08,2.1342112e-06,0.9999978
511,159,walking,2021-05-07 10:45:33.284,2021-05-07 10:45:35.263,0.021,3,3,0.9999997,4.561465e-09,1.1089119e-09,2.0977187e-07,0.9999997
511,159,walking,2021-05-07 10:45:34.284,2021-05-07 10:45:36.263,0.021,3,3,0.9999998,1.8519631e-09,4.1588877e-10,7.0763626e-08,0.9999998
511,159,walking,2021-05-07 10:45:35.284,2021-05-07 10:45:37.263,0.021,3,3,0.99999565,1.3800589e-07,1.1005328e-07,4.042966e-06,0.99999565
511,159,walking,2021-05-07 10:45:36.284,2021-05-07 10:45:38.263,0.021,3,3,0.9999923,2.2235221e-07,2.0822243e-07,7.209645e-06,0.9999923
511,159,walking,2021-05-07 10:45:37.284,2021-05-07 10:45:39.263,0.021,3,3,0.9999959,1.2088259e-07,7.8343724e-08,3.799465e-06,0.9999959
511,159,walking,2021-05-07 10:45:38.284,2021-05-07 10:45:40.263,0.021,3,3,0.9999979,4.953703e-08,2.4095268e-08,1.996193e-06,0.9999979
511,159,walking,2021-05-07 10:45:39.284,2021-05-07 10:45:41.263,0.021,3,3,0.9999828,2.9085393e-07,3.0011324e-07,1.6629354e-05,0.9999828
511,159,walking,2021-05-07 10:45:40.284,2021-05-07 10:45:42.263,0.021,3,3,0.999597,7.3530723e-06,2.3287284e-05,0.00037235924,0.999597
511,160,standing,2021-05-07 10:45:42.324,2021-05-07 10:45:44.304,0.021,2,2,0.81059724,0.00036846852,0.1669586,0.81059724,0.022075677
511,160,standing,2021-05-07 10:45:43.324,2021-05-07 10:45:45.304,0.021,2,2,0.8644992,0.00029995872,0.10928911,0.8644992,0.025911687
511,160,standing,2021-05-07 10:45:44.324,2021-05-07 10:45:46.304,0.021,2,2,0.89813423,0.00016482895,0.090373166,0.89813423,0.011327815
511,160,standing,2021-05-07 10:45:45.324,2021-05-07 10:45:47.304,0.021,2,2,0.88233685,0.00013421453,0.11188535,0.88233685,0.005643569
511,160,standing,2021-05-07 10:45:46.324,2021-05-07 10:45:48.304,0.021,2,2,0.8780844,0.00025690167,0.065330796,0.8780844,0.05632789
511,160,standing,2021-05-07 10:45:47.324,2021-05-07 10:45:49.304,0.021,2,2,0.87363553,0.00022860224,0.09808464,0.87363553,0.028051201
511,160,standing,2021-05-07 10:45:48.324,2021-05-07 10:45:50.304,0.021,2,2,0.81817895,0.00012249216,0.17810012,0.81817895,0.0035984444
511,160,standing,2021-05-07 10:45:49.324,2021-05-07 10:45:51.304,0.021,2,2,0.8518442,0.0001863703,0.13980423,0.8518442,0.008165293
511,160,standing,2021-05-07 10:45:50.324,2021-05-07 10:45:52.304,0.021,2,2,0.8459263,0.00017230285,0.14745423,0.8459263,0.006447114
511,160,standing,2021-05-07 10:45:51.324,2021-05-07 10:45:53.304,0.021,2,2,0.8522583,0.00016759674,0.1415198,0.8522583,0.0060542785
511,160,standing,2021-05-07 10:45:52.324,2021-05-07 10:45:54.304,0.021,2,2,0.85316694,0.00015580405,0.14059226,0.85316694,0.0060849125
511,160,standing,2021-05-07 10:45:53.324,2021-05-07 10:45:55.304,0.021,2,2,0.85743016,0.00014621866,0.13651378,0.85743016,0.0059098084
511,160,standing,2021-05-07 10:45:54.324,2021-05-07 10:45:56.304,0.021,2,2,0.84835446,0.00012097952,0.14756283,0.84835446,0.003961766
511,160,standing,2021-05-07 10:45:55.324,2021-05-07 10:45:57.304,0.021,2,2,0.81015533,0.00010985909,0.18700881,0.81015533,0.0027258855
511,160,standing,2021-05-07 10:45:56.324,2021-05-07 10:45:58.304,0.021,2,2,0.83117735,0.00013955981,0.16402632,0.83117735,0.004656772
511,160,standing,2021-05-07 10:45:57.324,2021-05-07 10:45:59.304,0.021,2,2,0.84663916,0.00015169714,0.14700668,0.84663916,0.00620239
511,160,standing,2021-05-07 10:45:58.324,2021-05-07 10:46:00.303,0.021,2,2,0.8345902,0.00012918276,0.16028471,0.8345902,0.0049957945
511,160,standing,2021-05-07 10:45:59.324,2021-05-07 10:46:01.303,0.021,2,2,0.84174806,0.00013436298,0.15233628,0.84174806,0.0057811956
511,160,standing,2021-05-07 10:46:00.323,2021-05-07 10:46:02.303,0.021,2,2,0.8216778,0.00010768085,0.17378344,0.8216778,0.0044309963
511,160,standing,2021-05-07 10:46:01.323,2021-05-07 10:46:03.303,0.021,2,2,0.77220935,7.7090175e-05,0.22493988,0.77220935,0.0027736775
511,160,standing,2021-05-07 10:46:02.323,2021-05-07 10:46:04.303,0.021,2,2,0.77947086,8.8302535e-05,0.21659039,0.77947086,0.0038504354
511,160,standing,2021-05-07 10:46:03.323,2021-05-07 10:46:05.303,0.021,2,2,0.78320295,0.00011322165,0.2125173,0.78320295,0.004166531
511,160,standing,2021-05-07 10:46:04.323,2021-05-07 10:46:06.303,0.021,2,2,0.80346334,0.00012987011,0.19308212,0.80346334,0.0033246635
511,160,standing,2021-05-07 10:46:05.323,2021-05-07 10:46:07.303,0.021,2,2,0.8422514,0.00014566183,0.15385506,0.8422514,0.0037478418
511,160,standing,2021-05-07 10:46:06.323,2021-05-07 10:46:08.303,0.021,2,2,0.85047007,0.00016814658,0.14454678,0.85047007,0.004815
511,161,walking,2021-05-07 10:46:08.524,2021-05-07 10:46:10.503,0.021,3,3,0.8828333,0.0004025483,0.0110969,0.10566718,0.8828333
511,161,walking,2021-05-07 10:46:09.524,2021-05-07 10:46:11.503,0.021,3,3,0.98071545,0.00010987985,0.0012153264,0.017959304,0.98071545
511,161,walking,2021-05-07 10:46:10.524,2021-05-07 10:46:12.503,0.021,3,3,0.99093586,0.00010470112,0.0011886241,0.0077708596,0.99093586
511,161,walking,2021-05-07 10:46:11.524,2021-05-07 10:46:13.503,0.021,3,3,0.9962015,4.068015e-05,0.00030772202,0.0034500044,0.9962015
511,161,walking,2021-05-07 10:46:12.524,2021-05-07 10:46:14.503,0.021,3,3,0.99957156,5.6729523e-06,2.0507008e-05,0.00040229212,0.99957156
511,161,walking,2021-05-07 10:46:13.524,2021-05-07 10:46:15.503,0.021,3,3,0.9940477,6.976811e-05,0.00071512617,0.0051673553,0.9940477
511,165,walking,2021-05-07 10:46:18.044,2021-05-07 10:46:20.024,0.021,3,3,0.9117619,0.00047586972,0.012228895,0.075533345,0.9117619
511,165,walking,2021-05-07 10:46:19.044,2021-05-07 10:46:21.024,0.021,3,3,0.9914572,6.872982e-05,0.0007782481,0.007695904,0.9914572
511,165,walking,2021-05-07 10:46:20.044,2021-05-07 10:46:22.024,0.021,3,3,0.94907075,0.0002548417,0.00417708,0.04649733,0.94907075
511,165,walking,2021-05-07 10:46:21.044,2021-05-07 10:46:23.024,0.021,3,3,0.97968084,0.0001575296,0.0019837904,0.018177757,0.97968084
511,165,walking,2021-05-07 10:46:22.044,2021-05-07 10:46:24.024,0.021,3,3,0.9847587,8.617565e-05,0.000932992,0.014222102,0.9847587
511,165,walking,2021-05-07 10:46:23.044,2021-05-07 10:46:25.024,0.021,3,3,0.9947475,2.8030057e-05,0.00017995482,0.005044581,0.9947475
511,165,walking,2021-05-07 10:46:24.044,2021-05-07 10:46:26.024,0.021,3,3,0.9998374,2.281992e-06,6.221392e-06,0.00015413527,0.9998374
511,165,walking,2021-05-07 10:46:25.044,2021-05-07 10:46:27.024,0.021,3,3,0.9998529,2.6440441e-06,8.704888e-06,0.00013587873,0.9998529
511,165,walking,2021-05-07 10:46:26.044,2021-05-07 10:46:28.024,0.021,3,3,0.99506617,6.206203e-05,0.00053700706,0.004334777,0.99506617
511,165,walking,2021-05-07 10:46:27.044,2021-05-07 10:46:29.024,0.021,3,3,0.9987849,1.7988166e-05,9.5956886e-05,0.0011011257,0.9987849
511,165,walking,2021-05-07 10:46:28.044,2021-05-07 10:46:30.024,0.021,3,3,0.99852186,2.5887619e-05,0.000117635434,0.0013344685,0.99852186
511,165,walking,2021-05-07 10:46:29.044,2021-05-07 10:46:31.024,0.021,3,3,0.9996068,4.4846156e-06,1.5619025e-05,0.0003731581,0.9996068
511,165,walking,2021-05-07 10:46:30.044,2021-05-07 10:46:32.023,0.021,3,3,0.9988665,1.0032813e-05,4.301745e-05,0.001080383,0.9988665
511,165,walking,2021-05-07 10:46:31.044,2021-05-07 10:46:33.023,0.021,3,3,0.99977493,2.1745504e-06,5.0180897e-06,0.00021785255,0.99977493
511,165,walking,2021-05-07 10:46:32.043,2021-05-07 10:46:34.023,0.021,3,3,0.9998636,1.6375201e-06,3.5198784e-06,0.00013125097,0.9998636
511,165,walking,2021-05-07 10:46:33.043,2021-05-07 10:46:35.023,0.021,3,3,0.99951094,4.08712e-06,1.5387812e-05,0.00046964694,0.99951094
511,165,walking,2021-05-07 10:46:34.043,2021-05-07 10:46:36.023,0.021,3,3,0.9995465,5.7559378e-06,2.1233302e-05,0.00042654492,0.9995465
511,165,walking,2021-05-07 10:46:35.043,2021-05-07 10:46:37.023,0.021,3,3,0.98916334,0.00011827832,0.0012198559,0.009498508,0.98916334
511,165,walking,2021-05-07 10:46:36.043,2021-05-07 10:46:38.023,0.021,3,3,0.9077369,0.000321999,0.0068196873,0.085121356,0.9077369
511,165,walking,2021-05-07 10:46:37.043,2021-05-07 10:46:39.023,0.021,3,3,0.99529064,5.035279e-05,0.00042964847,0.0042293738,0.99529064
511,165,walking,2021-05-07 10:46:38.043,2021-05-07 10:46:40.023,0.021,3,3,0.9967872,2.9940165e-05,0.0002874353,0.0028954085,0.9967872
511,165,walking,2021-05-07 10:46:39.043,2021-05-07 10:46:41.023,0.021,3,3,0.97516996,0.00012919986,0.0016986298,0.023002183,0.97516996
511,165,walking,2021-05-07 10:46:40.043,2021-05-07 10:46:42.023,0.021,3,3,0.99865234,2.0856967e-05,0.00010806298,0.001218657,0.99865234
511,165,walking,2021-05-07 10:46:41.043,2021-05-07 10:46:43.023,0.021,3,3,0.99821633,2.148668e-05,0.00015118424,0.0016111339,0.99821633
511,165,walking,2021-05-07 10:46:42.043,2021-05-07 10:46:44.023,0.021,3,3,0.99821585,1.8318642e-05,0.00012579374,0.001640028,0.99821585
511,165,walking,2021-05-07 10:46:43.043,2021-05-07 10:46:45.023,0.021,3,3,0.99915075,1.2876239e-05,5.2771433e-05,0.0007835901,0.99915075
511,165,walking,2021-05-07 10:46:44.043,2021-05-07 10:46:46.023,0.021,3,3,0.96812457,0.00029873502,0.004150279,0.027426407,0.96812457
511,165,walking,2021-05-07 10:46:45.043,2021-05-07 10:46:47.023,0.021,3,3,0.9702186,0.00019119983,0.0030409563,0.026549254,0.9702186
511,165,walking,2021-05-07 10:46:46.043,2021-05-07 10:46:48.023,0.021,3,3,0.99951047,5.6365934e-06,1.9986395e-05,0.0004638999,0.99951047
511,165,walking,2021-05-07 10:46:47.043,2021-05-07 10:46:49.023,0.021,3,3,0.9988522,1.7784256e-05,9.703973e-05,0.0010329762,0.9988522
511,165,walking,2021-05-07 10:46:48.043,2021-05-07 10:46:50.023,0.021,3,3,0.9916265,9.217666e-05,0.0010446669,0.007236624,0.9916265
511,165,walking,2021-05-07 10:46:49.043,2021-05-07 10:46:51.023,0.021,3,3,0.8311796,0.0006838313,0.029664785,0.1384718,0.8311796
511,167,walking,2021-05-07 10:46:52.203,2021-05-07 10:46:54.183,0.021,3,3,0.9999004,1.7489767e-06,4.4059097e-06,9.335681e-05,0.9999004
511,167,walking,2021-05-07 10:46:53.203,2021-05-07 10:46:55.183,0.021,3,3,0.9992911,1.0333818e-05,4.0167848e-05,0.0006584681,0.9992911
511,167,walking,2021-05-07 10:46:54.203,2021-05-07 10:46:56.183,0.021,3,3,0.9970989,2.70904e-05,0.00016515846,0.0027088337,0.9970989
511,167,walking,2021-05-07 10:46:55.203,2021-05-07 10:46:57.183,0.021,3,3,0.99864364,1.953064e-05,0.00010252098,0.0012342349,0.99864364
511,167,walking,2021-05-07 10:46:56.203,2021-05-07 10:46:58.183,0.021,3,3,0.99490464,6.0366056e-05,0.00048033122,0.0045546833,0.99490464
511,167,walking,2021-05-07 10:46:57.203,2021-05-07 10:46:59.183,0.021,3,3,0.99761665,1.9782718e-05,0.0001311636,0.0022322985,0.99761665
511,167,walking,2021-05-07 10:46:58.203,2021-05-07 10:47:00.184,0.021,3,3,0.9989145,1.0937513e-05,5.762217e-05,0.0010169642,0.9989145
511,167,walking,2021-05-07 10:46:59.203,2021-05-07 10:47:01.184,0.021,3,3,0.999335,6.3797183e-06,2.2012768e-05,0.00063654006,0.999335
511,167,walking,2021-05-07 10:47:00.204,2021-05-07 10:47:02.184,0.021,3,3,0.9999992,3.7950343e-08,9.473581e-09,7.2202744e-07,0.9999992
511,167,walking,2021-05-07 10:47:01.204,2021-05-07 10:47:03.184,0.021,3,3,0.99999994,2.9299223e-11,3.8586595e-13,2.3263885e-10,0.99999994
511,167,walking,2021-05-07 10:47:02.204,2021-05-07 10:47:04.184,0.021,3,3,0.99999994,2.714897e-12,1.991927e-14,3.5538794e-11,0.99999994
511,167,walking,2021-05-07 10:47:03.204,2021-05-07 10:47:05.184,0.021,3,3,0.99999994,3.6093541e-12,2.0763552e-14,2.8721352e-11,0.99999994
511,167,walking,2021-05-07 10:47:04.204,2021-05-07 10:47:06.184,0.021,3,3,0.99999994,3.969383e-11,5.0772223e-13,1.944972e-10,0.99999994
511,167,walking,2021-05-07 10:47:05.204,2021-05-07 10:47:07.184,0.021,3,3,0.99999994,8.128562e-12,8.167734e-14,5.381239e-11,0.99999994
511,167,walking,2021-05-07 10:47:06.204,2021-05-07 10:47:08.184,0.021,3,3,0.99999994,3.271858e-11,6.3250723e-13,2.2087478e-10,0.99999994
511,167,walking,2021-05-07 10:47:07.204,2021-05-07 10:47:09.184,0.021,3,3,0.99999994,5.466909e-11,1.3183489e-12,3.2543584e-10,0.99999994
511,167,walking,2021-05-07 10:47:08.204,2021-05-07 10:47:10.184,0.021,3,3,0.99999994,2.0485302e-12,1.4353526e-14,1.7237205e-11,0.99999994
511,167,walking,2021-05-07 10:47:09.204,2021-05-07 10:47:11.184,0.021,3,3,0.99999994,4.2046724e-13,1.9186516e-15,4.344471e-12,0.99999994
511,167,walking,2021-05-07 10:47:10.204,2021-05-07 10:47:12.184,0.021,3,3,0.99999994,1.6993249e-12,1.1788639e-14,1.5577241e-11,0.99999994
511,167,walking,2021-05-07 10:47:11.204,2021-05-07 10:47:13.184,0.021,3,3,0.99999994,6.0420603e-13,3.4915145e-15,5.8259218e-12,0.99999994
511,167,walking,2021-05-07 10:47:12.204,2021-05-07 10:47:14.184,0.021,3,3,0.99999994,6.811029e-14,3.0551023e-16,1.4070014e-12,0.99999994
511,167,walking,2021-05-07 10:47:13.204,2021-05-07 10:47:15.184,0.021,3,3,0.99999994,1.3836554e-13,8.39528e-16,3.1277732e-12,0.99999994
511,167,walking,2021-05-07 10:47:14.204,2021-05-07 10:47:16.184,0.021,3,3,0.99999994,1.6224198e-12,1.4776173e-14,1.9749029e-11,0.99999994
511,167,walking,2021-05-07 10:47:15.204,2021-05-07 10:47:17.184,0.021,3,3,0.99999994,2.5961143e-11,6.353414e-13,3.0407524e-10,0.99999994
511,167,walking,2021-05-07 10:47:16.204,2021-05-07 10:47:18.184,0.021,3,3,0.99999994,1.1538115e-10,5.135027e-12,1.1003034e-09,0.99999994
511,167,walking,2021-05-07 10:47:17.204,2021-05-07 10:47:19.184,0.021,3,3,0.99999994,1.19075695e-11,2.6029238e-13,9.450801e-11,0.99999994
511,167,walking,2021-05-07 10:47:18.204,2021-05-07 10:47:20.184,0.021,3,3,0.99999994,5.32639e-12,6.9269094e-14,3.520128e-11,0.99999994
511,167,walking,2021-05-07 10:47:19.204,2021-05-07 10:47:21.184,0.021,3,3,0.99999994,1.4265202e-11,2.3477813e-13,9.7600684e-11,0.99999994
511,167,walking,2021-05-07 10:47:20.204,2021-05-07 10:47:22.184,0.021,3,3,0.99999994,4.730479e-13,2.0597086e-15,2.8314694e-12,0.99999994
511,167,walking,2021-05-07 10:47:21.204,2021-05-07 10:47:23.184,0.021,3,3,0.99999994,8.766834e-13,4.7475854e-15,5.290305e-12,0.99999994
511,167,walking,2021-05-07 10:47:22.204,2021-05-07 10:47:24.184,0.021,3,3,0.99999994,1.121193e-11,1.3005928e-13,4.672208e-11,0.99999994
511,167,walking,2021-05-07 10:47:23.204,2021-05-07 10:47:25.184,0.021,3,3,0.99999994,4.6430667e-12,3.4469972e-14,1.976497e-11,0.99999994
511,167,walking,2021-05-07 10:47:24.204,2021-05-07 10:47:26.184,0.021,3,3,0.99999994,1.992294e-12,1.5273566e-14,1.4548306e-11,0.99999994
511,167,walking,2021-05-07 10:47:25.204,2021-05-07 10:47:27.184,0.021,3,3,0.99999994,4.1909505e-12,3.27068e-14,2.483948e-11,0.99999994
511,167,walking,2021-05-07 10:47:26.204,2021-05-07 10:47:28.184,0.021,3,3,0.99999994,3.0745161e-12,1.852591e-14,1.7300281e-11,0.99999994
511,167,walking,2021-05-07 10:47:27.204,2021-05-07 10:47:29.184,0.021,3,3,0.99999994,1.8148938e-12,1.3845816e-14,1.0717247e-11,0.99999994
511,167,walking,2021-05-07 10:47:28.204,2021-05-07 10:47:30.184,0.021,3,3,0.99999994,1.0496489e-12,5.010587e-15,3.9652413e-12,0.99999994
511,167,walking,2021-05-07 10:47:29.204,2021-05-07 10:47:31.184,0.021,3,3,0.99999994,1.422416e-13,2.4755605e-16,2.9886304e-13,0.99999994
511,167,walking,2021-05-07 10:47:30.204,2021-05-07 10:47:32.183,0.021,3,3,0.99999994,4.3267675e-15,2.7093745e-18,1.4131724e-14,0.99999994
511,167,walking,2021-05-07 10:47:31.204,2021-05-07 10:47:33.183,0.021,3,3,0.99999994,2.3652555e-14,2.9503934e-17,9.300575e-14,0.99999994
511,167,walking,2021-05-07 10:47:32.203,2021-05-07 10:47:34.183,0.021,3,3,0.99999994,2.1714576e-14,2.4344382e-17,4.599107e-14,0.99999994
511,167,walking,2021-05-07 10:47:33.203,2021-05-07 10:47:35.183,0.021,3,3,0.99999994,1.8388331e-14,1.7853585e-17,4.3626683e-14,0.99999994
511,167,walking,2021-05-07 10:47:34.203,2021-05-07 10:47:36.183,0.021,3,3,0.99999994,2.1698512e-14,2.6234839e-17,1.0519774e-13,0.99999994
511,167,walking,2021-05-07 10:47:35.203,2021-05-07 10:47:37.183,0.021,3,3,0.99999994,7.699191e-14,1.1720694e-16,2.6033757e-13,0.99999994
511,167,walking,2021-05-07 10:47:36.203,2021-05-07 10:47:38.183,0.021,3,3,0.99999994,5.7292593e-15,6.344582e-18,3.666196e-14,0.99999994
511,167,walking,2021-05-07 10:47:37.203,2021-05-07 10:47:39.183,0.021,3,3,0.99999994,8.7511785e-17,3.985782e-20,1.7892192e-15,0.99999994
511,167,walking,2021-05-07 10:47:38.203,2021-05-07 10:47:40.183,0.021,3,3,0.99999994,6.363592e-16,5.2481156e-19,9.454856e-15,0.99999994
511,167,walking,2021-05-07 10:47:39.203,2021-05-07 10:47:41.183,0.021,3,3,0.99999994,5.379191e-13,1.6566711e-15,1.2551443e-12,0.99999994
511,167,walking,2021-05-07 10:47:40.203,2021-05-07 10:47:42.183,0.021,3,3,0.99999994,2.7161644e-13,7.8769543e-16,1.0351035e-12,0.99999994
511,167,walking,2021-05-07 10:47:41.203,2021-05-07 10:47:43.183,0.021,3,3,0.99999994,6.0095544e-14,9.942861e-17,2.4230748e-13,0.99999994
511,167,walking,2021-05-07 10:47:42.203,2021-05-07 10:47:44.183,0.021,3,3,0.99999994,7.8473455e-14,1.0865165e-16,2.4673335e-13,0.99999994
511,167,walking,2021-05-07 10:47:43.203,2021-05-07 10:47:45.183,0.021,3,3,0.99999994,5.0418205e-15,3.7747895e-18,1.7668714e-14,0.99999994
511,167,walking,2021-05-07 10:47:44.203,2021-05-07 10:47:46.183,0.021,3,3,0.99999994,3.0778043e-14,3.794064e-17,5.920833e-14,0.99999994
511,167,walking,2021-05-07 10:47:45.203,2021-05-07 10:47:47.183,0.021,3,3,0.99999994,1.0072324e-14,8.749705e-18,2.9351535e-14,0.99999994
511,167,walking,2021-05-07 10:47:46.203,2021-05-07 10:47:48.183,0.021,3,3,0.99999994,8.48925e-13,2.9462915e-15,4.0504653e-12,0.99999994
511,167,walking,2021-05-07 10:47:47.203,2021-05-07 10:47:49.183,0.021,3,3,0.99999994,5.97291e-13,2.9023622e-15,3.3352175e-12,0.99999994
511,167,walking,2021-05-07 10:47:48.203,2021-05-07 10:47:50.183,0.021,3,3,0.99999994,2.058711e-15,1.9636012e-18,1.7098734e-14,0.99999994
511,167,walking,2021-05-07 10:47:49.203,2021-05-07 10:47:51.183,0.021,3,3,0.99999994,1.8781804e-13,5.935277e-16,8.501127e-13,0.99999994
511,167,walking,2021-05-07 10:47:50.203,2021-05-07 10:47:52.183,0.021,3,3,0.99999994,4.0265388e-13,1.6526125e-15,2.396053e-12,0.99999994
511,167,walking,2021-05-07 10:47:51.203,2021-05-07 10:47:53.183,0.021,3,3,0.99999994,1.3204242e-13,3.0800386e-16,7.1858486e-13,0.99999994
511,167,walking,2021-05-07 10:47:52.203,2021-05-07 10:47:54.183,0.021,3,3,0.99999994,2.4103617e-13,7.3102136e-16,1.2532951e-12,0.99999994
511,167,walking,2021-05-07 10:47:53.203,2021-05-07 10:47:55.183,0.021,3,3,0.99999994,6.968736e-13,2.736854e-15,3.4738438e-12,0.99999994
511,167,walking,2021-05-07 10:47:54.203,2021-05-07 10:47:56.183,0.021,3,3,0.99999994,2.0022893e-13,4.7638377e-16,1.1625138e-12,0.99999994
511,167,walking,2021-05-07 10:47:55.203,2021-05-07 10:47:57.183,0.021,3,3,0.99999994,5.3110362e-14,9.9803675e-17,3.838517e-13,0.99999994
511,167,walking,2021-05-07 10:47:56.203,2021-05-07 10:47:58.183,0.021,3,3,0.99999994,2.6173264e-13,1.0286034e-15,1.6403143e-12,0.99999994
511,167,walking,2021-05-07 10:47:57.203,2021-05-07 10:47:59.183,0.021,3,3,0.99999994,3.982937e-14,8.1522044e-17,3.6773687e-13,0.99999994
511,167,walking,2021-05-07 10:47:58.203,2021-05-07 10:48:00.184,0.021,3,3,0.99999994,6.497778e-14,1.1421179e-16,3.639139e-13,0.99999994
511,167,walking,2021-05-07 10:47:59.203,2021-05-07 10:48:01.184,0.021,3,3,0.99999994,3.813657e-15,3.4350058e-18,3.1420663e-14,0.99999994
511,167,walking,2021-05-07 10:48:00.204,2021-05-07 10:48:02.184,0.021,3,3,0.99999994,5.904863e-14,1.2004181e-16,5.50873e-13,0.99999994
511,167,walking,2021-05-07 10:48:01.204,2021-05-07 10:48:03.184,0.021,3,3,0.99999994,6.868883e-12,4.9692174e-14,4.5081553e-11,0.99999994
511,167,walking,2021-05-07 10:48:02.204,2021-05-07 10:48:04.184,0.021,3,3,0.99999994,1.3425828e-12,5.216013e-15,1.0000058e-11,0.99999994
511,167,walking,2021-05-07 10:48:03.204,2021-05-07 10:48:05.184,0.021,3,3,0.99999994,2.5667435e-12,1.2796886e-14,1.525775e-11,0.99999994
511,167,walking,2021-05-07 10:48:04.204,2021-05-07 10:48:06.184,0.021,3,3,0.99999994,1.3974254e-10,3.3308946e-12,8.333326e-10,0.99999994
511,167,walking,2021-05-07 10:48:05.204,2021-05-07 10:48:07.184,0.021,3,3,0.99999994,1.4432544e-09,8.3365814e-11,9.015671e-09,0.99999994
511,167,walking,2021-05-07 10:48:06.204,2021-05-07 10:48:08.184,0.021,3,3,0.99999994,1.0506629e-11,1.0309713e-13,8.17462e-11,0.99999994
511,167,walking,2021-05-07 10:48:07.204,2021-05-07 10:48:09.184,0.021,3,3,0.99999994,3.2953805e-12,2.7399739e-14,2.3438732e-11,0.99999994
511,167,walking,2021-05-07 10:48:08.204,2021-05-07 10:48:10.184,0.021,3,3,0.99999994,1.3667356e-12,8.800398e-15,1.5165515e-11,0.99999994
511,167,walking,2021-05-07 10:48:09.204,2021-05-07 10:48:11.184,0.021,3,3,0.99999994,1.6178155e-12,9.503637e-15,1.6323096e-11,0.99999994
511,167,walking,2021-05-07 10:48:10.204,2021-05-07 10:48:12.184,0.021,3,3,0.99999994,1.1064616e-12,5.189042e-15,4.1510298e-12,0.99999994
511,167,walking,2021-05-07 10:48:11.204,2021-05-07 10:48:13.184,0.021,3,3,0.99999994,1.0701512e-12,4.694924e-15,5.4125597e-12,0.99999994
511,167,walking,2021-05-07 10:48:12.204,2021-05-07 10:48:14.184,0.021,3,3,0.99999994,1.1095837e-11,1.344976e-13,1.0319191e-10,0.99999994
511,168,standing,2021-05-07 10:48:15.163,2021-05-07 10:48:17.144,0.021,2,3,0.51073104,0.0006203071,0.04353548,0.44511303,0.51073104
511,168,standing,2021-05-07 10:48:16.163,2021-05-07 10:48:18.144,0.021,2,2,0.8831294,0.00020463251,0.09578555,0.8831294,0.020880396
511,168,standing,2021-05-07 10:48:17.163,2021-05-07 10:48:19.144,0.021,2,2,0.8606084,0.0002370451,0.121901646,0.8606084,0.017252842
511,168,standing,2021-05-07 10:48:18.163,2021-05-07 10:48:20.144,0.021,2,2,0.86391526,0.00027296643,0.11431222,0.86391526,0.021499496
511,168,standing,2021-05-07 10:48:19.163,2021-05-07 10:48:21.144,0.021,2,2,0.8543848,0.00026233832,0.13040052,0.8543848,0.014952237
511,168,standing,2021-05-07 10:48:20.163,2021-05-07 10:48:22.144,0.021,2,2,0.8372127,0.00022249109,0.15517561,0.8372127,0.007389193
511,168,standing,2021-05-07 10:48:21.163,2021-05-07 10:48:23.144,0.021,2,2,0.8335662,0.00016228149,0.16187908,0.8335662,0.004392531
511,168,standing,2021-05-07 10:48:22.163,2021-05-07 10:48:24.144,0.021,2,2,0.8384089,0.00015752476,0.15680078,0.8384089,0.0046327813
511,168,standing,2021-05-07 10:48:23.163,2021-05-07 10:48:25.144,0.021,2,2,0.84890074,0.00018144715,0.1439536,0.84890074,0.0069641722
511,168,standing,2021-05-07 10:48:24.163,2021-05-07 10:48:26.144,0.021,2,2,0.85233194,0.00030807612,0.10424978,0.85233194,0.04311018
511,169,walking,2021-05-07 10:48:26.684,2021-05-07 10:48:28.663,0.021,3,3,0.99999994,2.1449116e-10,1.2916328e-11,2.5464377e-09,0.99999994
511,169,walking,2021-05-07 10:48:27.684,2021-05-07 10:48:29.663,0.021,3,3,0.99999994,3.1427111e-12,2.2227403e-14,1.3308453e-11,0.99999994
511,169,walking,2021-05-07 10:48:28.684,2021-05-07 10:48:30.663,0.021,3,3,0.99999994,4.00795e-13,1.1219822e-15,1.0536445e-12,0.99999994
511,169,walking,2021-05-07 10:48:29.684,2021-05-07 10:48:31.663,0.021,3,3,0.99999994,1.3900384e-13,3.4372507e-16,4.4202386e-13,0.99999994
511,169,walking,2021-05-07 10:48:30.684,2021-05-07 10:48:32.664,0.021,3,3,0.99999994,3.2487714e-13,1.2443443e-15,1.6887688e-12,0.99999994
511,169,walking,2021-05-07 10:48:31.684,2021-05-07 10:48:33.664,0.021,3,3,0.99999994,8.305719e-13,3.9506582e-15,2.3693489e-12,0.99999994
511,169,walking,2021-05-07 10:48:32.683,2021-05-07 10:48:34.664,0.021,3,3,0.99999994,2.2542507e-13,4.737759e-16,4.511454e-13,0.99999994
511,169,walking,2021-05-07 10:48:33.683,2021-05-07 10:48:35.664,0.021,3,3,0.99999994,4.9528947e-14,5.893737e-17,1.157175e-13,0.99999994
511,169,walking,2021-05-07 10:48:34.683,2021-05-07 10:48:36.664,0.021,3,3,0.99999994,7.9314693e-16,4.1114438e-19,6.429109e-15,0.99999994
511,169,walking,2021-05-07 10:48:35.683,2021-05-07 10:48:37.664,0.021,3,3,0.99999994,2.2381808e-16,8.632499e-20,2.4269764e-15,0.99999994
511,169,walking,2021-05-07 10:48:36.683,2021-05-07 10:48:38.664,0.021,3,3,0.99999994,3.3135632e-16,1.3922152e-19,3.728484e-15,0.99999994
511,169,walking,2021-05-07 10:48:37.683,2021-05-07 10:48:39.664,0.021,3,3,0.99999994,1.463536e-15,6.9351944e-19,9.586509e-15,0.99999994
511,169,walking,2021-05-07 10:48:38.683,2021-05-07 10:48:40.664,0.021,3,3,0.99999994,1.5265587e-14,2.1125285e-17,1.3753068e-13,0.99999994
511,169,walking,2021-05-07 10:48:39.683,2021-05-07 10:48:41.664,0.021,3,3,0.99999994,1.5659475e-13,5.3184606e-16,1.848012e-12,0.99999994
511,169,walking,2021-05-07 10:48:40.683,2021-05-07 10:48:42.664,0.021,3,3,0.99999994,1.387835e-12,7.110323e-15,9.435092e-12,0.99999994
511,169,walking,2021-05-07 10:48:41.683,2021-05-07 10:48:43.664,0.021,3,3,0.99999994,1.6829559e-11,1.828468e-13,7.351593e-11,0.99999994
511,169,walking,2021-05-07 10:48:42.683,2021-05-07 10:48:44.664,0.021,3,3,0.99999994,4.106727e-11,5.87783e-13,1.4646709e-10,0.99999994
511,169,walking,2021-05-07 10:48:43.683,2021-05-07 10:48:45.664,0.021,3,3,0.99999994,2.7368218e-12,1.944508e-14,1.2802985e-11,0.99999994
511,169,walking,2021-05-07 10:48:44.683,2021-05-07 10:48:46.664,0.021,3,3,0.99999994,1.5986685e-12,8.618109e-15,5.9008055e-12,0.99999994
511,169,walking,2021-05-07 10:48:45.683,2021-05-07 10:48:47.664,0.021,3,3,0.99999994,1.9632401e-12,1.0669382e-14,4.4901144e-12,0.99999994
511,169,walking,2021-05-07 10:48:46.683,2021-05-07 10:48:48.664,0.021,3,3,0.99999994,2.847783e-12,1.9147847e-14,6.14267e-12,0.99999994
511,169,walking,2021-05-07 10:48:47.683,2021-05-07 10:48:49.664,0.021,3,3,0.99999994,1.3846957e-13,5.1340075e-16,9.703278e-13,0.99999994
511,169,walking,2021-05-07 10:48:48.683,2021-05-07 10:48:50.664,0.021,3,3,0.99999994,4.029612e-13,1.7870091e-15,2.832874e-12,0.99999994
511,169,walking,2021-05-07 10:48:49.683,2021-05-07 10:48:51.664,0.021,3,3,0.99999994,3.0855546e-12,1.6428392e-14,7.381122e-12,0.99999994
511,169,walking,2021-05-07 10:48:50.683,2021-05-07 10:48:52.664,0.021,3,3,0.99999994,4.834861e-13,1.5249282e-15,1.6015251e-12,0.99999994
511,169,walking,2021-05-07 10:48:51.683,2021-05-07 10:48:53.664,0.021,3,3,0.99999994,6.4917156e-12,4.759828e-14,2.6263006e-11,0.99999994
511,169,walking,2021-05-07 10:48:52.683,2021-05-07 10:48:54.664,0.021,3,3,0.99999994,1.2471119e-12,6.6850623e-15,9.973334e-12,0.99999994
511,169,walking,2021-05-07 10:48:53.683,2021-05-07 10:48:55.664,0.021,3,3,0.99999994,4.210689e-14,7.734858e-17,3.5604026e-13,0.99999994
511,169,walking,2021-05-07 10:48:54.683,2021-05-07 10:48:56.664,0.021,3,3,0.99999994,1.4021081e-14,1.8455556e-17,6.909781e-14,0.99999994
511,169,walking,2021-05-07 10:48:55.683,2021-05-07 10:48:57.664,0.021,3,3,0.99999994,1.2525411e-14,2.0933478e-17,1.0537305e-13,0.99999994
511,169,walking,2021-05-07 10:48:56.683,2021-05-07 10:48:58.664,0.021,3,3,0.99999994,3.3495945e-15,3.3983946e-18,2.328781e-14,0.99999994
511,169,walking,2021-05-07 10:48:57.683,2021-05-07 10:48:59.664,0.021,3,3,0.99999994,1.2873585e-14,1.8047438e-17,8.20682e-14,0.99999994
511,169,walking,2021-05-07 10:48:58.683,2021-05-07 10:49:00.664,0.021,3,3,0.99999994,4.0095558e-13,1.4821667e-15,2.203183e-12,0.99999994
511,169,walking,2021-05-07 10:48:59.683,2021-05-07 10:49:01.664,0.021,3,3,0.99999994,1.9549523e-12,1.1315506e-14,8.047726e-12,0.99999994
511,169,walking,2021-05-07 10:49:00.684,2021-05-07 10:49:02.664,0.021,3,3,0.99999994,9.395286e-14,2.0197769e-16,7.0119344e-13,0.99999994
511,169,walking,2021-05-07 10:49:01.684,2021-05-07 10:49:03.664,0.021,3,3,0.99999994,2.2962312e-13,4.8897184e-16,9.855123e-13,0.99999994
511,169,walking,2021-05-07 10:49:02.684,2021-05-07 10:49:04.664,0.021,3,3,0.99999994,1.02608263e-13,1.8634049e-16,2.6280765e-13,0.99999994
511,169,walking,2021-05-07 10:49:03.684,2021-05-07 10:49:05.664,0.021,3,3,0.99999994,6.468842e-14,1.09856944e-16,2.1484911e-13,0.99999994
511,169,walking,2021-05-07 10:49:04.684,2021-05-07 10:49:06.664,0.021,3,3,0.99999994,5.761458e-14,1.8650121e-16,7.462999e-13,0.99999994
511,169,walking,2021-05-07 10:49:05.684,2021-05-07 10:49:07.664,0.021,3,3,0.99999994,1.6549231e-13,8.236231e-16,2.9018797e-12,0.99999994
511,169,walking,2021-05-07 10:49:06.684,2021-05-07 10:49:08.663,0.021,3,3,0.99999994,7.2071103e-13,4.3407537e-15,7.87263e-12,0.99999994
511,169,walking,2021-05-07 10:49:07.684,2021-05-07 10:49:09.663,0.021,3,3,0.99999994,1.0665669e-12,2.9387819e-15,2.4463324e-12,0.99999994
511,169,walking,2021-05-07 10:49:08.684,2021-05-07 10:49:10.663,0.021,3,3,0.99999994,1.0635563e-12,3.4187489e-15,2.3631477e-12,0.99999994
511,169,walking,2021-05-07 10:49:09.684,2021-05-07 10:49:11.663,0.021,3,3,0.99999994,8.7751984e-13,4.444709e-15,6.9653914e-12,0.99999994
511,169,walking,2021-05-07 10:49:10.684,2021-05-07 10:49:12.663,0.021,3,3,0.99999994,6.697832e-13,5.61264e-15,7.362716e-12,0.99999994
511,169,walking,2021-05-07 10:49:11.684,2021-05-07 10:49:13.663,0.021,3,3,0.99999994,1.0809253e-12,1.16051205e-14,1.4741175e-11,0.99999994
511,169,walking,2021-05-07 10:49:12.684,2021-05-07 10:49:14.663,0.021,3,3,0.99999994,4.790177e-13,2.5940695e-15,6.816612e-12,0.99999994
511,169,walking,2021-05-07 10:49:13.684,2021-05-07 10:49:15.663,0.021,3,3,0.99999994,1.4534948e-13,3.4853116e-16,7.9745927e-13,0.99999994
511,169,walking,2021-05-07 10:49:14.684,2021-05-07 10:49:16.663,0.021,3,3,0.99999994,7.630006e-16,3.5429345e-19,5.4745984e-15,0.99999994
511,169,walking,2021-05-07 10:49:15.684,2021-05-07 10:49:17.663,0.021,3,3,0.99999994,8.428657e-15,8.554977e-18,7.508284e-14,0.99999994
511,169,walking,2021-05-07 10:49:16.684,2021-05-07 10:49:18.663,0.021,3,3,0.99999994,6.5188514e-12,5.4704888e-14,5.5347494e-11,0.99999994
511,169,walking,2021-05-07 10:49:17.684,2021-05-07 10:49:19.663,0.021,3,3,0.99999994,9.254399e-12,9.752535e-14,9.3101915e-11,0.99999994
511,169,walking,2021-05-07 10:49:18.684,2021-05-07 10:49:20.663,0.021,3,3,0.99999994,5.7360942e-11,1.2293871e-12,5.4712723e-10,0.99999994
511,169,walking,2021-05-07 10:49:19.684,2021-05-07 10:49:21.663,0.021,3,3,0.99999994,1.465431e-10,4.7491147e-12,1.0493663e-09,0.99999994
511,169,walking,2021-05-07 10:49:20.684,2021-05-07 10:49:22.663,0.021,3,3,0.99999994,8.484054e-13,7.482346e-15,2.3796897e-11,0.99999994
511,169,walking,2021-05-07 10:49:21.684,2021-05-07 10:49:23.663,0.021,3,3,0.99999994,3.1084326e-12,6.1831704e-14,1.3564166e-10,0.99999994
511,169,walking,2021-05-07 10:49:22.684,2021-05-07 10:49:24.663,0.021,3,3,0.9999998,7.107741e-09,1.9927149e-09,1.0125735e-07,0.9999998
511,169,walking,2021-05-07 10:49:23.684,2021-05-07 10:49:25.663,0.021,3,3,0.9999998,7.0707324e-09,2.0650726e-09,1.2613343e-07,0.9999998
511,169,walking,2021-05-07 10:49:24.684,2021-05-07 10:49:26.663,0.021,3,3,0.9999977,7.39534e-08,4.7042438e-08,2.1662906e-06,0.9999977
511,169,walking,2021-05-07 10:49:25.684,2021-05-07 10:49:27.663,0.021,3,3,0.9999921,2.0530332e-07,2.0698144e-07,7.4301356e-06,0.9999921
511,169,walking,2021-05-07 10:49:26.684,2021-05-07 10:49:28.663,0.021,3,3,0.99999946,1.2358757e-08,3.9303307e-09,4.0383782e-07,0.99999946
511,169,walking,2021-05-07 10:49:27.684,2021-05-07 10:49:29.663,0.021,3,3,0.9999998,5.022486e-09,1.2709447e-09,1.7168992e-07,0.9999998
511,169,walking,2021-05-07 10:49:28.684,2021-05-07 10:49:30.663,0.021,3,3,0.9999997,1.1210105e-08,2.860918e-09,2.2084325e-07,0.9999997
511,169,walking,2021-05-07 10:49:29.684,2021-05-07 10:49:31.663,0.021,3,3,0.9999998,3.1156429e-09,7.315089e-10,1.04236335e-07,0.9999998
511,169,walking,2021-05-07 10:49:30.684,2021-05-07 10:49:32.664,0.021,3,3,0.9999985,2.9331211e-08,1.2383662e-08,1.3299258e-06,0.9999985
511,169,walking,2021-05-07 10:49:31.684,2021-05-07 10:49:33.664,0.021,3,3,0.9999996,1.1066746e-08,3.0300538e-09,3.858578e-07,0.9999996
511,169,walking,2021-05-07 10:49:32.683,2021-05-07 10:49:34.664,0.021,3,3,0.99999887,3.6197747e-08,1.3315721e-08,9.838062e-07,0.99999887
511,169,walking,2021-05-07 10:49:33.683,2021-05-07 10:49:35.664,0.021,3,3,0.99999946,1.3041105e-08,4.1685855e-09,4.5991388e-07,0.99999946
511,169,walking,2021-05-07 10:49:34.683,2021-05-07 10:49:36.664,0.021,3,3,0.9999991,2.2774058e-08,7.646621e-09,8.125135e-07,0.9999991
511,169,walking,2021-05-07 10:49:35.683,2021-05-07 10:49:37.664,0.021,3,3,0.99999946,1.6418163e-08,4.8081077e-09,4.6955637e-07,0.99999946
511,169,walking,2021-05-07 10:49:36.683,2021-05-07 10:49:38.664,0.021,3,3,0.9999996,9.425642e-09,2.1719182e-09,3.2493196e-07,0.9999996
511,169,walking,2021-05-07 10:49:37.683,2021-05-07 10:49:39.664,0.021,3,3,0.9999997,4.8764353e-09,1.1941651e-09,1.8207577e-07,0.9999997
511,169,walking,2021-05-07 10:49:38.683,2021-05-07 10:49:40.664,0.021,3,3,0.9999998,2.3604887e-09,3.7731204e-10,6.5263286e-08,0.9999998
511,169,walking,2021-05-07 10:49:39.683,2021-05-07 10:49:41.664,0.021,3,3,0.9999977,7.032242e-08,4.264237e-08,2.1405585e-06,0.9999977
511,169,walking,2021-05-07 10:49:40.683,2021-05-07 10:49:42.664,0.021,3,3,0.9999834,3.053781e-07,3.9466698e-07,1.5867063e-05,0.9999834
511,169,walking,2021-05-07 10:49:41.683,2021-05-07 10:49:43.664,0.021,3,3,0.99989516,2.5207073e-06,5.2055675e-06,9.710253e-05,0.99989516
511,169,walking,2021-05-07 10:49:42.683,2021-05-07 10:49:44.664,0.021,3,3,0.99986625,3.7061914e-06,1.0850966e-05,0.00011913926,0.99986625
511,169,walking,2021-05-07 10:49:43.683,2021-05-07 10:49:45.664,0.021,3,3,0.99915624,1.5154848e-05,8.599401e-05,0.0007426412,0.99915624
511,170,sitting,2021-05-07 10:49:47.683,2021-05-07 10:49:49.664,0.021,1,2,0.9107822,9.989762e-05,0.074446976,0.9107822,0.014670814
511,170,sitting,2021-05-07 10:49:48.683,2021-05-07 10:49:50.664,0.021,1,2,0.8847072,8.043643e-05,0.111619785,0.8847072,0.0035925575
511,170,sitting,2021-05-07 10:49:49.683,2021-05-07 10:49:51.664,0.021,1,2,0.83913404,0.00017079587,0.14601327,0.83913404,0.014681909
511,170,sitting,2021-05-07 10:49:50.683,2021-05-07 10:49:52.664,0.021,1,2,0.862179,0.000111543915,0.13110338,0.862179,0.0066060177
511,170,sitting,2021-05-07 10:49:51.683,2021-05-07 10:49:53.664,0.021,1,2,0.84409136,8.230578e-05,0.15383078,0.84409136,0.0019955684
511,170,sitting,2021-05-07 10:49:52.683,2021-05-07 10:49:54.664,0.021,1,2,0.8225929,0.00012887835,0.17349216,0.8225929,0.0037859865
511,170,sitting,2021-05-07 10:49:53.683,2021-05-07 10:49:55.664,0.021,1,2,0.7949005,0.00024954576,0.1945495,0.7949005,0.010300412
511,170,sitting,2021-05-07 10:49:54.683,2021-05-07 10:49:56.664,0.021,1,2,0.8186057,0.00018059624,0.17415325,0.8186057,0.0070604812
511,170,sitting,2021-05-07 10:49:55.683,2021-05-07 10:49:57.664,0.021,1,2,0.83393776,0.00011592806,0.16249238,0.83393776,0.003454032
511,170,sitting,2021-05-07 10:49:56.683,2021-05-07 10:49:58.664,0.021,1,2,0.8287019,0.00013878012,0.16671784,0.8287019,0.004441415
511,170,sitting,2021-05-07 10:49:57.683,2021-05-07 10:49:59.664,0.021,1,2,0.8311425,0.00016237261,0.1620171,0.8311425,0.0066780415
511,170,sitting,2021-05-07 10:49:58.683,2021-05-07 10:50:00.664,0.021,1,2,0.8339207,0.00015392512,0.15972102,0.8339207,0.006204348
511,170,sitting,2021-05-07 10:49:59.683,2021-05-07 10:50:01.664,0.021,1,2,0.8495257,0.000120621095,0.1447345,0.8495257,0.0056191576
511,170,sitting,2021-05-07 10:50:00.684,2021-05-07 10:50:02.664,0.021,1,2,0.8292579,0.00027244515,0.13119209,0.8292579,0.039277557
511,170,sitting,2021-05-07 10:50:01.684,2021-05-07 10:50:03.664,0.021,1,2,0.63158226,0.0009917727,0.11823596,0.63158226,0.24918999
511,170,sitting,2021-05-07 10:50:02.684,2021-05-07 10:50:04.664,0.021,1,3,0.53644574,0.0014756451,0.07191646,0.390162,0.53644574
511,170,sitting,2021-05-07 10:50:03.684,2021-05-07 10:50:05.664,0.021,1,3,0.60494864,0.0015364077,0.06406371,0.32945117,0.60494864
511,170,sitting,2021-05-07 10:50:04.684,2021-05-07 10:50:06.664,0.021,1,2,0.6366219,0.0010981344,0.15147838,0.6366219,0.2108016
511,170,sitting,2021-05-07 10:50:05.684,2021-05-07 10:50:07.664,0.021,1,2,0.7495241,0.0006037144,0.18066445,0.7495241,0.06920775
511,170,sitting,2021-05-07 10:50:06.684,2021-05-07 10:50:08.663,0.021,1,3,0.4749021,0.002875533,0.15071236,0.37151006,0.4749021
511,170,sitting,2021-05-07 10:50:07.684,2021-05-07 10:50:09.663,0.021,1,2,0.5031546,0.001437634,0.12780766,0.5031546,0.36760014
511,170,sitting,2021-05-07 10:50:08.684,2021-05-07 10:50:10.663,0.021,1,2,0.72140294,0.00079479854,0.11746927,0.72140294,0.16033293
511,170,sitting,2021-05-07 10:50:09.684,2021-05-07 10:50:11.663,0.021,1,2,0.6908346,0.0013194147,0.13310546,0.6908346,0.17474052
511,170,sitting,2021-05-07 10:50:10.684,2021-05-07 10:50:12.663,0.021,1,2,0.772088,0.0006344566,0.16717109,0.772088,0.060106423
511,170,sitting,2021-05-07 10:50:11.684,2021-05-07 10:50:13.663,0.021,1,2,0.7837415,0.00044230346,0.18091032,0.7837415,0.03490593
511,170,sitting,2021-05-07 10:50:12.684,2021-05-07 10:50:14.663,0.021,1,2,0.79781204,0.00049933104,0.17362307,0.79781204,0.028065473
511,170,sitting,2021-05-07 10:50:13.684,2021-05-07 10:50:15.663,0.021,1,2,0.8096534,0.00042139878,0.17034785,0.8096534,0.019577242
511,170,sitting,2021-05-07 10:50:14.684,2021-05-07 10:50:16.663,0.021,1,2,0.8201764,0.00032801233,0.16765857,0.8201764,0.011836971
511,170,sitting,2021-05-07 10:50:15.684,2021-05-07 10:50:17.663,0.021,1,2,0.8185495,0.00041718123,0.16243456,0.8185495,0.018598732
511,170,sitting,2021-05-07 10:50:16.684,2021-05-07 10:50:18.663,0.021,1,2,0.8129445,0.0004441903,0.169212,0.8129445,0.017399296
511,170,sitting,2021-05-07 10:50:17.684,2021-05-07 10:50:19.663,0.021,1,2,0.8122212,0.00040939683,0.1737912,0.8122212,0.013578201
511,170,sitting,2021-05-07 10:50:18.684,2021-05-07 10:50:20.663,0.021,1,2,0.7814357,0.00059957936,0.17976704,0.7814357,0.03819757
511,170,sitting,2021-05-07 10:50:19.684,2021-05-07 10:50:21.663,0.021,1,2,0.6666393,0.0009529612,0.13255022,0.6666393,0.19985738
511,170,sitting,2021-05-07 10:50:20.684,2021-05-07 10:50:22.663,0.021,1,2,0.93195075,0.00013934045,0.049245097,0.93195075,0.018664815
511,170,sitting,2021-05-07 10:50:21.684,2021-05-07 10:50:23.663,0.021,1,2,0.87392116,0.00021391913,0.07892775,0.87392116,0.046937134
511,170,sitting,2021-05-07 10:50:22.684,2021-05-07 10:50:24.663,0.021,1,2,0.82953835,0.00025372882,0.13711181,0.82953835,0.033096146
511,170,sitting,2021-05-07 10:50:23.684,2021-05-07 10:50:25.663,0.021,1,2,0.85585284,0.00012116929,0.13817453,0.85585284,0.0058513284
511,170,sitting,2021-05-07 10:50:24.684,2021-05-07 10:50:26.663,0.021,1,2,0.866683,7.108867e-05,0.1309319,0.866683,0.002314132
511,170,sitting,2021-05-07 10:50:25.684,2021-05-07 10:50:27.663,0.021,1,2,0.8468041,0.00013435562,0.1461198,0.8468041,0.006941862
511,170,sitting,2021-05-07 10:50:26.684,2021-05-07 10:50:28.663,0.021,1,2,0.8282072,0.00017412635,0.16292268,0.8282072,0.00869607
511,170,sitting,2021-05-07 10:50:27.684,2021-05-07 10:50:29.663,0.021,1,2,0.8240312,0.00022063869,0.15936284,0.8240312,0.016385362
511,170,sitting,2021-05-07 10:50:28.684,2021-05-07 10:50:30.663,0.021,1,2,0.7810387,0.00047379956,0.15434706,0.7810387,0.064140424
511,170,sitting,2021-05-07 10:50:29.684,2021-05-07 10:50:31.663,0.021,1,2,0.49217808,0.0012555239,0.11620563,0.49217808,0.39036068
511,170,sitting,2021-05-07 10:50:30.684,2021-05-07 10:50:32.664,0.021,1,2,0.75518095,0.0005501123,0.16525827,0.75518095,0.07901057
511,170,sitting,2021-05-07 10:50:31.684,2021-05-07 10:50:33.664,0.021,1,2,0.8207146,8.2420964e-05,0.1778602,0.8207146,0.0013427127
511,170,sitting,2021-05-07 10:50:32.683,2021-05-07 10:50:34.664,0.021,1,2,0.8223895,0.00011237954,0.17495263,0.8223895,0.0025455952
511,170,sitting,2021-05-07 10:50:33.683,2021-05-07 10:50:35.664,0.021,1,2,0.8137623,0.00021505247,0.17638177,0.8137623,0.00964086
511,170,sitting,2021-05-07 10:50:34.683,2021-05-07 10:50:36.664,0.021,1,2,0.8117203,0.00017345275,0.18072878,0.8117203,0.007377544
511,170,sitting,2021-05-07 10:50:35.683,2021-05-07 10:50:37.664,0.021,1,2,0.82463497,0.00012316318,0.17041112,0.82463497,0.0048306477
511,170,sitting,2021-05-07 10:50:36.683,2021-05-07 10:50:38.664,0.021,1,2,0.81420726,0.00018426756,0.17689101,0.81420726,0.008717442
511,170,sitting,2021-05-07 10:50:37.683,2021-05-07 10:50:39.664,0.021,1,2,0.7990496,0.00014125096,0.19716349,0.7990496,0.003645631
511,170,sitting,2021-05-07 10:50:38.683,2021-05-07 10:50:40.664,0.021,1,2,0.7930179,0.00013485816,0.20421016,0.7930179,0.0026370743
511,170,sitting,2021-05-07 10:50:39.683,2021-05-07 10:50:41.664,0.021,1,2,0.7939387,0.000118160075,0.20414247,0.7939387,0.0018007245
511,171,walking,2021-05-07 10:50:45.683,2021-05-07 10:50:47.664,0.021,3,3,0.9999997,6.1459007e-09,2.1559785e-09,2.1420075e-07,0.9999997
511,171,walking,2021-05-07 10:50:46.683,2021-05-07 10:50:48.664,0.021,3,3,0.99999374,2.2036163e-07,1.6328542e-07,5.7903426e-06,0.99999374
511,171,walking,2021-05-07 10:50:47.683,2021-05-07 10:50:49.664,0.021,3,3,0.99999994,9.599341e-10,1.2871428e-10,3.636012e-08,0.99999994
511,171,walking,2021-05-07 10:50:48.683,2021-05-07 10:50:50.664,0.021,3,3,0.99999946,9.2147445e-09,2.8280398e-09,4.0745567e-07,0.99999946
511,171,walking,2021-05-07 10:50:49.683,2021-05-07 10:50:51.664,0.021,3,3,0.9999904,2.1285396e-07,2.0778366e-07,9.084853e-06,0.9999904
511,171,walking,2021-05-07 10:50:50.683,2021-05-07 10:50:52.664,0.021,3,3,0.99999887,1.539806e-08,8.969335e-09,1.0284992e-06,0.99999887
511,171,walking,2021-05-07 10:50:51.683,2021-05-07 10:50:53.664,0.021,3,3,0.9999973,3.1050416e-08,2.5157672e-08,2.5471782e-06,0.9999973
511,171,walking,2021-05-07 10:50:52.683,2021-05-07 10:50:54.664,0.021,3,3,0.9999971,7.186655e-08,6.11461e-08,2.7004476e-06,0.9999971
511,171,walking,2021-05-07 10:50:53.683,2021-05-07 10:50:55.664,0.021,3,3,0.9999983,4.5622265e-08,3.575207e-08,1.6240537e-06,0.9999983
511,171,walking,2021-05-07 10:50:54.683,2021-05-07 10:50:56.664,0.021,3,3,0.99999195,1.7869104e-07,1.8910576e-07,7.65583e-06,0.99999195
511,171,walking,2021-05-07 10:50:55.683,2021-05-07 10:50:57.664,0.021,3,3,0.9999998,2.5396565e-09,7.823464e-10,9.109413e-08,0.9999998
511,171,walking,2021-05-07 10:50:56.683,2021-05-07 10:50:58.664,0.021,3,3,0.9999998,1.8569752e-09,4.7800985e-10,6.016924e-08,0.9999998
511,171,walking,2021-05-07 10:50:57.683,2021-05-07 10:50:59.664,0.021,3,3,0.9999998,6.983879e-09,1.2735363e-09,1.2969899e-07,0.9999998
511,171,walking,2021-05-07 10:50:58.683,2021-05-07 10:51:00.664,0.021,3,3,0.99999994,7.162993e-10,1.1399821e-10,2.2435241e-08,0.99999994
511,171,walking,2021-05-07 10:50:59.683,2021-05-07 10:51:01.664,0.021,3,3,0.99999994,3.1092423e-10,4.7255245e-11,1.3008021e-08,0.99999994
511,171,walking,2021-05-07 10:51:00.684,2021-05-07 10:51:02.664,0.021,3,3,0.99999994,2.5880977e-09,3.7615375e-10,5.0130712e-08,0.99999994
511,171,walking,2021-05-07 10:51:01.684,2021-05-07 10:51:03.664,0.021,3,3,0.99999994,3.8456166e-10,3.2166016e-11,7.208857e-09,0.99999994
511,171,walking,2021-05-07 10:51:02.684,2021-05-07 10:51:04.664,0.021,3,3,0.99999994,6.3438216e-10,6.001751e-11,1.2795705e-08,0.99999994
511,171,walking,2021-05-07 10:51:03.684,2021-05-07 10:51:05.664,0.021,3,3,0.99999994,8.349125e-10,1.08062136e-10,2.1569836e-08,0.99999994
511,171,walking,2021-05-07 10:51:04.684,2021-05-07 10:51:06.664,0.021,3,3,0.9999998,4.359377e-09,1.2757486e-09,1.4520583e-07,0.9999998
511,171,walking,2021-05-07 10:51:05.684,2021-05-07 10:51:07.664,0.021,3,3,0.99999756,9.8971135e-08,7.356482e-08,2.2312906e-06,0.99999756
511,171,walking,2021-05-07 10:51:06.684,2021-05-07 10:51:08.663,0.021,3,3,0.9999986,5.653837e-08,5.5748096e-08,1.1806584e-06,0.9999986
511,171,walking,2021-05-07 10:51:07.684,2021-05-07 10:51:09.663,0.021,3,3,0.9999859,5.227798e-07,7.4166144e-07,1.2849742e-05,0.9999859
511,171,walking,2021-05-07 10:51:08.684,2021-05-07 10:51:10.663,0.021,3,3,0.9998567,3.3430929e-06,6.025538e-06,0.00013390179,0.9998567
511,171,walking,2021-05-07 10:51:09.684,2021-05-07 10:51:11.663,0.021,3,3,0.99959296,4.2554566e-06,1.179784e-05,0.00039083502,0.99959296
511,171,walking,2021-05-07 10:51:10.684,2021-05-07 10:51:12.663,0.021,3,3,0.9999462,7.504642e-07,1.2535663e-06,5.1728264e-05,0.9999462
511,171,walking,2021-05-07 10:51:11.684,2021-05-07 10:51:13.663,0.021,3,3,0.9999818,5.433763e-07,6.53494e-07,1.696088e-05,0.9999818
511,171,walking,2021-05-07 10:51:12.684,2021-05-07 10:51:14.663,0.021,3,3,0.99999565,8.916603e-08,6.9703724e-08,4.095702e-06,0.99999565
511,171,walking,2021-05-07 10:51:13.684,2021-05-07 10:51:15.663,0.021,3,3,0.99992114,1.578728e-06,2.613025e-06,7.4553776e-05,0.99992114
511,171,walking,2021-05-07 10:51:14.684,2021-05-07 10:51:16.663,0.021,3,3,0.99997133,9.0575713e-07,1.8617269e-06,2.5835063e-05,0.99997133
511,171,walking,2021-05-07 10:51:15.684,2021-05-07 10:51:17.663,0.021,3,3,0.9999513,1.5104487e-06,4.381487e-06,4.273931e-05,0.9999513
511,171,walking,2021-05-07 10:51:16.684,2021-05-07 10:51:18.663,0.021,3,3,0.99987054,2.356013e-06,8.187766e-06,0.00011907025,0.99987054
511,171,walking,2021-05-07 10:51:17.684,2021-05-07 10:51:19.663,0.021,3,3,0.9998064,6.3514444e-06,1.8991046e-05,0.00016828658,0.9998064
511,171,walking,2021-05-07 10:51:18.684,2021-05-07 10:51:20.663,0.021,3,3,0.9998779,4.075416e-06,1.4800457e-05,0.00010315898,0.9998779
511,171,walking,2021-05-07 10:51:19.684,2021-05-07 10:51:21.663,0.021,3,3,0.99962014,1.0442707e-05,4.015644e-05,0.00032925626,0.99962014
511,171,walking,2021-05-07 10:51:20.684,2021-05-07 10:51:22.663,0.021,3,3,0.9998887,2.5172772e-06,6.843387e-06,0.00010189642,0.9998887
511,171,walking,2021-05-07 10:51:21.684,2021-05-07 10:51:23.663,0.021,3,3,0.99998504,6.6911645e-07,7.8860506e-07,1.3484523e-05,0.99998504
511,171,walking,2021-05-07 10:51:22.684,2021-05-07 10:51:24.663,0.021,3,3,0.9999935,2.7760314e-07,3.308868e-07,5.8779096e-06,0.9999935
511,171,walking,2021-05-07 10:51:23.684,2021-05-07 10:51:25.663,0.021,3,3,0.99998647,5.598528e-07,9.765124e-07,1.18846765e-05,0.99998647
511,171,walking,2021-05-07 10:51:24.684,2021-05-07 10:51:26.663,0.021,3,3,0.99989694,3.1229065e-06,8.498239e-06,9.134995e-05,0.99989694
511,171,walking,2021-05-07 10:51:25.684,2021-05-07 10:51:27.663,0.021,3,3,0.99997956,7.69327e-07,1.3502664e-06,1.8214418e-05,0.99997956
511,171,walking,2021-05-07 10:51:26.684,2021-05-07 10:51:28.663,0.021,3,3,0.9999985,9.853574e-08,7.424559e-08,1.2023887e-06,0.9999985
511,171,walking,2021-05-07 10:51:27.684,2021-05-07 10:51:29.663,0.021,3,3,0.9999972,1.9911046e-07,1.6189543e-07,2.377394e-06,0.9999972
511,171,walking,2021-05-07 10:51:28.684,2021-05-07 10:51:30.663,0.021,3,3,0.9999941,4.0305807e-07,3.7822116e-07,5.0448352e-06,0.9999941
511,171,walking,2021-05-07 10:51:29.684,2021-05-07 10:51:31.663,0.021,3,3,0.99999267,4.8546985e-07,5.724965e-07,6.210543e-06,0.99999267
511,171,walking,2021-05-07 10:51:30.684,2021-05-07 10:51:32.664,0.021,3,3,0.999989,7.7844453e-07,9.2267567e-07,9.324988e-06,0.999989
511,171,walking,2021-05-07 10:51:31.684,2021-05-07 10:51:33.664,0.021,3,3,0.9999942,2.9219316e-07,2.676423e-07,5.1828247e-06,0.9999942
511,171,walking,2021-05-07 10:51:32.683,2021-05-07 10:51:34.664,0.021,3,3,0.99999386,2.3023884e-07,2.5829064e-07,5.573338e-06,0.99999386
511,171,walking,2021-05-07 10:51:33.683,2021-05-07 10:51:35.664,0.021,3,3,0.9999829,7.489903e-07,1.2537128e-06,1.5065321e-05,0.9999829
511,171,walking,2021-05-07 10:51:34.683,2021-05-07 10:51:36.664,0.021,3,3,0.9999775,8.405377e-07,1.8949361e-06,1.9712874e-05,0.9999775
511,171,walking,2021-05-07 10:51:35.683,2021-05-07 10:51:37.664,0.021,3,3,0.999994,2.3579842e-07,2.7469113e-07,5.5024584e-06,0.999994
511,171,walking,2021-05-07 10:51:36.683,2021-05-07 10:51:38.664,0.021,3,3,0.99993867,2.1372828e-06,4.7084686e-06,5.4463486e-05,0.99993867
511,171,walking,2021-05-07 10:51:37.683,2021-05-07 10:51:39.664,0.021,3,3,0.99987745,4.5212278e-06,1.1765844e-05,0.00010627776,0.99987745
511,171,walking,2021-05-07 10:51:38.683,2021-05-07 10:51:40.664,0.021,3,3,0.9997711,9.465872e-06,3.527098e-05,0.00018420671,0.9997711
511,171,walking,2021-05-07 10:51:39.683,2021-05-07 10:51:41.664,0.021,3,3,0.999917,2.3929933e-06,6.6977605e-06,7.3889314e-05,0.999917
511,171,walking,2021-05-07 10:51:40.683,2021-05-07 10:51:42.664,0.021,3,3,0.999993,3.32362e-07,4.0834698e-07,6.19269e-06,0.999993
511,171,walking,2021-05-07 10:51:41.683,2021-05-07 10:51:43.664,0.021,3,3,0.99997956,9.0235983e-07,1.808944e-06,1.7668082e-05,0.99997956
511,171,walking,2021-05-07 10:51:42.683,2021-05-07 10:51:44.664,0.021,3,3,0.9996478,9.332036e-06,4.223863e-05,0.0003005249,0.9996478
511,171,walking,2021-05-07 10:51:43.683,2021-05-07 10:51:45.664,0.021,3,3,0.9997611,4.3803025e-06,1.6555781e-05,0.0002179125,0.9997611
511,171,walking,2021-05-07 10:51:44.683,2021-05-07 10:51:46.664,0.021,3,3,0.99978256,4.37363e-06,1.1806133e-05,0.00020130818,0.99978256
511,171,walking,2021-05-07 10:51:45.683,2021-05-07 10:51:47.664,0.021,3,3,0.99997836,7.740545e-07,9.622734e-07,1.9889207e-05,0.99997836
511,171,walking,2021-05-07 10:51:46.683,2021-05-07 10:51:48.664,0.021,3,3,0.99996454,2.2820623e-06,2.9446335e-06,3.0228106e-05,0.99996454
511,171,walking,2021-05-07 10:51:47.683,2021-05-07 10:51:49.664,0.021,3,3,0.99996775,1.3297328e-06,2.162688e-06,2.8709288e-05,0.99996775
511,171,walking,2021-05-07 10:51:48.683,2021-05-07 10:51:50.664,0.021,3,3,0.99946076,1.072571e-05,3.712581e-05,0.0004913554,0.99946076
511,171,walking,2021-05-07 10:51:49.683,2021-05-07 10:51:51.664,0.021,3,3,0.9998436,2.6457728e-06,9.030451e-06,0.00014472703,0.9998436
511,171,walking,2021-05-07 10:51:50.683,2021-05-07 10:51:52.664,0.021,3,3,0.99964374,7.736211e-06,2.654254e-05,0.00032200277,0.99964374
511,171,walking,2021-05-07 10:51:51.683,2021-05-07 10:51:53.664,0.021,3,3,0.9999704,5.660532e-07,8.577843e-07,2.8130295e-05,0.9999704
511,171,walking,2021-05-07 10:51:52.683,2021-05-07 10:51:54.664,0.021,3,3,0.99992687,1.5499699e-06,2.5900902e-06,6.896393e-05,0.99992687
511,171,walking,2021-05-07 10:51:53.683,2021-05-07 10:51:55.664,0.021,3,3,0.999991,1.7453951e-07,1.6611087e-07,8.559719e-06,0.999991
511,171,walking,2021-05-07 10:51:54.683,2021-05-07 10:51:56.664,0.021,3,3,0.99999326,1.4790989e-07,1.0882377e-07,6.4548803e-06,0.99999326
511,171,walking,2021-05-07 10:51:55.683,2021-05-07 10:51:57.664,0.021,3,3,0.9999756,5.639402e-07,6.122336e-07,2.308613e-05,0.9999756
511,171,walking,2021-05-07 10:51:56.683,2021-05-07 10:51:58.664,0.021,3,3,0.9999972,5.7809434e-08,3.0044617e-08,2.6077914e-06,0.9999972
511,171,walking,2021-05-07 10:51:57.683,2021-05-07 10:51:59.664,0.021,3,3,0.9999867,4.4090956e-07,3.4028054e-07,1.2407994e-05,0.9999867
511,171,walking,2021-05-07 10:51:58.683,2021-05-07 10:52:00.664,0.021,3,3,0.9999983,4.9740606e-08,3.2651563e-08,1.5795334e-06,0.9999983
511,171,walking,2021-05-07 10:51:59.683,2021-05-07 10:52:01.664,0.021,3,3,0.9999669,5.52858e-07,6.9537896e-07,3.1800966e-05,0.9999669
511,171,walking,2021-05-07 10:52:00.684,2021-05-07 10:52:02.664,0.021,3,3,0.99999946,8.20058e-09,2.5297449e-09,4.5654113e-07,0.99999946
511,171,walking,2021-05-07 10:52:01.684,2021-05-07 10:52:03.664,0.021,3,3,0.999999,2.2616142e-08,1.06924665e-08,9.586677e-07,0.999999
511,171,walking,2021-05-07 10:52:02.684,2021-05-07 10:52:04.664,0.021,3,3,0.9999996,8.060856e-09,2.9501457e-09,3.1248342e-07,0.9999996
511,171,walking,2021-05-07 10:52:03.684,2021-05-07 10:52:05.664,0.021,3,3,0.99999756,4.4851145e-08,2.4113648e-08,2.3242587e-06,0.99999756
511,171,walking,2021-05-07 10:52:04.684,2021-05-07 10:52:06.664,0.021,3,3,0.99999744,4.3308678e-08,1.8814504e-08,2.3919492e-06,0.99999744
511,171,walking,2021-05-07 10:52:05.684,2021-05-07 10:52:07.664,0.021,3,3,0.9999947,1.4224891e-07,7.476585e-08,5.048977e-06,0.9999947
511,171,walking,2021-05-07 10:52:06.684,2021-05-07 10:52:08.663,0.021,3,3,0.99999934,2.42622e-08,1.0964799e-08,6.106981e-07,0.99999934
511,171,walking,2021-05-07 10:52:07.684,2021-05-07 10:52:09.663,0.021,3,3,0.9999948,1.5695626e-07,1.4217134e-07,4.8378147e-06,0.9999948
511,171,walking,2021-05-07 10:52:08.684,2021-05-07 10:52:10.663,0.021,3,3,0.9999811,3.101666e-07,3.3122433e-07,1.8150771e-05,0.9999811
511,171,walking,2021-05-07 10:52:09.684,2021-05-07 10:52:11.663,0.021,3,3,0.9999855,1.6670063e-07,1.8158279e-07,1.4088874e-05,0.9999855
511,171,walking,2021-05-07 10:52:10.684,2021-05-07 10:52:12.663,0.021,3,3,0.9999644,4.913566e-07,5.666342e-07,3.452368e-05,0.9999644
511,171,walking,2021-05-07 10:52:11.684,2021-05-07 10:52:13.663,0.021,3,3,0.9998467,2.7627086e-06,6.1544474e-06,0.00014432255,0.9998467
511,171,walking,2021-05-07 10:52:12.684,2021-05-07 10:52:14.663,0.021,3,3,0.99999875,3.320425e-08,1.8327023e-08,1.182148e-06,0.99999875
511,171,walking,2021-05-07 10:52:13.684,2021-05-07 10:52:15.663,0.021,3,3,0.9999978,5.045445e-08,2.383463e-08,2.0365856e-06,0.9999978
511,171,walking,2021-05-07 10:52:14.684,2021-05-07 10:52:16.663,0.021,3,3,0.9999991,2.5586276e-08,7.382958e-09,8.2667077e-07,0.9999991
511,171,walking,2021-05-07 10:52:15.684,2021-05-07 10:52:17.663,0.021,3,3,0.9999977,8.384607e-08,3.310127e-08,2.198345e-06,0.9999977
511,171,walking,2021-05-07 10:52:16.684,2021-05-07 10:52:18.663,0.021,3,3,0.9999991,3.6658204e-08,1.0668632e-08,8.285279e-07,0.9999991
511,171,walking,2021-05-07 10:52:17.684,2021-05-07 10:52:19.663,0.021,3,3,0.99999875,4.145163e-08,1.3856144e-08,1.1013809e-06,0.99999875
511,171,walking,2021-05-07 10:52:18.684,2021-05-07 10:52:20.663,0.021,3,3,0.99999756,5.6877287e-08,2.2669534e-08,2.332328e-06,0.99999756
511,171,walking,2021-05-07 10:52:19.684,2021-05-07 10:52:21.663,0.021,3,3,0.99999803,4.825191e-08,2.1902618e-08,1.790057e-06,0.99999803
511,171,walking,2021-05-07 10:52:20.684,2021-05-07 10:52:22.663,0.021,3,3,0.9999874,2.887303e-07,2.3610289e-07,1.2023692e-05,0.9999874
511,171,walking,2021-05-07 10:52:21.684,2021-05-07 10:52:23.663,0.021,3,3,0.999999,3.683573e-08,1.22428965e-08,9.35662e-07,0.999999
511,171,walking,2021-05-07 10:52:22.684,2021-05-07 10:52:24.663,0.021,3,3,0.99999994,1.0392537e-09,8.3057276e-11,2.0162979e-08,0.99999994
511,171,walking,2021-05-07 10:52:23.684,2021-05-07 10:52:25.663,0.021,3,3,0.99999994,2.785604e-09,2.6926422e-10,5.61341e-08,0.99999994
511,171,walking,2021-05-07 10:52:24.684,2021-05-07 10:52:26.663,0.021,3,3,0.99999994,3.259067e-10,1.5979313e-11,5.045973e-09,0.99999994
511,171,walking,2021-05-07 10:52:25.684,2021-05-07 10:52:27.663,0.021,3,3,0.99999994,1.6939514e-10,6.4367877e-12,2.6127234e-09,0.99999994
511,171,walking,2021-05-07 10:52:26.684,2021-05-07 10:52:28.663,0.021,3,3,0.99999994,2.918429e-10,1.6937889e-11,6.9844925e-09,0.99999994
511,171,walking,2021-05-07 10:52:27.684,2021-05-07 10:52:29.663,0.021,3,3,0.9999998,7.1114976e-09,1.4906083e-09,1.6201106e-07,0.9999998
511,171,walking,2021-05-07 10:52:28.684,2021-05-07 10:52:30.663,0.021,3,3,0.9999996,2.5331211e-08,6.222107e-09,3.8327184e-07,0.9999996
511,171,walking,2021-05-07 10:52:29.684,2021-05-07 10:52:31.663,0.021,3,3,0.9999996,2.0442714e-08,5.0653535e-09,3.745323e-07,0.9999996
511,171,walking,2021-05-07 10:52:30.684,2021-05-07 10:52:32.664,0.021,3,3,0.9999996,1.4393289e-08,3.0732707e-09,2.8696377e-07,0.9999996
511,171,walking,2021-05-07 10:52:31.684,2021-05-07 10:52:33.664,0.021,3,3,0.99999887,5.368058e-08,1.9640437e-08,9.737245e-07,0.99999887
511,171,walking,2021-05-07 10:52:32.683,2021-05-07 10:52:34.664,0.021,3,3,0.9999991,3.2011318e-08,9.8154604e-09,8.0897547e-07,0.9999991
511,171,walking,2021-05-07 10:52:33.683,2021-05-07 10:52:35.664,0.021,3,3,0.999999,3.2420175e-08,1.0143524e-08,8.6442463e-07,0.999999
511,171,walking,2021-05-07 10:52:34.683,2021-05-07 10:52:36.664,0.021,3,3,0.99999946,1.8915616e-08,4.959012e-09,3.935668e-07,0.99999946
511,171,walking,2021-05-07 10:52:35.683,2021-05-07 10:52:37.664,0.021,3,3,0.9999971,1.2349639e-07,5.590603e-08,2.6627222e-06,0.9999971
511,171,walking,2021-05-07 10:52:36.683,2021-05-07 10:52:38.664,0.021,3,3,0.99999887,4.94407e-08,1.4780571e-08,9.780521e-07,0.99999887
511,171,walking,2021-05-07 10:52:37.683,2021-05-07 10:52:39.664,0.021,3,3,0.9999996,1.1528906e-08,3.0116734e-09,3.0602448e-07,0.9999996
511,171,walking,2021-05-07 10:52:38.683,2021-05-07 10:52:40.664,0.021,3,3,0.9999978,4.9503775e-08,2.9017686e-08,2.087518e-06,0.9999978
511,171,walking,2021-05-07 10:52:39.683,2021-05-07 10:52:41.664,0.021,3,3,0.9999977,4.9268937e-08,2.6839631e-08,2.2281479e-06,0.9999977
511,171,walking,2021-05-07 10:52:40.683,2021-05-07 10:52:42.664,0.021,3,3,0.99999624,1.0175436e-07,4.670309e-08,3.5389128e-06,0.99999624
511,171,walking,2021-05-07 10:52:41.683,2021-05-07 10:52:43.664,0.021,3,3,0.99999946,1.7735312e-08,4.2864396e-09,4.9509316e-07,0.99999946
511,171,walking,2021-05-07 10:52:42.683,2021-05-07 10:52:44.664,0.021,3,3,0.9999992,3.1687115e-08,6.3175816e-09,6.7669066e-07,0.9999992
511,171,walking,2021-05-07 10:52:43.683,2021-05-07 10:52:45.664,0.021,3,3,0.9999997,1.0701798e-08,1.7313401e-09,2.1633869e-07,0.9999997
511,171,walking,2021-05-07 10:52:44.683,2021-05-07 10:52:46.664,0.021,3,3,0.9999992,3.0033906e-08,7.600238e-09,6.2062287e-07,0.9999992
511,171,walking,2021-05-07 10:52:45.683,2021-05-07 10:52:47.664,0.021,3,3,0.9999979,9.3429726e-08,3.6105316e-08,1.8520755e-06,0.9999979
511,171,walking,2021-05-07 10:52:46.683,2021-05-07 10:52:48.664,0.021,3,3,0.99999934,3.147719e-08,5.3684266e-09,5.857851e-07,0.99999934
511,171,walking,2021-05-07 10:52:47.683,2021-05-07 10:52:49.664,0.021,3,3,0.99999994,1.574084e-09,1.4443387e-10,4.573979e-08,0.99999994
511,171,walking,2021-05-07 10:52:48.683,2021-05-07 10:52:50.664,0.021,3,3,0.9999998,3.3388565e-09,6.447742e-10,1.3565712e-07,0.9999998
511,171,walking,2021-05-07 10:52:49.683,2021-05-07 10:52:51.664,0.021,3,3,0.9999985,4.9398267e-08,1.6563714e-08,1.3275713e-06,0.9999985
511,171,walking,2021-05-07 10:52:50.683,2021-05-07 10:52:52.664,0.021,3,3,0.9999978,7.877241e-08,3.2175635e-08,1.9764166e-06,0.9999978
511,171,walking,2021-05-07 10:52:51.683,2021-05-07 10:52:53.664,0.021,3,3,0.99999946,2.0585057e-08,6.3015406e-09,4.7100815e-07,0.99999946
511,171,walking,2021-05-07 10:52:52.683,2021-05-07 10:52:54.664,0.021,3,3,0.9999998,3.1235803e-09,3.9390954e-10,6.0755774e-08,0.9999998
511,171,walking,2021-05-07 10:52:53.683,2021-05-07 10:52:55.664,0.021,3,3,0.9999996,1.3979861e-08,2.5087086e-09,3.0422646e-07,0.9999996
511,171,walking,2021-05-07 10:52:54.683,2021-05-07 10:52:56.664,0.021,3,3,0.9999996,1.975504e-08,3.7903893e-09,3.2494313e-07,0.9999996
511,171,walking,2021-05-07 10:52:55.683,2021-05-07 10:52:57.664,0.021,3,3,0.9999998,8.366696e-09,1.4504625e-09,1.3578125e-07,0.9999998
511,171,walking,2021-05-07 10:52:56.683,2021-05-07 10:52:58.664,0.021,3,3,0.9999996,1.6197541e-08,4.3569823e-09,3.7221602e-07,0.9999996
511,171,walking,2021-05-07 10:52:57.683,2021-05-07 10:52:59.664,0.021,3,3,0.9999996,1.2512527e-08,2.2186029e-09,2.8942247e-07,0.9999996
511,171,walking,2021-05-07 10:52:58.683,2021-05-07 10:53:00.664,0.021,3,3,0.9999996,1.7074177e-08,2.8825096e-09,3.3166316e-07,0.9999996
511,171,walking,2021-05-07 10:52:59.683,2021-05-07 10:53:01.664,0.021,3,3,0.9999998,7.932586e-09,1.3117866e-09,1.3709935e-07,0.9999998
511,171,walking,2021-05-07 10:53:00.684,2021-05-07 10:53:02.664,0.021,3,3,0.9999996,2.6317744e-08,4.5551785e-09,3.569306e-07,0.9999996
511,171,walking,2021-05-07 10:53:01.684,2021-05-07 10:53:03.664,0.021,3,3,0.9999986,5.8752935e-08,1.783853e-08,1.179398e-06,0.9999986
511,171,walking,2021-05-07 10:53:02.684,2021-05-07 10:53:04.664,0.021,3,3,0.99999803,7.085993e-08,3.039341e-08,1.7685257e-06,0.99999803
511,171,walking,2021-05-07 10:53:03.684,2021-05-07 10:53:05.664,0.021,3,3,0.9999971,9.076886e-08,5.748452e-08,2.7258354e-06,0.9999971
511,171,walking,2021-05-07 10:53:04.684,2021-05-07 10:53:06.664,0.021,3,3,0.9999842,2.8802094e-07,2.8154435e-07,1.5153137e-05,0.9999842
511,171,walking,2021-05-07 10:53:05.684,2021-05-07 10:53:07.664,0.021,3,3,0.99999505,8.3712095e-08,5.0193425e-08,4.783392e-06,0.99999505
511,171,walking,2021-05-07 10:53:06.684,2021-05-07 10:53:08.663,0.021,3,3,0.99999577,6.470341e-08,3.9365077e-08,4.043159e-06,0.99999577
511,171,walking,2021-05-07 10:53:07.684,2021-05-07 10:53:09.663,0.021,3,3,0.9999903,1.7084027e-07,1.4292014e-07,9.401455e-06,0.9999903
511,171,walking,2021-05-07 10:53:08.684,2021-05-07 10:53:10.663,0.021,3,3,0.9999959,7.6337045e-08,5.215006e-08,3.9091724e-06,0.9999959
511,171,walking,2021-05-07 10:53:09.684,2021-05-07 10:53:11.663,0.021,3,3,0.99999803,5.8464494e-08,2.3391339e-08,1.8411079e-06,0.99999803
511,171,walking,2021-05-07 10:53:10.684,2021-05-07 10:53:12.663,0.021,3,3,0.9999954,1.1508299e-07,6.4083395e-08,4.3061655e-06,0.9999954
511,171,walking,2021-05-07 10:53:11.684,2021-05-07 10:53:13.663,0.021,3,3,0.999986,2.9615254e-07,2.5994132e-07,1.3347049e-05,0.999986
511,171,walking,2021-05-07 10:53:12.684,2021-05-07 10:53:14.663,0.021,3,3,0.99998266,3.3869435e-07,3.4577758e-07,1.6626369e-05,0.99998266
511,171,walking,2021-05-07 10:53:13.684,2021-05-07 10:53:15.663,0.021,3,3,0.9999897,2.1929073e-07,1.7837293e-07,9.870117e-06,0.9999897
511,171,walking,2021-05-07 10:53:14.684,2021-05-07 10:53:16.663,0.021,3,3,0.99999803,6.7197305e-08,2.5298483e-08,1.7585475e-06,0.99999803
511,171,walking,2021-05-07 10:53:15.684,2021-05-07 10:53:17.663,0.021,3,3,0.9999997,1.2889962e-08,2.5229319e-09,2.2418351e-07,0.9999997
511,171,walking,2021-05-07 10:53:16.684,2021-05-07 10:53:18.663,0.021,3,3,0.9999998,4.0166745e-09,6.4375916e-10,1.0691501e-07,0.9999998
511,171,walking,2021-05-07 10:53:17.684,2021-05-07 10:53:19.663,0.021,3,3,0.9999996,1.1566569e-08,3.2046994e-09,3.8185843e-07,0.9999996
511,171,walking,2021-05-07 10:53:18.684,2021-05-07 10:53:20.663,0.021,3,3,0.9999973,8.1080564e-08,4.962069e-08,2.5316426e-06,0.9999973
511,171,walking,2021-05-07 10:53:19.684,2021-05-07 10:53:21.663,0.021,3,3,0.99999136,1.4138502e-07,1.442755e-07,8.344891e-06,0.99999136
511,171,walking,2021-05-07 10:53:20.684,2021-05-07 10:53:22.663,0.021,3,3,0.999994,1.0637779e-07,8.208613e-08,5.7558573e-06,0.999994
511,171,walking,2021-05-07 10:53:21.684,2021-05-07 10:53:23.663,0.021,3,3,0.99998933,2.620424e-07,2.4575837e-07,1.0084086e-05,0.99998933
511,171,walking,2021-05-07 10:53:22.684,2021-05-07 10:53:24.663,0.021,3,3,0.99999136,1.3301641e-07,1.1396979e-07,8.342257e-06,0.99999136
511,171,walking,2021-05-07 10:53:23.684,2021-05-07 10:53:25.663,0.021,3,3,0.99999934,9.40592e-09,4.1333372e-09,6.3640425e-07,0.99999934
511,171,walking,2021-05-07 10:53:24.684,2021-05-07 10:53:26.663,0.021,3,3,0.9999998,4.3461847e-09,8.2736334e-10,1.17712446e-07,0.9999998
511,171,walking,2021-05-07 10:53:25.684,2021-05-07 10:53:27.663,0.021,3,3,0.9999996,1.7919882e-08,4.301354e-09,2.9349113e-07,0.9999996
511,171,walking,2021-05-07 10:53:26.684,2021-05-07 10:53:28.663,0.021,3,3,0.9999998,1.9710247e-09,4.2925666e-10,8.141116e-08,0.9999998
511,171,walking,2021-05-07 10:53:27.684,2021-05-07 10:53:29.663,0.021,3,3,0.99999934,1.33973e-08,4.597757e-09,5.9846707e-07,0.99999934
511,171,walking,2021-05-07 10:53:28.684,2021-05-07 10:53:30.663,0.021,3,3,0.9999992,1.3960672e-08,4.095769e-09,6.598971e-07,0.9999992
511,171,walking,2021-05-07 10:53:29.684,2021-05-07 10:53:31.663,0.021,3,3,0.9999997,3.60121e-09,6.9879386e-10,1.9982393e-07,0.9999997
511,171,walking,2021-05-07 10:53:30.684,2021-05-07 10:53:32.664,0.021,3,3,0.9999998,3.0755762e-09,5.800923e-10,1.3190513e-07,0.9999998
511,171,walking,2021-05-07 10:53:31.684,2021-05-07 10:53:33.664,0.021,3,3,0.9999998,3.2035876e-09,5.7507543e-10,8.103826e-08,0.9999998
511,171,walking,2021-05-07 10:53:32.683,2021-05-07 10:53:34.664,0.021,3,3,0.99999994,1.8390274e-09,2.7146307e-10,4.7391794e-08,0.99999994
511,171,walking,2021-05-07 10:53:33.683,2021-05-07 10:53:35.664,0.021,3,3,0.99999946,8.251099e-09,2.6061773e-09,4.1335937e-07,0.99999946
511,171,walking,2021-05-07 10:53:34.683,2021-05-07 10:53:36.664,0.021,3,3,0.9999984,3.0897787e-08,1.1094229e-08,1.520556e-06,0.9999984
511,171,walking,2021-05-07 10:53:35.683,2021-05-07 10:53:37.664,0.021,3,3,0.9999952,1.2492734e-07,7.323523e-08,4.5173338e-06,0.9999952
511,171,walking,2021-05-07 10:53:36.683,2021-05-07 10:53:38.664,0.021,3,3,0.9999983,3.4753032e-08,2.0146224e-08,1.611741e-06,0.9999983
511,171,walking,2021-05-07 10:53:37.683,2021-05-07 10:53:39.664,0.021,3,3,0.99999624,6.096299e-08,3.8646878e-08,3.5477256e-06,0.99999624
511,171,walking,2021-05-07 10:53:38.683,2021-05-07 10:53:40.664,0.021,3,3,0.9999996,1.2649955e-08,3.0301577e-09,3.860304e-07,0.9999996
511,171,walking,2021-05-07 10:53:39.683,2021-05-07 10:53:41.664,0.021,3,3,0.99999887,3.2403296e-08,9.507428e-09,1.0460057e-06,0.99999887
511,171,walking,2021-05-07 10:53:40.683,2021-05-07 10:53:42.664,0.021,3,3,0.999999,1.636794e-08,5.1397824e-09,9.874026e-07,0.999999
511,171,walking,2021-05-07 10:53:41.683,2021-05-07 10:53:43.664,0.021,3,3,0.999999,1.08014335e-08,3.8462753e-09,8.798848e-07,0.999999
511,171,walking,2021-05-07 10:53:42.683,2021-05-07 10:53:44.664,0.021,3,3,0.9998887,1.3444467e-06,2.411813e-06,0.00010743989,0.9998887
511,171,walking,2021-05-07 10:53:43.683,2021-05-07 10:53:45.664,0.021,3,3,0.9999997,3.0519325e-09,6.301504e-10,2.5656482e-07,0.9999997
511,171,walking,2021-05-07 10:53:44.683,2021-05-07 10:53:46.664,0.021,3,3,0.9999986,3.1039203e-08,1.1645675e-08,1.3061943e-06,0.9999986
511,171,walking,2021-05-07 10:53:45.683,2021-05-07 10:53:47.664,0.021,3,3,0.99999744,5.656203e-08,3.388727e-08,2.4478134e-06,0.99999744
511,171,walking,2021-05-07 10:53:46.683,2021-05-07 10:53:48.664,0.021,3,3,0.99993044,6.879686e-07,1.1169293e-06,6.7646215e-05,0.99993044
511,171,walking,2021-05-07 10:53:47.683,2021-05-07 10:53:49.664,0.021,3,3,0.9999891,1.2484213e-07,9.330478e-08,1.0585267e-05,0.9999891
511,171,walking,2021-05-07 10:53:48.683,2021-05-07 10:53:50.664,0.021,3,3,0.99982905,1.505751e-06,3.2205107e-06,0.0001663077,0.99982905
511,171,walking,2021-05-07 10:53:49.683,2021-05-07 10:53:51.664,0.021,3,3,0.99990505,8.7048306e-07,1.5867901e-06,9.246621e-05,0.99990505
511,171,walking,2021-05-07 10:53:50.683,2021-05-07 10:53:52.664,0.021,3,3,0.9999986,1.9897968e-08,7.475555e-09,1.2500899e-06,0.9999986
511,173,standing,2021-05-07 10:53:54.723,2021-05-07 10:53:56.703,0.021,2,2,0.776611,0.0002786192,0.04679139,0.776611,0.17631914
511,173,standing,2021-05-07 10:53:55.723,2021-05-07 10:53:57.703,0.021,2,3,0.83665454,0.00015932473,0.0043822615,0.15880392,0.83665454
511,180,walking,2021-05-07 10:54:04.404,2021-05-07 10:54:06.383,0.021,3,3,0.9999587,1.0749916e-06,1.2247905e-06,3.892096e-05,0.9999587
511,189,standing,2021-05-07 10:54:11.843,2021-05-07 10:54:13.823,0.021,2,2,0.8968853,0.000113152884,0.09779731,0.8968853,0.005204169
511,189,standing,2021-05-07 10:54:12.843,2021-05-07 10:54:14.823,0.021,2,2,0.8835567,0.00010388922,0.11295722,0.8835567,0.00338214
511,189,standing,2021-05-07 10:54:13.843,2021-05-07 10:54:15.823,0.021,2,2,0.8792141,0.000108619286,0.117280394,0.8792141,0.0033968368
511,189,standing,2021-05-07 10:54:14.843,2021-05-07 10:54:16.823,0.021,2,2,0.88687164,0.000110915425,0.10909888,0.88687164,0.003918582
511,189,standing,2021-05-07 10:54:15.843,2021-05-07 10:54:17.823,0.021,2,2,0.89371383,9.490408e-05,0.102808945,0.89371383,0.0033822444
511,189,standing,2021-05-07 10:54:16.843,2021-05-07 10:54:18.823,0.021,2,2,0.89475644,7.196662e-05,0.10290478,0.89475644,0.0022668315
511,189,standing,2021-05-07 10:54:17.843,2021-05-07 10:54:19.823,0.021,2,2,0.9040681,8.385019e-05,0.09202514,0.9040681,0.003822859
512,0,standing,2021-05-07 15:39:36.939,2021-05-07 15:39:38.919,0.021,2,2,0.8635949,0.00013439653,0.13059075,0.8635949,0.0056798854
512,0,standing,2021-05-07 15:39:37.939,2021-05-07 15:39:39.919,0.021,2,2,0.86028767,0.00017439766,0.13252099,0.86028767,0.0070169712
512,2,standing,2021-05-07 15:39:47.319,2021-05-07 15:39:49.299,0.021,2,2,0.9127594,9.5921365e-05,0.082364425,0.9127594,0.004780162
512,2,standing,2021-05-07 15:39:48.319,2021-05-07 15:39:50.299,0.021,2,2,0.8962586,9.00819e-05,0.10091317,0.8962586,0.0027381121
512,4,walking,2021-05-07 15:39:52.599,2021-05-07 15:39:54.580,0.021,3,3,0.9784235,0.0001414846,0.0015178851,0.019917063,0.9784235
512,4,walking,2021-05-07 15:39:53.599,2021-05-07 15:39:55.580,0.021,3,3,0.9914085,5.5825574e-05,0.00036983957,0.008165781,0.9914085
512,4,walking,2021-05-07 15:39:54.599,2021-05-07 15:39:56.580,0.021,3,3,0.99932975,3.7994082e-06,1.4009291e-05,0.00065245817,0.99932975
512,4,walking,2021-05-07 15:39:55.599,2021-05-07 15:39:57.580,0.021,3,3,0.9945136,2.4258487e-05,0.00012420256,0.005337944,0.9945136
512,4,walking,2021-05-07 15:39:56.599,2021-05-07 15:39:58.580,0.021,3,3,0.9911905,3.9207407e-05,0.00020553794,0.008564783,0.9911905
512,4,walking,2021-05-07 15:39:57.599,2021-05-07 15:39:59.580,0.021,3,3,0.9989916,3.3616914e-06,1.2005328e-05,0.0009930031,0.9989916
512,6,walking,2021-05-07 15:40:00.480,2021-05-07 15:40:02.460,0.021,3,3,0.994296,1.9759147e-05,0.00018844451,0.0054958174,0.994296
512,6,walking,2021-05-07 15:40:01.480,2021-05-07 15:40:03.460,0.021,3,3,0.9997045,5.9761974e-06,1.5239622e-05,0.00027419906,0.9997045
512,6,walking,2021-05-07 15:40:02.480,2021-05-07 15:40:04.460,0.021,3,3,0.98316437,8.921251e-05,0.00076814694,0.01597832,0.98316437
512,6,walking,2021-05-07 15:40:03.480,2021-05-07 15:40:05.460,0.021,3,3,0.99823177,7.0523615e-06,3.0095915e-05,0.0017310557,0.99823177
512,6,walking,2021-05-07 15:40:04.480,2021-05-07 15:40:06.460,0.021,3,3,0.9981429,7.398954e-06,3.9860977e-05,0.001809862,0.9981429
512,6,walking,2021-05-07 15:40:05.480,2021-05-07 15:40:07.460,0.021,3,3,0.99611473,1.2787322e-05,8.6805805e-05,0.0037856486,0.99611473
512,6,walking,2021-05-07 15:40:06.480,2021-05-07 15:40:08.460,0.021,3,3,0.9954612,1.4424841e-05,9.613658e-05,0.004428267,0.9954612
512,6,walking,2021-05-07 15:40:07.480,2021-05-07 15:40:09.460,0.021,3,3,0.986652,4.6938087e-05,0.0004784061,0.012822649,0.986652
512,6,walking,2021-05-07 15:40:08.479,2021-05-07 15:40:10.460,0.021,3,3,0.9842534,4.29325e-05,0.00048234718,0.01522128,0.9842534
512,6,walking,2021-05-07 15:40:09.479,2021-05-07 15:40:11.460,0.021,3,3,0.9756994,5.3103835e-05,0.00060636597,0.023641117,0.9756994
512,6,walking,2021-05-07 15:40:10.479,2021-05-07 15:40:12.460,0.021,3,3,0.96841466,8.249028e-05,0.0010291898,0.030473726,0.96841466
512,6,walking,2021-05-07 15:40:11.479,2021-05-07 15:40:13.460,0.021,3,3,0.9471266,0.00017271064,0.002667963,0.05003265,0.9471266
512,6,walking,2021-05-07 15:40:12.479,2021-05-07 15:40:14.460,0.021,3,3,0.9960501,2.3586757e-05,0.00012537092,0.0038008387,0.9960501
512,6,walking,2021-05-07 15:40:13.479,2021-05-07 15:40:15.460,0.021,3,3,0.99354726,1.5843312e-05,0.000119387456,0.006317527,0.99354726
512,6,walking,2021-05-07 15:40:14.479,2021-05-07 15:40:16.459,0.021,3,3,0.88299763,0.00017875936,0.0047787162,0.11204493,0.88299763
512,6,walking,2021-05-07 15:40:15.479,2021-05-07 15:40:17.459,0.021,3,3,0.9705812,0.00014008113,0.0018362611,0.02744246,0.9705812
512,6,walking,2021-05-07 15:40:16.479,2021-05-07 15:40:18.459,0.021,3,3,0.99358106,3.2995045e-05,0.00022916819,0.006156824,0.99358106
512,6,walking,2021-05-07 15:40:17.479,2021-05-07 15:40:19.459,0.021,3,3,0.9971933,2.1134178e-05,0.00010254738,0.0026829801,0.9971933
512,6,walking,2021-05-07 15:40:18.479,2021-05-07 15:40:20.459,0.021,3,3,0.96918106,0.00012517291,0.0013475188,0.029346218,0.96918106
512,6,walking,2021-05-07 15:40:19.479,2021-05-07 15:40:21.459,0.021,3,3,0.9941451,3.526276e-05,0.00027453672,0.0055451314,0.9941451
512,6,walking,2021-05-07 15:40:20.479,2021-05-07 15:40:22.459,0.021,3,3,0.99666387,2.1331223e-05,0.00014649003,0.0031682446,0.99666387
512,6,walking,2021-05-07 15:40:21.479,2021-05-07 15:40:23.459,0.021,3,3,0.99861664,3.1601856e-05,0.0001249601,0.0012268835,0.99861664
512,6,walking,2021-05-07 15:40:22.479,2021-05-07 15:40:24.459,0.021,3,3,0.9982149,3.6597456e-05,0.00019724283,0.0015512079,0.9982149
512,6,walking,2021-05-07 15:40:23.479,2021-05-07 15:40:25.459,0.021,3,3,0.9809217,9.2612994e-05,0.00094865327,0.018037066,0.9809217
512,6,walking,2021-05-07 15:40:24.479,2021-05-07 15:40:26.459,0.021,3,3,0.9644211,0.000100032325,0.0010921821,0.034386687,0.9644211
512,6,walking,2021-05-07 15:40:25.479,2021-05-07 15:40:27.459,0.021,3,3,0.9892743,2.4800185e-05,0.00021335906,0.010487534,0.9892743
512,6,walking,2021-05-07 15:40:26.479,2021-05-07 15:40:28.459,0.021,3,3,0.9482528,0.00011935489,0.0017314695,0.049896315,0.9482528
512,6,walking,2021-05-07 15:40:27.479,2021-05-07 15:40:29.459,0.021,3,3,0.9309277,0.00017766684,0.0030558296,0.065838814,0.9309277
512,6,walking,2021-05-07 15:40:28.479,2021-05-07 15:40:30.459,0.021,3,3,0.9467725,0.00011485001,0.0017019523,0.051410638,0.9467725
512,6,walking,2021-05-07 15:40:29.479,2021-05-07 15:40:31.459,0.021,3,3,0.74297434,0.00026973983,0.01055008,0.2462059,0.74297434
512,6,walking,2021-05-07 15:40:30.479,2021-05-07 15:40:32.459,0.021,3,3,0.92088866,0.00020750565,0.004743546,0.07416023,0.92088866
512,6,walking,2021-05-07 15:40:31.479,2021-05-07 15:40:33.459,0.021,3,3,0.9795269,6.1833976e-05,0.0006109532,0.019800294,0.9795269
512,6,walking,2021-05-07 15:40:32.479,2021-05-07 15:40:34.459,0.021,3,3,0.9890446,3.449556e-05,0.00026296361,0.010657866,0.9890446
512,6,walking,2021-05-07 15:40:33.479,2021-05-07 15:40:35.459,0.021,3,3,0.99920577,4.161519e-06,1.38348305e-05,0.0007761066,0.99920577
512,6,walking,2021-05-07 15:40:34.479,2021-05-07 15:40:36.459,0.021,3,3,0.99537235,1.9195993e-05,0.00012449975,0.004483928,0.99537235
512,6,walking,2021-05-07 15:40:35.479,2021-05-07 15:40:37.459,0.021,3,3,0.97594005,0.000115267445,0.0011279572,0.022816721,0.97594005
512,6,walking,2021-05-07 15:40:36.479,2021-05-07 15:40:38.459,0.021,3,3,0.99886316,1.2143058e-05,4.0135026e-05,0.0010845737,0.99886316
512,6,walking,2021-05-07 15:40:37.479,2021-05-07 15:40:39.459,0.021,3,3,0.99864304,1.6882776e-05,0.00012333182,0.001216707,0.99864304
512,7,sitting,2021-05-07 15:40:41.919,2021-05-07 15:40:43.900,0.021,1,2,0.765719,0.00045422022,0.08930401,0.765719,0.14452264
512,7,sitting,2021-05-07 15:40:42.919,2021-05-07 15:40:44.900,0.021,1,3,0.50644374,0.00062334584,0.03979729,0.4531356,0.50644374
512,7,sitting,2021-05-07 15:40:43.919,2021-05-07 15:40:45.900,0.021,1,2,0.7333054,0.0004954196,0.18701853,0.7333054,0.07918059
512,7,sitting,2021-05-07 15:40:44.919,2021-05-07 15:40:46.900,0.021,1,1,0.5117037,0.00029604268,0.5117037,0.48241496,0.0055852416
512,7,sitting,2021-05-07 15:40:45.919,2021-05-07 15:40:47.900,0.021,1,1,0.53458655,0.00027929267,0.53458655,0.4609146,0.004219541
512,7,sitting,2021-05-07 15:40:46.919,2021-05-07 15:40:48.900,0.021,1,2,0.6498228,0.00020250693,0.34511614,0.6498228,0.004858579
512,7,sitting,2021-05-07 15:40:47.919,2021-05-07 15:40:49.900,0.021,1,1,0.5485104,0.00022904335,0.5485104,0.4486604,0.0026001232
512,7,sitting,2021-05-07 15:40:48.919,2021-05-07 15:40:50.900,0.021,1,1,0.58501375,0.00024099447,0.58501375,0.4122569,0.0024883198
512,7,sitting,2021-05-07 15:40:49.919,2021-05-07 15:40:51.900,0.021,1,2,0.6628119,0.00024184585,0.33132398,0.6628119,0.0056223525
512,7,sitting,2021-05-07 15:40:50.919,2021-05-07 15:40:52.900,0.021,1,2,0.51211125,0.00025522136,0.48404244,0.51211125,0.0035910257
512,7,sitting,2021-05-07 15:40:51.919,2021-05-07 15:40:53.900,0.021,1,1,0.85422814,0.00030873617,0.85422814,0.14462177,0.0008412328
512,7,sitting,2021-05-07 15:40:52.919,2021-05-07 15:40:54.900,0.021,1,1,0.9563799,0.00033267558,0.9563799,0.043029595,0.0002578303
512,7,sitting,2021-05-07 15:40:53.919,2021-05-07 15:40:55.900,0.021,1,1,0.7970913,0.00032677277,0.7970913,0.20141514,0.0011667628
512,7,sitting,2021-05-07 15:40:54.919,2021-05-07 15:40:56.900,0.021,1,1,0.6242759,0.00025019614,0.6242759,0.37335646,0.0021174692
512,7,sitting,2021-05-07 15:40:55.919,2021-05-07 15:40:57.900,0.021,1,1,0.90045655,0.0002785657,0.90045655,0.09876917,0.00049568864
512,7,sitting,2021-05-07 15:40:56.919,2021-05-07 15:40:58.900,0.021,1,1,0.93381375,0.00036851317,0.93381375,0.065365605,0.00045214646
512,7,sitting,2021-05-07 15:40:57.919,2021-05-07 15:40:59.900,0.021,1,1,0.6911018,0.0002894635,0.6911018,0.30695885,0.0016498616
512,7,sitting,2021-05-07 15:40:58.919,2021-05-07 15:41:00.900,0.021,1,1,0.65298414,0.00028963241,0.65298414,0.34467614,0.0020500259
512,7,sitting,2021-05-07 15:40:59.919,2021-05-07 15:41:01.900,0.021,1,1,0.9022617,0.0004264639,0.9022617,0.09646021,0.0008516062
512,7,sitting,2021-05-07 15:41:00.920,2021-05-07 15:41:02.900,0.021,1,1,0.8312822,0.0005214806,0.8312822,0.1664042,0.0017921147
512,7,sitting,2021-05-07 15:41:01.920,2021-05-07 15:41:03.900,0.021,1,1,0.82665706,0.00041663146,0.82665706,0.17173971,0.0011864357
512,7,sitting,2021-05-07 15:41:02.920,2021-05-07 15:41:04.900,0.021,1,1,0.9758466,0.00035641168,0.9758466,0.023598744,0.00019838414
512,7,sitting,2021-05-07 15:41:03.920,2021-05-07 15:41:05.900,0.021,1,1,0.90139425,0.00034627714,0.90139425,0.09757748,0.000681959
512,7,sitting,2021-05-07 15:41:04.920,2021-05-07 15:41:06.900,0.021,1,1,0.7293643,0.00020752226,0.7293643,0.26946193,0.00096614694
512,7,sitting,2021-05-07 15:41:05.920,2021-05-07 15:41:07.900,0.021,1,1,0.8556324,0.00027255365,0.8556324,0.14346874,0.0006261794
512,7,sitting,2021-05-07 15:41:06.920,2021-05-07 15:41:08.899,0.021,1,1,0.9522192,0.00034401915,0.9522192,0.04714085,0.00029593203
512,7,sitting,2021-05-07 15:41:07.920,2021-05-07 15:41:09.899,0.021,1,1,0.764483,0.0005599801,0.764483,0.22876814,0.00618887
512,7,sitting,2021-05-07 15:41:08.920,2021-05-07 15:41:10.899,0.021,1,2,0.6434165,0.00058279175,0.16684185,0.6434165,0.18915878
512,7,sitting,2021-05-07 15:41:09.920,2021-05-07 15:41:11.899,0.021,1,2,0.673208,0.0006529842,0.089658305,0.673208,0.2364807
512,7,sitting,2021-05-07 15:41:10.920,2021-05-07 15:41:12.899,0.021,1,2,0.86328864,0.00031632156,0.053423908,0.86328864,0.08297108
512,7,sitting,2021-05-07 15:41:11.920,2021-05-07 15:41:13.899,0.021,1,2,0.897897,0.00020793673,0.08146514,0.897897,0.02042994
512,7,sitting,2021-05-07 15:41:12.920,2021-05-07 15:41:14.899,0.021,1,2,0.8821373,0.00015241891,0.11173893,0.8821373,0.0059714103
512,7,sitting,2021-05-07 15:41:13.920,2021-05-07 15:41:15.899,0.021,1,2,0.8495697,0.00020563655,0.14459626,0.8495697,0.0056284214
512,7,sitting,2021-05-07 15:41:14.920,2021-05-07 15:41:16.899,0.021,1,2,0.8434725,0.0003320645,0.14320727,0.8434725,0.0129882535
512,7,sitting,2021-05-07 15:41:15.920,2021-05-07 15:41:17.899,0.021,1,2,0.8456095,0.00027464583,0.14392006,0.8456095,0.010195746
512,7,sitting,2021-05-07 15:41:16.920,2021-05-07 15:41:18.899,0.021,1,2,0.8327449,0.00016266969,0.16398545,0.8327449,0.0031069985
512,7,sitting,2021-05-07 15:41:17.920,2021-05-07 15:41:19.899,0.021,1,2,0.8653138,0.00017227161,0.12897202,0.8653138,0.005541849
512,7,sitting,2021-05-07 15:41:18.920,2021-05-07 15:41:20.899,0.021,1,2,0.87773824,0.00013202323,0.11801336,0.87773824,0.0041163247
512,7,sitting,2021-05-07 15:41:19.920,2021-05-07 15:41:21.899,0.021,1,2,0.8768904,0.0001096664,0.12003938,0.8768904,0.0029606328
512,7,sitting,2021-05-07 15:41:20.920,2021-05-07 15:41:22.899,0.021,1,2,0.897581,0.0001306629,0.0956067,0.897581,0.0066815815
512,7,sitting,2021-05-07 15:41:21.920,2021-05-07 15:41:23.899,0.021,1,2,0.88648367,0.00017953459,0.10353002,0.88648367,0.009806683
512,7,sitting,2021-05-07 15:41:22.920,2021-05-07 15:41:24.899,0.021,1,2,0.8497772,0.00016577185,0.14587875,0.8497772,0.0041782865
512,7,sitting,2021-05-07 15:41:23.920,2021-05-07 15:41:25.899,0.021,1,2,0.8207858,0.00016875642,0.1761284,0.8207858,0.0029170248
512,7,sitting,2021-05-07 15:41:24.920,2021-05-07 15:41:26.899,0.021,1,2,0.8092739,0.00018080078,0.18760125,0.8092739,0.002944084
512,7,sitting,2021-05-07 15:41:25.920,2021-05-07 15:41:27.899,0.021,1,2,0.7963308,0.00015843424,0.20088752,0.7963308,0.002623213
512,7,sitting,2021-05-07 15:41:26.920,2021-05-07 15:41:28.899,0.021,1,2,0.8199072,0.00016938202,0.17674804,0.8199072,0.0031753785
512,7,sitting,2021-05-07 15:41:27.920,2021-05-07 15:41:29.899,0.021,1,2,0.8727352,0.00012884125,0.12379565,0.8727352,0.003340207
512,7,sitting,2021-05-07 15:41:28.920,2021-05-07 15:41:30.899,0.021,1,2,0.89806324,0.00013350867,0.09644837,0.89806324,0.0053548454
512,7,sitting,2021-05-07 15:41:29.920,2021-05-07 15:41:31.899,0.021,1,2,0.8698082,0.000114544426,0.12765475,0.8698082,0.0024224613
512,7,sitting,2021-05-07 15:41:30.920,2021-05-07 15:41:32.900,0.021,1,2,0.87461567,0.000108651235,0.12310405,0.87461567,0.002171699
512,7,sitting,2021-05-07 15:41:31.920,2021-05-07 15:41:33.900,0.021,1,2,0.86837703,9.31509e-05,0.12995136,0.86837703,0.0015783688
512,7,sitting,2021-05-07 15:41:32.919,2021-05-07 15:41:34.900,0.021,1,2,0.86233985,8.798294e-05,0.1362929,0.86233985,0.0012792393
512,7,sitting,2021-05-07 15:41:33.919,2021-05-07 15:41:35.900,0.021,1,2,0.85450184,0.00012877784,0.14330454,0.85450184,0.00206484
512,7,sitting,2021-05-07 15:41:34.919,2021-05-07 15:41:36.900,0.021,1,2,0.8594182,0.00012068735,0.13755135,0.8594182,0.0029097486
512,7,sitting,2021-05-07 15:41:35.919,2021-05-07 15:41:37.900,0.021,1,2,0.8448343,0.00011878517,0.15234724,0.8448343,0.0026997041
512,7,sitting,2021-05-07 15:41:36.919,2021-05-07 15:41:38.900,0.021,1,2,0.85144424,0.00013515756,0.14603238,0.85144424,0.0023883455
512,7,sitting,2021-05-07 15:41:37.919,2021-05-07 15:41:39.900,0.021,1,2,0.87815803,0.00011036302,0.119317,0.87815803,0.002414704
512,7,sitting,2021-05-07 15:41:38.919,2021-05-07 15:41:40.900,0.021,1,2,0.8450345,0.00017170332,0.15087128,0.8450345,0.003922586
512,7,sitting,2021-05-07 15:41:39.919,2021-05-07 15:41:41.900,0.021,1,2,0.8461463,0.00033229534,0.13778965,0.8461463,0.015731737
512,7,sitting,2021-05-07 15:41:40.919,2021-05-07 15:41:42.900,0.021,1,2,0.89504725,0.00022577145,0.08681113,0.89504725,0.017915785
512,7,sitting,2021-05-07 15:41:41.919,2021-05-07 15:41:43.900,0.021,1,2,0.9166716,0.0001664081,0.049623724,0.9166716,0.033538334
512,7,sitting,2021-05-07 15:41:42.919,2021-05-07 15:41:44.900,0.021,1,2,0.91250706,0.00014522324,0.06977245,0.91250706,0.017575301
512,7,sitting,2021-05-07 15:41:43.919,2021-05-07 15:41:45.900,0.021,1,2,0.8404788,9.417171e-05,0.1575161,0.8404788,0.0019109478
512,7,sitting,2021-05-07 15:41:44.919,2021-05-07 15:41:46.900,0.021,1,2,0.84564817,0.000103874736,0.152437,0.84564817,0.0018109011
512,7,sitting,2021-05-07 15:41:45.919,2021-05-07 15:41:47.900,0.021,1,2,0.82960683,7.393143e-05,0.16854486,0.82960683,0.0017743239
512,7,sitting,2021-05-07 15:41:46.919,2021-05-07 15:41:48.900,0.021,1,2,0.64616036,0.00018328603,0.34922537,0.64616036,0.004430988
512,7,sitting,2021-05-07 15:41:47.919,2021-05-07 15:41:49.900,0.021,1,1,0.5038491,0.00027935332,0.5038491,0.49101642,0.004855257
512,7,sitting,2021-05-07 15:41:48.919,2021-05-07 15:41:50.900,0.021,1,1,0.54187083,0.0002653109,0.54187083,0.45419022,0.0036735914
512,7,sitting,2021-05-07 15:41:49.919,2021-05-07 15:41:51.900,0.021,1,1,0.5752695,0.00024771367,0.5752695,0.4214016,0.003081208
512,7,sitting,2021-05-07 15:41:50.919,2021-05-07 15:41:52.900,0.021,1,2,0.5246023,0.0002085869,0.4718251,0.5246023,0.0033640214
512,7,sitting,2021-05-07 15:41:51.919,2021-05-07 15:41:53.900,0.021,1,2,0.5446481,0.0002692312,0.45047474,0.5446481,0.004607918
512,7,sitting,2021-05-07 15:41:52.919,2021-05-07 15:41:54.900,0.021,1,2,0.5111326,0.00025948443,0.4845365,0.5111326,0.004071445
512,7,sitting,2021-05-07 15:41:53.919,2021-05-07 15:41:55.900,0.021,1,1,0.50392175,0.00024123932,0.50392175,0.49253404,0.0033030096
512,7,sitting,2021-05-07 15:41:54.919,2021-05-07 15:41:56.900,0.021,1,1,0.50319123,0.00027458993,0.50319123,0.4934522,0.0030818922
512,7,sitting,2021-05-07 15:41:55.919,2021-05-07 15:41:57.900,0.021,1,1,0.5815285,0.00029650156,0.5815285,0.41565853,0.002516422
512,7,sitting,2021-05-07 15:41:56.919,2021-05-07 15:41:58.900,0.021,1,1,0.5938154,0.0002969136,0.5938154,0.4032185,0.0026692555
512,7,sitting,2021-05-07 15:41:57.919,2021-05-07 15:41:59.900,0.021,1,1,0.7259475,0.00027508108,0.7259475,0.27249125,0.0012862211
512,7,sitting,2021-05-07 15:41:58.919,2021-05-07 15:42:00.900,0.021,1,1,0.81053054,0.00027120762,0.81053054,0.18832621,0.000871998
512,7,sitting,2021-05-07 15:41:59.919,2021-05-07 15:42:01.900,0.021,1,1,0.90806144,0.0003022743,0.90806144,0.09115452,0.00048180437
512,7,sitting,2021-05-07 15:42:00.920,2021-05-07 15:42:02.900,0.021,1,1,0.88970095,0.00032572565,0.88970095,0.10942605,0.00054742326
512,7,sitting,2021-05-07 15:42:01.920,2021-05-07 15:42:03.900,0.021,1,1,0.73636204,0.00035907084,0.73636204,0.26150128,0.001777478
512,7,sitting,2021-05-07 15:42:02.920,2021-05-07 15:42:04.900,0.021,1,1,0.5414029,0.0004074762,0.5414029,0.45312747,0.005062211
512,7,sitting,2021-05-07 15:42:03.920,2021-05-07 15:42:05.900,0.021,1,2,0.5647489,0.00046637794,0.40981543,0.5647489,0.024969198
512,7,sitting,2021-05-07 15:42:04.920,2021-05-07 15:42:06.900,0.021,1,1,0.5605631,0.00024149074,0.5605631,0.41953626,0.019659115
512,7,sitting,2021-05-07 15:42:05.920,2021-05-07 15:42:07.900,0.021,1,1,0.5865314,3.4382483e-05,0.5865314,0.41248977,0.0009443198
512,7,sitting,2021-05-07 15:42:06.920,2021-05-07 15:42:08.899,0.021,1,1,0.58097154,3.3875614e-05,0.58097154,0.41805613,0.0009384841
512,7,sitting,2021-05-07 15:42:07.920,2021-05-07 15:42:09.899,0.021,1,1,0.5578744,5.650536e-05,0.5578744,0.44073066,0.0013385147
512,7,sitting,2021-05-07 15:42:08.920,2021-05-07 15:42:10.899,0.021,1,1,0.5693224,4.046366e-05,0.5693224,0.4294512,0.0011859051
512,7,sitting,2021-05-07 15:42:09.920,2021-05-07 15:42:11.899,0.021,1,1,0.5543844,3.0372426e-05,0.5543844,0.444501,0.0010841631
512,7,sitting,2021-05-07 15:42:10.920,2021-05-07 15:42:12.899,0.021,1,1,0.50747377,4.681777e-05,0.50747377,0.490948,0.0015314496
512,7,sitting,2021-05-07 15:42:11.920,2021-05-07 15:42:13.899,0.021,1,1,0.5971848,3.0157507e-05,0.5971848,0.4018682,0.00091675884
512,7,sitting,2021-05-07 15:42:12.920,2021-05-07 15:42:14.899,0.021,1,1,0.58600885,2.8834475e-05,0.58600885,0.41286469,0.0010976978
512,7,sitting,2021-05-07 15:42:13.920,2021-05-07 15:42:15.899,0.021,1,1,0.53036886,3.9295963e-05,0.53036886,0.4680835,0.0015083139
512,7,sitting,2021-05-07 15:42:14.920,2021-05-07 15:42:16.899,0.021,1,1,0.5423652,3.098708e-05,0.5423652,0.45598578,0.0016180224
512,7,sitting,2021-05-07 15:42:15.920,2021-05-07 15:42:17.899,0.021,1,1,0.54861224,4.0612464e-05,0.54861224,0.44999427,0.0013528526
512,7,sitting,2021-05-07 15:42:16.920,2021-05-07 15:42:18.899,0.021,1,1,0.5864778,3.546954e-05,0.5864778,0.4125521,0.0009346455
512,7,sitting,2021-05-07 15:42:17.920,2021-05-07 15:42:19.899,0.021,1,1,0.6072629,2.4348416e-05,0.6072629,0.39185646,0.0008563449
512,7,sitting,2021-05-07 15:42:18.920,2021-05-07 15:42:20.899,0.021,1,1,0.5493337,4.0690586e-05,0.5493337,0.44932145,0.0013042755
512,7,sitting,2021-05-07 15:42:19.920,2021-05-07 15:42:21.899,0.021,1,1,0.57964456,3.760842e-05,0.57964456,0.41885927,0.0014584573
512,7,sitting,2021-05-07 15:42:20.920,2021-05-07 15:42:22.899,0.021,1,1,0.5830576,3.4878965e-05,0.5830576,0.4158443,0.0010633189
512,7,sitting,2021-05-07 15:42:21.920,2021-05-07 15:42:23.899,0.021,1,1,0.547495,3.846932e-05,0.547495,0.45127878,0.0011876989
512,7,sitting,2021-05-07 15:42:22.920,2021-05-07 15:42:24.899,0.021,1,1,0.5180846,2.9959136e-05,0.5180846,0.48022586,0.001659643
512,7,sitting,2021-05-07 15:42:23.920,2021-05-07 15:42:25.899,0.021,1,1,0.5071796,3.7055976e-05,0.5071796,0.4910056,0.0017776566
512,7,sitting,2021-05-07 15:42:24.920,2021-05-07 15:42:26.899,0.021,1,1,0.5679224,2.89744e-05,0.5679224,0.43078107,0.0012675367
512,7,sitting,2021-05-07 15:42:25.920,2021-05-07 15:42:27.899,0.021,1,1,0.5534394,3.557469e-05,0.5534394,0.44527987,0.0012452925
512,7,sitting,2021-05-07 15:42:26.920,2021-05-07 15:42:28.899,0.021,1,1,0.5726613,3.355994e-05,0.5726613,0.42627037,0.0010347614
512,7,sitting,2021-05-07 15:42:27.920,2021-05-07 15:42:29.899,0.021,1,1,0.57602876,2.53849e-05,0.57602876,0.4228753,0.0010704951
512,7,sitting,2021-05-07 15:42:28.920,2021-05-07 15:42:30.899,0.021,1,1,0.5334957,4.332469e-05,0.5334957,0.46518603,0.0012749375
512,7,sitting,2021-05-07 15:42:29.920,2021-05-07 15:42:31.899,0.021,1,1,0.50129163,4.4769182e-05,0.50129163,0.49702567,0.0016379907
512,7,sitting,2021-05-07 15:42:30.920,2021-05-07 15:42:32.900,0.021,1,2,0.5268702,3.638104e-05,0.471113,0.5268702,0.0019805115
512,7,sitting,2021-05-07 15:42:31.920,2021-05-07 15:42:33.900,0.021,1,2,0.5121178,4.4497552e-05,0.48608544,0.5121178,0.0017523147
512,7,sitting,2021-05-07 15:42:32.919,2021-05-07 15:42:34.900,0.021,1,1,0.57701105,3.068442e-05,0.57701105,0.42180765,0.0011506055
512,7,sitting,2021-05-07 15:42:33.919,2021-05-07 15:42:35.900,0.021,1,1,0.56796974,3.26621e-05,0.56796974,0.43081695,0.0011806878
512,7,sitting,2021-05-07 15:42:34.919,2021-05-07 15:42:36.900,0.021,1,1,0.5276171,4.357686e-05,0.5276171,0.4709171,0.001422171
512,7,sitting,2021-05-07 15:42:35.919,2021-05-07 15:42:37.900,0.021,1,1,0.60058403,2.8778544e-05,0.60058403,0.39821315,0.0011740946
512,7,sitting,2021-05-07 15:42:36.919,2021-05-07 15:42:38.900,0.021,1,1,0.5737072,3.669398e-05,0.5737072,0.4250681,0.0011879805
512,7,sitting,2021-05-07 15:42:37.919,2021-05-07 15:42:39.900,0.021,1,1,0.672737,2.8736444e-05,0.672737,0.32659212,0.00064206996
512,7,sitting,2021-05-07 15:42:38.919,2021-05-07 15:42:40.900,0.021,1,1,0.60247153,3.1008494e-05,0.60247153,0.39622912,0.0012682655
512,7,sitting,2021-05-07 15:42:39.919,2021-05-07 15:42:41.900,0.021,1,2,0.5339994,5.0232047e-05,0.46342832,0.5339994,0.0025221817
512,7,sitting,2021-05-07 15:42:40.919,2021-05-07 15:42:42.900,0.021,1,1,0.60418123,3.0722247e-05,0.60418123,0.39455715,0.0012309748
512,7,sitting,2021-05-07 15:42:41.919,2021-05-07 15:42:43.900,0.021,1,1,0.574311,3.6854217e-05,0.574311,0.4244614,0.0011908055
512,7,sitting,2021-05-07 15:42:42.919,2021-05-07 15:42:44.900,0.021,1,1,0.60291475,3.6811172e-05,0.60291475,0.3960073,0.0010411508
512,7,sitting,2021-05-07 15:42:43.919,2021-05-07 15:42:45.900,0.021,1,1,0.5923035,2.8692173e-05,0.5923035,0.406518,0.0011497898
512,7,sitting,2021-05-07 15:42:44.919,2021-05-07 15:42:46.900,0.021,1,2,0.49906763,5.8601814e-05,0.4989006,0.49906763,0.001973111
512,7,sitting,2021-05-07 15:42:45.919,2021-05-07 15:42:47.900,0.021,1,1,0.55076945,4.4290777e-05,0.55076945,0.4476759,0.0015103687
512,7,sitting,2021-05-07 15:42:46.919,2021-05-07 15:42:48.900,0.021,1,1,0.51667714,3.0200286e-05,0.51667714,0.48160547,0.0016871571
512,7,sitting,2021-05-07 15:42:47.919,2021-05-07 15:42:49.900,0.021,1,1,0.5166263,3.8019956e-05,0.5166263,0.4818938,0.0014418064
512,7,sitting,2021-05-07 15:42:48.919,2021-05-07 15:42:50.900,0.021,1,1,0.6358716,3.0616302e-05,0.6358716,0.36310297,0.0009947302
512,7,sitting,2021-05-07 15:42:49.919,2021-05-07 15:42:51.900,0.021,1,1,0.55819637,4.2122814e-05,0.55819637,0.44011638,0.0016450995
512,7,sitting,2021-05-07 15:42:50.919,2021-05-07 15:42:52.900,0.021,1,1,0.5418509,4.1892956e-05,0.5418509,0.45672482,0.0013823464
512,7,sitting,2021-05-07 15:42:51.919,2021-05-07 15:42:53.900,0.021,1,1,0.5648204,3.1675183e-05,0.5648204,0.4337861,0.0013619417
512,7,sitting,2021-05-07 15:42:52.919,2021-05-07 15:42:54.900,0.021,1,1,0.5643056,3.8819308e-05,0.5643056,0.43463835,0.0010172211
512,7,sitting,2021-05-07 15:42:53.919,2021-05-07 15:42:55.900,0.021,1,1,0.6455034,2.612712e-05,0.6455034,0.35380703,0.0006633338
512,7,sitting,2021-05-07 15:42:54.919,2021-05-07 15:42:56.900,0.021,1,1,0.5817793,3.1664713e-05,0.5817793,0.41706443,0.0011247029
512,7,sitting,2021-05-07 15:42:55.919,2021-05-07 15:42:57.900,0.021,1,2,0.50425047,4.0765794e-05,0.49392036,0.50425047,0.0017884895
512,7,sitting,2021-05-07 15:42:56.919,2021-05-07 15:42:58.900,0.021,1,1,0.5213787,3.0489398e-05,0.5213787,0.47702843,0.0015622934
512,7,sitting,2021-05-07 15:42:57.919,2021-05-07 15:42:59.900,0.021,1,1,0.5528869,3.91242e-05,0.5528869,0.44602036,0.0010535901
512,7,sitting,2021-05-07 15:42:58.919,2021-05-07 15:43:00.900,0.021,1,1,0.6831276,2.8660514e-05,0.6831276,0.31623238,0.000611338
512,7,sitting,2021-05-07 15:42:59.919,2021-05-07 15:43:01.900,0.021,1,1,0.6318538,3.2448675e-05,0.6318538,0.36711007,0.0010036804
512,7,sitting,2021-05-07 15:43:00.920,2021-05-07 15:43:02.900,0.021,1,1,0.5525365,6.954565e-05,0.5525365,0.44579208,0.0016019162
512,7,sitting,2021-05-07 15:43:01.920,2021-05-07 15:43:03.900,0.021,1,1,0.6373473,3.9158458e-05,0.6373473,0.3614621,0.0011515312
512,7,sitting,2021-05-07 15:43:02.920,2021-05-07 15:43:04.900,0.021,1,1,0.6388434,4.350546e-05,0.6388434,0.360012,0.0011009527
512,7,sitting,2021-05-07 15:43:03.920,2021-05-07 15:43:05.900,0.021,1,1,0.67213047,5.485413e-05,0.67213047,0.32674444,0.0010702409
512,7,sitting,2021-05-07 15:43:04.920,2021-05-07 15:43:06.900,0.021,1,1,0.6962241,3.987949e-05,0.6962241,0.3028935,0.00084254245
512,7,sitting,2021-05-07 15:43:05.920,2021-05-07 15:43:07.900,0.021,1,1,0.58940357,5.167855e-05,0.58940357,0.40931723,0.0012275646
512,7,sitting,2021-05-07 15:43:06.920,2021-05-07 15:43:08.899,0.021,1,1,0.69301194,3.675125e-05,0.69301194,0.30619007,0.0007611533
512,7,sitting,2021-05-07 15:43:07.920,2021-05-07 15:43:09.899,0.021,1,1,0.6056228,6.097909e-05,0.6056228,0.3928719,0.0014442941
512,7,sitting,2021-05-07 15:43:08.920,2021-05-07 15:43:10.899,0.021,1,1,0.5447585,6.536447e-05,0.5447585,0.45301083,0.0021653068
512,7,sitting,2021-05-07 15:43:09.920,2021-05-07 15:43:11.899,0.021,1,1,0.5341983,4.1545987e-05,0.5341983,0.46349663,0.0022636435
512,7,sitting,2021-05-07 15:43:10.920,2021-05-07 15:43:12.899,0.021,1,2,0.4997351,4.843344e-05,0.49820068,0.4997351,0.002015824
512,7,sitting,2021-05-07 15:43:11.920,2021-05-07 15:43:13.899,0.021,1,1,0.58144975,3.989646e-05,0.58144975,0.4169872,0.0015230511
512,7,sitting,2021-05-07 15:43:12.920,2021-05-07 15:43:14.899,0.021,1,1,0.56030196,4.0016745e-05,0.56030196,0.43816236,0.0014957016
512,7,sitting,2021-05-07 15:43:13.920,2021-05-07 15:43:15.899,0.021,1,1,0.6173767,3.716728e-05,0.6173767,0.38147268,0.0011135185
512,7,sitting,2021-05-07 15:43:14.920,2021-05-07 15:43:16.899,0.021,1,1,0.596215,4.477277e-05,0.596215,0.40230688,0.0014333401
512,7,sitting,2021-05-07 15:43:15.920,2021-05-07 15:43:17.899,0.021,1,1,0.5538193,6.966053e-05,0.5538193,0.44452226,0.0015887652
512,7,sitting,2021-05-07 15:43:16.920,2021-05-07 15:43:18.899,0.021,1,1,0.57334715,5.5340282e-05,0.57334715,0.42539942,0.0011980429
512,7,sitting,2021-05-07 15:43:17.920,2021-05-07 15:43:19.899,0.021,1,1,0.5314964,7.1904324e-05,0.5314964,0.4665868,0.0018448278
512,7,sitting,2021-05-07 15:43:18.920,2021-05-07 15:43:20.899,0.021,1,2,0.5115584,4.9537935e-05,0.4863937,0.5115584,0.0019982473
512,7,sitting,2021-05-07 15:43:19.920,2021-05-07 15:43:21.899,0.021,1,1,0.53738445,3.5774992e-05,0.53738445,0.46137118,0.0012085737
512,7,sitting,2021-05-07 15:43:20.920,2021-05-07 15:43:22.899,0.021,1,1,0.61088544,3.1934243e-05,0.61088544,0.38796595,0.0011167474
512,7,sitting,2021-05-07 15:43:21.920,2021-05-07 15:43:23.899,0.021,1,1,0.5210383,4.217143e-05,0.5210383,0.4769805,0.0019390358
512,7,sitting,2021-05-07 15:43:22.920,2021-05-07 15:43:24.899,0.021,1,1,0.5876061,4.274586e-05,0.5876061,0.41075763,0.0015936795
512,7,sitting,2021-05-07 15:43:23.920,2021-05-07 15:43:25.899,0.021,1,1,0.56798375,5.2248615e-05,0.56798375,0.4299607,0.002003302
512,7,sitting,2021-05-07 15:43:24.920,2021-05-07 15:43:26.899,0.021,1,2,0.5669602,7.446739e-05,0.4294036,0.5669602,0.0035617528
512,7,sitting,2021-05-07 15:43:25.920,2021-05-07 15:43:27.899,0.021,1,1,0.57746065,4.6421064e-05,0.57746065,0.4203477,0.0021452247
512,7,sitting,2021-05-07 15:43:26.920,2021-05-07 15:43:28.899,0.021,1,2,0.5353042,6.426002e-05,0.46028292,0.5353042,0.0043486813
512,7,sitting,2021-05-07 15:43:27.920,2021-05-07 15:43:29.899,0.021,1,1,0.5519644,6.186101e-05,0.5519644,0.4453115,0.0026622792
512,7,sitting,2021-05-07 15:43:28.920,2021-05-07 15:43:30.899,0.021,1,1,0.663125,3.838048e-05,0.663125,0.3357785,0.001058064
512,7,sitting,2021-05-07 15:43:29.920,2021-05-07 15:43:31.899,0.021,1,1,0.54665715,4.3509546e-05,0.54665715,0.45178714,0.001512189
512,7,sitting,2021-05-07 15:43:30.920,2021-05-07 15:43:32.900,0.021,1,1,0.64844877,3.245116e-05,0.64844877,0.35056153,0.0009573051
512,7,sitting,2021-05-07 15:43:31.920,2021-05-07 15:43:33.900,0.021,1,1,0.61610544,3.4728684e-05,0.61610544,0.38299236,0.000867531
512,7,sitting,2021-05-07 15:43:32.919,2021-05-07 15:43:34.900,0.021,1,1,0.6591456,2.9288902e-05,0.6591456,0.3400267,0.00079839147
512,7,sitting,2021-05-07 15:43:33.919,2021-05-07 15:43:35.900,0.021,1,1,0.6392269,2.9034562e-05,0.6392269,0.3599802,0.00076382415
512,7,sitting,2021-05-07 15:43:34.919,2021-05-07 15:43:36.900,0.021,1,1,0.6582952,3.0936644e-05,0.6582952,0.34089103,0.0007827643
512,7,sitting,2021-05-07 15:43:35.919,2021-05-07 15:43:37.900,0.021,1,1,0.5866901,3.7458387e-05,0.5866901,0.41152397,0.0017484305
512,7,sitting,2021-05-07 15:43:36.919,2021-05-07 15:43:38.900,0.021,1,1,0.5186405,3.627589e-05,0.5186405,0.47933403,0.0019892873
512,7,sitting,2021-05-07 15:43:37.919,2021-05-07 15:43:39.900,0.021,1,1,0.5808106,2.9892974e-05,0.5808106,0.41781908,0.0013404399
512,7,sitting,2021-05-07 15:43:38.919,2021-05-07 15:43:40.900,0.021,1,1,0.54895514,3.5057146e-05,0.54895514,0.4494443,0.0015655571
512,7,sitting,2021-05-07 15:43:39.919,2021-05-07 15:43:41.900,0.021,1,1,0.67571026,2.8680597e-05,0.67571026,0.32330844,0.00095263106
512,7,sitting,2021-05-07 15:43:40.919,2021-05-07 15:43:42.900,0.021,1,1,0.6449428,2.7721188e-05,0.6449428,0.3540884,0.0009411031
512,7,sitting,2021-05-07 15:43:41.919,2021-05-07 15:43:43.900,0.021,1,1,0.62709063,2.5640986e-05,0.62709063,0.37200746,0.0008762529
512,7,sitting,2021-05-07 15:43:42.919,2021-05-07 15:43:44.900,0.021,1,1,0.59947187,2.882036e-05,0.59947187,0.39930913,0.0011902183
512,7,sitting,2021-05-07 15:43:43.919,2021-05-07 15:43:45.900,0.021,1,1,0.5818689,3.3722103e-05,0.5818689,0.4167472,0.0013502425
512,7,sitting,2021-05-07 15:43:44.919,2021-05-07 15:43:46.900,0.021,1,1,0.56466126,3.5703055e-05,0.56466126,0.43411818,0.0011848953
512,7,sitting,2021-05-07 15:43:45.919,2021-05-07 15:43:47.900,0.021,1,1,0.590703,2.988545e-05,0.590703,0.40807962,0.0011874598
512,7,sitting,2021-05-07 15:43:46.919,2021-05-07 15:43:48.900,0.021,1,1,0.5636363,3.7157566e-05,0.5636363,0.4351793,0.0011471689
512,7,sitting,2021-05-07 15:43:47.919,2021-05-07 15:43:49.900,0.021,1,1,0.63466173,2.7174383e-05,0.63466173,0.3644858,0.0008252653
512,7,sitting,2021-05-07 15:43:48.919,2021-05-07 15:43:50.900,0.021,1,1,0.5725255,3.6484646e-05,0.5725255,0.42617995,0.0012579774
512,7,sitting,2021-05-07 15:43:49.919,2021-05-07 15:43:51.900,0.021,1,1,0.66779417,4.1134066e-05,0.66779417,0.33104357,0.0011210126
512,7,sitting,2021-05-07 15:43:50.919,2021-05-07 15:43:52.900,0.021,1,1,0.7092059,3.168992e-05,0.7092059,0.2897768,0.0009856076
512,7,sitting,2021-05-07 15:43:51.919,2021-05-07 15:43:53.900,0.021,1,1,0.5363335,4.1417374e-05,0.5363335,0.46227762,0.001347384
512,7,sitting,2021-05-07 15:43:52.919,2021-05-07 15:43:54.900,0.021,1,1,0.65916985,3.1150314e-05,0.65916985,0.33987314,0.0009258122
512,7,sitting,2021-05-07 15:43:53.919,2021-05-07 15:43:55.900,0.021,1,1,0.5681629,4.7282287e-05,0.5681629,0.42994544,0.0018442628
512,7,sitting,2021-05-07 15:43:54.919,2021-05-07 15:43:56.900,0.021,1,1,0.59902704,5.300489e-05,0.59902704,0.39905155,0.0018684271
512,7,sitting,2021-05-07 15:43:55.919,2021-05-07 15:43:57.900,0.021,1,1,0.6744774,3.7330963e-05,0.6744774,0.32432607,0.0011591967
512,7,sitting,2021-05-07 15:43:56.919,2021-05-07 15:43:58.900,0.021,1,1,0.5373248,4.1540527e-05,0.5373248,0.4611816,0.0014520697
512,7,sitting,2021-05-07 15:43:57.919,2021-05-07 15:43:59.900,0.021,1,1,0.52550375,3.891709e-05,0.52550375,0.47263113,0.001826223
512,7,sitting,2021-05-07 15:43:58.919,2021-05-07 15:44:00.900,0.021,1,2,0.5601437,6.250779e-05,0.43615758,0.5601437,0.0036361094
512,7,sitting,2021-05-07 15:43:59.919,2021-05-07 15:44:01.900,0.021,1,2,0.5279596,4.6569698e-05,0.46940392,0.5279596,0.0025899801
512,7,sitting,2021-05-07 15:44:00.920,2021-05-07 15:44:02.900,0.021,1,2,0.50617456,3.8069335e-05,0.49201775,0.50617456,0.0017695463
512,7,sitting,2021-05-07 15:44:01.920,2021-05-07 15:44:03.900,0.021,1,1,0.62816924,3.1112115e-05,0.62816924,0.3707704,0.0010292458
512,7,sitting,2021-05-07 15:44:02.920,2021-05-07 15:44:04.900,0.021,1,1,0.59626234,3.2485157e-05,0.59626234,0.40242767,0.001277453
512,7,sitting,2021-05-07 15:44:03.920,2021-05-07 15:44:05.900,0.021,1,2,0.4997258,4.1453342e-05,0.4982001,0.4997258,0.002032645
512,7,sitting,2021-05-07 15:44:04.920,2021-05-07 15:44:06.900,0.021,1,1,0.608875,3.9334343e-05,0.608875,0.38989073,0.001194986
512,7,sitting,2021-05-07 15:44:05.920,2021-05-07 15:44:07.900,0.021,1,1,0.6869372,4.3179676e-05,0.6869372,0.31204852,0.0009711773
512,7,sitting,2021-05-07 15:44:06.920,2021-05-07 15:44:08.899,0.021,1,1,0.63324785,4.7110796e-05,0.63324785,0.3654085,0.0012964357
512,7,sitting,2021-05-07 15:44:07.920,2021-05-07 15:44:09.899,0.021,1,1,0.7297409,5.019747e-05,0.7297409,0.2692266,0.000982258
512,7,sitting,2021-05-07 15:44:08.920,2021-05-07 15:44:10.899,0.021,1,1,0.6808907,4.118365e-05,0.6808907,0.31811458,0.00095354265
512,7,sitting,2021-05-07 15:44:09.920,2021-05-07 15:44:11.899,0.021,1,1,0.5031752,3.37696e-05,0.5031752,0.4952247,0.0015662698
512,7,sitting,2021-05-07 15:44:10.920,2021-05-07 15:44:12.899,0.021,1,2,0.5459038,3.9111063e-05,0.451564,0.5459038,0.0024930674
512,7,sitting,2021-05-07 15:44:11.920,2021-05-07 15:44:13.899,0.021,1,2,0.6976583,8.222124e-05,0.28894264,0.6976583,0.013316838
512,7,sitting,2021-05-07 15:44:12.920,2021-05-07 15:44:14.899,0.021,1,2,0.6337542,0.000100918434,0.35450938,0.6337542,0.011635415
512,7,sitting,2021-05-07 15:44:13.920,2021-05-07 15:44:15.899,0.021,1,1,0.5468967,4.8736812e-05,0.5468967,0.45117342,0.0018810083
512,7,sitting,2021-05-07 15:44:14.920,2021-05-07 15:44:16.899,0.021,1,1,0.50012636,5.2193616e-05,0.50012636,0.49778616,0.0020353175
512,7,sitting,2021-05-07 15:44:15.920,2021-05-07 15:44:17.899,0.021,1,1,0.61221606,4.1974905e-05,0.61221606,0.38650095,0.0012411429
512,7,sitting,2021-05-07 15:44:16.920,2021-05-07 15:44:18.899,0.021,1,1,0.5808036,3.9476952e-05,0.5808036,0.4180433,0.001113743
512,7,sitting,2021-05-07 15:44:17.920,2021-05-07 15:44:19.899,0.021,1,1,0.55629784,4.1234387e-05,0.55629784,0.4420477,0.0016131595
512,7,sitting,2021-05-07 15:44:18.920,2021-05-07 15:44:20.899,0.021,1,1,0.502988,5.0535305e-05,0.502988,0.49471536,0.0022460907
512,11,walking,2021-05-07 15:44:26.840,2021-05-07 15:44:28.819,0.021,3,3,0.9750689,0.00021177439,0.0029514013,0.021767821,0.9750689
512,11,walking,2021-05-07 15:44:27.840,2021-05-07 15:44:29.819,0.021,3,3,0.99827534,2.2323402e-05,0.000114424656,0.0015880058,0.99827534
512,11,walking,2021-05-07 15:44:28.840,2021-05-07 15:44:30.819,0.021,3,3,0.99448395,4.003642e-05,0.00022324626,0.0052527753,0.99448395
512,11,walking,2021-05-07 15:44:29.840,2021-05-07 15:44:31.819,0.021,3,3,0.99607337,2.4976585e-05,0.00014467399,0.0037569425,0.99607337
512,11,walking,2021-05-07 15:44:30.840,2021-05-07 15:44:32.819,0.021,3,3,0.990075,4.6515976e-05,0.00040382362,0.009474732,0.990075
512,11,walking,2021-05-07 15:44:31.840,2021-05-07 15:44:33.819,0.021,3,3,0.99556255,2.6527463e-05,0.00014737192,0.004263555,0.99556255
512,11,walking,2021-05-07 15:44:32.840,2021-05-07 15:44:34.819,0.021,3,3,0.9980803,1.332474e-05,4.2476335e-05,0.0018639917,0.9980803
512,12,standing,2021-05-07 15:44:34.959,2021-05-07 15:44:36.939,0.021,2,2,0.9272106,0.00012641502,0.048235156,0.9272106,0.024427796
512,14,standing,2021-05-07 15:44:38.520,2021-05-07 15:44:40.500,0.021,2,2,0.92543644,0.00010339783,0.05951776,0.92543644,0.014942368
512,14,standing,2021-05-07 15:44:39.520,2021-05-07 15:44:41.500,0.021,2,2,0.93129086,9.469394e-05,0.053190283,0.93129086,0.015424117
512,14,standing,2021-05-07 15:44:40.520,2021-05-07 15:44:42.500,0.021,2,2,0.91173446,0.00012932876,0.07424639,0.91173446,0.013889806
512,14,standing,2021-05-07 15:44:41.520,2021-05-07 15:44:43.500,0.021,2,2,0.91454715,0.00015703795,0.063820876,0.91454715,0.021474894
512,14,standing,2021-05-07 15:44:42.520,2021-05-07 15:44:44.500,0.021,2,2,0.92745847,9.648512e-05,0.05743544,0.92745847,0.015009566
512,14,standing,2021-05-07 15:44:43.520,2021-05-07 15:44:45.500,0.021,2,2,0.91541886,0.00013153988,0.06862761,0.91541886,0.015822073
512,14,standing,2021-05-07 15:44:44.520,2021-05-07 15:44:46.500,0.021,2,2,0.9122144,0.00011338137,0.07865954,0.9122144,0.009012592
512,14,standing,2021-05-07 15:44:45.520,2021-05-07 15:44:47.500,0.021,2,2,0.9150096,0.00010721485,0.07613278,0.9150096,0.008750355
512,14,standing,2021-05-07 15:44:46.520,2021-05-07 15:44:48.500,0.021,2,2,0.9213629,0.00012332019,0.058682904,0.9213629,0.019830778
512,15,walking,2021-05-07 15:44:48.599,2021-05-07 15:44:50.580,0.021,3,3,0.8844403,0.00040675906,0.008746887,0.10640606,0.8844403
512,15,walking,2021-05-07 15:44:49.599,2021-05-07 15:44:51.580,0.021,3,3,0.9471045,0.0002541731,0.0031511479,0.049490184,0.9471045
512,15,walking,2021-05-07 15:44:50.599,2021-05-07 15:44:52.580,0.021,3,3,0.98397636,9.620354e-05,0.00073053036,0.015196903,0.98397636
512,16,standing,2021-05-07 15:44:53.319,2021-05-07 15:44:55.299,0.021,2,2,0.7949352,0.00042507125,0.07477144,0.7949352,0.12986827
512,16,standing,2021-05-07 15:44:54.319,2021-05-07 15:44:56.299,0.021,2,2,0.9191084,0.000116786614,0.066647105,0.9191084,0.01412782
512,17,walking,2021-05-07 15:44:57.000,2021-05-07 15:44:58.979,0.021,3,3,0.990495,8.077518e-05,0.0009789306,0.008445149,0.990495
512,17,walking,2021-05-07 15:44:58.000,2021-05-07 15:44:59.979,0.021,3,3,0.9910165,6.6290544e-05,0.0006068926,0.00831031,0.9910165
512,17,walking,2021-05-07 15:44:59.000,2021-05-07 15:45:00.980,0.021,3,3,0.9993194,1.8434195e-05,8.6670974e-05,0.00057545805,0.9993194
512,18,standing,2021-05-07 15:45:01.039,2021-05-07 15:45:03.019,0.021,2,2,0.9007201,0.00016509114,0.08615163,0.9007201,0.012963209
512,20,standing,2021-05-07 15:45:03.760,2021-05-07 15:45:05.739,0.021,2,2,0.72311264,0.00054265006,0.10152853,0.72311264,0.17481631
512,22,standing,2021-05-07 15:45:06.880,2021-05-07 15:45:08.859,0.021,2,2,0.9200403,0.00012115194,0.0649339,0.9200403,0.014904701
512,22,standing,2021-05-07 15:45:07.880,2021-05-07 15:45:09.859,0.021,2,2,0.9359537,6.793568e-05,0.054982077,0.9359537,0.008996327
512,22,standing,2021-05-07 15:45:08.880,2021-05-07 15:45:10.859,0.021,2,2,0.9338182,8.009399e-05,0.054201882,0.9338182,0.011899717
512,22,standing,2021-05-07 15:45:09.880,2021-05-07 15:45:11.859,0.021,2,2,0.9385675,7.793132e-05,0.043780442,0.9385675,0.017574064
512,22,standing,2021-05-07 15:45:10.880,2021-05-07 15:45:12.859,0.021,2,2,0.9453961,5.8498226e-05,0.039454594,0.9453961,0.015090784
512,22,standing,2021-05-07 15:45:11.880,2021-05-07 15:45:13.859,0.021,2,2,0.93463254,7.451319e-05,0.040431358,0.93463254,0.024861574
512,22,standing,2021-05-07 15:45:12.880,2021-05-07 15:45:14.859,0.021,2,2,0.90709496,0.00016056109,0.07371089,0.90709496,0.019033672
512,22,standing,2021-05-07 15:45:13.880,2021-05-07 15:45:15.859,0.021,2,2,0.86858606,0.0003121795,0.094033346,0.86858606,0.037068382
512,22,standing,2021-05-07 15:45:14.880,2021-05-07 15:45:16.860,0.021,2,2,0.7081998,0.0003994195,0.044758473,0.7081998,0.24664235
512,22,standing,2021-05-07 15:45:15.880,2021-05-07 15:45:17.860,0.021,2,2,0.82443863,0.00020008777,0.03223207,0.82443863,0.14312926
512,22,standing,2021-05-07 15:45:16.880,2021-05-07 15:45:18.860,0.021,2,2,0.9140713,0.00014543252,0.05130481,0.9140713,0.03447842
512,22,standing,2021-05-07 15:45:17.880,2021-05-07 15:45:19.860,0.021,2,2,0.9353583,7.069186e-05,0.05666039,0.9353583,0.007910773
512,23,walking,2021-05-07 15:45:20.440,2021-05-07 15:45:22.420,0.021,3,3,0.60286653,0.00081597315,0.04272093,0.3535965,0.60286653
512,23,walking,2021-05-07 15:45:21.440,2021-05-07 15:45:23.420,0.021,3,3,0.9128963,0.0003449041,0.006722544,0.08003617,0.9128963
512,23,walking,2021-05-07 15:45:22.440,2021-05-07 15:45:24.420,0.021,3,3,0.6270756,0.0012865326,0.06885275,0.30278507,0.6270756
512,23,walking,2021-05-07 15:45:23.440,2021-05-07 15:45:25.420,0.021,3,2,0.56945497,0.0010099967,0.099559285,0.56945497,0.32997578
512,23,walking,2021-05-07 15:45:24.440,2021-05-07 15:45:26.420,0.021,3,2,0.61939245,0.0003679005,0.026925072,0.61939245,0.35331464
512,23,walking,2021-05-07 15:45:25.440,2021-05-07 15:45:27.420,0.021,3,3,0.9232457,0.00021084324,0.003940121,0.0726033,0.9232457
512,23,walking,2021-05-07 15:45:26.440,2021-05-07 15:45:28.420,0.021,3,3,0.99558747,2.1040425e-05,0.00015471278,0.004236722,0.99558747
512,23,walking,2021-05-07 15:45:27.440,2021-05-07 15:45:29.420,0.021,3,3,0.9959282,1.482519e-05,9.7956894e-05,0.0039591393,0.9959282
512,23,walking,2021-05-07 15:45:28.440,2021-05-07 15:45:30.420,0.021,3,3,0.9985703,7.198157e-06,3.106819e-05,0.00139143,0.9985703
512,23,walking,2021-05-07 15:45:29.440,2021-05-07 15:45:31.420,0.021,3,3,0.9983031,1.5195173e-05,7.191755e-05,0.001609771,0.9983031
512,23,walking,2021-05-07 15:45:30.440,2021-05-07 15:45:32.419,0.021,3,3,0.9998665,1.7062545e-06,4.207407e-06,0.00012768463,0.9998665
512,23,walking,2021-05-07 15:45:31.440,2021-05-07 15:45:33.419,0.021,3,3,0.99996454,5.6603153e-07,7.454961e-07,3.4056877e-05,0.99996454
512,23,walking,2021-05-07 15:45:32.439,2021-05-07 15:45:34.419,0.021,3,3,0.9996225,2.55979e-06,6.2821737e-06,0.00036860656,0.9996225
512,24,standing,2021-05-07 15:45:35.040,2021-05-07 15:45:37.020,0.021,2,1,0.83223325,0.030037425,0.83223325,0.11929323,0.018436223
512,26,standing,2021-05-07 15:45:40.680,2021-05-07 15:45:42.659,0.021,2,2,0.8905694,0.00013661043,0.10133755,0.8905694,0.007956471
512,26,standing,2021-05-07 15:45:41.680,2021-05-07 15:45:43.659,0.021,2,2,0.85187477,9.3995666e-05,0.14614378,0.85187477,0.0018874279
512,26,standing,2021-05-07 15:45:42.680,2021-05-07 15:45:44.659,0.021,2,2,0.86102074,9.7592296e-05,0.13669503,0.86102074,0.0021866914
512,26,standing,2021-05-07 15:45:43.680,2021-05-07 15:45:45.659,0.021,2,2,0.85878617,9.482137e-05,0.13903192,0.85878617,0.0020870133
512,26,standing,2021-05-07 15:45:44.680,2021-05-07 15:45:46.659,0.021,2,2,0.8772619,9.74443e-05,0.11963805,0.8772619,0.003002671
512,26,standing,2021-05-07 15:45:45.680,2021-05-07 15:45:47.659,0.021,2,2,0.8691345,9.8070814e-05,0.12812902,0.8691345,0.002638448
512,26,standing,2021-05-07 15:45:46.680,2021-05-07 15:45:48.659,0.021,2,2,0.8448603,9.3582275e-05,0.15338816,0.8448603,0.0016580224
512,26,standing,2021-05-07 15:45:47.680,2021-05-07 15:45:49.659,0.021,2,2,0.8408681,9.085252e-05,0.15753655,0.8408681,0.0015045039
512,28,standing,2021-05-07 15:45:50.000,2021-05-07 15:45:51.979,0.021,2,2,0.9081479,0.0001559186,0.05532528,0.9081479,0.036370926
512,28,standing,2021-05-07 15:45:51.000,2021-05-07 15:45:52.979,0.021,2,2,0.9022494,9.298233e-05,0.09167794,0.9022494,0.0059797633
512,28,standing,2021-05-07 15:45:52.000,2021-05-07 15:45:53.979,0.021,2,2,0.9025537,8.933223e-05,0.09214556,0.9025537,0.0052114935
512,28,standing,2021-05-07 15:45:53.000,2021-05-07 15:45:54.979,0.021,2,2,0.9142918,7.633469e-05,0.08057812,0.9142918,0.005053727
512,30,standing,2021-05-07 15:45:55.959,2021-05-07 15:45:57.939,0.021,2,2,0.63076943,0.00020721438,0.031568103,0.63076943,0.33745527
512,31,lying,2021-05-07 15:46:07.039,2021-05-07 15:46:09.020,0.021,0,0,0.99877924,0.99877924,0.0012206754,6.8259456e-09,1.3906569e-07
512,31,lying,2021-05-07 15:46:08.039,2021-05-07 15:46:10.020,0.021,0,0,0.9993843,0.9993843,0.0006155651,3.8069907e-09,6.743498e-08
512,31,lying,2021-05-07 15:46:09.039,2021-05-07 15:46:11.020,0.021,0,0,0.9993663,0.9993663,0.0006337059,4.2431396e-09,5.7838015e-08
512,31,lying,2021-05-07 15:46:10.039,2021-05-07 15:46:12.020,0.021,0,0,0.9992748,0.9992748,0.0007250498,4.2111794e-09,6.7104025e-08
512,31,lying,2021-05-07 15:46:11.039,2021-05-07 15:46:13.020,0.021,0,0,0.9991267,0.9991267,0.0008732086,5.0743285e-09,7.691816e-08
512,31,lying,2021-05-07 15:46:12.039,2021-05-07 15:46:14.020,0.021,0,0,0.9991677,0.9991677,0.0008322455,5.0867177e-09,7.260961e-08
512,31,lying,2021-05-07 15:46:13.039,2021-05-07 15:46:15.020,0.021,0,0,0.99917114,0.99917114,0.00082882354,4.9508704e-09,7.11289e-08
512,31,lying,2021-05-07 15:46:14.039,2021-05-07 15:46:16.020,0.021,0,0,0.9992046,0.9992046,0.00079520524,4.78582e-09,6.9630524e-08
512,31,lying,2021-05-07 15:46:15.039,2021-05-07 15:46:17.020,0.021,0,0,0.99921817,0.99921817,0.0007818167,4.903437e-09,7.081818e-08
512,31,lying,2021-05-07 15:46:16.040,2021-05-07 15:46:18.020,0.021,0,0,0.99918884,0.99918884,0.0008110238,5.3323608e-09,7.007201e-08
512,31,lying,2021-05-07 15:46:17.040,2021-05-07 15:46:19.020,0.021,0,0,0.9991641,0.9991641,0.0008358078,5.534561e-09,6.930256e-08
512,31,lying,2021-05-07 15:46:18.040,2021-05-07 15:46:20.020,0.021,0,0,0.9991703,0.9991703,0.00082957646,5.381294e-09,7.025325e-08
512,31,lying,2021-05-07 15:46:19.040,2021-05-07 15:46:21.020,0.021,0,0,0.99919313,0.99919313,0.00080675946,5.2847846e-09,6.887774e-08
512,31,lying,2021-05-07 15:46:20.040,2021-05-07 15:46:22.020,0.021,0,0,0.9992117,0.9992117,0.00078813627,5.1415183e-09,6.709928e-08
512,31,lying,2021-05-07 15:46:21.040,2021-05-07 15:46:23.020,0.021,0,0,0.9992158,0.9992158,0.00078417227,5.2348037e-09,6.652762e-08
512,31,lying,2021-05-07 15:46:22.040,2021-05-07 15:46:24.020,0.021,0,0,0.99918216,0.99918216,0.00081770134,5.697925e-09,6.5374806e-08
512,31,lying,2021-05-07 15:46:23.040,2021-05-07 15:46:25.020,0.021,0,0,0.9992222,0.9992222,0.0007776423,5.2967155e-09,6.323498e-08
512,31,lying,2021-05-07 15:46:24.040,2021-05-07 15:46:26.020,0.021,0,0,0.99937093,0.99937093,0.00062897545,4.2720774e-09,5.4023612e-08
512,31,lying,2021-05-07 15:46:25.040,2021-05-07 15:46:27.020,0.021,0,0,0.99938476,0.99938476,0.0006152264,4.1264263e-09,5.248029e-08
512,31,lying,2021-05-07 15:46:26.040,2021-05-07 15:46:28.020,0.021,0,0,0.9993675,0.9993675,0.00063246925,4.1949986e-09,5.311815e-08
512,31,lying,2021-05-07 15:46:27.040,2021-05-07 15:46:29.020,0.021,0,0,0.9993265,0.9993265,0.0006734337,4.3570405e-09,5.700121e-08
512,31,lying,2021-05-07 15:46:28.040,2021-05-07 15:46:30.020,0.021,0,0,0.9993244,0.9993244,0.00067563326,4.392653e-09,5.704742e-08
512,31,lying,2021-05-07 15:46:29.040,2021-05-07 15:46:31.020,0.021,0,0,0.9993289,0.9993289,0.00067109877,4.4096296e-09,5.579647e-08
512,31,lying,2021-05-07 15:46:30.040,2021-05-07 15:46:32.020,0.021,0,0,0.9992946,0.9992946,0.0007055075,4.675904e-09,5.7892247e-08
512,31,lying,2021-05-07 15:46:31.040,2021-05-07 15:46:33.020,0.021,0,0,0.9993358,0.9993358,0.0006641168,4.4024326e-09,5.4550608e-08
512,31,lying,2021-05-07 15:46:32.040,2021-05-07 15:46:34.020,0.021,0,0,0.99931425,0.99931425,0.0006857606,4.5155035e-09,5.5249632e-08
512,31,lying,2021-05-07 15:46:33.040,2021-05-07 15:46:35.020,0.021,0,0,0.9993171,0.9993171,0.0006827933,4.4734856e-09,5.5899033e-08
512,31,lying,2021-05-07 15:46:34.040,2021-05-07 15:46:36.020,0.021,0,0,0.999352,0.999352,0.0006479448,4.1621773e-09,5.6249867e-08
512,31,lying,2021-05-07 15:46:35.040,2021-05-07 15:46:37.020,0.021,0,0,0.9993918,0.9993918,0.0006082232,3.443806e-09,5.7461452e-08
512,31,lying,2021-05-07 15:46:36.040,2021-05-07 15:46:38.020,0.021,0,0,0.9993956,0.9993956,0.00060439855,3.267104e-09,5.76285e-08
512,31,lying,2021-05-07 15:46:37.040,2021-05-07 15:46:39.020,0.021,0,0,0.99942684,0.99942684,0.0005731838,3.1144338e-09,5.551139e-08
512,31,lying,2021-05-07 15:46:38.040,2021-05-07 15:46:40.020,0.021,0,0,0.9993607,0.9993607,0.0006392929,3.3301293e-09,5.821221e-08
512,31,lying,2021-05-07 15:46:39.040,2021-05-07 15:46:41.020,0.021,0,0,0.99929017,0.99929017,0.0007096899,3.86916e-09,6.2253854e-08
512,31,lying,2021-05-07 15:46:40.040,2021-05-07 15:46:42.020,0.021,0,0,0.9992835,0.9992835,0.00071646343,4.1091304e-09,6.386189e-08
512,31,lying,2021-05-07 15:46:41.040,2021-05-07 15:46:43.020,0.021,0,0,0.9992967,0.9992967,0.0007031664,3.998728e-09,6.1606606e-08
512,31,lying,2021-05-07 15:46:42.040,2021-05-07 15:46:44.020,0.021,0,0,0.9992406,0.9992406,0.0007592362,4.2816914e-09,6.471315e-08
512,31,lying,2021-05-07 15:46:43.040,2021-05-07 15:46:45.020,0.021,0,0,0.99924463,0.99924463,0.0007551788,4.3693906e-09,6.516687e-08
512,31,lying,2021-05-07 15:46:44.040,2021-05-07 15:46:46.020,0.021,0,0,0.9992172,0.9992172,0.0007826705,4.543799e-09,6.652581e-08
512,31,lying,2021-05-07 15:46:45.040,2021-05-07 15:46:47.020,0.021,0,0,0.9992158,0.9992158,0.0007841606,4.6911857e-09,6.630517e-08
512,31,lying,2021-05-07 15:46:46.040,2021-05-07 15:46:48.020,0.021,0,0,0.99930567,0.99930567,0.00069426047,4.298533e-09,6.206347e-08
512,31,lying,2021-05-07 15:46:47.040,2021-05-07 15:46:49.020,0.021,0,0,0.99931794,0.99931794,0.00068193197,3.881775e-09,6.1349e-08
512,31,lying,2021-05-07 15:46:48.040,2021-05-07 15:46:50.020,0.021,0,0,0.9991629,0.9991629,0.00083694153,4.60212e-09,6.7145926e-08
512,31,lying,2021-05-07 15:46:49.040,2021-05-07 15:46:51.020,0.021,0,0,0.99916697,0.99916697,0.00083290273,4.6682587e-09,6.794392e-08
512,31,lying,2021-05-07 15:46:50.040,2021-05-07 15:46:52.020,0.021,0,0,0.99919516,0.99919516,0.00080475817,4.3356114e-09,6.9657226e-08
512,31,lying,2021-05-07 15:46:51.040,2021-05-07 15:46:53.020,0.021,0,0,0.9992489,0.9992489,0.00075102,3.908683e-09,6.9075384e-08
512,31,lying,2021-05-07 15:46:52.040,2021-05-07 15:46:54.020,0.021,0,0,0.99926746,0.99926746,0.00073239504,3.895686e-09,6.5690514e-08
512,31,lying,2021-05-07 15:46:53.040,2021-05-07 15:46:55.020,0.021,0,0,0.99922484,0.99922484,0.00077493733,4.263378e-09,6.5029994e-08
512,31,lying,2021-05-07 15:46:54.040,2021-05-07 15:46:56.020,0.021,0,0,0.999221,0.999221,0.0007789321,4.387125e-09,6.5647875e-08
512,31,lying,2021-05-07 15:46:55.040,2021-05-07 15:46:57.020,0.021,0,0,0.9991967,0.9991967,0.00080312556,4.6134283e-09,6.560372e-08
512,31,lying,2021-05-07 15:46:56.040,2021-05-07 15:46:58.020,0.021,0,0,0.99921507,0.99921507,0.00078474137,4.407681e-09,6.355326e-08
512,31,lying,2021-05-07 15:46:57.040,2021-05-07 15:46:59.020,0.021,0,0,0.99922365,0.99922365,0.0007762833,4.2455777e-09,6.460538e-08
512,31,lying,2021-05-07 15:46:58.040,2021-05-07 15:47:00.019,0.021,0,0,0.9991518,0.9991518,0.00084809324,4.67021e-09,6.926418e-08
512,31,lying,2021-05-07 15:46:59.040,2021-05-07 15:47:01.019,0.021,0,0,0.9991437,0.9991437,0.00085615343,4.855803e-09,6.9080755e-08
512,31,lying,2021-05-07 15:47:00.039,2021-05-07 15:47:02.019,0.021,0,0,0.9991803,0.9991803,0.00081965164,4.559371e-09,6.771209e-08
512,31,lying,2021-05-07 15:47:01.039,2021-05-07 15:47:03.019,0.021,0,0,0.99926436,0.99926436,0.0007356342,4.0471533e-09,6.451639e-08
512,31,lying,2021-05-07 15:47:02.039,2021-05-07 15:47:04.019,0.021,0,0,0.99926966,0.99926966,0.0007302402,3.975699e-09,6.429794e-08
512,31,lying,2021-05-07 15:47:03.039,2021-05-07 15:47:05.019,0.021,0,0,0.9992425,0.9992425,0.00075749075,4.0406163e-09,6.646927e-08
512,31,lying,2021-05-07 15:47:04.039,2021-05-07 15:47:06.019,0.021,0,0,0.999266,0.999266,0.0007338287,3.8695025e-09,6.650736e-08
512,31,lying,2021-05-07 15:47:05.039,2021-05-07 15:47:07.019,0.021,0,0,0.9992865,0.9992865,0.00071344775,3.8529446e-09,6.2120066e-08
512,31,lying,2021-05-07 15:47:06.039,2021-05-07 15:47:08.020,0.021,0,0,0.99923056,0.99923056,0.0007692243,4.3388426e-09,6.355812e-08
512,31,lying,2021-05-07 15:47:07.039,2021-05-07 15:47:09.020,0.021,0,0,0.99917173,0.99917173,0.000828143,4.597195e-09,6.7500416e-08
512,31,lying,2021-05-07 15:47:08.039,2021-05-07 15:47:10.020,0.021,0,0,0.9991374,0.9991374,0.0008624585,4.8232893e-09,6.892817e-08
512,31,lying,2021-05-07 15:47:09.039,2021-05-07 15:47:11.020,0.021,0,0,0.999151,0.999151,0.00084886,4.7834283e-09,6.638413e-08
512,31,lying,2021-05-07 15:47:10.039,2021-05-07 15:47:12.020,0.021,0,0,0.99924654,0.99924654,0.0007532806,4.131045e-09,6.112248e-08
512,31,lying,2021-05-07 15:47:11.039,2021-05-07 15:47:13.020,0.021,0,0,0.99929446,0.99929446,0.0007055441,3.786612e-09,5.7816763e-08
512,31,lying,2021-05-07 15:47:12.039,2021-05-07 15:47:14.020,0.021,0,0,0.9992718,0.9992718,0.00072808296,3.9311203e-09,5.9583968e-08
512,31,lying,2021-05-07 15:47:13.039,2021-05-07 15:47:15.020,0.021,0,0,0.99924105,0.99924105,0.00075875886,4.2380304e-09,6.311038e-08
512,31,lying,2021-05-07 15:47:14.039,2021-05-07 15:47:16.020,0.021,0,0,0.9992127,0.9992127,0.0007872442,4.372819e-09,6.822285e-08
512,31,lying,2021-05-07 15:47:15.039,2021-05-07 15:47:17.020,0.021,0,0,0.99917006,0.99917006,0.0008298936,4.5268296e-09,7.093102e-08
512,31,lying,2021-05-07 15:47:16.040,2021-05-07 15:47:18.020,0.021,0,0,0.99919313,0.99919313,0.00080679054,4.482898e-09,6.5576714e-08
512,31,lying,2021-05-07 15:47:17.040,2021-05-07 15:47:19.020,0.021,0,0,0.99924654,0.99924654,0.0007533334,4.0385526e-09,6.505597e-08
512,31,lying,2021-05-07 15:47:18.040,2021-05-07 15:47:20.020,0.021,0,0,0.9994041,0.9994041,0.0005959291,3.010638e-09,5.673467e-08
512,31,lying,2021-05-07 15:47:19.040,2021-05-07 15:47:21.020,0.021,0,0,0.9994359,0.9994359,0.0005640911,2.9412484e-09,5.3613633e-08
512,31,lying,2021-05-07 15:47:20.040,2021-05-07 15:47:22.020,0.021,0,0,0.9993988,0.9993988,0.00060117006,3.2981946e-09,5.519469e-08
512,31,lying,2021-05-07 15:47:21.040,2021-05-07 15:47:23.020,0.021,0,0,0.9994605,0.9994605,0.00053945294,2.986956e-09,5.1234647e-08
512,31,lying,2021-05-07 15:47:22.040,2021-05-07 15:47:24.020,0.021,0,0,0.9994217,0.9994217,0.00057830085,3.080583e-09,5.153098e-08
512,31,lying,2021-05-07 15:47:23.040,2021-05-07 15:47:25.020,0.021,0,0,0.9994436,0.9994436,0.0005563998,3.0081797e-09,5.0136855e-08
512,31,lying,2021-05-07 15:47:24.040,2021-05-07 15:47:26.020,0.021,0,0,0.99944216,0.99944216,0.0005577939,3.0651903e-09,5.2003312e-08
512,31,lying,2021-05-07 15:47:25.040,2021-05-07 15:47:27.020,0.021,0,0,0.99936104,0.99936104,0.0006389112,3.5081262e-09,5.6063044e-08
512,31,lying,2021-05-07 15:47:26.040,2021-05-07 15:47:28.020,0.021,0,0,0.999398,0.999398,0.00060201494,3.3184473e-09,5.345222e-08
512,31,lying,2021-05-07 15:47:27.040,2021-05-07 15:47:29.020,0.021,0,0,0.999434,0.999434,0.00056605454,3.1213963e-09,5.1482882e-08
512,31,lying,2021-05-07 15:47:28.040,2021-05-07 15:47:30.020,0.021,0,0,0.99946207,0.99946207,0.0005379995,2.9885563e-09,5.2652894e-08
512,31,lying,2021-05-07 15:47:29.040,2021-05-07 15:47:31.020,0.021,0,0,0.99947923,0.99947923,0.00052072544,2.841065e-09,5.1625733e-08
512,31,lying,2021-05-07 15:47:30.040,2021-05-07 15:47:32.020,0.021,0,0,0.99947304,0.99947304,0.00052687945,2.914168e-09,5.0454332e-08
512,31,lying,2021-05-07 15:47:31.040,2021-05-07 15:47:33.020,0.021,0,0,0.9994603,0.9994603,0.00053971855,2.9504112e-09,5.0211383e-08
512,31,lying,2021-05-07 15:47:32.040,2021-05-07 15:47:34.020,0.021,0,0,0.9994845,0.9994845,0.0005155895,2.8006897e-09,4.901912e-08
512,31,lying,2021-05-07 15:47:33.040,2021-05-07 15:47:35.020,0.021,0,0,0.9994229,0.9994229,0.0005771603,3.1947853e-09,5.3705868e-08
512,31,lying,2021-05-07 15:47:34.040,2021-05-07 15:47:36.020,0.021,0,0,0.99937654,0.99937654,0.00062346645,3.5776533e-09,5.5291554e-08
512,31,lying,2021-05-07 15:47:35.040,2021-05-07 15:47:37.020,0.021,0,0,0.9994629,0.9994629,0.00053706823,3.165881e-09,5.02119e-08
512,31,lying,2021-05-07 15:47:36.040,2021-05-07 15:47:38.020,0.021,0,0,0.9994542,0.9994542,0.00054574275,3.021253e-09,5.087257e-08
512,31,lying,2021-05-07 15:47:37.040,2021-05-07 15:47:39.020,0.021,0,0,0.9994518,0.9994518,0.00054815126,3.1402625e-09,5.0749367e-08
512,31,lying,2021-05-07 15:47:38.040,2021-05-07 15:47:40.020,0.021,0,0,0.999474,0.999474,0.0005260811,3.0024874e-09,5.052372e-08
512,31,lying,2021-05-07 15:47:39.040,2021-05-07 15:47:41.020,0.021,0,0,0.9994711,0.9994711,0.0005287249,2.918106e-09,5.0438267e-08
512,31,lying,2021-05-07 15:47:40.040,2021-05-07 15:47:42.020,0.021,0,0,0.9994704,0.9994704,0.00052960747,2.9049314e-09,5.0809007e-08
512,32,sitting,2021-05-07 15:47:46.520,2021-05-07 15:47:48.500,0.021,1,3,0.5985731,0.00030991918,0.034652103,0.3664649,0.5985731
512,32,sitting,2021-05-07 15:47:47.520,2021-05-07 15:47:49.500,0.021,1,2,0.87979305,0.00013684035,0.083823316,0.87979305,0.036246903
512,32,sitting,2021-05-07 15:47:48.520,2021-05-07 15:47:50.500,0.021,1,2,0.81847703,0.0002633312,0.1614131,0.81847703,0.01984654
512,32,sitting,2021-05-07 15:47:49.520,2021-05-07 15:47:51.500,0.021,1,2,0.913816,6.444286e-05,0.08375405,0.913816,0.0023655237
512,32,sitting,2021-05-07 15:47:50.520,2021-05-07 15:47:52.500,0.021,1,2,0.9238037,5.260302e-05,0.07404184,0.9238037,0.0021018675
512,32,sitting,2021-05-07 15:47:51.520,2021-05-07 15:47:53.500,0.021,1,2,0.92560935,6.00827e-05,0.07141516,0.92560935,0.0029153768
512,32,sitting,2021-05-07 15:47:52.520,2021-05-07 15:47:54.500,0.021,1,2,0.9189398,6.3845946e-05,0.07805569,0.9189398,0.002940645
512,32,sitting,2021-05-07 15:47:53.520,2021-05-07 15:47:55.500,0.021,1,2,0.91472036,6.462887e-05,0.082377195,0.91472036,0.0028377168
512,32,sitting,2021-05-07 15:47:54.520,2021-05-07 15:47:56.500,0.021,1,2,0.90753216,5.5209526e-05,0.09049487,0.90753216,0.0019177152
512,32,sitting,2021-05-07 15:47:55.520,2021-05-07 15:47:57.500,0.021,1,2,0.9095929,5.8197176e-05,0.088154376,0.9095929,0.0021943045
512,32,sitting,2021-05-07 15:47:56.520,2021-05-07 15:47:58.500,0.021,1,2,0.9114254,6.218612e-05,0.08596325,0.9114254,0.0025489975
512,32,sitting,2021-05-07 15:47:57.520,2021-05-07 15:47:59.500,0.021,1,2,0.91390276,6.481016e-05,0.08316138,0.91390276,0.002870901
512,32,sitting,2021-05-07 15:47:58.520,2021-05-07 15:48:00.500,0.021,1,2,0.92430395,8.256828e-05,0.069392875,0.92430395,0.0062206755
512,32,sitting,2021-05-07 15:47:59.520,2021-05-07 15:48:01.500,0.021,1,2,0.92902774,7.322439e-05,0.06462644,0.92902774,0.0062726
512,32,sitting,2021-05-07 15:48:00.520,2021-05-07 15:48:02.500,0.021,1,2,0.9319722,5.5665034e-05,0.06311008,0.9319722,0.004862002
512,32,sitting,2021-05-07 15:48:01.520,2021-05-07 15:48:03.500,0.021,1,2,0.93323785,6.126787e-05,0.060971368,0.93323785,0.0057295267
512,32,sitting,2021-05-07 15:48:02.520,2021-05-07 15:48:04.500,0.021,1,2,0.9327993,5.8499307e-05,0.06180908,0.9327993,0.0053332285
512,32,sitting,2021-05-07 15:48:03.520,2021-05-07 15:48:05.500,0.021,1,2,0.9326668,5.5092343e-05,0.06247705,0.9326668,0.0048011034
512,32,sitting,2021-05-07 15:48:04.520,2021-05-07 15:48:06.500,0.021,1,2,0.9309011,5.5923323e-05,0.06440355,0.9309011,0.004639504
512,32,sitting,2021-05-07 15:48:05.520,2021-05-07 15:48:07.500,0.021,1,2,0.922466,6.156074e-05,0.073594354,0.922466,0.0038781026
512,32,sitting,2021-05-07 15:48:06.520,2021-05-07 15:48:08.500,0.021,1,2,0.9136024,6.374822e-05,0.08308581,0.9136024,0.0032480292
512,32,sitting,2021-05-07 15:48:07.520,2021-05-07 15:48:09.500,0.021,1,2,0.86366564,0.00011266815,0.13215908,0.86366564,0.004062697
512,32,sitting,2021-05-07 15:48:08.520,2021-05-07 15:48:10.500,0.021,1,2,0.7605745,0.00016544899,0.23585944,0.7605745,0.0034005377
512,32,sitting,2021-05-07 15:48:09.520,2021-05-07 15:48:11.500,0.021,1,2,0.87967587,0.00015564123,0.11259789,0.87967587,0.0075705615
512,32,sitting,2021-05-07 15:48:10.520,2021-05-07 15:48:12.500,0.021,1,2,0.9207452,8.158197e-05,0.07326649,0.9207452,0.005906863
512,32,sitting,2021-05-07 15:48:11.520,2021-05-07 15:48:13.500,0.021,1,2,0.90960425,7.1621034e-05,0.087038256,0.90960425,0.0032860076
512,32,sitting,2021-05-07 15:48:12.520,2021-05-07 15:48:14.500,0.021,1,2,0.893971,7.2751514e-05,0.10369414,0.893971,0.0022621024
512,32,sitting,2021-05-07 15:48:13.520,2021-05-07 15:48:15.500,0.021,1,2,0.9025403,8.408301e-05,0.0940595,0.9025403,0.0033160609
512,32,sitting,2021-05-07 15:48:14.520,2021-05-07 15:48:16.500,0.021,1,2,0.91565245,8.4894644e-05,0.0795251,0.91565245,0.0047374256
512,32,sitting,2021-05-07 15:48:15.520,2021-05-07 15:48:17.500,0.021,1,2,0.92378145,0.00012872709,0.056089386,0.92378145,0.020000508
512,32,sitting,2021-05-07 15:48:16.520,2021-05-07 15:48:18.500,0.021,1,2,0.9163003,0.00014640536,0.058321267,0.9163003,0.025232032
512,32,sitting,2021-05-07 15:48:17.520,2021-05-07 15:48:19.500,0.021,1,2,0.8994524,0.00013220045,0.092069976,0.8994524,0.008345376
512,32,sitting,2021-05-07 15:48:18.520,2021-05-07 15:48:20.500,0.021,1,2,0.8939045,0.00017420486,0.0880996,0.8939045,0.017821716
512,32,sitting,2021-05-07 15:48:19.520,2021-05-07 15:48:21.500,0.021,1,2,0.81700957,0.00035870404,0.09341199,0.81700957,0.08921975
512,32,sitting,2021-05-07 15:48:20.520,2021-05-07 15:48:22.500,0.021,1,2,0.72662973,0.00046394768,0.058945607,0.72662973,0.21396072
512,32,sitting,2021-05-07 15:48:21.520,2021-05-07 15:48:23.500,0.021,1,2,0.7728356,0.00041538855,0.052623417,0.7728356,0.17412564
512,32,sitting,2021-05-07 15:48:22.520,2021-05-07 15:48:24.500,0.021,1,2,0.84743625,0.000338155,0.07297645,0.84743625,0.07924919
512,32,sitting,2021-05-07 15:48:23.520,2021-05-07 15:48:25.500,0.021,1,2,0.8723186,0.00022253754,0.110945,0.8723186,0.016513817
512,32,sitting,2021-05-07 15:48:24.520,2021-05-07 15:48:26.500,0.021,1,2,0.84837013,0.00015343401,0.14637314,0.84837013,0.005103157
512,32,sitting,2021-05-07 15:48:25.520,2021-05-07 15:48:27.500,0.021,1,2,0.8507825,0.00013234177,0.14499334,0.8507825,0.004091761
512,32,sitting,2021-05-07 15:48:26.520,2021-05-07 15:48:28.500,0.021,1,2,0.8638087,0.00013247333,0.13117215,0.8638087,0.00488659
512,32,sitting,2021-05-07 15:48:27.520,2021-05-07 15:48:29.500,0.021,1,2,0.86253464,0.00011758347,0.13351487,0.86253464,0.0038328893
512,32,sitting,2021-05-07 15:48:28.520,2021-05-07 15:48:30.500,0.021,1,2,0.86297643,0.00011538223,0.1330591,0.86297643,0.0038490593
512,32,sitting,2021-05-07 15:48:29.520,2021-05-07 15:48:31.500,0.021,1,2,0.86204183,0.00013316415,0.13317345,0.86204183,0.0046515134
512,32,sitting,2021-05-07 15:48:30.520,2021-05-07 15:48:32.500,0.021,1,2,0.8658912,0.00014400166,0.12837322,0.8658912,0.005591579
512,32,sitting,2021-05-07 15:48:31.520,2021-05-07 15:48:33.500,0.021,1,2,0.8626928,0.00013957088,0.13200143,0.8626928,0.005166237
512,32,sitting,2021-05-07 15:48:32.520,2021-05-07 15:48:34.500,0.021,1,2,0.85860574,0.00012954659,0.13696161,0.85860574,0.0043031736
512,32,sitting,2021-05-07 15:48:33.520,2021-05-07 15:48:35.500,0.021,1,2,0.8772135,0.00017203085,0.11287441,0.8772135,0.009740102
512,32,sitting,2021-05-07 15:48:34.520,2021-05-07 15:48:36.500,0.021,1,2,0.8745198,0.00027060154,0.07410348,0.8745198,0.051106103
512,32,sitting,2021-05-07 15:48:35.520,2021-05-07 15:48:37.500,0.021,1,2,0.8747139,0.000272228,0.07283063,0.8747139,0.052183155
512,32,sitting,2021-05-07 15:48:36.520,2021-05-07 15:48:38.500,0.021,1,2,0.87942296,0.00016776663,0.11027898,0.87942296,0.010130363
512,32,sitting,2021-05-07 15:48:37.520,2021-05-07 15:48:39.500,0.021,1,2,0.86577344,0.00013585345,0.12886018,0.86577344,0.0052304794
512,32,sitting,2021-05-07 15:48:38.520,2021-05-07 15:48:40.500,0.021,1,2,0.87690234,0.00017377359,0.11436145,0.87690234,0.008562356
512,32,sitting,2021-05-07 15:48:39.520,2021-05-07 15:48:41.500,0.021,1,2,0.7589124,0.00055378024,0.22315441,0.7589124,0.017379444
512,32,sitting,2021-05-07 15:48:40.520,2021-05-07 15:48:42.500,0.021,1,2,0.81247365,0.00030943277,0.16729113,0.81247365,0.019925766
512,32,sitting,2021-05-07 15:48:41.520,2021-05-07 15:48:43.500,0.021,1,2,0.83420825,0.0003114727,0.0928799,0.83420825,0.07260044
512,32,sitting,2021-05-07 15:48:42.520,2021-05-07 15:48:44.500,0.021,1,2,0.6540393,0.0004342304,0.32387358,0.6540393,0.021652889
512,32,sitting,2021-05-07 15:48:43.520,2021-05-07 15:48:45.500,0.021,1,1,0.94933873,0.0003504391,0.94933873,0.049813688,0.0004970764
512,32,sitting,2021-05-07 15:48:44.520,2021-05-07 15:48:46.500,0.021,1,1,0.99704605,0.0003463202,0.99704605,0.0025827503,2.4888453e-05
512,32,sitting,2021-05-07 15:48:45.520,2021-05-07 15:48:47.500,0.021,1,1,0.9977121,0.00028897656,0.9977121,0.001983685,1.526738e-05
512,32,sitting,2021-05-07 15:48:46.520,2021-05-07 15:48:48.500,0.021,1,1,0.9979712,0.00023058329,0.9979712,0.0017880244,1.0262517e-05
512,32,sitting,2021-05-07 15:48:47.520,2021-05-07 15:48:49.500,0.021,1,1,0.99819845,0.00021565772,0.99819845,0.0015777488,8.200731e-06
512,32,sitting,2021-05-07 15:48:48.520,2021-05-07 15:48:50.500,0.021,1,1,0.9981889,0.00022631125,0.9981889,0.0015764215,8.381318e-06
512,32,sitting,2021-05-07 15:48:49.520,2021-05-07 15:48:51.500,0.021,1,1,0.9980219,0.00025323877,0.9980219,0.0017143844,1.043138e-05
512,32,sitting,2021-05-07 15:48:50.520,2021-05-07 15:48:52.500,0.021,1,1,0.9981254,0.00023243278,0.9981254,0.0016330171,9.238297e-06
512,32,sitting,2021-05-07 15:48:51.520,2021-05-07 15:48:53.500,0.021,1,1,0.9980992,0.0002319371,0.9980992,0.0016595349,9.338165e-06
512,32,sitting,2021-05-07 15:48:52.520,2021-05-07 15:48:54.500,0.021,1,1,0.9980484,0.00022141424,0.9980484,0.0017209587,9.139267e-06
512,32,sitting,2021-05-07 15:48:53.520,2021-05-07 15:48:55.500,0.021,1,1,0.99817145,0.00022336208,0.99817145,0.0015966371,8.624644e-06
512,32,sitting,2021-05-07 15:48:54.520,2021-05-07 15:48:56.500,0.021,1,1,0.9978684,0.00028531242,0.9978684,0.0018329977,1.3278227e-05
512,32,sitting,2021-05-07 15:48:55.520,2021-05-07 15:48:57.500,0.021,1,1,0.9981472,0.0002901779,0.9981472,0.0015505186,1.2080271e-05
512,32,sitting,2021-05-07 15:48:56.520,2021-05-07 15:48:58.500,0.021,1,1,0.99858046,0.0002471694,0.99858046,0.0011647048,7.730076e-06
512,32,sitting,2021-05-07 15:48:57.520,2021-05-07 15:48:59.500,0.021,1,1,0.9986157,0.0002449778,0.9986157,0.0011319316,7.4661534e-06
512,32,sitting,2021-05-07 15:48:58.520,2021-05-07 15:49:00.500,0.021,1,1,0.998652,0.0002349144,0.998652,0.0011062722,6.76488e-06
512,32,sitting,2021-05-07 15:48:59.520,2021-05-07 15:49:01.500,0.021,1,1,0.9987146,0.000216628,0.9987146,0.0010629244,5.7728585e-06
512,32,sitting,2021-05-07 15:49:00.520,2021-05-07 15:49:02.500,0.021,1,1,0.998651,0.00021043418,0.998651,0.0011323582,6.1038827e-06
512,32,sitting,2021-05-07 15:49:01.520,2021-05-07 15:49:03.500,0.021,1,1,0.99860984,0.00020297809,0.99860984,0.0011811104,6.0826364e-06
512,32,sitting,2021-05-07 15:49:02.520,2021-05-07 15:49:04.500,0.021,1,1,0.9984052,0.00023179546,0.9984052,0.0013550865,7.852061e-06
512,32,sitting,2021-05-07 15:49:03.520,2021-05-07 15:49:05.500,0.021,1,1,0.99825376,0.00022404295,0.99825376,0.0015138296,8.31627e-06
512,32,sitting,2021-05-07 15:49:04.520,2021-05-07 15:49:06.500,0.021,1,1,0.9982539,0.0002272469,0.9982539,0.0015101866,8.545356e-06
512,32,sitting,2021-05-07 15:49:05.520,2021-05-07 15:49:07.500,0.021,1,1,0.99845785,0.00021393958,0.99845785,0.0013214889,6.807939e-06
512,32,sitting,2021-05-07 15:49:06.520,2021-05-07 15:49:08.500,0.021,1,1,0.99852425,0.00021111719,0.99852425,0.0012582014,6.363731e-06
512,32,sitting,2021-05-07 15:49:07.520,2021-05-07 15:49:09.500,0.021,1,1,0.9981612,0.00025104993,0.9981612,0.0015776071,1.0169122e-05
512,32,sitting,2021-05-07 15:49:08.520,2021-05-07 15:49:10.500,0.021,1,1,0.99796695,0.00028324482,0.99796695,0.0017367454,1.294141e-05
512,32,sitting,2021-05-07 15:49:09.520,2021-05-07 15:49:11.500,0.021,1,1,0.9983658,0.00024360525,0.9983658,0.0013822931,8.330358e-06
512,32,sitting,2021-05-07 15:49:10.520,2021-05-07 15:49:12.500,0.021,1,1,0.99851996,0.00025030712,0.99851996,0.0012220547,7.621631e-06
512,32,sitting,2021-05-07 15:49:11.520,2021-05-07 15:49:13.500,0.021,1,1,0.9985402,0.0002788727,0.9985402,0.0011726331,8.212369e-06
512,32,sitting,2021-05-07 15:49:12.520,2021-05-07 15:49:14.500,0.021,1,1,0.9983463,0.00028530235,0.9983463,0.0013584638,9.9717345e-06
512,32,sitting,2021-05-07 15:49:13.520,2021-05-07 15:49:15.500,0.021,1,1,0.9983594,0.00026310916,0.9983594,0.001368447,8.992606e-06
512,32,sitting,2021-05-07 15:49:14.520,2021-05-07 15:49:16.500,0.021,1,1,0.99870056,0.00022804845,0.99870056,0.0010659919,5.3261865e-06
512,32,sitting,2021-05-07 15:49:15.520,2021-05-07 15:49:17.500,0.021,1,1,0.998707,0.00022530647,0.998707,0.0010625788,5.158954e-06
512,32,sitting,2021-05-07 15:49:16.520,2021-05-07 15:49:18.500,0.021,1,1,0.9985894,0.0002407088,0.9985894,0.001163642,6.3462185e-06
512,32,sitting,2021-05-07 15:49:17.520,2021-05-07 15:49:19.500,0.021,1,1,0.99855924,0.00024073847,0.99855924,0.0011933193,6.69245e-06
512,32,sitting,2021-05-07 15:49:18.520,2021-05-07 15:49:20.500,0.021,1,1,0.99855185,0.0002422854,0.99855185,0.0011989068,6.8719996e-06
512,32,sitting,2021-05-07 15:49:19.520,2021-05-07 15:49:21.500,0.021,1,1,0.99846405,0.00027253892,0.99846405,0.001254828,8.740204e-06
512,32,sitting,2021-05-07 15:49:20.520,2021-05-07 15:49:22.500,0.021,1,1,0.9984526,0.00027075552,0.9984526,0.0012679345,8.575469e-06
512,32,sitting,2021-05-07 15:49:21.520,2021-05-07 15:49:23.500,0.021,1,1,0.99851924,0.0002656615,0.99851924,0.0012071014,7.89879e-06
512,32,sitting,2021-05-07 15:49:22.520,2021-05-07 15:49:24.500,0.021,1,1,0.9985401,0.0002664338,0.9985401,0.0011855926,7.89796e-06
512,32,sitting,2021-05-07 15:49:23.520,2021-05-07 15:49:25.500,0.021,1,1,0.99865794,0.00023847233,0.99865794,0.0010968607,6.758555e-06
512,32,sitting,2021-05-07 15:49:24.520,2021-05-07 15:49:26.500,0.021,1,1,0.99885947,0.00021792848,0.99885947,0.00091743964,5.2107143e-06
512,32,sitting,2021-05-07 15:49:25.520,2021-05-07 15:49:27.500,0.021,1,1,0.99855566,0.00027209177,0.99855566,0.0011633154,8.800409e-06
512,32,sitting,2021-05-07 15:49:26.520,2021-05-07 15:49:28.500,0.021,1,1,0.99827725,0.0003167563,0.99827725,0.0013931126,1.2982512e-05
512,32,sitting,2021-05-07 15:49:27.520,2021-05-07 15:49:29.500,0.021,1,1,0.9983831,0.00029739883,0.9983831,0.0013093225,1.0183846e-05
512,32,sitting,2021-05-07 15:49:28.520,2021-05-07 15:49:30.500,0.021,1,1,0.99834585,0.00025241086,0.99834585,0.0013929519,8.77027e-06
512,32,sitting,2021-05-07 15:49:29.520,2021-05-07 15:49:31.500,0.021,1,1,0.99803567,0.0002895164,0.99803567,0.0016622128,1.2675839e-05
512,32,sitting,2021-05-07 15:49:30.520,2021-05-07 15:49:32.500,0.021,1,1,0.9980366,0.0002853145,0.9980366,0.0016653847,1.2618308e-05
512,32,sitting,2021-05-07 15:49:31.520,2021-05-07 15:49:33.500,0.021,1,1,0.99801594,0.00028565954,0.99801594,0.001685426,1.3049674e-05
512,32,sitting,2021-05-07 15:49:32.520,2021-05-07 15:49:34.500,0.021,1,1,0.99761736,0.00031614388,0.99761736,0.0020484396,1.7904109e-05
512,33,walking,2021-05-07 15:49:39.080,2021-05-07 15:49:41.060,0.021,3,3,0.9969656,3.568366e-05,0.0002372034,0.0027614976,0.9969656
512,33,walking,2021-05-07 15:49:40.080,2021-05-07 15:49:42.060,0.021,3,3,0.9985012,1.4209675e-05,5.010987e-05,0.0014344717,0.9985012
512,35,walking,2021-05-07 15:49:43.439,2021-05-07 15:49:45.419,0.021,3,3,0.99119025,8.326749e-05,0.0004945441,0.008231836,0.99119025
512,35,walking,2021-05-07 15:49:44.439,2021-05-07 15:49:46.419,0.021,3,3,0.9997773,4.6842733e-06,7.914121e-06,0.00021016102,0.9997773
512,35,walking,2021-05-07 15:49:45.439,2021-05-07 15:49:47.419,0.021,3,3,0.9988738,6.889974e-06,2.4708019e-05,0.0010946669,0.9988738
512,35,walking,2021-05-07 15:49:46.439,2021-05-07 15:49:48.419,0.021,3,3,0.99700457,1.5240324e-05,6.8218746e-05,0.0029120075,0.99700457
512,35,walking,2021-05-07 15:49:47.439,2021-05-07 15:49:49.419,0.021,3,3,0.99154484,2.8089105e-05,0.00015959247,0.00826754,0.99154484
512,35,walking,2021-05-07 15:49:48.439,2021-05-07 15:49:50.419,0.021,3,3,0.9989478,8.412411e-06,3.0687333e-05,0.0010131797,0.9989478
512,35,walking,2021-05-07 15:49:49.439,2021-05-07 15:49:51.419,0.021,3,3,0.999871,4.186329e-06,1.1882319e-05,0.00011300217,0.999871
512,35,walking,2021-05-07 15:49:50.439,2021-05-07 15:49:52.419,0.021,3,3,0.9961861,5.207666e-05,0.00039517836,0.0033667162,0.9961861
512,36,standing,2021-05-07 15:49:53.279,2021-05-07 15:49:55.259,0.021,2,1,0.6227182,0.000957053,0.6227182,0.3694486,0.00687612
512,36,standing,2021-05-07 15:49:54.279,2021-05-07 15:49:56.259,0.021,2,2,0.7852446,0.00021057164,0.20789495,0.7852446,0.0066497587
512,36,standing,2021-05-07 15:49:55.279,2021-05-07 15:49:57.259,0.021,2,2,0.9297986,7.426041e-05,0.05713409,0.9297986,0.012993011
512,37,walking,2021-05-07 15:49:57.759,2021-05-07 15:49:59.740,0.021,3,3,0.99631983,6.464697e-05,0.00043878285,0.0031766884,0.99631983
512,37,walking,2021-05-07 15:49:58.759,2021-05-07 15:50:00.740,0.021,3,3,0.994733,6.214304e-05,0.00048199145,0.004722945,0.994733
512,37,walking,2021-05-07 15:49:59.759,2021-05-07 15:50:01.740,0.021,3,3,0.99152625,4.9790495e-05,0.00033683912,0.008087235,0.99152625
512,37,walking,2021-05-07 15:50:00.760,2021-05-07 15:50:02.740,0.021,3,3,0.9918797,4.4652632e-05,0.0002996554,0.007776018,0.9918797
512,37,walking,2021-05-07 15:50:01.760,2021-05-07 15:50:03.740,0.021,3,3,0.95025975,0.000157472,0.0020206685,0.047562085,0.95025975
512,37,walking,2021-05-07 15:50:02.760,2021-05-07 15:50:04.739,0.021,3,3,0.52076083,0.00064026273,0.040969934,0.437629,0.52076083
512,38,standing,2021-05-07 15:50:05.239,2021-05-07 15:50:07.220,0.021,2,2,0.91966176,7.578202e-05,0.07455567,0.91966176,0.0057066483
512,38,standing,2021-05-07 15:50:06.239,2021-05-07 15:50:08.220,0.021,2,2,0.9064398,9.1743765e-05,0.08857326,0.9064398,0.00489526
512,38,standing,2021-05-07 15:50:07.239,2021-05-07 15:50:09.220,0.021,2,2,0.91055673,9.3588744e-05,0.08386204,0.91055673,0.0054875454
512,38,standing,2021-05-07 15:50:08.239,2021-05-07 15:50:10.220,0.021,2,2,0.90084994,7.8407196e-05,0.09591896,0.90084994,0.0031526447
512,38,standing,2021-05-07 15:50:09.239,2021-05-07 15:50:11.220,0.021,2,2,0.8890705,7.932512e-05,0.10842009,0.8890705,0.0024299668
512,38,standing,2021-05-07 15:50:10.239,2021-05-07 15:50:12.220,0.021,2,2,0.9054951,8.354127e-05,0.09075484,0.9054951,0.0036664945
512,38,standing,2021-05-07 15:50:11.239,2021-05-07 15:50:13.220,0.021,2,2,0.91494244,7.801817e-05,0.08059438,0.91494244,0.004385138
512,38,standing,2021-05-07 15:50:12.239,2021-05-07 15:50:14.220,0.021,2,2,0.9086923,7.365982e-05,0.08776206,0.9086923,0.00347187
512,38,standing,2021-05-07 15:50:13.239,2021-05-07 15:50:15.220,0.021,2,2,0.8983902,9.5419404e-05,0.0975103,0.8983902,0.0040041436
512,38,standing,2021-05-07 15:50:14.239,2021-05-07 15:50:16.219,0.021,2,2,0.8939254,0.00011798656,0.100820154,0.8939254,0.005136369
512,38,standing,2021-05-07 15:50:15.239,2021-05-07 15:50:17.219,0.021,2,2,0.89142174,0.00012089632,0.10357266,0.89142174,0.004884569
512,39,walking,2021-05-07 15:50:18.040,2021-05-07 15:50:20.020,0.021,3,2,0.84178615,0.00021912076,0.050757244,0.84178615,0.107237495
512,39,walking,2021-05-07 15:50:19.040,2021-05-07 15:50:21.020,0.021,3,2,0.76800734,0.00052369124,0.08394499,0.76800734,0.14752404
512,39,walking,2021-05-07 15:50:20.040,2021-05-07 15:50:22.020,0.021,3,2,0.56523466,0.00067340693,0.052639633,0.56523466,0.38145232
512,39,walking,2021-05-07 15:50:21.040,2021-05-07 15:50:23.020,0.021,3,2,0.5849707,0.00037011586,0.027610952,0.5849707,0.38704827
512,39,walking,2021-05-07 15:50:22.040,2021-05-07 15:50:24.020,0.021,3,3,0.9701475,8.991868e-05,0.001494071,0.028268559,0.9701475
512,39,walking,2021-05-07 15:50:23.040,2021-05-07 15:50:25.020,0.021,3,3,0.9771226,8.091103e-05,0.0011528155,0.021643547,0.9771226
512,40,standing,2021-05-07 15:50:26.000,2021-05-07 15:50:27.979,0.021,2,2,0.8238108,0.0002140149,0.033702765,0.8238108,0.14227237
512,40,standing,2021-05-07 15:50:27.000,2021-05-07 15:50:28.979,0.021,2,2,0.91085774,0.00015746421,0.04954736,0.91085774,0.039437413
512,41,walking,2021-05-07 15:50:29.119,2021-05-07 15:50:31.100,0.021,3,3,0.9505994,0.0001617832,0.002127015,0.047111765,0.9505994
512,41,walking,2021-05-07 15:50:30.119,2021-05-07 15:50:32.099,0.021,3,3,0.99420094,3.8334136e-05,0.00028342573,0.005477361,0.99420094
512,41,walking,2021-05-07 15:50:31.119,2021-05-07 15:50:33.099,0.021,3,3,0.99588346,2.7266784e-05,0.00019202399,0.0038973105,0.99588346
512,41,walking,2021-05-07 15:50:32.119,2021-05-07 15:50:34.099,0.021,3,3,0.9998572,3.8319263e-06,1.10148185e-05,0.00012804977,0.9998572
512,41,walking,2021-05-07 15:50:33.119,2021-05-07 15:50:35.099,0.021,3,3,0.999727,8.774592e-06,3.8002137e-05,0.00022616982,0.999727
512,41,walking,2021-05-07 15:50:34.119,2021-05-07 15:50:36.099,0.021,3,3,0.9936225,4.7452984e-05,0.0003512226,0.0059788986,0.9936225
512,41,walking,2021-05-07 15:50:35.119,2021-05-07 15:50:37.099,0.021,3,3,0.9967592,1.6683e-05,0.00011578553,0.0031084758,0.9967592
512,41,walking,2021-05-07 15:50:36.119,2021-05-07 15:50:38.099,0.021,3,3,0.9884294,2.934184e-05,0.00029720418,0.0112439515,0.9884294
512,41,walking,2021-05-07 15:50:37.119,2021-05-07 15:50:39.099,0.021,3,3,0.97748977,8.328213e-05,0.0008485846,0.021578424,0.97748977
512,41,walking,2021-05-07 15:50:38.119,2021-05-07 15:50:40.099,0.021,3,3,0.9914765,4.7545116e-05,0.00032361216,0.00815233,0.9914765
512,41,walking,2021-05-07 15:50:39.119,2021-05-07 15:50:41.099,0.021,3,3,0.973854,0.00011999142,0.0012588691,0.024767088,0.973854
512,41,walking,2021-05-07 15:50:40.119,2021-05-07 15:50:42.099,0.021,3,3,0.87166566,0.00032770314,0.0072807195,0.12072592,0.87166566
512,41,walking,2021-05-07 15:50:41.119,2021-05-07 15:50:43.099,0.021,3,3,0.9833908,8.3832616e-05,0.00075591746,0.015769418,0.9833908
512,41,walking,2021-05-07 15:50:42.119,2021-05-07 15:50:44.099,0.021,3,3,0.9699243,9.5064905e-05,0.0010542137,0.028926518,0.9699243
512,41,walking,2021-05-07 15:50:43.119,2021-05-07 15:50:45.099,0.021,3,3,0.9658968,7.597812e-05,0.00081814366,0.033209037,0.9658968
512,41,walking,2021-05-07 15:50:44.119,2021-05-07 15:50:46.099,0.021,3,3,0.95912886,7.959271e-05,0.0010047036,0.03978689,0.95912886
512,41,walking,2021-05-07 15:50:45.119,2021-05-07 15:50:47.099,0.021,3,3,0.97940725,6.30093e-05,0.0006042608,0.019925503,0.97940725
512,41,walking,2021-05-07 15:50:46.119,2021-05-07 15:50:48.099,0.021,3,3,0.88123155,0.00023595754,0.0046904623,0.11384203,0.88123155
512,41,walking,2021-05-07 15:50:47.119,2021-05-07 15:50:49.099,0.021,3,3,0.73425835,0.00026148098,0.009691096,0.255789,0.73425835
512,41,walking,2021-05-07 15:50:48.119,2021-05-07 15:50:50.099,0.021,3,3,0.96930337,9.555925e-05,0.0013377673,0.029263385,0.96930337
512,41,walking,2021-05-07 15:50:49.119,2021-05-07 15:50:51.099,0.021,3,3,0.9777663,8.678834e-05,0.0009425909,0.021204293,0.9777663
512,41,walking,2021-05-07 15:50:50.119,2021-05-07 15:50:52.099,0.021,3,3,0.98030776,0.00012022119,0.0011114816,0.018460535,0.98030776
512,42,standing,2021-05-07 15:50:52.639,2021-05-07 15:50:54.619,0.021,2,2,0.9267567,0.00012479485,0.05440843,0.9267567,0.01870995
512,42,standing,2021-05-07 15:50:53.639,2021-05-07 15:50:55.619,0.021,2,2,0.92766815,8.877808e-05,0.064755574,0.92766815,0.007487545
512,43,walking,2021-05-07 15:50:56.159,2021-05-07 15:50:58.139,0.021,3,3,0.77932966,0.00035294346,0.0143647455,0.20595257,0.77932966
512,43,walking,2021-05-07 15:50:57.159,2021-05-07 15:50:59.139,0.021,3,3,0.95160025,0.00017434669,0.0027400255,0.045485273,0.95160025
512,43,walking,2021-05-07 15:50:58.159,2021-05-07 15:51:00.140,0.021,3,3,0.9422559,0.0001724193,0.002486818,0.05508485,0.9422559
512,43,walking,2021-05-07 15:50:59.159,2021-05-07 15:51:01.140,0.021,3,3,0.9764128,7.742726e-05,0.0008029473,0.022706784,0.9764128
512,43,walking,2021-05-07 15:51:00.160,2021-05-07 15:51:02.140,0.021,3,3,0.98934287,3.2404467e-05,0.00023296577,0.010391799,0.98934287
512,43,walking,2021-05-07 15:51:01.160,2021-05-07 15:51:03.140,0.021,3,3,0.8554868,0.00031852553,0.007719913,0.13647479,0.8554868
512,43,walking,2021-05-07 15:51:02.160,2021-05-07 15:51:04.140,0.021,3,3,0.8565475,0.00019999068,0.0066396287,0.13661277,0.8565475
512,43,walking,2021-05-07 15:51:03.160,2021-05-07 15:51:05.140,0.021,3,3,0.925668,7.6883334e-05,0.0014543057,0.07280076,0.925668
512,43,walking,2021-05-07 15:51:04.159,2021-05-07 15:51:06.140,0.021,3,3,0.96523166,8.486419e-05,0.0010971146,0.033586275,0.96523166
512,43,walking,2021-05-07 15:51:05.159,2021-05-07 15:51:07.140,0.021,3,3,0.98420775,6.173286e-05,0.0005273332,0.015203194,0.98420775
512,43,walking,2021-05-07 15:51:06.159,2021-05-07 15:51:08.140,0.021,3,3,0.9927184,3.9331706e-05,0.00023557853,0.0070066154,0.9927184
512,43,walking,2021-05-07 15:51:07.159,2021-05-07 15:51:09.140,0.021,3,3,0.98774576,8.4256084e-05,0.00056428846,0.0116056595,0.98774576
512,43,walking,2021-05-07 15:51:08.159,2021-05-07 15:51:10.140,0.021,3,3,0.9555949,0.00026029148,0.00366358,0.04048125,0.9555949
512,43,walking,2021-05-07 15:51:09.159,2021-05-07 15:51:11.140,0.021,3,3,0.99807125,1.2352273e-05,6.1694314e-05,0.0018547841,0.99807125
512,43,walking,2021-05-07 15:51:10.159,2021-05-07 15:51:12.140,0.021,3,3,0.99555176,1.9088595e-05,0.00012742095,0.0043016635,0.99555176
512,43,walking,2021-05-07 15:51:11.159,2021-05-07 15:51:13.140,0.021,3,3,0.9255968,0.0002001227,0.0039864355,0.07021664,0.9255968
512,43,walking,2021-05-07 15:51:12.159,2021-05-07 15:51:14.140,0.021,3,3,0.8993169,0.00026921148,0.006094287,0.09431953,0.8993169
512,43,walking,2021-05-07 15:51:13.159,2021-05-07 15:51:15.140,0.021,3,3,0.9708899,0.00013713709,0.0016890405,0.027283834,0.9708899
512,43,walking,2021-05-07 15:51:14.159,2021-05-07 15:51:16.139,0.021,3,3,0.9894336,5.729286e-05,0.0005157503,0.009993415,0.9894336
512,43,walking,2021-05-07 15:51:15.159,2021-05-07 15:51:17.139,0.021,3,3,0.95022446,0.00018215578,0.003117296,0.046476014,0.95022446
512,43,walking,2021-05-07 15:51:16.159,2021-05-07 15:51:18.139,0.021,3,3,0.59609294,0.00056367985,0.028670987,0.3746724,0.59609294
512,43,walking,2021-05-07 15:51:17.159,2021-05-07 15:51:19.139,0.021,3,3,0.9616081,0.00012516783,0.0017306758,0.036536004,0.9616081
512,44,standing,2021-05-07 15:51:19.959,2021-05-07 15:51:21.940,0.021,2,2,0.87246984,0.0001426087,0.12296764,0.87246984,0.004419883
512,44,standing,2021-05-07 15:51:20.959,2021-05-07 15:51:22.940,0.021,2,2,0.854178,9.649151e-05,0.14396542,0.854178,0.001760025
512,45,walking,2021-05-07 15:51:23.760,2021-05-07 15:51:25.739,0.021,3,3,0.8492088,0.00025763112,0.006752202,0.1437814,0.8492088
512,45,walking,2021-05-07 15:51:24.760,2021-05-07 15:51:26.739,0.021,3,3,0.979647,8.816725e-05,0.0008962913,0.019368572,0.979647
512,45,walking,2021-05-07 15:51:25.760,2021-05-07 15:51:27.739,0.021,3,3,0.986927,3.47108e-05,0.00032757496,0.012710767,0.986927
512,45,walking,2021-05-07 15:51:26.760,2021-05-07 15:51:28.739,0.021,3,3,0.9533303,0.00011350222,0.0013663751,0.045189805,0.9533303
512,45,walking,2021-05-07 15:51:27.760,2021-05-07 15:51:29.739,0.021,3,3,0.8563787,0.00054949644,0.011538912,0.13153288,0.8563787
512,45,walking,2021-05-07 15:51:28.760,2021-05-07 15:51:30.739,0.021,3,3,0.8400578,0.00043894292,0.0096945865,0.14980854,0.8400578
512,45,walking,2021-05-07 15:51:29.760,2021-05-07 15:51:31.739,0.021,3,3,0.942666,0.00022547656,0.0032636498,0.053844836,0.942666
512,45,walking,2021-05-07 15:51:30.760,2021-05-07 15:51:32.740,0.021,3,3,0.95400727,0.00015167276,0.0019586189,0.043882415,0.95400727
512,45,walking,2021-05-07 15:51:31.760,2021-05-07 15:51:33.740,0.021,3,3,0.98274213,6.680864e-05,0.0006789595,0.016512133,0.98274213
512,45,walking,2021-05-07 15:51:32.759,2021-05-07 15:51:34.740,0.021,3,3,0.9894013,5.7806996e-05,0.00053253514,0.010008305,0.9894013
512,45,walking,2021-05-07 15:51:33.759,2021-05-07 15:51:35.740,0.021,3,3,0.9833589,8.777852e-05,0.00063844555,0.01591488,0.9833589
512,45,walking,2021-05-07 15:51:34.759,2021-05-07 15:51:36.740,0.021,3,3,0.9981605,2.2555058e-05,8.747714e-05,0.0017294305,0.9981605
512,45,walking,2021-05-07 15:51:35.759,2021-05-07 15:51:37.740,0.021,3,3,0.99951094,6.394926e-06,2.5987236e-05,0.00045657303,0.99951094
512,45,walking,2021-05-07 15:51:36.759,2021-05-07 15:51:38.740,0.021,3,3,0.9999605,1.451166e-06,2.130829e-06,3.5834502e-05,0.9999605
512,46,standing,2021-05-07 15:51:39.639,2021-05-07 15:51:41.619,0.021,2,2,0.4746715,0.004936958,0.07785845,0.4746715,0.442533
512,46,standing,2021-05-07 15:51:40.639,2021-05-07 15:51:42.619,0.021,2,2,0.88215494,0.0010616148,0.07125931,0.88215494,0.04552409
512,46,standing,2021-05-07 15:51:41.639,2021-05-07 15:51:43.619,0.021,2,2,0.83547133,0.005085882,0.14626202,0.83547133,0.013180876
512,47,walking,2021-05-07 15:51:44.560,2021-05-07 15:51:46.540,0.021,3,3,0.9990163,2.5156627e-05,9.573202e-05,0.00086284423,0.9990163
512,47,walking,2021-05-07 15:51:45.560,2021-05-07 15:51:47.540,0.021,3,3,0.9999384,1.7451177e-06,2.2814718e-06,5.7511177e-05,0.9999384
512,47,walking,2021-05-07 15:51:46.560,2021-05-07 15:51:48.540,0.021,3,3,0.9995352,1.0389631e-05,3.8175433e-05,0.00041621647,0.9995352
512,47,walking,2021-05-07 15:51:47.560,2021-05-07 15:51:49.540,0.021,3,3,0.9930517,2.448215e-05,0.00019663604,0.006727082,0.9930517
512,47,walking,2021-05-07 15:51:48.560,2021-05-07 15:51:50.540,0.021,3,3,0.9993046,3.746518e-06,1.1255467e-05,0.00068045664,0.9993046
512,47,walking,2021-05-07 15:51:49.560,2021-05-07 15:51:51.540,0.021,3,3,0.99813014,1.3579235e-05,5.9458285e-05,0.001796832,0.99813014
512,48,standing,2021-05-07 15:51:52.360,2021-05-07 15:51:54.340,0.021,2,2,0.9205806,9.037207e-05,0.072735794,0.9205806,0.0065932125
512,48,standing,2021-05-07 15:51:53.360,2021-05-07 15:51:55.340,0.021,2,2,0.9193561,7.7724544e-05,0.076228835,0.9193561,0.0043373457
512,49,walking,2021-05-07 15:51:55.520,2021-05-07 15:51:57.500,0.021,3,3,0.9874708,6.373323e-05,0.00069326704,0.011772143,0.9874708
512,51,walking,2021-05-07 15:51:58.639,2021-05-07 15:52:00.619,0.021,3,3,0.71127427,0.00028643064,0.010455443,0.2779838,0.71127427
512,51,walking,2021-05-07 15:51:59.639,2021-05-07 15:52:01.619,0.021,3,3,0.98208505,6.184105e-05,0.00056384056,0.017289296,0.98208505
512,51,walking,2021-05-07 15:52:00.640,2021-05-07 15:52:02.619,0.021,3,3,0.9953311,2.2131686e-05,0.00013974655,0.004507006,0.9953311
512,51,walking,2021-05-07 15:52:01.640,2021-05-07 15:52:03.619,0.021,3,3,0.9965233,1.9149218e-05,8.967756e-05,0.0033678077,0.9965233
512,54,walking,2021-05-07 15:52:04.640,2021-05-07 15:52:06.619,0.021,3,3,0.99939835,5.7176217e-06,1.6817547e-05,0.00057914946,0.99939835
512,54,walking,2021-05-07 15:52:05.640,2021-05-07 15:52:07.619,0.021,3,3,0.99919933,1.00041825e-05,2.1293483e-05,0.0007694159,0.99919933
512,54,walking,2021-05-07 15:52:06.640,2021-05-07 15:52:08.619,0.021,3,3,0.9998648,2.040759e-06,3.716482e-06,0.00012945122,0.9998648
512,54,walking,2021-05-07 15:52:07.640,2021-05-07 15:52:09.619,0.021,3,3,0.9998586,2.3159357e-06,6.627706e-06,0.00013259675,0.9998586
512,54,walking,2021-05-07 15:52:08.640,2021-05-07 15:52:10.619,0.021,3,3,0.9976784,2.2069255e-05,0.000113842856,0.0021857098,0.9976784
512,54,walking,2021-05-07 15:52:09.640,2021-05-07 15:52:11.619,0.021,3,3,0.9991036,6.392826e-06,1.6618742e-05,0.00087333424,0.9991036
512,54,walking,2021-05-07 15:52:10.640,2021-05-07 15:52:12.619,0.021,3,3,0.99903345,5.488367e-06,1.499623e-05,0.0009460701,0.99903345
512,58,walking,2021-05-07 15:52:36.400,2021-05-07 15:52:38.380,0.021,3,3,0.9940271,0.00010466866,0.0007670488,0.005101126,0.9940271
512,58,walking,2021-05-07 15:52:37.400,2021-05-07 15:52:39.380,0.021,3,3,0.99979615,7.853295e-06,1.9938889e-05,0.00017608824,0.99979615
512,60,standing,2021-05-07 15:52:40.200,2021-05-07 15:52:42.180,0.021,2,2,0.9229686,0.00012130318,0.062151954,0.9229686,0.014758148
512,61,walking,2021-05-07 15:52:42.319,2021-05-07 15:52:44.299,0.021,3,3,0.9997207,4.783352e-06,1.2407676e-05,0.0002620039,0.9997207
512,61,walking,2021-05-07 15:52:43.319,2021-05-07 15:52:45.299,0.021,3,3,0.999748,5.306925e-06,8.948987e-06,0.00023765271,0.999748
512,63,walking,2021-05-07 15:53:11.880,2021-05-07 15:53:13.859,0.021,3,3,0.9999842,1.3723974e-06,1.0942018e-06,1.3287347e-05,0.9999842
512,63,walking,2021-05-07 15:53:12.880,2021-05-07 15:53:14.859,0.021,3,3,0.9999935,4.650024e-07,3.9394186e-07,5.610308e-06,0.9999935
512,65,walking,2021-05-07 15:53:16.959,2021-05-07 15:53:18.940,0.021,3,3,0.9998307,4.0697864e-06,9.000604e-06,0.00015630788,0.9998307
512,65,walking,2021-05-07 15:53:17.959,2021-05-07 15:53:19.940,0.021,3,3,0.99621946,4.972703e-05,0.0002719711,0.0034589057,0.99621946
512,65,walking,2021-05-07 15:53:18.959,2021-05-07 15:53:20.940,0.021,3,3,0.9993276,1.1146406e-05,3.5845307e-05,0.00062534976,0.9993276
512,65,walking,2021-05-07 15:53:19.959,2021-05-07 15:53:21.940,0.021,3,3,0.999789,8.811539e-06,2.0569374e-05,0.00018168196,0.999789
512,65,walking,2021-05-07 15:53:20.959,2021-05-07 15:53:22.940,0.021,3,3,0.999903,4.0633013e-06,8.9940895e-06,8.379637e-05,0.999903
512,67,walking,2021-05-07 15:53:32.840,2021-05-07 15:53:34.819,0.021,3,3,0.9998498,2.6900339e-06,8.102386e-06,0.00013952106,0.9998498
512,69,walking,2021-05-07 15:53:45.319,2021-05-07 15:53:47.299,0.021,3,3,0.9990904,1.1632121e-05,4.6713303e-05,0.0008513683,0.9990904
512,69,walking,2021-05-07 15:53:46.319,2021-05-07 15:53:48.299,0.021,3,3,0.9999235,2.082404e-06,3.4733305e-06,7.084638e-05,0.9999235
512,69,walking,2021-05-07 15:53:47.319,2021-05-07 15:53:49.299,0.021,3,3,0.99988776,4.0949985e-06,5.9476283e-06,0.000102087455,0.99988776
512,69,walking,2021-05-07 15:53:48.319,2021-05-07 15:53:50.299,0.021,3,3,0.9999283,2.7727774e-06,4.1372537e-06,6.4680025e-05,0.9999283
512,69,walking,2021-05-07 15:53:49.319,2021-05-07 15:53:51.299,0.021,3,3,0.999804,3.5629168e-06,6.4832007e-06,0.00018604432,0.999804
512,69,walking,2021-05-07 15:53:50.319,2021-05-07 15:53:52.299,0.021,3,3,0.995821,2.0115089e-05,9.002328e-05,0.0040687113,0.995821
512,69,walking,2021-05-07 15:53:51.319,2021-05-07 15:53:53.299,0.021,3,3,0.99909896,1.2879354e-05,2.8472848e-05,0.0008596437,0.99909896
512,70,standing,2021-05-07 15:53:53.639,2021-05-07 15:53:55.619,0.021,2,2,0.8906149,0.00018066101,0.052518025,0.8906149,0.05668651
512,70,standing,2021-05-07 15:53:54.639,2021-05-07 15:53:56.619,0.021,2,2,0.8660828,0.00018249509,0.03229457,0.8660828,0.101440154
512,70,standing,2021-05-07 15:53:55.639,2021-05-07 15:53:57.619,0.021,2,2,0.9017003,0.0001808263,0.07468015,0.9017003,0.023438789
512,70,standing,2021-05-07 15:53:56.639,2021-05-07 15:53:58.619,0.021,2,2,0.91721755,9.358558e-05,0.0737692,0.91721755,0.008919543
512,70,standing,2021-05-07 15:53:57.639,2021-05-07 15:53:59.619,0.021,2,2,0.9354045,8.1784514e-05,0.05413507,0.9354045,0.010378649
512,70,standing,2021-05-07 15:53:58.639,2021-05-07 15:54:00.619,0.021,2,2,0.9347707,7.324151e-05,0.05681549,0.9347707,0.008340531
512,70,standing,2021-05-07 15:53:59.639,2021-05-07 15:54:01.619,0.021,2,2,0.93293315,7.225433e-05,0.059696756,0.93293315,0.007297746
512,70,standing,2021-05-07 15:54:00.640,2021-05-07 15:54:02.619,0.021,2,2,0.82896316,0.00020528855,0.032228626,0.82896316,0.13860296
512,70,standing,2021-05-07 15:54:01.640,2021-05-07 15:54:03.619,0.021,2,2,0.7680335,0.00025488882,0.02758925,0.7680335,0.20412245
512,70,standing,2021-05-07 15:54:02.640,2021-05-07 15:54:04.619,0.021,2,2,0.92339104,0.00012694568,0.058789566,0.92339104,0.017692477
512,70,standing,2021-05-07 15:54:03.640,2021-05-07 15:54:05.619,0.021,2,2,0.92340773,0.0001242172,0.05773938,0.92340773,0.018728642
512,70,standing,2021-05-07 15:54:04.640,2021-05-07 15:54:06.619,0.021,2,2,0.9061133,0.0001095423,0.08645608,0.9061133,0.007321118
512,74,standing,2021-05-07 15:54:08.520,2021-05-07 15:54:10.500,0.021,2,2,0.92259,0.000121010366,0.06636549,0.92259,0.010923445
512,74,standing,2021-05-07 15:54:09.520,2021-05-07 15:54:11.500,0.021,2,2,0.9100974,0.00010247343,0.08527547,0.9100974,0.004524616
512,74,standing,2021-05-07 15:54:10.520,2021-05-07 15:54:12.500,0.021,2,2,0.9027487,9.2544346e-05,0.093892545,0.9027487,0.003266167
512,74,standing,2021-05-07 15:54:11.520,2021-05-07 15:54:13.500,0.021,2,2,0.9056124,7.4023264e-05,0.09193091,0.9056124,0.0023826428
512,74,standing,2021-05-07 15:54:12.520,2021-05-07 15:54:14.500,0.021,2,2,0.9160853,9.3479954e-05,0.07903025,0.9160853,0.004790941
512,74,standing,2021-05-07 15:54:13.520,2021-05-07 15:54:15.500,0.021,2,2,0.911756,0.00010818534,0.08268485,0.911756,0.005450952
512,75,walking,2021-05-07 15:54:16.040,2021-05-07 15:54:18.020,0.021,3,2,0.6583786,0.001153727,0.09825877,0.6583786,0.24220899
512,75,walking,2021-05-07 15:54:17.040,2021-05-07 15:54:19.020,0.021,3,3,0.7896351,0.00073393167,0.018723773,0.1909072,0.7896351
512,75,walking,2021-05-07 15:54:18.040,2021-05-07 15:54:20.020,0.021,3,3,0.9809291,7.5702854e-05,0.0009002622,0.018094994,0.9809291
512,77,standing,2021-05-07 15:54:21.559,2021-05-07 15:54:23.540,0.021,2,2,0.89345413,8.208888e-05,0.10422099,0.89345413,0.0022428147
512,77,standing,2021-05-07 15:54:22.559,2021-05-07 15:54:24.540,0.021,2,2,0.9171553,8.659981e-05,0.078176185,0.9171553,0.0045818724
512,77,standing,2021-05-07 15:54:23.559,2021-05-07 15:54:25.540,0.021,2,2,0.9079564,0.00013999917,0.07504916,0.9079564,0.016854398
512,77,standing,2021-05-07 15:54:24.559,2021-05-07 15:54:26.540,0.021,2,2,0.87682676,0.0001661245,0.115478456,0.87682676,0.0075285896
512,77,standing,2021-05-07 15:54:25.559,2021-05-07 15:54:27.540,0.021,2,2,0.91903025,0.00011427669,0.07382944,0.91903025,0.0070260097
512,77,standing,2021-05-07 15:54:26.559,2021-05-07 15:54:28.540,0.021,2,2,0.93868923,9.306668e-05,0.047282353,0.93868923,0.013935275
512,77,standing,2021-05-07 15:54:27.559,2021-05-07 15:54:29.540,0.021,2,2,0.9404959,8.624345e-05,0.042253513,0.9404959,0.017164242
512,77,standing,2021-05-07 15:54:28.559,2021-05-07 15:54:30.540,0.021,2,3,0.9520577,8.493641e-05,0.0014049562,0.046452418,0.9520577
512,77,standing,2021-05-07 15:54:29.559,2021-05-07 15:54:31.540,0.021,2,3,0.98780215,7.262994e-05,0.0004912961,0.011633993,0.98780215
512,77,standing,2021-05-07 15:54:30.559,2021-05-07 15:54:32.540,0.021,2,2,0.80221015,0.00041231353,0.04724458,0.80221015,0.15013292
512,77,standing,2021-05-07 15:54:31.559,2021-05-07 15:54:33.540,0.021,2,2,0.91177946,0.00019665288,0.050993636,0.91177946,0.037030183
512,78,walking,2021-05-07 15:54:34.279,2021-05-07 15:54:36.259,0.021,3,3,0.88745415,0.0003556512,0.010165716,0.10202462,0.88745415
512,78,walking,2021-05-07 15:54:35.279,2021-05-07 15:54:37.259,0.021,3,3,0.9811011,0.000118919,0.0011225847,0.017657403,0.9811011
512,81,standing,2021-05-07 15:54:39.240,2021-05-07 15:54:41.220,0.021,2,2,0.8653916,0.00014331675,0.13077348,0.8653916,0.003691557
512,81,standing,2021-05-07 15:54:40.240,2021-05-07 15:54:42.220,0.021,2,2,0.85276866,0.00017858176,0.1415794,0.85276866,0.0054733246
512,83,standing,2021-05-07 15:54:43.840,2021-05-07 15:54:45.819,0.021,2,2,0.9111995,0.0001644234,0.07225226,0.9111995,0.01638394
512,83,standing,2021-05-07 15:54:44.840,2021-05-07 15:54:46.819,0.021,2,2,0.88980687,0.0001607809,0.10319209,0.88980687,0.006840272
512,83,standing,2021-05-07 15:54:45.840,2021-05-07 15:54:47.819,0.021,2,2,0.91182446,0.0001496955,0.07895142,0.91182446,0.009074298
512,85,standing,2021-05-07 15:54:48.840,2021-05-07 15:54:50.819,0.021,2,2,0.93218994,8.157982e-05,0.058669217,0.93218994,0.009059167
512,86,walking,2021-05-07 15:54:51.080,2021-05-07 15:54:53.060,0.021,3,3,0.6843485,0.00040630146,0.016425805,0.29881948,0.6843485
512,86,walking,2021-05-07 15:54:52.080,2021-05-07 15:54:54.060,0.021,3,3,0.9216024,0.00025851166,0.0047455095,0.07339354,0.9216024
512,86,walking,2021-05-07 15:54:53.080,2021-05-07 15:54:55.060,0.021,3,3,0.9792851,0.00014673467,0.0015193624,0.019048825,0.9792851
512,86,walking,2021-05-07 15:54:54.080,2021-05-07 15:54:56.060,0.021,3,3,0.9993337,7.416942e-06,2.2996686e-05,0.000635893,0.9993337
512,86,walking,2021-05-07 15:54:55.080,2021-05-07 15:54:57.060,0.021,3,3,0.9997556,4.3408227e-06,1.32336045e-05,0.0002267419,0.9997556
512,86,walking,2021-05-07 15:54:56.080,2021-05-07 15:54:58.060,0.021,3,3,0.9965628,4.711125e-05,0.00025623656,0.0031338702,0.9965628
512,86,walking,2021-05-07 15:54:57.080,2021-05-07 15:54:59.060,0.021,3,3,0.99762917,2.5847734e-05,0.000117416545,0.0022275257,0.99762917
512,86,walking,2021-05-07 15:54:58.080,2021-05-07 15:55:00.059,0.021,3,3,0.999019,2.1697266e-05,7.606661e-05,0.0008832575,0.999019
512,86,walking,2021-05-07 15:54:59.080,2021-05-07 15:55:01.059,0.021,3,3,0.94494,0.00042433437,0.0057763075,0.04885946,0.94494
512,86,walking,2021-05-07 15:55:00.079,2021-05-07 15:55:02.059,0.021,3,3,0.9972101,2.5756108e-05,0.000121070465,0.00264313,0.9972101
512,86,walking,2021-05-07 15:55:01.079,2021-05-07 15:55:03.059,0.021,3,3,0.9989359,3.0503088e-05,9.0935835e-05,0.00094264926,0.9989359
512,88,sitting,2021-05-07 15:55:07.079,2021-05-07 15:55:09.059,0.021,1,2,0.5897249,0.000961139,0.32796472,0.5897249,0.081349194
512,88,sitting,2021-05-07 15:55:08.079,2021-05-07 15:55:10.059,0.021,1,1,0.9650603,0.0003456849,0.9650603,0.03417956,0.00041445473
512,88,sitting,2021-05-07 15:55:09.079,2021-05-07 15:55:11.059,0.021,1,1,0.99263096,0.0003198631,0.99263096,0.0069538807,9.532119e-05
512,88,sitting,2021-05-07 15:55:10.079,2021-05-07 15:55:12.059,0.021,1,1,0.99730116,0.000291355,0.99730116,0.0023813301,2.6149704e-05
512,88,sitting,2021-05-07 15:55:11.079,2021-05-07 15:55:13.059,0.021,1,1,0.99806935,0.0004522277,0.99806935,0.0014588241,1.9578769e-05
512,88,sitting,2021-05-07 15:55:12.079,2021-05-07 15:55:14.059,0.021,1,1,0.99280024,0.00036167883,0.99280024,0.006726514,0.000111570946
512,88,sitting,2021-05-07 15:55:13.079,2021-05-07 15:55:15.059,0.021,1,1,0.99251246,0.00027175588,0.99251246,0.0071379263,7.7684184e-05
512,88,sitting,2021-05-07 15:55:14.079,2021-05-07 15:55:16.059,0.021,1,1,0.9971935,0.00021521904,0.9971935,0.002567201,2.4019278e-05
512,88,sitting,2021-05-07 15:55:15.079,2021-05-07 15:55:17.059,0.021,1,1,0.9970337,0.00014672744,0.9970337,0.002795922,2.351576e-05
512,88,sitting,2021-05-07 15:55:16.079,2021-05-07 15:55:18.059,0.021,1,1,0.9976312,0.00014237719,0.9976312,0.0022094632,1.7043301e-05
512,88,sitting,2021-05-07 15:55:17.079,2021-05-07 15:55:19.059,0.021,1,1,0.9973015,0.00013604856,0.9973015,0.0025439202,1.8557306e-05
512,88,sitting,2021-05-07 15:55:18.079,2021-05-07 15:55:20.059,0.021,1,1,0.9976551,0.00014523632,0.9976551,0.002183767,1.588712e-05
512,88,sitting,2021-05-07 15:55:19.079,2021-05-07 15:55:21.059,0.021,1,1,0.99747133,0.00014509606,0.99747133,0.002366208,1.731313e-05
512,88,sitting,2021-05-07 15:55:20.079,2021-05-07 15:55:22.059,0.021,1,1,0.99718225,0.00017314544,0.99718225,0.002623418,2.1114925e-05
512,88,sitting,2021-05-07 15:55:21.079,2021-05-07 15:55:23.059,0.021,1,1,0.9974777,0.00023073118,0.9974777,0.0022680997,2.3489018e-05
512,88,sitting,2021-05-07 15:55:22.079,2021-05-07 15:55:24.059,0.021,1,1,0.99580294,0.00015318106,0.99580294,0.004005683,3.824913e-05
512,88,sitting,2021-05-07 15:55:23.079,2021-05-07 15:55:25.059,0.021,1,1,0.992113,0.00014128227,0.992113,0.0076817614,6.386263e-05
512,88,sitting,2021-05-07 15:55:24.079,2021-05-07 15:55:26.059,0.021,1,1,0.93788064,0.000172829,0.93788064,0.061363086,0.00058343477
512,88,sitting,2021-05-07 15:55:25.079,2021-05-07 15:55:27.059,0.021,1,1,0.9031635,0.00015572082,0.9031635,0.09561549,0.0010653823
512,88,sitting,2021-05-07 15:55:26.079,2021-05-07 15:55:28.059,0.021,1,1,0.55630004,0.00041388223,0.55630004,0.40356636,0.039719623
512,88,sitting,2021-05-07 15:55:27.079,2021-05-07 15:55:29.059,0.021,1,3,0.47305855,0.0007587734,0.09641283,0.4297697,0.47305855
512,88,sitting,2021-05-07 15:55:28.079,2021-05-07 15:55:30.059,0.021,1,2,0.8098223,0.0006032468,0.15012735,0.8098223,0.039447136
512,88,sitting,2021-05-07 15:55:29.079,2021-05-07 15:55:31.059,0.021,1,2,0.746765,0.00022805919,0.24948329,0.746765,0.0035236685
512,88,sitting,2021-05-07 15:55:30.079,2021-05-07 15:55:32.060,0.021,1,2,0.68798023,0.00017836987,0.31003153,0.68798023,0.0018099003
512,88,sitting,2021-05-07 15:55:31.079,2021-05-07 15:55:33.060,0.021,1,2,0.6839164,0.00017078134,0.31435198,0.6839164,0.0015608884
512,88,sitting,2021-05-07 15:55:32.080,2021-05-07 15:55:34.060,0.021,1,2,0.6631023,0.0001518725,0.33552194,0.6631023,0.0012237953
512,88,sitting,2021-05-07 15:55:33.080,2021-05-07 15:55:35.060,0.021,1,2,0.6707582,0.00014780024,0.3278465,0.6707582,0.0012475017
512,88,sitting,2021-05-07 15:55:34.080,2021-05-07 15:55:36.060,0.021,1,2,0.6500303,0.00013565467,0.34887764,0.6500303,0.0009564828
512,88,sitting,2021-05-07 15:55:35.080,2021-05-07 15:55:37.060,0.021,1,2,0.65621793,0.00014026376,0.34263423,0.65621793,0.0010075854
512,88,sitting,2021-05-07 15:55:36.080,2021-05-07 15:55:38.060,0.021,1,2,0.6707741,0.0001516305,0.3278678,0.6707741,0.0012063879
512,88,sitting,2021-05-07 15:55:37.080,2021-05-07 15:55:39.060,0.021,1,2,0.79543585,0.00013462779,0.20238832,0.79543585,0.0020411208
512,88,sitting,2021-05-07 15:55:38.080,2021-05-07 15:55:40.060,0.021,1,2,0.87859714,0.00015390902,0.11713213,0.87859714,0.004116763
512,88,sitting,2021-05-07 15:55:39.080,2021-05-07 15:55:41.060,0.021,1,2,0.8087505,0.00016605484,0.18756258,0.8087505,0.0035208312
512,88,sitting,2021-05-07 15:55:40.080,2021-05-07 15:55:42.060,0.021,1,1,0.96041155,0.00046566135,0.96041155,0.038732104,0.00039073674
512,88,sitting,2021-05-07 15:55:41.080,2021-05-07 15:55:43.060,0.021,1,1,0.9975482,0.000738418,0.9975482,0.0016882838,2.4923795e-05
512,88,sitting,2021-05-07 15:55:42.080,2021-05-07 15:55:44.060,0.021,1,1,0.9973398,0.00044240203,0.9973398,0.0021886239,2.9188623e-05
512,88,sitting,2021-05-07 15:55:43.080,2021-05-07 15:55:45.060,0.021,1,1,0.99795884,0.0003085372,0.99795884,0.0017174014,1.5186687e-05
512,88,sitting,2021-05-07 15:55:44.080,2021-05-07 15:55:46.060,0.021,1,1,0.99219245,0.0007265801,0.99219245,0.0067813355,0.00029958045
512,88,sitting,2021-05-07 15:55:45.080,2021-05-07 15:55:47.060,0.021,1,1,0.49577034,0.00269356,0.49577034,0.39764494,0.10389112
512,88,sitting,2021-05-07 15:55:46.080,2021-05-07 15:55:48.060,0.021,1,2,0.79032105,0.0007446474,0.1298414,0.79032105,0.079092935
512,88,sitting,2021-05-07 15:55:47.080,2021-05-07 15:55:49.060,0.021,1,2,0.81250155,0.0006064016,0.14503798,0.81250155,0.04185402
512,88,sitting,2021-05-07 15:55:48.080,2021-05-07 15:55:50.060,0.021,1,2,0.80490804,0.00050533056,0.16707644,0.80490804,0.027510306
512,88,sitting,2021-05-07 15:55:49.080,2021-05-07 15:55:51.060,0.021,1,2,0.77855265,0.00038627232,0.2080169,0.77855265,0.01304408
512,88,sitting,2021-05-07 15:55:50.080,2021-05-07 15:55:52.060,0.021,1,2,0.75983435,0.00027343587,0.23487,0.75983435,0.0050222506
512,88,sitting,2021-05-07 15:55:51.080,2021-05-07 15:55:53.060,0.021,1,2,0.75905716,0.00026887207,0.23604822,0.75905716,0.0046257125
512,88,sitting,2021-05-07 15:55:52.080,2021-05-07 15:55:54.060,0.021,1,2,0.8116331,0.00048498367,0.16821125,0.8116331,0.019670745
512,88,sitting,2021-05-07 15:55:53.080,2021-05-07 15:55:55.060,0.021,1,2,0.82076144,0.00046345565,0.15562928,0.82076144,0.023145804
512,88,sitting,2021-05-07 15:55:54.080,2021-05-07 15:55:56.060,0.021,1,2,0.7757684,0.00027701657,0.21807164,0.7757684,0.005882949
512,88,sitting,2021-05-07 15:55:55.080,2021-05-07 15:55:57.060,0.021,1,2,0.7245963,0.00019350024,0.27288592,0.7245963,0.0023241953
512,88,sitting,2021-05-07 15:55:56.080,2021-05-07 15:55:58.060,0.021,1,2,0.7205462,0.00020429622,0.2767282,0.7205462,0.0025212858
512,88,sitting,2021-05-07 15:55:57.080,2021-05-07 15:55:59.060,0.021,1,2,0.7225799,0.00020675494,0.2746914,0.7225799,0.0025219491
512,88,sitting,2021-05-07 15:55:58.080,2021-05-07 15:56:00.059,0.021,1,2,0.74999154,0.00020956581,0.24691404,0.74999154,0.0028848588
512,88,sitting,2021-05-07 15:55:59.080,2021-05-07 15:56:01.059,0.021,1,2,0.7932745,0.00027518248,0.20088145,0.7932745,0.005568777
512,88,sitting,2021-05-07 15:56:00.079,2021-05-07 15:56:02.059,0.021,1,2,0.77940696,0.00024580822,0.21581365,0.77940696,0.0045337016
512,88,sitting,2021-05-07 15:56:01.079,2021-05-07 15:56:03.059,0.021,1,2,0.7448976,0.00019880118,0.2521853,0.7448976,0.0027182258
512,88,sitting,2021-05-07 15:56:02.079,2021-05-07 15:56:04.059,0.021,1,2,0.7383896,0.00019964563,0.25886202,0.7383896,0.0025488315
512,88,sitting,2021-05-07 15:56:03.079,2021-05-07 15:56:05.059,0.021,1,2,0.76133984,0.00022828944,0.23516238,0.76133984,0.0032695045
512,88,sitting,2021-05-07 15:56:04.079,2021-05-07 15:56:06.059,0.021,1,2,0.7104742,0.00015492718,0.28655285,0.7104742,0.002818048
512,88,sitting,2021-05-07 15:56:05.079,2021-05-07 15:56:07.059,0.021,1,2,0.5338294,0.0001575405,0.46299118,0.5338294,0.0030218943
512,88,sitting,2021-05-07 15:56:06.079,2021-05-07 15:56:08.059,0.021,1,2,0.72696733,0.0004420384,0.25316426,0.72696733,0.019426307
512,88,sitting,2021-05-07 15:56:07.079,2021-05-07 15:56:09.059,0.021,1,2,0.8298671,0.0005117782,0.12956291,0.8298671,0.040058125
512,88,sitting,2021-05-07 15:56:08.079,2021-05-07 15:56:10.059,0.021,1,2,0.8309096,0.0004608119,0.14385019,0.8309096,0.024779245
512,88,sitting,2021-05-07 15:56:09.079,2021-05-07 15:56:11.059,0.021,1,2,0.78770316,0.00069254905,0.1581222,0.78770316,0.05348209
512,88,sitting,2021-05-07 15:56:10.079,2021-05-07 15:56:12.059,0.021,1,2,0.79227525,0.00070982764,0.15495941,0.79227525,0.052055445
512,88,sitting,2021-05-07 15:56:11.079,2021-05-07 15:56:13.059,0.021,1,2,0.76793015,0.0003250467,0.22306003,0.76793015,0.008684701
512,88,sitting,2021-05-07 15:56:12.079,2021-05-07 15:56:14.059,0.021,1,2,0.73085606,0.00023877293,0.26464558,0.73085606,0.0042596646
512,88,sitting,2021-05-07 15:56:13.079,2021-05-07 15:56:15.059,0.021,1,2,0.72588086,0.00026001473,0.2690747,0.72588086,0.0047844555
512,88,sitting,2021-05-07 15:56:14.079,2021-05-07 15:56:16.059,0.021,1,2,0.7060254,0.00022070964,0.2908169,0.7060254,0.0029369271
512,88,sitting,2021-05-07 15:56:15.079,2021-05-07 15:56:17.059,0.021,1,2,0.6953891,0.00018517305,0.30247107,0.6953891,0.0019547925
512,88,sitting,2021-05-07 15:56:16.079,2021-05-07 15:56:18.059,0.021,1,2,0.70225877,0.00017544978,0.2957202,0.70225877,0.0018455872
512,88,sitting,2021-05-07 15:56:17.079,2021-05-07 15:56:19.059,0.021,1,2,0.7446325,0.00017873573,0.25189,0.7446325,0.003298792
512,88,sitting,2021-05-07 15:56:18.079,2021-05-07 15:56:20.059,0.021,1,2,0.76713026,0.00016842721,0.22796918,0.76713026,0.0047320942
512,88,sitting,2021-05-07 15:56:19.079,2021-05-07 15:56:21.059,0.021,1,2,0.7004202,0.00092516455,0.18270741,0.7004202,0.11594715
512,88,sitting,2021-05-07 15:56:20.079,2021-05-07 15:56:22.059,0.021,1,2,0.7589345,0.0008637585,0.12472582,0.7589345,0.115475915
512,88,sitting,2021-05-07 15:56:21.079,2021-05-07 15:56:23.059,0.021,1,2,0.8096834,0.00029598828,0.18246178,0.8096834,0.0075588482
512,88,sitting,2021-05-07 15:56:22.079,2021-05-07 15:56:24.059,0.021,1,2,0.79142976,0.00019355582,0.20487504,0.79142976,0.0035017678
512,88,sitting,2021-05-07 15:56:23.079,2021-05-07 15:56:25.059,0.021,1,2,0.7868131,0.00018446014,0.20999523,0.7868131,0.0030072643
512,88,sitting,2021-05-07 15:56:24.079,2021-05-07 15:56:26.059,0.021,1,2,0.7660491,0.00019214662,0.22950701,0.7660491,0.004251779
512,88,sitting,2021-05-07 15:56:25.079,2021-05-07 15:56:27.059,0.021,1,2,0.80406433,0.00015854111,0.18645339,0.80406433,0.009323708
512,88,sitting,2021-05-07 15:56:26.079,2021-05-07 15:56:28.059,0.021,1,2,0.83353585,0.00025059344,0.14271511,0.83353585,0.023498494
512,88,sitting,2021-05-07 15:56:27.079,2021-05-07 15:56:29.059,0.021,1,2,0.87310034,0.00021758144,0.10823746,0.87310034,0.01844449
512,88,sitting,2021-05-07 15:56:28.079,2021-05-07 15:56:30.059,0.021,1,2,0.8514337,0.00012259357,0.14396326,0.8514337,0.0044804993
512,88,sitting,2021-05-07 15:56:29.079,2021-05-07 15:56:31.059,0.021,1,2,0.8364035,0.00013458716,0.1594533,0.8364035,0.0040085632
512,88,sitting,2021-05-07 15:56:30.079,2021-05-07 15:56:32.060,0.021,1,1,0.51836675,0.00028795665,0.51836675,0.47570878,0.00563638
512,88,sitting,2021-05-07 15:56:31.079,2021-05-07 15:56:33.060,0.021,1,1,0.9834221,0.0003741086,0.9834221,0.015915575,0.0002882312
512,88,sitting,2021-05-07 15:56:32.080,2021-05-07 15:56:34.060,0.021,1,1,0.98359674,0.00031245165,0.98359674,0.01586063,0.00023017437
512,88,sitting,2021-05-07 15:56:33.080,2021-05-07 15:56:35.060,0.021,1,1,0.9936137,0.00035937515,0.9936137,0.00594459,8.235539e-05
512,88,sitting,2021-05-07 15:56:34.080,2021-05-07 15:56:36.060,0.021,1,1,0.99840593,0.00038768147,0.99840593,0.0011964616,9.886499e-06
512,88,sitting,2021-05-07 15:56:35.080,2021-05-07 15:56:37.060,0.021,1,1,0.9978284,0.00044222176,0.9978284,0.0017125513,1.672498e-05
512,88,sitting,2021-05-07 15:56:36.080,2021-05-07 15:56:38.060,0.021,1,1,0.99756396,0.000498092,0.99756396,0.0019143858,2.3545324e-05
512,88,sitting,2021-05-07 15:56:37.080,2021-05-07 15:56:39.060,0.021,1,1,0.9986601,0.00036549554,0.9986601,0.00096631394,8.132497e-06
512,88,sitting,2021-05-07 15:56:38.080,2021-05-07 15:56:40.060,0.021,1,1,0.9988236,0.00031921957,0.9988236,0.00085117586,5.9629024e-06
512,88,sitting,2021-05-07 15:56:39.080,2021-05-07 15:56:41.060,0.021,1,1,0.9972329,0.00045035456,0.9972329,0.002287473,2.940478e-05
512,88,sitting,2021-05-07 15:56:40.080,2021-05-07 15:56:42.060,0.021,1,1,0.81697404,0.0007286792,0.81697404,0.17749575,0.0048015104
512,88,sitting,2021-05-07 15:56:41.080,2021-05-07 15:56:43.060,0.021,1,2,0.7810489,0.00015518589,0.21485318,0.7810489,0.0039427406
512,88,sitting,2021-05-07 15:56:42.080,2021-05-07 15:56:44.060,0.021,1,2,0.6733477,0.00015185401,0.3248414,0.6733477,0.0016590167
512,88,sitting,2021-05-07 15:56:43.080,2021-05-07 15:56:45.060,0.021,1,2,0.6772409,0.00018877069,0.32016012,0.6772409,0.0024102258
512,89,walking,2021-05-07 15:56:47.840,2021-05-07 15:56:49.819,0.021,3,3,0.9999772,1.4195241e-06,1.3749737e-06,2.0019539e-05,0.9999772
512,89,walking,2021-05-07 15:56:48.840,2021-05-07 15:56:50.819,0.021,3,3,0.99971247,3.5605221e-06,6.6915454e-06,0.00027722132,0.99971247
512,89,walking,2021-05-07 15:56:49.840,2021-05-07 15:56:51.819,0.021,3,3,0.99818385,1.3270903e-05,3.710742e-05,0.0017658656,0.99818385
512,89,walking,2021-05-07 15:56:50.840,2021-05-07 15:56:52.819,0.021,3,3,0.9903986,4.9332113e-05,0.00025394734,0.009298083,0.9903986
512,90,standing,2021-05-07 15:56:53.799,2021-05-07 15:56:55.779,0.021,2,2,0.9247315,0.00011349782,0.064211205,0.9247315,0.010943862
512,90,standing,2021-05-07 15:56:54.799,2021-05-07 15:56:56.779,0.021,2,2,0.91792715,9.783591e-05,0.07656626,0.91792715,0.005408681
512,90,standing,2021-05-07 15:56:55.799,2021-05-07 15:56:57.779,0.021,2,2,0.92668056,8.558811e-05,0.06673355,0.92668056,0.006500337
512,92,standing,2021-05-07 15:56:59.159,2021-05-07 15:57:01.140,0.021,2,2,0.68561345,0.0012407493,0.16065207,0.68561345,0.15249369
512,94,standing,2021-05-07 15:57:02.480,2021-05-07 15:57:04.460,0.021,2,2,0.9262635,6.195605e-05,0.0695024,0.9262635,0.0041721566
512,94,standing,2021-05-07 15:57:03.480,2021-05-07 15:57:05.460,0.021,2,2,0.9253002,8.151211e-05,0.06920057,0.9253002,0.0054177297
512,94,standing,2021-05-07 15:57:04.480,2021-05-07 15:57:06.460,0.021,2,2,0.920804,7.85305e-05,0.074363194,0.920804,0.0047542327
512,94,standing,2021-05-07 15:57:05.480,2021-05-07 15:57:07.460,0.021,2,2,0.91706866,8.066687e-05,0.07818923,0.91706866,0.004661389
512,94,standing,2021-05-07 15:57:06.480,2021-05-07 15:57:08.460,0.021,2,2,0.92051744,8.32973e-05,0.07413193,0.92051744,0.0052673263
512,94,standing,2021-05-07 15:57:07.480,2021-05-07 15:57:09.460,0.021,2,2,0.9287057,8.307661e-05,0.0645782,0.9287057,0.0066330973
512,94,standing,2021-05-07 15:57:08.479,2021-05-07 15:57:10.460,0.021,2,2,0.93364483,7.6967204e-05,0.058525197,0.93364483,0.00775309
512,98,standing,2021-05-07 15:57:17.799,2021-05-07 15:57:19.780,0.021,2,2,0.91384906,0.000105212865,0.07976371,0.91384906,0.0062818527
512,100,standing,2021-05-07 15:57:20.840,2021-05-07 15:57:22.819,0.021,2,2,0.7683172,0.00081258884,0.13927993,0.7683172,0.09159031
512,100,standing,2021-05-07 15:57:21.840,2021-05-07 15:57:23.819,0.021,2,2,0.83699024,0.00040366803,0.119808406,0.83699024,0.042797647
512,100,standing,2021-05-07 15:57:22.840,2021-05-07 15:57:24.819,0.021,2,2,0.90979475,0.00015837363,0.06675583,0.90979475,0.023290988
512,100,standing,2021-05-07 15:57:23.840,2021-05-07 15:57:25.819,0.021,2,2,0.920677,9.281917e-05,0.07118615,0.920677,0.008044072
512,100,standing,2021-05-07 15:57:24.840,2021-05-07 15:57:26.819,0.021,2,2,0.91872716,6.3863925e-05,0.07769747,0.91872716,0.0035114393
512,100,standing,2021-05-07 15:57:25.840,2021-05-07 15:57:27.819,0.021,2,2,0.9184257,6.388865e-05,0.07836273,0.9184257,0.0031476484
512,100,standing,2021-05-07 15:57:26.840,2021-05-07 15:57:28.819,0.021,2,2,0.91940826,6.5191634e-05,0.077043466,0.91940826,0.003482997
512,102,standing,2021-05-07 15:57:30.920,2021-05-07 15:57:32.900,0.021,2,2,0.9276313,8.9862384e-05,0.06358618,0.9276313,0.008692634
512,102,standing,2021-05-07 15:57:31.920,2021-05-07 15:57:33.900,0.021,2,2,0.9389156,7.643615e-05,0.0460403,0.9389156,0.014967741
512,102,standing,2021-05-07 15:57:32.919,2021-05-07 15:57:34.900,0.021,2,2,0.93885714,6.2413914e-05,0.05289736,0.93885714,0.008183018
512,102,standing,2021-05-07 15:57:33.919,2021-05-07 15:57:35.900,0.021,2,2,0.9355873,6.341999e-05,0.057310272,0.9355873,0.007038952
512,102,standing,2021-05-07 15:57:34.919,2021-05-07 15:57:36.900,0.021,2,2,0.93012923,8.4770356e-05,0.059120145,0.93012923,0.010665854
512,102,standing,2021-05-07 15:57:35.919,2021-05-07 15:57:37.900,0.021,2,2,0.91799,0.00010353742,0.072264835,0.91799,0.009641623
512,102,standing,2021-05-07 15:57:36.919,2021-05-07 15:57:38.900,0.021,2,2,0.926363,8.119345e-05,0.06437567,0.926363,0.009180112
512,108,standing,2021-05-07 15:57:43.279,2021-05-07 15:57:45.259,0.021,2,2,0.87034094,0.00013242895,0.12493522,0.87034094,0.004591354
512,108,standing,2021-05-07 15:57:44.279,2021-05-07 15:57:46.259,0.021,2,2,0.8773755,0.00018176589,0.1142793,0.8773755,0.0081634205
512,108,standing,2021-05-07 15:57:45.279,2021-05-07 15:57:47.259,0.021,2,2,0.87334174,0.0002197118,0.116877876,0.87334174,0.009560713
512,108,standing,2021-05-07 15:57:46.279,2021-05-07 15:57:48.259,0.021,2,2,0.85927594,0.00018811962,0.13477224,0.85927594,0.0057637254
512,108,standing,2021-05-07 15:57:47.279,2021-05-07 15:57:49.259,0.021,2,2,0.86145633,0.00013824984,0.13478632,0.86145633,0.0036189905
512,108,standing,2021-05-07 15:57:48.279,2021-05-07 15:57:50.259,0.021,2,2,0.86118996,0.000107093234,0.13624957,0.86118996,0.0024534222
512,108,standing,2021-05-07 15:57:49.279,2021-05-07 15:57:51.259,0.021,2,2,0.86928755,0.00011647459,0.12743436,0.86928755,0.003161555
512,110,standing,2021-05-07 15:57:53.439,2021-05-07 15:57:55.419,0.021,2,2,0.8060067,0.00042222103,0.08989547,0.8060067,0.103675514
512,112,standing,2021-05-07 15:57:56.599,2021-05-07 15:57:58.580,0.021,2,2,0.89949894,0.00014208589,0.07577618,0.89949894,0.024582766
512,112,standing,2021-05-07 15:57:57.599,2021-05-07 15:57:59.580,0.021,2,2,0.92607856,8.802151e-05,0.06415132,0.92607856,0.009682016
512,112,standing,2021-05-07 15:57:58.599,2021-05-07 15:58:00.579,0.021,2,2,0.931919,8.508474e-05,0.05675295,0.931919,0.011242986
512,112,standing,2021-05-07 15:57:59.599,2021-05-07 15:58:01.579,0.021,2,2,0.933809,7.294572e-05,0.05787516,0.933809,0.008242965
512,113,walking,2021-05-07 15:58:02.240,2021-05-07 15:58:04.220,0.021,3,3,0.70490974,0.00028551472,0.0126728285,0.2821319,0.70490974
512,113,walking,2021-05-07 15:58:03.240,2021-05-07 15:58:05.220,0.021,3,2,0.64272803,0.00024833332,0.018605854,0.64272803,0.33841774
512,114,standing,2021-05-07 15:58:05.840,2021-05-07 15:58:07.819,0.021,2,2,0.91575164,8.840558e-05,0.078753494,0.91575164,0.005406429
512,114,standing,2021-05-07 15:58:06.840,2021-05-07 15:58:08.819,0.021,2,2,0.90446013,9.691592e-05,0.09134832,0.90446013,0.004094713
512,114,standing,2021-05-07 15:58:07.840,2021-05-07 15:58:09.819,0.021,2,2,0.9053621,0.00011978232,0.089284524,0.9053621,0.005233576
512,114,standing,2021-05-07 15:58:08.840,2021-05-07 15:58:10.819,0.021,2,2,0.8881806,0.0001079583,0.10887201,0.8881806,0.0028393292
512,114,standing,2021-05-07 15:58:09.840,2021-05-07 15:58:11.819,0.021,2,2,0.8879565,0.00011451975,0.10864625,0.8879565,0.0032826767
512,114,standing,2021-05-07 15:58:10.840,2021-05-07 15:58:12.819,0.021,2,2,0.91676956,0.00012974012,0.073220566,0.91676956,0.0098801
512,114,standing,2021-05-07 15:58:11.840,2021-05-07 15:58:13.819,0.021,2,2,0.89306813,8.2771214e-05,0.10421486,0.89306813,0.0026341802
512,114,standing,2021-05-07 15:58:12.840,2021-05-07 15:58:14.819,0.021,2,2,0.8760171,8.283481e-05,0.1224205,0.8760171,0.0014795454
512,114,standing,2021-05-07 15:58:13.840,2021-05-07 15:58:15.819,0.021,2,2,0.88695157,8.9173074e-05,0.11094549,0.88695157,0.0020137546
512,114,standing,2021-05-07 15:58:14.840,2021-05-07 15:58:16.819,0.021,2,2,0.8744881,9.344295e-05,0.12355635,0.8744881,0.0018620683
512,114,standing,2021-05-07 15:58:15.840,2021-05-07 15:58:17.819,0.021,2,2,0.8776991,8.7995766e-05,0.12046101,0.8776991,0.0017517824
512,114,standing,2021-05-07 15:58:16.840,2021-05-07 15:58:18.819,0.021,2,2,0.8705236,8.3453735e-05,0.12805395,0.8705236,0.0013390305
512,114,standing,2021-05-07 15:58:17.840,2021-05-07 15:58:19.819,0.021,2,2,0.87350345,7.9668054e-05,0.1251061,0.87350345,0.0013107287
512,114,standing,2021-05-07 15:58:18.840,2021-05-07 15:58:20.819,0.021,2,2,0.89485914,8.972621e-05,0.10269798,0.89485914,0.0023531942
512,114,standing,2021-05-07 15:58:19.840,2021-05-07 15:58:21.819,0.021,2,2,0.9026722,8.5128864e-05,0.0946318,0.9026722,0.002610824
512,114,standing,2021-05-07 15:58:20.840,2021-05-07 15:58:22.819,0.021,2,2,0.9116121,7.9672376e-05,0.08533345,0.9116121,0.002974812
512,114,standing,2021-05-07 15:58:21.840,2021-05-07 15:58:23.819,0.021,2,2,0.9116165,7.354709e-05,0.085736915,0.9116165,0.0025729612
512,114,standing,2021-05-07 15:58:22.840,2021-05-07 15:58:24.819,0.021,2,2,0.9027514,7.005442e-05,0.09519899,0.9027514,0.0019794633
512,114,standing,2021-05-07 15:58:23.840,2021-05-07 15:58:25.819,0.021,2,2,0.90610015,8.503114e-05,0.09092883,0.90610015,0.0028859528
512,114,standing,2021-05-07 15:58:24.840,2021-05-07 15:58:26.819,0.021,2,2,0.9065149,9.347004e-05,0.08982283,0.9065149,0.0035688092
512,114,standing,2021-05-07 15:58:25.840,2021-05-07 15:58:27.819,0.021,2,2,0.89577717,8.6310596e-05,0.101566605,0.89577717,0.0025700058
512,116,standing,2021-05-07 15:58:28.639,2021-05-07 15:58:30.619,0.021,2,2,0.9126094,0.000105434105,0.082194276,0.9126094,0.005090886
512,116,standing,2021-05-07 15:58:29.639,2021-05-07 15:58:31.619,0.021,2,2,0.9155546,9.5676536e-05,0.07900854,0.9155546,0.005341182
512,117,walking,2021-05-07 15:58:31.840,2021-05-07 15:58:33.819,0.021,3,3,0.99312544,0.000118839096,0.0008638727,0.0058918586,0.99312544
512,117,walking,2021-05-07 15:58:32.840,2021-05-07 15:58:34.819,0.021,3,3,0.9971422,2.6559068e-05,0.00017906261,0.0026522405,0.9971422
512,117,walking,2021-05-07 15:58:33.840,2021-05-07 15:58:35.819,0.021,3,3,0.9945258,2.1507964e-05,0.00016926602,0.00528342,0.9945258
512,117,walking,2021-05-07 15:58:34.840,2021-05-07 15:58:36.819,0.021,3,3,0.9932264,3.8959228e-05,0.00029810873,0.006436423,0.9932264
512,119,standing,2021-05-07 15:58:38.119,2021-05-07 15:58:40.099,0.021,2,2,0.9075349,7.572902e-05,0.08980822,0.9075349,0.0025811933
512,120,walking,2021-05-07 15:58:40.200,2021-05-07 15:58:42.180,0.021,3,2,0.78271836,0.00025990777,0.037797157,0.78271836,0.1792246
512,120,walking,2021-05-07 15:58:41.200,2021-05-07 15:58:43.180,0.021,3,3,0.9617296,0.00013480418,0.0023229707,0.03581265,0.9617296
512,121,standing,2021-05-07 15:58:43.360,2021-05-07 15:58:45.340,0.021,2,2,0.8559448,0.00033885604,0.056057744,0.8559448,0.08765856
512,121,standing,2021-05-07 15:58:44.360,2021-05-07 15:58:46.340,0.021,2,2,0.8913342,0.00016856159,0.10080533,0.8913342,0.007691967
512,121,standing,2021-05-07 15:58:45.360,2021-05-07 15:58:47.340,0.021,2,2,0.8586214,0.00015876425,0.13760649,0.8586214,0.0036133644
512,121,standing,2021-05-07 15:58:46.360,2021-05-07 15:58:48.340,0.021,2,2,0.8634209,0.000122020494,0.13409922,0.8634209,0.00235784
512,121,standing,2021-05-07 15:58:47.360,2021-05-07 15:58:49.340,0.021,2,2,0.88043493,0.00013012195,0.11606058,0.88043493,0.0033742874
512,121,standing,2021-05-07 15:58:48.360,2021-05-07 15:58:50.340,0.021,2,2,0.89262193,0.00018203667,0.098747954,0.89262193,0.008448052
512,121,standing,2021-05-07 15:58:49.360,2021-05-07 15:58:51.340,0.021,2,2,0.90197605,0.00016827266,0.0888574,0.90197605,0.0089982115
512,121,standing,2021-05-07 15:58:50.360,2021-05-07 15:58:52.340,0.021,2,2,0.8853958,0.00011179554,0.11161138,0.8853958,0.0028808906
512,121,standing,2021-05-07 15:58:51.360,2021-05-07 15:58:53.340,0.021,2,2,0.8659101,8.0824764e-05,0.13283385,0.8659101,0.0011751923
512,121,standing,2021-05-07 15:58:52.360,2021-05-07 15:58:54.340,0.021,2,2,0.8955218,7.891865e-05,0.10250161,0.8955218,0.0018977063
512,125,standing,2021-05-07 15:58:57.959,2021-05-07 15:58:59.939,0.021,2,2,0.90214974,0.00010253353,0.09392331,0.90214974,0.0038244785
512,125,standing,2021-05-07 15:58:58.959,2021-05-07 15:59:00.940,0.021,2,2,0.8871419,9.649184e-05,0.11028462,0.8871419,0.0024771104
512,125,standing,2021-05-07 15:58:59.959,2021-05-07 15:59:01.940,0.021,2,2,0.8714071,9.568663e-05,0.12659164,0.8714071,0.0019056173
512,125,standing,2021-05-07 15:59:00.960,2021-05-07 15:59:02.940,0.021,2,2,0.855996,8.883327e-05,0.142526,0.855996,0.0013892264
512,125,standing,2021-05-07 15:59:01.960,2021-05-07 15:59:03.940,0.021,2,2,0.85163736,8.7030145e-05,0.14695877,0.85163736,0.001316864
512,125,standing,2021-05-07 15:59:02.960,2021-05-07 15:59:04.940,0.021,2,2,0.85445154,8.9099034e-05,0.14402552,0.85445154,0.0014338979
512,125,standing,2021-05-07 15:59:03.960,2021-05-07 15:59:05.940,0.021,2,2,0.8788039,0.00010067948,0.11856116,0.8788039,0.002534154
512,127,standing,2021-05-07 15:59:07.000,2021-05-07 15:59:08.979,0.021,2,2,0.8761968,0.00012393849,0.120666824,0.8761968,0.0030124148
512,127,standing,2021-05-07 15:59:08.000,2021-05-07 15:59:09.979,0.021,2,2,0.89900756,0.00012657957,0.09595319,0.89900756,0.0049126805
512,127,standing,2021-05-07 15:59:09.000,2021-05-07 15:59:10.979,0.021,2,2,0.9022762,0.000115463205,0.093029626,0.9022762,0.0045787375
512,127,standing,2021-05-07 15:59:10.000,2021-05-07 15:59:11.979,0.021,2,2,0.88141614,0.0001031458,0.116030686,0.88141614,0.002450096
512,127,standing,2021-05-07 15:59:11.000,2021-05-07 15:59:12.979,0.021,2,2,0.8690073,9.851134e-05,0.12904534,0.8690073,0.0018488792
512,127,standing,2021-05-07 15:59:12.000,2021-05-07 15:59:13.979,0.021,2,2,0.8880825,0.00010945634,0.1086817,0.8880825,0.0031264033
512,127,standing,2021-05-07 15:59:13.000,2021-05-07 15:59:14.979,0.021,2,2,0.8932415,9.9439625e-05,0.103757106,0.8932415,0.0029020358
512,127,standing,2021-05-07 15:59:14.000,2021-05-07 15:59:15.979,0.021,2,2,0.89455116,7.806797e-05,0.10329025,0.89455116,0.0020804878
512,127,standing,2021-05-07 15:59:15.000,2021-05-07 15:59:16.979,0.021,2,2,0.8986046,7.241785e-05,0.09919099,0.8986046,0.002131946
512,127,standing,2021-05-07 15:59:16.000,2021-05-07 15:59:17.979,0.021,2,2,0.8920056,7.77321e-05,0.10579114,0.8920056,0.0021253903
512,127,standing,2021-05-07 15:59:17.000,2021-05-07 15:59:18.979,0.021,2,2,0.87432253,8.4678664e-05,0.123928934,0.87432253,0.0016638889
512,127,standing,2021-05-07 15:59:18.000,2021-05-07 15:59:19.979,0.021,2,2,0.8835171,0.00010260086,0.11392853,0.8835171,0.00245167
512,127,standing,2021-05-07 15:59:19.000,2021-05-07 15:59:20.979,0.021,2,2,0.8938508,9.947595e-05,0.10312265,0.8938508,0.0029270835
512,127,standing,2021-05-07 15:59:20.000,2021-05-07 15:59:21.979,0.021,2,2,0.89046556,9.7516306e-05,0.10698812,0.89046556,0.0024488221
512,127,standing,2021-05-07 15:59:21.000,2021-05-07 15:59:22.979,0.021,2,2,0.88656336,0.00010169792,0.110870264,0.88656336,0.002464646
512,127,standing,2021-05-07 15:59:22.000,2021-05-07 15:59:23.979,0.021,2,2,0.8900106,0.000106783846,0.10693177,0.8900106,0.0029508397
512,127,standing,2021-05-07 15:59:23.000,2021-05-07 15:59:24.979,0.021,2,2,0.8979593,8.617112e-05,0.09932302,0.8979593,0.0026314466
512,127,standing,2021-05-07 15:59:24.000,2021-05-07 15:59:25.979,0.021,2,2,0.89024734,0.00010159422,0.10663165,0.89024734,0.0030193778
512,129,standing,2021-05-07 15:59:29.440,2021-05-07 15:59:31.420,0.021,2,2,0.93725073,0.000100770616,0.05144665,0.93725073,0.011201798
512,129,standing,2021-05-07 15:59:30.440,2021-05-07 15:59:32.419,0.021,2,2,0.9363315,9.9310935e-05,0.05095466,0.9363315,0.012614397
512,129,standing,2021-05-07 15:59:31.440,2021-05-07 15:59:33.419,0.021,2,2,0.91455257,9.8899436e-05,0.080483675,0.91455257,0.00486481
512,129,standing,2021-05-07 15:59:32.439,2021-05-07 15:59:34.419,0.021,2,2,0.9056014,8.488381e-05,0.09114296,0.9056014,0.003170718
512,129,standing,2021-05-07 15:59:33.439,2021-05-07 15:59:35.419,0.021,2,2,0.92603475,9.692496e-05,0.06625133,0.92603475,0.007617045
512,129,standing,2021-05-07 15:59:34.439,2021-05-07 15:59:36.419,0.021,2,2,0.9326919,0.00010010847,0.05679214,0.9326919,0.01041591
512,129,standing,2021-05-07 15:59:35.439,2021-05-07 15:59:37.419,0.021,2,2,0.9242462,0.00014510828,0.04919575,0.9242462,0.02641288
512,129,standing,2021-05-07 15:59:36.439,2021-05-07 15:59:38.419,0.021,2,2,0.9241182,0.00013515224,0.047275234,0.9241182,0.028471427
512,129,standing,2021-05-07 15:59:37.439,2021-05-07 15:59:39.419,0.021,2,2,0.9280596,0.000112456386,0.057419445,0.9280596,0.014408558
512,130,walking,2021-05-07 15:59:40.000,2021-05-07 15:59:41.979,0.021,3,3,0.504924,0.0006430515,0.03504348,0.45938945,0.504924
512,133,walking,2021-05-07 15:59:43.720,2021-05-07 15:59:45.700,0.021,3,3,0.8630293,0.00042868033,0.011224219,0.12531786,0.8630293
512,133,walking,2021-05-07 15:59:44.720,2021-05-07 15:59:46.700,0.021,3,3,0.595693,0.000609004,0.027890215,0.37580764,0.595693
512,133,walking,2021-05-07 15:59:45.720,2021-05-07 15:59:47.700,0.021,3,3,0.8416432,0.00033070456,0.008128519,0.14989762,0.8416432
512,133,walking,2021-05-07 15:59:46.720,2021-05-07 15:59:48.700,0.021,3,3,0.9897352,7.606277e-05,0.00062109315,0.009567571,0.9897352
512,133,walking,2021-05-07 15:59:47.720,2021-05-07 15:59:49.700,0.021,3,3,0.9838644,7.224127e-05,0.0007648155,0.015298513,0.9838644
512,138,walking,2021-05-07 15:59:53.720,2021-05-07 15:59:55.700,0.021,3,3,0.97128475,7.9751364e-05,0.000831653,0.027803898,0.97128475
512,138,walking,2021-05-07 15:59:54.720,2021-05-07 15:59:56.700,0.021,3,3,0.9935595,3.759255e-05,0.0002642018,0.0061386856,0.9935595
512,144,standing,2021-05-07 16:00:02.599,2021-05-07 16:00:04.579,0.021,2,2,0.7663444,0.00025018022,0.22603974,0.7663444,0.007365656
512,145,walking,2021-05-07 16:00:05.000,2021-05-07 16:00:06.980,0.021,3,3,0.9980009,1.7653061e-05,7.0338836e-05,0.0019111336,0.9980009
512,145,walking,2021-05-07 16:00:06.000,2021-05-07 16:00:07.980,0.021,3,3,0.9995014,4.8585816e-06,1.168166e-05,0.00048206295,0.9995014
512,145,walking,2021-05-07 16:00:07.000,2021-05-07 16:00:08.979,0.021,3,3,0.99989945,3.921374e-06,4.9138866e-06,9.170353e-05,0.99989945
512,145,walking,2021-05-07 16:00:08.000,2021-05-07 16:00:09.979,0.021,3,3,0.9999929,2.675605e-07,1.9089255e-07,6.5170725e-06,0.9999929
512,146,standing,2021-05-07 16:01:03.319,2021-05-07 16:01:05.300,0.021,2,3,0.90158963,0.00031787233,0.0047282306,0.093364194,0.90158963
512,148,standing,2021-05-07 16:01:06.159,2021-05-07 16:01:08.140,0.021,2,2,0.91988766,0.00012348068,0.04025809,0.91988766,0.039730705
512,148,standing,2021-05-07 16:01:07.159,2021-05-07 16:01:09.140,0.021,2,2,0.9292429,0.00010305005,0.043527707,0.9292429,0.02712627
512,148,standing,2021-05-07 16:01:08.159,2021-05-07 16:01:10.140,0.021,2,2,0.9406341,6.2926454e-05,0.046676382,0.9406341,0.012626654
512,149,standing,2021-05-07 16:01:21.000,2021-05-07 16:01:22.979,0.021,2,2,0.9151348,0.00012876675,0.05727316,0.9151348,0.027463313
512,149,standing,2021-05-07 16:01:22.000,2021-05-07 16:01:23.979,0.021,2,2,0.93595403,0.000102561964,0.044550814,0.93595403,0.019392567
512,149,standing,2021-05-07 16:01:23.000,2021-05-07 16:01:24.979,0.021,2,3,0.86672044,0.00015983275,0.0040060445,0.1291136,0.86672044
512,149,standing,2021-05-07 16:01:24.000,2021-05-07 16:01:25.979,0.021,2,3,0.9624769,0.00016835367,0.0027776225,0.034577124,0.9624769
512,149,standing,2021-05-07 16:01:25.000,2021-05-07 16:01:26.979,0.021,2,3,0.9453033,0.0004298677,0.0053656655,0.04890124,0.9453033
512,149,standing,2021-05-07 16:01:26.000,2021-05-07 16:01:27.979,0.021,2,3,0.99846166,6.541605e-05,0.00014234196,0.0013305903,0.99846166
512,149,standing,2021-05-07 16:01:27.000,2021-05-07 16:01:28.979,0.021,2,3,0.999996,2.4358997e-07,6.077003e-08,3.6241615e-06,0.999996
512,149,standing,2021-05-07 16:01:28.000,2021-05-07 16:01:29.979,0.021,2,3,0.9995556,6.5851737e-06,1.7458204e-05,0.00042044668,0.9995556
512,149,standing,2021-05-07 16:01:29.000,2021-05-07 16:01:30.979,0.021,2,3,0.8832218,0.0003184935,0.012240687,0.10421893,0.8832218
512,149,standing,2021-05-07 16:01:30.000,2021-05-07 16:01:31.979,0.021,2,3,0.60324246,0.00041716598,0.04043719,0.3559032,0.60324246
512,149,standing,2021-05-07 16:01:31.000,2021-05-07 16:01:32.979,0.021,2,3,0.533148,0.00045246579,0.037381895,0.4290177,0.533148
512,149,standing,2021-05-07 16:01:32.000,2021-05-07 16:01:33.979,0.021,2,2,0.8306679,0.00027957238,0.05021057,0.8306679,0.118841924
512,149,standing,2021-05-07 16:01:33.000,2021-05-07 16:01:34.979,0.021,2,2,0.9109521,0.00014715143,0.062247153,0.9109521,0.026653599
512,149,standing,2021-05-07 16:01:34.000,2021-05-07 16:01:35.979,0.021,2,2,0.91042805,0.00014932804,0.047285162,0.91042805,0.042137567
512,149,standing,2021-05-07 16:01:35.000,2021-05-07 16:01:36.979,0.021,2,2,0.8666989,0.00015151578,0.031514104,0.8666989,0.10163545
512,149,standing,2021-05-07 16:01:36.000,2021-05-07 16:01:37.979,0.021,2,2,0.9192244,0.00012326686,0.045724753,0.9192244,0.034927655
512,149,standing,2021-05-07 16:01:37.000,2021-05-07 16:01:38.979,0.021,2,2,0.84297943,0.0001927482,0.037119083,0.84297943,0.11970869
512,149,standing,2021-05-07 16:01:38.000,2021-05-07 16:01:39.979,0.021,2,2,0.86243737,0.00020152456,0.042024486,0.86243737,0.0953366
512,149,standing,2021-05-07 16:01:39.000,2021-05-07 16:01:40.979,0.021,2,2,0.81033736,0.0002013786,0.028169857,0.81033736,0.16129136
512,149,standing,2021-05-07 16:01:40.000,2021-05-07 16:01:41.979,0.021,2,2,0.5488446,0.00022304374,0.0146890115,0.5488446,0.43624324
512,149,standing,2021-05-07 16:01:41.000,2021-05-07 16:01:42.979,0.021,2,2,0.9063848,0.00015567143,0.058837883,0.9063848,0.034621608
512,149,standing,2021-05-07 16:01:42.000,2021-05-07 16:01:43.979,0.021,2,2,0.90082526,7.752058e-05,0.09506191,0.90082526,0.0040352647
512,149,standing,2021-05-07 16:01:43.000,2021-05-07 16:01:44.979,0.021,2,2,0.91171336,8.637642e-05,0.08156587,0.91171336,0.0066344184
512,149,standing,2021-05-07 16:01:44.000,2021-05-07 16:01:45.979,0.021,2,2,0.9187504,9.240683e-05,0.07215788,0.9187504,0.008999308
512,149,standing,2021-05-07 16:01:45.000,2021-05-07 16:01:46.979,0.021,2,2,0.91922677,7.799419e-05,0.0746329,0.91922677,0.006062313
512,149,standing,2021-05-07 16:01:46.000,2021-05-07 16:01:47.979,0.021,2,2,0.92384106,6.4061715e-05,0.070887886,0.92384106,0.0052070133
512,149,standing,2021-05-07 16:01:47.000,2021-05-07 16:01:48.979,0.021,2,2,0.93587786,6.0341135e-05,0.055965286,0.93587786,0.008096506
512,149,standing,2021-05-07 16:01:48.000,2021-05-07 16:01:49.979,0.021,2,2,0.93451506,7.218411e-05,0.054597184,0.93451506,0.010815456
512,149,standing,2021-05-07 16:01:49.000,2021-05-07 16:01:50.979,0.021,2,2,0.9304609,0.000106408595,0.042353593,0.9304609,0.027079104
512,149,standing,2021-05-07 16:01:50.000,2021-05-07 16:01:51.979,0.021,2,2,0.91903406,0.00012929481,0.041533764,0.91903406,0.039302878
512,149,standing,2021-05-07 16:01:51.000,2021-05-07 16:01:52.979,0.021,2,2,0.92783207,0.00010905604,0.052194748,0.92783207,0.01986408
512,149,standing,2021-05-07 16:01:52.000,2021-05-07 16:01:53.979,0.021,2,2,0.9267313,0.00011282443,0.046473514,0.9267313,0.026682353
512,149,standing,2021-05-07 16:01:53.000,2021-05-07 16:01:54.979,0.021,2,2,0.92706096,0.00012704101,0.049555577,0.92706096,0.023256442
512,151,standing,2021-05-07 16:01:57.959,2021-05-07 16:01:59.939,0.021,2,2,0.91582716,0.00010437471,0.07552849,0.91582716,0.008539908
512,151,standing,2021-05-07 16:01:58.959,2021-05-07 16:02:00.940,0.021,2,2,0.92660207,5.628439e-05,0.06945394,0.92660207,0.003887701
512,151,standing,2021-05-07 16:01:59.959,2021-05-07 16:02:01.940,0.021,2,2,0.9382906,4.6573565e-05,0.05663162,0.9382906,0.005031099
512,151,standing,2021-05-07 16:02:00.960,2021-05-07 16:02:02.940,0.021,2,2,0.9344144,4.501762e-05,0.06143883,0.9344144,0.004101701
512,151,standing,2021-05-07 16:02:01.960,2021-05-07 16:02:03.940,0.021,2,2,0.9424907,5.6914338e-05,0.048730675,0.9424907,0.008721711
512,151,standing,2021-05-07 16:02:02.960,2021-05-07 16:02:04.940,0.021,2,2,0.9461189,5.6085093e-05,0.041591555,0.9461189,0.0122334175
512,151,standing,2021-05-07 16:02:03.960,2021-05-07 16:02:05.940,0.021,2,2,0.9414626,5.8711947e-05,0.04573318,0.9414626,0.012745497
512,151,standing,2021-05-07 16:02:04.960,2021-05-07 16:02:06.940,0.021,2,2,0.91269946,0.00010600936,0.0366079,0.91269946,0.05058667
512,151,standing,2021-05-07 16:02:05.960,2021-05-07 16:02:07.940,0.021,2,2,0.8985519,0.00014203243,0.038569946,0.8985519,0.06273615
512,151,standing,2021-05-07 16:02:06.960,2021-05-07 16:02:08.940,0.021,2,2,0.93332535,7.939482e-05,0.056285337,0.93332535,0.010309926
512,151,standing,2021-05-07 16:02:07.960,2021-05-07 16:02:09.940,0.021,2,2,0.9397817,4.533311e-05,0.05497366,0.9397817,0.00519936
512,151,standing,2021-05-07 16:02:08.960,2021-05-07 16:02:10.940,0.021,2,2,0.94500756,4.243552e-05,0.04824751,0.94500756,0.0067023914
512,151,standing,2021-05-07 16:02:09.960,2021-05-07 16:02:11.940,0.021,2,2,0.94676584,3.9146005e-05,0.046748426,0.94676584,0.006446605
512,151,standing,2021-05-07 16:02:10.960,2021-05-07 16:02:12.940,0.021,2,2,0.94372874,3.416922e-05,0.052115973,0.94372874,0.0041211867
512,151,standing,2021-05-07 16:02:11.960,2021-05-07 16:02:13.940,0.021,2,2,0.9367908,4.3158485e-05,0.059076793,0.9367908,0.004089216
512,151,standing,2021-05-07 16:02:12.960,2021-05-07 16:02:14.940,0.021,2,2,0.9277849,6.446699e-05,0.06699331,0.9277849,0.0051571876
512,151,standing,2021-05-07 16:02:13.960,2021-05-07 16:02:15.940,0.021,2,2,0.9202764,0.000117460906,0.035405945,0.9202764,0.044200107
512,152,walking,2021-05-07 16:02:16.159,2021-05-07 16:02:18.139,0.021,3,3,0.97994834,0.00021952616,0.002357092,0.017474983,0.97994834
512,152,walking,2021-05-07 16:02:17.159,2021-05-07 16:02:19.139,0.021,3,3,0.96373224,0.00028160098,0.0035403299,0.032445844,0.96373224
512,156,standing,2021-05-07 16:02:23.280,2021-05-07 16:02:25.260,0.021,2,2,0.9316602,9.8519165e-05,0.05829701,0.9316602,0.009944316
512,157,walking,2021-05-07 16:02:26.119,2021-05-07 16:02:28.100,0.021,3,3,0.99762857,3.8479466e-05,0.00018602407,0.0021468492,0.99762857
512,157,walking,2021-05-07 16:02:27.119,2021-05-07 16:02:29.100,0.021,3,3,0.9991628,2.1766964e-05,0.000121136676,0.0006943181,0.9991628
512,160,walking,2021-05-07 16:02:32.159,2021-05-07 16:02:34.139,0.021,3,3,0.99674535,7.689494e-05,0.00024569288,0.0029321015,0.99674535
512,165,standing,2021-05-07 16:02:40.840,2021-05-07 16:02:42.819,0.021,2,2,0.9080207,0.0001275494,0.08381188,0.9080207,0.008039962
512,165,standing,2021-05-07 16:02:41.840,2021-05-07 16:02:43.819,0.021,2,2,0.91850597,9.4120005e-05,0.07527267,0.91850597,0.006127266
512,165,standing,2021-05-07 16:02:42.840,2021-05-07 16:02:44.819,0.021,2,2,0.90030134,0.00010561102,0.09516361,0.90030134,0.0044294884
512,165,standing,2021-05-07 16:02:43.840,2021-05-07 16:02:45.819,0.021,2,2,0.89847803,0.00014063684,0.094696924,0.89847803,0.00668435
512,165,standing,2021-05-07 16:02:44.840,2021-05-07 16:02:46.819,0.021,2,2,0.9073113,0.0001583857,0.08067697,0.9073113,0.011853359
512,165,standing,2021-05-07 16:02:45.840,2021-05-07 16:02:47.819,0.021,2,2,0.9243277,0.0001238249,0.057661027,0.9243277,0.017887536
512,166,walking,2021-05-07 16:02:48.680,2021-05-07 16:02:50.659,0.021,3,3,0.99339575,2.872763e-05,0.00021823641,0.006357338,0.99339575
512,166,walking,2021-05-07 16:02:49.680,2021-05-07 16:02:51.659,0.021,3,3,0.99998444,2.3808698e-07,3.131798e-07,1.4890127e-05,0.99998444
512,166,walking,2021-05-07 16:02:50.680,2021-05-07 16:02:52.659,0.021,3,3,0.99999756,6.260477e-08,4.8829698e-08,2.326277e-06,0.99999756
512,166,walking,2021-05-07 16:02:51.680,2021-05-07 16:02:53.659,0.021,3,3,0.999983,5.941416e-07,5.5186337e-07,1.5815058e-05,0.999983
512,166,walking,2021-05-07 16:02:52.680,2021-05-07 16:02:54.659,0.021,3,3,0.99996346,3.8364053e-07,4.8202435e-07,3.5562593e-05,0.99996346
512,166,walking,2021-05-07 16:02:53.680,2021-05-07 16:02:55.659,0.021,3,3,0.9997343,1.714023e-06,4.386916e-06,0.0002595424,0.9997343
512,166,walking,2021-05-07 16:02:54.680,2021-05-07 16:02:56.659,0.021,3,3,0.9999524,8.397257e-07,9.706872e-07,4.57049e-05,0.9999524
512,166,walking,2021-05-07 16:02:55.680,2021-05-07 16:02:57.659,0.021,3,3,0.9999104,1.0536742e-06,1.4373436e-06,8.6987624e-05,0.9999104
512,166,walking,2021-05-07 16:02:56.680,2021-05-07 16:02:58.659,0.021,3,3,0.99729985,1.7161297e-05,7.55453e-05,0.0026074578,0.99729985
512,166,walking,2021-05-07 16:02:57.680,2021-05-07 16:02:59.659,0.021,3,3,0.9997467,1.729568e-06,4.4781864e-06,0.00024707228,0.9997467
512,166,walking,2021-05-07 16:02:58.680,2021-05-07 16:03:00.660,0.021,3,3,0.99974966,2.5333047e-06,4.589476e-06,0.00024311866,0.99974966
512,166,walking,2021-05-07 16:02:59.680,2021-05-07 16:03:01.660,0.021,3,3,0.9999817,1.8000243e-07,1.82941e-07,1.7927196e-05,0.9999817
512,166,walking,2021-05-07 16:03:00.680,2021-05-07 16:03:02.660,0.021,3,3,0.99997133,3.6721795e-07,6.0910133e-07,2.7656195e-05,0.99997133
512,166,walking,2021-05-07 16:03:01.680,2021-05-07 16:03:03.660,0.021,3,3,0.999886,1.4201488e-06,2.9925957e-06,0.00010949786,0.999886
512,166,walking,2021-05-07 16:03:02.680,2021-05-07 16:03:04.659,0.021,3,3,0.99988407,6.1942444e-07,1.0122252e-06,0.000114277704,0.99988407
512,166,walking,2021-05-07 16:03:03.680,2021-05-07 16:03:05.659,0.021,3,3,0.99790114,1.4860056e-05,5.8954767e-05,0.002025048,0.99790114
512,166,walking,2021-05-07 16:03:04.680,2021-05-07 16:03:06.659,0.021,3,3,0.999989,1.9007959e-07,2.0537848e-07,1.0617709e-05,0.999989
512,166,walking,2021-05-07 16:03:05.680,2021-05-07 16:03:07.659,0.021,3,3,0.9997119,2.7621306e-06,6.5204126e-06,0.0002787418,0.9997119
512,166,walking,2021-05-07 16:03:06.680,2021-05-07 16:03:08.659,0.021,3,3,0.99981713,3.2054309e-06,6.5165673e-06,0.00017311572,0.99981713
512,166,walking,2021-05-07 16:03:07.680,2021-05-07 16:03:09.659,0.021,3,3,0.9999445,8.3527044e-07,1.668429e-06,5.2927007e-05,0.9999445
512,166,walking,2021-05-07 16:03:08.680,2021-05-07 16:03:10.659,0.021,3,3,0.9982118,1.5432359e-05,7.422127e-05,0.0016985093,0.9982118
512,166,walking,2021-05-07 16:03:09.680,2021-05-07 16:03:11.659,0.021,3,3,0.9997448,4.8700413e-06,1.5710719e-05,0.00023456424,0.9997448
512,166,walking,2021-05-07 16:03:10.680,2021-05-07 16:03:12.659,0.021,3,3,0.99999255,1.9246784e-07,2.3750201e-07,6.94323e-06,0.99999255
512,166,walking,2021-05-07 16:03:11.680,2021-05-07 16:03:13.659,0.021,3,3,0.99992424,6.7835407e-07,1.4823413e-06,7.356908e-05,0.99992424
512,166,walking,2021-05-07 16:03:12.680,2021-05-07 16:03:14.659,0.021,3,3,0.9975021,1.063505e-05,6.006824e-05,0.002427194,0.9975021
512,166,walking,2021-05-07 16:03:13.680,2021-05-07 16:03:15.659,0.021,3,3,0.9984913,7.8268085e-06,3.3308013e-05,0.0014675646,0.9984913
512,166,walking,2021-05-07 16:03:14.680,2021-05-07 16:03:16.659,0.021,3,3,0.9977287,7.727483e-06,3.8328144e-05,0.0022252528,0.9977287
512,166,walking,2021-05-07 16:03:15.680,2021-05-07 16:03:17.659,0.021,3,3,0.9989678,7.1185746e-06,2.8614628e-05,0.0009964354,0.9989678
512,166,walking,2021-05-07 16:03:16.680,2021-05-07 16:03:18.659,0.021,3,3,0.99995035,7.4946746e-07,1.1784911e-06,4.7662277e-05,0.99995035
512,166,walking,2021-05-07 16:03:17.680,2021-05-07 16:03:19.659,0.021,3,3,0.9999972,6.1165245e-08,3.9712415e-08,2.6938321e-06,0.9999972
512,166,walking,2021-05-07 16:03:18.680,2021-05-07 16:03:20.659,0.021,3,3,0.9993675,7.667353e-06,2.2495129e-05,0.0006023291,0.9993675
512,166,walking,2021-05-07 16:03:19.680,2021-05-07 16:03:21.659,0.021,3,3,0.9999104,7.292966e-07,1.4157872e-06,8.734582e-05,0.9999104
512,166,walking,2021-05-07 16:03:20.680,2021-05-07 16:03:22.659,0.021,3,3,0.99993175,7.137995e-07,1.2367318e-06,6.627758e-05,0.99993175
512,166,walking,2021-05-07 16:03:21.680,2021-05-07 16:03:23.659,0.021,3,3,0.99987173,2.57091e-06,5.754978e-06,0.000119903605,0.99987173
512,166,walking,2021-05-07 16:03:22.680,2021-05-07 16:03:24.659,0.021,3,3,0.99997467,3.9474335e-07,6.590363e-07,2.4243158e-05,0.99997467
512,166,walking,2021-05-07 16:03:23.680,2021-05-07 16:03:25.659,0.021,3,3,0.99976087,2.529473e-06,5.9231575e-06,0.00023076868,0.99976087
512,166,walking,2021-05-07 16:03:24.680,2021-05-07 16:03:26.659,0.021,3,3,0.9978756,2.1264583e-05,9.990276e-05,0.0020033098,0.9978756
512,167,standing,2021-05-07 16:03:27.440,2021-05-07 16:03:29.420,0.021,2,2,0.8984576,0.00015447557,0.060231596,0.8984576,0.04115633
512,169,standing,2021-05-07 16:03:30.319,2021-05-07 16:03:32.299,0.021,2,2,0.8143413,0.00036602796,0.060654376,0.8143413,0.12463833
512,169,standing,2021-05-07 16:03:31.319,2021-05-07 16:03:33.299,0.021,2,2,0.86521125,0.00029992702,0.06951992,0.86521125,0.06496894
512,173,walking,2021-05-07 16:03:38.360,2021-05-07 16:03:40.340,0.021,3,3,0.99510545,1.9157747e-05,0.00014078275,0.0047346004,0.99510545
512,173,walking,2021-05-07 16:03:39.360,2021-05-07 16:03:41.340,0.021,3,3,0.9966786,2.591043e-05,0.0001433983,0.0031521358,0.9966786
512,173,walking,2021-05-07 16:03:40.360,2021-05-07 16:03:42.340,0.021,3,3,0.99973845,2.8066097e-06,7.4165364e-06,0.00025129656,0.99973845
512,173,walking,2021-05-07 16:03:41.360,2021-05-07 16:03:43.340,0.021,3,3,0.9997759,1.7980386e-06,4.567237e-06,0.00021773686,0.9997759
512,173,walking,2021-05-07 16:03:42.360,2021-05-07 16:03:44.340,0.021,3,3,0.9973311,2.1138509e-05,0.00010364985,0.0025440878,0.9973311
512,173,walking,2021-05-07 16:03:43.360,2021-05-07 16:03:45.340,0.021,3,3,0.9999786,3.5757589e-07,4.6734723e-07,2.0515947e-05,0.9999786
512,173,walking,2021-05-07 16:03:44.360,2021-05-07 16:03:46.340,0.021,3,3,0.99998575,1.5181786e-07,1.6629227e-07,1.3851454e-05,0.99998575
512,173,walking,2021-05-07 16:03:45.360,2021-05-07 16:03:47.340,0.021,3,3,0.99959964,4.2253373e-06,1.3755987e-05,0.0003823315,0.99959964
512,173,walking,2021-05-07 16:03:46.360,2021-05-07 16:03:48.340,0.021,3,3,0.9999557,7.812141e-07,1.5292952e-06,4.188331e-05,0.9999557
512,173,walking,2021-05-07 16:03:47.360,2021-05-07 16:03:49.340,0.021,3,3,0.9998811,1.6394786e-06,3.4360764e-06,0.00011371118,0.9998811
512,173,walking,2021-05-07 16:03:48.360,2021-05-07 16:03:50.340,0.021,3,3,0.99874616,9.250409e-06,4.219015e-05,0.0012024015,0.99874616
512,173,walking,2021-05-07 16:03:49.360,2021-05-07 16:03:51.340,0.021,3,3,0.99926794,4.8191537e-06,2.0049614e-05,0.0007070945,0.99926794
512,173,walking,2021-05-07 16:03:50.360,2021-05-07 16:03:52.340,0.021,3,3,0.99675953,2.731285e-05,9.878337e-05,0.0031143997,0.99675953
512,173,walking,2021-05-07 16:03:51.360,2021-05-07 16:03:53.340,0.021,3,3,0.9999004,8.696194e-07,1.4404345e-06,9.725809e-05,0.9999004
512,173,walking,2021-05-07 16:03:52.360,2021-05-07 16:03:54.340,0.021,3,3,0.9999792,2.8438205e-07,3.4783852e-07,2.0165668e-05,0.9999792
512,173,walking,2021-05-07 16:03:53.360,2021-05-07 16:03:55.340,0.021,3,3,0.999947,1.1436678e-06,1.5936083e-06,5.0210052e-05,0.999947
512,173,walking,2021-05-07 16:03:54.360,2021-05-07 16:03:56.340,0.021,3,3,0.99981,1.7033161e-06,3.581392e-06,0.00018486133,0.99981
512,175,walking,2021-05-07 16:03:58.040,2021-05-07 16:04:00.019,0.021,3,3,0.9992692,5.5879623e-06,1.9358788e-05,0.0007058924,0.9992692
512,175,walking,2021-05-07 16:03:59.040,2021-05-07 16:04:01.019,0.021,3,3,0.9992724,6.4597875e-06,2.3608964e-05,0.0006974921,0.9992724
512,175,walking,2021-05-07 16:04:00.039,2021-05-07 16:04:02.019,0.021,3,3,0.999901,1.5304604e-06,3.7294412e-06,9.364828e-05,0.999901
512,175,walking,2021-05-07 16:04:01.039,2021-05-07 16:04:03.019,0.021,3,3,0.99996907,7.643913e-07,7.5026173e-07,2.933375e-05,0.99996907
512,175,walking,2021-05-07 16:04:02.039,2021-05-07 16:04:04.019,0.021,3,3,0.9999854,3.2217284e-07,3.5335376e-07,1.3826677e-05,0.9999854
512,175,walking,2021-05-07 16:04:03.039,2021-05-07 16:04:05.019,0.021,3,3,0.9999605,9.048848e-07,1.3832101e-06,3.7128364e-05,0.9999605
512,175,walking,2021-05-07 16:04:04.039,2021-05-07 16:04:06.019,0.021,3,3,0.9998968,1.6683367e-06,2.260536e-06,9.914837e-05,0.9998968
512,175,walking,2021-05-07 16:04:05.039,2021-05-07 16:04:07.019,0.021,3,3,0.9996142,1.7801616e-06,3.9579077e-06,0.00038014018,0.9996142
512,175,walking,2021-05-07 16:04:06.039,2021-05-07 16:04:08.020,0.021,3,3,0.9842201,5.4942073e-05,0.00042405585,0.015300883,0.9842201
512,175,walking,2021-05-07 16:04:07.039,2021-05-07 16:04:09.020,0.021,3,3,0.99712366,2.7963888e-05,0.000122024576,0.0027262885,0.99712366
512,175,walking,2021-05-07 16:04:08.039,2021-05-07 16:04:10.020,0.021,3,3,0.9967635,3.9970528e-05,0.00017750227,0.0030189517,0.9967635
512,175,walking,2021-05-07 16:04:09.039,2021-05-07 16:04:11.020,0.021,3,3,0.9956113,5.1861847e-05,0.000326219,0.0040105213,0.9956113
512,175,walking,2021-05-07 16:04:10.039,2021-05-07 16:04:12.020,0.021,3,3,0.99649125,2.9514147e-05,0.00018231384,0.0032968805,0.99649125
512,175,walking,2021-05-07 16:04:11.039,2021-05-07 16:04:13.020,0.021,3,3,0.9988695,2.1368114e-05,9.537843e-05,0.0010136975,0.9988695
512,176,standing,2021-05-07 16:04:13.880,2021-05-07 16:04:15.859,0.021,2,2,0.9215541,0.00011619122,0.064849876,0.9215541,0.013479908
512,176,standing,2021-05-07 16:04:14.880,2021-05-07 16:04:16.860,0.021,2,2,0.913987,9.193133e-05,0.07849069,0.913987,0.00743046
512,176,standing,2021-05-07 16:04:15.880,2021-05-07 16:04:17.860,0.021,2,2,0.90626734,0.00010095997,0.087017015,0.90626734,0.0066146734
512,176,standing,2021-05-07 16:04:16.880,2021-05-07 16:04:18.860,0.021,2,2,0.9203634,8.843851e-05,0.07144392,0.9203634,0.00810429
512,177,walking,2021-05-07 16:04:19.360,2021-05-07 16:04:21.340,0.021,3,3,0.99884516,5.98492e-06,2.685531e-05,0.0011220939,0.99884516
512,179,walking,2021-05-07 16:04:22.479,2021-05-07 16:04:24.459,0.021,3,3,0.9979123,2.036571e-05,9.258711e-05,0.001974718,0.9979123
512,179,walking,2021-05-07 16:04:23.479,2021-05-07 16:04:25.459,0.021,3,3,0.99998957,3.4597457e-07,3.0815224e-07,9.682635e-06,0.99998957
512,179,walking,2021-05-07 16:04:24.479,2021-05-07 16:04:26.459,0.021,3,3,0.9997232,4.3139976e-06,1.1525671e-05,0.00026091438,0.9997232
512,179,walking,2021-05-07 16:04:25.479,2021-05-07 16:04:27.459,0.021,3,3,0.7994875,0.000407333,0.014258577,0.18584663,0.7994875
512,183,walking,2021-05-07 16:04:30.959,2021-05-07 16:04:32.939,0.021,3,3,0.9982144,1.0923565e-05,6.6167035e-05,0.0017085962,0.9982144
512,183,walking,2021-05-07 16:04:31.959,2021-05-07 16:04:33.939,0.021,3,3,0.99954057,1.0602661e-05,2.6677973e-05,0.00042212475,0.99954057
512,183,walking,2021-05-07 16:04:32.959,2021-05-07 16:04:34.939,0.021,3,3,0.99991256,3.817788e-06,5.7094558e-06,7.7866796e-05,0.99991256
512,185,walking,2021-05-07 16:04:36.599,2021-05-07 16:04:38.580,0.021,3,3,0.98244387,3.4211396e-05,0.00032866988,0.01719328,0.98244387
512,185,walking,2021-05-07 16:04:37.599,2021-05-07 16:04:39.580,0.021,3,3,0.99052423,3.1460317e-05,0.0002608009,0.009183485,0.99052423
512,185,walking,2021-05-07 16:04:38.599,2021-05-07 16:04:40.580,0.021,3,3,0.9952842,1.8683508e-05,0.000106877735,0.004590247,0.9952842
512,185,walking,2021-05-07 16:04:39.599,2021-05-07 16:04:41.580,0.021,3,3,0.99895686,6.6372695e-06,2.068224e-05,0.0010157148,0.99895686
512,188,standing,2021-05-07 16:04:43.599,2021-05-07 16:04:45.580,0.021,2,2,0.8989689,0.00012995531,0.089740045,0.8989689,0.011161206
512,191,walking,2021-05-07 16:04:47.080,2021-05-07 16:04:49.060,0.021,3,3,0.996513,1.1971545e-05,6.485781e-05,0.003410067,0.996513
512,191,walking,2021-05-07 16:04:48.080,2021-05-07 16:04:50.060,0.021,3,3,0.9959991,1.5139066e-05,8.658788e-05,0.0038991738,0.9959991
512,191,walking,2021-05-07 16:04:49.080,2021-05-07 16:04:51.060,0.021,3,3,0.98905486,4.4265715e-05,0.0003347228,0.010566239,0.98905486
512,191,walking,2021-05-07 16:04:50.080,2021-05-07 16:04:52.060,0.021,3,3,0.9935722,2.620405e-05,0.00018123763,0.006220293,0.9935722
512,191,walking,2021-05-07 16:04:51.080,2021-05-07 16:04:53.060,0.021,3,3,0.98999286,2.8873972e-05,0.00024429642,0.00973408,0.98999286
512,191,walking,2021-05-07 16:04:52.080,2021-05-07 16:04:54.060,0.021,3,3,0.9980364,9.679773e-06,5.3106098e-05,0.0019008025,0.9980364
512,191,walking,2021-05-07 16:04:53.080,2021-05-07 16:04:55.060,0.021,3,3,0.99459076,2.0040008e-05,0.00013535787,0.0052538035,0.99459076
512,191,walking,2021-05-07 16:04:54.080,2021-05-07 16:04:56.060,0.021,3,3,0.9977287,8.669785e-06,4.120925e-05,0.002221538,0.9977287
512,191,walking,2021-05-07 16:04:55.080,2021-05-07 16:04:57.060,0.021,3,3,0.9975873,8.739928e-06,4.8563186e-05,0.002355431,0.9975873
512,191,walking,2021-05-07 16:04:56.080,2021-05-07 16:04:58.060,0.021,3,3,0.988891,3.5521767e-05,0.00034515242,0.010728313,0.988891
512,191,walking,2021-05-07 16:04:57.080,2021-05-07 16:04:59.060,0.021,3,3,0.99064827,6.119467e-05,0.00045861615,0.008831947,0.99064827
512,191,walking,2021-05-07 16:04:58.080,2021-05-07 16:05:00.059,0.021,3,3,0.9649956,0.00011650841,0.0013871673,0.033500634,0.9649956
512,191,walking,2021-05-07 16:04:59.080,2021-05-07 16:05:01.059,0.021,3,3,0.9753346,6.0678172e-05,0.0007433953,0.02386133,0.9753346
512,193,standing,2021-05-07 16:05:03.200,2021-05-07 16:05:05.180,0.021,2,2,0.9029497,0.0001652804,0.084400356,0.9029497,0.012484751
512,195,walking,2021-05-07 16:05:06.440,2021-05-07 16:05:08.420,0.021,3,3,0.9968104,2.624942e-05,0.000121589954,0.0030418152,0.9968104
512,195,walking,2021-05-07 16:05:07.440,2021-05-07 16:05:09.420,0.021,3,3,0.9992596,6.5746403e-06,1.905582e-05,0.00071474875,0.9992596
512,195,walking,2021-05-07 16:05:08.440,2021-05-07 16:05:10.420,0.021,3,3,0.99981046,1.4483836e-06,3.016731e-06,0.00018516932,0.99981046
512,195,walking,2021-05-07 16:05:09.440,2021-05-07 16:05:11.420,0.021,3,3,0.9993708,4.8996308e-06,1.34932425e-05,0.0006107085,0.9993708
512,195,walking,2021-05-07 16:05:10.440,2021-05-07 16:05:12.420,0.021,3,3,0.9992911,7.6172955e-06,2.1157926e-05,0.00068008935,0.9992911
512,195,walking,2021-05-07 16:05:11.440,2021-05-07 16:05:13.420,0.021,3,3,0.9998805,1.2001482e-06,2.3016478e-06,0.00011589704,0.9998805
512,195,walking,2021-05-07 16:05:12.440,2021-05-07 16:05:14.420,0.021,3,3,0.9998906,9.2591847e-07,1.5477202e-06,0.00010688801,0.9998906
512,195,walking,2021-05-07 16:05:13.440,2021-05-07 16:05:15.420,0.021,3,3,0.9987508,8.137549e-06,2.5483898e-05,0.0012155938,0.9987508
512,195,walking,2021-05-07 16:05:14.440,2021-05-07 16:05:16.420,0.021,3,3,0.99713945,1.6108721e-05,8.356796e-05,0.0027608888,0.99713945
512,195,walking,2021-05-07 16:05:15.440,2021-05-07 16:05:17.420,0.021,3,3,0.9990788,6.7756046e-06,2.4234956e-05,0.00089027645,0.9990788
512,195,walking,2021-05-07 16:05:16.440,2021-05-07 16:05:18.420,0.021,3,3,0.99949807,1.8935671e-06,6.0396146e-06,0.000494077,0.99949807
512,195,walking,2021-05-07 16:05:17.440,2021-05-07 16:05:19.420,0.021,3,3,0.99965733,2.0454047e-06,5.680602e-06,0.00033492642,0.99965733
512,195,walking,2021-05-07 16:05:18.440,2021-05-07 16:05:20.420,0.021,3,3,0.9962246,1.8036997e-05,9.1367016e-05,0.0036660098,0.9962246
512,195,walking,2021-05-07 16:05:19.440,2021-05-07 16:05:21.420,0.021,3,3,0.9967073,1.7470273e-05,0.00010306514,0.0031721739,0.9967073
512,195,walking,2021-05-07 16:05:20.440,2021-05-07 16:05:22.420,0.021,3,3,0.99970186,2.4196509e-06,7.5504813e-06,0.00028804166,0.99970186
512,195,walking,2021-05-07 16:05:21.440,2021-05-07 16:05:23.420,0.021,3,3,0.9990181,4.430569e-06,1.5503128e-05,0.0009620339,0.9990181
512,195,walking,2021-05-07 16:05:22.440,2021-05-07 16:05:24.420,0.021,3,3,0.98911995,2.7860428e-05,0.00022086849,0.0106312875,0.98911995
512,195,walking,2021-05-07 16:05:23.440,2021-05-07 16:05:25.420,0.021,3,3,0.9941771,2.3085777e-05,0.00013321587,0.0056665656,0.9941771
512,195,walking,2021-05-07 16:05:24.440,2021-05-07 16:05:26.420,0.021,3,3,0.99813825,9.172678e-06,4.126487e-05,0.0018113359,0.99813825
512,195,walking,2021-05-07 16:05:25.440,2021-05-07 16:05:27.420,0.021,3,3,0.9999253,5.188775e-07,1.254229e-06,7.283607e-05,0.9999253
512,195,walking,2021-05-07 16:05:26.440,2021-05-07 16:05:28.420,0.021,3,3,0.9998152,1.3300574e-06,3.3929564e-06,0.00018001976,0.9998152
512,195,walking,2021-05-07 16:05:27.440,2021-05-07 16:05:29.420,0.021,3,3,0.9967197,2.2570925e-05,0.00013051351,0.0031272336,0.9967197
512,195,walking,2021-05-07 16:05:28.440,2021-05-07 16:05:30.420,0.021,3,3,0.9937112,5.5323122e-05,0.00040863635,0.0058249533,0.9937112
512,195,walking,2021-05-07 16:05:29.440,2021-05-07 16:05:31.420,0.021,3,3,0.97321534,0.000111277455,0.0011900719,0.025483375,0.97321534
512,195,walking,2021-05-07 16:05:30.440,2021-05-07 16:05:32.419,0.021,3,3,0.9813176,6.145867e-05,0.00061928586,0.018001704,0.9813176
512,195,walking,2021-05-07 16:05:31.440,2021-05-07 16:05:33.419,0.021,3,3,0.9995333,4.0560235e-06,1.2370722e-05,0.00045025558,0.9995333
512,195,walking,2021-05-07 16:05:32.439,2021-05-07 16:05:34.419,0.021,3,3,0.9997449,2.756877e-06,6.6088264e-06,0.00024571273,0.9997449
512,195,walking,2021-05-07 16:05:33.439,2021-05-07 16:05:35.419,0.021,3,3,0.9980634,1.4037219e-05,5.0177445e-05,0.0018723443,0.9980634
512,197,walking,2021-05-07 16:05:37.080,2021-05-07 16:05:39.060,0.021,3,3,0.99795145,2.0669484e-05,8.8623456e-05,0.0019393257,0.99795145
512,197,walking,2021-05-07 16:05:38.080,2021-05-07 16:05:40.060,0.021,3,3,0.9996973,3.187948e-06,6.1514625e-06,0.0002932392,0.9996973
512,197,walking,2021-05-07 16:05:39.080,2021-05-07 16:05:41.060,0.021,3,3,0.99984217,2.138524e-06,3.871488e-06,0.00015182511,0.99984217
512,197,walking,2021-05-07 16:05:40.080,2021-05-07 16:05:42.060,0.021,3,3,0.99972534,1.6980503e-06,4.749428e-06,0.00026816825,0.99972534
512,197,walking,2021-05-07 16:05:41.080,2021-05-07 16:05:43.060,0.021,3,3,0.9973493,1.14783625e-05,5.6802593e-05,0.0025822711,0.9973493
512,197,walking,2021-05-07 16:05:42.080,2021-05-07 16:05:44.060,0.021,3,3,0.9990708,8.173669e-06,3.3818873e-05,0.00088726665,0.9990708
512,197,walking,2021-05-07 16:05:43.080,2021-05-07 16:05:45.060,0.021,3,3,0.9967123,2.5920206e-05,0.00014405561,0.003117656,0.9967123
512,197,walking,2021-05-07 16:05:44.080,2021-05-07 16:05:46.060,0.021,3,3,0.99740124,1.43390835e-05,6.4697335e-05,0.002519592,0.99740124
512,197,walking,2021-05-07 16:05:45.080,2021-05-07 16:05:47.060,0.021,3,3,0.99812907,1.5546872e-05,5.509627e-05,0.0018003156,0.99812907
512,197,walking,2021-05-07 16:05:46.080,2021-05-07 16:05:48.060,0.021,3,3,0.9982694,3.060018e-05,0.00010571201,0.0015942404,0.9982694
512,197,walking,2021-05-07 16:05:47.080,2021-05-07 16:05:49.060,0.021,3,3,0.9989959,1.7611324e-05,6.442366e-05,0.00092197355,0.9989959
512,197,walking,2021-05-07 16:05:48.080,2021-05-07 16:05:50.060,0.021,3,3,0.9996726,8.857346e-06,2.0465277e-05,0.00029819045,0.9996726
512,197,walking,2021-05-07 16:05:49.080,2021-05-07 16:05:51.060,0.021,3,3,0.99985623,3.2245507e-06,6.5166664e-06,0.00013417401,0.99985623
512,197,walking,2021-05-07 16:05:50.080,2021-05-07 16:05:52.060,0.021,3,3,0.9988366,1.7986371e-05,7.38451e-05,0.0010715589,0.9988366
512,197,walking,2021-05-07 16:05:51.080,2021-05-07 16:05:53.060,0.021,3,3,0.99795717,2.3361386e-05,0.00012738419,0.0018919928,0.99795717
512,197,walking,2021-05-07 16:05:52.080,2021-05-07 16:05:54.060,0.021,3,3,0.9988009,1.525067e-05,6.858147e-05,0.0011153341,0.9988009
512,197,walking,2021-05-07 16:05:53.080,2021-05-07 16:05:55.060,0.021,3,3,0.99992555,1.3499747e-06,2.695695e-06,7.032496e-05,0.99992555
512,200,standing,2021-05-07 16:05:57.400,2021-05-07 16:05:59.380,0.021,2,2,0.7358101,0.00019945636,0.026299406,0.7358101,0.23769106
512,200,standing,2021-05-07 16:05:58.400,2021-05-07 16:06:00.380,0.021,2,2,0.7232041,0.00017200247,0.020490771,0.7232041,0.25613323
512,201,walking,2021-05-07 16:06:00.400,2021-05-07 16:06:02.380,0.021,3,3,0.999866,3.924127e-06,1.1379729e-05,0.0001186502,0.999866
512,201,walking,2021-05-07 16:06:01.400,2021-05-07 16:06:03.380,0.021,3,3,0.9999115,1.500279e-06,2.7480273e-06,8.414808e-05,0.9999115
512,201,walking,2021-05-07 16:06:02.400,2021-05-07 16:06:04.380,0.021,3,3,0.9986367,1.0029846e-05,4.4631135e-05,0.0013085853,0.9986367
512,201,walking,2021-05-07 16:06:03.400,2021-05-07 16:06:05.380,0.021,3,3,0.9908612,3.9120623e-05,0.00029444633,0.008805277,0.9908612
512,201,walking,2021-05-07 16:06:04.400,2021-05-07 16:06:06.380,0.021,3,3,0.9872973,3.4252054e-05,0.0002717496,0.01239671,0.9872973
512,201,walking,2021-05-07 16:06:05.400,2021-05-07 16:06:07.380,0.021,3,3,0.99093044,1.7454067e-05,0.00014217426,0.008910021,0.99093044
512,201,walking,2021-05-07 16:06:06.400,2021-05-07 16:06:08.380,0.021,3,3,0.984539,3.9211394e-05,0.00043771495,0.0149840405,0.984539
512,201,walking,2021-05-07 16:06:07.400,2021-05-07 16:06:09.380,0.021,3,3,0.9943591,1.8888026e-05,0.00012285312,0.0054991753,0.9943591
512,201,walking,2021-05-07 16:06:08.399,2021-05-07 16:06:10.380,0.021,3,3,0.99922866,1.9798276e-06,8.364228e-06,0.0007610101,0.99922866
512,201,walking,2021-05-07 16:06:09.399,2021-05-07 16:06:11.380,0.021,3,3,0.99824035,7.019235e-06,4.202105e-05,0.0017106453,0.99824035
512,201,walking,2021-05-07 16:06:10.399,2021-05-07 16:06:12.380,0.021,3,3,0.99636,1.1835367e-05,6.954997e-05,0.0035586176,0.99636
512,201,walking,2021-05-07 16:06:11.399,2021-05-07 16:06:13.380,0.021,3,3,0.99894196,7.977923e-06,3.112552e-05,0.0010189804,0.99894196
512,201,walking,2021-05-07 16:06:12.399,2021-05-07 16:06:14.380,0.021,3,3,0.99889994,9.538902e-06,3.8385286e-05,0.001052074,0.99889994
512,201,walking,2021-05-07 16:06:13.399,2021-05-07 16:06:15.380,0.021,3,3,0.9697422,6.626994e-05,0.00087991596,0.029311623,0.9697422
512,201,walking,2021-05-07 16:06:14.399,2021-05-07 16:06:16.380,0.021,3,3,0.9597877,0.00011959169,0.0014446473,0.038648047,0.9597877
512,201,walking,2021-05-07 16:06:15.399,2021-05-07 16:06:17.380,0.021,3,3,0.9916077,3.2912278e-05,0.00028757687,0.0080717215,0.9916077
512,201,walking,2021-05-07 16:06:16.399,2021-05-07 16:06:18.380,0.021,3,3,0.9673179,0.000100165664,0.0013817478,0.031200206,0.9673179
512,201,walking,2021-05-07 16:06:17.399,2021-05-07 16:06:19.380,0.021,3,3,0.9890276,2.6755835e-05,0.00021259281,0.010733013,0.9890276
512,201,walking,2021-05-07 16:06:18.399,2021-05-07 16:06:20.380,0.021,3,3,0.98647934,3.447565e-05,0.00031209385,0.013174047,0.98647934
512,201,walking,2021-05-07 16:06:19.399,2021-05-07 16:06:21.380,0.021,3,3,0.9941008,2.043063e-05,0.00014571408,0.005733113,0.9941008
512,201,walking,2021-05-07 16:06:20.399,2021-05-07 16:06:22.380,0.021,3,3,0.98632556,3.70124e-05,0.00033989584,0.013297547,0.98632556
512,201,walking,2021-05-07 16:06:21.399,2021-05-07 16:06:23.380,0.021,3,3,0.999115,5.5144146e-06,1.9481879e-05,0.00085994607,0.999115
512,201,walking,2021-05-07 16:06:22.399,2021-05-07 16:06:24.380,0.021,3,3,0.9998069,1.5283795e-06,3.164666e-06,0.00018842125,0.9998069
512,201,walking,2021-05-07 16:06:23.399,2021-05-07 16:06:25.380,0.021,3,3,0.9997792,1.9657616e-06,4.202032e-06,0.00021463353,0.9997792
512,201,walking,2021-05-07 16:06:24.399,2021-05-07 16:06:26.380,0.021,3,3,0.9999979,4.2137305e-08,2.0736506e-08,1.9910976e-06,0.9999979
512,201,walking,2021-05-07 16:06:25.399,2021-05-07 16:06:27.380,0.021,3,3,0.9999854,2.7059573e-07,2.4110102e-07,1.3978166e-05,0.9999854
512,201,walking,2021-05-07 16:06:26.399,2021-05-07 16:06:28.380,0.021,3,3,0.99946123,3.831366e-06,1.3123912e-05,0.00052177464,0.99946123
512,201,walking,2021-05-07 16:06:27.399,2021-05-07 16:06:29.380,0.021,3,3,0.9994405,2.990036e-06,9.576139e-06,0.0005468731,0.9994405
512,201,walking,2021-05-07 16:06:28.399,2021-05-07 16:06:30.380,0.021,3,3,0.9936991,1.7676788e-05,0.000120030556,0.0061631957,0.9936991
512,201,walking,2021-05-07 16:06:29.399,2021-05-07 16:06:31.380,0.021,3,3,0.99174696,2.2374685e-05,0.00015850125,0.008072212,0.99174696
512,201,walking,2021-05-07 16:06:30.399,2021-05-07 16:06:32.380,0.021,3,3,0.9963551,1.402841e-05,7.158348e-05,0.0035592737,0.9963551
512,201,walking,2021-05-07 16:06:31.399,2021-05-07 16:06:33.380,0.021,3,3,0.9984026,4.44885e-06,1.715948e-05,0.0015757675,0.9984026
512,201,walking,2021-05-07 16:06:32.400,2021-05-07 16:06:34.380,0.021,3,3,0.997578,7.833982e-06,3.3326487e-05,0.0023807173,0.997578
512,201,walking,2021-05-07 16:06:33.400,2021-05-07 16:06:35.380,0.021,3,3,0.99682176,1.4810583e-05,6.862066e-05,0.003094842,0.99682176
512,201,walking,2021-05-07 16:06:34.400,2021-05-07 16:06:36.380,0.021,3,3,0.99972355,1.1499626e-06,2.9722241e-06,0.000272216,0.99972355
512,201,walking,2021-05-07 16:06:35.400,2021-05-07 16:06:37.380,0.021,3,3,0.9993849,2.4684039e-06,7.805869e-06,0.0006048285,0.9993849
512,201,walking,2021-05-07 16:06:36.400,2021-05-07 16:06:38.380,0.021,3,3,0.99861926,6.981422e-06,2.7918682e-05,0.0013459245,0.99861926
512,201,walking,2021-05-07 16:06:37.400,2021-05-07 16:06:39.380,0.021,3,3,0.99971485,1.5270223e-06,3.6352635e-06,0.00027984878,0.99971485
512,201,walking,2021-05-07 16:06:38.400,2021-05-07 16:06:40.380,0.021,3,3,0.99960726,1.8410292e-06,5.0840736e-06,0.00038583024,0.99960726
512,201,walking,2021-05-07 16:06:39.400,2021-05-07 16:06:41.380,0.021,3,3,0.9990633,5.719102e-06,1.7415938e-05,0.0009135992,0.9990633
512,201,walking,2021-05-07 16:06:40.400,2021-05-07 16:06:42.380,0.021,3,3,0.99908966,4.7426433e-06,1.5086297e-05,0.00089052,0.99908966
512,201,walking,2021-05-07 16:06:41.400,2021-05-07 16:06:43.380,0.021,3,3,0.9997649,1.2436235e-06,3.0487715e-06,0.00023074102,0.9997649
512,201,walking,2021-05-07 16:06:42.400,2021-05-07 16:06:44.380,0.021,3,3,0.9968724,1.2258904e-05,5.627502e-05,0.0030590366,0.9968724
512,201,walking,2021-05-07 16:06:43.400,2021-05-07 16:06:45.380,0.021,3,3,0.99857485,6.3509146e-06,2.8669298e-05,0.0013900676,0.99857485
512,201,walking,2021-05-07 16:06:44.400,2021-05-07 16:06:46.380,0.021,3,3,0.9995425,4.1025187e-06,1.17114105e-05,0.0004417609,0.9995425
512,201,walking,2021-05-07 16:06:45.400,2021-05-07 16:06:47.380,0.021,3,3,0.99984765,1.0511711e-06,1.921547e-06,0.00014938161,0.99984765
512,201,walking,2021-05-07 16:06:46.400,2021-05-07 16:06:48.380,0.021,3,3,0.9995245,2.5586064e-06,7.316328e-06,0.00046566926,0.9995245
512,201,walking,2021-05-07 16:06:47.400,2021-05-07 16:06:49.380,0.021,3,3,0.9991288,5.217381e-06,1.680059e-05,0.00084917835,0.9991288
512,201,walking,2021-05-07 16:06:48.400,2021-05-07 16:06:50.380,0.021,3,3,0.9998998,9.0012804e-07,1.4076768e-06,9.778769e-05,0.9998998
512,201,walking,2021-05-07 16:06:49.400,2021-05-07 16:06:51.380,0.021,3,3,0.99942863,2.6729135e-06,9.621604e-06,0.0005591338,0.99942863
512,201,walking,2021-05-07 16:06:50.400,2021-05-07 16:06:52.380,0.021,3,3,0.99879086,9.482012e-06,3.2905416e-05,0.001166679,0.99879086
512,201,walking,2021-05-07 16:06:51.400,2021-05-07 16:06:53.380,0.021,3,3,0.99969167,2.6853666e-06,6.828545e-06,0.00029893845,0.99969167
512,201,walking,2021-05-07 16:06:52.400,2021-05-07 16:06:54.380,0.021,3,3,0.9970127,1.4497589e-05,8.237887e-05,0.002890527,0.9970127
512,201,walking,2021-05-07 16:06:53.400,2021-05-07 16:06:55.380,0.021,3,3,0.998914,4.4690746e-06,1.7689883e-05,0.0010638902,0.998914
512,201,walking,2021-05-07 16:06:54.400,2021-05-07 16:06:56.380,0.021,3,3,0.9988903,6.0829575e-06,2.4405803e-05,0.0010791852,0.9988903
512,201,walking,2021-05-07 16:06:55.400,2021-05-07 16:06:57.380,0.021,3,3,0.9932846,3.4214565e-05,0.000245267,0.006435965,0.9932846
512,201,walking,2021-05-07 16:06:56.400,2021-05-07 16:06:58.380,0.021,3,3,0.99930435,5.1686998e-06,1.711871e-05,0.0006733905,0.99930435
512,201,walking,2021-05-07 16:06:57.400,2021-05-07 16:06:59.380,0.021,3,3,0.99991566,6.5751584e-07,1.2562842e-06,8.240061e-05,0.99991566
512,201,walking,2021-05-07 16:06:58.400,2021-05-07 16:07:00.380,0.021,3,3,0.9927205,3.1691692e-05,0.0002074553,0.0070402883,0.9927205
512,201,walking,2021-05-07 16:06:59.400,2021-05-07 16:07:01.380,0.021,3,3,0.9900053,6.2687766e-05,0.00048571505,0.009446241,0.9900053
512,201,walking,2021-05-07 16:07:00.400,2021-05-07 16:07:02.380,0.021,3,3,0.9986828,9.420842e-06,4.060408e-05,0.0012671412,0.9986828
512,201,walking,2021-05-07 16:07:01.400,2021-05-07 16:07:03.380,0.021,3,3,0.9996478,3.365308e-06,7.087634e-06,0.00034175414,0.9996478
512,201,walking,2021-05-07 16:07:02.400,2021-05-07 16:07:04.380,0.021,3,3,0.9998873,1.0915633e-06,2.0152868e-06,0.0001095893,0.9998873
512,201,walking,2021-05-07 16:07:03.400,2021-05-07 16:07:05.380,0.021,3,3,0.99903834,7.720797e-06,2.136533e-05,0.0009326392,0.99903834
512,201,walking,2021-05-07 16:07:04.400,2021-05-07 16:07:06.380,0.021,3,3,0.99737793,1.3107203e-05,5.504394e-05,0.0025539168,0.99737793
512,201,walking,2021-05-07 16:07:05.400,2021-05-07 16:07:07.380,0.021,3,3,0.99197096,6.154349e-05,0.00038182022,0.0075857625,0.99197096
512,201,walking,2021-05-07 16:07:06.400,2021-05-07 16:07:08.380,0.021,3,3,0.98298097,0.000109287765,0.0010207313,0.015889028,0.98298097
512,201,walking,2021-05-07 16:07:07.400,2021-05-07 16:07:09.380,0.021,3,3,0.99968976,4.1541944e-06,1.0996928e-05,0.00029502125,0.99968976
512,201,walking,2021-05-07 16:07:08.399,2021-05-07 16:07:10.380,0.021,3,3,0.9999278,9.858579e-07,1.1240741e-06,7.006512e-05,0.9999278
512,201,walking,2021-05-07 16:07:09.399,2021-05-07 16:07:11.380,0.021,3,3,0.9961716,2.3648514e-05,0.00011842008,0.0036862358,0.9961716
512,201,walking,2021-05-07 16:07:10.399,2021-05-07 16:07:12.380,0.021,3,3,0.9710251,0.000109634886,0.0013365946,0.027528733,0.9710251
512,201,walking,2021-05-07 16:07:11.399,2021-05-07 16:07:13.380,0.021,3,3,0.99057907,6.937656e-05,0.00047486703,0.008876698,0.99057907
512,201,walking,2021-05-07 16:07:12.399,2021-05-07 16:07:14.380,0.021,3,3,0.9916824,4.375038e-05,0.00030523632,0.007968521,0.9916824
512,201,walking,2021-05-07 16:07:13.399,2021-05-07 16:07:15.380,0.021,3,3,0.98988223,2.3841238e-05,0.00018579507,0.009908129,0.98988223
512,201,walking,2021-05-07 16:07:14.399,2021-05-07 16:07:16.380,0.021,3,3,0.9756278,4.463896e-05,0.00051207305,0.023815451,0.9756278
512,201,walking,2021-05-07 16:07:15.399,2021-05-07 16:07:17.380,0.021,3,3,0.9733898,4.9785343e-05,0.00070979673,0.025850592,0.9733898
512,201,walking,2021-05-07 16:07:16.399,2021-05-07 16:07:18.380,0.021,3,3,0.9870269,4.484883e-05,0.00041213358,0.012516219,0.9870269
512,201,walking,2021-05-07 16:07:17.399,2021-05-07 16:07:19.380,0.021,3,3,0.9764512,6.983734e-05,0.00073717785,0.022741765,0.9764512
512,201,walking,2021-05-07 16:07:18.399,2021-05-07 16:07:20.380,0.021,3,3,0.98400956,5.6307978e-05,0.00049019436,0.015443918,0.98400956
512,201,walking,2021-05-07 16:07:19.399,2021-05-07 16:07:21.380,0.021,3,3,0.9996554,1.4375623e-06,4.1394705e-06,0.0003391056,0.9996554
512,201,walking,2021-05-07 16:07:20.399,2021-05-07 16:07:22.380,0.021,3,3,0.9992522,4.6844075e-06,1.5284373e-05,0.0007277056,0.9992522
512,201,walking,2021-05-07 16:07:21.399,2021-05-07 16:07:23.380,0.021,3,3,0.9975091,1.8423945e-05,9.7314994e-05,0.0023750807,0.9975091
512,201,walking,2021-05-07 16:07:22.399,2021-05-07 16:07:24.380,0.021,3,3,0.99979043,1.7481774e-06,3.9202396e-06,0.00020394787,0.99979043
512,201,walking,2021-05-07 16:07:23.399,2021-05-07 16:07:25.380,0.021,3,3,0.9998081,1.7907875e-06,4.252376e-06,0.00018582608,0.9998081
512,203,walking,2021-05-07 16:07:27.200,2021-05-07 16:07:29.180,0.021,3,3,0.9866694,3.696007e-05,0.00039186614,0.012901766,0.9866694
512,203,walking,2021-05-07 16:07:28.200,2021-05-07 16:07:30.180,0.021,3,3,0.992213,3.4306413e-05,0.00027335848,0.007479381,0.992213
512,203,walking,2021-05-07 16:07:29.200,2021-05-07 16:07:31.180,0.021,3,3,0.9998257,2.7854553e-06,6.347607e-06,0.00016525718,0.9998257
512,206,standing,2021-05-07 16:07:32.639,2021-05-07 16:07:34.619,0.021,2,2,0.9247642,0.00013719939,0.051791463,0.9247642,0.023307132
512,206,standing,2021-05-07 16:07:33.639,2021-05-07 16:07:35.619,0.021,2,2,0.92734283,0.00012500046,0.05424484,0.92734283,0.018287309
512,206,standing,2021-05-07 16:07:34.639,2021-05-07 16:07:36.619,0.021,2,2,0.92953086,0.000114821036,0.04451262,0.92953086,0.025841702
512,206,standing,2021-05-07 16:07:35.639,2021-05-07 16:07:37.619,0.021,2,2,0.9378547,8.7110246e-05,0.044785958,0.9378547,0.017272174
512,206,standing,2021-05-07 16:07:36.639,2021-05-07 16:07:38.619,0.021,2,2,0.93856627,7.9814614e-05,0.045448296,0.93856627,0.015905537
512,206,standing,2021-05-07 16:07:37.639,2021-05-07 16:07:39.619,0.021,2,2,0.93628556,8.2294566e-05,0.046986625,0.93628556,0.016645592
512,206,standing,2021-05-07 16:07:38.639,2021-05-07 16:07:40.619,0.021,2,2,0.9372819,8.1121245e-05,0.04775936,0.9372819,0.014877528
512,206,standing,2021-05-07 16:07:39.639,2021-05-07 16:07:41.619,0.021,2,2,0.936055,7.60147e-05,0.05316386,0.936055,0.010704998
512,206,standing,2021-05-07 16:07:40.639,2021-05-07 16:07:42.619,0.021,2,2,0.9375655,7.838308e-05,0.049889196,0.9375655,0.012466847
512,210,standing,2021-05-07 16:07:48.240,2021-05-07 16:07:50.220,0.021,2,2,0.9062313,0.00017960122,0.05847606,0.9062313,0.03511306
512,210,standing,2021-05-07 16:07:49.240,2021-05-07 16:07:51.220,0.021,2,2,0.8846245,0.00013284497,0.10946711,0.8846245,0.0057755793
512,210,standing,2021-05-07 16:07:50.240,2021-05-07 16:07:52.220,0.021,2,2,0.8966335,0.0001304589,0.09562517,0.8966335,0.007610867
512,210,standing,2021-05-07 16:07:51.240,2021-05-07 16:07:53.220,0.021,2,2,0.90201014,0.000108413115,0.09147785,0.90201014,0.0064034965
512,210,standing,2021-05-07 16:07:52.240,2021-05-07 16:07:54.220,0.021,2,2,0.8774834,9.354196e-05,0.11928031,0.8774834,0.0031427604
512,210,standing,2021-05-07 16:07:53.240,2021-05-07 16:07:55.220,0.021,2,2,0.8880211,0.00012847177,0.10514185,0.8880211,0.006708628
512,210,standing,2021-05-07 16:07:54.240,2021-05-07 16:07:56.220,0.021,2,2,0.8866119,0.0001883328,0.09833535,0.8866119,0.014864425
512,210,standing,2021-05-07 16:07:55.240,2021-05-07 16:07:57.220,0.021,2,2,0.8706749,0.00020191737,0.117642455,0.8706749,0.011480705
512,210,standing,2021-05-07 16:07:56.240,2021-05-07 16:07:58.220,0.021,2,2,0.8897498,0.00021415451,0.06920073,0.8897498,0.04083531
512,210,standing,2021-05-07 16:07:57.240,2021-05-07 16:07:59.220,0.021,2,2,0.76582265,0.00039590578,0.04885193,0.76582265,0.1849295
512,210,standing,2021-05-07 16:07:58.240,2021-05-07 16:08:00.220,0.021,2,2,0.8758909,0.0002960297,0.07862621,0.8758909,0.045186866
512,210,standing,2021-05-07 16:07:59.240,2021-05-07 16:08:01.220,0.021,2,2,0.8893768,0.00016944381,0.09866615,0.8893768,0.011787565
512,210,standing,2021-05-07 16:08:00.240,2021-05-07 16:08:02.220,0.021,2,2,0.87496036,0.00014620359,0.11835555,0.87496036,0.0065378533
512,210,standing,2021-05-07 16:08:01.240,2021-05-07 16:08:03.220,0.021,2,2,0.8832553,0.00015198073,0.107903555,0.8832553,0.008689167
512,210,standing,2021-05-07 16:08:02.240,2021-05-07 16:08:04.220,0.021,2,2,0.8818886,0.00017769539,0.10645005,0.8818886,0.011483703
512,212,standing,2021-05-07 16:08:06.680,2021-05-07 16:08:08.659,0.021,2,2,0.86807567,0.000287665,0.057494964,0.86807567,0.074141614
512,212,standing,2021-05-07 16:08:07.680,2021-05-07 16:08:09.659,0.021,2,2,0.9005825,0.00017845345,0.085384935,0.9005825,0.013854043
512,212,standing,2021-05-07 16:08:08.680,2021-05-07 16:08:10.659,0.021,2,2,0.9066462,0.00011211087,0.086410664,0.9066462,0.0068310285
512,212,standing,2021-05-07 16:08:09.680,2021-05-07 16:08:11.659,0.021,2,2,0.90672475,0.00010961173,0.08726552,0.90672475,0.0059000826
512,212,standing,2021-05-07 16:08:10.680,2021-05-07 16:08:12.659,0.021,2,2,0.9114171,0.00011153483,0.083004765,0.9114171,0.005466435
512,212,standing,2021-05-07 16:08:11.680,2021-05-07 16:08:13.659,0.021,2,2,0.91443926,0.00010549781,0.080040306,0.91443926,0.0054148873
512,212,standing,2021-05-07 16:08:12.680,2021-05-07 16:08:14.659,0.021,2,2,0.9146144,0.000108494496,0.07855956,0.9146144,0.0067176386
512,212,standing,2021-05-07 16:08:13.680,2021-05-07 16:08:15.659,0.021,2,2,0.927833,0.000102651604,0.060759056,0.927833,0.011305265
512,215,walking,2021-05-07 16:08:16.760,2021-05-07 16:08:18.739,0.021,3,3,0.996982,4.0609648e-05,0.00033785938,0.0026394827,0.996982
512,215,walking,2021-05-07 16:08:17.760,2021-05-07 16:08:19.739,0.021,3,3,0.99553776,4.6250203e-05,0.0004662106,0.003949809,0.99553776
512,215,walking,2021-05-07 16:08:18.760,2021-05-07 16:08:20.739,0.021,3,3,0.98165035,6.300189e-05,0.00075826363,0.017528346,0.98165035
512,215,walking,2021-05-07 16:08:19.760,2021-05-07 16:08:21.739,0.021,3,2,0.7193738,0.0002214,0.02856374,0.7193738,0.251841
512,215,walking,2021-05-07 16:08:20.760,2021-05-07 16:08:22.739,0.021,3,3,0.9645678,5.8457696e-05,0.00080410315,0.03456967,0.9645678
512,215,walking,2021-05-07 16:08:21.760,2021-05-07 16:08:23.739,0.021,3,3,0.9798248,4.418737e-05,0.0004922981,0.019638738,0.9798248
512,215,walking,2021-05-07 16:08:22.760,2021-05-07 16:08:24.739,0.021,3,3,0.9969082,1.3603545e-05,8.549187e-05,0.0029927187,0.9969082
512,215,walking,2021-05-07 16:08:23.760,2021-05-07 16:08:25.739,0.021,3,3,0.9970939,1.3767829e-05,6.8038054e-05,0.0028242317,0.9970939
512,215,walking,2021-05-07 16:08:24.760,2021-05-07 16:08:26.739,0.021,3,3,0.9689895,7.621848e-05,0.00085433095,0.030079978,0.9689895
512,215,walking,2021-05-07 16:08:25.760,2021-05-07 16:08:27.739,0.021,3,3,0.9992432,3.8426483e-06,1.3328159e-05,0.00073973835,0.9992432
512,215,walking,2021-05-07 16:08:26.760,2021-05-07 16:08:28.739,0.021,3,3,0.9995712,3.0657254e-06,6.7976534e-06,0.00041895508,0.9995712
512,215,walking,2021-05-07 16:08:27.760,2021-05-07 16:08:29.739,0.021,3,3,0.99825186,9.347398e-06,4.1604515e-05,0.0016971558,0.99825186
512,215,walking,2021-05-07 16:08:28.760,2021-05-07 16:08:30.739,0.021,3,3,0.99830323,1.0078111e-05,4.4101147e-05,0.0016425898,0.99830323
512,215,walking,2021-05-07 16:08:29.760,2021-05-07 16:08:31.739,0.021,3,3,0.99871415,5.422729e-06,1.9872476e-05,0.0012605445,0.99871415
512,215,walking,2021-05-07 16:08:30.760,2021-05-07 16:08:32.740,0.021,3,3,0.9944227,1.738484e-05,0.00012559009,0.005434334,0.9944227
512,215,walking,2021-05-07 16:08:31.760,2021-05-07 16:08:33.740,0.021,3,3,0.9334137,0.00010308739,0.0017617799,0.06472153,0.9334137
512,215,walking,2021-05-07 16:08:32.759,2021-05-07 16:08:34.740,0.021,3,3,0.9838284,3.570439e-05,0.00041678993,0.01571905,0.9838284
512,215,walking,2021-05-07 16:08:33.759,2021-05-07 16:08:35.740,0.021,3,3,0.9980592,1.1156607e-05,5.0532744e-05,0.0018790992,0.9980592
512,215,walking,2021-05-07 16:08:34.759,2021-05-07 16:08:36.740,0.021,3,3,0.99940705,3.1621757e-06,1.1018536e-05,0.00057879504,0.99940705
512,215,walking,2021-05-07 16:08:35.759,2021-05-07 16:08:37.740,0.021,3,3,0.9994752,2.4537364e-06,8.224638e-06,0.00051401096,0.9994752
512,215,walking,2021-05-07 16:08:36.759,2021-05-07 16:08:38.740,0.021,3,3,0.9947685,1.8257484e-05,9.8948505e-05,0.0051141675,0.9947685
512,215,walking,2021-05-07 16:08:37.759,2021-05-07 16:08:39.740,0.021,3,3,0.9995123,3.3877e-06,1.1051375e-05,0.00047319997,0.9995123
512,215,walking,2021-05-07 16:08:38.759,2021-05-07 16:08:40.740,0.021,3,3,0.99987245,1.6361921e-06,3.480753e-06,0.00012253333,0.99987245
512,215,walking,2021-05-07 16:08:39.759,2021-05-07 16:08:41.740,0.021,3,3,0.99966806,2.1308235e-06,5.9544814e-06,0.0003238183,0.99966806
512,215,walking,2021-05-07 16:08:40.759,2021-05-07 16:08:42.740,0.021,3,3,0.9995645,2.9227087e-06,1.0415054e-05,0.0004221524,0.9995645
512,215,walking,2021-05-07 16:08:41.759,2021-05-07 16:08:43.740,0.021,3,3,0.9979548,1.25811775e-05,6.0599825e-05,0.0019721147,0.9979548
512,215,walking,2021-05-07 16:08:42.759,2021-05-07 16:08:44.740,0.021,3,3,0.99989563,8.1947013e-07,1.4922516e-06,0.000101946796,0.99989563
512,215,walking,2021-05-07 16:08:43.759,2021-05-07 16:08:45.740,0.021,3,3,0.99999183,5.877798e-08,5.984589e-08,7.958109e-06,0.99999183
512,215,walking,2021-05-07 16:08:44.759,2021-05-07 16:08:46.740,0.021,3,3,0.99963063,2.3613586e-06,5.5735827e-06,0.0003613904,0.99963063
512,215,walking,2021-05-07 16:08:45.759,2021-05-07 16:08:47.740,0.021,3,3,0.9997566,1.331628e-06,2.8243282e-06,0.00023933877,0.9997566
512,215,walking,2021-05-07 16:08:46.759,2021-05-07 16:08:48.740,0.021,3,3,0.9998379,8.7111965e-07,1.8217352e-06,0.0001594199,0.9998379
512,215,walking,2021-05-07 16:08:47.759,2021-05-07 16:08:49.740,0.021,3,3,0.9982591,9.365482e-06,4.2524276e-05,0.0016889706,0.9982591
512,215,walking,2021-05-07 16:08:48.759,2021-05-07 16:08:50.740,0.021,3,3,0.9946157,3.2634263e-05,0.00022745688,0.005124183,0.9946157
512,215,walking,2021-05-07 16:08:49.759,2021-05-07 16:08:51.740,0.021,3,3,0.99825186,1.512302e-05,6.517976e-05,0.0016677625,0.99825186
512,215,walking,2021-05-07 16:08:50.759,2021-05-07 16:08:52.740,0.021,3,3,0.99992436,5.818778e-07,1.071763e-06,7.38776e-05,0.99992436
512,215,walking,2021-05-07 16:08:51.759,2021-05-07 16:08:53.740,0.021,3,3,0.99959534,2.8970928e-06,8.816683e-06,0.00039295654,0.99959534
512,215,walking,2021-05-07 16:08:52.759,2021-05-07 16:08:54.740,0.021,3,3,0.9945442,2.2672164e-05,0.00014679525,0.0052863886,0.9945442
512,215,walking,2021-05-07 16:08:53.759,2021-05-07 16:08:55.740,0.021,3,3,0.9824948,4.27105e-05,0.00042554457,0.017036969,0.9824948
512,215,walking,2021-05-07 16:08:54.759,2021-05-07 16:08:56.740,0.021,3,3,0.9936214,2.1532058e-05,0.0001430932,0.0062140115,0.9936214
512,215,walking,2021-05-07 16:08:55.759,2021-05-07 16:08:57.740,0.021,3,3,0.99982166,8.8246475e-07,2.028476e-06,0.0001754524,0.99982166
512,215,walking,2021-05-07 16:08:56.759,2021-05-07 16:08:58.740,0.021,3,3,0.9996905,1.5776503e-06,3.9804604e-06,0.00030408936,0.9996905
512,215,walking,2021-05-07 16:08:57.759,2021-05-07 16:08:59.740,0.021,3,3,0.99813324,8.305929e-06,3.0467072e-05,0.0018279756,0.99813324
512,215,walking,2021-05-07 16:08:58.759,2021-05-07 16:09:00.740,0.021,3,3,0.99991626,8.000961e-07,1.3480889e-06,8.1490776e-05,0.99991626
512,215,walking,2021-05-07 16:08:59.759,2021-05-07 16:09:01.740,0.021,3,3,0.99994785,5.4138354e-07,9.995491e-07,5.0522016e-05,0.99994785
512,215,walking,2021-05-07 16:09:00.760,2021-05-07 16:09:02.740,0.021,3,3,0.9984514,1.9173282e-05,5.49171e-05,0.0014743727,0.9984514
512,215,walking,2021-05-07 16:09:01.760,2021-05-07 16:09:03.740,0.021,3,3,0.99996656,3.2590938e-07,4.3989309e-07,3.2583695e-05,0.99996656
512,215,walking,2021-05-07 16:09:02.760,2021-05-07 16:09:04.739,0.021,3,3,0.99919575,3.7112545e-06,1.390278e-05,0.00078658585,0.99919575
512,215,walking,2021-05-07 16:09:03.760,2021-05-07 16:09:05.739,0.021,3,3,0.99931794,4.579224e-06,1.2783414e-05,0.0006646685,0.99931794
512,215,walking,2021-05-07 16:09:04.760,2021-05-07 16:09:06.739,0.021,3,3,0.9999412,4.1170577e-07,5.1199953e-07,5.7859786e-05,0.9999412
512,215,walking,2021-05-07 16:09:05.760,2021-05-07 16:09:07.739,0.021,3,3,0.9989914,4.5117363e-06,1.4803971e-05,0.0009892179,0.9989914
512,215,walking,2021-05-07 16:09:06.760,2021-05-07 16:09:08.739,0.021,3,3,0.9923473,3.5492594e-05,0.00021933406,0.007397902,0.9923473
512,215,walking,2021-05-07 16:09:07.760,2021-05-07 16:09:09.739,0.021,3,3,0.99909645,6.23432e-06,1.832739e-05,0.0008789039,0.99909645
512,215,walking,2021-05-07 16:09:08.760,2021-05-07 16:09:10.739,0.021,3,3,0.9996442,1.5126569e-06,4.7752383e-06,0.00034947705,0.9996442
512,215,walking,2021-05-07 16:09:09.760,2021-05-07 16:09:11.739,0.021,3,3,0.9982603,6.596848e-06,2.6498881e-05,0.0017066383,0.9982603
512,215,walking,2021-05-07 16:09:10.760,2021-05-07 16:09:12.739,0.021,3,3,0.99873626,7.982117e-06,2.8683586e-05,0.0012271157,0.99873626
512,215,walking,2021-05-07 16:09:11.760,2021-05-07 16:09:13.739,0.021,3,3,0.99960583,2.7714075e-06,1.0052801e-05,0.00038138923,0.99960583
512,215,walking,2021-05-07 16:09:12.760,2021-05-07 16:09:14.739,0.021,3,3,0.9998114,1.3696083e-06,3.5806086e-06,0.00018365351,0.9998114
512,215,walking,2021-05-07 16:09:13.760,2021-05-07 16:09:15.739,0.021,3,3,0.99947137,4.8606835e-06,1.41958635e-05,0.00050945795,0.99947137
512,215,walking,2021-05-07 16:09:14.760,2021-05-07 16:09:16.739,0.021,3,3,0.9998114,2.3284315e-06,4.422933e-06,0.0001817439,0.9998114
512,215,walking,2021-05-07 16:09:15.760,2021-05-07 16:09:17.739,0.021,3,3,0.9999345,4.2172118e-07,6.4197695e-07,6.432591e-05,0.9999345
512,215,walking,2021-05-07 16:09:16.760,2021-05-07 16:09:18.739,0.021,3,3,0.9996626,2.5893414e-06,5.557381e-06,0.0003293883,0.9996626
512,215,walking,2021-05-07 16:09:17.760,2021-05-07 16:09:19.739,0.021,3,3,0.99705905,1.4808967e-05,7.689421e-05,0.0028491984,0.99705905
512,215,walking,2021-05-07 16:09:18.760,2021-05-07 16:09:20.739,0.021,3,3,0.9675187,8.96728e-05,0.001330703,0.031060845,0.9675187
512,215,walking,2021-05-07 16:09:19.760,2021-05-07 16:09:21.739,0.021,3,3,0.99246097,4.6405556e-05,0.00032921738,0.007163496,0.99246097
512,215,walking,2021-05-07 16:09:20.760,2021-05-07 16:09:22.739,0.021,3,3,0.99994344,4.9553734e-07,7.1385347e-07,5.528324e-05,0.99994344
512,215,walking,2021-05-07 16:09:21.760,2021-05-07 16:09:23.739,0.021,3,3,0.99802476,1.2350756e-05,5.700093e-05,0.0019059173,0.99802476
512,215,walking,2021-05-07 16:09:22.760,2021-05-07 16:09:24.739,0.021,3,3,0.99834836,1.1287243e-05,4.7876107e-05,0.001592477,0.99834836
512,215,walking,2021-05-07 16:09:23.760,2021-05-07 16:09:25.739,0.021,3,3,0.99947304,6.154941e-06,2.222355e-05,0.00049858494,0.99947304
512,215,walking,2021-05-07 16:09:24.760,2021-05-07 16:09:26.739,0.021,3,3,0.99933356,5.3874505e-06,2.145496e-05,0.0006395133,0.99933356
512,215,walking,2021-05-07 16:09:25.760,2021-05-07 16:09:27.739,0.021,3,3,0.9999333,5.992351e-07,9.833469e-07,6.510594e-05,0.9999333
512,215,walking,2021-05-07 16:09:26.760,2021-05-07 16:09:28.739,0.021,3,3,0.9999555,7.779383e-07,1.2179713e-06,4.2417607e-05,0.9999555
512,215,walking,2021-05-07 16:09:27.760,2021-05-07 16:09:29.739,0.021,3,3,0.9999544,5.7937245e-07,1.0345357e-06,4.393545e-05,0.9999544
512,215,walking,2021-05-07 16:09:28.760,2021-05-07 16:09:30.739,0.021,3,3,0.99589545,2.5200527e-05,0.00013959449,0.0039397613,0.99589545
512,215,walking,2021-05-07 16:09:29.760,2021-05-07 16:09:31.739,0.021,3,3,0.99565816,2.2457505e-05,0.00013447134,0.0041849306,0.99565816
512,215,walking,2021-05-07 16:09:30.760,2021-05-07 16:09:32.740,0.021,3,3,0.998883,8.743062e-06,2.7006272e-05,0.0010812387,0.998883
512,215,walking,2021-05-07 16:09:31.760,2021-05-07 16:09:33.740,0.021,3,3,0.99983406,7.7908214e-07,1.541155e-06,0.0001635825,0.99983406
512,215,walking,2021-05-07 16:09:32.759,2021-05-07 16:09:34.740,0.021,3,3,0.99901533,4.334672e-06,1.9713638e-05,0.0009605544,0.99901533
512,217,standing,2021-05-07 16:09:36.240,2021-05-07 16:09:38.220,0.021,2,2,0.87846357,0.00016607455,0.037342068,0.87846357,0.084028274
512,217,standing,2021-05-07 16:09:37.240,2021-05-07 16:09:39.220,0.021,2,2,0.90382063,0.00012778872,0.03092523,0.90382063,0.065126255
512,219,standing,2021-05-07 16:09:42.080,2021-05-07 16:09:44.060,0.021,2,2,0.9049264,0.0001145882,0.08762512,0.9049264,0.007333924
512,219,standing,2021-05-07 16:09:43.080,2021-05-07 16:09:45.060,0.021,2,2,0.8999964,0.00012557246,0.09281738,0.8999964,0.00706065
512,219,standing,2021-05-07 16:09:44.080,2021-05-07 16:09:46.060,0.021,2,2,0.90318835,0.00014093138,0.08740889,0.90318835,0.009261843
512,219,standing,2021-05-07 16:09:45.080,2021-05-07 16:09:47.060,0.021,2,2,0.9087809,0.00015750647,0.074296,0.9087809,0.016765619
512,219,standing,2021-05-07 16:09:46.080,2021-05-07 16:09:48.060,0.021,2,2,0.91463166,0.000100356876,0.077846125,0.91463166,0.0074218255
512,219,standing,2021-05-07 16:09:47.080,2021-05-07 16:09:49.060,0.021,2,2,0.8948789,0.00013611896,0.09771303,0.8948789,0.00727197
512,219,standing,2021-05-07 16:09:48.080,2021-05-07 16:09:50.060,0.021,2,2,0.91101855,0.00017694052,0.06677356,0.91101855,0.022031011
512,219,standing,2021-05-07 16:09:49.080,2021-05-07 16:09:51.060,0.021,2,2,0.8838322,0.00017051866,0.037269138,0.8838322,0.07872815
512,219,standing,2021-05-07 16:09:50.080,2021-05-07 16:09:52.060,0.021,2,2,0.921434,0.00010640165,0.06881774,0.921434,0.009641812
512,219,standing,2021-05-07 16:09:51.080,2021-05-07 16:09:53.060,0.021,2,2,0.91208833,0.00013837512,0.078353636,0.91208833,0.0094196135
512,219,standing,2021-05-07 16:09:52.080,2021-05-07 16:09:54.060,0.021,2,2,0.92047757,0.0001182072,0.0675554,0.92047757,0.011848836
512,219,standing,2021-05-07 16:09:53.080,2021-05-07 16:09:55.060,0.021,2,2,0.9240263,0.00010000028,0.066112906,0.9240263,0.009760779
512,219,standing,2021-05-07 16:09:54.080,2021-05-07 16:09:56.060,0.021,2,2,0.92878705,8.173489e-05,0.06392488,0.92878705,0.007206348
512,219,standing,2021-05-07 16:09:55.080,2021-05-07 16:09:57.060,0.021,2,2,0.9342992,7.738065e-05,0.055698432,0.9342992,0.009925087
512,221,standing,2021-05-07 16:09:59.680,2021-05-07 16:10:01.660,0.021,2,2,0.9384074,7.532064e-05,0.03831752,0.9384074,0.023199705
512,221,standing,2021-05-07 16:10:00.680,2021-05-07 16:10:02.660,0.021,2,2,0.92919433,9.6892385e-05,0.055977125,0.92919433,0.014731567
512,221,standing,2021-05-07 16:10:01.680,2021-05-07 16:10:03.660,0.021,2,2,0.8998448,0.0001684667,0.043960012,0.8998448,0.05602668
512,221,standing,2021-05-07 16:10:02.680,2021-05-07 16:10:04.659,0.021,2,2,0.9185736,0.00011224349,0.036481194,0.9185736,0.044832956
512,223,standing,2021-05-07 16:10:05.720,2021-05-07 16:10:07.699,0.021,2,2,0.9026709,0.0001294598,0.0888904,0.9026709,0.008309261
512,223,standing,2021-05-07 16:10:06.720,2021-05-07 16:10:08.699,0.021,2,2,0.8991578,0.00014499889,0.09187742,0.8991578,0.0088198595
512,223,standing,2021-05-07 16:10:07.720,2021-05-07 16:10:09.699,0.021,2,2,0.91004103,0.000116512834,0.08250723,0.91004103,0.007335245
512,223,standing,2021-05-07 16:10:08.720,2021-05-07 16:10:10.699,0.021,2,2,0.91759443,7.694512e-05,0.07739919,0.91759443,0.0049294354
512,227,standing,2021-05-07 16:10:12.960,2021-05-07 16:10:14.940,0.021,2,2,0.9333008,5.1191993e-05,0.061952822,0.9333008,0.0046952143
512,227,standing,2021-05-07 16:10:13.960,2021-05-07 16:10:15.940,0.021,2,2,0.9274302,6.6520945e-05,0.0675356,0.9274302,0.0049676807
512,227,standing,2021-05-07 16:10:14.960,2021-05-07 16:10:16.940,0.021,2,2,0.91317004,0.00010922566,0.078869656,0.91317004,0.0078511
512,227,standing,2021-05-07 16:10:15.960,2021-05-07 16:10:17.940,0.021,2,2,0.89998835,0.00017971592,0.08482962,0.89998835,0.015002273
512,227,standing,2021-05-07 16:10:16.959,2021-05-07 16:10:18.940,0.021,2,2,0.9025049,0.00016789575,0.080850385,0.9025049,0.016476788
512,229,standing,2021-05-07 16:10:19.600,2021-05-07 16:10:21.579,0.021,2,2,0.92120194,0.00014789701,0.05306991,0.92120194,0.02558022
512,229,standing,2021-05-07 16:10:20.600,2021-05-07 16:10:22.579,0.021,2,2,0.9231664,0.00010869832,0.066177085,0.9231664,0.0105478335
512,229,standing,2021-05-07 16:10:21.600,2021-05-07 16:10:23.579,0.021,2,2,0.9097401,9.66142e-05,0.08445414,0.9097401,0.00570906
512,229,standing,2021-05-07 16:10:22.600,2021-05-07 16:10:24.579,0.021,2,2,0.9084659,0.00015764721,0.07756298,0.9084659,0.013813527
512,229,standing,2021-05-07 16:10:23.600,2021-05-07 16:10:25.579,0.021,2,2,0.9113319,0.0001569348,0.072984934,0.9113319,0.015526275
512,229,standing,2021-05-07 16:10:24.600,2021-05-07 16:10:26.579,0.021,2,2,0.9144806,0.00016453085,0.06343942,0.9144806,0.021915512
512,229,standing,2021-05-07 16:10:25.600,2021-05-07 16:10:27.579,0.021,2,2,0.92232335,0.00012900885,0.058567885,0.92232335,0.018979719
512,229,standing,2021-05-07 16:10:26.600,2021-05-07 16:10:28.579,0.021,2,2,0.9208533,0.00010296341,0.06953211,0.9208533,0.009511568
512,229,standing,2021-05-07 16:10:27.600,2021-05-07 16:10:29.579,0.021,2,2,0.909604,0.00011441765,0.08252969,0.909604,0.007751752
512,233,standing,2021-05-07 16:10:33.279,2021-05-07 16:10:35.259,0.021,2,2,0.9080525,0.0001272789,0.082681544,0.9080525,0.009138688
512,233,standing,2021-05-07 16:10:34.279,2021-05-07 16:10:36.259,0.021,2,2,0.90354574,0.00012312959,0.089494675,0.90354574,0.0068364707
512,233,standing,2021-05-07 16:10:35.279,2021-05-07 16:10:37.259,0.021,2,2,0.90703225,0.00012854021,0.08423917,0.90703225,0.008600091
512,233,standing,2021-05-07 16:10:36.279,2021-05-07 16:10:38.259,0.021,2,2,0.91746175,0.00012213163,0.072582215,0.91746175,0.009833855
512,233,standing,2021-05-07 16:10:37.279,2021-05-07 16:10:39.259,0.021,2,2,0.9231031,0.000111233276,0.0667442,0.9231031,0.010041507
512,233,standing,2021-05-07 16:10:38.279,2021-05-07 16:10:40.259,0.021,2,2,0.92416984,0.000114601346,0.06338774,0.92416984,0.012327759
512,235,standing,2021-05-07 16:10:42.680,2021-05-07 16:10:44.659,0.021,2,2,0.9283166,0.00010334709,0.054871637,0.9283166,0.016708344
512,237,standing,2021-05-07 16:10:45.119,2021-05-07 16:10:47.099,0.021,2,2,0.933184,0.00010397659,0.04358484,0.933184,0.023127092
512,237,standing,2021-05-07 16:10:46.119,2021-05-07 16:10:48.099,0.021,2,2,0.932202,0.000100016005,0.049426503,0.932202,0.018271526
512,237,standing,2021-05-07 16:10:47.119,2021-05-07 16:10:49.099,0.021,2,2,0.92973554,0.00010826361,0.05400141,0.92973554,0.01615473
512,237,standing,2021-05-07 16:10:48.119,2021-05-07 16:10:50.099,0.021,2,2,0.93081564,0.00010093265,0.05483593,0.93081564,0.014247462
512,237,standing,2021-05-07 16:10:49.119,2021-05-07 16:10:51.099,0.021,2,2,0.91912985,0.000114745155,0.07054812,0.91912985,0.010207198
512,237,standing,2021-05-07 16:10:50.119,2021-05-07 16:10:52.099,0.021,2,2,0.90237874,0.0001151597,0.09173405,0.90237874,0.005772101
512,237,standing,2021-05-07 16:10:51.119,2021-05-07 16:10:53.099,0.021,2,2,0.88735884,0.00011542135,0.10804912,0.88735884,0.0044765137
512,237,standing,2021-05-07 16:10:52.119,2021-05-07 16:10:54.099,0.021,2,2,0.87740374,0.00013497609,0.11756286,0.87740374,0.004898427
512,237,standing,2021-05-07 16:10:53.119,2021-05-07 16:10:55.099,0.021,2,2,0.8848348,9.958317e-05,0.11185146,0.8848348,0.0032140969
512,237,standing,2021-05-07 16:10:54.119,2021-05-07 16:10:56.099,0.021,2,2,0.89645356,7.7292236e-05,0.100712284,0.89645356,0.002756898
512,237,standing,2021-05-07 16:10:55.119,2021-05-07 16:10:57.099,0.021,2,2,0.9171925,9.092185e-05,0.07704726,0.9171925,0.005669227
512,237,standing,2021-05-07 16:10:56.119,2021-05-07 16:10:58.099,0.021,2,2,0.9219081,0.00012899737,0.0640359,0.9219081,0.013926969
512,239,standing,2021-05-07 16:10:59.959,2021-05-07 16:11:01.940,0.021,2,2,0.9058014,0.00018653597,0.07656327,0.9058014,0.017448826
512,239,standing,2021-05-07 16:11:00.960,2021-05-07 16:11:02.940,0.021,2,2,0.9091763,0.00012591042,0.083558924,0.9091763,0.007138834
512,239,standing,2021-05-07 16:11:01.960,2021-05-07 16:11:03.940,0.021,2,2,0.91177183,0.00012861955,0.078322284,0.91177183,0.009777179
512,239,standing,2021-05-07 16:11:02.960,2021-05-07 16:11:04.940,0.021,2,2,0.9116822,0.00013247803,0.07769602,0.9116822,0.010489315
512,239,standing,2021-05-07 16:11:03.960,2021-05-07 16:11:05.940,0.021,2,2,0.91776574,0.00013742193,0.06513255,0.91776574,0.016964283
512,239,standing,2021-05-07 16:11:04.960,2021-05-07 16:11:06.940,0.021,2,2,0.90559036,0.00012943523,0.08536333,0.90559036,0.008916907
512,239,standing,2021-05-07 16:11:05.960,2021-05-07 16:11:07.940,0.021,2,2,0.88494027,0.00012874711,0.10971466,0.88494027,0.0052163396
512,241,standing,2021-05-07 16:11:08.359,2021-05-07 16:11:10.340,0.021,2,2,0.8689488,0.00016555993,0.12419054,0.8689488,0.0066950023
512,241,standing,2021-05-07 16:11:09.359,2021-05-07 16:11:11.340,0.021,2,2,0.8454867,0.0001726323,0.14960845,0.8454867,0.004732228
512,241,standing,2021-05-07 16:11:10.359,2021-05-07 16:11:12.340,0.021,2,2,0.8514809,0.00015170488,0.14434059,0.8514809,0.0040268083
512,241,standing,2021-05-07 16:11:11.359,2021-05-07 16:11:13.340,0.021,2,2,0.8762647,0.00012829062,0.11923557,0.8762647,0.004371465
512,241,standing,2021-05-07 16:11:12.359,2021-05-07 16:11:14.340,0.021,2,2,0.8964924,0.0001228717,0.097389966,0.8964924,0.005994694
512,241,standing,2021-05-07 16:11:13.359,2021-05-07 16:11:15.340,0.021,2,2,0.8783211,0.00014482267,0.115839444,0.8783211,0.0056946175
512,241,standing,2021-05-07 16:11:14.359,2021-05-07 16:11:16.340,0.021,2,2,0.86057603,0.00015664026,0.13440517,0.86057603,0.004862171
512,241,standing,2021-05-07 16:11:15.359,2021-05-07 16:11:17.340,0.021,2,2,0.87136614,0.00013555937,0.12418728,0.87136614,0.00431098
512,241,standing,2021-05-07 16:11:16.360,2021-05-07 16:11:18.340,0.021,2,2,0.8920675,0.0001273431,0.10253926,0.8920675,0.005265939
512,241,standing,2021-05-07 16:11:17.360,2021-05-07 16:11:19.340,0.021,2,2,0.9066625,0.00016294963,0.08144194,0.9066625,0.011732654
512,241,standing,2021-05-07 16:11:18.360,2021-05-07 16:11:20.340,0.021,2,2,0.9128744,0.000185066,0.05466095,0.9128744,0.032279667
512,245,standing,2021-05-07 16:11:23.000,2021-05-07 16:11:24.979,0.021,2,2,0.92538416,0.00011008109,0.05582886,0.92538416,0.01867704
512,245,standing,2021-05-07 16:11:24.000,2021-05-07 16:11:25.979,0.021,2,2,0.91734767,0.00014913996,0.06468396,0.91734767,0.017819196
512,245,standing,2021-05-07 16:11:25.000,2021-05-07 16:11:26.979,0.021,2,2,0.9034183,0.00018592904,0.080293484,0.9034183,0.0161022
512,245,standing,2021-05-07 16:11:26.000,2021-05-07 16:11:27.979,0.021,2,2,0.8876324,0.00025739346,0.08254095,0.8876324,0.029569186
512,245,standing,2021-05-07 16:11:27.000,2021-05-07 16:11:28.979,0.021,2,2,0.8841827,0.00019907375,0.10564247,0.8841827,0.009975788
512,245,standing,2021-05-07 16:11:28.000,2021-05-07 16:11:29.979,0.021,2,2,0.8637804,0.00015026041,0.13170013,0.8637804,0.0043692095
512,245,standing,2021-05-07 16:11:29.000,2021-05-07 16:11:30.979,0.021,2,2,0.88298404,0.00012018561,0.11271259,0.88298404,0.004183274
512,245,standing,2021-05-07 16:11:30.000,2021-05-07 16:11:31.979,0.021,2,2,0.8997721,0.00010609096,0.09516638,0.8997721,0.0049553886
512,245,standing,2021-05-07 16:11:31.000,2021-05-07 16:11:32.979,0.021,2,2,0.904399,0.000106545434,0.09014712,0.904399,0.0053473543
512,245,standing,2021-05-07 16:11:32.000,2021-05-07 16:11:33.979,0.021,2,2,0.9060695,8.912398e-05,0.08956102,0.9060695,0.0042804223
512,245,standing,2021-05-07 16:11:33.000,2021-05-07 16:11:34.979,0.021,2,2,0.9229255,9.3489696e-05,0.06905015,0.9229255,0.007930888
512,245,standing,2021-05-07 16:11:34.000,2021-05-07 16:11:35.979,0.021,2,2,0.91402936,0.00012539337,0.039616875,0.91402936,0.046228398
512,247,walking,2021-05-07 16:11:37.799,2021-05-07 16:11:39.779,0.021,3,3,0.9996235,3.4585269e-06,7.5214953e-06,0.0003655895,0.9996235
512,247,walking,2021-05-07 16:11:38.799,2021-05-07 16:11:40.779,0.021,3,3,0.9995882,2.2219106e-06,7.1066765e-06,0.00040242163,0.9995882
512,247,walking,2021-05-07 16:11:39.799,2021-05-07 16:11:41.779,0.021,3,3,0.9906164,3.7024958e-05,0.00026118633,0.00908534,0.9906164
512,247,walking,2021-05-07 16:11:40.799,2021-05-07 16:11:42.779,0.021,3,3,0.99378484,2.3394692e-05,0.00015065912,0.006041171,0.99378484
512,247,walking,2021-05-07 16:11:41.799,2021-05-07 16:11:43.779,0.021,3,3,0.9766339,7.603421e-05,0.0007688053,0.022521146,0.9766339
512,247,walking,2021-05-07 16:11:42.799,2021-05-07 16:11:44.779,0.021,3,3,0.97569233,6.559258e-05,0.00069701887,0.02354505,0.97569233
512,247,walking,2021-05-07 16:11:43.799,2021-05-07 16:11:45.779,0.021,3,3,0.9710214,7.1563394e-05,0.00077645195,0.028130587,0.9710214
512,247,walking,2021-05-07 16:11:44.799,2021-05-07 16:11:46.779,0.021,3,3,0.9859868,5.4690183e-05,0.0003706402,0.013587705,0.9859868
512,249,standing,2021-05-07 16:11:48.080,2021-05-07 16:11:50.060,0.021,2,2,0.85063887,0.00019808562,0.13333213,0.85063887,0.015830858
512,249,standing,2021-05-07 16:11:49.080,2021-05-07 16:11:51.060,0.021,2,2,0.85563916,0.00013526026,0.13879417,0.85563916,0.005431252
512,249,standing,2021-05-07 16:11:50.080,2021-05-07 16:11:52.060,0.021,2,2,0.89326346,0.00015756491,0.09472814,0.89326346,0.011850713
512,249,standing,2021-05-07 16:11:51.080,2021-05-07 16:11:53.060,0.021,2,2,0.8946834,0.0001372606,0.09550027,0.8946834,0.009679085
512,250,walking,2021-05-07 16:11:54.040,2021-05-07 16:11:56.020,0.021,3,3,0.99841213,1.001849e-05,4.9652885e-05,0.0015281263,0.99841213
512,250,walking,2021-05-07 16:11:55.040,2021-05-07 16:11:57.020,0.021,3,3,0.99923795,4.5206552e-06,1.512764e-05,0.0007424923,0.99923795
512,250,walking,2021-05-07 16:11:56.040,2021-05-07 16:11:58.020,0.021,3,3,0.9952269,1.939267e-05,0.00013280952,0.004620898,0.9952269
512,250,walking,2021-05-07 16:11:57.040,2021-05-07 16:11:59.020,0.021,3,3,0.99948686,5.6500385e-06,1.795618e-05,0.0004895445,0.99948686
512,250,walking,2021-05-07 16:11:58.040,2021-05-07 16:12:00.019,0.021,3,3,0.9991986,1.1884377e-05,4.2430027e-05,0.0007469986,0.9991986
512,250,walking,2021-05-07 16:11:59.040,2021-05-07 16:12:01.019,0.021,3,3,0.995661,3.9312265e-05,0.000242437,0.004057261,0.995661
512,250,walking,2021-05-07 16:12:00.039,2021-05-07 16:12:02.019,0.021,3,3,0.9994852,5.1659686e-06,1.8457855e-05,0.00049114693,0.9994852
512,250,walking,2021-05-07 16:12:01.039,2021-05-07 16:12:03.019,0.021,3,3,0.9989935,7.1154045e-06,3.7415266e-05,0.0009618759,0.9989935
512,250,walking,2021-05-07 16:12:02.039,2021-05-07 16:12:04.019,0.021,3,3,0.9972807,1.4806044e-05,5.810006e-05,0.0026463363,0.9972807
512,250,walking,2021-05-07 16:12:03.039,2021-05-07 16:12:05.019,0.021,3,3,0.9940135,2.6055124e-05,0.00014780546,0.0058126394,0.9940135
512,250,walking,2021-05-07 16:12:04.039,2021-05-07 16:12:06.019,0.021,3,3,0.95329756,8.133133e-05,0.0012681773,0.04535291,0.95329756
512,250,walking,2021-05-07 16:12:05.039,2021-05-07 16:12:07.019,0.021,3,3,0.9648486,6.9943635e-05,0.00092225673,0.034159254,0.9648486
512,250,walking,2021-05-07 16:12:06.039,2021-05-07 16:12:08.020,0.021,3,3,0.99468875,2.0619362e-05,0.00012898575,0.0051617157,0.99468875
512,250,walking,2021-05-07 16:12:07.039,2021-05-07 16:12:09.020,0.021,3,3,0.99619454,1.5949374e-05,0.000103330116,0.0036861275,0.99619454
512,250,walking,2021-05-07 16:12:08.039,2021-05-07 16:12:10.020,0.021,3,3,0.97709084,5.8945472e-05,0.00071098254,0.02213909,0.97709084
512,250,walking,2021-05-07 16:12:09.039,2021-05-07 16:12:11.020,0.021,3,3,0.99259126,3.709049e-05,0.0002411678,0.0071305525,0.99259126
512,250,walking,2021-05-07 16:12:10.039,2021-05-07 16:12:12.020,0.021,3,3,0.9996037,2.0230846e-06,5.0181106e-06,0.00038924936,0.9996037
512,250,walking,2021-05-07 16:12:11.039,2021-05-07 16:12:13.020,0.021,3,3,0.9996378,2.0029347e-06,6.3186876e-06,0.00035383465,0.9996378
512,250,walking,2021-05-07 16:12:12.039,2021-05-07 16:12:14.020,0.021,3,3,0.99915314,5.7446036e-06,1.8141869e-05,0.00082298013,0.99915314
512,250,walking,2021-05-07 16:12:13.039,2021-05-07 16:12:15.020,0.021,3,3,0.9994211,3.5631967e-06,9.084272e-06,0.00056620815,0.9994211
512,250,walking,2021-05-07 16:12:14.039,2021-05-07 16:12:16.020,0.021,3,3,0.9999489,4.194002e-07,5.9903306e-07,4.996529e-05,0.9999489
512,250,walking,2021-05-07 16:12:15.039,2021-05-07 16:12:17.020,0.021,3,3,0.99995095,4.0662928e-07,5.0116813e-07,4.8136146e-05,0.99995095
512,250,walking,2021-05-07 16:12:16.040,2021-05-07 16:12:18.020,0.021,3,3,0.9988183,6.4805286e-06,1.9201152e-05,0.001156131,0.9988183
512,250,walking,2021-05-07 16:12:17.040,2021-05-07 16:12:19.020,0.021,3,3,0.99983716,9.583306e-07,1.6437822e-06,0.00016017826,0.99983716
512,250,walking,2021-05-07 16:12:18.040,2021-05-07 16:12:20.020,0.021,3,3,0.9985458,4.9509276e-06,2.1324066e-05,0.0014278805,0.9985458
512,250,walking,2021-05-07 16:12:19.040,2021-05-07 16:12:21.020,0.021,3,3,0.9932655,3.4023364e-05,0.00021999725,0.006480423,0.9932655
512,250,walking,2021-05-07 16:12:20.040,2021-05-07 16:12:22.020,0.021,3,3,0.997218,1.7110377e-05,8.1309554e-05,0.0026835932,0.997218
512,250,walking,2021-05-07 16:12:21.040,2021-05-07 16:12:23.020,0.021,3,3,0.99206,1.7435295e-05,0.00012330958,0.007799328,0.99206
512,250,walking,2021-05-07 16:12:22.040,2021-05-07 16:12:24.020,0.021,3,3,0.9905599,2.727117e-05,0.00020540658,0.00920741,0.9905599
512,250,walking,2021-05-07 16:12:23.040,2021-05-07 16:12:25.020,0.021,3,3,0.9999425,7.287596e-07,9.819839e-07,5.5685545e-05,0.9999425
512,250,walking,2021-05-07 16:12:24.040,2021-05-07 16:12:26.020,0.021,3,3,0.99997514,2.2380846e-07,2.4342975e-07,2.4320561e-05,0.99997514
512,250,walking,2021-05-07 16:12:25.040,2021-05-07 16:12:27.020,0.021,3,3,0.9965252,1.4251106e-05,6.863016e-05,0.003391913,0.9965252
512,250,walking,2021-05-07 16:12:26.040,2021-05-07 16:12:28.020,0.021,3,3,0.99833715,9.624111e-06,3.3734275e-05,0.0016194878,0.99833715
512,250,walking,2021-05-07 16:12:27.040,2021-05-07 16:12:29.020,0.021,3,3,0.999743,1.5439626e-06,3.603637e-06,0.00025179598,0.999743
512,250,walking,2021-05-07 16:12:28.040,2021-05-07 16:12:30.020,0.021,3,3,0.9994821,4.1310755e-06,1.2301831e-05,0.00050141854,0.9994821
512,250,walking,2021-05-07 16:12:29.040,2021-05-07 16:12:31.020,0.021,3,3,0.99163467,4.084856e-05,0.00030480244,0.008019596,0.99163467
512,250,walking,2021-05-07 16:12:30.040,2021-05-07 16:12:32.020,0.021,3,3,0.9865686,6.827299e-05,0.00060373155,0.012759411,0.9865686
512,250,walking,2021-05-07 16:12:31.040,2021-05-07 16:12:33.020,0.021,3,3,0.9969253,3.8445447e-05,0.00015424269,0.0028820026,0.9969253
512,250,walking,2021-05-07 16:12:32.040,2021-05-07 16:12:34.020,0.021,3,3,0.99995,8.772569e-07,1.1696765e-06,4.7886515e-05,0.99995
512,250,walking,2021-05-07 16:12:33.040,2021-05-07 16:12:35.020,0.021,3,3,0.9993777,4.384975e-06,1.4451434e-05,0.00060336204,0.9993777
512,250,walking,2021-05-07 16:12:34.040,2021-05-07 16:12:36.020,0.021,3,3,0.9988274,7.06108e-06,2.83603e-05,0.0011371594,0.9988274
512,250,walking,2021-05-07 16:12:35.040,2021-05-07 16:12:37.020,0.021,3,3,0.9984397,7.362295e-06,3.1658696e-05,0.0015212616,0.9984397
512,250,walking,2021-05-07 16:12:36.040,2021-05-07 16:12:38.020,0.021,3,3,0.999957,3.114895e-07,5.216647e-07,4.20704e-05,0.999957
512,250,walking,2021-05-07 16:12:37.040,2021-05-07 16:12:39.020,0.021,3,3,0.99951506,3.5622472e-06,8.182968e-06,0.0004732516,0.99951506
512,250,walking,2021-05-07 16:12:38.040,2021-05-07 16:12:40.020,0.021,3,3,0.9994816,3.1843313e-06,7.813708e-06,0.00050733174,0.9994816
512,250,walking,2021-05-07 16:12:39.040,2021-05-07 16:12:41.020,0.021,3,3,0.9997573,1.1658286e-06,3.2752994e-06,0.00023837676,0.9997573
512,250,walking,2021-05-07 16:12:40.040,2021-05-07 16:12:42.020,0.021,3,3,0.98998183,3.5103974e-05,0.00021192463,0.00977117,0.98998183
512,250,walking,2021-05-07 16:12:41.040,2021-05-07 16:12:43.020,0.021,3,3,0.9974845,9.749563e-06,3.467832e-05,0.0024710612,0.9974845
512,250,walking,2021-05-07 16:12:42.040,2021-05-07 16:12:44.020,0.021,3,3,0.999973,1.9297758e-07,2.56094e-07,2.647232e-05,0.999973
512,250,walking,2021-05-07 16:12:43.040,2021-05-07 16:12:45.020,0.021,3,3,0.999362,4.7882895e-06,1.2372188e-05,0.0006207633,0.999362
512,250,walking,2021-05-07 16:12:44.040,2021-05-07 16:12:46.020,0.021,3,3,0.9992475,3.7765903e-06,1.0204412e-05,0.0007386562,0.9992475
512,250,walking,2021-05-07 16:12:45.040,2021-05-07 16:12:47.020,0.021,3,3,0.9997771,1.4442594e-06,3.8113815e-06,0.00021755674,0.9997771
512,250,walking,2021-05-07 16:12:46.040,2021-05-07 16:12:48.020,0.021,3,3,0.9988799,7.2150647e-06,2.6542222e-05,0.0010862169,0.9988799
512,250,walking,2021-05-07 16:12:47.040,2021-05-07 16:12:49.020,0.021,3,3,0.9952582,1.4576544e-05,8.5000764e-05,0.004642292,0.9952582
512,250,walking,2021-05-07 16:12:48.040,2021-05-07 16:12:50.020,0.021,3,3,0.9925308,2.4687413e-05,0.00019510057,0.0072492734,0.9925308
512,250,walking,2021-05-07 16:12:49.040,2021-05-07 16:12:51.020,0.021,3,3,0.99966854,2.7047531e-06,5.7982443e-06,0.00032302484,0.99966854
512,250,walking,2021-05-07 16:12:50.040,2021-05-07 16:12:52.020,0.021,3,3,0.99995106,6.236485e-07,8.1732077e-07,4.7479843e-05,0.99995106
512,250,walking,2021-05-07 16:12:51.040,2021-05-07 16:12:53.020,0.021,3,3,0.9995246,2.9204996e-06,1.0080534e-05,0.00046247285,0.9995246
512,250,walking,2021-05-07 16:12:52.040,2021-05-07 16:12:54.020,0.021,3,3,0.995835,1.8798002e-05,9.5017975e-05,0.004051072,0.995835
512,250,walking,2021-05-07 16:12:53.040,2021-05-07 16:12:55.020,0.021,3,3,0.9990843,6.122246e-06,1.6207114e-05,0.00089339714,0.9990843
512,250,walking,2021-05-07 16:12:54.040,2021-05-07 16:12:56.020,0.021,3,3,0.9999153,8.3811057e-07,1.3970115e-06,8.2337814e-05,0.9999153
512,250,walking,2021-05-07 16:12:55.040,2021-05-07 16:12:57.020,0.021,3,3,0.9969921,1.7064396e-05,7.212663e-05,0.0029186562,0.9969921
512,250,walking,2021-05-07 16:12:56.040,2021-05-07 16:12:58.020,0.021,3,3,0.99963826,3.2477262e-06,5.8136498e-06,0.00035277448,0.99963826
512,250,walking,2021-05-07 16:12:57.040,2021-05-07 16:12:59.020,0.021,3,3,0.99986887,1.0137613e-06,2.1246035e-06,0.0001280846,0.99986887
512,250,walking,2021-05-07 16:12:58.040,2021-05-07 16:13:00.019,0.021,3,3,0.9948786,2.7704717e-05,0.00012387794,0.0049696914,0.9948786
512,250,walking,2021-05-07 16:12:59.040,2021-05-07 16:13:01.019,0.021,3,3,0.9990502,6.733399e-06,1.9407555e-05,0.0009236941,0.9990502
512,250,walking,2021-05-07 16:13:00.039,2021-05-07 16:13:02.019,0.021,3,3,0.997229,1.9872961e-05,0.000103955215,0.0026472628,0.997229
512,250,walking,2021-05-07 16:13:01.039,2021-05-07 16:13:03.019,0.021,3,3,0.9963056,3.0105295e-05,0.00013339047,0.0035309787,0.9963056
512,250,walking,2021-05-07 16:13:02.039,2021-05-07 16:13:04.019,0.021,3,3,0.99998945,9.9071e-08,6.281358e-08,1.0343061e-05,0.99998945
512,250,walking,2021-05-07 16:13:03.039,2021-05-07 16:13:05.019,0.021,3,3,0.99998814,1.8117989e-07,1.49846e-07,1.1425402e-05,0.99998814
512,250,walking,2021-05-07 16:13:04.039,2021-05-07 16:13:06.019,0.021,3,3,0.999901,2.2164716e-06,2.7756012e-06,9.392761e-05,0.999901
512,250,walking,2021-05-07 16:13:05.039,2021-05-07 16:13:07.019,0.021,3,3,0.99988264,1.0930581e-06,1.5286498e-06,0.00011471277,0.99988264
512,250,walking,2021-05-07 16:13:06.039,2021-05-07 16:13:08.020,0.021,3,3,0.9993245,5.5454866e-06,1.8028206e-05,0.00065193756,0.9993245
512,253,standing,2021-05-07 16:13:09.680,2021-05-07 16:13:11.659,0.021,2,2,0.8758266,0.00026904594,0.09161244,0.8758266,0.03229182
512,255,standing,2021-05-07 16:13:13.319,2021-05-07 16:13:15.300,0.021,2,2,0.90986115,9.991402e-05,0.07595674,0.90986115,0.014082263
512,255,standing,2021-05-07 16:13:14.319,2021-05-07 16:13:16.299,0.021,2,2,0.9001167,0.00010247647,0.0929928,0.9001167,0.0067881094
512,255,standing,2021-05-07 16:13:15.319,2021-05-07 16:13:17.299,0.021,2,2,0.8939495,0.00014972464,0.09445753,0.8939495,0.011443125
512,256,walking,2021-05-07 16:13:17.559,2021-05-07 16:13:19.540,0.021,3,3,0.99612194,1.0991538e-05,6.271315e-05,0.0038043258,0.99612194
512,256,walking,2021-05-07 16:13:18.559,2021-05-07 16:13:20.540,0.021,3,3,0.99961203,4.7869116e-06,1.366144e-05,0.00036959854,0.99961203
512,256,walking,2021-05-07 16:13:19.559,2021-05-07 16:13:21.540,0.021,3,3,0.9994611,3.8814783e-06,1.2932179e-05,0.00052202144,0.9994611
512,256,walking,2021-05-07 16:13:20.559,2021-05-07 16:13:22.540,0.021,3,3,0.993584,1.6365666e-05,0.00010195312,0.0062976927,0.993584
512,256,walking,2021-05-07 16:13:21.559,2021-05-07 16:13:23.540,0.021,3,3,0.9528115,7.986291e-05,0.0010410759,0.046067573,0.9528115
512,256,walking,2021-05-07 16:13:22.559,2021-05-07 16:13:24.540,0.021,3,3,0.9156746,9.480734e-05,0.0016609624,0.08256957,0.9156746
512,256,walking,2021-05-07 16:13:23.559,2021-05-07 16:13:25.540,0.021,3,3,0.92611766,0.000110226356,0.0019228715,0.07184926,0.92611766
512,256,walking,2021-05-07 16:13:24.559,2021-05-07 16:13:26.540,0.021,3,3,0.9964884,1.8416276e-05,8.658557e-05,0.0034065975,0.9964884
512,256,walking,2021-05-07 16:13:25.559,2021-05-07 16:13:27.540,0.021,3,3,0.99933416,5.066086e-06,1.223193e-05,0.0006484899,0.99933416
512,256,walking,2021-05-07 16:13:26.559,2021-05-07 16:13:28.540,0.021,3,3,0.9967373,1.2585725e-05,6.048129e-05,0.0031895924,0.9967373
512,256,walking,2021-05-07 16:13:27.559,2021-05-07 16:13:29.540,0.021,3,3,0.9946811,1.841351e-05,0.000101382255,0.0051990673,0.9946811
512,256,walking,2021-05-07 16:13:28.559,2021-05-07 16:13:30.540,0.021,3,3,0.99819165,8.672302e-06,2.9402161e-05,0.0017702989,0.99819165
512,256,walking,2021-05-07 16:13:29.559,2021-05-07 16:13:31.540,0.021,3,3,0.9995513,3.137413e-06,6.606885e-06,0.00043902182,0.9995513
512,256,walking,2021-05-07 16:13:30.559,2021-05-07 16:13:32.540,0.021,3,3,0.99975526,9.458678e-07,1.9082254e-06,0.0002418343,0.99975526
512,256,walking,2021-05-07 16:13:31.559,2021-05-07 16:13:33.540,0.021,3,3,0.99980235,1.5320004e-06,3.0865435e-06,0.0001931331,0.99980235
512,256,walking,2021-05-07 16:13:32.560,2021-05-07 16:13:34.540,0.021,3,3,0.999429,4.332466e-06,1.1241302e-05,0.0005554724,0.999429
512,256,walking,2021-05-07 16:13:33.560,2021-05-07 16:13:35.540,0.021,3,3,0.99798906,7.605724e-06,3.0240488e-05,0.0019730588,0.99798906
512,256,walking,2021-05-07 16:13:34.560,2021-05-07 16:13:36.540,0.021,3,3,0.9979894,1.3834563e-05,6.1650564e-05,0.0019350486,0.9979894
512,256,walking,2021-05-07 16:13:35.560,2021-05-07 16:13:37.540,0.021,3,3,0.99977756,2.006618e-06,5.31171e-06,0.00021510344,0.99977756
512,256,walking,2021-05-07 16:13:36.560,2021-05-07 16:13:38.540,0.021,3,3,0.999917,3.63109e-07,7.9431635e-07,8.1808685e-05,0.999917
512,256,walking,2021-05-07 16:13:37.560,2021-05-07 16:13:39.540,0.021,3,3,0.99817085,9.546004e-06,3.6614136e-05,0.0017830322,0.99817085
512,256,walking,2021-05-07 16:13:38.560,2021-05-07 16:13:40.540,0.021,3,3,0.9985533,5.954902e-06,2.4421035e-05,0.0014162671,0.9985533
512,256,walking,2021-05-07 16:13:39.560,2021-05-07 16:13:41.540,0.021,3,3,0.9989396,4.6402993e-06,1.774031e-05,0.0010380871,0.9989396
512,256,walking,2021-05-07 16:13:40.560,2021-05-07 16:13:42.540,0.021,3,3,0.99820966,1.2474508e-05,5.1921234e-05,0.0017259239,0.99820966
512,256,walking,2021-05-07 16:13:41.560,2021-05-07 16:13:43.540,0.021,3,3,0.97568387,0.00012511552,0.0011712187,0.023019789,0.97568387
512,256,walking,2021-05-07 16:13:42.560,2021-05-07 16:13:44.540,0.021,3,3,0.99995905,7.244241e-07,7.5679e-07,3.945532e-05,0.99995905
512,256,walking,2021-05-07 16:13:43.560,2021-05-07 16:13:45.540,0.021,3,3,0.99999636,6.68389e-08,5.6088627e-08,3.4345428e-06,0.99999636
512,256,walking,2021-05-07 16:13:44.560,2021-05-07 16:13:46.540,0.021,3,3,0.9997283,4.0304762e-06,1.0050275e-05,0.0002575449,0.9997283
512,256,walking,2021-05-07 16:13:45.560,2021-05-07 16:13:47.540,0.021,3,3,0.9987189,1.31729275e-05,4.421774e-05,0.001223779,0.9987189
512,256,walking,2021-05-07 16:13:46.560,2021-05-07 16:13:48.540,0.021,3,3,0.99992424,9.647877e-07,1.6830688e-06,7.298932e-05,0.99992424
512,256,walking,2021-05-07 16:13:47.560,2021-05-07 16:13:49.540,0.021,3,3,0.9991152,6.4846936e-06,2.1355769e-05,0.00085689273,0.9991152
512,256,walking,2021-05-07 16:13:48.560,2021-05-07 16:13:50.540,0.021,3,3,0.9907418,2.8299324e-05,0.0001928999,0.00903702,0.9907418
512,256,walking,2021-05-07 16:13:49.560,2021-05-07 16:13:51.540,0.021,3,3,0.99947184,2.3030298e-06,6.6957878e-06,0.0005190626,0.99947184
512,256,walking,2021-05-07 16:13:50.560,2021-05-07 16:13:52.540,0.021,3,3,0.9992289,3.3317442e-06,1.0098448e-05,0.0007576018,0.9992289
512,256,walking,2021-05-07 16:13:51.560,2021-05-07 16:13:53.540,0.021,3,3,0.9993331,5.1771167e-06,1.2801078e-05,0.00064887985,0.9993331
512,256,walking,2021-05-07 16:13:52.560,2021-05-07 16:13:54.540,0.021,3,3,0.9999059,9.983058e-07,1.8809876e-06,9.121375e-05,0.9999059
512,256,walking,2021-05-07 16:13:53.560,2021-05-07 16:13:55.540,0.021,3,3,0.9976884,2.5530846e-05,0.00010181735,0.0021842169,0.9976884
512,256,walking,2021-05-07 16:13:54.560,2021-05-07 16:13:56.540,0.021,3,3,0.9988892,7.849831e-06,2.3362585e-05,0.00107948,0.9988892
512,256,walking,2021-05-07 16:13:55.560,2021-05-07 16:13:57.540,0.021,3,3,0.9996082,2.239634e-06,5.91032e-06,0.0003835937,0.9996082
512,256,walking,2021-05-07 16:13:56.560,2021-05-07 16:13:58.540,0.021,3,3,0.99814504,1.6646492e-05,5.66096e-05,0.0017817818,0.99814504
512,256,walking,2021-05-07 16:13:57.560,2021-05-07 16:13:59.540,0.021,3,3,0.9999961,8.184586e-08,3.990325e-08,3.7260488e-06,0.9999961
512,256,walking,2021-05-07 16:13:58.560,2021-05-07 16:14:00.539,0.021,3,3,0.99999315,1.8358242e-07,1.1752389e-07,6.4895003e-06,0.99999315
512,256,walking,2021-05-07 16:13:59.560,2021-05-07 16:14:01.539,0.021,3,3,0.99892426,1.9592588e-05,5.0706214e-05,0.0010054703,0.99892426
512,256,walking,2021-05-07 16:14:00.559,2021-05-07 16:14:02.539,0.021,3,3,0.99998826,2.1978158e-07,1.6376485e-07,1.1347435e-05,0.99998826
512,256,walking,2021-05-07 16:14:01.559,2021-05-07 16:14:03.539,0.021,3,3,0.99991685,9.647547e-07,1.8327444e-06,8.026087e-05,0.99991685
512,257,standing,2021-05-07 16:14:03.920,2021-05-07 16:14:05.900,0.021,2,2,0.91225964,0.00014444928,0.049115565,0.91225964,0.038480412
512,257,standing,2021-05-07 16:14:04.920,2021-05-07 16:14:06.900,0.021,2,2,0.9346369,9.74219e-05,0.042648792,0.9346369,0.022617005
512,258,walking,2021-05-07 16:14:07.720,2021-05-07 16:14:09.699,0.021,3,3,0.9969076,1.9203537e-05,9.4476076e-05,0.0029786837,0.9969076
512,258,walking,2021-05-07 16:14:08.720,2021-05-07 16:14:10.699,0.021,3,3,0.9987801,1.0340084e-05,4.1054554e-05,0.0011685455,0.9987801
512,258,walking,2021-05-07 16:14:09.720,2021-05-07 16:14:11.699,0.021,3,3,0.99622434,1.3985029e-05,7.967096e-05,0.00368193,0.99622434
512,258,walking,2021-05-07 16:14:10.720,2021-05-07 16:14:12.699,0.021,3,3,0.99970794,1.2445789e-06,2.5901456e-06,0.00028813136,0.99970794
512,258,walking,2021-05-07 16:14:11.720,2021-05-07 16:14:13.699,0.021,3,3,0.99961156,3.223165e-06,6.380066e-06,0.00037877742,0.99961156
512,258,walking,2021-05-07 16:14:12.720,2021-05-07 16:14:14.699,0.021,3,3,0.9999754,2.3306784e-07,2.655694e-07,2.4079738e-05,0.9999754
512,258,walking,2021-05-07 16:14:13.720,2021-05-07 16:14:15.699,0.021,3,3,0.9994921,4.0106806e-06,8.334253e-06,0.00049560214,0.9994921
512,258,walking,2021-05-07 16:14:14.720,2021-05-07 16:14:16.700,0.021,3,3,0.99913085,9.743876e-06,2.6443193e-05,0.00083293184,0.99913085
512,258,walking,2021-05-07 16:14:15.720,2021-05-07 16:14:17.700,0.021,3,3,0.99996275,5.053891e-07,8.4078664e-07,3.5867066e-05,0.99996275
512,258,walking,2021-05-07 16:14:16.719,2021-05-07 16:14:18.700,0.021,3,3,0.99923915,1.04367255e-05,2.6832207e-05,0.00072369486,0.99923915
512,258,walking,2021-05-07 16:14:17.719,2021-05-07 16:14:19.700,0.021,3,3,0.99982834,1.9398929e-06,3.8881813e-06,0.00016580778,0.99982834
512,258,walking,2021-05-07 16:14:18.719,2021-05-07 16:14:20.700,0.021,3,3,0.99959296,2.5664165e-06,7.5510266e-06,0.00039697878,0.99959296
512,258,walking,2021-05-07 16:14:19.719,2021-05-07 16:14:21.700,0.021,3,3,0.99132043,3.1609954e-05,0.00020280042,0.008445214,0.99132043
512,258,walking,2021-05-07 16:14:20.719,2021-05-07 16:14:22.700,0.021,3,3,0.99974275,2.712833e-06,5.5692026e-06,0.000248902,0.99974275
512,258,walking,2021-05-07 16:14:21.719,2021-05-07 16:14:23.700,0.021,3,3,0.99993604,4.779988e-07,9.656155e-07,6.238991e-05,0.99993604
512,258,walking,2021-05-07 16:14:22.719,2021-05-07 16:14:24.700,0.021,3,3,0.9969372,2.8925444e-05,0.000117720454,0.0029161696,0.9969372
512,258,walking,2021-05-07 16:14:23.719,2021-05-07 16:14:25.700,0.021,3,3,0.9999859,2.0918482e-07,1.6667492e-07,1.3645828e-05,0.9999859
512,258,walking,2021-05-07 16:14:24.719,2021-05-07 16:14:26.700,0.021,3,3,0.99973774,1.9691436e-06,4.826259e-06,0.00025537133,0.99973774
512,258,walking,2021-05-07 16:14:25.719,2021-05-07 16:14:27.700,0.021,3,3,0.9920891,5.57322e-05,0.00032901618,0.007526119,0.9920891
512,258,walking,2021-05-07 16:14:26.719,2021-05-07 16:14:28.700,0.021,3,3,0.9998381,1.2854185e-06,2.9022824e-06,0.00015765493,0.9998381
512,258,walking,2021-05-07 16:14:27.719,2021-05-07 16:14:29.700,0.021,3,3,0.9999731,2.5925715e-07,4.2737753e-07,2.6155105e-05,0.9999731
512,258,walking,2021-05-07 16:14:28.719,2021-05-07 16:14:30.700,0.021,3,3,0.99969995,4.452079e-06,7.647131e-06,0.00028785877,0.99969995
512,258,walking,2021-05-07 16:14:29.719,2021-05-07 16:14:31.700,0.021,3,3,0.99992687,6.5671173e-07,8.3812665e-07,7.155252e-05,0.99992687
512,258,walking,2021-05-07 16:14:30.719,2021-05-07 16:14:32.700,0.021,3,3,0.9995686,4.0719488e-06,1.1123796e-05,0.0004162915,0.9995686
512,258,walking,2021-05-07 16:14:31.719,2021-05-07 16:14:33.700,0.021,3,3,0.9983683,1.13727e-05,4.50791e-05,0.0015752469,0.9983683
512,258,walking,2021-05-07 16:14:32.720,2021-05-07 16:14:34.700,0.021,3,3,0.99994415,3.767307e-07,4.9968816e-07,5.4947093e-05,0.99994415
512,258,walking,2021-05-07 16:14:33.720,2021-05-07 16:14:35.700,0.021,3,3,0.9997623,2.618369e-06,5.436989e-06,0.00022975843,0.9997623
512,258,walking,2021-05-07 16:14:34.720,2021-05-07 16:14:36.700,0.021,3,3,0.9973827,2.0365347e-05,9.8236924e-05,0.0024987175,0.9973827
512,258,walking,2021-05-07 16:14:35.720,2021-05-07 16:14:37.700,0.021,3,3,0.9998348,9.312988e-07,2.0238072e-06,0.00016229182,0.9998348
512,258,walking,2021-05-07 16:14:36.720,2021-05-07 16:14:38.700,0.021,3,3,0.99937487,3.9359966e-06,1.3725929e-05,0.00060749147,0.99937487
512,258,walking,2021-05-07 16:14:37.720,2021-05-07 16:14:39.700,0.021,3,3,0.99828106,1.5832848e-05,5.908147e-05,0.0016440485,0.99828106
512,258,walking,2021-05-07 16:14:38.720,2021-05-07 16:14:40.700,0.021,3,3,0.9993787,2.4116614e-06,6.6770995e-06,0.0006121481,0.9993787
512,258,walking,2021-05-07 16:14:39.720,2021-05-07 16:14:41.700,0.021,3,3,0.9993876,4.828767e-06,1.4475026e-05,0.0005930186,0.9993876
512,258,walking,2021-05-07 16:14:40.720,2021-05-07 16:14:42.700,0.021,3,3,0.999935,1.2216817e-06,1.676813e-06,6.2067294e-05,0.999935
512,258,walking,2021-05-07 16:14:41.720,2021-05-07 16:14:43.700,0.021,3,3,0.99996215,3.4382188e-07,4.1160686e-07,3.6993657e-05,0.99996215
512,258,walking,2021-05-07 16:14:42.720,2021-05-07 16:14:44.700,0.021,3,3,0.9998793,1.928154e-06,3.9771703e-06,0.0001147229,0.9998793
512,258,walking,2021-05-07 16:14:43.720,2021-05-07 16:14:45.700,0.021,3,3,0.999968,7.2737e-07,9.743735e-07,3.028982e-05,0.999968
512,258,walking,2021-05-07 16:14:44.720,2021-05-07 16:14:46.700,0.021,3,3,0.9998524,1.1427135e-06,2.510794e-06,0.00014391722,0.9998524
512,258,walking,2021-05-07 16:14:45.720,2021-05-07 16:14:47.700,0.021,3,3,0.9905122,6.1453284e-05,0.00046591202,0.008960418,0.9905122
512,258,walking,2021-05-07 16:14:46.720,2021-05-07 16:14:48.700,0.021,3,3,0.99970114,3.3764534e-06,6.9056705e-06,0.00028852257,0.99970114
512,258,walking,2021-05-07 16:14:47.720,2021-05-07 16:14:49.700,0.021,3,3,0.9986841,7.809061e-06,2.7978924e-05,0.0012801528,0.9986841
512,258,walking,2021-05-07 16:14:48.720,2021-05-07 16:14:50.700,0.021,3,3,0.99911976,8.237174e-06,2.303098e-05,0.0008488748,0.99911976
512,258,walking,2021-05-07 16:14:49.720,2021-05-07 16:14:51.700,0.021,3,3,0.99908966,7.292196e-06,2.7683982e-05,0.0008754338,0.99908966
512,258,walking,2021-05-07 16:14:50.720,2021-05-07 16:14:52.700,0.021,3,3,0.99722505,2.665801e-05,0.00012154231,0.0026267453,0.99722505
512,258,walking,2021-05-07 16:14:51.720,2021-05-07 16:14:53.700,0.021,3,3,0.99991256,1.1586694e-06,1.8121534e-06,8.439184e-05,0.99991256
512,258,walking,2021-05-07 16:14:52.720,2021-05-07 16:14:54.700,0.021,3,3,0.9999791,2.826502e-07,4.202168e-07,2.0216288e-05,0.9999791
512,258,walking,2021-05-07 16:14:53.720,2021-05-07 16:14:55.700,0.021,3,3,0.9995031,6.369969e-06,1.7382412e-05,0.00047317598,0.9995031
512,258,walking,2021-05-07 16:14:54.720,2021-05-07 16:14:56.700,0.021,3,3,0.9989297,1.3069783e-05,3.6631838e-05,0.0010205858,0.9989297
512,258,walking,2021-05-07 16:14:55.720,2021-05-07 16:14:57.700,0.021,3,3,0.9999787,2.8068277e-07,3.2499835e-07,2.0621836e-05,0.9999787
512,258,walking,2021-05-07 16:14:56.720,2021-05-07 16:14:58.700,0.021,3,3,0.9998805,1.3876272e-06,1.964883e-06,0.00011611676,0.9998805
512,258,walking,2021-05-07 16:14:57.720,2021-05-07 16:14:59.700,0.021,3,3,0.99999565,9.6115116e-08,4.6854655e-08,4.1033923e-06,0.99999565
512,258,walking,2021-05-07 16:14:58.720,2021-05-07 16:15:00.700,0.021,3,3,0.99998015,2.6233505e-07,3.3031486e-07,1.9213774e-05,0.99998015
512,258,walking,2021-05-07 16:14:59.720,2021-05-07 16:15:01.700,0.021,3,3,0.9983192,1.4716587e-05,4.8637394e-05,0.0016174089,0.9983192
512,258,walking,2021-05-07 16:15:00.720,2021-05-07 16:15:02.700,0.021,3,3,0.99911237,6.600867e-06,1.6405813e-05,0.0008645652,0.99911237
512,258,walking,2021-05-07 16:15:01.720,2021-05-07 16:15:03.700,0.021,3,3,0.99955666,4.5019806e-06,1.3177793e-05,0.00042565627,0.99955666
512,258,walking,2021-05-07 16:15:02.720,2021-05-07 16:15:04.699,0.021,3,3,0.99937665,7.647144e-06,2.0690675e-05,0.0005950342,0.99937665
512,258,walking,2021-05-07 16:15:03.720,2021-05-07 16:15:05.699,0.021,3,3,0.9998007,1.7614664e-06,3.159583e-06,0.00019438895,0.9998007
512,258,walking,2021-05-07 16:15:04.720,2021-05-07 16:15:06.699,0.021,3,3,0.999125,7.6729975e-06,2.7719889e-05,0.0008395902,0.999125
512,258,walking,2021-05-07 16:15:05.720,2021-05-07 16:15:07.699,0.021,3,3,0.9966366,2.984141e-05,0.00011961954,0.0032139316,0.9966366
512,258,walking,2021-05-07 16:15:06.720,2021-05-07 16:15:08.699,0.021,3,3,0.99992603,6.8778843e-07,8.287866e-07,7.2365794e-05,0.99992603
512,258,walking,2021-05-07 16:15:07.720,2021-05-07 16:15:09.699,0.021,3,3,0.98731667,4.291406e-05,0.00034250162,0.0122978585,0.98731667
512,258,walking,2021-05-07 16:15:08.720,2021-05-07 16:15:10.699,0.021,3,3,0.9595397,0.00016581856,0.0015824639,0.038712032,0.9595397
512,258,walking,2021-05-07 16:15:09.720,2021-05-07 16:15:11.699,0.021,3,3,0.9997202,1.8879466e-06,3.2888497e-06,0.00027458125,0.9997202
512,258,walking,2021-05-07 16:15:10.720,2021-05-07 16:15:12.699,0.021,3,3,0.9998823,1.0693167e-06,1.8426091e-06,0.00011469676,0.9998823
512,258,walking,2021-05-07 16:15:11.720,2021-05-07 16:15:13.699,0.021,3,3,0.9999929,1.1149497e-07,8.366929e-08,6.788197e-06,0.9999929
512,258,walking,2021-05-07 16:15:12.720,2021-05-07 16:15:14.699,0.021,3,3,0.9999806,1.4863566e-07,1.6773124e-07,1.900077e-05,0.9999806
512,258,walking,2021-05-07 16:15:13.720,2021-05-07 16:15:15.699,0.021,3,3,0.99893075,8.3658815e-06,2.2003107e-05,0.0010388152,0.99893075
512,258,walking,2021-05-07 16:15:14.720,2021-05-07 16:15:16.700,0.021,3,3,0.99987054,8.9960315e-07,1.7058416e-06,0.00012694995,0.99987054
512,258,walking,2021-05-07 16:15:15.720,2021-05-07 16:15:17.700,0.021,3,3,0.999914,1.4595759e-06,1.6487633e-06,8.2877115e-05,0.999914
512,258,walking,2021-05-07 16:15:16.719,2021-05-07 16:15:18.700,0.021,3,3,0.9999766,4.9107126e-07,4.0406897e-07,2.242132e-05,0.9999766
512,258,walking,2021-05-07 16:15:17.719,2021-05-07 16:15:19.700,0.021,3,3,0.9994417,5.398346e-06,1.5630825e-05,0.0005372313,0.9994417
512,258,walking,2021-05-07 16:15:18.719,2021-05-07 16:15:20.700,0.021,3,3,0.99994475,1.2426817e-06,1.397006e-06,5.2556723e-05,0.99994475
512,258,walking,2021-05-07 16:15:19.719,2021-05-07 16:15:21.700,0.021,3,3,0.99999505,8.3597214e-08,4.65768e-08,4.8129386e-06,0.99999505
512,258,walking,2021-05-07 16:15:20.719,2021-05-07 16:15:22.700,0.021,3,3,0.9993289,7.2559505e-06,1.998364e-05,0.00064378034,0.9993289
512,258,walking,2021-05-07 16:15:21.719,2021-05-07 16:15:23.700,0.021,3,3,0.9999303,7.815192e-07,1.0923902e-06,6.777555e-05,0.9999303
512,258,walking,2021-05-07 16:15:22.719,2021-05-07 16:15:24.700,0.021,3,3,0.99998456,1.3732246e-07,1.09900185e-07,1.5149891e-05,0.99998456
512,258,walking,2021-05-07 16:15:23.719,2021-05-07 16:15:25.700,0.021,3,3,0.9994253,7.1438058e-06,1.5664877e-05,0.00055198267,0.9994253
512,258,walking,2021-05-07 16:15:24.719,2021-05-07 16:15:26.700,0.021,3,3,0.9992055,6.120566e-06,1.8190758e-05,0.00077009684,0.9992055
512,258,walking,2021-05-07 16:15:25.719,2021-05-07 16:15:27.700,0.021,3,3,0.9998076,1.1384235e-06,2.1647618e-06,0.00018913992,0.9998076
512,258,walking,2021-05-07 16:15:26.719,2021-05-07 16:15:28.700,0.021,3,3,0.9996087,4.297326e-06,9.253984e-06,0.0003777239,0.9996087
512,258,walking,2021-05-07 16:15:27.719,2021-05-07 16:15:29.700,0.021,3,3,0.99996775,7.388813e-07,7.685333e-07,3.0722975e-05,0.99996775
512,258,walking,2021-05-07 16:15:28.719,2021-05-07 16:15:30.700,0.021,3,3,0.9999817,2.4880947e-07,3.15062e-07,1.7626686e-05,0.9999817
512,258,walking,2021-05-07 16:15:29.719,2021-05-07 16:15:31.700,0.021,3,3,0.99950236,1.2422108e-05,4.102391e-05,0.0004441192,0.99950236
512,263,standing,2021-05-07 16:15:35.279,2021-05-07 16:15:37.259,0.021,2,2,0.8836574,0.00026387325,0.08796839,0.8836574,0.02811033
512,263,standing,2021-05-07 16:15:36.279,2021-05-07 16:15:38.259,0.021,2,2,0.87646997,0.00024704917,0.10716153,0.87646997,0.016121464
512,263,standing,2021-05-07 16:15:37.279,2021-05-07 16:15:39.259,0.021,2,2,0.88763565,0.00019252044,0.10052313,0.88763565,0.0116486605
512,263,standing,2021-05-07 16:15:38.279,2021-05-07 16:15:40.259,0.021,2,2,0.88890713,0.00015496754,0.10255815,0.88890713,0.008379675
512,263,standing,2021-05-07 16:15:39.279,2021-05-07 16:15:41.259,0.021,2,2,0.86124355,0.00019486317,0.1309804,0.86124355,0.007581278
512,263,standing,2021-05-07 16:15:40.279,2021-05-07 16:15:42.259,0.021,2,2,0.85026264,0.00020233919,0.14320996,0.85026264,0.0063249813
512,263,standing,2021-05-07 16:15:41.279,2021-05-07 16:15:43.259,0.021,2,2,0.885871,0.00019993875,0.10171852,0.885871,0.012210524
512,263,standing,2021-05-07 16:15:42.279,2021-05-07 16:15:44.259,0.021,2,2,0.8878305,0.00015970343,0.10368956,0.8878305,0.0083202245
512,263,standing,2021-05-07 16:15:43.279,2021-05-07 16:15:45.259,0.021,2,2,0.8713629,0.00017124224,0.12212933,0.8713629,0.0063364953
512,263,standing,2021-05-07 16:15:44.279,2021-05-07 16:15:46.259,0.021,2,2,0.86541235,0.00015980657,0.12920508,0.86541235,0.0052227066
512,263,standing,2021-05-07 16:15:45.279,2021-05-07 16:15:47.259,0.021,2,2,0.85258275,0.00013941497,0.14382656,0.85258275,0.0034512924
512,263,standing,2021-05-07 16:15:46.279,2021-05-07 16:15:48.259,0.021,2,2,0.8650639,0.0001671039,0.12879267,0.8650639,0.005976348
512,263,standing,2021-05-07 16:15:47.279,2021-05-07 16:15:49.259,0.021,2,2,0.8692488,0.00019702641,0.12226697,0.8692488,0.008287179
512,263,standing,2021-05-07 16:15:48.279,2021-05-07 16:15:50.259,0.021,2,2,0.8582692,0.00017545278,0.13649487,0.8582692,0.0050605442
512,263,standing,2021-05-07 16:15:49.279,2021-05-07 16:15:51.259,0.021,2,2,0.8814073,0.00016076551,0.11180806,0.8814073,0.006623886
512,263,standing,2021-05-07 16:15:50.279,2021-05-07 16:15:52.259,0.021,2,2,0.8873547,0.00019088766,0.10283809,0.8873547,0.009616251
512,263,standing,2021-05-07 16:15:51.279,2021-05-07 16:15:53.259,0.021,2,2,0.886476,0.00025207872,0.09308684,0.886476,0.020185072
512,263,standing,2021-05-07 16:15:52.279,2021-05-07 16:15:54.259,0.021,2,2,0.84459937,0.00030733534,0.049774356,0.84459937,0.10531886
512,263,standing,2021-05-07 16:15:53.279,2021-05-07 16:15:55.259,0.021,2,2,0.749823,0.00033884417,0.03210498,0.749823,0.21773328
512,265,standing,2021-05-07 16:15:56.119,2021-05-07 16:15:58.099,0.021,2,2,0.89719474,0.00021809681,0.08496188,0.89719474,0.017625261
512,267,standing,2021-05-07 16:16:00.480,2021-05-07 16:16:02.460,0.021,2,2,0.9155315,0.00013767261,0.07346713,0.9155315,0.010863706
512,267,standing,2021-05-07 16:16:01.480,2021-05-07 16:16:03.460,0.021,2,2,0.91043174,0.00013711717,0.08122547,0.91043174,0.0082056895
512,267,standing,2021-05-07 16:16:02.480,2021-05-07 16:16:04.460,0.021,2,2,0.91925573,0.00013828499,0.0682593,0.91925573,0.0123467315
512,267,standing,2021-05-07 16:16:03.480,2021-05-07 16:16:05.460,0.021,2,2,0.9072491,0.0001410622,0.08416065,0.9072491,0.008449099
512,267,standing,2021-05-07 16:16:04.480,2021-05-07 16:16:06.460,0.021,2,2,0.8989216,0.00012493829,0.09505986,0.8989216,0.0058935345
512,267,standing,2021-05-07 16:16:05.480,2021-05-07 16:16:07.460,0.021,2,2,0.90437204,0.00012221282,0.08827738,0.90437204,0.0072283344
512,267,standing,2021-05-07 16:16:06.480,2021-05-07 16:16:08.460,0.021,2,2,0.8749198,0.00012541375,0.12076829,0.8749198,0.004186453
512,267,standing,2021-05-07 16:16:07.480,2021-05-07 16:16:09.460,0.021,2,2,0.86527145,0.00014282575,0.13018617,0.86527145,0.004399475
512,267,standing,2021-05-07 16:16:08.479,2021-05-07 16:16:10.460,0.021,2,2,0.8574592,0.00012384843,0.13949086,0.8574592,0.0029260959
512,267,standing,2021-05-07 16:16:09.479,2021-05-07 16:16:11.460,0.021,2,2,0.85275555,0.00010571721,0.14507219,0.85275555,0.0020665477
512,267,standing,2021-05-07 16:16:10.479,2021-05-07 16:16:12.460,0.021,2,2,0.8766054,0.00012155994,0.119523756,0.8766054,0.0037492823
512,267,standing,2021-05-07 16:16:11.479,2021-05-07 16:16:13.460,0.021,2,2,0.8791013,0.00011620526,0.11706983,0.8791013,0.0037127126
512,269,standing,2021-05-07 16:16:16.079,2021-05-07 16:16:18.059,0.021,2,2,0.9282128,0.00011537822,0.041341573,0.9282128,0.030330261
512,270,walking,2021-05-07 16:16:18.239,2021-05-07 16:16:20.219,0.021,3,3,0.90031224,0.00022154933,0.0039063827,0.09555979,0.90031224
512,270,walking,2021-05-07 16:16:19.239,2021-05-07 16:16:21.219,0.021,3,3,0.9982001,9.643801e-06,3.2129665e-05,0.001758002,0.9982001
512,270,walking,2021-05-07 16:16:20.239,2021-05-07 16:16:22.219,0.021,3,3,0.99825066,1.4275141e-05,4.5739824e-05,0.001689327,0.99825066
512,270,walking,2021-05-07 16:16:21.239,2021-05-07 16:16:23.219,0.021,3,3,0.99802047,1.8411587e-05,7.456102e-05,0.0018865721,0.99802047
512,270,walking,2021-05-07 16:16:22.239,2021-05-07 16:16:24.219,0.021,3,3,0.99984765,1.4956034e-06,3.5436549e-06,0.00014730793,0.99984765
512,270,walking,2021-05-07 16:16:23.239,2021-05-07 16:16:25.219,0.021,3,3,0.99954677,4.844246e-06,1.3003387e-05,0.00043547212,0.99954677
512,271,standing,2021-05-07 16:16:25.680,2021-05-07 16:16:27.659,0.021,2,2,0.90861416,0.00013846587,0.08173197,0.90861416,0.009515367
512,272,walking,2021-05-07 16:16:28.639,2021-05-07 16:16:30.619,0.021,3,3,0.9949817,4.3483615e-05,0.00027225746,0.0047025587,0.9949817
512,272,walking,2021-05-07 16:16:29.639,2021-05-07 16:16:31.619,0.021,3,3,0.9999965,8.7965226e-08,7.28704e-08,3.284849e-06,0.9999965
512,272,walking,2021-05-07 16:16:30.639,2021-05-07 16:16:32.619,0.021,3,3,0.999963,4.659479e-07,7.343531e-07,3.578371e-05,0.999963
512,272,walking,2021-05-07 16:16:31.639,2021-05-07 16:16:33.619,0.021,3,3,0.9998076,2.2590584e-06,4.183011e-06,0.0001859483,0.9998076
512,272,walking,2021-05-07 16:16:32.639,2021-05-07 16:16:34.619,0.021,3,3,0.9999799,2.874407e-07,3.1013903e-07,1.9459694e-05,0.9999799
512,272,walking,2021-05-07 16:16:33.639,2021-05-07 16:16:35.619,0.021,3,3,0.99315625,3.6038888e-05,0.00022505216,0.0065826764,0.99315625
512,272,walking,2021-05-07 16:16:34.639,2021-05-07 16:16:36.619,0.021,3,3,0.9989935,9.133624e-06,4.5196593e-05,0.00095220725,0.9989935
512,272,walking,2021-05-07 16:16:35.639,2021-05-07 16:16:37.619,0.021,3,3,0.9999519,6.5605025e-07,1.383544e-06,4.604863e-05,0.9999519
512,272,walking,2021-05-07 16:16:36.639,2021-05-07 16:16:38.619,0.021,3,3,0.9993892,3.3397646e-06,9.199471e-06,0.0005983276,0.9993892
512,272,walking,2021-05-07 16:16:37.639,2021-05-07 16:16:39.619,0.021,3,3,0.9975852,2.021455e-05,6.692668e-05,0.0023276927,0.9975852
512,272,walking,2021-05-07 16:16:38.639,2021-05-07 16:16:40.619,0.021,3,3,0.999904,2.0225773e-06,2.4891083e-06,9.1427384e-05,0.999904
512,272,walking,2021-05-07 16:16:39.639,2021-05-07 16:16:41.619,0.021,3,3,0.9999867,2.0712723e-07,1.324266e-07,1.2846641e-05,0.9999867
512,272,walking,2021-05-07 16:16:40.639,2021-05-07 16:16:42.619,0.021,3,3,0.9999663,1.1911322e-06,9.00103e-07,3.1555697e-05,0.9999663
512,272,walking,2021-05-07 16:16:41.639,2021-05-07 16:16:43.619,0.021,3,3,0.9999985,5.3450787e-08,2.743121e-08,1.3983569e-06,0.9999985
512,272,walking,2021-05-07 16:16:42.639,2021-05-07 16:16:44.619,0.021,3,3,0.99986553,2.3279847e-06,3.7751836e-06,0.00012842077,0.99986553
512,272,walking,2021-05-07 16:16:43.639,2021-05-07 16:16:45.619,0.021,3,3,0.99996775,8.408766e-07,7.0022423e-07,3.063429e-05,0.99996775
512,272,walking,2021-05-07 16:16:44.639,2021-05-07 16:16:46.619,0.021,3,3,0.999994,2.739437e-07,1.495545e-07,5.5591277e-06,0.999994
512,272,walking,2021-05-07 16:16:45.639,2021-05-07 16:16:47.619,0.021,3,3,0.999991,2.6926637e-07,1.983428e-07,8.467292e-06,0.999991
512,272,walking,2021-05-07 16:16:46.639,2021-05-07 16:16:48.619,0.021,3,3,0.9944491,5.6907422e-05,0.00024300966,0.0052509187,0.9944491
512,272,walking,2021-05-07 16:16:47.639,2021-05-07 16:16:49.619,0.021,3,3,0.9979261,1.51257145e-05,4.8895836e-05,0.0020099008,0.9979261
512,272,walking,2021-05-07 16:16:48.639,2021-05-07 16:16:50.619,0.021,3,3,0.9991461,1.1912244e-05,3.2130654e-05,0.00080979813,0.9991461
512,272,walking,2021-05-07 16:16:49.639,2021-05-07 16:16:51.619,0.021,3,3,0.99985623,3.865787e-06,4.052663e-06,0.0001358113,0.99985623
512,272,walking,2021-05-07 16:16:50.639,2021-05-07 16:16:52.619,0.021,3,3,0.99958485,3.4739624e-06,5.8000874e-06,0.00040579122,0.99958485
512,272,walking,2021-05-07 16:16:51.639,2021-05-07 16:16:53.619,0.021,3,3,0.9993442,5.808421e-06,1.4781967e-05,0.000635147,0.9993442
512,272,walking,2021-05-07 16:16:52.639,2021-05-07 16:16:54.619,0.021,3,3,0.9998319,2.338364e-06,3.7467757e-06,0.00016201824,0.9998319
512,272,walking,2021-05-07 16:16:53.639,2021-05-07 16:16:55.619,0.021,3,3,0.9999917,1.1395516e-07,8.426899e-08,8.006622e-06,0.9999917
512,272,walking,2021-05-07 16:16:54.639,2021-05-07 16:16:56.619,0.021,3,3,0.9999835,3.5013048e-07,3.9508842e-07,1.5722759e-05,0.9999835
512,272,walking,2021-05-07 16:16:55.639,2021-05-07 16:16:57.619,0.021,3,3,0.99998814,2.5566106e-07,2.0903056e-07,1.1293422e-05,0.99998814
512,272,walking,2021-05-07 16:16:56.639,2021-05-07 16:16:58.619,0.021,3,3,0.9999301,3.239095e-07,4.861451e-07,6.9020476e-05,0.9999301
512,272,walking,2021-05-07 16:16:57.639,2021-05-07 16:16:59.619,0.021,3,3,0.98922384,4.3078922e-05,0.00028393447,0.010449087,0.98922384
512,272,walking,2021-05-07 16:16:58.639,2021-05-07 16:17:00.619,0.021,3,3,0.994508,2.3836867e-05,0.00013042823,0.005337711,0.994508
512,272,walking,2021-05-07 16:16:59.639,2021-05-07 16:17:01.619,0.021,3,3,0.99943817,2.2098034e-06,5.768452e-06,0.00055394357,0.99943817
512,272,walking,2021-05-07 16:17:00.640,2021-05-07 16:17:02.619,0.021,3,3,0.9951071,1.8097857e-05,9.27379e-05,0.0047821677,0.9951071
512,272,walking,2021-05-07 16:17:01.640,2021-05-07 16:17:03.619,0.021,3,3,0.99756026,1.8039887e-05,6.425487e-05,0.002357446,0.99756026
512,272,walking,2021-05-07 16:17:02.640,2021-05-07 16:17:04.619,0.021,3,3,0.9999381,4.894846e-07,5.947153e-07,6.0797323e-05,0.9999381
512,272,walking,2021-05-07 16:17:03.640,2021-05-07 16:17:05.619,0.021,3,3,0.99977756,1.9215095e-06,3.8829e-06,0.00021659647,0.99977756
512,272,walking,2021-05-07 16:17:04.640,2021-05-07 16:17:06.619,0.021,3,3,0.99982524,2.2292684e-06,3.08991e-06,0.0001695052,0.99982524
512,272,walking,2021-05-07 16:17:05.640,2021-05-07 16:17:07.619,0.021,3,3,0.99981546,1.0981398e-06,1.6988383e-06,0.00018170045,0.99981546
512,272,walking,2021-05-07 16:17:06.640,2021-05-07 16:17:08.619,0.021,3,3,0.99909145,4.519975e-06,1.28610545e-05,0.0008912757,0.99909145
512,272,walking,2021-05-07 16:17:07.640,2021-05-07 16:17:09.619,0.021,3,3,0.9995901,3.761639e-06,6.013869e-06,0.00040016446,0.9995901
512,272,walking,2021-05-07 16:17:08.640,2021-05-07 16:17:10.619,0.021,3,3,0.99737465,8.058577e-06,2.9481746e-05,0.0025878663,0.99737465
512,272,walking,2021-05-07 16:17:09.640,2021-05-07 16:17:11.619,0.021,3,3,0.99471337,1.8004295e-05,9.4851865e-05,0.00517379,0.99471337
512,272,walking,2021-05-07 16:17:10.640,2021-05-07 16:17:12.619,0.021,3,3,0.9893365,4.5620953e-05,0.00032332414,0.010294547,0.9893365
512,272,walking,2021-05-07 16:17:11.640,2021-05-07 16:17:13.619,0.021,3,3,0.99781334,7.940445e-06,3.166624e-05,0.0021470112,0.99781334
512,272,walking,2021-05-07 16:17:12.640,2021-05-07 16:17:14.619,0.021,3,3,0.9935193,3.1459083e-05,0.00015894935,0.006290197,0.9935193
512,272,walking,2021-05-07 16:17:13.640,2021-05-07 16:17:15.619,0.021,3,3,0.97210944,0.00013474743,0.0011711767,0.026584523,0.97210944
512,272,walking,2021-05-07 16:17:14.640,2021-05-07 16:17:16.619,0.021,3,3,0.9976453,1.24083135e-05,4.7545567e-05,0.0022947383,0.9976453
512,272,walking,2021-05-07 16:17:15.640,2021-05-07 16:17:17.619,0.021,3,3,0.9637096,0.00012569285,0.0014497931,0.034714933,0.9637096
512,272,walking,2021-05-07 16:17:16.639,2021-05-07 16:17:18.619,0.021,3,3,0.7443904,0.00051224645,0.015051274,0.24004601,0.7443904
512,272,walking,2021-05-07 16:17:17.639,2021-05-07 16:17:19.619,0.021,3,3,0.99031985,5.253563e-05,0.00030528384,0.009322257,0.99031985
512,272,walking,2021-05-07 16:17:18.639,2021-05-07 16:17:20.619,0.021,3,3,0.9992234,4.1415665e-06,1.3650386e-05,0.00075871,0.9992234
512,272,walking,2021-05-07 16:17:19.639,2021-05-07 16:17:21.619,0.021,3,3,0.9980001,9.611453e-06,4.7432153e-05,0.0019428236,0.9980001
512,272,walking,2021-05-07 16:17:20.639,2021-05-07 16:17:22.619,0.021,3,3,0.9988873,6.993319e-06,2.4530455e-05,0.0010811855,0.9988873
512,272,walking,2021-05-07 16:17:21.639,2021-05-07 16:17:23.619,0.021,3,3,0.99911845,4.8194947e-06,1.604058e-05,0.0008606793,0.99911845
512,272,walking,2021-05-07 16:17:22.639,2021-05-07 16:17:24.619,0.021,3,3,0.9978413,8.437737e-06,3.752339e-05,0.0021127977,0.9978413
512,272,walking,2021-05-07 16:17:23.639,2021-05-07 16:17:25.619,0.021,3,3,0.99941397,3.9850142e-06,1.0453854e-05,0.00057166646,0.99941397
512,272,walking,2021-05-07 16:17:24.639,2021-05-07 16:17:26.619,0.021,3,3,0.9974415,1.3361626e-05,6.441698e-05,0.002480783,0.9974415
512,272,walking,2021-05-07 16:17:25.639,2021-05-07 16:17:27.619,0.021,3,3,0.9970381,9.887173e-06,4.8374346e-05,0.0029036168,0.9970381
512,272,walking,2021-05-07 16:17:26.639,2021-05-07 16:17:28.619,0.021,3,3,0.997834,1.0151392e-05,4.431951e-05,0.0021115413,0.997834
512,272,walking,2021-05-07 16:17:27.639,2021-05-07 16:17:29.619,0.021,3,3,0.99916124,1.0578037e-05,2.4179424e-05,0.00080396753,0.99916124
512,272,walking,2021-05-07 16:17:28.639,2021-05-07 16:17:30.619,0.021,3,3,0.9990428,9.744681e-06,2.596169e-05,0.0009214068,0.9990428
512,272,walking,2021-05-07 16:17:29.639,2021-05-07 16:17:31.619,0.021,3,3,0.9997395,1.4772204e-06,4.485502e-06,0.00025445528,0.9997395
512,272,walking,2021-05-07 16:17:30.639,2021-05-07 16:17:32.619,0.021,3,3,0.9993607,3.8248218e-06,1.3253595e-05,0.0006222255,0.9993607
512,272,walking,2021-05-07 16:17:31.639,2021-05-07 16:17:33.619,0.021,3,3,0.9989552,9.672565e-06,3.3781438e-05,0.0010014232,0.9989552
512,272,walking,2021-05-07 16:17:32.639,2021-05-07 16:17:34.619,0.021,3,3,0.99935186,5.109037e-06,1.7104068e-05,0.0006258918,0.99935186
512,272,walking,2021-05-07 16:17:33.639,2021-05-07 16:17:35.619,0.021,3,3,0.9980728,5.435198e-06,2.4762197e-05,0.0018970208,0.9980728
512,272,walking,2021-05-07 16:17:34.639,2021-05-07 16:17:36.619,0.021,3,3,0.9758408,7.283715e-05,0.000820993,0.02326534,0.9758408
512,272,walking,2021-05-07 16:17:35.639,2021-05-07 16:17:37.619,0.021,3,3,0.92961615,0.00031860234,0.0053030304,0.064762175,0.92961615
512,272,walking,2021-05-07 16:17:36.639,2021-05-07 16:17:38.619,0.021,3,3,0.98020035,6.8883994e-05,0.000781757,0.018948933,0.98020035
512,272,walking,2021-05-07 16:17:37.639,2021-05-07 16:17:39.619,0.021,3,3,0.9800127,5.9828177e-05,0.00085809705,0.019069307,0.9800127
512,275,standing,2021-05-07 16:17:42.439,2021-05-07 16:17:44.419,0.021,2,2,0.8797064,0.00013947804,0.11496552,0.8797064,0.0051886193
512,275,standing,2021-05-07 16:17:43.439,2021-05-07 16:17:45.419,0.021,2,2,0.8587011,0.0001586473,0.1373679,0.8587011,0.0037722774
512,275,standing,2021-05-07 16:17:44.439,2021-05-07 16:17:46.419,0.021,2,2,0.86626446,0.0001690705,0.12903756,0.86626446,0.0045288326
512,275,standing,2021-05-07 16:17:45.439,2021-05-07 16:17:47.419,0.021,2,2,0.87770957,0.00020287397,0.11456468,0.87770957,0.007522824
512,275,standing,2021-05-07 16:17:46.439,2021-05-07 16:17:48.419,0.021,2,2,0.87221503,0.00026311018,0.116649665,0.87221503,0.010872151
512,275,standing,2021-05-07 16:17:47.439,2021-05-07 16:17:49.419,0.021,2,2,0.8688062,0.00021488663,0.123862945,0.8688062,0.0071159527
512,275,standing,2021-05-07 16:17:48.439,2021-05-07 16:17:50.419,0.021,2,2,0.8768037,0.00018433332,0.11600019,0.8768037,0.007011714
512,275,standing,2021-05-07 16:17:49.439,2021-05-07 16:17:51.419,0.021,2,2,0.8716808,0.00019797884,0.12057333,0.8716808,0.0075478842
512,275,standing,2021-05-07 16:17:50.439,2021-05-07 16:17:52.419,0.021,2,2,0.8607367,0.00016614885,0.13452047,0.8607367,0.0045766775
512,279,standing,2021-05-07 16:17:56.159,2021-05-07 16:17:58.139,0.021,2,2,0.9155423,0.00016000494,0.0563166,0.9155423,0.027981067
512,279,standing,2021-05-07 16:17:57.159,2021-05-07 16:17:59.139,0.021,2,2,0.8947435,0.00021728304,0.076290704,0.8947435,0.028748458
512,279,standing,2021-05-07 16:17:58.159,2021-05-07 16:18:00.140,0.021,2,2,0.88235724,0.00021062743,0.10274026,0.88235724,0.014691831
512,279,standing,2021-05-07 16:17:59.159,2021-05-07 16:18:01.140,0.021,2,2,0.86666214,0.00018048479,0.12581253,0.86666214,0.0073449546
512,279,standing,2021-05-07 16:18:00.160,2021-05-07 16:18:02.140,0.021,2,2,0.89767087,0.00017688083,0.08887499,0.89767087,0.013277221
512,281,standing,2021-05-07 16:18:06.840,2021-05-07 16:18:08.819,0.021,2,2,0.92003274,9.811412e-05,0.069480024,0.92003274,0.01038907
512,281,standing,2021-05-07 16:18:07.840,2021-05-07 16:18:09.819,0.021,2,2,0.91283625,0.00012292214,0.07700172,0.91283625,0.010039207
512,281,standing,2021-05-07 16:18:08.840,2021-05-07 16:18:10.819,0.021,2,2,0.92429274,0.00012749729,0.057244647,0.92429274,0.018335152
512,285,standing,2021-05-07 16:18:13.520,2021-05-07 16:18:15.500,0.021,2,2,0.8619995,0.00034173304,0.098527916,0.8619995,0.039130833
512,285,standing,2021-05-07 16:18:14.520,2021-05-07 16:18:16.500,0.021,2,2,0.8958141,0.00020069157,0.082813025,0.8958141,0.021172205
512,287,standing,2021-05-07 16:18:18.280,2021-05-07 16:18:20.260,0.021,2,2,0.8934302,0.00021786502,0.05927641,0.8934302,0.047075592
512,288,walking,2021-05-07 16:18:20.319,2021-05-07 16:18:22.299,0.021,3,3,0.97488534,9.1126865e-05,0.0012078204,0.023815796,0.97488534
512,288,walking,2021-05-07 16:18:21.319,2021-05-07 16:18:23.299,0.021,3,3,0.96871734,8.941322e-05,0.0011762811,0.030016983,0.96871734
512,288,walking,2021-05-07 16:18:22.319,2021-05-07 16:18:24.299,0.021,3,3,0.9976933,2.7515724e-05,0.00017610156,0.002103125,0.9976933
512,288,walking,2021-05-07 16:18:23.319,2021-05-07 16:18:25.299,0.021,3,3,0.9990974,1.1023971e-05,3.88407e-05,0.00085264025,0.9990974
512,288,walking,2021-05-07 16:18:24.319,2021-05-07 16:18:26.299,0.021,3,3,0.9954542,3.988606e-05,0.00022036515,0.004285529,0.9954542
512,288,walking,2021-05-07 16:18:25.319,2021-05-07 16:18:27.299,0.021,3,3,0.9988285,7.672095e-06,2.804166e-05,0.001135853,0.9988285
512,288,walking,2021-05-07 16:18:26.319,2021-05-07 16:18:28.299,0.021,3,3,0.99973285,7.169855e-06,2.3067936e-05,0.00023680097,0.99973285
512,289,standing,2021-05-07 16:18:28.360,2021-05-07 16:18:30.340,0.021,2,3,0.5519766,0.0007129751,0.06834601,0.37896442,0.5519766
512,290,walking,2021-05-07 16:18:30.360,2021-05-07 16:18:32.340,0.021,3,3,0.9980898,1.5381325e-05,9.119147e-05,0.0018035019,0.9980898
512,290,walking,2021-05-07 16:18:31.360,2021-05-07 16:18:33.340,0.021,3,3,0.99626476,2.4546282e-05,0.00014739264,0.003563264,0.99626476
512,290,walking,2021-05-07 16:18:32.360,2021-05-07 16:18:34.340,0.021,3,3,0.99925673,6.925118e-06,2.2826829e-05,0.000713499,0.99925673
512,290,walking,2021-05-07 16:18:33.360,2021-05-07 16:18:35.340,0.021,3,3,0.9990551,7.99772e-06,3.00505e-05,0.00090683706,0.9990551
512,290,walking,2021-05-07 16:18:34.360,2021-05-07 16:18:36.340,0.021,3,3,0.9908259,3.062628e-05,0.00026158363,0.008881909,0.9908259
512,290,walking,2021-05-07 16:18:35.360,2021-05-07 16:18:37.340,0.021,3,3,0.9974191,1.9206174e-05,0.00012347176,0.0024382344,0.9974191
512,290,walking,2021-05-07 16:18:36.360,2021-05-07 16:18:38.340,0.021,3,3,0.9975513,3.4957047e-05,0.00019262514,0.0022210223,0.9975513
512,290,walking,2021-05-07 16:18:37.360,2021-05-07 16:18:39.340,0.021,3,3,0.9946399,7.387152e-05,0.00042258183,0.004863662,0.9946399
512,290,walking,2021-05-07 16:18:38.360,2021-05-07 16:18:40.340,0.021,3,3,0.99823,1.9233486e-05,9.8279124e-05,0.0016524106,0.99823
512,290,walking,2021-05-07 16:18:39.360,2021-05-07 16:18:41.340,0.021,3,3,0.9770629,0.00015369304,0.0015578653,0.021225497,0.9770629
512,290,walking,2021-05-07 16:18:40.360,2021-05-07 16:18:42.340,0.021,3,2,0.50413567,0.0003924391,0.023757223,0.50413567,0.47171465
512,290,walking,2021-05-07 16:18:41.360,2021-05-07 16:18:43.340,0.021,3,3,0.9443386,9.1817725e-05,0.001646461,0.05392304,0.9443386
512,290,walking,2021-05-07 16:18:42.360,2021-05-07 16:18:44.340,0.021,3,3,0.9966421,1.7213131e-05,0.00010776557,0.003232955,0.9966421
512,290,walking,2021-05-07 16:18:43.360,2021-05-07 16:18:45.340,0.021,3,3,0.98899615,4.129395e-05,0.00043484214,0.010527713,0.98899615
512,290,walking,2021-05-07 16:18:44.360,2021-05-07 16:18:46.340,0.021,3,3,0.97622573,0.0001150152,0.0012975022,0.022361804,0.97622573
512,290,walking,2021-05-07 16:18:45.360,2021-05-07 16:18:47.340,0.021,3,3,0.99589187,3.6644604e-05,0.0002353943,0.0038360537,0.99589187
512,290,walking,2021-05-07 16:18:46.360,2021-05-07 16:18:48.340,0.021,3,3,0.9998276,1.9006641e-06,4.5126117e-06,0.00016596461,0.9998276
512,290,walking,2021-05-07 16:18:47.360,2021-05-07 16:18:49.340,0.021,3,3,0.9984931,1.536625e-05,5.896443e-05,0.0014325542,0.9984931
512,290,walking,2021-05-07 16:18:48.360,2021-05-07 16:18:50.340,0.021,3,3,0.98407125,0.000108809945,0.0010710345,0.014748918,0.98407125
512,290,walking,2021-05-07 16:18:49.360,2021-05-07 16:18:51.340,0.021,3,3,0.9726588,0.00014757062,0.0018791028,0.025314419,0.9726588
512,290,walking,2021-05-07 16:18:50.360,2021-05-07 16:18:52.340,0.021,3,3,0.99606687,1.9234207e-05,0.0001281522,0.0037857557,0.99606687
512,290,walking,2021-05-07 16:18:51.360,2021-05-07 16:18:53.340,0.021,3,3,0.9942993,2.7956092e-05,0.00022277374,0.0054499162,0.9942993
512,290,walking,2021-05-07 16:18:52.360,2021-05-07 16:18:54.340,0.021,3,3,0.9896659,5.987453e-05,0.00046196886,0.009812144,0.9896659
512,290,walking,2021-05-07 16:18:53.360,2021-05-07 16:18:55.340,0.021,3,3,0.99903786,1.2131012e-05,3.227544e-05,0.0009177724,0.99903786
512,290,walking,2021-05-07 16:18:54.360,2021-05-07 16:18:56.340,0.021,3,3,0.99987626,1.9154543e-06,3.9589227e-06,0.00011793516,0.99987626
512,290,walking,2021-05-07 16:18:55.360,2021-05-07 16:18:57.340,0.021,3,3,0.99750876,1.726723e-05,0.0001087992,0.0023651437,0.99750876
512,290,walking,2021-05-07 16:18:56.360,2021-05-07 16:18:58.340,0.021,3,3,0.9811942,0.0001165638,0.00094094704,0.017748248,0.9811942
512,290,walking,2021-05-07 16:18:57.360,2021-05-07 16:18:59.340,0.021,3,3,0.99944574,5.305816e-06,1.924116e-05,0.00052965275,0.99944574
512,290,walking,2021-05-07 16:18:58.360,2021-05-07 16:19:00.339,0.021,3,3,0.99996287,5.231668e-07,8.5811087e-07,3.5668952e-05,0.99996287
512,290,walking,2021-05-07 16:18:59.360,2021-05-07 16:19:01.339,0.021,3,3,0.9988842,1.3641459e-05,4.7601654e-05,0.0010544495,0.9988842
512,290,walking,2021-05-07 16:19:00.359,2021-05-07 16:19:02.339,0.021,3,3,0.97756356,0.00010721342,0.001151317,0.02117786,0.97756356
512,290,walking,2021-05-07 16:19:01.359,2021-05-07 16:19:03.339,0.021,3,3,0.9923886,3.9462295e-05,0.00026073348,0.0073112412,0.9923886
512,290,walking,2021-05-07 16:19:02.359,2021-05-07 16:19:04.340,0.021,3,3,0.9810363,5.058034e-05,0.00045801443,0.018455073,0.9810363
512,290,walking,2021-05-07 16:19:03.359,2021-05-07 16:19:05.340,0.021,3,3,0.9943544,1.6734632e-05,0.00011980267,0.0055090315,0.9943544
512,290,walking,2021-05-07 16:19:04.359,2021-05-07 16:19:06.340,0.021,3,3,0.99456966,4.698086e-05,0.0002547101,0.0051286584,0.99456966
512,290,walking,2021-05-07 16:19:05.359,2021-05-07 16:19:07.340,0.021,3,3,0.987672,7.619293e-05,0.0006964153,0.011555493,0.987672
512,290,walking,2021-05-07 16:19:06.359,2021-05-07 16:19:08.340,0.021,3,3,0.99830884,8.925117e-06,4.798167e-05,0.0016343051,0.99830884
512,292,standing,2021-05-07 16:19:10.559,2021-05-07 16:19:12.539,0.021,2,2,0.90583533,0.00016057378,0.080567926,0.90583533,0.013436224
512,292,standing,2021-05-07 16:19:11.559,2021-05-07 16:19:13.539,0.021,2,2,0.90736985,0.00016710201,0.07835368,0.90736985,0.014109491
512,292,standing,2021-05-07 16:19:12.559,2021-05-07 16:19:14.539,0.021,2,2,0.8988448,0.00013850149,0.0928871,0.8988448,0.008129586
512,292,standing,2021-05-07 16:19:13.559,2021-05-07 16:19:15.539,0.021,2,2,0.88891435,0.00014274855,0.10426104,0.88891435,0.006681806
512,292,standing,2021-05-07 16:19:14.559,2021-05-07 16:19:16.540,0.021,2,2,0.89060676,0.00017141437,0.09693361,0.89060676,0.012288228
512,292,standing,2021-05-07 16:19:15.559,2021-05-07 16:19:17.540,0.021,2,2,0.8975247,0.00017308112,0.08980241,0.8975247,0.0124997925
512,292,standing,2021-05-07 16:19:16.559,2021-05-07 16:19:18.540,0.021,2,2,0.9175922,0.00015030114,0.053905398,0.9175922,0.02835208
512,292,standing,2021-05-07 16:19:17.559,2021-05-07 16:19:19.540,0.021,2,2,0.84650016,0.00017027665,0.030281395,0.84650016,0.12304813
512,292,standing,2021-05-07 16:19:18.559,2021-05-07 16:19:20.540,0.021,2,2,0.9048972,0.00011043765,0.035245914,0.9048972,0.059746403
512,292,standing,2021-05-07 16:19:19.559,2021-05-07 16:19:21.540,0.021,2,2,0.93058187,7.548582e-05,0.044760354,0.93058187,0.024582319
512,293,walking,2021-05-07 16:19:21.680,2021-05-07 16:19:23.659,0.021,3,3,0.9948335,3.037881e-05,0.00016321453,0.0049729864,0.9948335
512,293,walking,2021-05-07 16:19:22.680,2021-05-07 16:19:24.659,0.021,3,3,0.99670684,1.1365084e-05,6.5308544e-05,0.0032163966,0.99670684
512,293,walking,2021-05-07 16:19:23.680,2021-05-07 16:19:25.659,0.021,3,3,0.98628557,6.1256564e-05,0.00054073555,0.013112509,0.98628557
512,293,walking,2021-05-07 16:19:24.680,2021-05-07 16:19:26.659,0.021,3,3,0.9793336,9.694158e-05,0.0011159814,0.019453513,0.9793336
512,293,walking,2021-05-07 16:19:25.680,2021-05-07 16:19:27.659,0.021,3,3,0.9933394,4.8310903e-05,0.00033391538,0.006278388,0.9933394
512,293,walking,2021-05-07 16:19:26.680,2021-05-07 16:19:28.659,0.021,3,3,0.996535,3.320005e-05,0.00017365016,0.0032582222,0.996535
512,293,walking,2021-05-07 16:19:27.680,2021-05-07 16:19:29.659,0.021,3,3,0.9990557,7.2655284e-06,3.0398132e-05,0.0009066789,0.9990557
512,293,walking,2021-05-07 16:19:28.680,2021-05-07 16:19:30.659,0.021,3,3,0.99768007,2.18128e-05,0.000120301636,0.0021777323,0.99768007
512,293,walking,2021-05-07 16:19:29.680,2021-05-07 16:19:31.659,0.021,3,3,0.9990471,1.2550392e-05,6.233373e-05,0.000877957,0.9990471
512,293,walking,2021-05-07 16:19:30.680,2021-05-07 16:19:32.659,0.021,3,3,0.9982173,2.6150947e-05,0.000114623006,0.0016419794,0.9982173
512,293,walking,2021-05-07 16:19:31.680,2021-05-07 16:19:33.659,0.021,3,3,0.9989182,1.36669505e-05,6.19952e-05,0.0010062123,0.9989182
512,293,walking,2021-05-07 16:19:32.680,2021-05-07 16:19:34.659,0.021,3,3,0.99960226,4.88057e-06,1.601711e-05,0.00037691867,0.99960226
512,293,walking,2021-05-07 16:19:33.680,2021-05-07 16:19:35.659,0.021,3,3,0.98989534,5.4947363e-05,0.00035670894,0.009693021,0.98989534
512,293,walking,2021-05-07 16:19:34.680,2021-05-07 16:19:36.659,0.021,3,3,0.9916046,4.621696e-05,0.00038200186,0.0079672085,0.9916046
512,293,walking,2021-05-07 16:19:35.680,2021-05-07 16:19:37.659,0.021,3,3,0.997395,2.612133e-05,0.00013428584,0.0024445162,0.997395
512,293,walking,2021-05-07 16:19:36.680,2021-05-07 16:19:38.659,0.021,3,3,0.9959715,2.9206733e-05,0.00017146935,0.0038278087,0.9959715
512,293,walking,2021-05-07 16:19:37.680,2021-05-07 16:19:39.659,0.021,3,3,0.9998798,1.6934703e-06,4.2424685e-06,0.000114192895,0.9998798
512,293,walking,2021-05-07 16:19:38.680,2021-05-07 16:19:40.659,0.021,3,3,0.99964136,7.4150735e-06,2.0972851e-05,0.00033027088,0.99964136
512,293,walking,2021-05-07 16:19:39.680,2021-05-07 16:19:41.659,0.021,3,3,0.999044,1.04513e-05,4.2715274e-05,0.0009027534,0.999044
512,293,walking,2021-05-07 16:19:40.680,2021-05-07 16:19:42.659,0.021,3,3,0.99824977,1.5861579e-05,6.543048e-05,0.0016690018,0.99824977
512,293,walking,2021-05-07 16:19:41.680,2021-05-07 16:19:43.659,0.021,3,3,0.99988383,1.3483319e-06,3.2081496e-06,0.00011157211,0.99988383
512,293,walking,2021-05-07 16:19:42.680,2021-05-07 16:19:44.659,0.021,3,3,0.99858356,1.3365219e-05,4.4979646e-05,0.0013580876,0.99858356
512,293,walking,2021-05-07 16:19:43.680,2021-05-07 16:19:45.659,0.021,3,3,0.9968887,2.3014554e-05,9.7562326e-05,0.002990733,0.9968887
512,293,walking,2021-05-07 16:19:44.680,2021-05-07 16:19:46.659,0.021,3,3,0.9944356,3.6082212e-05,0.00023030846,0.005297989,0.9944356
512,293,walking,2021-05-07 16:19:45.680,2021-05-07 16:19:47.659,0.021,3,3,0.9999003,1.309738e-06,2.7139154e-06,9.5579264e-05,0.9999003
512,293,walking,2021-05-07 16:19:46.680,2021-05-07 16:19:48.659,0.021,3,3,0.9999539,6.589409e-07,1.0773747e-06,4.4283694e-05,0.9999539
512,293,walking,2021-05-07 16:19:47.680,2021-05-07 16:19:49.659,0.021,3,3,0.9989227,9.720632e-06,4.9069316e-05,0.0010185799,0.9989227
512,293,walking,2021-05-07 16:19:48.680,2021-05-07 16:19:50.659,0.021,3,3,0.9971343,2.7003302e-05,0.0001481984,0.0026905083,0.9971343
512,293,walking,2021-05-07 16:19:49.680,2021-05-07 16:19:51.659,0.021,3,3,0.99907416,9.352957e-06,3.0731106e-05,0.0008857622,0.99907416
512,293,walking,2021-05-07 16:19:50.680,2021-05-07 16:19:52.659,0.021,3,3,0.9999452,6.3128147e-07,1.2621301e-06,5.2798638e-05,0.9999452
512,293,walking,2021-05-07 16:19:51.680,2021-05-07 16:19:53.659,0.021,3,3,0.99956715,4.0363307e-06,1.1967479e-05,0.00041690873,0.99956715
512,293,walking,2021-05-07 16:19:52.680,2021-05-07 16:19:54.659,0.021,3,3,0.99716264,2.079648e-05,0.0001228514,0.002693691,0.99716264
512,293,walking,2021-05-07 16:19:53.680,2021-05-07 16:19:55.659,0.021,3,3,0.99458164,4.88021e-05,0.00031038656,0.0050591407,0.99458164
512,293,walking,2021-05-07 16:19:54.680,2021-05-07 16:19:56.659,0.021,3,3,0.9992208,4.443809e-06,1.6818745e-05,0.00075804116,0.9992208
512,293,walking,2021-05-07 16:19:55.680,2021-05-07 16:19:57.659,0.021,3,3,0.9991617,4.862404e-06,1.7985603e-05,0.00081540213,0.9991617
512,293,walking,2021-05-07 16:19:56.680,2021-05-07 16:19:58.659,0.021,3,3,0.99827796,1.8322402e-05,6.5324035e-05,0.0016383782,0.99827796
512,293,walking,2021-05-07 16:19:57.680,2021-05-07 16:19:59.659,0.021,3,3,0.99951506,4.5026563e-06,1.22276815e-05,0.00046827408,0.99951506
512,293,walking,2021-05-07 16:19:58.680,2021-05-07 16:20:00.660,0.021,3,3,0.9997376,1.8804648e-06,5.705409e-06,0.00025466745,0.9997376
512,293,walking,2021-05-07 16:19:59.680,2021-05-07 16:20:01.660,0.021,3,3,0.99776655,2.1383068e-05,9.750009e-05,0.0021146005,0.99776655
512,293,walking,2021-05-07 16:20:00.680,2021-05-07 16:20:02.660,0.021,3,3,0.9956528,4.559839e-05,0.0002517955,0.004049833,0.9956528
512,293,walking,2021-05-07 16:20:01.680,2021-05-07 16:20:03.660,0.021,3,3,0.9998984,9.639285e-07,2.0617022e-06,9.852388e-05,0.9998984
512,293,walking,2021-05-07 16:20:02.680,2021-05-07 16:20:04.659,0.021,3,3,0.9993582,5.677797e-06,1.4512555e-05,0.0006216335,0.9993582
512,293,walking,2021-05-07 16:20:03.680,2021-05-07 16:20:05.659,0.021,3,3,0.9989502,8.32585e-06,3.159758e-05,0.0010098009,0.9989502
512,293,walking,2021-05-07 16:20:04.680,2021-05-07 16:20:06.659,0.021,3,3,0.9999828,2.0099824e-07,2.7259406e-07,1.6747827e-05,0.9999828
512,293,walking,2021-05-07 16:20:05.680,2021-05-07 16:20:07.659,0.021,3,3,0.99991065,1.4973347e-06,2.4336405e-06,8.534942e-05,0.99991065
512,293,walking,2021-05-07 16:20:06.680,2021-05-07 16:20:08.659,0.021,3,3,0.99870986,1.0461474e-05,4.427422e-05,0.0012353266,0.99870986
512,293,walking,2021-05-07 16:20:07.680,2021-05-07 16:20:09.659,0.021,3,3,0.9946104,2.5590423e-05,0.0001676838,0.005196197,0.9946104
512,293,walking,2021-05-07 16:20:08.680,2021-05-07 16:20:10.659,0.021,3,3,0.99931103,4.3023933e-06,1.5502115e-05,0.0006692371,0.99931103
512,293,walking,2021-05-07 16:20:09.680,2021-05-07 16:20:11.659,0.021,3,3,0.9992716,6.262911e-06,2.3485569e-05,0.0006986296,0.9992716
512,293,walking,2021-05-07 16:20:10.680,2021-05-07 16:20:12.659,0.021,3,3,0.99976873,2.71593e-06,6.1580304e-06,0.00022231281,0.99976873
512,293,walking,2021-05-07 16:20:11.680,2021-05-07 16:20:13.659,0.021,3,3,0.9999109,7.997157e-07,1.6420984e-06,8.6580476e-05,0.9999109
512,293,walking,2021-05-07 16:20:12.680,2021-05-07 16:20:14.659,0.021,3,3,0.999784,1.973401e-06,5.580895e-06,0.0002084275,0.999784
512,293,walking,2021-05-07 16:20:13.680,2021-05-07 16:20:15.659,0.021,3,3,0.9992358,9.408743e-06,2.627382e-05,0.000728512,0.9992358
512,293,walking,2021-05-07 16:20:14.680,2021-05-07 16:20:16.659,0.021,3,3,0.99942195,4.319283e-06,1.2693918e-05,0.00056100945,0.99942195
512,293,walking,2021-05-07 16:20:15.680,2021-05-07 16:20:17.659,0.021,3,3,0.99997085,2.5410972e-07,4.7617502e-07,2.8397939e-05,0.99997085
512,293,walking,2021-05-07 16:20:16.680,2021-05-07 16:20:18.659,0.021,3,3,0.9997966,2.8640702e-06,5.737487e-06,0.00019474517,0.9997966
512,293,walking,2021-05-07 16:20:17.680,2021-05-07 16:20:19.659,0.021,3,3,0.999841,2.7830097e-06,5.174988e-06,0.00015101883,0.999841
512,293,walking,2021-05-07 16:20:18.680,2021-05-07 16:20:20.659,0.021,3,3,0.99999815,4.3710113e-08,2.7049634e-08,1.7017028e-06,0.99999815
512,293,walking,2021-05-07 16:20:19.680,2021-05-07 16:20:21.659,0.021,3,3,0.99996346,7.0595814e-07,7.465582e-07,3.5064542e-05,0.99996346
512,293,walking,2021-05-07 16:20:20.680,2021-05-07 16:20:22.659,0.021,3,3,0.9996547,3.6093165e-06,9.18635e-06,0.00033242026,0.9996547
512,293,walking,2021-05-07 16:20:21.680,2021-05-07 16:20:23.659,0.021,3,3,0.99977684,1.6483956e-06,4.229461e-06,0.00021738662,0.99977684
512,293,walking,2021-05-07 16:20:22.680,2021-05-07 16:20:24.659,0.021,3,3,0.9987277,7.3971555e-06,2.359742e-05,0.0012414184,0.9987277
512,293,walking,2021-05-07 16:20:23.680,2021-05-07 16:20:25.659,0.021,3,3,0.997647,1.9002873e-05,9.4023555e-05,0.002240017,0.997647
512,293,walking,2021-05-07 16:20:24.680,2021-05-07 16:20:26.659,0.021,3,3,0.99830025,1.8968696e-05,8.29635e-05,0.0015978545,0.99830025
512,293,walking,2021-05-07 16:20:25.680,2021-05-07 16:20:27.659,0.021,3,3,0.9999204,8.322162e-07,1.2225473e-06,7.7441735e-05,0.9999204
512,296,standing,2021-05-07 16:20:32.400,2021-05-07 16:20:34.380,0.021,2,2,0.91070396,0.00010622014,0.081041984,0.91070396,0.008147894
512,296,standing,2021-05-07 16:20:33.400,2021-05-07 16:20:35.380,0.021,2,2,0.9237497,0.00010179374,0.06448659,0.9237497,0.011661988
512,296,standing,2021-05-07 16:20:34.400,2021-05-07 16:20:36.380,0.021,2,2,0.9269921,9.4382776e-05,0.036224343,0.9269921,0.036689263
512,298,standing,2021-05-07 16:20:39.400,2021-05-07 16:20:41.380,0.021,2,2,0.908398,0.00021340523,0.053840958,0.908398,0.037547782
512,301,walking,2021-05-07 16:20:49.000,2021-05-07 16:20:50.979,0.021,3,3,0.96826726,6.167772e-05,0.0008348756,0.030836148,0.96826726
512,301,walking,2021-05-07 16:20:50.000,2021-05-07 16:20:51.979,0.021,3,3,0.9995245,8.479484e-06,3.3384924e-05,0.00043373118,0.9995245
512,301,walking,2021-05-07 16:20:51.000,2021-05-07 16:20:52.979,0.021,3,3,0.9906296,0.00013996533,0.0019364037,0.0072940094,0.9906296
512,301,walking,2021-05-07 16:20:52.000,2021-05-07 16:20:53.979,0.021,3,3,0.99993044,2.5348238e-06,4.747984e-06,6.217929e-05,0.99993044
512,301,walking,2021-05-07 16:20:53.000,2021-05-07 16:20:54.979,0.021,3,3,0.9999307,1.6319457e-06,2.386053e-06,6.525576e-05,0.9999307
512,302,walking,2021-05-07 16:21:35.360,2021-05-07 16:21:37.340,0.021,3,3,0.99784297,3.2455577e-05,0.0002101242,0.0019144702,0.99784297
512,304,walking,2021-05-07 16:21:38.319,2021-05-07 16:21:40.299,0.021,3,3,0.9998741,2.3014861e-06,4.2679617e-06,0.00011935366,0.9998741
512,304,walking,2021-05-07 16:21:39.319,2021-05-07 16:21:41.299,0.021,3,3,0.9998733,7.491407e-06,1.1727695e-05,0.00010750136,0.9998733
512,304,walking,2021-05-07 16:21:40.319,2021-05-07 16:21:42.299,0.021,3,3,0.9988016,2.5531073e-05,8.996404e-05,0.0010828924,0.9988016
512,304,walking,2021-05-07 16:21:41.319,2021-05-07 16:21:43.299,0.021,3,3,0.94481075,0.00029577204,0.0042138956,0.050679546,0.94481075
