subject,segment,activity,start_time,end_time,max_interval_seconds,true,predicted,confidence,prob_lying,prob_sitting,prob_standing,prob_walking
511,0,standing,2021-05-07 10:10:25.903,2021-05-07 10:10:27.884,0.021,2,1,0.65339994,0.00073539536,0.65339994,0.32958835,0.016276358
511,0,standing,2021-05-07 10:10:26.903,2021-05-07 10:10:28.884,0.021,2,1,0.6557125,0.00089525955,0.6557125,0.27196726,0.07142514
511,0,standing,2021-05-07 10:10:27.903,2021-05-07 10:10:29.884,0.021,2,1,0.7520684,0.0006246057,0.7520684,0.23674324,0.010563766
511,0,standing,2021-05-07 10:10:28.903,2021-05-07 10:10:30.884,0.021,2,1,0.7464625,0.0006026201,0.7464625,0.24761498,0.0053197825
511,0,standing,2021-05-07 10:10:29.903,2021-05-07 10:10:31.884,0.021,2,1,0.7267018,0.0006196157,0.7267018,0.26736376,0.0053148894
511,0,standing,2021-05-07 10:10:30.903,2021-05-07 10:10:32.883,0.021,2,1,0.72322184,0.00060659985,0.72322184,0.27334592,0.002825511
511,0,standing,2021-05-07 10:10:31.903,2021-05-07 10:10:33.883,0.021,2,1,0.7161239,0.00061476283,0.7161239,0.2807733,0.0024881293
511,0,standing,2021-05-07 10:10:32.903,2021-05-07 10:10:34.883,0.021,2,1,0.7059541,0.0006197711,0.7059541,0.28981948,0.0036065616
511,0,standing,2021-05-07 10:10:33.903,2021-05-07 10:10:35.883,0.021,2,1,0.71244055,0.00058955426,0.71244055,0.28324217,0.0037276258
511,0,standing,2021-05-07 10:10:34.903,2021-05-07 10:10:36.883,0.021,2,1,0.7171028,0.00057059963,0.7171028,0.27828187,0.0040446394
511,0,standing,2021-05-07 10:10:35.903,2021-05-07 10:10:37.883,0.021,2,1,0.71098936,0.0006045178,0.71098936,0.2837952,0.0046108984
511,0,standing,2021-05-07 10:10:36.903,2021-05-07 10:10:38.883,0.021,2,1,0.68990743,0.000637116,0.68990743,0.30288658,0.0065688845
511,0,standing,2021-05-07 10:10:37.903,2021-05-07 10:10:39.883,0.021,2,1,0.67419463,0.00065989624,0.67419463,0.31896123,0.00618418
511,0,standing,2021-05-07 10:10:38.903,2021-05-07 10:10:40.883,0.021,2,1,0.6578377,0.0007333906,0.6578377,0.320862,0.02056692
511,0,standing,2021-05-07 10:10:39.903,2021-05-07 10:10:41.883,0.021,2,1,0.66886336,0.00079115736,0.66886336,0.3049074,0.025438119
511,0,standing,2021-05-07 10:10:40.903,2021-05-07 10:10:42.883,0.021,2,1,0.68246454,0.00068942085,0.68246454,0.30979213,0.0070539354
511,0,standing,2021-05-07 10:10:41.903,2021-05-07 10:10:43.883,0.021,2,1,0.6995585,0.0006178294,0.6995585,0.29606208,0.003761584
511,0,standing,2021-05-07 10:10:42.903,2021-05-07 10:10:44.883,0.021,2,1,0.69483495,0.0006179595,0.69483495,0.30032066,0.004226445
511,0,standing,2021-05-07 10:10:43.903,2021-05-07 10:10:45.883,0.021,2,1,0.69101155,0.00061717536,0.69101155,0.30401856,0.0043527596
511,0,standing,2021-05-07 10:10:44.903,2021-05-07 10:10:46.883,0.021,2,1,0.6781839,0.00061699515,0.6781839,0.3161094,0.0050896597
511,2,standing,2021-05-07 10:10:51.243,2021-05-07 10:10:53.223,0.021,2,1,0.64059025,0.00072424463,0.64059025,0.34934232,0.009343156
511,3,walking,2021-05-07 10:10:54.043,2021-05-07 10:10:56.023,0.021,3,3,0.9989826,5.7332254e-06,0.0007055392,0.0003062401,0.9989826
511,3,walking,2021-05-07 10:10:55.043,2021-05-07 10:10:57.023,0.021,3,3,0.9999961,1.2024695e-08,1.9730028e-06,1.8432125e-06,0.9999961
511,3,walking,2021-05-07 10:10:56.043,2021-05-07 10:10:58.023,0.021,3,3,0.9998765,2.3299147e-07,3.310485e-05,9.01639e-05,0.9998765
511,4,sitting,2021-05-07 10:11:00.444,2021-05-07 10:11:02.424,0.021,1,2,0.68488353,0.0007076106,0.18743372,0.68488353,0.12697512
511,4,sitting,2021-05-07 10:11:01.444,2021-05-07 10:11:03.424,0.021,1,2,0.8130296,0.0006168723,0.14231393,0.8130296,0.044039577
511,4,sitting,2021-05-07 10:11:02.444,2021-05-07 10:11:04.423,0.021,1,2,0.8586082,0.00062976877,0.11822184,0.8586082,0.0225402
511,4,sitting,2021-05-07 10:11:03.444,2021-05-07 10:11:05.423,0.021,1,2,0.87744665,0.0005354044,0.11243143,0.87744665,0.0095865335
511,4,sitting,2021-05-07 10:11:04.444,2021-05-07 10:11:06.423,0.021,1,2,0.87351304,0.0005757505,0.1154483,0.87351304,0.01046286
511,4,sitting,2021-05-07 10:11:05.444,2021-05-07 10:11:07.423,0.021,1,2,0.8730028,0.00056774827,0.11714742,0.8730028,0.009281963
511,4,sitting,2021-05-07 10:11:06.444,2021-05-07 10:11:08.423,0.021,1,2,0.8707942,0.0005687618,0.12209093,0.8707942,0.0065461244
511,4,sitting,2021-05-07 10:11:07.444,2021-05-07 10:11:09.423,0.021,1,2,0.8755986,0.0005534649,0.117171615,0.8755986,0.0066763074
511,4,sitting,2021-05-07 10:11:08.444,2021-05-07 10:11:10.423,0.021,1,2,0.8761132,0.00056540547,0.116772756,0.8761132,0.0065487437
511,4,sitting,2021-05-07 10:11:09.444,2021-05-07 10:11:11.423,0.021,1,2,0.8822463,0.00053235336,0.10939542,0.8822463,0.007825879
511,4,sitting,2021-05-07 10:11:10.444,2021-05-07 10:11:12.423,0.021,1,2,0.8876151,0.0004917944,0.1032111,0.8876151,0.008682027
511,4,sitting,2021-05-07 10:11:11.444,2021-05-07 10:11:13.423,0.021,1,2,0.8772631,0.0005366543,0.115670756,0.8772631,0.00652947
511,4,sitting,2021-05-07 10:11:12.444,2021-05-07 10:11:14.423,0.021,1,2,0.86882013,0.00057399407,0.12455891,0.86882013,0.0060468772
511,4,sitting,2021-05-07 10:11:13.444,2021-05-07 10:11:15.423,0.021,1,2,0.87057495,0.0005737545,0.12240897,0.87057495,0.0064422763
511,4,sitting,2021-05-07 10:11:14.444,2021-05-07 10:11:16.423,0.021,1,2,0.87769306,0.00051857403,0.11469228,0.87769306,0.0070961085
511,4,sitting,2021-05-07 10:11:15.444,2021-05-07 10:11:17.423,0.021,1,2,0.8873168,0.00046325216,0.10259475,0.8873168,0.0096252635
511,4,sitting,2021-05-07 10:11:16.444,2021-05-07 10:11:18.423,0.021,1,2,0.88415897,0.0004985406,0.10126342,0.88415897,0.0140789775
511,4,sitting,2021-05-07 10:11:17.444,2021-05-07 10:11:19.423,0.021,1,2,0.8739884,0.0005144887,0.100641936,0.8739884,0.024855169
511,4,sitting,2021-05-07 10:11:18.444,2021-05-07 10:11:20.423,0.021,1,2,0.8431143,0.0005620703,0.09945552,0.8431143,0.056868076
511,4,sitting,2021-05-07 10:11:19.444,2021-05-07 10:11:21.423,0.021,1,2,0.8794503,0.0005491545,0.10133219,0.8794503,0.018668424
511,4,sitting,2021-05-07 10:11:20.444,2021-05-07 10:11:22.423,0.021,1,2,0.8760761,0.0005456943,0.11618331,0.8760761,0.007194971
511,4,sitting,2021-05-07 10:11:21.444,2021-05-07 10:11:23.423,0.021,1,2,0.8774586,0.0005338731,0.11477958,0.8774586,0.0072279167
511,4,sitting,2021-05-07 10:11:22.444,2021-05-07 10:11:24.423,0.021,1,2,0.8828836,0.00051317015,0.106353335,0.8828836,0.010249915
511,4,sitting,2021-05-07 10:11:23.444,2021-05-07 10:11:25.423,0.021,1,2,0.8793478,0.0005052369,0.107368834,0.8793478,0.012778125
511,4,sitting,2021-05-07 10:11:24.444,2021-05-07 10:11:26.423,0.021,1,2,0.7445331,0.0006565474,0.1052136,0.7445331,0.1495968
511,4,sitting,2021-05-07 10:11:25.444,2021-05-07 10:11:27.423,0.021,1,2,0.7078457,0.0005760573,0.0838615,0.7078457,0.20771684
511,4,sitting,2021-05-07 10:11:26.444,2021-05-07 10:11:28.423,0.021,1,2,0.8880967,0.0005196563,0.08970391,0.8880967,0.021679707
511,4,sitting,2021-05-07 10:11:27.444,2021-05-07 10:11:29.423,0.021,1,2,0.86322063,0.00057536864,0.08909084,0.86322063,0.047113102
511,4,sitting,2021-05-07 10:11:28.444,2021-05-07 10:11:30.423,0.021,1,2,0.8342119,0.0006992878,0.07234636,0.8342119,0.09274242
511,4,sitting,2021-05-07 10:11:29.444,2021-05-07 10:11:31.423,0.021,1,2,0.9092251,0.00064187846,0.06972725,0.9092251,0.020405753
511,4,sitting,2021-05-07 10:11:30.444,2021-05-07 10:11:32.423,0.021,1,2,0.9090809,0.00066255755,0.08063613,0.9090809,0.009620373
511,4,sitting,2021-05-07 10:11:31.444,2021-05-07 10:11:33.423,0.021,1,2,0.9083434,0.00068565283,0.080560535,0.9083434,0.010410474
511,4,sitting,2021-05-07 10:11:32.444,2021-05-07 10:11:34.423,0.021,1,2,0.9123308,0.00061308785,0.07631826,0.9123308,0.010737855
511,4,sitting,2021-05-07 10:11:33.444,2021-05-07 10:11:35.423,0.021,1,2,0.916516,0.0005846292,0.071684875,0.916516,0.011214475
511,4,sitting,2021-05-07 10:11:34.444,2021-05-07 10:11:36.423,0.021,1,2,0.9066814,0.0006354093,0.068061925,0.9066814,0.024621172
511,4,sitting,2021-05-07 10:11:35.444,2021-05-07 10:11:37.423,0.021,1,2,0.8104548,0.00077080214,0.070095785,0.8104548,0.1186786
511,4,sitting,2021-05-07 10:11:36.444,2021-05-07 10:11:38.423,0.021,1,2,0.88427573,0.0006427846,0.07132428,0.88427573,0.043757074
511,4,sitting,2021-05-07 10:11:37.444,2021-05-07 10:11:39.423,0.021,1,2,0.9116049,0.00054209214,0.07755938,0.9116049,0.010293608
511,4,sitting,2021-05-07 10:11:38.444,2021-05-07 10:11:40.423,0.021,1,2,0.89890873,0.00061885046,0.07613073,0.89890873,0.024341715
511,4,sitting,2021-05-07 10:11:39.444,2021-05-07 10:11:41.423,0.021,1,2,0.8844673,0.00083627907,0.08125634,0.8844673,0.033440113
511,4,sitting,2021-05-07 10:11:40.444,2021-05-07 10:11:42.423,0.021,1,2,0.9029473,0.0008895683,0.082707636,0.9029473,0.013455556
511,4,sitting,2021-05-07 10:11:41.444,2021-05-07 10:11:43.423,0.021,1,2,0.9094961,0.00073366787,0.077270664,0.9094961,0.012499443
511,4,sitting,2021-05-07 10:11:42.444,2021-05-07 10:11:44.423,0.021,1,2,0.9123956,0.00070285605,0.07127119,0.9123956,0.015630305
511,4,sitting,2021-05-07 10:11:43.444,2021-05-07 10:11:45.423,0.021,1,2,0.89707166,0.00080013624,0.078765884,0.89707166,0.023362296
511,4,sitting,2021-05-07 10:11:44.444,2021-05-07 10:11:46.423,0.021,1,2,0.88757724,0.00088902627,0.08721892,0.88757724,0.024314815
511,4,sitting,2021-05-07 10:11:45.444,2021-05-07 10:11:47.423,0.021,1,2,0.9077321,0.0007357989,0.077764355,0.9077321,0.013767656
511,4,sitting,2021-05-07 10:11:46.444,2021-05-07 10:11:48.423,0.021,1,2,0.91442436,0.0006324528,0.07338681,0.91442436,0.011556397
511,4,sitting,2021-05-07 10:11:47.444,2021-05-07 10:11:49.423,0.021,1,2,0.9103686,0.00071477355,0.07264673,0.9103686,0.016269878
511,4,sitting,2021-05-07 10:11:48.444,2021-05-07 10:11:50.423,0.021,1,2,0.88500404,0.00085443316,0.0731914,0.88500404,0.040949967
511,4,sitting,2021-05-07 10:11:49.444,2021-05-07 10:11:51.423,0.021,1,2,0.909784,0.0007400488,0.073287025,0.909784,0.016188975
511,4,sitting,2021-05-07 10:11:50.444,2021-05-07 10:11:52.423,0.021,1,2,0.9111214,0.00058679195,0.08100927,0.9111214,0.007282561
511,4,sitting,2021-05-07 10:11:51.444,2021-05-07 10:11:53.423,0.021,1,2,0.91182595,0.00058349315,0.0800955,0.91182595,0.0074950447
511,4,sitting,2021-05-07 10:11:52.444,2021-05-07 10:11:54.423,0.021,1,2,0.90932536,0.0005907375,0.08358791,0.90932536,0.006496006
511,4,sitting,2021-05-07 10:11:53.444,2021-05-07 10:11:55.423,0.021,1,2,0.90868425,0.00057922845,0.08470212,0.90868425,0.006034398
511,4,sitting,2021-05-07 10:11:54.444,2021-05-07 10:11:56.423,0.021,1,2,0.91083556,0.0005890093,0.08124594,0.91083556,0.0073294314
511,4,sitting,2021-05-07 10:11:55.444,2021-05-07 10:11:57.423,0.021,1,2,0.9116434,0.0006054727,0.0792908,0.9116434,0.008460311
511,4,sitting,2021-05-07 10:11:56.444,2021-05-07 10:11:58.423,0.021,1,2,0.9089752,0.00065495033,0.08115806,0.9089752,0.00921179
511,4,sitting,2021-05-07 10:11:57.444,2021-05-07 10:11:59.423,0.021,1,2,0.90897346,0.00062596303,0.08026292,0.90897346,0.010137682
511,4,sitting,2021-05-07 10:11:58.444,2021-05-07 10:12:00.424,0.021,1,2,0.9193092,0.000482087,0.06996639,0.9193092,0.010242269
511,4,sitting,2021-05-07 10:11:59.444,2021-05-07 10:12:01.424,0.021,1,2,0.9260184,0.00041143125,0.06485688,0.9260184,0.008713277
511,4,sitting,2021-05-07 10:12:00.444,2021-05-07 10:12:02.424,0.021,1,2,0.925037,0.00039141605,0.06691215,0.925037,0.0076593976
511,4,sitting,2021-05-07 10:12:01.444,2021-05-07 10:12:03.424,0.021,1,2,0.9136971,0.00048311046,0.07888416,0.9136971,0.0069355494
511,4,sitting,2021-05-07 10:12:02.444,2021-05-07 10:12:04.423,0.021,1,2,0.9102998,0.00051235594,0.08241126,0.9102998,0.006776538
511,4,sitting,2021-05-07 10:12:03.444,2021-05-07 10:12:05.423,0.021,1,2,0.91241574,0.00050531665,0.07940533,0.91241574,0.007673589
511,4,sitting,2021-05-07 10:12:04.444,2021-05-07 10:12:06.423,0.021,1,2,0.9198412,0.00042210598,0.07189901,0.9198412,0.007837589
511,4,sitting,2021-05-07 10:12:05.444,2021-05-07 10:12:07.423,0.021,1,2,0.898265,0.0006192542,0.08955304,0.898265,0.011562745
511,4,sitting,2021-05-07 10:12:06.444,2021-05-07 10:12:08.423,0.021,1,2,0.8643694,0.0009340064,0.115208805,0.8643694,0.019487811
511,4,sitting,2021-05-07 10:12:07.444,2021-05-07 10:12:09.423,0.021,1,2,0.8933507,0.0008320284,0.09185135,0.8933507,0.013965822
511,4,sitting,2021-05-07 10:12:08.444,2021-05-07 10:12:10.423,0.021,1,2,0.8967025,0.0007454751,0.09408187,0.8967025,0.008470161
511,4,sitting,2021-05-07 10:12:09.444,2021-05-07 10:12:11.423,0.021,1,2,0.90088487,0.00072148384,0.08841884,0.90088487,0.009974743
511,4,sitting,2021-05-07 10:12:10.444,2021-05-07 10:12:12.423,0.021,1,2,0.92132556,0.00036065606,0.066764444,0.92132556,0.011549279
511,4,sitting,2021-05-07 10:12:11.444,2021-05-07 10:12:13.423,0.021,1,2,0.9336741,0.00016092687,0.05543309,0.9336741,0.010731958
511,4,sitting,2021-05-07 10:12:12.444,2021-05-07 10:12:14.423,0.021,1,3,0.8029835,5.6097066e-05,0.013272764,0.1836877,0.8029835
511,4,sitting,2021-05-07 10:12:13.444,2021-05-07 10:12:15.423,0.021,1,3,0.969057,8.1707785e-06,0.0019532673,0.028981565,0.969057
511,4,sitting,2021-05-07 10:12:14.444,2021-05-07 10:12:16.423,0.021,1,2,0.8972381,0.00023651971,0.047356565,0.8972381,0.055168837
511,4,sitting,2021-05-07 10:12:15.444,2021-05-07 10:12:17.423,0.021,1,2,0.9468956,0.00018213826,0.04567975,0.9468956,0.007242487
511,4,sitting,2021-05-07 10:12:16.444,2021-05-07 10:12:18.423,0.021,1,2,0.94693863,0.00017582519,0.046932686,0.94693863,0.0059529557
511,4,sitting,2021-05-07 10:12:17.444,2021-05-07 10:12:19.423,0.021,1,2,0.93357384,0.00027814088,0.0484694,0.93357384,0.017678587
511,4,sitting,2021-05-07 10:12:18.444,2021-05-07 10:12:20.423,0.021,1,2,0.88080317,0.00042307103,0.055094264,0.88080317,0.06367939
511,4,sitting,2021-05-07 10:12:19.444,2021-05-07 10:12:21.423,0.021,1,2,0.8699898,0.00050731003,0.06468301,0.8699898,0.06481978
511,4,sitting,2021-05-07 10:12:20.444,2021-05-07 10:12:22.423,0.021,1,2,0.69394356,0.0006125467,0.05728597,0.69394356,0.24815786
511,4,sitting,2021-05-07 10:12:21.444,2021-05-07 10:12:23.423,0.021,1,2,0.7246885,0.0013282483,0.071582034,0.7246885,0.20240124
511,4,sitting,2021-05-07 10:12:22.444,2021-05-07 10:12:24.423,0.021,1,2,0.863834,0.0015046349,0.09586606,0.863834,0.038795248
511,4,sitting,2021-05-07 10:12:23.444,2021-05-07 10:12:25.423,0.021,1,2,0.84608305,0.0013839733,0.10546773,0.84608305,0.047065213
511,4,sitting,2021-05-07 10:12:24.444,2021-05-07 10:12:26.423,0.021,1,2,0.87163377,0.0011975452,0.10196558,0.87163377,0.025203187
511,4,sitting,2021-05-07 10:12:25.444,2021-05-07 10:12:27.423,0.021,1,2,0.88825285,0.0010490163,0.09632252,0.88825285,0.014375704
511,4,sitting,2021-05-07 10:12:26.444,2021-05-07 10:12:28.423,0.021,1,2,0.8917447,0.0010617978,0.081861764,0.8917447,0.025331669
511,4,sitting,2021-05-07 10:12:27.444,2021-05-07 10:12:29.423,0.021,1,2,0.89719754,0.0009230123,0.06756285,0.89719754,0.034316577
511,4,sitting,2021-05-07 10:12:28.444,2021-05-07 10:12:30.423,0.021,1,2,0.92656064,0.00063767994,0.05441551,0.92656064,0.018386172
511,4,sitting,2021-05-07 10:12:29.444,2021-05-07 10:12:31.423,0.021,1,2,0.92539394,0.000626383,0.05608723,0.92539394,0.017892452
511,4,sitting,2021-05-07 10:12:30.444,2021-05-07 10:12:32.423,0.021,1,2,0.91626054,0.00072015874,0.0639922,0.91626054,0.019027134
511,4,sitting,2021-05-07 10:12:31.444,2021-05-07 10:12:33.423,0.021,1,2,0.91660213,0.0007075077,0.06379394,0.91660213,0.01889634
511,4,sitting,2021-05-07 10:12:32.444,2021-05-07 10:12:34.423,0.021,1,2,0.9200019,0.0005784246,0.06499838,0.9200019,0.014421235
511,4,sitting,2021-05-07 10:12:33.444,2021-05-07 10:12:35.423,0.021,1,2,0.9215723,0.0005072105,0.06481085,0.9215723,0.013109705
511,4,sitting,2021-05-07 10:12:34.444,2021-05-07 10:12:36.423,0.021,1,2,0.91430956,0.00059959595,0.066412956,0.91430956,0.018677762
511,4,sitting,2021-05-07 10:12:35.444,2021-05-07 10:12:37.423,0.021,1,2,0.9126251,0.0006396674,0.070043094,0.9126251,0.016692214
511,4,sitting,2021-05-07 10:12:36.444,2021-05-07 10:12:38.423,0.021,1,2,0.9139396,0.0005829054,0.06567441,0.9139396,0.019803075
511,4,sitting,2021-05-07 10:12:37.444,2021-05-07 10:12:39.423,0.021,1,2,0.8915851,0.0006824591,0.06460469,0.8915851,0.04312781
511,4,sitting,2021-05-07 10:12:38.444,2021-05-07 10:12:40.423,0.021,1,2,0.8838841,0.0007861011,0.08088108,0.8838841,0.034448706
511,4,sitting,2021-05-07 10:12:39.444,2021-05-07 10:12:41.423,0.021,1,2,0.80689263,0.0008578558,0.14800332,0.80689263,0.044246253
511,4,sitting,2021-05-07 10:12:40.444,2021-05-07 10:12:42.423,0.021,1,2,0.77223724,0.0009048084,0.11892232,0.77223724,0.1079356
511,4,sitting,2021-05-07 10:12:41.444,2021-05-07 10:12:43.423,0.021,1,2,0.83425945,0.0013801804,0.07048366,0.83425945,0.093876615
511,4,sitting,2021-05-07 10:12:42.444,2021-05-07 10:12:44.423,0.021,1,2,0.91602916,0.0011848776,0.053383984,0.91602916,0.029401997
511,4,sitting,2021-05-07 10:12:43.444,2021-05-07 10:12:45.423,0.021,1,2,0.68555605,0.0015230605,0.061863855,0.68555605,0.2510569
511,4,sitting,2021-05-07 10:12:44.444,2021-05-07 10:12:46.423,0.021,1,2,0.5451057,0.0017246227,0.07756315,0.5451057,0.37560666
511,4,sitting,2021-05-07 10:12:45.444,2021-05-07 10:12:47.423,0.021,1,2,0.8737491,0.0014724471,0.08500883,0.8737491,0.039769705
511,4,sitting,2021-05-07 10:12:46.444,2021-05-07 10:12:48.423,0.021,1,2,0.90485597,0.0013918304,0.07701926,0.90485597,0.016732909
511,4,sitting,2021-05-07 10:12:47.444,2021-05-07 10:12:49.423,0.021,1,2,0.9088973,0.001361682,0.07432075,0.9088973,0.015420192
511,4,sitting,2021-05-07 10:12:48.444,2021-05-07 10:12:50.423,0.021,1,2,0.90435827,0.0014283706,0.0814644,0.90435827,0.012749068
511,4,sitting,2021-05-07 10:12:49.444,2021-05-07 10:12:51.423,0.021,1,2,0.9037735,0.0014369752,0.08218475,0.9037735,0.012604844
511,4,sitting,2021-05-07 10:12:50.444,2021-05-07 10:12:52.423,0.021,1,2,0.9003503,0.0014904488,0.08674054,0.9003503,0.011418736
511,4,sitting,2021-05-07 10:12:51.444,2021-05-07 10:12:53.423,0.021,1,2,0.89333117,0.0015749895,0.095461905,0.89333117,0.009631929
511,4,sitting,2021-05-07 10:12:52.444,2021-05-07 10:12:54.423,0.021,1,2,0.8967346,0.0015265326,0.09115119,0.8967346,0.01058761
511,4,sitting,2021-05-07 10:12:53.444,2021-05-07 10:12:55.423,0.021,1,2,0.8971002,0.0015120024,0.09087818,0.8971002,0.010509671
511,4,sitting,2021-05-07 10:12:54.444,2021-05-07 10:12:56.423,0.021,1,2,0.89397603,0.0015226678,0.093134716,0.89397603,0.011366605
511,4,sitting,2021-05-07 10:12:55.444,2021-05-07 10:12:57.423,0.021,1,2,0.8872782,0.0014459093,0.099962026,0.8872782,0.011313827
511,4,sitting,2021-05-07 10:12:56.444,2021-05-07 10:12:58.423,0.021,1,2,0.87885493,0.0014935354,0.11045433,0.87885493,0.009197256
511,4,sitting,2021-05-07 10:12:57.444,2021-05-07 10:12:59.423,0.021,1,2,0.8786256,0.0016054856,0.11034055,0.8786256,0.009428443
511,4,sitting,2021-05-07 10:12:58.444,2021-05-07 10:13:00.424,0.021,1,2,0.8888857,0.0015125775,0.09531614,0.8888857,0.014285427
511,4,sitting,2021-05-07 10:12:59.444,2021-05-07 10:13:01.424,0.021,1,2,0.8884501,0.001445333,0.094377965,0.8884501,0.01572658
511,4,sitting,2021-05-07 10:13:00.444,2021-05-07 10:13:02.424,0.021,1,2,0.8581374,0.0013341495,0.08108023,0.8581374,0.059448197
511,4,sitting,2021-05-07 10:13:01.444,2021-05-07 10:13:03.424,0.021,1,2,0.89815384,0.0009262247,0.068074785,0.89815384,0.032845166
511,4,sitting,2021-05-07 10:13:02.444,2021-05-07 10:13:04.423,0.021,1,2,0.9146918,0.0007582851,0.06424304,0.9146918,0.020306915
511,4,sitting,2021-05-07 10:13:03.444,2021-05-07 10:13:05.423,0.021,1,2,0.85366315,0.0009212504,0.05839544,0.85366315,0.087020114
511,4,sitting,2021-05-07 10:13:04.444,2021-05-07 10:13:06.423,0.021,1,2,0.8444478,0.001057974,0.07669121,0.8444478,0.07780304
511,4,sitting,2021-05-07 10:13:05.444,2021-05-07 10:13:07.423,0.021,1,2,0.88052446,0.0012366526,0.09213791,0.88052446,0.026100922
511,4,sitting,2021-05-07 10:13:06.444,2021-05-07 10:13:08.423,0.021,1,2,0.89484006,0.0013150794,0.09258782,0.89484006,0.011257034
511,4,sitting,2021-05-07 10:13:07.444,2021-05-07 10:13:09.423,0.021,1,2,0.8928082,0.0013398771,0.094009615,0.8928082,0.011842268
511,4,sitting,2021-05-07 10:13:08.444,2021-05-07 10:13:10.423,0.021,1,2,0.88694113,0.0013069338,0.10017838,0.88694113,0.011573554
511,4,sitting,2021-05-07 10:13:09.444,2021-05-07 10:13:11.423,0.021,1,2,0.8802127,0.0012522066,0.10899078,0.8802127,0.009544313
511,4,sitting,2021-05-07 10:13:10.444,2021-05-07 10:13:12.423,0.021,1,2,0.88806957,0.0011909698,0.09984096,0.88806957,0.010898479
511,4,sitting,2021-05-07 10:13:11.444,2021-05-07 10:13:13.423,0.021,1,2,0.82283455,0.001553999,0.0896927,0.82283455,0.08591866
511,4,sitting,2021-05-07 10:13:12.444,2021-05-07 10:13:14.423,0.021,1,2,0.68348575,0.0015500381,0.08114326,0.68348575,0.2338208
511,4,sitting,2021-05-07 10:13:13.444,2021-05-07 10:13:15.423,0.021,1,2,0.8305076,0.0012785563,0.08071127,0.8305076,0.087502636
511,4,sitting,2021-05-07 10:13:14.444,2021-05-07 10:13:16.423,0.021,1,2,0.76026076,0.0012507653,0.07166748,0.76026076,0.16682103
511,4,sitting,2021-05-07 10:13:15.444,2021-05-07 10:13:17.423,0.021,1,2,0.7870273,0.001388338,0.09058104,0.7870273,0.12100333
511,4,sitting,2021-05-07 10:13:16.444,2021-05-07 10:13:18.423,0.021,1,2,0.8739961,0.0012890525,0.09723248,0.8739961,0.027482329
511,4,sitting,2021-05-07 10:13:17.444,2021-05-07 10:13:19.423,0.021,1,2,0.89130634,0.0012176271,0.08260774,0.89130634,0.024868326
511,4,sitting,2021-05-07 10:13:18.444,2021-05-07 10:13:20.423,0.021,1,2,0.89240646,0.0012108189,0.08707675,0.89240646,0.019305926
511,4,sitting,2021-05-07 10:13:19.444,2021-05-07 10:13:21.423,0.021,1,2,0.891637,0.0012111174,0.09518384,0.891637,0.011968014
511,4,sitting,2021-05-07 10:13:20.444,2021-05-07 10:13:22.423,0.021,1,2,0.8963626,0.0011137718,0.08924423,0.8963626,0.013279381
511,4,sitting,2021-05-07 10:13:21.444,2021-05-07 10:13:23.423,0.021,1,2,0.90035415,0.0010250335,0.08376843,0.90035415,0.01485255
511,4,sitting,2021-05-07 10:13:22.444,2021-05-07 10:13:24.423,0.021,1,2,0.90368783,0.0010161937,0.08047723,0.90368783,0.014818719
511,4,sitting,2021-05-07 10:13:23.444,2021-05-07 10:13:25.423,0.021,1,2,0.9020136,0.0010519751,0.08379997,0.9020136,0.013134537
511,4,sitting,2021-05-07 10:13:24.444,2021-05-07 10:13:26.423,0.021,1,2,0.9011111,0.0010655961,0.082519814,0.9011111,0.015303388
511,4,sitting,2021-05-07 10:13:25.444,2021-05-07 10:13:27.423,0.021,1,2,0.89219946,0.00117526,0.08660963,0.89219946,0.02001567
511,4,sitting,2021-05-07 10:13:26.444,2021-05-07 10:13:28.423,0.021,1,2,0.89789516,0.0011962451,0.085189104,0.89789516,0.015719548
511,4,sitting,2021-05-07 10:13:27.444,2021-05-07 10:13:29.423,0.021,1,2,0.9021224,0.0011411689,0.08145039,0.9021224,0.015286053
511,4,sitting,2021-05-07 10:13:28.444,2021-05-07 10:13:30.423,0.021,1,2,0.90103924,0.0010990342,0.08358896,0.90103924,0.01427272
511,4,sitting,2021-05-07 10:13:29.444,2021-05-07 10:13:31.423,0.021,1,2,0.90188956,0.0010408054,0.0841267,0.90188956,0.012942864
511,4,sitting,2021-05-07 10:13:30.444,2021-05-07 10:13:32.423,0.021,1,2,0.9036196,0.0010401425,0.08173681,0.9036196,0.013603289
511,4,sitting,2021-05-07 10:13:31.444,2021-05-07 10:13:33.423,0.021,1,2,0.90485924,0.0010371774,0.07933917,0.90485924,0.014764329
511,4,sitting,2021-05-07 10:13:32.444,2021-05-07 10:13:34.423,0.021,1,2,0.9102389,0.0009733123,0.07479164,0.9102389,0.01399617
511,4,sitting,2021-05-07 10:13:33.444,2021-05-07 10:13:35.423,0.021,1,2,0.915832,0.00088229927,0.069385886,0.915832,0.013899797
511,4,sitting,2021-05-07 10:13:34.444,2021-05-07 10:13:36.423,0.021,1,2,0.91336614,0.0009380318,0.07050913,0.91336614,0.015186837
511,4,sitting,2021-05-07 10:13:35.444,2021-05-07 10:13:37.423,0.021,1,2,0.91152066,0.00096737826,0.074177414,0.91152066,0.013334494
511,4,sitting,2021-05-07 10:13:36.444,2021-05-07 10:13:38.423,0.021,1,2,0.90466654,0.0010190873,0.06783705,0.90466654,0.02647727
511,4,sitting,2021-05-07 10:13:37.444,2021-05-07 10:13:39.423,0.021,1,2,0.8725491,0.0013924285,0.07240641,0.8725491,0.053652067
511,4,sitting,2021-05-07 10:13:38.444,2021-05-07 10:13:40.423,0.021,1,2,0.9067893,0.0012301973,0.07348297,0.9067893,0.018497556
511,4,sitting,2021-05-07 10:13:39.444,2021-05-07 10:13:41.423,0.021,1,2,0.9036601,0.0011480419,0.08610915,0.9036601,0.009082738
511,4,sitting,2021-05-07 10:13:40.444,2021-05-07 10:13:42.423,0.021,1,2,0.90449464,0.0011364303,0.08544881,0.90449464,0.008920105
511,4,sitting,2021-05-07 10:13:41.444,2021-05-07 10:13:43.423,0.021,1,2,0.9049997,0.0011394649,0.08439214,0.9049997,0.009468636
511,4,sitting,2021-05-07 10:13:42.444,2021-05-07 10:13:44.423,0.021,1,2,0.9062236,0.0011195752,0.082543805,0.9062236,0.010112895
511,4,sitting,2021-05-07 10:13:43.444,2021-05-07 10:13:45.423,0.021,1,2,0.9086432,0.0010752857,0.07978573,0.9086432,0.010495707
511,4,sitting,2021-05-07 10:13:44.444,2021-05-07 10:13:46.423,0.021,1,2,0.9148885,0.0009864022,0.07103454,0.9148885,0.013090583
511,4,sitting,2021-05-07 10:13:45.444,2021-05-07 10:13:47.423,0.021,1,2,0.91314924,0.0010263037,0.062392484,0.91314924,0.02343194
511,4,sitting,2021-05-07 10:13:46.444,2021-05-07 10:13:48.423,0.021,1,2,0.91445595,0.0010458364,0.066505186,0.91445595,0.017993066
511,4,sitting,2021-05-07 10:13:47.444,2021-05-07 10:13:49.423,0.021,1,2,0.9109443,0.0010434634,0.07678656,0.9109443,0.011225672
511,4,sitting,2021-05-07 10:13:48.444,2021-05-07 10:13:50.423,0.021,1,2,0.91124606,0.0010457181,0.075680226,0.91124606,0.012027943
511,4,sitting,2021-05-07 10:13:49.444,2021-05-07 10:13:51.423,0.021,1,2,0.91298044,0.0010467017,0.07030819,0.91298044,0.015664676
511,4,sitting,2021-05-07 10:13:50.444,2021-05-07 10:13:52.423,0.021,1,2,0.91320395,0.001049178,0.07064123,0.91320395,0.015105476
511,4,sitting,2021-05-07 10:13:51.444,2021-05-07 10:13:53.423,0.021,1,2,0.91019094,0.0010430489,0.077148266,0.91019094,0.011617773
511,4,sitting,2021-05-07 10:13:52.444,2021-05-07 10:13:54.423,0.021,1,2,0.90786874,0.001032577,0.081435904,0.90786874,0.00966283
511,4,sitting,2021-05-07 10:13:53.444,2021-05-07 10:13:55.423,0.021,1,2,0.90625465,0.0010579464,0.08357791,0.90625465,0.009109498
511,4,sitting,2021-05-07 10:13:54.444,2021-05-07 10:13:56.423,0.021,1,2,0.9073153,0.0010786284,0.08150635,0.9073153,0.010099671
511,4,sitting,2021-05-07 10:13:55.444,2021-05-07 10:13:57.423,0.021,1,2,0.9075603,0.0010409809,0.08134107,0.9075603,0.010057624
511,4,sitting,2021-05-07 10:13:56.444,2021-05-07 10:13:58.423,0.021,1,2,0.9071009,0.0010114993,0.08252185,0.9071009,0.009365815
511,4,sitting,2021-05-07 10:13:57.444,2021-05-07 10:13:59.423,0.021,1,2,0.90757275,0.001099225,0.07700483,0.90757275,0.014323224
511,4,sitting,2021-05-07 10:13:58.444,2021-05-07 10:14:00.424,0.021,1,2,0.9068625,0.0011415589,0.07661929,0.9068625,0.015376678
511,4,sitting,2021-05-07 10:13:59.444,2021-05-07 10:14:01.424,0.021,1,2,0.9069431,0.0010805827,0.08049931,0.9069431,0.011477076
511,4,sitting,2021-05-07 10:14:00.444,2021-05-07 10:14:02.424,0.021,1,2,0.90787417,0.0010202583,0.080939256,0.90787417,0.010166263
511,4,sitting,2021-05-07 10:14:01.444,2021-05-07 10:14:03.424,0.021,1,2,0.91330016,0.0009825907,0.07317363,0.91330016,0.0125437295
511,4,sitting,2021-05-07 10:14:02.444,2021-05-07 10:14:04.423,0.021,1,2,0.91455954,0.0009691702,0.066094406,0.91455954,0.018376892
511,4,sitting,2021-05-07 10:14:03.444,2021-05-07 10:14:05.423,0.021,1,2,0.90413237,0.0009448457,0.06564521,0.90413237,0.029277507
511,4,sitting,2021-05-07 10:14:04.444,2021-05-07 10:14:06.423,0.021,1,2,0.92350286,0.0007012806,0.06040061,0.92350286,0.015395185
511,4,sitting,2021-05-07 10:14:05.444,2021-05-07 10:14:07.423,0.021,1,2,0.9230156,0.0006810445,0.06714962,0.9230156,0.009153637
511,4,sitting,2021-05-07 10:14:06.444,2021-05-07 10:14:08.423,0.021,1,2,0.9128119,0.0008982012,0.056724537,0.9128119,0.029565305
511,4,sitting,2021-05-07 10:14:07.444,2021-05-07 10:14:09.423,0.021,1,2,0.850616,0.0014056871,0.07570484,0.850616,0.07227346
511,4,sitting,2021-05-07 10:14:08.444,2021-05-07 10:14:10.423,0.021,1,2,0.6796841,0.0014536437,0.14510211,0.6796841,0.17376012
511,4,sitting,2021-05-07 10:14:09.444,2021-05-07 10:14:11.423,0.021,1,2,0.6519655,0.0014072459,0.17337121,0.6519655,0.17325597
511,4,sitting,2021-05-07 10:14:10.444,2021-05-07 10:14:12.423,0.021,1,2,0.7504104,0.0010308735,0.20016913,0.7504104,0.048389655
511,4,sitting,2021-05-07 10:14:11.444,2021-05-07 10:14:13.423,0.021,1,2,0.7391706,0.000819389,0.23201886,0.7391706,0.027991038
511,4,sitting,2021-05-07 10:14:12.444,2021-05-07 10:14:14.423,0.021,1,2,0.7549822,0.00090845034,0.20912217,0.7549822,0.034987226
511,4,sitting,2021-05-07 10:14:13.444,2021-05-07 10:14:15.423,0.021,1,2,0.7530979,0.0009904015,0.19500713,0.7530979,0.05090456
511,4,sitting,2021-05-07 10:14:14.444,2021-05-07 10:14:16.423,0.021,1,2,0.6933767,0.0010439222,0.20462628,0.6933767,0.10095308
511,4,sitting,2021-05-07 10:14:15.444,2021-05-07 10:14:17.423,0.021,1,2,0.6885002,0.0009982623,0.2117288,0.6885002,0.09877285
511,4,sitting,2021-05-07 10:14:16.444,2021-05-07 10:14:18.423,0.021,1,2,0.7635305,0.0009551629,0.19900371,0.7635305,0.036510654
511,4,sitting,2021-05-07 10:14:17.444,2021-05-07 10:14:19.423,0.021,1,2,0.59355754,0.0008740266,0.111244604,0.59355754,0.29432386
511,4,sitting,2021-05-07 10:14:18.444,2021-05-07 10:14:20.423,0.021,1,2,0.629599,0.0011819348,0.062710084,0.629599,0.30650905
511,4,sitting,2021-05-07 10:14:19.444,2021-05-07 10:14:21.423,0.021,1,2,0.89140725,0.0014922469,0.052954312,0.89140725,0.054146044
511,4,sitting,2021-05-07 10:14:20.444,2021-05-07 10:14:22.423,0.021,1,2,0.9225766,0.0012319476,0.05110624,0.9225766,0.025085155
511,4,sitting,2021-05-07 10:14:21.444,2021-05-07 10:14:23.423,0.021,1,2,0.9190997,0.0011412192,0.066023,0.9190997,0.013736074
511,4,sitting,2021-05-07 10:14:22.444,2021-05-07 10:14:24.423,0.021,1,2,0.86876005,0.0011904514,0.102396436,0.86876005,0.02765303
511,4,sitting,2021-05-07 10:14:23.444,2021-05-07 10:14:25.423,0.021,1,2,0.84999824,0.0013902901,0.12207368,0.84999824,0.026537834
511,4,sitting,2021-05-07 10:14:24.444,2021-05-07 10:14:26.423,0.021,1,2,0.8712239,0.0014118585,0.11383401,0.8712239,0.013530053
511,4,sitting,2021-05-07 10:14:25.444,2021-05-07 10:14:27.423,0.021,1,2,0.8559105,0.0011272182,0.12485502,0.8559105,0.018107142
511,4,sitting,2021-05-07 10:14:26.444,2021-05-07 10:14:28.423,0.021,1,2,0.87455237,0.0014677295,0.10709827,0.87455237,0.016881661
511,4,sitting,2021-05-07 10:14:27.444,2021-05-07 10:14:29.423,0.021,1,2,0.89060694,0.0014568182,0.09366339,0.89060694,0.014272838
511,4,sitting,2021-05-07 10:14:28.444,2021-05-07 10:14:30.423,0.021,1,2,0.8822316,0.001204818,0.09885221,0.8822316,0.017711284
511,4,sitting,2021-05-07 10:14:29.444,2021-05-07 10:14:31.423,0.021,1,2,0.90016496,0.0014048944,0.08337661,0.90016496,0.015053448
511,4,sitting,2021-05-07 10:14:30.444,2021-05-07 10:14:32.423,0.021,1,2,0.91505736,0.0014110842,0.071294814,0.91505736,0.012236782
511,4,sitting,2021-05-07 10:14:31.444,2021-05-07 10:14:33.423,0.021,1,2,0.8918829,0.0012161708,0.0609334,0.8918829,0.04596754
511,4,sitting,2021-05-07 10:14:32.444,2021-05-07 10:14:34.423,0.021,1,3,0.48995674,0.000948066,0.05170496,0.45739013,0.48995674
511,4,sitting,2021-05-07 10:14:33.444,2021-05-07 10:14:35.423,0.021,1,2,0.6156429,0.0013492297,0.0530699,0.6156429,0.32993793
511,4,sitting,2021-05-07 10:14:34.444,2021-05-07 10:14:36.423,0.021,1,2,0.86085254,0.0014846795,0.049465112,0.86085254,0.088197626
511,4,sitting,2021-05-07 10:14:35.444,2021-05-07 10:14:37.423,0.021,1,2,0.88976246,0.0013921225,0.051665317,0.88976246,0.05718015
511,4,sitting,2021-05-07 10:14:36.444,2021-05-07 10:14:38.423,0.021,1,2,0.8986211,0.0012627336,0.058143497,0.8986211,0.04197279
511,4,sitting,2021-05-07 10:14:37.444,2021-05-07 10:14:39.423,0.021,1,2,0.88705,0.0011774297,0.0895176,0.88705,0.022255009
511,4,sitting,2021-05-07 10:14:38.444,2021-05-07 10:14:40.423,0.021,1,2,0.9114916,0.0011029037,0.07248304,0.9114916,0.014922508
511,4,sitting,2021-05-07 10:14:39.444,2021-05-07 10:14:41.423,0.021,1,2,0.92451394,0.0010744614,0.049246844,0.92451394,0.025164703
511,4,sitting,2021-05-07 10:14:40.444,2021-05-07 10:14:42.423,0.021,1,2,0.9291777,0.0010007599,0.04976068,0.9291777,0.02006087
511,4,sitting,2021-05-07 10:14:41.444,2021-05-07 10:14:43.423,0.021,1,2,0.9322392,0.000948415,0.0546811,0.9322392,0.012131368
511,4,sitting,2021-05-07 10:14:42.444,2021-05-07 10:14:44.423,0.021,1,2,0.93383116,0.000906229,0.053123105,0.93383116,0.012139447
511,4,sitting,2021-05-07 10:14:43.444,2021-05-07 10:14:45.423,0.021,1,2,0.9342672,0.0009039942,0.051189225,0.9342672,0.0136395935
511,4,sitting,2021-05-07 10:14:44.444,2021-05-07 10:14:46.423,0.021,1,2,0.8957923,0.0010511602,0.0463518,0.8957923,0.056804832
511,4,sitting,2021-05-07 10:14:45.444,2021-05-07 10:14:47.423,0.021,1,2,0.66485083,0.0011641546,0.051813863,0.66485083,0.28217125
511,4,sitting,2021-05-07 10:14:46.444,2021-05-07 10:14:48.423,0.021,1,2,0.7850529,0.0011743399,0.094740026,0.7850529,0.11903274
511,4,sitting,2021-05-07 10:14:47.444,2021-05-07 10:14:49.423,0.021,1,2,0.83124346,0.0012325685,0.12576073,0.83124346,0.04176331
511,4,sitting,2021-05-07 10:14:48.444,2021-05-07 10:14:50.423,0.021,1,2,0.87994576,0.0012696759,0.10731257,0.87994576,0.011471923
511,4,sitting,2021-05-07 10:14:49.444,2021-05-07 10:14:51.423,0.021,1,2,0.8940208,0.0013849934,0.088931315,0.8940208,0.015662834
511,4,sitting,2021-05-07 10:14:50.444,2021-05-07 10:14:52.423,0.021,1,2,0.8927577,0.0013522272,0.08710494,0.8927577,0.018784927
511,4,sitting,2021-05-07 10:14:51.444,2021-05-07 10:14:53.423,0.021,1,2,0.89172065,0.0013026984,0.090887584,0.89172065,0.01608904
511,4,sitting,2021-05-07 10:14:52.444,2021-05-07 10:14:54.423,0.021,1,2,0.89777255,0.0013081162,0.08347717,0.89777255,0.017442198
511,4,sitting,2021-05-07 10:14:53.444,2021-05-07 10:14:55.423,0.021,1,2,0.8938332,0.001312867,0.07754157,0.8938332,0.027312351
511,4,sitting,2021-05-07 10:14:54.444,2021-05-07 10:14:56.423,0.021,1,2,0.8983154,0.0013073859,0.079567574,0.8983154,0.020809593
511,4,sitting,2021-05-07 10:14:55.444,2021-05-07 10:14:57.423,0.021,1,2,0.90124446,0.0012730443,0.082930855,0.90124446,0.014551564
511,4,sitting,2021-05-07 10:14:56.444,2021-05-07 10:14:58.423,0.021,1,2,0.9062338,0.0011814585,0.07910801,0.9062338,0.013476792
511,4,sitting,2021-05-07 10:14:57.444,2021-05-07 10:14:59.423,0.021,1,2,0.9144838,0.0009976795,0.07024962,0.9144838,0.014268955
511,4,sitting,2021-05-07 10:14:58.444,2021-05-07 10:15:00.424,0.021,1,2,0.90110224,0.0010982017,0.06386857,0.90110224,0.033930957
511,4,sitting,2021-05-07 10:14:59.444,2021-05-07 10:15:01.424,0.021,1,2,0.8949161,0.0011986223,0.0647958,0.8949161,0.039089333
511,4,sitting,2021-05-07 10:15:00.444,2021-05-07 10:15:02.424,0.021,1,2,0.9060455,0.0012058011,0.076866224,0.9060455,0.015882375
511,4,sitting,2021-05-07 10:15:01.444,2021-05-07 10:15:03.424,0.021,1,2,0.9009273,0.001343094,0.08319364,0.9009273,0.014536014
511,4,sitting,2021-05-07 10:15:02.444,2021-05-07 10:15:04.423,0.021,1,2,0.9052296,0.001331902,0.07585696,0.9052296,0.017581496
511,4,sitting,2021-05-07 10:15:03.444,2021-05-07 10:15:05.423,0.021,1,2,0.9061884,0.0013098612,0.0686887,0.9061884,0.023813061
511,4,sitting,2021-05-07 10:15:04.444,2021-05-07 10:15:06.423,0.021,1,2,0.9001673,0.0012289291,0.06366106,0.9001673,0.03494265
511,4,sitting,2021-05-07 10:15:05.444,2021-05-07 10:15:07.423,0.021,1,2,0.91046745,0.0011574366,0.06312626,0.91046745,0.025248908
511,4,sitting,2021-05-07 10:15:06.444,2021-05-07 10:15:08.423,0.021,1,2,0.8925216,0.0013265642,0.06666022,0.8925216,0.039491672
511,4,sitting,2021-05-07 10:15:07.444,2021-05-07 10:15:09.423,0.021,1,2,0.9159096,0.0010696151,0.06286864,0.9159096,0.020152165
511,4,sitting,2021-05-07 10:15:08.444,2021-05-07 10:15:10.423,0.021,1,2,0.92016983,0.0009396425,0.06540195,0.92016983,0.013488541
511,4,sitting,2021-05-07 10:15:09.444,2021-05-07 10:15:11.423,0.021,1,2,0.91949743,0.0009536813,0.06616303,0.91949743,0.013385742
511,4,sitting,2021-05-07 10:15:10.444,2021-05-07 10:15:12.423,0.021,1,2,0.91248494,0.0010680952,0.07528299,0.91248494,0.011163932
511,4,sitting,2021-05-07 10:15:11.444,2021-05-07 10:15:13.423,0.021,1,2,0.9115661,0.0011374073,0.073482975,0.9115661,0.013813477
511,4,sitting,2021-05-07 10:15:12.444,2021-05-07 10:15:14.423,0.021,1,2,0.916538,0.0010354414,0.066552565,0.916538,0.015873961
511,4,sitting,2021-05-07 10:15:13.444,2021-05-07 10:15:15.423,0.021,1,2,0.91864294,0.0009758048,0.065475926,0.91864294,0.014905338
511,4,sitting,2021-05-07 10:15:14.444,2021-05-07 10:15:16.423,0.021,1,2,0.9185858,0.0009935544,0.064844154,0.9185858,0.015576541
511,4,sitting,2021-05-07 10:15:15.444,2021-05-07 10:15:17.423,0.021,1,2,0.9188444,0.0009537132,0.067918986,0.9188444,0.012282821
511,4,sitting,2021-05-07 10:15:16.444,2021-05-07 10:15:18.423,0.021,1,2,0.9176954,0.00094925414,0.07080542,0.9176954,0.010549864
511,4,sitting,2021-05-07 10:15:17.444,2021-05-07 10:15:19.423,0.021,1,2,0.917282,0.0009826851,0.069794685,0.917282,0.011940655
511,4,sitting,2021-05-07 10:15:18.444,2021-05-07 10:15:20.423,0.021,1,2,0.9154838,0.0010025288,0.061949562,0.9154838,0.021564104
511,4,sitting,2021-05-07 10:15:19.444,2021-05-07 10:15:21.423,0.021,1,2,0.87287277,0.0012770836,0.07056925,0.87287277,0.055280883
511,4,sitting,2021-05-07 10:15:20.444,2021-05-07 10:15:22.423,0.021,1,2,0.856005,0.0012752498,0.09474716,0.856005,0.04797265
511,4,sitting,2021-05-07 10:15:21.444,2021-05-07 10:15:23.423,0.021,1,2,0.8889779,0.00146634,0.087348826,0.8889779,0.022206936
511,4,sitting,2021-05-07 10:15:22.444,2021-05-07 10:15:24.423,0.021,1,2,0.903714,0.0012247573,0.07650135,0.903714,0.018559946
511,4,sitting,2021-05-07 10:15:23.444,2021-05-07 10:15:25.423,0.021,1,2,0.8995352,0.0010544173,0.080591835,0.8995352,0.01881863
511,4,sitting,2021-05-07 10:15:24.444,2021-05-07 10:15:26.423,0.021,1,2,0.8434955,0.0016568768,0.08241194,0.8434955,0.07243573
511,4,sitting,2021-05-07 10:15:25.444,2021-05-07 10:15:27.423,0.021,1,2,0.84957737,0.0016058119,0.08670183,0.84957737,0.062115043
511,4,sitting,2021-05-07 10:15:26.444,2021-05-07 10:15:28.423,0.021,1,2,0.8928956,0.0014540049,0.09291018,0.8928956,0.012740207
511,4,sitting,2021-05-07 10:15:27.444,2021-05-07 10:15:29.423,0.021,1,2,0.89307845,0.0014177797,0.094650164,0.89307845,0.010853619
511,4,sitting,2021-05-07 10:15:28.444,2021-05-07 10:15:30.423,0.021,1,2,0.8981923,0.0014360313,0.08754651,0.8981923,0.012825222
511,4,sitting,2021-05-07 10:15:29.444,2021-05-07 10:15:31.423,0.021,1,2,0.89790064,0.0014284806,0.087159805,0.89790064,0.013511137
511,5,walking,2021-05-07 10:15:33.604,2021-05-07 10:15:35.583,0.021,3,3,0.99994487,5.415271e-07,2.5325373e-05,2.9192055e-05,0.99994487
511,5,walking,2021-05-07 10:15:34.604,2021-05-07 10:15:36.583,0.021,3,3,0.9998843,6.823171e-07,3.72728e-05,7.7683995e-05,0.9998843
511,5,walking,2021-05-07 10:15:35.604,2021-05-07 10:15:37.583,0.021,3,3,0.9999735,1.1058761e-07,9.125207e-06,1.7235161e-05,0.9999735
511,5,walking,2021-05-07 10:15:36.604,2021-05-07 10:15:38.583,0.021,3,3,0.9999668,1.6389913e-07,1.3081268e-05,1.9894158e-05,0.9999668
511,5,walking,2021-05-07 10:15:37.604,2021-05-07 10:15:39.583,0.021,3,3,0.9999822,8.4438724e-08,7.706975e-06,9.948545e-06,0.9999822
511,5,walking,2021-05-07 10:15:38.604,2021-05-07 10:15:40.583,0.021,3,3,0.99997157,1.5782376e-07,1.2231027e-05,1.5948159e-05,0.99997157
511,5,walking,2021-05-07 10:15:39.604,2021-05-07 10:15:41.583,0.021,3,3,0.99999195,4.381527e-08,3.8294324e-06,4.077028e-06,0.99999195
511,5,walking,2021-05-07 10:15:40.604,2021-05-07 10:15:42.583,0.021,3,3,0.9999935,3.2739273e-08,3.0585793e-06,3.3372842e-06,0.9999935
511,5,walking,2021-05-07 10:15:41.604,2021-05-07 10:15:43.583,0.021,3,3,0.9999626,2.3129526e-07,1.597237e-05,2.1132848e-05,0.9999626
511,5,walking,2021-05-07 10:15:42.604,2021-05-07 10:15:44.583,0.021,3,3,0.999904,6.1574036e-07,3.8390503e-05,5.691003e-05,0.999904
511,5,walking,2021-05-07 10:15:43.604,2021-05-07 10:15:45.583,0.021,3,3,0.99965304,1.9637935e-06,0.00011205184,0.00023305975,0.99965304
511,5,walking,2021-05-07 10:15:44.604,2021-05-07 10:15:46.583,0.021,3,3,0.9992762,3.5176897e-06,0.00021361584,0.0005066558,0.9992762
511,5,walking,2021-05-07 10:15:45.604,2021-05-07 10:15:47.583,0.021,3,3,0.99954844,2.7729902e-06,0.00014883571,0.00030002484,0.99954844
511,5,walking,2021-05-07 10:15:46.604,2021-05-07 10:15:48.583,0.021,3,3,0.9995674,2.1603175e-06,0.00014473812,0.00028578975,0.9995674
511,5,walking,2021-05-07 10:15:47.604,2021-05-07 10:15:49.583,0.021,3,3,0.99826366,9.286838e-06,0.00053733494,0.0011896135,0.99826366
511,5,walking,2021-05-07 10:15:48.604,2021-05-07 10:15:50.583,0.021,3,3,0.9962083,2.4260577e-05,0.0011789094,0.002588485,0.9962083
511,5,walking,2021-05-07 10:15:49.604,2021-05-07 10:15:51.583,0.021,3,3,0.99647915,2.2437345e-05,0.0011297426,0.0023686269,0.99647915
511,5,walking,2021-05-07 10:15:50.604,2021-05-07 10:15:52.583,0.021,3,3,0.9991547,4.542729e-06,0.00026796735,0.0005727529,0.9991547
511,5,walking,2021-05-07 10:15:51.604,2021-05-07 10:15:53.583,0.021,3,3,0.9983924,9.404837e-06,0.0004839049,0.0011142817,0.9983924
511,5,walking,2021-05-07 10:15:52.604,2021-05-07 10:15:54.583,0.021,3,3,0.99975634,1.2399701e-06,8.438251e-05,0.000158121,0.99975634
511,5,walking,2021-05-07 10:15:53.604,2021-05-07 10:15:55.583,0.021,3,3,0.9993263,4.6554715e-06,0.00024753265,0.00042146756,0.9993263
511,5,walking,2021-05-07 10:15:54.604,2021-05-07 10:15:56.583,0.021,3,3,0.9999667,1.6439333e-07,1.3915338e-05,1.9157198e-05,0.9999667
511,5,walking,2021-05-07 10:15:55.604,2021-05-07 10:15:57.583,0.021,3,3,0.99940395,3.6387246e-06,0.00020674386,0.00038569735,0.99940395
511,5,walking,2021-05-07 10:15:56.604,2021-05-07 10:15:58.583,0.021,3,3,0.999463,2.9155083e-06,0.00018709913,0.00034698448,0.999463
511,5,walking,2021-05-07 10:15:57.604,2021-05-07 10:15:59.583,0.021,3,3,0.99998385,8.3991516e-08,7.622969e-06,8.3862105e-06,0.99998385
511,5,walking,2021-05-07 10:15:58.604,2021-05-07 10:16:00.584,0.021,3,3,0.9999866,5.744928e-08,5.937023e-06,7.382313e-06,0.9999866
511,5,walking,2021-05-07 10:15:59.604,2021-05-07 10:16:01.584,0.021,3,3,0.9964295,1.9718364e-05,0.001093968,0.0024567756,0.9964295
511,5,walking,2021-05-07 10:16:00.604,2021-05-07 10:16:02.584,0.021,3,3,0.99900496,5.841775e-06,0.0003404578,0.00064866035,0.99900496
511,5,walking,2021-05-07 10:16:01.604,2021-05-07 10:16:03.584,0.021,3,3,0.9980452,1.2095058e-05,0.00062226545,0.0013204478,0.9980452
511,5,walking,2021-05-07 10:16:02.604,2021-05-07 10:16:04.584,0.021,3,3,0.9911978,5.105495e-05,0.0024783595,0.0062728543,0.9911978
511,5,walking,2021-05-07 10:16:03.604,2021-05-07 10:16:05.584,0.021,3,3,0.9738115,0.00010356149,0.00689214,0.01919277,0.9738115
511,8,standing,2021-05-07 10:16:07.084,2021-05-07 10:16:09.064,0.021,2,2,0.74737203,0.0010623538,0.19232352,0.74737203,0.05924218
511,8,standing,2021-05-07 10:16:08.083,2021-05-07 10:16:10.064,0.021,2,2,0.76854014,0.0009884936,0.19616435,0.76854014,0.034307044
511,8,standing,2021-05-07 10:16:09.083,2021-05-07 10:16:11.064,0.021,2,2,0.7589958,0.0010136556,0.19321533,0.7589958,0.046775345
511,8,standing,2021-05-07 10:16:10.083,2021-05-07 10:16:12.064,0.021,2,2,0.7842667,0.0010174356,0.18273465,0.7842667,0.03198117
511,8,standing,2021-05-07 10:16:11.083,2021-05-07 10:16:13.064,0.021,2,2,0.77270085,0.0010165246,0.19054437,0.77270085,0.035738245
511,8,standing,2021-05-07 10:16:12.083,2021-05-07 10:16:14.064,0.021,2,2,0.7621198,0.0010096509,0.20655806,0.7621198,0.030312393
511,8,standing,2021-05-07 10:16:13.083,2021-05-07 10:16:15.064,0.021,2,2,0.7777963,0.0010654711,0.18900043,0.7777963,0.032137815
511,8,standing,2021-05-07 10:16:14.083,2021-05-07 10:16:16.063,0.021,2,2,0.7866583,0.0010927601,0.17253889,0.7866583,0.039710093
511,8,standing,2021-05-07 10:16:15.083,2021-05-07 10:16:17.063,0.021,2,2,0.7742301,0.0010251509,0.18687993,0.7742301,0.037864707
511,11,walking,2021-05-07 10:16:27.684,2021-05-07 10:16:29.663,0.021,3,3,0.9967549,1.7836093e-05,0.0009983497,0.002229026,0.9967549
511,11,walking,2021-05-07 10:16:28.684,2021-05-07 10:16:30.663,0.021,3,3,0.9992973,4.2503943e-06,0.00024662065,0.00045179264,0.9992973
511,11,walking,2021-05-07 10:16:29.684,2021-05-07 10:16:31.663,0.021,3,3,0.99869937,6.7849396e-06,0.0004033017,0.0008905275,0.99869937
511,11,walking,2021-05-07 10:16:30.684,2021-05-07 10:16:32.664,0.021,3,3,0.9999165,3.570446e-07,2.7896014e-05,5.5132172e-05,0.9999165
511,11,walking,2021-05-07 10:16:31.684,2021-05-07 10:16:33.664,0.021,3,3,0.99993986,3.149167e-07,2.3852319e-05,3.5968318e-05,0.99993986
511,11,walking,2021-05-07 10:16:32.683,2021-05-07 10:16:34.664,0.021,3,3,0.99971974,1.3998053e-06,0.000106524494,0.00017230598,0.99971974
511,11,walking,2021-05-07 10:16:33.683,2021-05-07 10:16:35.664,0.021,3,3,0.99975777,1.0100839e-06,7.932596e-05,0.00016195387,0.99975777
511,11,walking,2021-05-07 10:16:34.683,2021-05-07 10:16:36.664,0.021,3,3,0.9998424,6.3708154e-07,4.7857535e-05,0.000109035114,0.9998424
511,11,walking,2021-05-07 10:16:35.683,2021-05-07 10:16:37.664,0.021,3,3,0.9997077,1.3051197e-06,9.595143e-05,0.0001949233,0.9997077
511,11,walking,2021-05-07 10:16:36.683,2021-05-07 10:16:38.664,0.021,3,3,0.9993669,3.3619763e-06,0.00021409268,0.00041560936,0.9993669
511,11,walking,2021-05-07 10:16:37.683,2021-05-07 10:16:39.664,0.021,3,3,0.9998787,7.208782e-07,4.6826022e-05,7.368615e-05,0.9998787
511,11,walking,2021-05-07 10:16:38.683,2021-05-07 10:16:40.664,0.021,3,3,0.99989647,6.1159227e-07,4.0923424e-05,6.188151e-05,0.99989647
511,11,walking,2021-05-07 10:16:39.683,2021-05-07 10:16:41.664,0.021,3,3,0.9999054,5.176208e-07,3.5332145e-05,5.872722e-05,0.9999054
511,11,walking,2021-05-07 10:16:40.683,2021-05-07 10:16:42.664,0.021,3,3,0.9999781,1.09198254e-07,9.3175895e-06,1.2337045e-05,0.9999781
511,11,walking,2021-05-07 10:16:41.683,2021-05-07 10:16:43.664,0.021,3,3,0.9998586,8.230974e-07,5.6151308e-05,8.451615e-05,0.9998586
511,11,walking,2021-05-07 10:16:42.683,2021-05-07 10:16:44.664,0.021,3,3,0.9994285,3.7843524e-06,0.00022129095,0.00034642348,0.9994285
511,11,walking,2021-05-07 10:16:43.683,2021-05-07 10:16:45.664,0.021,3,3,0.96597874,0.00012945839,0.010929856,0.0229619,0.96597874
511,11,walking,2021-05-07 10:16:44.683,2021-05-07 10:16:46.664,0.021,3,3,0.9182414,0.00022694722,0.023383087,0.058148526,0.9182414
511,11,walking,2021-05-07 10:16:45.683,2021-05-07 10:16:47.664,0.021,3,3,0.9997902,1.3323296e-06,8.747252e-05,0.000121071906,0.9997902
511,11,walking,2021-05-07 10:16:46.683,2021-05-07 10:16:48.664,0.021,3,3,0.99866414,8.27124e-06,0.0004989941,0.0008286345,0.99866414
511,11,walking,2021-05-07 10:16:47.683,2021-05-07 10:16:49.664,0.021,3,3,0.9704172,0.0001055088,0.008199655,0.021277525,0.9704172
511,11,walking,2021-05-07 10:16:48.683,2021-05-07 10:16:50.664,0.021,3,3,0.98717725,6.4188585e-05,0.0039832294,0.008775285,0.98717725
511,11,walking,2021-05-07 10:16:49.683,2021-05-07 10:16:51.664,0.021,3,3,0.99603814,1.8980914e-05,0.0012890686,0.0026538644,0.99603814
511,11,walking,2021-05-07 10:16:50.683,2021-05-07 10:16:52.664,0.021,3,3,0.9969977,1.7626373e-05,0.00095236895,0.0020323258,0.9969977
511,11,walking,2021-05-07 10:16:51.683,2021-05-07 10:16:53.664,0.021,3,3,0.9993485,4.670824e-06,0.00023769397,0.00040905038,0.9993485
511,11,walking,2021-05-07 10:16:52.683,2021-05-07 10:16:54.664,0.021,3,3,0.9978468,1.1995939e-05,0.0006619498,0.0014793498,0.9978468
511,13,walking,2021-05-07 10:16:56.644,2021-05-07 10:16:58.624,0.021,3,3,0.81835574,0.00043545166,0.04416217,0.13704662,0.81835574
511,13,walking,2021-05-07 10:16:57.644,2021-05-07 10:16:59.624,0.021,3,3,0.89668036,0.00028854958,0.02547885,0.07755226,0.89668036
511,13,walking,2021-05-07 10:16:58.644,2021-05-07 10:17:00.624,0.021,3,3,0.96128744,0.00013388348,0.009543534,0.029035052,0.96128744
511,13,walking,2021-05-07 10:16:59.644,2021-05-07 10:17:01.624,0.021,3,3,0.9837192,7.3934636e-05,0.004365542,0.011841297,0.9837192
511,13,walking,2021-05-07 10:17:00.644,2021-05-07 10:17:02.624,0.021,3,3,0.8929991,0.00031296228,0.025814822,0.08087303,0.8929991
511,13,walking,2021-05-07 10:17:01.644,2021-05-07 10:17:03.624,0.021,3,3,0.8668466,0.0003911238,0.03204101,0.10072123,0.8668466
511,13,walking,2021-05-07 10:17:02.644,2021-05-07 10:17:04.624,0.021,3,3,0.9724994,0.00011833052,0.008087419,0.019294806,0.9724994
511,16,standing,2021-05-07 10:17:08.404,2021-05-07 10:17:10.383,0.021,2,2,0.74199325,0.0012744031,0.19865075,0.74199325,0.058081623
511,16,standing,2021-05-07 10:17:09.404,2021-05-07 10:17:11.383,0.021,2,2,0.7510098,0.0011831736,0.20988041,0.7510098,0.037926648
511,16,standing,2021-05-07 10:17:10.404,2021-05-07 10:17:12.383,0.021,2,2,0.74277633,0.0011646011,0.21424726,0.74277633,0.041811813
511,16,standing,2021-05-07 10:17:11.404,2021-05-07 10:17:13.383,0.021,2,2,0.7383815,0.0011896467,0.20640418,0.7383815,0.05402471
511,16,standing,2021-05-07 10:17:12.404,2021-05-07 10:17:14.383,0.021,2,2,0.76258236,0.0011149237,0.2126647,0.76258236,0.023638116
511,16,standing,2021-05-07 10:17:13.404,2021-05-07 10:17:15.383,0.021,2,2,0.7620336,0.0011371084,0.20408651,0.7620336,0.03274282
511,16,standing,2021-05-07 10:17:14.404,2021-05-07 10:17:16.384,0.021,2,2,0.72966313,0.0012647568,0.19739524,0.72966313,0.07167682
511,16,standing,2021-05-07 10:17:15.404,2021-05-07 10:17:17.384,0.021,2,2,0.753528,0.0012058562,0.20605867,0.753528,0.039207496
511,16,standing,2021-05-07 10:17:16.403,2021-05-07 10:17:18.384,0.021,2,2,0.7653669,0.001111211,0.21646863,0.7653669,0.017053256
511,16,standing,2021-05-07 10:17:17.403,2021-05-07 10:17:19.384,0.021,2,2,0.77215123,0.0011462362,0.20796625,0.77215123,0.018736247
511,16,standing,2021-05-07 10:17:18.403,2021-05-07 10:17:20.384,0.021,2,2,0.766764,0.0011637334,0.20964628,0.766764,0.022426063
511,16,standing,2021-05-07 10:17:19.403,2021-05-07 10:17:21.384,0.021,2,2,0.7652723,0.0011349157,0.21167117,0.7652723,0.021921745
511,20,standing,2021-05-07 10:17:50.563,2021-05-07 10:17:52.543,0.021,2,2,0.653637,0.0013238661,0.15809527,0.653637,0.18694395
511,22,standing,2021-05-07 10:17:55.004,2021-05-07 10:17:56.984,0.021,2,2,0.7613083,0.0010814863,0.2083639,0.7613083,0.029246382
511,22,standing,2021-05-07 10:17:56.004,2021-05-07 10:17:57.984,0.021,2,2,0.7666677,0.0011262994,0.2126286,0.7666677,0.019577397
511,22,standing,2021-05-07 10:17:57.004,2021-05-07 10:17:58.984,0.021,2,2,0.76971835,0.0011416394,0.21258639,0.76971835,0.016553605
511,24,standing,2021-05-07 10:18:02.043,2021-05-07 10:18:04.024,0.021,2,3,0.8477759,0.00041335795,0.04193624,0.10987445,0.8477759
511,24,standing,2021-05-07 10:18:03.043,2021-05-07 10:18:05.024,0.021,2,3,0.9212026,0.00022794241,0.021420643,0.05714882,0.9212026
511,34,standing,2021-05-07 10:19:04.604,2021-05-07 10:19:06.584,0.021,2,2,0.7276725,0.0012875382,0.19320558,0.7276725,0.0778344
511,34,standing,2021-05-07 10:19:05.604,2021-05-07 10:19:07.584,0.021,2,2,0.7518115,0.0011256193,0.22698632,0.7518115,0.020076536
511,34,standing,2021-05-07 10:19:06.604,2021-05-07 10:19:08.583,0.021,2,2,0.74988025,0.0011284213,0.23801121,0.74988025,0.010980128
511,34,standing,2021-05-07 10:19:07.604,2021-05-07 10:19:09.583,0.021,2,2,0.74449974,0.0011987899,0.22411089,0.74449974,0.030190557
511,39,walking,2021-05-07 10:19:20.723,2021-05-07 10:19:22.704,0.021,3,3,0.8374816,0.00045693901,0.03712809,0.12493335,0.8374816
511,39,walking,2021-05-07 10:19:21.723,2021-05-07 10:19:23.704,0.021,3,3,0.8790116,0.0003673301,0.026453065,0.09416806,0.8790116
511,41,walking,2021-05-07 10:19:24.524,2021-05-07 10:19:26.503,0.021,3,3,0.9994541,2.5928484e-06,0.00017605655,0.00036731653,0.9994541
511,41,walking,2021-05-07 10:19:25.524,2021-05-07 10:19:27.503,0.021,3,3,0.9997647,1.3204433e-06,6.624705e-05,0.00016772695,0.9997647
511,42,sitting,2021-05-07 10:19:29.964,2021-05-07 10:19:31.944,0.021,1,1,0.73357195,0.000634129,0.73357195,0.23546733,0.03032668
511,42,sitting,2021-05-07 10:19:30.964,2021-05-07 10:19:32.944,0.021,1,1,0.9301063,0.0006751641,0.9301063,0.06836844,0.0008502114
511,42,sitting,2021-05-07 10:19:31.964,2021-05-07 10:19:33.944,0.021,1,1,0.95979756,0.0008652367,0.95979756,0.03877862,0.0005585567
511,42,sitting,2021-05-07 10:19:32.964,2021-05-07 10:19:34.944,0.021,1,1,0.97153026,0.00092806935,0.97153026,0.027086595,0.00045506336
511,42,sitting,2021-05-07 10:19:33.964,2021-05-07 10:19:35.944,0.021,1,1,0.9784489,0.000898842,0.9784489,0.02041317,0.00023911914
511,42,sitting,2021-05-07 10:19:34.964,2021-05-07 10:19:36.944,0.021,1,1,0.97979915,0.0008500538,0.97979915,0.019174546,0.00017628934
511,42,sitting,2021-05-07 10:19:35.964,2021-05-07 10:19:37.944,0.021,1,1,0.9796432,0.00080927345,0.9796432,0.019419761,0.00012771254
511,42,sitting,2021-05-07 10:19:36.964,2021-05-07 10:19:38.944,0.021,1,1,0.97976613,0.00082373945,0.97976613,0.019289874,0.0001201456
511,42,sitting,2021-05-07 10:19:37.964,2021-05-07 10:19:39.944,0.021,1,1,0.9799474,0.0008343099,0.9799474,0.019096063,0.00012226711
511,42,sitting,2021-05-07 10:19:38.964,2021-05-07 10:19:40.944,0.021,1,1,0.97983086,0.0008197328,0.97983086,0.019225333,0.00012416593
511,42,sitting,2021-05-07 10:19:39.964,2021-05-07 10:19:41.944,0.021,1,1,0.9805354,0.0008385463,0.9805354,0.018476315,0.00014986139
511,42,sitting,2021-05-07 10:19:40.964,2021-05-07 10:19:42.944,0.021,1,1,0.98177826,0.00082279596,0.98177826,0.01724568,0.00015334171
511,42,sitting,2021-05-07 10:19:41.964,2021-05-07 10:19:43.944,0.021,1,1,0.98207766,0.00080977526,0.98207766,0.016973117,0.00013938823
511,42,sitting,2021-05-07 10:19:42.964,2021-05-07 10:19:44.944,0.021,1,1,0.9817672,0.00080772483,0.9817672,0.017286362,0.00013866859
511,42,sitting,2021-05-07 10:19:43.964,2021-05-07 10:19:45.944,0.021,1,1,0.9814203,0.0008001182,0.9814203,0.017656714,0.00012285994
511,42,sitting,2021-05-07 10:19:44.964,2021-05-07 10:19:46.944,0.021,1,1,0.9818898,0.0008054532,0.9818898,0.017180633,0.00012411775
511,42,sitting,2021-05-07 10:19:45.964,2021-05-07 10:19:47.944,0.021,1,1,0.98288494,0.0007807831,0.98288494,0.016198011,0.00013614158
511,42,sitting,2021-05-07 10:19:46.964,2021-05-07 10:19:48.944,0.021,1,1,0.9828052,0.0008181553,0.9828052,0.01622043,0.00015625851
511,42,sitting,2021-05-07 10:19:47.964,2021-05-07 10:19:49.944,0.021,1,1,0.98202777,0.00080728455,0.98202777,0.017023237,0.00014158497
511,42,sitting,2021-05-07 10:19:48.964,2021-05-07 10:19:50.944,0.021,1,1,0.9818022,0.0007842804,0.9818022,0.017290078,0.00012341858
511,42,sitting,2021-05-07 10:19:49.964,2021-05-07 10:19:51.944,0.021,1,1,0.9817798,0.00081075274,0.9817798,0.017269842,0.00013978063
511,42,sitting,2021-05-07 10:19:50.964,2021-05-07 10:19:52.944,0.021,1,1,0.98284125,0.0008218029,0.98284125,0.01616107,0.00017592096
511,42,sitting,2021-05-07 10:19:51.964,2021-05-07 10:19:53.944,0.021,1,1,0.9828785,0.0008610874,0.9828785,0.016047614,0.00021272755
511,42,sitting,2021-05-07 10:19:52.964,2021-05-07 10:19:54.944,0.021,1,1,0.9822162,0.0008312212,0.9822162,0.01678459,0.00016785164
511,42,sitting,2021-05-07 10:19:53.964,2021-05-07 10:19:55.944,0.021,1,1,0.98168606,0.0007828852,0.98168606,0.017417992,0.000112895286
511,42,sitting,2021-05-07 10:19:54.964,2021-05-07 10:19:56.944,0.021,1,1,0.9815742,0.0007716416,0.9815742,0.017553415,0.00010061239
511,42,sitting,2021-05-07 10:19:55.964,2021-05-07 10:19:57.944,0.021,1,1,0.9822123,0.000777228,0.9822123,0.016900606,0.00010981147
511,42,sitting,2021-05-07 10:19:56.964,2021-05-07 10:19:58.944,0.021,1,1,0.98266405,0.0007973546,0.98266405,0.016421761,0.0001167892
511,42,sitting,2021-05-07 10:19:57.964,2021-05-07 10:19:59.944,0.021,1,1,0.9830141,0.0007787714,0.9830141,0.016096225,0.00011091286
511,42,sitting,2021-05-07 10:19:58.964,2021-05-07 10:20:00.944,0.021,1,1,0.9839231,0.000843633,0.9839231,0.015065015,0.00016817558
511,42,sitting,2021-05-07 10:19:59.964,2021-05-07 10:20:01.944,0.021,1,1,0.9837642,0.00086356315,0.9837642,0.015177825,0.00019442505
511,42,sitting,2021-05-07 10:20:00.964,2021-05-07 10:20:02.944,0.021,1,1,0.98407066,0.0008961189,0.98407066,0.014853143,0.00018001688
511,42,sitting,2021-05-07 10:20:01.964,2021-05-07 10:20:03.944,0.021,1,1,0.98449564,0.00089281396,0.98449564,0.014456554,0.00015502193
511,42,sitting,2021-05-07 10:20:02.964,2021-05-07 10:20:04.944,0.021,1,1,0.9846011,0.00088300783,0.9846011,0.014382452,0.00013348281
511,42,sitting,2021-05-07 10:20:03.964,2021-05-07 10:20:05.944,0.021,1,1,0.9848105,0.0008626664,0.9848105,0.014195457,0.00013132277
511,42,sitting,2021-05-07 10:20:04.963,2021-05-07 10:20:06.944,0.021,1,1,0.9853437,0.0008774524,0.9853437,0.013615461,0.00016333886
511,42,sitting,2021-05-07 10:20:05.963,2021-05-07 10:20:07.944,0.021,1,1,0.9855028,0.00090809463,0.9855028,0.013373203,0.0002157709
511,42,sitting,2021-05-07 10:20:06.963,2021-05-07 10:20:08.944,0.021,1,1,0.98527575,0.0009823048,0.98527575,0.013424857,0.00031714706
511,42,sitting,2021-05-07 10:20:07.963,2021-05-07 10:20:09.944,0.021,1,1,0.9853836,0.0009514097,0.9853836,0.013399088,0.00026597694
511,42,sitting,2021-05-07 10:20:08.963,2021-05-07 10:20:10.944,0.021,1,1,0.9859676,0.00088359934,0.9859676,0.012981203,0.00016755534
511,42,sitting,2021-05-07 10:20:09.963,2021-05-07 10:20:11.944,0.021,1,1,0.9857259,0.0008453513,0.9857259,0.013317735,0.00011102511
511,42,sitting,2021-05-07 10:20:10.963,2021-05-07 10:20:12.944,0.021,1,1,0.985088,0.00083238125,0.985088,0.013977315,0.00010229315
511,42,sitting,2021-05-07 10:20:11.963,2021-05-07 10:20:13.944,0.021,1,1,0.984908,0.00085080304,0.984908,0.014137361,0.00010392844
511,42,sitting,2021-05-07 10:20:12.963,2021-05-07 10:20:14.944,0.021,1,1,0.98545814,0.0008247733,0.98545814,0.013609545,0.00010750861
511,42,sitting,2021-05-07 10:20:13.963,2021-05-07 10:20:15.944,0.021,1,1,0.9839375,0.0008835419,0.9839375,0.014996753,0.00018198384
511,42,sitting,2021-05-07 10:20:14.963,2021-05-07 10:20:16.944,0.021,1,1,0.9842804,0.00092504756,0.9842804,0.014567253,0.00022725025
511,42,sitting,2021-05-07 10:20:15.963,2021-05-07 10:20:17.944,0.021,1,1,0.9850349,0.0008791786,0.9850349,0.013931356,0.00015459058
511,42,sitting,2021-05-07 10:20:16.964,2021-05-07 10:20:18.944,0.021,1,1,0.98381436,0.0008168075,0.98381436,0.015237055,0.00013170842
511,42,sitting,2021-05-07 10:20:17.964,2021-05-07 10:20:19.944,0.021,1,1,0.9837238,0.0007969428,0.9837238,0.0153520135,0.00012715528
511,42,sitting,2021-05-07 10:20:18.964,2021-05-07 10:20:20.944,0.021,1,1,0.98374784,0.0008122633,0.98374784,0.015334881,0.00010502975
511,42,sitting,2021-05-07 10:20:19.964,2021-05-07 10:20:21.944,0.021,1,1,0.98392016,0.0008163315,0.98392016,0.015159219,0.000104313294
511,42,sitting,2021-05-07 10:20:20.964,2021-05-07 10:20:22.944,0.021,1,1,0.98376477,0.0007845822,0.98376477,0.015354329,9.642559e-05
511,42,sitting,2021-05-07 10:20:21.964,2021-05-07 10:20:23.944,0.021,1,1,0.9842722,0.0007803781,0.9842722,0.014856298,9.1206944e-05
511,42,sitting,2021-05-07 10:20:22.964,2021-05-07 10:20:24.944,0.021,1,1,0.98468953,0.00079503807,0.98468953,0.014423971,9.141747e-05
511,42,sitting,2021-05-07 10:20:23.964,2021-05-07 10:20:25.944,0.021,1,1,0.98555726,0.0008078424,0.98555726,0.013541724,9.312976e-05
511,42,sitting,2021-05-07 10:20:24.964,2021-05-07 10:20:26.944,0.021,1,1,0.9863714,0.00084482215,0.9863714,0.012673052,0.00011067777
511,42,sitting,2021-05-07 10:20:25.964,2021-05-07 10:20:27.944,0.021,1,1,0.9863996,0.0008737328,0.9863996,0.0126028275,0.00012386552
511,42,sitting,2021-05-07 10:20:26.964,2021-05-07 10:20:28.944,0.021,1,1,0.98671234,0.0008574209,0.98671234,0.0123145105,0.0001157425
511,42,sitting,2021-05-07 10:20:27.964,2021-05-07 10:20:29.944,0.021,1,1,0.9868668,0.00085059716,0.9868668,0.01217646,0.00010625972
511,42,sitting,2021-05-07 10:20:28.964,2021-05-07 10:20:30.944,0.021,1,1,0.9830086,0.0008057399,0.9830086,0.016051926,0.00013373033
511,42,sitting,2021-05-07 10:20:29.964,2021-05-07 10:20:31.944,0.021,1,1,0.82782423,0.0007571267,0.82782423,0.1694272,0.0019915148
511,42,sitting,2021-05-07 10:20:30.964,2021-05-07 10:20:32.944,0.021,1,2,0.7892821,0.00059487746,0.19838089,0.7892821,0.011742242
511,42,sitting,2021-05-07 10:20:31.964,2021-05-07 10:20:33.944,0.021,1,2,0.887767,0.0005582247,0.098039106,0.887767,0.013635664
511,42,sitting,2021-05-07 10:20:32.964,2021-05-07 10:20:34.944,0.021,1,2,0.61103624,0.00073959044,0.36972445,0.61103624,0.018499684
511,42,sitting,2021-05-07 10:20:33.964,2021-05-07 10:20:35.944,0.021,1,1,0.9214743,0.00073744904,0.9214743,0.0758415,0.0019467922
511,42,sitting,2021-05-07 10:20:34.964,2021-05-07 10:20:36.944,0.021,1,1,0.9630962,0.0010173316,0.9630962,0.035110902,0.00077555585
511,42,sitting,2021-05-07 10:20:35.964,2021-05-07 10:20:37.944,0.021,1,1,0.9633793,0.0009824613,0.9633793,0.035299696,0.00033851236
511,42,sitting,2021-05-07 10:20:36.964,2021-05-07 10:20:38.944,0.021,1,1,0.96404135,0.0010297268,0.96404135,0.034670968,0.00025783046
511,42,sitting,2021-05-07 10:20:37.964,2021-05-07 10:20:39.944,0.021,1,1,0.96415716,0.001005595,0.96415716,0.034605548,0.00023175027
511,42,sitting,2021-05-07 10:20:38.964,2021-05-07 10:20:40.944,0.021,1,1,0.9647513,0.0010504373,0.9647513,0.03395888,0.00023930984
511,42,sitting,2021-05-07 10:20:39.964,2021-05-07 10:20:41.944,0.021,1,1,0.9647476,0.0010598464,0.9647476,0.033950727,0.00024177172
511,42,sitting,2021-05-07 10:20:40.964,2021-05-07 10:20:42.944,0.021,1,1,0.96436995,0.0010368502,0.96436995,0.034355577,0.0002376327
511,42,sitting,2021-05-07 10:20:41.964,2021-05-07 10:20:43.944,0.021,1,1,0.9647752,0.0010372497,0.9647752,0.033957917,0.00022952589
511,42,sitting,2021-05-07 10:20:42.964,2021-05-07 10:20:44.944,0.021,1,1,0.9652331,0.001069205,0.9652331,0.033468038,0.00022968673
511,42,sitting,2021-05-07 10:20:43.964,2021-05-07 10:20:45.944,0.021,1,1,0.96521294,0.0010564054,0.96521294,0.033488475,0.00024220388
511,42,sitting,2021-05-07 10:20:44.964,2021-05-07 10:20:46.944,0.021,1,1,0.96506405,0.0010003932,0.96506405,0.033671148,0.00026442538
511,42,sitting,2021-05-07 10:20:45.964,2021-05-07 10:20:47.944,0.021,1,1,0.9656775,0.0010074636,0.9656775,0.03304666,0.00026836887
511,42,sitting,2021-05-07 10:20:46.964,2021-05-07 10:20:48.944,0.021,1,1,0.9670307,0.0010380816,0.9670307,0.03168478,0.00024639603
511,42,sitting,2021-05-07 10:20:47.964,2021-05-07 10:20:49.944,0.021,1,1,0.96666837,0.0010073731,0.96666837,0.032013595,0.00031069384
511,42,sitting,2021-05-07 10:20:48.964,2021-05-07 10:20:50.944,0.021,1,1,0.9653481,0.00096430327,0.9653481,0.033402614,0.00028487845
511,42,sitting,2021-05-07 10:20:49.964,2021-05-07 10:20:51.944,0.021,1,1,0.96704304,0.0009960816,0.96704304,0.031710062,0.00025071227
511,42,sitting,2021-05-07 10:20:50.964,2021-05-07 10:20:52.944,0.021,1,1,0.9700329,0.0010211832,0.9700329,0.028704561,0.00024137656
511,42,sitting,2021-05-07 10:20:51.964,2021-05-07 10:20:53.944,0.021,1,1,0.9705061,0.0010244028,0.9705061,0.028274795,0.00019483999
511,42,sitting,2021-05-07 10:20:52.964,2021-05-07 10:20:54.944,0.021,1,1,0.969523,0.0010100523,0.969523,0.029266855,0.00020009535
511,42,sitting,2021-05-07 10:20:53.964,2021-05-07 10:20:55.944,0.021,1,1,0.968181,0.0009979769,0.968181,0.030569,0.00025196472
511,42,sitting,2021-05-07 10:20:54.964,2021-05-07 10:20:56.944,0.021,1,1,0.9672503,0.000981467,0.9672503,0.031494718,0.00027345857
511,42,sitting,2021-05-07 10:20:55.964,2021-05-07 10:20:57.944,0.021,1,1,0.9668803,0.0009969356,0.9668803,0.0318192,0.00030362513
511,42,sitting,2021-05-07 10:20:56.964,2021-05-07 10:20:58.944,0.021,1,1,0.9674315,0.0009816869,0.9674315,0.031310644,0.00027617806
511,42,sitting,2021-05-07 10:20:57.964,2021-05-07 10:20:59.944,0.021,1,1,0.9669049,0.0010083416,0.9669049,0.031836674,0.00025009073
511,42,sitting,2021-05-07 10:20:58.964,2021-05-07 10:21:00.944,0.021,1,1,0.9659813,0.0010016917,0.9659813,0.032788515,0.00022860424
511,42,sitting,2021-05-07 10:20:59.964,2021-05-07 10:21:01.944,0.021,1,1,0.9660999,0.0010568221,0.9660999,0.032593466,0.00024984035
511,42,sitting,2021-05-07 10:21:00.964,2021-05-07 10:21:02.944,0.021,1,1,0.96605444,0.0010586269,0.96605444,0.032645103,0.00024183406
511,42,sitting,2021-05-07 10:21:01.964,2021-05-07 10:21:03.944,0.021,1,1,0.96653664,0.0010546383,0.96653664,0.032157045,0.0002517446
511,42,sitting,2021-05-07 10:21:02.964,2021-05-07 10:21:04.944,0.021,1,1,0.9675183,0.0010449188,0.9675183,0.031185286,0.00025137287
511,42,sitting,2021-05-07 10:21:03.964,2021-05-07 10:21:05.944,0.021,1,1,0.96682256,0.0010171554,0.96682256,0.0319254,0.00023488018
511,42,sitting,2021-05-07 10:21:04.963,2021-05-07 10:21:06.944,0.021,1,1,0.96702105,0.00102645,0.96702105,0.03170214,0.0002503482
511,42,sitting,2021-05-07 10:21:05.963,2021-05-07 10:21:07.944,0.021,1,1,0.96763515,0.0010346664,0.96763515,0.031002425,0.00032763343
511,42,sitting,2021-05-07 10:21:06.963,2021-05-07 10:21:08.944,0.021,1,1,0.9670112,0.0010196918,0.9670112,0.031676594,0.00029241198
511,42,sitting,2021-05-07 10:21:07.963,2021-05-07 10:21:09.944,0.021,1,1,0.9670831,0.0010276414,0.9670831,0.031605553,0.00028372474
511,42,sitting,2021-05-07 10:21:08.963,2021-05-07 10:21:10.944,0.021,1,1,0.9666446,0.0009923817,0.9666446,0.032086384,0.0002765884
511,42,sitting,2021-05-07 10:21:09.963,2021-05-07 10:21:11.944,0.021,1,1,0.9665275,0.0009842674,0.9665275,0.032271534,0.00021645895
511,42,sitting,2021-05-07 10:21:10.963,2021-05-07 10:21:12.944,0.021,1,1,0.9668659,0.001044362,0.9668659,0.031857684,0.00023201338
511,42,sitting,2021-05-07 10:21:11.963,2021-05-07 10:21:13.944,0.021,1,1,0.9675045,0.0010471123,0.9675045,0.03121726,0.000231168
511,42,sitting,2021-05-07 10:21:12.963,2021-05-07 10:21:14.944,0.021,1,1,0.9674348,0.0010295324,0.9674348,0.03132938,0.00020636343
511,42,sitting,2021-05-07 10:21:13.963,2021-05-07 10:21:15.944,0.021,1,1,0.9667221,0.0010799152,0.9667221,0.03199209,0.00020596808
511,42,sitting,2021-05-07 10:21:14.963,2021-05-07 10:21:16.944,0.021,1,1,0.9663772,0.0010965614,0.9663772,0.03231749,0.00020869546
511,42,sitting,2021-05-07 10:21:15.963,2021-05-07 10:21:17.944,0.021,1,1,0.96779156,0.0010468523,0.96779156,0.03094373,0.00021778444
511,42,sitting,2021-05-07 10:21:16.964,2021-05-07 10:21:18.944,0.021,1,1,0.9675409,0.0010415772,0.9675409,0.031170383,0.00024710578
511,42,sitting,2021-05-07 10:21:17.964,2021-05-07 10:21:19.944,0.021,1,1,0.967534,0.0010538304,0.967534,0.031131085,0.00028112717
511,42,sitting,2021-05-07 10:21:18.964,2021-05-07 10:21:20.944,0.021,1,1,0.96823806,0.0010409101,0.96823806,0.030457186,0.00026383845
511,42,sitting,2021-05-07 10:21:19.964,2021-05-07 10:21:21.944,0.021,1,1,0.96892923,0.0010432763,0.96892923,0.029799018,0.00022855435
511,42,sitting,2021-05-07 10:21:20.964,2021-05-07 10:21:22.944,0.021,1,1,0.9680573,0.0010320578,0.9680573,0.030654822,0.00025585596
511,42,sitting,2021-05-07 10:21:21.964,2021-05-07 10:21:23.944,0.021,1,1,0.9681387,0.0010682998,0.9681387,0.030442793,0.000350312
511,42,sitting,2021-05-07 10:21:22.964,2021-05-07 10:21:24.944,0.021,1,1,0.9698387,0.001033196,0.9698387,0.028827004,0.00030102977
511,42,sitting,2021-05-07 10:21:23.964,2021-05-07 10:21:25.944,0.021,1,1,0.9707253,0.0011069017,0.9707253,0.027844308,0.00032352848
511,42,sitting,2021-05-07 10:21:24.964,2021-05-07 10:21:26.944,0.021,1,1,0.97073895,0.0011189308,0.97073895,0.027791481,0.00035059577
511,42,sitting,2021-05-07 10:21:25.964,2021-05-07 10:21:27.944,0.021,1,1,0.97061723,0.0010463888,0.97061723,0.028072504,0.00026394427
511,42,sitting,2021-05-07 10:21:26.964,2021-05-07 10:21:28.944,0.021,1,1,0.9700257,0.0009934269,0.9700257,0.028708436,0.00027243883
511,42,sitting,2021-05-07 10:21:27.964,2021-05-07 10:21:29.944,0.021,1,1,0.9696851,0.001003289,0.9696851,0.029046161,0.00026546614
511,42,sitting,2021-05-07 10:21:28.964,2021-05-07 10:21:30.944,0.021,1,1,0.97003496,0.0010036749,0.97003496,0.028710037,0.00025129592
511,42,sitting,2021-05-07 10:21:29.964,2021-05-07 10:21:31.944,0.021,1,1,0.9695837,0.0010190243,0.9695837,0.029160975,0.00023632523
511,42,sitting,2021-05-07 10:21:30.964,2021-05-07 10:21:32.944,0.021,1,1,0.9691901,0.0010339866,0.9691901,0.029525742,0.00025026163
511,42,sitting,2021-05-07 10:21:31.964,2021-05-07 10:21:33.944,0.021,1,1,0.9693152,0.0010616932,0.9693152,0.029329658,0.0002934096
511,42,sitting,2021-05-07 10:21:32.964,2021-05-07 10:21:34.944,0.021,1,1,0.96975857,0.0010470216,0.96975857,0.028908588,0.0002857382
511,42,sitting,2021-05-07 10:21:33.964,2021-05-07 10:21:35.944,0.021,1,1,0.97071224,0.0010200134,0.97071224,0.02801665,0.00025096658
511,42,sitting,2021-05-07 10:21:34.964,2021-05-07 10:21:36.944,0.021,1,1,0.9701923,0.0010178913,0.9701923,0.028511934,0.00027776876
511,42,sitting,2021-05-07 10:21:35.964,2021-05-07 10:21:37.944,0.021,1,1,0.9692835,0.0010419934,0.9692835,0.029337065,0.00033744026
511,42,sitting,2021-05-07 10:21:36.964,2021-05-07 10:21:38.944,0.021,1,1,0.969821,0.0010637725,0.969821,0.028790185,0.00032512096
511,42,sitting,2021-05-07 10:21:37.964,2021-05-07 10:21:39.944,0.021,1,1,0.97060084,0.0011019929,0.97060084,0.027957369,0.00033984013
511,42,sitting,2021-05-07 10:21:38.964,2021-05-07 10:21:40.944,0.021,1,1,0.9704017,0.0010798633,0.9704017,0.02822169,0.00029657353
511,42,sitting,2021-05-07 10:21:39.964,2021-05-07 10:21:41.944,0.021,1,1,0.9708505,0.001054636,0.9708505,0.027829727,0.00026500842
511,42,sitting,2021-05-07 10:21:40.964,2021-05-07 10:21:42.944,0.021,1,1,0.9725854,0.0010656775,0.9725854,0.026038645,0.00031023665
511,42,sitting,2021-05-07 10:21:41.964,2021-05-07 10:21:43.944,0.021,1,1,0.9731921,0.0010515377,0.9731921,0.025505792,0.00025041963
511,42,sitting,2021-05-07 10:21:42.964,2021-05-07 10:21:44.944,0.021,1,1,0.9731023,0.0010439549,0.9731023,0.025627885,0.00022589944
511,42,sitting,2021-05-07 10:21:43.964,2021-05-07 10:21:45.944,0.021,1,1,0.9734774,0.0010400066,0.9734774,0.025229104,0.0002535021
511,42,sitting,2021-05-07 10:21:44.964,2021-05-07 10:21:46.944,0.021,1,1,0.9731398,0.0010589177,0.9731398,0.025520116,0.00028102903
511,42,sitting,2021-05-07 10:21:45.964,2021-05-07 10:21:47.944,0.021,1,1,0.9738265,0.0011043759,0.9738265,0.024773818,0.00029533653
511,42,sitting,2021-05-07 10:21:46.964,2021-05-07 10:21:48.944,0.021,1,1,0.97534484,0.0010708232,0.97534484,0.023342488,0.00024183496
511,42,sitting,2021-05-07 10:21:47.964,2021-05-07 10:21:49.944,0.021,1,1,0.97722954,0.0010475572,0.97722954,0.021506848,0.00021612576
511,42,sitting,2021-05-07 10:21:48.964,2021-05-07 10:21:50.944,0.021,1,1,0.9772729,0.0010346732,0.9772729,0.021453962,0.00023849648
511,42,sitting,2021-05-07 10:21:49.964,2021-05-07 10:21:51.944,0.021,1,1,0.9761061,0.0010853703,0.9761061,0.022535218,0.00027327263
511,42,sitting,2021-05-07 10:21:50.964,2021-05-07 10:21:52.944,0.021,1,1,0.9749563,0.0011282128,0.9749563,0.023582364,0.00033310175
511,42,sitting,2021-05-07 10:21:51.964,2021-05-07 10:21:53.944,0.021,1,1,0.9761116,0.0011367241,0.9761116,0.022439862,0.00031182647
511,42,sitting,2021-05-07 10:21:52.964,2021-05-07 10:21:54.944,0.021,1,1,0.97684175,0.0011138028,0.97684175,0.021800619,0.00024367987
511,42,sitting,2021-05-07 10:21:53.964,2021-05-07 10:21:55.944,0.021,1,1,0.97717285,0.0011822038,0.97717285,0.021423712,0.00022119495
511,42,sitting,2021-05-07 10:21:54.964,2021-05-07 10:21:56.944,0.021,1,1,0.9780287,0.0012093096,0.9780287,0.020552944,0.00020909807
511,42,sitting,2021-05-07 10:21:55.964,2021-05-07 10:21:57.944,0.021,1,1,0.97859895,0.0011744503,0.97859895,0.020037118,0.00018956258
511,42,sitting,2021-05-07 10:21:56.964,2021-05-07 10:21:58.944,0.021,1,1,0.9788197,0.0011418144,0.9788197,0.01986362,0.00017477942
511,42,sitting,2021-05-07 10:21:57.964,2021-05-07 10:21:59.944,0.021,1,1,0.9781297,0.001126599,0.9781297,0.0205653,0.00017824187
511,42,sitting,2021-05-07 10:21:58.964,2021-05-07 10:22:00.944,0.021,1,1,0.97708035,0.0011079011,0.97708035,0.021638477,0.0001731509
511,42,sitting,2021-05-07 10:21:59.964,2021-05-07 10:22:01.944,0.021,1,1,0.9772192,0.0011107855,0.9772192,0.021495737,0.00017429389
511,42,sitting,2021-05-07 10:22:00.964,2021-05-07 10:22:02.944,0.021,1,1,0.9774421,0.001124454,0.9774421,0.021261951,0.0001715245
511,42,sitting,2021-05-07 10:22:01.964,2021-05-07 10:22:03.944,0.021,1,1,0.9770107,0.0011373145,0.9770107,0.02166914,0.00018287776
511,42,sitting,2021-05-07 10:22:02.964,2021-05-07 10:22:04.944,0.021,1,1,0.97682357,0.0011835272,0.97682357,0.021799844,0.00019301729
511,42,sitting,2021-05-07 10:22:03.964,2021-05-07 10:22:05.944,0.021,1,1,0.9771219,0.001189772,0.9771219,0.021487411,0.00020080867
511,42,sitting,2021-05-07 10:22:04.963,2021-05-07 10:22:06.944,0.021,1,1,0.9766357,0.0011664595,0.9766357,0.021956502,0.00024134004
511,42,sitting,2021-05-07 10:22:05.963,2021-05-07 10:22:07.944,0.021,1,1,0.9767356,0.001146788,0.9767356,0.021889709,0.00022785492
511,42,sitting,2021-05-07 10:22:06.963,2021-05-07 10:22:08.944,0.021,1,1,0.97720766,0.001159471,0.97720766,0.021425666,0.00020712792
511,42,sitting,2021-05-07 10:22:07.963,2021-05-07 10:22:09.944,0.021,1,1,0.9773231,0.0011642503,0.9773231,0.02131716,0.00019536741
511,42,sitting,2021-05-07 10:22:08.963,2021-05-07 10:22:10.944,0.021,1,1,0.97696924,0.0011613109,0.97696924,0.021672312,0.00019713536
511,42,sitting,2021-05-07 10:22:09.963,2021-05-07 10:22:11.944,0.021,1,1,0.9776855,0.0012019395,0.9776855,0.02091688,0.0001956825
511,42,sitting,2021-05-07 10:22:10.963,2021-05-07 10:22:12.944,0.021,1,1,0.9774604,0.0011744181,0.9774604,0.021147002,0.00021811055
511,42,sitting,2021-05-07 10:22:11.963,2021-05-07 10:22:13.944,0.021,1,1,0.97771126,0.0011710378,0.97771126,0.020916402,0.00020138964
511,42,sitting,2021-05-07 10:22:12.963,2021-05-07 10:22:14.944,0.021,1,1,0.9778114,0.00115711,0.9778114,0.02084527,0.00018613874
511,42,sitting,2021-05-07 10:22:13.963,2021-05-07 10:22:15.944,0.021,1,1,0.9773124,0.0011089814,0.9773124,0.021391304,0.00018735741
511,42,sitting,2021-05-07 10:22:14.963,2021-05-07 10:22:16.944,0.021,1,1,0.9775193,0.0011407847,0.9775193,0.021156816,0.00018306563
511,42,sitting,2021-05-07 10:22:15.963,2021-05-07 10:22:17.944,0.021,1,1,0.9770109,0.0011660788,0.9770109,0.021615481,0.00020752789
511,42,sitting,2021-05-07 10:22:16.964,2021-05-07 10:22:18.944,0.021,1,1,0.9771903,0.0011510991,0.9771903,0.021460019,0.00019849653
511,42,sitting,2021-05-07 10:22:17.964,2021-05-07 10:22:19.944,0.021,1,1,0.9775989,0.0011583389,0.9775989,0.02106466,0.00017805953
511,42,sitting,2021-05-07 10:22:18.964,2021-05-07 10:22:20.944,0.021,1,1,0.9773567,0.0011543949,0.9773567,0.021295832,0.00019306572
511,42,sitting,2021-05-07 10:22:19.964,2021-05-07 10:22:21.944,0.021,1,1,0.97746146,0.0011554391,0.97746146,0.021193922,0.00018924692
511,42,sitting,2021-05-07 10:22:20.964,2021-05-07 10:22:22.944,0.021,1,1,0.97692966,0.0011572721,0.97692966,0.021694241,0.00021879378
511,42,sitting,2021-05-07 10:22:21.964,2021-05-07 10:22:23.944,0.021,1,1,0.9772171,0.0012021493,0.9772171,0.021379387,0.00020129324
511,42,sitting,2021-05-07 10:22:22.964,2021-05-07 10:22:24.944,0.021,1,1,0.97715545,0.0011658976,0.97715545,0.021492407,0.0001862807
511,42,sitting,2021-05-07 10:22:23.964,2021-05-07 10:22:25.944,0.021,1,1,0.97703844,0.0011263932,0.97703844,0.021637974,0.00019713167
511,42,sitting,2021-05-07 10:22:24.964,2021-05-07 10:22:26.944,0.021,1,1,0.97731847,0.0011374557,0.97731847,0.021338455,0.00020572329
511,42,sitting,2021-05-07 10:22:25.964,2021-05-07 10:22:27.944,0.021,1,1,0.9774363,0.0011381663,0.9774363,0.021229647,0.00019598201
511,42,sitting,2021-05-07 10:22:26.964,2021-05-07 10:22:28.944,0.021,1,1,0.97758365,0.0011787625,0.97758365,0.0210501,0.00018736652
511,42,sitting,2021-05-07 10:22:27.964,2021-05-07 10:22:29.944,0.021,1,1,0.97720057,0.0011637796,0.97720057,0.02144987,0.00018585718
511,42,sitting,2021-05-07 10:22:28.964,2021-05-07 10:22:30.944,0.021,1,1,0.9768818,0.0011179546,0.9768818,0.021823257,0.00017696737
511,42,sitting,2021-05-07 10:22:29.964,2021-05-07 10:22:31.944,0.021,1,1,0.9769795,0.0011092921,0.9769795,0.021739572,0.00017165813
511,42,sitting,2021-05-07 10:22:30.964,2021-05-07 10:22:32.944,0.021,1,1,0.97688735,0.0011209551,0.97688735,0.021800634,0.00019097398
511,42,sitting,2021-05-07 10:22:31.964,2021-05-07 10:22:33.944,0.021,1,1,0.977454,0.001137977,0.977454,0.021216875,0.00019124775
511,42,sitting,2021-05-07 10:22:32.964,2021-05-07 10:22:34.944,0.021,1,1,0.9775047,0.0011282346,0.9775047,0.02119413,0.00017291712
511,42,sitting,2021-05-07 10:22:33.964,2021-05-07 10:22:35.944,0.021,1,1,0.97765076,0.0011546415,0.97765076,0.021014761,0.00017982091
511,42,sitting,2021-05-07 10:22:34.964,2021-05-07 10:22:36.944,0.021,1,1,0.9776162,0.0011854323,0.9776162,0.021018432,0.00017991352
511,42,sitting,2021-05-07 10:22:35.964,2021-05-07 10:22:37.944,0.021,1,1,0.97759086,0.0011938998,0.97759086,0.021036763,0.0001784225
511,42,sitting,2021-05-07 10:22:36.964,2021-05-07 10:22:38.944,0.021,1,1,0.9774168,0.0011618225,0.9774168,0.021235302,0.00018613071
511,42,sitting,2021-05-07 10:22:37.964,2021-05-07 10:22:39.944,0.021,1,1,0.97690296,0.0011351266,0.97690296,0.021743348,0.00021854631
511,42,sitting,2021-05-07 10:22:38.964,2021-05-07 10:22:40.944,0.021,1,1,0.9766092,0.0011384006,0.9766092,0.022016622,0.00023583608
511,42,sitting,2021-05-07 10:22:39.964,2021-05-07 10:22:41.944,0.021,1,1,0.9764291,0.001115443,0.9764291,0.022255914,0.0001994641
511,42,sitting,2021-05-07 10:22:40.964,2021-05-07 10:22:42.944,0.021,1,1,0.9766461,0.0011290231,0.9766461,0.022022717,0.0002022174
511,42,sitting,2021-05-07 10:22:41.964,2021-05-07 10:22:43.944,0.021,1,1,0.9771225,0.0011612477,0.9771225,0.021496668,0.00021953283
511,42,sitting,2021-05-07 10:22:42.964,2021-05-07 10:22:44.944,0.021,1,1,0.97658104,0.0011529174,0.97658104,0.022032581,0.00023358893
511,42,sitting,2021-05-07 10:22:43.964,2021-05-07 10:22:45.944,0.021,1,1,0.9766854,0.0011433302,0.9766854,0.02196959,0.0002016451
511,42,sitting,2021-05-07 10:22:44.964,2021-05-07 10:22:46.944,0.021,1,1,0.97710466,0.0011324487,0.97710466,0.021571351,0.00019154913
511,42,sitting,2021-05-07 10:22:45.964,2021-05-07 10:22:47.944,0.021,1,1,0.97699475,0.0011541937,0.97699475,0.0216303,0.00022067114
511,42,sitting,2021-05-07 10:22:46.964,2021-05-07 10:22:48.944,0.021,1,1,0.97718877,0.0012135971,0.97718877,0.021364816,0.00023273536
511,42,sitting,2021-05-07 10:22:47.964,2021-05-07 10:22:49.944,0.021,1,1,0.9771064,0.0012029329,0.9771064,0.021461569,0.00022908248
511,42,sitting,2021-05-07 10:22:48.964,2021-05-07 10:22:50.944,0.021,1,1,0.97725624,0.0011690432,0.97725624,0.021349767,0.00022492747
511,42,sitting,2021-05-07 10:22:49.964,2021-05-07 10:22:51.944,0.021,1,1,0.97750086,0.0011596121,0.97750086,0.021132128,0.00020753616
511,42,sitting,2021-05-07 10:22:50.964,2021-05-07 10:22:52.944,0.021,1,1,0.9764611,0.0011646926,0.9764611,0.02213739,0.00023676478
511,42,sitting,2021-05-07 10:22:51.964,2021-05-07 10:22:53.944,0.021,1,1,0.97610635,0.0011549888,0.97610635,0.02250138,0.00023731748
511,42,sitting,2021-05-07 10:22:52.964,2021-05-07 10:22:54.944,0.021,1,1,0.9765548,0.001162322,0.9765548,0.02206134,0.00022152418
511,42,sitting,2021-05-07 10:22:53.964,2021-05-07 10:22:55.944,0.021,1,1,0.9766836,0.0011783226,0.9766836,0.021923196,0.00021496395
511,42,sitting,2021-05-07 10:22:54.964,2021-05-07 10:22:56.944,0.021,1,1,0.9762689,0.0011632711,0.9762689,0.0223369,0.00023104502
511,42,sitting,2021-05-07 10:22:55.964,2021-05-07 10:22:57.944,0.021,1,1,0.97690123,0.0011617922,0.97690123,0.021729639,0.00020738076
511,42,sitting,2021-05-07 10:22:56.964,2021-05-07 10:22:58.944,0.021,1,1,0.9773492,0.0011635716,0.9773492,0.021275433,0.00021181101
511,42,sitting,2021-05-07 10:22:57.964,2021-05-07 10:22:59.944,0.021,1,1,0.9761896,0.0011302802,0.9761896,0.022480132,0.00019983859
511,42,sitting,2021-05-07 10:22:58.964,2021-05-07 10:23:00.944,0.021,1,1,0.97513604,0.0011201744,0.97513604,0.023527492,0.00021646224
511,42,sitting,2021-05-07 10:22:59.964,2021-05-07 10:23:01.944,0.021,1,1,0.9752803,0.0012385179,0.9752803,0.023135634,0.00034550217
511,43,walking,2021-05-07 10:23:04.444,2021-05-07 10:23:06.423,0.021,3,3,0.99997455,1.7824253e-07,1.1700183e-05,1.345535e-05,0.99997455
511,43,walking,2021-05-07 10:23:05.444,2021-05-07 10:23:07.423,0.021,3,3,0.9999979,9.36027e-09,1.0703719e-06,9.063982e-07,0.9999979
511,43,walking,2021-05-07 10:23:06.444,2021-05-07 10:23:08.423,0.021,3,3,0.99999636,1.712611e-08,1.7978178e-06,1.7914817e-06,0.99999636
511,43,walking,2021-05-07 10:23:07.444,2021-05-07 10:23:09.423,0.021,3,3,0.9999983,6.3262813e-09,8.464725e-07,8.3644414e-07,0.9999983
511,43,walking,2021-05-07 10:23:08.444,2021-05-07 10:23:10.423,0.021,3,3,0.99999696,1.19603145e-08,1.4894738e-06,1.5065268e-06,0.99999696
511,43,walking,2021-05-07 10:23:09.444,2021-05-07 10:23:11.423,0.021,3,3,0.99999565,1.8196696e-08,2.0518614e-06,2.1632845e-06,0.99999565
511,43,walking,2021-05-07 10:23:10.444,2021-05-07 10:23:12.423,0.021,3,3,0.9999928,3.3531688e-08,3.4784143e-06,3.6709432e-06,0.9999928
511,43,walking,2021-05-07 10:23:11.444,2021-05-07 10:23:13.423,0.021,3,3,0.9999983,5.687556e-09,8.205342e-07,7.9448245e-07,0.9999983
511,43,walking,2021-05-07 10:23:12.444,2021-05-07 10:23:14.423,0.021,3,3,0.99997836,1.1770611e-07,9.668631e-06,1.1809257e-05,0.99997836
511,43,walking,2021-05-07 10:23:13.444,2021-05-07 10:23:15.423,0.021,3,3,0.99999374,2.9309208e-08,3.063648e-06,3.1136742e-06,0.99999374
511,43,walking,2021-05-07 10:23:14.444,2021-05-07 10:23:16.423,0.021,3,3,0.99993473,4.1277954e-07,2.6835014e-05,3.793478e-05,0.99993473
511,43,walking,2021-05-07 10:23:15.444,2021-05-07 10:23:17.423,0.021,3,3,0.9977292,1.459051e-05,0.000885608,0.0013705895,0.9977292
511,43,walking,2021-05-07 10:23:16.444,2021-05-07 10:23:18.423,0.021,3,3,0.99484843,2.4097795e-05,0.0020353412,0.003092133,0.99484843
511,43,walking,2021-05-07 10:23:17.444,2021-05-07 10:23:19.423,0.021,3,3,0.99997085,1.490912e-07,1.2909305e-05,1.605506e-05,0.99997085
511,43,walking,2021-05-07 10:23:18.444,2021-05-07 10:23:20.423,0.021,3,3,0.9999612,1.8510885e-07,1.5653723e-05,2.295287e-05,0.9999612
511,43,walking,2021-05-07 10:23:19.444,2021-05-07 10:23:21.423,0.021,3,3,0.9999772,1.12617414e-07,9.578376e-06,1.3048684e-05,0.9999772
511,43,walking,2021-05-07 10:23:20.444,2021-05-07 10:23:22.423,0.021,3,3,0.9995894,2.4271321e-06,0.00014726426,0.00026091305,0.9995894
511,43,walking,2021-05-07 10:23:21.444,2021-05-07 10:23:23.423,0.021,3,3,0.9996564,1.8122283e-06,0.00012657234,0.00021525487,0.9996564
511,43,walking,2021-05-07 10:23:22.444,2021-05-07 10:23:24.423,0.021,3,3,0.99925196,4.6219166e-06,0.00027748977,0.00046589316,0.99925196
511,43,walking,2021-05-07 10:23:23.444,2021-05-07 10:23:25.423,0.021,3,3,0.98992425,4.6612087e-05,0.003108544,0.0069206352,0.98992425
511,43,walking,2021-05-07 10:23:24.444,2021-05-07 10:23:26.423,0.021,3,3,0.9948279,3.3240194e-05,0.0015875306,0.0035513144,0.9948279
511,46,standing,2021-05-07 10:23:28.884,2021-05-07 10:23:30.864,0.021,2,2,0.72975636,0.0013526351,0.14922425,0.72975636,0.11966679
511,46,standing,2021-05-07 10:23:29.884,2021-05-07 10:23:31.864,0.021,2,2,0.78059256,0.0011512429,0.16978677,0.78059256,0.048469447
511,46,standing,2021-05-07 10:23:30.884,2021-05-07 10:23:32.863,0.021,2,2,0.7779258,0.0011201185,0.17574562,0.7779258,0.04520848
511,46,standing,2021-05-07 10:23:31.884,2021-05-07 10:23:33.863,0.021,2,2,0.712433,0.0012700987,0.16906847,0.712433,0.11722839
511,46,standing,2021-05-07 10:23:32.883,2021-05-07 10:23:34.863,0.021,2,2,0.73292726,0.001247582,0.1718025,0.73292726,0.09402273
511,46,standing,2021-05-07 10:23:33.883,2021-05-07 10:23:35.863,0.021,2,2,0.78719693,0.0010697595,0.18227716,0.78719693,0.029456194
511,46,standing,2021-05-07 10:23:34.883,2021-05-07 10:23:36.863,0.021,2,2,0.7842896,0.0010956652,0.18835613,0.7842896,0.026258577
511,46,standing,2021-05-07 10:23:35.883,2021-05-07 10:23:37.863,0.021,2,2,0.7692265,0.0011276373,0.2076803,0.7692265,0.021965545
511,46,standing,2021-05-07 10:23:36.883,2021-05-07 10:23:38.863,0.021,2,2,0.7643803,0.0011076818,0.21551709,0.7643803,0.018994983
511,46,standing,2021-05-07 10:23:37.883,2021-05-07 10:23:39.863,0.021,2,2,0.75614446,0.001175403,0.19368884,0.75614446,0.04899129
511,46,standing,2021-05-07 10:23:38.883,2021-05-07 10:23:40.863,0.021,2,2,0.60236675,0.0013111848,0.16814171,0.60236675,0.22818042
511,46,standing,2021-05-07 10:23:39.883,2021-05-07 10:23:41.863,0.021,2,2,0.666983,0.0012981726,0.18977097,0.666983,0.14194778
511,46,standing,2021-05-07 10:23:40.883,2021-05-07 10:23:42.863,0.021,2,2,0.74386334,0.0012142418,0.19963978,0.74386334,0.05528268
511,46,standing,2021-05-07 10:23:41.883,2021-05-07 10:23:43.863,0.021,2,2,0.70958066,0.0012973266,0.1888845,0.70958066,0.10023744
511,46,standing,2021-05-07 10:23:42.883,2021-05-07 10:23:44.863,0.021,2,2,0.7198919,0.001363888,0.17100024,0.7198919,0.10774395
511,46,standing,2021-05-07 10:23:43.883,2021-05-07 10:23:45.863,0.021,2,2,0.7491852,0.0013692256,0.17282675,0.7491852,0.076618835
511,48,standing,2021-05-07 10:23:47.683,2021-05-07 10:23:49.664,0.021,2,2,0.6617635,0.001281534,0.22544965,0.6617635,0.11150534
511,50,standing,2021-05-07 10:23:51.043,2021-05-07 10:23:53.023,0.021,2,2,0.72671825,0.0011881974,0.22037506,0.72671825,0.0517184
511,50,standing,2021-05-07 10:23:52.043,2021-05-07 10:23:54.023,0.021,2,2,0.70412433,0.0010529746,0.25392005,0.70412433,0.04090263
511,50,standing,2021-05-07 10:23:53.043,2021-05-07 10:23:55.023,0.021,2,3,0.765793,0.00049690274,0.0653236,0.16838649,0.765793
511,50,standing,2021-05-07 10:23:54.043,2021-05-07 10:23:56.023,0.021,2,3,0.85022306,0.00035694308,0.03784081,0.11157914,0.85022306
511,50,standing,2021-05-07 10:23:55.043,2021-05-07 10:23:57.023,0.021,2,2,0.7020978,0.0012731808,0.18094935,0.7020978,0.11567965
511,50,standing,2021-05-07 10:23:56.043,2021-05-07 10:23:58.023,0.021,2,2,0.7697067,0.0012320146,0.19453432,0.7697067,0.034526937
511,50,standing,2021-05-07 10:23:57.043,2021-05-07 10:23:59.023,0.021,2,2,0.7587044,0.0013109411,0.19580692,0.7587044,0.044177804
511,50,standing,2021-05-07 10:23:58.043,2021-05-07 10:24:00.023,0.021,2,2,0.74654245,0.0013443205,0.1872716,0.74654245,0.06484173
511,50,standing,2021-05-07 10:23:59.043,2021-05-07 10:24:01.023,0.021,2,2,0.7913288,0.0012055275,0.1810159,0.7913288,0.026449751
511,50,standing,2021-05-07 10:24:00.043,2021-05-07 10:24:02.023,0.021,2,2,0.799712,0.0012246963,0.17731382,0.799712,0.021749446
511,50,standing,2021-05-07 10:24:01.043,2021-05-07 10:24:03.023,0.021,2,2,0.7971567,0.0012368895,0.18949488,0.7971567,0.01211153
511,50,standing,2021-05-07 10:24:02.043,2021-05-07 10:24:04.024,0.021,2,2,0.7922768,0.0012249596,0.19604167,0.7922768,0.010456712
511,50,standing,2021-05-07 10:24:03.043,2021-05-07 10:24:05.024,0.021,2,2,0.7839591,0.0012673095,0.20424588,0.7839591,0.010527619
511,50,standing,2021-05-07 10:24:04.043,2021-05-07 10:24:06.024,0.021,2,2,0.7815911,0.0012322431,0.20458929,0.7815911,0.012587328
511,56,standing,2021-05-07 10:24:09.803,2021-05-07 10:24:11.784,0.021,2,2,0.75557303,0.0011324601,0.22121795,0.75557303,0.02207649
511,60,standing,2021-05-07 10:24:15.963,2021-05-07 10:24:17.944,0.021,2,2,0.71227944,0.0012239076,0.23095872,0.71227944,0.055538014
511,65,walking,2021-05-07 10:24:21.163,2021-05-07 10:24:23.144,0.021,3,3,0.9800717,7.721909e-05,0.0046400926,0.0152110355,0.9800717
511,66,standing,2021-05-07 10:24:23.964,2021-05-07 10:24:25.944,0.021,2,2,0.78408444,0.0012276078,0.17650604,0.78408444,0.038181875
511,66,standing,2021-05-07 10:24:24.964,2021-05-07 10:24:26.944,0.021,2,2,0.7902151,0.0012309822,0.17793079,0.7902151,0.030623145
511,66,standing,2021-05-07 10:24:25.964,2021-05-07 10:24:27.944,0.021,2,2,0.7571554,0.0013518591,0.16897385,0.7571554,0.072518945
511,66,standing,2021-05-07 10:24:26.964,2021-05-07 10:24:28.944,0.021,2,2,0.7011146,0.0014585633,0.15653321,0.7011146,0.14089358
511,66,standing,2021-05-07 10:24:27.964,2021-05-07 10:24:29.944,0.021,2,2,0.7813988,0.0012627786,0.17030534,0.7813988,0.04703311
511,66,standing,2021-05-07 10:24:28.964,2021-05-07 10:24:30.944,0.021,2,2,0.686364,0.0013560366,0.16857363,0.686364,0.14370634
511,66,standing,2021-05-07 10:24:29.964,2021-05-07 10:24:31.944,0.021,2,3,0.64329684,0.0008309773,0.081939444,0.27393273,0.64329684
511,70,standing,2021-05-07 10:24:35.203,2021-05-07 10:24:37.183,0.021,2,3,0.98515165,6.800674e-05,0.005542857,0.009237474,0.98515165
511,70,standing,2021-05-07 10:24:36.203,2021-05-07 10:24:38.183,0.021,2,3,0.9448152,0.00022020489,0.019090971,0.035873592,0.9448152
511,71,walking,2021-05-07 10:24:38.883,2021-05-07 10:24:40.863,0.021,3,3,0.99996763,2.1485859e-07,1.8742554e-05,1.3289383e-05,0.99996763
511,71,walking,2021-05-07 10:24:39.883,2021-05-07 10:24:41.863,0.021,3,3,0.99999243,2.7587085e-08,3.954273e-06,3.4997083e-06,0.99999243
511,71,walking,2021-05-07 10:24:40.883,2021-05-07 10:24:42.863,0.021,3,3,0.9999868,3.0928916e-08,5.731709e-06,7.3003666e-06,0.9999868
511,71,walking,2021-05-07 10:24:41.883,2021-05-07 10:24:43.863,0.021,3,3,0.9999997,4.1674314e-10,1.2615087e-07,1.0028096e-07,0.9999997
511,71,walking,2021-05-07 10:24:42.883,2021-05-07 10:24:44.863,0.021,3,3,0.9999992,1.8204006e-09,4.0388704e-07,2.7414666e-07,0.9999992
511,71,walking,2021-05-07 10:24:43.883,2021-05-07 10:24:45.863,0.021,3,3,0.99999875,3.109661e-09,7.0082854e-07,5.08843e-07,0.99999875
511,71,walking,2021-05-07 10:24:44.883,2021-05-07 10:24:46.863,0.021,3,3,0.99999875,3.2893404e-09,6.9662246e-07,4.9452086e-07,0.99999875
511,71,walking,2021-05-07 10:24:45.883,2021-05-07 10:24:47.863,0.021,3,3,0.9999992,1.5798187e-09,4.236229e-07,3.276509e-07,0.9999992
511,71,walking,2021-05-07 10:24:46.883,2021-05-07 10:24:48.863,0.021,3,3,0.99998647,6.629331e-08,8.0098725e-06,5.36242e-06,0.99998647
511,71,walking,2021-05-07 10:24:47.883,2021-05-07 10:24:49.863,0.021,3,3,0.99875987,7.0100537e-06,0.0008594191,0.00037374854,0.99875987
511,71,walking,2021-05-07 10:24:48.883,2021-05-07 10:24:50.863,0.021,3,3,0.99986935,3.7849802e-07,5.724576e-05,7.319017e-05,0.99986935
511,71,walking,2021-05-07 10:24:49.883,2021-05-07 10:24:51.863,0.021,3,3,0.99998623,4.6293245e-08,6.7913243e-06,6.8846484e-06,0.99998623
511,71,walking,2021-05-07 10:24:50.883,2021-05-07 10:24:52.863,0.021,3,3,0.9999984,4.6695687e-09,9.478426e-07,6.4559816e-07,0.9999984
511,71,walking,2021-05-07 10:24:51.883,2021-05-07 10:24:53.863,0.021,3,3,0.9999929,2.048188e-08,3.5425678e-06,3.4795823e-06,0.9999929
511,71,walking,2021-05-07 10:24:52.883,2021-05-07 10:24:54.863,0.021,3,3,0.99996084,1.0473688e-07,1.7758195e-05,2.1191054e-05,0.99996084
511,71,walking,2021-05-07 10:24:53.883,2021-05-07 10:24:55.863,0.021,3,3,0.99904126,3.1830166e-06,0.00041320623,0.00054231164,0.99904126
511,71,walking,2021-05-07 10:24:54.883,2021-05-07 10:24:56.863,0.021,3,3,0.999037,2.8930597e-06,0.00043593172,0.00052414153,0.999037
511,71,walking,2021-05-07 10:24:55.883,2021-05-07 10:24:57.863,0.021,3,3,0.9950855,1.280603e-05,0.0019066688,0.0029950503,0.9950855
511,75,walking,2021-05-07 10:25:00.204,2021-05-07 10:25:02.184,0.021,3,3,0.7093015,0.0005034948,0.16483796,0.12535706,0.7093015
511,75,walking,2021-05-07 10:25:01.204,2021-05-07 10:25:03.184,0.021,3,3,0.7132295,0.00043818326,0.14024398,0.14608835,0.7132295
511,75,walking,2021-05-07 10:25:02.204,2021-05-07 10:25:04.184,0.021,3,3,0.87287515,0.00022211431,0.052317195,0.07458548,0.87287515
511,81,walking,2021-05-07 10:25:18.163,2021-05-07 10:25:20.144,0.021,3,3,0.6473885,0.00050179084,0.1804105,0.17169912,0.6473885
511,81,walking,2021-05-07 10:25:19.163,2021-05-07 10:25:21.144,0.021,3,3,0.9919302,2.3546883e-05,0.004175005,0.0038711927,0.9919302
511,81,walking,2021-05-07 10:25:20.163,2021-05-07 10:25:22.144,0.021,3,3,0.9981306,6.978365e-06,0.00094471907,0.0009177141,0.9981306
511,81,walking,2021-05-07 10:25:21.163,2021-05-07 10:25:23.144,0.021,3,3,0.98683596,3.7461992e-05,0.006699869,0.0064267237,0.98683596
511,81,walking,2021-05-07 10:25:22.163,2021-05-07 10:25:24.144,0.021,3,3,0.9411386,0.00013900187,0.031935647,0.026786698,0.9411386
511,81,walking,2021-05-07 10:25:23.163,2021-05-07 10:25:25.144,0.021,3,3,0.9889048,3.1373525e-05,0.0056129983,0.005450865,0.9889048
511,81,walking,2021-05-07 10:25:24.163,2021-05-07 10:25:26.144,0.021,3,3,0.9677088,8.71318e-05,0.015251225,0.016952796,0.9677088
511,81,walking,2021-05-07 10:25:25.163,2021-05-07 10:25:27.144,0.021,3,3,0.9632937,0.00011076587,0.01722772,0.01936788,0.9632937
511,81,walking,2021-05-07 10:25:26.163,2021-05-07 10:25:28.144,0.021,3,3,0.9886219,3.1341828e-05,0.005107246,0.0062395292,0.9886219
511,81,walking,2021-05-07 10:25:27.163,2021-05-07 10:25:29.144,0.021,3,3,0.98941696,3.0473468e-05,0.0048497478,0.005702703,0.98941696
511,81,walking,2021-05-07 10:25:28.163,2021-05-07 10:25:30.144,0.021,3,3,0.8958194,0.00024704376,0.04938066,0.05455286,0.8958194
511,81,walking,2021-05-07 10:25:29.163,2021-05-07 10:25:31.144,0.021,3,3,0.5042386,0.0008985241,0.27427799,0.22058477,0.5042386
511,81,walking,2021-05-07 10:25:30.163,2021-05-07 10:25:32.144,0.021,3,3,0.7970678,0.0003911654,0.11662794,0.08591308,0.7970678
511,81,walking,2021-05-07 10:25:31.163,2021-05-07 10:25:33.144,0.021,3,3,0.9950972,1.9253399e-05,0.0026428676,0.002240636,0.9950972
511,81,walking,2021-05-07 10:25:32.164,2021-05-07 10:25:34.144,0.021,3,3,0.99356705,2.260811e-05,0.0034677025,0.0029426026,0.99356705
511,81,walking,2021-05-07 10:25:33.164,2021-05-07 10:25:35.144,0.021,3,3,0.9934077,1.9861844e-05,0.0036903888,0.0028820334,0.9934077
511,83,walking,2021-05-07 10:25:37.484,2021-05-07 10:25:39.464,0.021,3,3,0.99905235,4.3975783e-06,0.00051936007,0.0004238904,0.99905235
511,83,walking,2021-05-07 10:25:38.484,2021-05-07 10:25:40.464,0.021,3,3,0.9998667,4.3277646e-07,4.9901566e-05,8.300584e-05,0.9998667
511,83,walking,2021-05-07 10:25:39.484,2021-05-07 10:25:41.464,0.021,3,3,0.9997283,8.841243e-07,7.910191e-05,0.00019166274,0.9997283
511,83,walking,2021-05-07 10:25:40.484,2021-05-07 10:25:42.464,0.021,3,3,0.99958986,1.4208498e-06,0.00013070957,0.00027799024,0.99958986
511,83,walking,2021-05-07 10:25:41.484,2021-05-07 10:25:43.464,0.021,3,3,0.9984726,8.2262195e-06,0.00057851727,0.00094067404,0.9984726
511,84,lying,2021-05-07 10:25:48.964,2021-05-07 10:25:50.944,0.021,0,0,0.99672174,0.99672174,0.0032782916,8.066413e-10,7.905855e-10
511,84,lying,2021-05-07 10:25:49.964,2021-05-07 10:25:51.944,0.021,0,0,0.9967079,0.9967079,0.0032920514,9.1747787e-10,8.6067836e-10
511,84,lying,2021-05-07 10:25:50.964,2021-05-07 10:25:52.944,0.021,0,0,0.9964353,0.9964353,0.0035647186,1.0867168e-09,9.078837e-10
511,84,lying,2021-05-07 10:25:51.964,2021-05-07 10:25:53.944,0.021,0,0,0.9964472,0.9964472,0.0035527232,1.0955122e-09,9.186876e-10
511,84,lying,2021-05-07 10:25:52.964,2021-05-07 10:25:54.944,0.021,0,0,0.9963903,0.9963903,0.003609748,1.130044e-09,9.302246e-10
511,84,lying,2021-05-07 10:25:53.964,2021-05-07 10:25:55.944,0.021,0,0,0.9963636,0.9963636,0.0036363925,1.1393068e-09,9.355341e-10
511,84,lying,2021-05-07 10:25:54.964,2021-05-07 10:25:56.944,0.021,0,0,0.99640584,0.99640584,0.0035940737,1.1385165e-09,9.861275e-10
511,84,lying,2021-05-07 10:25:55.964,2021-05-07 10:25:57.944,0.021,0,0,0.99633837,0.99633837,0.0036616242,1.1721335e-09,9.859761e-10
511,84,lying,2021-05-07 10:25:56.964,2021-05-07 10:25:58.944,0.021,0,0,0.99636024,0.99636024,0.0036397234,1.1441373e-09,9.368987e-10
511,84,lying,2021-05-07 10:25:57.964,2021-05-07 10:25:59.944,0.021,0,0,0.9962866,0.9962866,0.0037133158,1.1905255e-09,9.575305e-10
511,84,lying,2021-05-07 10:25:58.964,2021-05-07 10:26:00.944,0.021,0,0,0.99630344,0.99630344,0.0036965583,1.18685e-09,9.53788e-10
511,84,lying,2021-05-07 10:25:59.964,2021-05-07 10:26:01.944,0.021,0,0,0.99637413,0.99637413,0.003625767,1.1479743e-09,9.379292e-10
511,84,lying,2021-05-07 10:26:00.964,2021-05-07 10:26:02.944,0.021,0,0,0.99638057,0.99638057,0.0036193994,1.1537108e-09,9.460762e-10
511,84,lying,2021-05-07 10:26:01.964,2021-05-07 10:26:03.944,0.021,0,0,0.9963861,0.9963861,0.0036137993,1.1370573e-09,9.277453e-10
511,84,lying,2021-05-07 10:26:02.964,2021-05-07 10:26:04.944,0.021,0,0,0.9963512,0.9963512,0.0036489246,1.1504862e-09,9.374532e-10
511,84,lying,2021-05-07 10:26:03.964,2021-05-07 10:26:05.944,0.021,0,0,0.99630713,0.99630713,0.0036929287,1.1801726e-09,9.513135e-10
511,84,lying,2021-05-07 10:26:04.963,2021-05-07 10:26:06.944,0.021,0,0,0.99627256,0.99627256,0.0037274521,1.2041056e-09,9.635114e-10
511,84,lying,2021-05-07 10:26:05.963,2021-05-07 10:26:07.944,0.021,0,0,0.996293,0.996293,0.0037070222,1.1773836e-09,9.486075e-10
511,84,lying,2021-05-07 10:26:06.963,2021-05-07 10:26:08.944,0.021,0,0,0.9963929,0.9963929,0.003607094,1.1280056e-09,9.314219e-10
511,84,lying,2021-05-07 10:26:07.963,2021-05-07 10:26:09.944,0.021,0,0,0.99642867,0.99642867,0.00357132,1.1091453e-09,9.129168e-10
511,84,lying,2021-05-07 10:26:08.963,2021-05-07 10:26:10.944,0.021,0,0,0.9964891,0.9964891,0.003510871,1.0419392e-09,8.590021e-10
511,84,lying,2021-05-07 10:26:09.963,2021-05-07 10:26:11.944,0.021,0,0,0.99645215,0.99645215,0.0035478347,1.0606684e-09,8.7350444e-10
511,84,lying,2021-05-07 10:26:10.963,2021-05-07 10:26:12.944,0.021,0,0,0.9964516,0.9964516,0.0035483793,1.0889236e-09,9.052046e-10
511,84,lying,2021-05-07 10:26:11.963,2021-05-07 10:26:13.944,0.021,0,0,0.9964519,0.9964519,0.0035480403,1.076332e-09,8.9411645e-10
511,84,lying,2021-05-07 10:26:12.963,2021-05-07 10:26:14.944,0.021,0,0,0.99633837,0.99633837,0.0036615874,1.1481126e-09,9.294136e-10
511,84,lying,2021-05-07 10:26:13.963,2021-05-07 10:26:15.944,0.021,0,0,0.9962862,0.9962862,0.0037138779,1.1802018e-09,9.389955e-10
511,84,lying,2021-05-07 10:26:14.963,2021-05-07 10:26:16.944,0.021,0,0,0.99629915,0.99629915,0.0037008724,1.1703092e-09,9.366251e-10
511,84,lying,2021-05-07 10:26:15.963,2021-05-07 10:26:17.944,0.021,0,0,0.99633443,0.99633443,0.003665589,1.1564752e-09,9.325422e-10
511,84,lying,2021-05-07 10:26:16.964,2021-05-07 10:26:18.944,0.021,0,0,0.99632293,0.99632293,0.0036769868,1.1565722e-09,9.2676333e-10
511,84,lying,2021-05-07 10:26:17.964,2021-05-07 10:26:19.944,0.021,0,0,0.9963037,0.9963037,0.0036963108,1.1831436e-09,9.443554e-10
511,84,lying,2021-05-07 10:26:18.964,2021-05-07 10:26:20.944,0.021,0,0,0.9962842,0.9962842,0.0037158402,1.1949132e-09,9.434997e-10
511,84,lying,2021-05-07 10:26:19.964,2021-05-07 10:26:21.944,0.021,0,0,0.9962931,0.9962931,0.0037067984,1.1913601e-09,9.442374e-10
511,84,lying,2021-05-07 10:26:20.964,2021-05-07 10:26:22.944,0.021,0,0,0.99628323,0.99628323,0.003716765,1.1940783e-09,9.524163e-10
511,84,lying,2021-05-07 10:26:21.964,2021-05-07 10:26:23.944,0.021,0,0,0.9962983,0.9962983,0.0037015928,1.1794241e-09,9.422506e-10
511,84,lying,2021-05-07 10:26:22.964,2021-05-07 10:26:24.944,0.021,0,0,0.99626285,0.99626285,0.0037371847,1.2213631e-09,9.640977e-10
511,84,lying,2021-05-07 10:26:23.964,2021-05-07 10:26:25.944,0.021,0,0,0.9962881,0.9962881,0.0037118364,1.2113068e-09,9.62935e-10
511,84,lying,2021-05-07 10:26:24.964,2021-05-07 10:26:26.944,0.021,0,0,0.996302,0.996302,0.0036980163,1.1970241e-09,9.605928e-10
511,84,lying,2021-05-07 10:26:25.964,2021-05-07 10:26:27.944,0.021,0,0,0.99630976,0.99630976,0.0036902523,1.1793656e-09,9.506339e-10
511,84,lying,2021-05-07 10:26:26.964,2021-05-07 10:26:28.944,0.021,0,0,0.99633276,0.99633276,0.0036672666,1.1718319e-09,9.523801e-10
511,84,lying,2021-05-07 10:26:27.964,2021-05-07 10:26:29.944,0.021,0,0,0.99635667,0.99635667,0.0036433619,1.1526076e-09,9.401372e-10
511,84,lying,2021-05-07 10:26:28.964,2021-05-07 10:26:30.944,0.021,0,0,0.9963824,0.9963824,0.0036174632,1.1184836e-09,9.096797e-10
511,84,lying,2021-05-07 10:26:29.964,2021-05-07 10:26:31.944,0.021,0,0,0.99638057,0.99638057,0.0036193528,1.133115e-09,9.157222e-10
511,84,lying,2021-05-07 10:26:30.964,2021-05-07 10:26:32.944,0.021,0,0,0.99635166,0.99635166,0.0036482913,1.1529624e-09,9.2425156e-10
511,84,lying,2021-05-07 10:26:31.964,2021-05-07 10:26:33.944,0.021,0,0,0.99633837,0.99633837,0.0036616588,1.1551724e-09,9.3051156e-10
511,84,lying,2021-05-07 10:26:32.964,2021-05-07 10:26:34.944,0.021,0,0,0.9963519,0.9963519,0.00364808,1.1405501e-09,9.298855e-10
511,84,lying,2021-05-07 10:26:33.964,2021-05-07 10:26:35.944,0.021,0,0,0.9963305,0.9963305,0.0036694987,1.1695471e-09,9.529249e-10
511,84,lying,2021-05-07 10:26:34.964,2021-05-07 10:26:36.944,0.021,0,0,0.99621826,0.99621826,0.0037817678,1.2305118e-09,9.820718e-10
511,84,lying,2021-05-07 10:26:35.964,2021-05-07 10:26:37.944,0.021,0,0,0.9962369,0.9962369,0.0037630463,1.2088558e-09,9.632143e-10
511,84,lying,2021-05-07 10:26:36.964,2021-05-07 10:26:38.944,0.021,0,0,0.9963001,0.9963001,0.0036998682,1.1606006e-09,9.353335e-10
511,84,lying,2021-05-07 10:26:37.964,2021-05-07 10:26:39.944,0.021,0,0,0.99632055,0.99632055,0.0036794036,1.1333927e-09,9.193561e-10
511,84,lying,2021-05-07 10:26:38.964,2021-05-07 10:26:40.944,0.021,0,0,0.99637794,0.99637794,0.003622007,1.1064963e-09,9.224901e-10
511,84,lying,2021-05-07 10:26:39.964,2021-05-07 10:26:41.944,0.021,0,0,0.9963708,0.9963708,0.0036290968,1.1153687e-09,9.165205e-10
511,84,lying,2021-05-07 10:26:40.964,2021-05-07 10:26:42.944,0.021,0,0,0.99640715,0.99640715,0.003592716,1.1077367e-09,9.062491e-10
511,84,lying,2021-05-07 10:26:41.964,2021-05-07 10:26:43.944,0.021,0,0,0.9963564,0.9963564,0.0036435192,1.1222431e-09,9.0416913e-10
511,84,lying,2021-05-07 10:26:42.964,2021-05-07 10:26:44.944,0.021,0,0,0.99635047,0.99635047,0.0036495537,1.1265987e-09,9.0069713e-10
511,84,lying,2021-05-07 10:26:43.964,2021-05-07 10:26:45.944,0.021,0,0,0.99629253,0.99629253,0.0037074217,1.1906529e-09,9.54338e-10
511,84,lying,2021-05-07 10:26:44.964,2021-05-07 10:26:46.944,0.021,0,0,0.9962314,0.9962314,0.0037686334,1.2512966e-09,9.955886e-10
511,84,lying,2021-05-07 10:26:45.964,2021-05-07 10:26:47.944,0.021,0,0,0.9962273,0.9962273,0.0037726238,1.2596896e-09,1.0044806e-09
511,84,lying,2021-05-07 10:26:46.964,2021-05-07 10:26:48.944,0.021,0,0,0.9962285,0.9962285,0.0037714986,1.2472946e-09,9.847659e-10
511,84,lying,2021-05-07 10:26:47.964,2021-05-07 10:26:49.944,0.021,0,0,0.9962115,0.9962115,0.0037884691,1.2548017e-09,9.809848e-10
511,84,lying,2021-05-07 10:26:48.964,2021-05-07 10:26:50.944,0.021,0,0,0.9962094,0.9962094,0.00379066,1.2563268e-09,9.904623e-10
511,84,lying,2021-05-07 10:26:49.964,2021-05-07 10:26:51.944,0.021,0,0,0.9963044,0.9963044,0.0036956402,1.1934569e-09,9.619079e-10
511,84,lying,2021-05-07 10:26:50.964,2021-05-07 10:26:52.944,0.021,0,0,0.9963361,0.9963361,0.003663846,1.1724082e-09,9.49503e-10
511,84,lying,2021-05-07 10:26:51.964,2021-05-07 10:26:53.944,0.021,0,0,0.9962929,0.9962929,0.0037070324,1.2072163e-09,9.657721e-10
511,84,lying,2021-05-07 10:26:52.964,2021-05-07 10:26:54.944,0.021,0,0,0.9962488,0.9962488,0.0037511915,1.2482363e-09,9.846527e-10
511,84,lying,2021-05-07 10:26:53.964,2021-05-07 10:26:55.944,0.021,0,0,0.9962869,0.9962869,0.0037130057,1.2218774e-09,9.735006e-10
511,84,lying,2021-05-07 10:26:54.964,2021-05-07 10:26:56.944,0.021,0,0,0.99643755,0.99643755,0.003562453,1.1129506e-09,9.17488e-10
511,84,lying,2021-05-07 10:26:55.964,2021-05-07 10:26:57.944,0.021,0,0,0.9964321,0.9964321,0.0035679317,1.102705e-09,9.039791e-10
511,84,lying,2021-05-07 10:26:56.964,2021-05-07 10:26:58.944,0.021,0,0,0.9964269,0.9964269,0.003573179,1.0987522e-09,9.1418717e-10
511,84,lying,2021-05-07 10:26:57.964,2021-05-07 10:26:59.944,0.021,0,0,0.9964327,0.9964327,0.0035673007,1.0770177e-09,8.923717e-10
511,84,lying,2021-05-07 10:26:58.964,2021-05-07 10:27:00.944,0.021,0,0,0.9965509,0.9965509,0.003449061,1.0122088e-09,8.6012436e-10
511,84,lying,2021-05-07 10:26:59.964,2021-05-07 10:27:01.944,0.021,0,0,0.9964556,0.9964556,0.0035443588,1.0666428e-09,8.786189e-10
511,84,lying,2021-05-07 10:27:00.964,2021-05-07 10:27:02.944,0.021,0,0,0.9962766,0.9962766,0.003723378,1.1818349e-09,9.460785e-10
511,84,lying,2021-05-07 10:27:01.964,2021-05-07 10:27:03.944,0.021,0,0,0.99631816,0.99631816,0.0036818977,1.167509e-09,9.527803e-10
511,84,lying,2021-05-07 10:27:02.964,2021-05-07 10:27:04.944,0.021,0,0,0.9962819,0.9962819,0.0037181003,1.1918581e-09,9.612847e-10
511,84,lying,2021-05-07 10:27:03.964,2021-05-07 10:27:05.944,0.021,0,0,0.99632484,0.99632484,0.003675176,1.1634265e-09,9.439991e-10
511,84,lying,2021-05-07 10:27:04.963,2021-05-07 10:27:06.944,0.021,0,0,0.9964485,0.9964485,0.003551422,1.115377e-09,9.26562e-10
511,84,lying,2021-05-07 10:27:05.963,2021-05-07 10:27:07.944,0.021,0,0,0.99647677,0.99647677,0.0035231588,1.0917358e-09,9.089889e-10
511,84,lying,2021-05-07 10:27:06.963,2021-05-07 10:27:08.944,0.021,0,0,0.9962977,0.9962977,0.0037022175,1.2081851e-09,9.668532e-10
511,84,lying,2021-05-07 10:27:07.963,2021-05-07 10:27:09.944,0.021,0,0,0.99625343,0.99625343,0.0037465934,1.2473853e-09,9.953373e-10
511,84,lying,2021-05-07 10:27:08.963,2021-05-07 10:27:10.944,0.021,0,0,0.99635,0.99635,0.003650062,1.1973125e-09,9.97905e-10
511,84,lying,2021-05-07 10:27:09.963,2021-05-07 10:27:11.944,0.021,0,0,0.99628943,0.99628943,0.0037105742,1.2477112e-09,1.0155281e-09
511,84,lying,2021-05-07 10:27:10.963,2021-05-07 10:27:12.944,0.021,0,0,0.9962258,0.9962258,0.0037741365,1.282809e-09,1.0112902e-09
511,84,lying,2021-05-07 10:27:11.963,2021-05-07 10:27:13.944,0.021,0,0,0.99619645,0.99619645,0.0038035563,1.2880204e-09,1.0035915e-09
511,84,lying,2021-05-07 10:27:12.963,2021-05-07 10:27:14.944,0.021,0,0,0.9962039,0.9962039,0.0037961162,1.2843183e-09,1.0036297e-09
511,84,lying,2021-05-07 10:27:13.963,2021-05-07 10:27:15.944,0.021,0,0,0.9962165,0.9962165,0.0037835033,1.2880388e-09,1.010257e-09
511,84,lying,2021-05-07 10:27:14.963,2021-05-07 10:27:16.944,0.021,0,0,0.99622804,0.99622804,0.0037719572,1.2821711e-09,1.0140486e-09
511,84,lying,2021-05-07 10:27:15.963,2021-05-07 10:27:17.944,0.021,0,0,0.9964171,0.9964171,0.0035827733,1.1530249e-09,9.548362e-10
511,84,lying,2021-05-07 10:27:16.964,2021-05-07 10:27:18.944,0.021,0,0,0.99635524,0.99635524,0.003644754,1.1858255e-09,9.621185e-10
511,84,lying,2021-05-07 10:27:17.964,2021-05-07 10:27:19.944,0.021,0,0,0.99616766,0.99616766,0.003832243,1.3197848e-09,1.0221506e-09
511,84,lying,2021-05-07 10:27:18.964,2021-05-07 10:27:20.944,0.021,0,0,0.9961771,0.9961771,0.0038229546,1.3393976e-09,1.0471227e-09
511,84,lying,2021-05-07 10:27:19.964,2021-05-07 10:27:21.944,0.021,0,0,0.996181,0.996181,0.0038190596,1.321538e-09,1.0312664e-09
511,84,lying,2021-05-07 10:27:20.964,2021-05-07 10:27:22.944,0.021,0,0,0.9961521,0.9961521,0.003847848,1.3316789e-09,1.0297034e-09
511,84,lying,2021-05-07 10:27:21.964,2021-05-07 10:27:23.944,0.021,0,0,0.99612397,0.99612397,0.0038760428,1.3426641e-09,1.0292148e-09
511,84,lying,2021-05-07 10:27:22.964,2021-05-07 10:27:24.944,0.021,0,0,0.9962034,0.9962034,0.0037965525,1.2859797e-09,1.0042382e-09
511,84,lying,2021-05-07 10:27:23.964,2021-05-07 10:27:25.944,0.021,0,0,0.9962508,0.9962508,0.0037491552,1.2531817e-09,9.909834e-10
511,84,lying,2021-05-07 10:27:24.964,2021-05-07 10:27:26.944,0.021,0,0,0.99619395,0.99619395,0.0038060015,1.3124417e-09,1.0284021e-09
511,84,lying,2021-05-07 10:27:25.964,2021-05-07 10:27:27.944,0.021,0,0,0.99617887,0.99617887,0.0038211006,1.3323371e-09,1.0419249e-09
511,84,lying,2021-05-07 10:27:26.964,2021-05-07 10:27:28.944,0.021,0,0,0.99617636,0.99617636,0.0038236573,1.3174849e-09,1.0259604e-09
511,84,lying,2021-05-07 10:27:27.964,2021-05-07 10:27:29.944,0.021,0,0,0.99616164,0.99616164,0.0038383114,1.335367e-09,1.0373896e-09
511,84,lying,2021-05-07 10:27:28.964,2021-05-07 10:27:30.944,0.021,0,0,0.9961619,0.9961619,0.0038380874,1.3341276e-09,1.0348781e-09
511,84,lying,2021-05-07 10:27:29.964,2021-05-07 10:27:31.944,0.021,0,0,0.9961905,0.9961905,0.0038094653,1.2950506e-09,1.0086653e-09
511,84,lying,2021-05-07 10:27:30.964,2021-05-07 10:27:32.944,0.021,0,0,0.99616057,0.99616057,0.0038393214,1.3051387e-09,1.0068955e-09
511,84,lying,2021-05-07 10:27:31.964,2021-05-07 10:27:33.944,0.021,0,0,0.9961541,0.9961541,0.003845869,1.3358104e-09,1.032644e-09
511,84,lying,2021-05-07 10:27:32.964,2021-05-07 10:27:34.944,0.021,0,0,0.99616534,0.99616534,0.0038346616,1.337179e-09,1.0419903e-09
511,84,lying,2021-05-07 10:27:33.964,2021-05-07 10:27:35.944,0.021,0,0,0.99615926,0.99615926,0.0038407044,1.3300206e-09,1.0345161e-09
511,84,lying,2021-05-07 10:27:34.964,2021-05-07 10:27:36.944,0.021,0,0,0.9961382,0.9961382,0.003861679,1.3364542e-09,1.0315683e-09
511,84,lying,2021-05-07 10:27:35.964,2021-05-07 10:27:37.944,0.021,0,0,0.996167,0.996167,0.0038330024,1.3279651e-09,1.0359479e-09
511,84,lying,2021-05-07 10:27:36.964,2021-05-07 10:27:38.944,0.021,0,0,0.99617887,0.99617887,0.0038211572,1.3289008e-09,1.038861e-09
511,84,lying,2021-05-07 10:27:37.964,2021-05-07 10:27:39.944,0.021,0,0,0.9961771,0.9961771,0.0038229125,1.334578e-09,1.0427859e-09
511,84,lying,2021-05-07 10:27:38.964,2021-05-07 10:27:40.944,0.021,0,0,0.9961887,0.9961887,0.0038113373,1.3024102e-09,1.0213068e-09
511,84,lying,2021-05-07 10:27:39.964,2021-05-07 10:27:41.944,0.021,0,0,0.99620557,0.99620557,0.0037944415,1.3001935e-09,1.0255699e-09
511,84,lying,2021-05-07 10:27:40.964,2021-05-07 10:27:42.944,0.021,0,0,0.99618405,0.99618405,0.003815951,1.3209523e-09,1.0316119e-09
511,84,lying,2021-05-07 10:27:41.964,2021-05-07 10:27:43.944,0.021,0,0,0.9962546,0.9962546,0.0037452762,1.2658949e-09,1.0083667e-09
511,84,lying,2021-05-07 10:27:42.964,2021-05-07 10:27:44.944,0.021,0,0,0.9963564,0.9963564,0.0036435924,1.1586356e-09,9.454021e-10
511,84,lying,2021-05-07 10:27:43.964,2021-05-07 10:27:45.944,0.021,0,0,0.99650115,0.99650115,0.003498937,1.078177e-09,9.252122e-10
511,84,lying,2021-05-07 10:27:44.964,2021-05-07 10:27:46.944,0.021,0,0,0.99663234,0.99663234,0.003367558,1.0296282e-09,9.116938e-10
511,84,lying,2021-05-07 10:27:45.964,2021-05-07 10:27:47.944,0.021,0,0,0.99671197,0.99671197,0.0032880392,9.753436e-10,8.6851165e-10
511,84,lying,2021-05-07 10:27:46.964,2021-05-07 10:27:48.944,0.021,0,0,0.996541,0.996541,0.0034590373,1.0634128e-09,9.10288e-10
511,84,lying,2021-05-07 10:27:47.964,2021-05-07 10:27:49.944,0.021,0,0,0.996327,0.996327,0.0036730291,1.17361e-09,9.561202e-10
511,84,lying,2021-05-07 10:27:48.964,2021-05-07 10:27:50.944,0.021,0,0,0.9962639,0.9962639,0.0037360804,1.2154918e-09,9.823641e-10
511,84,lying,2021-05-07 10:27:49.964,2021-05-07 10:27:51.944,0.021,0,0,0.99630773,0.99630773,0.00369235,1.2177382e-09,9.852182e-10
511,84,lying,2021-05-07 10:27:50.964,2021-05-07 10:27:52.944,0.021,0,0,0.99635273,0.99635273,0.0036472254,1.2036376e-09,9.746982e-10
511,84,lying,2021-05-07 10:27:51.964,2021-05-07 10:27:53.944,0.021,0,0,0.99644613,0.99644613,0.0035538664,1.1146343e-09,9.300638e-10
511,84,lying,2021-05-07 10:27:52.964,2021-05-07 10:27:54.944,0.021,0,0,0.99658084,0.99658084,0.0034191487,1.0324244e-09,9.1386815e-10
511,84,lying,2021-05-07 10:27:53.964,2021-05-07 10:27:55.944,0.021,0,0,0.9966125,0.9966125,0.0033873771,1.0520959e-09,9.848357e-10
511,84,lying,2021-05-07 10:27:54.964,2021-05-07 10:27:56.944,0.021,0,0,0.9965389,0.9965389,0.0034611367,1.1374703e-09,1.0734859e-09
511,84,lying,2021-05-07 10:27:55.964,2021-05-07 10:27:57.944,0.021,0,0,0.99651897,0.99651897,0.0034810035,1.115856e-09,9.998767e-10
511,84,lying,2021-05-07 10:27:56.964,2021-05-07 10:27:58.944,0.021,0,0,0.9965239,0.9965239,0.0034760297,1.0948195e-09,9.592229e-10
511,84,lying,2021-05-07 10:27:57.964,2021-05-07 10:27:59.944,0.021,0,0,0.9963241,0.9963241,0.0036758746,1.2173681e-09,9.95199e-10
511,84,lying,2021-05-07 10:27:58.964,2021-05-07 10:28:00.944,0.021,0,0,0.9963493,0.9963493,0.0036507957,1.1963368e-09,9.83228e-10
511,84,lying,2021-05-07 10:27:59.964,2021-05-07 10:28:01.944,0.021,0,0,0.9963854,0.9963854,0.0036145945,1.1684566e-09,9.829562e-10
511,84,lying,2021-05-07 10:28:00.964,2021-05-07 10:28:02.944,0.021,0,0,0.9963159,0.9963159,0.003684132,1.2196775e-09,1.022057e-09
511,84,lying,2021-05-07 10:28:01.964,2021-05-07 10:28:03.944,0.021,0,0,0.9963093,0.9963093,0.0036907715,1.2057129e-09,9.97849e-10
511,84,lying,2021-05-07 10:28:02.964,2021-05-07 10:28:04.944,0.021,0,0,0.9963204,0.9963204,0.0036795419,1.2044069e-09,9.838655e-10
511,84,lying,2021-05-07 10:28:03.964,2021-05-07 10:28:05.944,0.021,0,0,0.9963764,0.9963764,0.0036235286,1.1952587e-09,9.835324e-10
511,84,lying,2021-05-07 10:28:04.963,2021-05-07 10:28:06.944,0.021,0,0,0.9965203,0.9965203,0.0034797217,1.1004535e-09,9.258867e-10
511,84,lying,2021-05-07 10:28:05.963,2021-05-07 10:28:07.944,0.021,0,0,0.99652404,0.99652404,0.0034759126,1.0994736e-09,9.381276e-10
511,84,lying,2021-05-07 10:28:06.963,2021-05-07 10:28:08.944,0.021,0,0,0.9964843,0.9964843,0.0035156587,1.1227769e-09,9.55633e-10
511,84,lying,2021-05-07 10:28:07.963,2021-05-07 10:28:09.944,0.021,0,0,0.9965488,0.9965488,0.0034511972,1.0933422e-09,9.512121e-10
511,84,lying,2021-05-07 10:28:08.963,2021-05-07 10:28:10.944,0.021,0,0,0.9965641,0.9965641,0.0034359316,1.1085642e-09,9.762933e-10
511,84,lying,2021-05-07 10:28:09.963,2021-05-07 10:28:11.944,0.021,0,0,0.996366,0.996366,0.003633999,1.2235672e-09,1.0090874e-09
511,84,lying,2021-05-07 10:28:10.963,2021-05-07 10:28:12.944,0.021,0,0,0.9962714,0.9962714,0.0037285928,1.2882229e-09,1.0337469e-09
511,84,lying,2021-05-07 10:28:11.963,2021-05-07 10:28:13.944,0.021,0,0,0.9962645,0.9962645,0.0037354573,1.302656e-09,1.0546172e-09
511,84,lying,2021-05-07 10:28:12.963,2021-05-07 10:28:14.944,0.021,0,0,0.9962714,0.9962714,0.0037286389,1.2942223e-09,1.0557455e-09
511,84,lying,2021-05-07 10:28:13.963,2021-05-07 10:28:15.944,0.021,0,0,0.9962485,0.9962485,0.0037516197,1.3106024e-09,1.0611558e-09
511,84,lying,2021-05-07 10:28:14.963,2021-05-07 10:28:16.944,0.021,0,0,0.9962322,0.9962322,0.0037678045,1.3276241e-09,1.0690123e-09
511,84,lying,2021-05-07 10:28:15.963,2021-05-07 10:28:17.944,0.021,0,0,0.9962355,0.9962355,0.003764509,1.3262971e-09,1.0688324e-09
511,84,lying,2021-05-07 10:28:16.964,2021-05-07 10:28:18.944,0.021,0,0,0.99626154,0.99626154,0.0037384043,1.3045915e-09,1.0544511e-09
511,84,lying,2021-05-07 10:28:17.964,2021-05-07 10:28:19.944,0.021,0,0,0.9962601,0.9962601,0.0037398306,1.3097431e-09,1.0604722e-09
511,84,lying,2021-05-07 10:28:18.964,2021-05-07 10:28:20.944,0.021,0,0,0.99623275,0.99623275,0.0037672117,1.3326125e-09,1.0714932e-09
511,84,lying,2021-05-07 10:28:19.964,2021-05-07 10:28:21.944,0.021,0,0,0.9962127,0.9962127,0.003787361,1.3315694e-09,1.0601507e-09
511,84,lying,2021-05-07 10:28:20.964,2021-05-07 10:28:22.944,0.021,0,0,0.99618113,0.99618113,0.0038188798,1.34749e-09,1.0590904e-09
511,84,lying,2021-05-07 10:28:21.964,2021-05-07 10:28:23.944,0.021,0,0,0.9962158,0.9962158,0.0037842551,1.3232238e-09,1.0554932e-09
511,84,lying,2021-05-07 10:28:22.964,2021-05-07 10:28:24.944,0.021,0,0,0.99628156,0.99628156,0.0037183966,1.2899203e-09,1.0498645e-09
511,84,lying,2021-05-07 10:28:23.964,2021-05-07 10:28:25.944,0.021,0,0,0.99639636,0.99639636,0.003603701,1.2168365e-09,1.0261343e-09
511,84,lying,2021-05-07 10:28:24.964,2021-05-07 10:28:26.944,0.021,0,0,0.9963631,0.9963631,0.0036368817,1.2059664e-09,1.0042842e-09
511,84,lying,2021-05-07 10:28:25.964,2021-05-07 10:28:27.944,0.021,0,0,0.996327,0.996327,0.0036729698,1.2174459e-09,9.956272e-10
511,84,lying,2021-05-07 10:28:26.964,2021-05-07 10:28:28.944,0.021,0,0,0.9963272,0.9963272,0.0036727726,1.2419366e-09,1.0070946e-09
511,84,lying,2021-05-07 10:28:27.964,2021-05-07 10:28:29.944,0.021,0,0,0.9963032,0.9963032,0.0036968098,1.2589544e-09,1.0113128e-09
511,84,lying,2021-05-07 10:28:28.964,2021-05-07 10:28:30.944,0.021,0,0,0.9962607,0.9962607,0.003739239,1.283128e-09,1.0250165e-09
511,84,lying,2021-05-07 10:28:29.964,2021-05-07 10:28:31.944,0.021,0,0,0.99630857,0.99630857,0.003691457,1.2657776e-09,1.0373824e-09
511,84,lying,2021-05-07 10:28:30.964,2021-05-07 10:28:32.944,0.021,0,0,0.9963385,0.9963385,0.0036615266,1.2444735e-09,1.0261274e-09
511,84,lying,2021-05-07 10:28:31.964,2021-05-07 10:28:33.944,0.021,0,0,0.9963909,0.9963909,0.0036091064,1.2242491e-09,1.0334253e-09
511,84,lying,2021-05-07 10:28:32.964,2021-05-07 10:28:34.944,0.021,0,0,0.9964929,0.9964929,0.003507106,1.1682751e-09,1.0095432e-09
511,84,lying,2021-05-07 10:28:33.964,2021-05-07 10:28:35.944,0.021,0,0,0.9964976,0.9964976,0.003502438,1.14723e-09,9.651602e-10
511,84,lying,2021-05-07 10:28:34.964,2021-05-07 10:28:36.944,0.021,0,0,0.9966611,0.9966611,0.0033387817,1.0430717e-09,9.2156677e-10
511,84,lying,2021-05-07 10:28:35.964,2021-05-07 10:28:37.944,0.021,0,0,0.99664795,0.99664795,0.0033521215,1.0434181e-09,9.248368e-10
511,84,lying,2021-05-07 10:28:36.964,2021-05-07 10:28:38.944,0.021,0,0,0.9964649,0.9964649,0.003535154,1.1724791e-09,1.0010132e-09
511,84,lying,2021-05-07 10:28:37.964,2021-05-07 10:28:39.944,0.021,0,0,0.9963904,0.9963904,0.0036095593,1.2262465e-09,1.0266155e-09
511,84,lying,2021-05-07 10:28:38.964,2021-05-07 10:28:40.944,0.021,0,0,0.9963361,0.9963361,0.0036638652,1.2351017e-09,1.0200251e-09
511,84,lying,2021-05-07 10:28:39.964,2021-05-07 10:28:41.944,0.021,0,0,0.9963619,0.9963619,0.0036381017,1.2329376e-09,1.0293586e-09
511,84,lying,2021-05-07 10:28:40.964,2021-05-07 10:28:42.944,0.021,0,0,0.9964172,0.9964172,0.0035827172,1.2038074e-09,1.0066805e-09
511,84,lying,2021-05-07 10:28:41.964,2021-05-07 10:28:43.944,0.021,0,0,0.99647367,0.99647367,0.0035262217,1.1560258e-09,9.78339e-10
511,84,lying,2021-05-07 10:28:42.964,2021-05-07 10:28:44.944,0.021,0,0,0.996468,0.996468,0.0035320327,1.143938e-09,9.657761e-10
511,84,lying,2021-05-07 10:28:43.964,2021-05-07 10:28:45.944,0.021,0,0,0.99642605,0.99642605,0.0035739273,1.183781e-09,9.963873e-10
511,84,lying,2021-05-07 10:28:44.964,2021-05-07 10:28:46.944,0.021,0,0,0.99649733,0.99649733,0.0035026846,1.1184632e-09,9.632509e-10
511,84,lying,2021-05-07 10:28:45.964,2021-05-07 10:28:47.944,0.021,0,0,0.99652547,0.99652547,0.0034745254,1.1167234e-09,9.580452e-10
511,84,lying,2021-05-07 10:28:46.964,2021-05-07 10:28:48.944,0.021,0,0,0.99659,0.99659,0.0034099743,1.0944933e-09,9.402624e-10
511,84,lying,2021-05-07 10:28:47.964,2021-05-07 10:28:49.944,0.021,0,0,0.99674016,0.99674016,0.0032598488,1.011139e-09,9.0728197e-10
511,84,lying,2021-05-07 10:28:48.964,2021-05-07 10:28:50.944,0.021,0,0,0.9967197,0.9967197,0.0032803474,1.0294848e-09,9.336737e-10
511,84,lying,2021-05-07 10:28:49.964,2021-05-07 10:28:51.944,0.021,0,0,0.9966534,0.9966534,0.003346553,1.0781894e-09,9.800059e-10
511,84,lying,2021-05-07 10:28:50.964,2021-05-07 10:28:52.944,0.021,0,0,0.99668217,0.99668217,0.0033178488,1.064095e-09,9.763363e-10
511,84,lying,2021-05-07 10:28:51.964,2021-05-07 10:28:53.944,0.021,0,0,0.9966654,0.9966654,0.0033345702,1.0770309e-09,9.888841e-10
511,84,lying,2021-05-07 10:28:52.964,2021-05-07 10:28:54.944,0.021,0,0,0.9966049,0.9966049,0.003395021,1.1162077e-09,1.0045951e-09
511,84,lying,2021-05-07 10:28:53.964,2021-05-07 10:28:55.944,0.021,0,0,0.9965715,0.9965715,0.003428579,1.1324764e-09,1.0089606e-09
511,84,lying,2021-05-07 10:28:54.964,2021-05-07 10:28:56.944,0.021,0,0,0.99662995,0.99662995,0.0033699868,1.090711e-09,9.765737e-10
511,84,lying,2021-05-07 10:28:55.964,2021-05-07 10:28:57.944,0.021,0,0,0.99666846,0.99666846,0.0033314417,1.0729191e-09,9.727483e-10
511,84,lying,2021-05-07 10:28:56.964,2021-05-07 10:28:58.944,0.021,0,0,0.99661976,0.99661976,0.0033801747,1.1273223e-09,1.0195801e-09
511,84,lying,2021-05-07 10:28:57.964,2021-05-07 10:28:59.944,0.021,0,0,0.9965452,0.9965452,0.003454751,1.1691389e-09,1.0409232e-09
511,84,lying,2021-05-07 10:28:58.964,2021-05-07 10:29:00.944,0.021,0,0,0.99661356,0.99661356,0.00338636,1.116739e-09,1.0087511e-09
511,84,lying,2021-05-07 10:28:59.964,2021-05-07 10:29:01.944,0.021,0,0,0.9965799,0.9965799,0.0034200698,1.1453613e-09,1.0328488e-09
511,84,lying,2021-05-07 10:29:00.964,2021-05-07 10:29:02.944,0.021,0,0,0.9965705,0.9965705,0.0034295472,1.1377517e-09,1.0272203e-09
511,84,lying,2021-05-07 10:29:01.964,2021-05-07 10:29:03.944,0.021,0,0,0.996566,0.996566,0.0034340678,1.1277949e-09,1.0049257e-09
511,84,lying,2021-05-07 10:29:02.964,2021-05-07 10:29:04.944,0.021,0,0,0.9966419,0.9966419,0.0033581292,1.0844757e-09,9.89023e-10
511,84,lying,2021-05-07 10:29:03.964,2021-05-07 10:29:05.944,0.021,0,0,0.99662787,0.99662787,0.003372074,1.0956817e-09,9.970949e-10
511,84,lying,2021-05-07 10:29:04.963,2021-05-07 10:29:06.944,0.021,0,0,0.9965873,0.9965873,0.0034127661,1.1201207e-09,1.0048302e-09
511,84,lying,2021-05-07 10:29:05.963,2021-05-07 10:29:07.944,0.021,0,0,0.9965519,0.9965519,0.0034481434,1.1430442e-09,1.0124647e-09
511,84,lying,2021-05-07 10:29:06.963,2021-05-07 10:29:08.944,0.021,0,0,0.9965009,0.9965009,0.0034990862,1.1732598e-09,1.0242531e-09
511,84,lying,2021-05-07 10:29:07.963,2021-05-07 10:29:09.944,0.021,0,0,0.99657583,0.99657583,0.0034241648,1.1374712e-09,1.0152235e-09
511,84,lying,2021-05-07 10:29:08.963,2021-05-07 10:29:10.944,0.021,0,0,0.9965465,0.9965465,0.0034534512,1.1461336e-09,1.0171297e-09
511,84,lying,2021-05-07 10:29:09.963,2021-05-07 10:29:11.944,0.021,0,0,0.9965349,0.9965349,0.003465152,1.1433103e-09,1.00569e-09
511,84,lying,2021-05-07 10:29:10.963,2021-05-07 10:29:12.944,0.021,0,0,0.99657655,0.99657655,0.0034233218,1.1276111e-09,9.992367e-10
511,84,lying,2021-05-07 10:29:11.963,2021-05-07 10:29:13.944,0.021,0,0,0.99652123,0.99652123,0.003478801,1.1667362e-09,1.0168926e-09
511,84,lying,2021-05-07 10:29:12.963,2021-05-07 10:29:14.944,0.021,0,0,0.99655944,0.99655944,0.0034405047,1.1533766e-09,1.0243328e-09
511,84,lying,2021-05-07 10:29:13.963,2021-05-07 10:29:15.944,0.021,0,0,0.9965793,0.9965793,0.003420611,1.1227168e-09,1.0000556e-09
511,84,lying,2021-05-07 10:29:14.963,2021-05-07 10:29:16.944,0.021,0,0,0.996542,0.996542,0.0034578894,1.1453024e-09,1.0092464e-09
511,84,lying,2021-05-07 10:29:15.963,2021-05-07 10:29:17.944,0.021,0,0,0.99648356,0.99648356,0.0035164475,1.2045674e-09,1.0461592e-09
511,84,lying,2021-05-07 10:29:16.964,2021-05-07 10:29:18.944,0.021,0,0,0.99640334,0.99640334,0.0035965848,1.2545693e-09,1.0684459e-09
511,84,lying,2021-05-07 10:29:17.964,2021-05-07 10:29:19.944,0.021,0,0,0.9964378,0.9964378,0.003562206,1.2338597e-09,1.0557566e-09
511,84,lying,2021-05-07 10:29:18.964,2021-05-07 10:29:20.944,0.021,0,0,0.9964503,0.9964503,0.003549732,1.200289e-09,1.0274727e-09
511,84,lying,2021-05-07 10:29:19.964,2021-05-07 10:29:21.944,0.021,0,0,0.9965199,0.9965199,0.0034800342,1.1579376e-09,1.026794e-09
511,84,lying,2021-05-07 10:29:20.964,2021-05-07 10:29:22.944,0.021,0,0,0.99647117,0.99647117,0.0035288993,1.1761284e-09,1.0218147e-09
511,84,lying,2021-05-07 10:29:21.964,2021-05-07 10:29:23.944,0.021,0,0,0.9964435,0.9964435,0.0035564832,1.2141607e-09,1.0548731e-09
511,84,lying,2021-05-07 10:29:22.964,2021-05-07 10:29:24.944,0.021,0,0,0.9964713,0.9964713,0.0035287398,1.210437e-09,1.0704158e-09
511,84,lying,2021-05-07 10:29:23.964,2021-05-07 10:29:25.944,0.021,0,0,0.99647367,0.99647367,0.0035261982,1.1955827e-09,1.0457298e-09
511,84,lying,2021-05-07 10:29:24.964,2021-05-07 10:29:26.944,0.021,0,0,0.996527,0.996527,0.0034729508,1.1618019e-09,1.0301381e-09
511,84,lying,2021-05-07 10:29:25.964,2021-05-07 10:29:27.944,0.021,0,0,0.99663126,0.99663126,0.0033687172,1.1021936e-09,1.0069485e-09
511,84,lying,2021-05-07 10:29:26.964,2021-05-07 10:29:28.944,0.021,0,0,0.9966205,0.9966205,0.003379439,1.1140853e-09,1.0015476e-09
511,84,lying,2021-05-07 10:29:27.964,2021-05-07 10:29:29.944,0.021,0,0,0.9964879,0.9964879,0.0035120256,1.1698256e-09,1.0058057e-09
511,84,lying,2021-05-07 10:29:28.964,2021-05-07 10:29:30.944,0.021,0,0,0.99647415,0.99647415,0.003525756,1.1775999e-09,1.0022891e-09
511,84,lying,2021-05-07 10:29:29.964,2021-05-07 10:29:31.944,0.021,0,0,0.9966138,0.9966138,0.003386096,1.0822591e-09,9.488442e-10
511,84,lying,2021-05-07 10:29:30.964,2021-05-07 10:29:32.944,0.021,0,0,0.9967026,0.9967026,0.0032974447,1.0429062e-09,9.455682e-10
511,84,lying,2021-05-07 10:29:31.964,2021-05-07 10:29:33.944,0.021,0,0,0.99675095,0.99675095,0.0032490273,1.0299747e-09,9.547664e-10
511,84,lying,2021-05-07 10:29:32.964,2021-05-07 10:29:34.944,0.021,0,0,0.9967043,0.9967043,0.003295683,1.047675e-09,9.446468e-10
511,84,lying,2021-05-07 10:29:33.964,2021-05-07 10:29:35.944,0.021,0,0,0.99671495,0.99671495,0.0032850557,1.0430942e-09,9.463449e-10
511,84,lying,2021-05-07 10:29:34.964,2021-05-07 10:29:36.944,0.021,0,0,0.9968,0.9968,0.0031998996,9.877678e-10,9.1061664e-10
511,84,lying,2021-05-07 10:29:35.964,2021-05-07 10:29:37.944,0.021,0,0,0.99679255,0.99679255,0.0032075152,9.891687e-10,9.059445e-10
511,84,lying,2021-05-07 10:29:36.964,2021-05-07 10:29:38.944,0.021,0,0,0.99677485,0.99677485,0.0032251629,9.988009e-10,9.1390656e-10
511,84,lying,2021-05-07 10:29:37.964,2021-05-07 10:29:39.944,0.021,0,0,0.9966517,0.9966517,0.0033482155,1.0669993e-09,9.637569e-10
511,84,lying,2021-05-07 10:29:38.964,2021-05-07 10:29:40.944,0.021,0,0,0.99642056,0.99642056,0.0035793756,1.2144107e-09,1.0310619e-09
511,84,lying,2021-05-07 10:29:39.964,2021-05-07 10:29:41.944,0.021,0,0,0.99648213,0.99648213,0.003517791,1.1798037e-09,1.0192216e-09
511,84,lying,2021-05-07 10:29:40.964,2021-05-07 10:29:42.944,0.021,0,0,0.99669963,0.99669963,0.003300329,1.0367548e-09,9.452048e-10
511,84,lying,2021-05-07 10:29:41.964,2021-05-07 10:29:43.944,0.021,0,0,0.9968063,0.9968063,0.0031935892,9.717239e-10,8.981236e-10
511,84,lying,2021-05-07 10:29:42.964,2021-05-07 10:29:44.944,0.021,0,0,0.99675727,0.99675727,0.0032428012,9.92863e-10,9.084577e-10
511,84,lying,2021-05-07 10:29:43.964,2021-05-07 10:29:45.944,0.021,0,0,0.99676245,0.99676245,0.0032375064,1.018247e-09,9.510641e-10
511,84,lying,2021-05-07 10:29:44.964,2021-05-07 10:29:46.944,0.021,0,0,0.99671197,0.99671197,0.003288077,1.0561277e-09,9.786401e-10
511,84,lying,2021-05-07 10:29:45.964,2021-05-07 10:29:47.944,0.021,0,0,0.9965842,0.9965842,0.0034159254,1.1226859e-09,1.006373e-09
511,84,lying,2021-05-07 10:29:46.964,2021-05-07 10:29:48.944,0.021,0,0,0.9966676,0.9966676,0.003332346,1.0917178e-09,9.926355e-10
511,84,lying,2021-05-07 10:29:47.964,2021-05-07 10:29:49.944,0.021,0,0,0.9966571,0.9966571,0.003342867,1.0861857e-09,9.779201e-10
511,84,lying,2021-05-07 10:29:48.964,2021-05-07 10:29:50.944,0.021,0,0,0.996583,0.996583,0.0034171317,1.1238714e-09,9.977691e-10
511,84,lying,2021-05-07 10:29:49.964,2021-05-07 10:29:51.944,0.021,0,0,0.9965647,0.9965647,0.003435334,1.1457655e-09,1.019691e-09
511,84,lying,2021-05-07 10:29:50.964,2021-05-07 10:29:52.944,0.021,0,0,0.9964997,0.9964997,0.003500302,1.1742435e-09,1.0167658e-09
511,84,lying,2021-05-07 10:29:51.964,2021-05-07 10:29:53.944,0.021,0,0,0.9964623,0.9964623,0.0035377499,1.1754855e-09,9.915644e-10
511,84,lying,2021-05-07 10:29:52.964,2021-05-07 10:29:54.944,0.021,0,0,0.99649614,0.99649614,0.0035038297,1.171577e-09,1.0160488e-09
511,84,lying,2021-05-07 10:29:53.964,2021-05-07 10:29:55.944,0.021,0,0,0.9965837,0.9965837,0.003416365,1.1273977e-09,1.0022885e-09
511,84,lying,2021-05-07 10:29:54.964,2021-05-07 10:29:56.944,0.021,0,0,0.9965598,0.9965598,0.0034402136,1.1347768e-09,9.872999e-10
511,84,lying,2021-05-07 10:29:55.964,2021-05-07 10:29:57.944,0.021,0,0,0.99650353,0.99650353,0.0034965754,1.1646388e-09,9.976667e-10
511,84,lying,2021-05-07 10:29:56.964,2021-05-07 10:29:58.944,0.021,0,0,0.99653655,0.99653655,0.0034635423,1.1684043e-09,1.0226929e-09
511,84,lying,2021-05-07 10:29:57.964,2021-05-07 10:29:59.944,0.021,0,0,0.99653286,0.99653286,0.003467125,1.1599554e-09,1.00007e-09
511,84,lying,2021-05-07 10:29:58.964,2021-05-07 10:30:00.944,0.021,0,0,0.99651,0.99651,0.0034899502,1.1705502e-09,1.0097916e-09
511,84,lying,2021-05-07 10:29:59.964,2021-05-07 10:30:01.944,0.021,0,0,0.99662477,0.99662477,0.0033751314,1.1089786e-09,1.0014145e-09
511,84,lying,2021-05-07 10:30:00.964,2021-05-07 10:30:02.944,0.021,0,0,0.9966256,0.9966256,0.0033743924,1.0909974e-09,9.705754e-10
511,84,lying,2021-05-07 10:30:01.964,2021-05-07 10:30:03.944,0.021,0,0,0.9965943,0.9965943,0.0034055838,1.1292024e-09,1.0082373e-09
511,84,lying,2021-05-07 10:30:02.964,2021-05-07 10:30:04.944,0.021,0,0,0.9966315,0.9966315,0.0033684303,1.1073374e-09,1.0037656e-09
511,84,lying,2021-05-07 10:30:03.964,2021-05-07 10:30:05.944,0.021,0,0,0.9965268,0.9965268,0.0034731585,1.1542015e-09,1.0020859e-09
511,84,lying,2021-05-07 10:30:04.963,2021-05-07 10:30:06.944,0.021,0,0,0.99650705,0.99650705,0.003492833,1.1677971e-09,1.0129889e-09
511,84,lying,2021-05-07 10:30:05.963,2021-05-07 10:30:07.944,0.021,0,0,0.9965362,0.9965362,0.0034638995,1.1686022e-09,1.0346529e-09
511,84,lying,2021-05-07 10:30:06.963,2021-05-07 10:30:08.944,0.021,0,0,0.9965293,0.9965293,0.0034707831,1.178274e-09,1.0354178e-09
511,84,lying,2021-05-07 10:30:07.963,2021-05-07 10:30:09.944,0.021,0,0,0.99653774,0.99653774,0.0034623642,1.1524566e-09,1.012043e-09
511,84,lying,2021-05-07 10:30:08.963,2021-05-07 10:30:10.944,0.021,0,0,0.99662983,0.99662983,0.0033700427,1.0982301e-09,9.883491e-10
511,84,lying,2021-05-07 10:30:09.963,2021-05-07 10:30:11.944,0.021,0,0,0.9967362,0.9967362,0.0032637103,1.0401799e-09,9.451817e-10
511,84,lying,2021-05-07 10:30:10.963,2021-05-07 10:30:12.944,0.021,0,0,0.99663544,0.99663544,0.0033644852,1.102173e-09,9.778018e-10
511,84,lying,2021-05-07 10:30:11.963,2021-05-07 10:30:13.944,0.021,0,0,0.99637103,0.99637103,0.003628911,1.2631388e-09,1.0519031e-09
511,84,lying,2021-05-07 10:30:12.963,2021-05-07 10:30:14.944,0.021,0,0,0.9962019,0.9962019,0.003798073,1.387792e-09,1.1128615e-09
511,84,lying,2021-05-07 10:30:13.963,2021-05-07 10:30:15.944,0.021,0,0,0.9962683,0.9962683,0.0037317541,1.3362947e-09,1.0904607e-09
511,84,lying,2021-05-07 10:30:14.963,2021-05-07 10:30:16.944,0.021,0,0,0.9963923,0.9963923,0.003607682,1.2426385e-09,1.0507104e-09
511,84,lying,2021-05-07 10:30:15.963,2021-05-07 10:30:17.944,0.021,0,0,0.99638164,0.99638164,0.0036183884,1.2284714e-09,1.035606e-09
511,84,lying,2021-05-07 10:30:16.964,2021-05-07 10:30:18.944,0.021,0,0,0.9963291,0.9963291,0.0036708259,1.2773556e-09,1.0519091e-09
511,84,lying,2021-05-07 10:30:17.964,2021-05-07 10:30:19.944,0.021,0,0,0.9963672,0.9963672,0.0036328027,1.2717546e-09,1.069296e-09
511,84,lying,2021-05-07 10:30:18.964,2021-05-07 10:30:20.944,0.021,0,0,0.9963422,0.9963422,0.0036578826,1.2855995e-09,1.068364e-09
511,84,lying,2021-05-07 10:30:19.964,2021-05-07 10:30:21.944,0.021,0,0,0.99635583,0.99635583,0.0036440783,1.2910232e-09,1.0831228e-09
511,84,lying,2021-05-07 10:30:20.964,2021-05-07 10:30:22.944,0.021,0,0,0.99630356,0.99630356,0.0036964584,1.329767e-09,1.0989137e-09
511,84,lying,2021-05-07 10:30:21.964,2021-05-07 10:30:23.944,0.021,0,0,0.99623394,0.99623394,0.003765977,1.3703394e-09,1.1033398e-09
511,84,lying,2021-05-07 10:30:22.964,2021-05-07 10:30:24.944,0.021,0,0,0.99624014,0.99624014,0.0037598137,1.358678e-09,1.0920659e-09
511,84,lying,2021-05-07 10:30:23.964,2021-05-07 10:30:25.944,0.021,0,0,0.9963105,0.9963105,0.0036895599,1.3017771e-09,1.0608576e-09
511,84,lying,2021-05-07 10:30:24.964,2021-05-07 10:30:26.944,0.021,0,0,0.99631745,0.99631745,0.003682557,1.2989018e-09,1.0609136e-09
511,84,lying,2021-05-07 10:30:25.964,2021-05-07 10:30:27.944,0.021,0,0,0.9962747,0.9962747,0.003725296,1.3279896e-09,1.0747437e-09
511,84,lying,2021-05-07 10:30:26.964,2021-05-07 10:30:28.944,0.021,0,0,0.9962673,0.9962673,0.0037326866,1.3190082e-09,1.073398e-09
511,84,lying,2021-05-07 10:30:27.964,2021-05-07 10:30:29.944,0.021,0,0,0.9963738,0.9963738,0.0036261913,1.2672978e-09,1.0775869e-09
511,84,lying,2021-05-07 10:30:28.964,2021-05-07 10:30:30.944,0.021,0,0,0.9964637,0.9964637,0.0035363503,1.2200866e-09,1.0581206e-09
511,84,lying,2021-05-07 10:30:29.964,2021-05-07 10:30:31.944,0.021,0,0,0.9964037,0.9964037,0.0035962034,1.2568835e-09,1.0661052e-09
511,84,lying,2021-05-07 10:30:30.964,2021-05-07 10:30:32.944,0.021,0,0,0.9963429,0.9963429,0.0036572015,1.2883326e-09,1.0837659e-09
511,84,lying,2021-05-07 10:30:31.964,2021-05-07 10:30:33.944,0.021,0,0,0.9964142,0.9964142,0.0035857842,1.2519631e-09,1.0832771e-09
511,84,lying,2021-05-07 10:30:32.964,2021-05-07 10:30:34.944,0.021,0,0,0.99646753,0.99646753,0.003532496,1.2121445e-09,1.0559573e-09
511,84,lying,2021-05-07 10:30:33.964,2021-05-07 10:30:35.944,0.021,0,0,0.99639744,0.99639744,0.0036025862,1.2511162e-09,1.0597407e-09
511,84,lying,2021-05-07 10:30:34.964,2021-05-07 10:30:36.944,0.021,0,0,0.9963885,0.9963885,0.0036114892,1.2709864e-09,1.0760665e-09
511,84,lying,2021-05-07 10:30:35.964,2021-05-07 10:30:37.944,0.021,0,0,0.996343,0.996343,0.0036569803,1.2936441e-09,1.0771796e-09
511,84,lying,2021-05-07 10:30:36.964,2021-05-07 10:30:38.944,0.021,0,0,0.9962961,0.9962961,0.0037038552,1.3456576e-09,1.1099331e-09
511,84,lying,2021-05-07 10:30:37.964,2021-05-07 10:30:39.944,0.021,0,0,0.99622566,0.99622566,0.0037742816,1.3969024e-09,1.1284531e-09
511,84,lying,2021-05-07 10:30:38.964,2021-05-07 10:30:40.944,0.021,0,0,0.9962507,0.9962507,0.00374933,1.3628191e-09,1.1042426e-09
511,84,lying,2021-05-07 10:30:39.964,2021-05-07 10:30:41.944,0.021,0,0,0.9962937,0.9962937,0.0037063144,1.333869e-09,1.0925579e-09
511,84,lying,2021-05-07 10:30:40.964,2021-05-07 10:30:42.944,0.021,0,0,0.9963215,0.9963215,0.0036784916,1.3087326e-09,1.0780689e-09
511,84,lying,2021-05-07 10:30:41.964,2021-05-07 10:30:43.944,0.021,0,0,0.9963283,0.9963283,0.003671738,1.282535e-09,1.0511401e-09
511,84,lying,2021-05-07 10:30:42.964,2021-05-07 10:30:44.944,0.021,0,0,0.99633145,0.99633145,0.0036685138,1.2858775e-09,1.059228e-09
511,84,lying,2021-05-07 10:30:43.964,2021-05-07 10:30:45.944,0.021,0,0,0.9964361,0.9964361,0.0035638395,1.2280982e-09,1.0414607e-09
511,84,lying,2021-05-07 10:30:44.964,2021-05-07 10:30:46.944,0.021,0,0,0.9965281,0.9965281,0.003471966,1.1516037e-09,1.0080088e-09
511,84,lying,2021-05-07 10:30:45.964,2021-05-07 10:30:47.944,0.021,0,0,0.99650633,0.99650633,0.0034936469,1.1656954e-09,1.0182087e-09
511,84,lying,2021-05-07 10:30:46.964,2021-05-07 10:30:48.944,0.021,0,0,0.99657303,0.99657303,0.003427058,1.1227098e-09,9.937706e-10
511,84,lying,2021-05-07 10:30:47.964,2021-05-07 10:30:49.944,0.021,0,0,0.99658906,0.99658906,0.003410908,1.113124e-09,9.994056e-10
511,84,lying,2021-05-07 10:30:48.964,2021-05-07 10:30:50.944,0.021,0,0,0.9964685,0.9964685,0.0035315847,1.2113159e-09,1.0548914e-09
511,84,lying,2021-05-07 10:30:49.964,2021-05-07 10:30:51.944,0.021,0,0,0.99645215,0.99645215,0.0035477672,1.2183795e-09,1.060711e-09
511,84,lying,2021-05-07 10:30:50.964,2021-05-07 10:30:52.944,0.021,0,0,0.996439,0.996439,0.003560884,1.2369314e-09,1.0777499e-09
511,84,lying,2021-05-07 10:30:51.964,2021-05-07 10:30:53.944,0.021,0,0,0.99634016,0.99634016,0.003659815,1.3051151e-09,1.1008758e-09
511,84,lying,2021-05-07 10:30:52.964,2021-05-07 10:30:54.944,0.021,0,0,0.9962962,0.9962962,0.0037037514,1.3300767e-09,1.1049588e-09
511,84,lying,2021-05-07 10:30:53.964,2021-05-07 10:30:55.944,0.021,0,0,0.99631876,0.99631876,0.0036813274,1.3293865e-09,1.1172352e-09
511,84,lying,2021-05-07 10:30:54.964,2021-05-07 10:30:56.944,0.021,0,0,0.99629986,0.99629986,0.0037001004,1.3439826e-09,1.1212252e-09
511,84,lying,2021-05-07 10:30:55.964,2021-05-07 10:30:57.944,0.021,0,0,0.99629205,0.99629205,0.00370797,1.3540764e-09,1.1339267e-09
511,84,lying,2021-05-07 10:30:56.964,2021-05-07 10:30:58.944,0.021,0,0,0.9963296,0.9963296,0.003670451,1.3196217e-09,1.1327157e-09
511,84,lying,2021-05-07 10:30:57.964,2021-05-07 10:30:59.944,0.021,0,0,0.99631625,0.99631625,0.003683826,1.3355055e-09,1.1697535e-09
511,84,lying,2021-05-07 10:30:58.964,2021-05-07 10:31:00.944,0.021,0,0,0.9964018,0.9964018,0.0035981557,1.290044e-09,1.1427979e-09
511,84,lying,2021-05-07 10:30:59.964,2021-05-07 10:31:01.944,0.021,0,0,0.99644434,0.99644434,0.0035556161,1.234461e-09,1.0814477e-09
511,84,lying,2021-05-07 10:31:00.964,2021-05-07 10:31:02.944,0.021,0,0,0.9963172,0.9963172,0.0036827703,1.3483478e-09,1.161194e-09
511,84,lying,2021-05-07 10:31:01.964,2021-05-07 10:31:03.944,0.021,0,0,0.9961516,0.9961516,0.0038483306,1.5391652e-09,1.3323769e-09
511,84,lying,2021-05-07 10:31:02.964,2021-05-07 10:31:04.944,0.021,0,0,0.9961948,0.9961948,0.00380513,1.5052513e-09,1.324428e-09
511,84,lying,2021-05-07 10:31:03.964,2021-05-07 10:31:05.944,0.021,0,0,0.9962165,0.9962165,0.0037834728,1.4691919e-09,1.2691295e-09
511,84,lying,2021-05-07 10:31:04.963,2021-05-07 10:31:06.944,0.021,0,0,0.9963234,0.9963234,0.0036765363,1.4205073e-09,1.2328759e-09
511,84,lying,2021-05-07 10:31:05.963,2021-05-07 10:31:07.944,0.021,0,0,0.99647737,0.99647737,0.0035226217,1.3224355e-09,1.1851207e-09
511,84,lying,2021-05-07 10:31:06.963,2021-05-07 10:31:08.944,0.021,0,0,0.9965178,0.9965178,0.003482271,1.2783044e-09,1.1595264e-09
511,84,lying,2021-05-07 10:31:07.963,2021-05-07 10:31:09.944,0.021,0,0,0.99653715,0.99653715,0.0034629186,1.2732774e-09,1.1452007e-09
511,84,lying,2021-05-07 10:31:08.963,2021-05-07 10:31:10.944,0.021,0,0,0.9965172,0.9965172,0.0034828119,1.2949812e-09,1.1582924e-09
511,84,lying,2021-05-07 10:31:09.963,2021-05-07 10:31:11.944,0.021,0,0,0.99653226,0.99653226,0.0034678273,1.2831449e-09,1.1520634e-09
511,84,lying,2021-05-07 10:31:10.963,2021-05-07 10:31:12.944,0.021,0,0,0.99661964,0.99661964,0.003380258,1.2186052e-09,1.1352432e-09
511,84,lying,2021-05-07 10:31:11.963,2021-05-07 10:31:13.944,0.021,0,0,0.99657243,0.99657243,0.0034276606,1.2370499e-09,1.1383855e-09
511,84,lying,2021-05-07 10:31:12.963,2021-05-07 10:31:14.944,0.021,0,0,0.99651325,0.99651325,0.0034867062,1.2792253e-09,1.1545557e-09
511,84,lying,2021-05-07 10:31:13.963,2021-05-07 10:31:15.944,0.021,0,0,0.9965231,0.9965231,0.0034769087,1.2807125e-09,1.1576233e-09
511,84,lying,2021-05-07 10:31:14.963,2021-05-07 10:31:16.944,0.021,0,0,0.99657893,0.99657893,0.0034210486,1.2321295e-09,1.1189496e-09
511,84,lying,2021-05-07 10:31:15.963,2021-05-07 10:31:17.944,0.021,0,0,0.9966078,0.9966078,0.0033922151,1.2280287e-09,1.126967e-09
511,84,lying,2021-05-07 10:31:16.964,2021-05-07 10:31:18.944,0.021,0,0,0.9966364,0.9966364,0.0033636382,1.1941644e-09,1.1012851e-09
511,84,lying,2021-05-07 10:31:17.964,2021-05-07 10:31:19.944,0.021,0,0,0.9968246,0.9968246,0.0031754153,1.0809014e-09,1.0527554e-09
511,84,lying,2021-05-07 10:31:18.964,2021-05-07 10:31:20.944,0.021,0,0,0.99714696,0.99714696,0.0028529668,8.9124846e-10,9.594402e-10
511,84,lying,2021-05-07 10:31:19.964,2021-05-07 10:31:21.944,0.021,0,0,0.9972841,0.9972841,0.0027158777,8.22345e-10,9.224982e-10
511,84,lying,2021-05-07 10:31:20.964,2021-05-07 10:31:22.944,0.021,0,0,0.9972475,0.9972475,0.0027524552,8.4176727e-10,9.1977276e-10
511,84,lying,2021-05-07 10:31:21.964,2021-05-07 10:31:23.944,0.021,0,0,0.9970989,0.9970989,0.0029010468,9.0309116e-10,9.1663765e-10
511,84,lying,2021-05-07 10:31:22.964,2021-05-07 10:31:24.944,0.021,0,0,0.99686146,0.99686146,0.003138381,1.0243736e-09,9.833583e-10
511,84,lying,2021-05-07 10:31:23.964,2021-05-07 10:31:25.944,0.021,0,0,0.99679625,0.99679625,0.0032038204,1.0721095e-09,1.016698e-09
511,84,lying,2021-05-07 10:31:24.964,2021-05-07 10:31:26.944,0.021,0,0,0.99680084,0.99680084,0.0031990632,1.0751247e-09,1.0269974e-09
511,84,lying,2021-05-07 10:31:25.964,2021-05-07 10:31:27.944,0.021,0,0,0.9966358,0.9966358,0.003364143,1.1798843e-09,1.0769825e-09
511,84,lying,2021-05-07 10:31:26.964,2021-05-07 10:31:28.944,0.021,0,0,0.9965421,0.9965421,0.00345787,1.2678698e-09,1.1268539e-09
511,84,lying,2021-05-07 10:31:27.964,2021-05-07 10:31:29.944,0.021,0,0,0.9965776,0.9965776,0.0034222612,1.267886e-09,1.1528719e-09
511,84,lying,2021-05-07 10:31:28.964,2021-05-07 10:31:30.944,0.021,0,0,0.99658906,0.99658906,0.0034108965,1.2572756e-09,1.1434051e-09
511,84,lying,2021-05-07 10:31:29.964,2021-05-07 10:31:31.944,0.021,0,0,0.9965567,0.9965567,0.0034432919,1.2814203e-09,1.1542669e-09
511,85,sitting,2021-05-07 10:31:39.484,2021-05-07 10:31:41.464,0.021,1,2,0.7952672,0.0010346548,0.1865539,0.7952672,0.017144179
511,85,sitting,2021-05-07 10:31:40.484,2021-05-07 10:31:42.464,0.021,1,2,0.78763777,0.0010342186,0.19749951,0.78763777,0.013828542
511,86,walking,2021-05-07 10:31:44.644,2021-05-07 10:31:46.624,0.021,3,3,0.999893,1.3299934e-06,5.1848983e-05,5.3681433e-05,0.999893
511,86,walking,2021-05-07 10:31:45.644,2021-05-07 10:31:47.624,0.021,3,3,0.99994165,4.8565073e-07,2.6280222e-05,3.1527274e-05,0.99994165
511,86,walking,2021-05-07 10:31:46.644,2021-05-07 10:31:48.624,0.021,3,3,0.99991065,6.14325e-07,3.090541e-05,5.781627e-05,0.99991065
511,86,walking,2021-05-07 10:31:47.644,2021-05-07 10:31:49.624,0.021,3,3,0.9999955,2.178935e-08,2.0324676e-06,2.3040234e-06,0.9999955
511,86,walking,2021-05-07 10:31:48.644,2021-05-07 10:31:50.624,0.021,3,3,0.9999998,1.8883269e-10,5.067135e-08,2.962932e-08,0.9999998
511,86,walking,2021-05-07 10:31:49.644,2021-05-07 10:31:51.624,0.021,3,3,0.99999994,3.871801e-11,1.4314611e-08,7.3097515e-09,0.99999994
511,86,walking,2021-05-07 10:31:50.644,2021-05-07 10:31:52.624,0.021,3,3,0.99999994,4.6869596e-12,2.7293818e-09,1.259535e-09,0.99999994
511,86,walking,2021-05-07 10:31:51.644,2021-05-07 10:31:53.624,0.021,3,3,0.99999994,2.2186437e-11,9.566574e-09,4.9253615e-09,0.99999994
511,86,walking,2021-05-07 10:31:52.644,2021-05-07 10:31:54.624,0.021,3,3,0.9999991,2.6900386e-09,4.6275233e-07,3.7099107e-07,0.9999991
511,86,walking,2021-05-07 10:31:53.644,2021-05-07 10:31:55.624,0.021,3,3,0.99999934,1.88332e-09,3.5026193e-07,2.4537417e-07,0.99999934
511,86,walking,2021-05-07 10:31:54.644,2021-05-07 10:31:56.624,0.021,3,3,0.9999997,7.1525064e-10,1.6199623e-07,9.3413135e-08,0.9999997
511,86,walking,2021-05-07 10:31:55.644,2021-05-07 10:31:57.624,0.021,3,3,0.9999953,2.011372e-08,2.5395059e-06,2.1124056e-06,0.9999953
511,86,walking,2021-05-07 10:31:56.644,2021-05-07 10:31:58.624,0.021,3,3,0.9998929,6.4807574e-07,4.497201e-05,6.142017e-05,0.9998929
511,86,walking,2021-05-07 10:31:57.644,2021-05-07 10:31:59.624,0.021,3,3,0.9998811,5.8466554e-07,4.8188725e-05,7.01101e-05,0.9998811
511,86,walking,2021-05-07 10:31:58.644,2021-05-07 10:32:00.624,0.021,3,3,0.9999886,5.550722e-08,5.9774857e-06,5.2703454e-06,0.9999886
511,86,walking,2021-05-07 10:31:59.644,2021-05-07 10:32:01.624,0.021,3,3,0.9999773,1.1347775e-07,1.0805626e-05,1.1754613e-05,0.9999773
511,86,walking,2021-05-07 10:32:00.644,2021-05-07 10:32:02.624,0.021,3,3,0.9999971,1.0312443e-08,1.4757237e-06,1.4336403e-06,0.9999971
511,86,walking,2021-05-07 10:32:01.644,2021-05-07 10:32:03.624,0.021,3,3,0.9999972,9.96891e-09,1.3913301e-06,1.3907982e-06,0.9999972
511,86,walking,2021-05-07 10:32:02.644,2021-05-07 10:32:04.624,0.021,3,3,0.9999967,1.20948815e-08,1.6468817e-06,1.5175432e-06,0.9999967
511,86,walking,2021-05-07 10:32:03.644,2021-05-07 10:32:05.624,0.021,3,3,0.9999996,1.1582437e-09,2.3793216e-07,1.594789e-07,0.9999996
511,86,walking,2021-05-07 10:32:04.644,2021-05-07 10:32:06.624,0.021,3,3,0.9999998,2.9729544e-10,7.7708854e-08,4.2210022e-08,0.9999998
511,86,walking,2021-05-07 10:32:05.644,2021-05-07 10:32:07.624,0.021,3,3,0.9999985,4.449653e-09,8.0603166e-07,6.2188144e-07,0.9999985
511,86,walking,2021-05-07 10:32:06.644,2021-05-07 10:32:08.624,0.021,3,3,0.9999729,1.17701305e-07,1.2587759e-05,1.4379592e-05,0.9999729
511,86,walking,2021-05-07 10:32:07.644,2021-05-07 10:32:09.624,0.021,3,3,0.99992055,3.7952876e-07,3.38798e-05,4.5159137e-05,0.99992055
511,87,standing,2021-05-07 10:32:10.604,2021-05-07 10:32:12.583,0.021,2,2,0.44957986,0.0010223289,0.20932995,0.44957986,0.3400679
511,92,walking,2021-05-07 10:32:15.883,2021-05-07 10:32:17.864,0.021,3,3,0.99824774,8.850721e-06,0.0006356156,0.001107774,0.99824774
511,92,walking,2021-05-07 10:32:16.884,2021-05-07 10:32:18.864,0.021,3,3,0.99992627,2.8499986e-07,2.8619173e-05,4.4737808e-05,0.99992627
511,92,walking,2021-05-07 10:32:17.884,2021-05-07 10:32:19.864,0.021,3,3,0.99992555,3.0049932e-07,3.144536e-05,4.267268e-05,0.99992555
511,92,walking,2021-05-07 10:32:18.884,2021-05-07 10:32:20.864,0.021,3,3,0.999456,2.3803257e-06,0.00020527207,0.00033635378,0.999456
511,92,walking,2021-05-07 10:32:19.884,2021-05-07 10:32:21.864,0.021,3,3,0.9996757,1.359866e-06,0.00011889263,0.00020414591,0.9996757
511,92,walking,2021-05-07 10:32:20.884,2021-05-07 10:32:22.864,0.021,3,3,0.9903325,3.1828735e-05,0.0028949857,0.0067407787,0.9903325
511,92,walking,2021-05-07 10:32:21.884,2021-05-07 10:32:23.864,0.021,3,3,0.7630548,0.0004515376,0.059945155,0.17654848,0.7630548
511,92,walking,2021-05-07 10:32:22.884,2021-05-07 10:32:24.864,0.021,3,3,0.99151725,2.644347e-05,0.002740565,0.005715882,0.99151725
511,92,walking,2021-05-07 10:32:23.884,2021-05-07 10:32:25.864,0.021,3,3,0.9998758,5.018258e-07,5.0302326e-05,7.339089e-05,0.9998758
511,92,walking,2021-05-07 10:32:24.884,2021-05-07 10:32:26.864,0.021,3,3,0.99896735,5.393232e-06,0.0004151038,0.0006120598,0.99896735
511,94,walking,2021-05-07 10:32:28.323,2021-05-07 10:32:30.304,0.021,3,3,0.9999544,2.215475e-07,1.9949768e-05,2.53767e-05,0.9999544
511,94,walking,2021-05-07 10:32:29.323,2021-05-07 10:32:31.304,0.021,3,3,0.99999243,3.405771e-08,3.939018e-06,3.50409e-06,0.99999243
511,94,walking,2021-05-07 10:32:30.323,2021-05-07 10:32:32.304,0.021,3,3,0.99997264,1.3215136e-07,1.27469875e-05,1.4445729e-05,0.99997264
511,94,walking,2021-05-07 10:32:31.323,2021-05-07 10:32:33.304,0.021,3,3,0.99912906,4.1880608e-06,0.00033783162,0.0005289363,0.99912906
511,94,walking,2021-05-07 10:32:32.324,2021-05-07 10:32:34.304,0.021,3,3,0.9999717,1.325382e-07,1.2549602e-05,1.5528156e-05,0.9999717
511,94,walking,2021-05-07 10:32:33.324,2021-05-07 10:32:35.304,0.021,3,3,0.99999946,1.6179035e-09,2.9169212e-07,2.0248478e-07,0.99999946
511,94,walking,2021-05-07 10:32:34.324,2021-05-07 10:32:36.304,0.021,3,3,0.9999997,8.570493e-10,1.713111e-07,1.1922704e-07,0.9999997
511,94,walking,2021-05-07 10:32:35.324,2021-05-07 10:32:37.304,0.021,3,3,0.99999946,1.2420783e-09,2.4666838e-07,1.8091983e-07,0.99999946
511,94,walking,2021-05-07 10:32:36.324,2021-05-07 10:32:38.304,0.021,3,3,0.9999977,8.550594e-09,1.1987388e-06,1.0888369e-06,0.9999977
511,94,walking,2021-05-07 10:32:37.324,2021-05-07 10:32:39.304,0.021,3,3,0.999996,1.5899017e-08,1.991711e-06,1.9190811e-06,0.999996
511,94,walking,2021-05-07 10:32:38.324,2021-05-07 10:32:40.304,0.021,3,3,0.9999524,2.941043e-07,2.3861354e-05,2.3416153e-05,0.9999524
511,94,walking,2021-05-07 10:32:39.324,2021-05-07 10:32:41.304,0.021,3,3,0.9995358,2.9741157e-06,0.00022343115,0.00023786255,0.9995358
511,94,walking,2021-05-07 10:32:40.324,2021-05-07 10:32:42.304,0.021,3,3,0.9997177,9.626732e-07,0.00010229617,0.00017899087,0.9997177
511,94,walking,2021-05-07 10:32:41.324,2021-05-07 10:32:43.304,0.021,3,3,0.9993421,2.3814257e-06,0.00019112862,0.00046428977,0.9993421
511,94,walking,2021-05-07 10:32:42.324,2021-05-07 10:32:44.304,0.021,3,3,0.9982457,9.75852e-06,0.000585502,0.0011590724,0.9982457
511,95,standing,2021-05-07 10:32:45.243,2021-05-07 10:32:47.223,0.021,2,2,0.7694177,0.0011689672,0.18978672,0.7694177,0.039626677
511,95,standing,2021-05-07 10:32:46.243,2021-05-07 10:32:48.223,0.021,2,2,0.72930753,0.0011364635,0.18095891,0.72930753,0.088597156
511,103,standing,2021-05-07 10:33:46.004,2021-05-07 10:33:47.984,0.021,2,2,0.7854747,0.0011009256,0.15966825,0.7854747,0.05375605
511,107,standing,2021-05-07 10:33:51.683,2021-05-07 10:33:53.664,0.021,2,3,0.9108695,0.00026376895,0.026789073,0.06207761,0.9108695
511,107,standing,2021-05-07 10:33:52.683,2021-05-07 10:33:54.664,0.021,2,3,0.9042957,0.0002478681,0.022698391,0.07275796,0.9042957
511,107,standing,2021-05-07 10:33:53.683,2021-05-07 10:33:55.664,0.021,2,3,0.9445237,0.00018806107,0.011555584,0.043732766,0.9445237
511,107,standing,2021-05-07 10:33:54.683,2021-05-07 10:33:56.664,0.021,2,3,0.84159946,0.00039260119,0.028496008,0.12951192,0.84159946
511,107,standing,2021-05-07 10:33:55.683,2021-05-07 10:33:57.664,0.021,2,2,0.50460297,0.001069536,0.110816404,0.50460297,0.383511
511,107,standing,2021-05-07 10:33:56.683,2021-05-07 10:33:58.664,0.021,2,3,0.4442098,0.0010779464,0.11110445,0.4436078,0.4442098
511,107,standing,2021-05-07 10:33:57.683,2021-05-07 10:33:59.664,0.021,2,3,0.6155596,0.00082629855,0.08335959,0.30025452,0.6155596
511,109,standing,2021-05-07 10:34:00.364,2021-05-07 10:34:02.344,0.021,2,2,0.7239671,0.0012124403,0.1637032,0.7239671,0.11111731
511,109,standing,2021-05-07 10:34:01.364,2021-05-07 10:34:03.344,0.021,2,2,0.7604262,0.0010931371,0.17324568,0.7604262,0.065234885
511,109,standing,2021-05-07 10:34:02.364,2021-05-07 10:34:04.343,0.021,2,2,0.6687227,0.0012730776,0.14740306,0.6687227,0.18260111
511,109,standing,2021-05-07 10:34:03.364,2021-05-07 10:34:05.343,0.021,2,2,0.70647323,0.00140073,0.12122169,0.70647323,0.17090435
511,109,standing,2021-05-07 10:34:04.364,2021-05-07 10:34:06.343,0.021,2,2,0.8301537,0.0015009256,0.10164536,0.8301537,0.06670001
511,109,standing,2021-05-07 10:34:05.364,2021-05-07 10:34:07.343,0.021,2,2,0.87907314,0.0013879752,0.08895647,0.87907314,0.030582383
511,109,standing,2021-05-07 10:34:06.364,2021-05-07 10:34:08.343,0.021,2,2,0.88579124,0.001248562,0.10118924,0.88579124,0.011770985
511,109,standing,2021-05-07 10:34:07.364,2021-05-07 10:34:09.343,0.021,2,2,0.84363455,0.0015007833,0.10398129,0.84363455,0.0508833
511,109,standing,2021-05-07 10:34:08.364,2021-05-07 10:34:10.343,0.021,2,2,0.7111451,0.001514279,0.117513224,0.7111451,0.16982746
511,109,standing,2021-05-07 10:34:09.364,2021-05-07 10:34:11.343,0.021,2,3,0.7330981,0.00073950726,0.05062009,0.21554224,0.7330981
511,115,standing,2021-05-07 10:34:14.724,2021-05-07 10:34:16.704,0.021,2,2,0.7698861,0.0010592856,0.20350377,0.7698861,0.025550911
511,115,standing,2021-05-07 10:34:15.724,2021-05-07 10:34:17.704,0.021,2,2,0.75869817,0.0011249586,0.21020167,0.75869817,0.029975196
511,116,standing,2021-05-07 10:34:26.044,2021-05-07 10:34:28.024,0.021,2,2,0.77848554,0.0011047608,0.18985215,0.77848554,0.030557523
511,116,standing,2021-05-07 10:34:27.044,2021-05-07 10:34:29.024,0.021,2,2,0.76343304,0.001163178,0.19423658,0.76343304,0.04116723
511,116,standing,2021-05-07 10:34:28.044,2021-05-07 10:34:30.024,0.021,2,2,0.75184697,0.0011777892,0.20070295,0.75184697,0.046272296
511,116,standing,2021-05-07 10:34:29.044,2021-05-07 10:34:31.024,0.021,2,2,0.76372594,0.0010935399,0.21018991,0.76372594,0.02499056
511,116,standing,2021-05-07 10:34:30.044,2021-05-07 10:34:32.023,0.021,2,2,0.766367,0.0010240664,0.21900347,0.766367,0.013605513
511,116,standing,2021-05-07 10:34:31.044,2021-05-07 10:34:33.023,0.021,2,2,0.77296,0.00093925785,0.21116376,0.77296,0.014937026
511,116,standing,2021-05-07 10:34:32.043,2021-05-07 10:34:34.023,0.021,2,2,0.7782203,0.00092857174,0.20613973,0.7782203,0.014711404
511,116,standing,2021-05-07 10:34:33.043,2021-05-07 10:34:35.023,0.021,2,2,0.78413886,0.0009601218,0.20271222,0.78413886,0.012188829
511,116,standing,2021-05-07 10:34:34.043,2021-05-07 10:34:36.023,0.021,2,2,0.7765418,0.0010541371,0.19236676,0.7765418,0.030037377
511,119,walking,2021-05-07 10:34:39.844,2021-05-07 10:34:41.824,0.021,3,3,0.99984574,6.967976e-07,4.7562444e-05,0.000106086954,0.99984574
511,119,walking,2021-05-07 10:34:40.844,2021-05-07 10:34:42.824,0.021,3,3,0.99999744,6.612049e-09,9.756686e-07,1.472057e-06,0.99999744
511,119,walking,2021-05-07 10:34:41.844,2021-05-07 10:34:43.824,0.021,3,3,0.99999136,4.1864176e-08,3.9194874e-06,4.6458854e-06,0.99999136
511,119,walking,2021-05-07 10:34:42.844,2021-05-07 10:34:44.824,0.021,3,3,0.99930376,5.6697613e-06,0.00030923655,0.00038139088,0.99930376
511,120,standing,2021-05-07 10:34:45.484,2021-05-07 10:34:47.464,0.021,2,2,0.633921,0.0012822292,0.17594181,0.633921,0.18885496
511,120,standing,2021-05-07 10:34:46.484,2021-05-07 10:34:48.464,0.021,2,2,0.63353044,0.001342765,0.14094082,0.63353044,0.22418596
511,124,standing,2021-05-07 10:34:52.444,2021-05-07 10:34:54.423,0.021,2,2,0.78472877,0.0011928916,0.16057096,0.78472877,0.053507473
511,124,standing,2021-05-07 10:34:53.444,2021-05-07 10:34:55.423,0.021,2,2,0.8041672,0.0009958965,0.17849138,0.8041672,0.016345479
511,124,standing,2021-05-07 10:34:54.444,2021-05-07 10:34:56.423,0.021,2,2,0.8045847,0.0009153856,0.18477088,0.8045847,0.009729066
511,124,standing,2021-05-07 10:34:55.444,2021-05-07 10:34:57.423,0.021,2,2,0.7975172,0.0009447706,0.1883663,0.7975172,0.013171789
511,125,walking,2021-05-07 10:34:57.683,2021-05-07 10:34:59.664,0.021,3,3,0.99999076,4.3116017e-08,4.181316e-06,4.904606e-06,0.99999076
511,125,walking,2021-05-07 10:34:58.683,2021-05-07 10:35:00.664,0.021,3,3,0.9999998,2.419181e-10,5.202399e-08,2.4909875e-08,0.9999998
511,125,walking,2021-05-07 10:34:59.683,2021-05-07 10:35:01.664,0.021,3,3,0.99999994,2.6222963e-11,8.928141e-09,3.5096395e-09,0.99999994
511,125,walking,2021-05-07 10:35:00.684,2021-05-07 10:35:02.664,0.021,3,3,0.99999994,3.755116e-13,2.9360778e-10,8.6824235e-11,0.99999994
511,125,walking,2021-05-07 10:35:01.684,2021-05-07 10:35:03.664,0.021,3,3,0.99999994,1.4254913e-12,9.001216e-10,3.2374323e-10,0.99999994
511,125,walking,2021-05-07 10:35:02.684,2021-05-07 10:35:04.664,0.021,3,3,0.999999,3.72214e-09,5.383996e-07,3.9999892e-07,0.999999
511,125,walking,2021-05-07 10:35:03.684,2021-05-07 10:35:05.664,0.021,3,3,0.99999946,1.4432152e-09,2.7045687e-07,2.2320215e-07,0.99999946
511,125,walking,2021-05-07 10:35:04.684,2021-05-07 10:35:06.664,0.021,3,3,0.9999996,8.232531e-10,1.7237336e-07,1.332538e-07,0.9999996
511,125,walking,2021-05-07 10:35:05.684,2021-05-07 10:35:07.664,0.021,3,3,0.9999997,6.028555e-10,1.2891935e-07,8.3236756e-08,0.9999997
511,125,walking,2021-05-07 10:35:06.684,2021-05-07 10:35:08.663,0.021,3,3,0.99999994,1.0672146e-11,4.9493756e-09,2.483027e-09,0.99999994
511,125,walking,2021-05-07 10:35:07.684,2021-05-07 10:35:09.663,0.021,3,3,0.99999994,3.2249994e-11,1.1012361e-08,5.531958e-09,0.99999994
511,125,walking,2021-05-07 10:35:08.684,2021-05-07 10:35:10.663,0.021,3,3,0.99999994,1.5048774e-13,1.4145425e-10,3.7131343e-11,0.99999994
511,125,walking,2021-05-07 10:35:09.684,2021-05-07 10:35:11.663,0.021,3,3,0.99999994,2.139972e-13,1.9301416e-10,5.428619e-11,0.99999994
511,125,walking,2021-05-07 10:35:10.684,2021-05-07 10:35:12.663,0.021,3,3,0.9999996,1.5948268e-09,2.5792144e-07,1.5281559e-07,0.9999996
511,125,walking,2021-05-07 10:35:11.684,2021-05-07 10:35:13.663,0.021,3,3,0.99999946,2.0319046e-09,3.1551323e-07,2.0285104e-07,0.99999946
511,125,walking,2021-05-07 10:35:12.684,2021-05-07 10:35:14.663,0.021,3,3,0.9999979,9.643775e-09,1.1105382e-06,8.567476e-07,0.9999979
511,125,walking,2021-05-07 10:35:13.684,2021-05-07 10:35:15.663,0.021,3,3,0.9999967,1.4380681e-08,1.7339252e-06,1.5212222e-06,0.9999967
511,125,walking,2021-05-07 10:35:14.684,2021-05-07 10:35:16.663,0.021,3,3,0.9999971,1.282609e-08,1.5097746e-06,1.3606236e-06,0.9999971
511,125,walking,2021-05-07 10:35:15.684,2021-05-07 10:35:17.663,0.021,3,3,0.9999966,1.5280557e-08,1.6682104e-06,1.6815526e-06,0.9999966
511,125,walking,2021-05-07 10:35:16.684,2021-05-07 10:35:18.663,0.021,3,3,0.99999493,2.296287e-08,2.5366294e-06,2.4925107e-06,0.99999493
511,125,walking,2021-05-07 10:35:17.684,2021-05-07 10:35:19.663,0.021,3,3,0.9999997,8.547002e-10,1.7452072e-07,1.1866927e-07,0.9999997
511,125,walking,2021-05-07 10:35:18.684,2021-05-07 10:35:20.663,0.021,3,3,0.9999998,3.3003525e-10,7.6084994e-08,3.6659486e-08,0.9999998
511,125,walking,2021-05-07 10:35:19.684,2021-05-07 10:35:21.663,0.021,3,3,0.9999998,1.8773628e-10,4.3855913e-08,2.1816684e-08,0.9999998
511,125,walking,2021-05-07 10:35:20.684,2021-05-07 10:35:22.663,0.021,3,3,0.99999994,2.8257898e-11,9.919641e-09,5.936023e-09,0.99999994
511,125,walking,2021-05-07 10:35:21.684,2021-05-07 10:35:23.663,0.021,3,3,0.99999994,2.1876907e-11,8.413601e-09,4.794008e-09,0.99999994
511,125,walking,2021-05-07 10:35:22.684,2021-05-07 10:35:24.663,0.021,3,3,0.99999994,2.1858513e-11,9.388091e-09,5.7711955e-09,0.99999994
511,125,walking,2021-05-07 10:35:23.684,2021-05-07 10:35:25.663,0.021,3,3,0.99999815,6.2090213e-09,8.6084526e-07,9.220332e-07,0.99999815
511,125,walking,2021-05-07 10:35:24.684,2021-05-07 10:35:26.663,0.021,3,3,0.9999978,9.252383e-09,1.1932652e-06,9.582808e-07,0.9999978
511,125,walking,2021-05-07 10:35:25.684,2021-05-07 10:35:27.663,0.021,3,3,0.9999998,4.917755e-10,1.1702329e-07,5.3179644e-08,0.9999998
511,126,standing,2021-05-07 10:35:28.644,2021-05-07 10:35:30.624,0.021,2,2,0.82173073,0.0010320365,0.16546576,0.82173073,0.01177154
511,129,walking,2021-05-07 10:35:32.723,2021-05-07 10:35:34.703,0.021,3,3,0.9999594,1.8151158e-07,1.363597e-05,2.6760541e-05,0.9999594
511,129,walking,2021-05-07 10:35:33.723,2021-05-07 10:35:35.703,0.021,3,3,0.99999624,1.4194928e-08,1.6454021e-06,1.9944105e-06,0.99999624
511,129,walking,2021-05-07 10:35:34.723,2021-05-07 10:35:36.703,0.021,3,3,0.9999998,3.1355413e-10,7.04454e-08,4.6246743e-08,0.9999998
511,129,walking,2021-05-07 10:35:35.723,2021-05-07 10:35:37.703,0.021,3,3,0.99999994,7.6002066e-11,2.204558e-08,1.160042e-08,0.99999994
511,129,walking,2021-05-07 10:35:36.723,2021-05-07 10:35:38.703,0.021,3,3,0.9999998,2.807161e-10,6.191639e-08,4.3128498e-08,0.9999998
511,129,walking,2021-05-07 10:35:37.723,2021-05-07 10:35:39.703,0.021,3,3,0.99999994,2.7522344e-11,9.178404e-09,4.77816e-09,0.99999994
511,129,walking,2021-05-07 10:35:38.723,2021-05-07 10:35:40.703,0.021,3,3,0.99999994,4.9906062e-11,1.5307707e-08,7.660671e-09,0.99999994
511,129,walking,2021-05-07 10:35:39.723,2021-05-07 10:35:41.703,0.021,3,3,0.99999994,5.6619834e-11,1.7375045e-08,7.749479e-09,0.99999994
511,129,walking,2021-05-07 10:35:40.723,2021-05-07 10:35:42.703,0.021,3,3,0.99999994,7.4614045e-13,5.420107e-10,1.6290883e-10,0.99999994
511,129,walking,2021-05-07 10:35:41.723,2021-05-07 10:35:43.703,0.021,3,3,0.99999994,1.9155164e-13,1.86788e-10,6.073563e-11,0.99999994
511,129,walking,2021-05-07 10:35:42.723,2021-05-07 10:35:44.703,0.021,3,3,0.99999994,8.6257035e-12,4.2539603e-09,2.091002e-09,0.99999994
511,129,walking,2021-05-07 10:35:43.723,2021-05-07 10:35:45.703,0.021,3,3,0.9999998,1.5185235e-10,4.1861416e-08,2.5416929e-08,0.9999998
511,129,walking,2021-05-07 10:35:44.723,2021-05-07 10:35:46.703,0.021,3,3,0.99999994,5.631686e-11,1.8758902e-08,1.0435785e-08,0.99999994
511,129,walking,2021-05-07 10:35:45.723,2021-05-07 10:35:47.703,0.021,3,3,0.99999994,7.6850595e-11,2.5797107e-08,1.6590613e-08,0.99999994
511,129,walking,2021-05-07 10:35:46.723,2021-05-07 10:35:48.703,0.021,3,3,0.99999994,1.1030871e-10,3.4008437e-08,2.1108143e-08,0.99999994
511,129,walking,2021-05-07 10:35:47.723,2021-05-07 10:35:49.703,0.021,3,3,0.9999998,1.9207802e-10,5.1139633e-08,3.3253084e-08,0.9999998
511,129,walking,2021-05-07 10:35:48.723,2021-05-07 10:35:50.703,0.021,3,3,0.99999946,1.6005862e-09,2.8267837e-07,2.3813621e-07,0.99999946
511,129,walking,2021-05-07 10:35:49.723,2021-05-07 10:35:51.703,0.021,3,3,0.9999998,4.2511428e-10,9.043713e-08,6.147921e-08,0.9999998
511,129,walking,2021-05-07 10:35:50.723,2021-05-07 10:35:52.703,0.021,3,3,0.9999991,3.606301e-09,4.7294256e-07,3.055781e-07,0.9999991
511,129,walking,2021-05-07 10:35:51.723,2021-05-07 10:35:53.703,0.021,3,3,0.999996,2.4821091e-08,2.2732022e-06,1.6478546e-06,0.999996
511,129,walking,2021-05-07 10:35:52.723,2021-05-07 10:35:54.703,0.021,3,3,0.99999505,3.1824232e-08,2.816805e-06,2.0605335e-06,0.99999505
511,129,walking,2021-05-07 10:35:53.723,2021-05-07 10:35:55.703,0.021,3,3,0.99999946,1.8634747e-09,2.831986e-07,1.6959578e-07,0.99999946
511,129,walking,2021-05-07 10:35:54.723,2021-05-07 10:35:56.703,0.021,3,3,0.9999996,9.522928e-10,1.7224748e-07,1.3562837e-07,0.9999996
511,129,walking,2021-05-07 10:35:55.723,2021-05-07 10:35:57.703,0.021,3,3,0.99999994,1.5965482e-11,6.845756e-09,3.929658e-09,0.99999994
511,129,walking,2021-05-07 10:35:56.723,2021-05-07 10:35:58.703,0.021,3,3,0.99999994,1.156955e-12,8.4921936e-10,3.1129035e-10,0.99999994
511,129,walking,2021-05-07 10:35:57.723,2021-05-07 10:35:59.703,0.021,3,3,0.99999994,8.227915e-11,2.7072083e-08,1.5755175e-08,0.99999994
511,129,walking,2021-05-07 10:35:58.723,2021-05-07 10:36:00.704,0.021,3,3,0.99999994,4.9574577e-11,1.756752e-08,1.0850526e-08,0.99999994
511,129,walking,2021-05-07 10:35:59.723,2021-05-07 10:36:01.704,0.021,3,3,0.99999994,2.415579e-11,9.0003445e-09,4.596339e-09,0.99999994
511,129,walking,2021-05-07 10:36:00.724,2021-05-07 10:36:02.704,0.021,3,3,0.99999994,3.8715794e-11,1.363991e-08,7.287617e-09,0.99999994
511,129,walking,2021-05-07 10:36:01.724,2021-05-07 10:36:03.704,0.021,3,3,0.9999997,7.18398e-10,1.3813799e-07,9.641498e-08,0.9999997
511,129,walking,2021-05-07 10:36:02.724,2021-05-07 10:36:04.704,0.021,3,3,0.9999998,4.0471176e-10,9.057783e-08,5.241502e-08,0.9999998
511,129,walking,2021-05-07 10:36:03.724,2021-05-07 10:36:05.704,0.021,3,3,0.99999946,1.3504998e-09,2.5005014e-07,1.6654501e-07,0.99999946
511,129,walking,2021-05-07 10:36:04.724,2021-05-07 10:36:06.704,0.021,3,3,0.99999934,2.4275149e-09,3.7705016e-07,2.5416568e-07,0.99999934
511,129,walking,2021-05-07 10:36:05.724,2021-05-07 10:36:07.704,0.021,3,3,0.9999998,4.979759e-10,1.00675955e-07,6.015616e-08,0.9999998
511,129,walking,2021-05-07 10:36:06.724,2021-05-07 10:36:08.704,0.021,3,3,0.99999994,1.7942876e-11,6.7029835e-09,3.3115912e-09,0.99999994
511,129,walking,2021-05-07 10:36:07.724,2021-05-07 10:36:09.704,0.021,3,3,0.9999998,2.720451e-10,6.4370084e-08,3.8899863e-08,0.9999998
511,129,walking,2021-05-07 10:36:08.724,2021-05-07 10:36:10.704,0.021,3,3,0.9999961,1.8905347e-08,2.1314436e-06,1.7001568e-06,0.9999961
511,129,walking,2021-05-07 10:36:09.724,2021-05-07 10:36:11.704,0.021,3,3,0.9999997,9.503369e-10,1.772337e-07,1.1220935e-07,0.9999997
511,129,walking,2021-05-07 10:36:10.724,2021-05-07 10:36:12.704,0.021,3,3,0.9999997,7.7594425e-10,1.4576094e-07,1.0127105e-07,0.9999997
511,129,walking,2021-05-07 10:36:11.724,2021-05-07 10:36:13.704,0.021,3,3,0.9999998,2.6463146e-10,6.270805e-08,3.7604934e-08,0.9999998
511,129,walking,2021-05-07 10:36:12.724,2021-05-07 10:36:14.704,0.021,3,3,0.9999998,3.7801867e-10,8.323121e-08,4.2602384e-08,0.9999998
511,129,walking,2021-05-07 10:36:13.724,2021-05-07 10:36:15.704,0.021,3,3,0.9999996,1.0524066e-09,1.909539e-07,1.0641837e-07,0.9999996
511,129,walking,2021-05-07 10:36:14.724,2021-05-07 10:36:16.704,0.021,3,3,0.9999997,9.1164937e-10,1.5961768e-07,9.133055e-08,0.9999997
511,129,walking,2021-05-07 10:36:15.724,2021-05-07 10:36:17.704,0.021,3,3,0.9999997,7.4413464e-10,1.3967677e-07,1.0309801e-07,0.9999997
511,129,walking,2021-05-07 10:36:16.723,2021-05-07 10:36:18.704,0.021,3,3,0.9999991,2.7929807e-09,4.1212445e-07,3.9470896e-07,0.9999991
511,129,walking,2021-05-07 10:36:17.723,2021-05-07 10:36:19.704,0.021,3,3,0.9999997,7.6939494e-10,1.3617311e-07,1.059467e-07,0.9999997
511,129,walking,2021-05-07 10:36:18.723,2021-05-07 10:36:20.704,0.021,3,3,0.9999996,1.0393544e-09,1.7237451e-07,1.8235866e-07,0.9999996
511,129,walking,2021-05-07 10:36:19.723,2021-05-07 10:36:21.704,0.021,3,3,0.99999803,9.053927e-09,9.674368e-07,9.739465e-07,0.99999803
511,129,walking,2021-05-07 10:36:20.723,2021-05-07 10:36:22.704,0.021,3,3,0.9999997,9.2170443e-10,1.5544904e-07,9.065957e-08,0.9999997
511,129,walking,2021-05-07 10:36:21.723,2021-05-07 10:36:23.704,0.021,3,3,0.99999934,2.0942859e-09,3.2788162e-07,2.4879844e-07,0.99999934
511,129,walking,2021-05-07 10:36:22.723,2021-05-07 10:36:24.704,0.021,3,3,0.9999996,9.353551e-10,1.9004335e-07,1.3980869e-07,0.9999996
511,129,walking,2021-05-07 10:36:23.723,2021-05-07 10:36:25.704,0.021,3,3,0.9999997,6.2647487e-10,1.369177e-07,8.508235e-08,0.9999997
511,129,walking,2021-05-07 10:36:24.723,2021-05-07 10:36:26.704,0.021,3,3,0.99999934,2.2783393e-09,3.5423798e-07,2.5419186e-07,0.99999934
511,129,walking,2021-05-07 10:36:25.723,2021-05-07 10:36:27.704,0.021,3,3,0.9999996,1.6972117e-09,2.5090867e-07,1.5996389e-07,0.9999996
511,129,walking,2021-05-07 10:36:26.723,2021-05-07 10:36:28.704,0.021,3,3,0.9999996,1.5336832e-09,2.2373132e-07,1.2220792e-07,0.9999996
511,129,walking,2021-05-07 10:36:27.723,2021-05-07 10:36:29.704,0.021,3,3,0.9999997,8.1743884e-10,1.3749528e-07,7.134148e-08,0.9999997
511,129,walking,2021-05-07 10:36:28.723,2021-05-07 10:36:30.704,0.021,3,3,0.9999998,3.012816e-10,6.3600254e-08,3.1732615e-08,0.9999998
511,129,walking,2021-05-07 10:36:29.723,2021-05-07 10:36:31.704,0.021,3,3,0.9999998,3.8754525e-10,8.694717e-08,6.1227496e-08,0.9999998
511,129,walking,2021-05-07 10:36:30.723,2021-05-07 10:36:32.703,0.021,3,3,0.9999983,7.811871e-09,9.1916064e-07,7.46113e-07,0.9999983
511,129,walking,2021-05-07 10:36:31.723,2021-05-07 10:36:33.703,0.021,3,3,0.99999934,2.707417e-09,3.8072747e-07,2.623711e-07,0.99999934
511,129,walking,2021-05-07 10:36:32.723,2021-05-07 10:36:34.703,0.021,3,3,0.99999934,2.694805e-09,3.6888426e-07,2.7936878e-07,0.99999934
511,129,walking,2021-05-07 10:36:33.723,2021-05-07 10:36:35.703,0.021,3,3,0.9999996,1.364768e-09,2.0894285e-07,1.4233645e-07,0.9999996
511,129,walking,2021-05-07 10:36:34.723,2021-05-07 10:36:36.703,0.021,3,3,0.99999994,3.167361e-11,1.0076352e-08,4.5889808e-09,0.99999994
511,129,walking,2021-05-07 10:36:35.723,2021-05-07 10:36:37.703,0.021,3,3,0.99999994,3.818935e-11,1.264774e-08,6.0550174e-09,0.99999994
511,129,walking,2021-05-07 10:36:36.723,2021-05-07 10:36:38.703,0.021,3,3,0.99999994,5.016115e-11,1.7125746e-08,9.091548e-09,0.99999994
511,129,walking,2021-05-07 10:36:37.723,2021-05-07 10:36:39.703,0.021,3,3,0.99999994,2.1248238e-11,8.757075e-09,3.984497e-09,0.99999994
511,129,walking,2021-05-07 10:36:38.723,2021-05-07 10:36:40.703,0.021,3,3,0.99999994,4.9226515e-11,1.7206029e-08,8.492587e-09,0.99999994
511,129,walking,2021-05-07 10:36:39.723,2021-05-07 10:36:41.703,0.021,3,3,0.9999997,8.148548e-10,1.6499372e-07,1.12973645e-07,0.9999997
511,129,walking,2021-05-07 10:36:40.723,2021-05-07 10:36:42.703,0.021,3,3,0.9999992,2.6054312e-09,4.2737074e-07,3.0839072e-07,0.9999992
511,129,walking,2021-05-07 10:36:41.723,2021-05-07 10:36:43.703,0.021,3,3,0.99999815,8.262302e-09,9.972609e-07,7.624019e-07,0.99999815
511,129,walking,2021-05-07 10:36:42.723,2021-05-07 10:36:44.703,0.021,3,3,0.99999994,1.2118692e-10,3.304999e-08,1.869846e-08,0.99999994
511,129,walking,2021-05-07 10:36:43.723,2021-05-07 10:36:45.703,0.021,3,3,0.99999994,5.263623e-12,2.6919553e-09,1.207622e-09,0.99999994
511,129,walking,2021-05-07 10:36:44.723,2021-05-07 10:36:46.703,0.021,3,3,0.99999994,3.9577797e-14,5.7038447e-11,1.6202928e-11,0.99999994
511,129,walking,2021-05-07 10:36:45.723,2021-05-07 10:36:47.703,0.021,3,3,0.99999994,1.0899673e-14,1.9289481e-11,4.659017e-12,0.99999994
511,129,walking,2021-05-07 10:36:46.723,2021-05-07 10:36:48.703,0.021,3,3,0.99999994,8.92276e-13,6.6665784e-10,2.59567e-10,0.99999994
511,129,walking,2021-05-07 10:36:47.723,2021-05-07 10:36:49.703,0.021,3,3,0.99999994,2.7230703e-12,1.7495185e-09,8.1087814e-10,0.99999994
511,129,walking,2021-05-07 10:36:48.723,2021-05-07 10:36:50.703,0.021,3,3,0.99999994,3.5609935e-13,3.3686576e-10,1.3900459e-10,0.99999994
511,129,walking,2021-05-07 10:36:49.723,2021-05-07 10:36:51.703,0.021,3,3,0.99999994,4.049784e-13,3.722866e-10,1.8833955e-10,0.99999994
511,129,walking,2021-05-07 10:36:50.723,2021-05-07 10:36:52.703,0.021,3,3,0.99999994,9.668969e-13,7.130333e-10,3.372264e-10,0.99999994
511,129,walking,2021-05-07 10:36:51.723,2021-05-07 10:36:53.703,0.021,3,3,0.99999994,7.033518e-12,3.5896761e-09,1.9462347e-09,0.99999994
511,129,walking,2021-05-07 10:36:52.723,2021-05-07 10:36:54.703,0.021,3,3,0.99999994,5.931263e-11,2.15037e-08,2.6331813e-08,0.99999994
511,129,walking,2021-05-07 10:36:53.723,2021-05-07 10:36:55.703,0.021,3,3,0.9999929,1.6966348e-08,2.2251518e-06,4.7517415e-06,0.9999929
511,129,walking,2021-05-07 10:36:54.723,2021-05-07 10:36:56.703,0.021,3,3,0.9999966,1.69283e-08,1.5997997e-06,1.7359567e-06,0.9999966
511,129,walking,2021-05-07 10:36:55.723,2021-05-07 10:36:57.703,0.021,3,3,0.99999684,1.3818034e-08,1.3916095e-06,1.6615106e-06,0.99999684
511,133,walking,2021-05-07 10:37:00.084,2021-05-07 10:37:02.063,0.021,3,3,0.99999696,1.1712706e-08,1.316703e-06,1.6508211e-06,0.99999696
511,133,walking,2021-05-07 10:37:01.084,2021-05-07 10:37:03.063,0.021,3,3,0.99999684,1.5682662e-08,1.6928708e-06,1.3557802e-06,0.99999684
511,133,walking,2021-05-07 10:37:02.084,2021-05-07 10:37:04.064,0.021,3,3,0.9999997,8.5909346e-10,1.7369764e-07,9.997654e-08,0.9999997
511,133,walking,2021-05-07 10:37:03.084,2021-05-07 10:37:05.064,0.021,3,3,0.9999992,2.621942e-09,4.024713e-07,2.7522037e-07,0.9999992
511,133,walking,2021-05-07 10:37:04.084,2021-05-07 10:37:06.064,0.021,3,3,0.9999946,2.6001779e-08,2.813987e-06,2.541527e-06,0.9999946
511,133,walking,2021-05-07 10:37:05.084,2021-05-07 10:37:07.064,0.021,3,3,0.99999243,4.1870212e-08,4.2205893e-06,3.2597175e-06,0.99999243
511,133,walking,2021-05-07 10:37:06.084,2021-05-07 10:37:08.064,0.021,3,3,0.99999946,1.4024453e-09,2.6732812e-07,1.8169602e-07,0.99999946
511,133,walking,2021-05-07 10:37:07.084,2021-05-07 10:37:09.064,0.021,3,3,0.9999996,1.2122232e-09,2.2524922e-07,1.4641978e-07,0.9999996
511,133,walking,2021-05-07 10:37:08.083,2021-05-07 10:37:10.064,0.021,3,3,0.9999984,7.3406876e-09,9.25065e-07,6.452553e-07,0.9999984
511,133,walking,2021-05-07 10:37:09.083,2021-05-07 10:37:11.064,0.021,3,3,0.9999935,3.600386e-08,3.4167217e-06,2.9867103e-06,0.9999935
511,133,walking,2021-05-07 10:37:10.083,2021-05-07 10:37:12.064,0.021,3,3,0.9999984,6.6467774e-09,8.6686435e-07,7.067939e-07,0.9999984
511,133,walking,2021-05-07 10:37:11.083,2021-05-07 10:37:13.064,0.021,3,3,0.99999994,5.2425946e-11,1.6608153e-08,9.658024e-09,0.99999994
511,133,walking,2021-05-07 10:37:12.083,2021-05-07 10:37:14.064,0.021,3,3,0.9999998,1.6256552e-10,4.3856915e-08,2.8657913e-08,0.9999998
511,133,walking,2021-05-07 10:37:13.083,2021-05-07 10:37:15.064,0.021,3,3,0.99999946,1.703318e-09,3.00783e-07,2.1943032e-07,0.99999946
511,133,walking,2021-05-07 10:37:14.083,2021-05-07 10:37:16.063,0.021,3,3,0.9999867,7.783897e-08,6.6372722e-06,6.574037e-06,0.9999867
511,133,walking,2021-05-07 10:37:15.083,2021-05-07 10:37:17.063,0.021,3,3,0.99994725,3.5109178e-07,2.3164801e-05,2.9231183e-05,0.99994725
511,134,standing,2021-05-07 10:37:17.323,2021-05-07 10:37:19.304,0.021,2,2,0.7782478,0.0011226664,0.19820973,0.7782478,0.022419777
511,134,standing,2021-05-07 10:37:18.323,2021-05-07 10:37:20.304,0.021,2,2,0.76702064,0.0009914069,0.21651348,0.76702064,0.015474429
511,134,standing,2021-05-07 10:37:19.323,2021-05-07 10:37:21.304,0.021,2,2,0.76705754,0.0009335444,0.21834473,0.76705754,0.013664091
511,134,standing,2021-05-07 10:37:20.323,2021-05-07 10:37:22.304,0.021,2,2,0.7775355,0.0009523961,0.20763502,0.7775355,0.013877091
511,134,standing,2021-05-07 10:37:21.323,2021-05-07 10:37:23.304,0.021,2,2,0.7764506,0.00095868326,0.20938161,0.7764506,0.0132091595
511,134,standing,2021-05-07 10:37:22.323,2021-05-07 10:37:24.304,0.021,2,2,0.7344419,0.0011624105,0.20517716,0.7344419,0.05921852
511,135,walking,2021-05-07 10:37:24.323,2021-05-07 10:37:26.304,0.021,3,3,0.999965,2.3656597e-07,1.7510267e-05,1.7194136e-05,0.999965
511,135,walking,2021-05-07 10:37:25.323,2021-05-07 10:37:27.304,0.021,3,3,0.9999905,5.773412e-08,4.838735e-06,4.481116e-06,0.9999905
511,135,walking,2021-05-07 10:37:26.323,2021-05-07 10:37:28.304,0.021,3,3,0.99999946,1.7159342e-09,3.0800575e-07,2.2459197e-07,0.99999946
511,135,walking,2021-05-07 10:37:27.323,2021-05-07 10:37:29.304,0.021,3,3,0.9999998,5.129129e-10,1.1306054e-07,6.474503e-08,0.9999998
511,135,walking,2021-05-07 10:37:28.323,2021-05-07 10:37:30.304,0.021,3,3,0.9999978,1.0446457e-08,1.2355873e-06,9.148715e-07,0.9999978
511,135,walking,2021-05-07 10:37:29.323,2021-05-07 10:37:31.304,0.021,3,3,0.99999493,2.989849e-08,2.842896e-06,2.1913354e-06,0.99999493
511,135,walking,2021-05-07 10:37:30.323,2021-05-07 10:37:32.304,0.021,3,3,0.99999624,2.0508883e-08,2.1446892e-06,1.5886019e-06,0.99999624
511,135,walking,2021-05-07 10:37:31.323,2021-05-07 10:37:33.304,0.021,3,3,0.9999829,1.211594e-07,9.05061e-06,7.904448e-06,0.9999829
511,135,walking,2021-05-07 10:37:32.324,2021-05-07 10:37:34.304,0.021,3,3,0.99999017,4.2639204e-08,4.580321e-06,5.1558127e-06,0.99999017
511,135,walking,2021-05-07 10:37:33.324,2021-05-07 10:37:35.304,0.021,3,3,0.99999815,7.204253e-09,9.691971e-07,7.688624e-07,0.99999815
511,135,walking,2021-05-07 10:37:34.324,2021-05-07 10:37:36.304,0.021,3,3,0.9999965,1.602574e-08,1.8245994e-06,1.6284772e-06,0.9999965
511,135,walking,2021-05-07 10:37:35.324,2021-05-07 10:37:37.304,0.021,3,3,0.9999967,1.575756e-08,1.7320609e-06,1.4831571e-06,0.9999967
511,135,walking,2021-05-07 10:37:36.324,2021-05-07 10:37:38.304,0.021,3,3,0.99999803,7.9595495e-09,1.0068131e-06,9.012808e-07,0.99999803
511,135,walking,2021-05-07 10:37:37.324,2021-05-07 10:37:39.304,0.021,3,3,0.99999875,4.928795e-09,6.553693e-07,5.43298e-07,0.99999875
511,135,walking,2021-05-07 10:37:38.324,2021-05-07 10:37:40.304,0.021,3,3,0.99999875,5.158795e-09,6.9048053e-07,5.045072e-07,0.99999875
511,135,walking,2021-05-07 10:37:39.324,2021-05-07 10:37:41.304,0.021,3,3,0.99998397,9.4186326e-08,8.06331e-06,7.863817e-06,0.99998397
511,135,walking,2021-05-07 10:37:40.324,2021-05-07 10:37:42.304,0.021,3,3,0.9999973,1.31943985e-08,1.5083646e-06,1.0738497e-06,0.9999973
511,135,walking,2021-05-07 10:37:41.324,2021-05-07 10:37:43.304,0.021,3,3,0.99999934,2.3370086e-09,3.7079204e-07,2.652247e-07,0.99999934
511,135,walking,2021-05-07 10:37:42.324,2021-05-07 10:37:44.304,0.021,3,3,0.9999998,4.2456488e-10,9.471242e-08,6.4336454e-08,0.9999998
511,135,walking,2021-05-07 10:37:43.324,2021-05-07 10:37:45.304,0.021,3,3,0.9999998,1.7806376e-10,4.8552867e-08,2.6332662e-08,0.9999998
511,135,walking,2021-05-07 10:37:44.324,2021-05-07 10:37:46.304,0.021,3,3,0.99999577,1.9068631e-08,2.1932335e-06,1.9442632e-06,0.99999577
511,135,walking,2021-05-07 10:37:45.324,2021-05-07 10:37:47.304,0.021,3,3,0.999993,2.8285193e-08,3.3867184e-06,3.473383e-06,0.999993
511,135,walking,2021-05-07 10:37:46.324,2021-05-07 10:37:48.304,0.021,3,3,0.9999998,3.1542982e-10,8.075651e-08,5.716203e-08,0.9999998
511,135,walking,2021-05-07 10:37:47.324,2021-05-07 10:37:49.304,0.021,3,3,0.99999994,1.5395143e-11,7.1716095e-09,4.8190354e-09,0.99999994
511,135,walking,2021-05-07 10:37:48.324,2021-05-07 10:37:50.304,0.021,3,3,0.99999946,1.5172209e-09,2.8498974e-07,2.465896e-07,0.99999946
511,135,walking,2021-05-07 10:37:49.324,2021-05-07 10:37:51.304,0.021,3,3,0.9999979,8.115036e-09,1.0546611e-06,9.3960983e-07,0.9999979
511,135,walking,2021-05-07 10:37:50.324,2021-05-07 10:37:52.304,0.021,3,3,0.9999942,2.925125e-08,2.9870598e-06,2.7345866e-06,0.9999942
511,135,walking,2021-05-07 10:37:51.324,2021-05-07 10:37:53.304,0.021,3,3,0.99997383,1.4478695e-07,1.2529862e-05,1.3449772e-05,0.99997383
511,135,walking,2021-05-07 10:37:52.324,2021-05-07 10:37:54.304,0.021,3,3,0.9999992,2.6657574e-09,4.4007237e-07,3.0347786e-07,0.9999992
511,135,walking,2021-05-07 10:37:53.324,2021-05-07 10:37:55.304,0.021,3,3,0.99999994,2.1778902e-11,8.364207e-09,3.5039742e-09,0.99999994
511,135,walking,2021-05-07 10:37:54.324,2021-05-07 10:37:56.304,0.021,3,3,0.9999998,2.3460342e-10,5.612906e-08,3.069009e-08,0.9999998
511,135,walking,2021-05-07 10:37:55.324,2021-05-07 10:37:57.304,0.021,3,3,0.99999994,1.2868605e-10,3.5524344e-08,1.923752e-08,0.99999994
511,135,walking,2021-05-07 10:37:56.324,2021-05-07 10:37:58.304,0.021,3,3,0.9999997,5.627114e-10,1.216237e-07,8.311634e-08,0.9999997
511,135,walking,2021-05-07 10:37:57.324,2021-05-07 10:37:59.304,0.021,3,3,0.99999875,5.1835225e-09,6.8961515e-07,4.865681e-07,0.99999875
511,135,walking,2021-05-07 10:37:58.324,2021-05-07 10:38:00.303,0.021,3,3,0.9999996,1.1571727e-09,2.2207536e-07,1.6473804e-07,0.9999996
511,135,walking,2021-05-07 10:37:59.324,2021-05-07 10:38:01.303,0.021,3,3,0.9999997,6.457957e-10,1.4085741e-07,1.06658575e-07,0.9999997
511,135,walking,2021-05-07 10:38:00.323,2021-05-07 10:38:02.303,0.021,3,3,0.9999998,1.4090948e-10,3.80403e-08,2.2744034e-08,0.9999998
511,135,walking,2021-05-07 10:38:01.323,2021-05-07 10:38:03.303,0.021,3,3,0.9999997,6.243194e-10,1.3337002e-07,9.853643e-08,0.9999997
511,135,walking,2021-05-07 10:38:02.323,2021-05-07 10:38:04.303,0.021,3,3,0.99999684,8.638253e-09,1.2868688e-06,1.8219205e-06,0.99999684
511,135,walking,2021-05-07 10:38:03.323,2021-05-07 10:38:05.303,0.021,3,3,0.99999994,9.4247e-11,2.8897011e-08,2.100697e-08,0.99999994
511,135,walking,2021-05-07 10:38:04.323,2021-05-07 10:38:06.303,0.021,3,3,0.99999994,1.4688846e-13,1.6032628e-10,5.6478863e-11,0.99999994
511,135,walking,2021-05-07 10:38:05.323,2021-05-07 10:38:07.303,0.021,3,3,0.99999994,5.1610246e-13,4.763026e-10,2.3744087e-10,0.99999994
511,135,walking,2021-05-07 10:38:06.323,2021-05-07 10:38:08.303,0.021,3,3,0.99999994,3.317594e-11,1.2517902e-08,8.816352e-09,0.99999994
511,135,walking,2021-05-07 10:38:07.323,2021-05-07 10:38:09.303,0.021,3,3,0.99999994,4.2160074e-11,1.5961946e-08,1.0654406e-08,0.99999994
511,135,walking,2021-05-07 10:38:08.323,2021-05-07 10:38:10.303,0.021,3,3,0.99999994,2.661117e-12,1.6318755e-09,8.0814677e-10,0.99999994
511,135,walking,2021-05-07 10:38:09.323,2021-05-07 10:38:11.303,0.021,3,3,0.99999994,9.511335e-13,7.233963e-10,2.6235933e-10,0.99999994
511,135,walking,2021-05-07 10:38:10.323,2021-05-07 10:38:12.303,0.021,3,3,0.99999994,6.8420996e-13,5.5665983e-10,1.4936585e-10,0.99999994
511,135,walking,2021-05-07 10:38:11.323,2021-05-07 10:38:13.303,0.021,3,3,0.99999994,2.345e-11,9.12405e-09,3.5435876e-09,0.99999994
511,135,walking,2021-05-07 10:38:12.323,2021-05-07 10:38:14.303,0.021,3,3,0.99999994,8.353795e-13,6.1741207e-10,1.8990472e-10,0.99999994
511,135,walking,2021-05-07 10:38:13.323,2021-05-07 10:38:15.303,0.021,3,3,0.99999994,2.5353745e-12,1.449926e-09,5.0866716e-10,0.99999994
511,135,walking,2021-05-07 10:38:14.323,2021-05-07 10:38:16.304,0.021,3,3,0.99999946,1.6788083e-09,2.7533494e-07,1.7641477e-07,0.99999946
511,135,walking,2021-05-07 10:38:15.323,2021-05-07 10:38:17.304,0.021,3,3,0.9999992,3.3858172e-09,4.5319862e-07,2.998424e-07,0.9999992
511,135,walking,2021-05-07 10:38:16.323,2021-05-07 10:38:18.304,0.021,3,3,0.9999978,1.064502e-08,1.1688937e-06,9.3183274e-07,0.9999978
511,135,walking,2021-05-07 10:38:17.323,2021-05-07 10:38:19.304,0.021,3,3,0.99999815,8.6052925e-09,9.867796e-07,8.277128e-07,0.99999815
511,135,walking,2021-05-07 10:38:18.323,2021-05-07 10:38:20.304,0.021,3,3,0.9999991,2.335324e-09,3.888832e-07,3.97002e-07,0.9999991
511,135,walking,2021-05-07 10:38:19.323,2021-05-07 10:38:21.304,0.021,3,3,0.9999973,8.5019325e-09,1.2326444e-06,1.3433302e-06,0.9999973
511,135,walking,2021-05-07 10:38:20.323,2021-05-07 10:38:22.304,0.021,3,3,0.99999887,3.6565018e-09,6.066543e-07,4.7097328e-07,0.99999887
511,135,walking,2021-05-07 10:38:21.323,2021-05-07 10:38:23.304,0.021,3,3,0.99999696,1.4275197e-08,1.631604e-06,1.3433169e-06,0.99999696
511,135,walking,2021-05-07 10:38:22.323,2021-05-07 10:38:24.304,0.021,3,3,0.9999979,1.0372323e-08,1.1510903e-06,9.0405007e-07,0.9999979
511,135,walking,2021-05-07 10:38:23.323,2021-05-07 10:38:25.304,0.021,3,3,0.9999983,6.9352444e-09,8.7333245e-07,7.6215343e-07,0.9999983
511,135,walking,2021-05-07 10:38:24.323,2021-05-07 10:38:26.304,0.021,3,3,0.9999992,2.043798e-09,3.514752e-07,3.2274315e-07,0.9999992
511,135,walking,2021-05-07 10:38:25.323,2021-05-07 10:38:27.304,0.021,3,3,0.9999996,1.0508241e-09,1.998441e-07,1.574684e-07,0.9999996
511,135,walking,2021-05-07 10:38:26.323,2021-05-07 10:38:28.304,0.021,3,3,0.9999998,4.0642056e-10,8.073879e-08,4.435265e-08,0.9999998
511,135,walking,2021-05-07 10:38:27.323,2021-05-07 10:38:29.304,0.021,3,3,0.99999887,4.825699e-09,6.2097075e-07,4.2476196e-07,0.99999887
511,135,walking,2021-05-07 10:38:28.323,2021-05-07 10:38:30.304,0.021,3,3,0.9999973,1.2633916e-08,1.4229561e-06,1.2137677e-06,0.9999973
511,135,walking,2021-05-07 10:38:29.323,2021-05-07 10:38:31.304,0.021,3,3,0.99999934,1.7268542e-09,3.0393144e-07,2.4396505e-07,0.99999934
511,135,walking,2021-05-07 10:38:30.323,2021-05-07 10:38:32.304,0.021,3,3,0.99999934,1.8333107e-09,3.4203134e-07,2.7429732e-07,0.99999934
511,135,walking,2021-05-07 10:38:31.323,2021-05-07 10:38:33.304,0.021,3,3,0.9999965,1.6521748e-08,1.8933571e-06,1.5276055e-06,0.9999965
511,135,walking,2021-05-07 10:38:32.324,2021-05-07 10:38:34.304,0.021,3,3,0.99998635,8.333985e-08,7.001575e-06,6.5024597e-06,0.99998635
511,135,walking,2021-05-07 10:38:33.324,2021-05-07 10:38:35.304,0.021,3,3,0.99999005,5.3598054e-08,4.887411e-06,4.9214327e-06,0.99999005
511,135,walking,2021-05-07 10:38:34.324,2021-05-07 10:38:36.304,0.021,3,3,0.9999992,2.187249e-09,3.8128775e-07,3.2254098e-07,0.9999992
511,135,walking,2021-05-07 10:38:35.324,2021-05-07 10:38:37.304,0.021,3,3,0.9999961,1.3676772e-08,1.8543113e-06,1.9016499e-06,0.9999961
511,135,walking,2021-05-07 10:38:36.324,2021-05-07 10:38:38.304,0.021,3,3,0.9999667,2.1448271e-07,1.5657048e-05,1.7443941e-05,0.9999667
511,135,walking,2021-05-07 10:38:37.324,2021-05-07 10:38:39.304,0.021,3,3,0.99998933,5.9745716e-08,5.4246216e-06,5.085542e-06,0.99998933
511,135,walking,2021-05-07 10:38:38.324,2021-05-07 10:38:40.304,0.021,3,3,0.9999973,1.1475217e-08,1.4606054e-06,1.1941173e-06,0.9999973
511,135,walking,2021-05-07 10:38:39.324,2021-05-07 10:38:41.304,0.021,3,3,0.9999953,2.3502587e-08,2.4950778e-06,2.1611247e-06,0.9999953
511,135,walking,2021-05-07 10:38:40.324,2021-05-07 10:38:42.304,0.021,3,3,0.9999934,3.8634017e-08,3.489793e-06,3.036427e-06,0.9999934
511,135,walking,2021-05-07 10:38:41.324,2021-05-07 10:38:43.304,0.021,3,3,0.9999928,3.990662e-08,3.8277776e-06,3.3382653e-06,0.9999928
511,135,walking,2021-05-07 10:38:42.324,2021-05-07 10:38:44.304,0.021,3,3,0.99998945,5.3461516e-08,5.354801e-06,5.0295257e-06,0.99998945
511,135,walking,2021-05-07 10:38:43.324,2021-05-07 10:38:45.304,0.021,3,3,0.999978,1.2621541e-07,1.04552255e-05,1.132681e-05,0.999978
511,135,walking,2021-05-07 10:38:44.324,2021-05-07 10:38:46.304,0.021,3,3,0.99998504,7.5930345e-08,6.778957e-06,8.040789e-06,0.99998504
511,135,walking,2021-05-07 10:38:45.324,2021-05-07 10:38:47.304,0.021,3,3,0.99997383,1.552736e-07,1.2024125e-05,1.3906828e-05,0.99997383
511,135,walking,2021-05-07 10:38:46.324,2021-05-07 10:38:48.304,0.021,3,3,0.9999898,4.548876e-08,4.771025e-06,5.3270587e-06,0.9999898
511,135,walking,2021-05-07 10:38:47.324,2021-05-07 10:38:49.304,0.021,3,3,0.99979997,1.384647e-06,7.696035e-05,0.000121660145,0.99979997
511,135,walking,2021-05-07 10:38:48.324,2021-05-07 10:38:50.304,0.021,3,3,0.9982891,9.800261e-06,0.00061154773,0.0010895838,0.9982891
511,135,walking,2021-05-07 10:38:49.324,2021-05-07 10:38:51.304,0.021,3,3,0.9986694,6.6915286e-06,0.0004590999,0.0008648901,0.9986694
511,135,walking,2021-05-07 10:38:50.324,2021-05-07 10:38:52.304,0.021,3,3,0.9936379,3.8209237e-05,0.0020652823,0.004258676,0.9936379
511,135,walking,2021-05-07 10:38:51.324,2021-05-07 10:38:53.304,0.021,3,3,0.99679494,1.5189589e-05,0.0010959004,0.0020940804,0.99679494
511,135,walking,2021-05-07 10:38:52.324,2021-05-07 10:38:54.304,0.021,3,3,0.99962896,1.7106877e-06,0.00012714256,0.00024219655,0.99962896
511,135,walking,2021-05-07 10:38:53.324,2021-05-07 10:38:55.304,0.021,3,3,0.9999601,1.8577288e-07,1.5167996e-05,2.4508323e-05,0.9999601
511,135,walking,2021-05-07 10:38:54.324,2021-05-07 10:38:56.304,0.021,3,3,0.9997331,1.1716553e-06,9.0948975e-05,0.00017465976,0.9997331
511,135,walking,2021-05-07 10:38:55.324,2021-05-07 10:38:57.304,0.021,3,3,0.98808557,3.3589713e-05,0.00253529,0.0093455985,0.98808557
511,135,walking,2021-05-07 10:38:56.324,2021-05-07 10:38:58.304,0.021,3,3,0.99023354,3.1926298e-05,0.0020886185,0.0076458952,0.99023354
511,137,walking,2021-05-07 10:39:00.604,2021-05-07 10:39:02.584,0.021,3,3,0.9949338,3.1373507e-05,0.0017016757,0.0033331874,0.9949338
511,142,standing,2021-05-07 10:39:05.883,2021-05-07 10:39:07.864,0.021,2,2,0.65809345,0.0010686348,0.31280938,0.65809345,0.02802856
511,145,walking,2021-05-07 10:39:08.724,2021-05-07 10:39:10.704,0.021,3,3,0.9993233,4.5373604e-06,0.00027940513,0.00039265427,0.9993233
511,145,walking,2021-05-07 10:39:09.724,2021-05-07 10:39:11.704,0.021,3,3,0.9999853,7.3922585e-08,7.541509e-06,7.0108276e-06,0.9999853
511,145,walking,2021-05-07 10:39:10.724,2021-05-07 10:39:12.704,0.021,3,3,0.9999983,6.153798e-09,9.1879696e-07,7.397154e-07,0.9999983
511,145,walking,2021-05-07 10:39:11.724,2021-05-07 10:39:13.704,0.021,3,3,0.9999179,5.6250957e-07,3.6540732e-05,4.49646e-05,0.9999179
511,145,walking,2021-05-07 10:39:12.724,2021-05-07 10:39:14.704,0.021,3,3,0.9999582,2.3828676e-07,1.9106277e-05,2.2397295e-05,0.9999582
511,145,walking,2021-05-07 10:39:13.724,2021-05-07 10:39:15.704,0.021,3,3,0.999991,4.416384e-08,4.5326906e-06,4.3805744e-06,0.999991
511,145,walking,2021-05-07 10:39:14.724,2021-05-07 10:39:16.704,0.021,3,3,0.99999887,3.824927e-09,6.0853455e-07,4.537187e-07,0.99999887
511,145,walking,2021-05-07 10:39:15.724,2021-05-07 10:39:17.704,0.021,3,3,0.99994475,3.3551078e-07,2.4649313e-05,3.0251415e-05,0.99994475
511,145,walking,2021-05-07 10:39:16.723,2021-05-07 10:39:18.704,0.021,3,3,0.9999942,2.7396164e-08,2.873063e-06,2.819205e-06,0.9999942
511,145,walking,2021-05-07 10:39:17.723,2021-05-07 10:39:19.704,0.021,3,3,0.99999255,3.546241e-08,3.6657298e-06,3.6719648e-06,0.99999255
511,145,walking,2021-05-07 10:39:18.723,2021-05-07 10:39:20.704,0.021,3,3,0.99999505,2.4147647e-08,2.5862928e-06,2.3082164e-06,0.99999505
511,145,walking,2021-05-07 10:39:19.723,2021-05-07 10:39:21.704,0.021,3,3,0.999986,7.874264e-08,6.907658e-06,6.9414828e-06,0.999986
511,145,walking,2021-05-07 10:39:20.723,2021-05-07 10:39:22.704,0.021,3,3,0.99999803,8.641065e-09,1.0675972e-06,8.8934434e-07,0.99999803
511,145,walking,2021-05-07 10:39:21.723,2021-05-07 10:39:23.704,0.021,3,3,0.99999756,1.0514319e-08,1.3003898e-06,1.1192019e-06,0.99999756
511,145,walking,2021-05-07 10:39:22.723,2021-05-07 10:39:24.704,0.021,3,3,0.9998493,9.853895e-07,6.334226e-05,8.642533e-05,0.9998493
511,145,walking,2021-05-07 10:39:23.723,2021-05-07 10:39:25.704,0.021,3,3,0.9999823,9.7417214e-08,8.950717e-06,8.630153e-06,0.9999823
511,145,walking,2021-05-07 10:39:24.723,2021-05-07 10:39:26.704,0.021,3,3,0.9999984,6.8401986e-09,9.288539e-07,6.361858e-07,0.9999984
511,145,walking,2021-05-07 10:39:25.723,2021-05-07 10:39:27.704,0.021,3,3,0.9999967,1.5173448e-08,1.7916208e-06,1.3847517e-06,0.9999967
511,145,walking,2021-05-07 10:39:26.723,2021-05-07 10:39:28.704,0.021,3,3,0.9999986,5.443849e-09,7.6976806e-07,5.3478453e-07,0.9999986
511,145,walking,2021-05-07 10:39:27.723,2021-05-07 10:39:29.704,0.021,3,3,0.99999803,7.2235293e-09,1.0083909e-06,8.9796316e-07,0.99999803
511,145,walking,2021-05-07 10:39:28.723,2021-05-07 10:39:30.704,0.021,3,3,0.9999884,5.7215587e-08,5.3707267e-06,6.1612986e-06,0.9999884
511,145,walking,2021-05-07 10:39:29.723,2021-05-07 10:39:31.704,0.021,3,3,0.99999326,3.1245925e-08,3.1698112e-06,3.4834286e-06,0.99999326
511,145,walking,2021-05-07 10:39:30.723,2021-05-07 10:39:32.703,0.021,3,3,0.9999923,3.729593e-08,3.6597207e-06,3.98268e-06,0.9999923
511,145,walking,2021-05-07 10:39:31.723,2021-05-07 10:39:33.703,0.021,3,3,0.99999636,1.4025862e-08,1.7845757e-06,1.7840431e-06,0.99999636
511,145,walking,2021-05-07 10:39:32.723,2021-05-07 10:39:34.703,0.021,3,3,0.9999837,8.7212506e-08,7.646938e-06,8.462678e-06,0.9999837
511,145,walking,2021-05-07 10:39:33.723,2021-05-07 10:39:35.703,0.021,3,3,0.99997276,1.4176636e-07,1.2105215e-05,1.4903365e-05,0.99997276
511,145,walking,2021-05-07 10:39:34.723,2021-05-07 10:39:36.703,0.021,3,3,0.9999965,1.5701154e-08,1.8125423e-06,1.5852304e-06,0.9999965
511,145,walking,2021-05-07 10:39:35.723,2021-05-07 10:39:37.703,0.021,3,3,0.99999887,4.3033284e-09,6.095161e-07,4.463987e-07,0.99999887
511,145,walking,2021-05-07 10:39:36.723,2021-05-07 10:39:38.703,0.021,3,3,0.9999991,2.7558908e-09,4.3570049e-07,3.4135704e-07,0.9999991
511,145,walking,2021-05-07 10:39:37.723,2021-05-07 10:39:39.703,0.021,3,3,0.99999946,1.4756151e-09,2.612558e-07,1.9594361e-07,0.99999946
511,145,walking,2021-05-07 10:39:38.723,2021-05-07 10:39:40.703,0.021,3,3,0.999996,1.992408e-08,2.0842676e-06,1.8687459e-06,0.999996
511,145,walking,2021-05-07 10:39:39.723,2021-05-07 10:39:41.703,0.021,3,3,0.99999696,1.3072102e-08,1.5807897e-06,1.3592539e-06,0.99999696
511,145,walking,2021-05-07 10:39:40.723,2021-05-07 10:39:42.703,0.021,3,3,0.9999998,2.5242064e-10,6.796541e-08,3.7349317e-08,0.9999998
511,145,walking,2021-05-07 10:39:41.723,2021-05-07 10:39:43.703,0.021,3,3,0.9999996,8.9259194e-10,1.8432375e-07,1.2437748e-07,0.9999996
511,145,walking,2021-05-07 10:39:42.723,2021-05-07 10:39:44.703,0.021,3,3,0.99999815,7.945232e-09,1.0047739e-06,8.3210705e-07,0.99999815
511,145,walking,2021-05-07 10:39:43.723,2021-05-07 10:39:45.703,0.021,3,3,0.9999986,5.4836162e-09,7.391811e-07,5.5248444e-07,0.9999986
511,145,walking,2021-05-07 10:39:44.723,2021-05-07 10:39:46.703,0.021,3,3,0.9999998,1.7943295e-10,5.0898496e-08,2.9410407e-08,0.9999998
511,145,walking,2021-05-07 10:39:45.723,2021-05-07 10:39:47.703,0.021,3,3,0.9999998,3.4249642e-10,8.5909456e-08,5.552722e-08,0.9999998
511,145,walking,2021-05-07 10:39:46.723,2021-05-07 10:39:48.703,0.021,3,3,0.99999946,1.7870718e-09,3.0012055e-07,2.0474485e-07,0.99999946
511,145,walking,2021-05-07 10:39:47.723,2021-05-07 10:39:49.703,0.021,3,3,0.9999991,3.0812812e-09,4.7379487e-07,3.5015063e-07,0.9999991
511,145,walking,2021-05-07 10:39:48.723,2021-05-07 10:39:50.703,0.021,3,3,0.99999946,1.4310502e-09,2.5549772e-07,1.7488722e-07,0.99999946
511,145,walking,2021-05-07 10:39:49.723,2021-05-07 10:39:51.703,0.021,3,3,0.99999374,2.9139253e-08,3.1353252e-06,3.06541e-06,0.99999374
511,145,walking,2021-05-07 10:39:50.723,2021-05-07 10:39:52.703,0.021,3,3,0.99998397,8.7270266e-08,7.3287506e-06,8.52081e-06,0.99998397
511,145,walking,2021-05-07 10:39:51.723,2021-05-07 10:39:53.703,0.021,3,3,0.9999985,6.2052234e-09,7.807404e-07,6.421816e-07,0.9999985
511,145,walking,2021-05-07 10:39:52.723,2021-05-07 10:39:54.703,0.021,3,3,0.9999985,5.669578e-09,7.929876e-07,6.6819763e-07,0.9999985
511,145,walking,2021-05-07 10:39:53.723,2021-05-07 10:39:55.703,0.021,3,3,0.99999875,4.0236405e-09,6.3664544e-07,5.447335e-07,0.99999875
511,145,walking,2021-05-07 10:39:54.723,2021-05-07 10:39:56.703,0.021,3,3,0.99999577,2.0925105e-08,2.2566303e-06,1.8402383e-06,0.99999577
511,145,walking,2021-05-07 10:39:55.723,2021-05-07 10:39:57.703,0.021,3,3,0.9999973,1.3522349e-08,1.5213711e-06,1.1270581e-06,0.9999973
511,145,walking,2021-05-07 10:39:56.723,2021-05-07 10:39:58.703,0.021,3,3,0.9999992,2.8747227e-09,4.4344947e-07,3.081623e-07,0.9999992
511,145,walking,2021-05-07 10:39:57.723,2021-05-07 10:39:59.703,0.021,3,3,0.99999243,3.7094456e-08,3.7809164e-06,3.7494042e-06,0.99999243
511,145,walking,2021-05-07 10:39:58.723,2021-05-07 10:40:00.704,0.021,3,3,0.9999706,1.7600017e-07,1.3353644e-05,1.5789152e-05,0.9999706
511,145,walking,2021-05-07 10:39:59.723,2021-05-07 10:40:01.704,0.021,3,3,0.9999935,3.3562298e-08,3.3210251e-06,3.105773e-06,0.9999935
511,145,walking,2021-05-07 10:40:00.724,2021-05-07 10:40:02.704,0.021,3,3,0.9999996,1.199685e-09,2.4114675e-07,1.6868152e-07,0.9999996
511,145,walking,2021-05-07 10:40:01.724,2021-05-07 10:40:03.704,0.021,3,3,0.9999997,5.5607713e-10,1.2087348e-07,6.712837e-08,0.9999997
511,145,walking,2021-05-07 10:40:02.724,2021-05-07 10:40:04.704,0.021,3,3,0.9999966,1.6155655e-08,1.789022e-06,1.5338097e-06,0.9999966
511,145,walking,2021-05-07 10:40:03.724,2021-05-07 10:40:05.704,0.021,3,3,0.99999946,1.6804037e-09,2.9460492e-07,2.2708406e-07,0.99999946
511,145,walking,2021-05-07 10:40:04.724,2021-05-07 10:40:06.704,0.021,3,3,0.9999996,8.66436e-10,1.8560986e-07,1.2727796e-07,0.9999996
511,145,walking,2021-05-07 10:40:05.724,2021-05-07 10:40:07.704,0.021,3,3,0.9999985,5.6925606e-09,7.9686754e-07,6.1407735e-07,0.9999985
511,145,walking,2021-05-07 10:40:06.724,2021-05-07 10:40:08.704,0.021,3,3,0.999989,5.8333416e-08,5.301693e-06,5.6638696e-06,0.999989
511,145,walking,2021-05-07 10:40:07.724,2021-05-07 10:40:09.704,0.021,3,3,0.9999979,7.535576e-09,1.0236632e-06,1.0349981e-06,0.9999979
511,145,walking,2021-05-07 10:40:08.724,2021-05-07 10:40:10.704,0.021,3,3,0.9999935,3.1045023e-08,3.2003754e-06,3.1530337e-06,0.9999935
511,145,walking,2021-05-07 10:40:09.724,2021-05-07 10:40:11.704,0.021,3,3,0.99998873,6.527962e-08,5.639522e-06,5.4682805e-06,0.99998873
511,145,walking,2021-05-07 10:40:10.724,2021-05-07 10:40:12.704,0.021,3,3,0.9999984,5.918039e-09,8.221714e-07,6.8772147e-07,0.9999984
511,145,walking,2021-05-07 10:40:11.724,2021-05-07 10:40:13.704,0.021,3,3,0.99999875,3.967672e-09,5.994521e-07,5.534121e-07,0.99999875
511,146,standing,2021-05-07 10:40:14.364,2021-05-07 10:40:16.343,0.021,2,2,0.71122557,0.0011250067,0.1977595,0.71122557,0.08988995
511,146,standing,2021-05-07 10:40:15.364,2021-05-07 10:40:17.343,0.021,2,2,0.79471517,0.00096618355,0.19385205,0.79471517,0.010466627
511,146,standing,2021-05-07 10:40:16.364,2021-05-07 10:40:18.343,0.021,2,2,0.79459816,0.0009586891,0.19319044,0.79459816,0.011252707
511,146,standing,2021-05-07 10:40:17.364,2021-05-07 10:40:19.343,0.021,2,2,0.78828233,0.0008877975,0.20012484,0.78828233,0.010705022
511,146,standing,2021-05-07 10:40:18.364,2021-05-07 10:40:20.343,0.021,2,2,0.785479,0.00090778107,0.20109251,0.785479,0.012520684
511,146,standing,2021-05-07 10:40:19.364,2021-05-07 10:40:21.343,0.021,2,2,0.78293806,0.0009990964,0.19817165,0.78293806,0.017891176
511,147,walking,2021-05-07 10:40:21.563,2021-05-07 10:40:23.544,0.021,3,3,0.99997765,1.2491908e-07,1.0109514e-05,1.2075572e-05,0.99997765
511,147,walking,2021-05-07 10:40:22.563,2021-05-07 10:40:24.544,0.021,3,3,0.99999994,5.102936e-11,1.7318435e-08,8.470941e-09,0.99999994
511,147,walking,2021-05-07 10:40:23.563,2021-05-07 10:40:25.544,0.021,3,3,0.99999994,2.4013482e-14,3.4706137e-11,8.718662e-12,0.99999994
511,147,walking,2021-05-07 10:40:24.563,2021-05-07 10:40:26.544,0.021,3,3,0.99999994,4.3867953e-16,1.2006404e-12,1.6649087e-13,0.99999994
511,147,walking,2021-05-07 10:40:25.563,2021-05-07 10:40:27.544,0.021,3,3,0.99999994,2.9625882e-15,5.7200967e-12,9.611711e-13,0.99999994
511,147,walking,2021-05-07 10:40:26.563,2021-05-07 10:40:28.544,0.021,3,3,0.99999994,3.6191137e-13,2.6717287e-10,6.83972e-11,0.99999994
511,147,walking,2021-05-07 10:40:27.563,2021-05-07 10:40:29.544,0.021,3,3,0.99999994,3.3534702e-14,3.804794e-11,8.118971e-12,0.99999994
511,147,walking,2021-05-07 10:40:28.563,2021-05-07 10:40:30.544,0.021,3,3,0.99999994,7.6816396e-16,1.9748602e-12,3.6107432e-13,0.99999994
511,147,walking,2021-05-07 10:40:29.563,2021-05-07 10:40:31.544,0.021,3,3,0.99999994,4.834155e-15,8.6498066e-12,1.7730919e-12,0.99999994
511,147,walking,2021-05-07 10:40:30.563,2021-05-07 10:40:32.543,0.021,3,3,0.99999994,8.130286e-15,1.236452e-11,2.5066585e-12,0.99999994
511,147,walking,2021-05-07 10:40:31.563,2021-05-07 10:40:33.543,0.021,3,3,0.99999994,2.0616032e-15,4.1906066e-12,8.143534e-13,0.99999994
511,147,walking,2021-05-07 10:40:32.563,2021-05-07 10:40:34.543,0.021,3,3,0.99999994,4.080499e-15,7.458861e-12,1.5714178e-12,0.99999994
511,147,walking,2021-05-07 10:40:33.563,2021-05-07 10:40:35.543,0.021,3,3,0.99999994,1.2264232e-14,1.6960228e-11,3.408389e-12,0.99999994
511,147,walking,2021-05-07 10:40:34.563,2021-05-07 10:40:36.543,0.021,3,3,0.99999994,2.5711344e-15,4.957626e-12,9.177666e-13,0.99999994
511,147,walking,2021-05-07 10:40:35.563,2021-05-07 10:40:37.543,0.021,3,3,0.99999994,3.5159736e-15,6.517459e-12,1.2400293e-12,0.99999994
511,147,walking,2021-05-07 10:40:36.563,2021-05-07 10:40:38.543,0.021,3,3,0.99999994,6.8885657e-15,1.1190864e-11,2.5225531e-12,0.99999994
511,147,walking,2021-05-07 10:40:37.563,2021-05-07 10:40:39.543,0.021,3,3,0.99999994,2.8503665e-14,3.5586343e-11,8.458609e-12,0.99999994
511,147,walking,2021-05-07 10:40:38.563,2021-05-07 10:40:40.543,0.021,3,3,0.99999994,8.6190956e-15,1.5247801e-11,3.2572178e-12,0.99999994
511,147,walking,2021-05-07 10:40:39.563,2021-05-07 10:40:41.543,0.021,3,3,0.99999994,4.9061414e-16,1.5934841e-12,2.7285485e-13,0.99999994
511,147,walking,2021-05-07 10:40:40.563,2021-05-07 10:40:42.543,0.021,3,3,0.99999994,2.2147314e-16,8.0601503e-13,1.3878633e-13,0.99999994
511,147,walking,2021-05-07 10:40:41.563,2021-05-07 10:40:43.543,0.021,3,3,0.99999994,1.7628715e-15,3.957421e-12,8.1289e-13,0.99999994
511,147,walking,2021-05-07 10:40:42.563,2021-05-07 10:40:44.543,0.021,3,3,0.99999994,3.541467e-16,1.0166736e-12,1.4861086e-13,0.99999994
511,147,walking,2021-05-07 10:40:43.563,2021-05-07 10:40:45.543,0.021,3,3,0.99999994,1.0566612e-16,3.6869834e-13,4.678077e-14,0.99999994
511,147,walking,2021-05-07 10:40:44.563,2021-05-07 10:40:46.543,0.021,3,3,0.99999994,1.2785601e-16,4.3251717e-13,5.4271512e-14,0.99999994
511,147,walking,2021-05-07 10:40:45.563,2021-05-07 10:40:47.543,0.021,3,3,0.99999994,2.707104e-16,8.1528436e-13,1.1628346e-13,0.99999994
511,147,walking,2021-05-07 10:40:46.563,2021-05-07 10:40:48.543,0.021,3,3,0.99999994,4.363178e-17,1.9231785e-13,2.4514445e-14,0.99999994
511,147,walking,2021-05-07 10:40:47.563,2021-05-07 10:40:49.543,0.021,3,3,0.99999994,3.464472e-17,1.5463787e-13,1.8448476e-14,0.99999994
511,147,walking,2021-05-07 10:40:48.563,2021-05-07 10:40:50.543,0.021,3,3,0.99999994,4.316034e-16,1.1608276e-12,1.8811812e-13,0.99999994
511,147,walking,2021-05-07 10:40:49.563,2021-05-07 10:40:51.543,0.021,3,3,0.99999994,1.7236571e-16,5.9422747e-13,9.085197e-14,0.99999994
511,147,walking,2021-05-07 10:40:50.563,2021-05-07 10:40:52.543,0.021,3,3,0.99999994,8.931268e-18,5.6088553e-14,6.7124816e-15,0.99999994
511,147,walking,2021-05-07 10:40:51.563,2021-05-07 10:40:53.543,0.021,3,3,0.99999994,1.100024e-17,6.588972e-14,8.23146e-15,0.99999994
511,147,walking,2021-05-07 10:40:52.563,2021-05-07 10:40:54.543,0.021,3,3,0.99999994,2.125025e-16,7.107945e-13,1.0953887e-13,0.99999994
511,147,walking,2021-05-07 10:40:53.563,2021-05-07 10:40:55.543,0.021,3,3,0.99999994,4.3248512e-16,1.2066139e-12,1.7482939e-13,0.99999994
511,147,walking,2021-05-07 10:40:54.563,2021-05-07 10:40:56.543,0.021,3,3,0.99999994,7.221048e-17,2.8092616e-13,3.8194755e-14,0.99999994
511,147,walking,2021-05-07 10:40:55.563,2021-05-07 10:40:57.543,0.021,3,3,0.99999994,2.351732e-15,5.1477455e-12,1.0585211e-12,0.99999994
511,147,walking,2021-05-07 10:40:56.563,2021-05-07 10:40:58.543,0.021,3,3,0.99999994,3.9068945e-16,1.1810301e-12,1.898501e-13,0.99999994
511,147,walking,2021-05-07 10:40:57.563,2021-05-07 10:40:59.543,0.021,3,3,0.99999994,2.363068e-18,1.9943525e-14,2.1510842e-15,0.99999994
511,147,walking,2021-05-07 10:40:58.563,2021-05-07 10:41:00.543,0.021,3,3,0.99999994,7.0968176e-18,4.5222547e-14,4.8966085e-15,0.99999994
511,147,walking,2021-05-07 10:40:59.563,2021-05-07 10:41:01.543,0.021,3,3,0.99999994,2.2775242e-16,6.9211683e-13,9.0804155e-14,0.99999994
511,147,walking,2021-05-07 10:41:00.563,2021-05-07 10:41:02.543,0.021,3,3,0.99999994,5.4527684e-18,3.401287e-14,3.1290094e-15,0.99999994
511,147,walking,2021-05-07 10:41:01.563,2021-05-07 10:41:03.543,0.021,3,3,0.99999994,9.573735e-19,9.273822e-15,7.995781e-16,0.99999994
511,147,walking,2021-05-07 10:41:02.563,2021-05-07 10:41:04.543,0.021,3,3,0.99999994,4.728422e-17,2.1094044e-13,3.016415e-14,0.99999994
511,147,walking,2021-05-07 10:41:03.563,2021-05-07 10:41:05.543,0.021,3,3,0.99999994,1.5661414e-17,9.049242e-14,1.34683134e-14,0.99999994
511,147,walking,2021-05-07 10:41:04.564,2021-05-07 10:41:06.543,0.021,3,3,0.99999994,1.0168515e-17,6.5894996e-14,8.8017404e-15,0.99999994
511,147,walking,2021-05-07 10:41:05.564,2021-05-07 10:41:07.543,0.021,3,3,0.99999994,1.27239e-17,7.4265436e-14,8.828845e-15,0.99999994
511,147,walking,2021-05-07 10:41:06.564,2021-05-07 10:41:08.543,0.021,3,3,0.99999994,7.703703e-17,2.9994578e-13,3.7786584e-14,0.99999994
511,147,walking,2021-05-07 10:41:07.564,2021-05-07 10:41:09.543,0.021,3,3,0.99999994,5.9353224e-16,1.6016229e-12,2.7499856e-13,0.99999994
511,147,walking,2021-05-07 10:41:08.564,2021-05-07 10:41:10.543,0.021,3,3,0.99999994,1.6210986e-16,5.684105e-13,7.5967885e-14,0.99999994
511,147,walking,2021-05-07 10:41:09.564,2021-05-07 10:41:11.543,0.021,3,3,0.99999994,1.0242595e-18,1.0253562e-14,8.67808e-16,0.99999994
511,147,walking,2021-05-07 10:41:10.564,2021-05-07 10:41:12.543,0.021,3,3,0.99999994,5.7028884e-18,3.9316644e-14,4.2430155e-15,0.99999994
511,147,walking,2021-05-07 10:41:11.564,2021-05-07 10:41:13.543,0.021,3,3,0.99999994,7.853402e-16,1.9891536e-12,3.3065792e-13,0.99999994
511,147,walking,2021-05-07 10:41:12.564,2021-05-07 10:41:14.543,0.021,3,3,0.99999994,1.9456858e-16,6.3448644e-13,8.876702e-14,0.99999994
511,147,walking,2021-05-07 10:41:13.564,2021-05-07 10:41:15.543,0.021,3,3,0.99999994,1.5790339e-16,5.719864e-13,8.5970985e-14,0.99999994
511,147,walking,2021-05-07 10:41:14.564,2021-05-07 10:41:16.544,0.021,3,3,0.99999994,1.4893988e-15,3.499614e-12,7.3461186e-13,0.99999994
511,147,walking,2021-05-07 10:41:15.564,2021-05-07 10:41:17.544,0.021,3,3,0.99999994,1.2754862e-16,4.7722297e-13,7.438097e-14,0.99999994
511,147,walking,2021-05-07 10:41:16.563,2021-05-07 10:41:18.544,0.021,3,3,0.99999994,1.963154e-16,6.3640017e-13,8.7263726e-14,0.99999994
511,147,walking,2021-05-07 10:41:17.563,2021-05-07 10:41:19.544,0.021,3,3,0.99999994,2.4888725e-17,1.2258368e-13,1.3439188e-14,0.99999994
511,147,walking,2021-05-07 10:41:18.563,2021-05-07 10:41:20.544,0.021,3,3,0.99999994,3.2523594e-18,2.4532686e-14,2.353904e-15,0.99999994
511,147,walking,2021-05-07 10:41:19.563,2021-05-07 10:41:21.544,0.021,3,3,0.99999994,8.743799e-18,5.2742e-14,5.3604217e-15,0.99999994
511,147,walking,2021-05-07 10:41:20.563,2021-05-07 10:41:22.544,0.021,3,3,0.99999994,2.1649863e-17,1.0388235e-13,1.11921275e-14,0.99999994
511,147,walking,2021-05-07 10:41:21.563,2021-05-07 10:41:23.544,0.021,3,3,0.99999994,9.428149e-19,8.830462e-15,7.685626e-16,0.99999994
511,147,walking,2021-05-07 10:41:22.563,2021-05-07 10:41:24.544,0.021,3,3,0.99999994,5.280568e-19,5.946135e-15,4.973602e-16,0.99999994
511,147,walking,2021-05-07 10:41:23.563,2021-05-07 10:41:25.544,0.021,3,3,0.99999994,5.4069534e-17,2.3231612e-13,2.7206742e-14,0.99999994
511,147,walking,2021-05-07 10:41:24.563,2021-05-07 10:41:26.544,0.021,3,3,0.99999994,1.9667274e-18,1.6149403e-14,1.4922935e-15,0.99999994
511,147,walking,2021-05-07 10:41:25.563,2021-05-07 10:41:27.544,0.021,3,3,0.99999994,2.3964097e-19,3.0102526e-15,2.461642e-16,0.99999994
511,147,walking,2021-05-07 10:41:26.563,2021-05-07 10:41:28.544,0.021,3,3,0.99999994,3.035131e-18,2.2297975e-14,2.1255693e-15,0.99999994
511,147,walking,2021-05-07 10:41:27.563,2021-05-07 10:41:29.544,0.021,3,3,0.99999994,3.670441e-15,7.013076e-12,1.2171821e-12,0.99999994
511,147,walking,2021-05-07 10:41:28.563,2021-05-07 10:41:30.544,0.021,3,3,0.99999946,1.9772746e-09,3.043352e-07,1.6942458e-07,0.99999946
511,148,standing,2021-05-07 10:41:30.723,2021-05-07 10:41:32.703,0.021,2,2,0.74314255,0.00092154014,0.23778883,0.74314255,0.018147128
511,148,standing,2021-05-07 10:41:31.723,2021-05-07 10:41:33.703,0.021,2,2,0.7586688,0.0009520962,0.22142877,0.7586688,0.018950416
511,148,standing,2021-05-07 10:41:32.723,2021-05-07 10:41:34.703,0.021,2,2,0.755703,0.0009651614,0.22589199,0.755703,0.017439846
511,148,standing,2021-05-07 10:41:33.723,2021-05-07 10:41:35.703,0.021,2,2,0.753202,0.00095543975,0.22766891,0.753202,0.018173655
511,148,standing,2021-05-07 10:41:34.723,2021-05-07 10:41:36.703,0.021,2,2,0.75299203,0.0009514286,0.2271333,0.75299203,0.018923195
511,148,standing,2021-05-07 10:41:35.723,2021-05-07 10:41:37.703,0.021,2,2,0.751217,0.0010216964,0.20894143,0.751217,0.038819935
511,149,walking,2021-05-07 10:41:37.763,2021-05-07 10:41:39.743,0.021,3,3,0.99999994,6.664314e-14,9.060275e-11,2.9429948e-11,0.99999994
511,149,walking,2021-05-07 10:41:38.763,2021-05-07 10:41:40.743,0.021,3,3,0.99999994,2.3043095e-16,8.506739e-13,1.3853693e-13,0.99999994
511,149,walking,2021-05-07 10:41:39.763,2021-05-07 10:41:41.743,0.021,3,3,0.99999994,7.105056e-17,2.8950448e-13,3.7264242e-14,0.99999994
511,149,walking,2021-05-07 10:41:40.763,2021-05-07 10:41:42.743,0.021,3,3,0.99999994,2.6519695e-17,1.2726692e-13,1.6252736e-14,0.99999994
511,149,walking,2021-05-07 10:41:41.763,2021-05-07 10:41:43.743,0.021,3,3,0.99999994,1.8457123e-15,3.9539734e-12,7.2226334e-13,0.99999994
511,149,walking,2021-05-07 10:41:42.763,2021-05-07 10:41:44.743,0.021,3,3,0.99999994,2.0919209e-15,4.4910824e-12,7.2327517e-13,0.99999994
511,149,walking,2021-05-07 10:41:43.763,2021-05-07 10:41:45.743,0.021,3,3,0.99999994,6.070005e-16,1.7661152e-12,3.0739162e-13,0.99999994
511,149,walking,2021-05-07 10:41:44.763,2021-05-07 10:41:46.743,0.021,3,3,0.99999994,4.0735277e-17,2.0228567e-13,2.8519654e-14,0.99999994
511,149,walking,2021-05-07 10:41:45.763,2021-05-07 10:41:47.743,0.021,3,3,0.99999994,2.0084048e-17,1.07320464e-13,1.2481863e-14,0.99999994
511,149,walking,2021-05-07 10:41:46.763,2021-05-07 10:41:48.743,0.021,3,3,0.99999994,2.9752357e-17,1.466919e-13,1.653083e-14,0.99999994
511,149,walking,2021-05-07 10:41:47.763,2021-05-07 10:41:49.743,0.021,3,3,0.99999994,3.7504504e-16,1.1498996e-12,1.5838233e-13,0.99999994
511,149,walking,2021-05-07 10:41:48.763,2021-05-07 10:41:50.743,0.021,3,3,0.99999994,5.4039197e-18,3.697919e-14,3.6983966e-15,0.99999994
511,149,walking,2021-05-07 10:41:49.763,2021-05-07 10:41:51.743,0.021,3,3,0.99999994,1.6566315e-17,9.2315424e-14,1.1568567e-14,0.99999994
511,149,walking,2021-05-07 10:41:50.763,2021-05-07 10:41:52.743,0.021,3,3,0.99999994,5.752467e-17,2.7116043e-13,3.5207467e-14,0.99999994
511,149,walking,2021-05-07 10:41:51.763,2021-05-07 10:41:53.743,0.021,3,3,0.99999994,1.08493795e-17,6.854205e-14,7.022662e-15,0.99999994
511,149,walking,2021-05-07 10:41:52.763,2021-05-07 10:41:54.743,0.021,3,3,0.99999994,1.4690448e-16,5.264835e-13,6.821833e-14,0.99999994
511,149,walking,2021-05-07 10:41:53.763,2021-05-07 10:41:55.743,0.021,3,3,0.99999994,1.489187e-17,7.983461e-14,8.793787e-15,0.99999994
511,149,walking,2021-05-07 10:41:54.763,2021-05-07 10:41:56.743,0.021,3,3,0.99999994,6.4180232e-18,4.124461e-14,4.7621323e-15,0.99999994
511,149,walking,2021-05-07 10:41:55.763,2021-05-07 10:41:57.743,0.021,3,3,0.99999994,1.14962695e-17,6.3141725e-14,7.0556633e-15,0.99999994
511,149,walking,2021-05-07 10:41:56.763,2021-05-07 10:41:58.743,0.021,3,3,0.99999994,5.1421587e-17,2.2996806e-13,3.49941e-14,0.99999994
511,149,walking,2021-05-07 10:41:57.763,2021-05-07 10:41:59.743,0.021,3,3,0.99999994,3.4848977e-17,1.6268252e-13,2.1712505e-14,0.99999994
511,149,walking,2021-05-07 10:41:58.763,2021-05-07 10:42:00.743,0.021,3,3,0.99999994,1.8659433e-17,9.3648356e-14,1.1362698e-14,0.99999994
511,149,walking,2021-05-07 10:41:59.763,2021-05-07 10:42:01.743,0.021,3,3,0.99999994,4.240746e-17,1.7292346e-13,2.1372867e-14,0.99999994
511,149,walking,2021-05-07 10:42:00.763,2021-05-07 10:42:02.743,0.021,3,3,0.99999994,4.2866772e-17,1.8144394e-13,2.148711e-14,0.99999994
511,149,walking,2021-05-07 10:42:01.763,2021-05-07 10:42:03.743,0.021,3,3,0.99999994,4.3698407e-17,1.9893313e-13,2.2870948e-14,0.99999994
511,149,walking,2021-05-07 10:42:02.763,2021-05-07 10:42:04.743,0.021,3,3,0.99999994,9.022945e-17,3.3138715e-13,3.9116927e-14,0.99999994
511,149,walking,2021-05-07 10:42:03.763,2021-05-07 10:42:05.743,0.021,3,3,0.99999994,2.8560545e-17,1.3220723e-13,1.4378269e-14,0.99999994
511,149,walking,2021-05-07 10:42:04.763,2021-05-07 10:42:06.743,0.021,3,3,0.99999994,3.569963e-17,1.6056747e-13,1.9826632e-14,0.99999994
511,149,walking,2021-05-07 10:42:05.763,2021-05-07 10:42:07.743,0.021,3,3,0.99999994,3.1082228e-17,1.4929242e-13,1.7540412e-14,0.99999994
511,149,walking,2021-05-07 10:42:06.763,2021-05-07 10:42:08.743,0.021,3,3,0.99999994,1.4122163e-17,8.1254075e-14,8.629755e-15,0.99999994
511,149,walking,2021-05-07 10:42:07.763,2021-05-07 10:42:09.743,0.021,3,3,0.99999994,7.2758993e-19,7.426271e-15,5.3313185e-16,0.99999994
511,149,walking,2021-05-07 10:42:08.763,2021-05-07 10:42:10.743,0.021,3,3,0.99999994,1.2567599e-18,1.15184555e-14,8.828268e-16,0.99999994
511,149,walking,2021-05-07 10:42:09.763,2021-05-07 10:42:11.743,0.021,3,3,0.99999994,2.8820135e-18,2.2587599e-14,1.9726586e-15,0.99999994
511,149,walking,2021-05-07 10:42:10.763,2021-05-07 10:42:12.743,0.021,3,3,0.99999994,1.0718149e-18,9.608769e-15,8.1374815e-16,0.99999994
511,149,walking,2021-05-07 10:42:11.763,2021-05-07 10:42:13.743,0.021,3,3,0.99999994,4.926069e-19,5.114931e-15,4.27158e-16,0.99999994
511,149,walking,2021-05-07 10:42:12.763,2021-05-07 10:42:14.743,0.021,3,3,0.99999994,2.8490794e-17,1.4030879e-13,1.6166354e-14,0.99999994
511,149,walking,2021-05-07 10:42:13.763,2021-05-07 10:42:15.743,0.021,3,3,0.99999994,2.5553627e-15,5.6880885e-12,1.0786433e-12,0.99999994
511,149,walking,2021-05-07 10:42:14.763,2021-05-07 10:42:16.743,0.021,3,3,0.99999994,7.563214e-15,1.27294494e-11,2.4764394e-12,0.99999994
511,149,walking,2021-05-07 10:42:15.763,2021-05-07 10:42:17.743,0.021,3,3,0.99999994,2.5997855e-15,5.4254904e-12,9.0263376e-13,0.99999994
511,149,walking,2021-05-07 10:42:16.763,2021-05-07 10:42:18.743,0.021,3,3,0.99999994,2.7180498e-14,3.9176946e-11,8.700721e-12,0.99999994
511,149,walking,2021-05-07 10:42:17.763,2021-05-07 10:42:19.743,0.021,3,3,0.99999994,3.4925754e-14,4.6527678e-11,1.204343e-11,0.99999994
511,149,walking,2021-05-07 10:42:18.763,2021-05-07 10:42:20.743,0.021,3,3,0.99999994,5.4035747e-16,1.4724647e-12,2.2631685e-13,0.99999994
511,149,walking,2021-05-07 10:42:19.763,2021-05-07 10:42:21.743,0.021,3,3,0.99999994,7.026142e-16,1.8333718e-12,2.9835384e-13,0.99999994
511,149,walking,2021-05-07 10:42:20.763,2021-05-07 10:42:22.743,0.021,3,3,0.99999994,1.0381944e-15,2.5592738e-12,5.068079e-13,0.99999994
511,149,walking,2021-05-07 10:42:21.763,2021-05-07 10:42:23.743,0.021,3,3,0.99999994,7.174977e-16,1.8164245e-12,3.114989e-13,0.99999994
511,149,walking,2021-05-07 10:42:22.763,2021-05-07 10:42:24.743,0.021,3,3,0.99999994,3.4805304e-15,6.705812e-12,1.1436723e-12,0.99999994
511,149,walking,2021-05-07 10:42:23.763,2021-05-07 10:42:25.743,0.021,3,3,0.99999994,3.3081342e-15,6.6860037e-12,1.1207755e-12,0.99999994
511,149,walking,2021-05-07 10:42:24.763,2021-05-07 10:42:26.743,0.021,3,3,0.99999994,1.880183e-14,2.8445109e-11,6.1270255e-12,0.99999994
511,149,walking,2021-05-07 10:42:25.763,2021-05-07 10:42:27.743,0.021,3,3,0.99999994,1.1580621e-14,1.8929708e-11,4.1865964e-12,0.99999994
511,149,walking,2021-05-07 10:42:26.763,2021-05-07 10:42:28.743,0.021,3,3,0.99999994,6.346089e-16,1.6476172e-12,2.444358e-13,0.99999994
511,149,walking,2021-05-07 10:42:27.763,2021-05-07 10:42:29.743,0.021,3,3,0.99999994,1.0902828e-15,2.7062736e-12,4.6602945e-13,0.99999994
511,149,walking,2021-05-07 10:42:28.763,2021-05-07 10:42:30.743,0.021,3,3,0.99999994,5.70784e-14,7.000036e-11,1.6529531e-11,0.99999994
511,149,walking,2021-05-07 10:42:29.763,2021-05-07 10:42:31.743,0.021,3,3,0.99999994,9.0141856e-14,9.194584e-11,1.9457798e-11,0.99999994
511,149,walking,2021-05-07 10:42:30.763,2021-05-07 10:42:32.743,0.021,3,3,0.99999994,6.1795123e-15,1.0431987e-11,2.1819885e-12,0.99999994
511,149,walking,2021-05-07 10:42:31.763,2021-05-07 10:42:33.743,0.021,3,3,0.99999994,2.8103508e-16,8.6967185e-13,1.4543712e-13,0.99999994
511,149,walking,2021-05-07 10:42:32.763,2021-05-07 10:42:34.743,0.021,3,3,0.99999994,1.9916536e-14,2.916174e-11,6.725846e-12,0.99999994
511,149,walking,2021-05-07 10:42:33.763,2021-05-07 10:42:35.743,0.021,3,3,0.99999994,3.2374022e-13,2.725406e-10,7.302985e-11,0.99999994
511,149,walking,2021-05-07 10:42:34.763,2021-05-07 10:42:36.743,0.021,3,3,0.99999994,2.924225e-13,2.5887728e-10,7.568064e-11,0.99999994
511,149,walking,2021-05-07 10:42:35.763,2021-05-07 10:42:37.743,0.021,3,3,0.99999994,2.4273677e-13,2.0569188e-10,6.1211876e-11,0.99999994
511,149,walking,2021-05-07 10:42:36.763,2021-05-07 10:42:38.743,0.021,3,3,0.99999994,1.2133186e-15,2.9283457e-12,5.3993897e-13,0.99999994
511,149,walking,2021-05-07 10:42:37.763,2021-05-07 10:42:39.743,0.021,3,3,0.99999994,4.0346064e-15,7.359796e-12,1.3983598e-12,0.99999994
511,149,walking,2021-05-07 10:42:38.763,2021-05-07 10:42:40.743,0.021,3,3,0.99999994,1.6948269e-14,2.3262099e-11,5.102311e-12,0.99999994
511,149,walking,2021-05-07 10:42:39.763,2021-05-07 10:42:41.743,0.021,3,3,0.99999994,3.687129e-14,4.2733674e-11,1.1174568e-11,0.99999994
511,149,walking,2021-05-07 10:42:40.763,2021-05-07 10:42:42.743,0.021,3,3,0.99999994,3.553704e-14,4.2045e-11,1.0461617e-11,0.99999994
511,149,walking,2021-05-07 10:42:41.763,2021-05-07 10:42:43.743,0.021,3,3,0.99999994,8.5665226e-14,8.51475e-11,2.0065885e-11,0.99999994
511,149,walking,2021-05-07 10:42:42.763,2021-05-07 10:42:44.743,0.021,3,3,0.99999994,1.2425147e-13,1.202732e-10,2.9209222e-11,0.99999994
511,149,walking,2021-05-07 10:42:43.763,2021-05-07 10:42:45.743,0.021,3,3,0.99999994,3.0752046e-14,3.9767262e-11,8.883943e-12,0.99999994
511,149,walking,2021-05-07 10:42:44.763,2021-05-07 10:42:46.743,0.021,3,3,0.99999994,1.841311e-14,2.5502604e-11,5.189466e-12,0.99999994
511,149,walking,2021-05-07 10:42:45.763,2021-05-07 10:42:47.743,0.021,3,3,0.99999994,1.7192394e-14,2.4889752e-11,4.7418462e-12,0.99999994
511,149,walking,2021-05-07 10:42:46.763,2021-05-07 10:42:48.743,0.021,3,3,0.99999994,7.228165e-15,1.295116e-11,2.4292727e-12,0.99999994
511,149,walking,2021-05-07 10:42:47.763,2021-05-07 10:42:49.743,0.021,3,3,0.99999994,2.2322657e-14,3.200415e-11,7.1381638e-12,0.99999994
511,149,walking,2021-05-07 10:42:48.763,2021-05-07 10:42:50.743,0.021,3,3,0.99999994,1.2606085e-14,2.104901e-11,5.177513e-12,0.99999994
511,149,walking,2021-05-07 10:42:49.763,2021-05-07 10:42:51.743,0.021,3,3,0.99999994,8.121886e-15,1.4681213e-11,3.4263332e-12,0.99999994
511,149,walking,2021-05-07 10:42:50.763,2021-05-07 10:42:52.743,0.021,3,3,0.99999994,1.1473111e-14,1.9196842e-11,3.9506866e-12,0.99999994
511,149,walking,2021-05-07 10:42:51.763,2021-05-07 10:42:53.743,0.021,3,3,0.99999994,8.9812744e-13,6.906739e-10,2.1581419e-10,0.99999994
511,149,walking,2021-05-07 10:42:52.763,2021-05-07 10:42:54.743,0.021,3,3,0.99999994,8.75694e-13,6.716238e-10,2.2495851e-10,0.99999994
511,149,walking,2021-05-07 10:42:53.763,2021-05-07 10:42:55.743,0.021,3,3,0.99999994,5.5733884e-13,4.412622e-10,1.3421055e-10,0.99999994
511,149,walking,2021-05-07 10:42:54.763,2021-05-07 10:42:56.743,0.021,3,3,0.99999994,6.0494786e-12,3.1417748e-09,1.1646373e-09,0.99999994
511,149,walking,2021-05-07 10:42:55.763,2021-05-07 10:42:57.743,0.021,3,3,0.9999998,1.6177214e-10,4.276578e-08,2.8096974e-08,0.9999998
511,149,walking,2021-05-07 10:42:56.763,2021-05-07 10:42:58.743,0.021,3,3,0.99999934,2.2417082e-09,3.2255366e-07,2.6349673e-07,0.99999934
511,149,walking,2021-05-07 10:42:57.763,2021-05-07 10:42:59.743,0.021,3,3,0.99999946,1.8415819e-09,3.0264522e-07,2.2394093e-07,0.99999946
511,149,walking,2021-05-07 10:42:58.763,2021-05-07 10:43:00.743,0.021,3,3,0.99982715,1.0997206e-06,6.759848e-05,0.000104094936,0.99982715
511,149,walking,2021-05-07 10:42:59.763,2021-05-07 10:43:01.743,0.021,3,3,0.99821794,9.464542e-06,0.0005730555,0.0011995436,0.99821794
511,149,walking,2021-05-07 10:43:00.763,2021-05-07 10:43:02.743,0.021,3,3,0.99944645,1.9280692e-06,0.00015563806,0.0003960245,0.99944645
511,149,walking,2021-05-07 10:43:01.763,2021-05-07 10:43:03.743,0.021,3,3,0.99992746,2.9756652e-07,2.6378579e-05,4.578905e-05,0.99992746
511,149,walking,2021-05-07 10:43:02.763,2021-05-07 10:43:04.743,0.021,3,3,0.9997107,1.7014992e-06,0.00011845845,0.00016913297,0.9997107
511,149,walking,2021-05-07 10:43:03.763,2021-05-07 10:43:05.743,0.021,3,3,0.9999985,3.222084e-09,6.2202975e-07,7.6429933e-07,0.9999985
511,149,walking,2021-05-07 10:43:04.763,2021-05-07 10:43:06.743,0.021,3,3,0.99999887,3.6649852e-09,5.687718e-07,5.373147e-07,0.99999887
511,149,walking,2021-05-07 10:43:05.763,2021-05-07 10:43:07.743,0.021,3,3,0.9999997,4.5351506e-10,1.0670415e-07,7.446793e-08,0.9999997
511,149,walking,2021-05-07 10:43:06.763,2021-05-07 10:43:08.743,0.021,3,3,0.99999994,1.6362927e-12,1.1688254e-09,5.3411164e-10,0.99999994
511,149,walking,2021-05-07 10:43:07.763,2021-05-07 10:43:09.743,0.021,3,3,0.99999994,5.61327e-12,3.0565062e-09,1.0892262e-09,0.99999994
511,149,walking,2021-05-07 10:43:08.763,2021-05-07 10:43:10.743,0.021,3,3,0.99999994,8.429093e-11,2.4220231e-08,1.0582226e-08,0.99999994
511,149,walking,2021-05-07 10:43:09.763,2021-05-07 10:43:11.743,0.021,3,3,0.99999946,1.486043e-09,2.5224935e-07,1.7884855e-07,0.99999946
511,149,walking,2021-05-07 10:43:10.763,2021-05-07 10:43:12.743,0.021,3,3,0.9999996,1.2466355e-09,2.4097616e-07,1.6790216e-07,0.9999996
511,149,walking,2021-05-07 10:43:11.763,2021-05-07 10:43:13.743,0.021,3,3,0.9999998,1.5015193e-10,4.3021117e-08,2.4031287e-08,0.9999998
511,149,walking,2021-05-07 10:43:12.763,2021-05-07 10:43:14.743,0.021,3,3,0.9999998,3.84261e-10,8.695795e-08,5.399197e-08,0.9999998
511,149,walking,2021-05-07 10:43:13.763,2021-05-07 10:43:15.743,0.021,3,3,0.9999998,1.772397e-10,4.663863e-08,2.811311e-08,0.9999998
511,149,walking,2021-05-07 10:43:14.763,2021-05-07 10:43:16.743,0.021,3,3,0.99999994,8.561211e-11,2.7860093e-08,1.46830015e-08,0.99999994
511,149,walking,2021-05-07 10:43:15.763,2021-05-07 10:43:17.743,0.021,3,3,0.99999946,1.604465e-09,2.7789218e-07,1.6297551e-07,0.99999946
511,149,walking,2021-05-07 10:43:16.763,2021-05-07 10:43:18.743,0.021,3,3,0.9999997,8.786481e-10,1.622371e-07,9.584365e-08,0.9999997
511,149,walking,2021-05-07 10:43:17.763,2021-05-07 10:43:19.743,0.021,3,3,0.9999998,3.4644973e-10,8.195833e-08,4.6540084e-08,0.9999998
511,149,walking,2021-05-07 10:43:18.763,2021-05-07 10:43:20.743,0.021,3,3,0.9999998,1.836394e-10,4.975406e-08,2.3026404e-08,0.9999998
511,149,walking,2021-05-07 10:43:19.763,2021-05-07 10:43:21.743,0.021,3,3,0.99999994,9.891404e-11,2.8887863e-08,1.324562e-08,0.99999994
511,149,walking,2021-05-07 10:43:20.763,2021-05-07 10:43:22.743,0.021,3,3,0.99999994,5.9480272e-12,2.9180856e-09,1.069704e-09,0.99999994
511,149,walking,2021-05-07 10:43:21.763,2021-05-07 10:43:23.743,0.021,3,3,0.99999994,1.7097405e-13,1.781871e-10,4.966174e-11,0.99999994
511,149,walking,2021-05-07 10:43:22.763,2021-05-07 10:43:24.743,0.021,3,3,0.99999994,1.1832454e-10,3.683373e-08,1.7416752e-08,0.99999994
511,149,walking,2021-05-07 10:43:23.763,2021-05-07 10:43:25.743,0.021,3,3,0.9999997,8.9795044e-10,1.7588044e-07,8.7428084e-08,0.9999997
511,149,walking,2021-05-07 10:43:24.763,2021-05-07 10:43:26.743,0.021,3,3,0.9999997,9.228091e-10,1.7180552e-07,9.331039e-08,0.9999997
511,149,walking,2021-05-07 10:43:25.763,2021-05-07 10:43:27.743,0.021,3,3,0.99999994,1.2413251e-10,3.2396592e-08,1.2786751e-08,0.99999994
511,149,walking,2021-05-07 10:43:26.763,2021-05-07 10:43:28.743,0.021,3,3,0.99999994,3.582354e-11,1.4161123e-08,5.9807657e-09,0.99999994
511,149,walking,2021-05-07 10:43:27.763,2021-05-07 10:43:29.743,0.021,3,3,0.9999998,3.7569625e-10,9.045042e-08,5.3618006e-08,0.9999998
511,149,walking,2021-05-07 10:43:28.763,2021-05-07 10:43:30.743,0.021,3,3,0.99999994,1.04886946e-10,3.1274574e-08,1.7602638e-08,0.99999994
511,149,walking,2021-05-07 10:43:29.763,2021-05-07 10:43:31.743,0.021,3,3,0.9999992,2.3517825e-09,3.90032e-07,2.7529836e-07,0.9999992
511,149,walking,2021-05-07 10:43:30.763,2021-05-07 10:43:32.743,0.021,3,3,0.9999998,1.5252753e-10,4.3048452e-08,2.4822702e-08,0.9999998
511,149,walking,2021-05-07 10:43:31.763,2021-05-07 10:43:33.743,0.021,3,3,0.99999994,3.4545942e-13,2.9950264e-10,9.789955e-11,0.99999994
511,149,walking,2021-05-07 10:43:32.763,2021-05-07 10:43:34.743,0.021,3,3,0.99999994,1.6729543e-15,4.3415883e-12,1.0241415e-12,0.99999994
511,149,walking,2021-05-07 10:43:33.763,2021-05-07 10:43:35.743,0.021,3,3,0.99999994,8.0167175e-12,3.8809658e-09,1.8039596e-09,0.99999994
511,149,walking,2021-05-07 10:43:34.763,2021-05-07 10:43:36.743,0.021,3,3,0.9999992,2.730765e-09,4.2486622e-07,3.0691493e-07,0.9999992
511,149,walking,2021-05-07 10:43:35.763,2021-05-07 10:43:37.743,0.021,3,3,0.99999994,3.677639e-11,1.2638866e-08,5.995499e-09,0.99999994
511,149,walking,2021-05-07 10:43:36.763,2021-05-07 10:43:38.743,0.021,3,3,0.99999994,8.969557e-11,2.7692836e-08,1.5342696e-08,0.99999994
511,149,walking,2021-05-07 10:43:37.763,2021-05-07 10:43:39.743,0.021,3,3,0.9999998,1.3133682e-10,3.982493e-08,1.9823743e-08,0.9999998
511,149,walking,2021-05-07 10:43:38.763,2021-05-07 10:43:40.743,0.021,3,3,0.99999994,1.1073136e-10,3.7017692e-08,1.9410122e-08,0.99999994
511,149,walking,2021-05-07 10:43:39.763,2021-05-07 10:43:41.743,0.021,3,3,0.99999994,7.626345e-11,2.5861645e-08,1.4542197e-08,0.99999994
511,149,walking,2021-05-07 10:43:40.763,2021-05-07 10:43:42.743,0.021,3,3,0.99999994,1.8537875e-12,1.2022946e-09,4.705551e-10,0.99999994
511,149,walking,2021-05-07 10:43:41.763,2021-05-07 10:43:43.743,0.021,3,3,0.99999994,3.8520832e-14,5.3090286e-11,1.45430066e-11,0.99999994
511,149,walking,2021-05-07 10:43:42.763,2021-05-07 10:43:44.743,0.021,3,3,0.99999994,5.9210617e-13,5.4536436e-10,2.0828052e-10,0.99999994
511,149,walking,2021-05-07 10:43:43.763,2021-05-07 10:43:45.743,0.021,3,3,0.9999996,9.479616e-10,1.9028636e-07,1.3170951e-07,0.9999996
511,149,walking,2021-05-07 10:43:44.763,2021-05-07 10:43:46.743,0.021,3,3,0.9999985,5.6125105e-09,7.563494e-07,6.319837e-07,0.9999985
511,149,walking,2021-05-07 10:43:45.763,2021-05-07 10:43:47.743,0.021,3,3,0.999993,2.894574e-08,3.0623837e-06,3.8022995e-06,0.999993
511,149,walking,2021-05-07 10:43:46.763,2021-05-07 10:43:48.743,0.021,3,3,0.9999661,1.4959211e-07,1.2847197e-05,2.0891674e-05,0.9999661
511,149,walking,2021-05-07 10:43:47.763,2021-05-07 10:43:49.743,0.021,3,3,0.9999998,1.4500413e-10,4.1188056e-08,2.1121673e-08,0.9999998
511,149,walking,2021-05-07 10:43:48.763,2021-05-07 10:43:50.743,0.021,3,3,0.99999994,3.6092733e-11,1.3611088e-08,5.7944796e-09,0.99999994
511,149,walking,2021-05-07 10:43:49.763,2021-05-07 10:43:51.743,0.021,3,3,0.99999994,4.8213013e-11,1.8285423e-08,1.0092894e-08,0.99999994
511,149,walking,2021-05-07 10:43:50.763,2021-05-07 10:43:52.743,0.021,3,3,0.99999994,7.579549e-11,2.3549092e-08,1.2197318e-08,0.99999994
511,149,walking,2021-05-07 10:43:51.763,2021-05-07 10:43:53.743,0.021,3,3,0.9999996,1.0638965e-09,1.8307675e-07,1.1630741e-07,0.9999996
511,149,walking,2021-05-07 10:43:52.763,2021-05-07 10:43:54.743,0.021,3,3,0.9999991,2.8162666e-09,4.517082e-07,3.542298e-07,0.9999991
511,149,walking,2021-05-07 10:43:53.763,2021-05-07 10:43:55.743,0.021,3,3,0.9999986,5.416702e-09,7.6497327e-07,5.61529e-07,0.9999986
511,149,walking,2021-05-07 10:43:54.763,2021-05-07 10:43:56.743,0.021,3,3,0.99999875,4.619889e-09,6.70797e-07,5.162837e-07,0.99999875
511,149,walking,2021-05-07 10:43:55.763,2021-05-07 10:43:57.743,0.021,3,3,0.99999887,4.5256354e-09,6.530983e-07,4.6809583e-07,0.99999887
511,149,walking,2021-05-07 10:43:56.763,2021-05-07 10:43:58.743,0.021,3,3,0.9999991,2.7418605e-09,4.5919586e-07,3.3350105e-07,0.9999991
511,149,walking,2021-05-07 10:43:57.763,2021-05-07 10:43:59.743,0.021,3,3,0.9999998,3.2275363e-10,7.56464e-08,4.3888633e-08,0.9999998
511,149,walking,2021-05-07 10:43:58.763,2021-05-07 10:44:00.743,0.021,3,3,0.9999996,1.1419126e-09,2.0957728e-07,1.6381793e-07,0.9999996
511,149,walking,2021-05-07 10:43:59.763,2021-05-07 10:44:01.743,0.021,3,3,0.9999986,5.1141305e-09,7.2331375e-07,6.0315705e-07,0.9999986
511,149,walking,2021-05-07 10:44:00.763,2021-05-07 10:44:02.743,0.021,3,3,0.999999,3.6139027e-09,5.442315e-07,4.057176e-07,0.999999
511,149,walking,2021-05-07 10:44:01.763,2021-05-07 10:44:03.743,0.021,3,3,0.99999946,1.7186267e-09,3.051577e-07,2.2105665e-07,0.99999946
511,149,walking,2021-05-07 10:44:02.763,2021-05-07 10:44:04.743,0.021,3,3,0.9999996,1.1859979e-09,2.385497e-07,1.7077718e-07,0.9999996
511,149,walking,2021-05-07 10:44:03.763,2021-05-07 10:44:05.743,0.021,3,3,0.9999948,2.5648172e-08,2.757637e-06,2.2986908e-06,0.9999948
511,149,walking,2021-05-07 10:44:04.763,2021-05-07 10:44:06.743,0.021,3,3,0.999999,3.5533847e-09,5.178499e-07,3.9267434e-07,0.999999
511,149,walking,2021-05-07 10:44:05.763,2021-05-07 10:44:07.743,0.021,3,3,0.9999998,3.9183984e-10,8.906833e-08,6.074847e-08,0.9999998
511,149,walking,2021-05-07 10:44:06.763,2021-05-07 10:44:08.743,0.021,3,3,0.9999998,4.2784828e-10,1.0129405e-07,6.9201825e-08,0.9999998
511,149,walking,2021-05-07 10:44:07.763,2021-05-07 10:44:09.743,0.021,3,3,0.9999998,3.52115e-10,7.844571e-08,4.752993e-08,0.9999998
511,149,walking,2021-05-07 10:44:08.763,2021-05-07 10:44:10.743,0.021,3,3,0.9999998,2.0322297e-10,5.065666e-08,2.8106514e-08,0.9999998
511,149,walking,2021-05-07 10:44:09.763,2021-05-07 10:44:11.743,0.021,3,3,0.9999997,5.2537874e-10,1.2062543e-07,7.67688e-08,0.9999997
511,149,walking,2021-05-07 10:44:10.763,2021-05-07 10:44:12.743,0.021,3,3,0.9999997,7.818973e-10,1.5715413e-07,9.0702116e-08,0.9999997
511,149,walking,2021-05-07 10:44:11.763,2021-05-07 10:44:13.743,0.021,3,3,0.99999994,7.469358e-11,2.2470058e-08,1.0438034e-08,0.99999994
511,149,walking,2021-05-07 10:44:12.763,2021-05-07 10:44:14.743,0.021,3,3,0.9999998,4.8120885e-10,1.0692378e-07,6.089104e-08,0.9999998
511,149,walking,2021-05-07 10:44:13.763,2021-05-07 10:44:15.743,0.021,3,3,0.9999986,5.828624e-09,7.64419e-07,5.3173727e-07,0.9999986
511,149,walking,2021-05-07 10:44:14.763,2021-05-07 10:44:16.743,0.021,3,3,0.9999997,6.480933e-10,1.2612885e-07,7.452319e-08,0.9999997
511,149,walking,2021-05-07 10:44:15.763,2021-05-07 10:44:17.743,0.021,3,3,0.99999994,1.155547e-10,3.3376935e-08,2.0277136e-08,0.99999994
511,149,walking,2021-05-07 10:44:16.763,2021-05-07 10:44:18.743,0.021,3,3,0.9999998,2.394337e-10,5.8875056e-08,3.0324205e-08,0.9999998
511,149,walking,2021-05-07 10:44:17.763,2021-05-07 10:44:19.743,0.021,3,3,0.99999994,2.1638701e-11,8.218465e-09,3.404645e-09,0.99999994
511,149,walking,2021-05-07 10:44:18.763,2021-05-07 10:44:20.743,0.021,3,3,0.99999994,3.9461327e-11,1.4321438e-08,7.136718e-09,0.99999994
511,149,walking,2021-05-07 10:44:19.763,2021-05-07 10:44:21.743,0.021,3,3,0.9999991,2.7338707e-09,4.4406855e-07,3.364605e-07,0.9999991
511,149,walking,2021-05-07 10:44:20.763,2021-05-07 10:44:22.743,0.021,3,3,0.9999996,1.1499779e-09,2.145491e-07,1.5405716e-07,0.9999996
511,149,walking,2021-05-07 10:44:21.763,2021-05-07 10:44:23.743,0.021,3,3,0.99999994,5.7648858e-11,1.9008247e-08,9.763504e-09,0.99999994
511,149,walking,2021-05-07 10:44:22.763,2021-05-07 10:44:24.743,0.021,3,3,0.99999994,3.5610631e-12,2.100756e-09,8.438298e-10,0.99999994
511,149,walking,2021-05-07 10:44:23.763,2021-05-07 10:44:25.743,0.021,3,3,0.9999998,2.2475605e-10,5.7244296e-08,3.053157e-08,0.9999998
511,149,walking,2021-05-07 10:44:24.763,2021-05-07 10:44:26.743,0.021,3,3,0.9999997,6.899048e-10,1.3737025e-07,8.0734324e-08,0.9999997
511,149,walking,2021-05-07 10:44:25.763,2021-05-07 10:44:27.743,0.021,3,3,0.9999998,2.4291635e-10,5.8256106e-08,3.3515235e-08,0.9999998
511,149,walking,2021-05-07 10:44:26.763,2021-05-07 10:44:28.743,0.021,3,3,0.9999998,2.3214858e-10,6.3158055e-08,3.8225114e-08,0.9999998
511,149,walking,2021-05-07 10:44:27.763,2021-05-07 10:44:29.743,0.021,3,3,0.9999992,2.7451732e-09,4.3587386e-07,3.01325e-07,0.9999992
511,149,walking,2021-05-07 10:44:28.763,2021-05-07 10:44:30.743,0.021,3,3,0.99999994,1.3637477e-10,3.8377948e-08,2.0769559e-08,0.99999994
511,149,walking,2021-05-07 10:44:29.763,2021-05-07 10:44:31.743,0.021,3,3,0.99999887,4.7327404e-09,6.281611e-07,3.946377e-07,0.99999887
511,152,standing,2021-05-07 10:44:33.083,2021-05-07 10:44:35.063,0.021,2,2,0.642112,0.0012068517,0.21297805,0.642112,0.14370315
511,152,standing,2021-05-07 10:44:34.083,2021-05-07 10:44:36.063,0.021,2,2,0.7467346,0.0010429755,0.2126975,0.7467346,0.03952486
511,156,standing,2021-05-07 10:44:38.923,2021-05-07 10:44:40.903,0.021,2,2,0.66477257,0.0011425561,0.26272458,0.66477257,0.07136025
511,156,standing,2021-05-07 10:44:39.923,2021-05-07 10:44:41.903,0.021,2,2,0.6888315,0.0010755368,0.2709607,0.6888315,0.039132208
511,156,standing,2021-05-07 10:44:40.923,2021-05-07 10:44:42.903,0.021,2,2,0.6746121,0.0011461172,0.25212687,0.6746121,0.07211493
511,156,standing,2021-05-07 10:44:41.923,2021-05-07 10:44:43.903,0.021,2,2,0.6731175,0.0012196379,0.23075573,0.6731175,0.094907194
511,156,standing,2021-05-07 10:44:42.923,2021-05-07 10:44:44.903,0.021,2,2,0.71403277,0.0011238246,0.23417324,0.71403277,0.050670207
511,156,standing,2021-05-07 10:44:43.923,2021-05-07 10:44:45.903,0.021,2,2,0.43861577,0.0011313289,0.18262966,0.43861577,0.37762314
511,156,standing,2021-05-07 10:44:44.923,2021-05-07 10:44:46.903,0.021,2,3,0.623944,0.0008590958,0.11451181,0.260685,0.623944
511,156,standing,2021-05-07 10:44:45.923,2021-05-07 10:44:47.903,0.021,2,2,0.7124051,0.0011310752,0.2401335,0.7124051,0.0463303
511,156,standing,2021-05-07 10:44:46.923,2021-05-07 10:44:48.903,0.021,2,2,0.707788,0.0010037879,0.2601918,0.707788,0.031016449
511,156,standing,2021-05-07 10:44:47.923,2021-05-07 10:44:49.903,0.021,2,2,0.6932348,0.0009640223,0.28439623,0.6932348,0.021404916
511,156,standing,2021-05-07 10:44:48.923,2021-05-07 10:44:50.903,0.021,2,2,0.6956005,0.001038252,0.2709415,0.6956005,0.032419752
511,156,standing,2021-05-07 10:44:49.923,2021-05-07 10:44:51.903,0.021,2,2,0.7073905,0.0009881543,0.26300392,0.7073905,0.028617434
511,156,standing,2021-05-07 10:44:50.923,2021-05-07 10:44:52.903,0.021,2,2,0.7055189,0.000967921,0.2678312,0.7055189,0.025682071
511,156,standing,2021-05-07 10:44:51.923,2021-05-07 10:44:53.903,0.021,2,2,0.6885453,0.0010617874,0.25485262,0.6885453,0.055540286
511,156,standing,2021-05-07 10:44:52.923,2021-05-07 10:44:54.903,0.021,2,2,0.65037334,0.0012092479,0.26855168,0.65037334,0.07986575
511,156,standing,2021-05-07 10:44:53.923,2021-05-07 10:44:55.903,0.021,2,2,0.66521794,0.0010159278,0.28194928,0.66521794,0.05181682
511,159,walking,2021-05-07 10:44:57.284,2021-05-07 10:44:59.263,0.021,3,3,0.999784,1.1817747e-06,8.261975e-05,0.0001321473,0.999784
511,159,walking,2021-05-07 10:44:58.284,2021-05-07 10:45:00.263,0.021,3,3,0.99999243,3.248725e-08,3.4943992e-06,3.972893e-06,0.99999243
511,159,walking,2021-05-07 10:44:59.284,2021-05-07 10:45:01.263,0.021,3,3,0.99995834,2.2604884e-07,1.8422108e-05,2.2951666e-05,0.99995834
511,159,walking,2021-05-07 10:45:00.283,2021-05-07 10:45:02.263,0.021,3,3,0.99999136,4.161785e-08,4.446972e-06,4.152144e-06,0.99999136
511,159,walking,2021-05-07 10:45:01.283,2021-05-07 10:45:03.263,0.021,3,3,0.99999946,1.6077581e-09,3.095482e-07,2.0905246e-07,0.99999946
511,159,walking,2021-05-07 10:45:02.283,2021-05-07 10:45:04.263,0.021,3,3,0.9999855,7.6305824e-08,7.256786e-06,7.1131703e-06,0.9999855
511,159,walking,2021-05-07 10:45:03.283,2021-05-07 10:45:05.263,0.021,3,3,0.9999812,1.000844e-07,8.855798e-06,9.814447e-06,0.9999812
511,159,walking,2021-05-07 10:45:04.283,2021-05-07 10:45:06.263,0.021,3,3,0.99999326,2.8299555e-08,3.1922298e-06,3.4019367e-06,0.99999326
511,159,walking,2021-05-07 10:45:05.283,2021-05-07 10:45:07.263,0.021,3,3,0.99999803,6.3389383e-09,9.691295e-07,8.9516806e-07,0.99999803
511,159,walking,2021-05-07 10:45:06.283,2021-05-07 10:45:08.263,0.021,3,3,0.9999984,6.0793557e-09,8.675996e-07,7.2342743e-07,0.9999984
511,159,walking,2021-05-07 10:45:07.283,2021-05-07 10:45:09.263,0.021,3,3,0.99999875,4.195543e-09,6.673864e-07,5.5543717e-07,0.99999875
511,159,walking,2021-05-07 10:45:08.284,2021-05-07 10:45:10.263,0.021,3,3,0.9999996,8.6093715e-10,1.9671147e-07,1.4166976e-07,0.9999996
511,159,walking,2021-05-07 10:45:09.284,2021-05-07 10:45:11.263,0.021,3,3,0.9999991,2.4887572e-09,4.3038014e-07,3.4667607e-07,0.9999991
511,159,walking,2021-05-07 10:45:10.284,2021-05-07 10:45:12.263,0.021,3,3,0.9999978,8.676239e-09,1.1542462e-06,9.816974e-07,0.9999978
511,159,walking,2021-05-07 10:45:11.284,2021-05-07 10:45:13.263,0.021,3,3,0.99999446,2.3930665e-08,2.7580018e-06,2.6503492e-06,0.99999446
511,159,walking,2021-05-07 10:45:12.284,2021-05-07 10:45:14.263,0.021,3,3,0.99999624,1.5685375e-08,1.9787576e-06,1.760291e-06,0.99999624
511,159,walking,2021-05-07 10:45:13.284,2021-05-07 10:45:15.263,0.021,3,3,0.9999996,1.1545933e-09,2.1160369e-07,1.35673e-07,0.9999996
511,159,walking,2021-05-07 10:45:14.284,2021-05-07 10:45:16.263,0.021,3,3,0.99999934,2.022258e-09,3.404481e-07,2.2868943e-07,0.99999934
511,159,walking,2021-05-07 10:45:15.284,2021-05-07 10:45:17.263,0.021,3,3,0.9999977,8.589497e-09,1.2183596e-06,1.0060745e-06,0.9999977
511,159,walking,2021-05-07 10:45:16.284,2021-05-07 10:45:18.263,0.021,3,3,0.9999985,5.3045826e-09,7.7077664e-07,6.712269e-07,0.9999985
511,159,walking,2021-05-07 10:45:17.284,2021-05-07 10:45:19.263,0.021,3,3,0.9999998,4.4189719e-10,9.962097e-08,7.044527e-08,0.9999998
511,159,walking,2021-05-07 10:45:18.284,2021-05-07 10:45:20.263,0.021,3,3,0.99999946,1.5684668e-09,2.7966843e-07,2.1989958e-07,0.99999946
511,159,walking,2021-05-07 10:45:19.284,2021-05-07 10:45:21.263,0.021,3,3,0.99999386,2.4900844e-08,2.8504835e-06,3.2411137e-06,0.99999386
511,159,walking,2021-05-07 10:45:20.284,2021-05-07 10:45:22.263,0.021,3,3,0.99997884,1.223535e-07,9.843952e-06,1.1089755e-05,0.99997884
511,159,walking,2021-05-07 10:45:21.284,2021-05-07 10:45:23.263,0.021,3,3,0.9999872,6.129145e-08,5.7592224e-06,6.9372227e-06,0.9999872
511,159,walking,2021-05-07 10:45:22.284,2021-05-07 10:45:24.263,0.021,3,3,0.9999824,8.3793786e-08,7.504925e-06,9.88064e-06,0.9999824
511,159,walking,2021-05-07 10:45:23.284,2021-05-07 10:45:25.263,0.021,3,3,0.9999948,1.8361169e-08,2.3511814e-06,2.7249664e-06,0.9999948
511,159,walking,2021-05-07 10:45:24.284,2021-05-07 10:45:26.263,0.021,3,3,0.9999662,1.8004737e-07,1.50286505e-05,1.8570849e-05,0.9999662
511,159,walking,2021-05-07 10:45:25.284,2021-05-07 10:45:27.263,0.021,3,3,0.99999744,1.0345545e-08,1.364015e-06,1.1846993e-06,0.99999744
511,159,walking,2021-05-07 10:45:26.284,2021-05-07 10:45:28.263,0.021,3,3,0.9999967,1.2630197e-08,1.4942253e-06,1.6772716e-06,0.9999967
511,159,walking,2021-05-07 10:45:27.284,2021-05-07 10:45:29.263,0.021,3,3,0.99999195,3.086743e-08,3.3454462e-06,4.5971206e-06,0.99999195
511,159,walking,2021-05-07 10:45:28.284,2021-05-07 10:45:30.263,0.021,3,3,0.999993,2.7704374e-08,3.2364226e-06,3.6111958e-06,0.999993
511,159,walking,2021-05-07 10:45:29.284,2021-05-07 10:45:31.263,0.021,3,3,0.99998766,6.262015e-08,6.022294e-06,6.191989e-06,0.99998766
511,159,walking,2021-05-07 10:45:30.284,2021-05-07 10:45:32.263,0.021,3,3,0.999993,3.075569e-08,3.383658e-06,3.4418924e-06,0.999993
511,159,walking,2021-05-07 10:45:31.284,2021-05-07 10:45:33.263,0.021,3,3,0.99999696,1.105931e-08,1.5381198e-06,1.4561598e-06,0.99999696
511,159,walking,2021-05-07 10:45:32.284,2021-05-07 10:45:34.263,0.021,3,3,0.9999992,2.5638638e-09,4.3097452e-07,3.1210925e-07,0.9999992
511,159,walking,2021-05-07 10:45:33.284,2021-05-07 10:45:35.263,0.021,3,3,0.9999998,2.0727586e-10,5.6260895e-08,3.4344072e-08,0.9999998
511,159,walking,2021-05-07 10:45:34.284,2021-05-07 10:45:36.263,0.021,3,3,0.99999994,5.9503444e-11,2.1870514e-08,1.2988039e-08,0.99999994
511,159,walking,2021-05-07 10:45:35.284,2021-05-07 10:45:37.263,0.021,3,3,0.9999978,8.542884e-09,1.1178324e-06,1.0582456e-06,0.9999978
511,159,walking,2021-05-07 10:45:36.284,2021-05-07 10:45:38.263,0.021,3,3,0.9999903,4.252891e-08,4.541376e-06,5.03405e-06,0.9999903
511,159,walking,2021-05-07 10:45:37.284,2021-05-07 10:45:39.263,0.021,3,3,0.99999696,1.1875526e-08,1.5019879e-06,1.4098665e-06,0.99999696
511,159,walking,2021-05-07 10:45:38.284,2021-05-07 10:45:40.263,0.021,3,3,0.9999986,4.9236832e-09,7.430974e-07,5.728538e-07,0.9999986
511,159,walking,2021-05-07 10:45:39.284,2021-05-07 10:45:41.263,0.021,3,3,0.9999841,8.32099e-08,7.740565e-06,8.056862e-06,0.9999841
511,159,walking,2021-05-07 10:45:40.284,2021-05-07 10:45:42.263,0.021,3,3,0.99946016,3.319653e-06,0.0001861837,0.00035036236,0.99946016
511,160,standing,2021-05-07 10:45:42.324,2021-05-07 10:45:44.304,0.021,2,2,0.77608454,0.0012458054,0.1834578,0.77608454,0.039211787
511,160,standing,2021-05-07 10:45:43.324,2021-05-07 10:45:45.304,0.021,2,2,0.7358041,0.0012240068,0.20655563,0.7358041,0.056416325
511,160,standing,2021-05-07 10:45:44.324,2021-05-07 10:45:46.304,0.021,2,2,0.7272344,0.0010915577,0.23491782,0.7272344,0.036756147
511,160,standing,2021-05-07 10:45:45.324,2021-05-07 10:45:47.304,0.021,2,2,0.73661035,0.0010323563,0.2425091,0.73661035,0.019848168
511,160,standing,2021-05-07 10:45:46.324,2021-05-07 10:45:48.304,0.021,2,2,0.66857105,0.0012412824,0.21268646,0.66857105,0.117501274
511,160,standing,2021-05-07 10:45:47.324,2021-05-07 10:45:49.304,0.021,2,2,0.7414062,0.0011543446,0.19955075,0.7414062,0.057888664
511,160,standing,2021-05-07 10:45:48.324,2021-05-07 10:45:50.304,0.021,2,2,0.7836109,0.00096541113,0.20267606,0.7836109,0.012747566
511,160,standing,2021-05-07 10:45:49.324,2021-05-07 10:45:51.304,0.021,2,2,0.777175,0.0009926261,0.20292152,0.777175,0.01891091
511,160,standing,2021-05-07 10:45:50.324,2021-05-07 10:45:52.304,0.021,2,2,0.77047503,0.0010238396,0.20940837,0.77047503,0.019092722
511,160,standing,2021-05-07 10:45:51.324,2021-05-07 10:45:53.304,0.021,2,2,0.76666635,0.001055928,0.21258244,0.76666635,0.019695245
511,160,standing,2021-05-07 10:45:52.324,2021-05-07 10:45:54.304,0.021,2,2,0.774461,0.0009972618,0.2075555,0.774461,0.016986275
511,160,standing,2021-05-07 10:45:53.324,2021-05-07 10:45:55.304,0.021,2,2,0.77590454,0.0009551961,0.20711492,0.77590454,0.016025303
511,160,standing,2021-05-07 10:45:54.324,2021-05-07 10:45:56.304,0.021,2,2,0.77497756,0.0009115387,0.21176757,0.77497756,0.01234328
511,160,standing,2021-05-07 10:45:55.324,2021-05-07 10:45:57.304,0.021,2,2,0.7816325,0.00094297837,0.20707732,0.7816325,0.010347188
511,160,standing,2021-05-07 10:45:56.324,2021-05-07 10:45:58.304,0.021,2,2,0.7847915,0.0009385539,0.20177576,0.7847915,0.012494066
511,160,standing,2021-05-07 10:45:57.324,2021-05-07 10:45:59.304,0.021,2,2,0.78335285,0.00094276515,0.2012522,0.78335285,0.014452227
511,160,standing,2021-05-07 10:45:58.324,2021-05-07 10:46:00.303,0.021,2,2,0.78643304,0.00094984355,0.1987604,0.78643304,0.013856701
511,160,standing,2021-05-07 10:45:59.324,2021-05-07 10:46:01.303,0.021,2,2,0.78701055,0.00094497885,0.19671865,0.78701055,0.015325777
511,160,standing,2021-05-07 10:46:00.323,2021-05-07 10:46:02.303,0.021,2,2,0.7910677,0.0009523029,0.19578215,0.7910677,0.0121977795
511,160,standing,2021-05-07 10:46:01.323,2021-05-07 10:46:03.303,0.021,2,2,0.8004847,0.0009870616,0.18879196,0.8004847,0.00973625
511,160,standing,2021-05-07 10:46:02.323,2021-05-07 10:46:04.303,0.021,2,2,0.8046598,0.0009792829,0.18336427,0.8046598,0.010996685
511,160,standing,2021-05-07 10:46:03.323,2021-05-07 10:46:05.303,0.021,2,2,0.800582,0.0009816267,0.18635999,0.800582,0.012076339
511,160,standing,2021-05-07 10:46:04.323,2021-05-07 10:46:06.303,0.021,2,2,0.7820916,0.0010235809,0.20325378,0.7820916,0.013631096
511,160,standing,2021-05-07 10:46:05.323,2021-05-07 10:46:07.303,0.021,2,2,0.76213384,0.0009936937,0.22195347,0.76213384,0.014918995
511,160,standing,2021-05-07 10:46:06.323,2021-05-07 10:46:08.303,0.021,2,2,0.7523865,0.0011006151,0.22863497,0.7523865,0.01787797
511,161,walking,2021-05-07 10:46:08.524,2021-05-07 10:46:10.503,0.021,3,3,0.719458,0.00072046655,0.07307728,0.2067443,0.719458
511,161,walking,2021-05-07 10:46:09.524,2021-05-07 10:46:11.503,0.021,3,3,0.9715952,0.0001027241,0.008149711,0.020152273,0.9715952
511,161,walking,2021-05-07 10:46:10.524,2021-05-07 10:46:12.503,0.021,3,3,0.96995735,0.00010375878,0.0072743576,0.022664515,0.96995735
511,161,walking,2021-05-07 10:46:11.524,2021-05-07 10:46:13.503,0.021,3,3,0.98505884,6.0257484e-05,0.0043402044,0.010540649,0.98505884
511,161,walking,2021-05-07 10:46:12.524,2021-05-07 10:46:14.503,0.021,3,3,0.9994166,3.1251207e-06,0.00021169697,0.00036855173,0.9994166
511,161,walking,2021-05-07 10:46:13.524,2021-05-07 10:46:15.503,0.021,3,3,0.97931445,8.310635e-05,0.005185837,0.015416604,0.97931445
511,165,walking,2021-05-07 10:46:18.044,2021-05-07 10:46:20.024,0.021,3,3,0.7114262,0.00063024653,0.06300351,0.22494,0.7114262
511,165,walking,2021-05-07 10:46:19.044,2021-05-07 10:46:21.024,0.021,3,3,0.9672187,9.418496e-05,0.008197636,0.024489386,0.9672187
511,165,walking,2021-05-07 10:46:20.044,2021-05-07 10:46:22.024,0.021,3,3,0.9183527,0.0002345894,0.020151548,0.06126107,0.9183527
511,165,walking,2021-05-07 10:46:21.044,2021-05-07 10:46:23.024,0.021,3,3,0.9719929,0.00010181842,0.0073546655,0.020550596,0.9719929
511,165,walking,2021-05-07 10:46:22.044,2021-05-07 10:46:24.024,0.021,3,3,0.9764931,7.506163e-05,0.006520433,0.016911449,0.9764931
511,165,walking,2021-05-07 10:46:23.044,2021-05-07 10:46:25.024,0.021,3,3,0.9979394,1.2829292e-05,0.00077122793,0.0012765598,0.9979394
511,165,walking,2021-05-07 10:46:24.044,2021-05-07 10:46:26.024,0.021,3,3,0.9998844,6.303239e-07,4.5864566e-05,6.896159e-05,0.9998844
511,165,walking,2021-05-07 10:46:25.044,2021-05-07 10:46:27.024,0.021,3,3,0.99982595,8.309599e-07,6.139638e-05,0.00011174466,0.99982595
511,165,walking,2021-05-07 10:46:26.044,2021-05-07 10:46:28.024,0.021,3,3,0.987198,6.948601e-05,0.0037228419,0.00900966,0.987198
511,165,walking,2021-05-07 10:46:27.044,2021-05-07 10:46:29.024,0.021,3,3,0.9985947,6.3130997e-06,0.00043256162,0.00096644694,0.9985947
511,165,walking,2021-05-07 10:46:28.044,2021-05-07 10:46:30.024,0.021,3,3,0.9987539,8.237637e-06,0.00041922755,0.00081856654,0.9987539
511,165,walking,2021-05-07 10:46:29.044,2021-05-07 10:46:31.024,0.021,3,3,0.999592,2.1499502e-06,0.00015057086,0.00025511114,0.999592
511,165,walking,2021-05-07 10:46:30.044,2021-05-07 10:46:32.023,0.021,3,3,0.9986165,9.141775e-06,0.0005147889,0.0008595589,0.9986165
511,165,walking,2021-05-07 10:46:31.044,2021-05-07 10:46:33.023,0.021,3,3,0.9998703,7.364113e-07,5.5440272e-05,7.353607e-05,0.9998703
511,165,walking,2021-05-07 10:46:32.043,2021-05-07 10:46:34.023,0.021,3,3,0.99992114,4.493979e-07,3.3599696e-05,4.477437e-05,0.99992114
511,165,walking,2021-05-07 10:46:33.043,2021-05-07 10:46:35.023,0.021,3,3,0.9992522,4.800876e-06,0.00030185707,0.00044113086,0.9992522
511,165,walking,2021-05-07 10:46:34.043,2021-05-07 10:46:36.023,0.021,3,3,0.99950665,2.6446212e-06,0.00017997535,0.00031073415,0.99950665
511,165,walking,2021-05-07 10:46:35.043,2021-05-07 10:46:37.023,0.021,3,3,0.9812084,9.3229624e-05,0.0052488754,0.013449441,0.9812084
511,165,walking,2021-05-07 10:46:36.043,2021-05-07 10:46:38.023,0.021,3,3,0.87669903,0.0003778135,0.032351855,0.09057127,0.87669903
511,165,walking,2021-05-07 10:46:37.043,2021-05-07 10:46:39.023,0.021,3,3,0.9879213,4.3756452e-05,0.0032934132,0.008741527,0.9879213
511,165,walking,2021-05-07 10:46:38.043,2021-05-07 10:46:40.023,0.021,3,3,0.98951405,3.9947354e-05,0.0029389057,0.0075070173,0.98951405
511,165,walking,2021-05-07 10:46:39.043,2021-05-07 10:46:41.023,0.021,3,3,0.966471,0.00014092356,0.009488494,0.02389951,0.966471
511,165,walking,2021-05-07 10:46:40.043,2021-05-07 10:46:42.023,0.021,3,3,0.9968705,1.515581e-05,0.0009712525,0.0021430585,0.9968705
511,165,walking,2021-05-07 10:46:41.043,2021-05-07 10:46:43.023,0.021,3,3,0.9956627,2.0218566e-05,0.0012649487,0.0030521003,0.9956627
511,165,walking,2021-05-07 10:46:42.043,2021-05-07 10:46:44.023,0.021,3,3,0.9954733,2.4495694e-05,0.0014297692,0.0030724073,0.9954733
511,165,walking,2021-05-07 10:46:43.043,2021-05-07 10:46:45.023,0.021,3,3,0.99912405,4.522891e-06,0.0002930168,0.0005784,0.99912405
511,165,walking,2021-05-07 10:46:44.043,2021-05-07 10:46:46.023,0.021,3,3,0.9171065,0.00028268702,0.019177759,0.06343303,0.9171065
511,165,walking,2021-05-07 10:46:45.043,2021-05-07 10:46:47.023,0.021,3,3,0.87427676,0.00033966778,0.030614063,0.09476943,0.87427676
511,165,walking,2021-05-07 10:46:46.043,2021-05-07 10:46:48.023,0.021,3,3,0.9994455,3.0420304e-06,0.00020490671,0.0003464941,0.9994455
511,165,walking,2021-05-07 10:46:47.043,2021-05-07 10:46:49.023,0.021,3,3,0.99760336,1.4370165e-05,0.0007784751,0.0016037708,0.99760336
511,165,walking,2021-05-07 10:46:48.043,2021-05-07 10:46:50.023,0.021,3,3,0.9630164,0.00013073746,0.009065538,0.027787238,0.9630164
511,165,walking,2021-05-07 10:46:49.043,2021-05-07 10:46:51.023,0.021,3,2,0.4588105,0.0009894124,0.0980529,0.4588105,0.44214717
511,167,walking,2021-05-07 10:46:52.203,2021-05-07 10:46:54.183,0.021,3,3,0.999779,1.1088093e-06,8.073025e-05,0.00013913329,0.999779
511,167,walking,2021-05-07 10:46:53.203,2021-05-07 10:46:55.183,0.021,3,3,0.9990435,6.7430833e-06,0.00034675645,0.0006029081,0.9990435
511,167,walking,2021-05-07 10:46:54.203,2021-05-07 10:46:56.183,0.021,3,3,0.9965275,1.7406992e-05,0.0011386899,0.0023164158,0.9965275
511,167,walking,2021-05-07 10:46:55.203,2021-05-07 10:46:57.183,0.021,3,3,0.99743325,1.2367084e-05,0.00079507026,0.0017593045,0.99743325
511,167,walking,2021-05-07 10:46:56.203,2021-05-07 10:46:58.183,0.021,3,3,0.9901065,5.5440236e-05,0.0029922316,0.006845802,0.9901065
511,167,walking,2021-05-07 10:46:57.203,2021-05-07 10:46:59.183,0.021,3,3,0.99807817,9.272149e-06,0.00065013726,0.0012624683,0.99807817
511,167,walking,2021-05-07 10:46:58.203,2021-05-07 10:47:00.184,0.021,3,3,0.99908537,5.255887e-06,0.00032623063,0.00058319495,0.99908537
511,167,walking,2021-05-07 10:46:59.203,2021-05-07 10:47:01.184,0.021,3,3,0.99926245,4.8682487e-06,0.00029038085,0.00044221873,0.99926245
511,167,walking,2021-05-07 10:47:00.204,2021-05-07 10:47:02.184,0.021,3,3,0.99999946,1.4821564e-09,2.786796e-07,1.8356607e-07,0.99999946
511,167,walking,2021-05-07 10:47:01.204,2021-05-07 10:47:03.184,0.021,3,3,0.99999994,7.434325e-14,8.076702e-11,1.9500823e-11,0.99999994
511,167,walking,2021-05-07 10:47:02.204,2021-05-07 10:47:04.184,0.021,3,3,0.99999994,4.021331e-15,7.734553e-12,1.3994031e-12,0.99999994
511,167,walking,2021-05-07 10:47:03.204,2021-05-07 10:47:05.184,0.021,3,3,0.99999994,6.645018e-15,1.1407493e-11,1.9613612e-12,0.99999994
511,167,walking,2021-05-07 10:47:04.204,2021-05-07 10:47:06.184,0.021,3,3,0.99999994,1.770742e-13,1.5726248e-10,3.7715286e-11,0.99999994
511,167,walking,2021-05-07 10:47:05.204,2021-05-07 10:47:07.184,0.021,3,3,0.99999994,2.5885747e-14,3.474846e-11,7.6476065e-12,0.99999994
511,167,walking,2021-05-07 10:47:06.204,2021-05-07 10:47:08.184,0.021,3,3,0.99999994,1.222281e-13,1.3389784e-10,3.5513655e-11,0.99999994
511,167,walking,2021-05-07 10:47:07.204,2021-05-07 10:47:09.184,0.021,3,3,0.99999994,4.225922e-13,3.479736e-10,9.634647e-11,0.99999994
511,167,walking,2021-05-07 10:47:08.204,2021-05-07 10:47:10.184,0.021,3,3,0.99999994,2.691824e-15,5.498152e-12,1.0973402e-12,0.99999994
511,167,walking,2021-05-07 10:47:09.204,2021-05-07 10:47:11.184,0.021,3,3,0.99999994,1.2003632e-16,4.6256683e-13,6.496465e-14,0.99999994
511,167,walking,2021-05-07 10:47:10.204,2021-05-07 10:47:12.184,0.021,3,3,0.99999994,8.607099e-16,2.3161453e-12,3.4101427e-13,0.99999994
511,167,walking,2021-05-07 10:47:11.204,2021-05-07 10:47:13.184,0.021,3,3,0.99999994,1.1080945e-15,2.9625985e-12,4.981119e-13,0.99999994
511,167,walking,2021-05-07 10:47:12.204,2021-05-07 10:47:14.184,0.021,3,3,0.99999994,8.952864e-17,4.0147903e-13,6.318955e-14,0.99999994
511,167,walking,2021-05-07 10:47:13.204,2021-05-07 10:47:15.184,0.021,3,3,0.99999994,5.6335916e-17,2.794224e-13,4.3817987e-14,0.99999994
511,167,walking,2021-05-07 10:47:14.204,2021-05-07 10:47:16.184,0.021,3,3,0.99999994,1.4788458e-15,3.863205e-12,7.4599674e-13,0.99999994
511,167,walking,2021-05-07 10:47:15.204,2021-05-07 10:47:17.184,0.021,3,3,0.99999994,1.10689175e-13,1.361554e-10,3.9785317e-11,0.99999994
511,167,walking,2021-05-07 10:47:16.204,2021-05-07 10:47:18.184,0.021,3,3,0.99999994,1.0180495e-12,8.249415e-10,3.1188999e-10,0.99999994
511,167,walking,2021-05-07 10:47:17.204,2021-05-07 10:47:19.184,0.021,3,3,0.99999994,4.4964005e-14,6.0814576e-11,1.8581036e-11,0.99999994
511,167,walking,2021-05-07 10:47:18.204,2021-05-07 10:47:20.184,0.021,3,3,0.99999994,7.890973e-15,1.41936055e-11,3.2601764e-12,0.99999994
511,167,walking,2021-05-07 10:47:19.204,2021-05-07 10:47:21.184,0.021,3,3,0.99999994,4.0099438e-14,5.3965332e-11,1.4009714e-11,0.99999994
511,167,walking,2021-05-07 10:47:20.204,2021-05-07 10:47:22.184,0.021,3,3,0.99999994,2.6409164e-16,8.7974707e-13,1.326222e-13,0.99999994
511,167,walking,2021-05-07 10:47:21.204,2021-05-07 10:47:23.184,0.021,3,3,0.99999994,4.804572e-16,1.3996033e-12,2.3310707e-13,0.99999994
511,167,walking,2021-05-07 10:47:22.204,2021-05-07 10:47:24.184,0.021,3,3,0.99999994,1.6052206e-14,2.2768395e-11,5.4934768e-12,0.99999994
511,167,walking,2021-05-07 10:47:23.204,2021-05-07 10:47:25.184,0.021,3,3,0.99999994,5.92214e-15,9.4656435e-12,1.9179007e-12,0.99999994
511,167,walking,2021-05-07 10:47:24.204,2021-05-07 10:47:26.184,0.021,3,3,0.99999994,3.9152213e-15,7.326853e-12,1.5765695e-12,0.99999994
511,167,walking,2021-05-07 10:47:25.204,2021-05-07 10:47:27.184,0.021,3,3,0.99999994,2.6455357e-15,5.472905e-12,1.1403005e-12,0.99999994
511,167,walking,2021-05-07 10:47:26.204,2021-05-07 10:47:28.184,0.021,3,3,0.99999994,1.391326e-15,3.2522268e-12,5.546209e-13,0.99999994
511,167,walking,2021-05-07 10:47:27.204,2021-05-07 10:47:29.184,0.021,3,3,0.99999994,2.5498027e-15,5.7666315e-12,1.0473351e-12,0.99999994
511,167,walking,2021-05-07 10:47:28.204,2021-05-07 10:47:30.184,0.021,3,3,0.99999994,6.2784745e-16,1.8292082e-12,3.0237903e-13,0.99999994
511,167,walking,2021-05-07 10:47:29.204,2021-05-07 10:47:31.184,0.021,3,3,0.99999994,3.5703713e-17,1.6628681e-13,1.9898955e-14,0.99999994
511,167,walking,2021-05-07 10:47:30.204,2021-05-07 10:47:32.183,0.021,3,3,0.99999994,1.04723e-18,9.876942e-15,8.21969e-16,0.99999994
511,167,walking,2021-05-07 10:47:31.204,2021-05-07 10:47:33.183,0.021,3,3,0.99999994,7.186556e-18,4.7151543e-14,4.5894917e-15,0.99999994
511,167,walking,2021-05-07 10:47:32.203,2021-05-07 10:47:34.183,0.021,3,3,0.99999994,3.3481333e-18,2.4315926e-14,2.1853007e-15,0.99999994
511,167,walking,2021-05-07 10:47:33.203,2021-05-07 10:47:35.183,0.021,3,3,0.99999994,2.3445982e-18,1.9036198e-14,1.723441e-15,0.99999994
511,167,walking,2021-05-07 10:47:34.203,2021-05-07 10:47:36.183,0.021,3,3,0.99999994,5.402209e-18,4.0712036e-14,4.2833143e-15,0.99999994
511,167,walking,2021-05-07 10:47:35.203,2021-05-07 10:47:37.183,0.021,3,3,0.99999994,2.4333333e-17,1.3128878e-13,1.4980493e-14,0.99999994
511,167,walking,2021-05-07 10:47:36.203,2021-05-07 10:47:38.183,0.021,3,3,0.99999994,1.0639446e-18,1.0144741e-14,9.099303e-16,0.99999994
511,167,walking,2021-05-07 10:47:37.203,2021-05-07 10:47:39.183,0.021,3,3,0.99999994,2.2327274e-20,4.649048e-16,3.6189268e-17,0.99999994
511,167,walking,2021-05-07 10:47:38.203,2021-05-07 10:47:40.183,0.021,3,3,0.99999994,2.2341342e-19,3.0763883e-15,2.8685472e-16,0.99999994
511,167,walking,2021-05-07 10:47:39.203,2021-05-07 10:47:41.183,0.021,3,3,0.99999994,1.4598942e-16,5.357872e-13,8.069975e-14,0.99999994
511,167,walking,2021-05-07 10:47:40.203,2021-05-07 10:47:42.183,0.021,3,3,0.99999994,6.346691e-17,2.7790018e-13,3.8909095e-14,0.99999994
511,167,walking,2021-05-07 10:47:41.203,2021-05-07 10:47:43.183,0.021,3,3,0.99999994,1.2134424e-17,6.8413916e-14,6.9324573e-15,0.99999994
511,167,walking,2021-05-07 10:47:42.203,2021-05-07 10:47:44.183,0.021,3,3,0.99999994,3.367078e-17,1.5715098e-13,1.7631548e-14,0.99999994
511,167,walking,2021-05-07 10:47:43.203,2021-05-07 10:47:45.183,0.021,3,3,0.99999994,1.8980834e-18,1.5499805e-14,1.3744139e-15,0.99999994
511,167,walking,2021-05-07 10:47:44.203,2021-05-07 10:47:46.183,0.021,3,3,0.99999994,4.5009734e-18,2.926048e-14,2.7858344e-15,0.99999994
511,167,walking,2021-05-07 10:47:45.203,2021-05-07 10:47:47.183,0.021,3,3,0.99999994,2.111778e-18,1.6397338e-14,1.4988602e-15,0.99999994
511,167,walking,2021-05-07 10:47:46.203,2021-05-07 10:47:48.183,0.021,3,3,0.99999994,3.7583273e-16,1.2137486e-12,2.2719439e-13,0.99999994
511,167,walking,2021-05-07 10:47:47.203,2021-05-07 10:47:49.183,0.021,3,3,0.99999994,3.5915465e-16,1.196829e-12,2.2708392e-13,0.99999994
511,167,walking,2021-05-07 10:47:48.203,2021-05-07 10:47:50.183,0.021,3,3,0.99999994,6.362296e-19,7.2136765e-15,7.5654034e-16,0.99999994
511,167,walking,2021-05-07 10:47:49.203,2021-05-07 10:47:51.183,0.021,3,3,0.99999994,9.015032e-17,3.8446058e-13,5.308433e-14,0.99999994
511,167,walking,2021-05-07 10:47:50.203,2021-05-07 10:47:52.183,0.021,3,3,0.99999994,3.309142e-16,1.143343e-12,2.0203118e-13,0.99999994
511,167,walking,2021-05-07 10:47:51.203,2021-05-07 10:47:53.183,0.021,3,3,0.99999994,4.6952062e-17,2.1411806e-13,2.8196587e-14,0.99999994
511,167,walking,2021-05-07 10:47:52.203,2021-05-07 10:47:54.183,0.021,3,3,0.99999994,1.4365864e-16,5.270652e-13,7.1056496e-14,0.99999994
511,167,walking,2021-05-07 10:47:53.203,2021-05-07 10:47:55.183,0.021,3,3,0.99999994,6.465678e-16,1.8015706e-12,2.6618567e-13,0.99999994
511,167,walking,2021-05-07 10:47:54.203,2021-05-07 10:47:56.183,0.021,3,3,0.99999994,8.666762e-17,3.532055e-13,4.305949e-14,0.99999994
511,167,walking,2021-05-07 10:47:55.203,2021-05-07 10:47:57.183,0.021,3,3,0.99999994,2.5606001e-17,1.3837267e-13,1.6695092e-14,0.99999994
511,167,walking,2021-05-07 10:47:56.203,2021-05-07 10:47:58.183,0.021,3,3,0.99999994,1.5390877e-16,6.0928644e-13,9.2415665e-14,0.99999994
511,167,walking,2021-05-07 10:47:57.203,2021-05-07 10:47:59.183,0.021,3,3,0.99999994,1.5466028e-17,9.274623e-14,1.08628545e-14,0.99999994
511,167,walking,2021-05-07 10:47:58.203,2021-05-07 10:48:00.184,0.021,3,3,0.99999994,2.89579e-17,1.4595595e-13,1.7538205e-14,0.99999994
511,167,walking,2021-05-07 10:47:59.203,2021-05-07 10:48:01.184,0.021,3,3,0.99999994,1.2496178e-18,1.1946042e-14,1.0199798e-15,0.99999994
511,167,walking,2021-05-07 10:48:00.204,2021-05-07 10:48:02.184,0.021,3,3,0.99999994,4.275034e-17,2.0735348e-13,2.4310964e-14,0.99999994
511,167,walking,2021-05-07 10:48:01.204,2021-05-07 10:48:03.184,0.021,3,3,0.99999994,1.4238104e-14,2.1219037e-11,3.7161715e-12,0.99999994
511,167,walking,2021-05-07 10:48:02.204,2021-05-07 10:48:04.184,0.021,3,3,0.99999994,2.3905347e-15,4.8209037e-12,7.192924e-13,0.99999994
511,167,walking,2021-05-07 10:48:03.204,2021-05-07 10:48:05.184,0.021,3,3,0.99999994,4.5075955e-15,8.200226e-12,1.5030824e-12,0.99999994
511,167,walking,2021-05-07 10:48:04.204,2021-05-07 10:48:06.184,0.021,3,3,0.99999994,8.353158e-13,5.8007577e-10,1.8511077e-10,0.99999994
511,167,walking,2021-05-07 10:48:05.204,2021-05-07 10:48:07.184,0.021,3,3,0.99999994,1.3305027e-11,5.539444e-09,2.2070055e-09,0.99999994
511,167,walking,2021-05-07 10:48:06.204,2021-05-07 10:48:08.184,0.021,3,3,0.99999994,4.4202865e-14,5.4571472e-11,1.3592933e-11,0.99999994
511,167,walking,2021-05-07 10:48:07.204,2021-05-07 10:48:09.184,0.021,3,3,0.99999994,1.0312716e-14,1.7513395e-11,4.1023873e-12,0.99999994
511,167,walking,2021-05-07 10:48:08.204,2021-05-07 10:48:10.184,0.021,3,3,0.99999994,2.438744e-15,5.545874e-12,1.0714584e-12,0.99999994
511,167,walking,2021-05-07 10:48:09.204,2021-05-07 10:48:11.184,0.021,3,3,0.99999994,1.1189945e-15,2.9870704e-12,5.605649e-13,0.99999994
511,167,walking,2021-05-07 10:48:10.204,2021-05-07 10:48:12.184,0.021,3,3,0.99999994,3.431434e-16,1.0908981e-12,1.6286197e-13,0.99999994
511,167,walking,2021-05-07 10:48:11.204,2021-05-07 10:48:13.184,0.021,3,3,0.99999994,1.3173162e-15,3.4171635e-12,5.5122714e-13,0.99999994
511,167,walking,2021-05-07 10:48:12.204,2021-05-07 10:48:14.184,0.021,3,3,0.99999994,5.4487976e-14,6.6365836e-11,1.3837969e-11,0.99999994
511,168,standing,2021-05-07 10:48:15.163,2021-05-07 10:48:17.144,0.021,2,2,0.47143924,0.0012290793,0.12651402,0.47143924,0.40081757
511,168,standing,2021-05-07 10:48:16.163,2021-05-07 10:48:18.144,0.021,2,2,0.7591918,0.0010722526,0.19471422,0.7591918,0.045021653
511,168,standing,2021-05-07 10:48:17.163,2021-05-07 10:48:19.144,0.021,2,2,0.7725204,0.0010919784,0.19624501,0.7725204,0.03014254
511,168,standing,2021-05-07 10:48:18.163,2021-05-07 10:48:20.144,0.021,2,2,0.7602108,0.0011308736,0.19865146,0.7602108,0.040006883
511,168,standing,2021-05-07 10:48:19.163,2021-05-07 10:48:21.144,0.021,2,2,0.7603717,0.0011683948,0.203886,0.7603717,0.03457386
511,168,standing,2021-05-07 10:48:20.163,2021-05-07 10:48:22.144,0.021,2,2,0.766989,0.0011316325,0.21155706,0.766989,0.020322332
511,168,standing,2021-05-07 10:48:21.163,2021-05-07 10:48:23.144,0.021,2,2,0.77087677,0.001031893,0.21406776,0.77087677,0.0140236085
511,168,standing,2021-05-07 10:48:22.163,2021-05-07 10:48:24.144,0.021,2,2,0.77151316,0.0010390931,0.21290222,0.77151316,0.014545512
511,168,standing,2021-05-07 10:48:23.163,2021-05-07 10:48:25.144,0.021,2,2,0.7715588,0.0010687396,0.2093517,0.7715588,0.018020732
511,168,standing,2021-05-07 10:48:24.163,2021-05-07 10:48:26.144,0.021,2,2,0.7570473,0.001113377,0.19800006,0.7570473,0.04383924
511,169,walking,2021-05-07 10:48:26.684,2021-05-07 10:48:28.663,0.021,3,3,0.99999994,1.5883256e-12,1.1528859e-09,4.5771686e-10,0.99999994
511,169,walking,2021-05-07 10:48:27.684,2021-05-07 10:48:29.663,0.021,3,3,0.99999994,3.4883326e-15,7.189458e-12,1.3603171e-12,0.99999994
511,169,walking,2021-05-07 10:48:28.684,2021-05-07 10:48:30.663,0.021,3,3,0.99999994,1.4494176e-16,5.1074e-13,6.460913e-14,0.99999994
511,169,walking,2021-05-07 10:48:29.684,2021-05-07 10:48:31.663,0.021,3,3,0.99999994,3.0580973e-17,1.4575537e-13,1.7296857e-14,0.99999994
511,169,walking,2021-05-07 10:48:30.684,2021-05-07 10:48:32.664,0.021,3,3,0.99999994,9.470152e-17,3.6504775e-13,4.4023816e-14,0.99999994
511,169,walking,2021-05-07 10:48:31.684,2021-05-07 10:48:33.664,0.021,3,3,0.99999994,8.2740825e-16,2.1302398e-12,3.0708923e-13,0.99999994
511,169,walking,2021-05-07 10:48:32.683,2021-05-07 10:48:34.664,0.021,3,3,0.99999994,6.6337404e-17,2.8957682e-13,4.2210457e-14,0.99999994
511,169,walking,2021-05-07 10:48:33.683,2021-05-07 10:48:35.664,0.021,3,3,0.99999994,1.049354e-17,6.178195e-14,6.6787663e-15,0.99999994
511,169,walking,2021-05-07 10:48:34.683,2021-05-07 10:48:36.664,0.021,3,3,0.99999994,1.4860248e-19,2.1464611e-15,1.5421732e-16,0.99999994
511,169,walking,2021-05-07 10:48:35.683,2021-05-07 10:48:37.664,0.021,3,3,0.99999994,8.2083304e-20,1.3414494e-15,1.00167926e-16,0.99999994
511,169,walking,2021-05-07 10:48:36.683,2021-05-07 10:48:38.664,0.021,3,3,0.99999994,6.569439e-20,1.1593699e-15,8.6409464e-17,0.99999994
511,169,walking,2021-05-07 10:48:37.683,2021-05-07 10:48:39.664,0.021,3,3,0.99999994,2.1188781e-19,2.8413547e-15,2.120555e-16,0.99999994
511,169,walking,2021-05-07 10:48:38.683,2021-05-07 10:48:40.664,0.021,3,3,0.99999994,7.865717e-18,5.2569155e-14,5.796153e-15,0.99999994
511,169,walking,2021-05-07 10:48:39.683,2021-05-07 10:48:41.664,0.021,3,3,0.99999994,1.172521e-16,4.781113e-13,7.2938976e-14,0.99999994
511,169,walking,2021-05-07 10:48:40.683,2021-05-07 10:48:42.664,0.021,3,3,0.99999994,1.0026508e-15,2.6596962e-12,4.65889e-13,0.99999994
511,169,walking,2021-05-07 10:48:41.683,2021-05-07 10:48:43.664,0.021,3,3,0.99999994,1.9774025e-14,2.8610577e-11,6.6386814e-12,0.99999994
511,169,walking,2021-05-07 10:48:42.683,2021-05-07 10:48:44.664,0.021,3,3,0.99999994,1.0982003e-13,1.1524984e-10,3.05876e-11,0.99999994
511,169,walking,2021-05-07 10:48:43.683,2021-05-07 10:48:45.664,0.021,3,3,0.99999994,3.3910443e-15,7.0440164e-12,1.3094199e-12,0.99999994
511,169,walking,2021-05-07 10:48:44.683,2021-05-07 10:48:46.664,0.021,3,3,0.99999994,9.674858e-16,2.4258325e-12,3.8095392e-13,0.99999994
511,169,walking,2021-05-07 10:48:45.683,2021-05-07 10:48:47.664,0.021,3,3,0.99999994,7.111622e-16,1.8167224e-12,2.7104252e-13,0.99999994
511,169,walking,2021-05-07 10:48:46.683,2021-05-07 10:48:48.664,0.021,3,3,0.99999994,1.4751891e-15,3.3429366e-12,5.519478e-13,0.99999994
511,169,walking,2021-05-07 10:48:47.683,2021-05-07 10:48:49.664,0.021,3,3,0.99999994,6.7517407e-17,2.8619988e-13,3.706385e-14,0.99999994
511,169,walking,2021-05-07 10:48:48.683,2021-05-07 10:48:50.664,0.021,3,3,0.99999994,2.4030044e-16,7.8886946e-13,1.1326763e-13,0.99999994
511,169,walking,2021-05-07 10:48:49.683,2021-05-07 10:48:51.664,0.021,3,3,0.99999994,1.190037e-15,2.8110537e-12,4.709916e-13,0.99999994
511,169,walking,2021-05-07 10:48:50.683,2021-05-07 10:48:52.664,0.021,3,3,0.99999994,1.249028e-16,4.4263974e-13,5.796808e-14,0.99999994
511,169,walking,2021-05-07 10:48:51.683,2021-05-07 10:48:53.664,0.021,3,3,0.99999994,5.014622e-15,8.489108e-12,1.4112453e-12,0.99999994
511,169,walking,2021-05-07 10:48:52.683,2021-05-07 10:48:54.664,0.021,3,3,0.99999994,4.2118756e-15,7.305642e-12,1.2861891e-12,0.99999994
511,169,walking,2021-05-07 10:48:53.683,2021-05-07 10:48:55.664,0.021,3,3,0.99999994,5.926654e-17,2.4136742e-13,3.077411e-14,0.99999994
511,169,walking,2021-05-07 10:48:54.683,2021-05-07 10:48:56.664,0.021,3,3,0.99999994,4.6742413e-18,3.2849032e-14,3.9510953e-15,0.99999994
511,169,walking,2021-05-07 10:48:55.683,2021-05-07 10:48:57.664,0.021,3,3,0.99999994,4.2840594e-18,3.1636792e-14,3.7892802e-15,0.99999994
511,169,walking,2021-05-07 10:48:56.683,2021-05-07 10:48:58.664,0.021,3,3,0.99999994,1.0946235e-18,1.00301855e-14,9.663424e-16,0.99999994
511,169,walking,2021-05-07 10:48:57.683,2021-05-07 10:48:59.664,0.021,3,3,0.99999994,4.021478e-18,2.7478557e-14,2.6251383e-15,0.99999994
511,169,walking,2021-05-07 10:48:58.683,2021-05-07 10:49:00.664,0.021,3,3,0.99999994,9.891072e-17,3.7528747e-13,4.718762e-14,0.99999994
511,169,walking,2021-05-07 10:48:59.683,2021-05-07 10:49:01.664,0.021,3,3,0.99999994,1.3224065e-15,2.9721694e-12,5.098825e-13,0.99999994
511,169,walking,2021-05-07 10:49:00.684,2021-05-07 10:49:02.664,0.021,3,3,0.99999994,7.209488e-17,3.0355902e-13,3.987391e-14,0.99999994
511,169,walking,2021-05-07 10:49:01.684,2021-05-07 10:49:03.664,0.021,3,3,0.99999994,6.3841826e-17,2.6198588e-13,3.129709e-14,0.99999994
511,169,walking,2021-05-07 10:49:02.684,2021-05-07 10:49:04.664,0.021,3,3,0.99999994,8.932426e-18,5.5060486e-14,5.985734e-15,0.99999994
511,169,walking,2021-05-07 10:49:03.684,2021-05-07 10:49:05.664,0.021,3,3,0.99999994,1.1764587e-17,7.203272e-14,8.469267e-15,0.99999994
511,169,walking,2021-05-07 10:49:04.684,2021-05-07 10:49:06.664,0.021,3,3,0.99999994,6.6703064e-17,3.1817203e-13,5.1269966e-14,0.99999994
511,169,walking,2021-05-07 10:49:05.684,2021-05-07 10:49:07.664,0.021,3,3,0.99999994,2.1177741e-16,7.6655224e-13,1.1815635e-13,0.99999994
511,169,walking,2021-05-07 10:49:06.684,2021-05-07 10:49:08.663,0.021,3,3,0.99999994,8.330615e-16,2.2237644e-12,3.9215408e-13,0.99999994
511,169,walking,2021-05-07 10:49:07.684,2021-05-07 10:49:09.663,0.021,3,3,0.99999994,6.3515385e-16,1.5674425e-12,2.3891514e-13,0.99999994
511,169,walking,2021-05-07 10:49:08.684,2021-05-07 10:49:10.663,0.021,3,3,0.99999994,2.310929e-16,6.905766e-13,9.694042e-14,0.99999994
511,169,walking,2021-05-07 10:49:09.684,2021-05-07 10:49:11.663,0.021,3,3,0.99999994,2.283161e-16,7.36246e-13,1.054923e-13,0.99999994
511,169,walking,2021-05-07 10:49:10.684,2021-05-07 10:49:12.663,0.021,3,3,0.99999994,3.9534453e-16,1.2045168e-12,1.9179622e-13,0.99999994
511,169,walking,2021-05-07 10:49:11.684,2021-05-07 10:49:13.663,0.021,3,3,0.99999994,1.3100948e-15,3.2837854e-12,6.46226e-13,0.99999994
511,169,walking,2021-05-07 10:49:12.684,2021-05-07 10:49:14.663,0.021,3,3,0.99999994,1.7568621e-16,6.4917613e-13,8.503084e-14,0.99999994
511,169,walking,2021-05-07 10:49:13.684,2021-05-07 10:49:15.663,0.021,3,3,0.99999994,2.757128e-17,1.4198599e-13,1.3821171e-14,0.99999994
511,169,walking,2021-05-07 10:49:14.684,2021-05-07 10:49:16.663,0.021,3,3,0.99999994,9.4714384e-20,1.4707334e-15,9.3564656e-17,0.99999994
511,169,walking,2021-05-07 10:49:15.684,2021-05-07 10:49:17.663,0.021,3,3,0.99999994,1.7872724e-18,1.4956623e-14,1.2080583e-15,0.99999994
511,169,walking,2021-05-07 10:49:16.684,2021-05-07 10:49:18.663,0.021,3,3,0.99999994,1.2827971e-14,1.9583907e-11,3.357461e-12,0.99999994
511,169,walking,2021-05-07 10:49:17.684,2021-05-07 10:49:19.663,0.021,3,3,0.99999994,1.9917219e-14,2.7343919e-11,5.0634445e-12,0.99999994
511,169,walking,2021-05-07 10:49:18.684,2021-05-07 10:49:20.663,0.021,3,3,0.99999994,2.9244925e-13,2.38342e-10,5.685803e-11,0.99999994
511,169,walking,2021-05-07 10:49:19.684,2021-05-07 10:49:21.663,0.021,3,3,0.99999994,1.3175846e-12,8.221926e-10,2.2601264e-10,0.99999994
511,169,walking,2021-05-07 10:49:20.684,2021-05-07 10:49:22.663,0.021,3,3,0.99999994,7.5984946e-15,1.4527011e-11,2.9348544e-12,0.99999994
511,169,walking,2021-05-07 10:49:21.684,2021-05-07 10:49:23.663,0.021,3,3,0.99999994,7.2394415e-14,9.2051304e-11,3.211495e-11,0.99999994
511,169,walking,2021-05-07 10:49:22.684,2021-05-07 10:49:24.663,0.021,3,3,0.9999998,1.4422326e-10,3.6938413e-08,3.3597416e-08,0.9999998
511,169,walking,2021-05-07 10:49:23.684,2021-05-07 10:49:25.663,0.021,3,3,0.9999998,1.4959821e-10,4.0640085e-08,3.5747487e-08,0.9999998
511,169,walking,2021-05-07 10:49:24.684,2021-05-07 10:49:26.663,0.021,3,3,0.9999984,5.3964166e-09,7.5934145e-07,7.8000943e-07,0.9999984
511,169,walking,2021-05-07 10:49:25.684,2021-05-07 10:49:27.663,0.021,3,3,0.9999952,1.9014685e-08,2.2301556e-06,2.5425056e-06,0.9999952
511,169,walking,2021-05-07 10:49:26.684,2021-05-07 10:49:28.663,0.021,3,3,0.9999997,6.3951244e-10,1.3134789e-07,9.075299e-08,0.9999997
511,169,walking,2021-05-07 10:49:27.684,2021-05-07 10:49:29.663,0.021,3,3,0.9999998,2.849345e-10,6.78046e-08,3.8867825e-08,0.9999998
511,169,walking,2021-05-07 10:49:28.684,2021-05-07 10:49:30.663,0.021,3,3,0.9999998,2.3787056e-10,5.8796502e-08,3.1937606e-08,0.9999998
511,169,walking,2021-05-07 10:49:29.684,2021-05-07 10:49:31.663,0.021,3,3,0.99999994,5.420766e-11,2.066646e-08,9.9917985e-09,0.99999994
511,169,walking,2021-05-07 10:49:30.684,2021-05-07 10:49:32.664,0.021,3,3,0.9999992,2.70877e-09,4.6203095e-07,3.047999e-07,0.9999992
511,169,walking,2021-05-07 10:49:31.684,2021-05-07 10:49:33.664,0.021,3,3,0.99999946,1.67598e-09,2.9767878e-07,1.8859839e-07,0.99999946
511,169,walking,2021-05-07 10:49:32.683,2021-05-07 10:49:34.664,0.021,3,3,0.999999,4.1269232e-09,5.682497e-07,4.087698e-07,0.999999
511,169,walking,2021-05-07 10:49:33.683,2021-05-07 10:49:35.664,0.021,3,3,0.9999996,8.45797e-10,1.7242564e-07,1.4024657e-07,0.9999996
511,169,walking,2021-05-07 10:49:34.683,2021-05-07 10:49:36.664,0.021,3,3,0.99999946,1.4353939e-09,2.4524272e-07,2.202465e-07,0.99999946
511,169,walking,2021-05-07 10:49:35.683,2021-05-07 10:49:37.664,0.021,3,3,0.9999997,5.907015e-10,1.188676e-07,8.975593e-08,0.9999997
511,169,walking,2021-05-07 10:49:36.683,2021-05-07 10:49:38.664,0.021,3,3,0.9999998,1.366114e-10,3.9327187e-08,2.7288156e-08,0.9999998
511,169,walking,2021-05-07 10:49:37.683,2021-05-07 10:49:39.664,0.021,3,3,0.99999994,7.507737e-11,2.4119732e-08,1.6235127e-08,0.99999994
511,169,walking,2021-05-07 10:49:38.683,2021-05-07 10:49:40.664,0.021,3,3,0.99999994,7.6978375e-11,2.2842594e-08,1.1716942e-08,0.99999994
511,169,walking,2021-05-07 10:49:39.683,2021-05-07 10:49:41.664,0.021,3,3,0.99999577,2.2479437e-08,2.3081277e-06,1.8657219e-06,0.99999577
511,169,walking,2021-05-07 10:49:40.683,2021-05-07 10:49:42.664,0.021,3,3,0.9999806,9.8102866e-08,8.555224e-06,1.0607824e-05,0.9999806
511,169,walking,2021-05-07 10:49:41.683,2021-05-07 10:49:43.664,0.021,3,3,0.9998338,1.124614e-06,5.976837e-05,0.00010538497,0.9998338
511,169,walking,2021-05-07 10:49:42.683,2021-05-07 10:49:44.664,0.021,3,3,0.99978995,1.1582788e-06,6.5743014e-05,0.0001432585,0.99978995
511,169,walking,2021-05-07 10:49:43.683,2021-05-07 10:49:45.664,0.021,3,3,0.99872863,7.725687e-06,0.0003823645,0.00088128826,0.99872863
511,170,sitting,2021-05-07 10:49:47.683,2021-05-07 10:49:49.664,0.021,1,2,0.70589036,0.0006256326,0.24298994,0.70589036,0.050494008
511,170,sitting,2021-05-07 10:49:48.683,2021-05-07 10:49:50.664,0.021,1,2,0.713102,0.0007641214,0.2634906,0.713102,0.022643236
511,170,sitting,2021-05-07 10:49:49.683,2021-05-07 10:49:51.664,0.021,1,2,0.7554567,0.00082942715,0.21663767,0.7554567,0.027076095
511,170,sitting,2021-05-07 10:49:50.683,2021-05-07 10:49:52.664,0.021,1,2,0.8199967,0.0009382154,0.15554304,0.8199967,0.02352194
511,170,sitting,2021-05-07 10:49:51.683,2021-05-07 10:49:53.664,0.021,1,2,0.83474314,0.00097011536,0.15361288,0.83474314,0.010673895
511,170,sitting,2021-05-07 10:49:52.683,2021-05-07 10:49:54.664,0.021,1,2,0.8514047,0.000948191,0.1388166,0.8514047,0.008830391
511,170,sitting,2021-05-07 10:49:53.683,2021-05-07 10:49:55.664,0.021,1,2,0.863774,0.0009740895,0.1260336,0.863774,0.009218282
511,170,sitting,2021-05-07 10:49:54.683,2021-05-07 10:49:56.664,0.021,1,2,0.85388845,0.0009913278,0.13390872,0.85388845,0.01121156
511,170,sitting,2021-05-07 10:49:55.683,2021-05-07 10:49:57.664,0.021,1,2,0.84329367,0.0009770158,0.14504488,0.84329367,0.010684454
511,170,sitting,2021-05-07 10:49:56.683,2021-05-07 10:49:58.664,0.021,1,2,0.847311,0.0009831534,0.14046907,0.847311,0.01123678
511,170,sitting,2021-05-07 10:49:57.683,2021-05-07 10:49:59.664,0.021,1,2,0.8509217,0.000957695,0.13459222,0.8509217,0.013528449
511,170,sitting,2021-05-07 10:49:58.683,2021-05-07 10:50:00.664,0.021,1,2,0.8559507,0.00092796783,0.13219552,0.8559507,0.010925831
511,170,sitting,2021-05-07 10:49:59.683,2021-05-07 10:50:01.664,0.021,1,2,0.85297817,0.00083782926,0.13665767,0.85297817,0.009526382
511,170,sitting,2021-05-07 10:50:00.684,2021-05-07 10:50:02.664,0.021,1,2,0.856219,0.0007061173,0.121413514,0.856219,0.02166139
511,170,sitting,2021-05-07 10:50:01.684,2021-05-07 10:50:03.664,0.021,1,2,0.8259158,0.0006621828,0.09671656,0.8259158,0.076705486
511,170,sitting,2021-05-07 10:50:02.684,2021-05-07 10:50:04.664,0.021,1,2,0.8038402,0.00052999443,0.07329701,0.8038402,0.12233275
511,170,sitting,2021-05-07 10:50:03.684,2021-05-07 10:50:05.664,0.021,1,2,0.85577816,0.00037648133,0.05964255,0.85577816,0.084202655
511,170,sitting,2021-05-07 10:50:04.684,2021-05-07 10:50:06.664,0.021,1,2,0.8809146,0.0005794077,0.08290447,0.8809146,0.035601377
511,170,sitting,2021-05-07 10:50:05.684,2021-05-07 10:50:07.664,0.021,1,2,0.8529744,0.0010340251,0.116471946,0.8529744,0.029519543
511,170,sitting,2021-05-07 10:50:06.684,2021-05-07 10:50:08.663,0.021,1,2,0.8627188,0.0006425039,0.07254543,0.8627188,0.06409312
511,170,sitting,2021-05-07 10:50:07.684,2021-05-07 10:50:09.663,0.021,1,2,0.9284796,0.00017243756,0.049701937,0.9284796,0.021646036
511,170,sitting,2021-05-07 10:50:08.684,2021-05-07 10:50:10.663,0.021,1,2,0.92882055,0.00018863627,0.05421866,0.92882055,0.016772227
511,170,sitting,2021-05-07 10:50:09.684,2021-05-07 10:50:11.663,0.021,1,2,0.89729476,0.000520866,0.070760675,0.89729476,0.031423718
511,170,sitting,2021-05-07 10:50:10.684,2021-05-07 10:50:12.663,0.021,1,2,0.880869,0.0008203013,0.10022402,0.880869,0.018086666
511,170,sitting,2021-05-07 10:50:11.684,2021-05-07 10:50:13.663,0.021,1,2,0.8645126,0.0009598012,0.118517295,0.8645126,0.016010249
511,170,sitting,2021-05-07 10:50:12.684,2021-05-07 10:50:14.663,0.021,1,2,0.87798506,0.00088842463,0.10826421,0.87798506,0.012862416
511,170,sitting,2021-05-07 10:50:13.684,2021-05-07 10:50:15.663,0.021,1,2,0.8770414,0.000919458,0.111594304,0.8770414,0.01044494
511,170,sitting,2021-05-07 10:50:14.684,2021-05-07 10:50:16.663,0.021,1,2,0.8730569,0.0009064534,0.1183931,0.8730569,0.0076435385
511,170,sitting,2021-05-07 10:50:15.684,2021-05-07 10:50:17.663,0.021,1,2,0.8806121,0.00085425377,0.10937183,0.8806121,0.009161742
511,170,sitting,2021-05-07 10:50:16.684,2021-05-07 10:50:18.663,0.021,1,2,0.8786823,0.00090926525,0.11117491,0.8786823,0.009233486
511,170,sitting,2021-05-07 10:50:17.684,2021-05-07 10:50:19.663,0.021,1,2,0.8746896,0.00097218406,0.115966044,0.8746896,0.008372123
511,170,sitting,2021-05-07 10:50:18.684,2021-05-07 10:50:20.663,0.021,1,2,0.87246406,0.0009956157,0.11138454,0.87246406,0.015155795
511,170,sitting,2021-05-07 10:50:19.684,2021-05-07 10:50:21.663,0.021,1,2,0.72036386,0.0012139411,0.18765163,0.72036386,0.0907705
511,170,sitting,2021-05-07 10:50:20.684,2021-05-07 10:50:22.663,0.021,1,2,0.5791525,0.0013216177,0.32125497,0.5791525,0.098270886
511,170,sitting,2021-05-07 10:50:21.684,2021-05-07 10:50:23.663,0.021,1,2,0.6785507,0.00093600125,0.2597661,0.6785507,0.0607472
511,170,sitting,2021-05-07 10:50:22.684,2021-05-07 10:50:24.663,0.021,1,2,0.81387603,0.0008524297,0.15867698,0.81387603,0.026594592
511,170,sitting,2021-05-07 10:50:23.684,2021-05-07 10:50:25.663,0.021,1,2,0.85020596,0.0008815989,0.13809268,0.85020596,0.010819716
511,170,sitting,2021-05-07 10:50:24.684,2021-05-07 10:50:26.663,0.021,1,2,0.8451439,0.0008331508,0.14586991,0.8451439,0.008153023
511,170,sitting,2021-05-07 10:50:25.684,2021-05-07 10:50:27.663,0.021,1,2,0.83561146,0.0009483073,0.14487447,0.83561146,0.018565677
511,170,sitting,2021-05-07 10:50:26.684,2021-05-07 10:50:28.663,0.021,1,2,0.8309714,0.0010302388,0.1449788,0.8309714,0.02301946
511,170,sitting,2021-05-07 10:50:27.684,2021-05-07 10:50:29.663,0.021,1,2,0.8270313,0.0010054656,0.14209823,0.8270313,0.029864917
511,170,sitting,2021-05-07 10:50:28.684,2021-05-07 10:50:30.663,0.021,1,2,0.81008524,0.0010941601,0.13631797,0.81008524,0.05250276
511,170,sitting,2021-05-07 10:50:29.684,2021-05-07 10:50:31.663,0.021,1,2,0.6988578,0.0012937392,0.120259434,0.6988578,0.17958893
511,170,sitting,2021-05-07 10:50:30.684,2021-05-07 10:50:32.664,0.021,1,2,0.8087711,0.0012075496,0.13516797,0.8087711,0.054853365
511,170,sitting,2021-05-07 10:50:31.684,2021-05-07 10:50:33.664,0.021,1,2,0.839516,0.0009837308,0.15263768,0.839516,0.006862651
511,170,sitting,2021-05-07 10:50:32.683,2021-05-07 10:50:34.664,0.021,1,2,0.8459337,0.000978869,0.14445324,0.8459337,0.008634066
511,170,sitting,2021-05-07 10:50:33.683,2021-05-07 10:50:35.664,0.021,1,2,0.8395042,0.0010684223,0.13939022,0.8395042,0.020037286
511,170,sitting,2021-05-07 10:50:34.683,2021-05-07 10:50:36.664,0.021,1,2,0.8259928,0.0011105841,0.14904064,0.8259928,0.023855822
511,170,sitting,2021-05-07 10:50:35.683,2021-05-07 10:50:37.664,0.021,1,2,0.8265216,0.0009972914,0.15390512,0.8265216,0.018575955
511,170,sitting,2021-05-07 10:50:36.683,2021-05-07 10:50:38.664,0.021,1,2,0.8335251,0.0010450685,0.14420103,0.8335251,0.021228757
511,170,sitting,2021-05-07 10:50:37.683,2021-05-07 10:50:39.664,0.021,1,2,0.8424972,0.0010481877,0.14493807,0.8424972,0.011516499
511,170,sitting,2021-05-07 10:50:38.683,2021-05-07 10:50:40.664,0.021,1,2,0.8483128,0.0010402943,0.14297044,0.8483128,0.0076763243
511,170,sitting,2021-05-07 10:50:39.683,2021-05-07 10:50:41.664,0.021,1,2,0.8434419,0.0010817853,0.14897048,0.8434419,0.0065058637
511,171,walking,2021-05-07 10:50:45.683,2021-05-07 10:50:47.664,0.021,3,3,0.9999998,3.1521452e-10,7.778285e-08,9.263513e-08,0.9999998
511,171,walking,2021-05-07 10:50:46.683,2021-05-07 10:50:48.664,0.021,3,3,0.99999446,2.1769097e-08,2.512382e-06,2.895429e-06,0.99999446
511,171,walking,2021-05-07 10:50:47.683,2021-05-07 10:50:49.664,0.021,3,3,0.99999994,7.0681204e-12,3.3666425e-09,1.4581351e-09,0.99999994
511,171,walking,2021-05-07 10:50:48.683,2021-05-07 10:50:50.664,0.021,3,3,0.9999998,2.274067e-10,5.3235663e-08,3.2221575e-08,0.9999998
511,171,walking,2021-05-07 10:50:49.683,2021-05-07 10:50:51.664,0.021,3,3,0.99999326,3.6782726e-08,3.3930685e-06,3.2663172e-06,0.99999326
511,171,walking,2021-05-07 10:50:50.683,2021-05-07 10:50:52.664,0.021,3,3,0.99999875,3.7478065e-09,5.89144e-07,5.447756e-07,0.99999875
511,171,walking,2021-05-07 10:50:51.683,2021-05-07 10:50:53.664,0.021,3,3,0.9999979,7.495439e-09,1.0404264e-06,1.0285855e-06,0.9999979
511,171,walking,2021-05-07 10:50:52.683,2021-05-07 10:50:54.664,0.021,3,3,0.9999978,8.51315e-09,1.110252e-06,1.0123383e-06,0.9999978
511,171,walking,2021-05-07 10:50:53.683,2021-05-07 10:50:55.664,0.021,3,3,0.9999991,3.0018825e-09,4.539192e-07,3.9799707e-07,0.9999991
511,171,walking,2021-05-07 10:50:54.683,2021-05-07 10:50:56.664,0.021,3,3,0.9999947,2.6073891e-08,2.7122646e-06,2.5449474e-06,0.9999947
511,171,walking,2021-05-07 10:50:55.683,2021-05-07 10:50:57.664,0.021,3,3,0.99999994,1.0308726e-10,3.1196528e-08,1.902018e-08,0.99999994
511,171,walking,2021-05-07 10:50:56.683,2021-05-07 10:50:58.664,0.021,3,3,0.9999998,2.2014293e-10,5.919981e-08,3.8782442e-08,0.9999998
511,171,walking,2021-05-07 10:50:57.683,2021-05-07 10:50:59.664,0.021,3,3,0.9999998,4.751538e-10,9.818805e-08,5.4847135e-08,0.9999998
511,171,walking,2021-05-07 10:50:58.683,2021-05-07 10:51:00.664,0.021,3,3,0.99999994,3.3222734e-11,1.1765785e-08,6.1939276e-09,0.99999994
511,171,walking,2021-05-07 10:50:59.683,2021-05-07 10:51:01.664,0.021,3,3,0.99999994,6.2828844e-12,3.326874e-09,1.8032269e-09,0.99999994
511,171,walking,2021-05-07 10:51:00.684,2021-05-07 10:51:02.664,0.021,3,3,0.99999994,4.9096272e-11,1.5827341e-08,8.3320115e-09,0.99999994
511,171,walking,2021-05-07 10:51:01.684,2021-05-07 10:51:03.664,0.021,3,3,0.99999994,4.063977e-12,2.1721964e-09,8.8175084e-10,0.99999994
511,171,walking,2021-05-07 10:51:02.684,2021-05-07 10:51:04.664,0.021,3,3,0.99999994,3.3055975e-12,1.8402063e-09,6.900774e-10,0.99999994
511,171,walking,2021-05-07 10:51:03.684,2021-05-07 10:51:05.664,0.021,3,3,0.99999994,2.035379e-11,8.717828e-09,4.19418e-09,0.99999994
511,171,walking,2021-05-07 10:51:04.684,2021-05-07 10:51:06.664,0.021,3,3,0.9999998,2.8559938e-10,7.640507e-08,5.7684684e-08,0.9999998
511,171,walking,2021-05-07 10:51:05.684,2021-05-07 10:51:07.664,0.021,3,3,0.99999803,7.187261e-09,9.5073017e-07,9.638214e-07,0.99999803
511,171,walking,2021-05-07 10:51:06.684,2021-05-07 10:51:08.663,0.021,3,3,0.9999959,1.5957772e-08,1.7864155e-06,2.233467e-06,0.9999959
511,171,walking,2021-05-07 10:51:07.684,2021-05-07 10:51:09.663,0.021,3,3,0.9999741,1.2881331e-07,1.0384453e-05,1.5309204e-05,0.9999741
511,171,walking,2021-05-07 10:51:08.684,2021-05-07 10:51:10.663,0.021,3,3,0.99980783,1.4923269e-06,8.059618e-05,0.00010999343,0.99980783
511,171,walking,2021-05-07 10:51:09.684,2021-05-07 10:51:11.663,0.021,3,3,0.9994352,4.9946357e-06,0.00024631195,0.00031360047,0.9994352
511,171,walking,2021-05-07 10:51:10.684,2021-05-07 10:51:12.663,0.021,3,3,0.9999679,1.7383414e-07,1.4736196e-05,1.7148039e-05,0.9999679
511,171,walking,2021-05-07 10:51:11.684,2021-05-07 10:51:13.663,0.021,3,3,0.9999806,1.2841674e-07,9.63728e-06,9.565984e-06,0.9999806
511,171,walking,2021-05-07 10:51:12.684,2021-05-07 10:51:14.663,0.021,3,3,0.99999267,3.372301e-08,3.6565787e-06,3.5274336e-06,0.99999267
511,171,walking,2021-05-07 10:51:13.684,2021-05-07 10:51:15.663,0.021,3,3,0.99989253,8.4140936e-07,4.652438e-05,5.9989685e-05,0.99989253
511,171,walking,2021-05-07 10:51:14.684,2021-05-07 10:51:16.663,0.021,3,3,0.99995226,2.4202234e-07,1.7007642e-05,3.0377054e-05,0.99995226
511,171,walking,2021-05-07 10:51:15.684,2021-05-07 10:51:17.663,0.021,3,3,0.99987626,7.4259214e-07,4.155221e-05,8.159148e-05,0.99987626
511,171,walking,2021-05-07 10:51:16.684,2021-05-07 10:51:18.663,0.021,3,3,0.99979186,1.0252616e-06,6.5498694e-05,0.00014165418,0.99979186
511,171,walking,2021-05-07 10:51:17.684,2021-05-07 10:51:19.663,0.021,3,3,0.99978113,1.6241872e-06,7.3015006e-05,0.0001442806,0.99978113
511,171,walking,2021-05-07 10:51:18.684,2021-05-07 10:51:20.663,0.021,3,3,0.9998262,6.591056e-07,4.6897254e-05,0.00012628263,0.9998262
511,171,walking,2021-05-07 10:51:19.684,2021-05-07 10:51:21.663,0.021,3,3,0.9995223,2.9643065e-06,0.00015278235,0.00032196764,0.9995223
511,171,walking,2021-05-07 10:51:20.684,2021-05-07 10:51:22.663,0.021,3,3,0.99978757,1.1384843e-06,7.5854965e-05,0.00013553712,0.99978757
511,171,walking,2021-05-07 10:51:21.684,2021-05-07 10:51:23.663,0.021,3,3,0.99998754,6.570263e-08,5.29979e-06,6.9932544e-06,0.99998754
511,171,walking,2021-05-07 10:51:22.684,2021-05-07 10:51:24.663,0.021,3,3,0.9999973,1.14206085e-08,1.2266215e-06,1.430468e-06,0.9999973
511,171,walking,2021-05-07 10:51:23.684,2021-05-07 10:51:25.663,0.021,3,3,0.9999928,3.0226925e-08,2.8500917e-06,4.277813e-06,0.9999928
511,171,walking,2021-05-07 10:51:24.684,2021-05-07 10:51:26.663,0.021,3,3,0.99989873,6.6530345e-07,3.7021946e-05,6.350156e-05,0.99989873
511,171,walking,2021-05-07 10:51:25.684,2021-05-07 10:51:27.663,0.021,3,3,0.9999835,9.700941e-08,6.9688263e-06,9.42119e-06,0.9999835
511,171,walking,2021-05-07 10:51:26.684,2021-05-07 10:51:28.663,0.021,3,3,0.9999991,3.4019612e-09,4.051392e-07,3.7540462e-07,0.9999991
511,171,walking,2021-05-07 10:51:27.684,2021-05-07 10:51:29.663,0.021,3,3,0.9999966,1.8879193e-08,1.6668173e-06,1.7102107e-06,0.9999966
511,171,walking,2021-05-07 10:51:28.684,2021-05-07 10:51:30.663,0.021,3,3,0.9999936,3.7200635e-08,2.9150176e-06,3.3712881e-06,0.9999936
511,171,walking,2021-05-07 10:51:29.684,2021-05-07 10:51:31.663,0.021,3,3,0.9999849,8.0336356e-08,6.239465e-06,8.730199e-06,0.9999849
511,171,walking,2021-05-07 10:51:30.684,2021-05-07 10:51:32.664,0.021,3,3,0.9999754,1.423979e-07,9.7434395e-06,1.4616051e-05,0.9999754
511,171,walking,2021-05-07 10:51:31.684,2021-05-07 10:51:33.664,0.021,3,3,0.9999885,7.146679e-08,5.417059e-06,5.960669e-06,0.9999885
511,171,walking,2021-05-07 10:51:32.683,2021-05-07 10:51:34.664,0.021,3,3,0.9999954,2.4566928e-08,2.2136028e-06,2.269722e-06,0.9999954
511,171,walking,2021-05-07 10:51:33.683,2021-05-07 10:51:35.664,0.021,3,3,0.99998826,6.4369836e-08,4.762812e-06,6.9017146e-06,0.99998826
511,171,walking,2021-05-07 10:51:34.683,2021-05-07 10:51:36.664,0.021,3,3,0.9999592,1.6630102e-07,1.29905275e-05,2.76619e-05,0.9999592
511,171,walking,2021-05-07 10:51:35.683,2021-05-07 10:51:37.664,0.021,3,3,0.99999076,4.8651987e-08,4.200757e-06,4.9418954e-06,0.99999076
511,171,walking,2021-05-07 10:51:36.683,2021-05-07 10:51:38.664,0.021,3,3,0.9998512,9.764298e-07,5.258073e-05,9.5296156e-05,0.9998512
511,171,walking,2021-05-07 10:51:37.683,2021-05-07 10:51:39.664,0.021,3,3,0.99989146,6.273609e-07,3.546835e-05,7.242349e-05,0.99989146
511,171,walking,2021-05-07 10:51:38.683,2021-05-07 10:51:40.664,0.021,3,3,0.9994099,3.7048849e-06,0.00016321927,0.00042317595,0.9994099
511,171,walking,2021-05-07 10:51:39.683,2021-05-07 10:51:41.664,0.021,3,3,0.9998462,9.812426e-07,5.289294e-05,0.0001000572,0.9998462
511,171,walking,2021-05-07 10:51:40.683,2021-05-07 10:51:42.664,0.021,3,3,0.99998695,7.805278e-08,5.7321245e-06,7.203771e-06,0.99998695
511,171,walking,2021-05-07 10:51:41.683,2021-05-07 10:51:43.664,0.021,3,3,0.9999817,7.9021234e-08,6.1999e-06,1.1907468e-05,0.9999817
511,171,walking,2021-05-07 10:51:42.683,2021-05-07 10:51:44.664,0.021,3,3,0.9992425,3.749273e-06,0.00020201273,0.00055171596,0.9992425
511,171,walking,2021-05-07 10:51:43.683,2021-05-07 10:51:45.664,0.021,3,3,0.99959105,2.453146e-06,0.00013583821,0.00027066152,0.99959105
511,171,walking,2021-05-07 10:51:44.683,2021-05-07 10:51:46.664,0.021,3,3,0.99972904,2.3499983e-06,0.00010370593,0.00016478218,0.99972904
511,171,walking,2021-05-07 10:51:45.683,2021-05-07 10:51:47.664,0.021,3,3,0.99999243,3.4695802e-08,3.2845758e-06,4.1405624e-06,0.99999243
511,171,walking,2021-05-07 10:51:46.683,2021-05-07 10:51:48.664,0.021,3,3,0.9999681,2.1788702e-07,1.3731497e-05,1.7883169e-05,0.9999681
511,171,walking,2021-05-07 10:51:47.683,2021-05-07 10:51:49.664,0.021,3,3,0.99994594,3.2231534e-07,2.1753776e-05,3.1979947e-05,0.99994594
511,171,walking,2021-05-07 10:51:48.683,2021-05-07 10:51:50.664,0.021,3,3,0.9991573,6.843228e-06,0.00031166855,0.0005241312,0.9991573
511,171,walking,2021-05-07 10:51:49.683,2021-05-07 10:51:51.664,0.021,3,3,0.9997692,8.52716e-07,7.4214455e-05,0.00015563577,0.9997692
511,171,walking,2021-05-07 10:51:50.683,2021-05-07 10:51:52.664,0.021,3,3,0.99948424,3.513721e-06,0.00018213097,0.0003300272,0.99948424
511,171,walking,2021-05-07 10:51:51.683,2021-05-07 10:51:53.664,0.021,3,3,0.999968,1.7257383e-07,1.4315937e-05,1.7453667e-05,0.999968
511,171,walking,2021-05-07 10:51:52.683,2021-05-07 10:51:54.664,0.021,3,3,0.9999543,3.3639859e-07,2.2117089e-05,2.3142264e-05,0.9999543
511,171,walking,2021-05-07 10:51:53.683,2021-05-07 10:51:55.664,0.021,3,3,0.99999183,3.6979852e-08,4.1938088e-06,3.859864e-06,0.99999183
511,171,walking,2021-05-07 10:51:54.683,2021-05-07 10:51:56.664,0.021,3,3,0.9999952,2.2483027e-08,2.535885e-06,2.1527298e-06,0.9999952
511,171,walking,2021-05-07 10:51:55.683,2021-05-07 10:51:57.664,0.021,3,3,0.9999843,8.965104e-08,7.673812e-06,7.896526e-06,0.9999843
511,171,walking,2021-05-07 10:51:56.683,2021-05-07 10:51:58.664,0.021,3,3,0.999999,3.5245555e-09,5.345094e-07,4.01197e-07,0.999999
511,171,walking,2021-05-07 10:51:57.683,2021-05-07 10:51:59.664,0.021,3,3,0.999988,7.547473e-08,5.91661e-06,5.8830196e-06,0.999988
511,171,walking,2021-05-07 10:51:58.683,2021-05-07 10:52:00.664,0.021,3,3,0.99999803,7.041193e-09,9.5025337e-07,9.834049e-07,0.99999803
511,171,walking,2021-05-07 10:51:59.683,2021-05-07 10:52:01.664,0.021,3,3,0.9999605,2.494554e-07,1.7770775e-05,2.1379381e-05,0.9999605
511,171,walking,2021-05-07 10:52:00.684,2021-05-07 10:52:02.664,0.021,3,3,0.9999997,5.854209e-10,1.2919332e-07,9.052565e-08,0.9999997
511,171,walking,2021-05-07 10:52:01.684,2021-05-07 10:52:03.664,0.021,3,3,0.9999992,2.263154e-09,3.8127246e-07,3.1870667e-07,0.9999992
511,171,walking,2021-05-07 10:52:02.684,2021-05-07 10:52:04.664,0.021,3,3,0.9999998,3.4949746e-10,8.449548e-08,5.804415e-08,0.9999998
511,171,walking,2021-05-07 10:52:03.684,2021-05-07 10:52:05.664,0.021,3,3,0.99999887,4.2436232e-09,6.338551e-07,4.5266586e-07,0.99999887
511,171,walking,2021-05-07 10:52:04.684,2021-05-07 10:52:06.664,0.021,3,3,0.9999991,3.3416576e-09,5.1746247e-07,3.3612662e-07,0.9999991
511,171,walking,2021-05-07 10:52:05.684,2021-05-07 10:52:07.664,0.021,3,3,0.9999965,1.6516454e-08,1.9446409e-06,1.504526e-06,0.9999965
511,171,walking,2021-05-07 10:52:06.684,2021-05-07 10:52:08.663,0.021,3,3,0.99999946,1.4184357e-09,2.6744823e-07,2.0872395e-07,0.99999946
511,171,walking,2021-05-07 10:52:07.684,2021-05-07 10:52:09.663,0.021,3,3,0.9999946,2.5362075e-08,2.728086e-06,2.6629184e-06,0.9999946
511,171,walking,2021-05-07 10:52:08.684,2021-05-07 10:52:10.663,0.021,3,3,0.99998873,6.219385e-08,5.8906535e-06,5.2051755e-06,0.99998873
511,171,walking,2021-05-07 10:52:09.684,2021-05-07 10:52:11.663,0.021,3,3,0.99999267,3.8457248e-08,4.098198e-06,3.1410382e-06,0.99999267
511,171,walking,2021-05-07 10:52:10.684,2021-05-07 10:52:12.663,0.021,3,3,0.9999817,1.1084129e-07,9.489343e-06,8.67325e-06,0.9999817
511,171,walking,2021-05-07 10:52:11.684,2021-05-07 10:52:13.663,0.021,3,3,0.99979997,1.4204479e-06,8.324192e-05,0.00011535689,0.99979997
511,171,walking,2021-05-07 10:52:12.684,2021-05-07 10:52:14.663,0.021,3,3,0.999999,3.0896494e-09,5.3598563e-07,3.7849438e-07,0.999999
511,171,walking,2021-05-07 10:52:13.684,2021-05-07 10:52:15.663,0.021,3,3,0.999999,4.2818695e-09,6.5103563e-07,3.536677e-07,0.999999
511,171,walking,2021-05-07 10:52:14.684,2021-05-07 10:52:16.663,0.021,3,3,0.99999946,1.9689463e-09,3.274289e-07,1.6355082e-07,0.99999946
511,171,walking,2021-05-07 10:52:15.684,2021-05-07 10:52:17.663,0.021,3,3,0.9999984,6.6655925e-09,8.9590543e-07,6.1825756e-07,0.9999984
511,171,walking,2021-05-07 10:52:16.684,2021-05-07 10:52:18.663,0.021,3,3,0.99999946,1.8193355e-09,3.1681608e-07,1.7827739e-07,0.99999946
511,171,walking,2021-05-07 10:52:17.684,2021-05-07 10:52:19.663,0.021,3,3,0.9999992,3.058936e-09,4.7024324e-07,2.7718858e-07,0.9999992
511,171,walking,2021-05-07 10:52:18.684,2021-05-07 10:52:20.663,0.021,3,3,0.99999887,4.819242e-09,6.694659e-07,3.844016e-07,0.99999887
511,171,walking,2021-05-07 10:52:19.684,2021-05-07 10:52:21.663,0.021,3,3,0.9999984,6.5359327e-09,9.081551e-07,6.505419e-07,0.9999984
511,171,walking,2021-05-07 10:52:20.684,2021-05-07 10:52:22.663,0.021,3,3,0.9999905,5.1765365e-08,4.9864616e-06,4.435914e-06,0.9999905
511,171,walking,2021-05-07 10:52:21.684,2021-05-07 10:52:23.663,0.021,3,3,0.999999,3.295307e-09,5.2824845e-07,3.975858e-07,0.999999
511,171,walking,2021-05-07 10:52:22.684,2021-05-07 10:52:24.663,0.021,3,3,0.99999994,3.2885063e-11,1.2853923e-08,5.483414e-09,0.99999994
511,171,walking,2021-05-07 10:52:23.684,2021-05-07 10:52:25.663,0.021,3,3,0.99999994,1.2438445e-10,3.5936033e-08,1.5667611e-08,0.99999994
511,171,walking,2021-05-07 10:52:24.684,2021-05-07 10:52:26.663,0.021,3,3,0.99999994,6.256504e-12,3.23836e-09,1.2794943e-09,0.99999994
511,171,walking,2021-05-07 10:52:25.684,2021-05-07 10:52:27.663,0.021,3,3,0.99999994,1.3054075e-12,8.8869867e-10,3.2372408e-10,0.99999994
511,171,walking,2021-05-07 10:52:26.684,2021-05-07 10:52:28.663,0.021,3,3,0.99999994,4.8959534e-12,2.8235299e-09,1.0817912e-09,0.99999994
511,171,walking,2021-05-07 10:52:27.684,2021-05-07 10:52:29.663,0.021,3,3,0.9999997,8.6763335e-10,1.7634282e-07,9.729933e-08,0.9999997
511,171,walking,2021-05-07 10:52:28.684,2021-05-07 10:52:30.663,0.021,3,3,0.9999996,1.3791208e-09,2.390106e-07,1.5873175e-07,0.9999996
511,171,walking,2021-05-07 10:52:29.684,2021-05-07 10:52:31.663,0.021,3,3,0.9999997,8.90137e-10,1.7461728e-07,1.1774667e-07,0.9999997
511,171,walking,2021-05-07 10:52:30.684,2021-05-07 10:52:32.664,0.021,3,3,0.9999997,4.8341664e-10,1.1473937e-07,6.399181e-08,0.9999997
511,171,walking,2021-05-07 10:52:31.684,2021-05-07 10:52:33.664,0.021,3,3,0.99999934,2.3320927e-09,3.7777542e-07,2.4878514e-07,0.99999934
511,171,walking,2021-05-07 10:52:32.683,2021-05-07 10:52:34.664,0.021,3,3,0.9999996,1.2524436e-09,2.2186198e-07,1.2565903e-07,0.9999996
511,171,walking,2021-05-07 10:52:33.683,2021-05-07 10:52:35.664,0.021,3,3,0.9999996,1.3427048e-09,2.5080797e-07,1.3979736e-07,0.9999996
511,171,walking,2021-05-07 10:52:34.683,2021-05-07 10:52:36.664,0.021,3,3,0.9999997,8.492386e-10,1.858761e-07,1.08495975e-07,0.9999997
511,171,walking,2021-05-07 10:52:35.683,2021-05-07 10:52:37.664,0.021,3,3,0.9999978,1.0346575e-08,1.292788e-06,8.4088185e-07,0.9999978
511,171,walking,2021-05-07 10:52:36.683,2021-05-07 10:52:38.664,0.021,3,3,0.9999992,2.8418816e-09,4.3769418e-07,2.670032e-07,0.9999992
511,171,walking,2021-05-07 10:52:37.683,2021-05-07 10:52:39.664,0.021,3,3,0.99999946,1.6851442e-09,2.993516e-07,2.0336493e-07,0.99999946
511,171,walking,2021-05-07 10:52:38.683,2021-05-07 10:52:40.664,0.021,3,3,0.9999979,7.597011e-09,1.0597334e-06,9.1777287e-07,0.9999979
511,171,walking,2021-05-07 10:52:39.683,2021-05-07 10:52:41.664,0.021,3,3,0.9999985,5.504627e-09,8.0633e-07,5.776116e-07,0.9999985
511,171,walking,2021-05-07 10:52:40.683,2021-05-07 10:52:42.664,0.021,3,3,0.9999979,9.582187e-09,1.2051984e-06,8.167256e-07,0.9999979
511,171,walking,2021-05-07 10:52:41.683,2021-05-07 10:52:43.664,0.021,3,3,0.9999996,1.3367738e-09,2.5208487e-07,1.31847e-07,0.9999996
511,171,walking,2021-05-07 10:52:42.683,2021-05-07 10:52:44.664,0.021,3,3,0.99999946,2.0125306e-09,3.3263814e-07,1.6553096e-07,0.99999946
511,171,walking,2021-05-07 10:52:43.683,2021-05-07 10:52:45.664,0.021,3,3,0.9999998,2.943131e-10,7.161729e-08,3.261265e-08,0.9999998
511,171,walking,2021-05-07 10:52:44.683,2021-05-07 10:52:46.664,0.021,3,3,0.9999996,1.0695363e-09,1.9981151e-07,1.0565186e-07,0.9999996
511,171,walking,2021-05-07 10:52:45.683,2021-05-07 10:52:47.664,0.021,3,3,0.9999986,5.4255223e-09,7.6519797e-07,4.840512e-07,0.9999986
511,171,walking,2021-05-07 10:52:46.683,2021-05-07 10:52:48.664,0.021,3,3,0.9999996,1.2135025e-09,2.2418604e-07,1.124508e-07,0.9999996
511,171,walking,2021-05-07 10:52:47.683,2021-05-07 10:52:49.664,0.021,3,3,0.99999994,5.3958952e-11,1.8528194e-08,6.960979e-09,0.99999994
511,171,walking,2021-05-07 10:52:48.683,2021-05-07 10:52:50.664,0.021,3,3,0.9999998,1.4486094e-10,4.546918e-08,2.414615e-08,0.9999998
511,171,walking,2021-05-07 10:52:49.683,2021-05-07 10:52:51.664,0.021,3,3,0.9999984,6.7939876e-09,9.27206e-07,6.6751034e-07,0.9999984
511,171,walking,2021-05-07 10:52:50.683,2021-05-07 10:52:52.664,0.021,3,3,0.99999744,1.1261321e-08,1.3544628e-06,1.0905649e-06,0.99999744
511,171,walking,2021-05-07 10:52:51.683,2021-05-07 10:52:53.664,0.021,3,3,0.9999996,1.3018038e-09,2.427907e-07,1.621721e-07,0.9999996
511,171,walking,2021-05-07 10:52:52.683,2021-05-07 10:52:54.664,0.021,3,3,0.99999994,8.378058e-11,2.6886113e-08,1.2163793e-08,0.99999994
511,171,walking,2021-05-07 10:52:53.683,2021-05-07 10:52:55.664,0.021,3,3,0.9999998,4.7597104e-10,1.0233376e-07,5.3058166e-08,0.9999998
511,171,walking,2021-05-07 10:52:54.683,2021-05-07 10:52:56.664,0.021,3,3,0.9999998,5.4800026e-10,1.1135993e-07,5.669361e-08,0.9999998
511,171,walking,2021-05-07 10:52:55.683,2021-05-07 10:52:57.664,0.021,3,3,0.9999998,3.6693307e-10,8.781784e-08,4.9132503e-08,0.9999998
511,171,walking,2021-05-07 10:52:56.683,2021-05-07 10:52:58.664,0.021,3,3,0.99999946,1.2635817e-09,2.603502e-07,1.7259967e-07,0.99999946
511,171,walking,2021-05-07 10:52:57.683,2021-05-07 10:52:59.664,0.021,3,3,0.9999996,1.0274808e-09,2.0474917e-07,1.0952016e-07,0.9999996
511,171,walking,2021-05-07 10:52:58.683,2021-05-07 10:53:00.664,0.021,3,3,0.9999997,9.562645e-10,1.8300189e-07,9.439968e-08,0.9999997
511,171,walking,2021-05-07 10:52:59.683,2021-05-07 10:53:01.664,0.021,3,3,0.9999998,1.9503284e-10,5.6381104e-08,2.9673942e-08,0.9999998
511,171,walking,2021-05-07 10:53:00.684,2021-05-07 10:53:02.664,0.021,3,3,0.9999997,9.2820374e-10,1.825727e-07,1.01573605e-07,0.9999997
511,171,walking,2021-05-07 10:53:01.684,2021-05-07 10:53:03.664,0.021,3,3,0.99999934,2.4025444e-09,3.761193e-07,2.2270989e-07,0.99999934
511,171,walking,2021-05-07 10:53:02.684,2021-05-07 10:53:04.664,0.021,3,3,0.9999991,3.2747434e-09,5.094642e-07,3.3890834e-07,0.9999991
511,171,walking,2021-05-07 10:53:03.684,2021-05-07 10:53:05.664,0.021,3,3,0.9999967,1.1140096e-08,1.6560668e-06,1.5172466e-06,0.9999967
511,171,walking,2021-05-07 10:53:04.684,2021-05-07 10:53:06.664,0.021,3,3,0.9999847,8.262699e-08,7.93213e-06,7.2673415e-06,0.9999847
511,171,walking,2021-05-07 10:53:05.684,2021-05-07 10:53:07.664,0.021,3,3,0.9999967,1.5357756e-08,1.8648519e-06,1.3665831e-06,0.9999967
511,171,walking,2021-05-07 10:53:06.684,2021-05-07 10:53:08.663,0.021,3,3,0.99999744,1.1052715e-08,1.4129549e-06,1.0314081e-06,0.99999744
511,171,walking,2021-05-07 10:53:07.684,2021-05-07 10:53:09.663,0.021,3,3,0.99999565,2.2644382e-08,2.4033825e-06,1.8525552e-06,0.99999565
511,171,walking,2021-05-07 10:53:08.684,2021-05-07 10:53:10.663,0.021,3,3,0.9999973,1.1479508e-08,1.4782778e-06,1.1164024e-06,0.9999973
511,171,walking,2021-05-07 10:53:09.684,2021-05-07 10:53:11.663,0.021,3,3,0.9999985,6.0636536e-09,8.617926e-07,5.8778966e-07,0.9999985
511,171,walking,2021-05-07 10:53:10.684,2021-05-07 10:53:12.663,0.021,3,3,0.9999952,2.316444e-08,2.5589743e-06,2.1479188e-06,0.9999952
511,171,walking,2021-05-07 10:53:11.684,2021-05-07 10:53:13.663,0.021,3,3,0.999988,5.949784e-08,5.9107447e-06,5.909465e-06,0.999988
511,171,walking,2021-05-07 10:53:12.684,2021-05-07 10:53:14.663,0.021,3,3,0.9999879,6.417196e-08,6.2054633e-06,5.7578095e-06,0.9999879
511,171,walking,2021-05-07 10:53:13.684,2021-05-07 10:53:15.663,0.021,3,3,0.9999886,5.6847277e-08,5.748634e-06,5.5000733e-06,0.9999886
511,171,walking,2021-05-07 10:53:14.684,2021-05-07 10:53:16.663,0.021,3,3,0.99999815,7.065625e-09,9.815386e-07,7.5897924e-07,0.99999815
511,171,walking,2021-05-07 10:53:15.684,2021-05-07 10:53:17.663,0.021,3,3,0.9999997,5.8330984e-10,1.284911e-07,7.515125e-08,0.9999997
511,171,walking,2021-05-07 10:53:16.684,2021-05-07 10:53:18.663,0.021,3,3,0.9999998,1.8921305e-10,4.9549786e-08,2.3941617e-08,0.9999998
511,171,walking,2021-05-07 10:53:17.684,2021-05-07 10:53:19.663,0.021,3,3,0.99999946,1.3379343e-09,2.541325e-07,1.680359e-07,0.99999946
511,171,walking,2021-05-07 10:53:18.684,2021-05-07 10:53:20.663,0.021,3,3,0.99999744,9.534144e-09,1.2819419e-06,1.218514e-06,0.99999744
511,171,walking,2021-05-07 10:53:19.684,2021-05-07 10:53:21.663,0.021,3,3,0.9999954,1.645101e-08,2.1237176e-06,2.4008552e-06,0.9999954
511,171,walking,2021-05-07 10:53:20.684,2021-05-07 10:53:22.663,0.021,3,3,0.999996,1.6912638e-08,1.96322e-06,1.9885224e-06,0.999996
511,171,walking,2021-05-07 10:53:21.684,2021-05-07 10:53:23.663,0.021,3,3,0.99999064,4.325926e-08,4.3605037e-06,4.91441e-06,0.99999064
511,171,walking,2021-05-07 10:53:22.684,2021-05-07 10:53:24.663,0.021,3,3,0.99999624,1.4051298e-08,1.8189733e-06,1.8906592e-06,0.99999624
511,171,walking,2021-05-07 10:53:23.684,2021-05-07 10:53:25.663,0.021,3,3,0.9999997,5.856822e-10,1.3552301e-07,9.393789e-08,0.9999997
511,171,walking,2021-05-07 10:53:24.684,2021-05-07 10:53:26.663,0.021,3,3,0.99999994,6.800357e-11,2.065318e-08,8.9831085e-09,0.99999994
511,171,walking,2021-05-07 10:53:25.684,2021-05-07 10:53:27.663,0.021,3,3,0.9999998,3.97826e-10,8.0596934e-08,3.8335e-08,0.9999998
511,171,walking,2021-05-07 10:53:26.684,2021-05-07 10:53:28.663,0.021,3,3,0.99999994,4.7825684e-11,1.7596763e-08,9.958921e-09,0.99999994
511,171,walking,2021-05-07 10:53:27.684,2021-05-07 10:53:29.663,0.021,3,3,0.9999996,1.0605838e-09,2.18076e-07,1.389149e-07,0.9999996
511,171,walking,2021-05-07 10:53:28.684,2021-05-07 10:53:30.663,0.021,3,3,0.9999996,9.99995e-10,1.9885152e-07,1.05526794e-07,0.9999996
511,171,walking,2021-05-07 10:53:29.684,2021-05-07 10:53:31.663,0.021,3,3,0.9999998,3.9600226e-10,9.40001e-08,4.8692257e-08,0.9999998
511,171,walking,2021-05-07 10:53:30.684,2021-05-07 10:53:32.664,0.021,3,3,0.99999994,5.542641e-11,1.7941947e-08,9.412816e-09,0.99999994
511,171,walking,2021-05-07 10:53:31.684,2021-05-07 10:53:33.664,0.021,3,3,0.99999994,4.5755687e-11,1.4922078e-08,7.510551e-09,0.99999994
511,171,walking,2021-05-07 10:53:32.683,2021-05-07 10:53:34.664,0.021,3,3,0.99999994,3.3340046e-11,1.2306307e-08,6.384818e-09,0.99999994
511,171,walking,2021-05-07 10:53:33.683,2021-05-07 10:53:35.664,0.021,3,3,0.9999997,6.3317684e-10,1.393411e-07,9.141542e-08,0.9999997
511,171,walking,2021-05-07 10:53:34.683,2021-05-07 10:53:36.664,0.021,3,3,0.99999946,1.5682395e-09,2.904699e-07,2.080814e-07,0.99999946
511,171,walking,2021-05-07 10:53:35.683,2021-05-07 10:53:37.664,0.021,3,3,0.9999966,1.625202e-08,1.8506112e-06,1.5100159e-06,0.9999966
511,171,walking,2021-05-07 10:53:36.683,2021-05-07 10:53:38.664,0.021,3,3,0.9999985,5.2342597e-09,7.7318697e-07,6.067813e-07,0.9999985
511,171,walking,2021-05-07 10:53:37.683,2021-05-07 10:53:39.664,0.021,3,3,0.99999803,7.9495965e-09,1.0723368e-06,8.5649276e-07,0.99999803
511,171,walking,2021-05-07 10:53:38.683,2021-05-07 10:53:40.664,0.021,3,3,0.9999997,8.4173346e-10,1.7848753e-07,1.18671416e-07,0.9999997
511,171,walking,2021-05-07 10:53:39.683,2021-05-07 10:53:41.664,0.021,3,3,0.9999996,1.1767595e-09,2.144413e-07,1.2855985e-07,0.9999996
511,171,walking,2021-05-07 10:53:40.683,2021-05-07 10:53:42.664,0.021,3,3,0.9999997,7.8260154e-10,1.6062278e-07,9.543285e-08,0.9999997
511,171,walking,2021-05-07 10:53:41.683,2021-05-07 10:53:43.664,0.021,3,3,0.99999946,1.5296515e-09,3.0003469e-07,2.1920276e-07,0.99999946
511,171,walking,2021-05-07 10:53:42.683,2021-05-07 10:53:44.664,0.021,3,3,0.99989945,8.0634084e-07,4.8686794e-05,5.0934934e-05,0.99989945
511,171,walking,2021-05-07 10:53:43.683,2021-05-07 10:53:45.664,0.021,3,3,0.9999998,2.4708458e-10,6.633467e-08,3.9828727e-08,0.9999998
511,171,walking,2021-05-07 10:53:44.683,2021-05-07 10:53:46.664,0.021,3,3,0.99999887,3.9485193e-09,5.8994186e-07,4.7996065e-07,0.99999887
511,171,walking,2021-05-07 10:53:45.683,2021-05-07 10:53:47.664,0.021,3,3,0.9999979,7.834669e-09,1.0733322e-06,9.2703135e-07,0.9999979
511,171,walking,2021-05-07 10:53:46.683,2021-05-07 10:53:48.664,0.021,3,3,0.9999121,5.623947e-07,3.9014427e-05,4.8218124e-05,0.9999121
511,171,walking,2021-05-07 10:53:47.683,2021-05-07 10:53:49.664,0.021,3,3,0.9999946,2.3894865e-08,2.817072e-06,2.5375261e-06,0.9999946
511,171,walking,2021-05-07 10:53:48.683,2021-05-07 10:53:50.664,0.021,3,3,0.9999023,6.95821e-07,4.4101664e-05,5.2799645e-05,0.9999023
511,171,walking,2021-05-07 10:53:49.683,2021-05-07 10:53:51.664,0.021,3,3,0.9999253,4.8699985e-07,3.461883e-05,3.951269e-05,0.9999253
511,171,walking,2021-05-07 10:53:50.683,2021-05-07 10:53:52.664,0.021,3,3,0.9999991,2.8135767e-09,4.895817e-07,3.265061e-07,0.9999991
511,173,standing,2021-05-07 10:53:54.723,2021-05-07 10:53:56.703,0.021,2,2,0.60785776,0.0012707365,0.186877,0.60785776,0.20399436
511,173,standing,2021-05-07 10:53:55.723,2021-05-07 10:53:57.703,0.021,2,3,0.85480094,0.00047246963,0.042005774,0.10272082,0.85480094
511,180,walking,2021-05-07 10:54:04.404,2021-05-07 10:54:06.383,0.021,3,3,0.99996763,2.0090206e-07,1.39627155e-05,1.8154076e-05,0.99996763
511,189,standing,2021-05-07 10:54:11.843,2021-05-07 10:54:13.823,0.021,2,2,0.71875584,0.0010676396,0.25981525,0.71875584,0.020361422
511,189,standing,2021-05-07 10:54:12.843,2021-05-07 10:54:14.823,0.021,2,2,0.7190579,0.0010477322,0.26609963,0.7190579,0.013794783
511,189,standing,2021-05-07 10:54:13.843,2021-05-07 10:54:15.823,0.021,2,2,0.72308123,0.0010469409,0.26227146,0.72308123,0.0136003
511,189,standing,2021-05-07 10:54:14.843,2021-05-07 10:54:16.823,0.021,2,2,0.7189719,0.0010676815,0.2648169,0.7189719,0.0151434345
511,189,standing,2021-05-07 10:54:15.843,2021-05-07 10:54:17.823,0.021,2,2,0.7074669,0.0010405146,0.27753127,0.7074669,0.013961333
511,189,standing,2021-05-07 10:54:16.843,2021-05-07 10:54:18.823,0.021,2,2,0.6963386,0.000980816,0.2921292,0.6963386,0.010551369
511,189,standing,2021-05-07 10:54:17.843,2021-05-07 10:54:19.823,0.021,2,2,0.70653456,0.0009838669,0.27794167,0.70653456,0.014539945
512,0,standing,2021-05-07 15:39:36.939,2021-05-07 15:39:38.919,0.021,2,2,0.77099985,0.00090285216,0.21031336,0.77099985,0.017783875
512,0,standing,2021-05-07 15:39:37.939,2021-05-07 15:39:39.919,0.021,2,2,0.7676729,0.00097565237,0.20998529,0.7676729,0.021366134
512,2,standing,2021-05-07 15:39:47.319,2021-05-07 15:39:49.299,0.021,2,2,0.70427024,0.0008435601,0.2723191,0.70427024,0.022567179
512,2,standing,2021-05-07 15:39:48.319,2021-05-07 15:39:50.299,0.021,2,2,0.7072596,0.00084658177,0.27795658,0.7072596,0.01393727
512,4,walking,2021-05-07 15:39:52.599,2021-05-07 15:39:54.580,0.021,3,3,0.9451107,0.00018457537,0.020439696,0.034264978,0.9451107
512,4,walking,2021-05-07 15:39:53.599,2021-05-07 15:39:55.580,0.021,3,3,0.9896219,4.6151166e-05,0.0038148337,0.0065169726,0.9896219
512,4,walking,2021-05-07 15:39:54.599,2021-05-07 15:39:56.580,0.021,3,3,0.9993471,3.3962226e-06,0.00029820143,0.000351239,0.9993471
512,4,walking,2021-05-07 15:39:55.599,2021-05-07 15:39:57.580,0.021,3,3,0.99689037,1.5422398e-05,0.0013415412,0.0017526632,0.99689037
512,4,walking,2021-05-07 15:39:56.599,2021-05-07 15:39:58.580,0.021,3,3,0.9964251,1.9692925e-05,0.0015367906,0.0020184142,0.9964251
512,4,walking,2021-05-07 15:39:57.599,2021-05-07 15:39:59.580,0.021,3,3,0.9993818,3.3113806e-06,0.00031575546,0.0002991603,0.9993818
512,6,walking,2021-05-07 15:40:00.480,2021-05-07 15:40:02.460,0.021,3,3,0.98765385,3.8157163e-05,0.0045559243,0.007751966,0.98765385
512,6,walking,2021-05-07 15:40:01.480,2021-05-07 15:40:03.460,0.021,3,3,0.9992055,5.2595883e-06,0.00037600577,0.00041324244,0.9992055
512,6,walking,2021-05-07 15:40:02.480,2021-05-07 15:40:04.460,0.021,3,3,0.971045,0.00011514641,0.013751381,0.015088547,0.971045
512,6,walking,2021-05-07 15:40:03.480,2021-05-07 15:40:05.460,0.021,3,3,0.99850464,7.557862e-06,0.0006282256,0.0008596302,0.99850464
512,6,walking,2021-05-07 15:40:04.480,2021-05-07 15:40:06.460,0.021,3,3,0.9983087,9.717678e-06,0.0006893166,0.0009922766,0.9983087
512,6,walking,2021-05-07 15:40:05.480,2021-05-07 15:40:07.460,0.021,3,3,0.9982239,8.578045e-06,0.0006947488,0.0010728305,0.9982239
512,6,walking,2021-05-07 15:40:06.480,2021-05-07 15:40:08.460,0.021,3,3,0.9976884,1.161972e-05,0.00089178066,0.001408226,0.9976884
512,6,walking,2021-05-07 15:40:07.480,2021-05-07 15:40:09.460,0.021,3,3,0.98068964,6.6889974e-05,0.006046753,0.013196785,0.98068964
512,6,walking,2021-05-07 15:40:08.479,2021-05-07 15:40:10.460,0.021,3,3,0.9802429,5.22524e-05,0.0059917215,0.013713075,0.9802429
512,6,walking,2021-05-07 15:40:09.479,2021-05-07 15:40:11.460,0.021,3,3,0.97484434,7.856832e-05,0.0076885247,0.017388541,0.97484434
512,6,walking,2021-05-07 15:40:10.479,2021-05-07 15:40:12.460,0.021,3,3,0.9649031,0.00011012248,0.010718905,0.024267703,0.9649031
512,6,walking,2021-05-07 15:40:11.479,2021-05-07 15:40:13.460,0.021,3,3,0.9388256,0.00018245295,0.017674766,0.043317143,0.9388256
512,6,walking,2021-05-07 15:40:12.479,2021-05-07 15:40:14.460,0.021,3,3,0.9957371,2.1073489e-05,0.0015478032,0.0026939965,0.9957371
512,6,walking,2021-05-07 15:40:13.479,2021-05-07 15:40:15.460,0.021,3,3,0.99407923,2.142775e-05,0.0021140636,0.0037853024,0.99407923
512,6,walking,2021-05-07 15:40:14.479,2021-05-07 15:40:16.459,0.021,3,3,0.8342597,0.0003986868,0.048577745,0.116763875,0.8342597
512,6,walking,2021-05-07 15:40:15.479,2021-05-07 15:40:17.459,0.021,3,3,0.93036747,0.00023591859,0.027047016,0.042349663,0.93036747
512,6,walking,2021-05-07 15:40:16.479,2021-05-07 15:40:18.459,0.021,3,3,0.9922828,3.5193752e-05,0.0032914935,0.004390544,0.9922828
512,6,walking,2021-05-07 15:40:17.479,2021-05-07 15:40:19.459,0.021,3,3,0.99679327,1.7703274e-05,0.0014801307,0.0017089923,0.99679327
512,6,walking,2021-05-07 15:40:18.479,2021-05-07 15:40:20.459,0.021,3,3,0.97444373,0.000107823646,0.01081644,0.014632011,0.97444373
512,6,walking,2021-05-07 15:40:19.479,2021-05-07 15:40:21.459,0.021,3,3,0.9909128,4.559248e-05,0.0030930517,0.0059485757,0.9909128
512,6,walking,2021-05-07 15:40:20.479,2021-05-07 15:40:22.459,0.021,3,3,0.9932758,3.1177286e-05,0.0024646947,0.004228253,0.9932758
512,6,walking,2021-05-07 15:40:21.479,2021-05-07 15:40:23.459,0.021,3,3,0.9914333,4.3749154e-05,0.0028123765,0.005710481,0.9914333
512,6,walking,2021-05-07 15:40:22.479,2021-05-07 15:40:24.459,0.021,3,3,0.98858994,5.377449e-05,0.0034691652,0.007887113,0.98858994
512,6,walking,2021-05-07 15:40:23.479,2021-05-07 15:40:25.459,0.021,3,3,0.97445387,9.910914e-05,0.009070037,0.016377036,0.97445387
512,6,walking,2021-05-07 15:40:24.479,2021-05-07 15:40:26.459,0.021,3,3,0.97822577,7.754485e-05,0.008526107,0.013170529,0.97822577
512,6,walking,2021-05-07 15:40:25.479,2021-05-07 15:40:27.459,0.021,3,3,0.991853,2.8374328e-05,0.0028298704,0.0052887243,0.991853
512,6,walking,2021-05-07 15:40:26.479,2021-05-07 15:40:28.459,0.021,3,3,0.95472926,0.00014158616,0.013920908,0.03120825,0.95472926
512,6,walking,2021-05-07 15:40:27.479,2021-05-07 15:40:29.459,0.021,3,3,0.89597625,0.00027440384,0.031547297,0.07220207,0.89597625
512,6,walking,2021-05-07 15:40:28.479,2021-05-07 15:40:30.459,0.021,3,3,0.9249837,0.00020592548,0.024636572,0.05017389,0.9249837
512,6,walking,2021-05-07 15:40:29.479,2021-05-07 15:40:31.459,0.021,3,3,0.7150997,0.0005476873,0.07926808,0.20508447,0.7150997
512,6,walking,2021-05-07 15:40:30.479,2021-05-07 15:40:32.459,0.021,3,3,0.8195345,0.0004309043,0.046237927,0.13379675,0.8195345
512,6,walking,2021-05-07 15:40:31.479,2021-05-07 15:40:33.459,0.021,3,3,0.9712918,0.00010420936,0.008960793,0.019643202,0.9712918
512,6,walking,2021-05-07 15:40:32.479,2021-05-07 15:40:34.459,0.021,3,3,0.99220663,3.7353017e-05,0.0029377874,0.0048181685,0.99220663
512,6,walking,2021-05-07 15:40:33.479,2021-05-07 15:40:35.459,0.021,3,3,0.9996123,2.5346264e-06,0.00017266267,0.00021238356,0.9996123
512,6,walking,2021-05-07 15:40:34.479,2021-05-07 15:40:36.459,0.021,3,3,0.9960659,1.7868068e-05,0.0015156871,0.00240041,0.9960659
512,6,walking,2021-05-07 15:40:35.479,2021-05-07 15:40:37.459,0.021,3,3,0.9776402,9.0505615e-05,0.00997453,0.012294732,0.9776402
512,6,walking,2021-05-07 15:40:36.479,2021-05-07 15:40:38.459,0.021,3,3,0.9991299,6.283948e-06,0.0003853668,0.00047837844,0.9991299
512,6,walking,2021-05-07 15:40:37.479,2021-05-07 15:40:39.459,0.021,3,3,0.99105,5.2116844e-05,0.0026555925,0.0062423097,0.99105
512,7,sitting,2021-05-07 15:40:41.919,2021-05-07 15:40:43.900,0.021,1,2,0.49674597,0.00079353474,0.2673192,0.49674597,0.23514125
512,7,sitting,2021-05-07 15:40:42.919,2021-05-07 15:40:44.900,0.021,1,3,0.6296883,0.0007039874,0.100023024,0.26958472,0.6296883
512,7,sitting,2021-05-07 15:40:43.919,2021-05-07 15:40:45.900,0.021,1,2,0.49682918,0.00068224256,0.41717246,0.49682918,0.08531611
512,7,sitting,2021-05-07 15:40:44.919,2021-05-07 15:40:46.900,0.021,1,1,0.6868719,0.00050995545,0.6868719,0.3075992,0.0050189276
512,7,sitting,2021-05-07 15:40:45.919,2021-05-07 15:40:47.900,0.021,1,1,0.69680697,0.00054412923,0.69680697,0.29825875,0.004389994
512,7,sitting,2021-05-07 15:40:46.919,2021-05-07 15:40:48.900,0.021,1,1,0.7716232,0.00042112623,0.7716232,0.22567952,0.0022760855
512,7,sitting,2021-05-07 15:40:47.919,2021-05-07 15:40:49.900,0.021,1,1,0.7657685,0.0004791963,0.7657685,0.2316202,0.0021320954
512,7,sitting,2021-05-07 15:40:48.919,2021-05-07 15:40:50.900,0.021,1,1,0.7623604,0.0004903977,0.7623604,0.23482543,0.002323771
512,7,sitting,2021-05-07 15:40:49.919,2021-05-07 15:40:51.900,0.021,1,1,0.8206364,0.00039705544,0.8206364,0.1773187,0.0016479015
512,7,sitting,2021-05-07 15:40:50.919,2021-05-07 15:40:52.900,0.021,1,1,0.79336166,0.0004470448,0.79336166,0.20427488,0.001916263
512,7,sitting,2021-05-07 15:40:51.919,2021-05-07 15:40:53.900,0.021,1,1,0.86052257,0.0005010946,0.86052257,0.13786073,0.0011155796
512,7,sitting,2021-05-07 15:40:52.919,2021-05-07 15:40:54.900,0.021,1,1,0.9246928,0.00050234294,0.9246928,0.074329965,0.00047483333
512,7,sitting,2021-05-07 15:40:53.919,2021-05-07 15:40:55.900,0.021,1,1,0.85542744,0.00049758574,0.85542744,0.1430462,0.0010288404
512,7,sitting,2021-05-07 15:40:54.919,2021-05-07 15:40:56.900,0.021,1,1,0.7663017,0.0005071975,0.7663017,0.23102131,0.0021698652
512,7,sitting,2021-05-07 15:40:55.919,2021-05-07 15:40:57.900,0.021,1,1,0.87894815,0.00048696494,0.87894815,0.11978553,0.00077919406
512,7,sitting,2021-05-07 15:40:56.919,2021-05-07 15:40:58.900,0.021,1,1,0.9190305,0.0005041784,0.9190305,0.0799333,0.00053196173
512,7,sitting,2021-05-07 15:40:57.919,2021-05-07 15:40:59.900,0.021,1,1,0.8438782,0.00047424095,0.8438782,0.15454923,0.0010983634
512,7,sitting,2021-05-07 15:40:58.919,2021-05-07 15:41:00.900,0.021,1,1,0.8300317,0.0004666206,0.8300317,0.16812952,0.0013721611
512,7,sitting,2021-05-07 15:40:59.919,2021-05-07 15:41:01.900,0.021,1,1,0.9118686,0.00049750804,0.9118686,0.086963445,0.00067046506
512,7,sitting,2021-05-07 15:41:00.920,2021-05-07 15:41:02.900,0.021,1,1,0.9008459,0.0005103242,0.9008459,0.097821526,0.0008222093
512,7,sitting,2021-05-07 15:41:01.920,2021-05-07 15:41:03.900,0.021,1,1,0.88746643,0.00050794246,0.88746643,0.11119626,0.0008295397
512,7,sitting,2021-05-07 15:41:02.920,2021-05-07 15:41:04.900,0.021,1,1,0.94124717,0.00054514105,0.94124717,0.05779708,0.00041058892
512,7,sitting,2021-05-07 15:41:03.920,2021-05-07 15:41:05.900,0.021,1,1,0.888621,0.00053457497,0.888621,0.11003092,0.0008136092
512,7,sitting,2021-05-07 15:41:04.920,2021-05-07 15:41:06.900,0.021,1,1,0.7771503,0.00052120915,0.7771503,0.22067897,0.0016496544
512,7,sitting,2021-05-07 15:41:05.920,2021-05-07 15:41:07.900,0.021,1,1,0.86050695,0.00049642066,0.86050695,0.13801765,0.0009790421
512,7,sitting,2021-05-07 15:41:06.920,2021-05-07 15:41:08.899,0.021,1,1,0.9233019,0.0005060027,0.9233019,0.07564063,0.00055157405
512,7,sitting,2021-05-07 15:41:07.920,2021-05-07 15:41:09.899,0.021,1,1,0.85466594,0.0004890648,0.85466594,0.14309828,0.0017467678
512,7,sitting,2021-05-07 15:41:08.920,2021-05-07 15:41:10.899,0.021,1,2,0.574805,0.00073141034,0.37783366,0.574805,0.046629794
512,7,sitting,2021-05-07 15:41:09.920,2021-05-07 15:41:11.899,0.021,1,2,0.63241875,0.0010639746,0.18566424,0.63241875,0.1808529
512,7,sitting,2021-05-07 15:41:10.920,2021-05-07 15:41:12.899,0.021,1,2,0.57654095,0.0010451592,0.20486893,0.57654095,0.21754491
512,7,sitting,2021-05-07 15:41:11.920,2021-05-07 15:41:13.899,0.021,1,2,0.691881,0.0009986663,0.23835729,0.691881,0.068762995
512,7,sitting,2021-05-07 15:41:12.920,2021-05-07 15:41:14.899,0.021,1,2,0.73007166,0.00092046923,0.24425407,0.73007166,0.024753824
512,7,sitting,2021-05-07 15:41:13.920,2021-05-07 15:41:15.899,0.021,1,2,0.7470065,0.0009687308,0.22945794,0.7470065,0.022566814
512,7,sitting,2021-05-07 15:41:14.920,2021-05-07 15:41:16.899,0.021,1,2,0.75253165,0.0010526853,0.21172492,0.75253165,0.03469067
512,7,sitting,2021-05-07 15:41:15.920,2021-05-07 15:41:17.899,0.021,1,2,0.7557358,0.001025004,0.21430166,0.7557358,0.02893746
512,7,sitting,2021-05-07 15:41:16.920,2021-05-07 15:41:18.899,0.021,1,2,0.7490865,0.00095309207,0.23603174,0.7490865,0.01392856
512,7,sitting,2021-05-07 15:41:17.920,2021-05-07 15:41:19.899,0.021,1,2,0.7357316,0.0010158794,0.23995562,0.7357316,0.023296839
512,7,sitting,2021-05-07 15:41:18.920,2021-05-07 15:41:20.899,0.021,1,2,0.72856516,0.0009854134,0.2527677,0.72856516,0.017681703
512,7,sitting,2021-05-07 15:41:19.920,2021-05-07 15:41:21.899,0.021,1,2,0.7259197,0.0009210968,0.26070789,0.7259197,0.012451374
512,7,sitting,2021-05-07 15:41:20.920,2021-05-07 15:41:22.899,0.021,1,2,0.72464764,0.00091204845,0.2515711,0.72464764,0.022869278
512,7,sitting,2021-05-07 15:41:21.920,2021-05-07 15:41:23.899,0.021,1,2,0.7322594,0.0009953214,0.23386052,0.7322594,0.032884788
512,7,sitting,2021-05-07 15:41:22.920,2021-05-07 15:41:24.899,0.021,1,2,0.7451353,0.0010133148,0.23576263,0.7451353,0.018088778
512,7,sitting,2021-05-07 15:41:23.920,2021-05-07 15:41:25.899,0.021,1,2,0.7515183,0.000944235,0.23427203,0.7515183,0.013265427
512,7,sitting,2021-05-07 15:41:24.920,2021-05-07 15:41:26.899,0.021,1,2,0.75541073,0.0009250389,0.23024686,0.75541073,0.013417438
512,7,sitting,2021-05-07 15:41:25.920,2021-05-07 15:41:27.899,0.021,1,2,0.7618632,0.00092292274,0.22328758,0.7618632,0.013926411
512,7,sitting,2021-05-07 15:41:26.920,2021-05-07 15:41:28.899,0.021,1,2,0.75514853,0.0009772193,0.22776955,0.75514853,0.016104653
512,7,sitting,2021-05-07 15:41:27.920,2021-05-07 15:41:29.899,0.021,1,2,0.7317574,0.00089466013,0.24932735,0.7317574,0.018020596
512,7,sitting,2021-05-07 15:41:28.920,2021-05-07 15:41:30.899,0.021,1,2,0.7205939,0.0008585601,0.250972,0.7205939,0.027575456
512,7,sitting,2021-05-07 15:41:29.920,2021-05-07 15:41:31.899,0.021,1,2,0.7278095,0.0008704593,0.2559477,0.7278095,0.015372428
512,7,sitting,2021-05-07 15:41:30.920,2021-05-07 15:41:32.900,0.021,1,2,0.7290946,0.0008029147,0.2559406,0.7290946,0.014161796
512,7,sitting,2021-05-07 15:41:31.920,2021-05-07 15:41:33.900,0.021,1,2,0.724077,0.0007953483,0.2636881,0.724077,0.011439589
512,7,sitting,2021-05-07 15:41:32.919,2021-05-07 15:41:34.900,0.021,1,2,0.7273896,0.00076532975,0.2613407,0.7273896,0.010504264
512,7,sitting,2021-05-07 15:41:33.919,2021-05-07 15:41:35.900,0.021,1,2,0.7333347,0.0008656222,0.25248063,0.7333347,0.013319067
512,7,sitting,2021-05-07 15:41:34.919,2021-05-07 15:41:36.900,0.021,1,2,0.744209,0.0008196267,0.23851618,0.744209,0.016455134
512,7,sitting,2021-05-07 15:41:35.919,2021-05-07 15:41:37.900,0.021,1,2,0.75292987,0.0008323415,0.23016043,0.75292987,0.016077291
512,7,sitting,2021-05-07 15:41:36.919,2021-05-07 15:41:38.900,0.021,1,2,0.73847634,0.00089958904,0.2455883,0.73847634,0.015035801
512,7,sitting,2021-05-07 15:41:37.919,2021-05-07 15:41:39.900,0.021,1,2,0.733137,0.0008004786,0.2486798,0.733137,0.01738271
512,7,sitting,2021-05-07 15:41:38.919,2021-05-07 15:41:40.900,0.021,1,2,0.749613,0.00088505837,0.22941971,0.749613,0.020082345
512,7,sitting,2021-05-07 15:41:39.919,2021-05-07 15:41:41.900,0.021,1,2,0.7430387,0.001013437,0.20634715,0.7430387,0.049600672
512,7,sitting,2021-05-07 15:41:40.919,2021-05-07 15:41:42.900,0.021,1,2,0.7032003,0.00092303334,0.22529054,0.7032003,0.070586145
512,7,sitting,2021-05-07 15:41:41.919,2021-05-07 15:41:43.900,0.021,1,2,0.61471444,0.000874496,0.24739027,0.61471444,0.13702077
512,7,sitting,2021-05-07 15:41:42.919,2021-05-07 15:41:44.900,0.021,1,2,0.6820705,0.00083857257,0.24316762,0.6820705,0.07392324
512,7,sitting,2021-05-07 15:41:43.919,2021-05-07 15:41:45.900,0.021,1,2,0.7493871,0.00081911247,0.2334676,0.7493871,0.016326157
512,7,sitting,2021-05-07 15:41:44.919,2021-05-07 15:41:46.900,0.021,1,2,0.74242866,0.0008430756,0.2418841,0.74242866,0.014844091
512,7,sitting,2021-05-07 15:41:45.919,2021-05-07 15:41:47.900,0.021,1,2,0.74623567,0.0007680056,0.23802474,0.74623567,0.014971542
512,7,sitting,2021-05-07 15:41:46.919,2021-05-07 15:41:48.900,0.021,1,2,0.61650944,0.0006782803,0.3646917,0.61650944,0.018120538
512,7,sitting,2021-05-07 15:41:47.919,2021-05-07 15:41:49.900,0.021,1,1,0.7098009,0.00047941224,0.7098009,0.28485632,0.004863485
512,7,sitting,2021-05-07 15:41:48.919,2021-05-07 15:41:50.900,0.021,1,1,0.7707234,0.00044932772,0.7707234,0.22630855,0.0025187496
512,7,sitting,2021-05-07 15:41:49.919,2021-05-07 15:41:51.900,0.021,1,1,0.7710779,0.00044187164,0.7710779,0.22622712,0.0022530414
512,7,sitting,2021-05-07 15:41:50.919,2021-05-07 15:41:52.900,0.021,1,1,0.792146,0.00037637088,0.792146,0.20579346,0.0016840834
512,7,sitting,2021-05-07 15:41:51.919,2021-05-07 15:41:53.900,0.021,1,1,0.80641574,0.00039490333,0.80641574,0.19144899,0.001740399
512,7,sitting,2021-05-07 15:41:52.919,2021-05-07 15:41:54.900,0.021,1,1,0.80628324,0.00038908276,0.80628324,0.19158395,0.0017436066
512,7,sitting,2021-05-07 15:41:53.919,2021-05-07 15:41:55.900,0.021,1,1,0.8051091,0.00039725323,0.8051091,0.19284648,0.0016471319
512,7,sitting,2021-05-07 15:41:54.919,2021-05-07 15:41:56.900,0.021,1,1,0.8271944,0.00040883827,0.8271944,0.17102246,0.0013743567
512,7,sitting,2021-05-07 15:41:55.919,2021-05-07 15:41:57.900,0.021,1,1,0.8381914,0.00040684832,0.8381914,0.16020763,0.0011940484
512,7,sitting,2021-05-07 15:41:56.919,2021-05-07 15:41:58.900,0.021,1,1,0.8351568,0.000403311,0.8351568,0.16314597,0.0012939225
512,7,sitting,2021-05-07 15:41:57.919,2021-05-07 15:41:59.900,0.021,1,1,0.857789,0.00039588325,0.857789,0.14089799,0.00091714575
512,7,sitting,2021-05-07 15:41:58.919,2021-05-07 15:42:00.900,0.021,1,1,0.8566926,0.00042435311,0.8566926,0.14196542,0.00091756036
512,7,sitting,2021-05-07 15:41:59.919,2021-05-07 15:42:01.900,0.021,1,1,0.892825,0.00044104166,0.892825,0.10608736,0.00064655306
512,7,sitting,2021-05-07 15:42:00.920,2021-05-07 15:42:02.900,0.021,1,1,0.8903924,0.00048296104,0.8903924,0.108463824,0.0006607347
512,7,sitting,2021-05-07 15:42:01.920,2021-05-07 15:42:03.900,0.021,1,1,0.8565516,0.0004629915,0.8565516,0.14183351,0.0011519166
512,7,sitting,2021-05-07 15:42:02.920,2021-05-07 15:42:04.900,0.021,1,1,0.85392874,0.0004153449,0.85392874,0.14407207,0.0015838284
512,7,sitting,2021-05-07 15:42:03.920,2021-05-07 15:42:05.900,0.021,1,1,0.7485355,0.0004965434,0.7485355,0.2455507,0.0054172175
512,7,sitting,2021-05-07 15:42:04.920,2021-05-07 15:42:06.900,0.021,1,1,0.6538519,0.0005615113,0.6538519,0.33919728,0.006389363
512,7,sitting,2021-05-07 15:42:05.920,2021-05-07 15:42:07.900,0.021,1,1,0.7295887,0.00057142886,0.7295887,0.26804587,0.0017939091
512,7,sitting,2021-05-07 15:42:06.920,2021-05-07 15:42:08.899,0.021,1,1,0.7420663,0.0005770921,0.7420663,0.25566196,0.0016946399
512,7,sitting,2021-05-07 15:42:07.920,2021-05-07 15:42:09.899,0.021,1,1,0.6631157,0.0005986122,0.6631157,0.33324477,0.0030410355
512,7,sitting,2021-05-07 15:42:08.920,2021-05-07 15:42:10.899,0.021,1,1,0.74515915,0.00058370107,0.74515915,0.25239453,0.0018626578
512,7,sitting,2021-05-07 15:42:09.920,2021-05-07 15:42:11.899,0.021,1,1,0.78965527,0.0005654377,0.78965527,0.20849459,0.0012846384
512,7,sitting,2021-05-07 15:42:10.920,2021-05-07 15:42:12.899,0.021,1,1,0.7333119,0.0006059327,0.7333119,0.2639437,0.00213857
512,7,sitting,2021-05-07 15:42:11.920,2021-05-07 15:42:13.899,0.021,1,1,0.81986684,0.000618174,0.81986684,0.17839594,0.0011191207
512,7,sitting,2021-05-07 15:42:12.920,2021-05-07 15:42:14.899,0.021,1,1,0.84843296,0.0006331627,0.84843296,0.15002148,0.00091237226
512,7,sitting,2021-05-07 15:42:13.920,2021-05-07 15:42:15.899,0.021,1,1,0.79682225,0.0006252477,0.79682225,0.20104007,0.0015124324
512,7,sitting,2021-05-07 15:42:14.920,2021-05-07 15:42:16.899,0.021,1,1,0.8498036,0.0006167521,0.8498036,0.14855771,0.0010218701
512,7,sitting,2021-05-07 15:42:15.920,2021-05-07 15:42:17.899,0.021,1,1,0.80089647,0.0006499724,0.80089647,0.19701262,0.0014409366
512,7,sitting,2021-05-07 15:42:16.920,2021-05-07 15:42:18.899,0.021,1,1,0.7943726,0.00062887557,0.7943726,0.20364758,0.0013509672
512,7,sitting,2021-05-07 15:42:17.920,2021-05-07 15:42:19.899,0.021,1,1,0.8505676,0.00061758567,0.8505676,0.14796247,0.00085235276
512,7,sitting,2021-05-07 15:42:18.920,2021-05-07 15:42:20.899,0.021,1,1,0.8172316,0.0005986654,0.8172316,0.18090655,0.0012631646
512,7,sitting,2021-05-07 15:42:19.920,2021-05-07 15:42:21.899,0.021,1,1,0.86694306,0.0006101381,0.86694306,0.13156958,0.0008771953
512,7,sitting,2021-05-07 15:42:20.920,2021-05-07 15:42:22.899,0.021,1,1,0.8261334,0.00062488735,0.8261334,0.17210637,0.0011353263
512,7,sitting,2021-05-07 15:42:21.920,2021-05-07 15:42:23.899,0.021,1,1,0.7915249,0.0005868394,0.7915249,0.20642097,0.0014672881
512,7,sitting,2021-05-07 15:42:22.920,2021-05-07 15:42:24.899,0.021,1,1,0.8504736,0.00059417455,0.8504736,0.14797242,0.0009597707
512,7,sitting,2021-05-07 15:42:23.920,2021-05-07 15:42:25.899,0.021,1,1,0.8259601,0.0006405895,0.8259601,0.17220338,0.0011958922
512,7,sitting,2021-05-07 15:42:24.920,2021-05-07 15:42:26.899,0.021,1,1,0.8548779,0.00062632986,0.8548779,0.14361276,0.0008829972
512,7,sitting,2021-05-07 15:42:25.920,2021-05-07 15:42:27.899,0.021,1,1,0.8152287,0.00061367,0.8152287,0.1829111,0.0012465969
512,7,sitting,2021-05-07 15:42:26.920,2021-05-07 15:42:28.899,0.021,1,1,0.80546427,0.0005942041,0.80546427,0.19267465,0.00126686
512,7,sitting,2021-05-07 15:42:27.920,2021-05-07 15:42:29.899,0.021,1,1,0.8575661,0.0005965367,0.8575661,0.14100716,0.0008302035
512,7,sitting,2021-05-07 15:42:28.920,2021-05-07 15:42:30.899,0.021,1,1,0.76754344,0.0005864429,0.76754344,0.23015386,0.0017162947
512,7,sitting,2021-05-07 15:42:29.920,2021-05-07 15:42:31.899,0.021,1,1,0.76689243,0.00055757316,0.76689243,0.23073657,0.0018134009
512,7,sitting,2021-05-07 15:42:30.920,2021-05-07 15:42:32.900,0.021,1,1,0.80759984,0.00055012916,0.80759984,0.19049452,0.0013554702
512,7,sitting,2021-05-07 15:42:31.920,2021-05-07 15:42:33.900,0.021,1,1,0.76307154,0.00058565644,0.76307154,0.23448838,0.0018544476
512,7,sitting,2021-05-07 15:42:32.919,2021-05-07 15:42:34.900,0.021,1,1,0.83805245,0.0006262101,0.83805245,0.1602932,0.0010282501
512,7,sitting,2021-05-07 15:42:33.919,2021-05-07 15:42:35.900,0.021,1,1,0.8364959,0.0006277367,0.8364959,0.1618449,0.00103148
512,7,sitting,2021-05-07 15:42:34.919,2021-05-07 15:42:36.900,0.021,1,1,0.7887547,0.0006092763,0.7887547,0.2090607,0.0015752949
512,7,sitting,2021-05-07 15:42:35.919,2021-05-07 15:42:37.900,0.021,1,1,0.8703453,0.0006151995,0.8703453,0.12823626,0.00080338435
512,7,sitting,2021-05-07 15:42:36.919,2021-05-07 15:42:38.900,0.021,1,1,0.82692146,0.000629533,0.82692146,0.17130005,0.0011489709
512,7,sitting,2021-05-07 15:42:37.919,2021-05-07 15:42:39.900,0.021,1,1,0.84521,0.0006155493,0.84521,0.15328915,0.00088520325
512,7,sitting,2021-05-07 15:42:38.919,2021-05-07 15:42:40.900,0.021,1,1,0.87420505,0.0006355226,0.87420505,0.124343336,0.00081612915
512,7,sitting,2021-05-07 15:42:39.919,2021-05-07 15:42:41.900,0.021,1,1,0.8246112,0.00060590316,0.8246112,0.1733186,0.0014642539
512,7,sitting,2021-05-07 15:42:40.919,2021-05-07 15:42:42.900,0.021,1,1,0.8788761,0.0006195326,0.8788761,0.11973614,0.0007683676
512,7,sitting,2021-05-07 15:42:41.919,2021-05-07 15:42:43.900,0.021,1,1,0.83391386,0.00062762643,0.83391386,0.16433015,0.0011283176
512,7,sitting,2021-05-07 15:42:42.919,2021-05-07 15:42:44.900,0.021,1,1,0.8415404,0.00060868147,0.8415404,0.1568354,0.0010155557
512,7,sitting,2021-05-07 15:42:43.919,2021-05-07 15:42:45.900,0.021,1,1,0.8758524,0.0006028875,0.8758524,0.122794434,0.00075033813
512,7,sitting,2021-05-07 15:42:44.919,2021-05-07 15:42:46.900,0.021,1,1,0.7847411,0.0005783231,0.7847411,0.2129467,0.0017338719
512,7,sitting,2021-05-07 15:42:45.919,2021-05-07 15:42:47.900,0.021,1,1,0.82222104,0.0005766344,0.82222104,0.17598411,0.0012182812
512,7,sitting,2021-05-07 15:42:46.919,2021-05-07 15:42:48.900,0.021,1,1,0.8692888,0.0006021002,0.8692888,0.12924698,0.00086216244
512,7,sitting,2021-05-07 15:42:47.919,2021-05-07 15:42:49.900,0.021,1,1,0.8317696,0.00061716116,0.8317696,0.16647443,0.0011388996
512,7,sitting,2021-05-07 15:42:48.919,2021-05-07 15:42:50.900,0.021,1,1,0.8791403,0.0006593895,0.8791403,0.119467355,0.00073292333
512,7,sitting,2021-05-07 15:42:49.919,2021-05-07 15:42:51.900,0.021,1,1,0.8440532,0.000637074,0.8440532,0.15417682,0.0011327304
512,7,sitting,2021-05-07 15:42:50.919,2021-05-07 15:42:52.900,0.021,1,1,0.8149474,0.000589271,0.8149474,0.18318978,0.0012734773
512,7,sitting,2021-05-07 15:42:51.919,2021-05-07 15:42:53.900,0.021,1,1,0.8713144,0.00059882016,0.8713144,0.12728733,0.0007993285
512,7,sitting,2021-05-07 15:42:52.919,2021-05-07 15:42:54.900,0.021,1,1,0.80809903,0.0006158067,0.80809903,0.19001941,0.0012657804
512,7,sitting,2021-05-07 15:42:53.919,2021-05-07 15:42:55.900,0.021,1,1,0.8520284,0.00061287155,0.8520284,0.14654799,0.0008107653
512,7,sitting,2021-05-07 15:42:54.919,2021-05-07 15:42:56.900,0.021,1,1,0.8658514,0.00063475274,0.8658514,0.13266368,0.00085022365
512,7,sitting,2021-05-07 15:42:55.919,2021-05-07 15:42:57.900,0.021,1,1,0.8447971,0.0005983736,0.8447971,0.15352727,0.0010771295
512,7,sitting,2021-05-07 15:42:56.919,2021-05-07 15:42:58.900,0.021,1,1,0.8670183,0.0005856108,0.8670183,0.13155362,0.00084255246
512,7,sitting,2021-05-07 15:42:57.919,2021-05-07 15:42:59.900,0.021,1,1,0.7954571,0.00060199486,0.7954571,0.20256363,0.0013773809
512,7,sitting,2021-05-07 15:42:58.919,2021-05-07 15:43:00.900,0.021,1,1,0.849573,0.00062959484,0.849573,0.14894484,0.00085245736
512,7,sitting,2021-05-07 15:42:59.919,2021-05-07 15:43:01.900,0.021,1,1,0.86891836,0.00061190315,0.86891836,0.12964617,0.0008234504
512,7,sitting,2021-05-07 15:43:00.920,2021-05-07 15:43:02.900,0.021,1,1,0.77730805,0.0005887262,0.77730805,0.22036017,0.0017429397
512,7,sitting,2021-05-07 15:43:01.920,2021-05-07 15:43:03.900,0.021,1,1,0.8616151,0.000593641,0.8616151,0.1369223,0.0008688578
512,7,sitting,2021-05-07 15:43:02.920,2021-05-07 15:43:04.900,0.021,1,1,0.8598448,0.0006338154,0.8598448,0.13861494,0.0009065351
512,7,sitting,2021-05-07 15:43:03.920,2021-05-07 15:43:05.900,0.021,1,1,0.8530986,0.0006292937,0.8530986,0.14527452,0.0009975231
512,7,sitting,2021-05-07 15:43:04.920,2021-05-07 15:43:06.900,0.021,1,1,0.8870014,0.0006385959,0.8870014,0.11166956,0.0006903604
512,7,sitting,2021-05-07 15:43:05.920,2021-05-07 15:43:07.900,0.021,1,1,0.84465444,0.00061017694,0.84465444,0.15370113,0.0010341487
512,7,sitting,2021-05-07 15:43:06.920,2021-05-07 15:43:08.899,0.021,1,1,0.8837259,0.00060191716,0.8837259,0.11500315,0.0006689012
512,7,sitting,2021-05-07 15:43:07.920,2021-05-07 15:43:09.899,0.021,1,1,0.82738954,0.00059432443,0.82738954,0.1708306,0.0011855012
512,7,sitting,2021-05-07 15:43:08.920,2021-05-07 15:43:10.899,0.021,1,1,0.8179718,0.0005804018,0.8179718,0.17999496,0.0014528205
512,7,sitting,2021-05-07 15:43:09.920,2021-05-07 15:43:11.899,0.021,1,1,0.88215977,0.0006064218,0.88215977,0.116362415,0.00087138393
512,7,sitting,2021-05-07 15:43:10.920,2021-05-07 15:43:12.899,0.021,1,1,0.84921926,0.0006275664,0.84921926,0.14905018,0.001102991
512,7,sitting,2021-05-07 15:43:11.920,2021-05-07 15:43:13.899,0.021,1,1,0.8776748,0.00065004575,0.8776748,0.12083514,0.000839921
512,7,sitting,2021-05-07 15:43:12.920,2021-05-07 15:43:14.899,0.021,1,1,0.86680835,0.0006456367,0.86680835,0.13163799,0.0009080387
512,7,sitting,2021-05-07 15:43:13.920,2021-05-07 15:43:15.899,0.021,1,1,0.8739393,0.0006119035,0.8739393,0.12465886,0.00078987755
512,7,sitting,2021-05-07 15:43:14.920,2021-05-07 15:43:16.899,0.021,1,1,0.8482593,0.0006008268,0.8482593,0.15009004,0.0010497259
512,7,sitting,2021-05-07 15:43:15.920,2021-05-07 15:43:17.899,0.021,1,1,0.7499596,0.0005488475,0.7499596,0.24752592,0.0019655894
512,7,sitting,2021-05-07 15:43:16.920,2021-05-07 15:43:18.899,0.021,1,1,0.7718743,0.0005026421,0.7718743,0.2260964,0.0015265885
512,7,sitting,2021-05-07 15:43:17.920,2021-05-07 15:43:19.899,0.021,1,1,0.76403683,0.00052433787,0.76403683,0.23363066,0.0018081593
512,7,sitting,2021-05-07 15:43:18.920,2021-05-07 15:43:20.899,0.021,1,1,0.83164096,0.00055993086,0.83164096,0.16660993,0.0011892688
512,7,sitting,2021-05-07 15:43:19.920,2021-05-07 15:43:21.899,0.021,1,1,0.85732466,0.0006367448,0.85732466,0.14116405,0.00087466533
512,7,sitting,2021-05-07 15:43:20.920,2021-05-07 15:43:22.899,0.021,1,1,0.8813795,0.0006454933,0.8813795,0.11724345,0.0007314865
512,7,sitting,2021-05-07 15:43:21.920,2021-05-07 15:43:23.899,0.021,1,1,0.86215895,0.00063161255,0.86215895,0.13620754,0.0010019495
512,7,sitting,2021-05-07 15:43:22.920,2021-05-07 15:43:24.899,0.021,1,1,0.8727302,0.00063369394,0.8727302,0.12575167,0.00088445033
512,7,sitting,2021-05-07 15:43:23.920,2021-05-07 15:43:25.899,0.021,1,1,0.84999335,0.0006167069,0.84999335,0.14822708,0.0011628617
512,7,sitting,2021-05-07 15:43:24.920,2021-05-07 15:43:26.899,0.021,1,1,0.7926444,0.00057526614,0.7926444,0.20476688,0.002013433
512,7,sitting,2021-05-07 15:43:25.920,2021-05-07 15:43:27.899,0.021,1,1,0.8827218,0.0006092232,0.8827218,0.115760185,0.00090882357
512,7,sitting,2021-05-07 15:43:26.920,2021-05-07 15:43:28.899,0.021,1,1,0.8645029,0.0006415583,0.8645029,0.13352928,0.0013262506
512,7,sitting,2021-05-07 15:43:27.920,2021-05-07 15:43:29.899,0.021,1,1,0.86915284,0.0006266751,0.86915284,0.12905343,0.0011671027
512,7,sitting,2021-05-07 15:43:28.920,2021-05-07 15:43:30.899,0.021,1,1,0.88741964,0.00064496533,0.88741964,0.11121668,0.0007186635
512,7,sitting,2021-05-07 15:43:29.920,2021-05-07 15:43:31.899,0.021,1,1,0.85295206,0.0006211139,0.85295206,0.14542748,0.0009993202
512,7,sitting,2021-05-07 15:43:30.920,2021-05-07 15:43:32.900,0.021,1,1,0.88886553,0.0006337069,0.88886553,0.10983715,0.0006634978
512,7,sitting,2021-05-07 15:43:31.920,2021-05-07 15:43:33.900,0.021,1,1,0.85790056,0.0006541359,0.85790056,0.14059307,0.0008522416
512,7,sitting,2021-05-07 15:43:32.919,2021-05-07 15:43:34.900,0.021,1,1,0.87891084,0.0006576002,0.87891084,0.119714126,0.0007174969
512,7,sitting,2021-05-07 15:43:33.919,2021-05-07 15:43:35.900,0.021,1,1,0.8683329,0.0006495297,0.8683329,0.13026659,0.0007509454
512,7,sitting,2021-05-07 15:43:34.919,2021-05-07 15:43:36.900,0.021,1,1,0.8711432,0.00065522245,0.8711432,0.12744993,0.0007517369
512,7,sitting,2021-05-07 15:43:35.919,2021-05-07 15:43:37.900,0.021,1,1,0.88505787,0.00066697376,0.88505787,0.113445155,0.0008298941
512,7,sitting,2021-05-07 15:43:36.919,2021-05-07 15:43:38.900,0.021,1,1,0.8675676,0.00065069675,0.8675676,0.13082457,0.0009571749
512,7,sitting,2021-05-07 15:43:37.919,2021-05-07 15:43:39.900,0.021,1,1,0.8845272,0.00065158494,0.8845272,0.11409783,0.0007233728
512,7,sitting,2021-05-07 15:43:38.919,2021-05-07 15:43:40.900,0.021,1,1,0.86572844,0.00063257,0.86572844,0.13273235,0.00090668915
512,7,sitting,2021-05-07 15:43:39.919,2021-05-07 15:43:41.900,0.021,1,1,0.894693,0.00069033995,0.894693,0.10397255,0.0006441098
512,7,sitting,2021-05-07 15:43:40.919,2021-05-07 15:43:42.900,0.021,1,1,0.87910044,0.00069697195,0.87910044,0.11945503,0.00074748043
512,7,sitting,2021-05-07 15:43:41.919,2021-05-07 15:43:43.900,0.021,1,1,0.8762857,0.00066437747,0.8762857,0.12231157,0.0007383038
512,7,sitting,2021-05-07 15:43:42.919,2021-05-07 15:43:44.900,0.021,1,1,0.8834576,0.0006573525,0.8834576,0.11515818,0.00072681805
512,7,sitting,2021-05-07 15:43:43.919,2021-05-07 15:43:45.900,0.021,1,1,0.86632174,0.00065408205,0.86632174,0.13214837,0.0008758384
512,7,sitting,2021-05-07 15:43:44.919,2021-05-07 15:43:46.900,0.021,1,1,0.83444875,0.0006341123,0.83444875,0.16384238,0.0010747347
512,7,sitting,2021-05-07 15:43:45.919,2021-05-07 15:43:47.900,0.021,1,1,0.87380177,0.00062403886,0.87380177,0.12478588,0.00078833743
512,7,sitting,2021-05-07 15:43:46.919,2021-05-07 15:43:48.900,0.021,1,1,0.83167344,0.00062896265,0.83167344,0.16660674,0.0010908068
512,7,sitting,2021-05-07 15:43:47.919,2021-05-07 15:43:49.900,0.021,1,1,0.87043506,0.0006119572,0.87043506,0.12822418,0.000728718
512,7,sitting,2021-05-07 15:43:48.919,2021-05-07 15:43:50.900,0.021,1,1,0.84986734,0.0006310653,0.84986734,0.14851794,0.0009835236
512,7,sitting,2021-05-07 15:43:49.919,2021-05-07 15:43:51.900,0.021,1,1,0.8627323,0.00066574494,0.8627323,0.13560003,0.0010019754
512,7,sitting,2021-05-07 15:43:50.919,2021-05-07 15:43:52.900,0.021,1,1,0.89604306,0.0006788182,0.89604306,0.10256302,0.0007150844
512,7,sitting,2021-05-07 15:43:51.919,2021-05-07 15:43:53.900,0.021,1,1,0.8140571,0.0006091173,0.8140571,0.18404683,0.0012869178
512,7,sitting,2021-05-07 15:43:52.919,2021-05-07 15:43:54.900,0.021,1,1,0.87921906,0.00062806875,0.87921906,0.11941478,0.00073806534
512,7,sitting,2021-05-07 15:43:53.919,2021-05-07 15:43:55.900,0.021,1,1,0.8661257,0.00063780503,0.8661257,0.13227093,0.0009656447
512,7,sitting,2021-05-07 15:43:54.919,2021-05-07 15:43:56.900,0.021,1,1,0.8660236,0.00063541776,0.8660236,0.13232778,0.0010131935
512,7,sitting,2021-05-07 15:43:55.919,2021-05-07 15:43:57.900,0.021,1,1,0.88755435,0.00067465473,0.88755435,0.11100176,0.0007692325
512,7,sitting,2021-05-07 15:43:56.919,2021-05-07 15:43:58.900,0.021,1,1,0.8311522,0.0006333468,0.8311522,0.16703808,0.0011765076
512,7,sitting,2021-05-07 15:43:57.919,2021-05-07 15:43:59.900,0.021,1,1,0.86898935,0.00059924414,0.86898935,0.1294923,0.0009190461
512,7,sitting,2021-05-07 15:43:58.919,2021-05-07 15:44:00.900,0.021,1,1,0.8344484,0.0005836869,0.8344484,0.16347568,0.0014922041
512,7,sitting,2021-05-07 15:43:59.919,2021-05-07 15:44:01.900,0.021,1,1,0.8203486,0.00054917857,0.8203486,0.17774743,0.0013547433
512,7,sitting,2021-05-07 15:44:00.920,2021-05-07 15:44:02.900,0.021,1,1,0.82540363,0.000600544,0.82540363,0.17275947,0.0012363031
512,7,sitting,2021-05-07 15:44:01.920,2021-05-07 15:44:03.900,0.021,1,1,0.8763946,0.0006490375,0.8763946,0.122187,0.00076936424
512,7,sitting,2021-05-07 15:44:02.920,2021-05-07 15:44:04.900,0.021,1,1,0.87576455,0.00064162246,0.87576455,0.122776024,0.00081763184
512,7,sitting,2021-05-07 15:44:03.920,2021-05-07 15:44:05.900,0.021,1,1,0.85292155,0.0006035616,0.85292155,0.14543253,0.0010424164
512,7,sitting,2021-05-07 15:44:04.920,2021-05-07 15:44:06.900,0.021,1,1,0.8856638,0.0006327293,0.8856638,0.112987146,0.000716314
512,7,sitting,2021-05-07 15:44:05.920,2021-05-07 15:44:07.900,0.021,1,1,0.89484584,0.0006480446,0.89484584,0.10384948,0.0006565548
512,7,sitting,2021-05-07 15:44:06.920,2021-05-07 15:44:08.899,0.021,1,1,0.8879002,0.00064342126,0.8879002,0.110733144,0.000723271
512,7,sitting,2021-05-07 15:44:07.920,2021-05-07 15:44:09.899,0.021,1,1,0.9002016,0.0006643265,0.9002016,0.09849625,0.0006378112
512,7,sitting,2021-05-07 15:44:08.920,2021-05-07 15:44:10.899,0.021,1,1,0.8808266,0.0006480963,0.8808266,0.11778938,0.00073581847
512,7,sitting,2021-05-07 15:44:09.920,2021-05-07 15:44:11.899,0.021,1,1,0.846743,0.0005884358,0.846743,0.15169345,0.0009750655
512,7,sitting,2021-05-07 15:44:10.920,2021-05-07 15:44:12.899,0.021,1,1,0.84624517,0.00058423664,0.84624517,0.15203218,0.0011384763
512,7,sitting,2021-05-07 15:44:11.920,2021-05-07 15:44:13.899,0.021,1,1,0.84235257,0.00057912513,0.84235257,0.15493174,0.0021365476
512,7,sitting,2021-05-07 15:44:12.920,2021-05-07 15:44:14.899,0.021,1,1,0.84982157,0.0005735921,0.84982157,0.14769787,0.0019068794
512,7,sitting,2021-05-07 15:44:13.920,2021-05-07 15:44:15.899,0.021,1,1,0.86291975,0.000570991,0.86291975,0.1355264,0.0009827821
512,7,sitting,2021-05-07 15:44:14.920,2021-05-07 15:44:16.899,0.021,1,1,0.83463866,0.00056961854,0.83463866,0.16351606,0.0012756848
512,7,sitting,2021-05-07 15:44:15.920,2021-05-07 15:44:17.899,0.021,1,1,0.87226254,0.0005985412,0.87226254,0.12630136,0.0008375009
512,7,sitting,2021-05-07 15:44:16.920,2021-05-07 15:44:18.899,0.021,1,1,0.85328346,0.00064171717,0.85328346,0.14516199,0.00091287197
512,7,sitting,2021-05-07 15:44:17.920,2021-05-07 15:44:19.899,0.021,1,1,0.867071,0.0006370392,0.867071,0.13135198,0.00093997933
512,7,sitting,2021-05-07 15:44:18.920,2021-05-07 15:44:20.899,0.021,1,1,0.8342183,0.0006057915,0.8342183,0.16389634,0.0012795299
512,11,walking,2021-05-07 15:44:26.840,2021-05-07 15:44:28.819,0.021,3,3,0.91798884,0.00023311358,0.022528155,0.059249863,0.91798884
512,11,walking,2021-05-07 15:44:27.840,2021-05-07 15:44:29.819,0.021,3,3,0.9973173,1.1770835e-05,0.0009727077,0.0016982355,0.9973173
512,11,walking,2021-05-07 15:44:28.840,2021-05-07 15:44:30.819,0.021,3,3,0.99684423,1.8255043e-05,0.0012486633,0.0018888538,0.99684423
512,11,walking,2021-05-07 15:44:29.840,2021-05-07 15:44:31.819,0.021,3,3,0.99710417,1.5148855e-05,0.0010541114,0.001826449,0.99710417
512,11,walking,2021-05-07 15:44:30.840,2021-05-07 15:44:32.819,0.021,3,3,0.9901416,4.046409e-05,0.0034956106,0.0063223755,0.9901416
512,11,walking,2021-05-07 15:44:31.840,2021-05-07 15:44:33.819,0.021,3,3,0.9955157,1.8516517e-05,0.0018724853,0.0025932281,0.9955157
512,11,walking,2021-05-07 15:44:32.840,2021-05-07 15:44:34.819,0.021,3,3,0.9986764,7.4449354e-06,0.00057643745,0.00073969923,0.9986764
512,12,standing,2021-05-07 15:44:34.959,2021-05-07 15:44:36.939,0.021,2,2,0.61749566,0.0010416503,0.28713992,0.61749566,0.09432279
512,14,standing,2021-05-07 15:44:38.520,2021-05-07 15:44:40.500,0.021,2,2,0.66563547,0.0009854783,0.28619942,0.66563547,0.047179684
512,14,standing,2021-05-07 15:44:39.520,2021-05-07 15:44:41.500,0.021,2,2,0.64422387,0.000984983,0.2979877,0.64422387,0.056803454
512,14,standing,2021-05-07 15:44:40.520,2021-05-07 15:44:42.500,0.021,2,2,0.7090357,0.000964948,0.25245374,0.7090357,0.037545696
512,14,standing,2021-05-07 15:44:41.520,2021-05-07 15:44:43.500,0.021,2,2,0.638622,0.0010908542,0.2808912,0.638622,0.07939585
512,14,standing,2021-05-07 15:44:42.520,2021-05-07 15:44:44.500,0.021,2,2,0.62112063,0.0010274713,0.32643685,0.62112063,0.051415052
512,14,standing,2021-05-07 15:44:43.520,2021-05-07 15:44:45.500,0.021,2,2,0.69075626,0.0010157211,0.25330332,0.69075626,0.054924622
512,14,standing,2021-05-07 15:44:44.520,2021-05-07 15:44:46.500,0.021,2,2,0.7222273,0.0009489289,0.24616888,0.7222273,0.030654944
512,14,standing,2021-05-07 15:44:45.520,2021-05-07 15:44:47.500,0.021,2,2,0.720988,0.0009419346,0.24800812,0.720988,0.030061929
512,14,standing,2021-05-07 15:44:46.520,2021-05-07 15:44:48.500,0.021,2,2,0.66449654,0.0010293508,0.26973292,0.66449654,0.06474126
512,15,walking,2021-05-07 15:44:48.599,2021-05-07 15:44:50.580,0.021,3,3,0.8117887,0.0005155861,0.06505987,0.122635804,0.8117887
512,15,walking,2021-05-07 15:44:49.599,2021-05-07 15:44:51.580,0.021,3,3,0.9308303,0.00026724755,0.030545164,0.038357195,0.9308303
512,15,walking,2021-05-07 15:44:50.599,2021-05-07 15:44:52.580,0.021,3,3,0.97981906,9.5760086e-05,0.009003878,0.011081345,0.97981906
512,16,standing,2021-05-07 15:44:53.319,2021-05-07 15:44:55.299,0.021,2,2,0.6740771,0.001284352,0.19233234,0.6740771,0.13230625
512,16,standing,2021-05-07 15:44:54.319,2021-05-07 15:44:56.299,0.021,2,2,0.7157911,0.0009538258,0.24620813,0.7157911,0.037046887
512,17,walking,2021-05-07 15:44:57.000,2021-05-07 15:44:58.979,0.021,3,3,0.9160006,0.00021378355,0.026460966,0.05732453,0.9160006
512,17,walking,2021-05-07 15:44:58.000,2021-05-07 15:44:59.979,0.021,3,3,0.97318804,9.967264e-05,0.010653763,0.01605846,0.97318804
512,17,walking,2021-05-07 15:44:59.000,2021-05-07 15:45:00.980,0.021,3,3,0.9913274,3.6057187e-05,0.0025785381,0.0060579125,0.9913274
512,18,standing,2021-05-07 15:45:01.039,2021-05-07 15:45:03.019,0.021,2,2,0.7278271,0.001018535,0.23668145,0.7278271,0.034473
512,20,standing,2021-05-07 15:45:03.760,2021-05-07 15:45:05.739,0.021,2,2,0.73532844,0.0011859193,0.20165473,0.73532844,0.061830916
512,22,standing,2021-05-07 15:45:06.880,2021-05-07 15:45:08.859,0.021,2,2,0.7199038,0.00096878025,0.23756218,0.7199038,0.04156522
512,22,standing,2021-05-07 15:45:07.880,2021-05-07 15:45:09.859,0.021,2,2,0.70201313,0.00085858814,0.2688531,0.70201313,0.028275268
512,22,standing,2021-05-07 15:45:08.880,2021-05-07 15:45:10.859,0.021,2,2,0.6896142,0.0009220522,0.2734756,0.6896142,0.035988294
512,22,standing,2021-05-07 15:45:09.880,2021-05-07 15:45:11.859,0.021,2,2,0.64858294,0.0009869437,0.3039882,0.64858294,0.04644201
512,22,standing,2021-05-07 15:45:10.880,2021-05-07 15:45:12.859,0.021,2,2,0.66094935,0.0008677461,0.30648005,0.66094935,0.03170284
512,22,standing,2021-05-07 15:45:11.880,2021-05-07 15:45:13.859,0.021,2,2,0.63298404,0.0009444818,0.31750458,0.63298404,0.04856689
512,22,standing,2021-05-07 15:45:12.880,2021-05-07 15:45:14.859,0.021,2,2,0.68831635,0.0009364767,0.25807622,0.68831635,0.052671038
512,22,standing,2021-05-07 15:45:13.880,2021-05-07 15:45:15.859,0.021,2,2,0.7181179,0.0010487142,0.21942362,0.7181179,0.061409775
512,22,standing,2021-05-07 15:45:14.880,2021-05-07 15:45:16.860,0.021,2,2,0.5447258,0.001140102,0.19214444,0.5447258,0.2619897
512,22,standing,2021-05-07 15:45:15.880,2021-05-07 15:45:17.860,0.021,2,2,0.4217795,0.0011320747,0.28509456,0.4217795,0.29199374
512,22,standing,2021-05-07 15:45:16.880,2021-05-07 15:45:18.860,0.021,2,2,0.5485947,0.0012209703,0.35430562,0.5485947,0.09587868
512,22,standing,2021-05-07 15:45:17.880,2021-05-07 15:45:19.860,0.021,2,2,0.67292786,0.00093013165,0.30013725,0.67292786,0.026004752
512,23,walking,2021-05-07 15:45:20.440,2021-05-07 15:45:22.420,0.021,3,3,0.6205224,0.0010101526,0.17367002,0.20479748,0.6205224
512,23,walking,2021-05-07 15:45:21.440,2021-05-07 15:45:23.420,0.021,3,3,0.85916424,0.00040048748,0.055343833,0.0850915,0.85916424
512,23,walking,2021-05-07 15:45:22.440,2021-05-07 15:45:24.420,0.021,3,3,0.51480186,0.0012222299,0.2456468,0.23832905,0.51480186
512,23,walking,2021-05-07 15:45:23.440,2021-05-07 15:45:25.420,0.021,3,1,0.3809805,0.0014834595,0.3809805,0.35209176,0.2654442
512,23,walking,2021-05-07 15:45:24.440,2021-05-07 15:45:26.420,0.021,3,3,0.54260486,0.00096993265,0.15440084,0.3020244,0.54260486
512,23,walking,2021-05-07 15:45:25.440,2021-05-07 15:45:27.420,0.021,3,3,0.86840963,0.00035910812,0.039425712,0.09180556,0.86840963
512,23,walking,2021-05-07 15:45:26.440,2021-05-07 15:45:28.420,0.021,3,3,0.99375737,3.2196e-05,0.0021548728,0.0040556258,0.99375737
512,23,walking,2021-05-07 15:45:27.440,2021-05-07 15:45:29.420,0.021,3,3,0.9962602,2.134871e-05,0.0014931067,0.0022252318,0.9962602
512,23,walking,2021-05-07 15:45:28.440,2021-05-07 15:45:30.420,0.021,3,3,0.9991836,5.73416e-06,0.000343086,0.00046761637,0.9991836
512,23,walking,2021-05-07 15:45:29.440,2021-05-07 15:45:31.420,0.021,3,3,0.99841654,1.2452724e-05,0.0006244806,0.0009465018,0.99841654
512,23,walking,2021-05-07 15:45:30.440,2021-05-07 15:45:32.419,0.021,3,3,0.99978137,1.6182568e-06,0.00010003869,0.00011703295,0.99978137
512,23,walking,2021-05-07 15:45:31.440,2021-05-07 15:45:33.419,0.021,3,3,0.99992543,5.3778325e-07,3.8030274e-05,3.5946814e-05,0.99992543
512,23,walking,2021-05-07 15:45:32.439,2021-05-07 15:45:34.419,0.021,3,3,0.99969333,2.217009e-06,0.00014351732,0.0001609918,0.99969333
512,24,standing,2021-05-07 15:45:35.040,2021-05-07 15:45:37.020,0.021,2,1,0.85360175,0.024370966,0.85360175,0.059956033,0.062071316
512,26,standing,2021-05-07 15:45:40.680,2021-05-07 15:45:42.659,0.021,2,2,0.7367053,0.0009962822,0.23299219,0.7367053,0.029306194
512,26,standing,2021-05-07 15:45:41.680,2021-05-07 15:45:43.659,0.021,2,2,0.73312855,0.0009692384,0.25615582,0.73312855,0.009746376
512,26,standing,2021-05-07 15:45:42.680,2021-05-07 15:45:44.659,0.021,2,2,0.73019457,0.000962127,0.2584382,0.73019457,0.010405152
512,26,standing,2021-05-07 15:45:43.680,2021-05-07 15:45:45.659,0.021,2,2,0.73297393,0.00096508296,0.2557506,0.73297393,0.010310273
512,26,standing,2021-05-07 15:45:44.680,2021-05-07 15:45:46.659,0.021,2,2,0.7311263,0.0009733626,0.2545321,0.7311263,0.0133682
512,26,standing,2021-05-07 15:45:45.680,2021-05-07 15:45:47.659,0.021,2,2,0.7306344,0.000986905,0.25643513,0.7306344,0.011943543
512,26,standing,2021-05-07 15:45:46.680,2021-05-07 15:45:48.659,0.021,2,2,0.7307795,0.0010059907,0.25940388,0.7307795,0.008810597
512,26,standing,2021-05-07 15:45:47.680,2021-05-07 15:45:49.659,0.021,2,2,0.7302227,0.0010019208,0.26024777,0.7302227,0.008527732
512,28,standing,2021-05-07 15:45:50.000,2021-05-07 15:45:51.979,0.021,2,2,0.6918731,0.0010415113,0.23176579,0.6918731,0.07531964
512,28,standing,2021-05-07 15:45:51.000,2021-05-07 15:45:52.979,0.021,2,2,0.7489804,0.00089860416,0.2314561,0.7489804,0.018664962
512,28,standing,2021-05-07 15:45:52.000,2021-05-07 15:45:53.979,0.021,2,2,0.743913,0.0008890749,0.23851123,0.743913,0.016686594
512,28,standing,2021-05-07 15:45:53.000,2021-05-07 15:45:54.979,0.021,2,2,0.7286924,0.0008393967,0.25427628,0.7286924,0.016191823
512,30,standing,2021-05-07 15:45:55.959,2021-05-07 15:45:57.939,0.021,2,2,0.7702895,0.004222833,0.13106441,0.7702895,0.094423346
512,31,lying,2021-05-07 15:46:07.039,2021-05-07 15:46:09.020,0.021,0,0,0.9318558,0.9318558,0.068144076,9.789732e-08,2.9703632e-08
512,31,lying,2021-05-07 15:46:08.039,2021-05-07 15:46:10.020,0.021,0,0,0.9563109,0.9563109,0.043689173,4.6478696e-08,1.3730431e-08
512,31,lying,2021-05-07 15:46:09.039,2021-05-07 15:46:11.020,0.021,0,0,0.95736814,0.95736814,0.0426319,4.5093856e-08,9.593092e-09
512,31,lying,2021-05-07 15:46:10.039,2021-05-07 15:46:12.020,0.021,0,0,0.95174354,0.95174354,0.048256423,5.6435432e-08,1.1194893e-08
512,31,lying,2021-05-07 15:46:11.039,2021-05-07 15:46:13.020,0.021,0,0,0.94689095,0.94689095,0.053108905,6.865268e-08,1.2859047e-08
512,31,lying,2021-05-07 15:46:12.039,2021-05-07 15:46:14.020,0.021,0,0,0.9490473,0.9490473,0.05095255,6.4672534e-08,1.2122625e-08
512,31,lying,2021-05-07 15:46:13.039,2021-05-07 15:46:15.020,0.021,0,0,0.94873434,0.94873434,0.051265545,6.1506384e-08,1.2153302e-08
512,31,lying,2021-05-07 15:46:14.039,2021-05-07 15:46:16.020,0.021,0,0,0.9500652,0.9500652,0.04993467,5.7833596e-08,1.2116477e-08
512,31,lying,2021-05-07 15:46:15.039,2021-05-07 15:46:17.020,0.021,0,0,0.9512462,0.9512462,0.04875362,5.8138326e-08,1.2200852e-08
512,31,lying,2021-05-07 15:46:16.040,2021-05-07 15:46:18.020,0.021,0,0,0.95125294,0.95125294,0.048746895,5.691341e-08,1.201932e-08
512,31,lying,2021-05-07 15:46:17.040,2021-05-07 15:46:19.020,0.021,0,0,0.9504507,0.9504507,0.04954914,5.672199e-08,1.17048415e-08
512,31,lying,2021-05-07 15:46:18.040,2021-05-07 15:46:20.020,0.021,0,0,0.95058715,0.95058715,0.049412627,5.818288e-08,1.1837784e-08
512,31,lying,2021-05-07 15:46:19.040,2021-05-07 15:46:21.020,0.021,0,0,0.9514906,0.9514906,0.048509426,5.6536564e-08,1.1606518e-08
512,31,lying,2021-05-07 15:46:20.040,2021-05-07 15:46:22.020,0.021,0,0,0.9523265,0.9523265,0.04767346,5.3333032e-08,1.1250806e-08
512,31,lying,2021-05-07 15:46:21.040,2021-05-07 15:46:23.020,0.021,0,0,0.95326763,0.95326763,0.04673235,5.22541e-08,1.1703403e-08
512,31,lying,2021-05-07 15:46:22.040,2021-05-07 15:46:24.020,0.021,0,0,0.9528407,0.9528407,0.047159296,5.2519198e-08,1.1078385e-08
512,31,lying,2021-05-07 15:46:23.040,2021-05-07 15:46:25.020,0.021,0,0,0.9532967,0.9532967,0.046703257,5.2090304e-08,1.063187e-08
512,31,lying,2021-05-07 15:46:24.040,2021-05-07 15:46:26.020,0.021,0,0,0.95866334,0.95866334,0.041336622,4.3545768e-08,9.223753e-09
512,31,lying,2021-05-07 15:46:25.040,2021-05-07 15:46:27.020,0.021,0,0,0.95899296,0.95899296,0.041006997,4.2514014e-08,8.928026e-09
512,31,lying,2021-05-07 15:46:26.040,2021-05-07 15:46:28.020,0.021,0,0,0.95816463,0.95816463,0.041835386,4.3181284e-08,9.011824e-09
512,31,lying,2021-05-07 15:46:27.040,2021-05-07 15:46:29.020,0.021,0,0,0.95648205,0.95648205,0.043517895,4.54984e-08,9.723043e-09
512,31,lying,2021-05-07 15:46:28.040,2021-05-07 15:46:30.020,0.021,0,0,0.9563544,0.9563544,0.043645598,4.5658883e-08,9.774288e-09
512,31,lying,2021-05-07 15:46:29.040,2021-05-07 15:46:31.020,0.021,0,0,0.9567581,0.9567581,0.043241754,4.4615682e-08,9.42223e-09
512,31,lying,2021-05-07 15:46:30.040,2021-05-07 15:46:32.020,0.021,0,0,0.95545626,0.95545626,0.044543743,4.6784322e-08,9.7561355e-09
512,31,lying,2021-05-07 15:46:31.040,2021-05-07 15:46:33.020,0.021,0,0,0.9574171,0.9574171,0.042582944,4.4031932e-08,9.2192325e-09
512,31,lying,2021-05-07 15:46:32.040,2021-05-07 15:46:34.020,0.021,0,0,0.9569324,0.9569324,0.043067545,4.4654378e-08,9.308206e-09
512,31,lying,2021-05-07 15:46:33.040,2021-05-07 15:46:35.020,0.021,0,0,0.956499,0.956499,0.04350101,4.5178894e-08,9.397874e-09
512,31,lying,2021-05-07 15:46:34.040,2021-05-07 15:46:36.020,0.021,0,0,0.95686996,0.95686996,0.04313008,4.4722718e-08,9.516352e-09
512,31,lying,2021-05-07 15:46:35.040,2021-05-07 15:46:37.020,0.021,0,0,0.9561644,0.9561644,0.043835618,4.6420546e-08,9.54e-09
512,31,lying,2021-05-07 15:46:36.040,2021-05-07 15:46:38.020,0.021,0,0,0.95555925,0.95555925,0.04444079,4.8902482e-08,9.74127e-09
512,31,lying,2021-05-07 15:46:37.040,2021-05-07 15:46:39.020,0.021,0,0,0.9570626,0.9570626,0.042937342,4.613617e-08,9.374473e-09
512,31,lying,2021-05-07 15:46:38.040,2021-05-07 15:46:40.020,0.021,0,0,0.9540591,0.9540591,0.04594085,5.0004175e-08,1.0051494e-08
512,31,lying,2021-05-07 15:46:39.040,2021-05-07 15:46:41.020,0.021,0,0,0.95189893,0.95189893,0.048101153,5.3364325e-08,1.0701709e-08
512,31,lying,2021-05-07 15:46:40.040,2021-05-07 15:46:42.020,0.021,0,0,0.9523894,0.9523894,0.047610525,5.2184756e-08,1.1002024e-08
512,31,lying,2021-05-07 15:46:41.040,2021-05-07 15:46:43.020,0.021,0,0,0.9533512,0.9533512,0.046648767,4.924103e-08,1.0527764e-08
512,31,lying,2021-05-07 15:46:42.040,2021-05-07 15:46:44.020,0.021,0,0,0.9509554,0.9509554,0.049044654,5.436705e-08,1.0739867e-08
512,31,lying,2021-05-07 15:46:43.040,2021-05-07 15:46:45.020,0.021,0,0,0.95116645,0.95116645,0.04883352,5.618154e-08,1.0882858e-08
512,31,lying,2021-05-07 15:46:44.040,2021-05-07 15:46:46.020,0.021,0,0,0.95085037,0.95085037,0.049149476,5.696533e-08,1.128749e-08
512,31,lying,2021-05-07 15:46:45.040,2021-05-07 15:46:47.020,0.021,0,0,0.9515485,0.9515485,0.048451487,5.357717e-08,1.1512373e-08
512,31,lying,2021-05-07 15:46:46.040,2021-05-07 15:46:48.020,0.021,0,0,0.9549533,0.9549533,0.045046657,4.7437293e-08,1.0621174e-08
512,31,lying,2021-05-07 15:46:47.040,2021-05-07 15:46:49.020,0.021,0,0,0.95409495,0.95409495,0.04590506,4.9128165e-08,1.0385836e-08
512,31,lying,2021-05-07 15:46:48.040,2021-05-07 15:46:50.020,0.021,0,0,0.94789946,0.94789946,0.05210045,6.0076026e-08,1.1168769e-08
512,31,lying,2021-05-07 15:46:49.040,2021-05-07 15:46:51.020,0.021,0,0,0.9482431,0.9482431,0.051756788,6.054086e-08,1.1221875e-08
512,31,lying,2021-05-07 15:46:50.040,2021-05-07 15:46:52.020,0.021,0,0,0.9484276,0.9484276,0.051572222,6.016215e-08,1.1531704e-08
512,31,lying,2021-05-07 15:46:51.040,2021-05-07 15:46:53.020,0.021,0,0,0.94959855,0.94959855,0.050401207,5.7912565e-08,1.19510455e-08
512,31,lying,2021-05-07 15:46:52.040,2021-05-07 15:46:54.020,0.021,0,0,0.9507027,0.9507027,0.04929728,5.5889476e-08,1.1603148e-08
512,31,lying,2021-05-07 15:46:53.040,2021-05-07 15:46:55.020,0.021,0,0,0.9498447,0.9498447,0.05015512,5.7435024e-08,1.1088425e-08
512,31,lying,2021-05-07 15:46:54.040,2021-05-07 15:46:56.020,0.021,0,0,0.9499965,0.9499965,0.050003514,5.7795113e-08,1.10673115e-08
512,31,lying,2021-05-07 15:46:55.040,2021-05-07 15:46:57.020,0.021,0,0,0.94959223,0.94959223,0.050407577,5.8390885e-08,1.078264e-08
512,31,lying,2021-05-07 15:46:56.040,2021-05-07 15:46:58.020,0.021,0,0,0.9503158,0.9503158,0.049684145,5.5864277e-08,1.04193125e-08
512,31,lying,2021-05-07 15:46:57.040,2021-05-07 15:46:59.020,0.021,0,0,0.94996667,0.94996667,0.050033234,5.6511293e-08,1.0756936e-08
512,31,lying,2021-05-07 15:46:58.040,2021-05-07 15:47:00.019,0.021,0,0,0.9474629,0.9474629,0.05253705,6.202911e-08,1.1565591e-08
512,31,lying,2021-05-07 15:46:59.040,2021-05-07 15:47:01.019,0.021,0,0,0.9479042,0.9479042,0.052095745,6.175454e-08,1.1323091e-08
512,31,lying,2021-05-07 15:47:00.039,2021-05-07 15:47:02.019,0.021,0,0,0.9488058,0.9488058,0.051193975,5.8568304e-08,1.1489792e-08
512,31,lying,2021-05-07 15:47:01.039,2021-05-07 15:47:03.019,0.021,0,0,0.95104957,0.95104957,0.04895035,5.334265e-08,1.1315336e-08
512,31,lying,2021-05-07 15:47:02.039,2021-05-07 15:47:04.019,0.021,0,0,0.9509378,0.9509378,0.04906227,5.432189e-08,1.0976793e-08
512,31,lying,2021-05-07 15:47:03.039,2021-05-07 15:47:05.019,0.021,0,0,0.9499819,0.9499819,0.05001784,5.6931103e-08,1.1176069e-08
512,31,lying,2021-05-07 15:47:04.039,2021-05-07 15:47:06.019,0.021,0,0,0.9508564,0.9508564,0.049143575,5.56568e-08,1.1444865e-08
512,31,lying,2021-05-07 15:47:05.039,2021-05-07 15:47:07.019,0.021,0,0,0.9519508,0.9519508,0.048049234,5.3260663e-08,1.060597e-08
512,31,lying,2021-05-07 15:47:06.039,2021-05-07 15:47:08.020,0.021,0,0,0.9505647,0.9505647,0.04943519,5.6710295e-08,1.0505546e-08
512,31,lying,2021-05-07 15:47:07.039,2021-05-07 15:47:09.020,0.021,0,0,0.94835263,0.94835263,0.051647186,6.033228e-08,1.1211982e-08
512,31,lying,2021-05-07 15:47:08.039,2021-05-07 15:47:10.020,0.021,0,0,0.9472341,0.9472341,0.05276573,6.2119724e-08,1.14189795e-08
512,31,lying,2021-05-07 15:47:09.039,2021-05-07 15:47:11.020,0.021,0,0,0.9480553,0.9480553,0.051944565,5.9876086e-08,1.0960566e-08
512,31,lying,2021-05-07 15:47:10.039,2021-05-07 15:47:12.020,0.021,0,0,0.95125896,0.95125896,0.048740953,5.3139185e-08,1.0204192e-08
512,31,lying,2021-05-07 15:47:11.039,2021-05-07 15:47:13.020,0.021,0,0,0.9529258,0.9529258,0.047074154,4.9316416e-08,9.608612e-09
512,31,lying,2021-05-07 15:47:12.039,2021-05-07 15:47:14.020,0.021,0,0,0.95194703,0.95194703,0.04805292,5.1911297e-08,9.869196e-09
512,31,lying,2021-05-07 15:47:13.039,2021-05-07 15:47:15.020,0.021,0,0,0.9508321,0.9508321,0.049167916,5.5940067e-08,1.0498665e-08
512,31,lying,2021-05-07 15:47:14.039,2021-05-07 15:47:16.020,0.021,0,0,0.9493102,0.9493102,0.05068971,6.0627485e-08,1.1236432e-08
512,31,lying,2021-05-07 15:47:15.039,2021-05-07 15:47:17.020,0.021,0,0,0.9476069,0.9476069,0.052392945,6.2644e-08,1.1772884e-08
512,31,lying,2021-05-07 15:47:16.040,2021-05-07 15:47:18.020,0.021,0,0,0.94904006,0.94904006,0.05095979,5.818699e-08,1.099575e-08
512,31,lying,2021-05-07 15:47:17.040,2021-05-07 15:47:19.020,0.021,0,0,0.9501307,0.9501307,0.049869295,5.6475038e-08,1.0939147e-08
512,31,lying,2021-05-07 15:47:18.040,2021-05-07 15:47:20.020,0.021,0,0,0.9552552,0.9552552,0.04474485,4.7610946e-08,9.951247e-09
512,31,lying,2021-05-07 15:47:19.040,2021-05-07 15:47:21.020,0.021,0,0,0.9572607,0.9572607,0.0427392,4.4950372e-08,9.436175e-09
512,31,lying,2021-05-07 15:47:20.040,2021-05-07 15:47:22.020,0.021,0,0,0.9561635,0.9561635,0.043836474,4.5405237e-08,9.696326e-09
512,31,lying,2021-05-07 15:47:21.040,2021-05-07 15:47:23.020,0.021,0,0,0.9592908,0.9592908,0.040709265,3.9853894e-08,8.760752e-09
512,31,lying,2021-05-07 15:47:22.040,2021-05-07 15:47:24.020,0.021,0,0,0.95751226,0.95751226,0.042487726,4.264882e-08,8.769379e-09
512,31,lying,2021-05-07 15:47:23.040,2021-05-07 15:47:25.020,0.021,0,0,0.9589484,0.9589484,0.04105161,4.063853e-08,8.74042e-09
512,31,lying,2021-05-07 15:47:24.040,2021-05-07 15:47:26.020,0.021,0,0,0.9586017,0.9586017,0.041398264,4.1416065e-08,8.871129e-09
512,31,lying,2021-05-07 15:47:25.040,2021-05-07 15:47:27.020,0.021,0,0,0.955078,0.955078,0.044921983,4.791145e-08,9.411104e-09
512,31,lying,2021-05-07 15:47:26.040,2021-05-07 15:47:28.020,0.021,0,0,0.95672697,0.95672697,0.04327306,4.5829996e-08,9.069655e-09
512,31,lying,2021-05-07 15:47:27.040,2021-05-07 15:47:29.020,0.021,0,0,0.9584004,0.9584004,0.041599505,4.155881e-08,8.948928e-09
512,31,lying,2021-05-07 15:47:28.040,2021-05-07 15:47:30.020,0.021,0,0,0.9590793,0.9590793,0.040920578,4.044325e-08,9.106847e-09
512,31,lying,2021-05-07 15:47:29.040,2021-05-07 15:47:31.020,0.021,0,0,0.95965284,0.95965284,0.040347215,3.9550446e-08,8.83743e-09
512,31,lying,2021-05-07 15:47:30.040,2021-05-07 15:47:32.020,0.021,0,0,0.9603699,0.9603699,0.03963011,3.8497046e-08,8.6239e-09
512,31,lying,2021-05-07 15:47:31.040,2021-05-07 15:47:33.020,0.021,0,0,0.95958376,0.95958376,0.04041628,3.9550013e-08,8.58495e-09
512,31,lying,2021-05-07 15:47:32.040,2021-05-07 15:47:34.020,0.021,0,0,0.96043146,0.96043146,0.039568577,3.8637594e-08,8.562464e-09
512,31,lying,2021-05-07 15:47:33.040,2021-05-07 15:47:35.020,0.021,0,0,0.95787925,0.95787925,0.04212077,4.220206e-08,9.326073e-09
512,31,lying,2021-05-07 15:47:34.040,2021-05-07 15:47:36.020,0.021,0,0,0.95660484,0.95660484,0.043395188,4.3968992e-08,9.5498764e-09
512,31,lying,2021-05-07 15:47:35.040,2021-05-07 15:47:37.020,0.021,0,0,0.96079713,0.96079713,0.03920278,3.7656598e-08,8.638422e-09
512,31,lying,2021-05-07 15:47:36.040,2021-05-07 15:47:38.020,0.021,0,0,0.9594167,0.9594167,0.04058329,3.987167e-08,8.807897e-09
512,31,lying,2021-05-07 15:47:37.040,2021-05-07 15:47:39.020,0.021,0,0,0.9595936,0.9595936,0.040406443,3.963409e-08,8.856255e-09
512,31,lying,2021-05-07 15:47:38.040,2021-05-07 15:47:40.020,0.021,0,0,0.96001136,0.96001136,0.039988592,3.921542e-08,8.585614e-09
512,31,lying,2021-05-07 15:47:39.040,2021-05-07 15:47:41.020,0.021,0,0,0.95950323,0.95950323,0.04049673,3.9219337e-08,8.667826e-09
512,31,lying,2021-05-07 15:47:40.040,2021-05-07 15:47:42.020,0.021,0,0,0.95983475,0.95983475,0.04016523,3.8682295e-08,8.74588e-09
512,32,sitting,2021-05-07 15:47:46.520,2021-05-07 15:47:48.500,0.021,1,2,0.5760729,0.0011412167,0.1649043,0.5760729,0.25788158
512,32,sitting,2021-05-07 15:47:47.520,2021-05-07 15:47:49.500,0.021,1,2,0.86117065,0.0017810793,0.1139619,0.86117065,0.023086403
512,32,sitting,2021-05-07 15:47:48.520,2021-05-07 15:47:50.500,0.021,1,2,0.78264517,0.001133052,0.19612746,0.78264517,0.020094408
512,32,sitting,2021-05-07 15:47:49.520,2021-05-07 15:47:51.500,0.021,1,2,0.6648424,0.0008865689,0.31961438,0.6648424,0.014656652
512,32,sitting,2021-05-07 15:47:50.520,2021-05-07 15:47:52.500,0.021,1,2,0.62412435,0.00092119334,0.3611469,0.62412435,0.013807454
512,32,sitting,2021-05-07 15:47:51.520,2021-05-07 15:47:53.500,0.021,1,2,0.62839806,0.0009497485,0.355104,0.62839806,0.015548129
512,32,sitting,2021-05-07 15:47:52.520,2021-05-07 15:47:54.500,0.021,1,2,0.64272237,0.00095100777,0.34209207,0.64272237,0.014234588
512,32,sitting,2021-05-07 15:47:53.520,2021-05-07 15:47:55.500,0.021,1,2,0.6510136,0.00094645977,0.33435562,0.6510136,0.01368436
512,32,sitting,2021-05-07 15:47:54.520,2021-05-07 15:47:56.500,0.021,1,2,0.64793307,0.0009084583,0.34081498,0.64793307,0.010343455
512,32,sitting,2021-05-07 15:47:55.520,2021-05-07 15:47:57.500,0.021,1,2,0.6512719,0.00092802075,0.3371621,0.6512719,0.010637984
512,32,sitting,2021-05-07 15:47:56.520,2021-05-07 15:47:58.500,0.021,1,2,0.66050005,0.00093086064,0.32690942,0.66050005,0.011659736
512,32,sitting,2021-05-07 15:47:57.520,2021-05-07 15:47:59.500,0.021,1,2,0.6613695,0.0009558255,0.3243734,0.6613695,0.013301137
512,32,sitting,2021-05-07 15:47:58.520,2021-05-07 15:48:00.500,0.021,1,2,0.671741,0.0010083829,0.30312294,0.671741,0.02412767
512,32,sitting,2021-05-07 15:47:59.520,2021-05-07 15:48:01.500,0.021,1,2,0.6853298,0.00091480964,0.29181448,0.6853298,0.021940934
512,32,sitting,2021-05-07 15:48:00.520,2021-05-07 15:48:02.500,0.021,1,2,0.6889976,0.0008291106,0.29465586,0.6889976,0.015517448
512,32,sitting,2021-05-07 15:48:01.520,2021-05-07 15:48:03.500,0.021,1,2,0.682515,0.00085456023,0.29921958,0.682515,0.01741083
512,32,sitting,2021-05-07 15:48:02.520,2021-05-07 15:48:04.500,0.021,1,2,0.6687293,0.0008587804,0.31515554,0.6687293,0.015256356
512,32,sitting,2021-05-07 15:48:03.520,2021-05-07 15:48:05.500,0.021,1,2,0.662941,0.0008466417,0.32202443,0.662941,0.014187941
512,32,sitting,2021-05-07 15:48:04.520,2021-05-07 15:48:06.500,0.021,1,2,0.6696777,0.00086702366,0.31504098,0.6696777,0.0144143775
512,32,sitting,2021-05-07 15:48:05.520,2021-05-07 15:48:07.500,0.021,1,2,0.68676335,0.00087443314,0.2990967,0.68676335,0.013265455
512,32,sitting,2021-05-07 15:48:06.520,2021-05-07 15:48:08.500,0.021,1,2,0.69775605,0.0008707659,0.2889154,0.69775605,0.012457692
512,32,sitting,2021-05-07 15:48:07.520,2021-05-07 15:48:09.500,0.021,1,2,0.74844885,0.00095004385,0.23672278,0.74844885,0.013878205
512,32,sitting,2021-05-07 15:48:08.520,2021-05-07 15:48:10.500,0.021,1,2,0.78216416,0.0011353076,0.20346808,0.78216416,0.013232451
512,32,sitting,2021-05-07 15:48:09.520,2021-05-07 15:48:11.500,0.021,1,2,0.74472684,0.0009838521,0.23138742,0.74472684,0.022901855
512,32,sitting,2021-05-07 15:48:10.520,2021-05-07 15:48:12.500,0.021,1,2,0.70320404,0.00090351497,0.27473673,0.70320404,0.021155626
512,32,sitting,2021-05-07 15:48:11.520,2021-05-07 15:48:13.500,0.021,1,2,0.7013006,0.0009003782,0.28384998,0.7013006,0.01394895
512,32,sitting,2021-05-07 15:48:12.520,2021-05-07 15:48:14.500,0.021,1,2,0.69993764,0.0009471099,0.28856528,0.69993764,0.010549971
512,32,sitting,2021-05-07 15:48:13.520,2021-05-07 15:48:15.500,0.021,1,2,0.70081,0.0009720568,0.2854704,0.70081,0.012747596
512,32,sitting,2021-05-07 15:48:14.520,2021-05-07 15:48:16.500,0.021,1,2,0.69515646,0.0009753102,0.2863237,0.69515646,0.017544584
512,32,sitting,2021-05-07 15:48:15.520,2021-05-07 15:48:17.500,0.021,1,2,0.6626506,0.0011125617,0.27775198,0.6626506,0.058484968
512,32,sitting,2021-05-07 15:48:16.520,2021-05-07 15:48:18.500,0.021,1,2,0.6774371,0.0010118365,0.2567236,0.6774371,0.064827465
512,32,sitting,2021-05-07 15:48:17.520,2021-05-07 15:48:19.500,0.021,1,2,0.73443943,0.0009798064,0.23813166,0.73443943,0.026448999
512,32,sitting,2021-05-07 15:48:18.520,2021-05-07 15:48:20.500,0.021,1,2,0.7422587,0.001096631,0.21617223,0.7422587,0.04047235
512,32,sitting,2021-05-07 15:48:19.520,2021-05-07 15:48:21.500,0.021,1,2,0.7302441,0.001287175,0.17844492,0.7302441,0.09002384
512,32,sitting,2021-05-07 15:48:20.520,2021-05-07 15:48:22.500,0.021,1,2,0.6020851,0.0012070939,0.15845922,0.6020851,0.23824863
512,32,sitting,2021-05-07 15:48:21.520,2021-05-07 15:48:23.500,0.021,1,2,0.59970915,0.001257115,0.17349157,0.59970915,0.22554217
512,32,sitting,2021-05-07 15:48:22.520,2021-05-07 15:48:24.500,0.021,1,2,0.6943062,0.0012133577,0.19359192,0.6943062,0.1108884
512,32,sitting,2021-05-07 15:48:23.520,2021-05-07 15:48:25.500,0.021,1,2,0.76094997,0.0010778946,0.20017417,0.76094997,0.037798
512,32,sitting,2021-05-07 15:48:24.520,2021-05-07 15:48:26.500,0.021,1,2,0.77387893,0.0009677583,0.20969239,0.77387893,0.0154609885
512,32,sitting,2021-05-07 15:48:25.520,2021-05-07 15:48:27.500,0.021,1,2,0.7708545,0.0009416183,0.21479031,0.7708545,0.013413582
512,32,sitting,2021-05-07 15:48:26.520,2021-05-07 15:48:28.500,0.021,1,2,0.7681564,0.0009292915,0.21567535,0.7681564,0.0152389845
512,32,sitting,2021-05-07 15:48:27.520,2021-05-07 15:48:29.500,0.021,1,2,0.76399875,0.0009060509,0.22149487,0.76399875,0.013600364
512,32,sitting,2021-05-07 15:48:28.520,2021-05-07 15:48:30.500,0.021,1,2,0.7642022,0.00088357675,0.22141114,0.7642022,0.013503095
512,32,sitting,2021-05-07 15:48:29.520,2021-05-07 15:48:31.500,0.021,1,2,0.7661495,0.0009154244,0.21747464,0.7661495,0.015460385
512,32,sitting,2021-05-07 15:48:30.520,2021-05-07 15:48:32.500,0.021,1,2,0.7661452,0.0009385951,0.21494743,0.7661452,0.017968696
512,32,sitting,2021-05-07 15:48:31.520,2021-05-07 15:48:33.500,0.021,1,2,0.7675757,0.00092143513,0.21590859,0.7675757,0.01559435
512,32,sitting,2021-05-07 15:48:32.520,2021-05-07 15:48:34.500,0.021,1,2,0.7641527,0.00093580456,0.22084439,0.7641527,0.014067047
512,32,sitting,2021-05-07 15:48:33.520,2021-05-07 15:48:35.500,0.021,1,2,0.7554253,0.0010223003,0.21483861,0.7554253,0.028713794
512,32,sitting,2021-05-07 15:48:34.520,2021-05-07 15:48:36.500,0.021,1,2,0.69462043,0.0011627894,0.20443627,0.69462043,0.09978052
512,32,sitting,2021-05-07 15:48:35.520,2021-05-07 15:48:37.500,0.021,1,2,0.6936169,0.0011584285,0.20608672,0.6936169,0.09913806
512,32,sitting,2021-05-07 15:48:36.520,2021-05-07 15:48:38.500,0.021,1,2,0.7550589,0.0010122306,0.21675566,0.7550589,0.027173111
512,32,sitting,2021-05-07 15:48:37.520,2021-05-07 15:48:39.500,0.021,1,2,0.7645044,0.00094158715,0.2175613,0.7645044,0.016992658
512,32,sitting,2021-05-07 15:48:38.520,2021-05-07 15:48:40.500,0.021,1,2,0.75447,0.0010556192,0.21882997,0.75447,0.025644407
512,32,sitting,2021-05-07 15:48:39.520,2021-05-07 15:48:41.500,0.021,1,1,0.55109215,0.0015307947,0.55109215,0.39975956,0.047617517
512,32,sitting,2021-05-07 15:48:40.520,2021-05-07 15:48:42.500,0.021,1,1,0.55216366,0.00096798514,0.55216366,0.39622408,0.050644238
512,32,sitting,2021-05-07 15:48:41.520,2021-05-07 15:48:43.500,0.021,1,2,0.5673702,0.0009651346,0.2574152,0.5673702,0.17424951
512,32,sitting,2021-05-07 15:48:42.520,2021-05-07 15:48:44.500,0.021,1,1,0.61364424,0.00075363973,0.61364424,0.35543486,0.030167282
512,32,sitting,2021-05-07 15:48:43.520,2021-05-07 15:48:45.500,0.021,1,1,0.91744447,0.0005566516,0.91744447,0.08122032,0.0007785288
512,32,sitting,2021-05-07 15:48:44.520,2021-05-07 15:48:46.500,0.021,1,1,0.9708237,0.00072093523,0.9708237,0.028195497,0.00025998682
512,32,sitting,2021-05-07 15:48:45.520,2021-05-07 15:48:47.500,0.021,1,1,0.9725531,0.0007387332,0.9725531,0.02650797,0.00020023587
512,32,sitting,2021-05-07 15:48:46.520,2021-05-07 15:48:48.500,0.021,1,1,0.97153395,0.0007541895,0.97153395,0.02752758,0.00018423081
512,32,sitting,2021-05-07 15:48:47.520,2021-05-07 15:48:49.500,0.021,1,1,0.97214514,0.0007352521,0.97214514,0.02695722,0.00016251481
512,32,sitting,2021-05-07 15:48:48.520,2021-05-07 15:48:50.500,0.021,1,1,0.97187287,0.0007664263,0.97187287,0.027194442,0.0001662167
512,32,sitting,2021-05-07 15:48:49.520,2021-05-07 15:48:51.500,0.021,1,1,0.9719549,0.00076292263,0.9719549,0.027096024,0.0001861591
512,32,sitting,2021-05-07 15:48:50.520,2021-05-07 15:48:52.500,0.021,1,1,0.9723284,0.0007320879,0.9723284,0.026768666,0.0001708331
512,32,sitting,2021-05-07 15:48:51.520,2021-05-07 15:48:53.500,0.021,1,1,0.9720027,0.0007218576,0.9720027,0.027104257,0.00017115005
512,32,sitting,2021-05-07 15:48:52.520,2021-05-07 15:48:54.500,0.021,1,1,0.971001,0.0007381444,0.971001,0.028083893,0.0001768701
512,32,sitting,2021-05-07 15:48:53.520,2021-05-07 15:48:55.500,0.021,1,1,0.9721298,0.00075235614,0.9721298,0.026950119,0.00016765448
512,32,sitting,2021-05-07 15:48:54.520,2021-05-07 15:48:56.500,0.021,1,1,0.97264475,0.00072862767,0.97264475,0.026421845,0.00020471762
512,32,sitting,2021-05-07 15:48:55.520,2021-05-07 15:48:57.500,0.021,1,1,0.9747647,0.00073245354,0.9747647,0.024278296,0.00022460321
512,32,sitting,2021-05-07 15:48:56.520,2021-05-07 15:48:58.500,0.021,1,1,0.976993,0.0007386882,0.976993,0.022074599,0.00019383592
512,32,sitting,2021-05-07 15:48:57.520,2021-05-07 15:48:59.500,0.021,1,1,0.977296,0.00074245833,0.977296,0.02177111,0.00019044772
512,32,sitting,2021-05-07 15:48:58.520,2021-05-07 15:49:00.500,0.021,1,1,0.97718376,0.0007459847,0.97718376,0.021891719,0.00017850134
512,32,sitting,2021-05-07 15:48:59.520,2021-05-07 15:49:01.500,0.021,1,1,0.97716546,0.0007310989,0.97716546,0.021939578,0.00016387398
512,32,sitting,2021-05-07 15:49:00.520,2021-05-07 15:49:02.500,0.021,1,1,0.9761408,0.00069877587,0.9761408,0.022994537,0.00016582954
512,32,sitting,2021-05-07 15:49:01.520,2021-05-07 15:49:03.500,0.021,1,1,0.9751314,0.0006682985,0.9751314,0.024035156,0.00016529857
512,32,sitting,2021-05-07 15:49:02.520,2021-05-07 15:49:04.500,0.021,1,1,0.97429264,0.00069698616,0.97429264,0.024851872,0.00015852774
512,32,sitting,2021-05-07 15:49:03.520,2021-05-07 15:49:05.500,0.021,1,1,0.9732673,0.000718389,0.9732673,0.025858738,0.00015562767
512,32,sitting,2021-05-07 15:49:04.520,2021-05-07 15:49:06.500,0.021,1,1,0.9736229,0.00070906134,0.9736229,0.02551021,0.00015783365
512,32,sitting,2021-05-07 15:49:05.520,2021-05-07 15:49:07.500,0.021,1,1,0.9748005,0.00072029885,0.9748005,0.024329903,0.00014918066
512,32,sitting,2021-05-07 15:49:06.520,2021-05-07 15:49:08.500,0.021,1,1,0.9754801,0.00071643514,0.9754801,0.023658393,0.00014506138
512,32,sitting,2021-05-07 15:49:07.520,2021-05-07 15:49:09.500,0.021,1,1,0.974429,0.0007091674,0.974429,0.024688233,0.00017355509
512,32,sitting,2021-05-07 15:49:08.520,2021-05-07 15:49:10.500,0.021,1,1,0.9736385,0.0007261783,0.9736385,0.025440853,0.00019438674
512,32,sitting,2021-05-07 15:49:09.520,2021-05-07 15:49:11.500,0.021,1,1,0.97525555,0.00072495814,0.97525555,0.023859419,0.00015999947
512,32,sitting,2021-05-07 15:49:10.520,2021-05-07 15:49:12.500,0.021,1,1,0.9769294,0.0007126578,0.9769294,0.022198642,0.00015926828
512,32,sitting,2021-05-07 15:49:11.520,2021-05-07 15:49:13.500,0.021,1,1,0.97861016,0.00070576067,0.97861016,0.020533137,0.00015099559
512,32,sitting,2021-05-07 15:49:12.520,2021-05-07 15:49:14.500,0.021,1,1,0.9775028,0.00073016447,0.9775028,0.021600053,0.00016681344
512,32,sitting,2021-05-07 15:49:13.520,2021-05-07 15:49:15.500,0.021,1,1,0.9769419,0.0007346817,0.9769419,0.022149336,0.00017417697
512,32,sitting,2021-05-07 15:49:14.520,2021-05-07 15:49:16.500,0.021,1,1,0.97853994,0.0007335194,0.97853994,0.020595165,0.00013132478
512,32,sitting,2021-05-07 15:49:15.520,2021-05-07 15:49:17.500,0.021,1,1,0.9783731,0.0007441565,0.9783731,0.02075559,0.00012727187
512,32,sitting,2021-05-07 15:49:16.520,2021-05-07 15:49:18.500,0.021,1,1,0.9776489,0.0007511555,0.9776489,0.021456147,0.00014386536
512,32,sitting,2021-05-07 15:49:17.520,2021-05-07 15:49:19.500,0.021,1,1,0.977282,0.00073801936,0.977282,0.021831386,0.00014868523
512,32,sitting,2021-05-07 15:49:18.520,2021-05-07 15:49:20.500,0.021,1,1,0.9774716,0.0007281398,0.9774716,0.02164416,0.00015613128
512,32,sitting,2021-05-07 15:49:19.520,2021-05-07 15:49:21.500,0.021,1,1,0.97791183,0.00071238965,0.97791183,0.021203525,0.0001722045
512,32,sitting,2021-05-07 15:49:20.520,2021-05-07 15:49:22.500,0.021,1,1,0.97763145,0.00072578783,0.97763145,0.021471791,0.0001708237
512,32,sitting,2021-05-07 15:49:21.520,2021-05-07 15:49:23.500,0.021,1,1,0.9780898,0.00072294625,0.9780898,0.021031763,0.00015558029
512,32,sitting,2021-05-07 15:49:22.520,2021-05-07 15:49:24.500,0.021,1,1,0.9784275,0.00070591975,0.9784275,0.02070318,0.00016339294
512,32,sitting,2021-05-07 15:49:23.520,2021-05-07 15:49:25.500,0.021,1,1,0.97820127,0.00068952894,0.97820127,0.020946043,0.00016311853
512,32,sitting,2021-05-07 15:49:24.520,2021-05-07 15:49:26.500,0.021,1,1,0.9798528,0.00069338357,0.9798528,0.019306125,0.0001477407
512,32,sitting,2021-05-07 15:49:25.520,2021-05-07 15:49:27.500,0.021,1,1,0.9791988,0.0007110746,0.9791988,0.019911421,0.00017864884
512,32,sitting,2021-05-07 15:49:26.520,2021-05-07 15:49:28.500,0.021,1,1,0.978362,0.00069050834,0.978362,0.02075585,0.0001915737
512,32,sitting,2021-05-07 15:49:27.520,2021-05-07 15:49:29.500,0.021,1,1,0.97794664,0.00070886547,0.97794664,0.021173833,0.00017074357
512,32,sitting,2021-05-07 15:49:28.520,2021-05-07 15:49:30.500,0.021,1,1,0.9757198,0.0007117286,0.9757198,0.023411188,0.0001572165
512,32,sitting,2021-05-07 15:49:29.520,2021-05-07 15:49:31.500,0.021,1,1,0.97447824,0.000710016,0.97447824,0.024622485,0.00018926077
512,32,sitting,2021-05-07 15:49:30.520,2021-05-07 15:49:32.500,0.021,1,1,0.97401345,0.0007052339,0.97401345,0.025073081,0.00020813559
512,32,sitting,2021-05-07 15:49:31.520,2021-05-07 15:49:33.500,0.021,1,1,0.9736122,0.00069694454,0.9736122,0.025469543,0.0002212395
512,32,sitting,2021-05-07 15:49:32.520,2021-05-07 15:49:34.500,0.021,1,1,0.9724244,0.00069063075,0.9724244,0.026656779,0.00022812333
512,33,walking,2021-05-07 15:49:39.080,2021-05-07 15:49:41.060,0.021,3,3,0.9853627,7.712817e-05,0.004578839,0.009981327,0.9853627
512,33,walking,2021-05-07 15:49:40.080,2021-05-07 15:49:42.060,0.021,3,3,0.9988391,1.00485195e-05,0.00047030015,0.00068060745,0.9988391
512,35,walking,2021-05-07 15:49:43.439,2021-05-07 15:49:45.419,0.021,3,3,0.98605895,7.157119e-05,0.006441696,0.007427694,0.98605895
512,35,walking,2021-05-07 15:49:44.439,2021-05-07 15:49:46.419,0.021,3,3,0.99962705,2.858166e-06,0.00018484179,0.00018531518,0.99962705
512,35,walking,2021-05-07 15:49:45.439,2021-05-07 15:49:47.419,0.021,3,3,0.9986421,8.733529e-06,0.000636827,0.0007123468,0.9986421
512,35,walking,2021-05-07 15:49:46.439,2021-05-07 15:49:48.419,0.021,3,3,0.998949,6.7544934e-06,0.00061441207,0.0004297061,0.998949
512,35,walking,2021-05-07 15:49:47.439,2021-05-07 15:49:49.419,0.021,3,3,0.998938,6.006015e-06,0.0005159729,0.0005399878,0.998938
512,35,walking,2021-05-07 15:49:48.439,2021-05-07 15:49:50.419,0.021,3,3,0.9987489,6.793182e-06,0.0005057345,0.0007385521,0.9987489
512,35,walking,2021-05-07 15:49:49.439,2021-05-07 15:49:51.419,0.021,3,3,0.9988324,5.5046644e-06,0.00040816492,0.0007539765,0.9988324
512,35,walking,2021-05-07 15:49:50.439,2021-05-07 15:49:52.419,0.021,3,3,0.9418324,0.00017200109,0.018359289,0.03963629,0.9418324
512,36,standing,2021-05-07 15:49:53.279,2021-05-07 15:49:55.259,0.021,2,1,0.812504,0.0019102568,0.812504,0.17051332,0.015072493
512,36,standing,2021-05-07 15:49:54.279,2021-05-07 15:49:56.259,0.021,2,2,0.4943707,0.0011063498,0.49241316,0.4943707,0.0121097695
512,36,standing,2021-05-07 15:49:55.279,2021-05-07 15:49:57.259,0.021,2,2,0.63059855,0.0009316527,0.34035864,0.63059855,0.028111156
512,37,walking,2021-05-07 15:49:57.759,2021-05-07 15:49:59.740,0.021,3,3,0.9488428,0.00022793247,0.014792353,0.03613678,0.9488428
512,37,walking,2021-05-07 15:49:58.759,2021-05-07 15:50:00.740,0.021,3,3,0.9594656,0.0001767341,0.014954895,0.025402792,0.9594656
512,37,walking,2021-05-07 15:49:59.759,2021-05-07 15:50:01.740,0.021,3,3,0.9907928,4.495379e-05,0.003947598,0.0052145873,0.9907928
512,37,walking,2021-05-07 15:50:00.760,2021-05-07 15:50:02.740,0.021,3,3,0.98926336,4.9494567e-05,0.0041879537,0.0064991415,0.98926336
512,37,walking,2021-05-07 15:50:01.760,2021-05-07 15:50:03.740,0.021,3,3,0.9582897,0.00014707996,0.017901905,0.023661336,0.9582897
512,37,walking,2021-05-07 15:50:02.760,2021-05-07 15:50:04.739,0.021,3,3,0.5620452,0.001061495,0.20896171,0.22793154,0.5620452
512,38,standing,2021-05-07 15:50:05.239,2021-05-07 15:50:07.220,0.021,2,2,0.66268194,0.00090460986,0.31878603,0.66268194,0.017627431
512,38,standing,2021-05-07 15:50:06.239,2021-05-07 15:50:08.220,0.021,2,2,0.7169465,0.000937071,0.26567167,0.7169465,0.016444767
512,38,standing,2021-05-07 15:50:07.239,2021-05-07 15:50:09.220,0.021,2,2,0.7148059,0.0009461808,0.26543346,0.7148059,0.018814335
512,38,standing,2021-05-07 15:50:08.239,2021-05-07 15:50:10.220,0.021,2,2,0.7076961,0.0009366829,0.27873227,0.7076961,0.0126349265
512,38,standing,2021-05-07 15:50:09.239,2021-05-07 15:50:11.220,0.021,2,2,0.71130514,0.00095358584,0.27653494,0.71130514,0.011206313
512,38,standing,2021-05-07 15:50:10.239,2021-05-07 15:50:12.220,0.021,2,2,0.7116042,0.0009187328,0.27347934,0.7116042,0.013997755
512,38,standing,2021-05-07 15:50:11.239,2021-05-07 15:50:13.220,0.021,2,2,0.70631725,0.0009059131,0.27651733,0.70631725,0.016259551
512,38,standing,2021-05-07 15:50:12.239,2021-05-07 15:50:14.220,0.021,2,2,0.7019488,0.00093323237,0.28266102,0.7019488,0.014457013
512,38,standing,2021-05-07 15:50:13.239,2021-05-07 15:50:15.220,0.021,2,2,0.7140294,0.0009731857,0.26960176,0.7140294,0.015395741
512,38,standing,2021-05-07 15:50:14.239,2021-05-07 15:50:16.219,0.021,2,2,0.7192306,0.001018752,0.2596744,0.7192306,0.020076182
512,38,standing,2021-05-07 15:50:15.239,2021-05-07 15:50:17.219,0.021,2,2,0.7186975,0.0010333211,0.2602676,0.7186975,0.020001642
512,39,walking,2021-05-07 15:50:18.040,2021-05-07 15:50:20.020,0.021,3,2,0.54974484,0.0011209004,0.2138885,0.54974484,0.23524584
512,39,walking,2021-05-07 15:50:19.040,2021-05-07 15:50:21.020,0.021,3,2,0.4142489,0.0013873595,0.31536952,0.4142489,0.26899424
512,39,walking,2021-05-07 15:50:20.040,2021-05-07 15:50:22.020,0.021,3,3,0.46969542,0.0011881259,0.22404163,0.3050749,0.46969542
512,39,walking,2021-05-07 15:50:21.040,2021-05-07 15:50:23.020,0.021,3,3,0.54107744,0.0009562623,0.15534428,0.30262205,0.54107744
512,39,walking,2021-05-07 15:50:22.040,2021-05-07 15:50:24.020,0.021,3,3,0.92227703,0.00023165795,0.025674174,0.051817168,0.92227703
512,39,walking,2021-05-07 15:50:23.040,2021-05-07 15:50:25.020,0.021,3,3,0.9619457,0.00013198881,0.013287256,0.024635103,0.9619457
512,40,standing,2021-05-07 15:50:26.000,2021-05-07 15:50:27.979,0.021,2,2,0.4944874,0.001096539,0.22124583,0.4944874,0.28317016
512,40,standing,2021-05-07 15:50:27.000,2021-05-07 15:50:28.979,0.021,2,2,0.62311643,0.0010782043,0.25338435,0.62311643,0.12242104
512,41,walking,2021-05-07 15:50:29.119,2021-05-07 15:50:31.100,0.021,3,3,0.9342159,0.00022046106,0.025190024,0.04037364,0.9342159
512,41,walking,2021-05-07 15:50:30.119,2021-05-07 15:50:32.099,0.021,3,3,0.98030376,7.4996155e-05,0.0064943675,0.013126799,0.98030376
512,41,walking,2021-05-07 15:50:31.119,2021-05-07 15:50:33.099,0.021,3,3,0.98216397,7.450696e-05,0.0058160634,0.011945401,0.98216397
512,41,walking,2021-05-07 15:50:32.119,2021-05-07 15:50:34.099,0.021,3,3,0.9982651,1.0562252e-05,0.00056383555,0.0011605809,0.9982651
512,41,walking,2021-05-07 15:50:33.119,2021-05-07 15:50:35.099,0.021,3,3,0.9934881,3.104508e-05,0.0017917044,0.0046891384,0.9934881
512,41,walking,2021-05-07 15:50:34.119,2021-05-07 15:50:36.099,0.021,3,3,0.97915787,8.622441e-05,0.006655489,0.014100471,0.97915787
512,41,walking,2021-05-07 15:50:35.119,2021-05-07 15:50:37.099,0.021,3,3,0.9927883,3.211207e-05,0.002402189,0.0047773756,0.9927883
512,41,walking,2021-05-07 15:50:36.119,2021-05-07 15:50:38.099,0.021,3,3,0.9825375,6.6820605e-05,0.0060340418,0.01136155,0.9825375
512,41,walking,2021-05-07 15:50:37.119,2021-05-07 15:50:39.099,0.021,3,3,0.97258145,0.00011105427,0.008771399,0.018536033,0.97258145
512,41,walking,2021-05-07 15:50:38.119,2021-05-07 15:50:40.099,0.021,3,3,0.98710877,5.740078e-05,0.00464584,0.0081879115,0.98710877
512,41,walking,2021-05-07 15:50:39.119,2021-05-07 15:50:41.099,0.021,3,3,0.976636,7.440206e-05,0.0070790094,0.016210523,0.976636
512,41,walking,2021-05-07 15:50:40.119,2021-05-07 15:50:42.099,0.021,3,3,0.89805055,0.0002729956,0.035467423,0.066208936,0.89805055
512,41,walking,2021-05-07 15:50:41.119,2021-05-07 15:50:43.099,0.021,3,3,0.9844748,7.016459e-05,0.006075066,0.009379985,0.9844748
512,41,walking,2021-05-07 15:50:42.119,2021-05-07 15:50:44.099,0.021,3,3,0.974301,0.0001044768,0.009800741,0.015793748,0.974301
512,41,walking,2021-05-07 15:50:43.119,2021-05-07 15:50:45.099,0.021,3,3,0.9829982,7.531548e-05,0.006960845,0.009965655,0.9829982
512,41,walking,2021-05-07 15:50:44.119,2021-05-07 15:50:46.099,0.021,3,3,0.97828907,7.0757655e-05,0.007869621,0.013770533,0.97828907
512,41,walking,2021-05-07 15:50:45.119,2021-05-07 15:50:47.099,0.021,3,3,0.9893512,4.2211464e-05,0.0043627643,0.0062438073,0.9893512
512,41,walking,2021-05-07 15:50:46.119,2021-05-07 15:50:48.099,0.021,3,3,0.88784087,0.00030855957,0.044551615,0.0672989,0.88784087
512,41,walking,2021-05-07 15:50:47.119,2021-05-07 15:50:49.099,0.021,3,3,0.7317629,0.0005873894,0.08761666,0.18003301,0.7317629
512,41,walking,2021-05-07 15:50:48.119,2021-05-07 15:50:50.099,0.021,3,3,0.9657708,0.00012484516,0.013127575,0.020976814,0.9657708
512,41,walking,2021-05-07 15:50:49.119,2021-05-07 15:50:51.099,0.021,3,3,0.97391474,9.76178e-05,0.010478256,0.015509447,0.97391474
512,41,walking,2021-05-07 15:50:50.119,2021-05-07 15:50:52.099,0.021,3,3,0.96660405,0.0001436721,0.016858436,0.01639384,0.96660405
512,42,standing,2021-05-07 15:50:52.639,2021-05-07 15:50:54.619,0.021,2,2,0.6417571,0.0011200348,0.29108766,0.6417571,0.06603529
512,42,standing,2021-05-07 15:50:53.639,2021-05-07 15:50:55.619,0.021,2,2,0.6825327,0.0009806099,0.28972402,0.6825327,0.026762638
512,43,walking,2021-05-07 15:50:56.159,2021-05-07 15:50:58.139,0.021,3,3,0.66954416,0.0007939508,0.10942358,0.2202383,0.66954416
512,43,walking,2021-05-07 15:50:57.159,2021-05-07 15:50:59.139,0.021,3,3,0.8946317,0.0003072888,0.03972036,0.06534064,0.8946317
512,43,walking,2021-05-07 15:50:58.159,2021-05-07 15:51:00.140,0.021,3,3,0.9446573,0.00013723856,0.019935062,0.03527036,0.9446573
512,43,walking,2021-05-07 15:50:59.159,2021-05-07 15:51:01.140,0.021,3,3,0.9815274,6.267042e-05,0.0066623823,0.011747601,0.9815274
512,43,walking,2021-05-07 15:51:00.160,2021-05-07 15:51:02.140,0.021,3,3,0.99148035,3.6872985e-05,0.0034582077,0.0050246087,0.99148035
512,43,walking,2021-05-07 15:51:01.160,2021-05-07 15:51:03.140,0.021,3,3,0.8832589,0.00033314739,0.03657201,0.07983594,0.8832589
512,43,walking,2021-05-07 15:51:02.160,2021-05-07 15:51:04.140,0.021,3,3,0.7999117,0.00042506514,0.056886632,0.14277664,0.7999117
512,43,walking,2021-05-07 15:51:03.160,2021-05-07 15:51:05.140,0.021,3,3,0.95627445,0.00012524625,0.014611985,0.028988328,0.95627445
512,43,walking,2021-05-07 15:51:04.159,2021-05-07 15:51:06.140,0.021,3,3,0.9733245,9.996899e-05,0.011439154,0.015136311,0.9733245
512,43,walking,2021-05-07 15:51:05.159,2021-05-07 15:51:07.140,0.021,3,3,0.9871775,6.0529037e-05,0.0062482604,0.006513753,0.9871775
512,43,walking,2021-05-07 15:51:06.159,2021-05-07 15:51:08.140,0.021,3,3,0.99236363,3.9749186e-05,0.0034077968,0.004188856,0.99236363
512,43,walking,2021-05-07 15:51:07.159,2021-05-07 15:51:09.140,0.021,3,3,0.9806402,9.0725174e-05,0.009649682,0.009619348,0.9806402
512,43,walking,2021-05-07 15:51:08.159,2021-05-07 15:51:10.140,0.021,3,3,0.8529559,0.00046527945,0.06697288,0.079605855,0.8529559
512,43,walking,2021-05-07 15:51:09.159,2021-05-07 15:51:11.140,0.021,3,3,0.9955973,1.9952888e-05,0.0015858021,0.0027969067,0.9955973
512,43,walking,2021-05-07 15:51:10.159,2021-05-07 15:51:12.140,0.021,3,3,0.9941411,2.9149498e-05,0.0021644516,0.0036653797,0.9941411
512,43,walking,2021-05-07 15:51:11.159,2021-05-07 15:51:13.140,0.021,3,3,0.8965018,0.00031730774,0.0386144,0.06456644,0.8965018
512,43,walking,2021-05-07 15:51:12.159,2021-05-07 15:51:14.140,0.021,3,3,0.8303674,0.00040142666,0.057909224,0.11132194,0.8303674
512,43,walking,2021-05-07 15:51:13.159,2021-05-07 15:51:15.140,0.021,3,3,0.9301588,0.00019795622,0.021546634,0.048096493,0.9301588
512,43,walking,2021-05-07 15:51:14.159,2021-05-07 15:51:16.139,0.021,3,3,0.9731559,9.3262366e-05,0.009091682,0.01765915,0.9731559
512,43,walking,2021-05-07 15:51:15.159,2021-05-07 15:51:17.139,0.021,3,3,0.89824516,0.00029953182,0.03396138,0.06749398,0.89824516
512,43,walking,2021-05-07 15:51:16.159,2021-05-07 15:51:18.139,0.021,3,3,0.6266755,0.0007669914,0.1096404,0.26291704,0.6266755
512,43,walking,2021-05-07 15:51:17.159,2021-05-07 15:51:19.139,0.021,3,3,0.95483756,0.00015885035,0.016659841,0.028343717,0.95483756
512,44,standing,2021-05-07 15:51:19.959,2021-05-07 15:51:21.940,0.021,2,2,0.72996986,0.0010613085,0.24977736,0.72996986,0.019191533
512,44,standing,2021-05-07 15:51:20.959,2021-05-07 15:51:22.940,0.021,2,2,0.7247874,0.00096967525,0.26449046,0.7247874,0.009752452
512,45,walking,2021-05-07 15:51:23.760,2021-05-07 15:51:25.739,0.021,3,3,0.83777606,0.000466861,0.05862347,0.10313365,0.83777606
512,45,walking,2021-05-07 15:51:24.760,2021-05-07 15:51:26.739,0.021,3,3,0.9686077,0.00012053459,0.012195181,0.019076549,0.9686077
512,45,walking,2021-05-07 15:51:25.760,2021-05-07 15:51:27.739,0.021,3,3,0.9823817,5.590517e-05,0.006413956,0.011148459,0.9823817
512,45,walking,2021-05-07 15:51:26.760,2021-05-07 15:51:28.739,0.021,3,3,0.97237283,0.00010336856,0.011175122,0.016348656,0.97237283
512,45,walking,2021-05-07 15:51:27.760,2021-05-07 15:51:29.739,0.021,3,3,0.853247,0.0005013816,0.081355885,0.064895734,0.853247
512,45,walking,2021-05-07 15:51:28.760,2021-05-07 15:51:30.739,0.021,3,3,0.82392293,0.00052579585,0.094246864,0.081304476,0.82392293
512,45,walking,2021-05-07 15:51:29.760,2021-05-07 15:51:31.739,0.021,3,3,0.91715705,0.0002347212,0.031278223,0.051329933,0.91715705
512,45,walking,2021-05-07 15:51:30.760,2021-05-07 15:51:32.740,0.021,3,3,0.95230454,0.00015541859,0.017935637,0.029604375,0.95230454
512,45,walking,2021-05-07 15:51:31.760,2021-05-07 15:51:33.740,0.021,3,3,0.9698315,0.00011649659,0.010767101,0.019284854,0.9698315
512,45,walking,2021-05-07 15:51:32.759,2021-05-07 15:51:34.740,0.021,3,3,0.9808762,7.483363e-05,0.006224357,0.012824491,0.9808762
512,45,walking,2021-05-07 15:51:33.759,2021-05-07 15:51:35.740,0.021,3,3,0.9905697,4.8061152e-05,0.0041363775,0.0052457834,0.9905697
512,45,walking,2021-05-07 15:51:34.759,2021-05-07 15:51:36.740,0.021,3,3,0.9961198,2.0330677e-05,0.0015186073,0.002341203,0.9961198
512,45,walking,2021-05-07 15:51:35.759,2021-05-07 15:51:37.740,0.021,3,3,0.99858403,8.026407e-06,0.000491329,0.00091662747,0.99858403
512,45,walking,2021-05-07 15:51:36.759,2021-05-07 15:51:38.740,0.021,3,3,0.9998231,1.2687264e-06,7.588834e-05,9.9688674e-05,0.9998231
512,46,standing,2021-05-07 15:51:39.639,2021-05-07 15:51:41.619,0.021,2,2,0.49947903,0.020978084,0.10650386,0.49947903,0.37303895
512,46,standing,2021-05-07 15:51:40.639,2021-05-07 15:51:42.619,0.021,2,2,0.69897944,0.028601512,0.15283142,0.69897944,0.11958764
512,46,standing,2021-05-07 15:51:41.639,2021-05-07 15:51:43.619,0.021,2,2,0.51690054,0.10104296,0.17166044,0.51690054,0.21039598
512,47,walking,2021-05-07 15:51:44.560,2021-05-07 15:51:46.540,0.021,3,3,0.9926566,5.3559303e-05,0.002487699,0.0048021353,0.9926566
512,47,walking,2021-05-07 15:51:45.560,2021-05-07 15:51:47.540,0.021,3,3,0.9998812,1.0411793e-06,6.101417e-05,5.6626734e-05,0.9998812
512,47,walking,2021-05-07 15:51:46.560,2021-05-07 15:51:48.540,0.021,3,3,0.9976196,1.3398953e-05,0.0009296483,0.0014372615,0.9976196
512,47,walking,2021-05-07 15:51:47.560,2021-05-07 15:51:49.540,0.021,3,3,0.9886294,4.4213986e-05,0.0038859618,0.0074403803,0.9886294
512,47,walking,2021-05-07 15:51:48.560,2021-05-07 15:51:50.540,0.021,3,3,0.9996483,2.648924e-06,0.00015873268,0.00019043962,0.9996483
512,47,walking,2021-05-07 15:51:49.560,2021-05-07 15:51:51.540,0.021,3,3,0.9984426,1.0350341e-05,0.00067576364,0.0008712595,0.9984426
512,48,standing,2021-05-07 15:51:52.360,2021-05-07 15:51:54.340,0.021,2,2,0.6763684,0.00096901885,0.29619065,0.6763684,0.026471803
512,48,standing,2021-05-07 15:51:53.360,2021-05-07 15:51:55.340,0.021,2,2,0.6722993,0.00095527165,0.30664566,0.6722993,0.020099709
512,49,walking,2021-05-07 15:51:55.520,2021-05-07 15:51:57.500,0.021,3,3,0.93351555,0.00020598668,0.018818012,0.047460403,0.93351555
512,51,walking,2021-05-07 15:51:58.639,2021-05-07 15:52:00.619,0.021,3,3,0.66787755,0.0006834064,0.115050875,0.21638812,0.66787755
512,51,walking,2021-05-07 15:51:59.639,2021-05-07 15:52:01.619,0.021,3,3,0.98307097,6.083204e-05,0.0054317107,0.011436397,0.98307097
512,51,walking,2021-05-07 15:52:00.640,2021-05-07 15:52:02.619,0.021,3,3,0.99725026,1.5761223e-05,0.0010591923,0.0016747162,0.99725026
512,51,walking,2021-05-07 15:52:01.640,2021-05-07 15:52:03.619,0.021,3,3,0.99767303,1.5840084e-05,0.0010797293,0.0012313161,0.99767303
512,54,walking,2021-05-07 15:52:04.640,2021-05-07 15:52:06.619,0.021,3,3,0.9990607,4.7111407e-06,0.00044009255,0.0004945171,0.9990607
512,54,walking,2021-05-07 15:52:05.640,2021-05-07 15:52:07.619,0.021,3,3,0.99957275,3.5931064e-06,0.00022305746,0.00020064406,0.99957275
512,54,walking,2021-05-07 15:52:06.640,2021-05-07 15:52:08.619,0.021,3,3,0.9998715,8.2932013e-07,6.127885e-05,6.6348526e-05,0.9998715
512,54,walking,2021-05-07 15:52:07.640,2021-05-07 15:52:09.619,0.021,3,3,0.9997575,1.3463256e-06,9.440172e-05,0.00014671411,0.9997575
512,54,walking,2021-05-07 15:52:08.640,2021-05-07 15:52:10.619,0.021,3,3,0.9955992,2.522373e-05,0.0016208286,0.0027546256,0.9955992
512,54,walking,2021-05-07 15:52:09.640,2021-05-07 15:52:11.619,0.021,3,3,0.9997978,1.5774527e-06,0.00010160721,9.903007e-05,0.9997978
512,54,walking,2021-05-07 15:52:10.640,2021-05-07 15:52:12.619,0.021,3,3,0.99959415,3.448571e-06,0.00021038338,0.00019203108,0.99959415
512,58,walking,2021-05-07 15:52:36.400,2021-05-07 15:52:38.380,0.021,3,3,0.9722248,0.00011247392,0.007372419,0.020290319,0.9722248
512,58,walking,2021-05-07 15:52:37.400,2021-05-07 15:52:39.380,0.021,3,3,0.9987612,7.674564e-06,0.00045727007,0.00077383977,0.9987612
512,60,standing,2021-05-07 15:52:40.200,2021-05-07 15:52:42.180,0.021,2,2,0.5776995,0.0010101798,0.34513885,0.5776995,0.0761515
512,61,walking,2021-05-07 15:52:42.319,2021-05-07 15:52:44.299,0.021,3,3,0.99930984,7.0035007e-06,0.00033002594,0.0003532439,0.99930984
512,61,walking,2021-05-07 15:52:43.319,2021-05-07 15:52:45.299,0.021,3,3,0.99970794,3.293106e-06,0.0001538551,0.00013483969,0.99970794
512,63,walking,2021-05-07 15:53:11.880,2021-05-07 15:53:13.859,0.021,3,3,0.9998966,1.0021379e-06,5.2030264e-05,5.0269802e-05,0.9998966
512,63,walking,2021-05-07 15:53:12.880,2021-05-07 15:53:14.859,0.021,3,3,0.9999029,7.753732e-07,4.7225305e-05,4.9075745e-05,0.9999029
512,65,walking,2021-05-07 15:53:16.959,2021-05-07 15:53:18.940,0.021,3,3,0.99921674,5.963628e-06,0.00036828747,0.00040901982,0.99921674
512,65,walking,2021-05-07 15:53:17.959,2021-05-07 15:53:19.940,0.021,3,3,0.98996145,6.2055566e-05,0.0048783333,0.005098099,0.98996145
512,65,walking,2021-05-07 15:53:18.959,2021-05-07 15:53:20.940,0.021,3,3,0.9981146,1.4435894e-05,0.00069857144,0.0011723698,0.9981146
512,65,walking,2021-05-07 15:53:19.959,2021-05-07 15:53:21.940,0.021,3,3,0.9994902,3.4167806e-06,0.00015771133,0.0003487592,0.9994902
512,65,walking,2021-05-07 15:53:20.959,2021-05-07 15:53:22.940,0.021,3,3,0.99906,7.2895873e-06,0.00040452898,0.0005282709,0.99906
512,67,walking,2021-05-07 15:53:32.840,2021-05-07 15:53:34.819,0.021,3,3,0.9991362,5.6774943e-06,0.00030851405,0.0005495595,0.9991362
512,69,walking,2021-05-07 15:53:45.319,2021-05-07 15:53:47.299,0.021,3,3,0.9946095,2.7122036e-05,0.0021941809,0.0031691915,0.9946095
512,69,walking,2021-05-07 15:53:46.319,2021-05-07 15:53:48.299,0.021,3,3,0.99984455,1.0176256e-06,6.141609e-05,9.312734e-05,0.99984455
512,69,walking,2021-05-07 15:53:47.319,2021-05-07 15:53:49.299,0.021,3,3,0.99982476,1.1689568e-06,7.184886e-05,0.00010234353,0.99982476
512,69,walking,2021-05-07 15:53:48.319,2021-05-07 15:53:50.299,0.021,3,3,0.9998874,7.5831935e-07,5.1390478e-05,6.033719e-05,0.9998874
512,69,walking,2021-05-07 15:53:49.319,2021-05-07 15:53:51.299,0.021,3,3,0.9998245,1.4491377e-06,8.7910994e-05,8.613092e-05,0.9998245
512,69,walking,2021-05-07 15:53:50.319,2021-05-07 15:53:52.299,0.021,3,3,0.99834716,1.1440992e-05,0.00076446385,0.0008769809,0.99834716
512,69,walking,2021-05-07 15:53:51.319,2021-05-07 15:53:53.299,0.021,3,3,0.9994802,5.012947e-06,0.00025926693,0.00025557642,0.9994802
512,70,standing,2021-05-07 15:53:53.639,2021-05-07 15:53:55.619,0.021,2,2,0.5200359,0.0012428213,0.32944563,0.5200359,0.14927575
512,70,standing,2021-05-07 15:53:54.639,2021-05-07 15:53:56.619,0.021,2,2,0.4354423,0.0011262557,0.24276093,0.4354423,0.3206705
512,70,standing,2021-05-07 15:53:55.639,2021-05-07 15:53:57.619,0.021,2,2,0.49089742,0.001313853,0.441487,0.49089742,0.06630161
512,70,standing,2021-05-07 15:53:56.639,2021-05-07 15:53:58.619,0.021,2,2,0.52761406,0.0011322369,0.44462323,0.52761406,0.0266305
512,70,standing,2021-05-07 15:53:57.639,2021-05-07 15:53:59.619,0.021,2,2,0.60322875,0.0011086459,0.3561419,0.60322875,0.03952079
512,70,standing,2021-05-07 15:53:58.639,2021-05-07 15:54:00.619,0.021,2,2,0.6432345,0.0010134076,0.32797158,0.6432345,0.027780587
512,70,standing,2021-05-07 15:53:59.639,2021-05-07 15:54:01.619,0.021,2,2,0.6468288,0.0010151449,0.3266782,0.6468288,0.025477922
512,70,standing,2021-05-07 15:54:00.640,2021-05-07 15:54:02.619,0.021,2,2,0.46837342,0.0011913176,0.2561522,0.46837342,0.27428308
512,70,standing,2021-05-07 15:54:01.640,2021-05-07 15:54:03.619,0.021,2,2,0.4066446,0.0011403504,0.20785785,0.4066446,0.38435724
512,70,standing,2021-05-07 15:54:02.640,2021-05-07 15:54:04.619,0.021,2,2,0.6687257,0.0010870426,0.2781574,0.6687257,0.05202975
512,70,standing,2021-05-07 15:54:03.640,2021-05-07 15:54:05.619,0.021,2,2,0.67672545,0.0010649309,0.27216077,0.67672545,0.05004891
512,70,standing,2021-05-07 15:54:04.640,2021-05-07 15:54:06.619,0.021,2,2,0.7237874,0.00096863887,0.25074497,0.7237874,0.024498936
512,74,standing,2021-05-07 15:54:08.520,2021-05-07 15:54:10.500,0.021,2,2,0.6634179,0.0010919479,0.29203168,0.6634179,0.04345843
512,74,standing,2021-05-07 15:54:09.520,2021-05-07 15:54:11.500,0.021,2,2,0.68630564,0.0009884719,0.29108754,0.68630564,0.021618335
512,74,standing,2021-05-07 15:54:10.520,2021-05-07 15:54:12.500,0.021,2,2,0.6873861,0.0009827424,0.2942026,0.6873861,0.017428532
512,74,standing,2021-05-07 15:54:11.520,2021-05-07 15:54:13.500,0.021,2,2,0.66602725,0.0009779817,0.31924734,0.66602725,0.013747382
512,74,standing,2021-05-07 15:54:12.520,2021-05-07 15:54:14.500,0.021,2,2,0.66479367,0.0010437971,0.3140293,0.66479367,0.020133287
512,74,standing,2021-05-07 15:54:13.520,2021-05-07 15:54:15.500,0.021,2,2,0.68214875,0.0010294049,0.2955904,0.68214875,0.021231322
512,75,walking,2021-05-07 15:54:16.040,2021-05-07 15:54:18.020,0.021,3,3,0.40119728,0.0014223318,0.29213,0.3052504,0.40119728
512,75,walking,2021-05-07 15:54:17.040,2021-05-07 15:54:19.020,0.021,3,3,0.7882514,0.00075747253,0.09150877,0.119482376,0.7882514
512,75,walking,2021-05-07 15:54:18.040,2021-05-07 15:54:20.020,0.021,3,3,0.9588644,0.00013861991,0.014597633,0.026399437,0.9588644
512,77,standing,2021-05-07 15:54:21.559,2021-05-07 15:54:23.540,0.021,2,2,0.6941653,0.00092187227,0.29165265,0.6941653,0.013260182
512,77,standing,2021-05-07 15:54:22.559,2021-05-07 15:54:24.540,0.021,2,2,0.66414654,0.0009406198,0.31227487,0.66414654,0.02263792
512,77,standing,2021-05-07 15:54:23.559,2021-05-07 15:54:25.540,0.021,2,2,0.70672613,0.0009873497,0.24849495,0.70672613,0.043791614
512,77,standing,2021-05-07 15:54:24.559,2021-05-07 15:54:26.540,0.021,2,2,0.74235684,0.001018933,0.23233567,0.74235684,0.024288496
512,77,standing,2021-05-07 15:54:25.559,2021-05-07 15:54:27.540,0.021,2,2,0.6531623,0.0010600757,0.31237394,0.6531623,0.0334038
512,77,standing,2021-05-07 15:54:26.559,2021-05-07 15:54:28.540,0.021,2,2,0.5642792,0.0011916973,0.37108895,0.5642792,0.06344018
512,77,standing,2021-05-07 15:54:27.559,2021-05-07 15:54:29.540,0.021,2,2,0.55961525,0.0011406062,0.3705894,0.55961525,0.06865469
512,77,standing,2021-05-07 15:54:28.559,2021-05-07 15:54:30.540,0.021,2,3,0.98261434,5.8194266e-05,0.006634627,0.010692815,0.98261434
512,77,standing,2021-05-07 15:54:29.559,2021-05-07 15:54:31.540,0.021,2,3,0.9974398,1.7746599e-05,0.0009994716,0.0015429707,0.9974398
512,77,standing,2021-05-07 15:54:30.559,2021-05-07 15:54:32.540,0.021,2,2,0.52329254,0.0011339141,0.18768741,0.52329254,0.28788608
512,77,standing,2021-05-07 15:54:31.559,2021-05-07 15:54:33.540,0.021,2,2,0.61793894,0.001173307,0.25906086,0.61793894,0.12182689
512,78,walking,2021-05-07 15:54:34.279,2021-05-07 15:54:36.259,0.021,3,3,0.66018504,0.0008545559,0.09557633,0.24338405,0.66018504
512,78,walking,2021-05-07 15:54:35.279,2021-05-07 15:54:37.259,0.021,3,3,0.954299,0.00017308885,0.013349917,0.032178063,0.954299
512,81,standing,2021-05-07 15:54:39.240,2021-05-07 15:54:41.220,0.021,2,2,0.72865725,0.0010197614,0.2548373,0.72865725,0.015485723
512,81,standing,2021-05-07 15:54:40.240,2021-05-07 15:54:42.220,0.021,2,2,0.74170715,0.0010434018,0.23840396,0.74170715,0.018845387
512,83,standing,2021-05-07 15:54:43.840,2021-05-07 15:54:45.819,0.021,2,2,0.66453844,0.001067142,0.26331183,0.66453844,0.07108256
512,83,standing,2021-05-07 15:54:44.840,2021-05-07 15:54:46.819,0.021,2,2,0.71435857,0.0010533201,0.25798586,0.71435857,0.026602319
512,83,standing,2021-05-07 15:54:45.840,2021-05-07 15:54:47.819,0.021,2,2,0.6956433,0.0010457208,0.26953965,0.6956433,0.033771303
512,85,standing,2021-05-07 15:54:48.840,2021-05-07 15:54:50.819,0.021,2,2,0.63773763,0.0010110895,0.32995772,0.63773763,0.031293493
512,86,walking,2021-05-07 15:54:51.080,2021-05-07 15:54:53.060,0.021,3,3,0.72877574,0.0006441259,0.10039635,0.17018385,0.72877574
512,86,walking,2021-05-07 15:54:52.080,2021-05-07 15:54:54.060,0.021,3,3,0.9011443,0.0003035985,0.03695901,0.061593004,0.9011443
512,86,walking,2021-05-07 15:54:53.080,2021-05-07 15:54:55.060,0.021,3,3,0.9609872,0.00015313271,0.015656546,0.023203177,0.9609872
512,86,walking,2021-05-07 15:54:54.080,2021-05-07 15:54:56.060,0.021,3,3,0.998911,7.371807e-06,0.00046033502,0.0006212434,0.998911
512,86,walking,2021-05-07 15:54:55.080,2021-05-07 15:54:57.060,0.021,3,3,0.9994424,3.6695947e-06,0.00023021804,0.00032368748,0.9994424
512,86,walking,2021-05-07 15:54:56.080,2021-05-07 15:54:58.060,0.021,3,3,0.98787224,5.602388e-05,0.0048235306,0.007248238,0.98787224
512,86,walking,2021-05-07 15:54:57.080,2021-05-07 15:54:59.060,0.021,3,3,0.99500793,3.0436568e-05,0.0018577169,0.0031039468,0.99500793
512,86,walking,2021-05-07 15:54:58.080,2021-05-07 15:55:00.059,0.021,3,3,0.99616545,2.469438e-05,0.0020376102,0.0017721677,0.99616545
512,86,walking,2021-05-07 15:54:59.080,2021-05-07 15:55:01.059,0.021,3,3,0.9050997,0.0003750328,0.05105601,0.043469276,0.9050997
512,86,walking,2021-05-07 15:55:00.079,2021-05-07 15:55:02.059,0.021,3,3,0.9948658,3.0197498e-05,0.0019941938,0.0031097457,0.9948658
512,86,walking,2021-05-07 15:55:01.079,2021-05-07 15:55:03.059,0.021,3,3,0.9953014,3.5610545e-05,0.0025455474,0.002117321,0.9953014
512,88,sitting,2021-05-07 15:55:07.079,2021-05-07 15:55:09.059,0.021,1,1,0.8375678,0.00063322287,0.8375678,0.14338623,0.018412663
512,88,sitting,2021-05-07 15:55:08.079,2021-05-07 15:55:10.059,0.021,1,1,0.9365796,0.0006042351,0.9365796,0.062233705,0.00058246154
512,88,sitting,2021-05-07 15:55:09.079,2021-05-07 15:55:11.059,0.021,1,1,0.9621726,0.000692679,0.9621726,0.03674525,0.00038950823
512,88,sitting,2021-05-07 15:55:10.079,2021-05-07 15:55:12.059,0.021,1,1,0.9790736,0.000873323,0.9790736,0.019846164,0.00020689877
512,88,sitting,2021-05-07 15:55:11.079,2021-05-07 15:55:13.059,0.021,1,1,0.9897559,0.0010762009,0.9897559,0.009060286,0.00010765277
512,88,sitting,2021-05-07 15:55:12.079,2021-05-07 15:55:14.059,0.021,1,1,0.97285944,0.0009455188,0.97285944,0.025912862,0.00028213617
512,88,sitting,2021-05-07 15:55:13.079,2021-05-07 15:55:15.059,0.021,1,1,0.96118003,0.0008030205,0.96118003,0.037678383,0.00033861634
512,88,sitting,2021-05-07 15:55:14.079,2021-05-07 15:55:16.059,0.021,1,1,0.97523004,0.00082425267,0.97523004,0.023753542,0.00019213466
512,88,sitting,2021-05-07 15:55:15.079,2021-05-07 15:55:17.059,0.021,1,1,0.9726625,0.00083393825,0.9726625,0.026309436,0.00019421948
512,88,sitting,2021-05-07 15:55:16.079,2021-05-07 15:55:18.059,0.021,1,1,0.97623783,0.00085582153,0.97623783,0.022734577,0.00017182021
512,88,sitting,2021-05-07 15:55:17.079,2021-05-07 15:55:19.059,0.021,1,1,0.9738828,0.00087981083,0.9738828,0.025058877,0.0001785565
512,88,sitting,2021-05-07 15:55:18.079,2021-05-07 15:55:20.059,0.021,1,1,0.9770079,0.00089100853,0.9770079,0.021946136,0.00015493688
512,88,sitting,2021-05-07 15:55:19.079,2021-05-07 15:55:21.059,0.021,1,1,0.9762754,0.0009048819,0.9762754,0.022662565,0.00015720779
512,88,sitting,2021-05-07 15:55:20.079,2021-05-07 15:55:22.059,0.021,1,1,0.97607774,0.00092097715,0.97607774,0.022821343,0.00018001163
512,88,sitting,2021-05-07 15:55:21.079,2021-05-07 15:55:23.059,0.021,1,1,0.98104554,0.00089255127,0.98104554,0.017901395,0.00016051526
512,88,sitting,2021-05-07 15:55:22.079,2021-05-07 15:55:24.059,0.021,1,1,0.96786225,0.00080556213,0.96786225,0.031094352,0.0002379557
512,88,sitting,2021-05-07 15:55:23.079,2021-05-07 15:55:25.059,0.021,1,1,0.9547107,0.00075933355,0.9547107,0.04421836,0.00031148308
512,88,sitting,2021-05-07 15:55:24.079,2021-05-07 15:55:26.059,0.021,1,1,0.92007697,0.0006710848,0.92007697,0.0786842,0.0005678583
512,88,sitting,2021-05-07 15:55:25.079,2021-05-07 15:55:27.059,0.021,1,1,0.9153931,0.0005870044,0.9153931,0.08337786,0.0006420002
512,88,sitting,2021-05-07 15:55:26.079,2021-05-07 15:55:28.059,0.021,1,1,0.72486925,0.00069583295,0.72486925,0.2689845,0.005450489
512,88,sitting,2021-05-07 15:55:27.079,2021-05-07 15:55:29.059,0.021,1,2,0.6217119,0.0010614956,0.2507342,0.6217119,0.12649244
512,88,sitting,2021-05-07 15:55:28.079,2021-05-07 15:55:30.059,0.021,1,2,0.7397676,0.0013039679,0.19811265,0.7397676,0.06081584
512,88,sitting,2021-05-07 15:55:29.079,2021-05-07 15:55:31.059,0.021,1,2,0.7693733,0.0011645004,0.2129574,0.7693733,0.016504703
512,88,sitting,2021-05-07 15:55:30.079,2021-05-07 15:55:32.060,0.021,1,2,0.7710707,0.0011097135,0.21599299,0.7710707,0.011826557
512,88,sitting,2021-05-07 15:55:31.079,2021-05-07 15:55:33.060,0.021,1,2,0.7682245,0.0010888261,0.21984217,0.7682245,0.010844534
512,88,sitting,2021-05-07 15:55:32.080,2021-05-07 15:55:34.060,0.021,1,2,0.7688319,0.0011122818,0.22060387,0.7688319,0.009451933
512,88,sitting,2021-05-07 15:55:33.080,2021-05-07 15:55:35.060,0.021,1,2,0.7694967,0.0011133528,0.2196273,0.7694967,0.009762646
512,88,sitting,2021-05-07 15:55:34.080,2021-05-07 15:55:36.060,0.021,1,2,0.7675077,0.0010902394,0.2229598,0.7675077,0.0084422175
512,88,sitting,2021-05-07 15:55:35.080,2021-05-07 15:55:37.060,0.021,1,2,0.76630753,0.0010807611,0.22410063,0.76630753,0.008511012
512,88,sitting,2021-05-07 15:55:36.080,2021-05-07 15:55:38.060,0.021,1,2,0.7673752,0.0010564735,0.22220199,0.7673752,0.009366342
512,88,sitting,2021-05-07 15:55:37.080,2021-05-07 15:55:39.060,0.021,1,2,0.7541449,0.00093163986,0.22759432,0.7541449,0.017329145
512,88,sitting,2021-05-07 15:55:38.080,2021-05-07 15:55:40.060,0.021,1,2,0.727657,0.0009463643,0.24232724,0.727657,0.029069308
512,88,sitting,2021-05-07 15:55:39.080,2021-05-07 15:55:41.060,0.021,1,2,0.6787153,0.00090587494,0.30106205,0.6787153,0.019316796
512,88,sitting,2021-05-07 15:55:40.080,2021-05-07 15:55:42.060,0.021,1,1,0.86863846,0.0010102625,0.86863846,0.12847368,0.0018776865
512,88,sitting,2021-05-07 15:55:41.080,2021-05-07 15:55:43.060,0.021,1,1,0.9880141,0.00089582836,0.9880141,0.010984008,0.00010609188
512,88,sitting,2021-05-07 15:55:42.080,2021-05-07 15:55:44.060,0.021,1,1,0.98196936,0.0008548156,0.98196936,0.017023994,0.00015183097
512,88,sitting,2021-05-07 15:55:43.080,2021-05-07 15:55:45.060,0.021,1,1,0.9804374,0.0008476773,0.9804374,0.018548965,0.00016586373
512,88,sitting,2021-05-07 15:55:44.080,2021-05-07 15:55:46.060,0.021,1,1,0.9656833,0.0008105949,0.9656833,0.032984752,0.0005214142
512,88,sitting,2021-05-07 15:55:45.080,2021-05-07 15:55:47.060,0.021,1,1,0.58424145,0.0016522845,0.58424145,0.3680271,0.04607919
512,88,sitting,2021-05-07 15:55:46.080,2021-05-07 15:55:48.060,0.021,1,2,0.6687456,0.0015098883,0.18529768,0.6687456,0.1444468
512,88,sitting,2021-05-07 15:55:47.080,2021-05-07 15:55:49.060,0.021,1,2,0.7165677,0.0012953961,0.19267154,0.7165677,0.08946538
512,88,sitting,2021-05-07 15:55:48.080,2021-05-07 15:55:50.060,0.021,1,2,0.75482947,0.0011802509,0.19220456,0.75482947,0.0517858
512,88,sitting,2021-05-07 15:55:49.080,2021-05-07 15:55:51.060,0.021,1,2,0.77103174,0.0011370506,0.19775318,0.77103174,0.030077899
512,88,sitting,2021-05-07 15:55:50.080,2021-05-07 15:55:52.060,0.021,1,2,0.76907116,0.0011024444,0.21153317,0.76907116,0.018293181
512,88,sitting,2021-05-07 15:55:51.080,2021-05-07 15:55:53.060,0.021,1,2,0.7668822,0.0011224952,0.21338086,0.7668822,0.01861449
512,88,sitting,2021-05-07 15:55:52.080,2021-05-07 15:55:54.060,0.021,1,2,0.7540237,0.0011920623,0.20184484,0.7540237,0.04293946
512,88,sitting,2021-05-07 15:55:53.080,2021-05-07 15:55:55.060,0.021,1,2,0.75381386,0.0011529298,0.19865078,0.75381386,0.046382442
512,88,sitting,2021-05-07 15:55:54.080,2021-05-07 15:55:56.060,0.021,1,2,0.7685098,0.0011421952,0.20808305,0.7685098,0.02226492
512,88,sitting,2021-05-07 15:55:55.080,2021-05-07 15:55:57.060,0.021,1,2,0.7684709,0.0011297562,0.216768,0.7684709,0.013631387
512,88,sitting,2021-05-07 15:55:56.080,2021-05-07 15:55:58.060,0.021,1,2,0.7698044,0.0011370457,0.21537487,0.7698044,0.013683681
512,88,sitting,2021-05-07 15:55:57.080,2021-05-07 15:55:59.060,0.021,1,2,0.76971537,0.0011088303,0.21496597,0.76971537,0.014209801
512,88,sitting,2021-05-07 15:55:58.080,2021-05-07 15:56:00.059,0.021,1,2,0.7670594,0.001069023,0.21805146,0.7670594,0.0138201425
512,88,sitting,2021-05-07 15:55:59.080,2021-05-07 15:56:01.059,0.021,1,2,0.76654774,0.0010764928,0.21375555,0.76654774,0.018620245
512,88,sitting,2021-05-07 15:56:00.079,2021-05-07 15:56:02.059,0.021,1,2,0.7689475,0.0010809818,0.2118324,0.7689475,0.018139161
512,88,sitting,2021-05-07 15:56:01.079,2021-05-07 15:56:03.059,0.021,1,2,0.7716708,0.0010449485,0.21326357,0.7716708,0.0140207
512,88,sitting,2021-05-07 15:56:02.079,2021-05-07 15:56:04.059,0.021,1,2,0.76868355,0.0010729133,0.21703796,0.76868355,0.013205526
512,88,sitting,2021-05-07 15:56:03.079,2021-05-07 15:56:05.059,0.021,1,2,0.7626776,0.001137324,0.22055726,0.7626776,0.015627882
512,88,sitting,2021-05-07 15:56:04.079,2021-05-07 15:56:06.059,0.021,1,2,0.74897325,0.0010397298,0.23531926,0.74897325,0.014667833
512,88,sitting,2021-05-07 15:56:05.079,2021-05-07 15:56:07.059,0.021,1,2,0.6428878,0.00071316044,0.3388607,0.6428878,0.017538311
512,88,sitting,2021-05-07 15:56:06.079,2021-05-07 15:56:08.059,0.021,1,2,0.657008,0.00090307713,0.3021694,0.657008,0.039919507
512,88,sitting,2021-05-07 15:56:07.079,2021-05-07 15:56:09.059,0.021,1,2,0.73131114,0.0012208167,0.2016019,0.73131114,0.06586621
512,88,sitting,2021-05-07 15:56:08.079,2021-05-07 15:56:10.059,0.021,1,2,0.74392605,0.0011157001,0.20452407,0.74392605,0.05043417
512,88,sitting,2021-05-07 15:56:09.079,2021-05-07 15:56:11.059,0.021,1,2,0.73707,0.001228467,0.18983138,0.73707,0.07186999
512,88,sitting,2021-05-07 15:56:10.079,2021-05-07 15:56:12.059,0.021,1,2,0.7257792,0.0013064217,0.18723622,0.7257792,0.08567801
512,88,sitting,2021-05-07 15:56:11.079,2021-05-07 15:56:13.059,0.021,1,2,0.77140456,0.0012220831,0.20193447,0.77140456,0.025438918
512,88,sitting,2021-05-07 15:56:12.079,2021-05-07 15:56:14.059,0.021,1,2,0.7756797,0.0012622257,0.20589405,0.7756797,0.01716394
512,88,sitting,2021-05-07 15:56:13.079,2021-05-07 15:56:15.059,0.021,1,2,0.7772345,0.0011799809,0.20354642,0.7772345,0.01803906
512,88,sitting,2021-05-07 15:56:14.079,2021-05-07 15:56:16.059,0.021,1,2,0.77387005,0.0011630666,0.2102919,0.77387005,0.014674875
512,88,sitting,2021-05-07 15:56:15.079,2021-05-07 15:56:17.059,0.021,1,2,0.769337,0.001178775,0.21734385,0.769337,0.012140269
512,88,sitting,2021-05-07 15:56:16.079,2021-05-07 15:56:18.059,0.021,1,2,0.7693357,0.0010635295,0.21757597,0.7693357,0.012024751
512,88,sitting,2021-05-07 15:56:17.079,2021-05-07 15:56:19.059,0.021,1,2,0.7711724,0.0010274936,0.21034811,0.7711724,0.017452028
512,88,sitting,2021-05-07 15:56:18.079,2021-05-07 15:56:20.059,0.021,1,2,0.78464234,0.0010207606,0.19290644,0.78464234,0.021430438
512,88,sitting,2021-05-07 15:56:19.079,2021-05-07 15:56:21.059,0.021,1,2,0.724852,0.0013856145,0.17106715,0.724852,0.102695115
512,88,sitting,2021-05-07 15:56:20.079,2021-05-07 15:56:22.059,0.021,1,2,0.6915979,0.0013685027,0.17993766,0.6915979,0.12709588
512,88,sitting,2021-05-07 15:56:21.079,2021-05-07 15:56:23.059,0.021,1,2,0.7621333,0.0011596307,0.2095354,0.7621333,0.027171738
512,88,sitting,2021-05-07 15:56:22.079,2021-05-07 15:56:24.059,0.021,1,2,0.7618833,0.0010388842,0.21764942,0.7618833,0.01942847
512,88,sitting,2021-05-07 15:56:23.079,2021-05-07 15:56:25.059,0.021,1,2,0.75848883,0.0009997449,0.22239423,0.75848883,0.01811723
512,88,sitting,2021-05-07 15:56:24.079,2021-05-07 15:56:26.059,0.021,1,2,0.7560367,0.001020738,0.2232389,0.7560367,0.01970354
512,88,sitting,2021-05-07 15:56:25.079,2021-05-07 15:56:27.059,0.021,1,2,0.71640515,0.0008335427,0.24714763,0.71640515,0.035613608
512,88,sitting,2021-05-07 15:56:26.079,2021-05-07 15:56:28.059,0.021,1,2,0.6907428,0.00088317227,0.25015992,0.6907428,0.0582141
512,88,sitting,2021-05-07 15:56:27.079,2021-05-07 15:56:29.059,0.021,1,2,0.7167653,0.00091319694,0.22340475,0.7167653,0.05891677
512,88,sitting,2021-05-07 15:56:28.079,2021-05-07 15:56:30.059,0.021,1,2,0.7414648,0.00083314616,0.23156421,0.7414648,0.026137764
512,88,sitting,2021-05-07 15:56:29.079,2021-05-07 15:56:31.059,0.021,1,2,0.7408251,0.00081105385,0.23848565,0.7408251,0.019878063
512,88,sitting,2021-05-07 15:56:30.079,2021-05-07 15:56:32.060,0.021,1,1,0.5418078,0.0007945915,0.5418078,0.4454569,0.011940808
512,88,sitting,2021-05-07 15:56:31.079,2021-05-07 15:56:33.060,0.021,1,1,0.9460517,0.0007064484,0.9460517,0.052581415,0.00066039886
512,88,sitting,2021-05-07 15:56:32.080,2021-05-07 15:56:34.060,0.021,1,1,0.9515965,0.0007243342,0.9515965,0.0472448,0.00043434402
512,88,sitting,2021-05-07 15:56:33.080,2021-05-07 15:56:35.060,0.021,1,1,0.9665558,0.0007390668,0.9665558,0.032405194,0.00030003398
512,88,sitting,2021-05-07 15:56:34.080,2021-05-07 15:56:36.060,0.021,1,1,0.98380965,0.000788856,0.98380965,0.01527218,0.00012927913
512,88,sitting,2021-05-07 15:56:35.080,2021-05-07 15:56:37.060,0.021,1,1,0.98072517,0.00083933515,0.98072517,0.018261833,0.00017377196
512,88,sitting,2021-05-07 15:56:36.080,2021-05-07 15:56:38.060,0.021,1,1,0.9799727,0.00080708,0.9799727,0.01903827,0.00018194535
512,88,sitting,2021-05-07 15:56:37.080,2021-05-07 15:56:39.060,0.021,1,1,0.9842654,0.0007422305,0.9842654,0.014865727,0.00012676699
512,88,sitting,2021-05-07 15:56:38.080,2021-05-07 15:56:40.060,0.021,1,1,0.9836632,0.00074956747,0.9836632,0.01545731,0.00012990856
512,88,sitting,2021-05-07 15:56:39.080,2021-05-07 15:56:41.060,0.021,1,1,0.9775117,0.00064928015,0.9775117,0.021666419,0.00017266542
512,88,sitting,2021-05-07 15:56:40.080,2021-05-07 15:56:42.060,0.021,1,1,0.6850568,0.00096101663,0.6850568,0.30833957,0.0056425985
512,88,sitting,2021-05-07 15:56:41.080,2021-05-07 15:56:43.060,0.021,1,2,0.76567084,0.0010587116,0.2129236,0.76567084,0.020346787
512,88,sitting,2021-05-07 15:56:42.080,2021-05-07 15:56:44.060,0.021,1,2,0.7844255,0.0010974264,0.20253208,0.7844255,0.011945016
512,88,sitting,2021-05-07 15:56:43.080,2021-05-07 15:56:45.060,0.021,1,2,0.7814804,0.0011411181,0.20392218,0.7814804,0.013456375
512,89,walking,2021-05-07 15:56:47.840,2021-05-07 15:56:49.819,0.021,3,3,0.9999121,5.6966417e-07,3.8654816e-05,4.8616883e-05,0.9999121
512,89,walking,2021-05-07 15:56:48.840,2021-05-07 15:56:50.819,0.021,3,3,0.99973166,2.118542e-06,0.00014425394,0.00012190769,0.99973166
512,89,walking,2021-05-07 15:56:49.840,2021-05-07 15:56:51.819,0.021,3,3,0.9993103,4.8805964e-06,0.0003606553,0.00032415468,0.9993103
512,89,walking,2021-05-07 15:56:50.840,2021-05-07 15:56:52.819,0.021,3,3,0.9970931,1.82455e-05,0.0012478709,0.0016408185,0.9970931
512,90,standing,2021-05-07 15:56:53.799,2021-05-07 15:56:55.779,0.021,2,2,0.6592546,0.001105496,0.29249954,0.6592546,0.047140352
512,90,standing,2021-05-07 15:56:54.799,2021-05-07 15:56:56.779,0.021,2,2,0.6673743,0.0010449808,0.30837694,0.6673743,0.023203777
512,90,standing,2021-05-07 15:56:55.799,2021-05-07 15:56:57.779,0.021,2,2,0.6592509,0.0010015917,0.31454107,0.6592509,0.025206411
512,92,standing,2021-05-07 15:56:59.159,2021-05-07 15:57:01.140,0.021,2,1,0.45520422,0.0017473807,0.45520422,0.3123588,0.23068967
512,94,standing,2021-05-07 15:57:02.480,2021-05-07 15:57:04.460,0.021,2,2,0.63519514,0.00093079713,0.34697112,0.63519514,0.01690293
512,94,standing,2021-05-07 15:57:03.480,2021-05-07 15:57:05.460,0.021,2,2,0.6632056,0.0009808935,0.31364825,0.6632056,0.022165172
512,94,standing,2021-05-07 15:57:04.480,2021-05-07 15:57:06.460,0.021,2,2,0.6781594,0.000965113,0.30248427,0.6781594,0.018391166
512,94,standing,2021-05-07 15:57:05.480,2021-05-07 15:57:07.460,0.021,2,2,0.69149923,0.0009602406,0.2901325,0.69149923,0.017408103
512,94,standing,2021-05-07 15:57:06.480,2021-05-07 15:57:08.460,0.021,2,2,0.6747957,0.0010020277,0.3037425,0.6747957,0.020459848
512,94,standing,2021-05-07 15:57:07.480,2021-05-07 15:57:09.460,0.021,2,2,0.6301781,0.0010626474,0.3424655,0.6301781,0.026293818
512,94,standing,2021-05-07 15:57:08.479,2021-05-07 15:57:10.460,0.021,2,2,0.6245189,0.0010403189,0.34778804,0.6245189,0.026652662
512,98,standing,2021-05-07 15:57:17.799,2021-05-07 15:57:19.780,0.021,2,2,0.7009343,0.0009170551,0.27364138,0.7009343,0.024507299
512,100,standing,2021-05-07 15:57:20.840,2021-05-07 15:57:22.819,0.021,2,1,0.5468676,0.0016915732,0.5468676,0.24126089,0.2101797
512,100,standing,2021-05-07 15:57:21.840,2021-05-07 15:57:23.819,0.021,2,1,0.5394728,0.0015429527,0.5394728,0.35578194,0.10320234
512,100,standing,2021-05-07 15:57:22.840,2021-05-07 15:57:24.819,0.021,2,2,0.48564988,0.0013823153,0.43639776,0.48564988,0.076570034
512,100,standing,2021-05-07 15:57:23.840,2021-05-07 15:57:25.819,0.021,2,2,0.5489418,0.0011845382,0.42093354,0.5489418,0.028940126
512,100,standing,2021-05-07 15:57:24.840,2021-05-07 15:57:26.819,0.021,2,2,0.6309285,0.0010051798,0.35380372,0.6309285,0.01426254
512,100,standing,2021-05-07 15:57:25.840,2021-05-07 15:57:27.819,0.021,2,2,0.6402697,0.0010183178,0.34505272,0.6402697,0.013659232
512,100,standing,2021-05-07 15:57:26.840,2021-05-07 15:57:28.819,0.021,2,2,0.65004796,0.0010202472,0.33475298,0.65004796,0.014178788
512,102,standing,2021-05-07 15:57:30.920,2021-05-07 15:57:32.900,0.021,2,2,0.6830034,0.0009640985,0.2878547,0.6830034,0.028177707
512,102,standing,2021-05-07 15:57:31.920,2021-05-07 15:57:33.900,0.021,2,2,0.6130977,0.001050623,0.3399104,0.6130977,0.045941368
512,102,standing,2021-05-07 15:57:32.919,2021-05-07 15:57:34.900,0.021,2,2,0.63009894,0.00097483024,0.34255365,0.63009894,0.026372561
512,102,standing,2021-05-07 15:57:33.919,2021-05-07 15:57:35.900,0.021,2,2,0.65924114,0.0009439397,0.31918263,0.65924114,0.020632291
512,102,standing,2021-05-07 15:57:34.919,2021-05-07 15:57:36.900,0.021,2,2,0.6786497,0.0009525499,0.28870922,0.6786497,0.031688455
512,102,standing,2021-05-07 15:57:35.919,2021-05-07 15:57:37.900,0.021,2,2,0.70735687,0.0009549263,0.26300856,0.70735687,0.028679635
512,102,standing,2021-05-07 15:57:36.919,2021-05-07 15:57:38.900,0.021,2,2,0.683166,0.00089470466,0.29187402,0.683166,0.024065234
512,108,standing,2021-05-07 15:57:43.279,2021-05-07 15:57:45.259,0.021,2,2,0.74093413,0.0010541201,0.24126405,0.74093413,0.016747698
512,108,standing,2021-05-07 15:57:44.279,2021-05-07 15:57:46.259,0.021,2,2,0.74036694,0.0010586779,0.23074785,0.74036694,0.027826503
512,108,standing,2021-05-07 15:57:45.279,2021-05-07 15:57:47.259,0.021,2,2,0.73369986,0.0011245311,0.23149788,0.73369986,0.033677682
512,108,standing,2021-05-07 15:57:46.279,2021-05-07 15:57:48.259,0.021,2,2,0.7385199,0.0011140145,0.23872064,0.7385199,0.021645417
512,108,standing,2021-05-07 15:57:47.279,2021-05-07 15:57:49.259,0.021,2,2,0.73567456,0.0010437049,0.2491166,0.73567456,0.014165058
512,108,standing,2021-05-07 15:57:48.279,2021-05-07 15:57:50.259,0.021,2,2,0.72879416,0.0010066503,0.25875524,0.72879416,0.011443955
512,108,standing,2021-05-07 15:57:49.279,2021-05-07 15:57:51.259,0.021,2,2,0.7281346,0.0010306688,0.2561329,0.7281346,0.014701832
512,110,standing,2021-05-07 15:57:53.439,2021-05-07 15:57:55.419,0.021,2,2,0.7379029,0.0012628804,0.17496113,0.7379029,0.08587308
512,112,standing,2021-05-07 15:57:56.599,2021-05-07 15:57:58.580,0.021,2,2,0.74919146,0.00095338107,0.21083719,0.74919146,0.039017953
512,112,standing,2021-05-07 15:57:57.599,2021-05-07 15:57:59.580,0.021,2,2,0.7224293,0.00088305667,0.2491362,0.7224293,0.027551385
512,112,standing,2021-05-07 15:57:58.599,2021-05-07 15:58:00.579,0.021,2,2,0.7088224,0.00091936206,0.25950122,0.7088224,0.030756958
512,112,standing,2021-05-07 15:57:59.599,2021-05-07 15:58:01.579,0.021,2,2,0.6904529,0.0009092304,0.28483272,0.6904529,0.023805168
512,113,walking,2021-05-07 15:58:02.240,2021-05-07 15:58:04.220,0.021,3,3,0.71486604,0.0006511316,0.088222034,0.1962608,0.71486604
512,113,walking,2021-05-07 15:58:03.240,2021-05-07 15:58:05.220,0.021,3,3,0.6298091,0.0007245757,0.12591882,0.24354751,0.6298091
512,114,standing,2021-05-07 15:58:05.840,2021-05-07 15:58:07.819,0.021,2,2,0.6988349,0.0009896974,0.28078,0.6988349,0.019395402
512,114,standing,2021-05-07 15:58:06.840,2021-05-07 15:58:08.819,0.021,2,2,0.7017886,0.0009836635,0.2767194,0.7017886,0.020508353
512,114,standing,2021-05-07 15:58:07.840,2021-05-07 15:58:09.819,0.021,2,2,0.6986343,0.0010237787,0.27192417,0.6986343,0.028417755
512,114,standing,2021-05-07 15:58:08.840,2021-05-07 15:58:10.819,0.021,2,2,0.69893825,0.0010408781,0.2842161,0.69893825,0.01580474
512,114,standing,2021-05-07 15:58:09.840,2021-05-07 15:58:11.819,0.021,2,2,0.70376825,0.0009990565,0.27772078,0.70376825,0.017511914
512,114,standing,2021-05-07 15:58:10.840,2021-05-07 15:58:12.819,0.021,2,2,0.66345364,0.0010807373,0.29276332,0.66345364,0.04270227
512,114,standing,2021-05-07 15:58:11.840,2021-05-07 15:58:13.819,0.021,2,2,0.68125916,0.0009494627,0.30489963,0.68125916,0.012891778
512,114,standing,2021-05-07 15:58:12.840,2021-05-07 15:58:14.819,0.021,2,2,0.70275193,0.00090734375,0.2861579,0.70275193,0.010182907
512,114,standing,2021-05-07 15:58:13.840,2021-05-07 15:58:15.819,0.021,2,2,0.699207,0.000944322,0.28708598,0.699207,0.01276269
512,114,standing,2021-05-07 15:58:14.840,2021-05-07 15:58:16.819,0.021,2,2,0.69473135,0.0010293262,0.29301545,0.69473135,0.011223815
512,114,standing,2021-05-07 15:58:15.840,2021-05-07 15:58:17.819,0.021,2,2,0.695157,0.0009826216,0.29309925,0.695157,0.010761053
512,114,standing,2021-05-07 15:58:16.840,2021-05-07 15:58:18.819,0.021,2,2,0.6884481,0.0010085708,0.30120474,0.6884481,0.009338557
512,114,standing,2021-05-07 15:58:17.840,2021-05-07 15:58:19.819,0.021,2,2,0.68798876,0.0009839061,0.3019328,0.68798876,0.009094487
512,114,standing,2021-05-07 15:58:18.840,2021-05-07 15:58:20.819,0.021,2,2,0.69173586,0.0009752355,0.29332116,0.69173586,0.013967625
512,114,standing,2021-05-07 15:58:19.840,2021-05-07 15:58:21.819,0.021,2,2,0.6875974,0.0009509058,0.2962163,0.6875974,0.0152353095
512,114,standing,2021-05-07 15:58:20.840,2021-05-07 15:58:22.819,0.021,2,2,0.67961854,0.0009270813,0.30214727,0.67961854,0.017307024
512,114,standing,2021-05-07 15:58:21.840,2021-05-07 15:58:23.819,0.021,2,2,0.6723207,0.0009230803,0.3108116,0.6723207,0.0159446
512,114,standing,2021-05-07 15:58:22.840,2021-05-07 15:58:24.819,0.021,2,2,0.6714057,0.00095744256,0.31430817,0.6714057,0.013328618
512,114,standing,2021-05-07 15:58:23.840,2021-05-07 15:58:25.819,0.021,2,2,0.678725,0.000988083,0.30322802,0.678725,0.017058829
512,114,standing,2021-05-07 15:58:24.840,2021-05-07 15:58:26.819,0.021,2,2,0.6895377,0.0009453605,0.29284525,0.6895377,0.016671686
512,114,standing,2021-05-07 15:58:25.840,2021-05-07 15:58:27.819,0.021,2,2,0.6830721,0.0009938886,0.30325738,0.6830721,0.0126766665
512,116,standing,2021-05-07 15:58:28.639,2021-05-07 15:58:30.619,0.021,2,2,0.67264706,0.001095281,0.30249435,0.67264706,0.023763265
512,116,standing,2021-05-07 15:58:29.639,2021-05-07 15:58:31.619,0.021,2,2,0.6724932,0.0010575979,0.30432367,0.6724932,0.022125414
512,117,walking,2021-05-07 15:58:31.840,2021-05-07 15:58:33.819,0.021,3,3,0.94038665,0.00021094065,0.017651025,0.041751347,0.94038665
512,117,walking,2021-05-07 15:58:32.840,2021-05-07 15:58:34.819,0.021,3,3,0.98877347,4.4009983e-05,0.003360025,0.007822517,0.98877347
512,117,walking,2021-05-07 15:58:33.840,2021-05-07 15:58:35.819,0.021,3,3,0.9939894,3.0148174e-05,0.002336129,0.003644256,0.9939894
512,117,walking,2021-05-07 15:58:34.840,2021-05-07 15:58:36.819,0.021,3,3,0.98707324,6.185045e-05,0.004611615,0.008253214,0.98707324
512,119,standing,2021-05-07 15:58:38.119,2021-05-07 15:58:40.099,0.021,2,2,0.677209,0.0009399323,0.30581722,0.677209,0.016033817
512,120,walking,2021-05-07 15:58:40.200,2021-05-07 15:58:42.180,0.021,3,2,0.52074575,0.0011635442,0.22869533,0.52074575,0.24939536
512,120,walking,2021-05-07 15:58:41.200,2021-05-07 15:58:43.180,0.021,3,3,0.8044788,0.00047086054,0.056126013,0.13892436,0.8044788
512,121,standing,2021-05-07 15:58:43.360,2021-05-07 15:58:45.340,0.021,2,2,0.5668768,0.0012656514,0.22124797,0.5668768,0.21060956
512,121,standing,2021-05-07 15:58:44.360,2021-05-07 15:58:46.340,0.021,2,2,0.7114147,0.0010970683,0.25567487,0.7114147,0.03181342
512,121,standing,2021-05-07 15:58:45.360,2021-05-07 15:58:47.340,0.021,2,2,0.7251144,0.0010733254,0.25664106,0.7251144,0.0171712
512,121,standing,2021-05-07 15:58:46.360,2021-05-07 15:58:48.340,0.021,2,2,0.7143935,0.0010224312,0.27194226,0.7143935,0.012641744
512,121,standing,2021-05-07 15:58:47.360,2021-05-07 15:58:49.340,0.021,2,2,0.71079576,0.0010286234,0.27009785,0.71079576,0.0180778
512,121,standing,2021-05-07 15:58:48.360,2021-05-07 15:58:50.340,0.021,2,2,0.7093802,0.0010711044,0.25603843,0.7093802,0.03351041
512,121,standing,2021-05-07 15:58:49.360,2021-05-07 15:58:51.340,0.021,2,2,0.7007957,0.0010696278,0.26072538,0.7007957,0.037409298
512,121,standing,2021-05-07 15:58:50.360,2021-05-07 15:58:52.340,0.021,2,2,0.6994273,0.0010570473,0.28369948,0.6994273,0.015816232
512,121,standing,2021-05-07 15:58:51.360,2021-05-07 15:58:53.340,0.021,2,2,0.68781644,0.001009902,0.3025758,0.68781644,0.008597836
512,121,standing,2021-05-07 15:58:52.360,2021-05-07 15:58:54.340,0.021,2,2,0.6643954,0.0010267711,0.3221763,0.6643954,0.012401512
512,125,standing,2021-05-07 15:58:57.959,2021-05-07 15:58:59.939,0.021,2,2,0.6887502,0.0010121331,0.29189536,0.6887502,0.018342314
512,125,standing,2021-05-07 15:58:58.959,2021-05-07 15:59:00.940,0.021,2,2,0.6958794,0.0010032983,0.29022408,0.6958794,0.012893164
512,125,standing,2021-05-07 15:58:59.959,2021-05-07 15:59:01.940,0.021,2,2,0.7039141,0.0009879789,0.28464413,0.7039141,0.010453743
512,125,standing,2021-05-07 15:59:00.960,2021-05-07 15:59:02.940,0.021,2,2,0.7081346,0.0009689409,0.28246063,0.7081346,0.008435793
512,125,standing,2021-05-07 15:59:01.960,2021-05-07 15:59:03.940,0.021,2,2,0.71108925,0.00097531005,0.27977145,0.71108925,0.008163933
512,125,standing,2021-05-07 15:59:02.960,2021-05-07 15:59:04.940,0.021,2,2,0.7128942,0.0009771602,0.27749303,0.7128942,0.008635584
512,125,standing,2021-05-07 15:59:03.960,2021-05-07 15:59:05.940,0.021,2,2,0.7133875,0.0009999293,0.2736221,0.7133875,0.011990452
512,127,standing,2021-05-07 15:59:07.000,2021-05-07 15:59:08.979,0.021,2,2,0.7118578,0.0010290494,0.2728429,0.7118578,0.014270235
512,127,standing,2021-05-07 15:59:08.000,2021-05-07 15:59:09.979,0.021,2,2,0.70225996,0.0010136358,0.27718595,0.70225996,0.0195404
512,127,standing,2021-05-07 15:59:09.000,2021-05-07 15:59:10.979,0.021,2,2,0.6970634,0.0010221944,0.28343663,0.6970634,0.018477766
512,127,standing,2021-05-07 15:59:10.000,2021-05-07 15:59:11.979,0.021,2,2,0.7028233,0.0009924188,0.2839391,0.7028233,0.012245239
512,127,standing,2021-05-07 15:59:11.000,2021-05-07 15:59:12.979,0.021,2,2,0.70373553,0.0009799239,0.2849309,0.70373553,0.010353648
512,127,standing,2021-05-07 15:59:12.000,2021-05-07 15:59:13.979,0.021,2,2,0.7053614,0.0009710858,0.27896106,0.7053614,0.014706413
512,127,standing,2021-05-07 15:59:13.000,2021-05-07 15:59:14.979,0.021,2,2,0.6981751,0.00097136,0.28639036,0.6981751,0.014463171
512,127,standing,2021-05-07 15:59:14.000,2021-05-07 15:59:15.979,0.021,2,2,0.6800468,0.0009564471,0.30787396,0.6800468,0.011122754
512,127,standing,2021-05-07 15:59:15.000,2021-05-07 15:59:16.979,0.021,2,2,0.6736342,0.000964704,0.31487337,0.6736342,0.010527672
512,127,standing,2021-05-07 15:59:16.000,2021-05-07 15:59:17.979,0.021,2,2,0.68428695,0.001010476,0.3041873,0.68428695,0.010515263
512,127,standing,2021-05-07 15:59:17.000,2021-05-07 15:59:18.979,0.021,2,2,0.6973989,0.0009841913,0.29194576,0.6973989,0.009671133
512,127,standing,2021-05-07 15:59:18.000,2021-05-07 15:59:19.979,0.021,2,2,0.69758403,0.0010432338,0.28782406,0.69758403,0.013548675
512,127,standing,2021-05-07 15:59:19.000,2021-05-07 15:59:20.979,0.021,2,2,0.6999863,0.0009977709,0.2837414,0.6999863,0.015274583
512,127,standing,2021-05-07 15:59:20.000,2021-05-07 15:59:21.979,0.021,2,2,0.6988203,0.00096381013,0.28718564,0.6988203,0.013030272
512,127,standing,2021-05-07 15:59:21.000,2021-05-07 15:59:22.979,0.021,2,2,0.6972165,0.0009859615,0.28917313,0.6972165,0.012624346
512,127,standing,2021-05-07 15:59:22.000,2021-05-07 15:59:23.979,0.021,2,2,0.69862646,0.0010017182,0.2861813,0.69862646,0.014190582
512,127,standing,2021-05-07 15:59:23.000,2021-05-07 15:59:24.979,0.021,2,2,0.67027336,0.0010300456,0.31528053,0.67027336,0.013416114
512,127,standing,2021-05-07 15:59:24.000,2021-05-07 15:59:25.979,0.021,2,2,0.6864318,0.0010284572,0.297677,0.6864318,0.014862815
512,129,standing,2021-05-07 15:59:29.440,2021-05-07 15:59:31.420,0.021,2,2,0.5944108,0.0011518316,0.32966936,0.5944108,0.07476804
512,129,standing,2021-05-07 15:59:30.440,2021-05-07 15:59:32.419,0.021,2,2,0.5965422,0.0011155817,0.32835495,0.5965422,0.073987216
512,129,standing,2021-05-07 15:59:31.440,2021-05-07 15:59:33.419,0.021,2,2,0.6732096,0.0010311148,0.30087194,0.6732096,0.024887325
512,129,standing,2021-05-07 15:59:32.439,2021-05-07 15:59:34.419,0.021,2,2,0.6708373,0.0010108713,0.3123754,0.6708373,0.015776506
512,129,standing,2021-05-07 15:59:33.439,2021-05-07 15:59:35.419,0.021,2,2,0.6458171,0.0011082946,0.32185742,0.6458171,0.03121725
512,129,standing,2021-05-07 15:59:34.439,2021-05-07 15:59:36.419,0.021,2,2,0.6244405,0.001150071,0.32645413,0.6244405,0.047955286
512,129,standing,2021-05-07 15:59:35.439,2021-05-07 15:59:37.419,0.021,2,2,0.5918104,0.0012342223,0.311934,0.5918104,0.09502145
512,129,standing,2021-05-07 15:59:36.439,2021-05-07 15:59:38.419,0.021,2,2,0.60710543,0.0012233336,0.30576444,0.60710543,0.08590676
512,129,standing,2021-05-07 15:59:37.439,2021-05-07 15:59:39.419,0.021,2,2,0.6715541,0.0010377142,0.28023258,0.6715541,0.04717557
512,130,walking,2021-05-07 15:59:40.000,2021-05-07 15:59:41.979,0.021,3,3,0.62863153,0.00086318544,0.14336574,0.22713956,0.62863153
512,133,walking,2021-05-07 15:59:43.720,2021-05-07 15:59:45.700,0.021,3,3,0.76085764,0.00064514636,0.07297775,0.1655194,0.76085764
512,133,walking,2021-05-07 15:59:44.720,2021-05-07 15:59:46.700,0.021,3,3,0.5843415,0.0008726501,0.12915643,0.2856294,0.5843415
512,133,walking,2021-05-07 15:59:45.720,2021-05-07 15:59:47.700,0.021,3,3,0.81974417,0.00044162283,0.060114685,0.11969943,0.81974417
512,133,walking,2021-05-07 15:59:46.720,2021-05-07 15:59:48.700,0.021,3,3,0.9775817,8.61445e-05,0.0066601313,0.015671996,0.9775817
512,133,walking,2021-05-07 15:59:47.720,2021-05-07 15:59:49.700,0.021,3,3,0.9617387,0.00012303675,0.011402357,0.026735818,0.9617387
512,138,walking,2021-05-07 15:59:53.720,2021-05-07 15:59:55.700,0.021,3,3,0.9678325,0.00012586096,0.012574608,0.019466976,0.9678325
512,138,walking,2021-05-07 15:59:54.720,2021-05-07 15:59:56.700,0.021,3,3,0.9930812,3.584757e-05,0.0023576363,0.004525395,0.9930812
512,144,standing,2021-05-07 16:00:02.599,2021-05-07 16:00:04.579,0.021,2,2,0.78132755,0.0012480257,0.19546863,0.78132755,0.021955723
512,145,walking,2021-05-07 16:00:05.000,2021-05-07 16:00:06.980,0.021,3,3,0.9981754,1.1447252e-05,0.0007239597,0.0010891916,0.9981754
512,145,walking,2021-05-07 16:00:06.000,2021-05-07 16:00:07.980,0.021,3,3,0.999664,2.5474317e-06,0.0001528266,0.00018057246,0.999664
512,145,walking,2021-05-07 16:00:07.000,2021-05-07 16:00:08.979,0.021,3,3,0.9998905,8.173882e-07,5.038824e-05,5.8260604e-05,0.9998905
512,145,walking,2021-05-07 16:00:08.000,2021-05-07 16:00:09.979,0.021,3,3,0.99998385,9.600772e-08,8.930106e-06,7.0967812e-06,0.99998385
512,146,standing,2021-05-07 16:01:03.319,2021-05-07 16:01:05.300,0.021,2,3,0.9791031,8.6016815e-05,0.007069632,0.013741176,0.9791031
512,148,standing,2021-05-07 16:01:06.159,2021-05-07 16:01:08.140,0.021,2,2,0.61612135,0.0011427464,0.27031648,0.61612135,0.11241947
512,148,standing,2021-05-07 16:01:07.159,2021-05-07 16:01:09.140,0.021,2,2,0.61328375,0.0011513769,0.30909324,0.61328375,0.07647168
512,148,standing,2021-05-07 16:01:08.159,2021-05-07 16:01:10.140,0.021,2,2,0.6277678,0.0010050886,0.33761102,0.6277678,0.033616092
512,149,standing,2021-05-07 16:01:21.000,2021-05-07 16:01:22.979,0.021,2,2,0.6671824,0.0010216446,0.26426595,0.6671824,0.06752998
512,149,standing,2021-05-07 16:01:22.000,2021-05-07 16:01:23.979,0.021,2,2,0.47673166,0.0011916865,0.40663698,0.47673166,0.11543962
512,149,standing,2021-05-07 16:01:23.000,2021-05-07 16:01:24.979,0.021,2,3,0.8669007,0.00033905203,0.074786834,0.057973392,0.8669007
512,149,standing,2021-05-07 16:01:24.000,2021-05-07 16:01:25.979,0.021,2,3,0.9252361,0.00017925788,0.048988413,0.025596207,0.9252361
512,149,standing,2021-05-07 16:01:25.000,2021-05-07 16:01:26.979,0.021,2,3,0.89974606,0.00018066548,0.076464556,0.023608657,0.89974606
512,149,standing,2021-05-07 16:01:26.000,2021-05-07 16:01:27.979,0.021,2,3,0.9722622,6.24875e-05,0.024130248,0.0035449874,0.9722622
512,149,standing,2021-05-07 16:01:27.000,2021-05-07 16:01:28.979,0.021,2,3,0.9999979,8.6723695e-09,1.5976551e-06,4.6742937e-07,0.9999979
512,149,standing,2021-05-07 16:01:28.000,2021-05-07 16:01:29.979,0.021,2,3,0.999602,3.1231946e-06,0.00018772106,0.0002071095,0.999602
512,149,standing,2021-05-07 16:01:29.000,2021-05-07 16:01:30.979,0.021,2,3,0.55295986,0.00096123695,0.08901718,0.3570617,0.55295986
512,149,standing,2021-05-07 16:01:30.000,2021-05-07 16:01:31.979,0.021,2,2,0.61564004,0.0014891962,0.12689278,0.61564004,0.25597793
512,149,standing,2021-05-07 16:01:31.000,2021-05-07 16:01:32.979,0.021,2,2,0.47554854,0.0012311045,0.12013251,0.47554854,0.40308774
512,149,standing,2021-05-07 16:01:32.000,2021-05-07 16:01:33.979,0.021,2,2,0.5983566,0.0011547762,0.18416077,0.5983566,0.21632788
512,149,standing,2021-05-07 16:01:33.000,2021-05-07 16:01:34.979,0.021,2,2,0.71947753,0.0010545264,0.22450766,0.71947753,0.054960325
512,149,standing,2021-05-07 16:01:34.000,2021-05-07 16:01:35.979,0.021,2,2,0.6741765,0.0011258419,0.23569511,0.6741765,0.0890025
512,149,standing,2021-05-07 16:01:35.000,2021-05-07 16:01:36.979,0.021,2,2,0.5744138,0.0011250074,0.22343944,0.5744138,0.20102167
512,149,standing,2021-05-07 16:01:36.000,2021-05-07 16:01:37.979,0.021,2,2,0.663677,0.0010339182,0.236288,0.663677,0.099001005
512,149,standing,2021-05-07 16:01:37.000,2021-05-07 16:01:38.979,0.021,2,2,0.5618319,0.0011088771,0.20882033,0.5618319,0.22823891
512,149,standing,2021-05-07 16:01:38.000,2021-05-07 16:01:39.979,0.021,2,2,0.57556236,0.0011244175,0.20651674,0.57556236,0.21679649
512,149,standing,2021-05-07 16:01:39.000,2021-05-07 16:01:40.979,0.021,2,2,0.4103016,0.0010788888,0.18015993,0.4103016,0.40845957
512,149,standing,2021-05-07 16:01:40.000,2021-05-07 16:01:41.979,0.021,2,3,0.66522354,0.0007894385,0.10703514,0.22695175,0.66522354
512,149,standing,2021-05-07 16:01:41.000,2021-05-07 16:01:42.979,0.021,2,2,0.68941915,0.0010895656,0.23284611,0.68941915,0.07664518
512,149,standing,2021-05-07 16:01:42.000,2021-05-07 16:01:43.979,0.021,2,2,0.7370515,0.000912233,0.24799068,0.7370515,0.01404561
512,149,standing,2021-05-07 16:01:43.000,2021-05-07 16:01:44.979,0.021,2,2,0.73941445,0.00091770914,0.24054733,0.73941445,0.019120643
512,149,standing,2021-05-07 16:01:44.000,2021-05-07 16:01:45.979,0.021,2,2,0.734774,0.0009206164,0.24115652,0.734774,0.023148851
512,149,standing,2021-05-07 16:01:45.000,2021-05-07 16:01:46.979,0.021,2,2,0.729691,0.0008719139,0.25191164,0.729691,0.017525423
512,149,standing,2021-05-07 16:01:46.000,2021-05-07 16:01:47.979,0.021,2,2,0.7254805,0.00084459595,0.25782225,0.7254805,0.015852615
512,149,standing,2021-05-07 16:01:47.000,2021-05-07 16:01:48.979,0.021,2,2,0.71624637,0.000881728,0.26295325,0.71624637,0.019918712
512,149,standing,2021-05-07 16:01:48.000,2021-05-07 16:01:49.979,0.021,2,2,0.7141873,0.0008943707,0.26028597,0.7141873,0.024632348
512,149,standing,2021-05-07 16:01:49.000,2021-05-07 16:01:50.979,0.021,2,2,0.6530668,0.0010464375,0.26903835,0.6530668,0.076848306
512,149,standing,2021-05-07 16:01:50.000,2021-05-07 16:01:51.979,0.021,2,2,0.62231874,0.0011195035,0.2624113,0.62231874,0.114150405
512,149,standing,2021-05-07 16:01:51.000,2021-05-07 16:01:52.979,0.021,2,2,0.67164385,0.0010403829,0.27074337,0.67164385,0.056572527
512,149,standing,2021-05-07 16:01:52.000,2021-05-07 16:01:53.979,0.021,2,2,0.6627985,0.0010521209,0.2668735,0.6627985,0.0692759
512,149,standing,2021-05-07 16:01:53.000,2021-05-07 16:01:54.979,0.021,2,2,0.61529005,0.0011575784,0.2982022,0.61529005,0.085350186
512,151,standing,2021-05-07 16:01:57.959,2021-05-07 16:01:59.939,0.021,2,2,0.7175006,0.0009570908,0.255472,0.7175006,0.026070187
512,151,standing,2021-05-07 16:01:58.959,2021-05-07 16:02:00.940,0.021,2,2,0.6870388,0.0008648397,0.29851133,0.6870388,0.013585062
512,151,standing,2021-05-07 16:01:59.959,2021-05-07 16:02:01.940,0.021,2,2,0.6423359,0.000856311,0.3426851,0.6423359,0.014122703
512,151,standing,2021-05-07 16:02:00.960,2021-05-07 16:02:02.940,0.021,2,2,0.6372452,0.0008595453,0.3505217,0.6372452,0.011373668
512,151,standing,2021-05-07 16:02:01.960,2021-05-07 16:02:03.940,0.021,2,2,0.6404244,0.0009564867,0.33100677,0.6404244,0.027612401
512,151,standing,2021-05-07 16:02:02.960,2021-05-07 16:02:04.940,0.021,2,2,0.62643564,0.0009766629,0.3357032,0.62643564,0.036884498
512,151,standing,2021-05-07 16:02:03.960,2021-05-07 16:02:05.940,0.021,2,2,0.6462601,0.00090886303,0.32569337,0.6462601,0.027137572
512,151,standing,2021-05-07 16:02:04.960,2021-05-07 16:02:06.940,0.021,2,2,0.6311067,0.0010760167,0.26730388,0.6311067,0.100513354
512,151,standing,2021-05-07 16:02:05.960,2021-05-07 16:02:07.940,0.021,2,2,0.6209401,0.0011217964,0.22939137,0.6209401,0.14854676
512,151,standing,2021-05-07 16:02:06.960,2021-05-07 16:02:08.940,0.021,2,2,0.7038235,0.00090831047,0.26306835,0.7038235,0.03219974
512,151,standing,2021-05-07 16:02:07.960,2021-05-07 16:02:09.940,0.021,2,2,0.67118245,0.00084445014,0.31242153,0.67118245,0.015551413
512,151,standing,2021-05-07 16:02:08.960,2021-05-07 16:02:10.940,0.021,2,2,0.65473354,0.0008780218,0.32709226,0.65473354,0.017296202
512,151,standing,2021-05-07 16:02:09.960,2021-05-07 16:02:11.940,0.021,2,2,0.6565001,0.0008564172,0.32641026,0.6565001,0.016233291
512,151,standing,2021-05-07 16:02:10.960,2021-05-07 16:02:12.940,0.021,2,2,0.6620007,0.0008218356,0.32525316,0.6620007,0.011924276
512,151,standing,2021-05-07 16:02:11.960,2021-05-07 16:02:13.940,0.021,2,2,0.6870379,0.0008189564,0.29903567,0.6870379,0.013107555
512,151,standing,2021-05-07 16:02:12.960,2021-05-07 16:02:14.940,0.021,2,2,0.6994249,0.0008511107,0.283522,0.6994249,0.016201923
512,151,standing,2021-05-07 16:02:13.960,2021-05-07 16:02:15.940,0.021,2,2,0.60651314,0.0010910844,0.27815682,0.60651314,0.11423901
512,152,walking,2021-05-07 16:02:16.159,2021-05-07 16:02:18.139,0.021,3,3,0.92423785,0.00033024038,0.03433974,0.041092172,0.92423785
512,152,walking,2021-05-07 16:02:17.159,2021-05-07 16:02:19.139,0.021,3,3,0.91752136,0.0003220666,0.034015134,0.0481414,0.91752136
512,156,standing,2021-05-07 16:02:23.280,2021-05-07 16:02:25.260,0.021,2,2,0.64821374,0.0010320852,0.30704165,0.64821374,0.043712478
512,157,walking,2021-05-07 16:02:26.119,2021-05-07 16:02:28.100,0.021,3,3,0.9830597,0.00013573132,0.0060274,0.010777104,0.9830597
512,157,walking,2021-05-07 16:02:27.119,2021-05-07 16:02:29.100,0.021,3,3,0.99268275,8.994299e-05,0.002177994,0.0050492627,0.99268275
512,160,walking,2021-05-07 16:02:32.159,2021-05-07 16:02:34.139,0.021,3,3,0.994289,4.7230635e-05,0.0035882925,0.0020754987,0.994289
512,165,standing,2021-05-07 16:02:40.840,2021-05-07 16:02:42.819,0.021,2,2,0.70226187,0.0010611743,0.26836494,0.70226187,0.028312074
512,165,standing,2021-05-07 16:02:41.840,2021-05-07 16:02:43.819,0.021,2,2,0.68154335,0.0010306614,0.29421607,0.68154335,0.023209877
512,165,standing,2021-05-07 16:02:42.840,2021-05-07 16:02:44.819,0.021,2,2,0.70392317,0.0010419986,0.2769715,0.70392317,0.018063283
512,165,standing,2021-05-07 16:02:43.840,2021-05-07 16:02:45.819,0.021,2,2,0.710141,0.0010944923,0.26442802,0.710141,0.024336511
512,165,standing,2021-05-07 16:02:44.840,2021-05-07 16:02:46.819,0.021,2,2,0.70809805,0.0010910459,0.2554168,0.70809805,0.035393964
512,165,standing,2021-05-07 16:02:45.840,2021-05-07 16:02:47.819,0.021,2,2,0.6715793,0.0010745074,0.27949294,0.6715793,0.047853217
512,166,walking,2021-05-07 16:02:48.680,2021-05-07 16:02:50.659,0.021,3,3,0.99568784,2.7444341e-05,0.0017197626,0.0025648533,0.99568784
512,166,walking,2021-05-07 16:02:49.680,2021-05-07 16:02:51.659,0.021,3,3,0.999978,1.052921e-07,1.1158395e-05,1.0630978e-05,0.999978
512,166,walking,2021-05-07 16:02:50.680,2021-05-07 16:02:52.659,0.021,3,3,0.9999973,8.495756e-09,1.3345883e-06,1.2593234e-06,0.9999973
512,166,walking,2021-05-07 16:02:51.680,2021-05-07 16:02:53.659,0.021,3,3,0.9999477,3.9004505e-07,2.8148093e-05,2.3668466e-05,0.9999477
512,166,walking,2021-05-07 16:02:52.680,2021-05-07 16:02:54.659,0.021,3,3,0.99994975,2.714333e-07,2.6163625e-05,2.3771121e-05,0.99994975
512,166,walking,2021-05-07 16:02:53.680,2021-05-07 16:02:55.659,0.021,3,3,0.99987906,8.429409e-07,5.6823796e-05,6.317137e-05,0.99987906
512,166,walking,2021-05-07 16:02:54.680,2021-05-07 16:02:56.659,0.021,3,3,0.9999606,3.221575e-07,2.4007246e-05,1.4949232e-05,0.9999606
512,166,walking,2021-05-07 16:02:55.680,2021-05-07 16:02:57.659,0.021,3,3,0.9999655,2.1709185e-07,1.9362156e-05,1.4850209e-05,0.9999655
512,166,walking,2021-05-07 16:02:56.680,2021-05-07 16:02:58.659,0.021,3,3,0.9987303,1.0101439e-05,0.0005583296,0.0007012622,0.9987303
512,166,walking,2021-05-07 16:02:57.680,2021-05-07 16:02:59.659,0.021,3,3,0.9997945,1.0503236e-06,9.4727715e-05,0.000109855995,0.9997945
512,166,walking,2021-05-07 16:02:58.680,2021-05-07 16:03:00.660,0.021,3,3,0.9998119,1.5829544e-06,9.843403e-05,8.8089226e-05,0.9998119
512,166,walking,2021-05-07 16:02:59.680,2021-05-07 16:03:01.660,0.021,3,3,0.99998254,1.0215511e-07,1.0186395e-05,7.088635e-06,0.99998254
512,166,walking,2021-05-07 16:03:00.680,2021-05-07 16:03:02.660,0.021,3,3,0.99996513,1.9380268e-07,1.802413e-05,1.6560945e-05,0.99996513
512,166,walking,2021-05-07 16:03:01.680,2021-05-07 16:03:03.660,0.021,3,3,0.99983263,1.241384e-06,8.9684174e-05,7.6387536e-05,0.99983263
512,166,walking,2021-05-07 16:03:02.680,2021-05-07 16:03:04.659,0.021,3,3,0.99993426,4.0981595e-07,3.4576315e-05,3.0714356e-05,0.99993426
512,166,walking,2021-05-07 16:03:03.680,2021-05-07 16:03:05.659,0.021,3,3,0.9968017,1.9660485e-05,0.0013235311,0.0018550765,0.9968017
512,166,walking,2021-05-07 16:03:04.680,2021-05-07 16:03:06.659,0.021,3,3,0.9999803,1.0737539e-07,1.1081684e-05,8.503188e-06,0.9999803
512,166,walking,2021-05-07 16:03:05.680,2021-05-07 16:03:07.659,0.021,3,3,0.9997618,1.8954328e-06,0.00012294324,0.00011336177,0.9997618
512,166,walking,2021-05-07 16:03:06.680,2021-05-07 16:03:08.659,0.021,3,3,0.9997871,1.5197419e-06,9.674017e-05,0.00011454866,0.9997871
512,166,walking,2021-05-07 16:03:07.680,2021-05-07 16:03:09.659,0.021,3,3,0.9999545,2.0706565e-07,2.0148735e-05,2.5017916e-05,0.9999545
512,166,walking,2021-05-07 16:03:08.680,2021-05-07 16:03:10.659,0.021,3,3,0.99887514,7.223774e-06,0.00047158235,0.00064595725,0.99887514
512,166,walking,2021-05-07 16:03:09.680,2021-05-07 16:03:11.659,0.021,3,3,0.9996771,2.0375564e-06,0.00012824484,0.0001926915,0.9996771
512,166,walking,2021-05-07 16:03:10.680,2021-05-07 16:03:12.659,0.021,3,3,0.9999829,7.415018e-08,7.934674e-06,9.005443e-06,0.9999829
512,166,walking,2021-05-07 16:03:11.680,2021-05-07 16:03:13.659,0.021,3,3,0.99979734,1.3324534e-06,9.3739356e-05,0.00010764461,0.99979734
512,166,walking,2021-05-07 16:03:12.680,2021-05-07 16:03:14.659,0.021,3,3,0.99649626,1.7614399e-05,0.0013619591,0.002124135,0.99649626
512,166,walking,2021-05-07 16:03:13.680,2021-05-07 16:03:15.659,0.021,3,3,0.999095,5.0771478e-06,0.000437828,0.00046196821,0.999095
512,166,walking,2021-05-07 16:03:14.680,2021-05-07 16:03:16.659,0.021,3,3,0.99919933,5.124408e-06,0.0004119736,0.0003836374,0.99919933
512,166,walking,2021-05-07 16:03:15.680,2021-05-07 16:03:17.659,0.021,3,3,0.998969,7.0657256e-06,0.00046906408,0.0005549036,0.998969
512,166,walking,2021-05-07 16:03:16.680,2021-05-07 16:03:18.659,0.021,3,3,0.9998331,1.2803324e-06,8.8642235e-05,7.70894e-05,0.9998331
512,166,walking,2021-05-07 16:03:17.680,2021-05-07 16:03:19.659,0.021,3,3,0.99999624,1.7692312e-08,2.2994789e-06,1.4014951e-06,0.99999624
512,166,walking,2021-05-07 16:03:18.680,2021-05-07 16:03:20.659,0.021,3,3,0.9994728,4.8325237e-06,0.00025717577,0.00026508217,0.9994728
512,166,walking,2021-05-07 16:03:19.680,2021-05-07 16:03:21.659,0.021,3,3,0.9999209,5.593177e-07,4.2461954e-05,3.5997145e-05,0.9999209
512,166,walking,2021-05-07 16:03:20.680,2021-05-07 16:03:22.659,0.021,3,3,0.9999408,4.3404816e-07,3.1158608e-05,2.7525657e-05,0.9999408
512,166,walking,2021-05-07 16:03:21.680,2021-05-07 16:03:23.659,0.021,3,3,0.9996616,2.4181002e-06,0.00014108395,0.00019479205,0.9996616
512,166,walking,2021-05-07 16:03:22.680,2021-05-07 16:03:24.659,0.021,3,3,0.99993366,3.373294e-07,3.0640174e-05,3.5326542e-05,0.99993366
512,166,walking,2021-05-07 16:03:23.680,2021-05-07 16:03:25.659,0.021,3,3,0.9998152,1.304277e-06,8.932045e-05,9.412462e-05,0.9998152
512,166,walking,2021-05-07 16:03:24.680,2021-05-07 16:03:26.659,0.021,3,3,0.9968137,2.2713633e-05,0.0012774208,0.0018861248,0.9968137
512,167,standing,2021-05-07 16:03:27.440,2021-05-07 16:03:29.420,0.021,2,2,0.6667673,0.0012339513,0.2519544,0.6667673,0.08004434
512,169,standing,2021-05-07 16:03:30.319,2021-05-07 16:03:32.299,0.021,2,2,0.6308023,0.0012314754,0.19748887,0.6308023,0.1704774
512,169,standing,2021-05-07 16:03:31.319,2021-05-07 16:03:33.299,0.021,2,2,0.6817085,0.0012313875,0.21033348,0.6817085,0.10672663
512,173,walking,2021-05-07 16:03:38.360,2021-05-07 16:03:40.340,0.021,3,3,0.99206233,3.0516327e-05,0.0029426145,0.004964611,0.99206233
512,173,walking,2021-05-07 16:03:39.360,2021-05-07 16:03:41.340,0.021,3,3,0.9942911,3.8231836e-05,0.0022131903,0.003457345,0.9942911
512,173,walking,2021-05-07 16:03:40.360,2021-05-07 16:03:42.340,0.021,3,3,0.9994386,4.168125e-06,0.0002826744,0.0002745196,0.9994386
512,173,walking,2021-05-07 16:03:41.360,2021-05-07 16:03:43.340,0.021,3,3,0.9998698,8.3001345e-07,6.4118845e-05,6.531915e-05,0.9998698
512,173,walking,2021-05-07 16:03:42.360,2021-05-07 16:03:44.340,0.021,3,3,0.997723,1.5259278e-05,0.00092650106,0.0013351268,0.997723
512,173,walking,2021-05-07 16:03:43.360,2021-05-07 16:03:45.340,0.021,3,3,0.99994177,3.1330563e-07,2.9198898e-05,2.8668843e-05,0.99994177
512,173,walking,2021-05-07 16:03:44.360,2021-05-07 16:03:46.340,0.021,3,3,0.99998385,8.040157e-08,8.566559e-06,7.4008112e-06,0.99998385
512,173,walking,2021-05-07 16:03:45.360,2021-05-07 16:03:47.340,0.021,3,3,0.99950975,3.143566e-06,0.00020729429,0.0002797471,0.99950975
512,173,walking,2021-05-07 16:03:46.360,2021-05-07 16:03:48.340,0.021,3,3,0.99993044,2.664926e-07,2.9692366e-05,3.9534905e-05,0.99993044
512,173,walking,2021-05-07 16:03:47.360,2021-05-07 16:03:49.340,0.021,3,3,0.99984837,9.2881993e-07,7.222574e-05,7.848505e-05,0.99984837
512,173,walking,2021-05-07 16:03:48.360,2021-05-07 16:03:50.340,0.021,3,3,0.9984077,8.135895e-06,0.00066588254,0.0009182307,0.9984077
512,173,walking,2021-05-07 16:03:49.360,2021-05-07 16:03:51.340,0.021,3,3,0.9993845,3.0693943e-06,0.0002642652,0.0003481267,0.9993845
512,173,walking,2021-05-07 16:03:50.360,2021-05-07 16:03:52.340,0.021,3,3,0.9975121,2.1946813e-05,0.0011675829,0.0012983553,0.9975121
512,173,walking,2021-05-07 16:03:51.360,2021-05-07 16:03:53.340,0.021,3,3,0.999919,5.6343305e-07,4.235288e-05,3.8007587e-05,0.999919
512,173,walking,2021-05-07 16:03:52.360,2021-05-07 16:03:54.340,0.021,3,3,0.9999829,9.276989e-08,9.469891e-06,7.487164e-06,0.9999829
512,173,walking,2021-05-07 16:03:53.360,2021-05-07 16:03:55.340,0.021,3,3,0.9998648,1.004522e-06,7.36878e-05,6.0539114e-05,0.9998648
512,173,walking,2021-05-07 16:03:54.360,2021-05-07 16:03:56.340,0.021,3,3,0.9998677,7.998009e-07,6.347961e-05,6.801774e-05,0.9998677
512,175,walking,2021-05-07 16:03:58.040,2021-05-07 16:04:00.019,0.021,3,3,0.99901557,7.3468404e-06,0.00042780692,0.0005492919,0.99901557
512,175,walking,2021-05-07 16:03:59.040,2021-05-07 16:04:01.019,0.021,3,3,0.9992572,4.8845277e-06,0.00030462936,0.0004332802,0.9992572
512,175,walking,2021-05-07 16:04:00.039,2021-05-07 16:04:02.019,0.021,3,3,0.99992114,4.553844e-07,3.38013e-05,4.455543e-05,0.99992114
512,175,walking,2021-05-07 16:04:01.039,2021-05-07 16:04:03.019,0.021,3,3,0.9999463,4.524582e-07,2.9096958e-05,2.4136652e-05,0.9999463
512,175,walking,2021-05-07 16:04:02.039,2021-05-07 16:04:04.019,0.021,3,3,0.99997395,1.179519e-07,1.2280215e-05,1.3607472e-05,0.99997395
512,175,walking,2021-05-07 16:04:03.039,2021-05-07 16:04:05.019,0.021,3,3,0.9999406,3.2856286e-07,2.7232898e-05,3.1810923e-05,0.9999406
512,175,walking,2021-05-07 16:04:04.039,2021-05-07 16:04:06.019,0.021,3,3,0.99988645,1.0785438e-06,7.020026e-05,4.2187232e-05,0.99988645
512,175,walking,2021-05-07 16:04:05.039,2021-05-07 16:04:07.019,0.021,3,3,0.999898,6.645991e-07,5.6835277e-05,4.446479e-05,0.999898
512,175,walking,2021-05-07 16:04:06.039,2021-05-07 16:04:08.020,0.021,3,3,0.99024725,4.6322362e-05,0.0039309138,0.0057755653,0.99024725
512,175,walking,2021-05-07 16:04:07.039,2021-05-07 16:04:09.020,0.021,3,3,0.9979047,9.83589e-06,0.0010977648,0.0009877975,0.9979047
512,175,walking,2021-05-07 16:04:08.039,2021-05-07 16:04:10.020,0.021,3,3,0.9982144,1.0651844e-05,0.0008046724,0.000970188,0.9982144
512,175,walking,2021-05-07 16:04:09.039,2021-05-07 16:04:11.020,0.021,3,3,0.9824549,7.627426e-05,0.006524251,0.01094457,0.9824549
512,175,walking,2021-05-07 16:04:10.039,2021-05-07 16:04:12.020,0.021,3,3,0.9878867,5.027945e-05,0.0042883363,0.007774588,0.9878867
512,175,walking,2021-05-07 16:04:11.039,2021-05-07 16:04:13.020,0.021,3,3,0.99536395,2.5424428e-05,0.001630123,0.0029804613,0.99536395
512,176,standing,2021-05-07 16:04:13.880,2021-05-07 16:04:15.859,0.021,2,2,0.71101093,0.0010164554,0.24334832,0.71101093,0.04462431
512,176,standing,2021-05-07 16:04:14.880,2021-05-07 16:04:16.860,0.021,2,2,0.7295654,0.00094430736,0.24607266,0.7295654,0.023417592
512,176,standing,2021-05-07 16:04:15.880,2021-05-07 16:04:17.860,0.021,2,2,0.7352844,0.00094049005,0.24344529,0.7352844,0.020329712
512,176,standing,2021-05-07 16:04:16.880,2021-05-07 16:04:18.860,0.021,2,2,0.7212121,0.00092860195,0.25434864,0.7212121,0.023510639
512,177,walking,2021-05-07 16:04:19.360,2021-05-07 16:04:21.340,0.021,3,3,0.9991068,6.1564538e-06,0.0003772519,0.00050973566,0.9991068
512,179,walking,2021-05-07 16:04:22.479,2021-05-07 16:04:24.459,0.021,3,3,0.9984533,1.0339235e-05,0.0007256009,0.00081062934,0.9984533
512,179,walking,2021-05-07 16:04:23.479,2021-05-07 16:04:25.459,0.021,3,3,0.9999806,1.320466e-07,1.0941119e-05,8.259475e-06,0.9999806
512,179,walking,2021-05-07 16:04:24.479,2021-05-07 16:04:26.459,0.021,3,3,0.9996361,2.8805732e-06,0.0001738465,0.00018704624,0.9996361
512,179,walking,2021-05-07 16:04:25.479,2021-05-07 16:04:27.459,0.021,3,3,0.7401675,0.00069574185,0.09816746,0.16096933,0.7401675
512,183,walking,2021-05-07 16:04:30.959,2021-05-07 16:04:32.939,0.021,3,3,0.9956876,2.0140456e-05,0.0015318333,0.0027603032,0.9956876
512,183,walking,2021-05-07 16:04:31.959,2021-05-07 16:04:33.939,0.021,3,3,0.9986293,8.88181e-06,0.0006516446,0.00071011327,0.9986293
512,183,walking,2021-05-07 16:04:32.959,2021-05-07 16:04:34.939,0.021,3,3,0.9995906,2.6161972e-06,0.00019300677,0.00021370973,0.9995906
512,185,walking,2021-05-07 16:04:36.599,2021-05-07 16:04:38.580,0.021,3,3,0.9828696,7.1538496e-05,0.006952103,0.010106818,0.9828696
512,185,walking,2021-05-07 16:04:37.599,2021-05-07 16:04:39.580,0.021,3,3,0.9868739,5.5791086e-05,0.0055230544,0.00754717,0.9868739
512,185,walking,2021-05-07 16:04:38.599,2021-05-07 16:04:40.580,0.021,3,3,0.9958526,2.4685589e-05,0.0018618944,0.0022608086,0.9958526
512,185,walking,2021-05-07 16:04:39.599,2021-05-07 16:04:41.580,0.021,3,3,0.99943495,5.0160293e-06,0.00026754837,0.0002925227,0.99943495
512,188,standing,2021-05-07 16:04:43.599,2021-05-07 16:04:45.580,0.021,2,2,0.7484146,0.0010024587,0.22258444,0.7484146,0.027998352
512,191,walking,2021-05-07 16:04:47.080,2021-05-07 16:04:49.060,0.021,3,3,0.9972994,1.3712297e-05,0.0011350437,0.0015519083,0.9972994
512,191,walking,2021-05-07 16:04:48.080,2021-05-07 16:04:50.060,0.021,3,3,0.9942681,2.518035e-05,0.0021870674,0.0035195665,0.9942681
512,191,walking,2021-05-07 16:04:49.080,2021-05-07 16:04:51.060,0.021,3,3,0.98579663,6.6534725e-05,0.0051443414,0.00899253,0.98579663
512,191,walking,2021-05-07 16:04:50.080,2021-05-07 16:04:52.060,0.021,3,3,0.9939651,3.237057e-05,0.0023126793,0.0036898262,0.9939651
512,191,walking,2021-05-07 16:04:51.080,2021-05-07 16:04:53.060,0.021,3,3,0.989108,4.7638485e-05,0.0041479263,0.0066964794,0.989108
512,191,walking,2021-05-07 16:04:52.080,2021-05-07 16:04:54.060,0.021,3,3,0.9961844,1.5981124e-05,0.001603624,0.0021959615,0.9961844
512,191,walking,2021-05-07 16:04:53.080,2021-05-07 16:04:55.060,0.021,3,3,0.9957004,1.9455518e-05,0.0018665608,0.002413499,0.9957004
512,191,walking,2021-05-07 16:04:54.080,2021-05-07 16:04:56.060,0.021,3,3,0.99816394,1.1437159e-05,0.0007851227,0.0010394343,0.99816394
512,191,walking,2021-05-07 16:04:55.080,2021-05-07 16:04:57.060,0.021,3,3,0.99846023,8.581622e-06,0.0006528336,0.00087829685,0.99846023
512,191,walking,2021-05-07 16:04:56.080,2021-05-07 16:04:58.060,0.021,3,3,0.9869717,5.1586503e-05,0.0046707042,0.008305987,0.9869717
512,191,walking,2021-05-07 16:04:57.080,2021-05-07 16:04:59.060,0.021,3,3,0.98776555,6.2100655e-05,0.004652231,0.007520069,0.98776555
512,191,walking,2021-05-07 16:04:58.080,2021-05-07 16:05:00.059,0.021,3,3,0.9675136,0.00012526741,0.013107503,0.01925359,0.9675136
512,191,walking,2021-05-07 16:04:59.080,2021-05-07 16:05:01.059,0.021,3,3,0.96914077,0.00011357719,0.012694727,0.01805092,0.96914077
512,193,standing,2021-05-07 16:05:03.200,2021-05-07 16:05:05.180,0.021,2,2,0.70754063,0.0011797056,0.25463313,0.70754063,0.03664663
512,195,walking,2021-05-07 16:05:06.440,2021-05-07 16:05:08.420,0.021,3,3,0.99771184,1.3811379e-05,0.0011136602,0.0011606615,0.99771184
512,195,walking,2021-05-07 16:05:07.440,2021-05-07 16:05:09.420,0.021,3,3,0.99874413,7.359323e-06,0.0005807987,0.0006676629,0.99874413
512,195,walking,2021-05-07 16:05:08.440,2021-05-07 16:05:10.420,0.021,3,3,0.99988514,8.9862164e-07,5.9642352e-05,5.425668e-05,0.99988514
512,195,walking,2021-05-07 16:05:09.440,2021-05-07 16:05:11.420,0.021,3,3,0.9996888,2.3911425e-06,0.00014749424,0.00016124414,0.9996888
512,195,walking,2021-05-07 16:05:10.440,2021-05-07 16:05:12.420,0.021,3,3,0.99907357,6.3859557e-06,0.0004324897,0.00048759076,0.99907357
512,195,walking,2021-05-07 16:05:11.440,2021-05-07 16:05:13.420,0.021,3,3,0.9998338,9.983415e-07,7.7727345e-05,8.74791e-05,0.9998338
512,195,walking,2021-05-07 16:05:12.440,2021-05-07 16:05:14.420,0.021,3,3,0.99993044,4.775228e-07,3.535828e-05,3.368821e-05,0.99993044
512,195,walking,2021-05-07 16:05:13.440,2021-05-07 16:05:15.420,0.021,3,3,0.9988117,8.497682e-06,0.00055361993,0.00062617904,0.9988117
512,195,walking,2021-05-07 16:05:14.440,2021-05-07 16:05:16.420,0.021,3,3,0.996549,1.7811233e-05,0.0014317961,0.0020013233,0.996549
512,195,walking,2021-05-07 16:05:15.440,2021-05-07 16:05:17.420,0.021,3,3,0.9986896,8.1214675e-06,0.00061034545,0.0006919835,0.9986896
512,195,walking,2021-05-07 16:05:16.440,2021-05-07 16:05:18.420,0.021,3,3,0.99962395,2.2598351e-06,0.00018226556,0.00019147611,0.99962395
512,195,walking,2021-05-07 16:05:17.440,2021-05-07 16:05:19.420,0.021,3,3,0.999738,1.899162e-06,0.00013066326,0.0001294432,0.999738
512,195,walking,2021-05-07 16:05:18.440,2021-05-07 16:05:20.420,0.021,3,3,0.997265,1.587732e-05,0.0012791788,0.0014399665,0.997265
512,195,walking,2021-05-07 16:05:19.440,2021-05-07 16:05:21.420,0.021,3,3,0.9967645,1.6614245e-05,0.0013698984,0.001848959,0.9967645
512,195,walking,2021-05-07 16:05:20.440,2021-05-07 16:05:22.420,0.021,3,3,0.9994347,3.1201205e-06,0.00026917164,0.0002929959,0.9994347
512,195,walking,2021-05-07 16:05:21.440,2021-05-07 16:05:23.420,0.021,3,3,0.99912214,5.0322374e-06,0.00042623148,0.00044652278,0.99912214
512,195,walking,2021-05-07 16:05:22.440,2021-05-07 16:05:24.420,0.021,3,3,0.9917863,3.66298e-05,0.003293499,0.0048835613,0.9917863
512,195,walking,2021-05-07 16:05:23.440,2021-05-07 16:05:25.420,0.021,3,3,0.9968232,1.941472e-05,0.0013857869,0.001771656,0.9968232
512,195,walking,2021-05-07 16:05:24.440,2021-05-07 16:05:26.420,0.021,3,3,0.99895805,7.2558933e-06,0.00046659683,0.0005679899,0.99895805
512,195,walking,2021-05-07 16:05:25.440,2021-05-07 16:05:27.420,0.021,3,3,0.9998553,7.443704e-07,6.570607e-05,7.83329e-05,0.9998553
512,195,walking,2021-05-07 16:05:26.440,2021-05-07 16:05:28.420,0.021,3,3,0.99960965,2.5735794e-06,0.00017793916,0.00020977198,0.99960965
512,195,walking,2021-05-07 16:05:27.440,2021-05-07 16:05:29.420,0.021,3,3,0.9949442,2.5730102e-05,0.001901142,0.003128828,0.9949442
512,195,walking,2021-05-07 16:05:28.440,2021-05-07 16:05:30.420,0.021,3,3,0.99076116,4.2576477e-05,0.0035245342,0.0056715934,0.99076116
512,195,walking,2021-05-07 16:05:29.440,2021-05-07 16:05:31.420,0.021,3,3,0.9820895,7.4340845e-05,0.0065132286,0.011322937,0.9820895
512,195,walking,2021-05-07 16:05:30.440,2021-05-07 16:05:32.419,0.021,3,3,0.98828065,5.321646e-05,0.0049250964,0.006741041,0.98828065
512,195,walking,2021-05-07 16:05:31.440,2021-05-07 16:05:33.419,0.021,3,3,0.9991491,5.681132e-06,0.0003910521,0.00045421452,0.9991491
512,195,walking,2021-05-07 16:05:32.439,2021-05-07 16:05:34.419,0.021,3,3,0.9997121,2.3041107e-06,0.0001336648,0.00015187978,0.9997121
512,195,walking,2021-05-07 16:05:33.439,2021-05-07 16:05:35.419,0.021,3,3,0.99802166,1.3348249e-05,0.0008802891,0.0010847016,0.99802166
512,197,walking,2021-05-07 16:05:37.080,2021-05-07 16:05:39.060,0.021,3,3,0.9962197,2.3011176e-05,0.0014233103,0.0023340462,0.9962197
512,197,walking,2021-05-07 16:05:38.080,2021-05-07 16:05:40.060,0.021,3,3,0.9998009,1.9720176e-06,0.00010853771,8.858319e-05,0.9998009
512,197,walking,2021-05-07 16:05:39.080,2021-05-07 16:05:41.060,0.021,3,3,0.9998641,1.0301401e-06,7.0883936e-05,6.3928834e-05,0.9998641
512,197,walking,2021-05-07 16:05:40.080,2021-05-07 16:05:42.060,0.021,3,3,0.9998081,9.772511e-07,8.903355e-05,0.00010185537,0.9998081
512,197,walking,2021-05-07 16:05:41.080,2021-05-07 16:05:43.060,0.021,3,3,0.99808115,1.3137174e-05,0.000810462,0.0010952617,0.99808115
512,197,walking,2021-05-07 16:05:42.080,2021-05-07 16:05:44.060,0.021,3,3,0.9983535,1.3837775e-05,0.0006788754,0.00095386954,0.9983535
512,197,walking,2021-05-07 16:05:43.080,2021-05-07 16:05:45.060,0.021,3,3,0.9964226,2.710623e-05,0.0015018622,0.0020483974,0.9964226
512,197,walking,2021-05-07 16:05:44.080,2021-05-07 16:05:46.060,0.021,3,3,0.9977552,1.4451465e-05,0.00091006584,0.001320323,0.9977552
512,197,walking,2021-05-07 16:05:45.080,2021-05-07 16:05:47.060,0.021,3,3,0.99738723,2.4549225e-05,0.001091046,0.0014971712,0.99738723
512,197,walking,2021-05-07 16:05:46.080,2021-05-07 16:05:48.060,0.021,3,3,0.99468374,6.3822175e-05,0.0021631706,0.003089185,0.99468374
512,197,walking,2021-05-07 16:05:47.080,2021-05-07 16:05:49.060,0.021,3,3,0.99649435,3.5713696e-05,0.0013230476,0.0021468485,0.99649435
512,197,walking,2021-05-07 16:05:48.080,2021-05-07 16:05:50.060,0.021,3,3,0.99874866,1.5259213e-05,0.0005611779,0.0006749102,0.99874866
512,197,walking,2021-05-07 16:05:49.080,2021-05-07 16:05:51.060,0.021,3,3,0.9997486,2.2850427e-06,0.000107637214,0.00014146174,0.9997486
512,197,walking,2021-05-07 16:05:50.080,2021-05-07 16:05:52.060,0.021,3,3,0.9968851,3.3133696e-05,0.0011489664,0.0019327591,0.9968851
512,197,walking,2021-05-07 16:05:51.080,2021-05-07 16:05:53.060,0.021,3,3,0.9949098,3.6424593e-05,0.0017508984,0.0033028491,0.9949098
512,197,walking,2021-05-07 16:05:52.080,2021-05-07 16:05:54.060,0.021,3,3,0.9964308,2.9295818e-05,0.0012631859,0.0022767466,0.9964308
512,197,walking,2021-05-07 16:05:53.080,2021-05-07 16:05:55.060,0.021,3,3,0.99977183,2.081719e-06,0.00010268164,0.00012332048,0.99977183
512,200,standing,2021-05-07 16:05:57.400,2021-05-07 16:05:59.380,0.021,2,2,0.53510165,0.0011626367,0.18165854,0.53510165,0.28207713
512,200,standing,2021-05-07 16:05:58.400,2021-05-07 16:06:00.380,0.021,2,3,0.41687503,0.0010942424,0.1751679,0.4068628,0.41687503
512,201,walking,2021-05-07 16:06:00.400,2021-05-07 16:06:02.380,0.021,3,3,0.9992885,3.9064553e-06,0.000264132,0.00044353516,0.9992885
512,201,walking,2021-05-07 16:06:01.400,2021-05-07 16:06:03.380,0.021,3,3,0.99990016,6.207816e-07,4.759557e-05,5.15752e-05,0.99990016
512,201,walking,2021-05-07 16:06:02.400,2021-05-07 16:06:04.380,0.021,3,3,0.99877506,7.2793196e-06,0.0005302643,0.0006874287,0.99877506
512,201,walking,2021-05-07 16:06:03.400,2021-05-07 16:06:05.380,0.021,3,3,0.992569,3.2078475e-05,0.0027577658,0.004641074,0.992569
512,201,walking,2021-05-07 16:06:04.400,2021-05-07 16:06:06.380,0.021,3,3,0.9921534,3.396596e-05,0.0029895362,0.00482299,0.9921534
512,201,walking,2021-05-07 16:06:05.400,2021-05-07 16:06:07.380,0.021,3,3,0.9937611,2.6030231e-05,0.00247927,0.003733612,0.9937611
512,201,walking,2021-05-07 16:06:06.400,2021-05-07 16:06:08.380,0.021,3,3,0.97855943,7.058981e-05,0.007895855,0.013474081,0.97855943
512,201,walking,2021-05-07 16:06:07.400,2021-05-07 16:06:09.380,0.021,3,3,0.99370784,2.8590082e-05,0.0023550598,0.0039085876,0.99370784
512,201,walking,2021-05-07 16:06:08.399,2021-05-07 16:06:10.380,0.021,3,3,0.99946374,2.874251e-06,0.0002377479,0.00029565327,0.99946374
512,201,walking,2021-05-07 16:06:09.399,2021-05-07 16:06:11.380,0.021,3,3,0.99796003,1.0463444e-05,0.00081355165,0.0012158563,0.99796003
512,201,walking,2021-05-07 16:06:10.399,2021-05-07 16:06:12.380,0.021,3,3,0.9960125,1.8691831e-05,0.00161062,0.0023582922,0.9960125
512,201,walking,2021-05-07 16:06:11.399,2021-05-07 16:06:13.380,0.021,3,3,0.99796265,1.2041602e-05,0.00085393933,0.0011714543,0.99796265
512,201,walking,2021-05-07 16:06:12.399,2021-05-07 16:06:14.380,0.021,3,3,0.9976722,1.3482954e-05,0.00097505195,0.0013391682,0.9976722
512,201,walking,2021-05-07 16:06:13.399,2021-05-07 16:06:15.380,0.021,3,3,0.9740263,8.960306e-05,0.009552894,0.016331172,0.9740263
512,201,walking,2021-05-07 16:06:14.399,2021-05-07 16:06:16.380,0.021,3,3,0.9508291,0.00017659068,0.018019618,0.030974738,0.9508291
512,201,walking,2021-05-07 16:06:15.399,2021-05-07 16:06:17.380,0.021,3,3,0.9872761,4.4376524e-05,0.0044780867,0.008201448,0.9872761
512,201,walking,2021-05-07 16:06:16.399,2021-05-07 16:06:18.380,0.021,3,3,0.97158134,9.9314115e-05,0.009804682,0.018514695,0.97158134
512,201,walking,2021-05-07 16:06:17.399,2021-05-07 16:06:19.380,0.021,3,3,0.98905677,4.6632525e-05,0.0044847433,0.006411881,0.98905677
512,201,walking,2021-05-07 16:06:18.399,2021-05-07 16:06:20.380,0.021,3,3,0.98348814,6.6142464e-05,0.006952161,0.009493547,0.98348814
512,201,walking,2021-05-07 16:06:19.399,2021-05-07 16:06:21.380,0.021,3,3,0.9945367,2.652587e-05,0.0022062664,0.003230502,0.9945367
512,201,walking,2021-05-07 16:06:20.399,2021-05-07 16:06:22.380,0.021,3,3,0.991626,4.1232073e-05,0.0033309634,0.005001739,0.991626
512,201,walking,2021-05-07 16:06:21.399,2021-05-07 16:06:23.380,0.021,3,3,0.9992529,4.3503987e-06,0.0003762121,0.0003664142,0.9992529
512,201,walking,2021-05-07 16:06:22.399,2021-05-07 16:06:24.380,0.021,3,3,0.9997926,1.6335435e-06,0.000111223904,9.458057e-05,0.9997926
512,201,walking,2021-05-07 16:06:23.399,2021-05-07 16:06:25.380,0.021,3,3,0.9995913,3.0386584e-06,0.00019828219,0.0002073367,0.9995913
512,201,walking,2021-05-07 16:06:24.399,2021-05-07 16:06:26.380,0.021,3,3,0.99999684,1.5084343e-08,1.9894042e-06,1.1167467e-06,0.99999684
512,201,walking,2021-05-07 16:06:25.399,2021-05-07 16:06:27.380,0.021,3,3,0.9999756,1.8788856e-07,1.4204096e-05,9.912663e-06,0.9999756
512,201,walking,2021-05-07 16:06:26.399,2021-05-07 16:06:28.380,0.021,3,3,0.9993799,4.8925963e-06,0.0002964885,0.00031874495,0.9993799
512,201,walking,2021-05-07 16:06:27.399,2021-05-07 16:06:29.380,0.021,3,3,0.9993719,3.6390763e-06,0.000308583,0.0003158017,0.9993719
512,201,walking,2021-05-07 16:06:28.399,2021-05-07 16:06:30.380,0.021,3,3,0.99525136,2.200457e-05,0.0021698344,0.0025566786,0.99525136
512,201,walking,2021-05-07 16:06:29.399,2021-05-07 16:06:31.380,0.021,3,3,0.9900613,5.134156e-05,0.003867982,0.0060194335,0.9900613
512,201,walking,2021-05-07 16:06:30.399,2021-05-07 16:06:32.380,0.021,3,3,0.997804,1.626644e-05,0.0010363637,0.0011433504,0.997804
512,201,walking,2021-05-07 16:06:31.399,2021-05-07 16:06:33.380,0.021,3,3,0.99925125,5.127529e-06,0.0003643424,0.00037936686,0.99925125
512,201,walking,2021-05-07 16:06:32.400,2021-05-07 16:06:34.380,0.021,3,3,0.9982161,9.712385e-06,0.0008021048,0.0009721133,0.9982161
512,201,walking,2021-05-07 16:06:33.400,2021-05-07 16:06:35.380,0.021,3,3,0.9966043,1.9820096e-05,0.0016080688,0.0017677661,0.9966043
512,201,walking,2021-05-07 16:06:34.400,2021-05-07 16:06:36.380,0.021,3,3,0.9998381,1.1893213e-06,8.3933766e-05,7.672907e-05,0.9998381
512,201,walking,2021-05-07 16:06:35.400,2021-05-07 16:06:37.380,0.021,3,3,0.99970627,2.1148585e-06,0.00014668937,0.00014489234,0.99970627
512,201,walking,2021-05-07 16:06:36.400,2021-05-07 16:06:38.380,0.021,3,3,0.99819154,1.0602163e-05,0.0008359895,0.00096190284,0.99819154
512,201,walking,2021-05-07 16:06:37.400,2021-05-07 16:06:39.380,0.021,3,3,0.9996516,2.2541183e-06,0.00016976305,0.00017625751,0.9996516
512,201,walking,2021-05-07 16:06:38.400,2021-05-07 16:06:40.380,0.021,3,3,0.99965423,2.2246018e-06,0.00017152366,0.0001719508,0.99965423
512,201,walking,2021-05-07 16:06:39.400,2021-05-07 16:06:41.380,0.021,3,3,0.9991298,7.1968416e-06,0.00043903134,0.00042392078,0.9991298
512,201,walking,2021-05-07 16:06:40.400,2021-05-07 16:06:42.380,0.021,3,3,0.9988715,8.734352e-06,0.0005297335,0.00059003546,0.9988715
512,201,walking,2021-05-07 16:06:41.400,2021-05-07 16:06:43.380,0.021,3,3,0.99982166,1.1685476e-06,9.139553e-05,8.5834334e-05,0.99982166
512,201,walking,2021-05-07 16:06:42.400,2021-05-07 16:06:44.380,0.021,3,3,0.9982383,1.0961092e-05,0.0008539036,0.00089675037,0.9982383
512,201,walking,2021-05-07 16:06:43.400,2021-05-07 16:06:45.380,0.021,3,3,0.99786127,1.1904712e-05,0.00095704274,0.0011697513,0.99786127
512,201,walking,2021-05-07 16:06:44.400,2021-05-07 16:06:46.380,0.021,3,3,0.9993652,4.5386405e-06,0.0003249187,0.00030533128,0.9993652
512,201,walking,2021-05-07 16:06:45.400,2021-05-07 16:06:47.380,0.021,3,3,0.9998133,1.5045058e-06,0.00010331742,8.182681e-05,0.9998133
512,201,walking,2021-05-07 16:06:46.400,2021-05-07 16:06:48.380,0.021,3,3,0.99924296,6.0879493e-06,0.00036110077,0.00038995163,0.99924296
512,201,walking,2021-05-07 16:06:47.400,2021-05-07 16:06:49.380,0.021,3,3,0.99805117,1.30577655e-05,0.0008916651,0.0010440825,0.99805117
512,201,walking,2021-05-07 16:06:48.400,2021-05-07 16:06:50.380,0.021,3,3,0.9998924,9.745127e-07,5.81171e-05,4.847847e-05,0.9998924
512,201,walking,2021-05-07 16:06:49.400,2021-05-07 16:06:51.380,0.021,3,3,0.9996397,2.6006858e-06,0.0001623764,0.0001953943,0.9996397
512,201,walking,2021-05-07 16:06:50.400,2021-05-07 16:06:52.380,0.021,3,3,0.9990145,8.425901e-06,0.00045871446,0.0005183155,0.9990145
512,201,walking,2021-05-07 16:06:51.400,2021-05-07 16:06:53.380,0.021,3,3,0.99970233,2.776209e-06,0.00015548563,0.00013933788,0.99970233
512,201,walking,2021-05-07 16:06:52.400,2021-05-07 16:06:54.380,0.021,3,3,0.99608845,2.3647128e-05,0.0016323436,0.0022555168,0.99608845
512,201,walking,2021-05-07 16:06:53.400,2021-05-07 16:06:55.380,0.021,3,3,0.99923843,4.6265554e-06,0.00033672908,0.00042028082,0.99923843
512,201,walking,2021-05-07 16:06:54.400,2021-05-07 16:06:56.380,0.021,3,3,0.9988329,7.4574295e-06,0.0005212892,0.0006383294,0.9988329
512,201,walking,2021-05-07 16:06:55.400,2021-05-07 16:06:57.380,0.021,3,3,0.99025255,4.7665413e-05,0.00431878,0.00538093,0.99025255
512,201,walking,2021-05-07 16:06:56.400,2021-05-07 16:06:58.380,0.021,3,3,0.9989621,7.702845e-06,0.00047799188,0.00055227877,0.9989621
512,201,walking,2021-05-07 16:06:57.400,2021-05-07 16:06:59.380,0.021,3,3,0.9999148,6.467952e-07,4.4879936e-05,3.954149e-05,0.9999148
512,201,walking,2021-05-07 16:06:58.400,2021-05-07 16:07:00.380,0.021,3,3,0.99425805,3.759545e-05,0.00233804,0.0033662461,0.99425805
512,201,walking,2021-05-07 16:06:59.400,2021-05-07 16:07:01.380,0.021,3,3,0.9885585,6.3560925e-05,0.006078474,0.0052993963,0.9885585
512,201,walking,2021-05-07 16:07:00.400,2021-05-07 16:07:02.380,0.021,3,3,0.9976631,1.5862859e-05,0.0011790216,0.0011421225,0.9976631
512,201,walking,2021-05-07 16:07:01.400,2021-05-07 16:07:03.380,0.021,3,3,0.99963707,3.8453586e-06,0.00017370946,0.0001854613,0.99963707
512,201,walking,2021-05-07 16:07:02.400,2021-05-07 16:07:04.380,0.021,3,3,0.9998885,7.8971794e-07,5.734789e-05,5.3365686e-05,0.9998885
512,201,walking,2021-05-07 16:07:03.400,2021-05-07 16:07:05.380,0.021,3,3,0.99894875,8.0053e-06,0.0005153232,0.0005278958,0.99894875
512,201,walking,2021-05-07 16:07:04.400,2021-05-07 16:07:06.380,0.021,3,3,0.9964131,2.5628053e-05,0.0016666063,0.0018946611,0.9964131
512,201,walking,2021-05-07 16:07:05.400,2021-05-07 16:07:07.380,0.021,3,3,0.99034935,7.046148e-05,0.005502686,0.0040774783,0.99034935
512,201,walking,2021-05-07 16:07:06.400,2021-05-07 16:07:08.380,0.021,3,3,0.9786147,0.00013213635,0.012655328,0.008597867,0.9786147
512,201,walking,2021-05-07 16:07:07.400,2021-05-07 16:07:09.380,0.021,3,3,0.998776,8.05931e-06,0.00061445805,0.0006014828,0.998776
512,201,walking,2021-05-07 16:07:08.399,2021-05-07 16:07:10.380,0.021,3,3,0.99991864,7.433952e-07,4.8693997e-05,3.186956e-05,0.99991864
512,201,walking,2021-05-07 16:07:09.399,2021-05-07 16:07:11.380,0.021,3,3,0.9917023,5.3731583e-05,0.0038146484,0.0044292873,0.9917023
512,201,walking,2021-05-07 16:07:10.399,2021-05-07 16:07:12.380,0.021,3,3,0.94897234,0.00018929888,0.018430132,0.032408286,0.94897234
512,201,walking,2021-05-07 16:07:11.399,2021-05-07 16:07:13.380,0.021,3,3,0.9805571,0.000116093855,0.0079443455,0.011382311,0.9805571
512,201,walking,2021-05-07 16:07:12.399,2021-05-07 16:07:14.380,0.021,3,3,0.9839563,9.636998e-05,0.0074018072,0.008545504,0.9839563
512,201,walking,2021-05-07 16:07:13.399,2021-05-07 16:07:15.380,0.021,3,3,0.9950575,2.4603387e-05,0.001979547,0.0029382443,0.9950575
512,201,walking,2021-05-07 16:07:14.399,2021-05-07 16:07:16.380,0.021,3,3,0.9896343,4.950859e-05,0.004222236,0.0060938816,0.9896343
512,201,walking,2021-05-07 16:07:15.399,2021-05-07 16:07:17.380,0.021,3,3,0.97112817,0.00011406578,0.010585949,0.018171798,0.97112817
512,201,walking,2021-05-07 16:07:16.399,2021-05-07 16:07:18.380,0.021,3,3,0.9829308,8.6163964e-05,0.0062781107,0.010704862,0.9829308
512,201,walking,2021-05-07 16:07:17.399,2021-05-07 16:07:19.380,0.021,3,3,0.9720315,0.00012340203,0.011132695,0.01671245,0.9720315
512,201,walking,2021-05-07 16:07:18.399,2021-05-07 16:07:20.380,0.021,3,3,0.9813051,9.215668e-05,0.00724901,0.011353805,0.9813051
512,201,walking,2021-05-07 16:07:19.399,2021-05-07 16:07:21.380,0.021,3,3,0.99977326,1.92414e-06,0.00011100177,0.000113819995,0.99977326
512,201,walking,2021-05-07 16:07:20.399,2021-05-07 16:07:22.380,0.021,3,3,0.99948233,4.658899e-06,0.00022923716,0.00028370143,0.99948233
512,201,walking,2021-05-07 16:07:21.399,2021-05-07 16:07:23.380,0.021,3,3,0.99679136,2.6728218e-05,0.0012197136,0.0019622222,0.99679136
512,201,walking,2021-05-07 16:07:22.399,2021-05-07 16:07:24.380,0.021,3,3,0.99981236,1.6856463e-06,9.222102e-05,9.375239e-05,0.99981236
512,201,walking,2021-05-07 16:07:23.399,2021-05-07 16:07:25.380,0.021,3,3,0.99978995,1.914964e-06,9.8247765e-05,0.000109916284,0.99978995
512,203,walking,2021-05-07 16:07:27.200,2021-05-07 16:07:29.180,0.021,3,3,0.9712285,0.0001253375,0.010856795,0.017789425,0.9712285
512,203,walking,2021-05-07 16:07:28.200,2021-05-07 16:07:30.180,0.021,3,3,0.98305434,8.624822e-05,0.0070926873,0.00976678,0.98305434
512,203,walking,2021-05-07 16:07:29.200,2021-05-07 16:07:31.180,0.021,3,3,0.9996273,3.02889e-06,0.00020083554,0.00016882928,0.9996273
512,206,standing,2021-05-07 16:07:32.639,2021-05-07 16:07:34.619,0.021,2,2,0.6267159,0.0012194416,0.30133405,0.6267159,0.070730545
512,206,standing,2021-05-07 16:07:33.639,2021-05-07 16:07:35.619,0.021,2,2,0.65942836,0.0011476754,0.2854672,0.65942836,0.053956814
512,206,standing,2021-05-07 16:07:34.639,2021-05-07 16:07:36.619,0.021,2,2,0.64170474,0.001130328,0.2864384,0.64170474,0.07072655
512,206,standing,2021-05-07 16:07:35.639,2021-05-07 16:07:37.619,0.021,2,2,0.64020306,0.0010730998,0.30809206,0.64020306,0.05063178
512,206,standing,2021-05-07 16:07:36.639,2021-05-07 16:07:38.619,0.021,2,2,0.65750855,0.001006128,0.30144745,0.65750855,0.040037762
512,206,standing,2021-05-07 16:07:37.639,2021-05-07 16:07:39.619,0.021,2,2,0.6774389,0.0009766299,0.28069243,0.6774389,0.04089193
512,206,standing,2021-05-07 16:07:38.639,2021-05-07 16:07:40.619,0.021,2,2,0.6670294,0.0010346534,0.28449792,0.6670294,0.047438055
512,206,standing,2021-05-07 16:07:39.639,2021-05-07 16:07:41.619,0.021,2,2,0.67515826,0.0009901046,0.2872592,0.67515826,0.036592506
512,206,standing,2021-05-07 16:07:40.639,2021-05-07 16:07:42.619,0.021,2,2,0.67372644,0.0009791417,0.29116777,0.67372644,0.034126703
512,210,standing,2021-05-07 16:07:48.240,2021-05-07 16:07:50.220,0.021,2,2,0.67860615,0.0011681627,0.23469463,0.67860615,0.08553104
512,210,standing,2021-05-07 16:07:49.240,2021-05-07 16:07:51.220,0.021,2,2,0.7381015,0.0010335045,0.24034773,0.7381015,0.020517219
512,210,standing,2021-05-07 16:07:50.240,2021-05-07 16:07:52.220,0.021,2,2,0.7323131,0.0010478176,0.24256086,0.7323131,0.024078235
512,210,standing,2021-05-07 16:07:51.240,2021-05-07 16:07:53.220,0.021,2,2,0.72891235,0.0009968681,0.24742576,0.72891235,0.0226651
512,210,standing,2021-05-07 16:07:52.240,2021-05-07 16:07:54.220,0.021,2,2,0.7361184,0.00097093836,0.24946341,0.7361184,0.0134472875
512,210,standing,2021-05-07 16:07:53.240,2021-05-07 16:07:55.220,0.021,2,2,0.7417465,0.0010285542,0.23490936,0.7417465,0.022315595
512,210,standing,2021-05-07 16:07:54.240,2021-05-07 16:07:56.220,0.021,2,2,0.7461562,0.0010944845,0.2144048,0.7461562,0.03834435
512,210,standing,2021-05-07 16:07:55.240,2021-05-07 16:07:57.220,0.021,2,2,0.7555288,0.0011289034,0.21128064,0.7555288,0.032061618
512,210,standing,2021-05-07 16:07:56.240,2021-05-07 16:07:58.220,0.021,2,2,0.68503815,0.0011603327,0.2175742,0.68503815,0.09622727
512,210,standing,2021-05-07 16:07:57.240,2021-05-07 16:07:59.220,0.021,2,2,0.5391718,0.0012369236,0.17457975,0.5391718,0.2850114
512,210,standing,2021-05-07 16:07:58.240,2021-05-07 16:08:00.220,0.021,2,2,0.68777794,0.0012332648,0.20445776,0.68777794,0.106531076
512,210,standing,2021-05-07 16:07:59.240,2021-05-07 16:08:01.220,0.021,2,2,0.7449636,0.0010629654,0.21772332,0.7449636,0.036250137
512,210,standing,2021-05-07 16:08:00.240,2021-05-07 16:08:02.220,0.021,2,2,0.7517129,0.0010628623,0.22645655,0.7517129,0.020767655
512,210,standing,2021-05-07 16:08:01.240,2021-05-07 16:08:03.220,0.021,2,2,0.7506851,0.0010452933,0.22082281,0.7506851,0.027446816
512,210,standing,2021-05-07 16:08:02.240,2021-05-07 16:08:04.220,0.021,2,2,0.75002956,0.0010877708,0.21303673,0.75002956,0.03584586
512,212,standing,2021-05-07 16:08:06.680,2021-05-07 16:08:08.659,0.021,2,2,0.6253773,0.0012803017,0.2307873,0.6253773,0.14255501
512,212,standing,2021-05-07 16:08:07.680,2021-05-07 16:08:09.659,0.021,2,2,0.72650224,0.001094712,0.23657513,0.72650224,0.035827946
512,212,standing,2021-05-07 16:08:08.680,2021-05-07 16:08:10.659,0.021,2,2,0.7255873,0.000977916,0.25257084,0.7255873,0.020863837
512,212,standing,2021-05-07 16:08:09.680,2021-05-07 16:08:11.659,0.021,2,2,0.71624345,0.0009920365,0.2629112,0.71624345,0.019853352
512,212,standing,2021-05-07 16:08:10.680,2021-05-07 16:08:12.659,0.021,2,2,0.6908114,0.0010303145,0.2853826,0.6908114,0.022775609
512,212,standing,2021-05-07 16:08:11.680,2021-05-07 16:08:13.659,0.021,2,2,0.6853089,0.0010155749,0.29064164,0.6853089,0.023033973
512,212,standing,2021-05-07 16:08:12.680,2021-05-07 16:08:14.659,0.021,2,2,0.7015665,0.0010020989,0.27225202,0.7015665,0.02517938
512,212,standing,2021-05-07 16:08:13.680,2021-05-07 16:08:15.659,0.021,2,2,0.68404484,0.0010072932,0.27214304,0.68404484,0.04280486
512,215,walking,2021-05-07 16:08:16.760,2021-05-07 16:08:18.739,0.021,3,3,0.9771303,0.00012642014,0.0058711376,0.016872134,0.9771303
512,215,walking,2021-05-07 16:08:17.760,2021-05-07 16:08:19.739,0.021,3,3,0.98141164,8.506946e-05,0.0048814192,0.013621873,0.98141164
512,215,walking,2021-05-07 16:08:18.760,2021-05-07 16:08:20.739,0.021,3,3,0.955586,0.00015897606,0.014222352,0.030032672,0.955586
512,215,walking,2021-05-07 16:08:19.760,2021-05-07 16:08:21.739,0.021,3,2,0.42079425,0.0012119242,0.209968,0.42079425,0.36802578
512,215,walking,2021-05-07 16:08:20.760,2021-05-07 16:08:22.739,0.021,3,3,0.9573113,0.00013466355,0.015633773,0.026920233,0.9573113
512,215,walking,2021-05-07 16:08:21.760,2021-05-07 16:08:23.739,0.021,3,3,0.97784805,7.879305e-05,0.0079952385,0.01407801,0.97784805
512,215,walking,2021-05-07 16:08:22.760,2021-05-07 16:08:24.739,0.021,3,3,0.99436015,3.121701e-05,0.0020382523,0.0035703683,0.99436015
512,215,walking,2021-05-07 16:08:23.760,2021-05-07 16:08:25.739,0.021,3,3,0.9970599,2.0126328e-05,0.001194656,0.0017253504,0.9970599
512,215,walking,2021-05-07 16:08:24.760,2021-05-07 16:08:26.739,0.021,3,3,0.9817407,7.486631e-05,0.006502284,0.011682131,0.9817407
512,215,walking,2021-05-07 16:08:25.760,2021-05-07 16:08:27.739,0.021,3,3,0.99967545,2.2674965e-06,0.00014348615,0.00017887102,0.99967545
512,215,walking,2021-05-07 16:08:26.760,2021-05-07 16:08:28.739,0.021,3,3,0.99976826,2.4239066e-06,0.00011580184,0.00011346427,0.99976826
512,215,walking,2021-05-07 16:08:27.760,2021-05-07 16:08:29.739,0.021,3,3,0.998534,1.218873e-05,0.00063834776,0.0008154733,0.998534
512,215,walking,2021-05-07 16:08:28.760,2021-05-07 16:08:30.739,0.021,3,3,0.99858034,1.0451202e-05,0.0006512036,0.00075806305,0.99858034
512,215,walking,2021-05-07 16:08:29.760,2021-05-07 16:08:31.739,0.021,3,3,0.99936724,4.347105e-06,0.00030215483,0.00032624055,0.99936724
512,215,walking,2021-05-07 16:08:30.760,2021-05-07 16:08:32.740,0.021,3,3,0.9938182,2.9523311e-05,0.00238898,0.0037633015,0.9938182
512,215,walking,2021-05-07 16:08:31.760,2021-05-07 16:08:33.740,0.021,3,3,0.9385136,0.00020301377,0.023738155,0.037545267,0.9385136
512,215,walking,2021-05-07 16:08:32.759,2021-05-07 16:08:34.740,0.021,3,3,0.98513824,6.1852836e-05,0.005644053,0.009155866,0.98513824
512,215,walking,2021-05-07 16:08:33.759,2021-05-07 16:08:35.740,0.021,3,3,0.99835336,1.1489589e-05,0.0007190245,0.0009160964,0.99835336
512,215,walking,2021-05-07 16:08:34.759,2021-05-07 16:08:36.740,0.021,3,3,0.99952865,3.5238504e-06,0.00021932839,0.0002485487,0.99952865
512,215,walking,2021-05-07 16:08:35.759,2021-05-07 16:08:37.740,0.021,3,3,0.9996714,2.3199004e-06,0.00015565247,0.00017062895,0.9996714
512,215,walking,2021-05-07 16:08:36.759,2021-05-07 16:08:38.740,0.021,3,3,0.9971442,1.8377781e-05,0.0012537609,0.0015836868,0.9971442
512,215,walking,2021-05-07 16:08:37.759,2021-05-07 16:08:39.740,0.021,3,3,0.9990786,5.4721154e-06,0.00041472958,0.0005012611,0.9990786
512,215,walking,2021-05-07 16:08:38.759,2021-05-07 16:08:40.740,0.021,3,3,0.99977756,1.6339131e-06,0.00010801845,0.00011272232,0.99977756
512,215,walking,2021-05-07 16:08:39.759,2021-05-07 16:08:41.740,0.021,3,3,0.9997685,1.6701936e-06,0.00010771175,0.00012200976,0.9997685
512,215,walking,2021-05-07 16:08:40.759,2021-05-07 16:08:42.740,0.021,3,3,0.9996616,2.1814196e-06,0.00014744452,0.00018865494,0.9996616
512,215,walking,2021-05-07 16:08:41.759,2021-05-07 16:08:43.740,0.021,3,3,0.9964479,1.806392e-05,0.0014857475,0.0020482708,0.9964479
512,215,walking,2021-05-07 16:08:42.759,2021-05-07 16:08:44.740,0.021,3,3,0.9998205,1.1785202e-06,8.873644e-05,8.9613655e-05,0.9998205
512,215,walking,2021-05-07 16:08:43.759,2021-05-07 16:08:45.740,0.021,3,3,0.99999315,2.982627e-08,3.8759927e-06,2.8510415e-06,0.99999315
512,215,walking,2021-05-07 16:08:44.759,2021-05-07 16:08:46.740,0.021,3,3,0.99983835,1.4243278e-06,9.0266374e-05,7.010396e-05,0.99983835
512,215,walking,2021-05-07 16:08:45.759,2021-05-07 16:08:47.740,0.021,3,3,0.9998255,1.3437566e-06,9.318366e-05,8.000655e-05,0.9998255
512,215,walking,2021-05-07 16:08:46.759,2021-05-07 16:08:48.740,0.021,3,3,0.9999133,6.2200576e-07,4.537734e-05,4.068925e-05,0.9999133
512,215,walking,2021-05-07 16:08:47.759,2021-05-07 16:08:49.740,0.021,3,3,0.9981863,1.0477999e-05,0.00077924907,0.0010239256,0.9981863
512,215,walking,2021-05-07 16:08:48.759,2021-05-07 16:08:50.740,0.021,3,3,0.99056095,4.0371466e-05,0.0035675599,0.005831068,0.99056095
512,215,walking,2021-05-07 16:08:49.759,2021-05-07 16:08:51.740,0.021,3,3,0.9963868,1.9929634e-05,0.0015135973,0.0020796154,0.9963868
512,215,walking,2021-05-07 16:08:50.759,2021-05-07 16:08:52.740,0.021,3,3,0.9999036,6.4277685e-07,4.772141e-05,4.7954945e-05,0.9999036
512,215,walking,2021-05-07 16:08:51.759,2021-05-07 16:08:53.740,0.021,3,3,0.9997659,1.6598648e-06,0.000115887735,0.000116646384,0.9997659
512,215,walking,2021-05-07 16:08:52.759,2021-05-07 16:08:54.740,0.021,3,3,0.9946796,2.685052e-05,0.0024459243,0.0028477192,0.9946796
512,215,walking,2021-05-07 16:08:53.759,2021-05-07 16:08:55.740,0.021,3,3,0.9876564,5.3503798e-05,0.005292395,0.006997694,0.9876564
512,215,walking,2021-05-07 16:08:54.759,2021-05-07 16:08:56.740,0.021,3,3,0.99123114,4.02002e-05,0.0037885618,0.004940111,0.99123114
512,215,walking,2021-05-07 16:08:55.759,2021-05-07 16:08:57.740,0.021,3,3,0.9997997,1.361392e-06,9.870515e-05,0.00010028086,0.9997997
512,215,walking,2021-05-07 16:08:56.759,2021-05-07 16:08:58.740,0.021,3,3,0.9997659,1.925576e-06,0.000118093994,0.0001140989,0.9997659
512,215,walking,2021-05-07 16:08:57.759,2021-05-07 16:08:59.740,0.021,3,3,0.99853164,9.458428e-06,0.0006824346,0.00077653734,0.99853164
512,215,walking,2021-05-07 16:08:58.759,2021-05-07 16:09:00.740,0.021,3,3,0.99987316,7.8835444e-07,6.0135902e-05,6.601639e-05,0.99987316
512,215,walking,2021-05-07 16:08:59.759,2021-05-07 16:09:01.740,0.021,3,3,0.999937,3.6272553e-07,2.8654382e-05,3.3865694e-05,0.999937
512,215,walking,2021-05-07 16:09:00.760,2021-05-07 16:09:02.740,0.021,3,3,0.9987403,1.2111774e-05,0.00062651414,0.0006209634,0.9987403
512,215,walking,2021-05-07 16:09:01.760,2021-05-07 16:09:03.740,0.021,3,3,0.99995035,3.0298963e-07,2.64078e-05,2.2926217e-05,0.99995035
512,215,walking,2021-05-07 16:09:02.760,2021-05-07 16:09:04.739,0.021,3,3,0.99966186,2.6619614e-06,0.0001608839,0.00017453209,0.99966186
512,215,walking,2021-05-07 16:09:03.760,2021-05-07 16:09:05.739,0.021,3,3,0.999514,3.8022074e-06,0.00024492005,0.00023726378,0.999514
512,215,walking,2021-05-07 16:09:04.760,2021-05-07 16:09:06.739,0.021,3,3,0.9999532,3.1914522e-07,2.5870642e-05,2.052476e-05,0.9999532
512,215,walking,2021-05-07 16:09:05.760,2021-05-07 16:09:07.739,0.021,3,3,0.9995014,3.6884037e-06,0.00024343896,0.00025141964,0.9995014
512,215,walking,2021-05-07 16:09:06.760,2021-05-07 16:09:08.739,0.021,3,3,0.9943568,2.8564373e-05,0.0024290255,0.0031856124,0.9943568
512,215,walking,2021-05-07 16:09:07.760,2021-05-07 16:09:09.739,0.021,3,3,0.9994148,4.349203e-06,0.00026868924,0.00031221364,0.9994148
512,215,walking,2021-05-07 16:09:08.760,2021-05-07 16:09:10.739,0.021,3,3,0.99978113,1.3505445e-06,0.000103245344,0.000114397,0.99978113
512,215,walking,2021-05-07 16:09:09.760,2021-05-07 16:09:11.739,0.021,3,3,0.9993307,5.234535e-06,0.00033424975,0.0003297736,0.9993307
512,215,walking,2021-05-07 16:09:10.760,2021-05-07 16:09:12.739,0.021,3,3,0.9993008,5.257883e-06,0.000348324,0.00034571814,0.9993008
512,215,walking,2021-05-07 16:09:11.760,2021-05-07 16:09:13.739,0.021,3,3,0.9991497,3.6315455e-06,0.00036310698,0.00048353747,0.9991497
512,215,walking,2021-05-07 16:09:12.760,2021-05-07 16:09:14.739,0.021,3,3,0.9998498,9.595774e-07,7.146953e-05,7.792282e-05,0.9998498
512,215,walking,2021-05-07 16:09:13.760,2021-05-07 16:09:15.739,0.021,3,3,0.99965614,3.0053884e-06,0.00016632129,0.0001745514,0.99965614
512,215,walking,2021-05-07 16:09:14.760,2021-05-07 16:09:16.739,0.021,3,3,0.9998555,1.3189874e-06,8.178213e-05,6.145356e-05,0.9998555
512,215,walking,2021-05-07 16:09:15.760,2021-05-07 16:09:17.739,0.021,3,3,0.9999462,3.7938614e-07,3.0898875e-05,2.2436081e-05,0.9999462
512,215,walking,2021-05-07 16:09:16.760,2021-05-07 16:09:18.739,0.021,3,3,0.9995827,3.4362897e-06,0.00021782811,0.00019608896,0.9995827
512,215,walking,2021-05-07 16:09:17.760,2021-05-07 16:09:19.739,0.021,3,3,0.99441534,2.7320666e-05,0.0026434644,0.002913797,0.99441534
512,215,walking,2021-05-07 16:09:18.760,2021-05-07 16:09:20.739,0.021,3,3,0.9394,0.00020748765,0.023579162,0.03681336,0.9394
512,215,walking,2021-05-07 16:09:19.760,2021-05-07 16:09:21.739,0.021,3,3,0.9887368,6.1014187e-05,0.0052010748,0.006000982,0.9887368
512,215,walking,2021-05-07 16:09:20.760,2021-05-07 16:09:22.739,0.021,3,3,0.99995536,3.0793518e-07,2.5242112e-05,1.9065197e-05,0.99995536
512,215,walking,2021-05-07 16:09:21.760,2021-05-07 16:09:23.739,0.021,3,3,0.9979247,1.2116871e-05,0.0009568818,0.0011062761,0.9979247
512,215,walking,2021-05-07 16:09:22.760,2021-05-07 16:09:24.739,0.021,3,3,0.99790305,1.1744918e-05,0.0009170333,0.0011682868,0.99790305
512,215,walking,2021-05-07 16:09:23.760,2021-05-07 16:09:25.739,0.021,3,3,0.9992781,5.0484687e-06,0.00031505318,0.00040175449,0.9992781
512,215,walking,2021-05-07 16:09:24.760,2021-05-07 16:09:26.739,0.021,3,3,0.9992718,4.1707417e-06,0.0003215001,0.00040248764,0.9992718
512,215,walking,2021-05-07 16:09:25.760,2021-05-07 16:09:27.739,0.021,3,3,0.99991304,6.331036e-07,4.4947574e-05,4.1306954e-05,0.99991304
512,215,walking,2021-05-07 16:09:26.760,2021-05-07 16:09:28.739,0.021,3,3,0.9998467,1.0886539e-06,7.044272e-05,8.189239e-05,0.9998467
512,215,walking,2021-05-07 16:09:27.760,2021-05-07 16:09:29.739,0.021,3,3,0.99990076,5.984503e-07,5.003245e-05,4.8494134e-05,0.99990076
512,215,walking,2021-05-07 16:09:28.760,2021-05-07 16:09:30.739,0.021,3,3,0.9956959,2.473248e-05,0.0018509814,0.0024283936,0.9956959
512,215,walking,2021-05-07 16:09:29.760,2021-05-07 16:09:31.739,0.021,3,3,0.9948259,3.0188885e-05,0.0020331135,0.00311079,0.9948259
512,215,walking,2021-05-07 16:09:30.760,2021-05-07 16:09:32.740,0.021,3,3,0.9987213,1.0268076e-05,0.00062044075,0.00064807956,0.9987213
512,215,walking,2021-05-07 16:09:31.760,2021-05-07 16:09:33.740,0.021,3,3,0.99990207,7.0729016e-07,5.2844567e-05,4.4356548e-05,0.99990207
512,215,walking,2021-05-07 16:09:32.759,2021-05-07 16:09:34.740,0.021,3,3,0.9991759,5.421905e-06,0.00035644317,0.0004622134,0.9991759
512,217,standing,2021-05-07 16:09:36.240,2021-05-07 16:09:38.220,0.021,2,2,0.5120419,0.0012651875,0.31142226,0.5120419,0.1752706
512,217,standing,2021-05-07 16:09:37.240,2021-05-07 16:09:39.220,0.021,2,2,0.52723074,0.0011677669,0.28299162,0.52723074,0.1886098
512,219,standing,2021-05-07 16:09:42.080,2021-05-07 16:09:44.060,0.021,2,2,0.7237804,0.0010254156,0.25172454,0.7237804,0.02346955
512,219,standing,2021-05-07 16:09:43.080,2021-05-07 16:09:45.060,0.021,2,2,0.7231534,0.0010318334,0.25229084,0.7231534,0.023523927
512,219,standing,2021-05-07 16:09:44.080,2021-05-07 16:09:46.060,0.021,2,2,0.71718395,0.0010666435,0.25254026,0.71718395,0.029209286
512,219,standing,2021-05-07 16:09:45.080,2021-05-07 16:09:47.060,0.021,2,2,0.701218,0.001104957,0.25162113,0.701218,0.04605573
512,219,standing,2021-05-07 16:09:46.080,2021-05-07 16:09:48.060,0.021,2,2,0.71049887,0.0009832652,0.26486734,0.71049887,0.02365049
512,219,standing,2021-05-07 16:09:47.080,2021-05-07 16:09:49.060,0.021,2,2,0.72571945,0.001025112,0.2504924,0.72571945,0.022763046
512,219,standing,2021-05-07 16:09:48.080,2021-05-07 16:09:50.060,0.021,2,2,0.6848999,0.001162137,0.24793263,0.6848999,0.066005245
512,219,standing,2021-05-07 16:09:49.080,2021-05-07 16:09:51.060,0.021,2,2,0.5639014,0.001192965,0.2436403,0.5639014,0.19126533
512,219,standing,2021-05-07 16:09:50.080,2021-05-07 16:09:52.060,0.021,2,2,0.69731814,0.0010351076,0.2694914,0.69731814,0.03215534
512,219,standing,2021-05-07 16:09:51.080,2021-05-07 16:09:53.060,0.021,2,2,0.70549953,0.0010803632,0.2617392,0.70549953,0.03168084
512,219,standing,2021-05-07 16:09:52.080,2021-05-07 16:09:54.060,0.021,2,2,0.6622533,0.0010913771,0.30092505,0.6622533,0.035730213
512,219,standing,2021-05-07 16:09:53.080,2021-05-07 16:09:55.060,0.021,2,2,0.68002707,0.0010210348,0.29285803,0.68002707,0.026093882
512,219,standing,2021-05-07 16:09:54.080,2021-05-07 16:09:56.060,0.021,2,2,0.6733335,0.000989831,0.30478215,0.6733335,0.020894447
512,219,standing,2021-05-07 16:09:55.080,2021-05-07 16:09:57.060,0.021,2,2,0.66084284,0.0009736311,0.31066528,0.66084284,0.027518211
512,221,standing,2021-05-07 16:09:59.680,2021-05-07 16:10:01.660,0.021,2,2,0.63423157,0.0010084393,0.30136898,0.63423157,0.06339106
512,221,standing,2021-05-07 16:10:00.680,2021-05-07 16:10:02.660,0.021,2,2,0.6756573,0.0010022493,0.28491974,0.6756573,0.03842085
512,221,standing,2021-05-07 16:10:01.680,2021-05-07 16:10:03.660,0.021,2,2,0.58302313,0.0011870051,0.25623232,0.58302313,0.15955755
512,221,standing,2021-05-07 16:10:02.680,2021-05-07 16:10:04.659,0.021,2,2,0.6072058,0.0011060507,0.27989206,0.6072058,0.111796044
512,223,standing,2021-05-07 16:10:05.720,2021-05-07 16:10:07.699,0.021,2,2,0.72497475,0.0010365315,0.24882223,0.72497475,0.02516653
512,223,standing,2021-05-07 16:10:06.720,2021-05-07 16:10:08.699,0.021,2,2,0.72649515,0.0010642029,0.2473383,0.72649515,0.025102327
512,223,standing,2021-05-07 16:10:07.720,2021-05-07 16:10:09.699,0.021,2,2,0.72151643,0.0009789343,0.25478578,0.72151643,0.022718785
512,223,standing,2021-05-07 16:10:08.720,2021-05-07 16:10:10.699,0.021,2,2,0.7029809,0.00093934353,0.27799252,0.7029809,0.018087301
512,227,standing,2021-05-07 16:10:12.960,2021-05-07 16:10:14.940,0.021,2,2,0.63200355,0.0009201417,0.35205972,0.63200355,0.015016604
512,227,standing,2021-05-07 16:10:13.960,2021-05-07 16:10:15.940,0.021,2,2,0.64818275,0.000986243,0.33368492,0.64818275,0.017146083
512,227,standing,2021-05-07 16:10:14.960,2021-05-07 16:10:16.940,0.021,2,2,0.7016933,0.0010006087,0.27285713,0.7016933,0.024448983
512,227,standing,2021-05-07 16:10:15.960,2021-05-07 16:10:17.940,0.021,2,2,0.72341627,0.0010954989,0.2358784,0.72341627,0.039609738
512,227,standing,2021-05-07 16:10:16.959,2021-05-07 16:10:18.940,0.021,2,2,0.7258446,0.0010541802,0.23386064,0.7258446,0.03924046
512,229,standing,2021-05-07 16:10:19.600,2021-05-07 16:10:21.579,0.021,2,2,0.67325974,0.0011233415,0.25446022,0.67325974,0.07115668
512,229,standing,2021-05-07 16:10:20.600,2021-05-07 16:10:22.579,0.021,2,2,0.70456934,0.0009887674,0.26438478,0.70456934,0.030057007
512,229,standing,2021-05-07 16:10:21.600,2021-05-07 16:10:23.579,0.021,2,2,0.7096938,0.0009691172,0.2693883,0.7096938,0.019948872
512,229,standing,2021-05-07 16:10:22.600,2021-05-07 16:10:24.579,0.021,2,2,0.705424,0.0011268563,0.24998802,0.705424,0.043461174
512,229,standing,2021-05-07 16:10:23.600,2021-05-07 16:10:25.579,0.021,2,2,0.6932677,0.001172788,0.25108707,0.6932677,0.054472342
512,229,standing,2021-05-07 16:10:24.600,2021-05-07 16:10:26.579,0.021,2,2,0.6807191,0.0011509602,0.24817425,0.6807191,0.06995566
512,229,standing,2021-05-07 16:10:25.600,2021-05-07 16:10:27.579,0.021,2,2,0.6904333,0.0010619244,0.25461364,0.6904333,0.053891055
512,229,standing,2021-05-07 16:10:26.600,2021-05-07 16:10:28.579,0.021,2,2,0.7085739,0.0009956764,0.26251236,0.7085739,0.027918052
512,229,standing,2021-05-07 16:10:27.600,2021-05-07 16:10:29.579,0.021,2,2,0.71593565,0.001031341,0.2568388,0.71593565,0.02619416
512,233,standing,2021-05-07 16:10:33.279,2021-05-07 16:10:35.259,0.021,2,2,0.71422493,0.0010544638,0.25165674,0.71422493,0.03306384
512,233,standing,2021-05-07 16:10:34.279,2021-05-07 16:10:36.259,0.021,2,2,0.7177721,0.0010324169,0.2581631,0.7177721,0.02303233
512,233,standing,2021-05-07 16:10:35.279,2021-05-07 16:10:37.259,0.021,2,2,0.716274,0.0010438919,0.25660786,0.716274,0.026074188
512,233,standing,2021-05-07 16:10:36.279,2021-05-07 16:10:38.259,0.021,2,2,0.7033875,0.0010513131,0.26409128,0.7033875,0.031469893
512,233,standing,2021-05-07 16:10:37.279,2021-05-07 16:10:39.259,0.021,2,2,0.6968773,0.0010437714,0.27287054,0.6968773,0.029208316
512,233,standing,2021-05-07 16:10:38.279,2021-05-07 16:10:40.259,0.021,2,2,0.69076633,0.0010835411,0.26886043,0.69076633,0.03928974
512,235,standing,2021-05-07 16:10:42.680,2021-05-07 16:10:44.659,0.021,2,2,0.67658305,0.0010433919,0.26902407,0.67658305,0.053349406
512,237,standing,2021-05-07 16:10:45.119,2021-05-07 16:10:47.099,0.021,2,2,0.622755,0.0011598555,0.29690498,0.622755,0.07918019
512,237,standing,2021-05-07 16:10:46.119,2021-05-07 16:10:48.099,0.021,2,2,0.65394807,0.0010661139,0.28970885,0.65394807,0.055277005
512,237,standing,2021-05-07 16:10:47.119,2021-05-07 16:10:49.099,0.021,2,2,0.6692067,0.0010864275,0.2814092,0.6692067,0.048297685
512,237,standing,2021-05-07 16:10:48.119,2021-05-07 16:10:50.099,0.021,2,2,0.67835474,0.0010539395,0.2812073,0.67835474,0.03938396
512,237,standing,2021-05-07 16:10:49.119,2021-05-07 16:10:51.099,0.021,2,2,0.70786256,0.0010100786,0.2638796,0.70786256,0.02724774
512,237,standing,2021-05-07 16:10:50.119,2021-05-07 16:10:52.099,0.021,2,2,0.717891,0.0010210096,0.26291984,0.717891,0.018168254
512,237,standing,2021-05-07 16:10:51.119,2021-05-07 16:10:53.099,0.021,2,2,0.7258415,0.0010292972,0.25709048,0.7258415,0.016038734
512,237,standing,2021-05-07 16:10:52.119,2021-05-07 16:10:54.099,0.021,2,2,0.73493475,0.0010641085,0.24707036,0.73493475,0.01693077
512,237,standing,2021-05-07 16:10:53.119,2021-05-07 16:10:55.099,0.021,2,2,0.72275585,0.0010138013,0.2631272,0.72275585,0.013103227
512,237,standing,2021-05-07 16:10:54.119,2021-05-07 16:10:56.099,0.021,2,2,0.706936,0.0009802225,0.2799722,0.706936,0.012111609
512,237,standing,2021-05-07 16:10:55.119,2021-05-07 16:10:57.099,0.021,2,2,0.7000476,0.0009984281,0.27985936,0.7000476,0.019094488
512,237,standing,2021-05-07 16:10:56.119,2021-05-07 16:10:58.099,0.021,2,2,0.6915065,0.0010439927,0.2677408,0.6915065,0.039708667
512,239,standing,2021-05-07 16:10:59.959,2021-05-07 16:11:01.940,0.021,2,2,0.6904268,0.0011853512,0.2535905,0.6904268,0.054797396
512,239,standing,2021-05-07 16:11:00.960,2021-05-07 16:11:02.940,0.021,2,2,0.69917625,0.0011010643,0.27000603,0.69917625,0.029716648
512,239,standing,2021-05-07 16:11:01.960,2021-05-07 16:11:03.940,0.021,2,2,0.70452005,0.0011177848,0.25884056,0.70452005,0.035521604
512,239,standing,2021-05-07 16:11:02.960,2021-05-07 16:11:04.940,0.021,2,2,0.7077279,0.0010903914,0.25463915,0.7077279,0.03654258
512,239,standing,2021-05-07 16:11:03.960,2021-05-07 16:11:05.940,0.021,2,2,0.6948089,0.0010877417,0.25177604,0.6948089,0.052327268
512,239,standing,2021-05-07 16:11:04.960,2021-05-07 16:11:06.940,0.021,2,2,0.7179631,0.0010447107,0.24881205,0.7179631,0.03218015
512,239,standing,2021-05-07 16:11:05.960,2021-05-07 16:11:07.940,0.021,2,2,0.73262846,0.0010373583,0.24583218,0.73262846,0.020501945
512,241,standing,2021-05-07 16:11:08.359,2021-05-07 16:11:10.340,0.021,2,2,0.7423094,0.0011166473,0.23319004,0.7423094,0.023383893
512,241,standing,2021-05-07 16:11:09.359,2021-05-07 16:11:11.340,0.021,2,2,0.7518379,0.0011480411,0.2301807,0.7518379,0.016833264
512,241,standing,2021-05-07 16:11:10.359,2021-05-07 16:11:12.340,0.021,2,2,0.74456114,0.0011492097,0.2376335,0.74456114,0.016656144
512,241,standing,2021-05-07 16:11:11.359,2021-05-07 16:11:13.340,0.021,2,2,0.7315167,0.0010750178,0.25124225,0.7315167,0.016165964
512,241,standing,2021-05-07 16:11:12.359,2021-05-07 16:11:14.340,0.021,2,2,0.7256162,0.0010222538,0.25369528,0.7256162,0.019666178
512,241,standing,2021-05-07 16:11:13.359,2021-05-07 16:11:15.340,0.021,2,2,0.7360987,0.0010936958,0.24328014,0.7360987,0.019527465
512,241,standing,2021-05-07 16:11:14.359,2021-05-07 16:11:16.340,0.021,2,2,0.74310946,0.0011241456,0.237976,0.74310946,0.01779032
512,241,standing,2021-05-07 16:11:15.359,2021-05-07 16:11:17.340,0.021,2,2,0.73183423,0.0011053988,0.2497026,0.73183423,0.017357886
512,241,standing,2021-05-07 16:11:16.360,2021-05-07 16:11:18.340,0.021,2,2,0.7191599,0.0010565215,0.25837052,0.7191599,0.021413004
512,241,standing,2021-05-07 16:11:17.360,2021-05-07 16:11:19.340,0.021,2,2,0.7034265,0.001131269,0.2535403,0.7034265,0.04190189
512,241,standing,2021-05-07 16:11:18.360,2021-05-07 16:11:20.340,0.021,2,2,0.6375741,0.0012332479,0.2536293,0.6375741,0.107563354
512,245,standing,2021-05-07 16:11:23.000,2021-05-07 16:11:24.979,0.021,2,2,0.673055,0.0010524897,0.2721403,0.673055,0.053752124
512,245,standing,2021-05-07 16:11:24.000,2021-05-07 16:11:25.979,0.021,2,2,0.6744308,0.0011777456,0.26217902,0.6744308,0.062212557
512,245,standing,2021-05-07 16:11:25.000,2021-05-07 16:11:26.979,0.021,2,2,0.69738144,0.0011829017,0.25175813,0.69738144,0.049677406
512,245,standing,2021-05-07 16:11:26.000,2021-05-07 16:11:27.979,0.021,2,2,0.6991288,0.0012378911,0.2350492,0.6991288,0.06458409
512,245,standing,2021-05-07 16:11:27.000,2021-05-07 16:11:28.979,0.021,2,2,0.72801596,0.0011935617,0.23946661,0.72801596,0.031323805
512,245,standing,2021-05-07 16:11:28.000,2021-05-07 16:11:29.979,0.021,2,2,0.73659354,0.0010878243,0.24567378,0.73659354,0.016644834
512,245,standing,2021-05-07 16:11:29.000,2021-05-07 16:11:30.979,0.021,2,2,0.7283807,0.0010197716,0.25518364,0.7283807,0.015415914
512,245,standing,2021-05-07 16:11:30.000,2021-05-07 16:11:31.979,0.021,2,2,0.7185289,0.0010249153,0.2631035,0.7185289,0.017342761
512,245,standing,2021-05-07 16:11:31.000,2021-05-07 16:11:32.979,0.021,2,2,0.71336275,0.0010440346,0.26609448,0.71336275,0.019498626
512,245,standing,2021-05-07 16:11:32.000,2021-05-07 16:11:33.979,0.021,2,2,0.7112826,0.0009813915,0.2704262,0.7112826,0.017309856
512,245,standing,2021-05-07 16:11:33.000,2021-05-07 16:11:34.979,0.021,2,2,0.7028231,0.0009847016,0.26560754,0.7028231,0.030584551
512,245,standing,2021-05-07 16:11:34.000,2021-05-07 16:11:35.979,0.021,2,2,0.5613695,0.0012495599,0.29755378,0.5613695,0.13982722
512,247,walking,2021-05-07 16:11:37.799,2021-05-07 16:11:39.779,0.021,3,3,0.9994518,4.3773275e-06,0.00027867113,0.0002650867,0.9994518
512,247,walking,2021-05-07 16:11:38.799,2021-05-07 16:11:40.779,0.021,3,3,0.99985695,1.0481477e-06,7.3998905e-05,6.809132e-05,0.99985695
512,247,walking,2021-05-07 16:11:39.799,2021-05-07 16:11:41.779,0.021,3,3,0.9974324,1.606708e-05,0.0012032472,0.0013482227,0.9974324
512,247,walking,2021-05-07 16:11:40.799,2021-05-07 16:11:42.779,0.021,3,3,0.99598044,2.0604086e-05,0.0016759505,0.0023229057,0.99598044
512,247,walking,2021-05-07 16:11:41.799,2021-05-07 16:11:43.779,0.021,3,3,0.97498643,9.212464e-05,0.010275889,0.014645564,0.97498643
512,247,walking,2021-05-07 16:11:42.799,2021-05-07 16:11:44.779,0.021,3,3,0.98042774,6.976282e-05,0.007478755,0.012023764,0.98042774
512,247,walking,2021-05-07 16:11:43.799,2021-05-07 16:11:45.779,0.021,3,3,0.9815449,7.651018e-05,0.006528137,0.0118504055,0.9815449
512,247,walking,2021-05-07 16:11:44.799,2021-05-07 16:11:46.779,0.021,3,3,0.9925365,4.1963118e-05,0.0031063773,0.004315174,0.9925365
512,249,standing,2021-05-07 16:11:48.080,2021-05-07 16:11:50.060,0.021,2,2,0.7839665,0.001082892,0.18662387,0.7839665,0.028326748
512,249,standing,2021-05-07 16:11:49.080,2021-05-07 16:11:51.060,0.021,2,2,0.77432173,0.0009879778,0.20798622,0.77432173,0.01670406
512,249,standing,2021-05-07 16:11:50.080,2021-05-07 16:11:52.060,0.021,2,2,0.75047666,0.0010386314,0.21639201,0.75047666,0.032092605
512,249,standing,2021-05-07 16:11:51.080,2021-05-07 16:11:53.060,0.021,2,2,0.74905556,0.0010220668,0.22327882,0.74905556,0.026643518
512,250,walking,2021-05-07 16:11:54.040,2021-05-07 16:11:56.020,0.021,3,3,0.99809253,1.2831897e-05,0.00077145256,0.001123119,0.99809253
512,250,walking,2021-05-07 16:11:55.040,2021-05-07 16:11:57.020,0.021,3,3,0.9996483,2.622831e-06,0.00016424988,0.00018478667,0.9996483
512,250,walking,2021-05-07 16:11:56.040,2021-05-07 16:11:58.020,0.021,3,3,0.9941899,2.531146e-05,0.002478921,0.0033057546,0.9941899
512,250,walking,2021-05-07 16:11:57.040,2021-05-07 16:11:59.020,0.021,3,3,0.99927837,4.9188966e-06,0.00032338506,0.00039329825,0.99927837
512,250,walking,2021-05-07 16:11:58.040,2021-05-07 16:12:00.019,0.021,3,3,0.9989265,7.9806605e-06,0.0004614522,0.0006041198,0.9989265
512,250,walking,2021-05-07 16:11:59.040,2021-05-07 16:12:01.019,0.021,3,3,0.99239343,3.5704903e-05,0.0028790934,0.0046917843,0.99239343
512,250,walking,2021-05-07 16:12:00.039,2021-05-07 16:12:02.019,0.021,3,3,0.99926054,3.6098484e-06,0.00027853943,0.00045719143,0.99926054
512,250,walking,2021-05-07 16:12:01.039,2021-05-07 16:12:03.019,0.021,3,3,0.99910825,4.316915e-06,0.00033542936,0.00055203016,0.99910825
512,250,walking,2021-05-07 16:12:02.039,2021-05-07 16:12:04.019,0.021,3,3,0.9978204,1.5604142e-05,0.0009737498,0.0011903055,0.9978204
512,250,walking,2021-05-07 16:12:03.039,2021-05-07 16:12:05.019,0.021,3,3,0.9934691,3.2849886e-05,0.0027372115,0.0037607958,0.9934691
512,250,walking,2021-05-07 16:12:04.039,2021-05-07 16:12:06.019,0.021,3,3,0.94803095,0.00012154026,0.02072046,0.031127099,0.94803095
512,250,walking,2021-05-07 16:12:05.039,2021-05-07 16:12:07.019,0.021,3,3,0.97264457,9.2577364e-05,0.01113765,0.016125213,0.97264457
512,250,walking,2021-05-07 16:12:06.039,2021-05-07 16:12:08.020,0.021,3,3,0.99624276,1.8556639e-05,0.0015760309,0.0021626954,0.99624276
512,250,walking,2021-05-07 16:12:07.039,2021-05-07 16:12:09.020,0.021,3,3,0.9947293,2.1116868e-05,0.0021097716,0.0031398083,0.9947293
512,250,walking,2021-05-07 16:12:08.039,2021-05-07 16:12:10.020,0.021,3,3,0.95740706,0.00012923681,0.015328924,0.02713485,0.95740706
512,250,walking,2021-05-07 16:12:09.039,2021-05-07 16:12:11.020,0.021,3,3,0.99037546,4.640061e-05,0.004118222,0.005459942,0.99037546
512,250,walking,2021-05-07 16:12:10.039,2021-05-07 16:12:12.020,0.021,3,3,0.99958724,2.9830803e-06,0.00020801777,0.0002017368,0.99958724
512,250,walking,2021-05-07 16:12:11.039,2021-05-07 16:12:13.020,0.021,3,3,0.99958485,2.8967863e-06,0.00019029884,0.00022198466,0.99958485
512,250,walking,2021-05-07 16:12:12.039,2021-05-07 16:12:14.020,0.021,3,3,0.99950975,3.8367666e-06,0.00024294606,0.00024355433,0.99950975
512,250,walking,2021-05-07 16:12:13.039,2021-05-07 16:12:15.020,0.021,3,3,0.9997735,1.7628132e-06,0.000112763904,0.000111942616,0.9997735
512,250,walking,2021-05-07 16:12:14.039,2021-05-07 16:12:16.020,0.021,3,3,0.99996644,2.0188173e-07,1.7591972e-05,1.571107e-05,0.99996644
512,250,walking,2021-05-07 16:12:15.039,2021-05-07 16:12:17.020,0.021,3,3,0.9999681,2.4132413e-07,1.8478664e-05,1.3120354e-05,0.9999681
512,250,walking,2021-05-07 16:12:16.040,2021-05-07 16:12:18.020,0.021,3,3,0.99942577,5.2067917e-06,0.00029542192,0.00027358695,0.99942577
512,250,walking,2021-05-07 16:12:17.040,2021-05-07 16:12:19.020,0.021,3,3,0.9999121,6.803711e-07,5.140072e-05,3.5757224e-05,0.9999121
512,250,walking,2021-05-07 16:12:18.040,2021-05-07 16:12:20.020,0.021,3,3,0.99907,5.630935e-06,0.0004422065,0.00048216424,0.99907
512,250,walking,2021-05-07 16:12:19.040,2021-05-07 16:12:21.020,0.021,3,3,0.9952948,2.6650598e-05,0.0018429697,0.002835635,0.9952948
512,250,walking,2021-05-07 16:12:20.040,2021-05-07 16:12:22.020,0.021,3,3,0.9984933,8.292824e-06,0.0007368363,0.0007615405,0.9984933
512,250,walking,2021-05-07 16:12:21.040,2021-05-07 16:12:23.020,0.021,3,3,0.99721634,1.3050054e-05,0.0013053943,0.0014651772,0.99721634
512,250,walking,2021-05-07 16:12:22.040,2021-05-07 16:12:24.020,0.021,3,3,0.9930206,3.6877896e-05,0.003083592,0.003858922,0.9930206
512,250,walking,2021-05-07 16:12:23.040,2021-05-07 16:12:25.020,0.021,3,3,0.99987006,9.812856e-07,7.2905714e-05,5.616818e-05,0.99987006
512,250,walking,2021-05-07 16:12:24.040,2021-05-07 16:12:26.020,0.021,3,3,0.9999692,1.7461828e-07,1.6779302e-05,1.3800605e-05,0.9999692
512,250,walking,2021-05-07 16:12:25.040,2021-05-07 16:12:27.020,0.021,3,3,0.998002,1.2935709e-05,0.00084977,0.0011352899,0.998002
512,250,walking,2021-05-07 16:12:26.040,2021-05-07 16:12:28.020,0.021,3,3,0.9985445,1.0396312e-05,0.0006843507,0.00076075277,0.9985445
512,250,walking,2021-05-07 16:12:27.040,2021-05-07 16:12:29.020,0.021,3,3,0.9998486,1.0485319e-06,7.5424316e-05,7.502924e-05,0.9998486
512,250,walking,2021-05-07 16:12:28.040,2021-05-07 16:12:30.020,0.021,3,3,0.9997816,1.5115785e-06,0.00010837932,0.000108547305,0.9997816
512,250,walking,2021-05-07 16:12:29.040,2021-05-07 16:12:31.020,0.021,3,3,0.9911674,3.9797633e-05,0.0041369377,0.0046557887,0.9911674
512,250,walking,2021-05-07 16:12:30.040,2021-05-07 16:12:32.020,0.021,3,3,0.9788224,8.882724e-05,0.009294654,0.011794124,0.9788224
512,250,walking,2021-05-07 16:12:31.040,2021-05-07 16:12:33.020,0.021,3,3,0.99471205,3.580768e-05,0.0022223874,0.003029729,0.99471205
512,250,walking,2021-05-07 16:12:32.040,2021-05-07 16:12:34.020,0.021,3,3,0.99995416,2.6765784e-07,2.2362135e-05,2.3188612e-05,0.99995416
512,250,walking,2021-05-07 16:12:33.040,2021-05-07 16:12:35.020,0.021,3,3,0.99956954,2.9658377e-06,0.00019965315,0.00022788845,0.99956954
512,250,walking,2021-05-07 16:12:34.040,2021-05-07 16:12:36.020,0.021,3,3,0.9990001,6.373968e-06,0.00045722877,0.0005363316,0.9990001
512,250,walking,2021-05-07 16:12:35.040,2021-05-07 16:12:37.020,0.021,3,3,0.9986489,7.786475e-06,0.000581803,0.0007614946,0.9986489
512,250,walking,2021-05-07 16:12:36.040,2021-05-07 16:12:38.020,0.021,3,3,0.99994224,3.1964913e-07,2.9442295e-05,2.7942344e-05,0.99994224
512,250,walking,2021-05-07 16:12:37.040,2021-05-07 16:12:39.020,0.021,3,3,0.9996447,3.1999273e-06,0.00018870356,0.00016341277,0.9996447
512,250,walking,2021-05-07 16:12:38.040,2021-05-07 16:12:40.020,0.021,3,3,0.9997523,2.1491428e-06,0.00012504091,0.000120468074,0.9997523
512,250,walking,2021-05-07 16:12:39.040,2021-05-07 16:12:41.020,0.021,3,3,0.99987173,8.1160624e-07,5.9405746e-05,6.80935e-05,0.99987173
512,250,walking,2021-05-07 16:12:40.040,2021-05-07 16:12:42.020,0.021,3,3,0.9957453,3.0041856e-05,0.0017841606,0.0024403997,0.9957453
512,250,walking,2021-05-07 16:12:41.040,2021-05-07 16:12:43.020,0.021,3,3,0.9987296,1.0003141e-05,0.0005888409,0.0006716673,0.9987296
512,250,walking,2021-05-07 16:12:42.040,2021-05-07 16:12:44.020,0.021,3,3,0.9999706,1.732218e-07,1.6426266e-05,1.2688235e-05,0.9999706
512,250,walking,2021-05-07 16:12:43.040,2021-05-07 16:12:45.020,0.021,3,3,0.99908906,5.5714236e-06,0.00046996408,0.00043551208,0.99908906
512,250,walking,2021-05-07 16:12:44.040,2021-05-07 16:12:46.020,0.021,3,3,0.999309,3.9222327e-06,0.00034327534,0.00034386906,0.999309
512,250,walking,2021-05-07 16:12:45.040,2021-05-07 16:12:47.020,0.021,3,3,0.9998424,8.498047e-07,7.252085e-05,8.434296e-05,0.9998424
512,250,walking,2021-05-07 16:12:46.040,2021-05-07 16:12:48.020,0.021,3,3,0.9992712,4.7438853e-06,0.00034259504,0.00038140427,0.9992712
512,250,walking,2021-05-07 16:12:47.040,2021-05-07 16:12:49.020,0.021,3,3,0.99785984,1.116005e-05,0.00092995545,0.0011989474,0.99785984
512,250,walking,2021-05-07 16:12:48.040,2021-05-07 16:12:50.020,0.021,3,3,0.9956603,1.549328e-05,0.0016479227,0.0026762881,0.9956603
512,250,walking,2021-05-07 16:12:49.040,2021-05-07 16:12:51.020,0.021,3,3,0.9997535,2.1284527e-06,0.0001292858,0.0001150449,0.9997535
512,250,walking,2021-05-07 16:12:50.040,2021-05-07 16:12:52.020,0.021,3,3,0.99992293,5.211904e-07,3.940967e-05,3.712909e-05,0.99992293
512,250,walking,2021-05-07 16:12:51.040,2021-05-07 16:12:53.020,0.021,3,3,0.9997128,1.4689921e-06,0.00012399469,0.00016164138,0.9997128
512,250,walking,2021-05-07 16:12:52.040,2021-05-07 16:12:54.020,0.021,3,3,0.9965528,1.9433217e-05,0.0014567686,0.0019709317,0.9965528
512,250,walking,2021-05-07 16:12:53.040,2021-05-07 16:12:55.020,0.021,3,3,0.9993501,5.0078793e-06,0.00030821716,0.0003366519,0.9993501
512,250,walking,2021-05-07 16:12:54.040,2021-05-07 16:12:56.020,0.021,3,3,0.9999241,4.753388e-07,4.1774645e-05,3.3544373e-05,0.9999241
512,250,walking,2021-05-07 16:12:55.040,2021-05-07 16:12:57.020,0.021,3,3,0.9975346,1.5487814e-05,0.0012964061,0.001153544,0.9975346
512,250,walking,2021-05-07 16:12:56.040,2021-05-07 16:12:58.020,0.021,3,3,0.9998026,1.6226755e-06,0.00010121784,9.460778e-05,0.9998026
512,250,walking,2021-05-07 16:12:57.040,2021-05-07 16:12:59.020,0.021,3,3,0.99993247,3.3130203e-07,3.263166e-05,3.4547083e-05,0.99993247
512,250,walking,2021-05-07 16:12:58.040,2021-05-07 16:13:00.019,0.021,3,3,0.9974631,1.43737925e-05,0.0011656649,0.0013568233,0.9974631
512,250,walking,2021-05-07 16:12:59.040,2021-05-07 16:13:01.019,0.021,3,3,0.99945456,3.938514e-06,0.00026167594,0.00027986374,0.99945456
512,250,walking,2021-05-07 16:13:00.039,2021-05-07 16:13:02.019,0.021,3,3,0.99719435,1.2235853e-05,0.0011704782,0.0016228178,0.99719435
512,250,walking,2021-05-07 16:13:01.039,2021-05-07 16:13:03.019,0.021,3,3,0.9957905,2.7409345e-05,0.00235311,0.0018289852,0.9957905
512,250,walking,2021-05-07 16:13:02.039,2021-05-07 16:13:04.019,0.021,3,3,0.99999315,3.7786517e-08,4.427063e-06,2.3183488e-06,0.99999315
512,250,walking,2021-05-07 16:13:03.039,2021-05-07 16:13:05.019,0.021,3,3,0.99998957,5.9148636e-08,6.5021086e-06,3.75465e-06,0.99998957
512,250,walking,2021-05-07 16:13:04.039,2021-05-07 16:13:06.019,0.021,3,3,0.9998338,1.6372995e-06,0.00010231694,6.219522e-05,0.9998338
512,250,walking,2021-05-07 16:13:05.039,2021-05-07 16:13:07.019,0.021,3,3,0.9999172,6.2326467e-07,4.674452e-05,3.5314068e-05,0.9999172
512,250,walking,2021-05-07 16:13:06.039,2021-05-07 16:13:08.020,0.021,3,3,0.9994505,4.165644e-06,0.0002635002,0.00028187528,0.9994505
512,253,standing,2021-05-07 16:13:09.680,2021-05-07 16:13:11.659,0.021,2,2,0.67852277,0.0019947104,0.27198654,0.67852277,0.047495984
512,255,standing,2021-05-07 16:13:13.319,2021-05-07 16:13:15.300,0.021,2,2,0.702569,0.000981541,0.26974675,0.702569,0.02670273
512,255,standing,2021-05-07 16:13:14.319,2021-05-07 16:13:16.299,0.021,2,2,0.7457455,0.0009963271,0.23403181,0.7457455,0.01922648
512,255,standing,2021-05-07 16:13:15.319,2021-05-07 16:13:17.299,0.021,2,2,0.7393996,0.001032158,0.22690316,0.7393996,0.03266513
512,256,walking,2021-05-07 16:13:17.559,2021-05-07 16:13:19.540,0.021,3,3,0.9963142,2.3105238e-05,0.0015783829,0.0020842673,0.9963142
512,256,walking,2021-05-07 16:13:18.559,2021-05-07 16:13:20.540,0.021,3,3,0.99945754,4.305097e-06,0.00025129138,0.00028688606,0.99945754
512,256,walking,2021-05-07 16:13:19.559,2021-05-07 16:13:21.540,0.021,3,3,0.99948853,2.86724e-06,0.00023214924,0.00027653904,0.99948853
512,256,walking,2021-05-07 16:13:20.559,2021-05-07 16:13:22.540,0.021,3,3,0.9953769,2.066612e-05,0.002015146,0.0025874013,0.9953769
512,256,walking,2021-05-07 16:13:21.559,2021-05-07 16:13:23.540,0.021,3,3,0.9639035,0.00012138743,0.0143097425,0.021665342,0.9639035
512,256,walking,2021-05-07 16:13:22.559,2021-05-07 16:13:24.540,0.021,3,3,0.94851434,0.00014935093,0.020382928,0.030953307,0.94851434
512,256,walking,2021-05-07 16:13:23.559,2021-05-07 16:13:25.540,0.021,3,3,0.9403486,0.00017177976,0.02382379,0.0356557,0.9403486
512,256,walking,2021-05-07 16:13:24.559,2021-05-07 16:13:26.540,0.021,3,3,0.99871796,9.019545e-06,0.0006322309,0.0006408017,0.99871796
512,256,walking,2021-05-07 16:13:25.559,2021-05-07 16:13:27.540,0.021,3,3,0.99988264,8.748361e-07,6.1711515e-05,5.4718446e-05,0.99988264
512,256,walking,2021-05-07 16:13:26.559,2021-05-07 16:13:28.540,0.021,3,3,0.99907094,4.8880156e-06,0.00042603936,0.0004982187,0.99907094
512,256,walking,2021-05-07 16:13:27.559,2021-05-07 16:13:29.540,0.021,3,3,0.99596226,2.130259e-05,0.0018116003,0.002204751,0.99596226
512,256,walking,2021-05-07 16:13:28.559,2021-05-07 16:13:30.540,0.021,3,3,0.9989909,7.593317e-06,0.0005007574,0.00050082477,0.9989909
512,256,walking,2021-05-07 16:13:29.559,2021-05-07 16:13:31.540,0.021,3,3,0.99984026,1.2251079e-06,9.1368915e-05,6.7155415e-05,0.99984026
512,256,walking,2021-05-07 16:13:30.559,2021-05-07 16:13:32.540,0.021,3,3,0.9999463,3.435362e-07,3.0653977e-05,2.266417e-05,0.9999463
512,256,walking,2021-05-07 16:13:31.559,2021-05-07 16:13:33.540,0.021,3,3,0.99981403,1.5145539e-06,9.721881e-05,8.715211e-05,0.99981403
512,256,walking,2021-05-07 16:13:32.560,2021-05-07 16:13:34.540,0.021,3,3,0.999468,3.9830907e-06,0.00028200794,0.00024595222,0.999468
512,256,walking,2021-05-07 16:13:33.560,2021-05-07 16:13:35.540,0.021,3,3,0.99918145,4.6711925e-06,0.0003951251,0.00041879833,0.99918145
512,256,walking,2021-05-07 16:13:34.560,2021-05-07 16:13:36.540,0.021,3,3,0.99860543,9.629048e-06,0.00060565904,0.0007793462,0.99860543
512,256,walking,2021-05-07 16:13:35.560,2021-05-07 16:13:37.540,0.021,3,3,0.9994878,3.370483e-06,0.00024391229,0.00026494943,0.9994878
512,256,walking,2021-05-07 16:13:36.560,2021-05-07 16:13:38.540,0.021,3,3,0.9999103,5.0903196e-07,4.3611373e-05,4.5489207e-05,0.9999103
512,256,walking,2021-05-07 16:13:37.560,2021-05-07 16:13:39.540,0.021,3,3,0.99926174,6.4181468e-06,0.0003405401,0.00039131928,0.99926174
512,256,walking,2021-05-07 16:13:38.560,2021-05-07 16:13:40.540,0.021,3,3,0.99902844,5.8805476e-06,0.00045553123,0.0005101397,0.99902844
512,256,walking,2021-05-07 16:13:39.560,2021-05-07 16:13:41.540,0.021,3,3,0.999351,3.901863e-06,0.00029688395,0.00034812995,0.999351
512,256,walking,2021-05-07 16:13:40.560,2021-05-07 16:13:42.540,0.021,3,3,0.99799514,1.164806e-05,0.00082495407,0.001168248,0.99799514
512,256,walking,2021-05-07 16:13:41.560,2021-05-07 16:13:43.540,0.021,3,3,0.9581269,0.00014495761,0.017914442,0.02381364,0.9581269
512,256,walking,2021-05-07 16:13:42.560,2021-05-07 16:13:44.540,0.021,3,3,0.99994785,3.5000716e-07,2.7614617e-05,2.4165482e-05,0.99994785
512,256,walking,2021-05-07 16:13:43.560,2021-05-07 16:13:45.540,0.021,3,3,0.99999493,2.0603503e-08,2.8429583e-06,2.1765936e-06,0.99999493
512,256,walking,2021-05-07 16:13:44.560,2021-05-07 16:13:46.540,0.021,3,3,0.9994578,3.8793337e-06,0.00027422185,0.00026408426,0.9994578
512,256,walking,2021-05-07 16:13:45.560,2021-05-07 16:13:47.540,0.021,3,3,0.99878216,9.552953e-06,0.00055952085,0.00064873527,0.99878216
512,256,walking,2021-05-07 16:13:46.560,2021-05-07 16:13:48.540,0.021,3,3,0.9999022,6.2475374e-07,4.8659913e-05,4.8476955e-05,0.9999022
512,256,walking,2021-05-07 16:13:47.560,2021-05-07 16:13:49.540,0.021,3,3,0.9992086,4.8473344e-06,0.00037192414,0.0004144546,0.9992086
512,256,walking,2021-05-07 16:13:48.560,2021-05-07 16:13:50.540,0.021,3,3,0.99456567,2.868493e-05,0.0024260336,0.0029796236,0.99456567
512,256,walking,2021-05-07 16:13:49.560,2021-05-07 16:13:51.540,0.021,3,3,0.9997797,1.3696902e-06,0.00012396456,9.502671e-05,0.9997797
512,256,walking,2021-05-07 16:13:50.560,2021-05-07 16:13:52.540,0.021,3,3,0.99959224,2.7071037e-06,0.00021503055,0.00018993636,0.99959224
512,256,walking,2021-05-07 16:13:51.560,2021-05-07 16:13:53.540,0.021,3,3,0.9994279,4.9769683e-06,0.00027589666,0.00029127128,0.9994279
512,256,walking,2021-05-07 16:13:52.560,2021-05-07 16:13:54.540,0.021,3,3,0.99986124,8.892957e-07,6.725848e-05,7.074583e-05,0.99986124
512,256,walking,2021-05-07 16:13:53.560,2021-05-07 16:13:55.540,0.021,3,3,0.9984402,1.24278085e-05,0.0007181389,0.00082923437,0.9984402
512,256,walking,2021-05-07 16:13:54.560,2021-05-07 16:13:56.540,0.021,3,3,0.99930304,5.3462136e-06,0.0003488023,0.00034281024,0.99930304
512,256,walking,2021-05-07 16:13:55.560,2021-05-07 16:13:57.540,0.021,3,3,0.9996609,2.2130755e-06,0.00016253385,0.00017439932,0.9996609
512,256,walking,2021-05-07 16:13:56.560,2021-05-07 16:13:58.540,0.021,3,3,0.998319,1.25226725e-05,0.00081579667,0.00085265096,0.998319
512,256,walking,2021-05-07 16:13:57.560,2021-05-07 16:13:59.540,0.021,3,3,0.9999972,1.3503583e-08,1.7924557e-06,9.75606e-07,0.9999972
512,256,walking,2021-05-07 16:13:58.560,2021-05-07 16:14:00.539,0.021,3,3,0.9999971,1.4563612e-08,1.8128735e-06,1.0885798e-06,0.9999971
512,256,walking,2021-05-07 16:13:59.560,2021-05-07 16:14:01.539,0.021,3,3,0.9987365,1.0294393e-05,0.00067047996,0.00058267335,0.9987365
512,256,walking,2021-05-07 16:14:00.559,2021-05-07 16:14:02.539,0.021,3,3,0.9999772,1.236667e-07,1.2491937e-05,1.0103793e-05,0.9999772
512,256,walking,2021-05-07 16:14:01.559,2021-05-07 16:14:03.539,0.021,3,3,0.9999383,3.744172e-07,2.8916833e-05,3.2318057e-05,0.9999383
512,257,standing,2021-05-07 16:14:03.920,2021-05-07 16:14:05.900,0.021,2,2,0.5410325,0.0013045238,0.3625248,0.5410325,0.09513806
512,257,standing,2021-05-07 16:14:04.920,2021-05-07 16:14:06.900,0.021,2,2,0.6140617,0.001132172,0.3270049,0.6140617,0.057801224
512,258,walking,2021-05-07 16:14:07.720,2021-05-07 16:14:09.699,0.021,3,3,0.99621487,2.2280681e-05,0.0014699221,0.0022930077,0.99621487
512,258,walking,2021-05-07 16:14:08.720,2021-05-07 16:14:10.699,0.021,3,3,0.9981812,1.1615641e-05,0.0007828928,0.0010242368,0.9981812
512,258,walking,2021-05-07 16:14:09.720,2021-05-07 16:14:11.699,0.021,3,3,0.99602807,1.8160516e-05,0.0017515554,0.0022021786,0.99602807
512,258,walking,2021-05-07 16:14:10.720,2021-05-07 16:14:12.699,0.021,3,3,0.9998879,7.9700817e-07,6.0186474e-05,5.1099865e-05,0.9998879
512,258,walking,2021-05-07 16:14:11.720,2021-05-07 16:14:13.699,0.021,3,3,0.9998679,1.225933e-06,7.2100585e-05,5.8817383e-05,0.9998679
512,258,walking,2021-05-07 16:14:12.720,2021-05-07 16:14:14.699,0.021,3,3,0.999986,8.0808704e-08,8.395663e-06,5.4729917e-06,0.999986
512,258,walking,2021-05-07 16:14:13.720,2021-05-07 16:14:15.699,0.021,3,3,0.99980617,1.8859422e-06,0.00010901037,8.305126e-05,0.99980617
512,258,walking,2021-05-07 16:14:14.720,2021-05-07 16:14:16.700,0.021,3,3,0.999072,6.1070496e-06,0.0004436876,0.0004782807,0.999072
512,258,walking,2021-05-07 16:14:15.720,2021-05-07 16:14:17.700,0.021,3,3,0.9999246,3.8349137e-07,3.629456e-05,3.8615137e-05,0.9999246
512,258,walking,2021-05-07 16:14:16.719,2021-05-07 16:14:18.700,0.021,3,3,0.99923676,6.341261e-06,0.00038614142,0.00037068216,0.99923676
512,258,walking,2021-05-07 16:14:17.719,2021-05-07 16:14:19.700,0.021,3,3,0.9998255,1.1491622e-06,8.550092e-05,8.786489e-05,0.9998255
512,258,walking,2021-05-07 16:14:18.719,2021-05-07 16:14:20.700,0.021,3,3,0.99975777,1.4968502e-06,0.00011911849,0.00012150937,0.99975777
512,258,walking,2021-05-07 16:14:19.719,2021-05-07 16:14:21.700,0.021,3,3,0.9955368,2.577385e-05,0.0021821812,0.0022552009,0.9955368
512,258,walking,2021-05-07 16:14:20.719,2021-05-07 16:14:22.700,0.021,3,3,0.9998572,1.1929563e-06,7.16313e-05,7.003505e-05,0.9998572
512,258,walking,2021-05-07 16:14:21.719,2021-05-07 16:14:23.700,0.021,3,3,0.9999648,1.8920706e-07,1.800459e-05,1.699725e-05,0.9999648
512,258,walking,2021-05-07 16:14:22.719,2021-05-07 16:14:24.700,0.021,3,3,0.9969383,2.0496254e-05,0.0015652922,0.0014758423,0.9969383
512,258,walking,2021-05-07 16:14:23.719,2021-05-07 16:14:25.700,0.021,3,3,0.9999736,1.7925886e-07,1.5979935e-05,1.023877e-05,0.9999736
512,258,walking,2021-05-07 16:14:24.719,2021-05-07 16:14:26.700,0.021,3,3,0.9997699,1.858039e-06,0.00012107142,0.00010726629,0.9997699
512,258,walking,2021-05-07 16:14:25.719,2021-05-07 16:14:27.700,0.021,3,3,0.99019164,5.05956e-05,0.0045016133,0.0052560647,0.99019164
512,258,walking,2021-05-07 16:14:26.719,2021-05-07 16:14:28.700,0.021,3,3,0.9997895,1.3102213e-06,0.00010076549,0.00010848275,0.9997895
512,258,walking,2021-05-07 16:14:27.719,2021-05-07 16:14:29.700,0.021,3,3,0.999973,1.3863382e-07,1.3569322e-05,1.3251526e-05,0.999973
512,258,walking,2021-05-07 16:14:28.719,2021-05-07 16:14:30.700,0.021,3,3,0.9998257,1.826192e-06,9.964721e-05,7.276453e-05,0.9998257
512,258,walking,2021-05-07 16:14:29.719,2021-05-07 16:14:31.700,0.021,3,3,0.9999588,3.0398027e-07,2.396413e-05,1.6853348e-05,0.9999588
512,258,walking,2021-05-07 16:14:30.719,2021-05-07 16:14:32.700,0.021,3,3,0.9996521,3.2237572e-06,0.00017262409,0.00017210022,0.9996521
512,258,walking,2021-05-07 16:14:31.719,2021-05-07 16:14:33.700,0.021,3,3,0.9975184,1.4666772e-05,0.0012081558,0.0012588145,0.9975184
512,258,walking,2021-05-07 16:14:32.720,2021-05-07 16:14:34.700,0.021,3,3,0.99995166,3.6611794e-07,2.8559944e-05,1.9315505e-05,0.99995166
512,258,walking,2021-05-07 16:14:33.720,2021-05-07 16:14:35.700,0.021,3,3,0.9995451,4.1910716e-06,0.00023720195,0.00021356046,0.9995451
512,258,walking,2021-05-07 16:14:34.720,2021-05-07 16:14:36.700,0.021,3,3,0.9924527,3.790146e-05,0.0035566236,0.003952833,0.9924527
512,258,walking,2021-05-07 16:14:35.720,2021-05-07 16:14:37.700,0.021,3,3,0.999909,6.9172677e-07,4.8823073e-05,4.1447856e-05,0.999909
512,258,walking,2021-05-07 16:14:36.720,2021-05-07 16:14:38.700,0.021,3,3,0.9995631,3.9131264e-06,0.00021163594,0.00022140943,0.9995631
512,258,walking,2021-05-07 16:14:37.720,2021-05-07 16:14:39.700,0.021,3,3,0.99778295,1.4629809e-05,0.0010772572,0.0011250796,0.99778295
512,258,walking,2021-05-07 16:14:38.720,2021-05-07 16:14:40.700,0.021,3,3,0.99977493,1.5776828e-06,0.00011826558,0.00010519762,0.99977493
512,258,walking,2021-05-07 16:14:39.720,2021-05-07 16:14:41.700,0.021,3,3,0.9994328,6.6076395e-06,0.0002823742,0.00027826565,0.9994328
512,258,walking,2021-05-07 16:14:40.720,2021-05-07 16:14:42.700,0.021,3,3,0.99985003,1.5137218e-06,8.197166e-05,6.6507695e-05,0.99985003
512,258,walking,2021-05-07 16:14:41.720,2021-05-07 16:14:43.700,0.021,3,3,0.9999468,4.2490268e-07,2.9455909e-05,2.3258737e-05,0.9999468
512,258,walking,2021-05-07 16:14:42.720,2021-05-07 16:14:44.700,0.021,3,3,0.999577,4.1404487e-06,0.00019583966,0.00022293995,0.999577
512,258,walking,2021-05-07 16:14:43.720,2021-05-07 16:14:45.700,0.021,3,3,0.99990255,8.0211737e-07,5.1166106e-05,4.536426e-05,0.99990255
512,258,walking,2021-05-07 16:14:44.720,2021-05-07 16:14:46.700,0.021,3,3,0.9998746,8.9756554e-07,5.988532e-05,6.4732696e-05,0.9998746
512,258,walking,2021-05-07 16:14:45.720,2021-05-07 16:14:47.700,0.021,3,3,0.9845215,9.081036e-05,0.005293644,0.010094126,0.9845215
512,258,walking,2021-05-07 16:14:46.720,2021-05-07 16:14:48.700,0.021,3,3,0.9998474,1.5086463e-06,8.438272e-05,6.680917e-05,0.9998474
512,258,walking,2021-05-07 16:14:47.720,2021-05-07 16:14:49.700,0.021,3,3,0.99948686,4.38711e-06,0.00025943437,0.00024937736,0.99948686
512,258,walking,2021-05-07 16:14:48.720,2021-05-07 16:14:50.700,0.021,3,3,0.999014,7.8720295e-06,0.0004458611,0.0005321896,0.999014
512,258,walking,2021-05-07 16:14:49.720,2021-05-07 16:14:51.700,0.021,3,3,0.99834776,8.201395e-06,0.0006875063,0.00095654547,0.99834776
512,258,walking,2021-05-07 16:14:50.720,2021-05-07 16:14:52.700,0.021,3,3,0.9940797,3.0514499e-05,0.0028567065,0.0030331467,0.9940797
512,258,walking,2021-05-07 16:14:51.720,2021-05-07 16:14:53.700,0.021,3,3,0.99988526,7.513351e-07,5.9045968e-05,5.4888867e-05,0.99988526
512,258,walking,2021-05-07 16:14:52.720,2021-05-07 16:14:54.700,0.021,3,3,0.9999841,7.32143e-08,8.077288e-06,7.684621e-06,0.9999841
512,258,walking,2021-05-07 16:14:53.720,2021-05-07 16:14:55.700,0.021,3,3,0.9995977,3.1472623e-06,0.00019009052,0.0002089423,0.9995977
512,258,walking,2021-05-07 16:14:54.720,2021-05-07 16:14:56.700,0.021,3,3,0.99913955,7.718141e-06,0.0004074765,0.0004452332,0.99913955
512,258,walking,2021-05-07 16:14:55.720,2021-05-07 16:14:57.700,0.021,3,3,0.99997514,1.2673658e-07,1.3110553e-05,1.1561782e-05,0.99997514
512,258,walking,2021-05-07 16:14:56.720,2021-05-07 16:14:58.700,0.021,3,3,0.99990565,7.987054e-07,5.2191055e-05,4.1312753e-05,0.99990565
512,258,walking,2021-05-07 16:14:57.720,2021-05-07 16:14:59.700,0.021,3,3,0.99999636,2.0190539e-08,2.2714196e-06,1.2609182e-06,0.99999636
512,258,walking,2021-05-07 16:14:58.720,2021-05-07 16:15:00.700,0.021,3,3,0.99998647,6.611501e-08,7.4662494e-06,5.9214385e-06,0.99998647
512,258,walking,2021-05-07 16:14:59.720,2021-05-07 16:15:01.700,0.021,3,3,0.9987562,9.776582e-06,0.0006605169,0.0005735913,0.9987562
512,258,walking,2021-05-07 16:15:00.720,2021-05-07 16:15:02.700,0.021,3,3,0.9994876,4.831111e-06,0.0002590696,0.0002486037,0.9994876
512,258,walking,2021-05-07 16:15:01.720,2021-05-07 16:15:03.700,0.021,3,3,0.99963397,2.6940556e-06,0.00016556494,0.00019764986,0.99963397
512,258,walking,2021-05-07 16:15:02.720,2021-05-07 16:15:04.699,0.021,3,3,0.99914706,7.088537e-06,0.00042046787,0.00042540047,0.99914706
512,258,walking,2021-05-07 16:15:03.720,2021-05-07 16:15:05.699,0.021,3,3,0.99987507,1.0505324e-06,6.534255e-05,5.870052e-05,0.99987507
512,258,walking,2021-05-07 16:15:04.720,2021-05-07 16:15:06.699,0.021,3,3,0.9993874,4.8125835e-06,0.00028252677,0.00032524526,0.9993874
512,258,walking,2021-05-07 16:15:05.720,2021-05-07 16:15:07.699,0.021,3,3,0.99859864,1.2021326e-05,0.000708284,0.0006810594,0.99859864
512,258,walking,2021-05-07 16:15:06.720,2021-05-07 16:15:08.699,0.021,3,3,0.99996775,2.2564605e-07,1.9220646e-05,1.2694807e-05,0.99996775
512,258,walking,2021-05-07 16:15:07.720,2021-05-07 16:15:09.699,0.021,3,3,0.99373317,2.8059723e-05,0.0028162645,0.0034225024,0.99373317
512,258,walking,2021-05-07 16:15:08.720,2021-05-07 16:15:10.699,0.021,3,3,0.9626354,0.00016119478,0.019981692,0.017221697,0.9626354
512,258,walking,2021-05-07 16:15:09.720,2021-05-07 16:15:11.699,0.021,3,3,0.9998636,9.5059784e-07,7.71932e-05,5.8245707e-05,0.9998636
512,258,walking,2021-05-07 16:15:10.720,2021-05-07 16:15:12.699,0.021,3,3,0.9999384,3.5909417e-07,3.298041e-05,2.8210394e-05,0.9999384
512,258,walking,2021-05-07 16:15:11.720,2021-05-07 16:15:13.699,0.021,3,3,0.999993,3.6328956e-08,4.320301e-06,2.5130564e-06,0.999993
512,258,walking,2021-05-07 16:15:12.720,2021-05-07 16:15:14.699,0.021,3,3,0.99999255,3.9909423e-08,4.6862733e-06,2.719262e-06,0.99999255
512,258,walking,2021-05-07 16:15:13.720,2021-05-07 16:15:15.699,0.021,3,3,0.9995556,4.355951e-06,0.00022768129,0.00021236038,0.9995556
512,258,walking,2021-05-07 16:15:14.720,2021-05-07 16:15:16.700,0.021,3,3,0.9999438,3.2981373e-07,2.9876486e-05,2.5896094e-05,0.9999438
512,258,walking,2021-05-07 16:15:15.720,2021-05-07 16:15:17.700,0.021,3,3,0.9999178,8.152486e-07,5.0183833e-05,3.1175277e-05,0.9999178
512,258,walking,2021-05-07 16:15:16.719,2021-05-07 16:15:18.700,0.021,3,3,0.9999742,2.0799361e-07,1.5410116e-05,1.009421e-05,0.9999742
512,258,walking,2021-05-07 16:15:17.719,2021-05-07 16:15:19.700,0.021,3,3,0.99963254,2.788853e-06,0.0001700737,0.00019455339,0.99963254
512,258,walking,2021-05-07 16:15:18.719,2021-05-07 16:15:20.700,0.021,3,3,0.999911,7.2824054e-07,5.0744835e-05,3.7401125e-05,0.999911
512,258,walking,2021-05-07 16:15:19.719,2021-05-07 16:15:21.700,0.021,3,3,0.9999953,2.8172618e-08,3.177393e-06,1.4736509e-06,0.9999953
512,258,walking,2021-05-07 16:15:20.719,2021-05-07 16:15:22.700,0.021,3,3,0.999534,4.1039552e-06,0.00023245046,0.00022940362,0.999534
512,258,walking,2021-05-07 16:15:21.719,2021-05-07 16:15:23.700,0.021,3,3,0.9999322,3.902894e-07,3.660749e-05,3.0691222e-05,0.9999322
512,258,walking,2021-05-07 16:15:22.719,2021-05-07 16:15:24.700,0.021,3,3,0.9999905,5.4530986e-08,6.1720734e-06,3.1436896e-06,0.9999905
512,258,walking,2021-05-07 16:15:23.719,2021-05-07 16:15:25.700,0.021,3,3,0.9996726,3.5602138e-06,0.00017748208,0.00014638202,0.9996726
512,258,walking,2021-05-07 16:15:24.719,2021-05-07 16:15:26.700,0.021,3,3,0.99938166,4.492915e-06,0.00032082666,0.0002930331,0.99938166
512,258,walking,2021-05-07 16:15:25.719,2021-05-07 16:15:27.700,0.021,3,3,0.99989825,7.9690466e-07,5.822057e-05,4.2618685e-05,0.99989825
512,258,walking,2021-05-07 16:15:26.719,2021-05-07 16:15:28.700,0.021,3,3,0.9997057,2.672097e-06,0.00014772464,0.0001437979,0.9997057
512,258,walking,2021-05-07 16:15:27.719,2021-05-07 16:15:29.700,0.021,3,3,0.99991745,6.791366e-07,4.7072484e-05,3.472755e-05,0.99991745
512,258,walking,2021-05-07 16:15:28.719,2021-05-07 16:15:30.700,0.021,3,3,0.9999655,1.9716057e-07,1.8391713e-05,1.5843145e-05,0.9999655
512,258,walking,2021-05-07 16:15:29.719,2021-05-07 16:15:31.700,0.021,3,3,0.9990553,7.0604824e-06,0.0003736039,0.00056400726,0.9990553
512,263,standing,2021-05-07 16:15:35.279,2021-05-07 16:15:37.259,0.021,2,2,0.7124713,0.0012258816,0.21890377,0.7124713,0.06739909
512,263,standing,2021-05-07 16:15:36.279,2021-05-07 16:15:38.259,0.021,2,2,0.7386006,0.0012133431,0.21352692,0.7386006,0.046659153
512,263,standing,2021-05-07 16:15:37.279,2021-05-07 16:15:39.259,0.021,2,2,0.7287592,0.0011897812,0.22636665,0.7287592,0.043684456
512,263,standing,2021-05-07 16:15:38.279,2021-05-07 16:15:40.259,0.021,2,2,0.7284183,0.0011643216,0.23937489,0.7284183,0.03104246
512,263,standing,2021-05-07 16:15:39.279,2021-05-07 16:15:41.259,0.021,2,2,0.7467957,0.0011796225,0.22717634,0.7467957,0.024848301
512,263,standing,2021-05-07 16:15:40.279,2021-05-07 16:15:42.259,0.021,2,2,0.75167394,0.0011731046,0.22673976,0.75167394,0.020413123
512,263,standing,2021-05-07 16:15:41.279,2021-05-07 16:15:43.259,0.021,2,2,0.72972035,0.0011696689,0.2328679,0.72972035,0.036242064
512,263,standing,2021-05-07 16:15:42.279,2021-05-07 16:15:44.259,0.021,2,2,0.72522014,0.0011279333,0.24706978,0.72522014,0.026582105
512,263,standing,2021-05-07 16:15:43.279,2021-05-07 16:15:45.259,0.021,2,2,0.73220444,0.0011564954,0.24566217,0.73220444,0.020976953
512,263,standing,2021-05-07 16:15:44.279,2021-05-07 16:15:46.259,0.021,2,2,0.73594683,0.0011613959,0.2444905,0.73594683,0.018401245
512,263,standing,2021-05-07 16:15:45.279,2021-05-07 16:15:47.259,0.021,2,2,0.73762137,0.0011408258,0.24764073,0.73762137,0.013596996
512,263,standing,2021-05-07 16:15:46.279,2021-05-07 16:15:48.259,0.021,2,2,0.74063885,0.0011452481,0.23794775,0.74063885,0.020268137
512,263,standing,2021-05-07 16:15:47.279,2021-05-07 16:15:49.259,0.021,2,2,0.73918086,0.0011723468,0.2336007,0.73918086,0.026046133
512,263,standing,2021-05-07 16:15:48.279,2021-05-07 16:15:50.259,0.021,2,2,0.7378715,0.0011651726,0.24273369,0.7378715,0.018229682
512,263,standing,2021-05-07 16:15:49.279,2021-05-07 16:15:51.259,0.021,2,2,0.7227549,0.0011565941,0.2517723,0.7227549,0.024316203
512,263,standing,2021-05-07 16:15:50.279,2021-05-07 16:15:52.259,0.021,2,2,0.7139438,0.0011742525,0.24953797,0.7139438,0.035344
512,263,standing,2021-05-07 16:15:51.279,2021-05-07 16:15:53.259,0.021,2,2,0.71139646,0.0011914091,0.23799418,0.71139646,0.049417954
512,263,standing,2021-05-07 16:15:52.279,2021-05-07 16:15:54.259,0.021,2,2,0.6033571,0.0012723161,0.22263364,0.6033571,0.17273702
512,263,standing,2021-05-07 16:15:53.279,2021-05-07 16:15:55.259,0.021,2,2,0.476254,0.0011911028,0.18623412,0.476254,0.3363208
512,265,standing,2021-05-07 16:15:56.119,2021-05-07 16:15:58.099,0.021,2,2,0.7062212,0.0012038073,0.24353917,0.7062212,0.049035788
512,267,standing,2021-05-07 16:16:00.480,2021-05-07 16:16:02.460,0.021,2,2,0.68930364,0.0010828543,0.27282602,0.68930364,0.036787488
512,267,standing,2021-05-07 16:16:01.480,2021-05-07 16:16:03.460,0.021,2,2,0.6959884,0.0010872454,0.26949805,0.6959884,0.03342637
512,267,standing,2021-05-07 16:16:02.480,2021-05-07 16:16:04.460,0.021,2,2,0.6767638,0.0011378132,0.2735717,0.6767638,0.048526593
512,267,standing,2021-05-07 16:16:03.480,2021-05-07 16:16:05.460,0.021,2,2,0.7017801,0.0011040808,0.26471788,0.7017801,0.032398015
512,267,standing,2021-05-07 16:16:04.480,2021-05-07 16:16:06.460,0.021,2,2,0.711258,0.0010750998,0.26476762,0.711258,0.022899242
512,267,standing,2021-05-07 16:16:05.480,2021-05-07 16:16:07.460,0.021,2,2,0.7151383,0.0010541829,0.25891894,0.7151383,0.024888452
512,267,standing,2021-05-07 16:16:06.480,2021-05-07 16:16:08.460,0.021,2,2,0.7301769,0.0010970827,0.25206172,0.7301769,0.01666425
512,267,standing,2021-05-07 16:16:07.480,2021-05-07 16:16:09.460,0.021,2,2,0.73433095,0.001142817,0.24779667,0.73433095,0.016729515
512,267,standing,2021-05-07 16:16:08.479,2021-05-07 16:16:10.460,0.021,2,2,0.727795,0.0011521183,0.2581393,0.727795,0.012913583
512,267,standing,2021-05-07 16:16:09.479,2021-05-07 16:16:11.460,0.021,2,2,0.7221709,0.0011233257,0.26594594,0.7221709,0.010759802
512,267,standing,2021-05-07 16:16:10.479,2021-05-07 16:16:12.460,0.021,2,2,0.7256054,0.001072853,0.25897208,0.7256054,0.014349644
512,267,standing,2021-05-07 16:16:11.479,2021-05-07 16:16:13.460,0.021,2,2,0.72576296,0.0010511193,0.25929722,0.72576296,0.013888797
512,269,standing,2021-05-07 16:16:16.079,2021-05-07 16:16:18.059,0.021,2,2,0.5852456,0.0013039255,0.3117968,0.5852456,0.10165372
512,270,walking,2021-05-07 16:16:18.239,2021-05-07 16:16:20.219,0.021,3,3,0.9196668,0.00027018602,0.030151635,0.049911324,0.9196668
512,270,walking,2021-05-07 16:16:19.239,2021-05-07 16:16:21.219,0.021,3,3,0.9992843,4.863733e-06,0.00033834216,0.00037245298,0.9992843
512,270,walking,2021-05-07 16:16:20.239,2021-05-07 16:16:22.219,0.021,3,3,0.9985671,8.874103e-06,0.00076744857,0.00065657217,0.9985671
512,270,walking,2021-05-07 16:16:21.239,2021-05-07 16:16:23.219,0.021,3,3,0.99743825,1.4449148e-05,0.0012513314,0.0012959577,0.99743825
512,270,walking,2021-05-07 16:16:22.239,2021-05-07 16:16:24.219,0.021,3,3,0.9998961,5.8043753e-07,4.968663e-05,5.35142e-05,0.9998961
512,270,walking,2021-05-07 16:16:23.239,2021-05-07 16:16:25.219,0.021,3,3,0.9994814,3.4414013e-06,0.0002628568,0.0002521919,0.9994814
512,271,standing,2021-05-07 16:16:25.680,2021-05-07 16:16:27.659,0.021,2,2,0.71238935,0.001116486,0.25552097,0.71238935,0.030973285
512,272,walking,2021-05-07 16:16:28.639,2021-05-07 16:16:30.619,0.021,3,3,0.9940382,3.4790017e-05,0.0023291328,0.0035978886,0.9940382
512,272,walking,2021-05-07 16:16:29.639,2021-05-07 16:16:31.619,0.021,3,3,0.999989,5.462188e-08,6.1537503e-06,4.7010776e-06,0.999989
512,272,walking,2021-05-07 16:16:30.639,2021-05-07 16:16:32.619,0.021,3,3,0.99996406,2.0934831e-07,1.9414008e-05,1.6306289e-05,0.99996406
512,272,walking,2021-05-07 16:16:31.639,2021-05-07 16:16:33.619,0.021,3,3,0.99988586,9.0708176e-07,5.9093887e-05,5.401608e-05,0.99988586
512,272,walking,2021-05-07 16:16:32.639,2021-05-07 16:16:34.619,0.021,3,3,0.9999798,1.0658059e-07,1.09472785e-05,9.0425665e-06,0.9999798
512,272,walking,2021-05-07 16:16:33.639,2021-05-07 16:16:35.619,0.021,3,3,0.9962488,1.918726e-05,0.0015546122,0.002177478,0.9962488
512,272,walking,2021-05-07 16:16:34.639,2021-05-07 16:16:36.619,0.021,3,3,0.9984326,9.29995e-06,0.0006168706,0.00094120123,0.9984326
512,272,walking,2021-05-07 16:16:35.639,2021-05-07 16:16:37.619,0.021,3,3,0.9998924,6.175198e-07,5.0494604e-05,5.6419776e-05,0.9998924
512,272,walking,2021-05-07 16:16:36.639,2021-05-07 16:16:38.619,0.021,3,3,0.9998343,1.2833314e-06,8.7740314e-05,7.676514e-05,0.9998343
512,272,walking,2021-05-07 16:16:37.639,2021-05-07 16:16:39.619,0.021,3,3,0.9985412,9.384805e-06,0.0007166649,0.0007327043,0.9985412
512,272,walking,2021-05-07 16:16:38.639,2021-05-07 16:16:40.619,0.021,3,3,0.99988776,9.3892857e-07,6.867666e-05,4.2603566e-05,0.99988776
512,272,walking,2021-05-07 16:16:39.639,2021-05-07 16:16:41.619,0.021,3,3,0.9999873,8.2134605e-08,8.15165e-06,4.421721e-06,0.9999873
512,272,walking,2021-05-07 16:16:40.639,2021-05-07 16:16:42.619,0.021,3,3,0.9999631,3.2304683e-07,2.0381849e-05,1.6085512e-05,0.9999631
512,272,walking,2021-05-07 16:16:41.639,2021-05-07 16:16:43.619,0.021,3,3,0.9999971,1.1572101e-08,1.7394327e-06,1.0597205e-06,0.9999971
512,272,walking,2021-05-07 16:16:42.639,2021-05-07 16:16:44.619,0.021,3,3,0.9996924,2.143467e-06,0.00018145506,0.00012406077,0.9996924
512,272,walking,2021-05-07 16:16:43.639,2021-05-07 16:16:45.619,0.021,3,3,0.9999556,3.5949677e-07,2.601797e-05,1.7957185e-05,0.9999556
512,272,walking,2021-05-07 16:16:44.639,2021-05-07 16:16:46.619,0.021,3,3,0.9999952,2.7994458e-08,2.8053284e-06,1.9645013e-06,0.9999952
512,272,walking,2021-05-07 16:16:45.639,2021-05-07 16:16:47.619,0.021,3,3,0.9999921,4.681902e-08,4.738483e-06,3.1106924e-06,0.9999921
512,272,walking,2021-05-07 16:16:46.639,2021-05-07 16:16:48.619,0.021,3,3,0.9932641,4.396038e-05,0.0038894052,0.0028024928,0.9932641
512,272,walking,2021-05-07 16:16:47.639,2021-05-07 16:16:49.619,0.021,3,3,0.99819356,1.0894696e-05,0.0009001099,0.00089547527,0.99819356
512,272,walking,2021-05-07 16:16:48.639,2021-05-07 16:16:50.619,0.021,3,3,0.9993084,5.3517256e-06,0.0003304825,0.00035578298,0.9993084
512,272,walking,2021-05-07 16:16:49.639,2021-05-07 16:16:51.619,0.021,3,3,0.999769,2.5268896e-06,0.0001403758,8.814133e-05,0.999769
512,272,walking,2021-05-07 16:16:50.639,2021-05-07 16:16:52.619,0.021,3,3,0.999628,2.460744e-06,0.000201428,0.00016809616,0.999628
512,272,walking,2021-05-07 16:16:51.639,2021-05-07 16:16:53.619,0.021,3,3,0.99957985,2.6157275e-06,0.00019461068,0.00022275528,0.99957985
512,272,walking,2021-05-07 16:16:52.639,2021-05-07 16:16:54.619,0.021,3,3,0.9998541,1.2250175e-06,7.897926e-05,6.577219e-05,0.9998541
512,272,walking,2021-05-07 16:16:53.639,2021-05-07 16:16:55.619,0.021,3,3,0.9999955,2.5838013e-08,2.821304e-06,1.6209669e-06,0.9999955
512,272,walking,2021-05-07 16:16:54.639,2021-05-07 16:16:56.619,0.021,3,3,0.99999493,2.5379165e-08,2.7979615e-06,2.2296786e-06,0.99999493
512,272,walking,2021-05-07 16:16:55.639,2021-05-07 16:16:57.619,0.021,3,3,0.9999772,1.3541441e-07,1.3222596e-05,9.367109e-06,0.9999772
512,272,walking,2021-05-07 16:16:56.639,2021-05-07 16:16:58.619,0.021,3,3,0.9999524,2.9387945e-07,2.7660182e-05,1.9625999e-05,0.9999524
512,272,walking,2021-05-07 16:16:57.639,2021-05-07 16:16:59.619,0.021,3,3,0.99592865,2.3127772e-05,0.001872003,0.0021762066,0.99592865
512,272,walking,2021-05-07 16:16:58.639,2021-05-07 16:17:00.619,0.021,3,3,0.995718,2.498206e-05,0.002113031,0.0021440897,0.995718
512,272,walking,2021-05-07 16:16:59.639,2021-05-07 16:17:01.619,0.021,3,3,0.9997611,1.7286729e-06,0.00012348639,0.00011363998,0.9997611
512,272,walking,2021-05-07 16:17:00.640,2021-05-07 16:17:02.619,0.021,3,3,0.9979347,1.1955263e-05,0.0009389523,0.0011144403,0.9979347
512,272,walking,2021-05-07 16:17:01.640,2021-05-07 16:17:03.619,0.021,3,3,0.9983307,1.1417283e-05,0.0009875635,0.000670236,0.9983307
512,272,walking,2021-05-07 16:17:02.640,2021-05-07 16:17:04.619,0.021,3,3,0.99997026,2.1851969e-07,1.889973e-05,1.0513046e-05,0.99997026
512,272,walking,2021-05-07 16:17:03.640,2021-05-07 16:17:05.619,0.021,3,3,0.9998793,1.1496965e-06,6.914642e-05,5.033523e-05,0.9998793
512,272,walking,2021-05-07 16:17:04.640,2021-05-07 16:17:06.619,0.021,3,3,0.999794,2.2586228e-06,0.00012419673,7.9453916e-05,0.999794
512,272,walking,2021-05-07 16:17:05.640,2021-05-07 16:17:07.619,0.021,3,3,0.99988264,8.691405e-07,6.5145556e-05,5.1316132e-05,0.99988264
512,272,walking,2021-05-07 16:17:06.640,2021-05-07 16:17:08.619,0.021,3,3,0.9993944,3.9300194e-06,0.00029441027,0.00030729247,0.9993944
512,272,walking,2021-05-07 16:17:07.640,2021-05-07 16:17:09.619,0.021,3,3,0.9997883,2.0702937e-06,0.00012438116,8.5270716e-05,0.9997883
512,272,walking,2021-05-07 16:17:08.640,2021-05-07 16:17:10.619,0.021,3,3,0.9991566,5.6420345e-06,0.0004461423,0.00039157338,0.9991566
512,272,walking,2021-05-07 16:17:09.640,2021-05-07 16:17:11.619,0.021,3,3,0.99625,1.9527522e-05,0.0017119822,0.0020185811,0.99625
512,272,walking,2021-05-07 16:17:10.640,2021-05-07 16:17:12.619,0.021,3,3,0.98166966,7.229995e-05,0.009661438,0.008596566,0.98166966
512,272,walking,2021-05-07 16:17:11.640,2021-05-07 16:17:13.619,0.021,3,3,0.997956,9.378437e-06,0.0009861685,0.0010483678,0.997956
512,272,walking,2021-05-07 16:17:12.640,2021-05-07 16:17:14.619,0.021,3,3,0.9942748,3.009638e-05,0.002578271,0.0031168044,0.9942748
512,272,walking,2021-05-07 16:17:13.640,2021-05-07 16:17:15.619,0.021,3,3,0.98211455,0.00010179101,0.009563685,0.008219992,0.98211455
512,272,walking,2021-05-07 16:17:14.640,2021-05-07 16:17:16.619,0.021,3,3,0.9985726,8.416513e-06,0.0006868769,0.0007320498,0.9985726
512,272,walking,2021-05-07 16:17:15.640,2021-05-07 16:17:17.619,0.021,3,3,0.9637258,0.00012760317,0.0154931145,0.020653442,0.9637258
512,272,walking,2021-05-07 16:17:16.639,2021-05-07 16:17:18.619,0.021,3,3,0.73107296,0.00079886086,0.11622427,0.15190385,0.73107296
512,272,walking,2021-05-07 16:17:17.639,2021-05-07 16:17:19.619,0.021,3,3,0.9921625,4.877811e-05,0.0032449348,0.0045438223,0.9921625
512,272,walking,2021-05-07 16:17:18.639,2021-05-07 16:17:20.619,0.021,3,3,0.9993276,3.6938973e-06,0.00032670583,0.00034197277,0.9993276
512,272,walking,2021-05-07 16:17:19.639,2021-05-07 16:17:21.619,0.021,3,3,0.9965587,1.7973647e-05,0.0017159802,0.0017073108,0.9965587
512,272,walking,2021-05-07 16:17:20.639,2021-05-07 16:17:22.619,0.021,3,3,0.999112,7.0412543e-06,0.00042975653,0.0004511638,0.999112
512,272,walking,2021-05-07 16:17:21.639,2021-05-07 16:17:23.619,0.021,3,3,0.99941075,3.421596e-06,0.00030295772,0.000282896,0.99941075
512,272,walking,2021-05-07 16:17:22.639,2021-05-07 16:17:24.619,0.021,3,3,0.99886113,7.179101e-06,0.00057965185,0.0005520953,0.99886113
512,272,walking,2021-05-07 16:17:23.639,2021-05-07 16:17:25.619,0.021,3,3,0.9995064,4.2616875e-06,0.00025632372,0.00023303824,0.9995064
512,272,walking,2021-05-07 16:17:24.639,2021-05-07 16:17:26.619,0.021,3,3,0.9953635,2.3509188e-05,0.0022484467,0.0023645132,0.9953635
512,272,walking,2021-05-07 16:17:25.639,2021-05-07 16:17:27.619,0.021,3,3,0.9975423,1.339375e-05,0.0011358145,0.0013084232,0.9975423
512,272,walking,2021-05-07 16:17:26.639,2021-05-07 16:17:28.619,0.021,3,3,0.99885887,7.066961e-06,0.00054632715,0.0005877523,0.99885887
512,272,walking,2021-05-07 16:17:27.639,2021-05-07 16:17:29.619,0.021,3,3,0.99911773,8.701126e-06,0.0004635914,0.00040994695,0.99911773
512,272,walking,2021-05-07 16:17:28.639,2021-05-07 16:17:30.619,0.021,3,3,0.99860185,1.3617615e-05,0.000681238,0.0007032523,0.99860185
512,272,walking,2021-05-07 16:17:29.639,2021-05-07 16:17:31.619,0.021,3,3,0.9996559,2.0264886e-06,0.00015989224,0.00018223959,0.9996559
512,272,walking,2021-05-07 16:17:30.639,2021-05-07 16:17:32.619,0.021,3,3,0.99950975,3.5226449e-06,0.00022250229,0.0002642396,0.99950975
512,272,walking,2021-05-07 16:17:31.639,2021-05-07 16:17:33.619,0.021,3,3,0.99922794,6.0366697e-06,0.00035343398,0.00041261473,0.99922794
512,272,walking,2021-05-07 16:17:32.639,2021-05-07 16:17:34.619,0.021,3,3,0.9993979,4.268216e-06,0.00029681716,0.0003010377,0.9993979
512,272,walking,2021-05-07 16:17:33.639,2021-05-07 16:17:35.619,0.021,3,3,0.9994137,4.234034e-06,0.00028604653,0.00029602865,0.9994137
512,272,walking,2021-05-07 16:17:34.639,2021-05-07 16:17:36.619,0.021,3,3,0.98131216,9.343621e-05,0.007815082,0.010779445,0.98131216
512,272,walking,2021-05-07 16:17:35.639,2021-05-07 16:17:37.619,0.021,3,3,0.87644583,0.00051665935,0.06629187,0.05674561,0.87644583
512,272,walking,2021-05-07 16:17:36.639,2021-05-07 16:17:38.619,0.021,3,3,0.9668153,0.000132295,0.013855746,0.019196594,0.9668153
512,272,walking,2021-05-07 16:17:37.639,2021-05-07 16:17:39.619,0.021,3,3,0.9165823,0.00026156282,0.028691163,0.054464944,0.9165823
512,275,standing,2021-05-07 16:17:42.439,2021-05-07 16:17:44.419,0.021,2,2,0.72382206,0.0011343665,0.2542011,0.72382206,0.020842407
512,275,standing,2021-05-07 16:17:43.439,2021-05-07 16:17:45.419,0.021,2,2,0.72164077,0.0011659755,0.2595396,0.72164077,0.0176536
512,275,standing,2021-05-07 16:17:44.439,2021-05-07 16:17:46.419,0.021,2,2,0.71764153,0.0011825664,0.2615596,0.71764153,0.019616365
512,275,standing,2021-05-07 16:17:45.439,2021-05-07 16:17:47.419,0.021,2,2,0.7118414,0.0012176684,0.2536156,0.7118414,0.033325396
512,275,standing,2021-05-07 16:17:46.439,2021-05-07 16:17:48.419,0.021,2,2,0.7168116,0.00121264,0.24148126,0.7168116,0.040494572
512,275,standing,2021-05-07 16:17:47.439,2021-05-07 16:17:49.419,0.021,2,2,0.72405237,0.0012240525,0.24851018,0.72405237,0.026213486
512,275,standing,2021-05-07 16:17:48.439,2021-05-07 16:17:50.419,0.021,2,2,0.7215984,0.0012278799,0.25070128,0.7215984,0.026472433
512,275,standing,2021-05-07 16:17:49.439,2021-05-07 16:17:51.419,0.021,2,2,0.7266064,0.0012482749,0.24429905,0.7266064,0.027846307
512,275,standing,2021-05-07 16:17:50.439,2021-05-07 16:17:52.419,0.021,2,2,0.72988325,0.0012156793,0.25081074,0.72988325,0.018090328
512,279,standing,2021-05-07 16:17:56.159,2021-05-07 16:17:58.139,0.021,2,2,0.6697044,0.001151583,0.26050913,0.6697044,0.068634786
512,279,standing,2021-05-07 16:17:57.159,2021-05-07 16:17:59.139,0.021,2,2,0.70801836,0.0011922495,0.22561075,0.70801836,0.06517863
512,279,standing,2021-05-07 16:17:58.159,2021-05-07 16:18:00.140,0.021,2,2,0.7436948,0.0011372014,0.21879536,0.7436948,0.036372665
512,279,standing,2021-05-07 16:17:59.159,2021-05-07 16:18:01.140,0.021,2,2,0.74990964,0.0011295443,0.22553983,0.74990964,0.023421036
512,279,standing,2021-05-07 16:18:00.160,2021-05-07 16:18:02.140,0.021,2,2,0.7302893,0.0011250625,0.2296224,0.7302893,0.038963266
512,281,standing,2021-05-07 16:18:06.840,2021-05-07 16:18:08.819,0.021,2,2,0.7232126,0.0009559292,0.24672416,0.7232126,0.02910726
512,281,standing,2021-05-07 16:18:07.840,2021-05-07 16:18:09.819,0.021,2,2,0.7101698,0.001074452,0.25764415,0.7101698,0.031111728
512,281,standing,2021-05-07 16:18:08.840,2021-05-07 16:18:10.819,0.021,2,2,0.6777777,0.0011171995,0.27301797,0.6777777,0.048087038
512,285,standing,2021-05-07 16:18:13.520,2021-05-07 16:18:15.500,0.021,2,2,0.72646236,0.0013341752,0.19743052,0.72646236,0.074773036
512,285,standing,2021-05-07 16:18:14.520,2021-05-07 16:18:16.500,0.021,2,2,0.73259914,0.0011526253,0.21945205,0.73259914,0.04679616
512,287,standing,2021-05-07 16:18:18.280,2021-05-07 16:18:20.260,0.021,2,2,0.6708303,0.0012046081,0.22271599,0.6708303,0.10524911
512,288,walking,2021-05-07 16:18:20.319,2021-05-07 16:18:22.299,0.021,3,3,0.95844316,0.00014473121,0.01501821,0.026393905,0.95844316
512,288,walking,2021-05-07 16:18:21.319,2021-05-07 16:18:23.299,0.021,3,3,0.96719503,0.000103244965,0.0111567965,0.02154487,0.96719503
512,288,walking,2021-05-07 16:18:22.319,2021-05-07 16:18:24.299,0.021,3,3,0.99390566,2.8371105e-05,0.0019465054,0.0041193906,0.99390566
512,288,walking,2021-05-07 16:18:23.319,2021-05-07 16:18:25.299,0.021,3,3,0.9992992,6.005781e-06,0.00030531868,0.00038954892,0.9992992
512,288,walking,2021-05-07 16:18:24.319,2021-05-07 16:18:26.299,0.021,3,3,0.99473,3.5348345e-05,0.0020296185,0.0032050556,0.99473
512,288,walking,2021-05-07 16:18:25.319,2021-05-07 16:18:27.299,0.021,3,3,0.999375,3.8610974e-06,0.00027174223,0.00034934745,0.999375
512,288,walking,2021-05-07 16:18:26.319,2021-05-07 16:18:28.299,0.021,3,3,0.9992034,4.1150743e-06,0.00029681914,0.00049553835,0.9992034
512,289,standing,2021-05-07 16:18:28.360,2021-05-07 16:18:30.340,0.021,2,2,0.72072047,0.0016747649,0.13676652,0.72072047,0.14083819
512,290,walking,2021-05-07 16:18:30.360,2021-05-07 16:18:32.340,0.021,3,3,0.9928798,3.628976e-05,0.002489018,0.004594917,0.9928798
512,290,walking,2021-05-07 16:18:31.360,2021-05-07 16:18:33.340,0.021,3,3,0.9934307,3.239077e-05,0.0025952891,0.0039414903,0.9934307
512,290,walking,2021-05-07 16:18:32.360,2021-05-07 16:18:34.340,0.021,3,3,0.99926805,4.7482336e-06,0.0003234172,0.00040375692,0.99926805
512,290,walking,2021-05-07 16:18:33.360,2021-05-07 16:18:35.340,0.021,3,3,0.9987727,7.918121e-06,0.0005308718,0.0006885612,0.9987727
512,290,walking,2021-05-07 16:18:34.360,2021-05-07 16:18:36.340,0.021,3,3,0.9932107,3.077897e-05,0.0028351415,0.0039234282,0.9932107
512,290,walking,2021-05-07 16:18:35.360,2021-05-07 16:18:37.340,0.021,3,3,0.995718,2.040054e-05,0.0017260511,0.0025355176,0.995718
512,290,walking,2021-05-07 16:18:36.360,2021-05-07 16:18:38.340,0.021,3,3,0.99223834,3.6242945e-05,0.0037967304,0.0039285743,0.99223834
512,290,walking,2021-05-07 16:18:37.360,2021-05-07 16:18:39.340,0.021,3,3,0.9844676,7.6524164e-05,0.006860011,0.0085958885,0.9844676
512,290,walking,2021-05-07 16:18:38.360,2021-05-07 16:18:40.340,0.021,3,3,0.99491906,2.1825332e-05,0.0018295539,0.003229524,0.99491906
512,290,walking,2021-05-07 16:18:39.360,2021-05-07 16:18:41.340,0.021,3,3,0.96581954,0.00012384383,0.012313324,0.02174327,0.96581954
512,290,walking,2021-05-07 16:18:40.360,2021-05-07 16:18:42.340,0.021,3,3,0.50512797,0.00093268784,0.14287096,0.35106835,0.50512797
512,290,walking,2021-05-07 16:18:41.360,2021-05-07 16:18:43.340,0.021,3,3,0.93239796,0.00018392276,0.020883324,0.046534866,0.93239796
512,290,walking,2021-05-07 16:18:42.360,2021-05-07 16:18:44.340,0.021,3,3,0.9941542,2.9884726e-05,0.0022057777,0.0036101018,0.9941542
512,290,walking,2021-05-07 16:18:43.360,2021-05-07 16:18:45.340,0.021,3,3,0.9809489,7.073094e-05,0.0063799154,0.012600409,0.9809489
512,290,walking,2021-05-07 16:18:44.360,2021-05-07 16:18:46.340,0.021,3,3,0.97098297,0.00013191848,0.009686226,0.019198932,0.97098297
512,290,walking,2021-05-07 16:18:45.360,2021-05-07 16:18:47.340,0.021,3,3,0.9917856,4.922841e-05,0.003046739,0.005118442,0.9917856
512,290,walking,2021-05-07 16:18:46.360,2021-05-07 16:18:48.340,0.021,3,3,0.9998262,1.2260374e-06,7.3664996e-05,9.887613e-05,0.9998262
512,290,walking,2021-05-07 16:18:47.360,2021-05-07 16:18:49.340,0.021,3,3,0.99844784,1.2710083e-05,0.00063466624,0.00090483285,0.99844784
512,290,walking,2021-05-07 16:18:48.360,2021-05-07 16:18:50.340,0.021,3,3,0.964964,0.00017665488,0.0126001425,0.022259202,0.964964
512,290,walking,2021-05-07 16:18:49.360,2021-05-07 16:18:51.340,0.021,3,3,0.91016775,0.00040143623,0.027479647,0.06195116,0.91016775
512,290,walking,2021-05-07 16:18:50.360,2021-05-07 16:18:52.340,0.021,3,3,0.9857803,6.954349e-05,0.0054871696,0.008663027,0.9857803
512,290,walking,2021-05-07 16:18:51.360,2021-05-07 16:18:53.340,0.021,3,3,0.9921881,4.4781937e-05,0.0028361946,0.0049309037,0.9921881
512,290,walking,2021-05-07 16:18:52.360,2021-05-07 16:18:54.340,0.021,3,3,0.99041325,7.259823e-05,0.0035248122,0.005989318,0.99041325
512,290,walking,2021-05-07 16:18:53.360,2021-05-07 16:18:55.340,0.021,3,3,0.99850655,1.4866235e-05,0.0007096878,0.00076891587,0.99850655
512,290,walking,2021-05-07 16:18:54.360,2021-05-07 16:18:56.340,0.021,3,3,0.9996218,2.6698735e-06,0.00015944308,0.00021595927,0.9996218
512,290,walking,2021-05-07 16:18:55.360,2021-05-07 16:18:57.340,0.021,3,3,0.9951256,3.2462405e-05,0.0016467848,0.0031952283,0.9951256
512,290,walking,2021-05-07 16:18:56.360,2021-05-07 16:18:58.340,0.021,3,3,0.96795005,0.00016813946,0.011160501,0.020721199,0.96795005
512,290,walking,2021-05-07 16:18:57.360,2021-05-07 16:18:59.340,0.021,3,3,0.99911296,5.319815e-06,0.0003511934,0.00053041085,0.99911296
512,290,walking,2021-05-07 16:18:58.360,2021-05-07 16:19:00.339,0.021,3,3,0.9999408,4.090584e-07,2.845985e-05,3.0269504e-05,0.9999408
512,290,walking,2021-05-07 16:18:59.360,2021-05-07 16:19:01.339,0.021,3,3,0.99872553,1.0180813e-05,0.00051925186,0.00074509246,0.99872553
512,290,walking,2021-05-07 16:19:00.359,2021-05-07 16:19:02.339,0.021,3,3,0.9800057,8.644281e-05,0.0071738926,0.012733983,0.9800057
512,290,walking,2021-05-07 16:19:01.359,2021-05-07 16:19:03.339,0.021,3,3,0.9957015,2.7373095e-05,0.0017524688,0.0025186993,0.9957015
512,290,walking,2021-05-07 16:19:02.359,2021-05-07 16:19:04.340,0.021,3,3,0.9895303,5.0962695e-05,0.0038864051,0.006532246,0.9895303
512,290,walking,2021-05-07 16:19:03.359,2021-05-07 16:19:05.340,0.021,3,3,0.9931564,2.8416927e-05,0.0024635887,0.004351558,0.9931564
512,290,walking,2021-05-07 16:19:04.359,2021-05-07 16:19:06.340,0.021,3,3,0.9928432,5.0764527e-05,0.0026219948,0.0044839764,0.9928432
512,290,walking,2021-05-07 16:19:05.359,2021-05-07 16:19:07.340,0.021,3,3,0.98384166,0.00010033083,0.005727377,0.010330611,0.98384166
512,290,walking,2021-05-07 16:19:06.359,2021-05-07 16:19:08.340,0.021,3,3,0.9957593,2.619862e-05,0.0016779841,0.0025365672,0.9957593
512,292,standing,2021-05-07 16:19:10.559,2021-05-07 16:19:12.539,0.021,2,2,0.69658625,0.0011533316,0.2487362,0.69658625,0.053524256
512,292,standing,2021-05-07 16:19:11.559,2021-05-07 16:19:13.539,0.021,2,2,0.70657074,0.0010997294,0.24760056,0.70657074,0.044729006
512,292,standing,2021-05-07 16:19:12.559,2021-05-07 16:19:14.539,0.021,2,2,0.7187385,0.0010505789,0.25199965,0.7187385,0.028211148
512,292,standing,2021-05-07 16:19:13.559,2021-05-07 16:19:15.539,0.021,2,2,0.72801596,0.0010881161,0.24685414,0.72801596,0.024041694
512,292,standing,2021-05-07 16:19:14.559,2021-05-07 16:19:16.540,0.021,2,2,0.74130297,0.0010747825,0.22639586,0.74130297,0.031226447
512,292,standing,2021-05-07 16:19:15.559,2021-05-07 16:19:17.540,0.021,2,2,0.7281565,0.0011164554,0.23678781,0.7281565,0.033939328
512,292,standing,2021-05-07 16:19:16.559,2021-05-07 16:19:18.540,0.021,2,2,0.65730435,0.0011678452,0.2524692,0.65730435,0.089058526
512,292,standing,2021-05-07 16:19:17.559,2021-05-07 16:19:19.540,0.021,2,2,0.50089365,0.0010991966,0.21602006,0.50089365,0.28198698
512,292,standing,2021-05-07 16:19:18.559,2021-05-07 16:19:20.540,0.021,2,2,0.60818535,0.0011538506,0.2557007,0.60818535,0.13496013
512,292,standing,2021-05-07 16:19:19.559,2021-05-07 16:19:21.540,0.021,2,2,0.65715873,0.00101499,0.30268067,0.65715873,0.039145686
512,293,walking,2021-05-07 16:19:21.680,2021-05-07 16:19:23.659,0.021,3,3,0.99174464,4.6223577e-05,0.002879944,0.0053293044,0.99174464
512,293,walking,2021-05-07 16:19:22.680,2021-05-07 16:19:24.659,0.021,3,3,0.9968379,1.6246971e-05,0.0012047391,0.0019410749,0.9968379
512,293,walking,2021-05-07 16:19:23.680,2021-05-07 16:19:25.659,0.021,3,3,0.9811715,9.976667e-05,0.006631114,0.012097596,0.9811715
512,293,walking,2021-05-07 16:19:24.680,2021-05-07 16:19:26.659,0.021,3,3,0.9594568,0.00018948138,0.01532983,0.025023812,0.9594568
512,293,walking,2021-05-07 16:19:25.680,2021-05-07 16:19:27.659,0.021,3,3,0.9925666,4.7175934e-05,0.002893772,0.004492485,0.9925666
512,293,walking,2021-05-07 16:19:26.680,2021-05-07 16:19:28.659,0.021,3,3,0.99600726,3.0187115e-05,0.0015544487,0.0024080835,0.99600726
512,293,walking,2021-05-07 16:19:27.680,2021-05-07 16:19:29.659,0.021,3,3,0.9982534,1.08558115e-05,0.0006798076,0.0010559591,0.9982534
512,293,walking,2021-05-07 16:19:28.680,2021-05-07 16:19:30.659,0.021,3,3,0.9955387,3.4476565e-05,0.0015973699,0.0028294947,0.9955387
512,293,walking,2021-05-07 16:19:29.680,2021-05-07 16:19:31.659,0.021,3,3,0.99752396,2.208801e-05,0.0009237284,0.001530161,0.99752396
512,293,walking,2021-05-07 16:19:30.680,2021-05-07 16:19:32.659,0.021,3,3,0.9963253,2.8555243e-05,0.0014311901,0.0022149705,0.9963253
512,293,walking,2021-05-07 16:19:31.680,2021-05-07 16:19:33.659,0.021,3,3,0.9980028,1.3790055e-05,0.00074601424,0.001237348,0.9980028
512,293,walking,2021-05-07 16:19:32.680,2021-05-07 16:19:34.659,0.021,3,3,0.99942744,4.0233267e-06,0.00023105083,0.00033747326,0.99942744
512,293,walking,2021-05-07 16:19:33.680,2021-05-07 16:19:35.659,0.021,3,3,0.9897609,6.153892e-05,0.0037128173,0.0064647608,0.9897609
512,293,walking,2021-05-07 16:19:34.680,2021-05-07 16:19:36.659,0.021,3,3,0.98451537,7.936328e-05,0.005274057,0.010131222,0.98451537
512,293,walking,2021-05-07 16:19:35.680,2021-05-07 16:19:37.659,0.021,3,3,0.9953254,3.1309264e-05,0.001750818,0.002892533,0.9953254
512,293,walking,2021-05-07 16:19:36.680,2021-05-07 16:19:38.659,0.021,3,3,0.99510777,2.927082e-05,0.0017082843,0.0031545341,0.99510777
512,293,walking,2021-05-07 16:19:37.680,2021-05-07 16:19:39.659,0.021,3,3,0.9996368,2.6457353e-06,0.00015344883,0.00020716668,0.9996368
512,293,walking,2021-05-07 16:19:38.680,2021-05-07 16:19:40.659,0.021,3,3,0.999065,9.072274e-06,0.00038649206,0.00053945516,0.999065
512,293,walking,2021-05-07 16:19:39.680,2021-05-07 16:19:41.659,0.021,3,3,0.9984797,1.3500715e-05,0.0006231845,0.000883604,0.9984797
512,293,walking,2021-05-07 16:19:40.680,2021-05-07 16:19:42.659,0.021,3,3,0.9955883,2.9131084e-05,0.0018057447,0.002576764,0.9955883
512,293,walking,2021-05-07 16:19:41.680,2021-05-07 16:19:43.659,0.021,3,3,0.99981976,1.0861357e-06,7.703913e-05,0.000102118385,0.99981976
512,293,walking,2021-05-07 16:19:42.680,2021-05-07 16:19:44.659,0.021,3,3,0.9982846,1.61781e-05,0.00076537114,0.0009339618,0.9982846
512,293,walking,2021-05-07 16:19:43.680,2021-05-07 16:19:45.659,0.021,3,3,0.99669224,3.148614e-05,0.0014718059,0.0018043814,0.99669224
512,293,walking,2021-05-07 16:19:44.680,2021-05-07 16:19:46.659,0.021,3,3,0.9911821,6.076131e-05,0.0032858753,0.0054712356,0.9911821
512,293,walking,2021-05-07 16:19:45.680,2021-05-07 16:19:47.659,0.021,3,3,0.9997214,2.3229368e-06,0.00012852244,0.00014762838,0.9997214
512,293,walking,2021-05-07 16:19:46.680,2021-05-07 16:19:48.659,0.021,3,3,0.99991566,6.977867e-07,4.1898697e-05,4.1722335e-05,0.99991566
512,293,walking,2021-05-07 16:19:47.680,2021-05-07 16:19:49.659,0.021,3,3,0.99717015,2.1599728e-05,0.00106825,0.0017400702,0.99717015
512,293,walking,2021-05-07 16:19:48.680,2021-05-07 16:19:50.659,0.021,3,3,0.99169105,4.6990925e-05,0.0028734787,0.005388366,0.99169105
512,293,walking,2021-05-07 16:19:49.680,2021-05-07 16:19:51.659,0.021,3,3,0.9989447,7.623796e-06,0.0004310141,0.00061668985,0.9989447
512,293,walking,2021-05-07 16:19:50.680,2021-05-07 16:19:52.659,0.021,3,3,0.9998881,8.223089e-07,5.6722896e-05,5.430799e-05,0.9998881
512,293,walking,2021-05-07 16:19:51.680,2021-05-07 16:19:53.659,0.021,3,3,0.99905473,7.762039e-06,0.00044549865,0.0004920479,0.99905473
512,293,walking,2021-05-07 16:19:52.680,2021-05-07 16:19:54.659,0.021,3,3,0.99384856,3.8549635e-05,0.0022424527,0.0038703305,0.99384856
512,293,walking,2021-05-07 16:19:53.680,2021-05-07 16:19:55.659,0.021,3,3,0.9888296,6.219305e-05,0.003987745,0.00712053,0.9888296
512,293,walking,2021-05-07 16:19:54.680,2021-05-07 16:19:56.659,0.021,3,3,0.9995433,3.0097128e-06,0.00019216897,0.00026148563,0.9995433
512,293,walking,2021-05-07 16:19:55.680,2021-05-07 16:19:57.659,0.021,3,3,0.99956036,3.815057e-06,0.00019607018,0.00023975802,0.99956036
512,293,walking,2021-05-07 16:19:56.680,2021-05-07 16:19:58.659,0.021,3,3,0.99694407,2.2271806e-05,0.0013201028,0.0017134879,0.99694407
512,293,walking,2021-05-07 16:19:57.680,2021-05-07 16:19:59.659,0.021,3,3,0.9992127,5.0906333e-06,0.0003428108,0.0004394649,0.9992127
512,293,walking,2021-05-07 16:19:58.680,2021-05-07 16:20:00.660,0.021,3,3,0.9997611,1.5039668e-06,0.00010195875,0.0001353274,0.9997611
512,293,walking,2021-05-07 16:19:59.680,2021-05-07 16:20:01.660,0.021,3,3,0.99741685,1.7010949e-05,0.0010509017,0.001515178,0.99741685
512,293,walking,2021-05-07 16:20:00.680,2021-05-07 16:20:02.660,0.021,3,3,0.9921631,5.0910534e-05,0.0029268714,0.004859161,0.9921631
512,293,walking,2021-05-07 16:20:01.680,2021-05-07 16:20:03.660,0.021,3,3,0.9999102,6.371041e-07,4.3962846e-05,4.5181885e-05,0.9999102
512,293,walking,2021-05-07 16:20:02.680,2021-05-07 16:20:04.659,0.021,3,3,0.9995574,4.2312354e-06,0.00021447358,0.00022394584,0.9995574
512,293,walking,2021-05-07 16:20:03.680,2021-05-07 16:20:05.659,0.021,3,3,0.9991516,6.6477496e-06,0.00037043303,0.00047130254,0.9991516
512,293,walking,2021-05-07 16:20:04.680,2021-05-07 16:20:06.659,0.021,3,3,0.9999636,2.041592e-07,1.9038627e-05,1.707217e-05,0.9999636
512,293,walking,2021-05-07 16:20:05.680,2021-05-07 16:20:07.659,0.021,3,3,0.99980974,1.7406732e-06,9.2957016e-05,9.568342e-05,0.99980974
512,293,walking,2021-05-07 16:20:06.680,2021-05-07 16:20:08.659,0.021,3,3,0.99720806,2.0121872e-05,0.0011814731,0.0015903828,0.99720806
512,293,walking,2021-05-07 16:20:07.680,2021-05-07 16:20:09.659,0.021,3,3,0.99133027,4.6131132e-05,0.0035141553,0.005109429,0.99133027
512,293,walking,2021-05-07 16:20:08.680,2021-05-07 16:20:10.659,0.021,3,3,0.99942374,3.881011e-06,0.00024457654,0.00032777904,0.99942374
512,293,walking,2021-05-07 16:20:09.680,2021-05-07 16:20:11.659,0.021,3,3,0.9993776,5.057453e-06,0.00026549207,0.00035186813,0.9993776
512,293,walking,2021-05-07 16:20:10.680,2021-05-07 16:20:12.659,0.021,3,3,0.9997649,2.6779524e-06,0.000123135,0.000109293585,0.9997649
512,293,walking,2021-05-07 16:20:11.680,2021-05-07 16:20:13.659,0.021,3,3,0.99990505,6.743613e-07,4.564624e-05,4.8533573e-05,0.99990505
512,293,walking,2021-05-07 16:20:12.680,2021-05-07 16:20:14.659,0.021,3,3,0.99963826,2.7196652e-06,0.0001611021,0.00019779608,0.99963826
512,293,walking,2021-05-07 16:20:13.680,2021-05-07 16:20:15.659,0.021,3,3,0.9983638,1.2447543e-05,0.00074210274,0.000881677,0.9983638
512,293,walking,2021-05-07 16:20:14.680,2021-05-07 16:20:16.659,0.021,3,3,0.99952936,3.2657642e-06,0.0002188123,0.00024852468,0.99952936
512,293,walking,2021-05-07 16:20:15.680,2021-05-07 16:20:17.659,0.021,3,3,0.9999662,1.8075326e-07,1.7552118e-05,1.6032494e-05,0.9999662
512,293,walking,2021-05-07 16:20:16.680,2021-05-07 16:20:18.659,0.021,3,3,0.99979615,2.11565e-06,0.00010995639,9.169117e-05,0.99979615
512,293,walking,2021-05-07 16:20:17.680,2021-05-07 16:20:19.659,0.021,3,3,0.99979067,2.080135e-06,0.000108003485,9.9303616e-05,0.99979067
512,293,walking,2021-05-07 16:20:18.680,2021-05-07 16:20:20.659,0.021,3,3,0.9999935,3.164073e-08,3.9055853e-06,2.4479111e-06,0.9999935
512,293,walking,2021-05-07 16:20:19.680,2021-05-07 16:20:21.659,0.021,3,3,0.99992234,6.6306796e-07,4.356696e-05,3.3336542e-05,0.99992234
512,293,walking,2021-05-07 16:20:20.680,2021-05-07 16:20:22.659,0.021,3,3,0.9994392,4.2599986e-06,0.0002614978,0.00029505984,0.9994392
512,293,walking,2021-05-07 16:20:21.680,2021-05-07 16:20:23.659,0.021,3,3,0.99978614,1.3225183e-06,0.00010499473,0.00010765963,0.99978614
512,293,walking,2021-05-07 16:20:22.680,2021-05-07 16:20:24.659,0.021,3,3,0.9989304,7.4931772e-06,0.0005155794,0.0005465552,0.9989304
512,293,walking,2021-05-07 16:20:23.680,2021-05-07 16:20:25.659,0.021,3,3,0.99365675,3.422771e-05,0.0028535526,0.003455454,0.99365675
512,293,walking,2021-05-07 16:20:24.680,2021-05-07 16:20:26.659,0.021,3,3,0.99607563,2.356915e-05,0.0019378987,0.001962813,0.99607563
512,293,walking,2021-05-07 16:20:25.680,2021-05-07 16:20:27.659,0.021,3,3,0.99991757,6.9814735e-07,4.744259e-05,3.420383e-05,0.99991757
512,296,standing,2021-05-07 16:20:32.400,2021-05-07 16:20:34.380,0.021,2,2,0.7244098,0.0009761888,0.25097468,0.7244098,0.023639368
512,296,standing,2021-05-07 16:20:33.400,2021-05-07 16:20:35.380,0.021,2,2,0.71506804,0.0009909059,0.24892184,0.71506804,0.03501928
512,296,standing,2021-05-07 16:20:34.400,2021-05-07 16:20:36.380,0.021,2,2,0.6437024,0.0011336986,0.26164955,0.6437024,0.0935144
512,298,standing,2021-05-07 16:20:39.400,2021-05-07 16:20:41.380,0.021,2,2,0.47310117,0.0014978914,0.36371458,0.47310117,0.16168638
512,301,walking,2021-05-07 16:20:49.000,2021-05-07 16:20:50.979,0.021,3,3,0.9533971,0.00019785672,0.021926392,0.024478644,0.9533971
512,301,walking,2021-05-07 16:20:50.000,2021-05-07 16:20:51.979,0.021,3,3,0.9960901,2.9668452e-05,0.0013122353,0.0025678428,0.9960901
512,301,walking,2021-05-07 16:20:51.000,2021-05-07 16:20:52.979,0.021,3,3,0.96222854,0.00020455956,0.0074110734,0.03015588,0.96222854
512,301,walking,2021-05-07 16:20:52.000,2021-05-07 16:20:53.979,0.021,3,3,0.9996483,2.309906e-06,0.00014283156,0.000206473,0.9996483
512,301,walking,2021-05-07 16:20:53.000,2021-05-07 16:20:54.979,0.021,3,3,0.9997002,2.4688695e-06,0.00015430545,0.00014292156,0.9997002
512,302,walking,2021-05-07 16:21:35.360,2021-05-07 16:21:37.340,0.021,3,3,0.9856609,7.290048e-05,0.0065132766,0.007752912,0.9856609
512,304,walking,2021-05-07 16:21:38.319,2021-05-07 16:21:40.299,0.021,3,3,0.9998252,1.2120853e-06,7.348038e-05,0.00010011217,0.9998252
512,304,walking,2021-05-07 16:21:39.319,2021-05-07 16:21:41.299,0.021,3,3,0.99953914,4.224344e-06,0.0001942362,0.0002624539,0.99953914
512,304,walking,2021-05-07 16:21:40.319,2021-05-07 16:21:42.299,0.021,3,3,0.99705327,1.9147163e-05,0.0014568929,0.001470636,0.99705327
512,304,walking,2021-05-07 16:21:41.319,2021-05-07 16:21:43.299,0.021,3,3,0.9675597,0.00013989097,0.016957523,0.015342882,0.9675597
