subject,segment,activity,start_time,end_time,max_interval_seconds,true,predicted,confidence,prob_lying,prob_sitting,prob_standing,prob_walking
511,0,standing,2021-05-07 10:10:25.903,2021-05-07 10:10:27.884,0.021,2,2,0.999562,1.503838e-08,4.780377e-06,0.999562,0.0004332547
511,0,standing,2021-05-07 10:10:26.903,2021-05-07 10:10:28.884,0.021,2,2,0.9995496,6.869599e-09,3.9727324e-06,0.9995496,0.0004465247
511,0,standing,2021-05-07 10:10:27.903,2021-05-07 10:10:29.884,0.021,2,2,0.99959964,8.5931555e-09,4.5273573e-06,0.99959964,0.00039585936
511,0,standing,2021-05-07 10:10:28.903,2021-05-07 10:10:30.884,0.021,2,2,0.99971056,9.489978e-09,4.008555e-06,0.99971056,0.0002852577
511,0,standing,2021-05-07 10:10:29.903,2021-05-07 10:10:31.884,0.021,2,2,0.99976873,7.181667e-09,2.988885e-06,0.99976873,0.00022834333
511,0,standing,2021-05-07 10:10:30.903,2021-05-07 10:10:32.883,0.021,2,2,0.999804,4.878978e-09,2.4696228e-06,0.999804,0.00019338113
511,0,standing,2021-05-07 10:10:31.903,2021-05-07 10:10:33.883,0.021,2,2,0.9998138,4.1540495e-09,2.4530257e-06,0.9998138,0.00018364204
511,0,standing,2021-05-07 10:10:32.903,2021-05-07 10:10:34.883,0.021,2,2,0.9998126,4.2782142e-09,2.5409095e-06,0.9998126,0.00018481546
511,0,standing,2021-05-07 10:10:33.903,2021-05-07 10:10:35.883,0.021,2,2,0.99979424,5.6440594e-09,2.8931436e-06,0.99979424,0.00020302745
511,0,standing,2021-05-07 10:10:34.903,2021-05-07 10:10:36.883,0.021,2,2,0.9997728,7.619779e-09,3.4241316e-06,0.9997728,0.00022367647
511,0,standing,2021-05-07 10:10:35.903,2021-05-07 10:10:37.883,0.021,2,2,0.9997828,6.573087e-09,3.1597374e-06,0.9997828,0.00021403172
511,0,standing,2021-05-07 10:10:36.903,2021-05-07 10:10:38.883,0.021,2,2,0.9998069,3.838626e-09,2.3076411e-06,0.9998069,0.00019094397
511,0,standing,2021-05-07 10:10:37.903,2021-05-07 10:10:39.883,0.021,2,2,0.99982,2.7871805e-09,1.9825263e-06,0.99982,0.00017800072
511,0,standing,2021-05-07 10:10:38.903,2021-05-07 10:10:40.883,0.021,2,2,0.99978805,2.909404e-09,2.1259011e-06,0.99978805,0.00020993211
511,0,standing,2021-05-07 10:10:39.903,2021-05-07 10:10:41.883,0.021,2,2,0.99978113,3.437219e-09,2.2938725e-06,0.99978113,0.00021659808
511,0,standing,2021-05-07 10:10:40.903,2021-05-07 10:10:42.883,0.021,2,2,0.9997976,3.849647e-09,2.4256844e-06,0.9997976,0.00020015611
511,0,standing,2021-05-07 10:10:41.903,2021-05-07 10:10:43.883,0.021,2,2,0.9998183,3.8301056e-09,2.3349119e-06,0.9998183,0.00017929387
511,0,standing,2021-05-07 10:10:42.903,2021-05-07 10:10:44.883,0.021,2,2,0.9998255,2.9547054e-09,2.0616797e-06,0.9998255,0.00017254472
511,0,standing,2021-05-07 10:10:43.903,2021-05-07 10:10:45.883,0.021,2,2,0.99984217,2.2703512e-09,1.7398384e-06,0.99984217,0.00015596944
511,0,standing,2021-05-07 10:10:44.903,2021-05-07 10:10:46.883,0.021,2,2,0.99985147,2.1331634e-09,1.5916518e-06,0.99985147,0.00014711643
511,2,standing,2021-05-07 10:10:51.243,2021-05-07 10:10:53.223,0.021,2,2,0.99969286,1.3891858e-08,2.8050742e-06,0.99969286,0.00030426704
511,3,walking,2021-05-07 10:10:54.043,2021-05-07 10:10:56.023,0.021,3,3,0.9985915,3.3812154e-11,4.8626305e-07,0.0014080133,0.9985915
511,3,walking,2021-05-07 10:10:55.043,2021-05-07 10:10:57.023,0.021,3,3,0.99985695,1.215909e-11,1.08391134e-07,0.00014298827,0.99985695
511,3,walking,2021-05-07 10:10:56.043,2021-05-07 10:10:58.023,0.021,3,3,0.9976025,1.0068693e-09,5.5662913e-06,0.0023919065,0.9976025
511,4,sitting,2021-05-07 10:11:00.444,2021-05-07 10:11:02.424,0.021,1,0,0.63998497,0.63998497,0.35990986,7.961825e-05,2.546512e-05
511,4,sitting,2021-05-07 10:11:01.444,2021-05-07 10:11:03.424,0.021,1,1,0.78981376,0.21008334,0.78981376,9.357952e-05,9.35701e-06
511,4,sitting,2021-05-07 10:11:02.444,2021-05-07 10:11:04.423,0.021,1,1,0.8166433,0.18327373,0.8166433,7.6050805e-05,6.9785247e-06
511,4,sitting,2021-05-07 10:11:03.444,2021-05-07 10:11:05.423,0.021,1,1,0.82429934,0.1756026,0.82429934,9.130707e-05,6.813491e-06
511,4,sitting,2021-05-07 10:11:04.444,2021-05-07 10:11:06.423,0.021,1,1,0.80477005,0.19513251,0.80477005,9.05713e-05,6.8616027e-06
511,4,sitting,2021-05-07 10:11:05.444,2021-05-07 10:11:07.423,0.021,1,1,0.80137086,0.19853024,0.80137086,9.197396e-05,7.007524e-06
511,4,sitting,2021-05-07 10:11:06.444,2021-05-07 10:11:08.423,0.021,1,1,0.82855636,0.17134222,0.82855636,9.449298e-05,6.9534917e-06
511,4,sitting,2021-05-07 10:11:07.444,2021-05-07 10:11:09.423,0.021,1,1,0.832703,0.16719833,0.832703,9.186379e-05,6.745051e-06
511,4,sitting,2021-05-07 10:11:08.444,2021-05-07 10:11:10.423,0.021,1,1,0.8361173,0.16378473,0.8361173,9.128432e-05,6.6714088e-06
511,4,sitting,2021-05-07 10:11:09.444,2021-05-07 10:11:11.423,0.021,1,1,0.83259845,0.16730371,0.83259845,9.132173e-05,6.589967e-06
511,4,sitting,2021-05-07 10:11:10.444,2021-05-07 10:11:12.423,0.021,1,1,0.83043194,0.16947192,0.83043194,8.9739384e-05,6.3699326e-06
511,4,sitting,2021-05-07 10:11:11.444,2021-05-07 10:11:13.423,0.021,1,1,0.8087035,0.19119833,0.8087035,9.140113e-05,6.767788e-06
511,4,sitting,2021-05-07 10:11:12.444,2021-05-07 10:11:14.423,0.021,1,1,0.79382664,0.20607573,0.79382664,9.0771515e-05,6.906675e-06
511,4,sitting,2021-05-07 10:11:13.444,2021-05-07 10:11:15.423,0.021,1,1,0.8139368,0.1859653,0.8139368,9.1247304e-05,6.755457e-06
511,4,sitting,2021-05-07 10:11:14.444,2021-05-07 10:11:16.423,0.021,1,1,0.82169074,0.17821068,0.82169074,9.1809874e-05,6.7689803e-06
511,4,sitting,2021-05-07 10:11:15.444,2021-05-07 10:11:17.423,0.021,1,1,0.80243474,0.1974651,0.80243474,9.3082715e-05,7.116153e-06
511,4,sitting,2021-05-07 10:11:16.444,2021-05-07 10:11:18.423,0.021,1,1,0.80148405,0.19841343,0.80148405,9.5241594e-05,7.298628e-06
511,4,sitting,2021-05-07 10:11:17.444,2021-05-07 10:11:19.423,0.021,1,1,0.7861863,0.21371396,0.7861863,9.249148e-05,7.1884247e-06
511,4,sitting,2021-05-07 10:11:18.444,2021-05-07 10:11:20.423,0.021,1,1,0.7810866,0.21881849,0.7810866,8.8055574e-05,6.6826665e-06
511,4,sitting,2021-05-07 10:11:19.444,2021-05-07 10:11:21.423,0.021,1,1,0.80003756,0.19986981,0.80003756,8.626914e-05,6.3419975e-06
511,4,sitting,2021-05-07 10:11:20.444,2021-05-07 10:11:22.423,0.021,1,1,0.79036975,0.2095427,0.79036975,8.173358e-05,5.8029377e-06
511,4,sitting,2021-05-07 10:11:21.444,2021-05-07 10:11:23.423,0.021,1,1,0.77419966,0.22571395,0.77419966,8.057645e-05,5.8334713e-06
511,4,sitting,2021-05-07 10:11:22.444,2021-05-07 10:11:24.423,0.021,1,1,0.72660094,0.27331564,0.72660094,7.7239674e-05,6.073586e-06
511,4,sitting,2021-05-07 10:11:23.444,2021-05-07 10:11:25.423,0.021,1,1,0.6958645,0.30405954,0.6958645,6.9884256e-05,6.0337275e-06
511,4,sitting,2021-05-07 10:11:24.444,2021-05-07 10:11:26.423,0.021,1,1,0.70425236,0.29568785,0.70425236,5.3339725e-05,6.5851727e-06
511,4,sitting,2021-05-07 10:11:25.444,2021-05-07 10:11:27.423,0.021,1,1,0.7864619,0.213491,0.7864619,4.0837345e-05,6.216262e-06
511,4,sitting,2021-05-07 10:11:26.444,2021-05-07 10:11:28.423,0.021,1,1,0.9868203,0.013174654,0.9868203,4.074795e-06,9.784713e-07
511,4,sitting,2021-05-07 10:11:27.444,2021-05-07 10:11:29.423,0.021,1,1,0.9969109,0.0030877823,0.9969109,9.337383e-07,3.8882376e-07
511,4,sitting,2021-05-07 10:11:28.444,2021-05-07 10:11:30.423,0.021,1,1,0.9990009,0.0009986499,0.9990009,2.1320338e-07,1.04096664e-07
511,4,sitting,2021-05-07 10:11:29.444,2021-05-07 10:11:31.423,0.021,1,1,0.9998255,0.00017450406,0.9998255,3.6710745e-08,1.6834258e-08
511,4,sitting,2021-05-07 10:11:30.444,2021-05-07 10:11:32.423,0.021,1,1,0.99983287,0.0001672595,0.99983287,4.9755624e-08,1.6278022e-08
511,4,sitting,2021-05-07 10:11:31.444,2021-05-07 10:11:33.423,0.021,1,1,0.9998193,0.00018083541,0.9998193,5.9550235e-08,1.9092157e-08
511,4,sitting,2021-05-07 10:11:32.444,2021-05-07 10:11:34.423,0.021,1,1,0.99989825,0.00010164844,0.99989825,3.2215844e-08,1.1064442e-08
511,4,sitting,2021-05-07 10:11:33.444,2021-05-07 10:11:35.423,0.021,1,1,0.99990207,9.790521e-05,0.99990207,2.456618e-08,8.883071e-09
511,4,sitting,2021-05-07 10:11:34.444,2021-05-07 10:11:36.423,0.021,1,1,0.9997356,0.00026420655,0.9997356,6.700538e-08,2.3310385e-08
511,4,sitting,2021-05-07 10:11:35.444,2021-05-07 10:11:37.423,0.021,1,1,0.9993264,0.0006732439,0.9993264,1.9922867e-07,6.208062e-08
511,4,sitting,2021-05-07 10:11:36.444,2021-05-07 10:11:38.423,0.021,1,1,0.9997699,0.00023006956,0.9997699,7.4680216e-08,2.5227383e-08
511,4,sitting,2021-05-07 10:11:37.444,2021-05-07 10:11:39.423,0.021,1,1,0.9998922,0.000107767104,0.9998922,3.5411066e-08,1.2709466e-08
511,4,sitting,2021-05-07 10:11:38.444,2021-05-07 10:11:40.423,0.021,1,1,0.9998941,0.0001058023,0.9998941,3.1780015e-08,1.1794804e-08
511,4,sitting,2021-05-07 10:11:39.444,2021-05-07 10:11:41.423,0.021,1,1,0.9998886,0.00011135261,0.9998886,2.0724235e-08,9.315009e-09
511,4,sitting,2021-05-07 10:11:40.444,2021-05-07 10:11:42.423,0.021,1,1,0.999934,6.5930624e-05,0.999934,1.3723689e-08,5.046093e-09
511,4,sitting,2021-05-07 10:11:41.444,2021-05-07 10:11:43.423,0.021,1,1,0.9999283,7.166961e-05,0.9999283,1.9008338e-08,6.6027455e-09
511,4,sitting,2021-05-07 10:11:42.444,2021-05-07 10:11:44.423,0.021,1,1,0.9998591,0.00014089532,0.9998591,4.2718593e-08,1.4824156e-08
511,4,sitting,2021-05-07 10:11:43.444,2021-05-07 10:11:45.423,0.021,1,1,0.9998617,0.00013829445,0.9998617,3.866859e-08,1.3495112e-08
511,4,sitting,2021-05-07 10:11:44.444,2021-05-07 10:11:46.423,0.021,1,1,0.999942,5.79104e-05,0.999942,1.23437705e-08,4.3857202e-09
511,4,sitting,2021-05-07 10:11:45.444,2021-05-07 10:11:47.423,0.021,1,1,0.99995357,4.6373236e-05,0.99995357,9.030449e-09,3.1583258e-09
511,4,sitting,2021-05-07 10:11:46.444,2021-05-07 10:11:48.423,0.021,1,1,0.99994975,5.018836e-05,0.99994975,1.0426945e-08,3.6447498e-09
511,4,sitting,2021-05-07 10:11:47.444,2021-05-07 10:11:49.423,0.021,1,1,0.999939,6.0969363e-05,0.999939,1.36166465e-08,4.8330366e-09
511,4,sitting,2021-05-07 10:11:48.444,2021-05-07 10:11:50.423,0.021,1,1,0.99992055,7.9338424e-05,0.99992055,1.8364359e-08,6.5781194e-09
511,4,sitting,2021-05-07 10:11:49.444,2021-05-07 10:11:51.423,0.021,1,1,0.9999396,6.0368544e-05,0.9999396,1.2139836e-08,4.2846215e-09
511,4,sitting,2021-05-07 10:11:50.444,2021-05-07 10:11:52.423,0.021,1,1,0.9999475,5.241506e-05,0.9999475,1.0632249e-08,3.7471213e-09
511,4,sitting,2021-05-07 10:11:51.444,2021-05-07 10:11:53.423,0.021,1,1,0.9999394,6.0532253e-05,0.9999394,1.3669659e-08,4.807397e-09
511,4,sitting,2021-05-07 10:11:52.444,2021-05-07 10:11:54.423,0.021,1,1,0.999939,6.0940936e-05,0.999939,1.3956742e-08,4.911497e-09
511,4,sitting,2021-05-07 10:11:53.444,2021-05-07 10:11:55.423,0.021,1,1,0.99994344,5.6487588e-05,0.99994344,1.27222695e-08,4.4322643e-09
511,4,sitting,2021-05-07 10:11:54.444,2021-05-07 10:11:56.423,0.021,1,1,0.9999421,5.77746e-05,0.9999421,1.3471867e-08,4.668113e-09
511,4,sitting,2021-05-07 10:11:55.444,2021-05-07 10:11:57.423,0.021,1,1,0.99993545,6.453501e-05,0.99993545,1.6380328e-08,5.7033303e-09
511,4,sitting,2021-05-07 10:11:56.444,2021-05-07 10:11:58.423,0.021,1,1,0.9999332,6.669883e-05,0.9999332,1.7075127e-08,5.9722502e-09
511,4,sitting,2021-05-07 10:11:57.444,2021-05-07 10:11:59.423,0.021,1,1,0.99994,5.9941347e-05,0.99994,1.2392814e-08,4.4718367e-09
511,4,sitting,2021-05-07 10:11:58.444,2021-05-07 10:12:00.424,0.021,1,1,0.9999446,5.53073e-05,0.9999446,9.934069e-09,3.633459e-09
511,4,sitting,2021-05-07 10:11:59.444,2021-05-07 10:12:01.424,0.021,1,1,0.99994546,5.445695e-05,0.99994546,1.0304696e-08,3.727937e-09
511,4,sitting,2021-05-07 10:12:00.444,2021-05-07 10:12:02.424,0.021,1,1,0.9999414,5.849228e-05,0.9999414,1.25727295e-08,4.454366e-09
511,4,sitting,2021-05-07 10:12:01.444,2021-05-07 10:12:03.424,0.021,1,1,0.9999365,6.3471205e-05,0.9999365,1.520243e-08,5.3434803e-09
511,4,sitting,2021-05-07 10:12:02.444,2021-05-07 10:12:04.423,0.021,1,1,0.9999363,6.362222e-05,0.9999363,1.5210722e-08,5.317553e-09
511,4,sitting,2021-05-07 10:12:03.444,2021-05-07 10:12:05.423,0.021,1,1,0.9999307,6.920361e-05,0.9999307,1.6311162e-08,5.7831038e-09
511,4,sitting,2021-05-07 10:12:04.444,2021-05-07 10:12:06.423,0.021,1,1,0.9999332,6.6704044e-05,0.9999332,1.48680135e-08,5.363251e-09
511,4,sitting,2021-05-07 10:12:05.444,2021-05-07 10:12:07.423,0.021,1,1,0.9999445,5.5383614e-05,0.9999445,1.0780099e-08,3.871893e-09
511,4,sitting,2021-05-07 10:12:06.444,2021-05-07 10:12:08.423,0.021,1,1,0.99994713,5.286278e-05,0.99994713,1.0273803e-08,3.6883647e-09
511,4,sitting,2021-05-07 10:12:07.444,2021-05-07 10:12:09.423,0.021,1,1,0.999947,5.2903517e-05,0.999947,1.0597866e-08,3.804916e-09
511,4,sitting,2021-05-07 10:12:08.444,2021-05-07 10:12:10.423,0.021,1,1,0.99994606,5.3841944e-05,0.99994606,1.1537702e-08,4.038228e-09
511,4,sitting,2021-05-07 10:12:09.444,2021-05-07 10:12:11.423,0.021,1,1,0.99994487,5.5101413e-05,0.99994487,1.1709952e-08,4.100072e-09
511,4,sitting,2021-05-07 10:12:10.444,2021-05-07 10:12:12.423,0.021,1,1,0.99995154,4.844108e-05,0.99995154,8.721663e-09,3.1276741e-09
511,4,sitting,2021-05-07 10:12:11.444,2021-05-07 10:12:13.423,0.021,1,1,0.99990326,9.671063e-05,0.99990326,1.1883295e-08,4.5825375e-09
511,4,sitting,2021-05-07 10:12:12.444,2021-05-07 10:12:14.423,0.021,1,1,0.99421966,0.005777537,0.99421966,1.8287174e-06,1.091469e-06
511,4,sitting,2021-05-07 10:12:13.444,2021-05-07 10:12:15.423,0.021,1,1,0.9140838,0.08572051,0.9140838,0.00011371465,8.197232e-05
511,4,sitting,2021-05-07 10:12:14.444,2021-05-07 10:12:16.423,0.021,1,1,0.89000934,0.10963222,0.89000934,0.00023474442,0.00012356295
511,4,sitting,2021-05-07 10:12:15.444,2021-05-07 10:12:17.423,0.021,1,1,0.8701369,0.12934627,0.8701369,0.00036036843,0.00015664435
511,4,sitting,2021-05-07 10:12:16.444,2021-05-07 10:12:18.423,0.021,1,1,0.9094176,0.09021443,0.9094176,0.00024253747,0.00012534484
511,4,sitting,2021-05-07 10:12:17.444,2021-05-07 10:12:19.423,0.021,1,1,0.92799914,0.071748726,0.92799914,0.00015351975,9.847158e-05
511,4,sitting,2021-05-07 10:12:18.444,2021-05-07 10:12:20.423,0.021,1,1,0.9060928,0.09361489,0.9060928,0.00018468432,0.00010755152
511,4,sitting,2021-05-07 10:12:19.444,2021-05-07 10:12:21.423,0.021,1,1,0.89269376,0.10701631,0.89269376,0.00017636424,0.00011358309
511,4,sitting,2021-05-07 10:12:20.444,2021-05-07 10:12:22.423,0.021,1,1,0.94799536,0.05195723,0.94799536,2.7638243e-05,1.982567e-05
511,4,sitting,2021-05-07 10:12:21.444,2021-05-07 10:12:23.423,0.021,1,1,0.99780387,0.0021958456,0.99780387,1.7484474e-07,1.1599947e-07
511,4,sitting,2021-05-07 10:12:22.444,2021-05-07 10:12:24.423,0.021,1,1,0.99990827,9.1642e-05,0.99990827,5.0821742e-09,2.3181685e-09
511,4,sitting,2021-05-07 10:12:23.444,2021-05-07 10:12:25.423,0.021,1,1,0.9999576,4.2306918e-05,0.9999576,3.9268393e-09,1.5394979e-09
511,4,sitting,2021-05-07 10:12:24.444,2021-05-07 10:12:26.423,0.021,1,1,0.9999601,3.9822724e-05,0.9999601,4.3189576e-09,1.6519279e-09
511,4,sitting,2021-05-07 10:12:25.444,2021-05-07 10:12:27.423,0.021,1,1,0.9999601,3.979319e-05,0.9999601,5.854627e-09,2.1157758e-09
511,4,sitting,2021-05-07 10:12:26.444,2021-05-07 10:12:28.423,0.021,1,1,0.999815,0.00018492379,0.999815,3.9488043e-08,1.2667659e-08
511,4,sitting,2021-05-07 10:12:27.444,2021-05-07 10:12:29.423,0.021,1,1,0.9986864,0.0013131836,0.9986864,3.217915e-07,8.820307e-08
511,4,sitting,2021-05-07 10:12:28.444,2021-05-07 10:12:30.423,0.021,1,1,0.9993726,0.0006272681,0.9993726,1.5421126e-07,4.6473026e-08
511,4,sitting,2021-05-07 10:12:29.444,2021-05-07 10:12:31.423,0.021,1,1,0.98503923,0.014956232,0.98503923,3.82237e-06,6.691156e-07
511,4,sitting,2021-05-07 10:12:30.444,2021-05-07 10:12:32.423,0.021,1,1,0.73555183,0.2643637,0.73555183,7.672505e-05,7.68032e-06
511,4,sitting,2021-05-07 10:12:31.444,2021-05-07 10:12:33.423,0.021,1,1,0.75578135,0.24413487,0.75578135,7.469406e-05,9.06886e-06
511,4,sitting,2021-05-07 10:12:32.444,2021-05-07 10:12:34.423,0.021,1,1,0.7388492,0.26102343,0.7388492,0.00011054795,1.679369e-05
511,4,sitting,2021-05-07 10:12:33.444,2021-05-07 10:12:35.423,0.021,1,1,0.758494,0.24135455,0.758494,0.00013319514,1.8220668e-05
511,4,sitting,2021-05-07 10:12:34.444,2021-05-07 10:12:36.423,0.021,1,1,0.84417164,0.15575276,0.84417164,6.6635694e-05,8.95662e-06
511,4,sitting,2021-05-07 10:12:35.444,2021-05-07 10:12:37.423,0.021,1,1,0.88920766,0.11072095,0.88920766,6.0752835e-05,1.0710859e-05
511,4,sitting,2021-05-07 10:12:36.444,2021-05-07 10:12:38.423,0.021,1,1,0.85118157,0.14870557,0.85118157,9.348364e-05,1.9330852e-05
511,4,sitting,2021-05-07 10:12:37.444,2021-05-07 10:12:39.423,0.021,1,1,0.8282522,0.17165293,0.8282522,8.002043e-05,1.4894107e-05
511,4,sitting,2021-05-07 10:12:38.444,2021-05-07 10:12:40.423,0.021,1,1,0.8710491,0.1288558,0.8710491,7.5294134e-05,1.9803649e-05
511,4,sitting,2021-05-07 10:12:39.444,2021-05-07 10:12:41.423,0.021,1,1,0.89396226,0.105932735,0.89396226,7.420995e-05,3.0845516e-05
511,4,sitting,2021-05-07 10:12:40.444,2021-05-07 10:12:42.423,0.021,1,1,0.83179784,0.16811207,0.83179784,7.199489e-05,1.8221517e-05
511,4,sitting,2021-05-07 10:12:41.444,2021-05-07 10:12:43.423,0.021,1,1,0.7269677,0.2729119,0.7269677,0.00010603313,1.4285139e-05
511,4,sitting,2021-05-07 10:12:42.444,2021-05-07 10:12:44.423,0.021,1,1,0.782927,0.21692295,0.782927,0.00012979521,2.0133379e-05
511,4,sitting,2021-05-07 10:12:43.444,2021-05-07 10:12:45.423,0.021,1,1,0.7890932,0.21076702,0.7890932,0.00012184239,1.7829601e-05
511,4,sitting,2021-05-07 10:12:44.444,2021-05-07 10:12:46.423,0.021,1,1,0.84099704,0.15888274,0.84099704,0.00010547741,1.4691164e-05
511,4,sitting,2021-05-07 10:12:45.444,2021-05-07 10:12:47.423,0.021,1,1,0.85733193,0.14253645,0.85733193,0.00011616593,1.5456608e-05
511,4,sitting,2021-05-07 10:12:46.444,2021-05-07 10:12:48.423,0.021,1,1,0.8560048,0.14384714,0.8560048,0.00013019494,1.7894472e-05
511,4,sitting,2021-05-07 10:12:47.444,2021-05-07 10:12:49.423,0.021,1,1,0.81987846,0.17995748,0.81987846,0.00014399197,1.9992402e-05
511,4,sitting,2021-05-07 10:12:48.444,2021-05-07 10:12:50.423,0.021,1,1,0.8014854,0.19834334,0.8014854,0.00014931637,2.1990752e-05
511,4,sitting,2021-05-07 10:12:49.444,2021-05-07 10:12:51.423,0.021,1,1,0.78522056,0.21460162,0.78522056,0.00015358337,2.4136618e-05
511,4,sitting,2021-05-07 10:12:50.444,2021-05-07 10:12:52.423,0.021,1,1,0.76983,0.22998479,0.76983,0.0001583377,2.6856598e-05
511,4,sitting,2021-05-07 10:12:51.444,2021-05-07 10:12:53.423,0.021,1,1,0.7633415,0.23646638,0.7633415,0.00016327942,2.8972618e-05
511,4,sitting,2021-05-07 10:12:52.444,2021-05-07 10:12:54.423,0.021,1,1,0.761052,0.23875342,0.761052,0.00016491937,2.9670784e-05
511,4,sitting,2021-05-07 10:12:53.444,2021-05-07 10:12:55.423,0.021,1,1,0.75911427,0.24068855,0.75911427,0.0001666997,3.0387495e-05
511,4,sitting,2021-05-07 10:12:54.444,2021-05-07 10:12:56.423,0.021,1,1,0.7685603,0.23124784,0.7685603,0.00016328276,2.8562707e-05
511,4,sitting,2021-05-07 10:12:55.444,2021-05-07 10:12:57.423,0.021,1,1,0.78658444,0.21324305,0.78658444,0.00014945764,2.3070159e-05
511,4,sitting,2021-05-07 10:12:56.444,2021-05-07 10:12:58.423,0.021,1,1,0.7800162,0.21980926,0.7800162,0.00015059859,2.3852097e-05
511,4,sitting,2021-05-07 10:12:57.444,2021-05-07 10:12:59.423,0.021,1,1,0.77693224,0.22289133,0.77693224,0.00015185706,2.4558181e-05
511,4,sitting,2021-05-07 10:12:58.444,2021-05-07 10:13:00.424,0.021,1,1,0.7935066,0.20633288,0.7935066,0.00014041833,2.0097821e-05
511,4,sitting,2021-05-07 10:12:59.444,2021-05-07 10:13:01.424,0.021,1,1,0.7900134,0.20984288,0.7900134,0.00012543958,1.8326235e-05
511,4,sitting,2021-05-07 10:13:00.444,2021-05-07 10:13:02.424,0.021,1,1,0.72971827,0.27014202,0.72971827,0.00011800377,2.1680993e-05
511,4,sitting,2021-05-07 10:13:01.444,2021-05-07 10:13:03.424,0.021,1,1,0.73018134,0.2696694,0.73018134,0.00012738947,2.1928032e-05
511,4,sitting,2021-05-07 10:13:02.444,2021-05-07 10:13:04.423,0.021,1,1,0.71961623,0.28023165,0.71961623,0.00013024975,2.1832384e-05
511,4,sitting,2021-05-07 10:13:03.444,2021-05-07 10:13:05.423,0.021,1,1,0.715445,0.28441066,0.715445,0.00012389077,2.0483261e-05
511,4,sitting,2021-05-07 10:13:04.444,2021-05-07 10:13:06.423,0.021,1,1,0.88276845,0.1172059,0.88276845,2.0195643e-05,5.422826e-06
511,4,sitting,2021-05-07 10:13:05.444,2021-05-07 10:13:07.423,0.021,1,1,0.99714255,0.0028569852,0.99714255,4.1539772e-07,1.7692142e-07
511,4,sitting,2021-05-07 10:13:06.444,2021-05-07 10:13:08.423,0.021,1,1,0.99987626,0.00012389295,0.99987626,4.0497337e-08,1.447236e-08
511,4,sitting,2021-05-07 10:13:07.444,2021-05-07 10:13:09.423,0.021,1,1,0.99988943,0.00011054359,0.99988943,3.4356923e-08,1.226516e-08
511,4,sitting,2021-05-07 10:13:08.444,2021-05-07 10:13:10.423,0.021,1,1,0.9998905,0.000109436965,0.9998905,3.3747234e-08,1.2012032e-08
511,4,sitting,2021-05-07 10:13:09.444,2021-05-07 10:13:11.423,0.021,1,1,0.999883,0.00011689459,0.999883,3.8777838e-08,1.3714746e-08
511,4,sitting,2021-05-07 10:13:10.444,2021-05-07 10:13:12.423,0.021,1,1,0.99987125,0.00012886833,0.99987125,4.2675545e-08,1.5264632e-08
511,4,sitting,2021-05-07 10:13:11.444,2021-05-07 10:13:13.423,0.021,1,1,0.99018764,0.009808005,0.99018764,3.3827175e-06,8.985279e-07
511,4,sitting,2021-05-07 10:13:12.444,2021-05-07 10:13:14.423,0.021,1,1,0.7175946,0.2822685,0.7175946,0.0001153896,2.1431846e-05
511,4,sitting,2021-05-07 10:13:13.444,2021-05-07 10:13:15.423,0.021,1,1,0.69154644,0.30830315,0.69154644,0.0001277241,2.2700344e-05
511,4,sitting,2021-05-07 10:13:14.444,2021-05-07 10:13:16.423,0.021,1,1,0.6921747,0.30767757,0.6921747,0.00012505366,2.2635213e-05
511,4,sitting,2021-05-07 10:13:15.444,2021-05-07 10:13:17.423,0.021,1,1,0.91307664,0.086900584,0.91307664,1.8007067e-05,4.896964e-06
511,4,sitting,2021-05-07 10:13:16.444,2021-05-07 10:13:18.423,0.021,1,1,0.9995808,0.00041911297,0.9995808,8.051262e-08,2.7503452e-08
511,4,sitting,2021-05-07 10:13:17.444,2021-05-07 10:13:19.423,0.021,1,1,0.9999493,5.066771e-05,0.9999493,1.0773778e-08,3.7133467e-09
511,4,sitting,2021-05-07 10:13:18.444,2021-05-07 10:13:20.423,0.021,1,1,0.99994093,5.9023358e-05,0.99994093,1.3714469e-08,4.7484248e-09
511,4,sitting,2021-05-07 10:13:19.444,2021-05-07 10:13:21.423,0.021,1,1,0.9999431,5.6903627e-05,0.9999431,1.3399306e-08,4.57561e-09
511,4,sitting,2021-05-07 10:13:20.444,2021-05-07 10:13:22.423,0.021,1,1,0.9999359,6.400602e-05,0.9999359,1.553749e-08,5.3468416e-09
511,4,sitting,2021-05-07 10:13:21.444,2021-05-07 10:13:23.423,0.021,1,1,0.99991316,8.681962e-05,0.99991316,2.3321864e-08,7.953305e-09
511,4,sitting,2021-05-07 10:13:22.444,2021-05-07 10:13:24.423,0.021,1,1,0.99988395,0.00011595637,0.99988395,3.4739383e-08,1.1681956e-08
511,4,sitting,2021-05-07 10:13:23.444,2021-05-07 10:13:25.423,0.021,1,1,0.9999016,9.83236e-05,0.9999016,2.9382345e-08,1.0037364e-08
511,4,sitting,2021-05-07 10:13:24.444,2021-05-07 10:13:26.423,0.021,1,1,0.9999171,8.279687e-05,0.9999171,2.3011985e-08,7.9815266e-09
511,4,sitting,2021-05-07 10:13:25.444,2021-05-07 10:13:27.423,0.021,1,1,0.9995526,0.000447335,0.9995526,1.3746042e-07,3.7933468e-08
511,4,sitting,2021-05-07 10:13:26.444,2021-05-07 10:13:28.423,0.021,1,1,0.9984469,0.0015524869,0.9984469,4.6736758e-07,1.06827194e-07
511,4,sitting,2021-05-07 10:13:27.444,2021-05-07 10:13:29.423,0.021,1,1,0.9995526,0.00044727337,0.9995526,1.52785e-07,4.1253823e-08
511,4,sitting,2021-05-07 10:13:28.444,2021-05-07 10:13:30.423,0.021,1,1,0.9996862,0.00031383,0.9996862,1.06306516e-07,2.9935986e-08
511,4,sitting,2021-05-07 10:13:29.444,2021-05-07 10:13:31.423,0.021,1,1,0.99971807,0.00028170587,0.99971807,9.394029e-08,2.6878842e-08
511,4,sitting,2021-05-07 10:13:30.444,2021-05-07 10:13:32.423,0.021,1,1,0.9997997,0.00020011263,0.9997997,6.8630825e-08,2.1004487e-08
511,4,sitting,2021-05-07 10:13:31.444,2021-05-07 10:13:33.423,0.021,1,1,0.9998424,0.0001576099,0.9998424,5.368334e-08,1.712282e-08
511,4,sitting,2021-05-07 10:13:32.444,2021-05-07 10:13:34.423,0.021,1,1,0.99991673,8.317395e-05,0.99991673,2.4995945e-08,8.409324e-09
511,4,sitting,2021-05-07 10:13:33.444,2021-05-07 10:13:35.423,0.021,1,1,0.9999191,8.084026e-05,0.9999191,2.186783e-08,7.2726567e-09
511,4,sitting,2021-05-07 10:13:34.444,2021-05-07 10:13:36.423,0.021,1,1,0.9998819,0.00011798218,0.9998819,3.437856e-08,1.099551e-08
511,4,sitting,2021-05-07 10:13:35.444,2021-05-07 10:13:37.423,0.021,1,1,0.9998875,0.00011234684,0.9998875,3.5462946e-08,1.1557026e-08
511,4,sitting,2021-05-07 10:13:36.444,2021-05-07 10:13:38.423,0.021,1,1,0.99950975,0.0004900999,0.99950975,1.2720349e-07,5.445946e-08
511,4,sitting,2021-05-07 10:13:37.444,2021-05-07 10:13:39.423,0.021,1,1,0.965688,0.03430374,0.965688,4.5305337e-06,3.822598e-06
511,4,sitting,2021-05-07 10:13:38.444,2021-05-07 10:13:40.423,0.021,1,1,0.9936975,0.0063003046,0.9936975,1.2065516e-06,9.776387e-07
511,4,sitting,2021-05-07 10:13:39.444,2021-05-07 10:13:41.423,0.021,1,1,0.9993956,0.0006040825,0.9993956,2.774771e-07,1.2275792e-07
511,4,sitting,2021-05-07 10:13:40.444,2021-05-07 10:13:42.423,0.021,1,1,0.9992077,0.00079172757,0.9992077,4.2106595e-07,1.7776526e-07
511,4,sitting,2021-05-07 10:13:41.444,2021-05-07 10:13:43.423,0.021,1,1,0.99909073,0.0009086176,0.99909073,4.7809465e-07,1.9484952e-07
511,4,sitting,2021-05-07 10:13:42.444,2021-05-07 10:13:44.423,0.021,1,1,0.9981637,0.0018349814,0.9981637,8.978346e-07,3.3328377e-07
511,4,sitting,2021-05-07 10:13:43.444,2021-05-07 10:13:45.423,0.021,1,1,0.9950723,0.0049247667,0.9950723,2.169927e-06,7.0067045e-07
511,4,sitting,2021-05-07 10:13:44.444,2021-05-07 10:13:46.423,0.021,1,1,0.9900952,0.009899837,0.9900952,3.778625e-06,1.139438e-06
511,4,sitting,2021-05-07 10:13:45.444,2021-05-07 10:13:47.423,0.021,1,1,0.960336,0.039649732,0.960336,1.1296174e-05,2.9866242e-06
511,4,sitting,2021-05-07 10:13:46.444,2021-05-07 10:13:48.423,0.021,1,1,0.9432852,0.056694,0.9432852,1.6778447e-05,4.0126815e-06
511,4,sitting,2021-05-07 10:13:47.444,2021-05-07 10:13:49.423,0.021,1,1,0.94865686,0.05132033,0.94865686,1.8499859e-05,4.2438874e-06
511,4,sitting,2021-05-07 10:13:48.444,2021-05-07 10:13:50.423,0.021,1,1,0.920225,0.07974082,0.920225,2.8213353e-05,5.8971586e-06
511,4,sitting,2021-05-07 10:13:49.444,2021-05-07 10:13:51.423,0.021,1,1,0.8892062,0.11075094,0.8892062,3.5942114e-05,7.018763e-06
511,4,sitting,2021-05-07 10:13:50.444,2021-05-07 10:13:52.423,0.021,1,1,0.86312634,0.1368243,0.86312634,4.133674e-05,7.911768e-06
511,4,sitting,2021-05-07 10:13:51.444,2021-05-07 10:13:53.423,0.021,1,1,0.8408522,0.15908931,0.8408522,4.9617895e-05,8.966233e-06
511,4,sitting,2021-05-07 10:13:52.444,2021-05-07 10:13:54.423,0.021,1,1,0.7656046,0.23431008,0.7656046,7.373526e-05,1.1692275e-05
511,4,sitting,2021-05-07 10:13:53.444,2021-05-07 10:13:55.423,0.021,1,1,0.68628013,0.31361198,0.68628013,9.449148e-05,1.3382864e-05
511,4,sitting,2021-05-07 10:13:54.444,2021-05-07 10:13:56.423,0.021,1,1,0.7116144,0.28828615,0.7116144,8.6609194e-05,1.2903359e-05
511,4,sitting,2021-05-07 10:13:55.444,2021-05-07 10:13:57.423,0.021,1,1,0.9559445,0.044035617,0.9559445,1.6049036e-05,3.7894786e-06
511,4,sitting,2021-05-07 10:13:56.444,2021-05-07 10:13:58.423,0.021,1,1,0.9747072,0.025280515,0.9747072,9.673408e-06,2.6410796e-06
511,4,sitting,2021-05-07 10:13:57.444,2021-05-07 10:13:59.423,0.021,1,1,0.82188207,0.17805055,0.82188207,5.7453763e-05,9.950792e-06
511,4,sitting,2021-05-07 10:13:58.444,2021-05-07 10:14:00.424,0.021,1,1,0.66029817,0.3395829,0.66029817,0.00010418147,1.480629e-05
511,4,sitting,2021-05-07 10:13:59.444,2021-05-07 10:14:01.424,0.021,1,1,0.7556586,0.24425364,0.7556586,7.555858e-05,1.2131723e-05
511,4,sitting,2021-05-07 10:14:00.444,2021-05-07 10:14:02.424,0.021,1,1,0.7918473,0.20807678,0.7918473,6.467579e-05,1.1208889e-05
511,4,sitting,2021-05-07 10:14:01.444,2021-05-07 10:14:03.424,0.021,1,1,0.8291484,0.17078565,0.8291484,5.565694e-05,1.03043585e-05
511,4,sitting,2021-05-07 10:14:02.444,2021-05-07 10:14:04.423,0.021,1,1,0.8267972,0.17314084,0.8267972,5.222855e-05,9.645734e-06
511,4,sitting,2021-05-07 10:14:03.444,2021-05-07 10:14:05.423,0.021,1,1,0.9502154,0.049763694,0.9502154,1.6993907e-05,3.9180745e-06
511,4,sitting,2021-05-07 10:14:04.444,2021-05-07 10:14:06.423,0.021,1,1,0.9932257,0.00677074,0.9932257,2.7453905e-06,8.717675e-07
511,4,sitting,2021-05-07 10:14:05.444,2021-05-07 10:14:07.423,0.021,1,1,0.9882044,0.011789683,0.9882044,4.58061e-06,1.3510706e-06
511,4,sitting,2021-05-07 10:14:06.444,2021-05-07 10:14:08.423,0.021,1,1,0.7264487,0.27348027,0.7264487,3.4648645e-05,3.6405818e-05
511,4,sitting,2021-05-07 10:14:07.444,2021-05-07 10:14:09.423,0.021,1,0,0.6370257,0.6370257,0.36280045,0.000104647945,6.919492e-05
511,4,sitting,2021-05-07 10:14:08.444,2021-05-07 10:14:10.423,0.021,1,1,0.7336891,0.2661847,0.7336891,0.00010690751,1.941659e-05
511,4,sitting,2021-05-07 10:14:09.444,2021-05-07 10:14:11.423,0.021,1,1,0.7389597,0.26091227,0.7389597,0.00010966254,1.8226978e-05
511,4,sitting,2021-05-07 10:14:10.444,2021-05-07 10:14:12.423,0.021,1,1,0.72029895,0.2795632,0.72029895,0.00011941568,1.8419745e-05
511,4,sitting,2021-05-07 10:14:11.444,2021-05-07 10:14:13.423,0.021,1,1,0.84226507,0.15758952,0.84226507,0.000108936605,3.6474543e-05
511,4,sitting,2021-05-07 10:14:12.444,2021-05-07 10:14:14.423,0.021,1,1,0.87469393,0.12504172,0.87469393,0.0001695918,9.473412e-05
511,4,sitting,2021-05-07 10:14:13.444,2021-05-07 10:14:15.423,0.021,1,1,0.8461577,0.15349475,0.8461577,0.00023290972,0.000114624636
511,4,sitting,2021-05-07 10:14:14.444,2021-05-07 10:14:16.423,0.021,1,1,0.75885415,0.24047732,0.75885415,0.00045119546,0.00021738309
511,4,sitting,2021-05-07 10:14:15.444,2021-05-07 10:14:17.423,0.021,1,1,0.9280812,0.06985437,0.9280812,0.001631939,0.00043234613
511,4,sitting,2021-05-07 10:14:16.444,2021-05-07 10:14:18.423,0.021,1,1,0.81431866,0.18295175,0.81431866,0.0023659319,0.00036367562
511,4,sitting,2021-05-07 10:14:17.444,2021-05-07 10:14:19.423,0.021,1,1,0.57051957,0.42853823,0.57051957,0.0007072984,0.00023475414
511,4,sitting,2021-05-07 10:14:18.444,2021-05-07 10:14:20.423,0.021,1,1,0.9670244,0.032887608,0.9670244,5.367487e-05,3.4264685e-05
511,4,sitting,2021-05-07 10:14:19.444,2021-05-07 10:14:21.423,0.021,1,1,0.9910565,0.008906639,0.9910565,2.4319053e-05,1.2371682e-05
511,4,sitting,2021-05-07 10:14:20.444,2021-05-07 10:14:22.423,0.021,1,1,0.97726846,0.022673834,0.97726846,4.1357383e-05,1.6265298e-05
511,4,sitting,2021-05-07 10:14:21.444,2021-05-07 10:14:23.423,0.021,1,1,0.9164858,0.08340973,0.9164858,7.344931e-05,3.1090607e-05
511,4,sitting,2021-05-07 10:14:22.444,2021-05-07 10:14:24.423,0.021,1,1,0.94479245,0.055196226,0.94479245,6.039706e-06,5.332096e-06
511,4,sitting,2021-05-07 10:14:23.444,2021-05-07 10:14:25.423,0.021,1,1,0.9604007,0.039586224,0.9604007,7.641651e-06,5.5298287e-06
511,4,sitting,2021-05-07 10:14:24.444,2021-05-07 10:14:26.423,0.021,1,1,0.95072246,0.049239866,0.95072246,2.5504853e-05,1.2186434e-05
511,4,sitting,2021-05-07 10:14:25.444,2021-05-07 10:14:27.423,0.021,1,1,0.97158676,0.02840033,0.97158676,7.912616e-06,5.021978e-06
511,4,sitting,2021-05-07 10:14:26.444,2021-05-07 10:14:28.423,0.021,1,1,0.9832875,0.016680256,0.9832875,2.2644981e-05,9.580272e-06
511,4,sitting,2021-05-07 10:14:27.444,2021-05-07 10:14:29.423,0.021,1,1,0.9818645,0.018117202,0.9818645,1.2717756e-05,5.5593787e-06
511,4,sitting,2021-05-07 10:14:28.444,2021-05-07 10:14:30.423,0.021,1,1,0.9952594,0.004736089,0.9952594,2.8442073e-06,1.7072201e-06
511,4,sitting,2021-05-07 10:14:29.444,2021-05-07 10:14:31.423,0.021,1,1,0.9894527,0.010518656,0.9894527,2.0050944e-05,8.593525e-06
511,4,sitting,2021-05-07 10:14:30.444,2021-05-07 10:14:32.423,0.021,1,1,0.96623695,0.033687983,0.96623695,5.5536075e-05,1.9563908e-05
511,4,sitting,2021-05-07 10:14:31.444,2021-05-07 10:14:33.423,0.021,1,1,0.9327029,0.0671932,0.9327029,6.6225e-05,3.7574e-05
511,4,sitting,2021-05-07 10:14:32.444,2021-05-07 10:14:34.423,0.021,1,1,0.94406337,0.055863105,0.94406337,3.5590252e-05,3.7820428e-05
511,4,sitting,2021-05-07 10:14:33.444,2021-05-07 10:14:35.423,0.021,1,1,0.97876924,0.021227278,0.97876924,1.3488207e-06,2.1030191e-06
511,4,sitting,2021-05-07 10:14:34.444,2021-05-07 10:14:36.423,0.021,1,1,0.99465185,0.005348012,0.99465185,6.031282e-08,3.7758497e-08
511,4,sitting,2021-05-07 10:14:35.444,2021-05-07 10:14:37.423,0.021,1,1,0.99434686,0.005653247,0.99434686,5.304054e-08,2.2955179e-08
511,4,sitting,2021-05-07 10:14:36.444,2021-05-07 10:14:38.423,0.021,1,1,0.99188536,0.008114574,0.99188536,6.385263e-08,2.4526974e-08
511,4,sitting,2021-05-07 10:14:37.444,2021-05-07 10:14:39.423,0.021,1,1,0.9912726,0.008727235,0.9912726,6.978069e-08,2.5126196e-08
511,4,sitting,2021-05-07 10:14:38.444,2021-05-07 10:14:40.423,0.021,1,1,0.99705344,0.0029466322,0.99705344,3.7965204e-08,1.3815544e-08
511,4,sitting,2021-05-07 10:14:39.444,2021-05-07 10:14:41.423,0.021,1,1,0.9993163,0.00068373984,0.9993163,1.6494582e-08,6.2874426e-09
511,4,sitting,2021-05-07 10:14:40.444,2021-05-07 10:14:42.423,0.021,1,1,0.9993289,0.0006710997,0.9993289,1.6298083e-08,5.9031335e-09
511,4,sitting,2021-05-07 10:14:41.444,2021-05-07 10:14:43.423,0.021,1,1,0.9990361,0.0009639087,0.9990361,2.0086533e-08,6.938344e-09
511,4,sitting,2021-05-07 10:14:42.444,2021-05-07 10:14:44.423,0.021,1,1,0.998975,0.0010251198,0.998975,2.1082446e-08,7.159423e-09
511,4,sitting,2021-05-07 10:14:43.444,2021-05-07 10:14:45.423,0.021,1,1,0.9988399,0.0011600936,0.9988399,2.2786608e-08,7.816392e-09
511,4,sitting,2021-05-07 10:14:44.444,2021-05-07 10:14:46.423,0.021,1,1,0.99385524,0.0061443322,0.99385524,3.3052683e-07,1.4879781e-07
511,4,sitting,2021-05-07 10:14:45.444,2021-05-07 10:14:47.423,0.021,1,1,0.97907835,0.020898245,0.97907835,1.6033944e-05,7.513919e-06
511,4,sitting,2021-05-07 10:14:46.444,2021-05-07 10:14:48.423,0.021,1,1,0.97764856,0.02233168,0.97764856,1.2595579e-05,7.079968e-06
511,4,sitting,2021-05-07 10:14:47.444,2021-05-07 10:14:49.423,0.021,1,1,0.9978872,0.0021117937,0.9978872,5.6176987e-07,4.0455973e-07
511,4,sitting,2021-05-07 10:14:48.444,2021-05-07 10:14:50.423,0.021,1,1,0.99967283,0.00032700825,0.99967283,9.8134414e-08,5.626224e-08
511,4,sitting,2021-05-07 10:14:49.444,2021-05-07 10:14:51.423,0.021,1,1,0.9996947,0.00030510125,0.9996947,7.658658e-08,4.3897842e-08
511,4,sitting,2021-05-07 10:14:50.444,2021-05-07 10:14:52.423,0.021,1,1,0.99971116,0.00028865563,0.99971116,6.072526e-08,3.1990382e-08
511,4,sitting,2021-05-07 10:14:51.444,2021-05-07 10:14:53.423,0.021,1,1,0.99973154,0.00026833924,0.99973154,5.0194362e-08,2.4586832e-08
511,4,sitting,2021-05-07 10:14:52.444,2021-05-07 10:14:54.423,0.021,1,1,0.9997113,0.0002885076,0.9997113,6.064401e-08,3.0763506e-08
511,4,sitting,2021-05-07 10:14:53.444,2021-05-07 10:14:55.423,0.021,1,1,0.9997721,0.00022790028,0.9997721,3.7990457e-08,1.8541893e-08
511,4,sitting,2021-05-07 10:14:54.444,2021-05-07 10:14:56.423,0.021,1,1,0.99978757,0.00021242039,0.99978757,3.355321e-08,1.5736696e-08
511,4,sitting,2021-05-07 10:14:55.444,2021-05-07 10:14:57.423,0.021,1,1,0.9997668,0.00023322547,0.9997668,4.61579e-08,2.164087e-08
511,4,sitting,2021-05-07 10:14:56.444,2021-05-07 10:14:58.423,0.021,1,1,0.99971926,0.0002805772,0.99971926,6.988558e-08,3.382677e-08
511,4,sitting,2021-05-07 10:14:57.444,2021-05-07 10:14:59.423,0.021,1,1,0.9997208,0.00027898815,0.9997208,7.301292e-08,3.5435065e-08
511,4,sitting,2021-05-07 10:14:58.444,2021-05-07 10:15:00.424,0.021,1,1,0.99965113,0.00034875082,0.99965113,9.925041e-08,5.2081887e-08
511,4,sitting,2021-05-07 10:14:59.444,2021-05-07 10:15:01.424,0.021,1,1,0.9996092,0.000390726,0.9996092,9.2336506e-08,5.3330094e-08
511,4,sitting,2021-05-07 10:15:00.444,2021-05-07 10:15:02.424,0.021,1,1,0.9996869,0.00031323102,0.9996869,5.1509566e-08,2.9094496e-08
511,4,sitting,2021-05-07 10:15:01.444,2021-05-07 10:15:03.424,0.021,1,1,0.99971294,0.00028699113,0.99971294,5.6984433e-08,2.8946964e-08
511,4,sitting,2021-05-07 10:15:02.444,2021-05-07 10:15:04.423,0.021,1,1,0.99968976,0.00031021217,0.99968976,7.388002e-08,3.7715367e-08
511,4,sitting,2021-05-07 10:15:03.444,2021-05-07 10:15:05.423,0.021,1,1,0.9997078,0.0002921464,0.9997078,5.7639248e-08,2.9261564e-08
511,4,sitting,2021-05-07 10:15:04.444,2021-05-07 10:15:06.423,0.021,1,1,0.999737,0.00026285558,0.999737,4.0268347e-08,2.0434385e-08
511,4,sitting,2021-05-07 10:15:05.444,2021-05-07 10:15:07.423,0.021,1,1,0.9997866,0.00021340416,0.9997866,2.6925944e-08,1.2780635e-08
511,4,sitting,2021-05-07 10:15:06.444,2021-05-07 10:15:08.423,0.021,1,1,0.9998355,0.00016451298,0.9998355,1.8364792e-08,8.031527e-09
511,4,sitting,2021-05-07 10:15:07.444,2021-05-07 10:15:09.423,0.021,1,1,0.99984527,0.0001546514,0.99984527,1.7042943e-08,7.3535196e-09
511,4,sitting,2021-05-07 10:15:08.444,2021-05-07 10:15:10.423,0.021,1,1,0.9998658,0.00013430267,0.9998658,1.520643e-08,6.355047e-09
511,4,sitting,2021-05-07 10:15:09.444,2021-05-07 10:15:11.423,0.021,1,1,0.99989825,0.00010172097,0.99989825,1.2873224e-08,5.0929914e-09
511,4,sitting,2021-05-07 10:15:10.444,2021-05-07 10:15:12.423,0.021,1,1,0.9999139,8.605028e-05,0.9999139,1.2216523e-08,4.753951e-09
511,4,sitting,2021-05-07 10:15:11.444,2021-05-07 10:15:13.423,0.021,1,1,0.99991447,8.5442014e-05,0.99991447,1.1854632e-08,4.6431734e-09
511,4,sitting,2021-05-07 10:15:12.444,2021-05-07 10:15:14.423,0.021,1,1,0.99991745,8.254012e-05,0.99991745,1.0778327e-08,4.1973633e-09
511,4,sitting,2021-05-07 10:15:13.444,2021-05-07 10:15:15.423,0.021,1,1,0.999916,8.3913095e-05,0.999916,1.0981151e-08,4.263269e-09
511,4,sitting,2021-05-07 10:15:14.444,2021-05-07 10:15:16.423,0.021,1,1,0.9999141,8.584244e-05,0.9999141,1.2284427e-08,4.822272e-09
511,4,sitting,2021-05-07 10:15:15.444,2021-05-07 10:15:17.423,0.021,1,1,0.9999171,8.287445e-05,0.9999171,1.1928832e-08,4.639078e-09
511,4,sitting,2021-05-07 10:15:16.444,2021-05-07 10:15:18.423,0.021,1,1,0.9999141,8.576919e-05,0.9999141,1.1520007e-08,4.4594644e-09
511,4,sitting,2021-05-07 10:15:17.444,2021-05-07 10:15:19.423,0.021,1,1,0.9999103,8.9593e-05,0.9999103,1.1589031e-08,4.5060453e-09
511,4,sitting,2021-05-07 10:15:18.444,2021-05-07 10:15:20.423,0.021,1,1,0.9999098,9.006954e-05,0.9999098,1.1454861e-08,4.5601505e-09
511,4,sitting,2021-05-07 10:15:19.444,2021-05-07 10:15:21.423,0.021,1,1,0.99989134,0.00010857702,0.99989134,1.4246654e-08,5.8125122e-09
511,4,sitting,2021-05-07 10:15:20.444,2021-05-07 10:15:22.423,0.021,1,1,0.99952245,0.00047744656,0.99952245,8.8718316e-08,4.407761e-08
511,4,sitting,2021-05-07 10:15:21.444,2021-05-07 10:15:23.423,0.021,1,1,0.99137414,0.008618232,0.99137414,5.5447485e-06,2.1634135e-06
511,4,sitting,2021-05-07 10:15:22.444,2021-05-07 10:15:24.423,0.021,1,1,0.9265847,0.07331842,0.9265847,7.946349e-05,1.7404498e-05
511,4,sitting,2021-05-07 10:15:23.444,2021-05-07 10:15:25.423,0.021,1,1,0.9584561,0.041472368,0.9584561,5.8961094e-05,1.2588295e-05
511,4,sitting,2021-05-07 10:15:24.444,2021-05-07 10:15:26.423,0.021,1,1,0.99791336,0.0020819237,0.99791336,2.6416196e-06,2.0478485e-06
511,4,sitting,2021-05-07 10:15:25.444,2021-05-07 10:15:27.423,0.021,1,1,0.9998169,0.00018290833,0.9998169,6.3087036e-08,1.1963506e-07
511,4,sitting,2021-05-07 10:15:26.444,2021-05-07 10:15:28.423,0.021,1,1,0.9999096,9.0303285e-05,0.9999096,2.9118578e-08,4.189566e-08
511,4,sitting,2021-05-07 10:15:27.444,2021-05-07 10:15:29.423,0.021,1,1,0.99991196,8.79935e-05,0.99991196,2.3302983e-08,3.635415e-08
511,4,sitting,2021-05-07 10:15:28.444,2021-05-07 10:15:30.423,0.021,1,1,0.9999035,9.639022e-05,0.9999035,2.4842048e-08,3.66719e-08
511,4,sitting,2021-05-07 10:15:29.444,2021-05-07 10:15:31.423,0.021,1,1,0.99990755,9.233233e-05,0.99990755,2.6920882e-08,3.9670624e-08
511,5,walking,2021-05-07 10:15:33.604,2021-05-07 10:15:35.583,0.021,3,3,0.9999208,7.350586e-12,7.5396235e-07,7.8339675e-05,0.9999208
511,5,walking,2021-05-07 10:15:34.604,2021-05-07 10:15:36.583,0.021,3,3,0.9990421,2.1483162e-10,3.301824e-06,0.0009545867,0.9990421
511,5,walking,2021-05-07 10:15:35.604,2021-05-07 10:15:37.583,0.021,3,3,0.9965818,2.2202697e-10,1.6250474e-06,0.0034165003,0.9965818
511,5,walking,2021-05-07 10:15:36.604,2021-05-07 10:15:38.583,0.021,3,3,0.99955094,9.317231e-12,7.1323065e-08,0.00044905875,0.99955094
511,5,walking,2021-05-07 10:15:37.604,2021-05-07 10:15:39.583,0.021,3,3,0.9999301,2.8166087e-13,1.0857655e-08,6.9865106e-05,0.9999301
511,5,walking,2021-05-07 10:15:38.604,2021-05-07 10:15:40.583,0.021,3,3,0.99991876,8.171672e-13,2.0503812e-08,8.117552e-05,0.99991876
511,5,walking,2021-05-07 10:15:39.604,2021-05-07 10:15:41.583,0.021,3,3,0.99997157,4.638074e-13,1.3485452e-08,2.8381877e-05,0.99997157
511,5,walking,2021-05-07 10:15:40.604,2021-05-07 10:15:42.583,0.021,3,3,0.99990696,1.1445349e-12,3.552951e-08,9.29345e-05,0.99990696
511,5,walking,2021-05-07 10:15:41.604,2021-05-07 10:15:43.583,0.021,3,3,0.99885637,4.5929874e-11,3.9165823e-07,0.0011432908,0.99885637
511,5,walking,2021-05-07 10:15:42.604,2021-05-07 10:15:44.583,0.021,3,3,0.9921529,4.8949e-10,2.5125091e-06,0.007844429,0.9921529
511,5,walking,2021-05-07 10:15:43.604,2021-05-07 10:15:45.583,0.021,3,3,0.9960518,2.918145e-10,2.4464657e-06,0.0039457367,0.9960518
511,5,walking,2021-05-07 10:15:44.604,2021-05-07 10:15:46.583,0.021,3,3,0.99959797,1.2103561e-11,3.244492e-07,0.00040174378,0.99959797
511,5,walking,2021-05-07 10:15:45.604,2021-05-07 10:15:47.583,0.021,3,3,0.9987115,6.5462545e-11,8.5934664e-07,0.0012877368,0.9987115
511,5,walking,2021-05-07 10:15:46.604,2021-05-07 10:15:48.583,0.021,3,3,0.9979118,4.2640867e-11,5.6249945e-07,0.0020875696,0.9979118
511,5,walking,2021-05-07 10:15:47.604,2021-05-07 10:15:49.583,0.021,3,3,0.99274796,1.1070075e-10,3.7071713e-06,0.0072482876,0.99274796
511,5,walking,2021-05-07 10:15:48.604,2021-05-07 10:15:50.583,0.021,3,3,0.9617446,1.8083538e-09,3.0619885e-05,0.038224716,0.9617446
511,5,walking,2021-05-07 10:15:49.604,2021-05-07 10:15:51.583,0.021,3,3,0.9963368,1.9092125e-10,2.1109513e-06,0.003661065,0.9963368
511,5,walking,2021-05-07 10:15:50.604,2021-05-07 10:15:52.583,0.021,3,3,0.9993564,6.3208002e-12,3.858557e-07,0.0006431549,0.9993564
511,5,walking,2021-05-07 10:15:51.604,2021-05-07 10:15:53.583,0.021,3,3,0.99615073,5.1279044e-11,2.7276662e-06,0.0038466023,0.99615073
511,5,walking,2021-05-07 10:15:52.604,2021-05-07 10:15:54.583,0.021,3,3,0.99269766,5.4051704e-11,1.3288233e-06,0.007300981,0.99269766
511,5,walking,2021-05-07 10:15:53.604,2021-05-07 10:15:55.583,0.021,3,3,0.9939084,5.334318e-11,1.3263204e-06,0.0060902764,0.9939084
511,5,walking,2021-05-07 10:15:54.604,2021-05-07 10:15:56.583,0.021,3,3,0.9991766,1.14586335e-11,4.5131688e-07,0.00082298496,0.9991766
511,5,walking,2021-05-07 10:15:55.604,2021-05-07 10:15:57.583,0.021,3,3,0.99765426,5.126474e-11,1.0371399e-06,0.0023446786,0.99765426
511,5,walking,2021-05-07 10:15:56.604,2021-05-07 10:15:58.583,0.021,3,3,0.99891293,3.3077614e-11,3.1838476e-07,0.0010867658,0.99891293
511,5,walking,2021-05-07 10:15:57.604,2021-05-07 10:15:59.583,0.021,3,3,0.99845165,3.0780475e-11,3.155291e-07,0.0015480707,0.99845165
511,5,walking,2021-05-07 10:15:58.604,2021-05-07 10:16:00.584,0.021,3,3,0.99823904,1.9965935e-11,8.8858303e-07,0.0017600459,0.99823904
511,5,walking,2021-05-07 10:15:59.604,2021-05-07 10:16:01.584,0.021,3,3,0.98454213,8.697617e-10,1.2324763e-05,0.015445506,0.98454213
511,5,walking,2021-05-07 10:16:00.604,2021-05-07 10:16:02.584,0.021,3,3,0.9723499,9.987415e-10,7.3026445e-06,0.027642813,0.9723499
511,5,walking,2021-05-07 10:16:01.604,2021-05-07 10:16:03.584,0.021,3,3,0.9816071,7.847722e-10,5.9266317e-06,0.018386958,0.9816071
511,5,walking,2021-05-07 10:16:02.604,2021-05-07 10:16:04.584,0.021,3,3,0.9855951,6.4026656e-10,1.1403575e-05,0.014393533,0.9855951
511,5,walking,2021-05-07 10:16:03.604,2021-05-07 10:16:05.584,0.021,3,2,0.55574167,1.7498168e-08,5.6834368e-05,0.55574167,0.4442015
511,8,standing,2021-05-07 10:16:07.084,2021-05-07 10:16:09.064,0.021,2,2,0.9997573,2.5112985e-09,1.2120817e-06,0.9997573,0.00024141793
511,8,standing,2021-05-07 10:16:08.083,2021-05-07 10:16:10.064,0.021,2,2,0.9996759,3.944685e-09,2.1852945e-06,0.9996759,0.0003220294
511,8,standing,2021-05-07 10:16:09.083,2021-05-07 10:16:11.064,0.021,2,2,0.99954355,5.9114447e-09,3.0293875e-06,0.99954355,0.00045355238
511,8,standing,2021-05-07 10:16:10.083,2021-05-07 10:16:12.064,0.021,2,2,0.9993875,7.930965e-09,4.4197427e-06,0.9993875,0.0006080457
511,8,standing,2021-05-07 10:16:11.083,2021-05-07 10:16:13.064,0.021,2,2,0.99959797,4.7737627e-09,2.6043497e-06,0.99959797,0.00039946774
511,8,standing,2021-05-07 10:16:12.083,2021-05-07 10:16:14.064,0.021,2,2,0.9996954,3.5882954e-09,1.867746e-06,0.9996954,0.00030258944
511,8,standing,2021-05-07 10:16:13.083,2021-05-07 10:16:15.064,0.021,2,2,0.9996471,7.507888e-09,4.7769736e-06,0.9996471,0.0003481851
511,8,standing,2021-05-07 10:16:14.083,2021-05-07 10:16:16.063,0.021,2,2,0.9995613,9.562926e-09,7.4259437e-06,0.9995613,0.00043132828
511,8,standing,2021-05-07 10:16:15.083,2021-05-07 10:16:17.063,0.021,2,2,0.99976206,4.9738413e-09,2.5570653e-06,0.99976206,0.00023543135
511,11,walking,2021-05-07 10:16:27.684,2021-05-07 10:16:29.663,0.021,3,3,0.95424056,2.6697975e-09,1.9727126e-05,0.04573964,0.95424056
511,11,walking,2021-05-07 10:16:28.684,2021-05-07 10:16:30.663,0.021,3,3,0.99488306,2.740034e-10,2.2402014e-06,0.0051147784,0.99488306
511,11,walking,2021-05-07 10:16:29.684,2021-05-07 10:16:31.663,0.021,3,3,0.9964177,2.5602992e-10,1.6359139e-06,0.0035805788,0.9964177
511,11,walking,2021-05-07 10:16:30.684,2021-05-07 10:16:32.664,0.021,3,3,0.9987489,3.7970852e-11,7.268519e-07,0.0012503824,0.9987489
511,11,walking,2021-05-07 10:16:31.684,2021-05-07 10:16:33.664,0.021,3,3,0.9993479,2.8687736e-11,2.4295548e-07,0.0006517946,0.9993479
511,11,walking,2021-05-07 10:16:32.683,2021-05-07 10:16:34.664,0.021,3,3,0.9979714,6.994623e-11,5.5270846e-07,0.0020281265,0.9979714
511,11,walking,2021-05-07 10:16:33.683,2021-05-07 10:16:35.664,0.021,3,3,0.9758873,6.323178e-10,2.8339643e-06,0.024109732,0.9758873
511,11,walking,2021-05-07 10:16:34.683,2021-05-07 10:16:36.664,0.021,3,3,0.9998534,7.863238e-12,2.1131645e-07,0.0001464807,0.9998534
511,11,walking,2021-05-07 10:16:35.683,2021-05-07 10:16:37.664,0.021,3,3,0.99971867,1.3589655e-11,3.4347863e-07,0.0002808648,0.99971867
511,11,walking,2021-05-07 10:16:36.683,2021-05-07 10:16:38.664,0.021,3,3,0.9915498,1.1937522e-10,1.3009445e-06,0.008448866,0.9915498
511,11,walking,2021-05-07 10:16:37.683,2021-05-07 10:16:39.664,0.021,3,3,0.9915909,1.4526731e-10,8.054344e-07,0.008408311,0.9915909
511,11,walking,2021-05-07 10:16:38.683,2021-05-07 10:16:40.664,0.021,3,3,0.9967196,9.534146e-11,1.0391232e-06,0.0032794366,0.9967196
511,11,walking,2021-05-07 10:16:39.683,2021-05-07 10:16:41.664,0.021,3,3,0.9976612,7.236269e-11,1.0622467e-06,0.0023378325,0.9976612
511,11,walking,2021-05-07 10:16:40.683,2021-05-07 10:16:42.664,0.021,3,3,0.9991547,3.5274852e-11,2.904981e-07,0.0008450531,0.9991547
511,11,walking,2021-05-07 10:16:41.683,2021-05-07 10:16:43.664,0.021,3,3,0.9943454,1.5308685e-10,1.0574973e-06,0.005653438,0.9943454
511,11,walking,2021-05-07 10:16:42.683,2021-05-07 10:16:44.664,0.021,3,3,0.9869259,1.0214886e-09,1.9608858e-06,0.013072119,0.9869259
511,11,walking,2021-05-07 10:16:43.683,2021-05-07 10:16:45.664,0.021,3,3,0.942526,6.7048567e-09,1.4273573e-05,0.05745984,0.942526
511,11,walking,2021-05-07 10:16:44.683,2021-05-07 10:16:46.664,0.021,3,3,0.5408251,1.4429099e-08,5.5630306e-05,0.4591193,0.5408251
511,11,walking,2021-05-07 10:16:45.683,2021-05-07 10:16:47.664,0.021,3,3,0.9771021,9.677609e-10,6.36732e-06,0.022891453,0.9771021
511,11,walking,2021-05-07 10:16:46.683,2021-05-07 10:16:48.664,0.021,3,3,0.9370355,2.8987996e-09,1.2678227e-05,0.062951684,0.9370355
511,11,walking,2021-05-07 10:16:47.683,2021-05-07 10:16:49.664,0.021,3,2,0.5871518,1.0561365e-08,6.350544e-05,0.5871518,0.41278464
511,11,walking,2021-05-07 10:16:48.683,2021-05-07 10:16:50.664,0.021,3,3,0.6744763,1.00846504e-08,5.439582e-05,0.32546923,0.6744763
511,11,walking,2021-05-07 10:16:49.683,2021-05-07 10:16:51.664,0.021,3,3,0.98475647,1.1248945e-09,3.7772293e-06,0.015239876,0.98475647
511,11,walking,2021-05-07 10:16:50.683,2021-05-07 10:16:52.664,0.021,3,3,0.99865794,1.1359773e-10,8.025382e-07,0.0013411895,0.99865794
511,11,walking,2021-05-07 10:16:51.683,2021-05-07 10:16:53.664,0.021,3,3,0.99430203,4.9421106e-10,3.136063e-06,0.0056948056,0.99430203
511,11,walking,2021-05-07 10:16:52.683,2021-05-07 10:16:54.664,0.021,3,3,0.9594311,3.4051566e-09,2.3938084e-05,0.040544897,0.9594311
511,13,walking,2021-05-07 10:16:56.644,2021-05-07 10:16:58.624,0.021,3,2,0.5948426,1.4253779e-08,6.149388e-05,0.5948426,0.40509593
511,13,walking,2021-05-07 10:16:57.644,2021-05-07 10:16:59.624,0.021,3,3,0.8567238,7.803653e-09,3.5390378e-05,0.14324085,0.8567238
511,13,walking,2021-05-07 10:16:58.644,2021-05-07 10:17:00.624,0.021,3,3,0.9718506,1.1903857e-09,2.9821424e-05,0.028119544,0.9718506
511,13,walking,2021-05-07 10:16:59.644,2021-05-07 10:17:01.624,0.021,3,3,0.9185206,4.6292383e-09,3.3264292e-05,0.08144618,0.9185206
511,13,walking,2021-05-07 10:17:00.644,2021-05-07 10:17:02.624,0.021,3,3,0.8594626,9.473148e-09,5.6916764e-05,0.14048043,0.8594626
511,13,walking,2021-05-07 10:17:01.644,2021-05-07 10:17:03.624,0.021,3,3,0.8975861,4.8795683e-09,4.9876733e-05,0.10236404,0.8975861
511,13,walking,2021-05-07 10:17:02.644,2021-05-07 10:17:04.624,0.021,3,3,0.7546991,1.0436928e-08,1.6822918e-05,0.24528402,0.7546991
511,16,standing,2021-05-07 10:17:08.404,2021-05-07 10:17:10.383,0.021,2,2,0.9998069,1.8475876e-09,1.0990609e-06,0.9998069,0.00019208531
511,16,standing,2021-05-07 10:17:09.404,2021-05-07 10:17:11.383,0.021,2,2,0.9998684,1.9375417e-09,8.267117e-07,0.9998684,0.00013080037
511,16,standing,2021-05-07 10:17:10.404,2021-05-07 10:17:12.383,0.021,2,2,0.999738,1.4432837e-09,7.7899836e-07,0.999738,0.00026109972
511,16,standing,2021-05-07 10:17:11.404,2021-05-07 10:17:13.383,0.021,2,2,0.9997432,1.148723e-09,6.625181e-07,0.9997432,0.00025598475
511,16,standing,2021-05-07 10:17:12.404,2021-05-07 10:17:14.383,0.021,2,2,0.99989086,1.0202765e-09,5.3622523e-07,0.99989086,0.00010848144
511,16,standing,2021-05-07 10:17:13.404,2021-05-07 10:17:15.383,0.021,2,2,0.9998948,8.432456e-10,4.911959e-07,0.9998948,0.000104713945
511,16,standing,2021-05-07 10:17:14.404,2021-05-07 10:17:16.384,0.021,2,2,0.9998779,8.719021e-10,5.2186317e-07,0.9998779,0.00012152653
511,16,standing,2021-05-07 10:17:15.404,2021-05-07 10:17:17.384,0.021,2,2,0.9998777,9.607289e-10,5.65045e-07,0.9998777,0.00012186597
511,16,standing,2021-05-07 10:17:16.403,2021-05-07 10:17:18.384,0.021,2,2,0.9998973,8.049488e-10,4.830633e-07,0.9998973,0.00010216975
511,16,standing,2021-05-07 10:17:17.403,2021-05-07 10:17:19.384,0.021,2,2,0.99989885,7.5470796e-10,5.0142313e-07,0.99989885,0.00010056309
511,16,standing,2021-05-07 10:17:18.403,2021-05-07 10:17:20.384,0.021,2,2,0.99989,9.673347e-10,6.0066816e-07,0.99989,0.00010927235
511,16,standing,2021-05-07 10:17:19.403,2021-05-07 10:17:21.384,0.021,2,2,0.9998799,1.24598e-09,7.0800064e-07,0.9998799,0.00011929983
511,20,standing,2021-05-07 10:17:50.563,2021-05-07 10:17:52.543,0.021,2,2,0.9994081,1.2015121e-09,8.319977e-07,0.9994081,0.0005909951
511,22,standing,2021-05-07 10:17:55.004,2021-05-07 10:17:56.984,0.021,2,2,0.9997697,4.8038498e-09,1.3066203e-06,0.9997697,0.00022911749
511,22,standing,2021-05-07 10:17:56.004,2021-05-07 10:17:57.984,0.021,2,2,0.9998636,2.1275899e-09,6.603811e-07,0.9998636,0.00013565399
511,22,standing,2021-05-07 10:17:57.004,2021-05-07 10:17:58.984,0.021,2,2,0.9998779,1.7666133e-09,6.510804e-07,0.9998779,0.00012161719
511,24,standing,2021-05-07 10:18:02.043,2021-05-07 10:18:04.024,0.021,2,2,0.9992985,7.855291e-09,2.3267798e-06,0.9992985,0.0006992063
511,24,standing,2021-05-07 10:18:03.043,2021-05-07 10:18:05.024,0.021,2,2,0.9993302,2.9608391e-09,1.2233602e-06,0.9993302,0.0006685588
511,34,standing,2021-05-07 10:19:04.604,2021-05-07 10:19:06.584,0.021,2,2,0.999377,1.9208117e-09,4.9548293e-05,0.999377,0.0005733766
511,34,standing,2021-05-07 10:19:05.604,2021-05-07 10:19:07.584,0.021,2,2,0.9997654,9.403142e-10,3.3135413e-05,0.9997654,0.00020154582
511,34,standing,2021-05-07 10:19:06.604,2021-05-07 10:19:08.583,0.021,2,2,0.9997821,7.156217e-10,3.0933694e-05,0.9997821,0.00018692375
511,34,standing,2021-05-07 10:19:07.604,2021-05-07 10:19:09.583,0.021,2,2,0.99975026,6.1193944e-10,3.2133103e-05,0.99975026,0.00021752829
511,39,walking,2021-05-07 10:19:20.723,2021-05-07 10:19:22.704,0.021,3,2,0.52075803,8.656092e-09,6.293515e-05,0.52075803,0.47917894
511,39,walking,2021-05-07 10:19:21.723,2021-05-07 10:19:23.704,0.021,3,2,0.75670296,1.05442e-08,6.4251166e-05,0.75670296,0.24323274
511,41,walking,2021-05-07 10:19:24.524,2021-05-07 10:19:26.503,0.021,3,3,0.99392414,1.1721821e-10,6.194845e-06,0.006069577,0.99392414
511,41,walking,2021-05-07 10:19:25.524,2021-05-07 10:19:27.503,0.021,3,3,0.9980821,5.571997e-11,1.5496589e-06,0.0019163686,0.9980821
511,42,sitting,2021-05-07 10:19:29.964,2021-05-07 10:19:31.944,0.021,1,1,0.6810023,0.31881425,0.6810023,9.3098395e-05,9.026082e-05
511,42,sitting,2021-05-07 10:19:30.964,2021-05-07 10:19:32.944,0.021,1,1,0.8610888,0.13877766,0.8610888,5.445324e-05,7.9005586e-05
511,42,sitting,2021-05-07 10:19:31.964,2021-05-07 10:19:33.944,0.021,1,1,0.79613054,0.20367734,0.79613054,0.00012877496,6.332516e-05
511,42,sitting,2021-05-07 10:19:32.964,2021-05-07 10:19:34.944,0.021,1,0,0.5714603,0.5714603,0.4280689,0.0003597618,0.00011106746
511,42,sitting,2021-05-07 10:19:33.964,2021-05-07 10:19:35.944,0.021,1,0,0.58801025,0.58801025,0.41141343,0.00045067648,0.00012563576
511,42,sitting,2021-05-07 10:19:34.964,2021-05-07 10:19:36.944,0.021,1,0,0.56833446,0.56833446,0.43107572,0.00046047097,0.00012940605
511,42,sitting,2021-05-07 10:19:35.964,2021-05-07 10:19:37.944,0.021,1,0,0.57572746,0.57572746,0.42368487,0.00045947966,0.00012821413
511,42,sitting,2021-05-07 10:19:36.964,2021-05-07 10:19:38.944,0.021,1,0,0.58436286,0.58436286,0.4150424,0.00046638944,0.00012848205
511,42,sitting,2021-05-07 10:19:37.964,2021-05-07 10:19:39.944,0.021,1,0,0.5849393,0.5849393,0.414473,0.00046059786,0.00012712464
511,42,sitting,2021-05-07 10:19:38.964,2021-05-07 10:19:40.944,0.021,1,0,0.5860049,0.5860049,0.41340515,0.00046241886,0.00012748443
511,42,sitting,2021-05-07 10:19:39.964,2021-05-07 10:19:41.944,0.021,1,0,0.5821368,0.5821368,0.41727543,0.00046040711,0.00012735206
511,42,sitting,2021-05-07 10:19:40.964,2021-05-07 10:19:42.944,0.021,1,0,0.59315336,0.59315336,0.40627092,0.0004516487,0.00012417344
511,42,sitting,2021-05-07 10:19:41.964,2021-05-07 10:19:43.944,0.021,1,0,0.5975091,0.5975091,0.40190846,0.00045690045,0.00012550925
511,42,sitting,2021-05-07 10:19:42.964,2021-05-07 10:19:44.944,0.021,1,0,0.6070477,0.6070477,0.39237288,0.0004554929,0.00012392513
511,42,sitting,2021-05-07 10:19:43.964,2021-05-07 10:19:45.944,0.021,1,0,0.60137326,0.60137326,0.39804924,0.0004526795,0.00012477925
511,42,sitting,2021-05-07 10:19:44.964,2021-05-07 10:19:46.944,0.021,1,0,0.5927003,0.5927003,0.40671414,0.00045834781,0.00012716503
511,42,sitting,2021-05-07 10:19:45.964,2021-05-07 10:19:47.944,0.021,1,0,0.5966652,0.5966652,0.4027565,0.00045323092,0.00012512442
511,42,sitting,2021-05-07 10:19:46.964,2021-05-07 10:19:48.944,0.021,1,0,0.60803455,0.60803455,0.39140493,0.00043823075,0.00012218891
511,42,sitting,2021-05-07 10:19:47.964,2021-05-07 10:19:49.944,0.021,1,0,0.6094082,0.6094082,0.39003015,0.00043971132,0.0001218725
511,42,sitting,2021-05-07 10:19:48.964,2021-05-07 10:19:50.944,0.021,1,0,0.6050482,0.6050482,0.39438182,0.00044825603,0.00012180313
511,42,sitting,2021-05-07 10:19:49.964,2021-05-07 10:19:51.944,0.021,1,0,0.59936136,0.59936136,0.40006238,0.00045287816,0.00012329509
511,42,sitting,2021-05-07 10:19:50.964,2021-05-07 10:19:52.944,0.021,1,0,0.61079985,0.61079985,0.38862428,0.00045274038,0.00012300206
511,42,sitting,2021-05-07 10:19:51.964,2021-05-07 10:19:53.944,0.021,1,0,0.6123911,0.6123911,0.38706255,0.00042714964,0.00011913906
511,42,sitting,2021-05-07 10:19:52.964,2021-05-07 10:19:54.944,0.021,1,0,0.62896097,0.62896097,0.37052983,0.0003972525,0.00011183308
511,42,sitting,2021-05-07 10:19:53.964,2021-05-07 10:19:55.944,0.021,1,0,0.627056,0.627056,0.37242076,0.00041067938,0.00011258873
511,42,sitting,2021-05-07 10:19:54.964,2021-05-07 10:19:56.944,0.021,1,0,0.6143561,0.6143561,0.38509658,0.0004304691,0.00011686414
511,42,sitting,2021-05-07 10:19:55.964,2021-05-07 10:19:57.944,0.021,1,0,0.6107718,0.6107718,0.38867444,0.0004351319,0.00011870815
511,42,sitting,2021-05-07 10:19:56.964,2021-05-07 10:19:58.944,0.021,1,0,0.6061287,0.6061287,0.3933178,0.00043413532,0.00011937835
511,42,sitting,2021-05-07 10:19:57.964,2021-05-07 10:19:59.944,0.021,1,0,0.61954886,0.61954886,0.3798824,0.00043940675,0.00012933272
511,42,sitting,2021-05-07 10:19:58.964,2021-05-07 10:20:00.944,0.021,1,1,0.5039273,0.4955604,0.5039273,0.00033744576,0.00017489109
511,42,sitting,2021-05-07 10:19:59.964,2021-05-07 10:20:01.944,0.021,1,1,0.6204023,0.3792984,0.6204023,0.0001953757,0.00010388494
511,42,sitting,2021-05-07 10:20:00.964,2021-05-07 10:20:02.944,0.021,1,0,0.5106605,0.5106605,0.48884273,0.0003408511,0.00015575699
511,42,sitting,2021-05-07 10:20:01.964,2021-05-07 10:20:03.944,0.021,1,1,0.62323016,0.37571618,0.62323016,0.00080903067,0.00024456403
511,42,sitting,2021-05-07 10:20:02.964,2021-05-07 10:20:04.944,0.021,1,1,0.5973733,0.4014574,0.5973733,0.0009303294,0.00023898575
511,42,sitting,2021-05-07 10:20:03.964,2021-05-07 10:20:05.944,0.021,1,0,0.6119111,0.6119111,0.3876115,0.00036531687,0.000112056296
511,42,sitting,2021-05-07 10:20:04.963,2021-05-07 10:20:06.944,0.021,1,0,0.6228036,0.6228036,0.37672812,0.00034654405,0.000121688674
511,42,sitting,2021-05-07 10:20:05.963,2021-05-07 10:20:07.944,0.021,1,0,0.590239,0.590239,0.40924147,0.00036988044,0.00014955514
511,42,sitting,2021-05-07 10:20:06.963,2021-05-07 10:20:08.944,0.021,1,0,0.54504,0.54504,0.45443767,0.00035947777,0.00016287211
511,42,sitting,2021-05-07 10:20:07.963,2021-05-07 10:20:09.944,0.021,1,0,0.625804,0.625804,0.3737677,0.0003060299,0.00012225847
511,42,sitting,2021-05-07 10:20:08.963,2021-05-07 10:20:10.944,0.021,1,0,0.6530321,0.6530321,0.34654164,0.00032373634,0.00010255214
511,42,sitting,2021-05-07 10:20:09.963,2021-05-07 10:20:11.944,0.021,1,0,0.6225225,0.6225225,0.3769833,0.00038565331,0.00010854923
511,42,sitting,2021-05-07 10:20:10.963,2021-05-07 10:20:12.944,0.021,1,0,0.65152043,0.65152043,0.34797606,0.00039837864,0.00010517467
511,42,sitting,2021-05-07 10:20:11.963,2021-05-07 10:20:13.944,0.021,1,0,0.6528147,0.6528147,0.34668484,0.00039536404,0.000105109495
511,42,sitting,2021-05-07 10:20:12.963,2021-05-07 10:20:14.944,0.021,1,0,0.6669768,0.6669768,0.33254388,0.00037712444,0.00010207026
511,42,sitting,2021-05-07 10:20:13.963,2021-05-07 10:20:15.944,0.021,1,0,0.61935234,0.61935234,0.3802433,0.00029358818,0.00011085926
511,42,sitting,2021-05-07 10:20:14.963,2021-05-07 10:20:16.944,0.021,1,0,0.5805711,0.5805711,0.41906217,0.000249025,0.000117667994
511,42,sitting,2021-05-07 10:20:15.963,2021-05-07 10:20:17.944,0.021,1,0,0.63528997,0.63528997,0.36431134,0.00029372427,0.0001051365
511,42,sitting,2021-05-07 10:20:16.964,2021-05-07 10:20:18.944,0.021,1,0,0.6967066,0.6967066,0.30281237,0.0003829358,9.819881e-05
511,42,sitting,2021-05-07 10:20:17.964,2021-05-07 10:20:19.944,0.021,1,0,0.7238753,0.7238753,0.2756465,0.00038285583,9.5308715e-05
511,42,sitting,2021-05-07 10:20:18.964,2021-05-07 10:20:20.944,0.021,1,0,0.745557,0.745557,0.25397006,0.00037865684,9.430351e-05
511,42,sitting,2021-05-07 10:20:19.964,2021-05-07 10:20:21.944,0.021,1,0,0.7444149,0.7444149,0.25510976,0.00038077633,9.461615e-05
511,42,sitting,2021-05-07 10:20:20.964,2021-05-07 10:20:22.944,0.021,1,0,0.67553705,0.67553705,0.32394257,0.000414403,0.000106016014
511,42,sitting,2021-05-07 10:20:21.964,2021-05-07 10:20:23.944,0.021,1,0,0.6211188,0.6211188,0.37832406,0.00043997334,0.000117116004
511,42,sitting,2021-05-07 10:20:22.964,2021-05-07 10:20:24.944,0.021,1,0,0.61623865,0.61623865,0.38319054,0.00045073437,0.000120094366
511,42,sitting,2021-05-07 10:20:23.964,2021-05-07 10:20:25.944,0.021,1,0,0.6166904,0.6166904,0.38273242,0.00045524375,0.00012180706
511,42,sitting,2021-05-07 10:20:24.964,2021-05-07 10:20:26.944,0.021,1,0,0.68236196,0.68236196,0.3171088,0.0004190055,0.00011023433
511,42,sitting,2021-05-07 10:20:25.964,2021-05-07 10:20:27.944,0.021,1,0,0.7438471,0.7438471,0.25565997,0.00039567344,9.7276185e-05
511,42,sitting,2021-05-07 10:20:26.964,2021-05-07 10:20:28.944,0.021,1,0,0.7303264,0.7303264,0.26921254,0.0003656141,9.553991e-05
511,42,sitting,2021-05-07 10:20:27.964,2021-05-07 10:20:29.944,0.021,1,0,0.7142984,0.7142984,0.28524074,0.00036348167,9.737525e-05
511,42,sitting,2021-05-07 10:20:28.964,2021-05-07 10:20:30.944,0.021,1,0,0.68058497,0.68058497,0.31893814,0.0003755709,0.00010121767
511,42,sitting,2021-05-07 10:20:29.964,2021-05-07 10:20:31.944,0.021,1,0,0.5814581,0.5814581,0.41808486,0.00035095628,0.000106080646
511,42,sitting,2021-05-07 10:20:30.964,2021-05-07 10:20:32.944,0.021,1,0,0.59240735,0.59240735,0.40716067,0.0003256193,0.00010625872
511,42,sitting,2021-05-07 10:20:31.964,2021-05-07 10:20:33.944,0.021,1,0,0.6538206,0.6538206,0.34575224,0.00032770654,9.94678e-05
511,42,sitting,2021-05-07 10:20:32.964,2021-05-07 10:20:34.944,0.021,1,0,0.567194,0.567194,0.43237484,0.00033026078,0.00010102592
511,42,sitting,2021-05-07 10:20:33.964,2021-05-07 10:20:35.944,0.021,1,1,0.58459014,0.41504142,0.58459014,0.00027053195,9.7761775e-05
511,42,sitting,2021-05-07 10:20:34.964,2021-05-07 10:20:36.944,0.021,1,0,0.5102819,0.5102819,0.4892302,0.00037421295,0.00011367847
511,42,sitting,2021-05-07 10:20:35.964,2021-05-07 10:20:37.944,0.021,1,0,0.5474281,0.5474281,0.45207837,0.0003793419,0.000114175324
511,42,sitting,2021-05-07 10:20:36.964,2021-05-07 10:20:38.944,0.021,1,0,0.56587714,0.56587714,0.4335932,0.000411107,0.000118496755
511,42,sitting,2021-05-07 10:20:37.964,2021-05-07 10:20:39.944,0.021,1,0,0.57375383,0.57375383,0.4257038,0.00042347974,0.00011887343
511,42,sitting,2021-05-07 10:20:38.964,2021-05-07 10:20:40.944,0.021,1,0,0.57471675,0.57471675,0.4247408,0.00042379863,0.00011864616
511,42,sitting,2021-05-07 10:20:39.964,2021-05-07 10:20:41.944,0.021,1,0,0.5690691,0.5690691,0.43038738,0.00042449957,0.00011912255
511,42,sitting,2021-05-07 10:20:40.964,2021-05-07 10:20:42.944,0.021,1,0,0.57521707,0.57521707,0.4242401,0.00042433242,0.00011859146
511,42,sitting,2021-05-07 10:20:41.964,2021-05-07 10:20:43.944,0.021,1,0,0.577724,0.577724,0.42173463,0.00042315645,0.000118173055
511,42,sitting,2021-05-07 10:20:42.964,2021-05-07 10:20:44.944,0.021,1,0,0.5739303,0.5739303,0.42552865,0.00042266393,0.00011837087
511,42,sitting,2021-05-07 10:20:43.964,2021-05-07 10:20:45.944,0.021,1,0,0.5736972,0.5736972,0.4257585,0.00042518828,0.0001191543
511,42,sitting,2021-05-07 10:20:44.964,2021-05-07 10:20:46.944,0.021,1,0,0.5766075,0.5766075,0.42285016,0.00042385564,0.00011853002
511,42,sitting,2021-05-07 10:20:45.964,2021-05-07 10:20:47.944,0.021,1,0,0.5768061,0.5768061,0.42265657,0.0004200692,0.00011726972
511,42,sitting,2021-05-07 10:20:46.964,2021-05-07 10:20:48.944,0.021,1,0,0.57043976,0.57043976,0.42901582,0.00042508254,0.00011941414
511,42,sitting,2021-05-07 10:20:47.964,2021-05-07 10:20:49.944,0.021,1,0,0.5730838,0.5730838,0.42637214,0.00042465975,0.00011934618
511,42,sitting,2021-05-07 10:20:48.964,2021-05-07 10:20:50.944,0.021,1,0,0.57606006,0.57606006,0.42339623,0.00042487326,0.00011890296
511,42,sitting,2021-05-07 10:20:49.964,2021-05-07 10:20:51.944,0.021,1,0,0.57193345,0.57193345,0.42752704,0.00042059587,0.000118886004
511,42,sitting,2021-05-07 10:20:50.964,2021-05-07 10:20:52.944,0.021,1,0,0.5677892,0.5677892,0.4316781,0.00041463855,0.000118037264
511,42,sitting,2021-05-07 10:20:51.964,2021-05-07 10:20:53.944,0.021,1,0,0.5661612,0.5661612,0.43329942,0.00042039272,0.00011895546
511,42,sitting,2021-05-07 10:20:52.964,2021-05-07 10:20:54.944,0.021,1,0,0.5758409,0.5758409,0.42361805,0.00042281844,0.000118246506
511,42,sitting,2021-05-07 10:20:53.964,2021-05-07 10:20:55.944,0.021,1,0,0.5799208,0.5799208,0.41953805,0.0004230577,0.00011800162
511,42,sitting,2021-05-07 10:20:54.964,2021-05-07 10:20:56.944,0.021,1,0,0.57696235,0.57696235,0.42250514,0.00041559373,0.00011700887
511,42,sitting,2021-05-07 10:20:55.964,2021-05-07 10:20:57.944,0.021,1,0,0.5763071,0.5763071,0.42316556,0.00041130953,0.00011591858
511,42,sitting,2021-05-07 10:20:56.964,2021-05-07 10:20:58.944,0.021,1,0,0.57546127,0.57546127,0.42400318,0.00041812667,0.00011735132
511,42,sitting,2021-05-07 10:20:57.964,2021-05-07 10:20:59.944,0.021,1,0,0.57052886,0.57052886,0.4289283,0.0004233481,0.000119417535
511,42,sitting,2021-05-07 10:20:58.964,2021-05-07 10:21:00.944,0.021,1,0,0.5698461,0.5698461,0.4296111,0.00042358472,0.000119233904
511,42,sitting,2021-05-07 10:20:59.964,2021-05-07 10:21:01.944,0.021,1,0,0.5751064,0.5751064,0.42434987,0.00042476816,0.00011886709
511,42,sitting,2021-05-07 10:21:00.964,2021-05-07 10:21:02.944,0.021,1,0,0.5737044,0.5737044,0.42575124,0.00042502335,0.000119267206
511,42,sitting,2021-05-07 10:21:01.964,2021-05-07 10:21:03.944,0.021,1,0,0.574613,0.574613,0.42484286,0.00042503927,0.00011909493
511,42,sitting,2021-05-07 10:21:02.964,2021-05-07 10:21:04.944,0.021,1,0,0.5784994,0.5784994,0.4209587,0.00042369004,0.000118275595
511,42,sitting,2021-05-07 10:21:03.964,2021-05-07 10:21:05.944,0.021,1,0,0.573176,0.573176,0.42627743,0.00042675066,0.0001198072
511,42,sitting,2021-05-07 10:21:04.963,2021-05-07 10:21:06.944,0.021,1,0,0.56911933,0.56911933,0.4303332,0.0004268346,0.00012055186
511,42,sitting,2021-05-07 10:21:05.963,2021-05-07 10:21:07.944,0.021,1,0,0.57193744,0.57193744,0.42752922,0.00041591952,0.000117503885
511,42,sitting,2021-05-07 10:21:06.963,2021-05-07 10:21:08.944,0.021,1,0,0.56929135,0.56929135,0.43016976,0.0004201195,0.00011873313
511,42,sitting,2021-05-07 10:21:07.963,2021-05-07 10:21:09.944,0.021,1,0,0.5732215,0.5732215,0.42623675,0.00042294906,0.00011880177
511,42,sitting,2021-05-07 10:21:08.963,2021-05-07 10:21:10.944,0.021,1,0,0.57787037,0.57787037,0.42159194,0.00042014525,0.00011749932
511,42,sitting,2021-05-07 10:21:09.963,2021-05-07 10:21:11.944,0.021,1,0,0.57506037,0.57506037,0.42439583,0.00042504293,0.00011871371
511,42,sitting,2021-05-07 10:21:10.963,2021-05-07 10:21:12.944,0.021,1,0,0.57292724,0.57292724,0.42652273,0.00042961756,0.000120394056
511,42,sitting,2021-05-07 10:21:11.963,2021-05-07 10:21:13.944,0.021,1,0,0.5784224,0.5784224,0.42103356,0.00042527716,0.00011870267
511,42,sitting,2021-05-07 10:21:12.963,2021-05-07 10:21:14.944,0.021,1,0,0.57336235,0.57336235,0.42608964,0.00042804691,0.0001199391
511,42,sitting,2021-05-07 10:21:13.963,2021-05-07 10:21:15.944,0.021,1,0,0.5709119,0.5709119,0.42854077,0.00042732927,0.000119927085
511,42,sitting,2021-05-07 10:21:14.963,2021-05-07 10:21:16.944,0.021,1,0,0.57406425,0.57406425,0.425394,0.0004232644,0.000118486714
511,42,sitting,2021-05-07 10:21:15.963,2021-05-07 10:21:17.944,0.021,1,0,0.57310295,0.57310295,0.42635143,0.00042595423,0.000119598546
511,42,sitting,2021-05-07 10:21:16.964,2021-05-07 10:21:18.944,0.021,1,0,0.57250124,0.57250124,0.42695454,0.00042504628,0.000119255215
511,42,sitting,2021-05-07 10:21:17.964,2021-05-07 10:21:19.944,0.021,1,0,0.57718825,0.57718825,0.42226726,0.00042565787,0.000118856085
511,42,sitting,2021-05-07 10:21:18.964,2021-05-07 10:21:20.944,0.021,1,0,0.578463,0.578463,0.42099425,0.00042401385,0.00011868814
511,42,sitting,2021-05-07 10:21:19.964,2021-05-07 10:21:21.944,0.021,1,0,0.580886,0.580886,0.4185789,0.00041749666,0.00011755074
511,42,sitting,2021-05-07 10:21:20.964,2021-05-07 10:21:22.944,0.021,1,0,0.60756886,0.60756886,0.39192444,0.00039536782,0.00011131567
511,42,sitting,2021-05-07 10:21:21.964,2021-05-07 10:21:23.944,0.021,1,0,0.6722777,0.6722777,0.32725865,0.00036302558,0.000100665035
511,42,sitting,2021-05-07 10:21:22.964,2021-05-07 10:21:24.944,0.021,1,0,0.65732145,0.65732145,0.34218553,0.0003853736,0.000107631764
511,42,sitting,2021-05-07 10:21:23.964,2021-05-07 10:21:25.944,0.021,1,0,0.6232435,0.6232435,0.37623742,0.00040224253,0.00011674564
511,42,sitting,2021-05-07 10:21:24.964,2021-05-07 10:21:26.944,0.021,1,0,0.61961156,0.61961156,0.3798717,0.0004006696,0.0001160403
511,42,sitting,2021-05-07 10:21:25.964,2021-05-07 10:21:27.944,0.021,1,0,0.6127021,0.6127021,0.38674334,0.00043635286,0.00011828435
511,42,sitting,2021-05-07 10:21:26.964,2021-05-07 10:21:28.944,0.021,1,0,0.6120662,0.6120662,0.387371,0.00044288882,0.00011982817
511,42,sitting,2021-05-07 10:21:27.964,2021-05-07 10:21:29.944,0.021,1,0,0.6148062,0.6148062,0.38463086,0.0004431692,0.00011985588
511,42,sitting,2021-05-07 10:21:28.964,2021-05-07 10:21:30.944,0.021,1,0,0.61307687,0.61307687,0.38635337,0.0004484382,0.0001213244
511,42,sitting,2021-05-07 10:21:29.964,2021-05-07 10:21:31.944,0.021,1,0,0.6084407,0.6084407,0.39099795,0.00044106325,0.00012020214
511,42,sitting,2021-05-07 10:21:30.964,2021-05-07 10:21:32.944,0.021,1,0,0.6107064,0.6107064,0.3887468,0.00042955673,0.00011727389
511,42,sitting,2021-05-07 10:21:31.964,2021-05-07 10:21:33.944,0.021,1,0,0.6142314,0.6142314,0.38522208,0.00042988747,0.000116710464
511,42,sitting,2021-05-07 10:21:32.964,2021-05-07 10:21:34.944,0.021,1,0,0.61265105,0.61265105,0.386791,0.00043910329,0.00011898328
511,42,sitting,2021-05-07 10:21:33.964,2021-05-07 10:21:35.944,0.021,1,0,0.61184174,0.61184174,0.38759518,0.00044272703,0.000120321296
511,42,sitting,2021-05-07 10:21:34.964,2021-05-07 10:21:36.944,0.021,1,0,0.61328757,0.61328757,0.38614953,0.00044300235,0.00011993029
511,42,sitting,2021-05-07 10:21:35.964,2021-05-07 10:21:37.944,0.021,1,0,0.612165,0.612165,0.38728032,0.00043646502,0.000118320946
511,42,sitting,2021-05-07 10:21:36.964,2021-05-07 10:21:38.944,0.021,1,0,0.61343914,0.61343914,0.38600817,0.0004345836,0.00011806319
511,42,sitting,2021-05-07 10:21:37.964,2021-05-07 10:21:39.944,0.021,1,0,0.6156761,0.6156761,0.3837728,0.00043297344,0.00011799664
511,42,sitting,2021-05-07 10:21:38.964,2021-05-07 10:21:40.944,0.021,1,0,0.6205521,0.6205521,0.37890258,0.00042882905,0.00011637383
511,42,sitting,2021-05-07 10:21:39.964,2021-05-07 10:21:41.944,0.021,1,0,0.617911,0.617911,0.38154593,0.00042649193,0.00011656027
511,42,sitting,2021-05-07 10:21:40.964,2021-05-07 10:21:42.944,0.021,1,0,0.6002314,0.6002314,0.39921737,0.00043057697,0.00012065187
511,42,sitting,2021-05-07 10:21:41.964,2021-05-07 10:21:43.944,0.021,1,0,0.5819715,0.5819715,0.41745478,0.00044868822,0.00012507684
511,42,sitting,2021-05-07 10:21:42.964,2021-05-07 10:21:44.944,0.021,1,0,0.5804174,0.5804174,0.41900504,0.00045162856,0.00012595498
511,42,sitting,2021-05-07 10:21:43.964,2021-05-07 10:21:45.944,0.021,1,0,0.57723796,0.57723796,0.42219502,0.000442977,0.00012415052
511,42,sitting,2021-05-07 10:21:44.964,2021-05-07 10:21:46.944,0.021,1,0,0.57482487,0.57482487,0.424617,0.000435295,0.00012289177
511,42,sitting,2021-05-07 10:21:45.964,2021-05-07 10:21:47.944,0.021,1,0,0.5801009,0.5801009,0.41933525,0.0004403612,0.00012349452
511,42,sitting,2021-05-07 10:21:46.964,2021-05-07 10:21:48.944,0.021,1,0,0.5889296,0.5889296,0.41050473,0.00044313972,0.00012257465
511,42,sitting,2021-05-07 10:21:47.964,2021-05-07 10:21:49.944,0.021,1,0,0.59642637,0.59642637,0.40301228,0.00043973842,0.00012154837
511,42,sitting,2021-05-07 10:21:48.964,2021-05-07 10:21:50.944,0.021,1,0,0.61193675,0.61193675,0.38751638,0.00042847756,0.000118368465
511,42,sitting,2021-05-07 10:21:49.964,2021-05-07 10:21:51.944,0.021,1,0,0.6427958,0.6427958,0.3566756,0.00041639124,0.00011225128
511,42,sitting,2021-05-07 10:21:50.964,2021-05-07 10:21:52.944,0.021,1,0,0.60506356,0.60506356,0.3943752,0.00043966633,0.000121439596
511,42,sitting,2021-05-07 10:21:51.964,2021-05-07 10:21:53.944,0.021,1,0,0.58430135,0.58430135,0.41512787,0.0004453245,0.00012550787
511,42,sitting,2021-05-07 10:21:52.964,2021-05-07 10:21:54.944,0.021,1,0,0.5910681,0.5910681,0.40836746,0.00044013196,0.00012438941
511,42,sitting,2021-05-07 10:21:53.964,2021-05-07 10:21:55.944,0.021,1,0,0.5846861,0.5846861,0.41474044,0.00044752395,0.00012590231
511,42,sitting,2021-05-07 10:21:54.964,2021-05-07 10:21:56.944,0.021,1,0,0.5771213,0.5771213,0.42229652,0.0004555378,0.0001265673
511,42,sitting,2021-05-07 10:21:55.964,2021-05-07 10:21:57.944,0.021,1,0,0.57135147,0.57135147,0.4280676,0.00045425413,0.00012671694
511,42,sitting,2021-05-07 10:21:56.964,2021-05-07 10:21:58.944,0.021,1,0,0.57529616,0.57529616,0.42413208,0.00044711056,0.00012470642
511,42,sitting,2021-05-07 10:21:57.964,2021-05-07 10:21:59.944,0.021,1,0,0.57875884,0.57875884,0.4206699,0.00044698134,0.00012432173
511,42,sitting,2021-05-07 10:21:58.964,2021-05-07 10:22:00.944,0.021,1,0,0.57847786,0.57847786,0.4209384,0.0004570399,0.00012664746
511,42,sitting,2021-05-07 10:21:59.964,2021-05-07 10:22:01.944,0.021,1,0,0.583856,0.583856,0.4155629,0.00045515262,0.0001260536
511,42,sitting,2021-05-07 10:22:00.964,2021-05-07 10:22:02.944,0.021,1,0,0.591689,0.591689,0.4077295,0.00045581834,0.00012568846
511,42,sitting,2021-05-07 10:22:01.964,2021-05-07 10:22:03.944,0.021,1,0,0.60175705,0.60175705,0.39766884,0.000450713,0.0001233353
511,42,sitting,2021-05-07 10:22:02.964,2021-05-07 10:22:04.944,0.021,1,0,0.60983676,0.60983676,0.38959664,0.000445957,0.00012068976
511,42,sitting,2021-05-07 10:22:03.964,2021-05-07 10:22:05.944,0.021,1,0,0.6099473,0.6099473,0.38948476,0.00044677264,0.000121169534
511,42,sitting,2021-05-07 10:22:04.963,2021-05-07 10:22:06.944,0.021,1,0,0.6099914,0.6099914,0.3894358,0.00045057494,0.00012223146
511,42,sitting,2021-05-07 10:22:05.963,2021-05-07 10:22:07.944,0.021,1,0,0.61252934,0.61252934,0.38689765,0.0004506666,0.00012234444
511,42,sitting,2021-05-07 10:22:06.963,2021-05-07 10:22:08.944,0.021,1,0,0.61101985,0.61101985,0.38841033,0.00044817114,0.00012154338
511,42,sitting,2021-05-07 10:22:07.963,2021-05-07 10:22:09.944,0.021,1,0,0.60905904,0.60905904,0.3903677,0.00045137515,0.00012192447
511,42,sitting,2021-05-07 10:22:08.963,2021-05-07 10:22:10.944,0.021,1,0,0.6093315,0.6093315,0.39009365,0.0004524556,0.00012225713
511,42,sitting,2021-05-07 10:22:09.963,2021-05-07 10:22:11.944,0.021,1,0,0.61191756,0.61191756,0.38750526,0.0004544994,0.00012266844
511,42,sitting,2021-05-07 10:22:10.963,2021-05-07 10:22:12.944,0.021,1,0,0.6112826,0.6112826,0.38814726,0.00044889312,0.000121274505
511,42,sitting,2021-05-07 10:22:11.963,2021-05-07 10:22:13.944,0.021,1,0,0.6120947,0.6120947,0.38733548,0.00044867062,0.00012113431
511,42,sitting,2021-05-07 10:22:12.963,2021-05-07 10:22:14.944,0.021,1,0,0.6111609,0.6111609,0.38826674,0.00045067034,0.00012164159
511,42,sitting,2021-05-07 10:22:13.963,2021-05-07 10:22:15.944,0.021,1,0,0.61269194,0.61269194,0.3867419,0.00044599647,0.00012026314
511,42,sitting,2021-05-07 10:22:14.963,2021-05-07 10:22:16.944,0.021,1,0,0.6161389,0.6161389,0.38329625,0.00044503354,0.00011981287
511,42,sitting,2021-05-07 10:22:15.963,2021-05-07 10:22:17.944,0.021,1,0,0.61253214,0.61253214,0.38689628,0.0004497968,0.00012173073
511,42,sitting,2021-05-07 10:22:16.964,2021-05-07 10:22:18.944,0.021,1,0,0.60933775,0.60933775,0.39008874,0.000451185,0.00012227155
511,42,sitting,2021-05-07 10:22:17.964,2021-05-07 10:22:19.944,0.021,1,0,0.610148,0.610148,0.38927728,0.0004523849,0.00012224619
511,42,sitting,2021-05-07 10:22:18.964,2021-05-07 10:22:20.944,0.021,1,0,0.6103309,0.6103309,0.38909233,0.00045406376,0.00012258068
511,42,sitting,2021-05-07 10:22:19.964,2021-05-07 10:22:21.944,0.021,1,0,0.61029774,0.61029774,0.38912973,0.00045073655,0.000121807956
511,42,sitting,2021-05-07 10:22:20.964,2021-05-07 10:22:22.944,0.021,1,0,0.6105308,0.6105308,0.3889044,0.00044420213,0.00012069444
511,42,sitting,2021-05-07 10:22:21.964,2021-05-07 10:22:23.944,0.021,1,0,0.61217606,0.61217606,0.38725555,0.00044726906,0.00012114718
511,42,sitting,2021-05-07 10:22:22.964,2021-05-07 10:22:24.944,0.021,1,0,0.6127589,0.6127589,0.3866681,0.00045117998,0.00012181087
511,42,sitting,2021-05-07 10:22:23.964,2021-05-07 10:22:25.944,0.021,1,0,0.6113944,0.6113944,0.388033,0.00045088594,0.00012168506
511,42,sitting,2021-05-07 10:22:24.964,2021-05-07 10:22:26.944,0.021,1,0,0.6084855,0.6084855,0.3909399,0.00045250272,0.00012209578
511,42,sitting,2021-05-07 10:22:25.964,2021-05-07 10:22:27.944,0.021,1,0,0.6080829,0.6080829,0.39134282,0.00045219166,0.000122050944
511,42,sitting,2021-05-07 10:22:26.964,2021-05-07 10:22:28.944,0.021,1,0,0.60932046,0.60932046,0.39010745,0.00045039304,0.00012170107
511,42,sitting,2021-05-07 10:22:27.964,2021-05-07 10:22:29.944,0.021,1,0,0.6106693,0.6106693,0.38875592,0.00045264664,0.00012213775
511,42,sitting,2021-05-07 10:22:28.964,2021-05-07 10:22:30.944,0.021,1,0,0.61180776,0.61180776,0.38761598,0.00045381932,0.00012236931
511,42,sitting,2021-05-07 10:22:29.964,2021-05-07 10:22:31.944,0.021,1,0,0.6106754,0.6106754,0.38874727,0.00045462177,0.0001227607
511,42,sitting,2021-05-07 10:22:30.964,2021-05-07 10:22:32.944,0.021,1,0,0.6111937,0.6111937,0.38822818,0.00045507142,0.00012299584
511,42,sitting,2021-05-07 10:22:31.964,2021-05-07 10:22:33.944,0.021,1,0,0.618242,0.618242,0.3811825,0.00045353553,0.0001219077
511,42,sitting,2021-05-07 10:22:32.964,2021-05-07 10:22:34.944,0.021,1,0,0.6178123,0.6178123,0.38161936,0.0004478871,0.00012053293
511,42,sitting,2021-05-07 10:22:33.964,2021-05-07 10:22:35.944,0.021,1,0,0.61277646,0.61277646,0.38665292,0.00044940173,0.000121189805
511,42,sitting,2021-05-07 10:22:34.964,2021-05-07 10:22:36.944,0.021,1,0,0.6118385,0.6118385,0.3875887,0.00045110678,0.000121572935
511,42,sitting,2021-05-07 10:22:35.964,2021-05-07 10:22:37.944,0.021,1,0,0.6128211,0.6128211,0.38660806,0.0004497342,0.00012119979
511,42,sitting,2021-05-07 10:22:36.964,2021-05-07 10:22:38.944,0.021,1,0,0.6110739,0.6110739,0.38835332,0.00045105204,0.00012174207
511,42,sitting,2021-05-07 10:22:37.964,2021-05-07 10:22:39.944,0.021,1,0,0.6101312,0.6101312,0.38929328,0.0004530131,0.00012257903
511,42,sitting,2021-05-07 10:22:38.964,2021-05-07 10:22:40.944,0.021,1,0,0.6126826,0.6126826,0.38674486,0.00044984033,0.00012260718
511,42,sitting,2021-05-07 10:22:39.964,2021-05-07 10:22:41.944,0.021,1,0,0.60700697,0.60700697,0.39242077,0.00044932502,0.00012285556
511,42,sitting,2021-05-07 10:22:40.964,2021-05-07 10:22:42.944,0.021,1,0,0.594062,0.594062,0.40536734,0.00044769442,0.00012300201
511,42,sitting,2021-05-07 10:22:41.964,2021-05-07 10:22:43.944,0.021,1,0,0.5932742,0.5932742,0.4061584,0.00044258795,0.00012483593
511,42,sitting,2021-05-07 10:22:42.964,2021-05-07 10:22:44.944,0.021,1,0,0.5964152,0.5964152,0.40301225,0.0004475211,0.00012505996
511,42,sitting,2021-05-07 10:22:43.964,2021-05-07 10:22:45.944,0.021,1,0,0.5922023,0.5922023,0.40722144,0.00045260825,0.00012359022
511,42,sitting,2021-05-07 10:22:44.964,2021-05-07 10:22:46.944,0.021,1,0,0.5878134,0.5878134,0.41160497,0.0004562986,0.00012529892
511,42,sitting,2021-05-07 10:22:45.964,2021-05-07 10:22:47.944,0.021,1,0,0.5893416,0.5893416,0.41008714,0.00044650046,0.00012483429
511,42,sitting,2021-05-07 10:22:46.964,2021-05-07 10:22:48.944,0.021,1,0,0.5904384,0.5904384,0.4089897,0.000446761,0.00012515242
511,42,sitting,2021-05-07 10:22:47.964,2021-05-07 10:22:49.944,0.021,1,0,0.59731674,0.59731674,0.4021003,0.00045735945,0.00012560161
511,42,sitting,2021-05-07 10:22:48.964,2021-05-07 10:22:50.944,0.021,1,0,0.59608746,0.59608746,0.40332776,0.00045937195,0.00012541629
511,42,sitting,2021-05-07 10:22:49.964,2021-05-07 10:22:51.944,0.021,1,0,0.5967759,0.5967759,0.40263918,0.00045950484,0.00012550739
511,42,sitting,2021-05-07 10:22:50.964,2021-05-07 10:22:52.944,0.021,1,0,0.59172714,0.59172714,0.40768978,0.00045754417,0.0001256515
511,42,sitting,2021-05-07 10:22:51.964,2021-05-07 10:22:53.944,0.021,1,0,0.5899826,0.5899826,0.40942952,0.00046117321,0.00012664098
511,42,sitting,2021-05-07 10:22:52.964,2021-05-07 10:22:54.944,0.021,1,0,0.59311765,0.59311765,0.4063,0.00045718573,0.0001251132
511,42,sitting,2021-05-07 10:22:53.964,2021-05-07 10:22:55.944,0.021,1,0,0.5891068,0.5891068,0.4103173,0.0004516597,0.00012416822
511,42,sitting,2021-05-07 10:22:54.964,2021-05-07 10:22:56.944,0.021,1,0,0.5910622,0.5910622,0.40835792,0.00045498347,0.000124903
511,42,sitting,2021-05-07 10:22:55.964,2021-05-07 10:22:57.944,0.021,1,0,0.58725107,0.58725107,0.41216528,0.00045775212,0.00012576839
511,42,sitting,2021-05-07 10:22:56.964,2021-05-07 10:22:58.944,0.021,1,0,0.59508,0.59508,0.40434125,0.00045422852,0.00012455267
511,42,sitting,2021-05-07 10:22:57.964,2021-05-07 10:22:59.944,0.021,1,0,0.6021316,0.6021316,0.39729005,0.00045445966,0.00012382114
511,42,sitting,2021-05-07 10:22:58.964,2021-05-07 10:23:00.944,0.021,1,0,0.57540417,0.57540417,0.42404473,0.0004278192,0.0001232935
511,42,sitting,2021-05-07 10:22:59.964,2021-05-07 10:23:01.944,0.021,1,0,0.5519491,0.5519491,0.44756454,0.00036028327,0.00012602325
511,43,walking,2021-05-07 10:23:04.444,2021-05-07 10:23:06.423,0.021,3,3,0.99936485,1.61016e-11,2.0913747e-07,0.00063488877,0.99936485
511,43,walking,2021-05-07 10:23:05.444,2021-05-07 10:23:07.423,0.021,3,3,0.9999488,2.5204605e-13,9.645509e-09,5.108183e-05,0.9999488
511,43,walking,2021-05-07 10:23:06.444,2021-05-07 10:23:08.423,0.021,3,3,0.9999607,1.5934967e-13,6.9397608e-09,3.9190327e-05,0.9999607
511,43,walking,2021-05-07 10:23:07.444,2021-05-07 10:23:09.423,0.021,3,3,0.9999792,8.933452e-14,3.6444332e-09,2.0724623e-05,0.9999792
511,43,walking,2021-05-07 10:23:08.444,2021-05-07 10:23:10.423,0.021,3,3,0.9999235,2.5456406e-13,1.4673592e-08,7.6419405e-05,0.9999235
511,43,walking,2021-05-07 10:23:09.444,2021-05-07 10:23:11.423,0.021,3,3,0.99939585,4.6898054e-12,9.2764424e-08,0.00060410536,0.99939585
511,43,walking,2021-05-07 10:23:10.444,2021-05-07 10:23:12.423,0.021,3,3,0.9998119,1.3007485e-12,3.71439e-08,0.00018821334,0.9998119
511,43,walking,2021-05-07 10:23:11.444,2021-05-07 10:23:13.423,0.021,3,3,0.99994963,1.0129542e-13,7.1424733e-09,5.0328883e-05,0.99994963
511,43,walking,2021-05-07 10:23:12.444,2021-05-07 10:23:14.423,0.021,3,3,0.9995026,3.0527972e-12,1.09287775e-07,0.0004973331,0.9995026
511,43,walking,2021-05-07 10:23:13.444,2021-05-07 10:23:15.423,0.021,3,3,0.99933976,1.0498692e-11,2.3111636e-07,0.0006600326,0.99933976
511,43,walking,2021-05-07 10:23:14.444,2021-05-07 10:23:16.423,0.021,3,3,0.99973583,1.4334001e-11,6.701498e-08,0.0002640419,0.99973583
511,43,walking,2021-05-07 10:23:15.444,2021-05-07 10:23:17.423,0.021,3,3,0.99421495,2.0552489e-10,5.6657893e-07,0.0057844454,0.99421495
511,43,walking,2021-05-07 10:23:16.444,2021-05-07 10:23:18.423,0.021,3,3,0.96972513,1.0297295e-09,5.2787914e-06,0.030269539,0.96972513
511,43,walking,2021-05-07 10:23:17.444,2021-05-07 10:23:19.423,0.021,3,3,0.9989485,2.3406855e-11,3.8441442e-07,0.0010510039,0.9989485
511,43,walking,2021-05-07 10:23:18.444,2021-05-07 10:23:20.423,0.021,3,3,0.99701446,3.0826758e-11,7.051097e-07,0.0029848397,0.99701446
511,43,walking,2021-05-07 10:23:19.444,2021-05-07 10:23:21.423,0.021,3,3,0.9947561,1.5146287e-10,1.6612304e-06,0.0052421913,0.9947561
511,43,walking,2021-05-07 10:23:20.444,2021-05-07 10:23:22.423,0.021,3,3,0.9454713,1.1066477e-09,1.31571915e-05,0.054515522,0.9454713
511,43,walking,2021-05-07 10:23:21.444,2021-05-07 10:23:23.423,0.021,3,3,0.9837488,1.2219281e-10,2.027672e-06,0.016249146,0.9837488
511,43,walking,2021-05-07 10:23:22.444,2021-05-07 10:23:24.423,0.021,3,3,0.94478166,1.3226823e-09,7.056331e-06,0.05521131,0.94478166
511,43,walking,2021-05-07 10:23:23.444,2021-05-07 10:23:25.423,0.021,3,3,0.5444873,7.358134e-09,3.324149e-05,0.45547944,0.5444873
511,43,walking,2021-05-07 10:23:24.444,2021-05-07 10:23:26.423,0.021,3,3,0.8631352,2.0608364e-09,3.0956653e-05,0.1368339,0.8631352
511,46,standing,2021-05-07 10:23:28.884,2021-05-07 10:23:30.864,0.021,2,2,0.99905246,2.19213e-08,2.322998e-05,0.99905246,0.0009242919
511,46,standing,2021-05-07 10:23:29.884,2021-05-07 10:23:31.864,0.021,2,2,0.9993502,2.3127475e-08,2.3208779e-05,0.9993502,0.00062648795
511,46,standing,2021-05-07 10:23:30.884,2021-05-07 10:23:32.863,0.021,2,2,0.9993251,2.5745155e-08,2.431247e-05,0.9993251,0.0006505957
511,46,standing,2021-05-07 10:23:31.884,2021-05-07 10:23:33.863,0.021,2,2,0.9991097,2.8358155e-08,2.7433622e-05,0.9991097,0.0008628076
511,46,standing,2021-05-07 10:23:32.883,2021-05-07 10:23:34.863,0.021,2,2,0.99920005,2.3857716e-08,2.8117714e-05,0.99920005,0.0007719069
511,46,standing,2021-05-07 10:23:33.883,2021-05-07 10:23:35.863,0.021,2,2,0.99936974,2.1253964e-08,2.7411965e-05,0.99936974,0.0006027832
511,46,standing,2021-05-07 10:23:34.883,2021-05-07 10:23:36.863,0.021,2,2,0.9995662,1.393723e-08,1.4157947e-05,0.9995662,0.000419722
511,46,standing,2021-05-07 10:23:35.883,2021-05-07 10:23:37.863,0.021,2,2,0.999815,2.736993e-09,1.9881e-06,0.999815,0.00018311394
511,46,standing,2021-05-07 10:23:36.883,2021-05-07 10:23:38.863,0.021,2,2,0.9998758,1.234356e-09,8.058974e-07,0.9998758,0.00012349962
511,46,standing,2021-05-07 10:23:37.883,2021-05-07 10:23:39.863,0.021,2,2,0.9998367,2.1034603e-09,1.2717406e-06,0.9998367,0.00016210898
511,46,standing,2021-05-07 10:23:38.883,2021-05-07 10:23:40.863,0.021,2,2,0.99968785,1.702339e-09,1.1660824e-06,0.99968785,0.0003109586
511,46,standing,2021-05-07 10:23:39.883,2021-05-07 10:23:41.863,0.021,2,2,0.9998014,1.0748558e-09,6.553037e-07,0.9998014,0.00019784327
511,46,standing,2021-05-07 10:23:40.883,2021-05-07 10:23:42.863,0.021,2,2,0.99986696,1.3119701e-09,7.1432527e-07,0.99986696,0.00013245351
511,46,standing,2021-05-07 10:23:41.883,2021-05-07 10:23:43.863,0.021,2,2,0.99969995,2.2466435e-09,1.6035037e-06,0.99969995,0.00029847005
511,46,standing,2021-05-07 10:23:42.883,2021-05-07 10:23:44.863,0.021,2,2,0.99912477,7.1951747e-09,9.133012e-06,0.99912477,0.0008660151
511,46,standing,2021-05-07 10:23:43.883,2021-05-07 10:23:45.863,0.021,2,2,0.998437,1.7429512e-08,3.6813133e-05,0.998437,0.0015262418
511,48,standing,2021-05-07 10:23:47.683,2021-05-07 10:23:49.664,0.021,2,2,0.9998336,1.1464801e-09,6.39498e-07,0.9998336,0.00016581023
511,50,standing,2021-05-07 10:23:51.043,2021-05-07 10:23:53.023,0.021,2,2,0.99945706,7.4379186e-10,4.4398326e-05,0.99945706,0.00049847004
511,50,standing,2021-05-07 10:23:52.043,2021-05-07 10:23:54.023,0.021,2,2,0.99972534,3.251976e-10,3.493924e-05,0.99972534,0.00023969586
511,50,standing,2021-05-07 10:23:53.043,2021-05-07 10:23:55.023,0.021,2,2,0.8327756,2.9839091e-09,0.00023463262,0.8327756,0.16698979
511,50,standing,2021-05-07 10:23:54.043,2021-05-07 10:23:56.023,0.021,2,2,0.8808165,9.854181e-09,3.734726e-05,0.8808165,0.119146004
511,50,standing,2021-05-07 10:23:55.043,2021-05-07 10:23:57.023,0.021,2,2,0.9998007,3.0897378e-09,1.1558084e-06,0.9998007,0.00019820176
511,50,standing,2021-05-07 10:23:56.043,2021-05-07 10:23:58.023,0.021,2,2,0.99985075,2.3972806e-09,1.0669727e-06,0.99985075,0.00014821251
511,50,standing,2021-05-07 10:23:57.043,2021-05-07 10:23:59.023,0.021,2,2,0.9998605,1.95431e-09,1.0164499e-06,0.9998605,0.00013836565
511,50,standing,2021-05-07 10:23:58.043,2021-05-07 10:24:00.023,0.021,2,2,0.9998622,1.4972869e-09,9.771148e-07,0.9998622,0.00013691763
511,50,standing,2021-05-07 10:23:59.043,2021-05-07 10:24:01.023,0.021,2,2,0.99970675,4.788436e-09,2.9572288e-06,0.99970675,0.00029018984
511,50,standing,2021-05-07 10:24:00.043,2021-05-07 10:24:02.023,0.021,2,2,0.9996304,1.0898339e-08,6.1333253e-06,0.9996304,0.00036333242
511,50,standing,2021-05-07 10:24:01.043,2021-05-07 10:24:03.023,0.021,2,2,0.9997512,9.103409e-09,5.0396143e-06,0.9997512,0.00024372703
511,50,standing,2021-05-07 10:24:02.043,2021-05-07 10:24:04.024,0.021,2,2,0.9997438,1.161115e-08,5.3499743e-06,0.9997438,0.00025078582
511,50,standing,2021-05-07 10:24:03.043,2021-05-07 10:24:05.024,0.021,2,2,0.9997399,1.1800545e-08,5.4197994e-06,0.9997399,0.00025455124
511,50,standing,2021-05-07 10:24:04.043,2021-05-07 10:24:06.024,0.021,2,2,0.9997313,1.1444453e-08,5.8045894e-06,0.9997313,0.0002627368
511,56,standing,2021-05-07 10:24:09.803,2021-05-07 10:24:11.784,0.021,2,2,0.9999054,7.5662415e-10,4.4401e-07,0.9999054,9.4058625e-05
511,60,standing,2021-05-07 10:24:15.963,2021-05-07 10:24:17.944,0.021,2,2,0.99954784,1.3137903e-08,7.1557015e-06,0.99954784,0.0004450126
511,65,walking,2021-05-07 10:24:21.163,2021-05-07 10:24:23.144,0.021,3,3,0.9647636,2.5995788e-09,2.5665406e-05,0.035210717,0.9647636
511,66,standing,2021-05-07 10:24:23.964,2021-05-07 10:24:25.944,0.021,2,2,0.9997699,6.869396e-09,2.68837e-06,0.9997699,0.00022737356
511,66,standing,2021-05-07 10:24:24.964,2021-05-07 10:24:26.944,0.021,2,2,0.99982023,3.925551e-09,1.8375673e-06,0.99982023,0.00017797427
511,66,standing,2021-05-07 10:24:25.964,2021-05-07 10:24:27.944,0.021,2,2,0.9997742,3.880238e-09,2.1153573e-06,0.9997742,0.00022363839
511,66,standing,2021-05-07 10:24:26.964,2021-05-07 10:24:28.944,0.021,2,2,0.9997307,4.049953e-09,2.514545e-06,0.9997307,0.00026671536
511,66,standing,2021-05-07 10:24:27.964,2021-05-07 10:24:29.944,0.021,2,2,0.9997457,4.3685477e-09,2.839156e-06,0.9997457,0.00025134918
511,66,standing,2021-05-07 10:24:28.964,2021-05-07 10:24:30.944,0.021,2,2,0.999628,5.8149947e-09,3.293879e-06,0.999628,0.00036865115
511,66,standing,2021-05-07 10:24:29.964,2021-05-07 10:24:31.944,0.021,2,2,0.99954414,7.752747e-09,3.5041562e-06,0.99954414,0.00045242277
511,70,standing,2021-05-07 10:24:35.203,2021-05-07 10:24:37.183,0.021,2,2,0.99987364,4.9313637e-10,2.3142647e-07,0.99987364,0.00012627513
511,70,standing,2021-05-07 10:24:36.203,2021-05-07 10:24:38.183,0.021,2,2,0.99992627,2.7350835e-10,1.343412e-07,0.99992627,7.3501484e-05
511,71,walking,2021-05-07 10:24:38.883,2021-05-07 10:24:40.863,0.021,3,3,0.9012272,1.9849773e-09,1.5432948e-05,0.098757446,0.9012272
511,71,walking,2021-05-07 10:24:39.883,2021-05-07 10:24:41.863,0.021,3,3,0.99919015,3.1978052e-11,2.963687e-07,0.00080954353,0.99919015
511,71,walking,2021-05-07 10:24:40.883,2021-05-07 10:24:42.863,0.021,3,3,0.9997666,1.6667046e-11,1.3517148e-07,0.00023329793,0.9997666
511,71,walking,2021-05-07 10:24:41.883,2021-05-07 10:24:43.863,0.021,3,3,0.99999624,4.337297e-14,1.7998597e-09,3.7417171e-06,0.99999624
511,71,walking,2021-05-07 10:24:42.883,2021-05-07 10:24:44.863,0.021,3,3,0.9999911,4.9542683e-14,2.8938438e-09,8.777495e-06,0.9999911
511,71,walking,2021-05-07 10:24:43.883,2021-05-07 10:24:45.863,0.021,3,3,0.9998362,5.2187063e-13,1.7262277e-08,0.00016372239,0.9998362
511,71,walking,2021-05-07 10:24:44.883,2021-05-07 10:24:46.863,0.021,3,3,0.9997916,1.0653303e-12,2.0659003e-08,0.00020831781,0.9997916
511,71,walking,2021-05-07 10:24:45.883,2021-05-07 10:24:47.863,0.021,3,3,0.9999829,6.579027e-14,1.8152706e-09,1.6990103e-05,0.9999829
511,71,walking,2021-05-07 10:24:46.883,2021-05-07 10:24:48.863,0.021,3,3,0.99991626,7.1386386e-13,9.362522e-09,8.367099e-05,0.99991626
511,71,walking,2021-05-07 10:24:47.883,2021-05-07 10:24:49.863,0.021,3,3,0.9988273,5.3319613e-11,3.6004306e-07,0.0011723731,0.9988273
511,71,walking,2021-05-07 10:24:48.883,2021-05-07 10:24:50.863,0.021,3,3,0.99958366,9.786752e-12,1.8610893e-07,0.00041613943,0.99958366
511,71,walking,2021-05-07 10:24:49.883,2021-05-07 10:24:51.863,0.021,3,3,0.9938129,8.4434806e-11,8.4277616e-07,0.0061862627,0.9938129
511,71,walking,2021-05-07 10:24:50.883,2021-05-07 10:24:52.863,0.021,3,3,0.9982836,9.477647e-12,2.3547551e-07,0.0017161216,0.9982836
511,71,walking,2021-05-07 10:24:51.883,2021-05-07 10:24:53.863,0.021,3,3,0.9995796,3.3572342e-12,1.3776993e-07,0.00042007965,0.9995796
511,71,walking,2021-05-07 10:24:52.883,2021-05-07 10:24:54.863,0.021,3,3,0.99953806,2.9298922e-12,2.4539577e-07,0.00046166978,0.99953806
511,71,walking,2021-05-07 10:24:53.883,2021-05-07 10:24:55.863,0.021,3,3,0.9685709,1.3323442e-09,1.42388535e-05,0.03141485,0.9685709
511,71,walking,2021-05-07 10:24:54.883,2021-05-07 10:24:56.863,0.021,3,3,0.9868361,5.484432e-10,3.6274785e-06,0.013160336,0.9868361
511,71,walking,2021-05-07 10:24:55.883,2021-05-07 10:24:57.863,0.021,3,3,0.9560763,1.6213806e-09,1.6365226e-05,0.04390734,0.9560763
511,75,walking,2021-05-07 10:25:00.204,2021-05-07 10:25:02.184,0.021,3,2,0.94531983,1.2423574e-08,4.288088e-05,0.94531983,0.054637223
511,75,walking,2021-05-07 10:25:01.204,2021-05-07 10:25:03.184,0.021,3,2,0.82148606,1.892623e-08,7.577134e-05,0.82148606,0.1784382
511,75,walking,2021-05-07 10:25:02.204,2021-05-07 10:25:04.184,0.021,3,2,0.7418915,3.5523374e-08,9.490384e-05,0.7418915,0.25801355
511,81,walking,2021-05-07 10:25:18.163,2021-05-07 10:25:20.144,0.021,3,2,0.64816207,2.1734415e-08,3.8081755e-05,0.64816207,0.3517999
511,81,walking,2021-05-07 10:25:19.163,2021-05-07 10:25:21.144,0.021,3,3,0.78182447,8.984131e-09,1.78417e-05,0.21815772,0.78182447
511,81,walking,2021-05-07 10:25:20.163,2021-05-07 10:25:22.144,0.021,3,3,0.9849755,1.4994456e-09,3.2094101e-06,0.015021231,0.9849755
511,81,walking,2021-05-07 10:25:21.163,2021-05-07 10:25:23.144,0.021,3,3,0.9876743,2.013544e-09,3.904632e-06,0.012321698,0.9876743
511,81,walking,2021-05-07 10:25:22.163,2021-05-07 10:25:24.144,0.021,3,3,0.7242708,1.29748425e-08,3.9622093e-05,0.27568954,0.7242708
511,81,walking,2021-05-07 10:25:23.163,2021-05-07 10:25:25.144,0.021,3,3,0.95915264,1.8366493e-09,1.3162446e-05,0.040834237,0.95915264
511,81,walking,2021-05-07 10:25:24.163,2021-05-07 10:25:26.144,0.021,3,3,0.95567703,2.6994844e-09,1.3636635e-05,0.044309333,0.95567703
511,81,walking,2021-05-07 10:25:25.163,2021-05-07 10:25:27.144,0.021,3,3,0.84973115,6.4412613e-09,3.1045358e-05,0.15023777,0.84973115
511,81,walking,2021-05-07 10:25:26.163,2021-05-07 10:25:28.144,0.021,3,3,0.9838513,6.192701e-10,9.315196e-06,0.016139414,0.9838513
511,81,walking,2021-05-07 10:25:27.163,2021-05-07 10:25:29.144,0.021,3,3,0.96727437,2.1694073e-09,8.223525e-06,0.032717373,0.96727437
511,81,walking,2021-05-07 10:25:28.163,2021-05-07 10:25:30.144,0.021,3,3,0.8639397,8.664082e-09,1.4913187e-05,0.13604544,0.8639397
511,81,walking,2021-05-07 10:25:29.163,2021-05-07 10:25:31.144,0.021,3,3,0.5710527,8.89081e-09,3.8704078e-05,0.42890853,0.5710527
511,81,walking,2021-05-07 10:25:30.163,2021-05-07 10:25:32.144,0.021,3,2,0.6135349,1.2544885e-08,4.4072825e-05,0.6135349,0.38642114
511,81,walking,2021-05-07 10:25:31.163,2021-05-07 10:25:33.144,0.021,3,3,0.8183512,6.5047567e-09,2.3772034e-05,0.18162505,0.8183512
511,81,walking,2021-05-07 10:25:32.164,2021-05-07 10:25:34.144,0.021,3,3,0.8578854,6.4350387e-09,3.111111e-05,0.1420835,0.8578854
511,81,walking,2021-05-07 10:25:33.164,2021-05-07 10:25:35.144,0.021,3,3,0.56146026,9.812558e-09,2.9448825e-05,0.43851033,0.56146026
511,83,walking,2021-05-07 10:25:37.484,2021-05-07 10:25:39.464,0.021,3,3,0.95168,2.8120066e-09,1.0307778e-05,0.048309695,0.95168
511,83,walking,2021-05-07 10:25:38.484,2021-05-07 10:25:40.464,0.021,3,3,0.9945066,4.4765738e-10,1.5229472e-06,0.0054919566,0.9945066
511,83,walking,2021-05-07 10:25:39.484,2021-05-07 10:25:41.464,0.021,3,3,0.9573754,1.7086038e-09,3.3973408e-06,0.04262114,0.9573754
511,83,walking,2021-05-07 10:25:40.484,2021-05-07 10:25:42.464,0.021,3,3,0.9929327,5.704648e-10,3.1048578e-06,0.0070641777,0.9929327
511,83,walking,2021-05-07 10:25:41.484,2021-05-07 10:25:43.464,0.021,3,3,0.99710435,1.1544822e-10,7.868116e-06,0.0028876325,0.99710435
511,84,lying,2021-05-07 10:25:48.964,2021-05-07 10:25:50.944,0.021,0,1,0.93325835,0.0631742,0.93325835,0.0019443977,0.001623109
511,84,lying,2021-05-07 10:25:49.964,2021-05-07 10:25:51.944,0.021,0,1,0.9613026,0.034062076,0.9613026,0.0030530877,0.0015822075
511,84,lying,2021-05-07 10:25:50.964,2021-05-07 10:25:52.944,0.021,0,1,0.9192628,0.076366074,0.9192628,0.0035357825,0.00083532406
511,84,lying,2021-05-07 10:25:51.964,2021-05-07 10:25:53.944,0.021,0,1,0.83454865,0.160958,0.83454865,0.0038147108,0.0006786408
511,84,lying,2021-05-07 10:25:52.964,2021-05-07 10:25:54.944,0.021,0,1,0.8781176,0.117140085,0.8781176,0.004023919,0.00071845367
511,84,lying,2021-05-07 10:25:53.964,2021-05-07 10:25:55.944,0.021,0,1,0.7731264,0.22272372,0.7731264,0.003528155,0.00062160083
511,84,lying,2021-05-07 10:25:54.964,2021-05-07 10:25:56.944,0.021,0,1,0.6545746,0.34240532,0.6545746,0.0024938139,0.00052622607
511,84,lying,2021-05-07 10:25:55.964,2021-05-07 10:25:57.944,0.021,0,1,0.7187584,0.2778672,0.7187584,0.0028246397,0.00054977904
511,84,lying,2021-05-07 10:25:56.964,2021-05-07 10:25:58.944,0.021,0,1,0.6939763,0.3020841,0.6939763,0.0033809962,0.0005586878
511,84,lying,2021-05-07 10:25:57.964,2021-05-07 10:25:59.944,0.021,0,1,0.6219948,0.37410447,0.6219948,0.003343371,0.00055738527
511,84,lying,2021-05-07 10:25:58.964,2021-05-07 10:26:00.944,0.021,0,1,0.6413803,0.35464337,0.6413803,0.0033954747,0.0005809479
511,84,lying,2021-05-07 10:25:59.964,2021-05-07 10:26:01.944,0.021,0,1,0.6502229,0.34578124,0.6502229,0.0034113443,0.0005845452
511,84,lying,2021-05-07 10:26:00.964,2021-05-07 10:26:02.944,0.021,0,1,0.64058775,0.35541546,0.64058775,0.0034153503,0.0005813417
511,84,lying,2021-05-07 10:26:01.964,2021-05-07 10:26:03.944,0.021,0,1,0.62440854,0.37170473,0.62440854,0.0033269438,0.00055976876
511,84,lying,2021-05-07 10:26:02.964,2021-05-07 10:26:04.944,0.021,0,1,0.60402334,0.3922325,0.60402334,0.0032176748,0.00052649516
511,84,lying,2021-05-07 10:26:03.964,2021-05-07 10:26:05.944,0.021,0,1,0.5951186,0.4012155,0.5951186,0.0031528866,0.0005129702
511,84,lying,2021-05-07 10:26:04.963,2021-05-07 10:26:06.944,0.021,0,1,0.627413,0.36868203,0.627413,0.0033469235,0.00055804057
511,84,lying,2021-05-07 10:26:05.963,2021-05-07 10:26:07.944,0.021,0,1,0.63981056,0.35652065,0.63981056,0.003118027,0.00055077084
511,84,lying,2021-05-07 10:26:06.963,2021-05-07 10:26:08.944,0.021,0,1,0.6123783,0.3838889,0.6123783,0.0031919456,0.0005408682
511,84,lying,2021-05-07 10:26:07.963,2021-05-07 10:26:09.944,0.021,0,1,0.6069187,0.3892787,0.6069187,0.0032662353,0.0005363685
511,84,lying,2021-05-07 10:26:08.963,2021-05-07 10:26:10.944,0.021,0,1,0.59734356,0.39909834,0.59734356,0.0030460393,0.0005120579
511,84,lying,2021-05-07 10:26:09.963,2021-05-07 10:26:11.944,0.021,0,1,0.65348667,0.34292853,0.65348667,0.0030562521,0.0005285579
511,84,lying,2021-05-07 10:26:10.963,2021-05-07 10:26:12.944,0.021,0,1,0.6170444,0.37983644,0.6170444,0.0026541634,0.00046492476
511,84,lying,2021-05-07 10:26:11.963,2021-05-07 10:26:13.944,0.021,0,1,0.6366196,0.35970488,0.6366196,0.003129469,0.0005461733
511,84,lying,2021-05-07 10:26:12.963,2021-05-07 10:26:14.944,0.021,0,1,0.6067671,0.38960862,0.6067671,0.0031128514,0.00051144976
511,84,lying,2021-05-07 10:26:13.963,2021-05-07 10:26:15.944,0.021,0,1,0.55334306,0.44350836,0.55334306,0.0027128074,0.0004357247
511,84,lying,2021-05-07 10:26:14.963,2021-05-07 10:26:16.944,0.021,0,1,0.5657834,0.43096194,0.5657834,0.0027993594,0.0004554327
511,84,lying,2021-05-07 10:26:15.963,2021-05-07 10:26:17.944,0.021,0,1,0.58239084,0.41416037,0.58239084,0.0029605692,0.0004881263
511,84,lying,2021-05-07 10:26:16.964,2021-05-07 10:26:18.944,0.021,0,1,0.58898443,0.40745437,0.58898443,0.0030578906,0.0005033598
511,84,lying,2021-05-07 10:26:17.964,2021-05-07 10:26:19.944,0.021,0,1,0.5836358,0.41283056,0.5836358,0.003038628,0.0004950438
511,84,lying,2021-05-07 10:26:18.964,2021-05-07 10:26:20.944,0.021,0,1,0.56705827,0.42960623,0.56705827,0.0028723166,0.0004632546
511,84,lying,2021-05-07 10:26:19.964,2021-05-07 10:26:21.944,0.021,0,1,0.5718695,0.42465347,0.5718695,0.0029931,0.0004838505
511,84,lying,2021-05-07 10:26:20.964,2021-05-07 10:26:22.944,0.021,0,1,0.5741681,0.42232424,0.5741681,0.0030206896,0.00048699486
511,84,lying,2021-05-07 10:26:21.964,2021-05-07 10:26:23.944,0.021,0,1,0.5829633,0.41348135,0.5829633,0.0030598955,0.00049545255
511,84,lying,2021-05-07 10:26:22.964,2021-05-07 10:26:24.944,0.021,0,1,0.5813911,0.41513112,0.5813911,0.0029932556,0.00048457133
511,84,lying,2021-05-07 10:26:23.964,2021-05-07 10:26:25.944,0.021,0,1,0.58717763,0.409306,0.58717763,0.003022726,0.00049358694
511,84,lying,2021-05-07 10:26:24.964,2021-05-07 10:26:26.944,0.021,0,1,0.5958926,0.40044966,0.5958926,0.0031400824,0.0005176382
511,84,lying,2021-05-07 10:26:25.964,2021-05-07 10:26:27.944,0.021,0,1,0.5882508,0.40814927,0.5882508,0.0030919896,0.0005078419
511,84,lying,2021-05-07 10:26:26.964,2021-05-07 10:26:28.944,0.021,0,1,0.5890167,0.40748557,0.5890167,0.0030007723,0.0004970127
511,84,lying,2021-05-07 10:26:27.964,2021-05-07 10:26:29.944,0.021,0,1,0.58889747,0.40763053,0.58889747,0.0029779829,0.0004938373
511,84,lying,2021-05-07 10:26:28.964,2021-05-07 10:26:30.944,0.021,0,1,0.5979718,0.39839303,0.5979718,0.003122274,0.00051297277
511,84,lying,2021-05-07 10:26:29.964,2021-05-07 10:26:31.944,0.021,0,1,0.6069661,0.3892879,0.6069661,0.0032142494,0.0005317984
511,84,lying,2021-05-07 10:26:30.964,2021-05-07 10:26:32.944,0.021,0,1,0.61933506,0.37694663,0.61933506,0.0031721322,0.00054622174
511,84,lying,2021-05-07 10:26:31.964,2021-05-07 10:26:33.944,0.021,0,1,0.64252,0.3538755,0.64252,0.0030475573,0.00055702997
511,84,lying,2021-05-07 10:26:32.964,2021-05-07 10:26:34.944,0.021,0,1,0.63070655,0.36576912,0.63070655,0.0029872383,0.0005370866
511,84,lying,2021-05-07 10:26:33.964,2021-05-07 10:26:35.944,0.021,0,1,0.6158226,0.38054985,0.6158226,0.0031001996,0.0005272883
511,84,lying,2021-05-07 10:26:34.964,2021-05-07 10:26:36.944,0.021,0,1,0.6001477,0.39644706,0.6001477,0.0029116415,0.0004935101
511,84,lying,2021-05-07 10:26:35.964,2021-05-07 10:26:37.944,0.021,0,1,0.6194853,0.37718207,0.6194853,0.0028265193,0.0005061111
511,84,lying,2021-05-07 10:26:36.964,2021-05-07 10:26:38.944,0.021,0,1,0.64595896,0.35038388,0.64595896,0.0030909707,0.00056602387
511,84,lying,2021-05-07 10:26:37.964,2021-05-07 10:26:39.944,0.021,0,1,0.63160384,0.3646432,0.63160384,0.0031950695,0.0005579271
511,84,lying,2021-05-07 10:26:38.964,2021-05-07 10:26:40.944,0.021,0,1,0.59076667,0.4059863,0.59076667,0.002770735,0.0004763766
511,84,lying,2021-05-07 10:26:39.964,2021-05-07 10:26:41.944,0.021,0,1,0.5982961,0.39835516,0.5982961,0.0028564224,0.0004922522
511,84,lying,2021-05-07 10:26:40.964,2021-05-07 10:26:42.944,0.021,0,1,0.5964111,0.40015844,0.5964111,0.0029346724,0.0004958368
511,84,lying,2021-05-07 10:26:41.964,2021-05-07 10:26:43.944,0.021,0,1,0.61103225,0.38567913,0.61103225,0.0027944709,0.0004941174
511,84,lying,2021-05-07 10:26:42.964,2021-05-07 10:26:44.944,0.021,0,1,0.6039021,0.39306828,0.6039021,0.0025668591,0.00046276534
511,84,lying,2021-05-07 10:26:43.964,2021-05-07 10:26:45.944,0.021,0,1,0.63208807,0.36440197,0.63208807,0.0029869757,0.0005229044
511,84,lying,2021-05-07 10:26:44.964,2021-05-07 10:26:46.944,0.021,0,1,0.6392877,0.3567862,0.6392877,0.0033565639,0.0005695486
511,84,lying,2021-05-07 10:26:45.964,2021-05-07 10:26:47.944,0.021,0,1,0.5698846,0.4268361,0.5698846,0.002817013,0.0004622239
511,84,lying,2021-05-07 10:26:46.964,2021-05-07 10:26:48.944,0.021,0,1,0.53854746,0.4584411,0.53854746,0.0025973103,0.00041408095
511,84,lying,2021-05-07 10:26:47.964,2021-05-07 10:26:49.944,0.021,0,1,0.53925997,0.45769837,0.53925997,0.0026234877,0.00041818415
511,84,lying,2021-05-07 10:26:48.964,2021-05-07 10:26:50.944,0.021,0,1,0.56117916,0.43556786,0.56117916,0.0027997373,0.0004531819
511,84,lying,2021-05-07 10:26:49.964,2021-05-07 10:26:51.944,0.021,0,1,0.576299,0.42066497,0.576299,0.0025852902,0.00045073926
511,84,lying,2021-05-07 10:26:50.964,2021-05-07 10:26:52.944,0.021,0,1,0.56970364,0.42739078,0.56970364,0.0024645817,0.00044110423
511,84,lying,2021-05-07 10:26:51.964,2021-05-07 10:26:53.944,0.021,0,1,0.55886334,0.43804476,0.55886334,0.0026537261,0.000438236
511,84,lying,2021-05-07 10:26:52.964,2021-05-07 10:26:54.944,0.021,0,1,0.5518392,0.44506007,0.5518392,0.002667034,0.00043369303
511,84,lying,2021-05-07 10:26:53.964,2021-05-07 10:26:55.944,0.021,0,1,0.55104893,0.44586724,0.55104893,0.002653047,0.0004308795
511,84,lying,2021-05-07 10:26:54.964,2021-05-07 10:26:56.944,0.021,0,1,0.55153245,0.4454259,0.55153245,0.0026140723,0.0004275132
511,84,lying,2021-05-07 10:26:55.964,2021-05-07 10:26:57.944,0.021,0,1,0.5545976,0.44235837,0.5545976,0.002612279,0.00043173632
511,84,lying,2021-05-07 10:26:56.964,2021-05-07 10:26:58.944,0.021,0,1,0.5452201,0.4518348,0.5452201,0.0025280647,0.00041704616
511,84,lying,2021-05-07 10:26:57.964,2021-05-07 10:26:59.944,0.021,0,1,0.552926,0.44434157,0.552926,0.0023241353,0.0004084183
511,84,lying,2021-05-07 10:26:58.964,2021-05-07 10:27:00.944,0.021,0,1,0.6078779,0.38923034,0.6078779,0.0024054777,0.00048621764
511,84,lying,2021-05-07 10:26:59.964,2021-05-07 10:27:01.944,0.021,0,1,0.6090658,0.38807452,0.6090658,0.0023760295,0.00048359492
511,84,lying,2021-05-07 10:27:00.964,2021-05-07 10:27:02.944,0.021,0,1,0.6580405,0.33869886,0.6580405,0.0027546228,0.0005059993
511,84,lying,2021-05-07 10:27:01.964,2021-05-07 10:27:03.944,0.021,0,1,0.6508425,0.34588054,0.6508425,0.0027880634,0.00048890617
511,84,lying,2021-05-07 10:27:02.964,2021-05-07 10:27:04.944,0.021,0,1,0.5335249,0.46387306,0.5335249,0.0022253885,0.00037665444
511,84,lying,2021-05-07 10:27:03.964,2021-05-07 10:27:05.944,0.021,0,1,0.5403417,0.4570375,0.5403417,0.0022350035,0.0003857501
511,84,lying,2021-05-07 10:27:04.963,2021-05-07 10:27:06.944,0.021,0,1,0.5521098,0.44505134,0.5521098,0.0024287154,0.0004101685
511,84,lying,2021-05-07 10:27:05.963,2021-05-07 10:27:07.944,0.021,0,1,0.5762256,0.4206761,0.5762256,0.0026467005,0.00045152934
511,84,lying,2021-05-07 10:27:06.963,2021-05-07 10:27:08.944,0.021,0,1,0.58633363,0.41033843,0.58633363,0.0028468107,0.00048108038
511,84,lying,2021-05-07 10:27:07.963,2021-05-07 10:27:09.944,0.021,0,1,0.5757489,0.4212284,0.5757489,0.0025753588,0.00044730862
511,84,lying,2021-05-07 10:27:08.963,2021-05-07 10:27:10.944,0.021,0,1,0.6075481,0.38920578,0.6075481,0.0027285018,0.0005175197
511,84,lying,2021-05-07 10:27:09.963,2021-05-07 10:27:11.944,0.021,0,1,0.6140184,0.38244808,0.6140184,0.0030107868,0.0005226707
511,84,lying,2021-05-07 10:27:10.963,2021-05-07 10:27:12.944,0.021,0,1,0.58269876,0.41389924,0.58269876,0.0029209817,0.00048094222
511,84,lying,2021-05-07 10:27:11.963,2021-05-07 10:27:13.944,0.021,0,1,0.5764512,0.4200826,0.5764512,0.0029823494,0.00048378014
511,84,lying,2021-05-07 10:27:12.963,2021-05-07 10:27:14.944,0.021,0,1,0.5715093,0.42510834,0.5715093,0.00291045,0.00047193738
511,84,lying,2021-05-07 10:27:13.963,2021-05-07 10:27:15.944,0.021,0,1,0.57462156,0.42203408,0.57462156,0.0028725117,0.00047190484
511,84,lying,2021-05-07 10:27:14.963,2021-05-07 10:27:16.944,0.021,0,1,0.74529725,0.25033832,0.74529725,0.0037378452,0.00062657485
511,84,lying,2021-05-07 10:27:15.963,2021-05-07 10:27:17.944,0.021,0,1,0.7768413,0.21865754,0.7768413,0.0038440444,0.00065717957
511,84,lying,2021-05-07 10:27:16.964,2021-05-07 10:27:18.944,0.021,0,1,0.5812237,0.41542727,0.5812237,0.0028699706,0.00047908584
511,84,lying,2021-05-07 10:27:17.964,2021-05-07 10:27:19.944,0.021,0,1,0.571057,0.42547908,0.571057,0.00297979,0.00048409106
511,84,lying,2021-05-07 10:27:18.964,2021-05-07 10:27:20.944,0.021,0,1,0.57388157,0.42265397,0.57388157,0.0029784024,0.000486139
511,84,lying,2021-05-07 10:27:19.964,2021-05-07 10:27:21.944,0.021,0,1,0.5593935,0.43735936,0.5593935,0.0027923912,0.00045481947
511,84,lying,2021-05-07 10:27:20.964,2021-05-07 10:27:22.944,0.021,0,1,0.5594677,0.43726262,0.5594677,0.002812661,0.00045713026
511,84,lying,2021-05-07 10:27:21.964,2021-05-07 10:27:23.944,0.021,0,1,0.556914,0.4398601,0.556914,0.0027752365,0.0004507496
511,84,lying,2021-05-07 10:27:22.964,2021-05-07 10:27:24.944,0.021,0,1,0.55951166,0.43725395,0.55951166,0.0027802368,0.00045413463
511,84,lying,2021-05-07 10:27:23.964,2021-05-07 10:27:25.944,0.021,0,1,0.56383437,0.43287387,0.56383437,0.002829724,0.00046194767
511,84,lying,2021-05-07 10:27:24.964,2021-05-07 10:27:26.944,0.021,0,1,0.5632421,0.43346873,0.5632421,0.0028285526,0.00046060898
511,84,lying,2021-05-07 10:27:25.964,2021-05-07 10:27:27.944,0.021,0,1,0.5623288,0.43438968,0.5623288,0.0028216888,0.0004599064
511,84,lying,2021-05-07 10:27:26.964,2021-05-07 10:27:28.944,0.021,0,1,0.56107515,0.4356217,0.56107515,0.0028410496,0.00046206705
511,84,lying,2021-05-07 10:27:27.964,2021-05-07 10:27:29.944,0.021,0,1,0.5613503,0.43538365,0.5613503,0.002807786,0.00045827802
511,84,lying,2021-05-07 10:27:28.964,2021-05-07 10:27:30.944,0.021,0,1,0.5614924,0.43523234,0.5614924,0.0028143122,0.00046083663
511,84,lying,2021-05-07 10:27:29.964,2021-05-07 10:27:31.944,0.021,0,1,0.56374854,0.432917,0.56374854,0.0028669552,0.00046749742
511,84,lying,2021-05-07 10:27:30.964,2021-05-07 10:27:32.944,0.021,0,1,0.5627319,0.4339504,0.5627319,0.002853163,0.00046444157
511,84,lying,2021-05-07 10:27:31.964,2021-05-07 10:27:33.944,0.021,0,1,0.5649584,0.4317035,0.5649584,0.00287084,0.00046725804
511,84,lying,2021-05-07 10:27:32.964,2021-05-07 10:27:34.944,0.021,0,1,0.57234216,0.4242409,0.57234216,0.0029375264,0.0004793743
511,84,lying,2021-05-07 10:27:33.964,2021-05-07 10:27:35.944,0.021,0,1,0.5555446,0.44130558,0.5555446,0.0027082765,0.0004415209
511,84,lying,2021-05-07 10:27:34.964,2021-05-07 10:27:36.944,0.021,0,1,0.5515447,0.44537705,0.5515447,0.0026458064,0.0004324034
511,84,lying,2021-05-07 10:27:35.964,2021-05-07 10:27:37.944,0.021,0,1,0.5653104,0.43144733,0.5653104,0.0027834417,0.00045881805
511,84,lying,2021-05-07 10:27:36.964,2021-05-07 10:27:38.944,0.021,0,1,0.56515056,0.43162647,0.56515056,0.0027648848,0.00045802302
511,84,lying,2021-05-07 10:27:37.964,2021-05-07 10:27:39.944,0.021,0,1,0.55102235,0.44590235,0.55102235,0.0026403745,0.0004348356
511,84,lying,2021-05-07 10:27:38.964,2021-05-07 10:27:40.944,0.021,0,1,0.55568844,0.4411912,0.55568844,0.0026779238,0.00044246318
511,84,lying,2021-05-07 10:27:39.964,2021-05-07 10:27:41.944,0.021,0,1,0.54971784,0.4472098,0.54971784,0.0026370569,0.00043525695
511,84,lying,2021-05-07 10:27:40.964,2021-05-07 10:27:42.944,0.021,0,1,0.55371094,0.44329113,0.55371094,0.0025668072,0.00043117744
511,84,lying,2021-05-07 10:27:41.964,2021-05-07 10:27:43.944,0.021,0,1,0.55909157,0.43794206,0.55909157,0.002531276,0.00043516624
511,84,lying,2021-05-07 10:27:42.964,2021-05-07 10:27:44.944,0.021,0,1,0.5289412,0.4686779,0.5289412,0.0020150365,0.00036585037
511,84,lying,2021-05-07 10:27:43.964,2021-05-07 10:27:45.944,0.021,0,1,0.5540768,0.4436399,0.5540768,0.0019032173,0.0003801379
511,84,lying,2021-05-07 10:27:44.964,2021-05-07 10:27:46.944,0.021,0,1,0.5512973,0.4462541,0.5512973,0.0020566063,0.0003918609
511,84,lying,2021-05-07 10:27:45.964,2021-05-07 10:27:47.944,0.021,0,1,0.5188933,0.4788361,0.5188933,0.0019215648,0.00034894052
511,84,lying,2021-05-07 10:27:46.964,2021-05-07 10:27:48.944,0.021,0,1,0.50926983,0.48869804,0.50926983,0.0017054961,0.0003266736
511,84,lying,2021-05-07 10:27:47.964,2021-05-07 10:27:49.944,0.021,0,0,0.5053448,0.5053448,0.49266043,0.0016846239,0.0003101275
511,84,lying,2021-05-07 10:27:48.964,2021-05-07 10:27:50.944,0.021,0,0,0.5046508,0.5046508,0.49310976,0.0019118858,0.00032759458
511,84,lying,2021-05-07 10:27:49.964,2021-05-07 10:27:51.944,0.021,0,1,0.5367238,0.46047324,0.5367238,0.0024014132,0.00040167998
511,84,lying,2021-05-07 10:27:50.964,2021-05-07 10:27:52.944,0.021,0,1,0.5794538,0.41740802,0.5794538,0.002676263,0.00046187578
511,84,lying,2021-05-07 10:27:51.964,2021-05-07 10:27:53.944,0.021,0,1,0.5700017,0.42720282,0.5700017,0.0023729706,0.00042247117
511,84,lying,2021-05-07 10:27:52.964,2021-05-07 10:27:54.944,0.021,0,1,0.57146394,0.42626777,0.57146394,0.0018739591,0.00039436462
511,84,lying,2021-05-07 10:27:53.964,2021-05-07 10:27:55.944,0.021,0,1,0.6155482,0.3826351,0.6155482,0.0014141495,0.00040256625
511,84,lying,2021-05-07 10:27:54.964,2021-05-07 10:27:56.944,0.021,0,1,0.5734289,0.4247714,0.5734289,0.0014051435,0.00039465446
511,84,lying,2021-05-07 10:27:55.964,2021-05-07 10:27:57.944,0.021,0,1,0.5468834,0.45156124,0.5468834,0.0012047244,0.00035056839
511,84,lying,2021-05-07 10:27:56.964,2021-05-07 10:27:58.944,0.021,0,1,0.5353731,0.4628494,0.5353731,0.0014173776,0.00036024008
511,84,lying,2021-05-07 10:27:57.964,2021-05-07 10:27:59.944,0.021,0,1,0.52731735,0.47030708,0.52731735,0.002025331,0.0003502296
511,84,lying,2021-05-07 10:27:58.964,2021-05-07 10:28:00.944,0.021,0,1,0.51865584,0.47905612,0.51865584,0.001955186,0.00033287247
511,84,lying,2021-05-07 10:27:59.964,2021-05-07 10:28:01.944,0.021,0,0,0.5168254,0.5168254,0.48129782,0.0015908012,0.0002859717
511,84,lying,2021-05-07 10:28:00.964,2021-05-07 10:28:02.944,0.021,0,0,0.5034518,0.5034518,0.4945847,0.0016594741,0.00030412653
511,84,lying,2021-05-07 10:28:01.964,2021-05-07 10:28:03.944,0.021,0,0,0.5233926,0.5233926,0.4747272,0.0015925242,0.0002875996
511,84,lying,2021-05-07 10:28:02.964,2021-05-07 10:28:04.944,0.021,0,1,0.5007957,0.4971656,0.5007957,0.0017246889,0.00031387358
511,84,lying,2021-05-07 10:28:03.964,2021-05-07 10:28:05.944,0.021,0,1,0.51969,0.47791195,0.51969,0.0020459648,0.00035209634
511,84,lying,2021-05-07 10:28:04.963,2021-05-07 10:28:06.944,0.021,0,1,0.5380055,0.45936438,0.5380055,0.002245481,0.00038458884
511,84,lying,2021-05-07 10:28:05.963,2021-05-07 10:28:07.944,0.021,0,1,0.53906894,0.45841914,0.53906894,0.0021328144,0.00037913173
511,84,lying,2021-05-07 10:28:06.963,2021-05-07 10:28:08.944,0.021,0,1,0.5178711,0.4799254,0.5178711,0.0018656857,0.0003377504
511,84,lying,2021-05-07 10:28:07.963,2021-05-07 10:28:09.944,0.021,0,1,0.5134948,0.4842586,0.5134948,0.0019075752,0.0003391086
511,84,lying,2021-05-07 10:28:08.963,2021-05-07 10:28:10.944,0.021,0,1,0.5214033,0.47621813,0.5214033,0.0020203914,0.00035798887
511,84,lying,2021-05-07 10:28:09.963,2021-05-07 10:28:11.944,0.021,0,1,0.519533,0.4779873,0.519533,0.0021206203,0.00035907066
511,84,lying,2021-05-07 10:28:10.963,2021-05-07 10:28:12.944,0.021,0,1,0.50834984,0.48913643,0.50834984,0.0021617685,0.00035185658
511,84,lying,2021-05-07 10:28:11.963,2021-05-07 10:28:13.944,0.021,0,1,0.5115713,0.48588014,0.5115713,0.0021892572,0.00035925547
511,84,lying,2021-05-07 10:28:12.963,2021-05-07 10:28:14.944,0.021,0,1,0.55494255,0.44219443,0.55494255,0.0024420137,0.0004210082
511,84,lying,2021-05-07 10:28:13.963,2021-05-07 10:28:15.944,0.021,0,1,0.54878044,0.4484531,0.54878044,0.0023605644,0.0004058838
511,84,lying,2021-05-07 10:28:14.963,2021-05-07 10:28:16.944,0.021,0,1,0.53249556,0.46483415,0.53249556,0.002289337,0.00038079647
511,84,lying,2021-05-07 10:28:15.963,2021-05-07 10:28:17.944,0.021,0,1,0.5348089,0.46268612,0.5348089,0.002132667,0.0003724055
511,84,lying,2021-05-07 10:28:16.964,2021-05-07 10:28:18.944,0.021,0,1,0.53549516,0.46186018,0.53549516,0.0022601073,0.0003846143
511,84,lying,2021-05-07 10:28:17.964,2021-05-07 10:28:19.944,0.021,0,1,0.5220219,0.47534624,0.5220219,0.0022596554,0.0003722768
511,84,lying,2021-05-07 10:28:18.964,2021-05-07 10:28:20.944,0.021,0,1,0.5101174,0.48738793,0.5101174,0.0021426582,0.00035192323
511,84,lying,2021-05-07 10:28:19.964,2021-05-07 10:28:21.944,0.021,0,1,0.50913715,0.48835233,0.50913715,0.00215713,0.00035346596
511,84,lying,2021-05-07 10:28:20.964,2021-05-07 10:28:22.944,0.021,0,0,0.50303245,0.50303245,0.4945881,0.0020466093,0.00033284657
511,84,lying,2021-05-07 10:28:21.964,2021-05-07 10:28:23.944,0.021,0,0,0.5073208,0.5073208,0.4903416,0.0020108966,0.0003267201
511,84,lying,2021-05-07 10:28:22.964,2021-05-07 10:28:24.944,0.021,0,1,0.50267357,0.4949395,0.50267357,0.0020454554,0.00034149166
511,84,lying,2021-05-07 10:28:23.964,2021-05-07 10:28:25.944,0.021,0,0,0.5024839,0.5024839,0.49535346,0.0018397816,0.0003227917
511,84,lying,2021-05-07 10:28:24.964,2021-05-07 10:28:26.944,0.021,0,0,0.5156709,0.5156709,0.48234004,0.0016899693,0.00029914622
511,84,lying,2021-05-07 10:28:25.964,2021-05-07 10:28:27.944,0.021,0,0,0.51726735,0.51726735,0.48067096,0.0017588831,0.00030285967
511,84,lying,2021-05-07 10:28:26.964,2021-05-07 10:28:28.944,0.021,0,0,0.5265171,0.5265171,0.47143805,0.001750269,0.00029450594
511,84,lying,2021-05-07 10:28:27.964,2021-05-07 10:28:29.944,0.021,0,0,0.53124833,0.53124833,0.46675506,0.0017094205,0.00028709933
511,84,lying,2021-05-07 10:28:28.964,2021-05-07 10:28:30.944,0.021,0,0,0.5187053,0.5187053,0.479237,0.0017580395,0.00029958054
511,84,lying,2021-05-07 10:28:29.964,2021-05-07 10:28:31.944,0.021,0,0,0.5137231,0.5137231,0.48416984,0.0017997922,0.00030726497
511,84,lying,2021-05-07 10:28:30.964,2021-05-07 10:28:32.944,0.021,0,0,0.523492,0.523492,0.47452232,0.0016896182,0.00029612222
511,84,lying,2021-05-07 10:28:31.964,2021-05-07 10:28:33.944,0.021,0,0,0.5118717,0.5118717,0.48608288,0.0017316189,0.00031378854
511,84,lying,2021-05-07 10:28:32.964,2021-05-07 10:28:34.944,0.021,0,1,0.52600443,0.4714835,0.52600443,0.0021394005,0.00037267455
511,84,lying,2021-05-07 10:28:33.964,2021-05-07 10:28:35.944,0.021,0,1,0.5422725,0.45503008,0.5422725,0.0023046986,0.00039262255
511,84,lying,2021-05-07 10:28:34.964,2021-05-07 10:28:36.944,0.021,0,1,0.5786228,0.41843662,0.5786228,0.0024923545,0.00044819596
511,84,lying,2021-05-07 10:28:35.964,2021-05-07 10:28:37.944,0.021,0,1,0.5704772,0.42673016,0.5704772,0.0023640166,0.00042860134
511,84,lying,2021-05-07 10:28:36.964,2021-05-07 10:28:38.944,0.021,0,1,0.5428434,0.45467046,0.5428434,0.0021030284,0.00038307652
511,84,lying,2021-05-07 10:28:37.964,2021-05-07 10:28:39.944,0.021,0,1,0.5140745,0.4836668,0.5140745,0.0019139816,0.00034470612
511,84,lying,2021-05-07 10:28:38.964,2021-05-07 10:28:40.944,0.021,0,0,0.52950144,0.52950144,0.4688148,0.0014136859,0.00027012243
511,84,lying,2021-05-07 10:28:39.964,2021-05-07 10:28:41.944,0.021,0,0,0.53897345,0.53897345,0.45928717,0.0014713622,0.00026798577
511,84,lying,2021-05-07 10:28:40.964,2021-05-07 10:28:42.944,0.021,0,0,0.5079295,0.5079295,0.48991197,0.0018485052,0.00031007914
511,84,lying,2021-05-07 10:28:41.964,2021-05-07 10:28:43.944,0.021,0,0,0.5064223,0.5064223,0.49141878,0.0018481313,0.00031093013
511,84,lying,2021-05-07 10:28:42.964,2021-05-07 10:28:44.944,0.021,0,1,0.5031859,0.49459252,0.5031859,0.0018972054,0.00032426324
511,84,lying,2021-05-07 10:28:43.964,2021-05-07 10:28:45.944,0.021,0,1,0.5054033,0.49226698,0.5054033,0.0019960406,0.00033378825
511,84,lying,2021-05-07 10:28:44.964,2021-05-07 10:28:46.944,0.021,0,1,0.5279688,0.46976694,0.5279688,0.0019140043,0.00035028328
511,84,lying,2021-05-07 10:28:45.964,2021-05-07 10:28:47.944,0.021,0,1,0.51167476,0.48608154,0.51167476,0.001902692,0.00034100004
511,84,lying,2021-05-07 10:28:46.964,2021-05-07 10:28:48.944,0.021,0,1,0.51113886,0.48651108,0.51113886,0.0020070234,0.00034305046
511,84,lying,2021-05-07 10:28:47.964,2021-05-07 10:28:49.944,0.021,0,1,0.5469142,0.4506285,0.5469142,0.002074546,0.00038270533
511,84,lying,2021-05-07 10:28:48.964,2021-05-07 10:28:50.944,0.021,0,1,0.5779326,0.41925865,0.5779326,0.0023761773,0.0004325579
511,84,lying,2021-05-07 10:28:49.964,2021-05-07 10:28:51.944,0.021,0,1,0.5525387,0.44452736,0.5525387,0.0025169116,0.00041709893
511,84,lying,2021-05-07 10:28:50.964,2021-05-07 10:28:52.944,0.021,0,1,0.543099,0.45400676,0.543099,0.0024851453,0.00040904872
511,84,lying,2021-05-07 10:28:51.964,2021-05-07 10:28:53.944,0.021,0,1,0.5570711,0.4400238,0.5570711,0.0024781483,0.00042685427
511,84,lying,2021-05-07 10:28:52.964,2021-05-07 10:28:54.944,0.021,0,1,0.57961124,0.41727424,0.57961124,0.0026522025,0.00046223658
511,84,lying,2021-05-07 10:28:53.964,2021-05-07 10:28:55.944,0.021,0,1,0.5802925,0.4164897,0.5802925,0.0027526026,0.00046525028
511,84,lying,2021-05-07 10:28:54.964,2021-05-07 10:28:56.944,0.021,0,1,0.5469143,0.45022225,0.5469143,0.0024539013,0.00040965754
511,84,lying,2021-05-07 10:28:55.964,2021-05-07 10:28:57.944,0.021,0,1,0.5295149,0.4677087,0.5295149,0.0023866924,0.00038969115
511,84,lying,2021-05-07 10:28:56.964,2021-05-07 10:28:58.944,0.021,0,1,0.55146414,0.44562173,0.55146414,0.0024946702,0.00041937316
511,84,lying,2021-05-07 10:28:57.964,2021-05-07 10:28:59.944,0.021,0,1,0.5542781,0.44282934,0.5542781,0.0024717462,0.00042092617
511,84,lying,2021-05-07 10:28:58.964,2021-05-07 10:29:00.944,0.021,0,1,0.5470646,0.45005086,0.5470646,0.0024712703,0.00041326333
511,84,lying,2021-05-07 10:28:59.964,2021-05-07 10:29:01.944,0.021,0,1,0.5425401,0.45467174,0.5425401,0.0023872252,0.00040091493
511,84,lying,2021-05-07 10:29:00.964,2021-05-07 10:29:02.944,0.021,0,1,0.5499576,0.44708073,0.5499576,0.002539293,0.00042241553
511,84,lying,2021-05-07 10:29:01.964,2021-05-07 10:29:03.944,0.021,0,1,0.5441576,0.45286426,0.5441576,0.0025568714,0.00042133877
511,84,lying,2021-05-07 10:29:02.964,2021-05-07 10:29:04.944,0.021,0,1,0.5392534,0.4578178,0.5392534,0.0025170578,0.00041181772
511,84,lying,2021-05-07 10:29:03.964,2021-05-07 10:29:05.944,0.021,0,1,0.54072326,0.45632094,0.54072326,0.002541093,0.00041467088
511,84,lying,2021-05-07 10:29:04.963,2021-05-07 10:29:06.944,0.021,0,1,0.5463291,0.45066893,0.5463291,0.0025790518,0.00042300601
511,84,lying,2021-05-07 10:29:05.963,2021-05-07 10:29:07.944,0.021,0,1,0.5508662,0.44613332,0.5508662,0.0025747074,0.00042575024
511,84,lying,2021-05-07 10:29:06.963,2021-05-07 10:29:08.944,0.021,0,1,0.5520394,0.4449788,0.5520394,0.0025588253,0.00042294912
511,84,lying,2021-05-07 10:29:07.963,2021-05-07 10:29:09.944,0.021,0,1,0.5527681,0.4443589,0.5527681,0.0024558147,0.0004170209
511,84,lying,2021-05-07 10:29:08.963,2021-05-07 10:29:10.944,0.021,0,1,0.55071867,0.44643578,0.55071867,0.0024305694,0.0004149392
511,84,lying,2021-05-07 10:29:09.963,2021-05-07 10:29:11.944,0.021,0,1,0.54816306,0.4490034,0.54816306,0.0024216333,0.00041179798
511,84,lying,2021-05-07 10:29:10.963,2021-05-07 10:29:12.944,0.021,0,1,0.5494455,0.4477947,0.5494455,0.002354028,0.00040569977
511,84,lying,2021-05-07 10:29:11.963,2021-05-07 10:29:13.944,0.021,0,1,0.5389142,0.45847645,0.5389142,0.0022238735,0.0003853656
511,84,lying,2021-05-07 10:29:12.963,2021-05-07 10:29:14.944,0.021,0,1,0.54266095,0.45452142,0.54266095,0.0024127476,0.0004048613
511,84,lying,2021-05-07 10:29:13.963,2021-05-07 10:29:15.944,0.021,0,1,0.5376698,0.45943832,0.5376698,0.0024863363,0.00040550562
511,84,lying,2021-05-07 10:29:14.963,2021-05-07 10:29:16.944,0.021,0,1,0.5348505,0.4623095,0.5348505,0.0024419609,0.00039802337
511,84,lying,2021-05-07 10:29:15.963,2021-05-07 10:29:17.944,0.021,0,1,0.5324299,0.4648019,0.5324299,0.00237806,0.00039015562
511,84,lying,2021-05-07 10:29:16.964,2021-05-07 10:29:18.944,0.021,0,1,0.5195436,0.47781745,0.5195436,0.0022675477,0.0003714769
511,84,lying,2021-05-07 10:29:17.964,2021-05-07 10:29:19.944,0.021,0,1,0.5137965,0.48365828,0.5137965,0.0021867098,0.00035842974
511,84,lying,2021-05-07 10:29:18.964,2021-05-07 10:29:20.944,0.021,0,1,0.51269794,0.48476815,0.51269794,0.0021782261,0.0003556569
511,84,lying,2021-05-07 10:29:19.964,2021-05-07 10:29:21.944,0.021,0,1,0.5349099,0.46233138,0.5349099,0.0023678693,0.00039086706
511,84,lying,2021-05-07 10:29:20.964,2021-05-07 10:29:22.944,0.021,0,1,0.53836393,0.458841,0.53836393,0.0023978923,0.00039719243
511,84,lying,2021-05-07 10:29:21.964,2021-05-07 10:29:23.944,0.021,0,1,0.52961564,0.46765286,0.52961564,0.0023455918,0.00038581336
511,84,lying,2021-05-07 10:29:22.964,2021-05-07 10:29:24.944,0.021,0,1,0.5281956,0.46908322,0.5281956,0.0023384753,0.00038271685
511,84,lying,2021-05-07 10:29:23.964,2021-05-07 10:29:25.944,0.021,0,1,0.53481734,0.46236926,0.53481734,0.0024175793,0.00039589356
511,84,lying,2021-05-07 10:29:24.964,2021-05-07 10:29:26.944,0.021,0,1,0.5396764,0.45750466,0.5396764,0.0024170189,0.00040182658
511,84,lying,2021-05-07 10:29:25.964,2021-05-07 10:29:27.944,0.021,0,1,0.53982013,0.45735684,0.53982013,0.0024185006,0.00040454397
511,84,lying,2021-05-07 10:29:26.964,2021-05-07 10:29:28.944,0.021,0,1,0.54345125,0.45406067,0.54345125,0.002105068,0.0003829954
511,84,lying,2021-05-07 10:29:27.964,2021-05-07 10:29:29.944,0.021,0,1,0.5198477,0.47776508,0.5198477,0.0020322087,0.00035504036
511,84,lying,2021-05-07 10:29:28.964,2021-05-07 10:29:30.944,0.021,0,1,0.5156282,0.48188457,0.5156282,0.002132983,0.00035421053
511,84,lying,2021-05-07 10:29:29.964,2021-05-07 10:29:31.944,0.021,0,1,0.53663975,0.4610305,0.53663975,0.001961645,0.00036809212
511,84,lying,2021-05-07 10:29:30.964,2021-05-07 10:29:32.944,0.021,0,1,0.53499234,0.4626113,0.53499234,0.0020240457,0.00037235796
511,84,lying,2021-05-07 10:29:31.964,2021-05-07 10:29:33.944,0.021,0,1,0.5227927,0.47456062,0.5227927,0.0022748474,0.00037182996
511,84,lying,2021-05-07 10:29:32.964,2021-05-07 10:29:34.944,0.021,0,1,0.5151343,0.48230532,0.5151343,0.0022023006,0.00035814688
511,84,lying,2021-05-07 10:29:33.964,2021-05-07 10:29:35.944,0.021,0,1,0.52150774,0.4758928,0.52150774,0.002232126,0.00036732265
511,84,lying,2021-05-07 10:29:34.964,2021-05-07 10:29:36.944,0.021,0,1,0.52809596,0.46931607,0.52809596,0.0022140304,0.00037400302
511,84,lying,2021-05-07 10:29:35.964,2021-05-07 10:29:37.944,0.021,0,1,0.5168685,0.4806355,0.5168685,0.002132546,0.00036347567
511,84,lying,2021-05-07 10:29:36.964,2021-05-07 10:29:38.944,0.021,0,1,0.51504356,0.48245257,0.51504356,0.0021454592,0.0003584511
511,84,lying,2021-05-07 10:29:37.964,2021-05-07 10:29:39.944,0.021,0,1,0.51312864,0.48446482,0.51312864,0.0020547109,0.00035185379
511,84,lying,2021-05-07 10:29:38.964,2021-05-07 10:29:40.944,0.021,0,1,0.5099471,0.48754707,0.5099471,0.0021535717,0.0003522113
511,84,lying,2021-05-07 10:29:39.964,2021-05-07 10:29:41.944,0.021,0,1,0.5197504,0.47778872,0.5197504,0.0020968416,0.0003639944
511,84,lying,2021-05-07 10:29:40.964,2021-05-07 10:29:42.944,0.021,0,1,0.54484403,0.45256537,0.54484403,0.0021972074,0.00039334316
511,84,lying,2021-05-07 10:29:41.964,2021-05-07 10:29:43.944,0.021,0,1,0.53090227,0.4664571,0.53090227,0.002259266,0.00038129988
511,84,lying,2021-05-07 10:29:42.964,2021-05-07 10:29:44.944,0.021,0,1,0.540805,0.45658264,0.540805,0.0022267161,0.00038569333
511,84,lying,2021-05-07 10:29:43.964,2021-05-07 10:29:45.944,0.021,0,1,0.550706,0.44668597,0.550706,0.0022137172,0.00039438676
511,84,lying,2021-05-07 10:29:44.964,2021-05-07 10:29:46.944,0.021,0,1,0.539444,0.45793405,0.539444,0.0022339104,0.00038802758
511,84,lying,2021-05-07 10:29:45.964,2021-05-07 10:29:47.944,0.021,0,1,0.6293813,0.36708564,0.6293813,0.0030266691,0.0005064074
511,84,lying,2021-05-07 10:29:46.964,2021-05-07 10:29:48.944,0.021,0,1,0.74545467,0.24944013,0.74545467,0.0043452014,0.0007599342
511,84,lying,2021-05-07 10:29:47.964,2021-05-07 10:29:49.944,0.021,0,1,0.7380689,0.2576007,0.7380689,0.0036779365,0.00065246096
511,84,lying,2021-05-07 10:29:48.964,2021-05-07 10:29:50.944,0.021,0,1,0.7028543,0.29372507,0.7028543,0.0028941191,0.0005265307
511,84,lying,2021-05-07 10:29:49.964,2021-05-07 10:29:51.944,0.021,0,1,0.5789285,0.41886455,0.5789285,0.0018138271,0.00039300096
511,84,lying,2021-05-07 10:29:50.964,2021-05-07 10:29:52.944,0.021,0,1,0.53412414,0.4637744,0.53412414,0.0017433976,0.00035796541
511,84,lying,2021-05-07 10:29:51.964,2021-05-07 10:29:53.944,0.021,0,0,0.503243,0.503243,0.4945202,0.0019200294,0.00031661094
511,84,lying,2021-05-07 10:29:52.964,2021-05-07 10:29:54.944,0.021,0,0,0.5247958,0.5247958,0.47308162,0.0018255193,0.00029707552
511,84,lying,2021-05-07 10:29:53.964,2021-05-07 10:29:55.944,0.021,0,0,0.52583855,0.52583855,0.47203743,0.0018265963,0.0002974584
511,84,lying,2021-05-07 10:29:54.964,2021-05-07 10:29:56.944,0.021,0,0,0.5276425,0.5276425,0.47023425,0.0018278318,0.00029537885
511,84,lying,2021-05-07 10:29:55.964,2021-05-07 10:29:57.944,0.021,0,0,0.5281876,0.5281876,0.4697078,0.0018113367,0.00029329525
511,84,lying,2021-05-07 10:29:56.964,2021-05-07 10:29:58.944,0.021,0,0,0.5225505,0.5225505,0.47536734,0.0017852667,0.00029681367
511,84,lying,2021-05-07 10:29:57.964,2021-05-07 10:29:59.944,0.021,0,0,0.527071,0.527071,0.47086856,0.0017666438,0.00029366778
511,84,lying,2021-05-07 10:29:58.964,2021-05-07 10:30:00.944,0.021,0,0,0.52878916,0.52878916,0.46922767,0.0016958044,0.0002873891
511,84,lying,2021-05-07 10:29:59.964,2021-05-07 10:30:01.944,0.021,0,0,0.52697957,0.52697957,0.47127545,0.0014595011,0.00028555086
511,84,lying,2021-05-07 10:30:00.964,2021-05-07 10:30:02.944,0.021,0,0,0.5261171,0.5261171,0.47206455,0.0015356739,0.00028269363
511,84,lying,2021-05-07 10:30:01.964,2021-05-07 10:30:03.944,0.021,0,0,0.54133016,0.54133016,0.45678976,0.0016055556,0.00027449412
511,84,lying,2021-05-07 10:30:02.964,2021-05-07 10:30:04.944,0.021,0,0,0.533499,0.533499,0.46451586,0.0016975005,0.00028753374
511,84,lying,2021-05-07 10:30:03.964,2021-05-07 10:30:05.944,0.021,0,0,0.53307277,0.53307277,0.4649053,0.0017334608,0.0002884314
511,84,lying,2021-05-07 10:30:04.963,2021-05-07 10:30:06.944,0.021,0,0,0.532377,0.532377,0.4655544,0.0017762856,0.0002923132
511,84,lying,2021-05-07 10:30:05.963,2021-05-07 10:30:07.944,0.021,0,0,0.5322551,0.5322551,0.46566835,0.0017846165,0.00029186835
511,84,lying,2021-05-07 10:30:06.963,2021-05-07 10:30:08.944,0.021,0,1,0.56947607,0.42786568,0.56947607,0.0022706513,0.0003874982
511,84,lying,2021-05-07 10:30:07.963,2021-05-07 10:30:09.944,0.021,0,1,0.732868,0.2636682,0.732868,0.0028905063,0.00057328364
511,84,lying,2021-05-07 10:30:08.963,2021-05-07 10:30:10.944,0.021,0,1,0.6867279,0.31014997,0.6867279,0.002593141,0.0005290984
511,84,lying,2021-05-07 10:30:09.963,2021-05-07 10:30:11.944,0.021,0,1,0.523586,0.47454223,0.523586,0.0015452947,0.00032643188
511,84,lying,2021-05-07 10:30:10.963,2021-05-07 10:30:12.944,0.021,0,0,0.5652973,0.5652973,0.43307826,0.0013678316,0.0002565998
511,84,lying,2021-05-07 10:30:11.963,2021-05-07 10:30:13.944,0.021,0,0,0.5546498,0.5546498,0.44347227,0.0016086083,0.00026944577
511,84,lying,2021-05-07 10:30:12.963,2021-05-07 10:30:14.944,0.021,0,0,0.5754921,0.5754921,0.42284516,0.0014199263,0.00024285681
511,84,lying,2021-05-07 10:30:13.963,2021-05-07 10:30:15.944,0.021,0,0,0.5895037,0.5895037,0.408986,0.0012857808,0.00022461913
511,84,lying,2021-05-07 10:30:14.963,2021-05-07 10:30:16.944,0.021,0,0,0.56758755,0.56758755,0.43073687,0.0014256545,0.00024996846
511,84,lying,2021-05-07 10:30:15.963,2021-05-07 10:30:17.944,0.021,0,0,0.5589206,0.5589206,0.43935472,0.0014659264,0.00025873992
511,84,lying,2021-05-07 10:30:16.964,2021-05-07 10:30:18.944,0.021,0,0,0.5544967,0.5544967,0.443654,0.0015810594,0.00026828426
511,84,lying,2021-05-07 10:30:17.964,2021-05-07 10:30:19.944,0.021,0,0,0.54502624,0.54502624,0.45294997,0.00173773,0.00028601143
511,84,lying,2021-05-07 10:30:18.964,2021-05-07 10:30:20.944,0.021,0,0,0.5401664,0.5401664,0.4577373,0.001803519,0.0002928334
511,84,lying,2021-05-07 10:30:19.964,2021-05-07 10:30:21.944,0.021,0,0,0.54088676,0.54088676,0.457012,0.0018075017,0.00029362453
511,84,lying,2021-05-07 10:30:20.964,2021-05-07 10:30:22.944,0.021,0,0,0.54415923,0.54415923,0.45378622,0.0017669869,0.00028770912
511,84,lying,2021-05-07 10:30:21.964,2021-05-07 10:30:23.944,0.021,0,0,0.55351937,0.55351937,0.4445422,0.0016649251,0.0002734765
511,84,lying,2021-05-07 10:30:22.964,2021-05-07 10:30:24.944,0.021,0,0,0.5610063,0.5610063,0.43713072,0.0015984584,0.00026455618
511,84,lying,2021-05-07 10:30:23.964,2021-05-07 10:30:25.944,0.021,0,0,0.5507108,0.5507108,0.4473126,0.0016977943,0.00027887005
511,84,lying,2021-05-07 10:30:24.964,2021-05-07 10:30:26.944,0.021,0,0,0.5466161,0.5466161,0.45138034,0.0017215388,0.000282069
511,84,lying,2021-05-07 10:30:25.964,2021-05-07 10:30:27.944,0.021,0,0,0.55196553,0.55196553,0.44608456,0.0016743614,0.00027554488
511,84,lying,2021-05-07 10:30:26.964,2021-05-07 10:30:28.944,0.021,0,0,0.5617993,0.5617993,0.43639112,0.0015481603,0.00026141806
511,84,lying,2021-05-07 10:30:27.964,2021-05-07 10:30:29.944,0.021,0,0,0.5632868,0.5632868,0.43509713,0.0013617949,0.0002543024
511,84,lying,2021-05-07 10:30:28.964,2021-05-07 10:30:30.944,0.021,0,1,0.5227706,0.47510427,0.5227706,0.0017793074,0.00034578357
511,84,lying,2021-05-07 10:30:29.964,2021-05-07 10:30:31.944,0.021,0,1,0.5065076,0.4912086,0.5065076,0.0019453468,0.0003384861
511,84,lying,2021-05-07 10:30:30.964,2021-05-07 10:30:32.944,0.021,0,0,0.5402551,0.5402551,0.45777592,0.001684158,0.00028477656
511,84,lying,2021-05-07 10:30:31.964,2021-05-07 10:30:33.944,0.021,0,1,0.6624053,0.33442336,0.6624053,0.002693673,0.00047776077
511,84,lying,2021-05-07 10:30:32.964,2021-05-07 10:30:34.944,0.021,0,1,0.6441281,0.35292688,0.6441281,0.0025037907,0.00044121363
511,84,lying,2021-05-07 10:30:33.964,2021-05-07 10:30:35.944,0.021,0,0,0.5454128,0.5454128,0.45256552,0.0017356612,0.0002860699
511,84,lying,2021-05-07 10:30:34.964,2021-05-07 10:30:36.944,0.021,0,0,0.5384628,0.5384628,0.45947152,0.0017708599,0.00029470358
511,84,lying,2021-05-07 10:30:35.964,2021-05-07 10:30:37.944,0.021,0,0,0.5498617,0.5498617,0.4481866,0.0016727148,0.00027886982
511,84,lying,2021-05-07 10:30:36.964,2021-05-07 10:30:38.944,0.021,0,0,0.5412434,0.5412434,0.45667732,0.0017883504,0.00029090603
511,84,lying,2021-05-07 10:30:37.964,2021-05-07 10:30:39.944,0.021,0,0,0.5397697,0.5397697,0.45811993,0.0018157077,0.00029463499
511,84,lying,2021-05-07 10:30:38.964,2021-05-07 10:30:40.944,0.021,0,0,0.5431425,0.5431425,0.45481008,0.0017583029,0.0002890833
511,84,lying,2021-05-07 10:30:39.964,2021-05-07 10:30:41.944,0.021,0,0,0.54787683,0.54787683,0.4501471,0.0016951362,0.00028097717
511,84,lying,2021-05-07 10:30:40.964,2021-05-07 10:30:42.944,0.021,0,0,0.54419506,0.54419506,0.4538005,0.0017199642,0.00028444888
511,84,lying,2021-05-07 10:30:41.964,2021-05-07 10:30:43.944,0.021,0,0,0.5449181,0.5449181,0.45308453,0.0017128377,0.0002845427
511,84,lying,2021-05-07 10:30:42.964,2021-05-07 10:30:44.944,0.021,0,0,0.54131526,0.54131526,0.45670217,0.0016978236,0.00028479358
511,84,lying,2021-05-07 10:30:43.964,2021-05-07 10:30:45.944,0.021,0,0,0.5379657,0.5379657,0.46008015,0.0016669064,0.00028733644
511,84,lying,2021-05-07 10:30:44.964,2021-05-07 10:30:46.944,0.021,0,0,0.52196777,0.52196777,0.4760748,0.0016566481,0.00030084612
511,84,lying,2021-05-07 10:30:45.964,2021-05-07 10:30:47.944,0.021,0,0,0.5172958,0.5172958,0.48072466,0.0016704365,0.00030916237
511,84,lying,2021-05-07 10:30:46.964,2021-05-07 10:30:48.944,0.021,0,1,0.50818586,0.48963007,0.50818586,0.0018450384,0.00033903602
511,84,lying,2021-05-07 10:30:47.964,2021-05-07 10:30:49.944,0.021,0,1,0.5176903,0.47994164,0.5176903,0.0020061624,0.000361867
511,84,lying,2021-05-07 10:30:48.964,2021-05-07 10:30:50.944,0.021,0,1,0.5849286,0.412224,0.5849286,0.002418877,0.000428523
511,84,lying,2021-05-07 10:30:49.964,2021-05-07 10:30:51.944,0.021,0,1,0.5638415,0.43350342,0.5638415,0.00226242,0.00039266402
511,84,lying,2021-05-07 10:30:50.964,2021-05-07 10:30:52.944,0.021,0,0,0.5237724,0.5237724,0.47400817,0.0019048911,0.00031450464
511,84,lying,2021-05-07 10:30:51.964,2021-05-07 10:30:53.944,0.021,0,0,0.53177387,0.53177387,0.46615854,0.0017692811,0.0002983439
511,84,lying,2021-05-07 10:30:52.964,2021-05-07 10:30:54.944,0.021,0,0,0.5417847,0.5417847,0.4561949,0.0017314298,0.00028897042
511,84,lying,2021-05-07 10:30:53.964,2021-05-07 10:30:55.944,0.021,0,0,0.54288465,0.54288465,0.45502326,0.0017985019,0.0002935236
511,84,lying,2021-05-07 10:30:54.964,2021-05-07 10:30:56.944,0.021,0,0,0.5328036,0.5328036,0.46509933,0.0017977019,0.0002993615
511,84,lying,2021-05-07 10:30:55.964,2021-05-07 10:30:57.944,0.021,0,0,0.52898365,0.52898365,0.46888164,0.0018302536,0.00030445418
511,84,lying,2021-05-07 10:30:56.964,2021-05-07 10:30:58.944,0.021,0,1,0.55705166,0.4405687,0.55705166,0.0020031075,0.00037653072
511,84,lying,2021-05-07 10:30:57.964,2021-05-07 10:30:59.944,0.021,0,1,0.6849116,0.31322348,0.6849116,0.0014014172,0.00046350394
511,84,lying,2021-05-07 10:30:58.964,2021-05-07 10:31:00.944,0.021,0,1,0.5471533,0.45170283,0.5471533,0.0008773826,0.00026643585
511,84,lying,2021-05-07 10:30:59.964,2021-05-07 10:31:01.944,0.021,0,0,0.64364666,0.64364666,0.35553348,0.00068079657,0.00013906957
511,84,lying,2021-05-07 10:31:00.964,2021-05-07 10:31:02.944,0.021,0,0,0.62475455,0.62475455,0.37428394,0.0007916666,0.00016977794
511,84,lying,2021-05-07 10:31:01.964,2021-05-07 10:31:03.944,0.021,0,1,0.5366365,0.46255654,0.5366365,0.00055753405,0.00024939625
511,84,lying,2021-05-07 10:31:02.964,2021-05-07 10:31:04.944,0.021,0,1,0.8104178,0.18841612,0.8104178,0.0007236706,0.00044243212
511,84,lying,2021-05-07 10:31:03.964,2021-05-07 10:31:05.944,0.021,0,1,0.92512655,0.07149659,0.92512655,0.0027752367,0.0006015798
511,84,lying,2021-05-07 10:31:04.963,2021-05-07 10:31:06.944,0.021,0,1,0.8195006,0.1779723,0.8195006,0.0021362177,0.00039087833
511,84,lying,2021-05-07 10:31:05.963,2021-05-07 10:31:07.944,0.021,0,1,0.789542,0.2070478,0.789542,0.0029591143,0.00045099654
511,84,lying,2021-05-07 10:31:06.963,2021-05-07 10:31:08.944,0.021,0,1,0.7727691,0.22329114,0.7727691,0.0034534014,0.000486327
511,84,lying,2021-05-07 10:31:07.963,2021-05-07 10:31:09.944,0.021,0,1,0.7320658,0.26443294,0.7320658,0.003061265,0.00044008094
511,84,lying,2021-05-07 10:31:08.963,2021-05-07 10:31:10.944,0.021,0,1,0.6998527,0.29680362,0.6998527,0.0029301292,0.0004135294
511,84,lying,2021-05-07 10:31:09.963,2021-05-07 10:31:11.944,0.021,0,1,0.7130665,0.2834499,0.7130665,0.0030515413,0.00043195277
511,84,lying,2021-05-07 10:31:10.963,2021-05-07 10:31:12.944,0.021,0,1,0.7708448,0.22552021,0.7708448,0.0031541807,0.0004808384
511,84,lying,2021-05-07 10:31:11.963,2021-05-07 10:31:13.944,0.021,0,1,0.75519294,0.24140078,0.75519294,0.0029488248,0.0004574022
511,84,lying,2021-05-07 10:31:12.963,2021-05-07 10:31:14.944,0.021,0,1,0.74453264,0.25195032,0.74453264,0.003062391,0.00045464013
511,84,lying,2021-05-07 10:31:13.963,2021-05-07 10:31:15.944,0.021,0,1,0.73179805,0.26495868,0.73179805,0.0028138277,0.00042936509
511,84,lying,2021-05-07 10:31:14.963,2021-05-07 10:31:16.944,0.021,0,1,0.73097026,0.26556557,0.73097026,0.003022274,0.00044176614
511,84,lying,2021-05-07 10:31:15.963,2021-05-07 10:31:17.944,0.021,0,1,0.70797265,0.2883999,0.70797265,0.0031886916,0.0004386912
511,84,lying,2021-05-07 10:31:16.964,2021-05-07 10:31:18.944,0.021,0,1,0.69715226,0.2993563,0.69715226,0.0030667898,0.00042458213
511,84,lying,2021-05-07 10:31:17.964,2021-05-07 10:31:19.944,0.021,0,1,0.71097493,0.28572047,0.71097493,0.0028810538,0.00042363757
511,84,lying,2021-05-07 10:31:18.964,2021-05-07 10:31:20.944,0.021,0,1,0.7577892,0.23856814,0.7577892,0.0031683336,0.000474341
511,84,lying,2021-05-07 10:31:19.964,2021-05-07 10:31:21.944,0.021,0,1,0.81501997,0.18027541,0.81501997,0.0041157636,0.00058882684
511,84,lying,2021-05-07 10:31:20.964,2021-05-07 10:31:22.944,0.021,0,1,0.81263536,0.18229894,0.81263536,0.0044519803,0.0006136755
511,84,lying,2021-05-07 10:31:21.964,2021-05-07 10:31:23.944,0.021,0,1,0.7651642,0.23104952,0.7651642,0.0032878683,0.00049833575
511,84,lying,2021-05-07 10:31:22.964,2021-05-07 10:31:24.944,0.021,0,1,0.733768,0.2629007,0.733768,0.0028805884,0.00045066813
511,84,lying,2021-05-07 10:31:23.964,2021-05-07 10:31:25.944,0.021,0,1,0.71915346,0.27703628,0.71915346,0.0033438413,0.0004664865
511,84,lying,2021-05-07 10:31:24.964,2021-05-07 10:31:26.944,0.021,0,1,0.7254395,0.27072477,0.7254395,0.0033665393,0.00046917176
511,84,lying,2021-05-07 10:31:25.964,2021-05-07 10:31:27.944,0.021,0,1,0.74594796,0.24997498,0.74594796,0.0035826112,0.0004945439
511,84,lying,2021-05-07 10:31:26.964,2021-05-07 10:31:28.944,0.021,0,1,0.752053,0.24369587,0.752053,0.0037425647,0.0005085036
511,84,lying,2021-05-07 10:31:27.964,2021-05-07 10:31:29.944,0.021,0,1,0.7495643,0.24628597,0.7495643,0.0036462625,0.00050361454
511,84,lying,2021-05-07 10:31:28.964,2021-05-07 10:31:30.944,0.021,0,1,0.7303096,0.26576066,0.7303096,0.0034536324,0.00047607676
511,84,lying,2021-05-07 10:31:29.964,2021-05-07 10:31:31.944,0.021,0,1,0.7190137,0.27709162,0.7190137,0.0034290561,0.0004655728
511,85,sitting,2021-05-07 10:31:39.484,2021-05-07 10:31:41.464,0.021,1,1,0.8522361,0.14760847,0.8522361,0.00013903782,1.646168e-05
511,85,sitting,2021-05-07 10:31:40.484,2021-05-07 10:31:42.464,0.021,1,1,0.84988004,0.14995673,0.84988004,0.00014542208,1.7950439e-05
511,86,walking,2021-05-07 10:31:44.644,2021-05-07 10:31:46.624,0.021,3,3,0.9992711,3.954585e-11,2.3683722e-06,0.0007265156,0.9992711
511,86,walking,2021-05-07 10:31:45.644,2021-05-07 10:31:47.624,0.021,3,3,0.9985554,1.0821128e-10,1.7918986e-06,0.0014427583,0.9985554
511,86,walking,2021-05-07 10:31:46.644,2021-05-07 10:31:48.624,0.021,3,3,0.99826795,2.3081662e-10,2.506533e-06,0.0017294205,0.99826795
511,86,walking,2021-05-07 10:31:47.644,2021-05-07 10:31:49.624,0.021,3,3,0.9999264,1.699656e-13,2.3078e-08,7.3539144e-05,0.9999264
511,86,walking,2021-05-07 10:31:48.644,2021-05-07 10:31:50.624,0.021,3,3,0.9999983,1.3592331e-16,1.2461768e-10,1.609411e-06,0.9999983
511,86,walking,2021-05-07 10:31:49.644,2021-05-07 10:31:51.624,0.021,3,3,0.99999744,2.7135905e-16,1.7261256e-10,2.4727074e-06,0.99999744
511,86,walking,2021-05-07 10:31:50.644,2021-05-07 10:31:52.624,0.021,3,3,0.9999971,1.0745805e-16,1.5952845e-10,2.8229529e-06,0.9999971
511,86,walking,2021-05-07 10:31:51.644,2021-05-07 10:31:53.624,0.021,3,3,0.99999374,6.449085e-16,3.4697534e-10,6.2411095e-06,0.99999374
511,86,walking,2021-05-07 10:31:52.644,2021-05-07 10:31:54.624,0.021,3,3,0.99996954,9.724674e-14,7.802265e-09,3.0362402e-05,0.99996954
511,86,walking,2021-05-07 10:31:53.644,2021-05-07 10:31:55.624,0.021,3,3,0.9999588,6.202361e-13,1.821179e-08,4.1094267e-05,0.9999588
511,86,walking,2021-05-07 10:31:54.644,2021-05-07 10:31:56.624,0.021,3,3,0.9999898,1.15028e-13,3.5781762e-09,1.0159847e-05,0.9999898
511,86,walking,2021-05-07 10:31:55.644,2021-05-07 10:31:57.624,0.021,3,3,0.9999915,1.7237306e-13,4.916338e-09,8.435492e-06,0.9999915
511,86,walking,2021-05-07 10:31:56.644,2021-05-07 10:31:58.624,0.021,3,3,0.9999023,1.1886984e-11,4.7450477e-08,9.7588665e-05,0.9999023
511,86,walking,2021-05-07 10:31:57.644,2021-05-07 10:31:59.624,0.021,3,3,0.99978304,1.27166186e-11,6.158734e-08,0.00021698138,0.99978304
511,86,walking,2021-05-07 10:31:58.644,2021-05-07 10:32:00.624,0.021,3,3,0.99996346,1.2148116e-12,8.2198275e-09,3.6423473e-05,0.99996346
511,86,walking,2021-05-07 10:31:59.644,2021-05-07 10:32:01.624,0.021,3,3,0.9999116,2.5570182e-12,5.0224955e-08,8.8294575e-05,0.9999116
511,86,walking,2021-05-07 10:32:00.644,2021-05-07 10:32:02.624,0.021,3,3,0.9999023,3.4509795e-12,1.02801295e-07,9.7520744e-05,0.9999023
511,86,walking,2021-05-07 10:32:01.644,2021-05-07 10:32:03.624,0.021,3,3,0.99984264,4.6694215e-12,1.4726554e-07,0.0001572538,0.99984264
511,86,walking,2021-05-07 10:32:02.644,2021-05-07 10:32:04.624,0.021,3,3,0.9994284,1.2854646e-11,2.8228771e-07,0.000571388,0.9994284
511,86,walking,2021-05-07 10:32:03.644,2021-05-07 10:32:05.624,0.021,3,3,0.9993576,3.422761e-12,8.63827e-08,0.00064229174,0.9993576
511,86,walking,2021-05-07 10:32:04.644,2021-05-07 10:32:06.624,0.021,3,3,0.99987555,4.0824248e-13,1.2780114e-08,0.00012455988,0.99987555
511,86,walking,2021-05-07 10:32:05.644,2021-05-07 10:32:07.624,0.021,3,3,0.9995607,2.2948607e-12,6.583625e-08,0.00043922948,0.9995607
511,86,walking,2021-05-07 10:32:06.644,2021-05-07 10:32:08.624,0.021,3,3,0.9988659,1.4255875e-11,3.3750757e-07,0.0011337658,0.9988659
511,86,walking,2021-05-07 10:32:07.644,2021-05-07 10:32:09.624,0.021,3,3,0.99907726,2.690798e-11,5.5758994e-07,0.0009221797,0.99907726
511,87,standing,2021-05-07 10:32:10.604,2021-05-07 10:32:12.583,0.021,2,2,0.9972394,4.3277133e-08,2.077778e-05,0.9972394,0.0027396674
511,92,walking,2021-05-07 10:32:15.883,2021-05-07 10:32:17.864,0.021,3,3,0.9454667,1.5969025e-09,7.3191486e-06,0.054525994,0.9454667
511,92,walking,2021-05-07 10:32:16.884,2021-05-07 10:32:18.864,0.021,3,3,0.9935145,2.4400937e-10,2.9942853e-06,0.0064825662,0.9935145
511,92,walking,2021-05-07 10:32:17.884,2021-05-07 10:32:19.864,0.021,3,3,0.9555799,1.978151e-09,1.385572e-05,0.044406213,0.9555799
511,92,walking,2021-05-07 10:32:18.884,2021-05-07 10:32:20.864,0.021,3,3,0.9560873,1.1661428e-09,7.1482314e-06,0.043905627,0.9560873
511,92,walking,2021-05-07 10:32:19.884,2021-05-07 10:32:21.864,0.021,3,3,0.98401505,2.464688e-10,4.1388175e-06,0.015980711,0.98401505
511,92,walking,2021-05-07 10:32:20.884,2021-05-07 10:32:22.864,0.021,3,3,0.9092546,3.8351033e-09,2.4111236e-05,0.09072126,0.9092546
511,92,walking,2021-05-07 10:32:21.884,2021-05-07 10:32:23.864,0.021,3,3,0.6904096,3.11653e-08,4.6447127e-05,0.3095439,0.6904096
511,92,walking,2021-05-07 10:32:22.884,2021-05-07 10:32:24.864,0.021,3,3,0.9922172,1.0259098e-09,4.182943e-06,0.007778619,0.9922172
511,92,walking,2021-05-07 10:32:23.884,2021-05-07 10:32:25.864,0.021,3,3,0.9752513,1.7382206e-09,6.5431605e-06,0.024742115,0.9752513
511,92,walking,2021-05-07 10:32:24.884,2021-05-07 10:32:26.864,0.021,3,3,0.7671008,9.584781e-09,3.4013992e-05,0.23286515,0.7671008
511,94,walking,2021-05-07 10:32:28.323,2021-05-07 10:32:30.304,0.021,3,3,0.9942338,8.4362684e-11,2.63867e-06,0.005763613,0.9942338
511,94,walking,2021-05-07 10:32:29.323,2021-05-07 10:32:31.304,0.021,3,3,0.998894,9.574388e-12,4.403467e-07,0.0011055361,0.998894
511,94,walking,2021-05-07 10:32:30.323,2021-05-07 10:32:32.304,0.021,3,3,0.99950546,1.7118295e-11,3.1898648e-07,0.0004942428,0.99950546
511,94,walking,2021-05-07 10:32:31.323,2021-05-07 10:32:33.304,0.021,3,3,0.9945174,2.1368006e-10,4.91285e-06,0.0054776627,0.9945174
511,94,walking,2021-05-07 10:32:32.324,2021-05-07 10:32:34.304,0.021,3,3,0.9990337,1.7236981e-11,4.162082e-07,0.0009658567,0.9990337
511,94,walking,2021-05-07 10:32:33.324,2021-05-07 10:32:35.304,0.021,3,3,0.99998254,5.5114062e-14,7.943321e-09,1.740447e-05,0.99998254
511,94,walking,2021-05-07 10:32:34.324,2021-05-07 10:32:36.304,0.021,3,3,0.9999787,1.0876189e-13,7.7119955e-09,2.1202935e-05,0.9999787
511,94,walking,2021-05-07 10:32:35.324,2021-05-07 10:32:37.304,0.021,3,3,0.9999308,6.9210723e-13,2.7942832e-08,6.905515e-05,0.9999308
511,94,walking,2021-05-07 10:32:36.324,2021-05-07 10:32:38.304,0.021,3,3,0.9999692,3.8144024e-13,2.319682e-08,3.073439e-05,0.9999692
511,94,walking,2021-05-07 10:32:37.324,2021-05-07 10:32:39.304,0.021,3,3,0.9999947,1.06052794e-13,5.8734972e-09,5.224229e-06,0.9999947
511,94,walking,2021-05-07 10:32:38.324,2021-05-07 10:32:40.304,0.021,3,3,0.9996285,1.5739538e-11,1.4940021e-07,0.00037144846,0.9996285
511,94,walking,2021-05-07 10:32:39.324,2021-05-07 10:32:41.304,0.021,3,3,0.97429544,8.936761e-10,6.2362833e-06,0.025698265,0.97429544
511,94,walking,2021-05-07 10:32:40.324,2021-05-07 10:32:42.304,0.021,3,3,0.9979983,2.5812893e-11,2.3517273e-06,0.0019993286,0.9979983
511,94,walking,2021-05-07 10:32:41.324,2021-05-07 10:32:43.304,0.021,3,3,0.9956444,8.9606385e-11,7.962734e-06,0.004347736,0.9956444
511,94,walking,2021-05-07 10:32:42.324,2021-05-07 10:32:44.304,0.021,3,3,0.8187924,6.00004e-09,5.7371613e-05,0.18115023,0.8187924
511,95,standing,2021-05-07 10:32:45.243,2021-05-07 10:32:47.223,0.021,2,2,0.9979084,2.97093e-08,3.2329503e-05,0.9979084,0.002059247
511,95,standing,2021-05-07 10:32:46.243,2021-05-07 10:32:48.223,0.021,2,2,0.99672633,5.688153e-08,2.0016974e-05,0.99672633,0.0032535547
511,103,standing,2021-05-07 10:33:46.004,2021-05-07 10:33:47.984,0.021,2,2,0.99961394,1.1392302e-08,8.661185e-06,0.99961394,0.0003772843
511,107,standing,2021-05-07 10:33:51.683,2021-05-07 10:33:53.664,0.021,2,2,0.9436191,1.00722435e-08,0.00015232658,0.9436191,0.056228615
511,107,standing,2021-05-07 10:33:52.683,2021-05-07 10:33:54.664,0.021,2,2,0.97062093,2.1150375e-09,0.00055250566,0.97062093,0.02882661
511,107,standing,2021-05-07 10:33:53.683,2021-05-07 10:33:55.664,0.021,2,2,0.9865742,2.3947195e-09,0.00041037434,0.9865742,0.013015491
511,107,standing,2021-05-07 10:33:54.683,2021-05-07 10:33:56.664,0.021,2,2,0.99168324,3.039788e-09,0.0002231434,0.99168324,0.008093569
511,107,standing,2021-05-07 10:33:55.683,2021-05-07 10:33:57.664,0.021,2,2,0.9976098,3.929526e-09,1.913612e-05,0.9976098,0.0023710646
511,107,standing,2021-05-07 10:33:56.683,2021-05-07 10:33:58.664,0.021,2,2,0.9990757,6.516104e-09,2.8173813e-06,0.9990757,0.0009215092
511,107,standing,2021-05-07 10:33:57.683,2021-05-07 10:33:59.664,0.021,2,2,0.99863553,1.609144e-08,4.2269908e-06,0.99863553,0.0013601214
511,109,standing,2021-05-07 10:34:00.364,2021-05-07 10:34:02.344,0.021,2,2,0.9988146,3.0154077e-08,3.078753e-05,0.9988146,0.0011545941
511,109,standing,2021-05-07 10:34:01.364,2021-05-07 10:34:03.344,0.021,2,2,0.99919313,2.3720297e-08,2.8725266e-05,0.99919313,0.00077813637
511,109,standing,2021-05-07 10:34:02.364,2021-05-07 10:34:04.343,0.021,2,2,0.9989793,2.5062075e-08,2.9694465e-05,0.9989793,0.0009908946
511,109,standing,2021-05-07 10:34:03.364,2021-05-07 10:34:05.343,0.021,2,2,0.9937743,2.3201727e-08,7.1832575e-05,0.9937743,0.006153716
511,109,standing,2021-05-07 10:34:04.364,2021-05-07 10:34:06.343,0.021,2,2,0.9947512,6.767251e-09,0.00011388944,0.9947512,0.005135084
511,109,standing,2021-05-07 10:34:05.364,2021-05-07 10:34:07.343,0.021,2,2,0.99925697,1.0856511e-09,6.0894377e-05,0.99925697,0.0006822026
511,109,standing,2021-05-07 10:34:06.364,2021-05-07 10:34:08.343,0.021,2,2,0.9996964,3.4010722e-10,4.0830375e-05,0.9996964,0.00026265645
511,109,standing,2021-05-07 10:34:07.364,2021-05-07 10:34:09.343,0.021,2,2,0.99933857,4.4944304e-10,5.3969423e-05,0.99933857,0.0006074723
511,109,standing,2021-05-07 10:34:08.364,2021-05-07 10:34:10.343,0.021,2,2,0.998669,8.2572355e-10,6.8498484e-05,0.998669,0.0012625797
511,109,standing,2021-05-07 10:34:09.364,2021-05-07 10:34:11.343,0.021,2,2,0.9867103,3.2986787e-09,0.0001305828,0.9867103,0.013159066
511,115,standing,2021-05-07 10:34:14.724,2021-05-07 10:34:16.704,0.021,2,2,0.99976707,6.301026e-09,2.2879938e-06,0.99976707,0.00023061986
511,115,standing,2021-05-07 10:34:15.724,2021-05-07 10:34:17.704,0.021,2,2,0.99961776,1.4836529e-08,4.109696e-06,0.99961776,0.00037808574
511,116,standing,2021-05-07 10:34:26.044,2021-05-07 10:34:28.024,0.021,2,2,0.99982095,1.910318e-09,1.2677332e-06,0.99982095,0.00017767135
511,116,standing,2021-05-07 10:34:27.044,2021-05-07 10:34:29.024,0.021,2,2,0.9998331,2.3458326e-09,1.3456828e-06,0.9998331,0.00016569396
511,116,standing,2021-05-07 10:34:28.044,2021-05-07 10:34:30.024,0.021,2,2,0.9997351,5.3827036e-09,2.4351536e-06,0.9997351,0.00026244804
511,116,standing,2021-05-07 10:34:29.044,2021-05-07 10:34:31.024,0.021,2,2,0.99977756,3.945711e-09,2.1676344e-06,0.99977756,0.00022020952
511,116,standing,2021-05-07 10:34:30.044,2021-05-07 10:34:32.023,0.021,2,2,0.99986005,1.5526701e-09,1.0666855e-06,0.99986005,0.00013889506
511,116,standing,2021-05-07 10:34:31.044,2021-05-07 10:34:33.023,0.021,2,2,0.9998805,1.1020559e-09,8.384939e-07,0.9998805,0.00011862351
511,116,standing,2021-05-07 10:34:32.043,2021-05-07 10:34:34.023,0.021,2,2,0.9998823,1.0929144e-09,8.2661757e-07,0.9998823,0.00011676137
511,116,standing,2021-05-07 10:34:33.043,2021-05-07 10:34:35.023,0.021,2,2,0.99987364,1.3362639e-09,9.503019e-07,0.99987364,0.00012539346
511,116,standing,2021-05-07 10:34:34.043,2021-05-07 10:34:36.023,0.021,2,2,0.99986935,1.3421049e-09,9.590747e-07,0.99986935,0.00012983373
511,119,walking,2021-05-07 10:34:39.844,2021-05-07 10:34:41.824,0.021,3,3,0.9990706,2.0119522e-11,1.9477623e-06,0.0009275008,0.9990706
511,119,walking,2021-05-07 10:34:40.844,2021-05-07 10:34:42.824,0.021,3,3,0.9999632,9.7395365e-14,2.3053992e-08,3.6660225e-05,0.9999632
511,119,walking,2021-05-07 10:34:41.844,2021-05-07 10:34:43.824,0.021,3,3,0.99985194,4.6126176e-12,2.3438842e-07,0.00014778951,0.99985194
511,119,walking,2021-05-07 10:34:42.844,2021-05-07 10:34:44.824,0.021,3,3,0.99152,4.6218143e-10,2.3386149e-06,0.008477677,0.99152
511,120,standing,2021-05-07 10:34:45.484,2021-05-07 10:34:47.464,0.021,2,2,0.9978794,6.4909953e-09,7.4842625e-05,0.9978794,0.0020458251
511,120,standing,2021-05-07 10:34:46.484,2021-05-07 10:34:48.464,0.021,2,2,0.9851805,8.390575e-09,0.00017867627,0.9851805,0.014640894
511,124,standing,2021-05-07 10:34:52.444,2021-05-07 10:34:54.423,0.021,2,2,0.99937725,3.0096157e-09,4.8093366e-06,0.99937725,0.00061800506
511,124,standing,2021-05-07 10:34:53.444,2021-05-07 10:34:55.423,0.021,2,2,0.9997302,2.484702e-09,3.886888e-06,0.9997302,0.0002657499
511,124,standing,2021-05-07 10:34:54.444,2021-05-07 10:34:56.423,0.021,2,2,0.9997716,2.2096436e-09,3.322103e-06,0.9997716,0.00022510912
511,124,standing,2021-05-07 10:34:55.444,2021-05-07 10:34:57.423,0.021,2,2,0.99976134,2.7237024e-09,3.2448224e-06,0.99976134,0.00023538494
511,125,walking,2021-05-07 10:34:57.683,2021-05-07 10:34:59.664,0.021,3,3,0.99995977,2.0238868e-13,2.4777103e-08,4.0123603e-05,0.99995977
511,125,walking,2021-05-07 10:34:58.683,2021-05-07 10:35:00.664,0.021,3,3,0.99998695,6.877917e-16,7.419172e-10,1.301049e-05,0.99998695
511,125,walking,2021-05-07 10:34:59.683,2021-05-07 10:35:01.664,0.021,3,3,0.9999879,1.5977498e-16,5.1258014e-10,1.2040198e-05,0.9999879
511,125,walking,2021-05-07 10:35:00.684,2021-05-07 10:35:02.664,0.021,3,3,0.99999946,7.478651e-18,1.1718618e-11,5.3155975e-07,0.99999946
511,125,walking,2021-05-07 10:35:01.684,2021-05-07 10:35:03.664,0.021,3,3,0.9999998,3.0010636e-18,2.495286e-12,7.5359964e-08,0.9999998
511,125,walking,2021-05-07 10:35:02.684,2021-05-07 10:35:04.664,0.021,3,3,0.99999946,1.24049e-16,5.2293697e-11,4.1781772e-07,0.99999946
511,125,walking,2021-05-07 10:35:03.684,2021-05-07 10:35:05.664,0.021,3,3,0.9999996,3.1074277e-17,3.5864207e-11,3.813053e-07,0.9999996
511,125,walking,2021-05-07 10:35:04.684,2021-05-07 10:35:06.664,0.021,3,3,0.9999996,1.7686756e-17,2.0639634e-11,3.58729e-07,0.9999996
511,125,walking,2021-05-07 10:35:05.684,2021-05-07 10:35:07.664,0.021,3,3,0.9999997,9.458268e-18,1.4331469e-11,2.0004873e-07,0.9999997
511,125,walking,2021-05-07 10:35:06.684,2021-05-07 10:35:08.663,0.021,3,3,0.9999998,5.8597483e-18,1.18477155e-11,1.4399191e-07,0.9999998
511,125,walking,2021-05-07 10:35:07.684,2021-05-07 10:35:09.663,0.021,3,3,0.9999992,5.457595e-17,1.0814928e-10,7.3854244e-07,0.9999992
511,125,walking,2021-05-07 10:35:08.684,2021-05-07 10:35:10.663,0.021,3,3,0.99999946,5.4800203e-18,1.8865756e-11,5.0350735e-07,0.99999946
511,125,walking,2021-05-07 10:35:09.684,2021-05-07 10:35:11.663,0.021,3,3,0.9999984,1.2819664e-17,6.706982e-11,1.5585699e-06,0.9999984
511,125,walking,2021-05-07 10:35:10.684,2021-05-07 10:35:12.663,0.021,3,3,0.99999315,6.086983e-16,5.7169874e-10,6.8147992e-06,0.99999315
511,125,walking,2021-05-07 10:35:11.684,2021-05-07 10:35:13.663,0.021,3,3,0.99999875,1.05226e-15,2.4570782e-10,1.2338328e-06,0.99999875
511,125,walking,2021-05-07 10:35:12.684,2021-05-07 10:35:14.663,0.021,3,3,0.9999911,1.1074754e-13,4.036554e-09,8.76499e-06,0.9999911
511,125,walking,2021-05-07 10:35:13.684,2021-05-07 10:35:15.663,0.021,3,3,0.9999737,2.0569245e-13,6.360584e-09,2.6274498e-05,0.9999737
511,125,walking,2021-05-07 10:35:14.684,2021-05-07 10:35:16.663,0.021,3,3,0.9999922,1.1491382e-13,6.646191e-09,7.757594e-06,0.9999922
511,125,walking,2021-05-07 10:35:15.684,2021-05-07 10:35:17.663,0.021,3,3,0.9999886,1.6067533e-13,5.13061e-09,1.1266008e-05,0.9999886
511,125,walking,2021-05-07 10:35:16.684,2021-05-07 10:35:18.663,0.021,3,3,0.9999152,3.6135374e-13,1.2288448e-08,8.479632e-05,0.9999152
511,125,walking,2021-05-07 10:35:17.684,2021-05-07 10:35:19.663,0.021,3,3,0.9999885,4.3887078e-14,1.3621184e-09,1.1496758e-05,0.9999885
511,125,walking,2021-05-07 10:35:18.684,2021-05-07 10:35:20.663,0.021,3,3,0.99999446,3.115985e-15,5.3888644e-10,5.4297893e-06,0.99999446
511,125,walking,2021-05-07 10:35:19.684,2021-05-07 10:35:21.663,0.021,3,3,0.99999624,2.9095791e-15,8.9008645e-10,3.7094844e-06,0.99999624
511,125,walking,2021-05-07 10:35:20.684,2021-05-07 10:35:22.663,0.021,3,3,0.9999996,9.065343e-17,6.966176e-11,3.1667022e-07,0.9999996
511,125,walking,2021-05-07 10:35:21.684,2021-05-07 10:35:23.663,0.021,3,3,0.9999998,5.4760936e-18,8.430984e-12,8.660885e-08,0.9999998
511,125,walking,2021-05-07 10:35:22.684,2021-05-07 10:35:24.663,0.021,3,3,0.9999997,1.0689651e-17,4.030384e-11,2.7274612e-07,0.9999997
511,125,walking,2021-05-07 10:35:23.684,2021-05-07 10:35:25.663,0.021,3,3,0.99999577,4.6015687e-15,2.014436e-09,4.1774747e-06,0.99999577
511,125,walking,2021-05-07 10:35:24.684,2021-05-07 10:35:26.663,0.021,3,3,0.999968,2.1972575e-13,1.3102401e-08,3.1942396e-05,0.999968
511,125,walking,2021-05-07 10:35:25.684,2021-05-07 10:35:27.663,0.021,3,3,0.9999936,6.1749964e-15,4.649769e-10,6.325767e-06,0.9999936
511,126,standing,2021-05-07 10:35:28.644,2021-05-07 10:35:30.624,0.021,2,2,0.99951,9.099511e-09,1.4462129e-05,0.99951,0.00047552164
511,129,walking,2021-05-07 10:35:32.723,2021-05-07 10:35:34.703,0.021,3,3,0.9996802,1.1445073e-11,4.101853e-07,0.00031945008,0.9996802
511,129,walking,2021-05-07 10:35:33.723,2021-05-07 10:35:35.703,0.021,3,3,0.99999434,1.628436e-14,1.6412057e-09,5.564477e-06,0.99999434
511,129,walking,2021-05-07 10:35:34.723,2021-05-07 10:35:36.703,0.021,3,3,0.99999756,1.0009135e-15,2.178688e-10,2.3607436e-06,0.99999756
511,129,walking,2021-05-07 10:35:35.723,2021-05-07 10:35:37.703,0.021,3,3,0.9999967,4.6986696e-16,2.1769582e-10,3.1840316e-06,0.9999967
511,129,walking,2021-05-07 10:35:36.723,2021-05-07 10:35:38.703,0.021,3,3,0.99999887,2.8439187e-17,5.014579e-11,1.0160564e-06,0.99999887
511,129,walking,2021-05-07 10:35:37.723,2021-05-07 10:35:39.703,0.021,3,3,0.9999997,2.9821877e-18,1.1337125e-11,2.884402e-07,0.9999997
511,129,walking,2021-05-07 10:35:38.723,2021-05-07 10:35:40.703,0.021,3,3,0.9999979,1.8921598e-17,6.467988e-11,2.0264858e-06,0.9999979
511,129,walking,2021-05-07 10:35:39.723,2021-05-07 10:35:41.703,0.021,3,3,0.9999966,4.7884523e-17,1.3411158e-10,3.3438923e-06,0.9999966
511,129,walking,2021-05-07 10:35:40.723,2021-05-07 10:35:42.703,0.021,3,3,0.99999684,8.326614e-17,1.5217778e-10,3.1313843e-06,0.99999684
511,129,walking,2021-05-07 10:35:41.723,2021-05-07 10:35:43.703,0.021,3,3,0.99999696,5.957191e-17,1.0951803e-10,3.0067285e-06,0.99999696
511,129,walking,2021-05-07 10:35:42.723,2021-05-07 10:35:44.703,0.021,3,3,0.99999744,3.8014144e-17,1.1455701e-10,2.448864e-06,0.99999744
511,129,walking,2021-05-07 10:35:43.723,2021-05-07 10:35:45.703,0.021,3,3,0.9999972,9.63891e-17,1.8520492e-10,2.6965465e-06,0.9999972
511,129,walking,2021-05-07 10:35:44.723,2021-05-07 10:35:46.703,0.021,3,3,0.9999973,1.9178105e-17,8.771988e-11,2.6338428e-06,0.9999973
511,129,walking,2021-05-07 10:35:45.723,2021-05-07 10:35:47.703,0.021,3,3,0.9999985,5.2787304e-18,3.804941e-11,1.4278311e-06,0.9999985
511,129,walking,2021-05-07 10:35:46.723,2021-05-07 10:35:48.703,0.021,3,3,0.99999887,6.8471277e-18,3.4711466e-11,1.1109629e-06,0.99999887
511,129,walking,2021-05-07 10:35:47.723,2021-05-07 10:35:49.703,0.021,3,3,0.99999875,1.551606e-17,4.9778518e-11,1.1604756e-06,0.99999875
511,129,walking,2021-05-07 10:35:48.723,2021-05-07 10:35:50.703,0.021,3,3,0.9999986,3.3547273e-17,9.836155e-11,1.3290562e-06,0.9999986
511,129,walking,2021-05-07 10:35:49.723,2021-05-07 10:35:51.703,0.021,3,3,0.99999267,3.4405578e-16,5.2748766e-10,7.2324833e-06,0.99999267
511,129,walking,2021-05-07 10:35:50.723,2021-05-07 10:35:52.703,0.021,3,3,0.9999438,8.912572e-15,4.281388e-09,5.6083303e-05,0.9999438
511,129,walking,2021-05-07 10:35:51.723,2021-05-07 10:35:53.703,0.021,3,3,0.99992186,1.11345335e-14,4.8315623e-09,7.8054734e-05,0.99992186
511,129,walking,2021-05-07 10:35:52.723,2021-05-07 10:35:54.703,0.021,3,3,0.9998765,1.9776563e-14,7.2841884e-09,0.00012358547,0.9998765
511,129,walking,2021-05-07 10:35:53.723,2021-05-07 10:35:55.703,0.021,3,3,0.99997956,3.939727e-15,1.0951325e-09,2.0424934e-05,0.99997956
511,129,walking,2021-05-07 10:35:54.723,2021-05-07 10:35:56.703,0.021,3,3,0.99999756,1.358776e-16,1.13978584e-10,2.4001047e-06,0.99999756
511,129,walking,2021-05-07 10:35:55.723,2021-05-07 10:35:57.703,0.021,3,3,0.9999997,4.6814498e-18,1.3307994e-11,2.4539415e-07,0.9999997
511,129,walking,2021-05-07 10:35:56.723,2021-05-07 10:35:58.703,0.021,3,3,0.99999946,1.905148e-18,1.071667e-11,4.3284095e-07,0.99999946
511,129,walking,2021-05-07 10:35:57.723,2021-05-07 10:35:59.703,0.021,3,3,0.9999992,3.6272424e-18,2.8328843e-11,7.251929e-07,0.9999992
511,129,walking,2021-05-07 10:35:58.723,2021-05-07 10:36:00.704,0.021,3,3,0.99999934,5.5929656e-18,3.341311e-11,5.586835e-07,0.99999934
511,129,walking,2021-05-07 10:35:59.723,2021-05-07 10:36:01.704,0.021,3,3,0.99999815,1.1877304e-16,1.5325603e-10,1.7886425e-06,0.99999815
511,129,walking,2021-05-07 10:36:00.724,2021-05-07 10:36:02.704,0.021,3,3,0.9999984,1.0469139e-16,1.5068967e-10,1.5192544e-06,0.9999984
511,129,walking,2021-05-07 10:36:01.724,2021-05-07 10:36:03.704,0.021,3,3,0.9999992,2.2807992e-17,5.6775085e-11,7.509243e-07,0.9999992
511,129,walking,2021-05-07 10:36:02.724,2021-05-07 10:36:04.704,0.021,3,3,0.999993,5.774659e-16,6.1165156e-10,6.9142384e-06,0.999993
511,129,walking,2021-05-07 10:36:03.724,2021-05-07 10:36:05.704,0.021,3,3,0.99998015,7.76306e-15,2.3870415e-09,1.9809719e-05,0.99998015
511,129,walking,2021-05-07 10:36:04.724,2021-05-07 10:36:06.704,0.021,3,3,0.99999875,5.0012023e-16,1.331073e-10,1.2458769e-06,0.99999875
511,129,walking,2021-05-07 10:36:05.724,2021-05-07 10:36:07.704,0.021,3,3,0.99999505,6.0617833e-16,3.3283287e-10,4.838125e-06,0.99999505
511,129,walking,2021-05-07 10:36:06.724,2021-05-07 10:36:08.704,0.021,3,3,0.9999923,1.2317959e-15,5.816612e-10,7.5987327e-06,0.9999923
511,129,walking,2021-05-07 10:36:07.724,2021-05-07 10:36:09.704,0.021,3,3,0.9999966,3.8181987e-16,2.0636867e-10,3.3403958e-06,0.9999966
511,129,walking,2021-05-07 10:36:08.724,2021-05-07 10:36:10.704,0.021,3,3,0.9999718,3.0884835e-15,1.5298105e-09,2.8186567e-05,0.9999718
511,129,walking,2021-05-07 10:36:09.724,2021-05-07 10:36:11.704,0.021,3,3,0.99997276,6.2861678e-15,2.0672788e-09,2.718315e-05,0.99997276
511,129,walking,2021-05-07 10:36:10.724,2021-05-07 10:36:12.704,0.021,3,3,0.9999972,9.9434786e-17,1.4655135e-10,2.7993372e-06,0.9999972
511,129,walking,2021-05-07 10:36:11.724,2021-05-07 10:36:13.704,0.021,3,3,0.99999744,5.527186e-17,8.995439e-11,2.4499036e-06,0.99999744
511,129,walking,2021-05-07 10:36:12.724,2021-05-07 10:36:14.704,0.021,3,3,0.999994,2.4069442e-16,2.4956598e-10,6.002596e-06,0.999994
511,129,walking,2021-05-07 10:36:13.724,2021-05-07 10:36:15.704,0.021,3,3,0.99999386,3.8090087e-16,2.54185e-10,6.078097e-06,0.99999386
511,129,walking,2021-05-07 10:36:14.724,2021-05-07 10:36:16.704,0.021,3,3,0.99999946,1.4456005e-17,1.637829e-11,4.2528995e-07,0.99999946
511,129,walking,2021-05-07 10:36:15.724,2021-05-07 10:36:17.704,0.021,3,3,0.9999998,1.6356259e-18,5.597478e-12,1.39139e-07,0.9999998
511,129,walking,2021-05-07 10:36:16.723,2021-05-07 10:36:18.704,0.021,3,3,0.9999955,3.2441576e-16,2.325349e-10,4.392471e-06,0.9999955
511,129,walking,2021-05-07 10:36:17.723,2021-05-07 10:36:19.704,0.021,3,3,0.99999744,1.2542293e-16,1.4594302e-10,2.4633937e-06,0.99999744
511,129,walking,2021-05-07 10:36:18.723,2021-05-07 10:36:20.704,0.021,3,3,0.9999986,4.984004e-16,1.6538097e-10,1.2687834e-06,0.9999986
511,129,walking,2021-05-07 10:36:19.723,2021-05-07 10:36:21.704,0.021,3,3,0.9999955,3.100657e-15,5.7308885e-10,4.3800933e-06,0.9999955
511,129,walking,2021-05-07 10:36:20.723,2021-05-07 10:36:22.704,0.021,3,3,0.99999934,7.2678583e-17,3.8886065e-11,5.7410716e-07,0.99999934
511,129,walking,2021-05-07 10:36:21.723,2021-05-07 10:36:23.704,0.021,3,3,0.9999996,8.696233e-17,3.339795e-11,3.9323555e-07,0.9999996
511,129,walking,2021-05-07 10:36:22.723,2021-05-07 10:36:24.704,0.021,3,3,0.9999986,6.0514315e-16,1.543995e-10,1.2735792e-06,0.9999986
511,129,walking,2021-05-07 10:36:23.723,2021-05-07 10:36:25.704,0.021,3,3,0.9999971,1.0683764e-15,5.373801e-10,2.8273957e-06,0.9999971
511,129,walking,2021-05-07 10:36:24.723,2021-05-07 10:36:26.704,0.021,3,3,0.99999696,3.2532714e-16,3.8540862e-10,2.9903943e-06,0.99999696
511,129,walking,2021-05-07 10:36:25.723,2021-05-07 10:36:27.704,0.021,3,3,0.99999696,1.1309076e-16,1.8908732e-10,3.0157516e-06,0.99999696
511,129,walking,2021-05-07 10:36:26.723,2021-05-07 10:36:28.704,0.021,3,3,0.99999386,7.561228e-17,2.3210292e-10,6.062409e-06,0.99999386
511,129,walking,2021-05-07 10:36:27.723,2021-05-07 10:36:29.704,0.021,3,3,0.99997944,1.0337352e-15,1.1483239e-09,2.0477493e-05,0.99997944
511,129,walking,2021-05-07 10:36:28.723,2021-05-07 10:36:30.704,0.021,3,3,0.99995035,1.9190836e-15,3.1020524e-09,4.9603295e-05,0.99995035
511,129,walking,2021-05-07 10:36:29.723,2021-05-07 10:36:31.704,0.021,3,3,0.99999744,4.5224955e-17,1.5472713e-10,2.5146235e-06,0.99999744
511,129,walking,2021-05-07 10:36:30.723,2021-05-07 10:36:32.703,0.021,3,3,0.9999979,1.9692779e-16,1.9514561e-10,1.9748436e-06,0.9999979
511,129,walking,2021-05-07 10:36:31.723,2021-05-07 10:36:33.703,0.021,3,3,0.9999961,5.1339096e-16,3.5369685e-10,3.830398e-06,0.9999961
511,129,walking,2021-05-07 10:36:32.723,2021-05-07 10:36:34.703,0.021,3,3,0.999996,1.1002012e-15,4.4741752e-10,3.928614e-06,0.999996
511,129,walking,2021-05-07 10:36:33.723,2021-05-07 10:36:35.703,0.021,3,3,0.99999315,1.6768979e-15,4.7929033e-10,6.750838e-06,0.99999315
511,129,walking,2021-05-07 10:36:34.723,2021-05-07 10:36:36.703,0.021,3,3,0.99998826,2.6586365e-15,5.5044735e-10,1.1684129e-05,0.99998826
511,129,walking,2021-05-07 10:36:35.723,2021-05-07 10:36:37.703,0.021,3,3,0.9999946,4.7734536e-16,1.9524585e-10,5.312088e-06,0.9999946
511,129,walking,2021-05-07 10:36:36.723,2021-05-07 10:36:38.703,0.021,3,3,0.9999966,1.2073903e-16,1.4146295e-10,3.3705107e-06,0.9999966
511,129,walking,2021-05-07 10:36:37.723,2021-05-07 10:36:39.703,0.021,3,3,0.99999124,3.7207209e-16,3.9509654e-10,8.662678e-06,0.99999124
511,129,walking,2021-05-07 10:36:38.723,2021-05-07 10:36:40.703,0.021,3,3,0.9999855,1.2735481e-15,1.1173907e-09,1.4452241e-05,0.9999855
511,129,walking,2021-05-07 10:36:39.723,2021-05-07 10:36:41.703,0.021,3,3,0.99999565,9.244497e-16,5.045391e-10,4.3441755e-06,0.99999565
511,129,walking,2021-05-07 10:36:40.723,2021-05-07 10:36:42.703,0.021,3,3,0.9999983,7.0776183e-16,2.419648e-10,1.649676e-06,0.9999983
511,129,walking,2021-05-07 10:36:41.723,2021-05-07 10:36:43.703,0.021,3,3,0.9999971,1.345905e-15,3.733066e-10,2.909093e-06,0.9999971
511,129,walking,2021-05-07 10:36:42.723,2021-05-07 10:36:44.703,0.021,3,3,0.999999,1.8159721e-16,9.9652286e-11,9.314553e-07,0.999999
511,129,walking,2021-05-07 10:36:43.723,2021-05-07 10:36:45.703,0.021,3,3,0.9999998,9.871243e-17,2.3458544e-11,1.6438685e-07,0.9999998
511,129,walking,2021-05-07 10:36:44.723,2021-05-07 10:36:46.703,0.021,3,3,0.9999998,5.4133276e-18,7.328795e-12,8.616792e-08,0.9999998
511,129,walking,2021-05-07 10:36:45.723,2021-05-07 10:36:47.703,0.021,3,3,0.99999994,4.564985e-19,2.2210558e-12,5.5029787e-08,0.99999994
511,129,walking,2021-05-07 10:36:46.723,2021-05-07 10:36:48.703,0.021,3,3,0.9999997,1.170531e-18,8.368948e-12,2.8125297e-07,0.9999997
511,129,walking,2021-05-07 10:36:47.723,2021-05-07 10:36:49.703,0.021,3,3,0.9999985,1.2725678e-17,6.867226e-11,1.4012297e-06,0.9999985
511,129,walking,2021-05-07 10:36:48.723,2021-05-07 10:36:50.703,0.021,3,3,0.9999973,3.2319088e-17,1.5136588e-10,2.6568962e-06,0.9999973
511,129,walking,2021-05-07 10:36:49.723,2021-05-07 10:36:51.703,0.021,3,3,0.9999965,1.4053435e-17,1.1401499e-10,3.444331e-06,0.9999965
511,129,walking,2021-05-07 10:36:50.723,2021-05-07 10:36:52.703,0.021,3,3,0.99998647,8.7810556e-17,5.5121435e-10,1.3518433e-05,0.99998647
511,129,walking,2021-05-07 10:36:51.723,2021-05-07 10:36:53.703,0.021,3,3,0.9999952,5.55122e-17,2.0107713e-10,4.731525e-06,0.9999952
511,129,walking,2021-05-07 10:36:52.723,2021-05-07 10:36:54.703,0.021,3,3,0.9999986,6.052863e-16,2.6743918e-10,1.2806555e-06,0.9999986
511,129,walking,2021-05-07 10:36:53.723,2021-05-07 10:36:55.703,0.021,3,3,0.9999507,2.2362224e-13,5.3049693e-08,4.915088e-05,0.9999507
511,129,walking,2021-05-07 10:36:54.723,2021-05-07 10:36:56.703,0.021,3,3,0.99996704,1.01930956e-13,2.1814179e-08,3.291386e-05,0.99996704
511,129,walking,2021-05-07 10:36:55.723,2021-05-07 10:36:57.703,0.021,3,3,0.9999382,6.067055e-14,2.2104006e-08,6.1691884e-05,0.9999382
511,133,walking,2021-05-07 10:37:00.084,2021-05-07 10:37:02.063,0.021,3,3,0.9999829,1.7983737e-13,1.0045765e-08,1.7094788e-05,0.9999829
511,133,walking,2021-05-07 10:37:01.084,2021-05-07 10:37:03.063,0.021,3,3,0.99997514,1.02675555e-14,3.0722112e-09,2.4804829e-05,0.99997514
511,133,walking,2021-05-07 10:37:02.084,2021-05-07 10:37:04.064,0.021,3,3,0.99999684,1.1410916e-15,3.1216638e-10,3.0654107e-06,0.99999684
511,133,walking,2021-05-07 10:37:03.084,2021-05-07 10:37:05.064,0.021,3,3,0.9999955,1.5146953e-14,1.3583374e-09,4.385669e-06,0.9999955
511,133,walking,2021-05-07 10:37:04.084,2021-05-07 10:37:06.064,0.021,3,3,0.9999674,4.535966e-13,7.66798e-09,3.249888e-05,0.9999674
511,133,walking,2021-05-07 10:37:05.084,2021-05-07 10:37:07.064,0.021,3,3,0.99996966,3.13476e-13,6.681095e-09,3.023593e-05,0.99996966
511,133,walking,2021-05-07 10:37:06.084,2021-05-07 10:37:08.064,0.021,3,3,0.9999824,8.629044e-15,2.810719e-09,1.756476e-05,0.9999824
511,133,walking,2021-05-07 10:37:07.084,2021-05-07 10:37:09.064,0.021,3,3,0.9999961,2.304003e-15,6.0925953e-10,3.8317316e-06,0.9999961
511,133,walking,2021-05-07 10:37:08.083,2021-05-07 10:37:10.064,0.021,3,3,0.99999887,6.3969776e-16,1.597431e-10,1.0356468e-06,0.99999887
511,133,walking,2021-05-07 10:37:09.083,2021-05-07 10:37:11.064,0.021,3,3,0.9999973,1.250885e-15,3.9593784e-10,2.6460987e-06,0.9999973
511,133,walking,2021-05-07 10:37:10.083,2021-05-07 10:37:12.064,0.021,3,3,0.99999875,3.4063242e-16,1.330804e-10,1.1987642e-06,0.99999875
511,133,walking,2021-05-07 10:37:11.083,2021-05-07 10:37:13.064,0.021,3,3,0.9999997,2.929343e-17,3.4578406e-11,2.7125898e-07,0.9999997
511,133,walking,2021-05-07 10:37:12.083,2021-05-07 10:37:14.064,0.021,3,3,0.9999997,3.336748e-17,3.5167248e-11,2.0139039e-07,0.9999997
511,133,walking,2021-05-07 10:37:13.083,2021-05-07 10:37:15.064,0.021,3,3,0.9999992,9.8158896e-17,9.650604e-11,7.182543e-07,0.9999992
511,133,walking,2021-05-07 10:37:14.083,2021-05-07 10:37:16.063,0.021,3,3,0.9999675,4.4095248e-14,5.374577e-09,3.247097e-05,0.9999675
511,133,walking,2021-05-07 10:37:15.083,2021-05-07 10:37:17.063,0.021,3,3,0.999983,7.8464795e-14,2.6183464e-09,1.696891e-05,0.999983
511,134,standing,2021-05-07 10:37:17.323,2021-05-07 10:37:19.304,0.021,2,2,0.99964494,1.4147323e-08,7.062029e-06,0.99964494,0.00034792745
511,134,standing,2021-05-07 10:37:18.323,2021-05-07 10:37:20.304,0.021,2,2,0.9997809,7.1606356e-09,2.714386e-06,0.9997809,0.00021625828
511,134,standing,2021-05-07 10:37:19.323,2021-05-07 10:37:21.304,0.021,2,2,0.9998312,3.6807972e-09,1.6298486e-06,0.9998312,0.00016707047
511,134,standing,2021-05-07 10:37:20.323,2021-05-07 10:37:22.304,0.021,2,2,0.99983335,3.3842098e-09,1.6678283e-06,0.99983335,0.00016503056
511,134,standing,2021-05-07 10:37:21.323,2021-05-07 10:37:23.304,0.021,2,2,0.99982595,4.119973e-09,1.857158e-06,0.99982595,0.00017223854
511,134,standing,2021-05-07 10:37:22.323,2021-05-07 10:37:24.304,0.021,2,2,0.9997866,5.398918e-09,1.9851034e-06,0.9997866,0.0002113712
511,135,walking,2021-05-07 10:37:24.323,2021-05-07 10:37:26.304,0.021,3,3,0.9999921,7.370899e-14,5.3478457e-09,7.838686e-06,0.9999921
511,135,walking,2021-05-07 10:37:25.323,2021-05-07 10:37:27.304,0.021,3,3,0.99999887,2.8963978e-15,6.434762e-10,1.0271505e-06,0.99999887
511,135,walking,2021-05-07 10:37:26.323,2021-05-07 10:37:28.304,0.021,3,3,0.9999986,7.190558e-16,6.3480254e-10,1.3579566e-06,0.9999986
511,135,walking,2021-05-07 10:37:27.323,2021-05-07 10:37:29.304,0.021,3,3,0.99999946,1.144311e-16,1.02572166e-10,5.078229e-07,0.99999946
511,135,walking,2021-05-07 10:37:28.323,2021-05-07 10:37:30.304,0.021,3,3,0.99999946,1.2289363e-16,2.3300462e-10,4.2536055e-07,0.99999946
511,135,walking,2021-05-07 10:37:29.323,2021-05-07 10:37:31.304,0.021,3,3,0.99999887,5.964342e-17,4.6585197e-10,1.100135e-06,0.99999887
511,135,walking,2021-05-07 10:37:30.323,2021-05-07 10:37:32.304,0.021,3,3,0.9999971,1.7049233e-16,1.5596925e-09,2.8873876e-06,0.9999971
511,135,walking,2021-05-07 10:37:31.323,2021-05-07 10:37:33.304,0.021,3,3,0.9999973,9.083253e-17,3.443271e-09,2.5889638e-06,0.9999973
511,135,walking,2021-05-07 10:37:32.324,2021-05-07 10:37:34.304,0.021,3,3,0.9999997,1.6467894e-17,2.6749508e-10,2.6906e-07,0.9999997
511,135,walking,2021-05-07 10:37:33.324,2021-05-07 10:37:35.304,0.021,3,3,0.99999875,8.8986476e-17,9.530225e-10,1.193222e-06,0.99999875
511,135,walking,2021-05-07 10:37:34.324,2021-05-07 10:37:36.304,0.021,3,3,0.99998015,5.059212e-16,8.23349e-09,1.9832063e-05,0.99998015
511,135,walking,2021-05-07 10:37:35.324,2021-05-07 10:37:37.304,0.021,3,3,0.99998766,1.240457e-15,5.8072986e-09,1.2286931e-05,0.99998766
511,135,walking,2021-05-07 10:37:36.324,2021-05-07 10:37:38.304,0.021,3,3,0.9999636,3.6757444e-15,1.9868184e-08,3.627954e-05,0.9999636
511,135,walking,2021-05-07 10:37:37.324,2021-05-07 10:37:39.304,0.021,3,3,0.9999921,8.7462415e-16,7.3303714e-09,7.843792e-06,0.9999921
511,135,walking,2021-05-07 10:37:38.324,2021-05-07 10:37:40.304,0.021,3,3,0.9999891,1.0441607e-15,1.3994441e-08,1.07947635e-05,0.9999891
511,135,walking,2021-05-07 10:37:39.324,2021-05-07 10:37:41.304,0.021,3,3,0.9998603,1.572012e-14,1.0562485e-07,0.0001397645,0.9998603
511,135,walking,2021-05-07 10:37:40.324,2021-05-07 10:37:42.304,0.021,3,3,0.99990445,3.219162e-14,7.4238756e-08,9.541836e-05,0.99990445
511,135,walking,2021-05-07 10:37:41.324,2021-05-07 10:37:43.304,0.021,3,3,0.9999723,3.2310298e-15,2.1556943e-08,2.7584048e-05,0.9999723
511,135,walking,2021-05-07 10:37:42.324,2021-05-07 10:37:44.304,0.021,3,3,0.9999966,8.8537985e-17,1.885349e-09,3.387551e-06,0.9999966
511,135,walking,2021-05-07 10:37:43.324,2021-05-07 10:37:45.304,0.021,3,3,0.99998814,1.5991525e-16,7.187917e-09,1.1762681e-05,0.99998814
511,135,walking,2021-05-07 10:37:44.324,2021-05-07 10:37:46.304,0.021,3,3,0.9999748,7.958486e-16,1.6800747e-08,2.5192197e-05,0.9999748
511,135,walking,2021-05-07 10:37:45.324,2021-05-07 10:37:47.304,0.021,3,3,0.9999861,7.116711e-15,7.934067e-09,1.38613295e-05,0.9999861
511,135,walking,2021-05-07 10:37:46.324,2021-05-07 10:37:48.304,0.021,3,3,0.99998885,7.686248e-15,5.6280536e-09,1.1065631e-05,0.99998885
511,135,walking,2021-05-07 10:37:47.324,2021-05-07 10:37:49.304,0.021,3,3,0.9999992,7.5366186e-17,3.0044536e-10,7.2398217e-07,0.9999992
511,135,walking,2021-05-07 10:37:48.324,2021-05-07 10:37:50.304,0.021,3,3,0.9999965,7.958871e-16,3.5432646e-09,3.4410543e-06,0.9999965
511,135,walking,2021-05-07 10:37:49.324,2021-05-07 10:37:51.304,0.021,3,3,0.9999828,8.709603e-16,1.2450634e-08,1.7125676e-05,0.9999828
511,135,walking,2021-05-07 10:37:50.324,2021-05-07 10:37:52.304,0.021,3,3,0.9999961,2.5029077e-16,2.4988098e-09,3.8636595e-06,0.9999961
511,135,walking,2021-05-07 10:37:51.324,2021-05-07 10:37:53.304,0.021,3,3,0.99997467,2.861591e-15,3.8364462e-08,2.5206517e-05,0.99997467
511,135,walking,2021-05-07 10:37:52.324,2021-05-07 10:37:54.304,0.021,3,3,0.9999868,8.022103e-16,1.3370278e-08,1.3111294e-05,0.9999868
511,135,walking,2021-05-07 10:37:53.324,2021-05-07 10:37:55.304,0.021,3,3,0.99999946,4.296121e-17,5.1969873e-10,5.317844e-07,0.99999946
511,135,walking,2021-05-07 10:37:54.324,2021-05-07 10:37:56.304,0.021,3,3,0.9999947,1.7308696e-16,4.791469e-09,5.1939205e-06,0.9999947
511,135,walking,2021-05-07 10:37:55.324,2021-05-07 10:37:57.304,0.021,3,3,0.9999967,3.698762e-17,1.978518e-09,3.1826928e-06,0.9999967
511,135,walking,2021-05-07 10:37:56.324,2021-05-07 10:37:58.304,0.021,3,3,0.9999992,6.816095e-17,7.422929e-10,7.6329104e-07,0.9999992
511,135,walking,2021-05-07 10:37:57.324,2021-05-07 10:37:59.304,0.021,3,3,0.9999991,5.82947e-17,7.7485235e-10,8.2787784e-07,0.9999991
511,135,walking,2021-05-07 10:37:58.324,2021-05-07 10:38:00.303,0.021,3,3,0.9999986,6.9527283e-17,7.2017525e-10,1.2647822e-06,0.9999986
511,135,walking,2021-05-07 10:37:59.324,2021-05-07 10:38:01.303,0.021,3,3,0.9999967,2.599062e-16,1.9715791e-09,3.2343578e-06,0.9999967
511,135,walking,2021-05-07 10:38:00.323,2021-05-07 10:38:02.303,0.021,3,3,0.9999971,1.0769606e-16,9.0955754e-10,2.8369382e-06,0.9999971
511,135,walking,2021-05-07 10:38:01.323,2021-05-07 10:38:03.303,0.021,3,3,0.9999952,1.5667742e-16,9.1113067e-10,4.7559142e-06,0.9999952
511,135,walking,2021-05-07 10:38:02.323,2021-05-07 10:38:04.303,0.021,3,3,0.9999899,3.3183495e-16,2.2048796e-09,9.9911995e-06,0.9999899
511,135,walking,2021-05-07 10:38:03.323,2021-05-07 10:38:05.303,0.021,3,3,0.9999973,8.288904e-17,1.0152329e-09,2.6371226e-06,0.9999973
511,135,walking,2021-05-07 10:38:04.323,2021-05-07 10:38:06.303,0.021,3,3,0.9999998,4.976631e-19,1.2887829e-11,8.436826e-08,0.9999998
511,135,walking,2021-05-07 10:38:05.323,2021-05-07 10:38:07.303,0.021,3,3,0.99999946,3.602175e-18,3.3511468e-11,4.3828615e-07,0.99999946
511,135,walking,2021-05-07 10:38:06.323,2021-05-07 10:38:08.303,0.021,3,3,0.9999384,5.4562695e-15,5.6705134e-09,6.151705e-05,0.9999384
511,135,walking,2021-05-07 10:38:07.323,2021-05-07 10:38:09.303,0.021,3,3,0.99996537,2.5676252e-15,2.232633e-09,3.45221e-05,0.99996537
511,135,walking,2021-05-07 10:38:08.323,2021-05-07 10:38:10.303,0.021,3,3,0.9999986,4.0654327e-18,2.0085157e-11,1.3432128e-06,0.9999986
511,135,walking,2021-05-07 10:38:09.323,2021-05-07 10:38:11.303,0.021,3,3,0.9999997,1.070405e-18,5.4889296e-12,2.585132e-07,0.9999997
511,135,walking,2021-05-07 10:38:10.323,2021-05-07 10:38:12.303,0.021,3,3,0.9999998,3.6624493e-18,6.6177827e-12,1.0301821e-07,0.9999998
511,135,walking,2021-05-07 10:38:11.323,2021-05-07 10:38:13.303,0.021,3,3,0.9999997,3.5977125e-18,1.4001804e-11,2.0962489e-07,0.9999997
511,135,walking,2021-05-07 10:38:12.323,2021-05-07 10:38:14.303,0.021,3,3,0.999999,6.4158387e-18,3.1462603e-11,9.342283e-07,0.999999
511,135,walking,2021-05-07 10:38:13.323,2021-05-07 10:38:15.303,0.021,3,3,0.99999946,1.9755852e-17,2.0952028e-11,4.2946232e-07,0.99999946
511,135,walking,2021-05-07 10:38:14.323,2021-05-07 10:38:16.304,0.021,3,3,0.9999997,1.6683383e-17,1.2889795e-11,2.5730407e-07,0.9999997
511,135,walking,2021-05-07 10:38:15.323,2021-05-07 10:38:17.304,0.021,3,3,0.9999991,2.0709646e-16,5.518164e-11,8.6692535e-07,0.9999991
511,135,walking,2021-05-07 10:38:16.323,2021-05-07 10:38:18.304,0.021,3,3,0.99999994,1.04354234e-16,8.417552e-12,5.4012474e-08,0.99999994
511,135,walking,2021-05-07 10:38:17.323,2021-05-07 10:38:19.304,0.021,3,3,0.99999994,2.4771733e-18,2.3351794e-12,3.0915047e-08,0.99999994
511,135,walking,2021-05-07 10:38:18.323,2021-05-07 10:38:20.304,0.021,3,3,0.9999998,4.310221e-18,9.752359e-12,8.2880945e-08,0.9999998
511,135,walking,2021-05-07 10:38:19.323,2021-05-07 10:38:21.304,0.021,3,3,0.9999998,7.493621e-17,3.6260127e-11,1.7351506e-07,0.9999998
511,135,walking,2021-05-07 10:38:20.323,2021-05-07 10:38:22.304,0.021,3,3,0.9999992,1.3479881e-16,1.1144172e-10,7.0919276e-07,0.9999992
511,135,walking,2021-05-07 10:38:21.323,2021-05-07 10:38:23.304,0.021,3,3,0.99999434,4.0286784e-15,9.657745e-10,5.646636e-06,0.99999434
511,135,walking,2021-05-07 10:38:22.323,2021-05-07 10:38:24.304,0.021,3,3,0.9999977,2.0421403e-15,2.620057e-10,2.237259e-06,0.9999977
511,135,walking,2021-05-07 10:38:23.323,2021-05-07 10:38:25.304,0.021,3,3,0.99999875,8.2300024e-16,1.2391048e-10,1.1390136e-06,0.99999875
511,135,walking,2021-05-07 10:38:24.323,2021-05-07 10:38:26.304,0.021,3,3,0.9999997,1.121686e-16,3.7249374e-11,2.0678927e-07,0.9999997
511,135,walking,2021-05-07 10:38:25.323,2021-05-07 10:38:27.304,0.021,3,3,0.9999991,1.009878e-15,1.8833689e-10,8.885942e-07,0.9999991
511,135,walking,2021-05-07 10:38:26.323,2021-05-07 10:38:28.304,0.021,3,3,0.99999946,2.8042254e-15,1.3123785e-10,4.47912e-07,0.99999946
511,135,walking,2021-05-07 10:38:27.323,2021-05-07 10:38:29.304,0.021,3,3,0.9999996,8.6214227e-16,1.00200875e-10,3.9137203e-07,0.9999996
511,135,walking,2021-05-07 10:38:28.323,2021-05-07 10:38:30.304,0.021,3,3,0.99999887,2.0516766e-15,2.5978714e-10,1.0154355e-06,0.99999887
511,135,walking,2021-05-07 10:38:29.323,2021-05-07 10:38:31.304,0.021,3,3,0.9999984,2.0850343e-15,4.049228e-10,1.5440949e-06,0.9999984
511,135,walking,2021-05-07 10:38:30.323,2021-05-07 10:38:32.304,0.021,3,3,0.9999971,9.213147e-15,1.245893e-09,2.903151e-06,0.9999971
511,135,walking,2021-05-07 10:38:31.323,2021-05-07 10:38:33.304,0.021,3,3,0.9999935,5.4799152e-14,2.792198e-09,6.4402784e-06,0.9999935
511,135,walking,2021-05-07 10:38:32.324,2021-05-07 10:38:34.304,0.021,3,3,0.99995726,8.381411e-14,6.178042e-09,4.2681644e-05,0.99995726
511,135,walking,2021-05-07 10:38:33.324,2021-05-07 10:38:35.304,0.021,3,3,0.9999847,8.34124e-15,1.5184229e-09,1.520417e-05,0.9999847
511,135,walking,2021-05-07 10:38:34.324,2021-05-07 10:38:36.304,0.021,3,3,0.9999996,7.3688664e-16,5.4536386e-11,3.8385676e-07,0.9999996
511,135,walking,2021-05-07 10:38:35.324,2021-05-07 10:38:37.304,0.021,3,3,0.9999967,2.58051e-15,4.0805748e-10,3.2704213e-06,0.9999967
511,135,walking,2021-05-07 10:38:36.324,2021-05-07 10:38:38.304,0.021,3,3,0.99992925,2.2190686e-13,1.5933717e-08,7.067498e-05,0.99992925
511,135,walking,2021-05-07 10:38:37.324,2021-05-07 10:38:39.304,0.021,3,3,0.999971,3.926846e-13,1.1091047e-08,2.8926575e-05,0.999971
511,135,walking,2021-05-07 10:38:38.324,2021-05-07 10:38:40.304,0.021,3,3,0.9999971,5.492429e-14,1.1934015e-09,2.8710115e-06,0.9999971
511,135,walking,2021-05-07 10:38:39.324,2021-05-07 10:38:41.304,0.021,3,3,0.99999696,7.582055e-15,6.9026224e-10,3.008421e-06,0.99999696
511,135,walking,2021-05-07 10:38:40.324,2021-05-07 10:38:42.304,0.021,3,3,0.99999374,9.862085e-15,8.8723495e-10,6.1785895e-06,0.99999374
511,135,walking,2021-05-07 10:38:41.324,2021-05-07 10:38:43.304,0.021,3,3,0.99999434,5.244818e-14,1.5100244e-09,5.5521627e-06,0.99999434
511,135,walking,2021-05-07 10:38:42.324,2021-05-07 10:38:44.304,0.021,3,3,0.99999577,6.098138e-14,1.4654562e-09,4.1553826e-06,0.99999577
511,135,walking,2021-05-07 10:38:43.324,2021-05-07 10:38:45.304,0.021,3,3,0.99999636,7.4607767e-14,2.6180467e-09,3.5392977e-06,0.99999636
511,135,walking,2021-05-07 10:38:44.324,2021-05-07 10:38:46.304,0.021,3,3,0.99999577,9.4518645e-14,3.0134146e-09,4.1591647e-06,0.99999577
511,135,walking,2021-05-07 10:38:45.324,2021-05-07 10:38:47.304,0.021,3,3,0.99993414,4.9942936e-12,4.2163798e-08,6.578573e-05,0.99993414
511,135,walking,2021-05-07 10:38:46.324,2021-05-07 10:38:48.304,0.021,3,3,0.9999555,2.9301583e-13,6.1656706e-09,4.440552e-05,0.9999555
511,135,walking,2021-05-07 10:38:47.324,2021-05-07 10:38:49.304,0.021,3,3,0.99998957,1.07308503e-13,2.050635e-09,1.0340695e-05,0.99998957
511,135,walking,2021-05-07 10:38:48.324,2021-05-07 10:38:50.304,0.021,3,3,0.99996585,1.3631485e-12,3.450054e-08,3.408168e-05,0.99996585
511,135,walking,2021-05-07 10:38:49.324,2021-05-07 10:38:51.304,0.021,3,3,0.99320334,3.2834407e-10,3.1495795e-06,0.0067935456,0.99320334
511,135,walking,2021-05-07 10:38:50.324,2021-05-07 10:38:52.304,0.021,3,3,0.986592,7.2309947e-10,1.09836365e-05,0.013397064,0.986592
511,135,walking,2021-05-07 10:38:51.324,2021-05-07 10:38:53.304,0.021,3,3,0.99937236,2.199036e-11,7.9067775e-07,0.00062678923,0.99937236
511,135,walking,2021-05-07 10:38:52.324,2021-05-07 10:38:54.304,0.021,3,3,0.9981538,1.3966132e-10,1.9003235e-06,0.0018442378,0.9981538
511,135,walking,2021-05-07 10:38:53.324,2021-05-07 10:38:55.304,0.021,3,3,0.99950546,1.1590554e-11,3.7339416e-07,0.00049412803,0.99950546
511,135,walking,2021-05-07 10:38:54.324,2021-05-07 10:38:56.304,0.021,3,3,0.99943125,8.896097e-12,1.468796e-07,0.0005685899,0.99943125
511,135,walking,2021-05-07 10:38:55.324,2021-05-07 10:38:57.304,0.021,3,3,0.9996559,4.9714493e-11,4.5996637e-07,0.00034369645,0.9996559
511,135,walking,2021-05-07 10:38:56.324,2021-05-07 10:38:58.304,0.021,3,3,0.99891984,1.5362049e-10,7.320571e-07,0.0010794395,0.99891984
511,137,walking,2021-05-07 10:39:00.604,2021-05-07 10:39:02.584,0.021,3,3,0.9997587,1.5965754e-10,8.964624e-07,0.00024030905,0.9997587
511,142,standing,2021-05-07 10:39:05.883,2021-05-07 10:39:07.864,0.021,2,2,0.9992698,2.1361339e-10,4.3123106e-05,0.9992698,0.00068707
511,145,walking,2021-05-07 10:39:08.724,2021-05-07 10:39:10.704,0.021,3,3,0.9967084,2.3251173e-10,1.8297145e-06,0.003289715,0.9967084
511,145,walking,2021-05-07 10:39:09.724,2021-05-07 10:39:11.704,0.021,3,3,0.9995507,1.3938614e-11,7.849382e-08,0.0004492287,0.9995507
511,145,walking,2021-05-07 10:39:10.724,2021-05-07 10:39:12.704,0.021,3,3,0.99999136,2.0350216e-13,5.1593974e-09,8.548449e-06,0.99999136
511,145,walking,2021-05-07 10:39:11.724,2021-05-07 10:39:13.704,0.021,3,3,0.99987125,6.8128493e-12,6.987195e-08,0.00012866326,0.99987125
511,145,walking,2021-05-07 10:39:12.724,2021-05-07 10:39:14.704,0.021,3,3,0.99982667,2.4237288e-12,5.6828856e-08,0.00017329346,0.99982667
511,145,walking,2021-05-07 10:39:13.724,2021-05-07 10:39:15.704,0.021,3,3,0.99998456,1.4900991e-13,5.5917138e-09,1.534149e-05,0.99998456
511,145,walking,2021-05-07 10:39:14.724,2021-05-07 10:39:16.704,0.021,3,3,0.99999326,1.7644484e-14,2.8005607e-09,6.712097e-06,0.99999326
511,145,walking,2021-05-07 10:39:15.724,2021-05-07 10:39:17.704,0.021,3,3,0.99995285,5.421228e-13,2.626236e-08,4.709189e-05,0.99995285
511,145,walking,2021-05-07 10:39:16.723,2021-05-07 10:39:18.704,0.021,3,3,0.9999785,1.7473864e-13,6.5732704e-09,2.1476835e-05,0.9999785
511,145,walking,2021-05-07 10:39:17.723,2021-05-07 10:39:19.704,0.021,3,3,0.99985695,7.692399e-13,2.6699487e-08,0.00014299086,0.99985695
511,145,walking,2021-05-07 10:39:18.723,2021-05-07 10:39:20.704,0.021,3,3,0.9999103,6.5090576e-13,1.480234e-08,8.967164e-05,0.9999103
511,145,walking,2021-05-07 10:39:19.723,2021-05-07 10:39:21.704,0.021,3,3,0.9999897,3.6916372e-14,2.5253717e-09,1.0227273e-05,0.9999897
511,145,walking,2021-05-07 10:39:20.723,2021-05-07 10:39:22.704,0.021,3,3,0.9999973,9.3651995e-15,9.409e-10,2.6077046e-06,0.9999973
511,145,walking,2021-05-07 10:39:21.723,2021-05-07 10:39:23.704,0.021,3,3,0.99998873,9.832778e-14,3.806207e-09,1.1181993e-05,0.99998873
511,145,walking,2021-05-07 10:39:22.723,2021-05-07 10:39:24.704,0.021,3,3,0.99989384,3.3394084e-12,4.310526e-08,0.00010604037,0.99989384
511,145,walking,2021-05-07 10:39:23.723,2021-05-07 10:39:25.704,0.021,3,3,0.9999197,5.4241106e-13,1.2535176e-08,8.026086e-05,0.9999197
511,145,walking,2021-05-07 10:39:24.723,2021-05-07 10:39:26.704,0.021,3,3,0.9999401,4.2238478e-13,1.0340455e-08,5.980808e-05,0.9999401
511,145,walking,2021-05-07 10:39:25.723,2021-05-07 10:39:27.704,0.021,3,3,0.9999618,1.2362785e-13,9.87833e-09,3.8082217e-05,0.9999618
511,145,walking,2021-05-07 10:39:26.723,2021-05-07 10:39:28.704,0.021,3,3,0.9999725,6.62377e-14,5.9723027e-09,2.7460352e-05,0.9999725
511,145,walking,2021-05-07 10:39:27.723,2021-05-07 10:39:29.704,0.021,3,3,0.99999577,6.5141035e-15,7.369297e-10,4.1370395e-06,0.99999577
511,145,walking,2021-05-07 10:39:28.723,2021-05-07 10:39:30.704,0.021,3,3,0.9999936,1.9446848e-14,1.5837168e-09,6.2705985e-06,0.9999936
511,145,walking,2021-05-07 10:39:29.723,2021-05-07 10:39:31.704,0.021,3,3,0.99990827,2.665596e-13,1.30952476e-08,9.16864e-05,0.99990827
511,145,walking,2021-05-07 10:39:30.723,2021-05-07 10:39:32.703,0.021,3,3,0.99996465,1.5833867e-13,5.797194e-09,3.52624e-05,0.99996465
511,145,walking,2021-05-07 10:39:31.723,2021-05-07 10:39:33.703,0.021,3,3,0.999991,2.3725178e-14,1.1286251e-09,8.99031e-06,0.999991
511,145,walking,2021-05-07 10:39:32.723,2021-05-07 10:39:34.703,0.021,3,3,0.9999884,2.0164222e-14,3.6123482e-09,1.1558232e-05,0.9999884
511,145,walking,2021-05-07 10:39:33.723,2021-05-07 10:39:35.703,0.021,3,3,0.99996847,1.05460007e-13,1.1792442e-08,3.1424017e-05,0.99996847
511,145,walking,2021-05-07 10:39:34.723,2021-05-07 10:39:36.703,0.021,3,3,0.9999729,1.2821858e-13,5.62098e-09,2.6995081e-05,0.9999729
511,145,walking,2021-05-07 10:39:35.723,2021-05-07 10:39:37.703,0.021,3,3,0.9999575,1.3615019e-13,4.4821107e-09,4.2477037e-05,0.9999575
511,145,walking,2021-05-07 10:39:36.723,2021-05-07 10:39:38.703,0.021,3,3,0.9999834,1.6538859e-13,3.328609e-09,1.6530697e-05,0.9999834
511,145,walking,2021-05-07 10:39:37.723,2021-05-07 10:39:39.703,0.021,3,3,0.9999835,2.8721724e-13,7.125964e-09,1.6422748e-05,0.9999835
511,145,walking,2021-05-07 10:39:38.723,2021-05-07 10:39:40.703,0.021,3,3,0.9999842,8.983647e-14,4.857237e-09,1.5782396e-05,0.9999842
511,145,walking,2021-05-07 10:39:39.723,2021-05-07 10:39:41.703,0.021,3,3,0.99998957,4.296935e-15,9.987003e-10,1.0418192e-05,0.99998957
511,145,walking,2021-05-07 10:39:40.723,2021-05-07 10:39:42.703,0.021,3,3,0.9999991,2.5821495e-16,1.3776524e-10,8.6822183e-07,0.9999991
511,145,walking,2021-05-07 10:39:41.723,2021-05-07 10:39:43.703,0.021,3,3,0.99999577,3.9545016e-15,7.552131e-10,4.195921e-06,0.99999577
511,145,walking,2021-05-07 10:39:42.723,2021-05-07 10:39:44.703,0.021,3,3,0.9999642,4.6350656e-14,3.0638387e-09,3.572691e-05,0.9999642
511,145,walking,2021-05-07 10:39:43.723,2021-05-07 10:39:45.703,0.021,3,3,0.99995035,9.878982e-14,4.6181676e-09,4.959573e-05,0.99995035
511,145,walking,2021-05-07 10:39:44.723,2021-05-07 10:39:46.703,0.021,3,3,0.9999947,9.743852e-15,7.44483e-10,5.23602e-06,0.9999947
511,145,walking,2021-05-07 10:39:45.723,2021-05-07 10:39:47.703,0.021,3,3,0.999999,2.3347092e-16,1.03535056e-10,9.288199e-07,0.999999
511,145,walking,2021-05-07 10:39:46.723,2021-05-07 10:39:48.703,0.021,3,3,0.999993,2.0848164e-15,6.628786e-10,6.944829e-06,0.999993
511,145,walking,2021-05-07 10:39:47.723,2021-05-07 10:39:49.703,0.021,3,3,0.9999835,1.2858331e-14,1.5295979e-09,1.6504455e-05,0.9999835
511,145,walking,2021-05-07 10:39:48.723,2021-05-07 10:39:50.703,0.021,3,3,0.999986,1.5462708e-14,1.5956236e-09,1.3904755e-05,0.999986
511,145,walking,2021-05-07 10:39:49.723,2021-05-07 10:39:51.703,0.021,3,3,0.99998647,4.9483143e-14,3.8494345e-09,1.3428603e-05,0.99998647
511,145,walking,2021-05-07 10:39:50.723,2021-05-07 10:39:52.703,0.021,3,3,0.9999978,7.126383e-15,4.1800252e-10,2.124703e-06,0.9999978
511,145,walking,2021-05-07 10:39:51.723,2021-05-07 10:39:53.703,0.021,3,3,0.99999243,9.90596e-15,1.0151177e-09,7.5485495e-06,0.99999243
511,145,walking,2021-05-07 10:39:52.723,2021-05-07 10:39:54.703,0.021,3,3,0.99998933,8.4980774e-15,8.435779e-10,1.0646307e-05,0.99998933
511,145,walking,2021-05-07 10:39:53.723,2021-05-07 10:39:55.703,0.021,3,3,0.999994,6.1631142e-15,5.6004734e-10,6.011418e-06,0.999994
511,145,walking,2021-05-07 10:39:54.723,2021-05-07 10:39:56.703,0.021,3,3,0.99999315,5.2389496e-15,6.3518185e-10,6.8178156e-06,0.99999315
511,145,walking,2021-05-07 10:39:55.723,2021-05-07 10:39:57.703,0.021,3,3,0.99999386,3.924708e-15,5.9352934e-10,6.120419e-06,0.99999386
511,145,walking,2021-05-07 10:39:56.723,2021-05-07 10:39:58.703,0.021,3,3,0.99999684,5.595926e-15,7.125797e-10,3.0635783e-06,0.99999684
511,145,walking,2021-05-07 10:39:57.723,2021-05-07 10:39:59.703,0.021,3,3,0.9999897,7.2950475e-14,4.467089e-09,1.0283667e-05,0.9999897
511,145,walking,2021-05-07 10:39:58.723,2021-05-07 10:40:00.704,0.021,3,3,0.99988765,5.3313994e-13,2.0723583e-08,0.00011229576,0.99988765
511,145,walking,2021-05-07 10:39:59.723,2021-05-07 10:40:01.704,0.021,3,3,0.99994606,1.1971679e-13,6.9873005e-09,5.3875174e-05,0.99994606
511,145,walking,2021-05-07 10:40:00.724,2021-05-07 10:40:02.704,0.021,3,3,0.9999935,1.2474833e-14,6.958316e-10,6.4698766e-06,0.9999935
511,145,walking,2021-05-07 10:40:01.724,2021-05-07 10:40:03.704,0.021,3,3,0.99999815,1.3480696e-15,1.4763613e-10,1.7483271e-06,0.99999815
511,145,walking,2021-05-07 10:40:02.724,2021-05-07 10:40:04.704,0.021,3,3,0.999999,3.723405e-16,8.286778e-11,8.95595e-07,0.999999
511,145,walking,2021-05-07 10:40:03.724,2021-05-07 10:40:05.704,0.021,3,3,0.9999979,8.343829e-16,2.777215e-10,2.0204614e-06,0.9999979
511,145,walking,2021-05-07 10:40:04.724,2021-05-07 10:40:06.704,0.021,3,3,0.9999984,6.516205e-16,3.2449507e-10,1.5586382e-06,0.9999984
511,145,walking,2021-05-07 10:40:05.724,2021-05-07 10:40:07.704,0.021,3,3,0.99999446,3.3793392e-15,5.1789223e-10,5.54087e-06,0.99999446
511,145,walking,2021-05-07 10:40:06.724,2021-05-07 10:40:08.704,0.021,3,3,0.99998766,1.9695076e-14,1.2160507e-09,1.2275079e-05,0.99998766
511,145,walking,2021-05-07 10:40:07.724,2021-05-07 10:40:09.704,0.021,3,3,0.99999756,4.9053656e-15,3.469118e-10,2.3328328e-06,0.99999756
511,145,walking,2021-05-07 10:40:08.724,2021-05-07 10:40:10.704,0.021,3,3,0.9999967,1.2542631e-14,7.028701e-10,3.2652324e-06,0.9999967
511,145,walking,2021-05-07 10:40:09.724,2021-05-07 10:40:11.704,0.021,3,3,0.9999985,8.702937e-15,4.281163e-10,1.3895683e-06,0.9999985
511,145,walking,2021-05-07 10:40:10.724,2021-05-07 10:40:12.704,0.021,3,3,0.9999986,6.2345283e-16,1.7064015e-10,1.3524948e-06,0.9999986
511,145,walking,2021-05-07 10:40:11.724,2021-05-07 10:40:13.704,0.021,3,3,0.9999955,2.3995234e-15,4.704597e-10,4.447462e-06,0.9999955
511,146,standing,2021-05-07 10:40:14.364,2021-05-07 10:40:16.343,0.021,2,2,0.9996678,8.519382e-10,9.175959e-07,0.9996678,0.0003313058
511,146,standing,2021-05-07 10:40:15.364,2021-05-07 10:40:17.343,0.021,2,2,0.9998076,1.3312609e-09,1.6888968e-06,0.9998076,0.00019083763
511,146,standing,2021-05-07 10:40:16.364,2021-05-07 10:40:18.343,0.021,2,2,0.99982953,1.1137146e-09,1.4337269e-06,0.99982953,0.00016913856
511,146,standing,2021-05-07 10:40:17.364,2021-05-07 10:40:19.343,0.021,2,2,0.9998715,9.152345e-10,1.0253598e-06,0.9998715,0.00012752562
511,146,standing,2021-05-07 10:40:18.364,2021-05-07 10:40:20.343,0.021,2,2,0.9998548,1.337432e-09,1.259336e-06,0.9998548,0.00014393858
511,146,standing,2021-05-07 10:40:19.364,2021-05-07 10:40:21.343,0.021,2,2,0.99975634,2.0385444e-09,1.476272e-06,0.99975634,0.00024213389
511,147,walking,2021-05-07 10:40:21.563,2021-05-07 10:40:23.544,0.021,3,3,0.99923724,5.2118268e-11,3.5549678e-07,0.00076230196,0.99923724
511,147,walking,2021-05-07 10:40:22.563,2021-05-07 10:40:24.544,0.021,3,3,0.9999339,9.524349e-15,3.5718122e-09,6.608447e-05,0.9999339
511,147,walking,2021-05-07 10:40:23.563,2021-05-07 10:40:25.544,0.021,3,3,0.9999986,1.6592026e-18,1.6849997e-11,1.3051285e-06,0.9999986
511,147,walking,2021-05-07 10:40:24.563,2021-05-07 10:40:26.544,0.021,3,3,0.9999997,3.4482502e-19,3.1334332e-12,2.0117578e-07,0.9999997
511,147,walking,2021-05-07 10:40:25.563,2021-05-07 10:40:27.544,0.021,3,3,0.9999996,8.358229e-19,4.8004586e-12,3.0887705e-07,0.9999996
511,147,walking,2021-05-07 10:40:26.563,2021-05-07 10:40:28.544,0.021,3,3,0.9999948,1.1119326e-17,7.057634e-11,5.1134557e-06,0.9999948
511,147,walking,2021-05-07 10:40:27.563,2021-05-07 10:40:29.544,0.021,3,3,0.9999947,1.1093354e-17,7.969146e-11,5.26183e-06,0.9999947
511,147,walking,2021-05-07 10:40:28.563,2021-05-07 10:40:30.544,0.021,3,3,0.9999996,3.6665424e-19,5.1067098e-12,3.268078e-07,0.9999996
511,147,walking,2021-05-07 10:40:29.563,2021-05-07 10:40:31.544,0.021,3,3,0.9999991,4.5012424e-19,1.0100304e-11,7.970603e-07,0.9999991
511,147,walking,2021-05-07 10:40:30.563,2021-05-07 10:40:32.543,0.021,3,3,0.9999992,5.63857e-19,7.598095e-12,6.9186774e-07,0.9999992
511,147,walking,2021-05-07 10:40:31.563,2021-05-07 10:40:33.543,0.021,3,3,0.9999996,2.9053463e-19,3.5488433e-12,3.4106694e-07,0.9999996
511,147,walking,2021-05-07 10:40:32.563,2021-05-07 10:40:34.543,0.021,3,3,0.99999887,1.0729019e-18,1.2989542e-11,1.0802288e-06,0.99999887
511,147,walking,2021-05-07 10:40:33.563,2021-05-07 10:40:35.543,0.021,3,3,0.9999986,1.4447883e-18,1.6163952e-11,1.3510909e-06,0.9999986
511,147,walking,2021-05-07 10:40:34.563,2021-05-07 10:40:36.543,0.021,3,3,0.9999984,3.0977883e-18,2.1616845e-11,1.5203849e-06,0.9999984
511,147,walking,2021-05-07 10:40:35.563,2021-05-07 10:40:37.543,0.021,3,3,0.99999887,4.0728533e-18,1.7695635e-11,1.018986e-06,0.99999887
511,147,walking,2021-05-07 10:40:36.563,2021-05-07 10:40:38.543,0.021,3,3,0.9999986,2.955401e-18,2.0689396e-11,1.2852915e-06,0.9999986
511,147,walking,2021-05-07 10:40:37.563,2021-05-07 10:40:39.543,0.021,3,3,0.9999965,6.021776e-18,5.6208066e-11,3.5017458e-06,0.9999965
511,147,walking,2021-05-07 10:40:38.563,2021-05-07 10:40:40.543,0.021,3,3,0.9999983,4.246791e-18,3.5381482e-11,1.713642e-06,0.9999983
511,147,walking,2021-05-07 10:40:39.563,2021-05-07 10:40:41.543,0.021,3,3,0.99999934,4.023839e-18,1.565551e-11,5.6142505e-07,0.99999934
511,147,walking,2021-05-07 10:40:40.563,2021-05-07 10:40:42.543,0.021,3,3,0.999999,3.2160106e-18,1.9693977e-11,9.119031e-07,0.999999
511,147,walking,2021-05-07 10:40:41.563,2021-05-07 10:40:43.543,0.021,3,3,0.9999983,4.077561e-18,2.5512146e-11,1.7056983e-06,0.9999983
511,147,walking,2021-05-07 10:40:42.563,2021-05-07 10:40:44.543,0.021,3,3,0.9999986,2.3580045e-18,1.19891866e-11,1.3465346e-06,0.9999986
511,147,walking,2021-05-07 10:40:43.563,2021-05-07 10:40:45.543,0.021,3,3,0.99999815,3.5586423e-18,1.7323068e-11,1.7353271e-06,0.99999815
511,147,walking,2021-05-07 10:40:44.563,2021-05-07 10:40:46.543,0.021,3,3,0.99999493,1.29895985e-17,5.890601e-11,4.98346e-06,0.99999493
511,147,walking,2021-05-07 10:40:45.563,2021-05-07 10:40:47.543,0.021,3,3,0.999999,1.5373245e-18,1.521966e-11,1.0021498e-06,0.999999
511,147,walking,2021-05-07 10:40:46.563,2021-05-07 10:40:48.543,0.021,3,3,0.9999996,5.272515e-19,7.1115392e-12,3.507313e-07,0.9999996
511,147,walking,2021-05-07 10:40:47.563,2021-05-07 10:40:49.543,0.021,3,3,0.9999991,7.94432e-19,1.1370208e-11,7.7788246e-07,0.9999991
511,147,walking,2021-05-07 10:40:48.563,2021-05-07 10:40:50.543,0.021,3,3,0.9999973,8.529111e-19,2.06231e-11,2.6526757e-06,0.9999973
511,147,walking,2021-05-07 10:40:49.563,2021-05-07 10:40:51.543,0.021,3,3,0.9999992,1.9271039e-19,6.7929074e-12,7.540683e-07,0.9999992
511,147,walking,2021-05-07 10:40:50.563,2021-05-07 10:40:52.543,0.021,3,3,0.9999997,6.795423e-20,2.2248713e-12,2.1150929e-07,0.9999997
511,147,walking,2021-05-07 10:40:51.563,2021-05-07 10:40:53.543,0.021,3,3,0.9999998,4.048209e-20,7.589232e-13,7.0854114e-08,0.9999998
511,147,walking,2021-05-07 10:40:52.563,2021-05-07 10:40:54.543,0.021,3,3,0.99999946,8.2281084e-20,2.7778361e-12,4.871837e-07,0.99999946
511,147,walking,2021-05-07 10:40:53.563,2021-05-07 10:40:55.543,0.021,3,3,0.99999934,1.02644493e-19,3.5102613e-12,6.545352e-07,0.99999934
511,147,walking,2021-05-07 10:40:54.563,2021-05-07 10:40:56.543,0.021,3,3,0.9999991,4.3702325e-19,8.745253e-12,8.615951e-07,0.9999991
511,147,walking,2021-05-07 10:40:55.563,2021-05-07 10:40:57.543,0.021,3,3,0.99999744,5.3183813e-18,4.599287e-11,2.4684473e-06,0.99999744
511,147,walking,2021-05-07 10:40:56.563,2021-05-07 10:40:58.543,0.021,3,3,0.99999934,5.850808e-19,7.529769e-12,5.687248e-07,0.99999934
511,147,walking,2021-05-07 10:40:57.563,2021-05-07 10:40:59.543,0.021,3,3,0.99999994,1.6424708e-20,4.6103334e-13,4.653201e-08,0.99999994
511,147,walking,2021-05-07 10:40:58.563,2021-05-07 10:41:00.543,0.021,3,3,0.9999997,1.9833235e-19,2.037366e-12,1.9933572e-07,0.9999997
511,147,walking,2021-05-07 10:40:59.563,2021-05-07 10:41:01.543,0.021,3,3,0.9999991,4.646699e-18,1.669087e-11,8.8628707e-07,0.9999991
511,147,walking,2021-05-07 10:41:00.563,2021-05-07 10:41:02.543,0.021,3,3,0.9999998,2.8770794e-19,2.2307694e-12,1.5673805e-07,0.9999998
511,147,walking,2021-05-07 10:41:01.563,2021-05-07 10:41:03.543,0.021,3,3,0.99999994,3.606862e-20,3.1941732e-13,2.598283e-08,0.99999994
511,147,walking,2021-05-07 10:41:02.563,2021-05-07 10:41:04.543,0.021,3,3,0.9999998,2.920034e-20,4.833219e-13,8.325153e-08,0.9999998
511,147,walking,2021-05-07 10:41:03.563,2021-05-07 10:41:05.543,0.021,3,3,0.9999998,7.1252117e-20,1.4508422e-12,1.2506166e-07,0.9999998
511,147,walking,2021-05-07 10:41:04.564,2021-05-07 10:41:06.543,0.021,3,3,0.9999998,2.477493e-19,2.7557364e-12,1.3069703e-07,0.9999998
511,147,walking,2021-05-07 10:41:05.564,2021-05-07 10:41:07.543,0.021,3,3,0.99999946,9.890265e-19,8.152999e-12,4.8126356e-07,0.99999946
511,147,walking,2021-05-07 10:41:06.564,2021-05-07 10:41:08.543,0.021,3,3,0.99999887,5.525207e-19,9.824153e-12,1.0645114e-06,0.99999887
511,147,walking,2021-05-07 10:41:07.564,2021-05-07 10:41:09.543,0.021,3,3,0.99999803,1.6342945e-18,2.0354567e-11,1.9610907e-06,0.99999803
511,147,walking,2021-05-07 10:41:08.564,2021-05-07 10:41:10.543,0.021,3,3,0.9999983,8.1842185e-18,3.4885872e-11,1.7140604e-06,0.9999983
511,147,walking,2021-05-07 10:41:09.564,2021-05-07 10:41:11.543,0.021,3,3,0.9999998,6.271882e-19,2.380828e-12,1.15945404e-07,0.9999998
511,147,walking,2021-05-07 10:41:10.564,2021-05-07 10:41:12.543,0.021,3,3,0.9999998,1.1393919e-19,1.1053815e-12,1.0703723e-07,0.9999998
511,147,walking,2021-05-07 10:41:11.564,2021-05-07 10:41:13.543,0.021,3,3,0.9999979,1.636353e-18,2.3019737e-11,2.0003495e-06,0.9999979
511,147,walking,2021-05-07 10:41:12.564,2021-05-07 10:41:14.543,0.021,3,3,0.99999577,4.730042e-18,4.4188337e-11,4.144388e-06,0.99999577
511,147,walking,2021-05-07 10:41:13.564,2021-05-07 10:41:15.543,0.021,3,3,0.9999959,7.346126e-18,5.2280943e-11,4.082495e-06,0.9999959
511,147,walking,2021-05-07 10:41:14.564,2021-05-07 10:41:16.544,0.021,3,3,0.9999992,7.9437153e-19,1.2154466e-11,7.433254e-07,0.9999992
511,147,walking,2021-05-07 10:41:15.564,2021-05-07 10:41:17.544,0.021,3,3,0.9999997,2.0371605e-19,4.1865556e-12,2.745269e-07,0.9999997
511,147,walking,2021-05-07 10:41:16.563,2021-05-07 10:41:18.544,0.021,3,3,0.9999983,1.7579031e-18,2.080982e-11,1.7135962e-06,0.9999983
511,147,walking,2021-05-07 10:41:17.563,2021-05-07 10:41:19.544,0.021,3,3,0.99999946,3.0191462e-19,6.0117367e-12,5.133549e-07,0.99999946
511,147,walking,2021-05-07 10:41:18.563,2021-05-07 10:41:20.544,0.021,3,3,0.9999998,2.1151064e-19,2.8585142e-12,1.6658842e-07,0.9999998
511,147,walking,2021-05-07 10:41:19.563,2021-05-07 10:41:21.544,0.021,3,3,0.9999997,1.8106583e-19,2.7172381e-12,1.990202e-07,0.9999997
511,147,walking,2021-05-07 10:41:20.563,2021-05-07 10:41:22.544,0.021,3,3,0.9999998,9.0946343e-20,1.2908513e-12,1.15659375e-07,0.9999998
511,147,walking,2021-05-07 10:41:21.563,2021-05-07 10:41:23.544,0.021,3,3,0.99999994,1.2774168e-20,1.6131003e-13,1.0787279e-08,0.99999994
511,147,walking,2021-05-07 10:41:22.563,2021-05-07 10:41:24.544,0.021,3,3,0.99999994,2.2049903e-20,4.1423123e-13,2.624697e-08,0.99999994
511,147,walking,2021-05-07 10:41:23.563,2021-05-07 10:41:25.544,0.021,3,3,0.9999996,2.5057596e-19,3.3225432e-12,3.2961358e-07,0.9999996
511,147,walking,2021-05-07 10:41:24.563,2021-05-07 10:41:26.544,0.021,3,3,0.9999998,4.3332974e-20,1.2244539e-12,1.3548723e-07,0.9999998
511,147,walking,2021-05-07 10:41:25.563,2021-05-07 10:41:27.544,0.021,3,3,0.9999998,3.487166e-20,8.23464e-13,9.372404e-08,0.9999998
511,147,walking,2021-05-07 10:41:26.563,2021-05-07 10:41:28.544,0.021,3,3,0.99999994,1.1144681e-19,5.347193e-13,3.004573e-08,0.99999994
511,147,walking,2021-05-07 10:41:27.563,2021-05-07 10:41:29.544,0.021,3,3,0.9999997,4.7035566e-18,6.794997e-12,2.1977152e-07,0.9999997
511,147,walking,2021-05-07 10:41:28.563,2021-05-07 10:41:30.544,0.021,3,3,0.9999731,2.946461e-14,1.9176587e-09,2.6815835e-05,0.9999731
511,148,standing,2021-05-07 10:41:30.723,2021-05-07 10:41:32.703,0.021,2,2,0.9997418,7.110815e-09,4.2877127e-06,0.9997418,0.00025381555
511,148,standing,2021-05-07 10:41:31.723,2021-05-07 10:41:33.703,0.021,2,2,0.9997618,6.2489423e-09,4.624456e-06,0.9997618,0.00023345595
511,148,standing,2021-05-07 10:41:32.723,2021-05-07 10:41:34.703,0.021,2,2,0.99973357,6.7970483e-09,5.8093765e-06,0.99973357,0.0002604666
511,148,standing,2021-05-07 10:41:33.723,2021-05-07 10:41:35.703,0.021,2,2,0.9997295,6.399109e-09,5.893605e-06,0.9997295,0.00026448502
511,148,standing,2021-05-07 10:41:34.723,2021-05-07 10:41:36.703,0.021,2,2,0.99967927,5.965054e-09,5.451256e-06,0.99967927,0.00031531585
511,148,standing,2021-05-07 10:41:35.723,2021-05-07 10:41:37.703,0.021,2,2,0.9855444,7.192223e-09,2.8115184e-05,0.9855444,0.014427609
511,149,walking,2021-05-07 10:41:37.763,2021-05-07 10:41:39.743,0.021,3,3,0.9999998,4.9661246e-19,4.148085e-12,1.7093626e-07,0.9999998
511,149,walking,2021-05-07 10:41:38.763,2021-05-07 10:41:40.743,0.021,3,3,0.99999994,4.1739737e-20,7.8058355e-13,5.8799202e-08,0.99999994
511,149,walking,2021-05-07 10:41:39.763,2021-05-07 10:41:41.743,0.021,3,3,0.99999946,1.3870725e-19,3.935853e-12,4.6713419e-07,0.99999946
511,149,walking,2021-05-07 10:41:40.763,2021-05-07 10:41:42.743,0.021,3,3,0.99999946,3.830208e-20,3.1618354e-12,5.028125e-07,0.99999946
511,149,walking,2021-05-07 10:41:41.763,2021-05-07 10:41:43.743,0.021,3,3,0.9999991,3.1441363e-19,7.534624e-12,8.127042e-07,0.9999991
511,149,walking,2021-05-07 10:41:42.763,2021-05-07 10:41:44.743,0.021,3,3,0.9999996,4.241533e-19,6.6996864e-12,3.9385145e-07,0.9999996
511,149,walking,2021-05-07 10:41:43.763,2021-05-07 10:41:45.743,0.021,3,3,0.9999992,3.387247e-19,7.612107e-12,7.140478e-07,0.9999992
511,149,walking,2021-05-07 10:41:44.763,2021-05-07 10:41:46.743,0.021,3,3,0.99999934,3.7629674e-19,7.592822e-12,6.456277e-07,0.99999934
511,149,walking,2021-05-07 10:41:45.763,2021-05-07 10:41:47.743,0.021,3,3,0.9999996,5.86236e-19,6.7538427e-12,3.5114633e-07,0.9999996
511,149,walking,2021-05-07 10:41:46.763,2021-05-07 10:41:48.743,0.021,3,3,0.99999946,8.3190707e-19,9.057932e-12,4.6070403e-07,0.99999946
511,149,walking,2021-05-07 10:41:47.763,2021-05-07 10:41:49.743,0.021,3,3,0.9999973,6.3904008e-18,5.218747e-11,2.5634715e-06,0.9999973
511,149,walking,2021-05-07 10:41:48.763,2021-05-07 10:41:50.743,0.021,3,3,0.9999997,2.224244e-19,2.9662392e-12,1.853587e-07,0.9999997
511,149,walking,2021-05-07 10:41:49.763,2021-05-07 10:41:51.743,0.021,3,3,0.9999998,4.6160097e-20,1.099433e-12,9.0863686e-08,0.9999998
511,149,walking,2021-05-07 10:41:50.763,2021-05-07 10:41:52.743,0.021,3,3,0.9999998,7.59862e-20,1.6418698e-12,9.728208e-08,0.9999998
511,149,walking,2021-05-07 10:41:51.763,2021-05-07 10:41:53.743,0.021,3,3,0.9999998,6.310252e-20,1.6947058e-12,1.4368231e-07,0.9999998
511,149,walking,2021-05-07 10:41:52.763,2021-05-07 10:41:54.743,0.021,3,3,0.99999803,1.0527233e-18,2.0861358e-11,1.9412123e-06,0.99999803
511,149,walking,2021-05-07 10:41:53.763,2021-05-07 10:41:55.743,0.021,3,3,0.9999998,4.9410093e-20,1.286567e-12,1.3482973e-07,0.9999998
511,149,walking,2021-05-07 10:41:54.763,2021-05-07 10:41:56.743,0.021,3,3,0.9999997,4.4243632e-20,1.3147626e-12,1.955546e-07,0.9999997
511,149,walking,2021-05-07 10:41:55.763,2021-05-07 10:41:57.743,0.021,3,3,0.99999946,1.2041215e-19,4.2046882e-12,5.181016e-07,0.99999946
511,149,walking,2021-05-07 10:41:56.763,2021-05-07 10:41:58.743,0.021,3,3,0.9999996,1.3239227e-19,2.804915e-12,3.1234995e-07,0.9999996
511,149,walking,2021-05-07 10:41:57.763,2021-05-07 10:41:59.743,0.021,3,3,0.9999998,1.1545302e-19,1.6907055e-12,1.6164607e-07,0.9999998
511,149,walking,2021-05-07 10:41:58.763,2021-05-07 10:42:00.743,0.021,3,3,0.9999998,1.2193619e-19,1.5672449e-12,1.2569694e-07,0.9999998
511,149,walking,2021-05-07 10:41:59.763,2021-05-07 10:42:01.743,0.021,3,3,0.9999998,6.5597717e-20,6.9994536e-13,7.25186e-08,0.9999998
511,149,walking,2021-05-07 10:42:00.763,2021-05-07 10:42:02.743,0.021,3,3,0.99999994,1.8208457e-21,6.668993e-14,8.690319e-09,0.99999994
511,149,walking,2021-05-07 10:42:01.763,2021-05-07 10:42:03.743,0.021,3,3,0.9999998,1.1587169e-20,5.8647054e-13,7.016501e-08,0.9999998
511,149,walking,2021-05-07 10:42:02.763,2021-05-07 10:42:04.743,0.021,3,3,0.9999996,1.8264889e-19,3.3722211e-12,3.8806868e-07,0.9999996
511,149,walking,2021-05-07 10:42:03.763,2021-05-07 10:42:05.743,0.021,3,3,0.9999998,1.0849656e-19,1.2400246e-12,1.2801874e-07,0.9999998
511,149,walking,2021-05-07 10:42:04.763,2021-05-07 10:42:06.743,0.021,3,3,0.999999,1.0797052e-18,1.0080518e-11,1.0110988e-06,0.999999
511,149,walking,2021-05-07 10:42:05.763,2021-05-07 10:42:07.743,0.021,3,3,0.9999996,9.5037185e-20,2.8432176e-12,3.3159705e-07,0.9999996
511,149,walking,2021-05-07 10:42:06.763,2021-05-07 10:42:08.743,0.021,3,3,0.99999934,3.891447e-19,8.206981e-12,5.848947e-07,0.99999934
511,149,walking,2021-05-07 10:42:07.763,2021-05-07 10:42:09.743,0.021,3,3,0.9999998,2.2228776e-20,1.2404503e-12,8.343147e-08,0.9999998
511,149,walking,2021-05-07 10:42:08.763,2021-05-07 10:42:10.743,0.021,3,3,0.9999997,3.59021e-20,1.8495067e-12,1.9089566e-07,0.9999997
511,149,walking,2021-05-07 10:42:09.763,2021-05-07 10:42:11.743,0.021,3,3,0.99999875,1.2578562e-19,7.424744e-12,1.2159048e-06,0.99999875
511,149,walking,2021-05-07 10:42:10.763,2021-05-07 10:42:12.743,0.021,3,3,0.999999,1.1521755e-19,5.002111e-12,9.959966e-07,0.999999
511,149,walking,2021-05-07 10:42:11.763,2021-05-07 10:42:13.743,0.021,3,3,0.9999998,3.6263417e-20,1.0757421e-12,1.3065878e-07,0.9999998
511,149,walking,2021-05-07 10:42:12.763,2021-05-07 10:42:14.743,0.021,3,3,0.9999997,8.9426774e-20,2.409131e-12,2.1496815e-07,0.9999997
511,149,walking,2021-05-07 10:42:13.763,2021-05-07 10:42:15.743,0.021,3,3,0.9999998,2.473593e-19,2.3102065e-12,1.3662633e-07,0.9999998
511,149,walking,2021-05-07 10:42:14.763,2021-05-07 10:42:16.743,0.021,3,3,0.9999998,1.3846887e-19,2.076864e-12,1.3714342e-07,0.9999998
511,149,walking,2021-05-07 10:42:15.763,2021-05-07 10:42:17.743,0.021,3,3,0.9999996,2.6232001e-19,4.8892045e-12,3.5106027e-07,0.9999996
511,149,walking,2021-05-07 10:42:16.763,2021-05-07 10:42:18.743,0.021,3,3,0.9999983,6.935054e-18,4.2287895e-11,1.6706539e-06,0.9999983
511,149,walking,2021-05-07 10:42:17.763,2021-05-07 10:42:19.743,0.021,3,3,0.99999934,1.5683877e-18,1.4077555e-11,6.328902e-07,0.99999934
511,149,walking,2021-05-07 10:42:18.763,2021-05-07 10:42:20.743,0.021,3,3,0.9999996,2.2484886e-19,3.5288571e-12,3.4442056e-07,0.9999996
511,149,walking,2021-05-07 10:42:19.763,2021-05-07 10:42:21.743,0.021,3,3,0.9999979,3.2235593e-19,1.4110008e-11,2.0307111e-06,0.9999979
511,149,walking,2021-05-07 10:42:20.763,2021-05-07 10:42:22.743,0.021,3,3,0.9999996,1.07213703e-19,4.253019e-12,3.0694954e-07,0.9999996
511,149,walking,2021-05-07 10:42:21.763,2021-05-07 10:42:23.743,0.021,3,3,0.9999992,4.0738472e-19,1.2799534e-11,6.841386e-07,0.9999992
511,149,walking,2021-05-07 10:42:22.763,2021-05-07 10:42:24.743,0.021,3,3,0.9999985,3.1200014e-18,3.600797e-11,1.3845311e-06,0.9999985
511,149,walking,2021-05-07 10:42:23.763,2021-05-07 10:42:25.743,0.021,3,3,0.99999887,1.9484967e-18,2.8739787e-11,1.0688387e-06,0.99999887
511,149,walking,2021-05-07 10:42:24.763,2021-05-07 10:42:26.743,0.021,3,3,0.9999986,3.4885872e-19,1.4688448e-11,1.2911171e-06,0.9999986
511,149,walking,2021-05-07 10:42:25.763,2021-05-07 10:42:27.743,0.021,3,3,0.999999,3.5697654e-19,8.616619e-12,9.817959e-07,0.999999
511,149,walking,2021-05-07 10:42:26.763,2021-05-07 10:42:28.743,0.021,3,3,0.9999986,1.2359815e-18,1.4849181e-11,1.3151515e-06,0.9999986
511,149,walking,2021-05-07 10:42:27.763,2021-05-07 10:42:29.743,0.021,3,3,0.99999815,1.4220519e-18,2.2108837e-11,1.8415875e-06,0.99999815
511,149,walking,2021-05-07 10:42:28.763,2021-05-07 10:42:30.743,0.021,3,3,0.99999934,4.0282295e-19,7.1678197e-12,6.368341e-07,0.99999934
511,149,walking,2021-05-07 10:42:29.763,2021-05-07 10:42:31.743,0.021,3,3,0.99999946,3.637384e-19,4.32278e-12,4.2280894e-07,0.99999946
511,149,walking,2021-05-07 10:42:30.763,2021-05-07 10:42:32.743,0.021,3,3,0.99999934,1.4786276e-19,5.4930544e-12,6.2598883e-07,0.99999934
511,149,walking,2021-05-07 10:42:31.763,2021-05-07 10:42:33.743,0.021,3,3,0.9999997,1.2026758e-19,3.1716635e-12,2.4378326e-07,0.9999997
511,149,walking,2021-05-07 10:42:32.763,2021-05-07 10:42:34.743,0.021,3,3,0.9999996,5.861577e-19,7.514219e-12,4.161952e-07,0.9999996
511,149,walking,2021-05-07 10:42:33.763,2021-05-07 10:42:35.743,0.021,3,3,0.9999983,4.702527e-18,5.3231034e-11,1.7268814e-06,0.9999983
511,149,walking,2021-05-07 10:42:34.763,2021-05-07 10:42:36.743,0.021,3,3,0.99999946,3.8780212e-19,1.4392168e-11,4.949284e-07,0.99999946
511,149,walking,2021-05-07 10:42:35.763,2021-05-07 10:42:37.743,0.021,3,3,0.9999996,1.06860517e-19,4.007278e-12,3.3679518e-07,0.9999996
511,149,walking,2021-05-07 10:42:36.763,2021-05-07 10:42:38.743,0.021,3,3,0.9999971,1.7369107e-18,2.7546477e-11,2.8983513e-06,0.9999971
511,149,walking,2021-05-07 10:42:37.763,2021-05-07 10:42:39.743,0.021,3,3,0.9999977,2.5995578e-18,2.633724e-11,2.2791148e-06,0.9999977
511,149,walking,2021-05-07 10:42:38.763,2021-05-07 10:42:40.743,0.021,3,3,0.9999967,2.0871764e-18,3.1342918e-11,3.183992e-06,0.9999967
511,149,walking,2021-05-07 10:42:39.763,2021-05-07 10:42:41.743,0.021,3,3,0.9999977,2.336263e-18,3.2638166e-11,2.2492263e-06,0.9999977
511,149,walking,2021-05-07 10:42:40.763,2021-05-07 10:42:42.743,0.021,3,3,0.9999977,1.0641783e-17,6.30608e-11,2.2433653e-06,0.9999977
511,149,walking,2021-05-07 10:42:41.763,2021-05-07 10:42:43.743,0.021,3,3,0.9999959,2.8988733e-17,1.276198e-10,4.044282e-06,0.9999959
511,149,walking,2021-05-07 10:42:42.763,2021-05-07 10:42:44.743,0.021,3,3,0.9999973,1.86591e-17,7.97128e-11,2.6194866e-06,0.9999973
511,149,walking,2021-05-07 10:42:43.763,2021-05-07 10:42:45.743,0.021,3,3,0.9999979,6.0948128e-18,6.7024525e-11,2.048802e-06,0.9999979
511,149,walking,2021-05-07 10:42:44.763,2021-05-07 10:42:46.743,0.021,3,3,0.99999815,4.3841565e-18,5.5596243e-11,1.7650717e-06,0.99999815
511,149,walking,2021-05-07 10:42:45.763,2021-05-07 10:42:47.743,0.021,3,3,0.9999985,3.235797e-18,4.2118222e-11,1.3990372e-06,0.9999985
511,149,walking,2021-05-07 10:42:46.763,2021-05-07 10:42:48.743,0.021,3,3,0.9999996,1.4184395e-19,6.6613837e-12,3.689375e-07,0.9999996
511,149,walking,2021-05-07 10:42:47.763,2021-05-07 10:42:49.743,0.021,3,3,0.99999946,2.2249902e-19,8.0500094e-12,4.5218633e-07,0.99999946
511,149,walking,2021-05-07 10:42:48.763,2021-05-07 10:42:50.743,0.021,3,3,0.99999946,1.9354884e-19,6.110322e-12,5.225372e-07,0.99999946
511,149,walking,2021-05-07 10:42:49.763,2021-05-07 10:42:51.743,0.021,3,3,0.9999928,7.831947e-18,9.1879976e-11,7.200407e-06,0.9999928
511,149,walking,2021-05-07 10:42:50.763,2021-05-07 10:42:52.743,0.021,3,3,0.9999905,5.1449162e-17,2.1295317e-10,9.398059e-06,0.9999905
511,149,walking,2021-05-07 10:42:51.763,2021-05-07 10:42:53.743,0.021,3,3,0.9999985,1.5298421e-17,6.090283e-11,1.4672889e-06,0.9999985
511,149,walking,2021-05-07 10:42:52.763,2021-05-07 10:42:54.743,0.021,3,3,0.99999875,4.4481236e-18,3.594444e-11,1.1944118e-06,0.99999875
511,149,walking,2021-05-07 10:42:53.763,2021-05-07 10:42:55.743,0.021,3,3,0.9999853,6.2237016e-17,3.8249534e-10,1.4629081e-05,0.9999853
511,149,walking,2021-05-07 10:42:54.763,2021-05-07 10:42:56.743,0.021,3,3,0.99999374,8.436477e-17,2.7844432e-10,6.15998e-06,0.99999374
511,149,walking,2021-05-07 10:42:55.763,2021-05-07 10:42:57.743,0.021,3,3,0.99999875,1.3803805e-16,1.7269247e-10,1.2183273e-06,0.99999875
511,149,walking,2021-05-07 10:42:56.763,2021-05-07 10:42:58.743,0.021,3,3,0.99998933,6.733983e-14,5.6495018e-09,1.0603203e-05,0.99998933
511,149,walking,2021-05-07 10:42:57.763,2021-05-07 10:42:59.743,0.021,3,3,0.99998957,3.4998493e-13,9.844165e-09,1.0330681e-05,0.99998957
511,149,walking,2021-05-07 10:42:58.763,2021-05-07 10:43:00.743,0.021,3,3,0.99915516,1.4387487e-10,9.573391e-07,0.00084390386,0.99915516
511,149,walking,2021-05-07 10:42:59.763,2021-05-07 10:43:01.743,0.021,3,3,0.995334,4.4540216e-10,4.967409e-06,0.0046609496,0.995334
511,149,walking,2021-05-07 10:43:00.763,2021-05-07 10:43:02.743,0.021,3,3,0.9986115,2.2866264e-10,1.103683e-06,0.0013874241,0.9986115
511,149,walking,2021-05-07 10:43:01.763,2021-05-07 10:43:03.743,0.021,3,3,0.99861103,2.497133e-10,1.0051721e-06,0.0013879911,0.99861103
511,149,walking,2021-05-07 10:43:02.763,2021-05-07 10:43:04.743,0.021,3,3,0.99973977,2.0270632e-11,6.3673315e-07,0.00025955372,0.99973977
511,149,walking,2021-05-07 10:43:03.763,2021-05-07 10:43:05.743,0.021,3,3,0.9999873,7.2511696e-13,1.3274722e-07,1.2483061e-05,0.9999873
511,149,walking,2021-05-07 10:43:04.763,2021-05-07 10:43:06.743,0.021,3,3,0.9999817,2.9743835e-12,3.094599e-08,1.8169954e-05,0.9999817
511,149,walking,2021-05-07 10:43:05.763,2021-05-07 10:43:07.743,0.021,3,3,0.99999005,1.1358816e-14,1.3316284e-09,9.88705e-06,0.99999005
511,149,walking,2021-05-07 10:43:06.763,2021-05-07 10:43:08.743,0.021,3,3,0.9999971,1.04877925e-16,1.2488975e-10,2.8560735e-06,0.9999971
511,149,walking,2021-05-07 10:43:07.763,2021-05-07 10:43:09.743,0.021,3,3,0.9999992,2.8845975e-17,5.3423835e-11,7.227791e-07,0.9999992
511,149,walking,2021-05-07 10:43:08.763,2021-05-07 10:43:10.743,0.021,3,3,0.99999934,7.424988e-16,1.2373813e-10,6.476455e-07,0.99999934
511,149,walking,2021-05-07 10:43:09.763,2021-05-07 10:43:11.743,0.021,3,3,0.9999992,7.145749e-15,4.4603435e-10,7.1593865e-07,0.9999992
511,149,walking,2021-05-07 10:43:10.763,2021-05-07 10:43:12.743,0.021,3,3,0.9999983,8.826271e-15,7.659909e-10,1.6116041e-06,0.9999983
511,149,walking,2021-05-07 10:43:11.763,2021-05-07 10:43:13.743,0.021,3,3,0.9999805,7.8484955e-14,6.5924564e-09,1.9422348e-05,0.9999805
511,149,walking,2021-05-07 10:43:12.763,2021-05-07 10:43:14.743,0.021,3,3,0.99991935,1.2710143e-13,1.2612106e-08,8.061148e-05,0.99991935
511,149,walking,2021-05-07 10:43:13.763,2021-05-07 10:43:15.743,0.021,3,3,0.9999861,3.188722e-14,1.8117344e-09,1.3885582e-05,0.9999861
511,149,walking,2021-05-07 10:43:14.763,2021-05-07 10:43:16.743,0.021,3,3,0.99998814,4.145565e-14,2.0226518e-09,1.1746605e-05,0.99998814
511,149,walking,2021-05-07 10:43:15.763,2021-05-07 10:43:17.743,0.021,3,3,0.99999696,1.2996063e-14,8.1174695e-10,3.0149638e-06,0.99999696
511,149,walking,2021-05-07 10:43:16.763,2021-05-07 10:43:18.743,0.021,3,3,0.99999934,3.0466992e-15,1.992789e-10,5.7771837e-07,0.99999934
511,149,walking,2021-05-07 10:43:17.763,2021-05-07 10:43:19.743,0.021,3,3,0.99999624,3.9415213e-15,8.016468e-10,3.7044679e-06,0.99999624
511,149,walking,2021-05-07 10:43:18.763,2021-05-07 10:43:20.743,0.021,3,3,0.99999493,2.926964e-15,7.5297735e-10,4.9815876e-06,0.99999493
511,149,walking,2021-05-07 10:43:19.763,2021-05-07 10:43:21.743,0.021,3,3,0.99999255,4.6617314e-15,5.1024346e-10,7.365536e-06,0.99999255
511,149,walking,2021-05-07 10:43:20.763,2021-05-07 10:43:22.743,0.021,3,3,0.9999953,4.9983457e-15,3.9280787e-10,4.6951254e-06,0.9999953
511,149,walking,2021-05-07 10:43:21.763,2021-05-07 10:43:23.743,0.021,3,3,0.99999887,2.3409963e-16,8.1178064e-11,1.0147704e-06,0.99999887
511,149,walking,2021-05-07 10:43:22.763,2021-05-07 10:43:24.743,0.021,3,3,0.9999967,2.7058785e-15,6.302747e-10,3.1645181e-06,0.9999967
511,149,walking,2021-05-07 10:43:23.763,2021-05-07 10:43:25.743,0.021,3,3,0.99999255,3.7177072e-14,2.31569e-09,7.4292607e-06,0.99999255
511,149,walking,2021-05-07 10:43:24.763,2021-05-07 10:43:26.743,0.021,3,3,0.9999979,7.0526623e-15,5.3531507e-10,2.0367042e-06,0.9999979
511,149,walking,2021-05-07 10:43:25.763,2021-05-07 10:43:27.743,0.021,3,3,0.99999815,5.2769623e-16,3.0393324e-10,1.7490075e-06,0.99999815
511,149,walking,2021-05-07 10:43:26.763,2021-05-07 10:43:28.743,0.021,3,3,0.99999744,1.3674804e-16,4.4640036e-10,2.479837e-06,0.99999744
511,149,walking,2021-05-07 10:43:27.763,2021-05-07 10:43:29.743,0.021,3,3,0.9999868,2.3680864e-14,4.537379e-09,1.3070283e-05,0.9999868
511,149,walking,2021-05-07 10:43:28.763,2021-05-07 10:43:30.743,0.021,3,3,0.9999828,4.4444483e-14,4.3559036e-09,1.7215214e-05,0.9999828
511,149,walking,2021-05-07 10:43:29.763,2021-05-07 10:43:31.743,0.021,3,3,0.9999785,5.6620693e-14,3.2130227e-09,2.1472451e-05,0.9999785
511,149,walking,2021-05-07 10:43:30.763,2021-05-07 10:43:32.743,0.021,3,3,0.99999875,5.4278427e-16,1.7798513e-10,1.2228683e-06,0.99999875
511,149,walking,2021-05-07 10:43:31.763,2021-05-07 10:43:33.743,0.021,3,3,0.9999997,3.5504982e-18,7.772617e-12,2.0429688e-07,0.9999997
511,149,walking,2021-05-07 10:43:32.763,2021-05-07 10:43:34.743,0.021,3,3,0.9999998,5.471601e-19,9.1951394e-12,1.4271747e-07,0.9999998
511,149,walking,2021-05-07 10:43:33.763,2021-05-07 10:43:35.743,0.021,3,3,0.99999815,7.228287e-16,4.3778406e-10,1.7482721e-06,0.99999815
511,149,walking,2021-05-07 10:43:34.763,2021-05-07 10:43:36.743,0.021,3,3,0.9999986,1.1538004e-15,1.1789276e-10,1.3153184e-06,0.9999986
511,149,walking,2021-05-07 10:43:35.763,2021-05-07 10:43:37.743,0.021,3,3,0.9999992,3.2266688e-16,6.792004e-11,6.875627e-07,0.9999992
511,149,walking,2021-05-07 10:43:36.763,2021-05-07 10:43:38.743,0.021,3,3,0.9999992,8.3715453e-16,7.787977e-11,6.869276e-07,0.9999992
511,149,walking,2021-05-07 10:43:37.763,2021-05-07 10:43:39.743,0.021,3,3,0.99999887,4.9053695e-16,2.8070568e-10,1.1060018e-06,0.99999887
511,149,walking,2021-05-07 10:43:38.763,2021-05-07 10:43:40.743,0.021,3,3,0.99999934,3.0582135e-16,1.595973e-10,5.9820974e-07,0.99999934
511,149,walking,2021-05-07 10:43:39.763,2021-05-07 10:43:41.743,0.021,3,3,0.9999984,1.4990874e-14,7.7325135e-10,1.6083187e-06,0.9999984
511,149,walking,2021-05-07 10:43:40.763,2021-05-07 10:43:42.743,0.021,3,3,0.9999986,6.1041075e-16,1.537342e-10,1.3450676e-06,0.9999986
511,149,walking,2021-05-07 10:43:41.763,2021-05-07 10:43:43.743,0.021,3,3,0.9999996,1.347664e-17,1.2091069e-11,3.0521218e-07,0.9999996
511,149,walking,2021-05-07 10:43:42.763,2021-05-07 10:43:44.743,0.021,3,3,0.9999998,8.484193e-18,1.3035768e-11,1.6973078e-07,0.9999998
511,149,walking,2021-05-07 10:43:43.763,2021-05-07 10:43:45.743,0.021,3,3,0.9999986,4.0452506e-15,3.0579994e-10,1.2935487e-06,0.9999986
511,149,walking,2021-05-07 10:43:44.763,2021-05-07 10:43:46.743,0.021,3,3,0.9999946,5.548507e-13,6.7283352e-09,5.328664e-06,0.9999946
511,149,walking,2021-05-07 10:43:45.763,2021-05-07 10:43:47.743,0.021,3,3,0.99999434,3.6238596e-13,1.0537855e-08,5.547082e-06,0.99999434
511,149,walking,2021-05-07 10:43:46.763,2021-05-07 10:43:48.743,0.021,3,3,0.9999953,1.2212944e-13,4.1612913e-09,4.695363e-06,0.9999953
511,149,walking,2021-05-07 10:43:47.763,2021-05-07 10:43:49.743,0.021,3,3,0.99999815,1.8396227e-14,4.2080728e-10,1.8447867e-06,0.99999815
511,149,walking,2021-05-07 10:43:48.763,2021-05-07 10:43:50.743,0.021,3,3,0.9999997,3.581982e-16,2.0529665e-11,2.6908592e-07,0.9999997
511,149,walking,2021-05-07 10:43:49.763,2021-05-07 10:43:51.743,0.021,3,3,0.9999998,6.954381e-17,1.6552402e-11,1.5357196e-07,0.9999998
511,149,walking,2021-05-07 10:43:50.763,2021-05-07 10:43:52.743,0.021,3,3,0.9999983,1.47684e-14,5.743072e-10,1.6788425e-06,0.9999983
511,149,walking,2021-05-07 10:43:51.763,2021-05-07 10:43:53.743,0.021,3,3,0.99998134,1.3635199e-13,7.3868978e-09,1.8609957e-05,0.99998134
511,149,walking,2021-05-07 10:43:52.763,2021-05-07 10:43:54.743,0.021,3,3,0.9999544,4.0834374e-14,9.3092805e-09,4.5542653e-05,0.9999544
511,149,walking,2021-05-07 10:43:53.763,2021-05-07 10:43:55.743,0.021,3,3,0.999888,4.2267305e-13,2.757242e-08,0.00011194775,0.999888
511,149,walking,2021-05-07 10:43:54.763,2021-05-07 10:43:56.743,0.021,3,3,0.9999631,1.993474e-13,5.979861e-09,3.6829195e-05,0.9999631
511,149,walking,2021-05-07 10:43:55.763,2021-05-07 10:43:57.743,0.021,3,3,0.9999855,1.138975e-13,2.2560036e-09,1.4400607e-05,0.9999855
511,149,walking,2021-05-07 10:43:56.763,2021-05-07 10:43:58.743,0.021,3,3,0.9999829,1.3299027e-13,5.626088e-09,1.7017428e-05,0.9999829
511,149,walking,2021-05-07 10:43:57.763,2021-05-07 10:43:59.743,0.021,3,3,0.9999973,8.947763e-15,6.9488854e-10,2.6724483e-06,0.9999973
511,149,walking,2021-05-07 10:43:58.763,2021-05-07 10:44:00.743,0.021,3,3,0.9999985,5.622937e-16,1.7811516e-10,1.4336273e-06,0.9999985
511,149,walking,2021-05-07 10:43:59.763,2021-05-07 10:44:01.743,0.021,3,3,0.9999973,1.428888e-15,5.886823e-10,2.6087243e-06,0.9999973
511,149,walking,2021-05-07 10:44:00.763,2021-05-07 10:44:02.743,0.021,3,3,0.9999892,1.9919362e-14,1.4761855e-09,1.0746417e-05,0.9999892
511,149,walking,2021-05-07 10:44:01.763,2021-05-07 10:44:03.743,0.021,3,3,0.9999966,1.6814196e-15,3.390175e-10,3.2825103e-06,0.9999966
511,149,walking,2021-05-07 10:44:02.763,2021-05-07 10:44:04.743,0.021,3,3,0.9999979,1.1326534e-15,2.2400881e-10,2.000422e-06,0.9999979
511,149,walking,2021-05-07 10:44:03.763,2021-05-07 10:44:05.743,0.021,3,3,0.999996,4.320846e-15,7.627031e-10,3.919898e-06,0.999996
511,149,walking,2021-05-07 10:44:04.763,2021-05-07 10:44:06.743,0.021,3,3,0.999999,2.3493357e-15,2.6265048e-10,9.2174383e-07,0.999999
511,149,walking,2021-05-07 10:44:05.763,2021-05-07 10:44:07.743,0.021,3,3,0.9999986,5.683948e-16,1.8392907e-10,1.3174727e-06,0.9999986
511,149,walking,2021-05-07 10:44:06.763,2021-05-07 10:44:08.743,0.021,3,3,0.99999577,1.9762583e-15,9.681808e-10,4.153675e-06,0.99999577
511,149,walking,2021-05-07 10:44:07.763,2021-05-07 10:44:09.743,0.021,3,3,0.99992687,2.0809782e-13,1.6110004e-08,7.30524e-05,0.99992687
511,149,walking,2021-05-07 10:44:08.763,2021-05-07 10:44:10.743,0.021,3,3,0.99997,5.016158e-14,4.1995536e-09,2.9890663e-05,0.99997
511,149,walking,2021-05-07 10:44:09.763,2021-05-07 10:44:11.743,0.021,3,3,0.9999897,1.6919124e-14,8.962595e-10,1.0306907e-05,0.9999897
511,149,walking,2021-05-07 10:44:10.763,2021-05-07 10:44:12.743,0.021,3,3,0.9999973,6.063998e-15,5.335655e-10,2.6236744e-06,0.9999973
511,149,walking,2021-05-07 10:44:11.763,2021-05-07 10:44:13.743,0.021,3,3,0.9999947,1.3837136e-14,1.0467182e-09,5.2668356e-06,0.9999947
511,149,walking,2021-05-07 10:44:12.763,2021-05-07 10:44:14.743,0.021,3,3,0.9999866,1.33992345e-14,2.1312228e-09,1.3306236e-05,0.9999866
511,149,walking,2021-05-07 10:44:13.763,2021-05-07 10:44:15.743,0.021,3,3,0.99992007,1.2590402e-13,6.65067e-09,7.983675e-05,0.99992007
511,149,walking,2021-05-07 10:44:14.763,2021-05-07 10:44:16.743,0.021,3,3,0.9999563,4.3248814e-14,3.4793537e-09,4.3647833e-05,0.9999563
511,149,walking,2021-05-07 10:44:15.763,2021-05-07 10:44:17.743,0.021,3,3,0.9999904,1.173894e-14,9.443508e-10,9.576795e-06,0.9999904
511,149,walking,2021-05-07 10:44:16.763,2021-05-07 10:44:18.743,0.021,3,3,0.99999386,5.624952e-15,7.492717e-10,6.118499e-06,0.99999386
511,149,walking,2021-05-07 10:44:17.763,2021-05-07 10:44:19.743,0.021,3,3,0.99999887,1.3465082e-15,1.5658468e-10,1.0609722e-06,0.99999887
511,149,walking,2021-05-07 10:44:18.763,2021-05-07 10:44:20.743,0.021,3,3,0.9999983,9.59882e-16,1.924569e-10,1.6523637e-06,0.9999983
511,149,walking,2021-05-07 10:44:19.763,2021-05-07 10:44:21.743,0.021,3,3,0.9999977,2.265424e-15,4.319414e-10,2.3131827e-06,0.9999977
511,149,walking,2021-05-07 10:44:20.763,2021-05-07 10:44:22.743,0.021,3,3,0.9999824,4.6838967e-14,2.4275804e-09,1.753808e-05,0.9999824
511,149,walking,2021-05-07 10:44:21.763,2021-05-07 10:44:23.743,0.021,3,3,0.9999767,2.1505963e-14,2.2981808e-09,2.3226981e-05,0.9999767
511,149,walking,2021-05-07 10:44:22.763,2021-05-07 10:44:24.743,0.021,3,3,0.9999971,1.6160873e-15,2.2454248e-10,2.895362e-06,0.9999971
511,149,walking,2021-05-07 10:44:23.763,2021-05-07 10:44:25.743,0.021,3,3,0.99999756,3.9133456e-15,4.0782128e-10,2.3504952e-06,0.99999756
511,149,walking,2021-05-07 10:44:24.763,2021-05-07 10:44:26.743,0.021,3,3,0.9999966,1.6000403e-14,1.0186072e-09,3.3072931e-06,0.9999966
511,149,walking,2021-05-07 10:44:25.763,2021-05-07 10:44:27.743,0.021,3,3,0.99999887,2.700646e-15,2.6399144e-10,1.0151808e-06,0.99999887
511,149,walking,2021-05-07 10:44:26.763,2021-05-07 10:44:28.743,0.021,3,3,0.9999979,3.1501054e-15,5.50207e-10,2.0692157e-06,0.9999979
511,149,walking,2021-05-07 10:44:27.763,2021-05-07 10:44:29.743,0.021,3,3,0.99998456,4.425525e-14,3.701534e-09,1.5382906e-05,0.99998456
511,149,walking,2021-05-07 10:44:28.763,2021-05-07 10:44:30.743,0.021,3,3,0.9999742,5.0851145e-14,2.7403386e-09,2.5740552e-05,0.9999742
511,149,walking,2021-05-07 10:44:29.763,2021-05-07 10:44:31.743,0.021,3,3,0.99997646,1.1020795e-13,2.770855e-09,2.3438657e-05,0.99997646
511,152,standing,2021-05-07 10:44:33.083,2021-05-07 10:44:35.063,0.021,2,2,0.9998355,7.1523687e-10,8.73003e-07,0.9998355,0.00016378833
511,152,standing,2021-05-07 10:44:34.083,2021-05-07 10:44:36.063,0.021,2,2,0.9997673,1.3122322e-09,1.7527427e-06,0.9997673,0.00023096171
511,156,standing,2021-05-07 10:44:38.923,2021-05-07 10:44:40.903,0.021,2,2,0.9914771,1.0410004e-09,0.0004920803,0.9914771,0.008030918
511,156,standing,2021-05-07 10:44:39.923,2021-05-07 10:44:41.903,0.021,2,2,0.9955324,5.268223e-10,0.00033501675,0.9955324,0.0041325376
511,156,standing,2021-05-07 10:44:40.923,2021-05-07 10:44:42.903,0.021,2,2,0.99690044,3.157064e-10,0.00025544388,0.99690044,0.0028441073
511,156,standing,2021-05-07 10:44:41.923,2021-05-07 10:44:43.903,0.021,2,2,0.99441296,5.0666726e-10,0.00028106928,0.99441296,0.005305951
511,156,standing,2021-05-07 10:44:42.923,2021-05-07 10:44:44.903,0.021,2,2,0.99598235,4.3414222e-10,0.00022787588,0.99598235,0.003789711
511,156,standing,2021-05-07 10:44:43.923,2021-05-07 10:44:45.903,0.021,2,2,0.99644804,3.2609104e-10,0.00020625214,0.99644804,0.0033456753
511,156,standing,2021-05-07 10:44:44.923,2021-05-07 10:44:46.903,0.021,2,2,0.99541837,5.273632e-10,0.00023238895,0.99541837,0.0043491954
511,156,standing,2021-05-07 10:44:45.923,2021-05-07 10:44:47.903,0.021,2,2,0.99231714,1.0006774e-09,0.00031501925,0.99231714,0.007367934
511,156,standing,2021-05-07 10:44:46.923,2021-05-07 10:44:48.903,0.021,2,2,0.99419916,6.683599e-10,0.0002895074,0.99419916,0.0055112788
511,156,standing,2021-05-07 10:44:47.923,2021-05-07 10:44:49.903,0.021,2,2,0.9980193,2.5916655e-10,0.00017523936,0.9980193,0.0018055531
511,156,standing,2021-05-07 10:44:48.923,2021-05-07 10:44:50.903,0.021,2,2,0.99656457,3.4567074e-10,0.0002385826,0.99656457,0.0031969098
511,156,standing,2021-05-07 10:44:49.923,2021-05-07 10:44:51.903,0.021,2,2,0.9945334,4.9554766e-10,0.00028920895,0.9945334,0.0051774466
511,156,standing,2021-05-07 10:44:50.923,2021-05-07 10:44:52.903,0.021,2,2,0.9956335,4.1617584e-10,0.00026795026,0.9956335,0.004098416
511,156,standing,2021-05-07 10:44:51.923,2021-05-07 10:44:53.903,0.021,2,2,0.97296935,1.8800879e-09,0.0006855157,0.97296935,0.026345206
511,156,standing,2021-05-07 10:44:52.923,2021-05-07 10:44:54.903,0.021,2,2,0.91158456,1.1108882e-08,0.0012839027,0.91158456,0.08713148
511,156,standing,2021-05-07 10:44:53.923,2021-05-07 10:44:55.903,0.021,2,2,0.9638411,1.3121154e-08,0.0008461607,0.9638411,0.035312615
511,159,walking,2021-05-07 10:44:57.284,2021-05-07 10:44:59.263,0.021,3,3,0.9999369,1.1496709e-13,6.8220194e-09,6.301929e-05,0.9999369
511,159,walking,2021-05-07 10:44:58.284,2021-05-07 10:45:00.263,0.021,3,3,0.9999954,1.0256488e-14,4.5304108e-10,4.5303377e-06,0.9999954
511,159,walking,2021-05-07 10:44:59.284,2021-05-07 10:45:01.263,0.021,3,3,0.9999929,6.323746e-14,1.9838349e-09,7.0195388e-06,0.9999929
511,159,walking,2021-05-07 10:45:00.283,2021-05-07 10:45:02.263,0.021,3,3,0.9999979,3.1051757e-14,1.1102029e-09,2.0229968e-06,0.9999979
511,159,walking,2021-05-07 10:45:01.283,2021-05-07 10:45:03.263,0.021,3,3,0.999999,6.077668e-16,1.6985797e-10,9.896926e-07,0.999999
511,159,walking,2021-05-07 10:45:02.283,2021-05-07 10:45:04.263,0.021,3,3,0.999986,1.8258905e-14,1.9027018e-09,1.3892296e-05,0.999986
511,159,walking,2021-05-07 10:45:03.283,2021-05-07 10:45:05.263,0.021,3,3,0.9999718,8.092653e-14,2.9356495e-09,2.8146786e-05,0.9999718
511,159,walking,2021-05-07 10:45:04.283,2021-05-07 10:45:06.263,0.021,3,3,0.9999835,1.1830521e-14,1.3082995e-09,1.639222e-05,0.9999835
511,159,walking,2021-05-07 10:45:05.283,2021-05-07 10:45:07.263,0.021,3,3,0.9999977,7.7031315e-16,1.3902815e-10,2.2445358e-06,0.9999977
511,159,walking,2021-05-07 10:45:06.283,2021-05-07 10:45:08.263,0.021,3,3,0.99999934,5.9455164e-16,7.089074e-11,5.584677e-07,0.99999934
511,159,walking,2021-05-07 10:45:07.283,2021-05-07 10:45:09.263,0.021,3,3,0.99999946,3.447176e-16,5.2377148e-11,4.7533155e-07,0.99999946
511,159,walking,2021-05-07 10:45:08.284,2021-05-07 10:45:10.263,0.021,3,3,0.9999996,9.321621e-17,3.5681007e-11,3.7916658e-07,0.9999996
511,159,walking,2021-05-07 10:45:09.284,2021-05-07 10:45:11.263,0.021,3,3,0.99999815,5.9219006e-16,9.956765e-11,1.8137367e-06,0.99999815
511,159,walking,2021-05-07 10:45:10.284,2021-05-07 10:45:12.263,0.021,3,3,0.99996465,1.00650994e-13,5.094311e-09,3.53243e-05,0.99996465
511,159,walking,2021-05-07 10:45:11.284,2021-05-07 10:45:13.263,0.021,3,3,0.99998873,7.4560536e-14,1.7176087e-09,1.1183315e-05,0.99998873
511,159,walking,2021-05-07 10:45:12.284,2021-05-07 10:45:14.263,0.021,3,3,0.99999803,2.5833205e-15,3.8896192e-10,1.9138615e-06,0.99999803
511,159,walking,2021-05-07 10:45:13.284,2021-05-07 10:45:15.263,0.021,3,3,0.9999992,5.908661e-16,8.246023e-11,7.679209e-07,0.9999992
511,159,walking,2021-05-07 10:45:14.284,2021-05-07 10:45:16.263,0.021,3,3,0.9999992,8.886169e-17,3.209613e-11,6.759444e-07,0.9999992
511,159,walking,2021-05-07 10:45:15.284,2021-05-07 10:45:17.263,0.021,3,3,0.9999984,1.0555074e-16,1.4235017e-10,1.5532252e-06,0.9999984
511,159,walking,2021-05-07 10:45:16.284,2021-05-07 10:45:18.263,0.021,3,3,0.999996,1.1089698e-15,3.9396966e-10,3.9479605e-06,0.999996
511,159,walking,2021-05-07 10:45:17.284,2021-05-07 10:45:19.263,0.021,3,3,0.99998695,2.5207189e-14,1.1160526e-09,1.301116e-05,0.99998695
511,159,walking,2021-05-07 10:45:18.284,2021-05-07 10:45:20.263,0.021,3,3,0.9999978,1.2777925e-15,1.686282e-10,2.1201165e-06,0.9999978
511,159,walking,2021-05-07 10:45:19.284,2021-05-07 10:45:21.263,0.021,3,3,0.9999985,1.2354035e-15,2.0029502e-10,1.4337148e-06,0.9999985
511,159,walking,2021-05-07 10:45:20.284,2021-05-07 10:45:22.263,0.021,3,3,0.9999948,7.545539e-15,1.0880329e-09,5.133459e-06,0.9999948
511,159,walking,2021-05-07 10:45:21.284,2021-05-07 10:45:23.263,0.021,3,3,0.99999875,9.094816e-16,1.6143382e-10,1.143066e-06,0.99999875
511,159,walking,2021-05-07 10:45:22.284,2021-05-07 10:45:24.263,0.021,3,3,0.9999905,2.6889164e-14,4.4929664e-09,9.435823e-06,0.9999905
511,159,walking,2021-05-07 10:45:23.284,2021-05-07 10:45:25.263,0.021,3,3,0.999975,1.159634e-13,3.9663823e-09,2.4955996e-05,0.999975
511,159,walking,2021-05-07 10:45:24.284,2021-05-07 10:45:26.263,0.021,3,3,0.9999694,1.9735265e-13,3.1944174e-09,3.0504088e-05,0.9999694
511,159,walking,2021-05-07 10:45:25.284,2021-05-07 10:45:27.263,0.021,3,3,0.99999803,1.7664629e-15,2.0905223e-10,1.959494e-06,0.99999803
511,159,walking,2021-05-07 10:45:26.284,2021-05-07 10:45:28.263,0.021,3,3,0.9999992,2.0397767e-15,1.7406061e-10,6.799575e-07,0.9999992
511,159,walking,2021-05-07 10:45:27.284,2021-05-07 10:45:29.263,0.021,3,3,0.9999954,3.006522e-14,2.2101887e-09,4.5515535e-06,0.9999954
511,159,walking,2021-05-07 10:45:28.284,2021-05-07 10:45:30.263,0.021,3,3,0.9999886,6.0410444e-14,3.4355725e-09,1.133565e-05,0.9999886
511,159,walking,2021-05-07 10:45:29.284,2021-05-07 10:45:31.263,0.021,3,3,0.99992627,1.6404991e-13,7.598567e-09,7.3680516e-05,0.99992627
511,159,walking,2021-05-07 10:45:30.284,2021-05-07 10:45:32.263,0.021,3,3,0.9999841,9.753678e-15,7.4100714e-10,1.5901749e-05,0.9999841
511,159,walking,2021-05-07 10:45:31.284,2021-05-07 10:45:33.263,0.021,3,3,0.9999967,4.387754e-15,2.5363991e-10,3.2379162e-06,0.9999967
511,159,walking,2021-05-07 10:45:32.284,2021-05-07 10:45:34.263,0.021,3,3,0.99999934,3.4208472e-15,1.8636015e-10,5.9722305e-07,0.99999934
511,159,walking,2021-05-07 10:45:33.284,2021-05-07 10:45:35.263,0.021,3,3,0.9999998,7.5292666e-17,1.6451337e-11,1.0762724e-07,0.9999998
511,159,walking,2021-05-07 10:45:34.284,2021-05-07 10:45:36.263,0.021,3,3,0.9999998,2.3529138e-17,1.291204e-11,7.708897e-08,0.9999998
511,159,walking,2021-05-07 10:45:35.284,2021-05-07 10:45:37.263,0.021,3,3,0.99999624,1.0873221e-14,6.6394107e-10,3.644598e-06,0.99999624
511,159,walking,2021-05-07 10:45:36.284,2021-05-07 10:45:38.263,0.021,3,3,0.9999662,2.8347862e-14,2.6344023e-09,3.3748773e-05,0.9999662
511,159,walking,2021-05-07 10:45:37.284,2021-05-07 10:45:39.263,0.021,3,3,0.9999898,1.1845318e-14,7.0970324e-10,1.0132734e-05,0.9999898
511,159,walking,2021-05-07 10:45:38.284,2021-05-07 10:45:40.263,0.021,3,3,0.99999374,2.3690695e-14,1.2795962e-09,6.2052745e-06,0.99999374
511,159,walking,2021-05-07 10:45:39.284,2021-05-07 10:45:41.263,0.021,3,3,0.99993104,1.3339295e-12,2.0013507e-08,6.891051e-05,0.99993104
511,159,walking,2021-05-07 10:45:40.284,2021-05-07 10:45:42.263,0.021,3,3,0.999602,8.747568e-12,5.995964e-08,0.00039798123,0.999602
511,160,standing,2021-05-07 10:45:42.324,2021-05-07 10:45:44.304,0.021,2,2,0.99977636,1.5092922e-09,1.6896655e-06,0.99977636,0.00022201978
511,160,standing,2021-05-07 10:45:43.324,2021-05-07 10:45:45.304,0.021,2,2,0.99986887,7.138216e-10,6.856129e-07,0.99986887,0.00013047489
511,160,standing,2021-05-07 10:45:44.324,2021-05-07 10:45:46.304,0.021,2,2,0.9999202,2.2967439e-10,2.3846138e-07,0.9999202,7.9520425e-05
511,160,standing,2021-05-07 10:45:45.324,2021-05-07 10:45:47.304,0.021,2,2,0.9999339,1.6184973e-10,1.8820997e-07,0.9999339,6.579143e-05
511,160,standing,2021-05-07 10:45:46.324,2021-05-07 10:45:48.304,0.021,2,2,0.9999072,1.680017e-10,2.420749e-07,0.9999072,9.2474875e-05
511,160,standing,2021-05-07 10:45:47.324,2021-05-07 10:45:49.304,0.021,2,2,0.9998698,2.2474056e-10,3.7332407e-07,0.9998698,0.00012978278
511,160,standing,2021-05-07 10:45:48.324,2021-05-07 10:45:50.304,0.021,2,2,0.9998943,3.132204e-10,5.007275e-07,0.9998943,0.000105086045
511,160,standing,2021-05-07 10:45:49.324,2021-05-07 10:45:51.304,0.021,2,2,0.99988455,4.2506287e-10,5.988426e-07,0.99988455,0.000114768256
511,160,standing,2021-05-07 10:45:50.324,2021-05-07 10:45:52.304,0.021,2,2,0.99987125,5.739255e-10,7.4798805e-07,0.99987125,0.00012800773
511,160,standing,2021-05-07 10:45:51.324,2021-05-07 10:45:53.304,0.021,2,2,0.9998741,5.8280286e-10,7.561731e-07,0.9998741,0.00012515827
511,160,standing,2021-05-07 10:45:52.324,2021-05-07 10:45:54.304,0.021,2,2,0.9998722,4.1982118e-10,6.624911e-07,0.9998722,0.0001271872
511,160,standing,2021-05-07 10:45:53.324,2021-05-07 10:45:55.304,0.021,2,2,0.9998837,3.1578026e-10,5.5327456e-07,0.9998837,0.00011560136
511,160,standing,2021-05-07 10:45:54.324,2021-05-07 10:45:56.304,0.021,2,2,0.99988717,3.619001e-10,5.853782e-07,0.99988717,0.000112212954
511,160,standing,2021-05-07 10:45:55.324,2021-05-07 10:45:57.304,0.021,2,2,0.9998843,4.4164225e-10,6.5725953e-07,0.9998843,0.000114876304
511,160,standing,2021-05-07 10:45:56.324,2021-05-07 10:45:58.304,0.021,2,2,0.9998855,4.295614e-10,6.279516e-07,0.9998855,0.000113853406
511,160,standing,2021-05-07 10:45:57.324,2021-05-07 10:45:59.304,0.021,2,2,0.9998786,4.0735298e-10,6.365313e-07,0.9998786,0.00012077353
511,160,standing,2021-05-07 10:45:58.324,2021-05-07 10:46:00.303,0.021,2,2,0.9998777,4.431142e-10,6.782752e-07,0.9998777,0.00012171997
511,160,standing,2021-05-07 10:45:59.324,2021-05-07 10:46:01.303,0.021,2,2,0.9998605,5.1915e-10,7.5301944e-07,0.9998605,0.00013870702
511,160,standing,2021-05-07 10:46:00.323,2021-05-07 10:46:02.303,0.021,2,2,0.99982905,7.683779e-10,1.0966896e-06,0.99982905,0.00016998421
511,160,standing,2021-05-07 10:46:01.323,2021-05-07 10:46:03.303,0.021,2,2,0.99980307,1.116041e-09,1.5925176e-06,0.99980307,0.00019539549
511,160,standing,2021-05-07 10:46:02.323,2021-05-07 10:46:04.303,0.021,2,2,0.99970853,2.1914066e-09,3.244843e-06,0.99970853,0.0002881829
511,160,standing,2021-05-07 10:46:03.323,2021-05-07 10:46:05.303,0.021,2,2,0.9996764,4.2147685e-09,6.0149155e-06,0.9996764,0.00031742058
511,160,standing,2021-05-07 10:46:04.323,2021-05-07 10:46:06.303,0.021,2,2,0.9998348,1.9261868e-09,1.9004185e-06,0.9998348,0.00016332293
511,160,standing,2021-05-07 10:46:05.323,2021-05-07 10:46:07.303,0.021,2,2,0.9999054,6.0691724e-10,4.324949e-07,0.9999054,9.409802e-05
511,160,standing,2021-05-07 10:46:06.323,2021-05-07 10:46:08.303,0.021,2,2,0.99988776,6.915877e-10,3.9523036e-07,0.99988776,0.000111753696
511,161,walking,2021-05-07 10:46:08.524,2021-05-07 10:46:10.503,0.021,3,3,0.91543317,5.7523377e-09,2.2420605e-05,0.08454447,0.91543317
511,161,walking,2021-05-07 10:46:09.524,2021-05-07 10:46:11.503,0.021,3,3,0.9973699,3.0736944e-10,1.7011405e-06,0.0026283849,0.9973699
511,161,walking,2021-05-07 10:46:10.524,2021-05-07 10:46:12.503,0.021,3,3,0.9978892,1.7920354e-10,2.5931129e-06,0.002108165,0.9978892
511,161,walking,2021-05-07 10:46:11.524,2021-05-07 10:46:13.503,0.021,3,3,0.84715945,4.4409036e-09,4.409514e-05,0.15279643,0.84715945
511,161,walking,2021-05-07 10:46:12.524,2021-05-07 10:46:14.503,0.021,3,3,0.99816525,6.614017e-11,1.0609626e-06,0.0018336399,0.99816525
511,161,walking,2021-05-07 10:46:13.524,2021-05-07 10:46:15.503,0.021,3,3,0.9929251,4.7891946e-10,3.2762134e-06,0.0070715686,0.9929251
511,165,walking,2021-05-07 10:46:18.044,2021-05-07 10:46:20.024,0.021,3,3,0.9866233,5.696372e-10,2.1505639e-05,0.013355149,0.9866233
511,165,walking,2021-05-07 10:46:19.044,2021-05-07 10:46:21.024,0.021,3,3,0.9965349,3.213845e-10,2.8778957e-06,0.0034622815,0.9965349
511,165,walking,2021-05-07 10:46:20.044,2021-05-07 10:46:22.024,0.021,3,3,0.99469167,2.9670155e-10,3.447087e-06,0.0053048395,0.99469167
511,165,walking,2021-05-07 10:46:21.044,2021-05-07 10:46:23.024,0.021,3,3,0.99863154,1.5595893e-10,2.1078015e-06,0.0013662853,0.99863154
511,165,walking,2021-05-07 10:46:22.044,2021-05-07 10:46:24.024,0.021,3,3,0.9931643,6.0410776e-10,3.4862458e-06,0.0068322546,0.9931643
511,165,walking,2021-05-07 10:46:23.044,2021-05-07 10:46:25.024,0.021,3,3,0.9992134,6.319911e-11,3.750292e-07,0.00078628026,0.9992134
511,165,walking,2021-05-07 10:46:24.044,2021-05-07 10:46:26.024,0.021,3,3,0.9999705,1.8409321e-12,4.0491038e-08,2.9344901e-05,0.9999705
511,165,walking,2021-05-07 10:46:25.044,2021-05-07 10:46:27.024,0.021,3,3,0.99955606,4.5121723e-12,1.076774e-07,0.00044390722,0.99955606
511,165,walking,2021-05-07 10:46:26.044,2021-05-07 10:46:28.024,0.021,3,3,0.99393797,5.414095e-10,4.2060515e-06,0.0060578645,0.99393797
511,165,walking,2021-05-07 10:46:27.044,2021-05-07 10:46:29.024,0.021,3,3,0.99959177,2.9217077e-11,8.706254e-07,0.0004073275,0.99959177
511,165,walking,2021-05-07 10:46:28.044,2021-05-07 10:46:30.024,0.021,3,3,0.99869126,1.4181041e-10,1.8395017e-06,0.0013069118,0.99869126
511,165,walking,2021-05-07 10:46:29.044,2021-05-07 10:46:31.024,0.021,3,3,0.9967628,1.14093714e-10,1.393468e-06,0.003235663,0.9967628
511,165,walking,2021-05-07 10:46:30.044,2021-05-07 10:46:32.023,0.021,3,3,0.9964588,2.6541203e-10,1.8962319e-06,0.0035392698,0.9964588
511,165,walking,2021-05-07 10:46:31.044,2021-05-07 10:46:33.023,0.021,3,3,0.9999383,5.2313817e-12,1.2942722e-07,6.147992e-05,0.9999383
511,165,walking,2021-05-07 10:46:32.043,2021-05-07 10:46:34.023,0.021,3,3,0.9999133,4.3789005e-12,4.018605e-08,8.658976e-05,0.9999133
511,165,walking,2021-05-07 10:46:33.043,2021-05-07 10:46:35.023,0.021,3,3,0.99897474,5.0052507e-11,3.394797e-07,0.0010250018,0.99897474
511,165,walking,2021-05-07 10:46:34.043,2021-05-07 10:46:36.023,0.021,3,3,0.99966687,1.0057661e-11,3.685679e-07,0.0003326926,0.99966687
511,165,walking,2021-05-07 10:46:35.043,2021-05-07 10:46:37.023,0.021,3,3,0.9968073,3.3912886e-10,2.5762713e-06,0.0031900916,0.9968073
511,165,walking,2021-05-07 10:46:36.043,2021-05-07 10:46:38.023,0.021,3,3,0.99034566,1.0395447e-09,6.185016e-06,0.009648143,0.99034566
511,165,walking,2021-05-07 10:46:37.043,2021-05-07 10:46:39.023,0.021,3,3,0.99948066,1.06048594e-10,1.1511227e-06,0.0005180867,0.99948066
511,165,walking,2021-05-07 10:46:38.043,2021-05-07 10:46:40.023,0.021,3,3,0.99565095,5.0094623e-10,2.540874e-06,0.004346517,0.99565095
511,165,walking,2021-05-07 10:46:39.043,2021-05-07 10:46:41.023,0.021,3,3,0.97170043,4.2665302e-09,1.6223263e-05,0.028283374,0.97170043
511,165,walking,2021-05-07 10:46:40.043,2021-05-07 10:46:42.023,0.021,3,3,0.9986707,9.5614135e-11,2.2444303e-06,0.0013270249,0.9986707
511,165,walking,2021-05-07 10:46:41.043,2021-05-07 10:46:43.023,0.021,3,3,0.99776894,8.992682e-11,1.226426e-06,0.0022299676,0.99776894
511,165,walking,2021-05-07 10:46:42.043,2021-05-07 10:46:44.023,0.021,3,3,0.99738485,2.932027e-10,1.2636581e-06,0.0026139058,0.99738485
511,165,walking,2021-05-07 10:46:43.043,2021-05-07 10:46:45.023,0.021,3,3,0.9999084,8.0165345e-12,9.7033585e-08,9.145473e-05,0.9999084
511,165,walking,2021-05-07 10:46:44.043,2021-05-07 10:46:46.023,0.021,3,3,0.9989647,2.4184524e-10,2.6407486e-06,0.001032542,0.9989647
511,165,walking,2021-05-07 10:46:45.043,2021-05-07 10:46:47.023,0.021,3,3,0.9983818,4.1172618e-10,3.824652e-06,0.0016144273,0.9983818
511,165,walking,2021-05-07 10:46:46.043,2021-05-07 10:46:48.023,0.021,3,3,0.99992865,2.9372713e-12,6.3963235e-08,7.1262875e-05,0.99992865
511,165,walking,2021-05-07 10:46:47.043,2021-05-07 10:46:49.023,0.021,3,3,0.9996602,4.663197e-11,2.9700283e-07,0.00033962989,0.9996602
511,165,walking,2021-05-07 10:46:48.043,2021-05-07 10:46:50.023,0.021,3,3,0.9933832,1.9025375e-09,3.2331156e-06,0.0066134944,0.9933832
511,165,walking,2021-05-07 10:46:49.043,2021-05-07 10:46:51.023,0.021,3,3,0.9785697,3.0412541e-09,3.4641413e-05,0.021395616,0.9785697
511,167,walking,2021-05-07 10:46:52.203,2021-05-07 10:46:54.183,0.021,3,3,0.9994141,7.306057e-12,1.5058433e-07,0.00058576086,0.9994141
511,167,walking,2021-05-07 10:46:53.203,2021-05-07 10:46:55.183,0.021,3,3,0.9993239,3.5723542e-11,3.2467034e-07,0.0006757866,0.9993239
511,167,walking,2021-05-07 10:46:54.203,2021-05-07 10:46:56.183,0.021,3,3,0.99979544,4.734488e-12,1.6168934e-07,0.00020439421,0.99979544
511,167,walking,2021-05-07 10:46:55.203,2021-05-07 10:46:57.183,0.021,3,3,0.9996726,1.724225e-11,1.4870386e-07,0.00032735232,0.9996726
511,167,walking,2021-05-07 10:46:56.203,2021-05-07 10:46:58.183,0.021,3,3,0.9962374,5.1162674e-10,2.8644129e-06,0.0037597478,0.9962374
511,167,walking,2021-05-07 10:46:57.203,2021-05-07 10:46:59.183,0.021,3,3,0.9997151,8.285702e-12,2.8994066e-07,0.00028455176,0.9997151
511,167,walking,2021-05-07 10:46:58.203,2021-05-07 10:47:00.184,0.021,3,3,0.9996966,1.0605729e-11,1.1387406e-07,0.0003032314,0.9996966
511,167,walking,2021-05-07 10:46:59.203,2021-05-07 10:47:01.184,0.021,3,3,0.9997983,2.1891862e-11,9.557209e-08,0.00020152208,0.9997983
511,167,walking,2021-05-07 10:47:00.204,2021-05-07 10:47:02.184,0.021,3,3,0.99998707,1.075313e-14,2.1711704e-09,1.2817593e-05,0.99998707
511,167,walking,2021-05-07 10:47:01.204,2021-05-07 10:47:03.184,0.021,3,3,0.9999984,1.373211e-16,7.1169216e-11,1.529359e-06,0.9999984
511,167,walking,2021-05-07 10:47:02.204,2021-05-07 10:47:04.184,0.021,3,3,0.99999887,3.7595978e-17,3.8016493e-11,1.0525812e-06,0.99999887
511,167,walking,2021-05-07 10:47:03.204,2021-05-07 10:47:05.184,0.021,3,3,0.99999696,1.1473154e-16,1.0522046e-10,2.9947723e-06,0.99999696
511,167,walking,2021-05-07 10:47:04.204,2021-05-07 10:47:06.184,0.021,3,3,0.9999979,7.9536883e-17,6.8510385e-11,2.0182504e-06,0.9999979
511,167,walking,2021-05-07 10:47:05.204,2021-05-07 10:47:07.184,0.021,3,3,0.9999965,2.5107585e-17,8.558863e-11,3.498995e-06,0.9999965
511,167,walking,2021-05-07 10:47:06.204,2021-05-07 10:47:08.184,0.021,3,3,0.99999565,1.8000471e-17,1.03811744e-10,4.301048e-06,0.99999565
511,167,walking,2021-05-07 10:47:07.204,2021-05-07 10:47:09.184,0.021,3,3,0.9999978,2.090965e-17,6.056199e-11,2.1165367e-06,0.9999978
511,167,walking,2021-05-07 10:47:08.204,2021-05-07 10:47:10.184,0.021,3,3,0.9999996,2.1937159e-18,8.059474e-12,3.3192262e-07,0.9999996
511,167,walking,2021-05-07 10:47:09.204,2021-05-07 10:47:11.184,0.021,3,3,0.9999997,2.3523455e-19,3.4556104e-12,2.5721917e-07,0.9999997
511,167,walking,2021-05-07 10:47:10.204,2021-05-07 10:47:12.184,0.021,3,3,0.99999577,1.2485935e-17,7.738185e-11,4.197422e-06,0.99999577
511,167,walking,2021-05-07 10:47:11.204,2021-05-07 10:47:13.184,0.021,3,3,0.9999996,1.1155359e-18,6.4958256e-12,3.438951e-07,0.9999996
511,167,walking,2021-05-07 10:47:12.204,2021-05-07 10:47:14.184,0.021,3,3,0.99999994,1.7333991e-20,5.2293467e-13,2.4327923e-08,0.99999994
511,167,walking,2021-05-07 10:47:13.204,2021-05-07 10:47:15.184,0.021,3,3,0.99999994,1.0416153e-20,7.5754073e-13,3.3255816e-08,0.99999994
511,167,walking,2021-05-07 10:47:14.204,2021-05-07 10:47:16.184,0.021,3,3,0.99999946,5.352031e-19,8.774127e-12,4.3730833e-07,0.99999946
511,167,walking,2021-05-07 10:47:15.204,2021-05-07 10:47:17.184,0.021,3,3,0.9999917,8.8072686e-17,2.6824296e-10,8.257661e-06,0.9999917
511,167,walking,2021-05-07 10:47:16.204,2021-05-07 10:47:18.184,0.021,3,3,0.9999977,2.1273388e-17,7.325262e-11,2.2214094e-06,0.9999977
511,167,walking,2021-05-07 10:47:17.204,2021-05-07 10:47:19.184,0.021,3,3,0.9999997,8.615066e-19,5.9116297e-12,2.2537023e-07,0.9999997
511,167,walking,2021-05-07 10:47:18.204,2021-05-07 10:47:20.184,0.021,3,3,0.9999984,3.633527e-18,2.7463727e-11,1.5694552e-06,0.9999984
511,167,walking,2021-05-07 10:47:19.204,2021-05-07 10:47:21.184,0.021,3,3,0.9999941,1.6571655e-17,9.996286e-11,5.845451e-06,0.9999941
511,167,walking,2021-05-07 10:47:20.204,2021-05-07 10:47:22.184,0.021,3,3,0.9999991,6.727664e-19,7.0782594e-12,8.1491686e-07,0.9999991
511,167,walking,2021-05-07 10:47:21.204,2021-05-07 10:47:23.184,0.021,3,3,0.9999992,4.661913e-19,5.2874974e-12,6.9406514e-07,0.9999992
511,167,walking,2021-05-07 10:47:22.204,2021-05-07 10:47:24.184,0.021,3,3,0.9999959,1.335367e-17,4.9405032e-11,3.9954575e-06,0.9999959
511,167,walking,2021-05-07 10:47:23.204,2021-05-07 10:47:25.184,0.021,3,3,0.9999965,7.37387e-18,3.6823853e-11,3.4139437e-06,0.9999965
511,167,walking,2021-05-07 10:47:24.204,2021-05-07 10:47:26.184,0.021,3,3,0.9999997,1.4314583e-19,1.9299254e-12,2.3503105e-07,0.9999997
511,167,walking,2021-05-07 10:47:25.204,2021-05-07 10:47:27.184,0.021,3,3,0.9999985,3.1714304e-19,1.2162435e-11,1.3915137e-06,0.9999985
511,167,walking,2021-05-07 10:47:26.204,2021-05-07 10:47:28.184,0.021,3,3,0.9999916,3.3902477e-18,1.13283716e-10,8.339324e-06,0.9999916
511,167,walking,2021-05-07 10:47:27.204,2021-05-07 10:47:29.184,0.021,3,3,0.9999948,2.4016335e-18,6.077473e-11,5.083174e-06,0.9999948
511,167,walking,2021-05-07 10:47:28.204,2021-05-07 10:47:30.184,0.021,3,3,0.9999967,1.3272823e-18,2.9206176e-11,3.2623159e-06,0.9999967
511,167,walking,2021-05-07 10:47:29.204,2021-05-07 10:47:31.184,0.021,3,3,0.99999744,7.800374e-19,1.9970572e-11,2.4516612e-06,0.99999744
511,167,walking,2021-05-07 10:47:30.204,2021-05-07 10:47:32.183,0.021,3,3,0.9999991,2.1613928e-19,6.4781045e-12,8.3840143e-07,0.9999991
511,167,walking,2021-05-07 10:47:31.204,2021-05-07 10:47:33.183,0.021,3,3,0.99999946,9.713558e-19,7.833577e-12,4.749935e-07,0.99999946
511,167,walking,2021-05-07 10:47:32.203,2021-05-07 10:47:34.183,0.021,3,3,0.9999997,4.5216727e-19,3.6843337e-12,2.6968502e-07,0.9999997
511,167,walking,2021-05-07 10:47:33.203,2021-05-07 10:47:35.183,0.021,3,3,0.9999997,6.648093e-20,2.4122163e-12,2.8227217e-07,0.9999997
511,167,walking,2021-05-07 10:47:34.203,2021-05-07 10:47:36.183,0.021,3,3,0.9999983,9.616508e-19,1.9595606e-11,1.6150768e-06,0.9999983
511,167,walking,2021-05-07 10:47:35.203,2021-05-07 10:47:37.183,0.021,3,3,0.999999,1.1076481e-18,1.4336981e-11,9.006201e-07,0.999999
511,167,walking,2021-05-07 10:47:36.203,2021-05-07 10:47:38.183,0.021,3,3,0.99999994,1.1742056e-21,2.3265268e-13,2.8720791e-08,0.99999994
511,167,walking,2021-05-07 10:47:37.203,2021-05-07 10:47:39.183,0.021,3,3,0.99999994,5.4160433e-22,1.522146e-13,2.029838e-08,0.99999994
511,167,walking,2021-05-07 10:47:38.203,2021-05-07 10:47:40.183,0.021,3,3,0.9999996,7.8259597e-20,2.5602788e-12,3.0400312e-07,0.9999996
511,167,walking,2021-05-07 10:47:39.203,2021-05-07 10:47:41.183,0.021,3,3,0.99999756,5.9978225e-19,1.964323e-11,2.3678483e-06,0.99999756
511,167,walking,2021-05-07 10:47:40.203,2021-05-07 10:47:42.183,0.021,3,3,0.9999983,3.3321862e-19,1.204419e-11,1.7054185e-06,0.9999983
511,167,walking,2021-05-07 10:47:41.203,2021-05-07 10:47:43.183,0.021,3,3,0.9999991,1.3388435e-19,6.3538003e-12,8.5138265e-07,0.9999991
511,167,walking,2021-05-07 10:47:42.203,2021-05-07 10:47:44.183,0.021,3,3,0.9999997,3.374286e-20,1.9384511e-12,2.119135e-07,0.9999997
511,167,walking,2021-05-07 10:47:43.203,2021-05-07 10:47:45.183,0.021,3,3,0.9999998,1.0545972e-20,6.75875e-13,1.1657395e-07,0.9999998
511,167,walking,2021-05-07 10:47:44.203,2021-05-07 10:47:46.183,0.021,3,3,0.9999996,1.05484245e-20,1.1939398e-12,4.0332367e-07,0.9999996
511,167,walking,2021-05-07 10:47:45.203,2021-05-07 10:47:47.183,0.021,3,3,0.9999998,3.0239752e-20,1.0698287e-12,1.4973047e-07,0.9999998
511,167,walking,2021-05-07 10:47:46.203,2021-05-07 10:47:48.183,0.021,3,3,0.9999998,1.4874879e-19,2.7664377e-12,1.4748616e-07,0.9999998
511,167,walking,2021-05-07 10:47:47.203,2021-05-07 10:47:49.183,0.021,3,3,0.9999998,7.1223036e-20,1.0429871e-12,8.210337e-08,0.9999998
511,167,walking,2021-05-07 10:47:48.203,2021-05-07 10:47:50.183,0.021,3,3,0.99999994,4.661576e-20,5.7647696e-13,5.5813814e-08,0.99999994
511,167,walking,2021-05-07 10:47:49.203,2021-05-07 10:47:51.183,0.021,3,3,0.9999996,4.525365e-19,6.8280477e-12,3.9011584e-07,0.9999996
511,167,walking,2021-05-07 10:47:50.203,2021-05-07 10:47:52.183,0.021,3,3,0.9999971,7.321596e-19,2.979132e-11,2.8351071e-06,0.9999971
511,167,walking,2021-05-07 10:47:51.203,2021-05-07 10:47:53.183,0.021,3,3,0.9999971,1.1974773e-18,2.2922757e-11,2.8966876e-06,0.9999971
511,167,walking,2021-05-07 10:47:52.203,2021-05-07 10:47:54.183,0.021,3,3,0.9999979,2.2865534e-18,2.4034275e-11,2.0408029e-06,0.9999979
511,167,walking,2021-05-07 10:47:53.203,2021-05-07 10:47:55.183,0.021,3,3,0.99999875,6.7659585e-19,1.3398447e-11,1.140269e-06,0.99999875
511,167,walking,2021-05-07 10:47:54.203,2021-05-07 10:47:56.183,0.021,3,3,0.9999992,2.2701204e-19,8.252155e-12,7.2383307e-07,0.9999992
511,167,walking,2021-05-07 10:47:55.203,2021-05-07 10:47:57.183,0.021,3,3,0.99999946,2.4668359e-19,6.091564e-12,4.187248e-07,0.99999946
511,167,walking,2021-05-07 10:47:56.203,2021-05-07 10:47:58.183,0.021,3,3,0.99999946,5.8481313e-19,9.1383125e-12,4.6256497e-07,0.99999946
511,167,walking,2021-05-07 10:47:57.203,2021-05-07 10:47:59.183,0.021,3,3,0.99999934,3.2441902e-19,6.6634406e-12,5.775498e-07,0.99999934
511,167,walking,2021-05-07 10:47:58.203,2021-05-07 10:48:00.184,0.021,3,3,0.99999875,4.1274364e-19,1.0838499e-11,1.2328519e-06,0.99999875
511,167,walking,2021-05-07 10:47:59.203,2021-05-07 10:48:01.184,0.021,3,3,0.99999875,1.8896493e-19,9.549903e-12,1.2332505e-06,0.99999875
511,167,walking,2021-05-07 10:48:00.204,2021-05-07 10:48:02.184,0.021,3,3,0.99999577,5.6043505e-18,6.278417e-11,4.194421e-06,0.99999577
511,167,walking,2021-05-07 10:48:01.204,2021-05-07 10:48:03.184,0.021,3,3,0.99999934,2.0947913e-18,9.30963e-12,5.6709564e-07,0.99999934
511,167,walking,2021-05-07 10:48:02.204,2021-05-07 10:48:04.184,0.021,3,3,0.9999997,3.8475497e-19,2.5522585e-12,2.0342725e-07,0.9999997
511,167,walking,2021-05-07 10:48:03.204,2021-05-07 10:48:05.184,0.021,3,3,0.9999991,2.7185136e-18,1.555686e-11,8.9082147e-07,0.9999991
511,167,walking,2021-05-07 10:48:04.204,2021-05-07 10:48:06.184,0.021,3,3,0.9999961,2.6505535e-17,8.00792e-11,3.843197e-06,0.9999961
511,167,walking,2021-05-07 10:48:05.204,2021-05-07 10:48:07.184,0.021,3,3,0.99999803,4.6657728e-17,7.259392e-11,1.8855092e-06,0.99999803
511,167,walking,2021-05-07 10:48:06.204,2021-05-07 10:48:08.184,0.021,3,3,0.9999997,9.40035e-19,4.4476744e-12,1.8114864e-07,0.9999997
511,167,walking,2021-05-07 10:48:07.204,2021-05-07 10:48:09.184,0.021,3,3,0.99999934,3.0835254e-18,1.1575067e-11,5.480986e-07,0.99999934
511,167,walking,2021-05-07 10:48:08.204,2021-05-07 10:48:10.184,0.021,3,3,0.9999977,5.9531713e-18,5.1494257e-11,2.2430208e-06,0.9999977
511,167,walking,2021-05-07 10:48:09.204,2021-05-07 10:48:11.184,0.021,3,3,0.99999946,1.6463979e-19,6.6366908e-12,4.542294e-07,0.99999946
511,167,walking,2021-05-07 10:48:10.204,2021-05-07 10:48:12.184,0.021,3,3,0.99999946,1.9065793e-19,4.948035e-12,4.786162e-07,0.99999946
511,167,walking,2021-05-07 10:48:11.204,2021-05-07 10:48:13.184,0.021,3,3,0.9999998,1.02902897e-19,1.5602746e-12,1.10493325e-07,0.9999998
511,167,walking,2021-05-07 10:48:12.204,2021-05-07 10:48:14.184,0.021,3,3,0.9999998,3.8137653e-19,2.3512151e-12,8.538556e-08,0.9999998
511,168,standing,2021-05-07 10:48:15.163,2021-05-07 10:48:17.144,0.021,2,2,0.9975599,1.5396986e-09,3.587903e-06,0.9975599,0.0024364921
511,168,standing,2021-05-07 10:48:16.163,2021-05-07 10:48:18.144,0.021,2,2,0.99988467,1.8075634e-10,3.196015e-07,0.99988467,0.00011490823
511,168,standing,2021-05-07 10:48:17.163,2021-05-07 10:48:19.144,0.021,2,2,0.99984384,3.7634904e-10,5.737317e-07,0.99984384,0.00015550244
511,168,standing,2021-05-07 10:48:18.163,2021-05-07 10:48:20.144,0.021,2,2,0.9997752,7.204457e-10,1.1287619e-06,0.9997752,0.00022380395
511,168,standing,2021-05-07 10:48:19.163,2021-05-07 10:48:21.144,0.021,2,2,0.99977446,1.1990262e-09,1.6404e-06,0.99977446,0.00022379654
511,168,standing,2021-05-07 10:48:20.163,2021-05-07 10:48:22.144,0.021,2,2,0.9998102,1.4724852e-09,1.8205887e-06,0.9998102,0.00018799937
511,168,standing,2021-05-07 10:48:21.163,2021-05-07 10:48:23.144,0.021,2,2,0.99982905,9.518182e-10,1.3171386e-06,0.99982905,0.00016976986
511,168,standing,2021-05-07 10:48:22.163,2021-05-07 10:48:24.144,0.021,2,2,0.99981904,7.0466993e-10,1.2145413e-06,0.99981904,0.00017979484
511,168,standing,2021-05-07 10:48:23.163,2021-05-07 10:48:25.144,0.021,2,2,0.9997935,5.57399e-10,1.1772572e-06,0.9997935,0.00020525015
511,168,standing,2021-05-07 10:48:24.163,2021-05-07 10:48:26.144,0.021,2,2,0.99952304,9.090154e-10,1.8914666e-06,0.99952304,0.000475073
511,169,walking,2021-05-07 10:48:26.684,2021-05-07 10:48:28.663,0.021,3,3,0.99999684,1.6336078e-17,8.145941e-11,3.1374466e-06,0.99999684
511,169,walking,2021-05-07 10:48:27.684,2021-05-07 10:48:29.663,0.021,3,3,0.99999875,1.5274801e-18,1.7795414e-11,1.2331599e-06,0.99999875
511,169,walking,2021-05-07 10:48:28.684,2021-05-07 10:48:30.663,0.021,3,3,0.9999997,1.4233342e-19,2.7488747e-12,1.9733362e-07,0.9999997
511,169,walking,2021-05-07 10:48:29.684,2021-05-07 10:48:31.663,0.021,3,3,0.9999997,1.794417e-19,3.1389724e-12,1.9113247e-07,0.9999997
511,169,walking,2021-05-07 10:48:30.684,2021-05-07 10:48:32.664,0.021,3,3,0.99999934,4.9033623e-19,9.153453e-12,6.0237454e-07,0.99999934
511,169,walking,2021-05-07 10:48:31.684,2021-05-07 10:48:33.664,0.021,3,3,0.9999998,7.755232e-20,1.9647983e-12,1.6800824e-07,0.9999998
511,169,walking,2021-05-07 10:48:32.683,2021-05-07 10:48:34.664,0.021,3,3,0.9999996,4.5372727e-20,2.4595957e-12,3.6126923e-07,0.9999996
511,169,walking,2021-05-07 10:48:33.683,2021-05-07 10:48:35.664,0.021,3,3,0.99999875,3.2308868e-19,8.332974e-12,1.2388875e-06,0.99999875
511,169,walking,2021-05-07 10:48:34.683,2021-05-07 10:48:36.664,0.021,3,3,0.99999946,4.9505943e-19,5.050219e-12,4.3074616e-07,0.99999946
511,169,walking,2021-05-07 10:48:35.683,2021-05-07 10:48:37.664,0.021,3,3,0.9999997,7.1192605e-20,1.7823176e-12,1.8899202e-07,0.9999997
511,169,walking,2021-05-07 10:48:36.683,2021-05-07 10:48:38.664,0.021,3,3,0.9999997,4.8896326e-20,2.413712e-12,2.2882237e-07,0.9999997
511,169,walking,2021-05-07 10:48:37.683,2021-05-07 10:48:39.664,0.021,3,3,0.9999996,2.9898746e-19,5.2663624e-12,2.9904493e-07,0.9999996
511,169,walking,2021-05-07 10:48:38.683,2021-05-07 10:48:40.664,0.021,3,3,0.9999998,2.1132676e-19,2.6653228e-12,1.3559244e-07,0.9999998
511,169,walking,2021-05-07 10:48:39.683,2021-05-07 10:48:41.664,0.021,3,3,0.9999985,1.3002677e-18,2.3138295e-11,1.382366e-06,0.9999985
511,169,walking,2021-05-07 10:48:40.683,2021-05-07 10:48:42.664,0.021,3,3,0.9999979,1.5002221e-18,3.364373e-11,2.0162383e-06,0.9999979
511,169,walking,2021-05-07 10:48:41.683,2021-05-07 10:48:43.664,0.021,3,3,0.9999986,1.3407038e-18,2.1665269e-11,1.260344e-06,0.9999986
511,169,walking,2021-05-07 10:48:42.683,2021-05-07 10:48:44.664,0.021,3,3,0.99999946,3.8203163e-19,5.750582e-12,4.2458078e-07,0.99999946
511,169,walking,2021-05-07 10:48:43.683,2021-05-07 10:48:45.664,0.021,3,3,0.99999946,1.4595015e-19,5.238152e-12,4.495849e-07,0.99999946
511,169,walking,2021-05-07 10:48:44.683,2021-05-07 10:48:46.664,0.021,3,3,0.99999934,2.6062926e-19,7.069545e-12,5.450971e-07,0.99999934
511,169,walking,2021-05-07 10:48:45.683,2021-05-07 10:48:47.664,0.021,3,3,0.99999946,2.028212e-19,5.46949e-12,4.6024647e-07,0.99999946
511,169,walking,2021-05-07 10:48:46.683,2021-05-07 10:48:48.664,0.021,3,3,0.99999934,9.261915e-20,5.9061727e-12,6.018342e-07,0.99999934
511,169,walking,2021-05-07 10:48:47.683,2021-05-07 10:48:49.664,0.021,3,3,0.9999998,3.6563315e-20,1.3785195e-12,1.6409066e-07,0.9999998
511,169,walking,2021-05-07 10:48:48.683,2021-05-07 10:48:50.664,0.021,3,3,0.9999998,3.976973e-20,1.2611819e-12,1.6007381e-07,0.9999998
511,169,walking,2021-05-07 10:48:49.683,2021-05-07 10:48:51.664,0.021,3,3,0.9999991,2.437454e-19,6.7279446e-12,8.530163e-07,0.9999991
511,169,walking,2021-05-07 10:48:50.683,2021-05-07 10:48:52.664,0.021,3,3,0.99999934,1.9614206e-19,8.397695e-12,6.409798e-07,0.99999934
511,169,walking,2021-05-07 10:48:51.683,2021-05-07 10:48:53.664,0.021,3,3,0.99999934,1.7857924e-18,1.7900889e-11,6.4160974e-07,0.99999934
511,169,walking,2021-05-07 10:48:52.683,2021-05-07 10:48:54.664,0.021,3,3,0.9999997,4.088532e-18,1.1502269e-11,2.5504815e-07,0.9999997
511,169,walking,2021-05-07 10:48:53.683,2021-05-07 10:48:55.664,0.021,3,3,0.9999998,3.3654438e-19,2.8912168e-12,6.6827525e-08,0.9999998
511,169,walking,2021-05-07 10:48:54.683,2021-05-07 10:48:56.664,0.021,3,3,0.99999994,3.89733e-20,1.037064e-12,5.822279e-08,0.99999994
511,169,walking,2021-05-07 10:48:55.683,2021-05-07 10:48:57.664,0.021,3,3,0.9999998,4.2716363e-20,2.4992014e-12,1.4006442e-07,0.9999998
511,169,walking,2021-05-07 10:48:56.683,2021-05-07 10:48:58.664,0.021,3,3,0.99999994,4.2558087e-21,3.1692796e-13,2.5087108e-08,0.99999994
511,169,walking,2021-05-07 10:48:57.683,2021-05-07 10:48:59.664,0.021,3,3,0.99999994,5.0550356e-21,5.3243147e-13,5.2580045e-08,0.99999994
511,169,walking,2021-05-07 10:48:58.683,2021-05-07 10:49:00.664,0.021,3,3,0.9999998,3.857571e-20,1.3744369e-12,1.4665626e-07,0.9999998
511,169,walking,2021-05-07 10:48:59.683,2021-05-07 10:49:01.664,0.021,3,3,0.9999997,3.1681452e-19,4.8278595e-12,2.0102216e-07,0.9999997
511,169,walking,2021-05-07 10:49:00.684,2021-05-07 10:49:02.664,0.021,3,3,0.9999998,1.0996871e-19,2.0769393e-12,7.3011016e-08,0.9999998
511,169,walking,2021-05-07 10:49:01.684,2021-05-07 10:49:03.664,0.021,3,3,0.9999998,3.2682875e-20,1.131556e-12,9.2339306e-08,0.9999998
511,169,walking,2021-05-07 10:49:02.684,2021-05-07 10:49:04.664,0.021,3,3,0.99999994,7.760525e-21,3.0021135e-13,5.523284e-08,0.99999994
511,169,walking,2021-05-07 10:49:03.684,2021-05-07 10:49:05.664,0.021,3,3,0.99999994,1.1005842e-21,7.0885124e-14,8.571595e-09,0.99999994
511,169,walking,2021-05-07 10:49:04.684,2021-05-07 10:49:06.664,0.021,3,3,0.99999994,1.8689538e-20,5.2809867e-13,5.498079e-08,0.99999994
511,169,walking,2021-05-07 10:49:05.684,2021-05-07 10:49:07.664,0.021,3,3,0.9999983,8.76803e-19,1.5941358e-11,1.6591474e-06,0.9999983
511,169,walking,2021-05-07 10:49:06.684,2021-05-07 10:49:08.663,0.021,3,3,0.9999946,2.0447576e-18,3.0932767e-11,5.4212883e-06,0.9999946
511,169,walking,2021-05-07 10:49:07.684,2021-05-07 10:49:09.663,0.021,3,3,0.9999996,2.3921608e-20,1.5177513e-12,3.4030828e-07,0.9999996
511,169,walking,2021-05-07 10:49:08.684,2021-05-07 10:49:10.663,0.021,3,3,0.9999998,3.2270458e-20,1.1725971e-12,1.0001068e-07,0.9999998
511,169,walking,2021-05-07 10:49:09.684,2021-05-07 10:49:11.663,0.021,3,3,0.9999996,3.5018438e-19,8.191219e-12,3.0147487e-07,0.9999996
511,169,walking,2021-05-07 10:49:10.684,2021-05-07 10:49:12.663,0.021,3,3,0.9999998,4.0825596e-20,1.3846409e-12,6.7018995e-08,0.9999998
511,169,walking,2021-05-07 10:49:11.684,2021-05-07 10:49:13.663,0.021,3,3,0.9999998,7.58935e-20,1.7778462e-12,8.153112e-08,0.9999998
511,169,walking,2021-05-07 10:49:12.684,2021-05-07 10:49:14.663,0.021,3,3,0.9999998,2.8341066e-19,2.9738135e-12,1.6745237e-07,0.9999998
511,169,walking,2021-05-07 10:49:13.684,2021-05-07 10:49:15.663,0.021,3,3,0.99999994,2.202796e-20,4.839271e-13,3.8835594e-08,0.99999994
511,169,walking,2021-05-07 10:49:14.684,2021-05-07 10:49:16.663,0.021,3,3,0.99999994,1.1041381e-20,2.8837252e-13,1.8846228e-08,0.99999994
511,169,walking,2021-05-07 10:49:15.684,2021-05-07 10:49:17.663,0.021,3,3,0.99999994,4.758032e-21,2.744269e-13,2.7990428e-08,0.99999994
511,169,walking,2021-05-07 10:49:16.684,2021-05-07 10:49:18.663,0.021,3,3,0.99999994,6.744497e-20,8.6455474e-13,5.1270806e-08,0.99999994
511,169,walking,2021-05-07 10:49:17.684,2021-05-07 10:49:19.663,0.021,3,3,0.9999998,2.2392544e-18,4.3506067e-12,9.3000885e-08,0.9999998
511,169,walking,2021-05-07 10:49:18.684,2021-05-07 10:49:20.663,0.021,3,3,0.9999996,1.4176511e-17,1.8137417e-11,3.248195e-07,0.9999996
511,169,walking,2021-05-07 10:49:19.684,2021-05-07 10:49:21.663,0.021,3,3,0.9999997,3.4913904e-17,1.9995965e-11,2.3898534e-07,0.9999997
511,169,walking,2021-05-07 10:49:20.684,2021-05-07 10:49:22.663,0.021,3,3,0.99999994,8.082097e-18,6.716411e-12,2.7258716e-08,0.99999994
511,169,walking,2021-05-07 10:49:21.684,2021-05-07 10:49:23.663,0.021,3,3,0.99999994,3.1448585e-19,2.0601598e-12,3.66443e-09,0.99999994
511,169,walking,2021-05-07 10:49:22.684,2021-05-07 10:49:24.663,0.021,3,3,0.99999994,3.8891636e-19,1.4986002e-11,4.862154e-08,0.99999994
511,169,walking,2021-05-07 10:49:23.684,2021-05-07 10:49:25.663,0.021,3,3,0.9999977,4.358643e-17,6.985699e-10,2.2532283e-06,0.9999977
511,169,walking,2021-05-07 10:49:24.684,2021-05-07 10:49:26.663,0.021,3,3,0.9999923,1.6554464e-14,6.3882286e-09,7.6071433e-06,0.9999923
511,169,walking,2021-05-07 10:49:25.684,2021-05-07 10:49:27.663,0.021,3,3,0.9999854,4.4624875e-13,2.160963e-08,1.457173e-05,0.9999854
511,169,walking,2021-05-07 10:49:26.684,2021-05-07 10:49:28.663,0.021,3,3,0.99999815,1.7894081e-14,1.4414279e-09,1.8256745e-06,0.99999815
511,169,walking,2021-05-07 10:49:27.684,2021-05-07 10:49:29.663,0.021,3,3,0.9999986,4.5388205e-15,3.2335773e-10,1.3212814e-06,0.9999986
511,169,walking,2021-05-07 10:49:28.684,2021-05-07 10:49:30.663,0.021,3,3,0.9999879,1.9654627e-14,1.2746778e-09,1.2004322e-05,0.9999879
511,169,walking,2021-05-07 10:49:29.684,2021-05-07 10:49:31.663,0.021,3,3,0.999981,4.3294697e-14,2.5282365e-09,1.8937513e-05,0.999981
511,169,walking,2021-05-07 10:49:30.684,2021-05-07 10:49:32.664,0.021,3,3,0.9999936,5.4379346e-14,1.8136567e-09,6.2661093e-06,0.9999936
511,169,walking,2021-05-07 10:49:31.684,2021-05-07 10:49:33.664,0.021,3,3,0.99999684,1.9761973e-14,1.2101339e-09,3.0886165e-06,0.99999684
511,169,walking,2021-05-07 10:49:32.683,2021-05-07 10:49:34.664,0.021,3,3,0.9999619,1.5165069e-13,1.8520776e-08,3.8049224e-05,0.9999619
511,169,walking,2021-05-07 10:49:33.683,2021-05-07 10:49:35.664,0.021,3,3,0.9998979,1.122837e-12,5.1357375e-08,0.00010193293,0.9998979
511,169,walking,2021-05-07 10:49:34.683,2021-05-07 10:49:36.664,0.021,3,3,0.9998567,2.4173888e-12,8.3964665e-08,0.00014322843,0.9998567
511,169,walking,2021-05-07 10:49:35.683,2021-05-07 10:49:37.664,0.021,3,3,0.9999953,1.0724991e-14,1.7499109e-09,4.6970335e-06,0.9999953
511,169,walking,2021-05-07 10:49:36.683,2021-05-07 10:49:38.664,0.021,3,3,0.9999947,1.4034895e-14,1.3872298e-08,5.207982e-06,0.9999947
511,169,walking,2021-05-07 10:49:37.683,2021-05-07 10:49:39.664,0.021,3,3,0.9999984,6.981836e-15,2.3679394e-09,1.5994852e-06,0.9999984
511,169,walking,2021-05-07 10:49:38.683,2021-05-07 10:49:40.664,0.021,3,3,0.9999998,8.4134893e-16,5.7198586e-11,1.7746137e-07,0.9999998
511,169,walking,2021-05-07 10:49:39.683,2021-05-07 10:49:41.664,0.021,3,3,0.99999565,4.201333e-14,2.1169853e-09,4.251434e-06,0.99999565
511,169,walking,2021-05-07 10:49:40.683,2021-05-07 10:49:42.664,0.021,3,3,0.9999363,2.3069203e-12,5.0775324e-08,6.356939e-05,0.9999363
511,169,walking,2021-05-07 10:49:41.683,2021-05-07 10:49:43.664,0.021,3,3,0.9999059,2.3212578e-11,4.809433e-07,9.354769e-05,0.9999059
511,169,walking,2021-05-07 10:49:42.683,2021-05-07 10:49:44.664,0.021,3,3,0.99895424,1.8099297e-10,1.1871282e-06,0.001044521,0.99895424
511,169,walking,2021-05-07 10:49:43.683,2021-05-07 10:49:45.664,0.021,3,3,0.99755013,1.4194534e-10,8.566047e-07,0.0024489185,0.99755013
511,170,sitting,2021-05-07 10:49:47.683,2021-05-07 10:49:49.664,0.021,1,1,0.9977815,3.4302905e-06,0.9977815,0.0004153266,0.0017996663
511,170,sitting,2021-05-07 10:49:48.683,2021-05-07 10:49:50.664,0.021,1,1,0.9989616,2.9960486e-06,0.9989616,0.00042399764,0.0006114691
511,170,sitting,2021-05-07 10:49:49.683,2021-05-07 10:49:51.664,0.021,1,1,0.99857783,2.1542512e-06,0.99857783,0.0007167291,0.0007033136
511,170,sitting,2021-05-07 10:49:50.683,2021-05-07 10:49:52.664,0.021,1,1,0.99791884,1.4328523e-06,0.99791884,0.0012033003,0.0008763355
511,170,sitting,2021-05-07 10:49:51.683,2021-05-07 10:49:53.664,0.021,1,1,0.9974557,9.2290475e-07,0.9974557,0.0017480485,0.0007952626
511,170,sitting,2021-05-07 10:49:52.683,2021-05-07 10:49:54.664,0.021,1,1,0.9967946,8.023298e-07,0.9967946,0.0024948635,0.0007097621
511,170,sitting,2021-05-07 10:49:53.683,2021-05-07 10:49:55.664,0.021,1,1,0.99605036,7.1818243e-07,0.99605036,0.0031976989,0.00075110677
511,170,sitting,2021-05-07 10:49:54.683,2021-05-07 10:49:56.664,0.021,1,1,0.9965231,7.900041e-07,0.9965231,0.0027217534,0.0007543181
511,170,sitting,2021-05-07 10:49:55.683,2021-05-07 10:49:57.664,0.021,1,1,0.99621236,7.3572676e-07,0.99621236,0.003073407,0.000713496
511,170,sitting,2021-05-07 10:49:56.683,2021-05-07 10:49:58.664,0.021,1,1,0.99577093,6.670781e-07,0.99577093,0.0035428067,0.00068552315
511,170,sitting,2021-05-07 10:49:57.683,2021-05-07 10:49:59.664,0.021,1,1,0.99617493,7.1164555e-07,0.99617493,0.0031458547,0.0006783796
511,170,sitting,2021-05-07 10:49:58.683,2021-05-07 10:50:00.664,0.021,1,1,0.9959866,7.1470186e-07,0.9959866,0.0033437863,0.0006689304
511,170,sitting,2021-05-07 10:49:59.683,2021-05-07 10:50:01.664,0.021,1,1,0.99631757,7.633255e-07,0.99631757,0.0029849687,0.0006967849
511,170,sitting,2021-05-07 10:50:00.684,2021-05-07 10:50:02.664,0.021,1,1,0.9969444,8.3375613e-07,0.9969444,0.002270654,0.0007839728
511,170,sitting,2021-05-07 10:50:01.684,2021-05-07 10:50:03.664,0.021,1,1,0.99749404,9.179429e-07,0.99749404,0.0015311646,0.00097374467
511,170,sitting,2021-05-07 10:50:02.684,2021-05-07 10:50:04.664,0.021,1,1,0.9978533,9.114472e-07,0.9978533,0.0010655631,0.0010800943
511,170,sitting,2021-05-07 10:50:03.684,2021-05-07 10:50:05.664,0.021,1,1,0.9872699,1.8085201e-06,0.9872699,0.0017974821,0.010930911
511,170,sitting,2021-05-07 10:50:04.684,2021-05-07 10:50:06.664,0.021,1,1,0.97968715,3.8170306e-06,0.97968715,0.0011228864,0.019186035
511,170,sitting,2021-05-07 10:50:05.684,2021-05-07 10:50:07.664,0.021,1,1,0.9983825,2.099621e-06,0.9983825,0.00048369088,0.0011317336
511,170,sitting,2021-05-07 10:50:06.684,2021-05-07 10:50:08.663,0.021,1,1,0.9889675,1.0659269e-06,0.9889675,0.009026666,0.0020047792
511,170,sitting,2021-05-07 10:50:07.684,2021-05-07 10:50:09.663,0.021,1,1,0.5980036,4.396062e-07,0.5980036,0.39941126,0.002584652
511,170,sitting,2021-05-07 10:50:08.684,2021-05-07 10:50:10.663,0.021,1,2,0.6148856,7.9174505e-08,0.38354552,0.6148856,0.0015687703
511,170,sitting,2021-05-07 10:50:09.684,2021-05-07 10:50:11.663,0.021,1,2,0.7532362,1.3921359e-08,0.24541469,0.7532362,0.0013490118
511,170,sitting,2021-05-07 10:50:10.684,2021-05-07 10:50:12.663,0.021,1,1,0.75990987,9.8688794e-08,0.75990987,0.23769106,0.0023989202
511,170,sitting,2021-05-07 10:50:11.684,2021-05-07 10:50:13.663,0.021,1,1,0.9618922,2.9218418e-07,0.9618922,0.0365982,0.0015092699
511,170,sitting,2021-05-07 10:50:12.684,2021-05-07 10:50:14.663,0.021,1,1,0.9600362,3.6183573e-07,0.9600362,0.03893062,0.0010328785
511,170,sitting,2021-05-07 10:50:13.684,2021-05-07 10:50:15.663,0.021,1,1,0.96493834,3.746647e-07,0.96493834,0.03415482,0.00090647687
511,170,sitting,2021-05-07 10:50:14.684,2021-05-07 10:50:16.663,0.021,1,1,0.96146727,3.5078446e-07,0.96146727,0.03764606,0.00088634837
511,170,sitting,2021-05-07 10:50:15.684,2021-05-07 10:50:17.663,0.021,1,1,0.9612639,3.421841e-07,0.9612639,0.037828773,0.0009069862
511,170,sitting,2021-05-07 10:50:16.684,2021-05-07 10:50:18.663,0.021,1,1,0.96123207,3.3057322e-07,0.96123207,0.03783173,0.0009359946
511,170,sitting,2021-05-07 10:50:17.684,2021-05-07 10:50:19.663,0.021,1,1,0.96587914,3.4845505e-07,0.96587914,0.03318898,0.00093144045
511,170,sitting,2021-05-07 10:50:18.684,2021-05-07 10:50:20.663,0.021,1,1,0.96690106,3.4918284e-07,0.96690106,0.032175783,0.00092265505
511,170,sitting,2021-05-07 10:50:19.684,2021-05-07 10:50:21.663,0.021,1,1,0.9941553,1.0189225e-06,0.9941553,0.0039706486,0.0018729891
511,170,sitting,2021-05-07 10:50:20.684,2021-05-07 10:50:22.663,0.021,1,1,0.99845,3.750711e-06,0.99845,0.0004553817,0.0010907814
511,170,sitting,2021-05-07 10:50:21.684,2021-05-07 10:50:23.663,0.021,1,1,0.9985899,3.3114968e-06,0.9985899,0.000854129,0.0005526923
511,170,sitting,2021-05-07 10:50:22.684,2021-05-07 10:50:24.663,0.021,1,1,0.99569327,1.191117e-06,0.99569327,0.0037315818,0.00057400734
511,170,sitting,2021-05-07 10:50:23.684,2021-05-07 10:50:25.663,0.021,1,1,0.99301785,8.1919706e-07,0.99301785,0.0064166533,0.00056471286
511,170,sitting,2021-05-07 10:50:24.684,2021-05-07 10:50:26.663,0.021,1,1,0.9933848,8.424548e-07,0.9933848,0.006077369,0.00053699815
511,170,sitting,2021-05-07 10:50:25.684,2021-05-07 10:50:27.663,0.021,1,1,0.99344695,7.913026e-07,0.99344695,0.0059878584,0.0005643793
511,170,sitting,2021-05-07 10:50:26.684,2021-05-07 10:50:28.663,0.021,1,1,0.99303913,7.3209674e-07,0.99303913,0.006380495,0.00057960197
511,170,sitting,2021-05-07 10:50:27.684,2021-05-07 10:50:29.663,0.021,1,1,0.9931173,8.2742946e-07,0.9931173,0.0062537384,0.00062804564
511,170,sitting,2021-05-07 10:50:28.684,2021-05-07 10:50:30.663,0.021,1,1,0.9931589,7.9617286e-07,0.9931589,0.0061670044,0.00067333307
511,170,sitting,2021-05-07 10:50:29.684,2021-05-07 10:50:31.663,0.021,1,1,0.6741575,2.6487478e-06,0.6741575,0.062718585,0.26312125
511,170,sitting,2021-05-07 10:50:30.684,2021-05-07 10:50:32.664,0.021,1,1,0.71551025,3.2825412e-06,0.71551025,0.030276168,0.25421032
511,170,sitting,2021-05-07 10:50:31.684,2021-05-07 10:50:33.664,0.021,1,1,0.99756706,9.446313e-07,0.99756706,0.0017123844,0.0007195182
511,170,sitting,2021-05-07 10:50:32.683,2021-05-07 10:50:34.664,0.021,1,1,0.9966989,7.3363043e-07,0.9966989,0.0025783805,0.00072194566
511,170,sitting,2021-05-07 10:50:33.683,2021-05-07 10:50:35.664,0.021,1,1,0.995441,6.6625637e-07,0.995441,0.0038062725,0.0007519671
511,170,sitting,2021-05-07 10:50:34.683,2021-05-07 10:50:36.664,0.021,1,1,0.9934364,6.756929e-07,0.9934364,0.0057826475,0.0007801777
511,170,sitting,2021-05-07 10:50:35.683,2021-05-07 10:50:37.664,0.021,1,1,0.99299556,7.0411835e-07,0.99299556,0.006274228,0.0007293932
511,170,sitting,2021-05-07 10:50:36.683,2021-05-07 10:50:38.664,0.021,1,1,0.99276286,6.693248e-07,0.99276286,0.0065256786,0.00071082875
511,170,sitting,2021-05-07 10:50:37.683,2021-05-07 10:50:39.664,0.021,1,1,0.9929784,6.474053e-07,0.9929784,0.006349739,0.000671217
511,170,sitting,2021-05-07 10:50:38.683,2021-05-07 10:50:40.664,0.021,1,1,0.9930624,6.498088e-07,0.9930624,0.0062956354,0.000641438
511,170,sitting,2021-05-07 10:50:39.683,2021-05-07 10:50:41.664,0.021,1,1,0.993048,6.7478675e-07,0.993048,0.0062870486,0.0006640738
511,171,walking,2021-05-07 10:50:45.683,2021-05-07 10:50:47.664,0.021,3,3,0.9999923,7.0589246e-14,6.8316037e-09,7.642899e-06,0.9999923
511,171,walking,2021-05-07 10:50:46.683,2021-05-07 10:50:48.664,0.021,3,3,0.9999873,3.8638966e-14,2.1547597e-09,1.2630316e-05,0.9999873
511,171,walking,2021-05-07 10:50:47.683,2021-05-07 10:50:49.664,0.021,3,3,0.99999994,2.898951e-17,5.80374e-12,2.051377e-08,0.99999994
511,171,walking,2021-05-07 10:50:48.683,2021-05-07 10:50:50.664,0.021,3,3,0.9999997,1.03943006e-16,4.0966338e-11,2.2457596e-07,0.9999997
511,171,walking,2021-05-07 10:50:49.683,2021-05-07 10:50:51.664,0.021,3,3,0.99991816,1.2854065e-13,1.48155905e-08,8.1711165e-05,0.99991816
511,171,walking,2021-05-07 10:50:50.683,2021-05-07 10:50:52.664,0.021,3,3,0.9999648,3.4949466e-13,7.551353e-09,3.5177327e-05,0.9999648
511,171,walking,2021-05-07 10:50:51.683,2021-05-07 10:50:53.664,0.021,3,3,0.9999928,3.4503945e-13,5.210821e-09,7.092806e-06,0.9999928
511,171,walking,2021-05-07 10:50:52.683,2021-05-07 10:50:54.664,0.021,3,3,0.99999875,2.9760499e-13,6.319724e-09,1.2065967e-06,0.99999875
511,171,walking,2021-05-07 10:50:53.683,2021-05-07 10:50:55.664,0.021,3,3,0.9999997,5.079095e-15,1.6728816e-10,2.2543858e-07,0.9999997
511,171,walking,2021-05-07 10:50:54.683,2021-05-07 10:50:56.664,0.021,3,3,0.9999954,7.4682836e-15,8.055868e-10,4.4756453e-06,0.9999954
511,171,walking,2021-05-07 10:50:55.683,2021-05-07 10:50:57.664,0.021,3,3,0.99999946,1.1548361e-15,1.2330253e-10,5.208705e-07,0.99999946
511,171,walking,2021-05-07 10:50:56.683,2021-05-07 10:50:58.664,0.021,3,3,0.9999992,1.0137688e-15,1.3855292e-10,6.85911e-07,0.9999992
511,171,walking,2021-05-07 10:50:57.683,2021-05-07 10:50:59.664,0.021,3,3,0.99999946,1.1427623e-16,3.2647562e-11,4.392733e-07,0.99999946
511,171,walking,2021-05-07 10:50:58.683,2021-05-07 10:51:00.664,0.021,3,3,0.9999996,6.9694645e-17,3.82813e-11,3.587314e-07,0.9999996
511,171,walking,2021-05-07 10:50:59.683,2021-05-07 10:51:01.664,0.021,3,3,0.9999997,7.829675e-17,6.157005e-11,2.4910122e-07,0.9999997
511,171,walking,2021-05-07 10:51:00.684,2021-05-07 10:51:02.664,0.021,3,3,0.9999985,5.136821e-16,1.2171747e-10,1.4316981e-06,0.9999985
511,171,walking,2021-05-07 10:51:01.684,2021-05-07 10:51:03.664,0.021,3,3,0.999999,1.7304215e-16,5.4653816e-11,8.9645465e-07,0.999999
511,171,walking,2021-05-07 10:51:02.684,2021-05-07 10:51:04.664,0.021,3,3,0.9999972,1.1193927e-15,1.3348796e-10,2.7169444e-06,0.9999972
511,171,walking,2021-05-07 10:51:03.684,2021-05-07 10:51:05.664,0.021,3,3,0.99999887,3.8500334e-16,8.0960655e-11,1.0678392e-06,0.99999887
511,171,walking,2021-05-07 10:51:04.684,2021-05-07 10:51:06.664,0.021,3,3,0.999999,3.4555612e-16,1.1942773e-10,1.0065635e-06,0.999999
511,171,walking,2021-05-07 10:51:05.684,2021-05-07 10:51:07.664,0.021,3,3,0.9999983,1.082189e-14,1.8934896e-09,1.7191976e-06,0.9999983
511,171,walking,2021-05-07 10:51:06.684,2021-05-07 10:51:08.663,0.021,3,3,0.9999992,5.699329e-14,3.1295182e-09,6.7127604e-07,0.9999992
511,171,walking,2021-05-07 10:51:07.684,2021-05-07 10:51:09.663,0.021,3,3,0.999999,5.345021e-15,1.0824548e-09,9.777211e-07,0.999999
511,171,walking,2021-05-07 10:51:08.684,2021-05-07 10:51:10.663,0.021,3,3,0.99996704,2.7320418e-13,1.1769304e-08,3.2882956e-05,0.99996704
511,171,walking,2021-05-07 10:51:09.684,2021-05-07 10:51:11.663,0.021,3,3,0.999383,4.544583e-11,4.2961645e-07,0.0006165925,0.999383
511,171,walking,2021-05-07 10:51:10.684,2021-05-07 10:51:12.663,0.021,3,3,0.9999704,9.978908e-14,1.4024962e-08,2.9605164e-05,0.9999704
511,171,walking,2021-05-07 10:51:11.684,2021-05-07 10:51:13.663,0.021,3,3,0.9999704,4.044855e-13,2.0645798e-08,2.9523735e-05,0.9999704
511,171,walking,2021-05-07 10:51:12.684,2021-05-07 10:51:14.663,0.021,3,3,0.9999972,6.306693e-14,9.52356e-10,2.789695e-06,0.9999972
511,171,walking,2021-05-07 10:51:13.684,2021-05-07 10:51:15.663,0.021,3,3,0.9997916,1.1503868e-11,9.228222e-08,0.00020837881,0.9997916
511,171,walking,2021-05-07 10:51:14.684,2021-05-07 10:51:16.663,0.021,3,3,0.99985504,2.655521e-11,3.001705e-07,0.00014458632,0.99985504
511,171,walking,2021-05-07 10:51:15.684,2021-05-07 10:51:17.663,0.021,3,3,0.9999184,2.0507606e-11,1.6610134e-07,8.1316975e-05,0.9999184
511,171,walking,2021-05-07 10:51:16.684,2021-05-07 10:51:18.663,0.021,3,3,0.9996161,7.857149e-11,8.7947575e-07,0.00038298336,0.9996161
511,171,walking,2021-05-07 10:51:17.684,2021-05-07 10:51:19.663,0.021,3,3,0.9994211,5.972409e-11,8.268858e-07,0.00057811773,0.9994211
511,171,walking,2021-05-07 10:51:18.684,2021-05-07 10:51:20.663,0.021,3,3,0.9999818,4.247261e-12,6.166965e-08,1.8002409e-05,0.9999818
511,171,walking,2021-05-07 10:51:19.684,2021-05-07 10:51:21.663,0.021,3,3,0.9999798,3.5022948e-12,5.3916175e-08,2.0077161e-05,0.9999798
511,171,walking,2021-05-07 10:51:20.684,2021-05-07 10:51:22.663,0.021,3,3,0.99996406,6.93973e-13,2.7053046e-08,3.579494e-05,0.99996406
511,171,walking,2021-05-07 10:51:21.684,2021-05-07 10:51:23.663,0.021,3,3,0.99998873,9.451888e-14,6.9242474e-09,1.1184574e-05,0.99998873
511,171,walking,2021-05-07 10:51:22.684,2021-05-07 10:51:24.663,0.021,3,3,0.99999744,3.0403092e-14,5.162588e-09,2.4755482e-06,0.99999744
511,171,walking,2021-05-07 10:51:23.684,2021-05-07 10:51:25.663,0.021,3,3,0.9999985,3.259155e-14,6.7864896e-09,1.4791342e-06,0.9999985
511,171,walking,2021-05-07 10:51:24.684,2021-05-07 10:51:26.663,0.021,3,3,0.9999637,1.1439102e-12,5.8196918e-08,3.6160647e-05,0.9999637
511,171,walking,2021-05-07 10:51:25.684,2021-05-07 10:51:27.663,0.021,3,3,0.9999847,7.800176e-14,1.2910756e-08,1.5262673e-05,0.9999847
511,171,walking,2021-05-07 10:51:26.684,2021-05-07 10:51:28.663,0.021,3,3,0.99999815,8.445954e-16,4.7887877e-10,1.7348639e-06,0.99999815
511,171,walking,2021-05-07 10:51:27.684,2021-05-07 10:51:29.663,0.021,3,3,0.99999565,2.0963307e-14,2.7384799e-09,4.2640945e-06,0.99999565
511,171,walking,2021-05-07 10:51:28.684,2021-05-07 10:51:30.663,0.021,3,3,0.999989,1.0958804e-13,1.7528704e-08,1.094073e-05,0.999989
511,171,walking,2021-05-07 10:51:29.684,2021-05-07 10:51:31.663,0.021,3,3,0.99998814,5.9310934e-14,1.6096955e-08,1.1790444e-05,0.99998814
511,171,walking,2021-05-07 10:51:30.684,2021-05-07 10:51:32.664,0.021,3,3,0.99991876,1.2981082e-13,4.7997137e-08,8.114332e-05,0.99991876
511,171,walking,2021-05-07 10:51:31.684,2021-05-07 10:51:33.664,0.021,3,3,0.9999768,6.4276604e-15,4.6500834e-09,2.3118697e-05,0.9999768
511,171,walking,2021-05-07 10:51:32.683,2021-05-07 10:51:34.664,0.021,3,3,0.9999518,1.1470989e-13,1.687696e-08,4.8098234e-05,0.9999518
511,171,walking,2021-05-07 10:51:33.683,2021-05-07 10:51:35.664,0.021,3,3,0.9999897,7.5803307e-13,4.9058308e-08,1.0255402e-05,0.9999897
511,171,walking,2021-05-07 10:51:34.683,2021-05-07 10:51:36.664,0.021,3,3,0.99996334,1.982865e-12,2.6997424e-07,3.631622e-05,0.99996334
511,171,walking,2021-05-07 10:51:35.683,2021-05-07 10:51:37.664,0.021,3,3,0.9999384,3.8876758e-13,5.5845735e-08,6.144711e-05,0.9999384
511,171,walking,2021-05-07 10:51:36.683,2021-05-07 10:51:38.664,0.021,3,3,0.9994323,2.9066968e-11,5.095665e-07,0.00056717347,0.9994323
511,171,walking,2021-05-07 10:51:37.683,2021-05-07 10:51:39.664,0.021,3,3,0.9998152,7.0079966e-12,4.7372131e-07,0.00018442191,0.9998152
511,171,walking,2021-05-07 10:51:38.683,2021-05-07 10:51:40.664,0.021,3,3,0.9997138,8.110401e-11,2.1920087e-06,0.0002839252,0.9997138
511,171,walking,2021-05-07 10:51:39.683,2021-05-07 10:51:41.664,0.021,3,3,0.9996733,7.7176165e-12,5.457822e-07,0.000326188,0.9996733
511,171,walking,2021-05-07 10:51:40.683,2021-05-07 10:51:42.664,0.021,3,3,0.99984694,4.8151305e-12,2.508467e-07,0.00015283635,0.99984694
511,171,walking,2021-05-07 10:51:41.683,2021-05-07 10:51:43.664,0.021,3,3,0.9999797,1.9856413e-12,2.6595504e-07,1.9972163e-05,0.9999797
511,171,walking,2021-05-07 10:51:42.683,2021-05-07 10:51:44.664,0.021,3,3,0.9999617,2.8467739e-11,5.015618e-07,3.778917e-05,0.9999617
511,171,walking,2021-05-07 10:51:43.683,2021-05-07 10:51:45.664,0.021,3,3,0.99976754,7.790581e-12,3.654607e-07,0.00023221405,0.99976754
511,171,walking,2021-05-07 10:51:44.683,2021-05-07 10:51:46.664,0.021,3,3,0.9999123,5.308176e-12,1.239749e-07,8.745777e-05,0.9999123
511,171,walking,2021-05-07 10:51:45.683,2021-05-07 10:51:47.664,0.021,3,3,0.9999818,1.0273393e-12,4.9651163e-08,1.8024983e-05,0.9999818
511,171,walking,2021-05-07 10:51:46.683,2021-05-07 10:51:48.664,0.021,3,3,0.99993294,3.4189426e-12,1.6650581e-07,6.686134e-05,0.99993294
511,171,walking,2021-05-07 10:51:47.683,2021-05-07 10:51:49.664,0.021,3,3,0.9997544,7.889033e-12,1.7886867e-07,0.00024533714,0.9997544
511,171,walking,2021-05-07 10:51:48.683,2021-05-07 10:51:50.664,0.021,3,3,0.99897045,6.474826e-11,1.4222734e-06,0.0010280336,0.99897045
511,171,walking,2021-05-07 10:51:49.683,2021-05-07 10:51:51.664,0.021,3,3,0.9999804,1.4079779e-12,8.8513325e-08,1.95045e-05,0.9999804
511,171,walking,2021-05-07 10:51:50.683,2021-05-07 10:51:52.664,0.021,3,3,0.99968404,1.5907962e-10,1.680099e-06,0.0003142885,0.99968404
511,171,walking,2021-05-07 10:51:51.683,2021-05-07 10:51:53.664,0.021,3,3,0.99971855,3.2649848e-11,3.5810666e-07,0.00028105796,0.99971855
511,171,walking,2021-05-07 10:51:52.683,2021-05-07 10:51:54.664,0.021,3,3,0.996777,2.5527558e-10,2.3929615e-06,0.003220607,0.996777
511,171,walking,2021-05-07 10:51:53.683,2021-05-07 10:51:55.664,0.021,3,3,0.9999055,1.7628128e-11,1.5779378e-07,9.424468e-05,0.9999055
511,171,walking,2021-05-07 10:51:54.683,2021-05-07 10:51:56.664,0.021,3,3,0.99980927,7.4161476e-12,8.310146e-08,0.0001906555,0.99980927
511,171,walking,2021-05-07 10:51:55.683,2021-05-07 10:51:57.664,0.021,3,3,0.99984,3.5607654e-12,4.531353e-08,0.0001600584,0.99984
511,171,walking,2021-05-07 10:51:56.683,2021-05-07 10:51:58.664,0.021,3,3,0.9999985,8.394824e-15,6.454846e-10,1.4218197e-06,0.9999985
511,171,walking,2021-05-07 10:51:57.683,2021-05-07 10:51:59.664,0.021,3,3,0.99999315,3.1184812e-13,1.42731285e-08,6.807271e-06,0.99999315
511,171,walking,2021-05-07 10:51:58.683,2021-05-07 10:52:00.664,0.021,3,3,0.99998087,3.9032433e-13,1.2829038e-08,1.9108533e-05,0.99998087
511,171,walking,2021-05-07 10:51:59.683,2021-05-07 10:52:01.664,0.021,3,3,0.9997165,2.4537037e-12,8.119769e-08,0.00028334226,0.9997165
511,171,walking,2021-05-07 10:52:00.684,2021-05-07 10:52:02.664,0.021,3,3,0.9999911,5.3512217e-15,3.15334e-09,8.835395e-06,0.9999911
511,171,walking,2021-05-07 10:52:01.684,2021-05-07 10:52:03.664,0.021,3,3,0.99998504,5.6583495e-14,1.2832224e-08,1.4904983e-05,0.99998504
511,171,walking,2021-05-07 10:52:02.684,2021-05-07 10:52:04.664,0.021,3,3,0.9999899,3.1464126e-14,3.0112883e-09,1.0009568e-05,0.9999899
511,171,walking,2021-05-07 10:52:03.684,2021-05-07 10:52:05.664,0.021,3,3,0.99999744,4.5992597e-15,4.951495e-10,2.5104496e-06,0.99999744
511,171,walking,2021-05-07 10:52:04.684,2021-05-07 10:52:06.664,0.021,3,3,0.9999966,5.633665e-15,7.576969e-10,3.383157e-06,0.9999966
511,171,walking,2021-05-07 10:52:05.684,2021-05-07 10:52:07.664,0.021,3,3,0.99998945,4.280397e-14,3.0077911e-09,1.0528318e-05,0.99998945
511,171,walking,2021-05-07 10:52:06.684,2021-05-07 10:52:08.663,0.021,3,3,0.9999915,1.8273741e-14,2.4989413e-09,8.42623e-06,0.9999915
511,171,walking,2021-05-07 10:52:07.684,2021-05-07 10:52:09.663,0.021,3,3,0.99965876,9.453593e-12,1.404793e-07,0.00034118636,0.99965876
511,171,walking,2021-05-07 10:52:08.684,2021-05-07 10:52:10.663,0.021,3,3,0.9993601,1.7116492e-11,1.7028738e-07,0.0006397505,0.9993601
511,171,walking,2021-05-07 10:52:09.684,2021-05-07 10:52:11.663,0.021,3,3,0.9955693,9.854549e-11,5.276351e-07,0.00443011,0.9955693
511,171,walking,2021-05-07 10:52:10.684,2021-05-07 10:52:12.663,0.021,3,3,0.99954355,1.9482445e-11,3.4173266e-07,0.00045612137,0.99954355
511,171,walking,2021-05-07 10:52:11.684,2021-05-07 10:52:13.663,0.021,3,3,0.9988474,2.1664251e-10,1.3958484e-06,0.0011511885,0.9988474
511,171,walking,2021-05-07 10:52:12.684,2021-05-07 10:52:14.663,0.021,3,3,0.99958533,1.4774943e-11,1.761864e-07,0.00041436538,0.99958533
511,171,walking,2021-05-07 10:52:13.684,2021-05-07 10:52:15.663,0.021,3,3,0.9990103,6.9002395e-12,1.1371214e-07,0.0009895165,0.9990103
511,171,walking,2021-05-07 10:52:14.684,2021-05-07 10:52:16.663,0.021,3,3,0.9999595,5.619403e-13,1.3107865e-08,4.0359882e-05,0.9999595
511,171,walking,2021-05-07 10:52:15.684,2021-05-07 10:52:17.663,0.021,3,3,0.9999855,1.6062611e-13,6.4556143e-09,1.4359272e-05,0.9999855
511,171,walking,2021-05-07 10:52:16.684,2021-05-07 10:52:18.663,0.021,3,3,0.99998957,5.2819674e-14,4.2719916e-09,1.0422464e-05,0.99998957
511,171,walking,2021-05-07 10:52:17.684,2021-05-07 10:52:19.663,0.021,3,3,0.99985385,9.381241e-13,2.5673577e-08,0.0001462333,0.99985385
511,171,walking,2021-05-07 10:52:18.684,2021-05-07 10:52:20.663,0.021,3,3,0.9999067,5.0978443e-13,1.6275964e-08,9.314077e-05,0.9999067
511,171,walking,2021-05-07 10:52:19.684,2021-05-07 10:52:21.663,0.021,3,3,0.9999861,3.0169376e-14,1.8452596e-09,1.3812637e-05,0.9999861
511,171,walking,2021-05-07 10:52:20.684,2021-05-07 10:52:22.663,0.021,3,3,0.99999374,7.446025e-15,1.3804049e-09,6.230298e-06,0.99999374
511,171,walking,2021-05-07 10:52:21.684,2021-05-07 10:52:23.663,0.021,3,3,0.99998194,1.2214475e-14,2.8429818e-09,1.7995973e-05,0.99998194
511,171,walking,2021-05-07 10:52:22.684,2021-05-07 10:52:24.663,0.021,3,3,0.9999897,2.2764857e-15,1.7121055e-09,1.0238262e-05,0.9999897
511,171,walking,2021-05-07 10:52:23.684,2021-05-07 10:52:25.663,0.021,3,3,0.999932,5.469241e-14,9.319873e-09,6.798806e-05,0.999932
511,171,walking,2021-05-07 10:52:24.684,2021-05-07 10:52:26.663,0.021,3,3,0.99998564,8.574275e-15,1.0527634e-09,1.4330464e-05,0.99998564
511,171,walking,2021-05-07 10:52:25.684,2021-05-07 10:52:27.663,0.021,3,3,0.9999823,5.10015e-15,5.8723015e-10,1.7582926e-05,0.9999823
511,171,walking,2021-05-07 10:52:26.684,2021-05-07 10:52:28.663,0.021,3,3,0.9999983,1.8268097e-16,7.5566275e-11,1.6796112e-06,0.9999983
511,171,walking,2021-05-07 10:52:27.684,2021-05-07 10:52:29.663,0.021,3,3,0.999996,3.3112398e-15,5.0619914e-10,3.890506e-06,0.999996
511,171,walking,2021-05-07 10:52:28.684,2021-05-07 10:52:30.663,0.021,3,3,0.9999946,1.3818646e-14,1.4863021e-09,5.4217435e-06,0.9999946
511,171,walking,2021-05-07 10:52:29.684,2021-05-07 10:52:31.663,0.021,3,3,0.9999942,2.390887e-14,1.6890548e-09,5.734381e-06,0.9999942
511,171,walking,2021-05-07 10:52:30.684,2021-05-07 10:52:32.664,0.021,3,3,0.9999971,5.295592e-15,8.200446e-10,2.8726e-06,0.9999971
511,171,walking,2021-05-07 10:52:31.684,2021-05-07 10:52:33.664,0.021,3,3,0.9999804,3.062642e-14,4.283579e-09,1.9595951e-05,0.9999804
511,171,walking,2021-05-07 10:52:32.683,2021-05-07 10:52:34.664,0.021,3,3,0.9998312,3.834796e-13,2.4382857e-08,0.00016892541,0.9998312
511,171,walking,2021-05-07 10:52:33.683,2021-05-07 10:52:35.664,0.021,3,3,0.99990743,2.1352404e-13,1.0454741e-08,9.2529066e-05,0.99990743
511,171,walking,2021-05-07 10:52:34.683,2021-05-07 10:52:36.664,0.021,3,3,0.9999916,1.924578e-14,1.2923084e-09,8.389842e-06,0.9999916
511,171,walking,2021-05-07 10:52:35.683,2021-05-07 10:52:37.664,0.021,3,3,0.9999916,1.7334826e-14,1.792913e-09,8.287537e-06,0.9999916
511,171,walking,2021-05-07 10:52:36.683,2021-05-07 10:52:38.664,0.021,3,3,0.99999326,1.4037283e-14,1.2497249e-09,6.680798e-06,0.99999326
511,171,walking,2021-05-07 10:52:37.683,2021-05-07 10:52:39.664,0.021,3,3,0.9999971,8.955478e-15,9.736804e-10,2.8897841e-06,0.9999971
511,171,walking,2021-05-07 10:52:38.683,2021-05-07 10:52:40.664,0.021,3,3,0.9999785,1.095733e-13,1.1182107e-08,2.1436768e-05,0.9999785
511,171,walking,2021-05-07 10:52:39.683,2021-05-07 10:52:41.664,0.021,3,3,0.9998503,6.300792e-13,3.322973e-08,0.00014971987,0.9998503
511,171,walking,2021-05-07 10:52:40.683,2021-05-07 10:52:42.664,0.021,3,3,0.9999582,2.6759224e-13,6.6194867e-09,4.1730636e-05,0.9999582
511,171,walking,2021-05-07 10:52:41.683,2021-05-07 10:52:43.664,0.021,3,3,0.9999948,2.1234037e-14,1.3054751e-09,5.1300435e-06,0.9999948
511,171,walking,2021-05-07 10:52:42.683,2021-05-07 10:52:44.664,0.021,3,3,0.99998206,5.2999512e-14,3.919034e-09,1.7922945e-05,0.99998206
511,171,walking,2021-05-07 10:52:43.683,2021-05-07 10:52:45.664,0.021,3,3,0.99999267,2.5585727e-15,8.3987206e-10,7.316056e-06,0.99999267
511,171,walking,2021-05-07 10:52:44.683,2021-05-07 10:52:46.664,0.021,3,3,0.9999859,6.729796e-15,2.6996714e-09,1.4072496e-05,0.9999859
511,171,walking,2021-05-07 10:52:45.683,2021-05-07 10:52:47.664,0.021,3,3,0.9998948,9.8461536e-14,1.5403302e-08,0.000105095205,0.9998948
511,171,walking,2021-05-07 10:52:46.683,2021-05-07 10:52:48.664,0.021,3,3,0.9997647,1.0951039e-13,1.2932165e-08,0.00023529437,0.9997647
511,171,walking,2021-05-07 10:52:47.683,2021-05-07 10:52:49.664,0.021,3,3,0.9998746,6.563338e-14,9.222192e-09,0.0001254224,0.9998746
511,171,walking,2021-05-07 10:52:48.683,2021-05-07 10:52:50.664,0.021,3,3,0.99996895,2.7326033e-14,4.177468e-09,3.096294e-05,0.99996895
511,171,walking,2021-05-07 10:52:49.683,2021-05-07 10:52:51.664,0.021,3,3,0.9999872,7.522605e-15,1.833047e-09,1.2749932e-05,0.9999872
511,171,walking,2021-05-07 10:52:50.683,2021-05-07 10:52:52.664,0.021,3,3,0.99999696,1.4199112e-15,3.8540496e-10,2.9371954e-06,0.99999696
511,171,walking,2021-05-07 10:52:51.683,2021-05-07 10:52:53.664,0.021,3,3,0.9999948,2.444954e-15,6.2109523e-10,5.1773395e-06,0.9999948
511,171,walking,2021-05-07 10:52:52.683,2021-05-07 10:52:54.664,0.021,3,3,0.9999992,6.645162e-16,1.7690185e-10,7.385368e-07,0.9999992
511,171,walking,2021-05-07 10:52:53.683,2021-05-07 10:52:55.664,0.021,3,3,0.9999977,3.3641724e-15,4.3850923e-10,2.316156e-06,0.9999977
511,171,walking,2021-05-07 10:52:54.683,2021-05-07 10:52:56.664,0.021,3,3,0.9999524,9.078667e-14,5.8320686e-09,4.757346e-05,0.9999524
511,171,walking,2021-05-07 10:52:55.683,2021-05-07 10:52:57.664,0.021,3,3,0.99998444,1.8956194e-14,1.3616557e-09,1.5541807e-05,0.99998444
511,171,walking,2021-05-07 10:52:56.683,2021-05-07 10:52:58.664,0.021,3,3,0.9999884,1.529756e-14,1.2665113e-09,1.1568432e-05,0.9999884
511,171,walking,2021-05-07 10:52:57.683,2021-05-07 10:52:59.664,0.021,3,3,0.9999961,9.902522e-15,8.0877127e-10,3.7915243e-06,0.9999961
511,171,walking,2021-05-07 10:52:58.683,2021-05-07 10:53:00.664,0.021,3,3,0.99999577,1.15959564e-14,8.232923e-10,4.127428e-06,0.99999577
511,171,walking,2021-05-07 10:52:59.683,2021-05-07 10:53:01.664,0.021,3,3,0.9999985,1.4137519e-15,2.2338942e-10,1.3960145e-06,0.9999985
511,171,walking,2021-05-07 10:53:00.684,2021-05-07 10:53:02.664,0.021,3,3,0.9999972,5.221493e-15,4.1252843e-10,2.6838393e-06,0.9999972
511,171,walking,2021-05-07 10:53:01.684,2021-05-07 10:53:03.664,0.021,3,3,0.9999333,2.3880263e-13,7.311649e-09,6.663316e-05,0.9999333
511,171,walking,2021-05-07 10:53:02.684,2021-05-07 10:53:04.664,0.021,3,3,0.9999549,8.752483e-14,4.9416538e-09,4.506161e-05,0.9999549
511,171,walking,2021-05-07 10:53:03.684,2021-05-07 10:53:05.664,0.021,3,3,0.99999005,2.071892e-14,1.0360629e-09,9.919652e-06,0.99999005
511,171,walking,2021-05-07 10:53:04.684,2021-05-07 10:53:06.664,0.021,3,3,0.9999978,2.2033684e-15,3.7107284e-10,2.165948e-06,0.9999978
511,171,walking,2021-05-07 10:53:05.684,2021-05-07 10:53:07.664,0.021,3,3,0.99999887,9.395517e-16,1.7891263e-10,1.0808646e-06,0.99999887
511,171,walking,2021-05-07 10:53:06.684,2021-05-07 10:53:08.663,0.021,3,3,0.99999577,2.5084904e-15,7.4619544e-10,4.1673043e-06,0.99999577
511,171,walking,2021-05-07 10:53:07.684,2021-05-07 10:53:09.663,0.021,3,3,0.9999288,1.7004512e-13,9.5493045e-09,7.1197675e-05,0.9999288
511,171,walking,2021-05-07 10:53:08.684,2021-05-07 10:53:10.663,0.021,3,3,0.99993306,2.0862052e-13,1.0348629e-08,6.68261e-05,0.99993306
511,171,walking,2021-05-07 10:53:09.684,2021-05-07 10:53:11.663,0.021,3,3,0.99997514,1.1776959e-13,4.3580473e-09,2.4812685e-05,0.99997514
511,171,walking,2021-05-07 10:53:10.684,2021-05-07 10:53:12.663,0.021,3,3,0.99999255,3.247284e-14,3.1087226e-09,7.398935e-06,0.99999255
511,171,walking,2021-05-07 10:53:11.684,2021-05-07 10:53:13.663,0.021,3,3,0.99996966,1.1465922e-13,9.292747e-09,3.0311485e-05,0.99996966
511,171,walking,2021-05-07 10:53:12.684,2021-05-07 10:53:14.663,0.021,3,3,0.9999364,1.919176e-13,1.2439755e-08,6.3479856e-05,0.9999364
511,171,walking,2021-05-07 10:53:13.684,2021-05-07 10:53:15.663,0.021,3,3,0.9997618,1.0315543e-12,2.9017091e-08,0.00023825874,0.9997618
511,171,walking,2021-05-07 10:53:14.684,2021-05-07 10:53:16.663,0.021,3,3,0.9999513,5.851535e-14,5.5220224e-09,4.8667596e-05,0.9999513
511,171,walking,2021-05-07 10:53:15.684,2021-05-07 10:53:17.663,0.021,3,3,0.9999971,1.0620536e-15,3.0914987e-10,2.8801765e-06,0.9999971
511,171,walking,2021-05-07 10:53:16.684,2021-05-07 10:53:18.663,0.021,3,3,0.999999,8.59482e-16,1.7124537e-10,9.160198e-07,0.999999
511,171,walking,2021-05-07 10:53:17.684,2021-05-07 10:53:19.663,0.021,3,3,0.9999973,1.2574442e-15,5.1687626e-10,2.640296e-06,0.9999973
511,171,walking,2021-05-07 10:53:18.684,2021-05-07 10:53:20.663,0.021,3,3,0.9999867,5.16445e-14,6.564454e-09,1.3172855e-05,0.9999867
511,171,walking,2021-05-07 10:53:19.684,2021-05-07 10:53:21.663,0.021,3,3,0.9999909,3.9789678e-14,3.119611e-09,9.028156e-06,0.9999909
511,171,walking,2021-05-07 10:53:20.684,2021-05-07 10:53:22.663,0.021,3,3,0.9999972,9.143614e-15,4.2425294e-10,2.6856392e-06,0.9999972
511,171,walking,2021-05-07 10:53:21.684,2021-05-07 10:53:23.663,0.021,3,3,0.9999979,3.629792e-14,1.512056e-09,2.0839875e-06,0.9999979
511,171,walking,2021-05-07 10:53:22.684,2021-05-07 10:53:24.663,0.021,3,3,0.99999744,5.28347e-14,1.7778413e-09,2.4658452e-06,0.99999744
511,171,walking,2021-05-07 10:53:23.684,2021-05-07 10:53:25.663,0.021,3,3,0.9999983,1.9830297e-15,4.5408657e-10,1.6727982e-06,0.9999983
511,171,walking,2021-05-07 10:53:24.684,2021-05-07 10:53:26.663,0.021,3,3,0.99999875,1.7204625e-16,4.929956e-11,1.1349757e-06,0.99999875
511,171,walking,2021-05-07 10:53:25.684,2021-05-07 10:53:27.663,0.021,3,3,0.9999954,8.3164797e-16,2.5343405e-10,4.491766e-06,0.9999954
511,171,walking,2021-05-07 10:53:26.684,2021-05-07 10:53:28.663,0.021,3,3,0.9999972,1.6364917e-15,2.3714425e-10,2.76299e-06,0.9999972
511,171,walking,2021-05-07 10:53:27.684,2021-05-07 10:53:29.663,0.021,3,3,0.9999984,2.2919987e-15,2.412837e-10,1.5484229e-06,0.9999984
511,171,walking,2021-05-07 10:53:28.684,2021-05-07 10:53:30.663,0.021,3,3,0.99999875,7.40708e-15,5.041107e-10,1.1353837e-06,0.99999875
511,171,walking,2021-05-07 10:53:29.684,2021-05-07 10:53:31.663,0.021,3,3,0.9999952,2.6686139e-14,2.6725837e-09,4.7752837e-06,0.9999952
511,171,walking,2021-05-07 10:53:30.684,2021-05-07 10:53:32.664,0.021,3,3,0.99999505,1.2103639e-14,1.4661067e-09,4.872027e-06,0.99999505
511,171,walking,2021-05-07 10:53:31.684,2021-05-07 10:53:33.664,0.021,3,3,0.99999815,8.6001913e-16,1.7935259e-10,1.7781454e-06,0.99999815
511,171,walking,2021-05-07 10:53:32.683,2021-05-07 10:53:34.664,0.021,3,3,0.9999992,2.3948218e-16,3.1427583e-11,6.8588025e-07,0.9999992
511,171,walking,2021-05-07 10:53:33.683,2021-05-07 10:53:35.664,0.021,3,3,0.99999803,1.8275212e-15,3.292726e-10,1.8899757e-06,0.99999803
511,171,walking,2021-05-07 10:53:34.683,2021-05-07 10:53:36.664,0.021,3,3,0.9999966,1.06571026e-14,1.5148194e-09,3.303942e-06,0.9999966
511,171,walking,2021-05-07 10:53:35.683,2021-05-07 10:53:37.664,0.021,3,3,0.9999898,4.0824372e-14,4.22484e-09,1.0094328e-05,0.9999898
511,171,walking,2021-05-07 10:53:36.683,2021-05-07 10:53:38.664,0.021,3,3,0.9999389,4.662713e-13,1.1760468e-08,6.105238e-05,0.9999389
511,171,walking,2021-05-07 10:53:37.683,2021-05-07 10:53:39.664,0.021,3,3,0.9999462,4.028381e-13,9.8147535e-09,5.3700518e-05,0.9999462
511,171,walking,2021-05-07 10:53:38.683,2021-05-07 10:53:40.664,0.021,3,3,0.9999942,9.510146e-15,1.0639152e-09,5.675427e-06,0.9999942
511,171,walking,2021-05-07 10:53:39.683,2021-05-07 10:53:41.664,0.021,3,3,0.9999959,2.3466828e-14,1.5382624e-09,4.0126447e-06,0.9999959
511,171,walking,2021-05-07 10:53:40.683,2021-05-07 10:53:42.664,0.021,3,3,0.99999577,9.812383e-15,1.5324785e-09,4.1524313e-06,0.99999577
511,171,walking,2021-05-07 10:53:41.683,2021-05-07 10:53:43.664,0.021,3,3,0.9999859,4.1961023e-14,2.2214859e-09,1.40097345e-05,0.9999859
511,171,walking,2021-05-07 10:53:42.683,2021-05-07 10:53:44.664,0.021,3,3,0.99971485,7.0620497e-12,9.457064e-08,0.00028493188,0.99971485
511,171,walking,2021-05-07 10:53:43.683,2021-05-07 10:53:45.664,0.021,3,3,0.999986,1.9951809e-14,3.1696108e-09,1.3957313e-05,0.999986
511,171,walking,2021-05-07 10:53:44.683,2021-05-07 10:53:46.664,0.021,3,3,0.99996895,9.8468095e-14,1.3055715e-08,3.0980664e-05,0.99996895
511,171,walking,2021-05-07 10:53:45.683,2021-05-07 10:53:47.664,0.021,3,3,0.9998598,1.3245152e-12,4.406281e-08,0.00014030503,0.9998598
511,171,walking,2021-05-07 10:53:46.683,2021-05-07 10:53:48.664,0.021,3,3,0.9994004,1.9629628e-11,1.9937342e-07,0.0005994058,0.9994004
511,171,walking,2021-05-07 10:53:47.683,2021-05-07 10:53:49.664,0.021,3,3,0.99992055,9.367026e-13,5.457128e-08,7.9341306e-05,0.99992055
511,171,walking,2021-05-07 10:53:48.683,2021-05-07 10:53:50.664,0.021,3,3,0.9989497,8.9978996e-11,8.157458e-07,0.0010495047,0.9989497
511,171,walking,2021-05-07 10:53:49.683,2021-05-07 10:53:51.664,0.021,3,3,0.99599564,3.4111133e-10,1.4909871e-06,0.0040028836,0.99599564
511,171,walking,2021-05-07 10:53:50.683,2021-05-07 10:53:52.664,0.021,3,3,0.9999915,1.5572371e-13,4.2409707e-09,8.487023e-06,0.9999915
511,173,standing,2021-05-07 10:53:54.723,2021-05-07 10:53:56.703,0.021,2,2,0.9985387,3.8318724e-08,1.7694843e-05,0.9985387,0.0014435694
511,173,standing,2021-05-07 10:53:55.723,2021-05-07 10:53:57.703,0.021,2,2,0.99879014,2.3892776e-08,6.591027e-06,0.99879014,0.0012031421
511,180,walking,2021-05-07 10:54:04.404,2021-05-07 10:54:06.383,0.021,3,3,0.99963015,4.19382e-13,3.1581237e-07,0.0003694736,0.99963015
511,189,standing,2021-05-07 10:54:11.843,2021-05-07 10:54:13.823,0.021,2,2,0.9997394,5.1397127e-09,4.381511e-06,0.9997394,0.00025607267
511,189,standing,2021-05-07 10:54:12.843,2021-05-07 10:54:14.823,0.021,2,2,0.99971676,7.750123e-09,6.8291197e-06,0.99971676,0.00027632032
511,189,standing,2021-05-07 10:54:13.843,2021-05-07 10:54:15.823,0.021,2,2,0.9996924,8.02779e-09,8.2866445e-06,0.9996924,0.00029921616
511,189,standing,2021-05-07 10:54:14.843,2021-05-07 10:54:16.823,0.021,2,2,0.99970424,6.971887e-09,7.69087e-06,0.99970424,0.00028791602
511,189,standing,2021-05-07 10:54:15.843,2021-05-07 10:54:17.823,0.021,2,2,0.99973893,5.9894316e-09,5.797995e-06,0.99973893,0.00025518148
511,189,standing,2021-05-07 10:54:16.843,2021-05-07 10:54:18.823,0.021,2,2,0.9997618,5.6184537e-09,4.841386e-06,0.9997618,0.0002332926
511,189,standing,2021-05-07 10:54:17.843,2021-05-07 10:54:19.823,0.021,2,2,0.9997157,6.8026464e-09,6.0665516e-06,0.9997157,0.00027812098
512,0,standing,2021-05-07 15:39:36.939,2021-05-07 15:39:38.919,0.021,2,2,0.99718046,9.790128e-09,6.521184e-05,0.99718046,0.0027543118
512,0,standing,2021-05-07 15:39:37.939,2021-05-07 15:39:39.919,0.021,2,2,0.9989571,4.1447727e-08,3.5767902e-05,0.9989571,0.0010069407
512,2,standing,2021-05-07 15:39:47.319,2021-05-07 15:39:49.299,0.021,2,2,0.99714565,1.6165254e-07,2.8694083e-05,0.99714565,0.0028253966
512,2,standing,2021-05-07 15:39:48.319,2021-05-07 15:39:50.299,0.021,2,2,0.9976546,1.7289364e-07,2.4303075e-05,0.9976546,0.0023209164
512,4,walking,2021-05-07 15:39:52.599,2021-05-07 15:39:54.580,0.021,3,3,0.99396914,2.4331252e-11,1.4076843e-05,0.006016766,0.99396914
512,4,walking,2021-05-07 15:39:53.599,2021-05-07 15:39:55.580,0.021,3,3,0.997877,1.6602324e-11,6.934418e-06,0.002116124,0.997877
512,4,walking,2021-05-07 15:39:54.599,2021-05-07 15:39:56.580,0.021,3,3,0.9997505,1.2412533e-12,4.526018e-07,0.00024897352,0.9997505
512,4,walking,2021-05-07 15:39:55.599,2021-05-07 15:39:57.580,0.021,3,3,0.99984026,3.7722768e-12,5.63307e-07,0.0001591628,0.99984026
512,4,walking,2021-05-07 15:39:56.599,2021-05-07 15:39:58.580,0.021,3,3,0.9982388,9.361199e-12,6.695587e-06,0.0017544649,0.9982388
512,4,walking,2021-05-07 15:39:57.599,2021-05-07 15:39:59.580,0.021,3,3,0.9995266,1.0928115e-12,1.2124956e-06,0.00047220933,0.9995266
512,6,walking,2021-05-07 15:40:00.480,2021-05-07 15:40:02.460,0.021,3,3,0.9997324,2.2396232e-12,6.311952e-07,0.00026689647,0.9997324
512,6,walking,2021-05-07 15:40:01.480,2021-05-07 15:40:03.460,0.021,3,3,0.9992456,8.592782e-13,3.3735791e-06,0.0007511203,0.9992456
512,6,walking,2021-05-07 15:40:02.480,2021-05-07 15:40:04.460,0.021,3,3,0.99309826,3.986234e-11,2.2109578e-05,0.0068797055,0.99309826
512,6,walking,2021-05-07 15:40:03.480,2021-05-07 15:40:05.460,0.021,3,3,0.9999662,5.9419277e-13,1.3586619e-07,3.3608067e-05,0.9999662
512,6,walking,2021-05-07 15:40:04.480,2021-05-07 15:40:06.460,0.021,3,3,0.99981546,6.3042306e-12,9.414555e-07,0.00018373608,0.99981546
512,6,walking,2021-05-07 15:40:05.480,2021-05-07 15:40:07.460,0.021,3,3,0.9992165,1.464363e-11,4.3917325e-06,0.0007790515,0.9992165
512,6,walking,2021-05-07 15:40:06.480,2021-05-07 15:40:08.460,0.021,3,3,0.9999135,2.1950653e-12,7.704164e-07,8.5622036e-05,0.9999135
512,6,walking,2021-05-07 15:40:07.480,2021-05-07 15:40:09.460,0.021,3,3,0.99871606,3.1350398e-11,7.905509e-06,0.0012761054,0.99871606
512,6,walking,2021-05-07 15:40:08.479,2021-05-07 15:40:10.460,0.021,3,3,0.9986639,3.0111375e-11,3.5865714e-06,0.0013324867,0.9986639
512,6,walking,2021-05-07 15:40:09.479,2021-05-07 15:40:11.460,0.021,3,3,0.9993743,1.2081435e-11,1.9362678e-06,0.0006237285,0.9993743
512,6,walking,2021-05-07 15:40:10.479,2021-05-07 15:40:12.460,0.021,3,3,0.9978763,2.662486e-11,1.0310177e-05,0.0021134117,0.9978763
512,6,walking,2021-05-07 15:40:11.479,2021-05-07 15:40:13.460,0.021,3,3,0.99729234,1.6238595e-10,2.8219933e-05,0.002679365,0.99729234
512,6,walking,2021-05-07 15:40:12.479,2021-05-07 15:40:14.460,0.021,3,3,0.99898,1.4861893e-11,9.699372e-06,0.0010104635,0.99898
512,6,walking,2021-05-07 15:40:13.479,2021-05-07 15:40:15.460,0.021,3,3,0.99929816,2.0529942e-11,2.0057323e-06,0.0006998625,0.99929816
512,6,walking,2021-05-07 15:40:14.479,2021-05-07 15:40:16.459,0.021,3,3,0.9977225,5.3014655e-11,9.097305e-06,0.0022684745,0.9977225
512,6,walking,2021-05-07 15:40:15.479,2021-05-07 15:40:17.459,0.021,3,3,0.9957542,6.544534e-11,2.172082e-05,0.00422406,0.9957542
512,6,walking,2021-05-07 15:40:16.479,2021-05-07 15:40:18.459,0.021,3,3,0.9787058,3.73773e-10,6.618845e-05,0.021227956,0.9787058
512,6,walking,2021-05-07 15:40:17.479,2021-05-07 15:40:19.459,0.021,3,3,0.9691908,2.8859312e-10,9.3785726e-05,0.030715397,0.9691908
512,6,walking,2021-05-07 15:40:18.479,2021-05-07 15:40:20.459,0.021,3,3,0.99749225,2.1603632e-11,1.0333706e-05,0.0024974076,0.99749225
512,6,walking,2021-05-07 15:40:19.479,2021-05-07 15:40:21.459,0.021,3,3,0.9992865,3.1348448e-11,8.07511e-06,0.0007055011,0.9992865
512,6,walking,2021-05-07 15:40:20.479,2021-05-07 15:40:22.459,0.021,3,3,0.9951498,5.516053e-11,1.565449e-05,0.004834613,0.9951498
512,6,walking,2021-05-07 15:40:21.479,2021-05-07 15:40:23.459,0.021,3,3,0.99831086,4.800405e-11,1.51195445e-05,0.0016740552,0.99831086
512,6,walking,2021-05-07 15:40:22.479,2021-05-07 15:40:24.459,0.021,3,3,0.9963972,1.3344345e-10,2.1404652e-05,0.003581376,0.9963972
512,6,walking,2021-05-07 15:40:23.479,2021-05-07 15:40:25.459,0.021,3,3,0.9954101,5.4023935e-11,1.6189404e-05,0.004573734,0.9954101
512,6,walking,2021-05-07 15:40:24.479,2021-05-07 15:40:26.459,0.021,3,3,0.98327756,1.1375961e-10,4.05467e-05,0.016681796,0.98327756
512,6,walking,2021-05-07 15:40:25.479,2021-05-07 15:40:27.459,0.021,3,3,0.9976392,5.1046577e-11,8.934728e-06,0.00235186,0.9976392
512,6,walking,2021-05-07 15:40:26.479,2021-05-07 15:40:28.459,0.021,3,3,0.99276155,8.113654e-11,2.2005377e-05,0.0072164177,0.99276155
512,6,walking,2021-05-07 15:40:27.479,2021-05-07 15:40:29.459,0.021,3,3,0.9492871,2.1175182e-10,7.991275e-05,0.050633036,0.9492871
512,6,walking,2021-05-07 15:40:28.479,2021-05-07 15:40:30.459,0.021,3,3,0.97121674,1.7246388e-10,5.2784348e-05,0.028730405,0.97121674
512,6,walking,2021-05-07 15:40:29.479,2021-05-07 15:40:31.459,0.021,3,3,0.9744005,2.5106314e-10,5.7186196e-05,0.025542365,0.9744005
512,6,walking,2021-05-07 15:40:30.479,2021-05-07 15:40:32.459,0.021,3,3,0.94540876,6.73626e-10,0.0001320558,0.054459255,0.94540876
512,6,walking,2021-05-07 15:40:31.479,2021-05-07 15:40:33.459,0.021,3,3,0.9729267,3.364459e-10,5.777327e-05,0.02701558,0.9729267
512,6,walking,2021-05-07 15:40:32.479,2021-05-07 15:40:34.459,0.021,3,3,0.9964687,6.384779e-11,9.921148e-06,0.0035214676,0.9964687
512,6,walking,2021-05-07 15:40:33.479,2021-05-07 15:40:35.459,0.021,3,3,0.9998269,1.7872209e-12,9.5066997e-07,0.000172252,0.9998269
512,6,walking,2021-05-07 15:40:34.479,2021-05-07 15:40:36.459,0.021,3,3,0.9994661,5.2966867e-12,1.9676324e-06,0.0005317543,0.9994661
512,6,walking,2021-05-07 15:40:35.479,2021-05-07 15:40:37.459,0.021,3,3,0.99908656,1.4187269e-11,4.6325713e-06,0.0009088401,0.99908656
512,6,walking,2021-05-07 15:40:36.479,2021-05-07 15:40:38.459,0.021,3,3,0.9998357,1.9629517e-12,2.1539022e-06,0.0001620527,0.9998357
512,6,walking,2021-05-07 15:40:37.479,2021-05-07 15:40:39.459,0.021,3,3,0.99949116,2.7189364e-11,4.6637547e-06,0.0005040682,0.99949116
512,7,sitting,2021-05-07 15:40:41.919,2021-05-07 15:40:43.900,0.021,1,1,0.8021498,0.1978064,0.8021498,3.5985955e-05,7.847948e-06
512,7,sitting,2021-05-07 15:40:42.919,2021-05-07 15:40:44.900,0.021,1,1,0.82809263,0.17186143,0.82809263,4.046395e-05,5.5700025e-06
512,7,sitting,2021-05-07 15:40:43.919,2021-05-07 15:40:45.900,0.021,1,1,0.64514554,0.35478345,0.64514554,6.198189e-05,9.081024e-06
512,7,sitting,2021-05-07 15:40:44.919,2021-05-07 15:40:46.900,0.021,1,1,0.6527744,0.3471542,0.6527744,6.062417e-05,1.0880652e-05
512,7,sitting,2021-05-07 15:40:45.919,2021-05-07 15:40:47.900,0.021,1,1,0.6599154,0.34001085,0.6599154,6.28235e-05,1.09024495e-05
512,7,sitting,2021-05-07 15:40:46.919,2021-05-07 15:40:48.900,0.021,1,1,0.5237161,0.47619826,0.5237161,7.1627335e-05,1.4132884e-05
512,7,sitting,2021-05-07 15:40:47.919,2021-05-07 15:40:49.900,0.021,1,1,0.6493104,0.350613,0.6493104,6.362877e-05,1.28161255e-05
512,7,sitting,2021-05-07 15:40:48.919,2021-05-07 15:40:50.900,0.021,1,1,0.6628462,0.33707795,0.6628462,6.359191e-05,1.2176461e-05
512,7,sitting,2021-05-07 15:40:49.919,2021-05-07 15:40:51.900,0.021,1,1,0.5182324,0.48168442,0.5182324,6.8210196e-05,1.503842e-05
512,7,sitting,2021-05-07 15:40:50.919,2021-05-07 15:40:52.900,0.021,1,1,0.6512434,0.34868178,0.6512434,6.178963e-05,1.3008803e-05
512,7,sitting,2021-05-07 15:40:51.919,2021-05-07 15:40:53.900,0.021,1,1,0.7159268,0.28400806,0.7159268,5.1070987e-05,1.4009942e-05
512,7,sitting,2021-05-07 15:40:52.919,2021-05-07 15:40:54.900,0.021,1,1,0.7193396,0.28060147,0.7193396,4.2668664e-05,1.620623e-05
512,7,sitting,2021-05-07 15:40:53.919,2021-05-07 15:40:55.900,0.021,1,1,0.6517522,0.3481792,0.6517522,5.6683828e-05,1.1788573e-05
512,7,sitting,2021-05-07 15:40:54.919,2021-05-07 15:40:56.900,0.021,1,1,0.72654974,0.2733828,0.72654974,5.835497e-05,9.057544e-06
512,7,sitting,2021-05-07 15:40:55.919,2021-05-07 15:40:57.900,0.021,1,1,0.73789394,0.2620455,0.73789394,4.7287034e-05,1.3186565e-05
512,7,sitting,2021-05-07 15:40:56.919,2021-05-07 15:40:58.900,0.021,1,1,0.72308356,0.27685845,0.72308356,4.2069503e-05,1.5821764e-05
512,7,sitting,2021-05-07 15:40:57.919,2021-05-07 15:40:59.900,0.021,1,1,0.67293185,0.32700193,0.67293185,5.2735217e-05,1.3494621e-05
512,7,sitting,2021-05-07 15:40:58.919,2021-05-07 15:41:00.900,0.021,1,1,0.732102,0.26783544,0.732102,4.855095e-05,1.3930246e-05
512,7,sitting,2021-05-07 15:40:59.919,2021-05-07 15:41:01.900,0.021,1,1,0.66184556,0.33808568,0.66184556,5.119362e-05,1.76062e-05
512,7,sitting,2021-05-07 15:41:00.920,2021-05-07 15:41:02.900,0.021,1,1,0.6556916,0.3442415,0.6556916,5.104155e-05,1.5869522e-05
512,7,sitting,2021-05-07 15:41:01.920,2021-05-07 15:41:03.900,0.021,1,1,0.6969869,0.302946,0.6969869,5.1323772e-05,1.5813817e-05
512,7,sitting,2021-05-07 15:41:02.920,2021-05-07 15:41:04.900,0.021,1,1,0.8498714,0.15008582,0.8498714,2.7922857e-05,1.4663166e-05
512,7,sitting,2021-05-07 15:41:03.920,2021-05-07 15:41:05.900,0.021,1,1,0.85179615,0.14815924,0.85179615,3.091663e-05,1.3709912e-05
512,7,sitting,2021-05-07 15:41:04.920,2021-05-07 15:41:06.900,0.021,1,1,0.8154877,0.18445593,0.8154877,4.4103577e-05,1.2265974e-05
512,7,sitting,2021-05-07 15:41:05.920,2021-05-07 15:41:07.900,0.021,1,1,0.7093473,0.29058015,0.7093473,5.5520566e-05,1.7045128e-05
512,7,sitting,2021-05-07 15:41:06.920,2021-05-07 15:41:08.899,0.021,1,1,0.61273295,0.38718334,0.61273295,6.36196e-05,2.0094367e-05
512,7,sitting,2021-05-07 15:41:07.920,2021-05-07 15:41:09.899,0.021,1,1,0.7055633,0.29437447,0.7055633,4.451366e-05,1.772488e-05
512,7,sitting,2021-05-07 15:41:08.920,2021-05-07 15:41:10.899,0.021,1,1,0.881319,0.1186601,0.881319,1.2165547e-05,8.693628e-06
512,7,sitting,2021-05-07 15:41:09.920,2021-05-07 15:41:11.899,0.021,1,1,0.8302649,0.16971374,0.8302649,1.59888e-05,5.2740756e-06
512,7,sitting,2021-05-07 15:41:10.920,2021-05-07 15:41:12.899,0.021,1,1,0.6741615,0.32577935,0.6741615,5.4536817e-05,4.698425e-06
512,7,sitting,2021-05-07 15:41:11.920,2021-05-07 15:41:13.899,0.021,1,1,0.70919657,0.29074034,0.70919657,5.8715726e-05,4.316952e-06
512,7,sitting,2021-05-07 15:41:12.920,2021-05-07 15:41:14.899,0.021,1,1,0.7209574,0.2789809,0.7209574,5.7406538e-05,4.1766316e-06
512,7,sitting,2021-05-07 15:41:13.920,2021-05-07 15:41:15.899,0.021,1,1,0.7325439,0.26739746,0.7325439,5.496083e-05,3.7728896e-06
512,7,sitting,2021-05-07 15:41:14.920,2021-05-07 15:41:16.899,0.021,1,1,0.7332385,0.2667039,0.7332385,5.389182e-05,3.6664753e-06
512,7,sitting,2021-05-07 15:41:15.920,2021-05-07 15:41:17.899,0.021,1,1,0.72800446,0.27193457,0.72800446,5.707816e-05,3.890657e-06
512,7,sitting,2021-05-07 15:41:16.920,2021-05-07 15:41:18.899,0.021,1,1,0.7349323,0.26500726,0.7349323,5.6647492e-05,3.6703775e-06
512,7,sitting,2021-05-07 15:41:17.920,2021-05-07 15:41:19.899,0.021,1,1,0.7294071,0.27053466,0.7294071,5.4768247e-05,3.4784057e-06
512,7,sitting,2021-05-07 15:41:18.920,2021-05-07 15:41:20.899,0.021,1,1,0.7312351,0.26870823,0.7312351,5.3339652e-05,3.325482e-06
512,7,sitting,2021-05-07 15:41:19.920,2021-05-07 15:41:21.899,0.021,1,1,0.7406741,0.25926918,0.7406741,5.3420124e-05,3.266312e-06
512,7,sitting,2021-05-07 15:41:20.920,2021-05-07 15:41:22.899,0.021,1,1,0.70038825,0.29955727,0.70038825,5.129655e-05,3.1750776e-06
512,7,sitting,2021-05-07 15:41:21.920,2021-05-07 15:41:23.899,0.021,1,1,0.7373054,0.2626505,0.7373054,4.1173327e-05,3.014571e-06
512,7,sitting,2021-05-07 15:41:22.920,2021-05-07 15:41:24.899,0.021,1,1,0.7836041,0.21634574,0.7836041,4.638151e-05,3.703727e-06
512,7,sitting,2021-05-07 15:41:23.920,2021-05-07 15:41:25.899,0.021,1,1,0.7395079,0.26043114,0.7395079,5.69333e-05,4.0473274e-06
512,7,sitting,2021-05-07 15:41:24.920,2021-05-07 15:41:26.899,0.021,1,1,0.7516017,0.24834277,0.7516017,5.163328e-05,3.8567514e-06
512,7,sitting,2021-05-07 15:41:25.920,2021-05-07 15:41:27.899,0.021,1,1,0.7599399,0.24000484,0.7599399,5.137922e-05,3.90251e-06
512,7,sitting,2021-05-07 15:41:26.920,2021-05-07 15:41:28.899,0.021,1,1,0.7641008,0.23584257,0.7641008,5.2774587e-05,4.0134755e-06
512,7,sitting,2021-05-07 15:41:27.920,2021-05-07 15:41:29.899,0.021,1,1,0.7452104,0.25472635,0.7452104,5.8894406e-05,4.3744385e-06
512,7,sitting,2021-05-07 15:41:28.920,2021-05-07 15:41:30.899,0.021,1,1,0.7738324,0.22611165,0.7738324,5.179898e-05,4.0839177e-06
512,7,sitting,2021-05-07 15:41:29.920,2021-05-07 15:41:31.899,0.021,1,1,0.753533,0.24640697,0.753533,5.5724304e-05,4.2289666e-06
512,7,sitting,2021-05-07 15:41:30.920,2021-05-07 15:41:32.900,0.021,1,1,0.7496119,0.25032738,0.7496119,5.6372155e-05,4.407411e-06
512,7,sitting,2021-05-07 15:41:31.920,2021-05-07 15:41:33.900,0.021,1,1,0.7766966,0.22324306,0.7766966,5.5823868e-05,4.424481e-06
512,7,sitting,2021-05-07 15:41:32.919,2021-05-07 15:41:34.900,0.021,1,1,0.7583529,0.24158901,0.7583529,5.3867603e-05,4.2193014e-06
512,7,sitting,2021-05-07 15:41:33.919,2021-05-07 15:41:35.900,0.021,1,1,0.77251565,0.22742684,0.77251565,5.3241005e-05,4.361403e-06
512,7,sitting,2021-05-07 15:41:34.919,2021-05-07 15:41:36.900,0.021,1,1,0.7548029,0.24513358,0.7548029,5.8648813e-05,4.862679e-06
512,7,sitting,2021-05-07 15:41:35.919,2021-05-07 15:41:37.900,0.021,1,1,0.7564217,0.24351487,0.7564217,5.85688e-05,4.90857e-06
512,7,sitting,2021-05-07 15:41:36.919,2021-05-07 15:41:38.900,0.021,1,1,0.7476346,0.25229973,0.7476346,6.0876002e-05,4.780612e-06
512,7,sitting,2021-05-07 15:41:37.919,2021-05-07 15:41:39.900,0.021,1,1,0.741731,0.25820655,0.741731,5.7648176e-05,4.817492e-06
512,7,sitting,2021-05-07 15:41:38.919,2021-05-07 15:41:40.900,0.021,1,1,0.7347878,0.2651467,0.7347878,6.0305763e-05,5.2847226e-06
512,7,sitting,2021-05-07 15:41:39.919,2021-05-07 15:41:41.900,0.021,1,1,0.728924,0.27101037,0.728924,6.0265316e-05,5.281294e-06
512,7,sitting,2021-05-07 15:41:40.919,2021-05-07 15:41:42.900,0.021,1,1,0.7312891,0.268648,0.7312891,5.7879744e-05,5.0461394e-06
512,7,sitting,2021-05-07 15:41:41.919,2021-05-07 15:41:43.900,0.021,1,1,0.75117743,0.24876016,0.75117743,5.7527683e-05,4.913042e-06
512,7,sitting,2021-05-07 15:41:42.919,2021-05-07 15:41:44.900,0.021,1,1,0.7290465,0.27088708,0.7290465,6.1112405e-05,5.2809933e-06
512,7,sitting,2021-05-07 15:41:43.919,2021-05-07 15:41:45.900,0.021,1,1,0.71599215,0.2839406,0.71599215,6.160305e-05,5.5055793e-06
512,7,sitting,2021-05-07 15:41:44.919,2021-05-07 15:41:46.900,0.021,1,1,0.7396025,0.26033574,0.7396025,5.685826e-05,4.8927855e-06
512,7,sitting,2021-05-07 15:41:45.919,2021-05-07 15:41:47.900,0.021,1,1,0.7268983,0.27303886,0.7268983,5.8165333e-05,4.7182425e-06
512,7,sitting,2021-05-07 15:41:46.919,2021-05-07 15:41:48.900,0.021,1,1,0.7224554,0.27747658,0.7224554,6.236911e-05,5.6898284e-06
512,7,sitting,2021-05-07 15:41:47.919,2021-05-07 15:41:49.900,0.021,1,1,0.7576839,0.24224983,0.7576839,5.8283804e-05,8.092495e-06
512,7,sitting,2021-05-07 15:41:48.919,2021-05-07 15:41:50.900,0.021,1,1,0.806852,0.1930877,0.806852,5.2200052e-05,8.193614e-06
512,7,sitting,2021-05-07 15:41:49.919,2021-05-07 15:41:51.900,0.021,1,1,0.8212462,0.17869651,0.8212462,4.9875645e-05,7.481015e-06
512,7,sitting,2021-05-07 15:41:50.919,2021-05-07 15:41:52.900,0.021,1,1,0.8569811,0.14296849,0.8569811,4.2348453e-05,8.038987e-06
512,7,sitting,2021-05-07 15:41:51.919,2021-05-07 15:41:53.900,0.021,1,1,0.86938727,0.13056289,0.86938727,4.0823397e-05,9.019352e-06
512,7,sitting,2021-05-07 15:41:52.919,2021-05-07 15:41:54.900,0.021,1,1,0.88182807,0.118121706,0.88182807,4.084122e-05,9.373935e-06
512,7,sitting,2021-05-07 15:41:53.919,2021-05-07 15:41:55.900,0.021,1,1,0.9061455,0.09381325,0.9061455,3.2911343e-05,8.163168e-06
512,7,sitting,2021-05-07 15:41:54.919,2021-05-07 15:41:56.900,0.021,1,1,0.90919363,0.09076684,0.90919363,3.111144e-05,8.341586e-06
512,7,sitting,2021-05-07 15:41:55.919,2021-05-07 15:41:57.900,0.021,1,1,0.87248576,0.12746358,0.87248576,4.1530646e-05,9.181893e-06
512,7,sitting,2021-05-07 15:41:56.919,2021-05-07 15:41:58.900,0.021,1,1,0.85831517,0.14163174,0.85831517,4.4262575e-05,8.727961e-06
512,7,sitting,2021-05-07 15:41:57.919,2021-05-07 15:41:59.900,0.021,1,1,0.76630074,0.23363136,0.76630074,5.8085418e-05,9.765927e-06
512,7,sitting,2021-05-07 15:41:58.919,2021-05-07 15:42:00.900,0.021,1,1,0.7809904,0.21894561,0.7809904,5.51403e-05,8.827051e-06
512,7,sitting,2021-05-07 15:41:59.919,2021-05-07 15:42:01.900,0.021,1,1,0.6708005,0.32912442,0.6708005,6.481921e-05,1.01819005e-05
512,7,sitting,2021-05-07 15:42:00.920,2021-05-07 15:42:02.900,0.021,1,1,0.7197839,0.28014463,0.7197839,6.105523e-05,1.0314907e-05
512,7,sitting,2021-05-07 15:42:01.920,2021-05-07 15:42:03.900,0.021,1,1,0.7957066,0.20423265,0.7957066,5.1721006e-05,9.008573e-06
512,7,sitting,2021-05-07 15:42:02.920,2021-05-07 15:42:04.900,0.021,1,1,0.6311526,0.36877334,0.6311526,6.443704e-05,9.604355e-06
512,7,sitting,2021-05-07 15:42:03.920,2021-05-07 15:42:05.900,0.021,1,1,0.7380628,0.2618741,0.7380628,5.6122033e-05,7.0099336e-06
512,7,sitting,2021-05-07 15:42:04.920,2021-05-07 15:42:06.900,0.021,1,1,0.78226453,0.21767402,0.78226453,5.3295153e-05,8.158592e-06
512,7,sitting,2021-05-07 15:42:05.920,2021-05-07 15:42:07.900,0.021,1,1,0.65125287,0.3486666,0.65125287,6.6825e-05,1.361117e-05
512,7,sitting,2021-05-07 15:42:06.920,2021-05-07 15:42:08.899,0.021,1,1,0.6523756,0.34754214,0.6523756,6.925559e-05,1.2933608e-05
512,7,sitting,2021-05-07 15:42:07.920,2021-05-07 15:42:09.899,0.021,1,1,0.8413218,0.15862404,0.8413218,4.5374567e-05,8.818628e-06
512,7,sitting,2021-05-07 15:42:08.920,2021-05-07 15:42:10.899,0.021,1,1,0.6963763,0.30354968,0.6963763,6.249377e-05,1.1461519e-05
512,7,sitting,2021-05-07 15:42:09.920,2021-05-07 15:42:11.899,0.021,1,1,0.56614685,0.43376535,0.56614685,7.4124364e-05,1.37264e-05
512,7,sitting,2021-05-07 15:42:10.920,2021-05-07 15:42:12.899,0.021,1,1,0.7543165,0.24561508,0.7543165,5.6377925e-05,1.2041378e-05
512,7,sitting,2021-05-07 15:42:11.920,2021-05-07 15:42:13.899,0.021,1,1,0.6400481,0.3598771,0.6400481,6.117839e-05,1.3574022e-05
512,7,sitting,2021-05-07 15:42:12.920,2021-05-07 15:42:14.899,0.021,1,1,0.5525796,0.44733942,0.5525796,6.669419e-05,1.4395968e-05
512,7,sitting,2021-05-07 15:42:13.920,2021-05-07 15:42:15.899,0.021,1,1,0.68225193,0.3176746,0.68225193,5.907439e-05,1.4504883e-05
512,7,sitting,2021-05-07 15:42:14.920,2021-05-07 15:42:16.899,0.021,1,1,0.606313,0.39361155,0.606313,5.942655e-05,1.6049751e-05
512,7,sitting,2021-05-07 15:42:15.920,2021-05-07 15:42:17.899,0.021,1,1,0.72126776,0.2786641,0.72126776,5.4024884e-05,1.4008907e-05
512,7,sitting,2021-05-07 15:42:16.920,2021-05-07 15:42:18.899,0.021,1,1,0.7526399,0.24729475,0.7526399,5.1317646e-05,1.4000861e-05
512,7,sitting,2021-05-07 15:42:17.920,2021-05-07 15:42:19.899,0.021,1,1,0.56822,0.43169874,0.56822,6.4372034e-05,1.6908021e-05
512,7,sitting,2021-05-07 15:42:18.920,2021-05-07 15:42:20.899,0.021,1,1,0.6864273,0.313497,0.6864273,5.966548e-05,1.6064612e-05
512,7,sitting,2021-05-07 15:42:19.920,2021-05-07 15:42:21.899,0.021,1,1,0.706984,0.29294854,0.706984,5.1194234e-05,1.6381897e-05
512,7,sitting,2021-05-07 15:42:20.920,2021-05-07 15:42:22.899,0.021,1,1,0.8106568,0.18928565,0.8106568,4.2869528e-05,1.4685054e-05
512,7,sitting,2021-05-07 15:42:21.920,2021-05-07 15:42:23.899,0.021,1,1,0.797452,0.20248507,0.797452,4.7878355e-05,1.5033387e-05
512,7,sitting,2021-05-07 15:42:22.920,2021-05-07 15:42:24.899,0.021,1,1,0.56159,0.43832505,0.56159,6.6724366e-05,1.8192122e-05
512,7,sitting,2021-05-07 15:42:23.920,2021-05-07 15:42:25.899,0.021,1,1,0.6669635,0.3329575,0.6669635,6.142047e-05,1.7487562e-05
512,7,sitting,2021-05-07 15:42:24.920,2021-05-07 15:42:26.899,0.021,1,1,0.6935269,0.3064003,0.6935269,5.428489e-05,1.8451794e-05
512,7,sitting,2021-05-07 15:42:25.920,2021-05-07 15:42:27.899,0.021,1,1,0.8220807,0.17786278,0.8220807,4.1297208e-05,1.517823e-05
512,7,sitting,2021-05-07 15:42:26.920,2021-05-07 15:42:28.899,0.021,1,1,0.7992663,0.20067142,0.7992663,4.6796828e-05,1.5542018e-05
512,7,sitting,2021-05-07 15:42:27.920,2021-05-07 15:42:29.899,0.021,1,1,0.67829514,0.3216276,0.67829514,5.723901e-05,1.9998306e-05
512,7,sitting,2021-05-07 15:42:28.920,2021-05-07 15:42:30.899,0.021,1,1,0.8891874,0.110764466,0.8891874,3.3577344e-05,1.4502661e-05
512,7,sitting,2021-05-07 15:42:29.920,2021-05-07 15:42:31.899,0.021,1,1,0.80618995,0.19374558,0.80618995,4.8108774e-05,1.6304683e-05
512,7,sitting,2021-05-07 15:42:30.920,2021-05-07 15:42:32.900,0.021,1,1,0.60050076,0.39941144,0.60050076,6.933183e-05,1.8450293e-05
512,7,sitting,2021-05-07 15:42:31.920,2021-05-07 15:42:33.900,0.021,1,1,0.7972704,0.20266455,0.7972704,5.033282e-05,1.4597372e-05
512,7,sitting,2021-05-07 15:42:32.919,2021-05-07 15:42:34.900,0.021,1,1,0.6673399,0.33258098,0.6673399,6.170425e-05,1.7282551e-05
512,7,sitting,2021-05-07 15:42:33.919,2021-05-07 15:42:35.900,0.021,1,1,0.7039256,0.29600006,0.7039256,5.7461657e-05,1.6859623e-05
512,7,sitting,2021-05-07 15:42:34.919,2021-05-07 15:42:36.900,0.021,1,1,0.8023807,0.19755709,0.8023807,4.8433947e-05,1.3728842e-05
512,7,sitting,2021-05-07 15:42:35.919,2021-05-07 15:42:37.900,0.021,1,1,0.57591194,0.42400318,0.57591194,6.8773064e-05,1.6075357e-05
512,7,sitting,2021-05-07 15:42:36.919,2021-05-07 15:42:38.900,0.021,1,1,0.74306035,0.25686988,0.74306035,5.5128257e-05,1.4717049e-05
512,7,sitting,2021-05-07 15:42:37.919,2021-05-07 15:42:39.900,0.021,1,1,0.73380697,0.26612267,0.73380697,5.5157238e-05,1.5167083e-05
512,7,sitting,2021-05-07 15:42:38.919,2021-05-07 15:42:40.900,0.021,1,1,0.5867213,0.41319746,0.5867213,6.566919e-05,1.5701902e-05
512,7,sitting,2021-05-07 15:42:39.919,2021-05-07 15:42:41.900,0.021,1,1,0.6772365,0.3226886,0.6772365,6.044642e-05,1.4423487e-05
512,7,sitting,2021-05-07 15:42:40.919,2021-05-07 15:42:42.900,0.021,1,1,0.5328611,0.4670548,0.5328611,6.9066205e-05,1.5081726e-05
512,7,sitting,2021-05-07 15:42:41.919,2021-05-07 15:42:43.900,0.021,1,1,0.7739015,0.2260337,0.7739015,5.033011e-05,1.4428966e-05
512,7,sitting,2021-05-07 15:42:42.919,2021-05-07 15:42:44.900,0.021,1,1,0.7550516,0.244879,0.7550516,5.4036595e-05,1.5336043e-05
512,7,sitting,2021-05-07 15:42:43.919,2021-05-07 15:42:45.900,0.021,1,1,0.52108,0.4788301,0.52108,7.364527e-05,1.6219785e-05
512,7,sitting,2021-05-07 15:42:44.919,2021-05-07 15:42:46.900,0.021,1,1,0.82114613,0.17879398,0.82114613,4.685608e-05,1.3025008e-05
512,7,sitting,2021-05-07 15:42:45.919,2021-05-07 15:42:47.900,0.021,1,1,0.724912,0.2750148,0.724912,5.8201556e-05,1.4925601e-05
512,7,sitting,2021-05-07 15:42:46.919,2021-05-07 15:42:48.900,0.021,1,0,0.52782,0.52782,0.472089,7.488731e-05,1.609178e-05
512,7,sitting,2021-05-07 15:42:47.919,2021-05-07 15:42:49.900,0.021,1,1,0.65073323,0.34918648,0.65073323,6.435133e-05,1.585413e-05
512,7,sitting,2021-05-07 15:42:48.919,2021-05-07 15:42:50.900,0.021,1,1,0.6204806,0.3794403,0.6204806,6.2434294e-05,1.6735481e-05
512,7,sitting,2021-05-07 15:42:49.919,2021-05-07 15:42:51.900,0.021,1,1,0.780816,0.2191222,0.780816,4.6778037e-05,1.4974461e-05
512,7,sitting,2021-05-07 15:42:50.919,2021-05-07 15:42:52.900,0.021,1,1,0.82651037,0.17343356,0.82651037,4.1826665e-05,1.4042001e-05
512,7,sitting,2021-05-07 15:42:51.919,2021-05-07 15:42:53.900,0.021,1,1,0.6678499,0.3320746,0.6678499,5.7764082e-05,1.7677638e-05
512,7,sitting,2021-05-07 15:42:52.919,2021-05-07 15:42:54.900,0.021,1,1,0.78983665,0.21009994,0.78983665,4.8650538e-05,1.4709225e-05
512,7,sitting,2021-05-07 15:42:53.919,2021-05-07 15:42:55.900,0.021,1,1,0.6543067,0.34561524,0.6543067,6.2748e-05,1.5365564e-05
512,7,sitting,2021-05-07 15:42:54.919,2021-05-07 15:42:56.900,0.021,1,1,0.6114764,0.38844275,0.6114764,6.5412736e-05,1.5373416e-05
512,7,sitting,2021-05-07 15:42:55.919,2021-05-07 15:42:57.900,0.021,1,1,0.62736845,0.37255222,0.62736845,6.386199e-05,1.5382228e-05
512,7,sitting,2021-05-07 15:42:56.919,2021-05-07 15:42:58.900,0.021,1,1,0.5002434,0.49967045,0.5002434,7.0079324e-05,1.5961255e-05
512,7,sitting,2021-05-07 15:42:57.919,2021-05-07 15:42:59.900,0.021,1,1,0.7402577,0.25967163,0.7402577,5.557237e-05,1.50460455e-05
512,7,sitting,2021-05-07 15:42:58.919,2021-05-07 15:43:00.900,0.021,1,1,0.7335035,0.26642954,0.7335035,5.1448555e-05,1.5373058e-05
512,7,sitting,2021-05-07 15:42:59.919,2021-05-07 15:43:01.900,0.021,1,1,0.65664995,0.34327525,0.65664995,5.8548758e-05,1.6210051e-05
512,7,sitting,2021-05-07 15:43:00.920,2021-05-07 15:43:02.900,0.021,1,1,0.8048135,0.19512676,0.8048135,4.69073e-05,1.2886425e-05
512,7,sitting,2021-05-07 15:43:01.920,2021-05-07 15:43:03.900,0.021,1,1,0.8120003,0.18794651,0.8120003,3.8538954e-05,1.4632495e-05
512,7,sitting,2021-05-07 15:43:02.920,2021-05-07 15:43:04.900,0.021,1,1,0.8759074,0.1240483,0.8759074,3.0489171e-05,1.3786653e-05
512,7,sitting,2021-05-07 15:43:03.920,2021-05-07 15:43:05.900,0.021,1,1,0.77875286,0.22118123,0.77875286,4.9979113e-05,1.5835541e-05
512,7,sitting,2021-05-07 15:43:04.920,2021-05-07 15:43:06.900,0.021,1,1,0.57224,0.42767367,0.57224,6.938315e-05,1.7006318e-05
512,7,sitting,2021-05-07 15:43:05.920,2021-05-07 15:43:07.900,0.021,1,1,0.7396018,0.26032844,0.7396018,5.367136e-05,1.6025302e-05
512,7,sitting,2021-05-07 15:43:06.920,2021-05-07 15:43:08.899,0.021,1,1,0.73357946,0.26635456,0.73357946,4.8590835e-05,1.7385795e-05
512,7,sitting,2021-05-07 15:43:07.920,2021-05-07 15:43:09.899,0.021,1,1,0.83585197,0.16409542,0.83585197,3.8542636e-05,1.4053857e-05
512,7,sitting,2021-05-07 15:43:08.920,2021-05-07 15:43:10.899,0.021,1,1,0.72858685,0.27134365,0.72858685,5.455073e-05,1.4847635e-05
512,7,sitting,2021-05-07 15:43:09.920,2021-05-07 15:43:11.899,0.021,1,0,0.5381903,0.5381903,0.46172166,7.239697e-05,1.570592e-05
512,7,sitting,2021-05-07 15:43:10.920,2021-05-07 15:43:12.899,0.021,1,1,0.65420735,0.34571496,0.65420735,6.173512e-05,1.5975049e-05
512,7,sitting,2021-05-07 15:43:11.920,2021-05-07 15:43:13.899,0.021,1,1,0.63218963,0.36773345,0.63218963,6.0298702e-05,1.6682834e-05
512,7,sitting,2021-05-07 15:43:12.920,2021-05-07 15:43:14.899,0.021,1,1,0.6945879,0.30533987,0.6945879,5.5698336e-05,1.6653566e-05
512,7,sitting,2021-05-07 15:43:13.920,2021-05-07 15:43:15.899,0.021,1,1,0.8434392,0.15651076,0.8434392,3.4800363e-05,1.5145109e-05
512,7,sitting,2021-05-07 15:43:14.920,2021-05-07 15:43:16.899,0.021,1,1,0.92039764,0.07955641,0.92039764,2.7348859e-05,1.8699759e-05
512,7,sitting,2021-05-07 15:43:15.920,2021-05-07 15:43:17.899,0.021,1,1,0.94554186,0.054393653,0.94554186,3.6660414e-05,2.7873792e-05
512,7,sitting,2021-05-07 15:43:16.920,2021-05-07 15:43:18.899,0.021,1,1,0.93410283,0.06582907,0.93410283,3.9199713e-05,2.8819884e-05
512,7,sitting,2021-05-07 15:43:17.920,2021-05-07 15:43:19.899,0.021,1,1,0.9345783,0.06535312,0.9345783,3.9979666e-05,2.8526738e-05
512,7,sitting,2021-05-07 15:43:18.920,2021-05-07 15:43:20.899,0.021,1,1,0.79290116,0.20702162,0.79290116,5.3631546e-05,2.353779e-05
512,7,sitting,2021-05-07 15:43:19.920,2021-05-07 15:43:21.899,0.021,1,1,0.6658368,0.33408412,0.6658368,6.0485545e-05,1.866658e-05
512,7,sitting,2021-05-07 15:43:20.920,2021-05-07 15:43:22.899,0.021,1,1,0.77699584,0.2229449,0.77699584,4.2143205e-05,1.7123995e-05
512,7,sitting,2021-05-07 15:43:21.920,2021-05-07 15:43:23.899,0.021,1,1,0.84389925,0.15605028,0.84389925,3.5116303e-05,1.5333337e-05
512,7,sitting,2021-05-07 15:43:22.920,2021-05-07 15:43:24.899,0.021,1,1,0.88462013,0.1153382,0.88462013,2.749535e-05,1.4176223e-05
512,7,sitting,2021-05-07 15:43:23.920,2021-05-07 15:43:25.899,0.021,1,1,0.9320781,0.06787991,0.9320781,2.4095023e-05,1.787647e-05
512,7,sitting,2021-05-07 15:43:24.920,2021-05-07 15:43:26.899,0.021,1,1,0.91771215,0.082232274,0.91771215,3.3457974e-05,2.2107539e-05
512,7,sitting,2021-05-07 15:43:25.920,2021-05-07 15:43:27.899,0.021,1,1,0.6360719,0.3638427,0.6360719,6.421969e-05,2.1061738e-05
512,7,sitting,2021-05-07 15:43:26.920,2021-05-07 15:43:28.899,0.021,1,1,0.66273916,0.3371842,0.66273916,5.9712056e-05,1.6957587e-05
512,7,sitting,2021-05-07 15:43:27.920,2021-05-07 15:43:29.899,0.021,1,1,0.7218296,0.27810532,0.7218296,5.036833e-05,1.47558185e-05
512,7,sitting,2021-05-07 15:43:28.920,2021-05-07 15:43:30.899,0.021,1,1,0.6058694,0.3940571,0.6058694,5.845434e-05,1.5026469e-05
512,7,sitting,2021-05-07 15:43:29.920,2021-05-07 15:43:31.899,0.021,1,1,0.65544295,0.34448007,0.65544295,6.05042e-05,1.6513393e-05
512,7,sitting,2021-05-07 15:43:30.920,2021-05-07 15:43:32.900,0.021,1,1,0.534534,0.4653807,0.534534,6.81201e-05,1.720566e-05
512,7,sitting,2021-05-07 15:43:31.920,2021-05-07 15:43:33.900,0.021,1,1,0.6676689,0.33225223,0.6676689,6.1413055e-05,1.7432154e-05
512,7,sitting,2021-05-07 15:43:32.919,2021-05-07 15:43:34.900,0.021,1,1,0.61051995,0.38939795,0.61051995,6.478078e-05,1.7435494e-05
512,7,sitting,2021-05-07 15:43:33.919,2021-05-07 15:43:35.900,0.021,1,1,0.668166,0.33175763,0.668166,5.956522e-05,1.6732496e-05
512,7,sitting,2021-05-07 15:43:34.919,2021-05-07 15:43:36.900,0.021,1,1,0.697007,0.3029201,0.697007,5.597004e-05,1.6791812e-05
512,7,sitting,2021-05-07 15:43:35.919,2021-05-07 15:43:37.900,0.021,1,1,0.6275222,0.37240112,0.6275222,5.9835762e-05,1.6762026e-05
512,7,sitting,2021-05-07 15:43:36.919,2021-05-07 15:43:38.900,0.021,1,1,0.60134846,0.39856964,0.60134846,6.5474575e-05,1.6393029e-05
512,7,sitting,2021-05-07 15:43:37.919,2021-05-07 15:43:39.900,0.021,1,1,0.5010868,0.49882555,0.5010868,7.161558e-05,1.5988042e-05
512,7,sitting,2021-05-07 15:43:38.919,2021-05-07 15:43:40.900,0.021,1,1,0.61291504,0.38700375,0.61291504,6.491186e-05,1.6268874e-05
512,7,sitting,2021-05-07 15:43:39.919,2021-05-07 15:43:41.900,0.021,1,1,0.59694624,0.40297505,0.59694624,6.287223e-05,1.5824817e-05
512,7,sitting,2021-05-07 15:43:40.919,2021-05-07 15:43:42.900,0.021,1,1,0.6235373,0.37638617,0.6235373,6.0365834e-05,1.614798e-05
512,7,sitting,2021-05-07 15:43:41.919,2021-05-07 15:43:43.900,0.021,1,1,0.65033615,0.34958947,0.65033615,5.7791138e-05,1.6782067e-05
512,7,sitting,2021-05-07 15:43:42.919,2021-05-07 15:43:44.900,0.021,1,1,0.64519715,0.3547286,0.64519715,5.7380697e-05,1.688533e-05
512,7,sitting,2021-05-07 15:43:43.919,2021-05-07 15:43:45.900,0.021,1,1,0.66012645,0.33979797,0.66012645,5.8825062e-05,1.675178e-05
512,7,sitting,2021-05-07 15:43:44.919,2021-05-07 15:43:46.900,0.021,1,1,0.75332373,0.24661025,0.75332373,5.061301e-05,1.5417543e-05
512,7,sitting,2021-05-07 15:43:45.919,2021-05-07 15:43:47.900,0.021,1,1,0.70367855,0.2962519,0.70367855,5.2062605e-05,1.7468783e-05
512,7,sitting,2021-05-07 15:43:46.919,2021-05-07 15:43:48.900,0.021,1,1,0.752241,0.2476911,0.752241,5.1891086e-05,1.591965e-05
512,7,sitting,2021-05-07 15:43:47.919,2021-05-07 15:43:49.900,0.021,1,1,0.7010531,0.29887772,0.7010531,5.252638e-05,1.6656313e-05
512,7,sitting,2021-05-07 15:43:48.919,2021-05-07 15:43:50.900,0.021,1,1,0.7740674,0.22587192,0.7740674,4.5624307e-05,1.5032765e-05
512,7,sitting,2021-05-07 15:43:49.919,2021-05-07 15:43:51.900,0.021,1,1,0.8275051,0.17244416,0.8275051,3.723272e-05,1.352382e-05
512,7,sitting,2021-05-07 15:43:50.919,2021-05-07 15:43:52.900,0.021,1,1,0.7243059,0.27563176,0.7243059,4.6202953e-05,1.6048729e-05
512,7,sitting,2021-05-07 15:43:51.919,2021-05-07 15:43:53.900,0.021,1,1,0.7253555,0.2745742,0.7253555,5.40271e-05,1.6275973e-05
512,7,sitting,2021-05-07 15:43:52.919,2021-05-07 15:43:54.900,0.021,1,1,0.75295293,0.24698603,0.75295293,4.4434346e-05,1.6584612e-05
512,7,sitting,2021-05-07 15:43:53.919,2021-05-07 15:43:55.900,0.021,1,1,0.7996506,0.20029436,0.7996506,3.999555e-05,1.495795e-05
512,7,sitting,2021-05-07 15:43:54.919,2021-05-07 15:43:56.900,0.021,1,1,0.75705284,0.24288873,0.75705284,4.3797096e-05,1.4646943e-05
512,7,sitting,2021-05-07 15:43:55.919,2021-05-07 15:43:57.900,0.021,1,1,0.68933755,0.31059858,0.68933755,4.8578164e-05,1.5294707e-05
512,7,sitting,2021-05-07 15:43:56.919,2021-05-07 15:43:58.900,0.021,1,1,0.7086653,0.29126415,0.7086653,5.438071e-05,1.616222e-05
512,7,sitting,2021-05-07 15:43:57.919,2021-05-07 15:43:59.900,0.021,1,1,0.63683397,0.3630951,0.63683397,5.4596472e-05,1.640871e-05
512,7,sitting,2021-05-07 15:43:58.919,2021-05-07 15:44:00.900,0.021,1,1,0.56301403,0.4369242,0.56301403,5.105059e-05,1.0697683e-05
512,7,sitting,2021-05-07 15:43:59.919,2021-05-07 15:44:01.900,0.021,1,1,0.7012819,0.29867312,0.7012819,3.5835088e-05,9.129581e-06
512,7,sitting,2021-05-07 15:44:00.920,2021-05-07 15:44:02.900,0.021,1,1,0.813943,0.18600993,0.813943,3.4151493e-05,1.2934969e-05
512,7,sitting,2021-05-07 15:44:01.920,2021-05-07 15:44:03.900,0.021,1,1,0.70013595,0.29979366,0.70013595,5.376274e-05,1.660889e-05
512,7,sitting,2021-05-07 15:44:02.920,2021-05-07 15:44:04.900,0.021,1,1,0.7364791,0.26345408,0.7364791,4.9748523e-05,1.6956132e-05
512,7,sitting,2021-05-07 15:44:03.920,2021-05-07 15:44:05.900,0.021,1,1,0.66587675,0.3340449,0.66587675,6.082306e-05,1.7580973e-05
512,7,sitting,2021-05-07 15:44:04.920,2021-05-07 15:44:06.900,0.021,1,0,0.50427526,0.50427526,0.49563652,7.120942e-05,1.6867632e-05
512,7,sitting,2021-05-07 15:44:05.920,2021-05-07 15:44:07.900,0.021,1,1,0.52088064,0.47903153,0.52088064,7.006348e-05,1.7732382e-05
512,7,sitting,2021-05-07 15:44:06.920,2021-05-07 15:44:08.899,0.021,1,1,0.59507525,0.40483996,0.59507525,6.65552e-05,1.822948e-05
512,7,sitting,2021-05-07 15:44:07.920,2021-05-07 15:44:09.899,0.021,1,1,0.68091905,0.31900555,0.68091905,5.677237e-05,1.8568002e-05
512,7,sitting,2021-05-07 15:44:08.920,2021-05-07 15:44:10.899,0.021,1,1,0.7532266,0.24670605,0.7532266,4.9502538e-05,1.7982624e-05
512,7,sitting,2021-05-07 15:44:09.920,2021-05-07 15:44:11.899,0.021,1,1,0.715584,0.2843425,0.715584,5.5464887e-05,1.7989081e-05
512,7,sitting,2021-05-07 15:44:10.920,2021-05-07 15:44:12.899,0.021,1,1,0.70665103,0.29327676,0.70665103,5.4209024e-05,1.7935803e-05
512,7,sitting,2021-05-07 15:44:11.920,2021-05-07 15:44:13.899,0.021,1,1,0.8326447,0.16731077,0.8326447,3.0820636e-05,1.3698033e-05
512,7,sitting,2021-05-07 15:44:12.920,2021-05-07 15:44:14.899,0.021,1,1,0.83339,0.1665665,0.83339,3.0985237e-05,1.2507223e-05
512,7,sitting,2021-05-07 15:44:13.920,2021-05-07 15:44:15.899,0.021,1,1,0.67331487,0.3266102,0.67331487,5.8801874e-05,1.6078053e-05
512,7,sitting,2021-05-07 15:44:14.920,2021-05-07 15:44:16.899,0.021,1,1,0.748858,0.25107408,0.748858,5.2484524e-05,1.5515267e-05
512,7,sitting,2021-05-07 15:44:15.920,2021-05-07 15:44:17.899,0.021,1,1,0.6599559,0.3399669,0.6599559,6.0179475e-05,1.6982382e-05
512,7,sitting,2021-05-07 15:44:16.920,2021-05-07 15:44:18.899,0.021,1,1,0.7081057,0.2918213,0.7081057,5.6668494e-05,1.6461727e-05
512,7,sitting,2021-05-07 15:44:17.920,2021-05-07 15:44:19.899,0.021,1,1,0.6415234,0.3584012,0.6415234,5.9141228e-05,1.6253993e-05
512,7,sitting,2021-05-07 15:44:18.920,2021-05-07 15:44:20.899,0.021,1,1,0.80486876,0.19507305,0.80486876,4.3445503e-05,1.46860675e-05
512,11,walking,2021-05-07 15:44:26.840,2021-05-07 15:44:28.819,0.021,3,3,0.999709,4.2895403e-11,9.917716e-06,0.00028102365,0.999709
512,11,walking,2021-05-07 15:44:27.840,2021-05-07 15:44:29.819,0.021,3,3,0.9997909,2.5393062e-12,1.2768337e-06,0.00020783428,0.9997909
512,11,walking,2021-05-07 15:44:28.840,2021-05-07 15:44:30.819,0.021,3,3,0.9998641,7.00446e-13,5.0037966e-07,0.00013550109,0.9998641
512,11,walking,2021-05-07 15:44:29.840,2021-05-07 15:44:31.819,0.021,3,3,0.99991554,6.866701e-13,1.1259249e-06,8.330555e-05,0.99991554
512,11,walking,2021-05-07 15:44:30.840,2021-05-07 15:44:32.819,0.021,3,3,0.9983506,1.770533e-11,8.679111e-06,0.0016406685,0.9983506
512,11,walking,2021-05-07 15:44:31.840,2021-05-07 15:44:33.819,0.021,3,3,0.9988179,6.2270614e-12,3.425242e-06,0.0011786455,0.9988179
512,11,walking,2021-05-07 15:44:32.840,2021-05-07 15:44:34.819,0.021,3,3,0.9997138,1.2837921e-12,1.8383267e-06,0.00028434495,0.9997138
512,12,standing,2021-05-07 15:44:34.959,2021-05-07 15:44:36.939,0.021,2,2,0.9769806,5.186109e-10,0.00013266777,0.9769806,0.022886664
512,14,standing,2021-05-07 15:44:38.520,2021-05-07 15:44:40.500,0.021,2,2,0.99476546,1.5381085e-09,6.867276e-05,0.99476546,0.0051659257
512,14,standing,2021-05-07 15:44:39.520,2021-05-07 15:44:41.500,0.021,2,2,0.9973516,1.1468453e-09,5.59741e-05,0.9973516,0.0025923203
512,14,standing,2021-05-07 15:44:40.520,2021-05-07 15:44:42.500,0.021,2,2,0.9970791,6.3868905e-10,5.8707163e-05,0.9970791,0.002862185
512,14,standing,2021-05-07 15:44:41.520,2021-05-07 15:44:43.500,0.021,2,2,0.9951451,8.5854895e-10,6.513164e-05,0.9951451,0.0047898726
512,14,standing,2021-05-07 15:44:42.520,2021-05-07 15:44:44.500,0.021,2,2,0.9963984,9.472035e-10,5.736619e-05,0.9963984,0.0035443024
512,14,standing,2021-05-07 15:44:43.520,2021-05-07 15:44:45.500,0.021,2,2,0.9977945,7.584042e-10,5.2800915e-05,0.9977945,0.0021526385
512,14,standing,2021-05-07 15:44:44.520,2021-05-07 15:44:46.500,0.021,2,2,0.99866056,5.9003424e-10,4.1619245e-05,0.99866056,0.0012977717
512,14,standing,2021-05-07 15:44:45.520,2021-05-07 15:44:47.500,0.021,2,2,0.9983356,9.268288e-10,4.427802e-05,0.9983356,0.0016201055
512,14,standing,2021-05-07 15:44:46.520,2021-05-07 15:44:48.500,0.021,2,2,0.9948748,1.592973e-09,6.53139e-05,0.9948748,0.005059867
512,15,walking,2021-05-07 15:44:48.599,2021-05-07 15:44:50.580,0.021,3,3,0.9843582,4.197196e-11,3.1569994e-05,0.015610191,0.9843582
512,15,walking,2021-05-07 15:44:49.599,2021-05-07 15:44:51.580,0.021,3,3,0.99457157,4.3660235e-11,1.4655876e-05,0.0054138675,0.99457157
512,15,walking,2021-05-07 15:44:50.599,2021-05-07 15:44:52.580,0.021,3,3,0.9992356,3.3865664e-11,7.3668284e-06,0.00075708755,0.9992356
512,16,standing,2021-05-07 15:44:53.319,2021-05-07 15:44:55.299,0.021,2,2,0.98307717,6.2888456e-10,0.0007680521,0.98307717,0.01615476
512,16,standing,2021-05-07 15:44:54.319,2021-05-07 15:44:56.299,0.021,2,2,0.9988775,1.2250959e-10,9.498923e-05,0.9988775,0.0010274238
512,17,walking,2021-05-07 15:44:57.000,2021-05-07 15:44:58.979,0.021,3,3,0.99527067,4.0600485e-11,1.5962934e-05,0.004713388,0.99527067
512,17,walking,2021-05-07 15:44:58.000,2021-05-07 15:44:59.979,0.021,3,3,0.999443,7.8908035e-12,3.724961e-06,0.0005532676,0.999443
512,17,walking,2021-05-07 15:44:59.000,2021-05-07 15:45:00.980,0.021,3,3,0.99988455,1.638356e-11,2.2056834e-06,0.00011315619,0.99988455
512,18,standing,2021-05-07 15:45:01.039,2021-05-07 15:45:03.019,0.021,2,2,0.99748117,6.164234e-10,8.3218125e-05,0.99748117,0.0024356574
512,20,standing,2021-05-07 15:45:03.760,2021-05-07 15:45:05.739,0.021,2,2,0.99718225,5.6212757e-10,0.00010329338,0.99718225,0.002714478
512,22,standing,2021-05-07 15:45:06.880,2021-05-07 15:45:08.859,0.021,2,2,0.9992577,1.8178403e-09,5.0425504e-05,0.9992577,0.00069184875
512,22,standing,2021-05-07 15:45:07.880,2021-05-07 15:45:09.859,0.021,2,2,0.99946254,5.9126765e-10,4.2278072e-05,0.99946254,0.0004951765
512,22,standing,2021-05-07 15:45:08.880,2021-05-07 15:45:10.859,0.021,2,2,0.99911594,9.38931e-10,4.8132795e-05,0.99911594,0.0008358851
512,22,standing,2021-05-07 15:45:09.880,2021-05-07 15:45:11.859,0.021,2,2,0.9992258,1.2826022e-09,4.2117244e-05,0.9992258,0.0007320032
512,22,standing,2021-05-07 15:45:10.880,2021-05-07 15:45:12.859,0.021,2,2,0.9991621,1.0999835e-09,4.524873e-05,0.9991621,0.000792697
512,22,standing,2021-05-07 15:45:11.880,2021-05-07 15:45:13.859,0.021,2,2,0.9983792,1.7036065e-09,5.7837322e-05,0.9983792,0.0015630887
512,22,standing,2021-05-07 15:45:12.880,2021-05-07 15:45:14.859,0.021,2,2,0.9981837,4.71663e-10,8.2184095e-05,0.9981837,0.0017340357
512,22,standing,2021-05-07 15:45:13.880,2021-05-07 15:45:15.859,0.021,2,2,0.9970995,1.9030363e-10,0.00018138115,0.9970995,0.0027190975
512,22,standing,2021-05-07 15:45:14.880,2021-05-07 15:45:16.860,0.021,2,2,0.66352075,2.579314e-09,0.0005408897,0.66352075,0.33593833
512,22,standing,2021-05-07 15:45:15.880,2021-05-07 15:45:17.860,0.021,2,3,0.51848716,3.7317163e-09,0.00029952035,0.48121336,0.51848716
512,22,standing,2021-05-07 15:45:16.880,2021-05-07 15:45:18.860,0.021,2,2,0.9846296,1.8853625e-09,0.00010798395,0.9846296,0.0152624035
512,22,standing,2021-05-07 15:45:17.880,2021-05-07 15:45:19.860,0.021,2,2,0.9993364,7.8218243e-10,3.9274033e-05,0.9993364,0.00062422646
512,23,walking,2021-05-07 15:45:20.440,2021-05-07 15:45:22.420,0.021,3,3,0.9906389,1.1969262e-10,2.1624452e-05,0.00933938,0.9906389
512,23,walking,2021-05-07 15:45:21.440,2021-05-07 15:45:23.420,0.021,3,3,0.99918777,2.3354213e-11,7.061472e-06,0.0008051379,0.99918777
512,23,walking,2021-05-07 15:45:22.440,2021-05-07 15:45:24.420,0.021,3,3,0.99614286,4.896926e-11,1.390248e-05,0.0038431548,0.99614286
512,23,walking,2021-05-07 15:45:23.440,2021-05-07 15:45:25.420,0.021,3,3,0.88969433,2.7201644e-10,0.00017635748,0.11012924,0.88969433
512,23,walking,2021-05-07 15:45:24.440,2021-05-07 15:45:26.420,0.021,3,3,0.9211033,3.098033e-10,0.00012350302,0.0787731,0.9211033
512,23,walking,2021-05-07 15:45:25.440,2021-05-07 15:45:27.420,0.021,3,3,0.9508549,4.162953e-10,0.000110715475,0.04903428,0.9508549
512,23,walking,2021-05-07 15:45:26.440,2021-05-07 15:45:28.420,0.021,3,3,0.99403644,3.037609e-11,2.3640376e-05,0.0059399433,0.99403644
512,23,walking,2021-05-07 15:45:27.440,2021-05-07 15:45:29.420,0.021,3,3,0.9995642,3.307417e-12,9.775729e-07,0.0004348692,0.9995642
512,23,walking,2021-05-07 15:45:28.440,2021-05-07 15:45:30.420,0.021,3,3,0.99995846,1.405636e-13,2.2384549e-07,4.127213e-05,0.99995846
512,23,walking,2021-05-07 15:45:29.440,2021-05-07 15:45:31.420,0.021,3,3,0.9993232,1.9048025e-12,2.851129e-06,0.0006739583,0.9993232
512,23,walking,2021-05-07 15:45:30.440,2021-05-07 15:45:32.419,0.021,3,3,0.9999116,1.2766021e-13,3.5870872e-07,8.799331e-05,0.9999116
512,23,walking,2021-05-07 15:45:31.440,2021-05-07 15:45:33.419,0.021,3,3,0.99998957,1.9956257e-14,3.6455994e-08,1.03649045e-05,0.99998957
512,23,walking,2021-05-07 15:45:32.439,2021-05-07 15:45:34.419,0.021,3,3,0.99998564,5.2718714e-14,6.690974e-08,1.4245425e-05,0.99998564
512,24,standing,2021-05-07 15:45:35.040,2021-05-07 15:45:37.020,0.021,2,2,0.5849014,2.3340614e-09,0.026166817,0.5849014,0.38893178
512,26,standing,2021-05-07 15:45:40.680,2021-05-07 15:45:42.659,0.021,2,2,0.9891559,2.7880414e-09,0.000108683314,0.9891559,0.010735322
512,26,standing,2021-05-07 15:45:41.680,2021-05-07 15:45:43.659,0.021,2,2,0.99897426,2.8458431e-09,4.4671608e-05,0.99897426,0.0009811468
512,26,standing,2021-05-07 15:45:42.680,2021-05-07 15:45:44.659,0.021,2,2,0.998816,3.5416343e-09,4.2527554e-05,0.998816,0.0011415085
512,26,standing,2021-05-07 15:45:43.680,2021-05-07 15:45:45.659,0.021,2,2,0.9987894,4.627046e-09,3.9900264e-05,0.9987894,0.0011706478
512,26,standing,2021-05-07 15:45:44.680,2021-05-07 15:45:46.659,0.021,2,2,0.9987886,5.5371254e-09,3.7506077e-05,0.9987886,0.001173857
512,26,standing,2021-05-07 15:45:45.680,2021-05-07 15:45:47.659,0.021,2,2,0.9987284,4.4457735e-09,3.972674e-05,0.9987284,0.0012318232
512,26,standing,2021-05-07 15:45:46.680,2021-05-07 15:45:48.659,0.021,2,2,0.99874187,3.7848573e-09,4.313507e-05,0.99874187,0.0012149605
512,26,standing,2021-05-07 15:45:47.680,2021-05-07 15:45:49.659,0.021,2,2,0.99876165,3.2862049e-09,4.320468e-05,0.99876165,0.0011951007
512,28,standing,2021-05-07 15:45:50.000,2021-05-07 15:45:51.979,0.021,2,2,0.99564606,1.1902503e-09,8.488489e-05,0.99564606,0.004269058
512,28,standing,2021-05-07 15:45:51.000,2021-05-07 15:45:52.979,0.021,2,2,0.9996659,4.2012302e-10,3.5388053e-05,0.9996659,0.00029863528
512,28,standing,2021-05-07 15:45:52.000,2021-05-07 15:45:53.979,0.021,2,2,0.99959797,4.3355622e-10,3.701565e-05,0.99959797,0.0003648152
512,28,standing,2021-05-07 15:45:53.000,2021-05-07 15:45:54.979,0.021,2,2,0.9994167,5.639312e-10,4.144361e-05,0.9994167,0.0005417929
512,30,standing,2021-05-07 15:45:55.959,2021-05-07 15:45:57.939,0.021,2,3,0.52853984,7.377183e-10,0.00046784474,0.47099233,0.52853984
512,31,lying,2021-05-07 15:46:07.039,2021-05-07 15:46:09.020,0.021,0,1,0.9922559,0.007743639,0.9922559,6.337867e-08,2.7181505e-07
512,31,lying,2021-05-07 15:46:08.039,2021-05-07 15:46:10.020,0.021,0,1,0.7220131,0.27797434,0.7220131,3.3693723e-06,9.226241e-06
512,31,lying,2021-05-07 15:46:09.039,2021-05-07 15:46:11.020,0.021,0,1,0.6185889,0.38138482,0.6185889,2.2989054e-05,3.237865e-06
512,31,lying,2021-05-07 15:46:10.039,2021-05-07 15:46:12.020,0.021,0,1,0.51850396,0.48145744,0.51850396,3.4565244e-05,4.0191157e-06
512,31,lying,2021-05-07 15:46:11.039,2021-05-07 15:46:13.020,0.021,0,1,0.6325183,0.36745003,0.6325183,2.8013914e-05,3.615111e-06
512,31,lying,2021-05-07 15:46:12.039,2021-05-07 15:46:14.020,0.021,0,1,0.7396514,0.26032504,0.7396514,2.066315e-05,2.9024181e-06
512,31,lying,2021-05-07 15:46:13.039,2021-05-07 15:46:15.020,0.021,0,1,0.6990333,0.30094072,0.6990333,2.281618e-05,3.071622e-06
512,31,lying,2021-05-07 15:46:14.039,2021-05-07 15:46:16.020,0.021,0,1,0.53116256,0.46879938,0.53116256,3.4019176e-05,3.9832858e-06
512,31,lying,2021-05-07 15:46:15.039,2021-05-07 15:46:17.020,0.021,0,1,0.5078157,0.49214482,0.5078157,3.5279576e-05,4.1188828e-06
512,31,lying,2021-05-07 15:46:16.040,2021-05-07 15:46:18.020,0.021,0,1,0.53666335,0.4632991,0.53666335,3.3486405e-05,4.0302407e-06
512,31,lying,2021-05-07 15:46:17.040,2021-05-07 15:46:19.020,0.021,0,1,0.5974821,0.40248433,0.5974821,2.9769995e-05,3.7560173e-06
512,31,lying,2021-05-07 15:46:18.040,2021-05-07 15:46:20.020,0.021,0,1,0.57922226,0.42074323,0.57922226,3.069158e-05,3.83642e-06
512,31,lying,2021-05-07 15:46:19.040,2021-05-07 15:46:21.020,0.021,0,0,0.5205175,0.5205175,0.4794416,3.6609566e-05,4.2176534e-06
512,31,lying,2021-05-07 15:46:20.040,2021-05-07 15:46:22.020,0.021,0,0,0.5101797,0.5101797,0.48977974,3.6349586e-05,4.209504e-06
512,31,lying,2021-05-07 15:46:21.040,2021-05-07 15:46:23.020,0.021,0,1,0.5865924,0.41337356,0.5865924,3.0239162e-05,3.749498e-06
512,31,lying,2021-05-07 15:46:22.040,2021-05-07 15:46:24.020,0.021,0,1,0.6589382,0.3410337,0.6589382,2.499092e-05,3.180689e-06
512,31,lying,2021-05-07 15:46:23.040,2021-05-07 15:46:25.020,0.021,0,1,0.78623086,0.21375115,0.78623086,1.563722e-05,2.2680476e-06
512,31,lying,2021-05-07 15:46:24.040,2021-05-07 15:46:26.020,0.021,0,1,0.6529411,0.3470304,0.6529411,2.519279e-05,3.2837652e-06
512,31,lying,2021-05-07 15:46:25.040,2021-05-07 15:46:27.020,0.021,0,1,0.59407383,0.40589273,0.59407383,2.972955e-05,3.6829706e-06
512,31,lying,2021-05-07 15:46:26.040,2021-05-07 15:46:28.020,0.021,0,1,0.63961375,0.36035645,0.63961375,2.6499054e-05,3.3722874e-06
512,31,lying,2021-05-07 15:46:27.040,2021-05-07 15:46:29.020,0.021,0,1,0.6468782,0.35309207,0.6468782,2.6317373e-05,3.3866977e-06
512,31,lying,2021-05-07 15:46:28.040,2021-05-07 15:46:30.020,0.021,0,1,0.77374256,0.22623697,0.77374256,1.7886765e-05,2.5667844e-06
512,31,lying,2021-05-07 15:46:29.040,2021-05-07 15:46:31.020,0.021,0,1,0.7114991,0.2884763,0.7114991,2.1715518e-05,2.9781613e-06
512,31,lying,2021-05-07 15:46:30.040,2021-05-07 15:46:32.020,0.021,0,1,0.6375307,0.36243817,0.6375307,2.7532762e-05,3.593945e-06
512,31,lying,2021-05-07 15:46:31.040,2021-05-07 15:46:33.020,0.021,0,1,0.67232764,0.32764336,0.67232764,2.5625077e-05,3.434727e-06
512,31,lying,2021-05-07 15:46:32.040,2021-05-07 15:46:34.020,0.021,0,1,0.66868514,0.3312858,0.66868514,2.5655145e-05,3.4277036e-06
512,31,lying,2021-05-07 15:46:33.040,2021-05-07 15:46:35.020,0.021,0,1,0.6827408,0.31723097,0.6827408,2.4936076e-05,3.3611348e-06
512,31,lying,2021-05-07 15:46:34.040,2021-05-07 15:46:36.020,0.021,0,1,0.7062542,0.2937189,0.7062542,2.3627194e-05,3.2397495e-06
512,31,lying,2021-05-07 15:46:35.040,2021-05-07 15:46:37.020,0.021,0,1,0.701822,0.29815117,0.701822,2.3603272e-05,3.2394216e-06
512,31,lying,2021-05-07 15:46:36.040,2021-05-07 15:46:38.020,0.021,0,1,0.7219054,0.27806875,0.7219054,2.2635963e-05,3.1505585e-06
512,31,lying,2021-05-07 15:46:37.040,2021-05-07 15:46:39.020,0.021,0,1,0.7579844,0.24199238,0.7579844,2.0215044e-05,2.9173516e-06
512,31,lying,2021-05-07 15:46:38.040,2021-05-07 15:46:40.020,0.021,0,1,0.7578962,0.24208124,0.7578962,1.969386e-05,2.8650227e-06
512,31,lying,2021-05-07 15:46:39.040,2021-05-07 15:46:41.020,0.021,0,1,0.7287879,0.27118766,0.7287879,2.1467536e-05,3.0276317e-06
512,31,lying,2021-05-07 15:46:40.040,2021-05-07 15:46:42.020,0.021,0,1,0.6108181,0.38914955,0.6108181,2.8740951e-05,3.6447514e-06
512,31,lying,2021-05-07 15:46:41.040,2021-05-07 15:46:43.020,0.021,0,1,0.6003941,0.3995724,0.6003941,2.9726e-05,3.7450268e-06
512,31,lying,2021-05-07 15:46:42.040,2021-05-07 15:46:44.020,0.021,0,1,0.80262226,0.1973594,0.80262226,1.5890926e-05,2.3691562e-06
512,31,lying,2021-05-07 15:46:43.040,2021-05-07 15:46:45.020,0.021,0,1,0.85357094,0.14641564,0.85357094,1.1620697e-05,1.8423507e-06
512,31,lying,2021-05-07 15:46:44.040,2021-05-07 15:46:46.020,0.021,0,1,0.78143966,0.21854071,0.78143966,1.7118671e-05,2.4934006e-06
512,31,lying,2021-05-07 15:46:45.040,2021-05-07 15:46:47.020,0.021,0,1,0.7640736,0.23590559,0.7640736,1.8214017e-05,2.6284383e-06
512,31,lying,2021-05-07 15:46:46.040,2021-05-07 15:46:48.020,0.021,0,1,0.7196773,0.28029835,0.7196773,2.1302387e-05,3.0076942e-06
512,31,lying,2021-05-07 15:46:47.040,2021-05-07 15:46:49.020,0.021,0,1,0.6440952,0.35587466,0.6440952,2.6725338e-05,3.510051e-06
512,31,lying,2021-05-07 15:46:48.040,2021-05-07 15:46:50.020,0.021,0,1,0.6417383,0.3582311,0.6417383,2.7061575e-05,3.5482406e-06
512,31,lying,2021-05-07 15:46:49.040,2021-05-07 15:46:51.020,0.021,0,1,0.65743583,0.34253427,0.65743583,2.6399763e-05,3.4891434e-06
512,31,lying,2021-05-07 15:46:50.040,2021-05-07 15:46:52.020,0.021,0,1,0.6650654,0.33490542,0.6650654,2.5663401e-05,3.421627e-06
512,31,lying,2021-05-07 15:46:51.040,2021-05-07 15:46:53.020,0.021,0,1,0.66493845,0.33503515,0.66493845,2.3239183e-05,3.2566948e-06
512,31,lying,2021-05-07 15:46:52.040,2021-05-07 15:46:54.020,0.021,0,1,0.6681476,0.33182654,0.6681476,2.2671651e-05,3.1930026e-06
512,31,lying,2021-05-07 15:46:53.040,2021-05-07 15:46:55.020,0.021,0,1,0.84985036,0.15013573,0.84985036,1.1970423e-05,1.8943264e-06
512,31,lying,2021-05-07 15:46:54.040,2021-05-07 15:46:56.020,0.021,0,1,0.9130835,0.086908154,0.9130835,7.1028285e-06,1.2524092e-06
512,31,lying,2021-05-07 15:46:55.040,2021-05-07 15:46:57.020,0.021,0,1,0.85289276,0.14709349,0.85289276,1.1795814e-05,1.8960509e-06
512,31,lying,2021-05-07 15:46:56.040,2021-05-07 15:46:58.020,0.021,0,1,0.802674,0.19730823,0.802674,1.5487556e-05,2.3187386e-06
512,31,lying,2021-05-07 15:46:57.040,2021-05-07 15:46:59.020,0.021,0,1,0.85503626,0.1449498,0.85503626,1.20046525e-05,1.9148201e-06
512,31,lying,2021-05-07 15:46:58.040,2021-05-07 15:47:00.019,0.021,0,1,0.7615214,0.23845689,0.7615214,1.8869947e-05,2.7655576e-06
512,31,lying,2021-05-07 15:46:59.040,2021-05-07 15:47:01.019,0.021,0,1,0.7277232,0.27225152,0.7277232,2.2190237e-05,3.1116167e-06
512,31,lying,2021-05-07 15:47:00.039,2021-05-07 15:47:02.019,0.021,0,1,0.7118066,0.28816774,0.7118066,2.2612503e-05,3.16652e-06
512,31,lying,2021-05-07 15:47:01.039,2021-05-07 15:47:03.019,0.021,0,1,0.5736557,0.42631245,0.5736557,2.8187664e-05,3.6614222e-06
512,31,lying,2021-05-07 15:47:02.039,2021-05-07 15:47:04.019,0.021,0,1,0.7029893,0.2969864,0.7029893,2.1359918e-05,2.9697917e-06
512,31,lying,2021-05-07 15:47:03.039,2021-05-07 15:47:05.019,0.021,0,1,0.8308889,0.1690955,0.8308889,1.3483513e-05,2.102629e-06
512,31,lying,2021-05-07 15:47:04.039,2021-05-07 15:47:06.019,0.021,0,1,0.72576684,0.27420896,0.72576684,2.1203115e-05,2.9897922e-06
512,31,lying,2021-05-07 15:47:05.039,2021-05-07 15:47:07.019,0.021,0,1,0.7105445,0.28942928,0.7105445,2.3008986e-05,3.1838317e-06
512,31,lying,2021-05-07 15:47:06.039,2021-05-07 15:47:08.020,0.021,0,1,0.7578433,0.24213478,0.7578433,1.9152327e-05,2.7448662e-06
512,31,lying,2021-05-07 15:47:07.039,2021-05-07 15:47:09.020,0.021,0,1,0.78220797,0.21777241,0.78220797,1.7090164e-05,2.512246e-06
512,31,lying,2021-05-07 15:47:08.039,2021-05-07 15:47:10.020,0.021,0,1,0.7497131,0.25026515,0.7497131,1.8978542e-05,2.7136173e-06
512,31,lying,2021-05-07 15:47:09.039,2021-05-07 15:47:11.020,0.021,0,1,0.69956285,0.30041158,0.69956285,2.2456901e-05,3.0524568e-06
512,31,lying,2021-05-07 15:47:10.039,2021-05-07 15:47:12.020,0.021,0,1,0.7599638,0.24001405,0.7599638,1.930103e-05,2.7763053e-06
512,31,lying,2021-05-07 15:47:11.039,2021-05-07 15:47:13.020,0.021,0,1,0.7882737,0.21170613,0.7882737,1.7510885e-05,2.6063549e-06
512,31,lying,2021-05-07 15:47:12.039,2021-05-07 15:47:14.020,0.021,0,1,0.7920899,0.20788999,0.7920899,1.7444847e-05,2.6153587e-06
512,31,lying,2021-05-07 15:47:13.039,2021-05-07 15:47:15.020,0.021,0,1,0.76670486,0.23327266,0.76670486,1.9622055e-05,2.8419051e-06
512,31,lying,2021-05-07 15:47:14.039,2021-05-07 15:47:16.020,0.021,0,1,0.7971446,0.202836,0.7971446,1.6924263e-05,2.5494103e-06
512,31,lying,2021-05-07 15:47:15.039,2021-05-07 15:47:17.020,0.021,0,1,0.80649734,0.19348368,0.80649734,1.6498447e-05,2.5126542e-06
512,31,lying,2021-05-07 15:47:16.040,2021-05-07 15:47:18.020,0.021,0,1,0.74398917,0.25598675,0.74398917,2.101686e-05,2.9859405e-06
512,31,lying,2021-05-07 15:47:17.040,2021-05-07 15:47:19.020,0.021,0,1,0.68224466,0.31772795,0.68224466,2.4186229e-05,3.2737933e-06
512,31,lying,2021-05-07 15:47:18.040,2021-05-07 15:47:20.020,0.021,0,1,0.6955022,0.30447054,0.6955022,2.3921913e-05,3.267277e-06
512,31,lying,2021-05-07 15:47:19.040,2021-05-07 15:47:21.020,0.021,0,1,0.6719383,0.32803476,0.6719383,2.3592042e-05,3.2987234e-06
512,31,lying,2021-05-07 15:47:20.040,2021-05-07 15:47:22.020,0.021,0,0,0.53662455,0.53662455,0.46333927,3.2482618e-05,3.6796762e-06
512,31,lying,2021-05-07 15:47:21.040,2021-05-07 15:47:23.020,0.021,0,0,0.63518846,0.63518846,0.36476472,4.310966e-05,3.782774e-06
512,31,lying,2021-05-07 15:47:22.040,2021-05-07 15:47:24.020,0.021,0,0,0.6198594,0.6198594,0.3800906,4.605894e-05,3.9570277e-06
512,31,lying,2021-05-07 15:47:23.040,2021-05-07 15:47:25.020,0.021,0,0,0.61732477,0.61732477,0.3826259,4.5295918e-05,3.8792246e-06
512,31,lying,2021-05-07 15:47:24.040,2021-05-07 15:47:26.020,0.021,0,0,0.61548847,0.61548847,0.38446382,4.3923716e-05,3.7558643e-06
512,31,lying,2021-05-07 15:47:25.040,2021-05-07 15:47:27.020,0.021,0,0,0.58263445,0.58263445,0.417322,3.9913673e-05,3.6173055e-06
512,31,lying,2021-05-07 15:47:26.040,2021-05-07 15:47:28.020,0.021,0,1,0.5136717,0.4862916,0.5136717,3.3401895e-05,3.2955547e-06
512,31,lying,2021-05-07 15:47:27.040,2021-05-07 15:47:29.020,0.021,0,0,0.5304741,0.5304741,0.46948606,3.643823e-05,3.3862048e-06
512,31,lying,2021-05-07 15:47:28.040,2021-05-07 15:47:30.020,0.021,0,0,0.58760566,0.58760566,0.41235006,4.0718245e-05,3.5902433e-06
512,31,lying,2021-05-07 15:47:29.040,2021-05-07 15:47:31.020,0.021,0,0,0.5934882,0.5934882,0.40646517,4.290201e-05,3.6733131e-06
512,31,lying,2021-05-07 15:47:30.040,2021-05-07 15:47:32.020,0.021,0,0,0.5861481,0.5861481,0.4138037,4.4579374e-05,3.576723e-06
512,31,lying,2021-05-07 15:47:31.040,2021-05-07 15:47:33.020,0.021,0,0,0.57546264,0.57546264,0.42449033,4.3562733e-05,3.3978158e-06
512,31,lying,2021-05-07 15:47:32.040,2021-05-07 15:47:34.020,0.021,0,0,0.5811469,0.5811469,0.4188067,4.2991847e-05,3.3692256e-06
512,31,lying,2021-05-07 15:47:33.040,2021-05-07 15:47:35.020,0.021,0,0,0.5840326,0.5840326,0.41592133,4.2754087e-05,3.3533033e-06
512,31,lying,2021-05-07 15:47:34.040,2021-05-07 15:47:36.020,0.021,0,0,0.58641165,0.58641165,0.4135427,4.2390784e-05,3.3303336e-06
512,31,lying,2021-05-07 15:47:35.040,2021-05-07 15:47:37.020,0.021,0,0,0.5736447,0.5736447,0.42630875,4.3205928e-05,3.3438114e-06
512,31,lying,2021-05-07 15:47:36.040,2021-05-07 15:47:38.020,0.021,0,0,0.58011067,0.58011067,0.4198426,4.32727e-05,3.392549e-06
512,31,lying,2021-05-07 15:47:37.040,2021-05-07 15:47:39.020,0.021,0,0,0.5831476,0.5831476,0.4168059,4.308953e-05,3.3886138e-06
512,31,lying,2021-05-07 15:47:38.040,2021-05-07 15:47:40.020,0.021,0,0,0.58018166,0.58018166,0.41977325,4.169071e-05,3.2957066e-06
512,31,lying,2021-05-07 15:47:39.040,2021-05-07 15:47:41.020,0.021,0,0,0.5853224,0.5853224,0.414633,4.1221352e-05,3.271925e-06
512,31,lying,2021-05-07 15:47:40.040,2021-05-07 15:47:42.020,0.021,0,0,0.57378304,0.57378304,0.42617118,4.2577838e-05,3.2879852e-06
512,32,sitting,2021-05-07 15:47:46.520,2021-05-07 15:47:48.500,0.021,1,1,0.6134232,0.38654795,0.6134232,2.6789327e-05,2.0575428e-06
512,32,sitting,2021-05-07 15:47:47.520,2021-05-07 15:47:49.500,0.021,1,1,0.67095286,0.3290105,0.67095286,3.4536242e-05,2.145217e-06
512,32,sitting,2021-05-07 15:47:48.520,2021-05-07 15:47:50.500,0.021,1,1,0.6280014,0.37196118,0.6280014,3.561402e-05,1.7936713e-06
512,32,sitting,2021-05-07 15:47:49.520,2021-05-07 15:47:51.500,0.021,1,1,0.6509923,0.34896928,0.6509923,3.6721933e-05,1.6902192e-06
512,32,sitting,2021-05-07 15:47:50.520,2021-05-07 15:47:52.500,0.021,1,1,0.6576148,0.34234688,0.6576148,3.6631318e-05,1.6531076e-06
512,32,sitting,2021-05-07 15:47:51.520,2021-05-07 15:47:53.500,0.021,1,1,0.65335876,0.3466028,0.65335876,3.6710582e-05,1.6665794e-06
512,32,sitting,2021-05-07 15:47:52.520,2021-05-07 15:47:54.500,0.021,1,1,0.6547743,0.34518602,0.6547743,3.7721846e-05,1.9161685e-06
512,32,sitting,2021-05-07 15:47:53.520,2021-05-07 15:47:55.500,0.021,1,1,0.6875336,0.3124249,0.6875336,3.9328555e-05,2.1674296e-06
512,32,sitting,2021-05-07 15:47:54.520,2021-05-07 15:47:56.500,0.021,1,1,0.713489,0.28646868,0.713489,4.0097755e-05,2.2114737e-06
512,32,sitting,2021-05-07 15:47:55.520,2021-05-07 15:47:57.500,0.021,1,1,0.7177576,0.28219956,0.7177576,4.056738e-05,2.2527947e-06
512,32,sitting,2021-05-07 15:47:56.520,2021-05-07 15:47:58.500,0.021,1,1,0.71765584,0.28230128,0.71765584,4.0640192e-05,2.2541922e-06
512,32,sitting,2021-05-07 15:47:57.520,2021-05-07 15:47:59.500,0.021,1,1,0.71076405,0.2891939,0.71076405,3.9860322e-05,2.2107897e-06
512,32,sitting,2021-05-07 15:47:58.520,2021-05-07 15:48:00.500,0.021,1,1,0.6814801,0.31847918,0.6814801,3.874626e-05,1.9803406e-06
512,32,sitting,2021-05-07 15:47:59.520,2021-05-07 15:48:01.500,0.021,1,1,0.6692408,0.33071634,0.6692408,4.0513998e-05,2.3159027e-06
512,32,sitting,2021-05-07 15:48:00.520,2021-05-07 15:48:02.500,0.021,1,1,0.70174575,0.2982061,0.70174575,4.520211e-05,2.9581756e-06
512,32,sitting,2021-05-07 15:48:01.520,2021-05-07 15:48:03.500,0.021,1,1,0.7068263,0.29312682,0.7068263,4.409286e-05,2.7478834e-06
512,32,sitting,2021-05-07 15:48:02.520,2021-05-07 15:48:04.500,0.021,1,1,0.69968337,0.30027056,0.69968337,4.3420463e-05,2.6881266e-06
512,32,sitting,2021-05-07 15:48:03.520,2021-05-07 15:48:05.500,0.021,1,1,0.6890647,0.3108887,0.6890647,4.3841235e-05,2.7873868e-06
512,32,sitting,2021-05-07 15:48:04.520,2021-05-07 15:48:06.500,0.021,1,1,0.6562908,0.34365827,0.6562908,4.7218808e-05,3.600327e-06
512,32,sitting,2021-05-07 15:48:05.520,2021-05-07 15:48:07.500,0.021,1,1,0.62952006,0.37042513,0.62952006,5.0372648e-05,4.443211e-06
512,32,sitting,2021-05-07 15:48:06.520,2021-05-07 15:48:08.500,0.021,1,1,0.65079397,0.34915385,0.65079397,4.8290814e-05,3.878232e-06
512,32,sitting,2021-05-07 15:48:07.520,2021-05-07 15:48:09.500,0.021,1,1,0.66946554,0.3304885,0.66946554,4.311011e-05,2.7696938e-06
512,32,sitting,2021-05-07 15:48:08.520,2021-05-07 15:48:10.500,0.021,1,1,0.677704,0.32225278,0.677704,4.109157e-05,2.1129135e-06
512,32,sitting,2021-05-07 15:48:09.520,2021-05-07 15:48:11.500,0.021,1,1,0.6716771,0.32827505,0.6716771,4.4865752e-05,3.035886e-06
512,32,sitting,2021-05-07 15:48:10.520,2021-05-07 15:48:12.500,0.021,1,1,0.6305289,0.36941472,0.6305289,5.1664276e-05,4.6309365e-06
512,32,sitting,2021-05-07 15:48:11.520,2021-05-07 15:48:13.500,0.021,1,1,0.623278,0.37666532,0.623278,5.1843774e-05,4.7676967e-06
512,32,sitting,2021-05-07 15:48:12.520,2021-05-07 15:48:14.500,0.021,1,1,0.61732227,0.38262126,0.61732227,5.1644864e-05,4.7976314e-06
512,32,sitting,2021-05-07 15:48:13.520,2021-05-07 15:48:15.500,0.021,1,1,0.6150173,0.38492608,0.6150173,5.177636e-05,4.8405072e-06
512,32,sitting,2021-05-07 15:48:14.520,2021-05-07 15:48:16.500,0.021,1,1,0.61257863,0.3873651,0.61257863,5.1324798e-05,4.800265e-06
512,32,sitting,2021-05-07 15:48:15.520,2021-05-07 15:48:17.500,0.021,1,1,0.6017963,0.39815807,0.6017963,4.2354863e-05,3.3223557e-06
512,32,sitting,2021-05-07 15:48:16.520,2021-05-07 15:48:18.500,0.021,1,1,0.6028051,0.3971598,0.6028051,3.327304e-05,1.7940536e-06
512,32,sitting,2021-05-07 15:48:17.520,2021-05-07 15:48:19.500,0.021,1,1,0.5968933,0.4030736,0.5968933,3.1692118e-05,1.522551e-06
512,32,sitting,2021-05-07 15:48:18.520,2021-05-07 15:48:20.500,0.021,1,1,0.5885523,0.41141143,0.5885523,3.4419576e-05,1.7746383e-06
512,32,sitting,2021-05-07 15:48:19.520,2021-05-07 15:48:21.500,0.021,1,1,0.6464236,0.35354993,0.6464236,2.5001213e-05,1.5091802e-06
512,32,sitting,2021-05-07 15:48:20.520,2021-05-07 15:48:22.500,0.021,1,1,0.62688506,0.37308642,0.62688506,2.7061706e-05,1.4416629e-06
512,32,sitting,2021-05-07 15:48:21.520,2021-05-07 15:48:23.500,0.021,1,1,0.61003435,0.38993135,0.61003435,3.2831766e-05,1.600745e-06
512,32,sitting,2021-05-07 15:48:22.520,2021-05-07 15:48:24.500,0.021,1,1,0.6038693,0.39609656,0.6038693,3.240659e-05,1.5694502e-06
512,32,sitting,2021-05-07 15:48:23.520,2021-05-07 15:48:25.500,0.021,1,1,0.5932826,0.40668374,0.5932826,3.2192842e-05,1.58096e-06
512,32,sitting,2021-05-07 15:48:24.520,2021-05-07 15:48:26.500,0.021,1,1,0.5838257,0.41614038,0.5838257,3.2360513e-05,1.6200916e-06
512,32,sitting,2021-05-07 15:48:25.520,2021-05-07 15:48:27.500,0.021,1,1,0.590013,0.40995282,0.590013,3.2525553e-05,1.6173117e-06
512,32,sitting,2021-05-07 15:48:26.520,2021-05-07 15:48:28.500,0.021,1,1,0.58626103,0.41370457,0.58626103,3.2810356e-05,1.6494723e-06
512,32,sitting,2021-05-07 15:48:27.520,2021-05-07 15:48:29.500,0.021,1,1,0.5839919,0.4159736,0.5839919,3.282552e-05,1.640514e-06
512,32,sitting,2021-05-07 15:48:28.520,2021-05-07 15:48:30.500,0.021,1,1,0.5805053,0.41946104,0.5805053,3.2059677e-05,1.5906548e-06
512,32,sitting,2021-05-07 15:48:29.520,2021-05-07 15:48:31.500,0.021,1,1,0.5796686,0.42029753,0.5796686,3.2198863e-05,1.6086647e-06
512,32,sitting,2021-05-07 15:48:30.520,2021-05-07 15:48:32.500,0.021,1,1,0.58418,0.41578585,0.58418,3.2628228e-05,1.622657e-06
512,32,sitting,2021-05-07 15:48:31.520,2021-05-07 15:48:33.500,0.021,1,1,0.5755201,0.424446,0.5755201,3.2216456e-05,1.6207571e-06
512,32,sitting,2021-05-07 15:48:32.520,2021-05-07 15:48:34.500,0.021,1,1,0.57710797,0.4228578,0.57710797,3.2545366e-05,1.6407992e-06
512,32,sitting,2021-05-07 15:48:33.520,2021-05-07 15:48:35.500,0.021,1,1,0.58355504,0.416411,0.58355504,3.22571e-05,1.6010059e-06
512,32,sitting,2021-05-07 15:48:34.520,2021-05-07 15:48:36.500,0.021,1,1,0.58278006,0.4171865,0.58278006,3.1804873e-05,1.5730244e-06
512,32,sitting,2021-05-07 15:48:35.520,2021-05-07 15:48:37.500,0.021,1,1,0.5852504,0.41471595,0.5852504,3.200729e-05,1.5788563e-06
512,32,sitting,2021-05-07 15:48:36.520,2021-05-07 15:48:38.500,0.021,1,1,0.5871691,0.4127974,0.5871691,3.192139e-05,1.568024e-06
512,32,sitting,2021-05-07 15:48:37.520,2021-05-07 15:48:39.500,0.021,1,1,0.6007877,0.3991782,0.6007877,3.262055e-05,1.5869819e-06
512,32,sitting,2021-05-07 15:48:38.520,2021-05-07 15:48:40.500,0.021,1,1,0.59597766,0.403988,0.59597766,3.2744887e-05,1.6141578e-06
512,32,sitting,2021-05-07 15:48:39.520,2021-05-07 15:48:41.500,0.021,1,1,0.60562086,0.39434376,0.60562086,3.3306464e-05,2.0690934e-06
512,32,sitting,2021-05-07 15:48:40.520,2021-05-07 15:48:42.500,0.021,1,1,0.6539189,0.34604532,0.6539189,3.3354314e-05,2.4554895e-06
512,32,sitting,2021-05-07 15:48:41.520,2021-05-07 15:48:43.500,0.021,1,1,0.7829192,0.21704431,0.7829192,3.1781838e-05,4.543965e-06
512,32,sitting,2021-05-07 15:48:42.520,2021-05-07 15:48:44.500,0.021,1,1,0.6763861,0.32357427,0.6763861,3.3826316e-05,5.697428e-06
512,32,sitting,2021-05-07 15:48:43.520,2021-05-07 15:48:45.500,0.021,1,1,0.60528624,0.394672,0.60528624,3.735816e-05,4.338177e-06
512,32,sitting,2021-05-07 15:48:44.520,2021-05-07 15:48:46.500,0.021,1,1,0.53365284,0.46629944,0.53365284,4.2683954e-05,5.0467706e-06
512,32,sitting,2021-05-07 15:48:45.520,2021-05-07 15:48:47.500,0.021,1,1,0.50169367,0.49825183,0.50169367,4.875662e-05,5.735543e-06
512,32,sitting,2021-05-07 15:48:46.520,2021-05-07 15:48:48.500,0.021,1,1,0.5160471,0.48389834,0.5160471,4.859075e-05,5.7795164e-06
512,32,sitting,2021-05-07 15:48:47.520,2021-05-07 15:48:49.500,0.021,1,1,0.5292408,0.47070807,0.5292408,4.5786026e-05,5.378522e-06
512,32,sitting,2021-05-07 15:48:48.520,2021-05-07 15:48:50.500,0.021,1,1,0.5584045,0.44154572,0.5584045,4.414904e-05,5.6135473e-06
512,32,sitting,2021-05-07 15:48:49.520,2021-05-07 15:48:51.500,0.021,1,1,0.5881499,0.41180333,0.5881499,4.091454e-05,5.9127246e-06
512,32,sitting,2021-05-07 15:48:50.520,2021-05-07 15:48:52.500,0.021,1,1,0.5364588,0.4634901,0.5364588,4.4542245e-05,6.4884744e-06
512,32,sitting,2021-05-07 15:48:51.520,2021-05-07 15:48:53.500,0.021,1,1,0.5977021,0.40225735,0.5977021,3.4540517e-05,6.02347e-06
512,32,sitting,2021-05-07 15:48:52.520,2021-05-07 15:48:54.500,0.021,1,1,0.5933913,0.4065662,0.5933913,3.5836154e-05,6.5217814e-06
512,32,sitting,2021-05-07 15:48:53.520,2021-05-07 15:48:55.500,0.021,1,0,0.52902985,0.52902985,0.47091156,5.130761e-05,7.317748e-06
512,32,sitting,2021-05-07 15:48:54.520,2021-05-07 15:48:56.500,0.021,1,1,0.5906346,0.4093215,0.5906346,3.681497e-05,7.0194687e-06
512,32,sitting,2021-05-07 15:48:55.520,2021-05-07 15:48:57.500,0.021,1,1,0.9066975,0.09327639,0.9066975,2.107621e-05,4.9356754e-06
512,32,sitting,2021-05-07 15:48:56.520,2021-05-07 15:48:58.500,0.021,1,1,0.98165506,0.018331021,0.98165506,1.114654e-05,2.7565477e-06
512,32,sitting,2021-05-07 15:48:57.520,2021-05-07 15:48:59.500,0.021,1,1,0.9840336,0.01595284,0.9840336,1.09630555e-05,2.6689838e-06
512,32,sitting,2021-05-07 15:48:58.520,2021-05-07 15:49:00.500,0.021,1,1,0.984259,0.015726982,0.984259,1.1408041e-05,2.7321446e-06
512,32,sitting,2021-05-07 15:48:59.520,2021-05-07 15:49:01.500,0.021,1,1,0.9794795,0.0205066,0.9794795,1.11484915e-05,2.8386862e-06
512,32,sitting,2021-05-07 15:49:00.520,2021-05-07 15:49:02.500,0.021,1,1,0.8781288,0.121847585,0.8781288,1.5483864e-05,8.150222e-06
512,32,sitting,2021-05-07 15:49:01.520,2021-05-07 15:49:03.500,0.021,1,1,0.65794873,0.3420177,0.65794873,2.347866e-05,1.0136709e-05
512,32,sitting,2021-05-07 15:49:02.520,2021-05-07 15:49:04.500,0.021,1,1,0.66520876,0.33474717,0.66520876,3.858368e-05,5.378115e-06
512,32,sitting,2021-05-07 15:49:03.520,2021-05-07 15:49:05.500,0.021,1,1,0.70327574,0.29667708,0.70327574,4.1089483e-05,6.119096e-06
512,32,sitting,2021-05-07 15:49:04.520,2021-05-07 15:49:06.500,0.021,1,1,0.67540723,0.3245441,0.67540723,4.284768e-05,5.8710702e-06
512,32,sitting,2021-05-07 15:49:05.520,2021-05-07 15:49:07.500,0.021,1,1,0.6561578,0.34378365,0.6561578,5.224226e-05,6.258393e-06
512,32,sitting,2021-05-07 15:49:06.520,2021-05-07 15:49:08.500,0.021,1,1,0.64833045,0.35160226,0.64833045,6.0105605e-05,7.2926387e-06
512,32,sitting,2021-05-07 15:49:07.520,2021-05-07 15:49:09.500,0.021,1,0,0.5352027,0.5352027,0.4647471,4.049082e-05,9.657393e-06
512,32,sitting,2021-05-07 15:49:08.520,2021-05-07 15:49:10.500,0.021,1,0,0.5510614,0.5510614,0.4488928,3.737903e-05,8.466198e-06
512,32,sitting,2021-05-07 15:49:09.520,2021-05-07 15:49:11.500,0.021,1,1,0.6438234,0.35611883,0.6438234,5.2142877e-05,5.629508e-06
512,32,sitting,2021-05-07 15:49:10.520,2021-05-07 15:49:12.500,0.021,1,1,0.654716,0.34522632,0.654716,5.2337728e-05,5.2799223e-06
512,32,sitting,2021-05-07 15:49:11.520,2021-05-07 15:49:13.500,0.021,1,1,0.67298007,0.32696018,0.67298007,5.4092587e-05,5.6548015e-06
512,32,sitting,2021-05-07 15:49:12.520,2021-05-07 15:49:14.500,0.021,1,1,0.6272015,0.37273094,0.6272015,6.0910108e-05,6.6468333e-06
512,32,sitting,2021-05-07 15:49:13.520,2021-05-07 15:49:15.500,0.021,1,1,0.6399517,0.35998085,0.6399517,6.063438e-05,6.8256427e-06
512,32,sitting,2021-05-07 15:49:14.520,2021-05-07 15:49:16.500,0.021,1,1,0.63119674,0.36873266,0.63119674,6.342463e-05,7.1712975e-06
512,32,sitting,2021-05-07 15:49:15.520,2021-05-07 15:49:17.500,0.021,1,1,0.6148781,0.38504776,0.6148781,6.673337e-05,7.4048053e-06
512,32,sitting,2021-05-07 15:49:16.520,2021-05-07 15:49:18.500,0.021,1,1,0.6116249,0.38830444,0.6116249,6.3928936e-05,6.735465e-06
512,32,sitting,2021-05-07 15:49:17.520,2021-05-07 15:49:19.500,0.021,1,1,0.6085957,0.39133692,0.6085957,6.104447e-05,6.343932e-06
512,32,sitting,2021-05-07 15:49:18.520,2021-05-07 15:49:20.500,0.021,1,1,0.61517286,0.3847587,0.61517286,6.1964536e-05,6.433293e-06
512,32,sitting,2021-05-07 15:49:19.520,2021-05-07 15:49:21.500,0.021,1,1,0.5984801,0.4014473,0.5984801,6.524572e-05,7.2709745e-06
512,32,sitting,2021-05-07 15:49:20.520,2021-05-07 15:49:22.500,0.021,1,1,0.62684274,0.37308633,0.62684274,6.427484e-05,6.5503086e-06
512,32,sitting,2021-05-07 15:49:21.520,2021-05-07 15:49:23.500,0.021,1,1,0.62732995,0.37259844,0.62732995,6.492576e-05,6.6700854e-06
512,32,sitting,2021-05-07 15:49:22.520,2021-05-07 15:49:24.500,0.021,1,1,0.59542656,0.4045089,0.59542656,5.77465e-05,6.7221176e-06
512,32,sitting,2021-05-07 15:49:23.520,2021-05-07 15:49:25.500,0.021,1,1,0.7472502,0.25271434,0.7472502,2.9032546e-05,6.3099606e-06
512,32,sitting,2021-05-07 15:49:24.520,2021-05-07 15:49:26.500,0.021,1,1,0.6392221,0.3607358,0.6392221,3.474071e-05,7.4124855e-06
512,32,sitting,2021-05-07 15:49:25.520,2021-05-07 15:49:27.500,0.021,1,1,0.5972503,0.40268475,0.5972503,5.8730588e-05,6.089425e-06
512,32,sitting,2021-05-07 15:49:26.520,2021-05-07 15:49:28.500,0.021,1,1,0.6357203,0.3642096,0.6357203,6.372231e-05,6.359843e-06
512,32,sitting,2021-05-07 15:49:27.520,2021-05-07 15:49:29.500,0.021,1,1,0.6225108,0.37742382,0.6225108,5.9323793e-05,6.0352118e-06
512,32,sitting,2021-05-07 15:49:28.520,2021-05-07 15:49:30.500,0.021,1,1,0.6178403,0.3820999,0.6178403,5.440796e-05,5.3472036e-06
512,32,sitting,2021-05-07 15:49:29.520,2021-05-07 15:49:31.500,0.021,1,1,0.607423,0.39252582,0.607423,4.626066e-05,4.91376e-06
512,32,sitting,2021-05-07 15:49:30.520,2021-05-07 15:49:32.500,0.021,1,1,0.6245998,0.3753547,0.6245998,4.0599705e-05,4.845079e-06
512,32,sitting,2021-05-07 15:49:31.520,2021-05-07 15:49:33.500,0.021,1,1,0.5891399,0.41081423,0.5891399,4.1136158e-05,4.6286036e-06
512,32,sitting,2021-05-07 15:49:32.520,2021-05-07 15:49:34.500,0.021,1,1,0.592912,0.4070331,0.592912,4.9842274e-05,4.959786e-06
512,33,walking,2021-05-07 15:49:39.080,2021-05-07 15:49:41.060,0.021,3,3,0.9997759,6.766694e-12,2.8598731e-06,0.00022134147,0.9997759
512,33,walking,2021-05-07 15:49:40.080,2021-05-07 15:49:42.060,0.021,3,3,0.99992067,2.056338e-12,1.2191689e-06,7.807333e-05,0.99992067
512,35,walking,2021-05-07 15:49:43.439,2021-05-07 15:49:45.419,0.021,3,3,0.9962904,7.629539e-11,1.0248966e-05,0.0036992962,0.9962904
512,35,walking,2021-05-07 15:49:44.439,2021-05-07 15:49:46.419,0.021,3,3,0.99989647,1.1338803e-12,9.717602e-07,0.000102451646,0.99989647
512,35,walking,2021-05-07 15:49:45.439,2021-05-07 15:49:47.419,0.021,3,3,0.9998219,4.979188e-13,5.875721e-07,0.00017749048,0.9998219
512,35,walking,2021-05-07 15:49:46.439,2021-05-07 15:49:48.419,0.021,3,3,0.999704,1.5809081e-12,5.970193e-07,0.0002952974,0.999704
512,35,walking,2021-05-07 15:49:47.439,2021-05-07 15:49:49.419,0.021,3,3,0.999986,5.1132045e-14,3.8845943e-08,1.3945644e-05,0.999986
512,35,walking,2021-05-07 15:49:48.439,2021-05-07 15:49:50.419,0.021,3,3,0.9999216,6.5222545e-13,9.2980355e-07,7.7423145e-05,0.9999216
512,35,walking,2021-05-07 15:49:49.439,2021-05-07 15:49:51.419,0.021,3,3,0.9994518,7.179024e-12,7.66107e-06,0.00054048246,0.9994518
512,35,walking,2021-05-07 15:49:50.439,2021-05-07 15:49:52.419,0.021,3,3,0.9995789,1.6863337e-11,3.2236255e-06,0.00041773607,0.9995789
512,36,standing,2021-05-07 15:49:53.279,2021-05-07 15:49:55.259,0.021,2,2,0.9818947,4.108536e-10,0.00013326833,0.9818947,0.01797195
512,36,standing,2021-05-07 15:49:54.279,2021-05-07 15:49:56.259,0.021,2,2,0.9987544,1.4143364e-10,5.5026572e-05,0.9987544,0.0011906411
512,36,standing,2021-05-07 15:49:55.279,2021-05-07 15:49:57.259,0.021,2,2,0.9988336,1.2166823e-10,5.789152e-05,0.9988336,0.0011085382
512,37,walking,2021-05-07 15:49:57.759,2021-05-07 15:49:59.740,0.021,3,3,0.99884015,7.522753e-11,9.618498e-06,0.0011502292,0.99884015
512,37,walking,2021-05-07 15:49:58.759,2021-05-07 15:50:00.740,0.021,3,3,0.9994506,4.919373e-12,2.7035367e-06,0.0005466657,0.9994506
512,37,walking,2021-05-07 15:49:59.759,2021-05-07 15:50:01.740,0.021,3,3,0.9997077,6.107747e-12,1.8958707e-06,0.00029032104,0.9997077
512,37,walking,2021-05-07 15:50:00.760,2021-05-07 15:50:02.740,0.021,3,3,0.9982154,1.6716994e-11,6.890964e-06,0.0017778395,0.9982154
512,37,walking,2021-05-07 15:50:01.760,2021-05-07 15:50:03.740,0.021,3,3,0.99600416,3.3930043e-11,8.956798e-06,0.0039867964,0.99600416
512,37,walking,2021-05-07 15:50:02.760,2021-05-07 15:50:04.739,0.021,3,3,0.9988004,3.5400356e-11,3.9112815e-06,0.0011956224,0.9988004
512,38,standing,2021-05-07 15:50:05.239,2021-05-07 15:50:07.220,0.021,2,2,0.9962739,8.5595396e-08,4.0137103e-05,0.9962739,0.0036859286
512,38,standing,2021-05-07 15:50:06.239,2021-05-07 15:50:08.220,0.021,2,2,0.998602,9.676736e-08,2.9317236e-05,0.998602,0.0013686855
512,38,standing,2021-05-07 15:50:07.239,2021-05-07 15:50:09.220,0.021,2,2,0.9987139,7.981481e-08,3.0483692e-05,0.9987139,0.0012555723
512,38,standing,2021-05-07 15:50:08.239,2021-05-07 15:50:10.220,0.021,2,2,0.99882823,5.2661676e-08,3.038336e-05,0.99882823,0.0011412667
512,38,standing,2021-05-07 15:50:09.239,2021-05-07 15:50:11.220,0.021,2,2,0.9988561,4.55945e-08,3.0230645e-05,0.9988561,0.0011136569
512,38,standing,2021-05-07 15:50:10.239,2021-05-07 15:50:12.220,0.021,2,2,0.998707,7.056465e-08,2.9210467e-05,0.998707,0.0012636523
512,38,standing,2021-05-07 15:50:11.239,2021-05-07 15:50:13.220,0.021,2,2,0.99862844,1.1610508e-07,2.8491348e-05,0.99862844,0.0013429269
512,38,standing,2021-05-07 15:50:12.239,2021-05-07 15:50:14.220,0.021,2,2,0.99866533,9.23879e-08,2.904846e-05,0.99866533,0.0013054498
512,38,standing,2021-05-07 15:50:13.239,2021-05-07 15:50:15.220,0.021,2,2,0.99842703,5.99813e-08,3.1209678e-05,0.99842703,0.0015416429
512,38,standing,2021-05-07 15:50:14.239,2021-05-07 15:50:16.219,0.021,2,2,0.99819165,5.7017328e-08,3.314771e-05,0.99819165,0.0017751162
512,38,standing,2021-05-07 15:50:15.239,2021-05-07 15:50:17.219,0.021,2,2,0.9986864,4.259791e-08,3.1869316e-05,0.9986864,0.0012817652
512,39,walking,2021-05-07 15:50:18.040,2021-05-07 15:50:20.020,0.021,3,3,0.98189855,3.1626346e-10,4.9972867e-05,0.018051496,0.98189855
512,39,walking,2021-05-07 15:50:19.040,2021-05-07 15:50:21.020,0.021,3,3,0.9883903,3.8241676e-10,3.9554296e-05,0.01157017,0.9883903
512,39,walking,2021-05-07 15:50:20.040,2021-05-07 15:50:22.020,0.021,3,3,0.95763725,5.9648775e-10,8.725224e-05,0.042275526,0.95763725
512,39,walking,2021-05-07 15:50:21.040,2021-05-07 15:50:23.020,0.021,3,3,0.98660964,7.8044175e-11,2.8072445e-05,0.013362175,0.98660964
512,39,walking,2021-05-07 15:50:22.040,2021-05-07 15:50:24.020,0.021,3,3,0.9957956,8.298887e-11,2.1350927e-05,0.0041830125,0.9957956
512,39,walking,2021-05-07 15:50:23.040,2021-05-07 15:50:25.020,0.021,3,3,0.99965733,2.1270513e-11,3.4648635e-06,0.00033922933,0.99965733
512,40,standing,2021-05-07 15:50:26.000,2021-05-07 15:50:27.979,0.021,2,2,0.54169244,1.7960483e-09,0.0010236154,0.54169244,0.45728388
512,40,standing,2021-05-07 15:50:27.000,2021-05-07 15:50:28.979,0.021,2,2,0.86084294,1.0754917e-09,0.0012697319,0.86084294,0.13788728
512,41,walking,2021-05-07 15:50:29.119,2021-05-07 15:50:31.100,0.021,3,3,0.9996757,3.041174e-11,2.3222858e-06,0.0003220241,0.9996757
512,41,walking,2021-05-07 15:50:30.119,2021-05-07 15:50:32.099,0.021,3,3,0.9984469,1.9706174e-11,8.874964e-06,0.0015441029,0.9984469
512,41,walking,2021-05-07 15:50:31.119,2021-05-07 15:50:33.099,0.021,3,3,0.9996304,4.4307258e-12,1.406176e-06,0.0003681064,0.9996304
512,41,walking,2021-05-07 15:50:32.119,2021-05-07 15:50:34.099,0.021,3,3,0.99987316,9.154538e-11,5.1776033e-06,0.00012175401,0.99987316
512,41,walking,2021-05-07 15:50:33.119,2021-05-07 15:50:35.099,0.021,3,3,0.9797318,3.6717307e-09,0.0001735016,0.020094642,0.9797318
512,41,walking,2021-05-07 15:50:34.119,2021-05-07 15:50:36.099,0.021,3,3,0.9940266,2.2792515e-10,3.9117993e-05,0.005934194,0.9940266
512,41,walking,2021-05-07 15:50:35.119,2021-05-07 15:50:37.099,0.021,3,3,0.99918467,2.662862e-11,6.3988346e-06,0.00080891396,0.99918467
512,41,walking,2021-05-07 15:50:36.119,2021-05-07 15:50:38.099,0.021,3,3,0.99929553,3.846952e-12,2.0524576e-06,0.0007024277,0.99929553
512,41,walking,2021-05-07 15:50:37.119,2021-05-07 15:50:39.099,0.021,3,3,0.9987727,1.3170481e-11,8.823132e-06,0.0012184598,0.9987727
512,41,walking,2021-05-07 15:50:38.119,2021-05-07 15:50:40.099,0.021,3,3,0.9991104,6.698608e-12,4.899064e-06,0.0008847141,0.9991104
512,41,walking,2021-05-07 15:50:39.119,2021-05-07 15:50:41.099,0.021,3,3,0.998917,7.201287e-12,8.751652e-06,0.0010742918,0.998917
512,41,walking,2021-05-07 15:50:40.119,2021-05-07 15:50:42.099,0.021,3,3,0.978885,3.1847802e-10,6.8560235e-05,0.021046393,0.978885
512,41,walking,2021-05-07 15:50:41.119,2021-05-07 15:50:43.099,0.021,3,3,0.9965538,7.143536e-11,1.5905553e-05,0.0034303695,0.9965538
512,41,walking,2021-05-07 15:50:42.119,2021-05-07 15:50:44.099,0.021,3,3,0.99790853,5.251365e-11,1.039419e-05,0.0020810647,0.99790853
512,41,walking,2021-05-07 15:50:43.119,2021-05-07 15:50:45.099,0.021,3,3,0.9968288,6.026928e-11,9.026314e-06,0.0031621302,0.9968288
512,41,walking,2021-05-07 15:50:44.119,2021-05-07 15:50:46.099,0.021,3,3,0.99846286,1.0561955e-11,5.47606e-06,0.0015317049,0.99846286
512,41,walking,2021-05-07 15:50:45.119,2021-05-07 15:50:47.099,0.021,3,3,0.9986423,2.3126535e-11,4.213492e-06,0.0013534423,0.9986423
512,41,walking,2021-05-07 15:50:46.119,2021-05-07 15:50:48.099,0.021,3,3,0.99860114,2.1089925e-11,7.0607666e-06,0.0013917517,0.99860114
512,41,walking,2021-05-07 15:50:47.119,2021-05-07 15:50:49.099,0.021,3,3,0.9984064,3.4962522e-11,9.833639e-06,0.0015836708,0.9984064
512,41,walking,2021-05-07 15:50:48.119,2021-05-07 15:50:50.099,0.021,3,3,0.998909,7.292153e-11,5.6172257e-06,0.0010853865,0.998909
512,41,walking,2021-05-07 15:50:49.119,2021-05-07 15:50:51.099,0.021,3,3,0.9983537,7.7508056e-11,6.5581644e-06,0.0016397062,0.9983537
512,41,walking,2021-05-07 15:50:50.119,2021-05-07 15:50:52.099,0.021,3,3,0.99604243,1.00987566e-10,1.069491e-05,0.0039469283,0.99604243
512,42,standing,2021-05-07 15:50:52.639,2021-05-07 15:50:54.619,0.021,2,2,0.99413526,3.7730232e-09,0.00010747155,0.99413526,0.0057572164
512,42,standing,2021-05-07 15:50:53.639,2021-05-07 15:50:55.619,0.021,2,2,0.9996304,2.2614308e-09,3.9064635e-05,0.9996304,0.00033052563
512,43,walking,2021-05-07 15:50:56.159,2021-05-07 15:50:58.139,0.021,3,3,0.9959011,6.988935e-10,1.5201462e-05,0.004083766,0.9959011
512,43,walking,2021-05-07 15:50:57.159,2021-05-07 15:50:59.139,0.021,3,3,0.999504,5.6032814e-11,2.8508239e-06,0.00049319,0.999504
512,43,walking,2021-05-07 15:50:58.159,2021-05-07 15:51:00.140,0.021,3,3,0.99972653,6.078575e-12,3.4277791e-06,0.00026997222,0.99972653
512,43,walking,2021-05-07 15:50:59.159,2021-05-07 15:51:01.140,0.021,3,3,0.999304,1.1427964e-11,3.8175504e-06,0.0006921788,0.999304
512,43,walking,2021-05-07 15:51:00.160,2021-05-07 15:51:02.140,0.021,3,3,0.9994498,3.795532e-12,1.5642202e-06,0.00054868445,0.9994498
512,43,walking,2021-05-07 15:51:01.160,2021-05-07 15:51:03.140,0.021,3,3,0.9970054,2.323734e-11,1.5049428e-05,0.0029795056,0.9970054
512,43,walking,2021-05-07 15:51:02.160,2021-05-07 15:51:04.140,0.021,3,3,0.9979322,1.0467201e-11,5.773184e-06,0.002062078,0.9979322
512,43,walking,2021-05-07 15:51:03.160,2021-05-07 15:51:05.140,0.021,3,3,0.9999133,3.0332108e-12,5.4002055e-07,8.614638e-05,0.9999133
512,43,walking,2021-05-07 15:51:04.159,2021-05-07 15:51:06.140,0.021,3,3,0.99978065,5.8288227e-12,9.2451705e-07,0.00021854695,0.99978065
512,43,walking,2021-05-07 15:51:05.159,2021-05-07 15:51:07.140,0.021,3,3,0.9993843,1.5944702e-11,1.9569081e-06,0.00061368995,0.9993843
512,43,walking,2021-05-07 15:51:06.159,2021-05-07 15:51:08.140,0.021,3,3,0.99903953,4.107841e-11,4.1570506e-06,0.0009563784,0.99903953
512,43,walking,2021-05-07 15:51:07.159,2021-05-07 15:51:09.140,0.021,3,3,0.99770194,7.4121896e-11,9.646492e-06,0.0022884356,0.99770194
512,43,walking,2021-05-07 15:51:08.159,2021-05-07 15:51:10.140,0.021,3,3,0.99457085,8.713644e-11,1.8445882e-05,0.005410689,0.99457085
512,43,walking,2021-05-07 15:51:09.159,2021-05-07 15:51:11.140,0.021,3,3,0.99980044,4.6821894e-13,6.0730025e-07,0.00019897822,0.99980044
512,43,walking,2021-05-07 15:51:10.159,2021-05-07 15:51:12.140,0.021,3,3,0.99986434,4.339458e-13,4.48837e-07,0.00013521314,0.99986434
512,43,walking,2021-05-07 15:51:11.159,2021-05-07 15:51:13.140,0.021,3,3,0.99273527,1.2112344e-10,2.3701996e-05,0.00724102,0.99273527
512,43,walking,2021-05-07 15:51:12.159,2021-05-07 15:51:14.140,0.021,3,3,0.99907786,3.569384e-11,5.0801605e-06,0.00091714243,0.99907786
512,43,walking,2021-05-07 15:51:13.159,2021-05-07 15:51:15.140,0.021,3,3,0.99972606,2.1884185e-11,2.7383153e-06,0.0002711192,0.99972606
512,43,walking,2021-05-07 15:51:14.159,2021-05-07 15:51:16.139,0.021,3,3,0.9966894,1.2159591e-10,2.0572415e-05,0.0032899454,0.9966894
512,43,walking,2021-05-07 15:51:15.159,2021-05-07 15:51:17.139,0.021,3,3,0.9916265,3.5593722e-10,4.382199e-05,0.008329685,0.9916265
512,43,walking,2021-05-07 15:51:16.159,2021-05-07 15:51:18.139,0.021,3,3,0.9662184,4.5797074e-10,0.00011333832,0.033668187,0.9662184
512,43,walking,2021-05-07 15:51:17.159,2021-05-07 15:51:19.139,0.021,3,3,0.9786523,6.789001e-10,6.685983e-05,0.021280812,0.9786523
512,44,standing,2021-05-07 15:51:19.959,2021-05-07 15:51:21.940,0.021,2,2,0.99343914,4.8310472e-08,4.845118e-05,0.99343914,0.006512281
512,44,standing,2021-05-07 15:51:20.959,2021-05-07 15:51:22.940,0.021,2,2,0.99860185,2.4472731e-08,3.0448778e-05,0.99860185,0.0013677173
512,45,walking,2021-05-07 15:51:23.760,2021-05-07 15:51:25.739,0.021,3,3,0.99823964,7.341116e-11,6.5832182e-06,0.0017538231,0.99823964
512,45,walking,2021-05-07 15:51:24.760,2021-05-07 15:51:26.739,0.021,3,3,0.99789935,3.138355e-11,8.649843e-06,0.0020920357,0.99789935
512,45,walking,2021-05-07 15:51:25.760,2021-05-07 15:51:27.739,0.021,3,3,0.9982967,1.6576044e-11,4.276744e-06,0.0016990766,0.9982967
512,45,walking,2021-05-07 15:51:26.760,2021-05-07 15:51:28.739,0.021,3,3,0.99970865,5.485135e-12,7.588782e-07,0.00029049747,0.99970865
512,45,walking,2021-05-07 15:51:27.760,2021-05-07 15:51:29.739,0.021,3,3,0.99632484,2.7721684e-11,8.415309e-06,0.0036666812,0.99632484
512,45,walking,2021-05-07 15:51:28.760,2021-05-07 15:51:30.739,0.021,3,3,0.9956845,4.0473833e-11,1.2607588e-05,0.004302887,0.9956845
512,45,walking,2021-05-07 15:51:29.760,2021-05-07 15:51:31.739,0.021,3,3,0.9981762,5.9445136e-11,1.4888568e-05,0.0018088749,0.9981762
512,45,walking,2021-05-07 15:51:30.760,2021-05-07 15:51:32.740,0.021,3,3,0.99766546,6.4916024e-11,1.2940845e-05,0.0023216766,0.99766546
512,45,walking,2021-05-07 15:51:31.760,2021-05-07 15:51:33.740,0.021,3,3,0.9987279,3.3208082e-11,8.186978e-06,0.0012637962,0.9987279
512,45,walking,2021-05-07 15:51:32.759,2021-05-07 15:51:34.740,0.021,3,3,0.99899614,8.90458e-12,6.3419043e-06,0.0009974629,0.99899614
512,45,walking,2021-05-07 15:51:33.759,2021-05-07 15:51:35.740,0.021,3,3,0.9998312,1.6369717e-12,1.1116774e-06,0.00016782676,0.9998312
512,45,walking,2021-05-07 15:51:34.759,2021-05-07 15:51:36.740,0.021,3,3,0.99929756,3.3123608e-12,7.730899e-06,0.000694791,0.99929756
512,45,walking,2021-05-07 15:51:35.759,2021-05-07 15:51:37.740,0.021,3,3,0.9996864,1.0194362e-12,1.9099582e-06,0.000311767,0.9996864
512,45,walking,2021-05-07 15:51:36.759,2021-05-07 15:51:38.740,0.021,3,3,0.9999437,3.5342825e-13,4.2776574e-07,5.57857e-05,0.9999437
512,46,standing,2021-05-07 15:51:39.639,2021-05-07 15:51:41.619,0.021,2,2,0.94375104,2.517868e-09,0.0077552437,0.94375104,0.04849374
512,46,standing,2021-05-07 15:51:40.639,2021-05-07 15:51:42.619,0.021,2,2,0.9954153,2.564171e-10,0.0018710069,0.9954153,0.0027137927
512,46,standing,2021-05-07 15:51:41.639,2021-05-07 15:51:43.619,0.021,2,2,0.9961633,2.62625e-10,0.002222395,0.9961633,0.0016142109
512,47,walking,2021-05-07 15:51:44.560,2021-05-07 15:51:46.540,0.021,3,3,0.999413,6.402081e-11,2.1947051e-05,0.0005650349,0.999413
512,47,walking,2021-05-07 15:51:45.560,2021-05-07 15:51:47.540,0.021,3,3,0.99992245,1.5485058e-12,1.6508635e-06,7.5853626e-05,0.99992245
512,47,walking,2021-05-07 15:51:46.560,2021-05-07 15:51:48.540,0.021,3,3,0.9997568,9.058845e-12,2.5217817e-06,0.0002405872,0.9997568
512,47,walking,2021-05-07 15:51:47.560,2021-05-07 15:51:49.540,0.021,3,3,0.99987894,2.1077304e-12,1.0669e-06,0.00011996407,0.99987894
512,47,walking,2021-05-07 15:51:48.560,2021-05-07 15:51:50.540,0.021,3,3,0.9999836,1.1191353e-13,1.7042304e-07,1.6158674e-05,0.9999836
512,47,walking,2021-05-07 15:51:49.560,2021-05-07 15:51:51.540,0.021,3,3,0.9991344,2.7009829e-12,2.8355316e-06,0.0008626875,0.9991344
512,48,standing,2021-05-07 15:51:52.360,2021-05-07 15:51:54.340,0.021,2,2,0.99120843,2.8192872e-08,7.218653e-05,0.99120843,0.0087193735
512,48,standing,2021-05-07 15:51:53.360,2021-05-07 15:51:55.340,0.021,2,2,0.99819034,1.3445598e-08,4.6367903e-05,0.99819034,0.0017632114
512,49,walking,2021-05-07 15:51:55.520,2021-05-07 15:51:57.500,0.021,3,3,0.99921864,3.9737633e-11,8.835704e-06,0.000772425,0.99921864
512,51,walking,2021-05-07 15:51:58.639,2021-05-07 15:52:00.619,0.021,3,3,0.99643934,2.5948167e-11,9.317435e-06,0.003551303,0.99643934
512,51,walking,2021-05-07 15:51:59.639,2021-05-07 15:52:01.619,0.021,3,3,0.9983263,7.2111535e-12,9.448488e-06,0.0016641722,0.9983263
512,51,walking,2021-05-07 15:52:00.640,2021-05-07 15:52:02.619,0.021,3,3,0.99900126,3.7644558e-12,4.1905973e-06,0.0009944827,0.99900126
512,51,walking,2021-05-07 15:52:01.640,2021-05-07 15:52:03.619,0.021,3,3,0.9993276,3.781686e-12,1.6084405e-06,0.000670784,0.9993276
512,54,walking,2021-05-07 15:52:04.640,2021-05-07 15:52:06.619,0.021,3,3,0.9999729,2.9621254e-14,7.770157e-08,2.6942433e-05,0.9999729
512,54,walking,2021-05-07 15:52:05.640,2021-05-07 15:52:07.619,0.021,3,3,0.9999967,9.405762e-14,2.0269804e-08,3.2009443e-06,0.9999967
512,54,walking,2021-05-07 15:52:06.640,2021-05-07 15:52:08.619,0.021,3,3,0.99998957,9.595054e-13,5.1464394e-07,9.848593e-06,0.99998957
512,54,walking,2021-05-07 15:52:07.640,2021-05-07 15:52:09.619,0.021,3,3,0.9999841,1.5483848e-13,2.1452122e-07,1.5666043e-05,0.9999841
512,54,walking,2021-05-07 15:52:08.640,2021-05-07 15:52:10.619,0.021,3,3,0.99957013,4.6280414e-12,3.5027908e-06,0.00042640898,0.99957013
512,54,walking,2021-05-07 15:52:09.640,2021-05-07 15:52:11.619,0.021,3,3,0.9999959,4.5658315e-14,3.6160102e-08,4.0078758e-06,0.9999959
512,54,walking,2021-05-07 15:52:10.640,2021-05-07 15:52:12.619,0.021,3,3,0.99999565,7.0728566e-14,4.0131525e-08,4.262769e-06,0.99999565
512,58,walking,2021-05-07 15:52:36.400,2021-05-07 15:52:38.380,0.021,3,3,0.9765006,2.2923291e-10,0.0002985986,0.023200834,0.9765006
512,58,walking,2021-05-07 15:52:37.400,2021-05-07 15:52:39.380,0.021,3,3,0.9997362,1.6520217e-12,1.6640425e-06,0.0002620519,0.9997362
512,60,standing,2021-05-07 15:52:40.200,2021-05-07 15:52:42.180,0.021,2,2,0.9745327,3.139221e-10,0.00046670868,0.9745327,0.025000654
512,61,walking,2021-05-07 15:52:42.319,2021-05-07 15:52:44.299,0.021,3,3,0.99962467,5.223557e-13,1.9604613e-06,0.00037328867,0.99962467
512,61,walking,2021-05-07 15:52:43.319,2021-05-07 15:52:45.299,0.021,3,3,0.9999886,1.8516879e-13,5.1023346e-07,1.0862047e-05,0.9999886
512,63,walking,2021-05-07 15:53:11.880,2021-05-07 15:53:13.859,0.021,3,3,0.9999935,2.0859162e-14,1.4384386e-07,6.34645e-06,0.9999935
512,63,walking,2021-05-07 15:53:12.880,2021-05-07 15:53:14.859,0.021,3,3,0.9997771,8.4422644e-13,9.1347965e-07,0.00022203816,0.9997771
512,65,walking,2021-05-07 15:53:16.959,2021-05-07 15:53:18.940,0.021,3,3,0.9992915,5.974191e-13,1.3731021e-06,0.00070716004,0.9992915
512,65,walking,2021-05-07 15:53:17.959,2021-05-07 15:53:19.940,0.021,3,3,0.9992332,2.2109114e-12,2.6295797e-06,0.00076410023,0.9992332
512,65,walking,2021-05-07 15:53:18.959,2021-05-07 15:53:20.940,0.021,3,3,0.999735,7.32044e-13,3.742638e-06,0.00026115694,0.999735
512,65,walking,2021-05-07 15:53:19.959,2021-05-07 15:53:21.940,0.021,3,3,0.9997183,3.5612624e-12,8.173446e-06,0.00027343433,0.9997183
512,65,walking,2021-05-07 15:53:20.959,2021-05-07 15:53:22.940,0.021,3,3,0.99969923,1.944333e-12,3.0563992e-06,0.00029765346,0.99969923
512,67,walking,2021-05-07 15:53:32.840,2021-05-07 15:53:34.819,0.021,3,3,0.99895614,6.0831895e-12,7.85688e-06,0.0010359804,0.99895614
512,69,walking,2021-05-07 15:53:45.319,2021-05-07 15:53:47.299,0.021,3,3,0.9999451,1.5045661e-12,2.4233427e-07,5.455923e-05,0.9999451
512,69,walking,2021-05-07 15:53:46.319,2021-05-07 15:53:48.299,0.021,3,3,0.99999577,7.25762e-14,8.389517e-08,4.1025905e-06,0.99999577
512,69,walking,2021-05-07 15:53:47.319,2021-05-07 15:53:49.299,0.021,3,3,0.9990806,7.505769e-12,1.3701945e-05,0.00090572325,0.9990806
512,69,walking,2021-05-07 15:53:48.319,2021-05-07 15:53:50.299,0.021,3,3,0.9864321,2.6340102e-11,6.0456172e-05,0.013507502,0.9864321
512,69,walking,2021-05-07 15:53:49.319,2021-05-07 15:53:51.299,0.021,3,3,0.99952793,2.3172021e-13,9.436266e-07,0.000471185,0.99952793
512,69,walking,2021-05-07 15:53:50.319,2021-05-07 15:53:52.299,0.021,3,3,0.9999698,3.3759478e-13,9.448007e-08,3.0031808e-05,0.9999698
512,69,walking,2021-05-07 15:53:51.319,2021-05-07 15:53:53.299,0.021,3,3,0.99992126,6.116872e-13,1.0447192e-06,7.7572186e-05,0.99992126
512,70,standing,2021-05-07 15:53:53.639,2021-05-07 15:53:55.619,0.021,2,2,0.8794669,6.191879e-10,0.0003071998,0.8794669,0.12022584
512,70,standing,2021-05-07 15:53:54.639,2021-05-07 15:53:56.619,0.021,2,2,0.9167605,1.1805089e-09,0.00023147425,0.9167605,0.083008
512,70,standing,2021-05-07 15:53:55.639,2021-05-07 15:53:57.619,0.021,2,2,0.9975411,4.381468e-10,6.4958665e-05,0.9975411,0.002393902
512,70,standing,2021-05-07 15:53:56.639,2021-05-07 15:53:58.619,0.021,2,2,0.9988818,2.442174e-10,5.1228508e-05,0.9988818,0.0010668678
512,70,standing,2021-05-07 15:53:57.639,2021-05-07 15:53:59.619,0.021,2,2,0.99900794,1.2502659e-10,5.2642205e-05,0.99900794,0.0009394181
512,70,standing,2021-05-07 15:53:58.639,2021-05-07 15:54:00.619,0.021,2,2,0.9996304,8.6057945e-11,3.7941216e-05,0.9996304,0.00033171548
512,70,standing,2021-05-07 15:53:59.639,2021-05-07 15:54:01.619,0.021,2,2,0.9994417,1.07008964e-10,4.2383603e-05,0.9994417,0.0005159317
512,70,standing,2021-05-07 15:54:00.640,2021-05-07 15:54:02.619,0.021,2,2,0.9983288,1.7575953e-10,5.7873796e-05,0.9983288,0.0016132835
512,70,standing,2021-05-07 15:54:01.640,2021-05-07 15:54:03.619,0.021,2,2,0.99504507,2.4984595e-10,8.303334e-05,0.99504507,0.004871898
512,70,standing,2021-05-07 15:54:02.640,2021-05-07 15:54:04.619,0.021,2,2,0.9978425,1.6030263e-10,5.9409755e-05,0.9978425,0.0020981394
512,70,standing,2021-05-07 15:54:03.640,2021-05-07 15:54:05.619,0.021,2,2,0.998833,1.5302112e-10,4.357714e-05,0.998833,0.0011234278
512,70,standing,2021-05-07 15:54:04.640,2021-05-07 15:54:06.619,0.021,2,2,0.9987662,1.9890335e-10,3.9969756e-05,0.9987662,0.0011938587
512,74,standing,2021-05-07 15:54:08.520,2021-05-07 15:54:10.500,0.021,2,2,0.98609245,7.399848e-08,5.4822052e-05,0.98609245,0.013852577
512,74,standing,2021-05-07 15:54:09.520,2021-05-07 15:54:11.500,0.021,2,2,0.9978251,3.2071938e-08,3.181057e-05,0.9978251,0.0021430454
512,74,standing,2021-05-07 15:54:10.520,2021-05-07 15:54:12.500,0.021,2,2,0.9980568,4.0700304e-08,3.0266605e-05,0.9980568,0.0019127907
512,74,standing,2021-05-07 15:54:11.520,2021-05-07 15:54:13.500,0.021,2,2,0.99787223,3.7837637e-08,3.1365173e-05,0.99787223,0.0020963245
512,74,standing,2021-05-07 15:54:12.520,2021-05-07 15:54:14.500,0.021,2,2,0.99765176,5.0432757e-08,3.192027e-05,0.99765176,0.0023162197
512,74,standing,2021-05-07 15:54:13.520,2021-05-07 15:54:15.500,0.021,2,2,0.99783736,7.677247e-08,2.9053568e-05,0.99783736,0.0021334884
512,75,walking,2021-05-07 15:54:16.040,2021-05-07 15:54:18.020,0.021,3,3,0.9247503,4.098225e-10,9.505094e-05,0.07515468,0.9247503
512,75,walking,2021-05-07 15:54:17.040,2021-05-07 15:54:19.020,0.021,3,3,0.9415625,4.2218457e-10,0.0001807006,0.05825676,0.9415625
512,75,walking,2021-05-07 15:54:18.040,2021-05-07 15:54:20.020,0.021,3,3,0.9963056,2.6865234e-11,2.0326888e-05,0.0036740925,0.9963056
512,77,standing,2021-05-07 15:54:21.559,2021-05-07 15:54:23.540,0.021,2,2,0.9986194,1.5840642e-09,4.967115e-05,0.9986194,0.0013309908
512,77,standing,2021-05-07 15:54:22.559,2021-05-07 15:54:24.540,0.021,2,2,0.9980364,1.9055195e-09,5.1867686e-05,0.9980364,0.0019117029
512,77,standing,2021-05-07 15:54:23.559,2021-05-07 15:54:25.540,0.021,2,2,0.99440503,1.8183317e-09,0.00011769478,0.99440503,0.005477279
512,77,standing,2021-05-07 15:54:24.559,2021-05-07 15:54:26.540,0.021,2,2,0.9951699,1.8236322e-09,0.0001162186,0.9951699,0.0047139153
512,77,standing,2021-05-07 15:54:25.559,2021-05-07 15:54:27.540,0.021,2,2,0.99156773,7.493215e-09,8.0846614e-05,0.99156773,0.00835135
512,77,standing,2021-05-07 15:54:26.559,2021-05-07 15:54:28.540,0.021,2,2,0.99586207,1.0526505e-08,5.6922338e-05,0.99586207,0.004080842
512,77,standing,2021-05-07 15:54:27.559,2021-05-07 15:54:29.540,0.021,2,2,0.9985971,5.019575e-09,4.7078072e-05,0.9985971,0.0013557909
512,77,standing,2021-05-07 15:54:28.559,2021-05-07 15:54:30.540,0.021,2,2,0.9963959,4.944083e-09,6.951958e-05,0.9963959,0.0035346108
512,77,standing,2021-05-07 15:54:29.559,2021-05-07 15:54:31.540,0.021,2,2,0.9826596,5.4513887e-09,0.00011615077,0.9826596,0.01722418
512,77,standing,2021-05-07 15:54:30.559,2021-05-07 15:54:32.540,0.021,2,2,0.9923007,5.446003e-09,8.450016e-05,0.9923007,0.007614882
512,77,standing,2021-05-07 15:54:31.559,2021-05-07 15:54:33.540,0.021,2,2,0.99786043,6.6090404e-09,5.0595245e-05,0.99786043,0.002088906
512,78,walking,2021-05-07 15:54:34.279,2021-05-07 15:54:36.259,0.021,3,3,0.9938154,4.743755e-10,3.556477e-05,0.006149057,0.9938154
512,78,walking,2021-05-07 15:54:35.279,2021-05-07 15:54:37.259,0.021,3,3,0.9964458,9.776246e-11,2.2588361e-05,0.003531563,0.9964458
512,81,standing,2021-05-07 15:54:39.240,2021-05-07 15:54:41.220,0.021,2,2,0.99807924,1.9816753e-08,3.3015767e-05,0.99807924,0.0018877892
512,81,standing,2021-05-07 15:54:40.240,2021-05-07 15:54:42.220,0.021,2,2,0.9983737,1.238601e-08,3.5510828e-05,0.9983737,0.0015908726
512,83,standing,2021-05-07 15:54:43.840,2021-05-07 15:54:45.819,0.021,2,2,0.99049574,2.7374722e-07,4.086087e-05,0.99049574,0.009463199
512,83,standing,2021-05-07 15:54:44.840,2021-05-07 15:54:46.819,0.021,2,2,0.9966407,3.5114834e-07,2.5857214e-05,0.9966407,0.003333009
512,83,standing,2021-05-07 15:54:45.840,2021-05-07 15:54:47.819,0.021,2,2,0.99672943,3.0561336e-07,2.7991833e-05,0.99672943,0.0032422082
512,85,standing,2021-05-07 15:54:48.840,2021-05-07 15:54:50.819,0.021,2,2,0.95740247,1.6077643e-10,0.0006025741,0.95740247,0.041994933
512,86,walking,2021-05-07 15:54:51.080,2021-05-07 15:54:53.060,0.021,3,3,0.99841666,1.9476113e-11,5.936205e-06,0.0015773415,0.99841666
512,86,walking,2021-05-07 15:54:52.080,2021-05-07 15:54:54.060,0.021,3,3,0.99839926,2.1523902e-11,8.039285e-06,0.0015925831,0.99839926
512,86,walking,2021-05-07 15:54:53.080,2021-05-07 15:54:55.060,0.021,3,3,0.99910635,1.7419026e-11,7.4053823e-06,0.0008862145,0.99910635
512,86,walking,2021-05-07 15:54:54.080,2021-05-07 15:54:56.060,0.021,3,3,0.99954104,8.4210425e-12,6.1514575e-06,0.00045288933,0.99954104
512,86,walking,2021-05-07 15:54:55.080,2021-05-07 15:54:57.060,0.021,3,3,0.99814695,4.471926e-11,1.7461869e-05,0.0018356673,0.99814695
512,86,walking,2021-05-07 15:54:56.080,2021-05-07 15:54:58.060,0.021,3,3,0.99916697,2.9106457e-11,8.592063e-06,0.00082445465,0.99916697
512,86,walking,2021-05-07 15:54:57.080,2021-05-07 15:54:59.060,0.021,3,3,0.999456,7.928139e-12,2.533452e-06,0.0005414871,0.999456
512,86,walking,2021-05-07 15:54:58.080,2021-05-07 15:55:00.059,0.021,3,3,0.9992989,1.1256678e-11,2.5284248e-06,0.00069861865,0.9992989
512,86,walking,2021-05-07 15:54:59.080,2021-05-07 15:55:01.059,0.021,3,3,0.99890924,6.5568453e-12,4.678416e-06,0.0010860438,0.99890924
512,86,walking,2021-05-07 15:55:00.079,2021-05-07 15:55:02.059,0.021,3,3,0.99941957,4.371633e-12,1.9922493e-06,0.000578464,0.99941957
512,86,walking,2021-05-07 15:55:01.079,2021-05-07 15:55:03.059,0.021,3,3,0.9985529,1.6104604e-11,6.0041866e-06,0.0014410138,0.9985529
512,88,sitting,2021-05-07 15:55:07.079,2021-05-07 15:55:09.059,0.021,1,1,0.7511305,0.24880971,0.7511305,4.1562264e-05,1.8240811e-05
512,88,sitting,2021-05-07 15:55:08.079,2021-05-07 15:55:10.059,0.021,1,1,0.82632685,0.1736142,0.82632685,3.918195e-05,1.9703553e-05
512,88,sitting,2021-05-07 15:55:09.079,2021-05-07 15:55:11.059,0.021,1,1,0.86126345,0.13867502,0.86126345,3.9595696e-05,2.1843163e-05
512,88,sitting,2021-05-07 15:55:10.079,2021-05-07 15:55:12.059,0.021,1,1,0.8723652,0.12758607,0.8723652,3.089906e-05,1.7749016e-05
512,88,sitting,2021-05-07 15:55:11.079,2021-05-07 15:55:13.059,0.021,1,1,0.7977776,0.20215853,0.7977776,4.2165437e-05,2.1804679e-05
512,88,sitting,2021-05-07 15:55:12.079,2021-05-07 15:55:14.059,0.021,1,1,0.90339506,0.09655669,0.90339506,2.8799986e-05,1.953278e-05
512,88,sitting,2021-05-07 15:55:13.079,2021-05-07 15:55:15.059,0.021,1,1,0.93932724,0.06063917,0.93932724,1.8760153e-05,1.4673146e-05
512,88,sitting,2021-05-07 15:55:14.079,2021-05-07 15:55:16.059,0.021,1,1,0.9090551,0.09090724,0.9090551,2.2376511e-05,1.5333151e-05
512,88,sitting,2021-05-07 15:55:15.079,2021-05-07 15:55:17.059,0.021,1,1,0.91875196,0.08121175,0.91875196,2.1228649e-05,1.5024941e-05
512,88,sitting,2021-05-07 15:55:16.079,2021-05-07 15:55:18.059,0.021,1,1,0.91445315,0.085508,0.91445315,2.3378818e-05,1.5586904e-05
512,88,sitting,2021-05-07 15:55:17.079,2021-05-07 15:55:19.059,0.021,1,1,0.91606367,0.083895184,0.91606367,2.4702045e-05,1.6463006e-05
512,88,sitting,2021-05-07 15:55:18.079,2021-05-07 15:55:20.059,0.021,1,1,0.91330993,0.086646706,0.91330993,2.6045122e-05,1.7264063e-05
512,88,sitting,2021-05-07 15:55:19.079,2021-05-07 15:55:21.059,0.021,1,1,0.9137382,0.08621655,0.9137382,2.7214906e-05,1.8119097e-05
512,88,sitting,2021-05-07 15:55:20.079,2021-05-07 15:55:22.059,0.021,1,1,0.91549975,0.08445581,0.91549975,2.6595391e-05,1.7754508e-05
512,88,sitting,2021-05-07 15:55:21.079,2021-05-07 15:55:23.059,0.021,1,1,0.9107969,0.08915937,0.9107969,2.6452162e-05,1.7235221e-05
512,88,sitting,2021-05-07 15:55:22.079,2021-05-07 15:55:24.059,0.021,1,1,0.90865284,0.09130312,0.90865284,2.6806803e-05,1.7192386e-05
512,88,sitting,2021-05-07 15:55:23.079,2021-05-07 15:55:25.059,0.021,1,1,0.89057446,0.10937744,0.89057446,3.0107649e-05,1.7954453e-05
512,88,sitting,2021-05-07 15:55:24.079,2021-05-07 15:55:26.059,0.021,1,1,0.85951704,0.14042865,0.85951704,3.559459e-05,1.871936e-05
512,88,sitting,2021-05-07 15:55:25.079,2021-05-07 15:55:27.059,0.021,1,1,0.85020953,0.14973357,0.85020953,3.7583308e-05,1.9309016e-05
512,88,sitting,2021-05-07 15:55:26.079,2021-05-07 15:55:28.059,0.021,1,1,0.7752921,0.22464441,0.7752921,4.5045435e-05,1.8481602e-05
512,88,sitting,2021-05-07 15:55:27.079,2021-05-07 15:55:29.059,0.021,1,1,0.58573884,0.414178,0.58573884,6.872121e-05,1.4502739e-05
512,88,sitting,2021-05-07 15:55:28.079,2021-05-07 15:55:30.059,0.021,1,1,0.5045631,0.49534738,0.5045631,7.516132e-05,1.4305621e-05
512,88,sitting,2021-05-07 15:55:29.079,2021-05-07 15:55:31.059,0.021,1,0,0.5475009,0.5475009,0.45240778,7.552875e-05,1.5894346e-05
512,88,sitting,2021-05-07 15:55:30.079,2021-05-07 15:55:32.060,0.021,1,0,0.511948,0.511948,0.4879645,7.1467286e-05,1.6071179e-05
512,88,sitting,2021-05-07 15:55:31.079,2021-05-07 15:55:33.060,0.021,1,1,0.52286005,0.4770548,0.52286005,6.882881e-05,1.6297341e-05
512,88,sitting,2021-05-07 15:55:32.080,2021-05-07 15:55:34.060,0.021,1,0,0.51816624,0.51816624,0.4817449,7.2128205e-05,1.6706817e-05
512,88,sitting,2021-05-07 15:55:33.080,2021-05-07 15:55:35.060,0.021,1,0,0.5481833,0.5481833,0.45172742,7.2579416e-05,1.6599728e-05
512,88,sitting,2021-05-07 15:55:34.080,2021-05-07 15:55:36.060,0.021,1,0,0.54843605,0.54843605,0.45147505,7.311228e-05,1.5874994e-05
512,88,sitting,2021-05-07 15:55:35.080,2021-05-07 15:55:37.060,0.021,1,0,0.5652361,0.5652361,0.43467164,7.6210395e-05,1.5978772e-05
512,88,sitting,2021-05-07 15:55:36.080,2021-05-07 15:55:38.060,0.021,1,0,0.56416535,0.56416535,0.43574163,7.696663e-05,1.6066555e-05
512,88,sitting,2021-05-07 15:55:37.080,2021-05-07 15:55:39.060,0.021,1,0,0.5217044,0.5217044,0.47820646,7.46955e-05,1.4491628e-05
512,88,sitting,2021-05-07 15:55:38.080,2021-05-07 15:55:40.060,0.021,1,1,0.50661325,0.4933073,0.50661325,6.793278e-05,1.146428e-05
512,88,sitting,2021-05-07 15:55:39.080,2021-05-07 15:55:41.060,0.021,1,1,0.503291,0.49663508,0.503291,6.420519e-05,9.6829e-06
512,88,sitting,2021-05-07 15:55:40.080,2021-05-07 15:55:42.060,0.021,1,1,0.60395753,0.39597303,0.60395753,5.6774225e-05,1.2622386e-05
512,88,sitting,2021-05-07 15:55:41.080,2021-05-07 15:55:43.060,0.021,1,1,0.74022335,0.25971958,0.74022335,4.069262e-05,1.6423157e-05
512,88,sitting,2021-05-07 15:55:42.080,2021-05-07 15:55:44.060,0.021,1,1,0.67823136,0.32170224,0.67823136,4.8887425e-05,1.7527433e-05
512,88,sitting,2021-05-07 15:55:43.080,2021-05-07 15:55:45.060,0.021,1,1,0.63833696,0.3615892,0.63833696,5.5494165e-05,1.8345396e-05
512,88,sitting,2021-05-07 15:55:44.080,2021-05-07 15:55:46.060,0.021,1,1,0.73778737,0.26215163,0.73778737,4.481325e-05,1.6212138e-05
512,88,sitting,2021-05-07 15:55:45.080,2021-05-07 15:55:47.060,0.021,1,1,0.7464094,0.25353724,0.7464094,4.2113046e-05,1.1334432e-05
512,88,sitting,2021-05-07 15:55:46.080,2021-05-07 15:55:48.060,0.021,1,1,0.6872471,0.31269115,0.6872471,5.2940675e-05,8.823261e-06
512,88,sitting,2021-05-07 15:55:47.080,2021-05-07 15:55:49.060,0.021,1,1,0.67317206,0.32676366,0.67317206,5.504098e-05,9.342783e-06
512,88,sitting,2021-05-07 15:55:48.080,2021-05-07 15:55:50.060,0.021,1,1,0.62967414,0.37025848,0.62967414,5.8210233e-05,9.215784e-06
512,88,sitting,2021-05-07 15:55:49.080,2021-05-07 15:55:51.060,0.021,1,1,0.5923534,0.40757245,0.5923534,6.5116066e-05,8.998172e-06
512,88,sitting,2021-05-07 15:55:50.080,2021-05-07 15:55:52.060,0.021,1,1,0.63400054,0.36593094,0.63400054,5.9511935e-05,9.037328e-06
512,88,sitting,2021-05-07 15:55:51.080,2021-05-07 15:55:53.060,0.021,1,1,0.58255523,0.41737053,0.58255523,6.3334264e-05,1.0900771e-05
512,88,sitting,2021-05-07 15:55:52.080,2021-05-07 15:55:54.060,0.021,1,1,0.51593167,0.4839822,0.51593167,7.3930154e-05,1.2267254e-05
512,88,sitting,2021-05-07 15:55:53.080,2021-05-07 15:55:55.060,0.021,1,1,0.51169854,0.4882132,0.51169854,7.559882e-05,1.2613449e-05
512,88,sitting,2021-05-07 15:55:54.080,2021-05-07 15:55:56.060,0.021,1,1,0.5510436,0.44887328,0.5510436,7.059081e-05,1.2448034e-05
512,88,sitting,2021-05-07 15:55:55.080,2021-05-07 15:55:57.060,0.021,1,1,0.55287755,0.44704098,0.55287755,6.873903e-05,1.2691043e-05
512,88,sitting,2021-05-07 15:55:56.080,2021-05-07 15:55:58.060,0.021,1,1,0.5388754,0.46104172,0.5388754,6.969085e-05,1.3193108e-05
512,88,sitting,2021-05-07 15:55:57.080,2021-05-07 15:55:59.060,0.021,1,1,0.5278761,0.4720409,0.5278761,6.989674e-05,1.3063954e-05
512,88,sitting,2021-05-07 15:55:58.080,2021-05-07 15:56:00.059,0.021,1,0,0.5250272,0.5250272,0.47488675,7.2645256e-05,1.335517e-05
512,88,sitting,2021-05-07 15:55:59.080,2021-05-07 15:56:01.059,0.021,1,0,0.5311392,0.5311392,0.4687744,7.3078314e-05,1.32954965e-05
512,88,sitting,2021-05-07 15:56:00.079,2021-05-07 15:56:02.059,0.021,1,0,0.53080034,0.53080034,0.46911243,7.393755e-05,1.3325299e-05
512,88,sitting,2021-05-07 15:56:01.079,2021-05-07 15:56:03.059,0.021,1,0,0.5285958,0.5285958,0.47131678,7.417569e-05,1.3319302e-05
512,88,sitting,2021-05-07 15:56:02.079,2021-05-07 15:56:04.059,0.021,1,0,0.5279995,0.5279995,0.47191247,7.4389805e-05,1.3465752e-05
512,88,sitting,2021-05-07 15:56:03.079,2021-05-07 15:56:05.059,0.021,1,0,0.5262164,0.5262164,0.4736948,7.511422e-05,1.3647808e-05
512,88,sitting,2021-05-07 15:56:04.079,2021-05-07 15:56:06.059,0.021,1,1,0.5033426,0.49656892,0.5033426,7.556953e-05,1.2914498e-05
512,88,sitting,2021-05-07 15:56:05.079,2021-05-07 15:56:07.059,0.021,1,1,0.5303749,0.46954027,0.5303749,7.25914e-05,1.22721785e-05
512,88,sitting,2021-05-07 15:56:06.079,2021-05-07 15:56:08.059,0.021,1,1,0.5371104,0.46280771,0.5371104,6.8782414e-05,1.3132025e-05
512,88,sitting,2021-05-07 15:56:07.079,2021-05-07 15:56:09.059,0.021,1,1,0.52897304,0.47094443,0.52897304,6.974138e-05,1.2655751e-05
512,88,sitting,2021-05-07 15:56:08.079,2021-05-07 15:56:10.059,0.021,1,1,0.5015869,0.49832636,0.5015869,7.3742485e-05,1.30399785e-05
512,88,sitting,2021-05-07 15:56:09.079,2021-05-07 15:56:11.059,0.021,1,1,0.51042306,0.4894885,0.51042306,7.523123e-05,1.3246205e-05
512,88,sitting,2021-05-07 15:56:10.079,2021-05-07 15:56:12.059,0.021,1,1,0.5114908,0.48842007,0.5114908,7.560252e-05,1.35235505e-05
512,88,sitting,2021-05-07 15:56:11.079,2021-05-07 15:56:13.059,0.021,1,1,0.51024735,0.48966497,0.51024735,7.39002e-05,1.372639e-05
512,88,sitting,2021-05-07 15:56:12.079,2021-05-07 15:56:14.059,0.021,1,1,0.5107752,0.4891392,0.5107752,7.11903e-05,1.4292667e-05
512,88,sitting,2021-05-07 15:56:13.079,2021-05-07 15:56:15.059,0.021,1,1,0.5759946,0.42392707,0.5759946,6.3781474e-05,1.44714795e-05
512,88,sitting,2021-05-07 15:56:14.079,2021-05-07 15:56:16.059,0.021,1,1,0.5768481,0.4230747,0.5768481,6.2776744e-05,1.4444739e-05
512,88,sitting,2021-05-07 15:56:15.079,2021-05-07 15:56:17.059,0.021,1,1,0.5327006,0.46722066,0.5327006,6.440571e-05,1.4340818e-05
512,88,sitting,2021-05-07 15:56:16.079,2021-05-07 15:56:18.059,0.021,1,1,0.5278996,0.47201726,0.5278996,6.8470385e-05,1.4623329e-05
512,88,sitting,2021-05-07 15:56:17.079,2021-05-07 15:56:19.059,0.021,1,0,0.5052158,0.5052158,0.4946954,7.459537e-05,1.4236084e-05
512,88,sitting,2021-05-07 15:56:18.079,2021-05-07 15:56:20.059,0.021,1,0,0.507099,0.507099,0.49281207,7.4976175e-05,1.39544e-05
512,88,sitting,2021-05-07 15:56:19.079,2021-05-07 15:56:21.059,0.021,1,0,0.531027,0.531027,0.46888372,7.512708e-05,1.4156714e-05
512,88,sitting,2021-05-07 15:56:20.079,2021-05-07 15:56:22.059,0.021,1,0,0.52921075,0.52921075,0.47070178,7.352171e-05,1.391392e-05
512,88,sitting,2021-05-07 15:56:21.079,2021-05-07 15:56:23.059,0.021,1,0,0.53692794,0.53692794,0.46298444,7.342126e-05,1.4149099e-05
512,88,sitting,2021-05-07 15:56:22.079,2021-05-07 15:56:24.059,0.021,1,0,0.52442336,0.52442336,0.47548994,7.344912e-05,1.3213927e-05
512,88,sitting,2021-05-07 15:56:23.079,2021-05-07 15:56:25.059,0.021,1,0,0.50690037,0.50690037,0.49301326,7.3772266e-05,1.2644224e-05
512,88,sitting,2021-05-07 15:56:24.079,2021-05-07 15:56:26.059,0.021,1,0,0.5023515,0.5023515,0.49756178,7.3967254e-05,1.2635831e-05
512,88,sitting,2021-05-07 15:56:25.079,2021-05-07 15:56:27.059,0.021,1,1,0.52066886,0.47924858,0.52066886,7.074372e-05,1.1718664e-05
512,88,sitting,2021-05-07 15:56:26.079,2021-05-07 15:56:28.059,0.021,1,1,0.5024355,0.49747995,0.5024355,7.236837e-05,1.2305503e-05
512,88,sitting,2021-05-07 15:56:27.079,2021-05-07 15:56:29.059,0.021,1,1,0.53940094,0.46051577,0.53940094,7.181508e-05,1.1538543e-05
512,88,sitting,2021-05-07 15:56:28.079,2021-05-07 15:56:30.059,0.021,1,1,0.5798889,0.42003176,0.5798889,6.8902256e-05,1.0543613e-05
512,88,sitting,2021-05-07 15:56:29.079,2021-05-07 15:56:31.059,0.021,1,1,0.58035815,0.4195618,0.58035815,6.9939284e-05,1.0007163e-05
512,88,sitting,2021-05-07 15:56:30.079,2021-05-07 15:56:32.060,0.021,1,1,0.56642896,0.43348926,0.56642896,7.118092e-05,1.076453e-05
512,88,sitting,2021-05-07 15:56:31.079,2021-05-07 15:56:33.060,0.021,1,1,0.62548554,0.37443236,0.62548554,6.60262e-05,1.6104383e-05
512,88,sitting,2021-05-07 15:56:32.080,2021-05-07 15:56:34.060,0.021,1,1,0.6812502,0.31866995,0.6812502,6.3006184e-05,1.6803802e-05
512,88,sitting,2021-05-07 15:56:33.080,2021-05-07 15:56:35.060,0.021,1,1,0.6395237,0.3603955,0.6395237,6.3695865e-05,1.7162798e-05
512,88,sitting,2021-05-07 15:56:34.080,2021-05-07 15:56:36.060,0.021,1,1,0.6032074,0.39671177,0.6032074,6.328134e-05,1.7555842e-05
512,88,sitting,2021-05-07 15:56:35.080,2021-05-07 15:56:37.060,0.021,1,1,0.5373142,0.46260256,0.5373142,6.8780304e-05,1.4453562e-05
512,88,sitting,2021-05-07 15:56:36.080,2021-05-07 15:56:38.060,0.021,1,1,0.7097285,0.29020983,0.7097285,4.9440023e-05,1.2213946e-05
512,88,sitting,2021-05-07 15:56:37.080,2021-05-07 15:56:39.060,0.021,1,1,0.72074914,0.2791838,0.72074914,5.268046e-05,1.43509105e-05
512,88,sitting,2021-05-07 15:56:38.080,2021-05-07 15:56:40.060,0.021,1,1,0.6538666,0.34604496,0.6538666,7.021469e-05,1.8346265e-05
512,88,sitting,2021-05-07 15:56:39.080,2021-05-07 15:56:41.060,0.021,1,1,0.6699124,0.33000487,0.6699124,6.5558444e-05,1.717202e-05
512,88,sitting,2021-05-07 15:56:40.080,2021-05-07 15:56:42.060,0.021,1,1,0.6516569,0.34826535,0.6516569,6.453905e-05,1.3163196e-05
512,88,sitting,2021-05-07 15:56:41.080,2021-05-07 15:56:43.060,0.021,1,1,0.6293718,0.37054777,0.6293718,6.952281e-05,1.0935006e-05
512,88,sitting,2021-05-07 15:56:42.080,2021-05-07 15:56:44.060,0.021,1,1,0.55318063,0.44673088,0.55318063,7.641722e-05,1.2009436e-05
512,88,sitting,2021-05-07 15:56:43.080,2021-05-07 15:56:45.060,0.021,1,1,0.54701716,0.4528965,0.54701716,7.4073265e-05,1.23589025e-05
512,89,walking,2021-05-07 15:56:47.840,2021-05-07 15:56:49.819,0.021,3,3,0.9999389,1.6537555e-13,5.379649e-07,6.054995e-05,0.9999389
512,89,walking,2021-05-07 15:56:48.840,2021-05-07 15:56:50.819,0.021,3,3,0.99991006,1.1652834e-13,3.15138e-07,8.9609726e-05,0.99991006
512,89,walking,2021-05-07 15:56:49.840,2021-05-07 15:56:51.819,0.021,3,3,0.999981,9.378923e-14,1.0384444e-07,1.88866e-05,0.999981
512,89,walking,2021-05-07 15:56:50.840,2021-05-07 15:56:52.819,0.021,3,3,0.999935,5.443855e-13,5.879693e-07,6.4371416e-05,0.999935
512,90,standing,2021-05-07 15:56:53.799,2021-05-07 15:56:55.779,0.021,2,2,0.9993257,1.6562722e-10,5.045756e-05,0.9993257,0.00062378205
512,90,standing,2021-05-07 15:56:54.799,2021-05-07 15:56:56.779,0.021,2,2,0.999613,1.05120294e-10,4.2780055e-05,0.999613,0.00034420486
512,90,standing,2021-05-07 15:56:55.799,2021-05-07 15:56:57.779,0.021,2,2,0.99952304,1.4539629e-10,4.511971e-05,0.99952304,0.0004318314
512,92,standing,2021-05-07 15:56:59.159,2021-05-07 15:57:01.140,0.021,2,2,0.92511463,2.73686e-10,0.00060763257,0.92511463,0.074277736
512,94,standing,2021-05-07 15:57:02.480,2021-05-07 15:57:04.460,0.021,2,2,0.99788696,1.2699386e-10,7.2950934e-05,0.99788696,0.0020401252
512,94,standing,2021-05-07 15:57:03.480,2021-05-07 15:57:05.460,0.021,2,2,0.9993084,7.772792e-11,5.2943145e-05,0.9993084,0.00063880417
512,94,standing,2021-05-07 15:57:04.480,2021-05-07 15:57:06.460,0.021,2,2,0.9996268,6.913488e-11,4.290588e-05,0.9996268,0.00033015994
512,94,standing,2021-05-07 15:57:05.480,2021-05-07 15:57:07.460,0.021,2,2,0.99965686,6.991298e-11,4.344612e-05,0.99965686,0.00029959442
512,94,standing,2021-05-07 15:57:06.480,2021-05-07 15:57:08.460,0.021,2,2,0.9996025,6.481086e-11,4.6699377e-05,0.9996025,0.00035076414
512,94,standing,2021-05-07 15:57:07.480,2021-05-07 15:57:09.460,0.021,2,2,0.99954736,6.458135e-11,4.6615245e-05,0.99954736,0.00040609905
512,94,standing,2021-05-07 15:57:08.479,2021-05-07 15:57:10.460,0.021,2,2,0.99922484,8.580394e-11,6.19146e-05,0.99922484,0.0007131259
512,98,standing,2021-05-07 15:57:17.799,2021-05-07 15:57:19.780,0.021,2,2,0.96895546,7.238287e-08,9.447897e-05,0.96895546,0.030949945
512,100,standing,2021-05-07 15:57:20.840,2021-05-07 15:57:22.819,0.021,2,2,0.9813176,9.6671074e-11,0.00018636169,0.9813176,0.018496068
512,100,standing,2021-05-07 15:57:21.840,2021-05-07 15:57:23.819,0.021,2,2,0.9921433,8.627544e-11,0.000105254934,0.9921433,0.0077515002
512,100,standing,2021-05-07 15:57:22.840,2021-05-07 15:57:24.819,0.021,2,2,0.99730057,2.1733176e-10,6.694742e-05,0.99730057,0.0026325595
512,100,standing,2021-05-07 15:57:23.840,2021-05-07 15:57:25.819,0.021,2,2,0.99907166,2.0881437e-10,5.2243e-05,0.99907166,0.0008760678
512,100,standing,2021-05-07 15:57:24.840,2021-05-07 15:57:26.819,0.021,2,2,0.9995456,1.3077534e-10,4.223729e-05,0.9995456,0.00041222508
512,100,standing,2021-05-07 15:57:25.840,2021-05-07 15:57:27.819,0.021,2,2,0.9996614,1.2112834e-10,3.685441e-05,0.9996614,0.00030173053
512,100,standing,2021-05-07 15:57:26.840,2021-05-07 15:57:28.819,0.021,2,2,0.99956524,1.8826128e-10,4.088826e-05,0.99956524,0.0003939935
512,102,standing,2021-05-07 15:57:30.920,2021-05-07 15:57:32.900,0.021,2,2,0.9955386,3.2471956e-10,0.00010321167,0.9955386,0.004358225
512,102,standing,2021-05-07 15:57:31.920,2021-05-07 15:57:33.900,0.021,2,2,0.9957652,4.5219112e-10,8.0451166e-05,0.9957652,0.004154244
512,102,standing,2021-05-07 15:57:32.919,2021-05-07 15:57:34.900,0.021,2,2,0.9965908,6.041236e-10,7.362365e-05,0.9965908,0.0033354813
512,102,standing,2021-05-07 15:57:33.919,2021-05-07 15:57:35.900,0.021,2,2,0.999382,2.9179725e-10,4.087328e-05,0.999382,0.0005771342
512,102,standing,2021-05-07 15:57:34.919,2021-05-07 15:57:36.900,0.021,2,2,0.9989614,3.253187e-10,4.958648e-05,0.9989614,0.0009891397
512,102,standing,2021-05-07 15:57:35.919,2021-05-07 15:57:37.900,0.021,2,2,0.99902844,2.6264543e-10,4.9138715e-05,0.99902844,0.0009223325
512,102,standing,2021-05-07 15:57:36.919,2021-05-07 15:57:38.900,0.021,2,2,0.998494,4.730098e-10,5.6729823e-05,0.998494,0.0014491823
512,108,standing,2021-05-07 15:57:43.279,2021-05-07 15:57:45.259,0.021,2,2,0.9967702,2.1356765e-07,3.8305603e-05,0.9967702,0.0031912266
512,108,standing,2021-05-07 15:57:44.279,2021-05-07 15:57:46.259,0.021,2,2,0.9972512,3.437817e-07,2.4301753e-05,0.9972512,0.0027241914
512,108,standing,2021-05-07 15:57:45.279,2021-05-07 15:57:47.259,0.021,2,2,0.9965124,3.520829e-07,2.5352087e-05,0.9965124,0.0034618967
512,108,standing,2021-05-07 15:57:46.279,2021-05-07 15:57:48.259,0.021,2,2,0.9974902,2.727665e-07,2.562788e-05,0.9974902,0.0024839381
512,108,standing,2021-05-07 15:57:47.279,2021-05-07 15:57:49.259,0.021,2,2,0.99759406,2.4256957e-07,2.546276e-05,0.99759406,0.0023801744
512,108,standing,2021-05-07 15:57:48.279,2021-05-07 15:57:50.259,0.021,2,2,0.9976344,2.4443906e-07,2.5606345e-05,0.9976344,0.0023397591
512,108,standing,2021-05-07 15:57:49.279,2021-05-07 15:57:51.259,0.021,2,2,0.9976747,2.6809698e-07,2.5479076e-05,0.9976747,0.0022996091
512,110,standing,2021-05-07 15:57:53.439,2021-05-07 15:57:55.419,0.021,2,2,0.9954777,7.0304756e-10,0.00011078804,0.9954777,0.004411427
512,112,standing,2021-05-07 15:57:56.599,2021-05-07 15:57:58.580,0.021,2,2,0.9989454,2.0690413e-10,8.241657e-05,0.9989454,0.0009720821
512,112,standing,2021-05-07 15:57:57.599,2021-05-07 15:57:59.580,0.021,2,2,0.99920434,2.8128624e-10,6.370996e-05,0.99920434,0.0007318977
512,112,standing,2021-05-07 15:57:58.599,2021-05-07 15:58:00.579,0.021,2,2,0.99933475,2.7180666e-10,5.780821e-05,0.99933475,0.00060749776
512,112,standing,2021-05-07 15:57:59.599,2021-05-07 15:58:01.579,0.021,2,2,0.99950594,2.351778e-10,4.5670073e-05,0.99950594,0.0004483462
512,113,walking,2021-05-07 15:58:02.240,2021-05-07 15:58:04.220,0.021,3,3,0.99593973,2.7859728e-11,6.9796683e-06,0.004053351,0.99593973
512,113,walking,2021-05-07 15:58:03.240,2021-05-07 15:58:05.220,0.021,3,3,0.99128646,6.755557e-11,9.66354e-06,0.008703937,0.99128646
512,114,standing,2021-05-07 15:58:05.840,2021-05-07 15:58:07.819,0.021,2,2,0.99762297,1.5885691e-08,5.7020163e-05,0.99762297,0.0023199155
512,114,standing,2021-05-07 15:58:06.840,2021-05-07 15:58:08.819,0.021,2,2,0.99865687,1.7927968e-08,3.5278306e-05,0.99865687,0.0013079017
512,114,standing,2021-05-07 15:58:07.840,2021-05-07 15:58:09.819,0.021,2,2,0.9955283,3.411546e-08,4.2533953e-05,0.9955283,0.0044290703
512,114,standing,2021-05-07 15:58:08.840,2021-05-07 15:58:10.819,0.021,2,2,0.996678,2.5902938e-08,3.8958136e-05,0.996678,0.003283055
512,114,standing,2021-05-07 15:58:09.840,2021-05-07 15:58:11.819,0.021,2,2,0.9975896,2.018602e-08,3.5951805e-05,0.9975896,0.002374471
512,114,standing,2021-05-07 15:58:10.840,2021-05-07 15:58:12.819,0.021,2,2,0.9973987,2.3602217e-08,3.8455488e-05,0.9973987,0.0025627837
512,114,standing,2021-05-07 15:58:11.840,2021-05-07 15:58:13.819,0.021,2,2,0.9983479,1.6629745e-08,3.5593315e-05,0.9983479,0.0016165755
512,114,standing,2021-05-07 15:58:12.840,2021-05-07 15:58:14.819,0.021,2,2,0.9986659,1.1146872e-08,3.607417e-05,0.9986659,0.0012979836
512,114,standing,2021-05-07 15:58:13.840,2021-05-07 15:58:15.819,0.021,2,2,0.99848866,1.3656832e-08,3.5144167e-05,0.99848866,0.0014761632
512,114,standing,2021-05-07 15:58:14.840,2021-05-07 15:58:16.819,0.021,2,2,0.99836737,2.4975549e-08,3.2080086e-05,0.99836737,0.0016005663
512,114,standing,2021-05-07 15:58:15.840,2021-05-07 15:58:17.819,0.021,2,2,0.998335,2.4719062e-08,3.116499e-05,0.998335,0.001633826
512,114,standing,2021-05-07 15:58:16.840,2021-05-07 15:58:18.819,0.021,2,2,0.99846834,1.6658387e-08,3.2612883e-05,0.99846834,0.0014991614
512,114,standing,2021-05-07 15:58:17.840,2021-05-07 15:58:19.819,0.021,2,2,0.9986313,1.6944668e-08,3.3521137e-05,0.9986313,0.0013351011
512,114,standing,2021-05-07 15:58:18.840,2021-05-07 15:58:20.819,0.021,2,2,0.99857795,2.1281283e-08,3.3130826e-05,0.99857795,0.0013889654
512,114,standing,2021-05-07 15:58:19.840,2021-05-07 15:58:21.819,0.021,2,2,0.998554,2.2116476e-08,3.415298e-05,0.998554,0.001411748
512,114,standing,2021-05-07 15:58:20.840,2021-05-07 15:58:22.819,0.021,2,2,0.9984864,2.0648057e-08,3.457195e-05,0.9984864,0.001478904
512,114,standing,2021-05-07 15:58:21.840,2021-05-07 15:58:23.819,0.021,2,2,0.9984569,1.9394111e-08,3.3695393e-05,0.9984569,0.0015094756
512,114,standing,2021-05-07 15:58:22.840,2021-05-07 15:58:24.819,0.021,2,2,0.99841774,1.7638628e-08,3.375969e-05,0.99841774,0.0015484772
512,114,standing,2021-05-07 15:58:23.840,2021-05-07 15:58:25.819,0.021,2,2,0.9981399,1.9366372e-08,3.3775697e-05,0.9981399,0.0018263108
512,114,standing,2021-05-07 15:58:24.840,2021-05-07 15:58:26.819,0.021,2,2,0.99810064,2.4568644e-08,3.2624168e-05,0.99810064,0.0018667729
512,114,standing,2021-05-07 15:58:25.840,2021-05-07 15:58:27.819,0.021,2,2,0.99829715,2.6930017e-08,3.1440264e-05,0.99829715,0.0016713929
512,116,standing,2021-05-07 15:58:28.639,2021-05-07 15:58:30.619,0.021,2,2,0.9995687,6.34756e-10,4.400172e-05,0.9995687,0.00038737862
512,116,standing,2021-05-07 15:58:29.639,2021-05-07 15:58:31.619,0.021,2,2,0.99944156,5.5142596e-10,4.798035e-05,0.99944156,0.0005104499
512,117,walking,2021-05-07 15:58:31.840,2021-05-07 15:58:33.819,0.021,3,3,0.9994345,6.00989e-11,1.4692001e-05,0.00055086706,0.9994345
512,117,walking,2021-05-07 15:58:32.840,2021-05-07 15:58:34.819,0.021,3,3,0.9989347,1.2193094e-11,8.069596e-06,0.001057276,0.9989347
512,117,walking,2021-05-07 15:58:33.840,2021-05-07 15:58:35.819,0.021,3,3,0.999448,1.4289944e-11,3.0397703e-06,0.00054897496,0.999448
512,117,walking,2021-05-07 15:58:34.840,2021-05-07 15:58:36.819,0.021,3,3,0.9994425,2.7430195e-11,1.9849726e-06,0.00055552623,0.9994425
512,119,standing,2021-05-07 15:58:38.119,2021-05-07 15:58:40.099,0.021,2,2,0.89349824,1.4329567e-08,0.00020040559,0.89349824,0.10630132
512,120,walking,2021-05-07 15:58:40.200,2021-05-07 15:58:42.180,0.021,3,3,0.97172207,2.5227512e-10,6.831886e-05,0.0282095,0.97172207
512,120,walking,2021-05-07 15:58:41.200,2021-05-07 15:58:43.180,0.021,3,3,0.994896,1.5126474e-10,2.3343206e-05,0.005080685,0.994896
512,121,standing,2021-05-07 15:58:43.360,2021-05-07 15:58:45.340,0.021,2,2,0.9950498,3.0022616e-07,3.35597e-05,0.9950498,0.004916455
512,121,standing,2021-05-07 15:58:44.360,2021-05-07 15:58:46.340,0.021,2,2,0.9976545,3.282409e-07,2.5028354e-05,0.9976545,0.0023202167
512,121,standing,2021-05-07 15:58:45.360,2021-05-07 15:58:47.340,0.021,2,2,0.9975132,2.7055196e-07,2.6155263e-05,0.9975132,0.0024603964
512,121,standing,2021-05-07 15:58:46.360,2021-05-07 15:58:48.340,0.021,2,2,0.99783736,1.9321813e-07,2.5671661e-05,0.99783736,0.0021368912
512,121,standing,2021-05-07 15:58:47.360,2021-05-07 15:58:49.340,0.021,2,2,0.9977416,1.5614297e-07,2.7259961e-05,0.9977416,0.0022309106
512,121,standing,2021-05-07 15:58:48.360,2021-05-07 15:58:50.340,0.021,2,2,0.9976212,1.8803415e-07,2.8666018e-05,0.9976212,0.0023498894
512,121,standing,2021-05-07 15:58:49.360,2021-05-07 15:58:51.340,0.021,2,2,0.9963147,2.127453e-07,3.233314e-05,0.9963147,0.0036528227
512,121,standing,2021-05-07 15:58:50.360,2021-05-07 15:58:52.340,0.021,2,2,0.997188,1.6668957e-07,3.1297186e-05,0.997188,0.0027806114
512,121,standing,2021-05-07 15:58:51.360,2021-05-07 15:58:53.340,0.021,2,2,0.9983768,1.15928906e-07,2.7653548e-05,0.9983768,0.0015954752
512,121,standing,2021-05-07 15:58:52.360,2021-05-07 15:58:54.340,0.021,2,2,0.99760216,1.3887173e-07,2.9502618e-05,0.99760216,0.0023682455
512,125,standing,2021-05-07 15:58:57.959,2021-05-07 15:58:59.939,0.021,2,2,0.99769294,2.5775408e-09,6.983882e-05,0.99769294,0.0022373234
512,125,standing,2021-05-07 15:58:58.959,2021-05-07 15:59:00.940,0.021,2,2,0.99961656,1.4403146e-09,3.7944454e-05,0.99961656,0.0003455332
512,125,standing,2021-05-07 15:58:59.959,2021-05-07 15:59:01.940,0.021,2,2,0.9996292,1.7042372e-09,3.891459e-05,0.9996292,0.0003319192
512,125,standing,2021-05-07 15:59:00.960,2021-05-07 15:59:02.940,0.021,2,2,0.9996528,1.552224e-09,3.7062433e-05,0.9996528,0.00031015516
512,125,standing,2021-05-07 15:59:01.960,2021-05-07 15:59:03.940,0.021,2,2,0.99965876,1.6516883e-09,3.718391e-05,0.99965876,0.00030404114
512,125,standing,2021-05-07 15:59:02.960,2021-05-07 15:59:04.940,0.021,2,2,0.9996316,1.838918e-09,3.843077e-05,0.9996316,0.00032991063
512,125,standing,2021-05-07 15:59:03.960,2021-05-07 15:59:05.940,0.021,2,2,0.99953365,2.394729e-09,4.0477655e-05,0.99953365,0.0004258976
512,127,standing,2021-05-07 15:59:07.000,2021-05-07 15:59:08.979,0.021,2,2,0.99827105,7.570585e-08,2.8139004e-05,0.99827105,0.0017006248
512,127,standing,2021-05-07 15:59:08.000,2021-05-07 15:59:09.979,0.021,2,2,0.9985369,4.7011095e-08,2.9444409e-05,0.9985369,0.0014335616
512,127,standing,2021-05-07 15:59:09.000,2021-05-07 15:59:10.979,0.021,2,2,0.9985573,3.913049e-08,3.0759616e-05,0.9985573,0.0014117736
512,127,standing,2021-05-07 15:59:10.000,2021-05-07 15:59:11.979,0.021,2,2,0.9987339,3.0086667e-08,3.208357e-05,0.9987339,0.0012340222
512,127,standing,2021-05-07 15:59:11.000,2021-05-07 15:59:12.979,0.021,2,2,0.9988416,2.8243248e-08,3.345448e-05,0.9988416,0.0011250038
512,127,standing,2021-05-07 15:59:12.000,2021-05-07 15:59:13.979,0.021,2,2,0.9987656,2.5551596e-08,3.337383e-05,0.9987656,0.0012009849
512,127,standing,2021-05-07 15:59:13.000,2021-05-07 15:59:14.979,0.021,2,2,0.99881077,2.5394892e-08,3.2950476e-05,0.99881077,0.0011562173
512,127,standing,2021-05-07 15:59:14.000,2021-05-07 15:59:15.979,0.021,2,2,0.99896306,2.7448001e-08,3.3485394e-05,0.99896306,0.0010035861
512,127,standing,2021-05-07 15:59:15.000,2021-05-07 15:59:16.979,0.021,2,2,0.9990058,2.6283267e-08,3.4954974e-05,0.9990058,0.00095921237
512,127,standing,2021-05-07 15:59:16.000,2021-05-07 15:59:17.979,0.021,2,2,0.99910134,2.525373e-08,3.5738285e-05,0.99910134,0.000862944
512,127,standing,2021-05-07 15:59:17.000,2021-05-07 15:59:18.979,0.021,2,2,0.9989745,2.8768332e-08,3.5188372e-05,0.9989745,0.0009903249
512,127,standing,2021-05-07 15:59:18.000,2021-05-07 15:59:19.979,0.021,2,2,0.99844474,4.711016e-08,3.2274093e-05,0.99844474,0.0015228151
512,127,standing,2021-05-07 15:59:19.000,2021-05-07 15:59:20.979,0.021,2,2,0.9977784,9.106356e-08,3.1110387e-05,0.9977784,0.002190491
512,127,standing,2021-05-07 15:59:20.000,2021-05-07 15:59:21.979,0.021,2,2,0.9979512,1.2338579e-07,2.968312e-05,0.9979512,0.0020189518
512,127,standing,2021-05-07 15:59:21.000,2021-05-07 15:59:22.979,0.021,2,2,0.99847496,8.4866954e-08,2.8663695e-05,0.99847496,0.0014963076
512,127,standing,2021-05-07 15:59:22.000,2021-05-07 15:59:23.979,0.021,2,2,0.9986793,5.639414e-08,2.941282e-05,0.9986793,0.0012912357
512,127,standing,2021-05-07 15:59:23.000,2021-05-07 15:59:24.979,0.021,2,2,0.99869555,1.9295461e-08,3.8569437e-05,0.99869555,0.0012659555
512,127,standing,2021-05-07 15:59:24.000,2021-05-07 15:59:25.979,0.021,2,2,0.9991811,2.806753e-09,4.969833e-05,0.9991811,0.000769253
512,129,standing,2021-05-07 15:59:29.440,2021-05-07 15:59:31.420,0.021,2,2,0.99476177,3.8049123e-08,4.63726e-05,0.99476177,0.005191828
512,129,standing,2021-05-07 15:59:30.440,2021-05-07 15:59:32.419,0.021,2,2,0.9963031,5.0335004e-08,4.042887e-05,0.9963031,0.0036564432
512,129,standing,2021-05-07 15:59:31.440,2021-05-07 15:59:33.419,0.021,2,2,0.99836165,2.4427722e-08,3.6748443e-05,0.99836165,0.0016015688
512,129,standing,2021-05-07 15:59:32.439,2021-05-07 15:59:34.419,0.021,2,2,0.99862653,1.8305085e-08,3.666409e-05,0.99862653,0.0013368063
512,129,standing,2021-05-07 15:59:33.439,2021-05-07 15:59:35.419,0.021,2,2,0.9983626,2.2161679e-08,3.4867466e-05,0.9983626,0.0016025496
512,129,standing,2021-05-07 15:59:34.439,2021-05-07 15:59:36.419,0.021,2,2,0.9981189,2.0615158e-08,3.75203e-05,0.9981189,0.0018435876
512,129,standing,2021-05-07 15:59:35.439,2021-05-07 15:59:37.419,0.021,2,2,0.9979131,9.8334345e-09,4.6705765e-05,0.9979131,0.0020399957
512,129,standing,2021-05-07 15:59:36.439,2021-05-07 15:59:38.419,0.021,2,2,0.9984702,9.26956e-09,4.418536e-05,0.9984702,0.0014855774
512,129,standing,2021-05-07 15:59:37.439,2021-05-07 15:59:39.419,0.021,2,2,0.99759597,2.0548118e-08,4.32117e-05,0.99759597,0.002360741
512,130,walking,2021-05-07 15:59:40.000,2021-05-07 15:59:41.979,0.021,3,3,0.90905553,5.1411636e-10,0.00015171275,0.090792745,0.90905553
512,133,walking,2021-05-07 15:59:43.720,2021-05-07 15:59:45.700,0.021,3,3,0.9649652,5.591021e-10,8.265915e-05,0.034952033,0.9649652
512,133,walking,2021-05-07 15:59:44.720,2021-05-07 15:59:46.700,0.021,3,3,0.9771761,2.0500922e-10,4.7643378e-05,0.022776324,0.9771761
512,133,walking,2021-05-07 15:59:45.720,2021-05-07 15:59:47.700,0.021,3,3,0.99924463,1.6804438e-11,3.104572e-06,0.00075238995,0.99924463
512,133,walking,2021-05-07 15:59:46.720,2021-05-07 15:59:48.700,0.021,3,3,0.9994234,2.6031186e-11,7.048569e-06,0.0005695368,0.9994234
512,133,walking,2021-05-07 15:59:47.720,2021-05-07 15:59:49.700,0.021,3,3,0.99982977,1.9324457e-11,1.2760507e-06,0.00016904846,0.99982977
512,138,walking,2021-05-07 15:59:53.720,2021-05-07 15:59:55.700,0.021,3,3,0.99871844,4.6772787e-11,3.120401e-06,0.0012784826,0.99871844
512,138,walking,2021-05-07 15:59:54.720,2021-05-07 15:59:56.700,0.021,3,3,0.99991804,3.44522e-12,1.8601174e-06,8.0025486e-05,0.99991804
512,144,standing,2021-05-07 16:00:02.599,2021-05-07 16:00:04.579,0.021,2,2,0.99878216,2.5622395e-08,3.6793946e-05,0.99878216,0.0011810241
512,145,walking,2021-05-07 16:00:05.000,2021-05-07 16:00:06.980,0.021,3,3,0.999877,2.9193184e-13,2.0213105e-07,0.00012282099,0.999877
512,145,walking,2021-05-07 16:00:06.000,2021-05-07 16:00:07.980,0.021,3,3,0.99999017,3.828431e-14,1.0914647e-07,9.706976e-06,0.99999017
512,145,walking,2021-05-07 16:00:07.000,2021-05-07 16:00:08.979,0.021,3,3,0.9999364,3.0659337e-13,1.1326991e-06,6.24282e-05,0.9999364
512,145,walking,2021-05-07 16:00:08.000,2021-05-07 16:00:09.979,0.021,3,3,0.99998885,7.3320595e-15,5.061583e-08,1.1060271e-05,0.99998885
512,146,standing,2021-05-07 16:01:03.319,2021-05-07 16:01:05.300,0.021,2,2,0.96089166,8.3423485e-10,0.0002256908,0.96089166,0.038882725
512,148,standing,2021-05-07 16:01:06.159,2021-05-07 16:01:08.140,0.021,2,2,0.9776205,3.2174547e-09,0.00013505037,0.9776205,0.022244405
512,148,standing,2021-05-07 16:01:07.159,2021-05-07 16:01:09.140,0.021,2,2,0.9690579,2.4343516e-09,0.00015491911,0.9690579,0.030787108
512,148,standing,2021-05-07 16:01:08.159,2021-05-07 16:01:10.140,0.021,2,2,0.99789816,9.989981e-10,6.203368e-05,0.99789816,0.0020398854
512,149,standing,2021-05-07 16:01:21.000,2021-05-07 16:01:22.979,0.021,2,3,0.8314534,5.479271e-10,0.00013748252,0.16840914,0.8314534
512,149,standing,2021-05-07 16:01:22.000,2021-05-07 16:01:23.979,0.021,2,2,0.9835965,7.03937e-10,0.000108375505,0.9835965,0.016295124
512,149,standing,2021-05-07 16:01:23.000,2021-05-07 16:01:24.979,0.021,2,2,0.99540997,5.4602634e-10,7.274106e-05,0.99540997,0.004517407
512,149,standing,2021-05-07 16:01:24.000,2021-05-07 16:01:25.979,0.021,2,2,0.998437,6.674122e-10,5.0582254e-05,0.998437,0.0015124788
512,149,standing,2021-05-07 16:01:25.000,2021-05-07 16:01:26.979,0.021,2,2,0.99788743,2.2363424e-09,5.6379828e-05,0.99788743,0.0020561349
512,149,standing,2021-05-07 16:01:26.000,2021-05-07 16:01:27.979,0.021,2,2,0.99517673,5.6304255e-09,7.076815e-05,0.99517673,0.004752504
512,149,standing,2021-05-07 16:01:27.000,2021-05-07 16:01:28.979,0.021,2,2,0.99446857,1.5790032e-09,8.5058884e-05,0.99446857,0.0054462925
512,149,standing,2021-05-07 16:01:28.000,2021-05-07 16:01:29.979,0.021,2,2,0.9840809,3.6128545e-10,0.00023015177,0.9840809,0.01568894
512,149,standing,2021-05-07 16:01:29.000,2021-05-07 16:01:30.979,0.021,2,2,0.7918318,9.353482e-10,0.00088032254,0.7918318,0.20728777
512,149,standing,2021-05-07 16:01:30.000,2021-05-07 16:01:31.979,0.021,2,2,0.88215935,4.9129784e-10,0.0006519561,0.88215935,0.11718872
512,149,standing,2021-05-07 16:01:31.000,2021-05-07 16:01:32.979,0.021,2,2,0.98361844,2.5839889e-10,0.00023933416,0.98361844,0.016142212
512,149,standing,2021-05-07 16:01:32.000,2021-05-07 16:01:33.979,0.021,2,2,0.9832797,2.9922495e-10,0.00014389801,0.9832797,0.01657635
512,149,standing,2021-05-07 16:01:33.000,2021-05-07 16:01:34.979,0.021,2,2,0.99439794,1.2490478e-10,8.977084e-05,0.99439794,0.005512255
512,149,standing,2021-05-07 16:01:34.000,2021-05-07 16:01:35.979,0.021,2,2,0.99783224,9.5416945e-11,6.686133e-05,0.99783224,0.002100964
512,149,standing,2021-05-07 16:01:35.000,2021-05-07 16:01:36.979,0.021,2,2,0.9966694,1.02355464e-10,7.988691e-05,0.9966694,0.0032507558
512,149,standing,2021-05-07 16:01:36.000,2021-05-07 16:01:37.979,0.021,2,2,0.9972411,1.4191084e-10,7.4929754e-05,0.9972411,0.0026839266
512,149,standing,2021-05-07 16:01:37.000,2021-05-07 16:01:38.979,0.021,2,2,0.9843305,5.2089744e-10,0.00013873845,0.9843305,0.015530859
512,149,standing,2021-05-07 16:01:38.000,2021-05-07 16:01:39.979,0.021,2,2,0.94127554,1.2205096e-09,0.0002115391,0.94127554,0.05851294
512,149,standing,2021-05-07 16:01:39.000,2021-05-07 16:01:40.979,0.021,2,2,0.9924958,7.370927e-10,9.748783e-05,0.9924958,0.0074067186
512,149,standing,2021-05-07 16:01:40.000,2021-05-07 16:01:41.979,0.021,2,2,0.9966571,5.1040727e-10,7.683851e-05,0.9966571,0.0032660386
512,149,standing,2021-05-07 16:01:41.000,2021-05-07 16:01:42.979,0.021,2,2,0.9981323,3.7340442e-10,6.702402e-05,0.9981323,0.0018007283
512,149,standing,2021-05-07 16:01:42.000,2021-05-07 16:01:43.979,0.021,2,2,0.9994742,2.1284727e-10,4.2585907e-05,0.9994742,0.0004832934
512,149,standing,2021-05-07 16:01:43.000,2021-05-07 16:01:44.979,0.021,2,2,0.99961156,1.894443e-10,3.7235986e-05,0.99961156,0.00035135171
512,149,standing,2021-05-07 16:01:44.000,2021-05-07 16:01:45.979,0.021,2,2,0.9994444,2.0179798e-10,4.2727952e-05,0.9994444,0.0005127618
512,149,standing,2021-05-07 16:01:45.000,2021-05-07 16:01:46.979,0.021,2,2,0.9995057,1.7174562e-10,4.290956e-05,0.9995057,0.00045146086
512,149,standing,2021-05-07 16:01:46.000,2021-05-07 16:01:47.979,0.021,2,2,0.99963397,1.6640672e-10,3.901615e-05,0.99963397,0.0003271019
512,149,standing,2021-05-07 16:01:47.000,2021-05-07 16:01:48.979,0.021,2,2,0.9996342,1.4780467e-10,3.9665247e-05,0.9996342,0.0003262079
512,149,standing,2021-05-07 16:01:48.000,2021-05-07 16:01:49.979,0.021,2,2,0.9995178,7.4745335e-11,4.8868667e-05,0.9995178,0.00043340083
512,149,standing,2021-05-07 16:01:49.000,2021-05-07 16:01:50.979,0.021,2,2,0.99894494,1.02336264e-10,6.230275e-05,0.99894494,0.0009928338
512,149,standing,2021-05-07 16:01:50.000,2021-05-07 16:01:51.979,0.021,2,2,0.9972581,2.6283642e-10,7.819331e-05,0.9972581,0.0026636329
512,149,standing,2021-05-07 16:01:51.000,2021-05-07 16:01:52.979,0.021,2,2,0.9976652,4.592608e-10,6.648216e-05,0.9976652,0.0022683141
512,149,standing,2021-05-07 16:01:52.000,2021-05-07 16:01:53.979,0.021,2,2,0.9945047,9.760835e-10,8.3213796e-05,0.9945047,0.005412089
512,149,standing,2021-05-07 16:01:53.000,2021-05-07 16:01:54.979,0.021,2,2,0.9642296,6.623734e-09,0.0001428965,0.9642296,0.035627443
512,151,standing,2021-05-07 16:01:57.959,2021-05-07 16:01:59.939,0.021,2,2,0.9972658,3.7778056e-10,9.125088e-05,0.9972658,0.0026428767
512,151,standing,2021-05-07 16:01:58.959,2021-05-07 16:02:00.940,0.021,2,2,0.99913204,5.7416666e-10,5.4588796e-05,0.99913204,0.00081335864
512,151,standing,2021-05-07 16:01:59.959,2021-05-07 16:02:01.940,0.021,2,2,0.9995533,9.058012e-10,4.0424555e-05,0.9995533,0.00040635408
512,151,standing,2021-05-07 16:02:00.960,2021-05-07 16:02:02.940,0.021,2,2,0.9996926,7.8965773e-10,3.6437297e-05,0.9996926,0.0002710282
512,151,standing,2021-05-07 16:02:01.960,2021-05-07 16:02:03.940,0.021,2,2,0.9995844,7.4335615e-10,3.924588e-05,0.9995844,0.00037639038
512,151,standing,2021-05-07 16:02:02.960,2021-05-07 16:02:04.940,0.021,2,2,0.9992451,9.561008e-10,4.8055077e-05,0.9992451,0.0007068996
512,151,standing,2021-05-07 16:02:03.960,2021-05-07 16:02:05.940,0.021,2,2,0.9976206,1.0831065e-09,7.2472954e-05,0.9976206,0.0023068713
512,151,standing,2021-05-07 16:02:04.960,2021-05-07 16:02:06.940,0.021,2,2,0.96592456,1.6458928e-09,0.00021770432,0.96592456,0.033857726
512,151,standing,2021-05-07 16:02:05.960,2021-05-07 16:02:07.940,0.021,2,2,0.9373723,1.7174767e-09,0.00032073923,0.9373723,0.06230692
512,151,standing,2021-05-07 16:02:06.960,2021-05-07 16:02:08.940,0.021,2,2,0.9978525,7.0927997e-10,7.4991935e-05,0.9978525,0.0020725466
512,151,standing,2021-05-07 16:02:07.960,2021-05-07 16:02:09.940,0.021,2,2,0.9992947,1.1576238e-09,4.4647597e-05,0.9992947,0.00066066947
512,151,standing,2021-05-07 16:02:08.960,2021-05-07 16:02:10.940,0.021,2,2,0.99930686,1.947373e-09,4.7584796e-05,0.99930686,0.0006456586
512,151,standing,2021-05-07 16:02:09.960,2021-05-07 16:02:11.940,0.021,2,2,0.99951875,1.893961e-09,4.4025925e-05,0.99951875,0.00043717198
512,151,standing,2021-05-07 16:02:10.960,2021-05-07 16:02:12.940,0.021,2,2,0.9996316,1.6312465e-09,3.9575632e-05,0.9996316,0.00032883606
512,151,standing,2021-05-07 16:02:11.960,2021-05-07 16:02:13.940,0.021,2,2,0.9996211,1.687507e-09,3.7949114e-05,0.9996211,0.0003409322
512,151,standing,2021-05-07 16:02:12.960,2021-05-07 16:02:14.940,0.021,2,2,0.9993246,1.9159434e-09,4.3924825e-05,0.9993246,0.0006313866
512,151,standing,2021-05-07 16:02:13.960,2021-05-07 16:02:15.940,0.021,2,2,0.9977398,4.0107704e-09,6.376849e-05,0.9977398,0.0021964472
512,152,walking,2021-05-07 16:02:16.159,2021-05-07 16:02:18.139,0.021,3,3,0.9943888,6.839431e-11,1.6908356e-05,0.0055942503,0.9943888
512,152,walking,2021-05-07 16:02:17.159,2021-05-07 16:02:19.139,0.021,3,3,0.994768,5.91091e-11,1.6150318e-05,0.0052157645,0.994768
512,156,standing,2021-05-07 16:02:23.280,2021-05-07 16:02:25.260,0.021,2,2,0.59346193,3.032367e-09,0.00042273052,0.59346193,0.40611535
512,157,walking,2021-05-07 16:02:26.119,2021-05-07 16:02:28.100,0.021,3,3,0.9882032,2.4498466e-11,2.737977e-05,0.011769376,0.9882032
512,157,walking,2021-05-07 16:02:27.119,2021-05-07 16:02:29.100,0.021,3,3,0.7786056,7.467419e-10,0.00031617086,0.22107826,0.7786056
512,160,walking,2021-05-07 16:02:32.159,2021-05-07 16:02:34.139,0.021,3,3,0.98922056,2.091394e-11,2.2796006e-05,0.01075668,0.98922056
512,165,standing,2021-05-07 16:02:40.840,2021-05-07 16:02:42.819,0.021,2,2,0.93485963,1.3808705e-09,0.00027856728,0.93485963,0.06486171
512,165,standing,2021-05-07 16:02:41.840,2021-05-07 16:02:43.819,0.021,2,2,0.9990108,5.6985533e-10,4.6510224e-05,0.9990108,0.0009426498
512,165,standing,2021-05-07 16:02:42.840,2021-05-07 16:02:44.819,0.021,2,2,0.99955547,6.0920136e-10,3.7295948e-05,0.99955547,0.00040724335
512,165,standing,2021-05-07 16:02:43.840,2021-05-07 16:02:45.819,0.021,2,2,0.9989683,7.6336376e-10,5.0658473e-05,0.9989683,0.000981046
512,165,standing,2021-05-07 16:02:44.840,2021-05-07 16:02:46.819,0.021,2,2,0.9985734,1.1913979e-09,5.2613792e-05,0.9985734,0.0013739481
512,165,standing,2021-05-07 16:02:45.840,2021-05-07 16:02:47.819,0.021,2,2,0.99762607,3.1414689e-09,5.627177e-05,0.99762607,0.0023176582
512,166,walking,2021-05-07 16:02:48.680,2021-05-07 16:02:50.659,0.021,3,3,0.999644,1.2574168e-12,1.1730748e-06,0.00035472508,0.999644
512,166,walking,2021-05-07 16:02:49.680,2021-05-07 16:02:51.659,0.021,3,3,0.9999934,2.6981921e-14,1.046618e-07,6.450992e-06,0.9999934
512,166,walking,2021-05-07 16:02:50.680,2021-05-07 16:02:52.659,0.021,3,3,0.9999797,3.2415802e-14,1.3000312e-07,2.0133491e-05,0.9999797
512,166,walking,2021-05-07 16:02:51.680,2021-05-07 16:02:53.659,0.021,3,3,0.9999407,1.2009901e-13,4.072472e-07,5.8786223e-05,0.9999407
512,166,walking,2021-05-07 16:02:52.680,2021-05-07 16:02:54.659,0.021,3,3,0.9999972,4.4391222e-15,3.0411883e-08,2.6626917e-06,0.9999972
512,166,walking,2021-05-07 16:02:53.680,2021-05-07 16:02:55.659,0.021,3,3,0.9999172,1.9228948e-13,3.6017101e-07,8.24185e-05,0.9999172
512,166,walking,2021-05-07 16:02:54.680,2021-05-07 16:02:56.659,0.021,3,3,0.9999619,7.6686047e-14,6.1534955e-08,3.7985264e-05,0.9999619
512,166,walking,2021-05-07 16:02:55.680,2021-05-07 16:02:57.659,0.021,3,3,0.99999946,1.6438399e-16,1.0932261e-09,4.9073554e-07,0.99999946
512,166,walking,2021-05-07 16:02:56.680,2021-05-07 16:02:58.659,0.021,3,3,0.999851,2.2600536e-13,3.8590568e-07,0.00014873616,0.999851
512,166,walking,2021-05-07 16:02:57.680,2021-05-07 16:02:59.659,0.021,3,3,0.9994017,2.697991e-13,6.6248003e-07,0.0005976981,0.9994017
512,166,walking,2021-05-07 16:02:58.680,2021-05-07 16:03:00.660,0.021,3,3,0.99999505,1.8894417e-14,1.0784921e-08,4.9287e-06,0.99999505
512,166,walking,2021-05-07 16:02:59.680,2021-05-07 16:03:01.660,0.021,3,3,0.99999815,5.423827e-15,1.0709153e-08,1.8121514e-06,0.99999815
512,166,walking,2021-05-07 16:03:00.680,2021-05-07 16:03:02.660,0.021,3,3,0.99997884,2.6788464e-14,4.098063e-08,2.1094449e-05,0.99997884
512,166,walking,2021-05-07 16:03:01.680,2021-05-07 16:03:03.660,0.021,3,3,0.9999004,5.145964e-13,2.0127209e-07,9.935014e-05,0.9999004
512,166,walking,2021-05-07 16:03:02.680,2021-05-07 16:03:04.659,0.021,3,3,0.99999815,3.0310574e-15,9.429008e-09,1.8017034e-06,0.99999815
512,166,walking,2021-05-07 16:03:03.680,2021-05-07 16:03:05.659,0.021,3,3,0.9996461,9.146308e-13,1.6111165e-06,0.00035223635,0.9996461
512,166,walking,2021-05-07 16:03:04.680,2021-05-07 16:03:06.659,0.021,3,3,0.99980354,2.0589766e-13,3.624375e-07,0.00019613678,0.99980354
512,166,walking,2021-05-07 16:03:05.680,2021-05-07 16:03:07.659,0.021,3,3,0.9999253,6.343931e-13,3.166455e-07,7.4303025e-05,0.9999253
512,166,walking,2021-05-07 16:03:06.680,2021-05-07 16:03:08.659,0.021,3,3,0.9997463,2.4642218e-12,3.277107e-06,0.00025027682,0.9997463
512,166,walking,2021-05-07 16:03:07.680,2021-05-07 16:03:09.659,0.021,3,3,0.99994725,1.5078924e-13,2.5856104e-07,5.2386313e-05,0.99994725
512,166,walking,2021-05-07 16:03:08.680,2021-05-07 16:03:10.659,0.021,3,3,0.99994856,5.362893e-13,3.1226344e-07,5.1092054e-05,0.99994856
512,166,walking,2021-05-07 16:03:09.680,2021-05-07 16:03:11.659,0.021,3,3,0.9998948,5.7401943e-12,1.948908e-06,0.000103145765,0.9998948
512,166,walking,2021-05-07 16:03:10.680,2021-05-07 16:03:12.659,0.021,3,3,0.9999792,7.380839e-13,1.3392746e-07,2.0663503e-05,0.9999792
512,166,walking,2021-05-07 16:03:11.680,2021-05-07 16:03:13.659,0.021,3,3,0.9999972,1.9450628e-14,9.198901e-09,2.6854086e-06,0.9999972
512,166,walking,2021-05-07 16:03:12.680,2021-05-07 16:03:14.659,0.021,3,3,0.9999185,1.8037816e-13,2.1449857e-07,8.124807e-05,0.9999185
512,166,walking,2021-05-07 16:03:13.680,2021-05-07 16:03:15.659,0.021,3,3,0.99989015,3.32271e-13,1.7743311e-07,0.00010956945,0.99989015
512,166,walking,2021-05-07 16:03:14.680,2021-05-07 16:03:16.659,0.021,3,3,0.99999195,1.3788366e-13,6.253496e-08,7.929927e-06,0.99999195
512,166,walking,2021-05-07 16:03:15.680,2021-05-07 16:03:17.659,0.021,3,3,0.99952626,3.637153e-12,2.8951279e-06,0.00047080353,0.99952626
512,166,walking,2021-05-07 16:03:16.680,2021-05-07 16:03:18.659,0.021,3,3,0.999649,1.5590342e-12,1.3637543e-06,0.00034970176,0.999649
512,166,walking,2021-05-07 16:03:17.680,2021-05-07 16:03:19.659,0.021,3,3,0.9999961,2.1550524e-14,5.720763e-08,3.7600996e-06,0.9999961
512,166,walking,2021-05-07 16:03:18.680,2021-05-07 16:03:20.659,0.021,3,3,0.9997678,4.6624688e-12,1.4978106e-06,0.0002307815,0.9997678
512,166,walking,2021-05-07 16:03:19.680,2021-05-07 16:03:21.659,0.021,3,3,0.9997548,1.0094787e-12,5.6734916e-07,0.0002446307,0.9997548
512,166,walking,2021-05-07 16:03:20.680,2021-05-07 16:03:22.659,0.021,3,3,0.99998885,4.588559e-14,7.4272634e-08,1.0992174e-05,0.99998885
512,166,walking,2021-05-07 16:03:21.680,2021-05-07 16:03:23.659,0.021,3,3,0.99981785,1.9599422e-12,1.4618215e-06,0.00018074653,0.99981785
512,166,walking,2021-05-07 16:03:22.680,2021-05-07 16:03:24.659,0.021,3,3,0.9997945,7.9773655e-13,5.928225e-07,0.00020503183,0.9997945
512,166,walking,2021-05-07 16:03:23.680,2021-05-07 16:03:25.659,0.021,3,3,0.9999557,2.9988905e-13,3.00126e-07,4.397479e-05,0.9999557
512,166,walking,2021-05-07 16:03:24.680,2021-05-07 16:03:26.659,0.021,3,3,0.99894756,5.335907e-12,4.1629796e-06,0.0010483222,0.99894756
512,167,standing,2021-05-07 16:03:27.440,2021-05-07 16:03:29.420,0.021,2,2,0.9913543,3.453325e-10,0.00011674057,0.9913543,0.008528901
512,169,standing,2021-05-07 16:03:30.319,2021-05-07 16:03:32.299,0.021,2,2,0.98994774,1.4847152e-09,0.00010034659,0.98994774,0.009952008
512,169,standing,2021-05-07 16:03:31.319,2021-05-07 16:03:33.299,0.021,2,2,0.9977496,9.700256e-10,6.066264e-05,0.9977496,0.002189728
512,173,walking,2021-05-07 16:03:38.360,2021-05-07 16:03:40.340,0.021,3,3,0.99786603,2.7574942e-11,7.3203178e-06,0.0021265526,0.99786603
512,173,walking,2021-05-07 16:03:39.360,2021-05-07 16:03:41.340,0.021,3,3,0.9890597,4.4779944e-11,2.9104684e-05,0.010911193,0.9890597
512,173,walking,2021-05-07 16:03:40.360,2021-05-07 16:03:42.340,0.021,3,3,0.99987745,2.0899841e-13,1.2807708e-07,0.00012240127,0.99987745
512,173,walking,2021-05-07 16:03:41.360,2021-05-07 16:03:43.340,0.021,3,3,0.99999624,1.2054076e-14,1.1813887e-08,3.6338254e-06,0.99999624
512,173,walking,2021-05-07 16:03:42.360,2021-05-07 16:03:44.340,0.021,3,3,0.99934626,1.9780315e-12,2.3546925e-06,0.0006512846,0.99934626
512,173,walking,2021-05-07 16:03:43.360,2021-05-07 16:03:45.340,0.021,3,3,0.9999756,6.780029e-14,7.022959e-08,2.4286433e-05,0.9999756
512,173,walking,2021-05-07 16:03:44.360,2021-05-07 16:03:46.340,0.021,3,3,0.9999984,4.53062e-15,1.0408058e-08,1.557711e-06,0.9999984
512,173,walking,2021-05-07 16:03:45.360,2021-05-07 16:03:47.340,0.021,3,3,0.9996249,5.439368e-12,3.18511e-06,0.0003718487,0.9996249
512,173,walking,2021-05-07 16:03:46.360,2021-05-07 16:03:48.340,0.021,3,3,0.9993169,2.7614547e-12,2.4276067e-06,0.00068078336,0.9993169
512,173,walking,2021-05-07 16:03:47.360,2021-05-07 16:03:49.340,0.021,3,3,0.9999741,1.08200246e-13,1.3717103e-07,2.5724818e-05,0.9999741
512,173,walking,2021-05-07 16:03:48.360,2021-05-07 16:03:50.340,0.021,3,3,0.99989,7.493186e-13,1.0967021e-06,0.00010884634,0.99989
512,173,walking,2021-05-07 16:03:49.360,2021-05-07 16:03:51.340,0.021,3,3,0.9999477,1.7946988e-13,1.863963e-07,5.2017593e-05,0.9999477
512,173,walking,2021-05-07 16:03:50.360,2021-05-07 16:03:52.340,0.021,3,3,0.9999897,2.3639865e-14,2.3725807e-08,1.0170064e-05,0.9999897
512,173,walking,2021-05-07 16:03:51.360,2021-05-07 16:03:53.340,0.021,3,3,0.99998397,1.682012e-14,1.3882187e-07,1.5812147e-05,0.99998397
512,173,walking,2021-05-07 16:03:52.360,2021-05-07 16:03:54.340,0.021,3,3,0.9999412,2.8345964e-14,1.302986e-07,5.8635356e-05,0.9999412
512,173,walking,2021-05-07 16:03:53.360,2021-05-07 16:03:55.340,0.021,3,3,0.9994148,5.1371836e-12,3.1147756e-06,0.0005821176,0.9994148
512,173,walking,2021-05-07 16:03:54.360,2021-05-07 16:03:56.340,0.021,3,3,0.9999909,8.665241e-14,1.420522e-07,8.861586e-06,0.9999909
512,175,walking,2021-05-07 16:03:58.040,2021-05-07 16:04:00.019,0.021,3,3,0.9998176,2.9712248e-12,9.823661e-07,0.00018153613,0.9998176
512,175,walking,2021-05-07 16:03:59.040,2021-05-07 16:04:01.019,0.021,3,3,0.99993044,3.7106426e-13,6.4682433e-07,6.882469e-05,0.99993044
512,175,walking,2021-05-07 16:04:00.039,2021-05-07 16:04:02.019,0.021,3,3,0.9999499,3.2899635e-13,3.6325255e-07,4.9717695e-05,0.9999499
512,175,walking,2021-05-07 16:04:01.039,2021-05-07 16:04:03.019,0.021,3,3,0.9999632,1.02017116e-13,1.9320515e-07,3.6523084e-05,0.9999632
512,175,walking,2021-05-07 16:04:02.039,2021-05-07 16:04:04.019,0.021,3,3,0.99999624,7.563504e-15,5.1538873e-08,3.6898496e-06,0.99999624
512,175,walking,2021-05-07 16:04:03.039,2021-05-07 16:04:05.019,0.021,3,3,0.9999618,2.59321e-14,2.2831324e-07,3.7949376e-05,0.9999618
512,175,walking,2021-05-07 16:04:04.039,2021-05-07 16:04:06.019,0.021,3,3,0.9996628,4.3016518e-13,6.7915727e-07,0.0003365367,0.9996628
512,175,walking,2021-05-07 16:04:05.039,2021-05-07 16:04:07.019,0.021,3,3,0.9999897,6.6529902e-15,5.399935e-08,1.0155701e-05,0.9999897
512,175,walking,2021-05-07 16:04:06.039,2021-05-07 16:04:08.020,0.021,3,3,0.9999047,8.997839e-13,4.927928e-07,9.473364e-05,0.9999047
512,175,walking,2021-05-07 16:04:07.039,2021-05-07 16:04:09.020,0.021,3,3,0.99984145,9.84524e-13,3.895371e-07,0.00015820806,0.99984145
512,175,walking,2021-05-07 16:04:08.039,2021-05-07 16:04:10.020,0.021,3,3,0.9999766,1.8326647e-12,4.7198884e-07,2.2911256e-05,0.9999766
512,175,walking,2021-05-07 16:04:09.039,2021-05-07 16:04:11.020,0.021,3,3,0.99892116,4.3521377e-11,1.4698327e-05,0.0010641383,0.99892116
512,175,walking,2021-05-07 16:04:10.039,2021-05-07 16:04:12.020,0.021,3,3,0.9987935,4.1424197e-11,1.4796353e-05,0.0011917283,0.9987935
512,175,walking,2021-05-07 16:04:11.039,2021-05-07 16:04:13.020,0.021,3,3,0.9989404,1.5181477e-10,4.903781e-05,0.0010105975,0.9989404
512,176,standing,2021-05-07 16:04:13.880,2021-05-07 16:04:15.859,0.021,2,2,0.9977325,2.8379923e-10,7.789312e-05,0.9977325,0.0021895233
512,176,standing,2021-05-07 16:04:14.880,2021-05-07 16:04:16.860,0.021,2,2,0.99949974,7.665672e-11,5.7517424e-05,0.99949974,0.00044261722
512,176,standing,2021-05-07 16:04:15.880,2021-05-07 16:04:17.860,0.021,2,2,0.99961156,5.0619536e-11,7.3223164e-05,0.99961156,0.00031512883
512,176,standing,2021-05-07 16:04:16.880,2021-05-07 16:04:18.860,0.021,2,2,0.9995513,6.8634876e-11,5.8571033e-05,0.9995513,0.00039007957
512,177,walking,2021-05-07 16:04:19.360,2021-05-07 16:04:21.340,0.021,3,3,0.9994412,2.8703264e-12,1.9179581e-06,0.0005568192,0.9994412
512,179,walking,2021-05-07 16:04:22.479,2021-05-07 16:04:24.459,0.021,3,3,0.9998226,2.479663e-12,5.255977e-07,0.00017685024,0.9998226
512,179,walking,2021-05-07 16:04:23.479,2021-05-07 16:04:25.459,0.021,3,3,0.99998945,3.7064525e-14,2.5337334e-08,1.0477764e-05,0.99998945
512,179,walking,2021-05-07 16:04:24.479,2021-05-07 16:04:26.459,0.021,3,3,0.99991804,1.0443569e-12,1.1261366e-07,8.1828824e-05,0.99991804
512,179,walking,2021-05-07 16:04:25.479,2021-05-07 16:04:27.459,0.021,3,3,0.99220854,7.0185296e-10,9.1370006e-05,0.0076999916,0.99220854
512,183,walking,2021-05-07 16:04:30.959,2021-05-07 16:04:32.939,0.021,3,3,0.9961954,2.9582437e-11,1.942215e-05,0.0037851972,0.9961954
512,183,walking,2021-05-07 16:04:31.959,2021-05-07 16:04:33.939,0.021,3,3,0.995564,2.927884e-11,2.0148213e-05,0.00441588,0.995564
512,183,walking,2021-05-07 16:04:32.959,2021-05-07 16:04:34.939,0.021,3,3,0.99999064,4.02822e-14,2.0794289e-07,9.116864e-06,0.99999064
512,185,walking,2021-05-07 16:04:36.599,2021-05-07 16:04:38.580,0.021,3,3,0.99619395,1.0926355e-10,1.1594881e-05,0.0037944333,0.99619395
512,185,walking,2021-05-07 16:04:37.599,2021-05-07 16:04:39.580,0.021,3,3,0.9982639,2.6472827e-11,6.8797217e-06,0.0017290803,0.9982639
512,185,walking,2021-05-07 16:04:38.599,2021-05-07 16:04:40.580,0.021,3,3,0.9998076,2.8676788e-12,5.1719906e-07,0.00019191334,0.9998076
512,185,walking,2021-05-07 16:04:39.599,2021-05-07 16:04:41.580,0.021,3,3,0.9999774,3.7663503e-13,1.18792194e-07,2.2390292e-05,0.9999774
512,188,standing,2021-05-07 16:04:43.599,2021-05-07 16:04:45.580,0.021,2,2,0.9966825,6.800638e-08,4.4384273e-05,0.9966825,0.003273122
512,191,walking,2021-05-07 16:04:47.080,2021-05-07 16:04:49.060,0.021,3,3,0.99777913,1.6973799e-11,1.0353628e-05,0.0022105884,0.99777913
512,191,walking,2021-05-07 16:04:48.080,2021-05-07 16:04:50.060,0.021,3,3,0.99927944,7.938479e-12,3.7410825e-06,0.0007168361,0.99927944
512,191,walking,2021-05-07 16:04:49.080,2021-05-07 16:04:51.060,0.021,3,3,0.9990406,1.14574236e-11,7.2167068e-06,0.00095216493,0.9990406
512,191,walking,2021-05-07 16:04:50.080,2021-05-07 16:04:52.060,0.021,3,3,0.9988243,9.874251e-12,6.9397033e-06,0.0011687755,0.9988243
512,191,walking,2021-05-07 16:04:51.080,2021-05-07 16:04:53.060,0.021,3,3,0.998372,1.1330293e-11,7.5137623e-06,0.0016205246,0.998372
512,191,walking,2021-05-07 16:04:52.080,2021-05-07 16:04:54.060,0.021,3,3,0.9993172,8.699442e-12,2.526403e-06,0.0006801603,0.9993172
512,191,walking,2021-05-07 16:04:53.080,2021-05-07 16:04:55.060,0.021,3,3,0.99938273,1.1801894e-11,4.373895e-06,0.000612855,0.99938273
512,191,walking,2021-05-07 16:04:54.080,2021-05-07 16:04:56.060,0.021,3,3,0.9904543,4.6612533e-11,3.073869e-05,0.009514991,0.9904543
512,191,walking,2021-05-07 16:04:55.080,2021-05-07 16:04:57.060,0.021,3,3,0.9983695,8.62479e-12,5.6630347e-06,0.0016248133,0.9983695
512,191,walking,2021-05-07 16:04:56.080,2021-05-07 16:04:58.060,0.021,3,3,0.9982481,1.7859013e-11,8.3384275e-06,0.0017436431,0.9982481
512,191,walking,2021-05-07 16:04:57.080,2021-05-07 16:04:59.060,0.021,3,3,0.99722505,8.934113e-11,2.3169276e-05,0.0027518251,0.99722505
512,191,walking,2021-05-07 16:04:58.080,2021-05-07 16:05:00.059,0.021,3,3,0.99419075,5.09276e-11,1.7966611e-05,0.0057912786,0.99419075
512,191,walking,2021-05-07 16:04:59.080,2021-05-07 16:05:01.059,0.021,3,3,0.96947443,1.3228274e-10,5.2942964e-05,0.030472502,0.96947443
512,193,standing,2021-05-07 16:05:03.200,2021-05-07 16:05:05.180,0.021,2,2,0.8954308,1.3937682e-07,0.00010615518,0.8954308,0.10446287
512,195,walking,2021-05-07 16:05:06.440,2021-05-07 16:05:08.420,0.021,3,3,0.99978447,4.8268386e-12,1.697652e-06,0.00021375975,0.99978447
512,195,walking,2021-05-07 16:05:07.440,2021-05-07 16:05:09.420,0.021,3,3,0.9985806,1.3650985e-11,7.3143347e-06,0.0014121694,0.9985806
512,195,walking,2021-05-07 16:05:08.440,2021-05-07 16:05:10.420,0.021,3,3,0.9998898,7.170504e-13,4.5856757e-07,0.0001096385,0.9998898
512,195,walking,2021-05-07 16:05:09.440,2021-05-07 16:05:11.420,0.021,3,3,0.99984884,7.0257477e-13,8.4344293e-07,0.00015026609,0.99984884
512,195,walking,2021-05-07 16:05:10.440,2021-05-07 16:05:12.420,0.021,3,3,0.9960061,1.1955267e-11,1.12699045e-05,0.0039826543,0.9960061
512,195,walking,2021-05-07 16:05:11.440,2021-05-07 16:05:13.420,0.021,3,3,0.9964172,2.3681437e-12,9.288138e-06,0.0035734663,0.9964172
512,195,walking,2021-05-07 16:05:12.440,2021-05-07 16:05:14.420,0.021,3,3,0.99931735,3.015019e-13,1.1231757e-06,0.00068148394,0.99931735
512,195,walking,2021-05-07 16:05:13.440,2021-05-07 16:05:15.420,0.021,3,3,0.99979305,4.0488226e-13,4.3383008e-07,0.00020643517,0.99979305
512,195,walking,2021-05-07 16:05:14.440,2021-05-07 16:05:16.420,0.021,3,3,0.99972713,2.0836809e-12,2.016919e-06,0.00027080812,0.99972713
512,195,walking,2021-05-07 16:05:15.440,2021-05-07 16:05:17.420,0.021,3,3,0.99985886,9.374491e-13,7.4409337e-07,0.00014049074,0.99985886
512,195,walking,2021-05-07 16:05:16.440,2021-05-07 16:05:18.420,0.021,3,3,0.9998729,7.712939e-14,4.731454e-07,0.00012663925,0.9998729
512,195,walking,2021-05-07 16:05:17.440,2021-05-07 16:05:19.420,0.021,3,3,0.9986632,3.3445206e-13,1.8786945e-06,0.001334929,0.9986632
512,195,walking,2021-05-07 16:05:18.440,2021-05-07 16:05:20.420,0.021,3,3,0.99981546,1.9734446e-13,5.0196405e-07,0.00018411425,0.99981546
512,195,walking,2021-05-07 16:05:19.440,2021-05-07 16:05:21.420,0.021,3,3,0.9998002,1.7063152e-12,1.1735771e-06,0.00019874168,0.9998002
512,195,walking,2021-05-07 16:05:20.440,2021-05-07 16:05:22.420,0.021,3,3,0.999597,2.538557e-12,1.2411897e-06,0.00040176752,0.999597
512,195,walking,2021-05-07 16:05:21.440,2021-05-07 16:05:23.420,0.021,3,3,0.999877,6.6152e-13,5.246812e-07,0.000122484,0.999877
512,195,walking,2021-05-07 16:05:22.440,2021-05-07 16:05:24.420,0.021,3,3,0.99880934,4.8987966e-12,4.6732753e-06,0.0011859473,0.99880934
512,195,walking,2021-05-07 16:05:23.440,2021-05-07 16:05:25.420,0.021,3,3,0.9979881,1.1099375e-11,5.4421016e-06,0.0020064805,0.9979881
512,195,walking,2021-05-07 16:05:24.440,2021-05-07 16:05:26.420,0.021,3,3,0.9976552,4.3773804e-11,1.3403316e-05,0.0023313884,0.9976552
512,195,walking,2021-05-07 16:05:25.440,2021-05-07 16:05:27.420,0.021,3,3,0.9996285,4.473575e-12,1.2341854e-06,0.00037032613,0.9996285
512,195,walking,2021-05-07 16:05:26.440,2021-05-07 16:05:28.420,0.021,3,3,0.99990016,6.730073e-13,3.3320384e-07,9.9420446e-05,0.99990016
512,195,walking,2021-05-07 16:05:27.440,2021-05-07 16:05:29.420,0.021,3,3,0.99951804,1.3056748e-12,2.2744355e-06,0.0004797272,0.99951804
512,195,walking,2021-05-07 16:05:28.440,2021-05-07 16:05:30.420,0.021,3,3,0.9939555,3.2320834e-11,2.3626146e-05,0.0060207904,0.9939555
512,195,walking,2021-05-07 16:05:29.440,2021-05-07 16:05:31.420,0.021,3,3,0.99739605,3.7771657e-11,1.817859e-05,0.0025856548,0.99739605
512,195,walking,2021-05-07 16:05:30.440,2021-05-07 16:05:32.419,0.021,3,3,0.99978614,2.0235866e-12,6.1193373e-07,0.00021328728,0.99978614
512,195,walking,2021-05-07 16:05:31.440,2021-05-07 16:05:33.419,0.021,3,3,0.9999332,3.573888e-13,1.891935e-07,6.65209e-05,0.9999332
512,195,walking,2021-05-07 16:05:32.439,2021-05-07 16:05:34.419,0.021,3,3,0.9997754,8.640705e-13,1.2316259e-06,0.00022346895,0.9997754
512,195,walking,2021-05-07 16:05:33.439,2021-05-07 16:05:35.419,0.021,3,3,0.999398,2.704139e-12,1.5906492e-06,0.0006004081,0.999398
512,197,walking,2021-05-07 16:05:37.080,2021-05-07 16:05:39.060,0.021,3,3,0.99993366,2.7271727e-12,1.7100076e-07,6.606095e-05,0.99993366
512,197,walking,2021-05-07 16:05:38.080,2021-05-07 16:05:40.060,0.021,3,3,0.9998788,7.99931e-13,1.8808191e-07,0.000120931465,0.9998788
512,197,walking,2021-05-07 16:05:39.080,2021-05-07 16:05:41.060,0.021,3,3,0.9999301,2.0149525e-13,6.451638e-07,6.9194066e-05,0.9999301
512,197,walking,2021-05-07 16:05:40.080,2021-05-07 16:05:42.060,0.021,3,3,0.99986553,3.672501e-13,5.203212e-07,0.00013390285,0.99986553
512,197,walking,2021-05-07 16:05:41.080,2021-05-07 16:05:43.060,0.021,3,3,0.9997859,5.624453e-13,9.7231e-07,0.00021307923,0.9997859
512,197,walking,2021-05-07 16:05:42.080,2021-05-07 16:05:44.060,0.021,3,3,0.99953115,1.8410395e-12,2.97976e-06,0.0004659371,0.99953115
512,197,walking,2021-05-07 16:05:43.080,2021-05-07 16:05:45.060,0.021,3,3,0.9993913,9.42108e-12,3.3771423e-06,0.00060530816,0.9993913
512,197,walking,2021-05-07 16:05:44.080,2021-05-07 16:05:46.060,0.021,3,3,0.9998226,2.4606385e-12,2.3639077e-06,0.00017502089,0.9998226
512,197,walking,2021-05-07 16:05:45.080,2021-05-07 16:05:47.060,0.021,3,3,0.99930614,3.4306108e-12,3.1239022e-06,0.00069076446,0.99930614
512,197,walking,2021-05-07 16:05:46.080,2021-05-07 16:05:48.060,0.021,3,3,0.9990326,9.6855995e-12,9.410221e-06,0.000958014,0.9990326
512,197,walking,2021-05-07 16:05:47.080,2021-05-07 16:05:49.060,0.021,3,3,0.9992805,1.488972e-11,7.266179e-06,0.00071225927,0.9992805
512,197,walking,2021-05-07 16:05:48.080,2021-05-07 16:05:50.060,0.021,3,3,0.9995346,9.211834e-12,2.7751478e-06,0.00046258332,0.9995346
512,197,walking,2021-05-07 16:05:49.080,2021-05-07 16:05:51.060,0.021,3,3,0.99997956,1.3459597e-13,6.145115e-07,1.9762383e-05,0.99997956
512,197,walking,2021-05-07 16:05:50.080,2021-05-07 16:05:52.060,0.021,3,3,0.9997711,7.1636387e-13,1.8773239e-06,0.00022689771,0.9997711
512,197,walking,2021-05-07 16:05:51.080,2021-05-07 16:05:53.060,0.021,3,3,0.99557,8.920204e-11,4.340054e-05,0.0043864837,0.99557
512,197,walking,2021-05-07 16:05:52.080,2021-05-07 16:05:54.060,0.021,3,3,0.99666905,9.5778066e-11,2.8562288e-05,0.0033023844,0.99666905
512,197,walking,2021-05-07 16:05:53.080,2021-05-07 16:05:55.060,0.021,3,3,0.9999016,1.932203e-13,4.7353095e-07,9.781772e-05,0.9999016
512,200,standing,2021-05-07 16:05:57.400,2021-05-07 16:05:59.380,0.021,2,2,0.94295245,4.132974e-09,0.00017222518,0.94295245,0.056875307
512,200,standing,2021-05-07 16:05:58.400,2021-05-07 16:06:00.380,0.021,2,2,0.9897995,5.8031904e-09,8.272797e-05,0.9897995,0.010117815
512,201,walking,2021-05-07 16:06:00.400,2021-05-07 16:06:02.380,0.021,3,3,0.999804,7.795142e-13,1.5693836e-06,0.00019434252,0.999804
512,201,walking,2021-05-07 16:06:01.400,2021-05-07 16:06:03.380,0.021,3,3,0.9999979,1.031911e-14,3.3803364e-08,2.05001e-06,0.9999979
512,201,walking,2021-05-07 16:06:02.400,2021-05-07 16:06:04.380,0.021,3,3,0.99993664,6.876191e-13,6.060562e-07,6.267787e-05,0.99993664
512,201,walking,2021-05-07 16:06:03.400,2021-05-07 16:06:05.380,0.021,3,3,0.9961261,3.854567e-11,2.3449942e-05,0.0038503206,0.9961261
512,201,walking,2021-05-07 16:06:04.400,2021-05-07 16:06:06.380,0.021,3,3,0.99674356,3.3682574e-11,1.4790987e-05,0.0032416666,0.99674356
512,201,walking,2021-05-07 16:06:05.400,2021-05-07 16:06:07.380,0.021,3,3,0.99906427,5.3395647e-12,2.6103176e-06,0.0009331954,0.99906427
512,201,walking,2021-05-07 16:06:06.400,2021-05-07 16:06:08.380,0.021,3,3,0.9985431,6.9512915e-12,3.583037e-06,0.0014532796,0.9985431
512,201,walking,2021-05-07 16:06:07.400,2021-05-07 16:06:09.380,0.021,3,3,0.996424,2.386721e-11,9.772775e-06,0.0035661387,0.996424
512,201,walking,2021-05-07 16:06:08.399,2021-05-07 16:06:10.380,0.021,3,3,0.9991099,4.7337334e-12,4.321074e-06,0.00088579435,0.9991099
512,201,walking,2021-05-07 16:06:09.399,2021-05-07 16:06:11.380,0.021,3,3,0.99839205,6.306769e-12,4.4104163e-06,0.0016035478,0.99839205
512,201,walking,2021-05-07 16:06:10.399,2021-05-07 16:06:12.380,0.021,3,3,0.99883455,1.5446694e-11,6.071572e-06,0.0011593807,0.99883455
512,201,walking,2021-05-07 16:06:11.399,2021-05-07 16:06:13.380,0.021,3,3,0.9988697,2.1216088e-11,8.717968e-06,0.0011215486,0.9988697
512,201,walking,2021-05-07 16:06:12.399,2021-05-07 16:06:14.380,0.021,3,3,0.99824786,1.2027236e-11,8.598555e-06,0.0017435629,0.99824786
512,201,walking,2021-05-07 16:06:13.399,2021-05-07 16:06:15.380,0.021,3,3,0.9974098,1.965678e-11,1.0644212e-05,0.0025795368,0.9974098
512,201,walking,2021-05-07 16:06:14.399,2021-05-07 16:06:16.380,0.021,3,3,0.9911301,1.1589526e-10,3.7965736e-05,0.008831968,0.9911301
512,201,walking,2021-05-07 16:06:15.399,2021-05-07 16:06:17.380,0.021,3,3,0.9943331,8.731007e-11,4.135039e-05,0.00562556,0.9943331
512,201,walking,2021-05-07 16:06:16.399,2021-05-07 16:06:18.380,0.021,3,3,0.99170184,2.4092273e-10,5.781655e-05,0.008240281,0.99170184
512,201,walking,2021-05-07 16:06:17.399,2021-05-07 16:06:19.380,0.021,3,3,0.99586886,3.2012185e-11,1.1166829e-05,0.0041199233,0.99586886
512,201,walking,2021-05-07 16:06:18.399,2021-05-07 16:06:20.380,0.021,3,3,0.9972587,2.1127398e-11,9.115469e-06,0.0027321917,0.9972587
512,201,walking,2021-05-07 16:06:19.399,2021-05-07 16:06:21.380,0.021,3,3,0.9994549,6.126128e-12,2.2471954e-06,0.00054285134,0.9994549
512,201,walking,2021-05-07 16:06:20.399,2021-05-07 16:06:22.380,0.021,3,3,0.99973845,7.503165e-12,1.9177453e-06,0.00025954546,0.99973845
512,201,walking,2021-05-07 16:06:21.399,2021-05-07 16:06:23.380,0.021,3,3,0.99968356,1.4579726e-11,1.476801e-06,0.00031505298,0.99968356
512,201,walking,2021-05-07 16:06:22.399,2021-05-07 16:06:24.380,0.021,3,3,0.99997634,1.740786e-13,1.4071462e-07,2.3511862e-05,0.99997634
512,201,walking,2021-05-07 16:06:23.399,2021-05-07 16:06:25.380,0.021,3,3,0.99991935,6.959395e-13,4.9530706e-07,8.008254e-05,0.99991935
512,201,walking,2021-05-07 16:06:24.399,2021-05-07 16:06:26.380,0.021,3,3,0.9999899,1.7573659e-14,1.744171e-08,9.939025e-06,0.9999899
512,201,walking,2021-05-07 16:06:25.399,2021-05-07 16:06:27.380,0.021,3,3,0.99999493,2.7575025e-14,1.5375988e-08,5.018878e-06,0.99999493
512,201,walking,2021-05-07 16:06:26.399,2021-05-07 16:06:28.380,0.021,3,3,0.999769,4.1124144e-12,1.6109121e-06,0.00022930378,0.999769
512,201,walking,2021-05-07 16:06:27.399,2021-05-07 16:06:29.380,0.021,3,3,0.99956584,7.1057435e-12,1.4902492e-06,0.0004326923,0.99956584
512,201,walking,2021-05-07 16:06:28.399,2021-05-07 16:06:30.380,0.021,3,3,0.99964017,5.8403443e-12,1.2726723e-06,0.0003585698,0.99964017
512,201,walking,2021-05-07 16:06:29.399,2021-05-07 16:06:31.380,0.021,3,3,0.998933,7.74309e-12,3.4875393e-06,0.001063456,0.998933
512,201,walking,2021-05-07 16:06:30.399,2021-05-07 16:06:32.380,0.021,3,3,0.99978495,3.4896441e-12,6.6168195e-07,0.00021450175,0.99978495
512,201,walking,2021-05-07 16:06:31.399,2021-05-07 16:06:33.380,0.021,3,3,0.9999414,3.143101e-13,3.2965568e-07,5.8251182e-05,0.9999414
512,201,walking,2021-05-07 16:06:32.400,2021-05-07 16:06:34.380,0.021,3,3,0.9996628,1.2112377e-12,8.0990435e-07,0.00033645245,0.9996628
512,201,walking,2021-05-07 16:06:33.400,2021-05-07 16:06:35.380,0.021,3,3,0.99992126,6.673409e-13,1.8232663e-07,7.8478275e-05,0.99992126
512,201,walking,2021-05-07 16:06:34.400,2021-05-07 16:06:36.380,0.021,3,3,0.99997705,1.037863e-13,1.4984147e-07,2.2693179e-05,0.99997705
512,201,walking,2021-05-07 16:06:35.400,2021-05-07 16:06:37.380,0.021,3,3,0.9998059,3.972797e-13,3.704722e-07,0.00019381577,0.9998059
512,201,walking,2021-05-07 16:06:36.400,2021-05-07 16:06:38.380,0.021,3,3,0.99980927,3.601405e-12,7.709667e-07,0.00018991799,0.99980927
512,201,walking,2021-05-07 16:06:37.400,2021-05-07 16:06:39.380,0.021,3,3,0.9999599,3.368556e-13,2.6075807e-07,3.9797545e-05,0.9999599
512,201,walking,2021-05-07 16:06:38.400,2021-05-07 16:06:40.380,0.021,3,3,0.99990505,5.5059803e-13,1.5404055e-07,9.470161e-05,0.99990505
512,201,walking,2021-05-07 16:06:39.400,2021-05-07 16:06:41.380,0.021,3,3,0.99979043,3.833515e-12,7.011818e-07,0.00020895188,0.99979043
512,201,walking,2021-05-07 16:06:40.400,2021-05-07 16:06:42.380,0.021,3,3,0.99822795,2.3500335e-11,8.152525e-06,0.0017638314,0.99822795
512,201,walking,2021-05-07 16:06:41.400,2021-05-07 16:06:43.380,0.021,3,3,0.9994443,5.651241e-12,1.1102102e-06,0.00055454957,0.9994443
512,201,walking,2021-05-07 16:06:42.400,2021-05-07 16:06:44.380,0.021,3,3,0.9998722,1.5373747e-12,3.0491032e-07,0.00012763508,0.9998722
512,201,walking,2021-05-07 16:06:43.400,2021-05-07 16:06:45.380,0.021,3,3,0.9994553,5.829805e-12,2.3442342e-06,0.00054237497,0.9994553
512,201,walking,2021-05-07 16:06:44.400,2021-05-07 16:06:46.380,0.021,3,3,0.99974966,2.0313976e-12,6.6066934e-07,0.00024964713,0.99974966
512,201,walking,2021-05-07 16:06:45.400,2021-05-07 16:06:47.380,0.021,3,3,0.99995726,6.942857e-14,1.9171473e-07,4.2470667e-05,0.99995726
512,201,walking,2021-05-07 16:06:46.400,2021-05-07 16:06:48.380,0.021,3,3,0.99973094,8.571806e-13,8.259621e-07,0.0002681833,0.99973094
512,201,walking,2021-05-07 16:06:47.400,2021-05-07 16:06:49.380,0.021,3,3,0.99921983,3.667318e-12,2.8193738e-06,0.000777299,0.99921983
512,201,walking,2021-05-07 16:06:48.400,2021-05-07 16:06:50.380,0.021,3,3,0.9997226,7.427902e-13,2.4233314e-06,0.0002748418,0.9997226
512,201,walking,2021-05-07 16:06:49.400,2021-05-07 16:06:51.380,0.021,3,3,0.9995765,2.7776043e-12,8.482801e-07,0.0004225397,0.9995765
512,201,walking,2021-05-07 16:06:50.400,2021-05-07 16:06:52.380,0.021,3,3,0.9998429,2.2204953e-12,6.340954e-07,0.00015659342,0.9998429
512,201,walking,2021-05-07 16:06:51.400,2021-05-07 16:06:53.380,0.021,3,3,0.9997711,5.8822305e-12,1.5880883e-06,0.00022740159,0.9997711
512,201,walking,2021-05-07 16:06:52.400,2021-05-07 16:06:54.380,0.021,3,3,0.9963462,6.889354e-11,2.1916645e-05,0.003631888,0.9963462
512,201,walking,2021-05-07 16:06:53.400,2021-05-07 16:06:55.380,0.021,3,3,0.9997802,1.1366194e-12,1.9200857e-06,0.00021784476,0.9997802
512,201,walking,2021-05-07 16:06:54.400,2021-05-07 16:06:56.380,0.021,3,3,0.99990267,6.111429e-13,4.020377e-07,9.688708e-05,0.99990267
512,201,walking,2021-05-07 16:06:55.400,2021-05-07 16:06:57.380,0.021,3,3,0.99940836,5.2590944e-12,2.8200373e-06,0.000588794,0.99940836
512,201,walking,2021-05-07 16:06:56.400,2021-05-07 16:06:58.380,0.021,3,3,0.99969167,3.7986957e-12,2.122708e-06,0.00030612302,0.99969167
512,201,walking,2021-05-07 16:06:57.400,2021-05-07 16:06:59.380,0.021,3,3,0.9998954,3.0159191e-12,3.529192e-07,0.00010415854,0.9998954
512,201,walking,2021-05-07 16:06:58.400,2021-05-07 16:07:00.380,0.021,3,3,0.9998169,4.82244e-12,8.203517e-07,0.00018235882,0.9998169
512,201,walking,2021-05-07 16:06:59.400,2021-05-07 16:07:01.380,0.021,3,3,0.99771684,1.8757395e-11,7.81081e-06,0.002275484,0.99771684
512,201,walking,2021-05-07 16:07:00.400,2021-05-07 16:07:02.380,0.021,3,3,0.99969405,8.078509e-12,1.3766047e-06,0.0003047079,0.99969405
512,201,walking,2021-05-07 16:07:01.400,2021-05-07 16:07:03.380,0.021,3,3,0.9998835,1.1441551e-11,1.9659665e-06,0.00011445236,0.9998835
512,201,walking,2021-05-07 16:07:02.400,2021-05-07 16:07:04.380,0.021,3,3,0.99980927,5.605107e-12,6.776599e-07,0.00019007598,0.99980927
512,201,walking,2021-05-07 16:07:03.400,2021-05-07 16:07:05.380,0.021,3,3,0.99988025,6.140245e-13,2.001689e-07,0.00011952126,0.99988025
512,201,walking,2021-05-07 16:07:04.400,2021-05-07 16:07:06.380,0.021,3,3,0.9997512,5.091652e-12,6.194189e-07,0.00024814665,0.9997512
512,201,walking,2021-05-07 16:07:05.400,2021-05-07 16:07:07.380,0.021,3,3,0.999171,2.0047733e-10,4.4362023e-06,0.00082461326,0.999171
512,201,walking,2021-05-07 16:07:06.400,2021-05-07 16:07:08.380,0.021,3,3,0.9986263,1.2707341e-10,5.795067e-06,0.001367885,0.9986263
512,201,walking,2021-05-07 16:07:07.400,2021-05-07 16:07:09.380,0.021,3,3,0.99995834,2.9927003e-12,1.4179447e-07,4.1447332e-05,0.99995834
512,201,walking,2021-05-07 16:07:08.399,2021-05-07 16:07:10.380,0.021,3,3,0.99998206,4.5019695e-13,1.1446587e-07,1.7796649e-05,0.99998206
512,201,walking,2021-05-07 16:07:09.399,2021-05-07 16:07:11.380,0.021,3,3,0.9996664,9.117549e-12,1.2243344e-06,0.00033240227,0.9996664
512,201,walking,2021-05-07 16:07:10.399,2021-05-07 16:07:12.380,0.021,3,3,0.99905723,3.2750892e-11,9.622881e-06,0.00093313097,0.99905723
512,201,walking,2021-05-07 16:07:11.399,2021-05-07 16:07:13.380,0.021,3,3,0.9981564,5.7640455e-11,2.5042116e-05,0.0018185095,0.9981564
512,201,walking,2021-05-07 16:07:12.399,2021-05-07 16:07:14.380,0.021,3,3,0.9984281,3.6429502e-11,7.756918e-06,0.0015641846,0.9984281
512,201,walking,2021-05-07 16:07:13.399,2021-05-07 16:07:15.380,0.021,3,3,0.99956274,2.0220427e-12,2.030019e-06,0.00043533457,0.99956274
512,201,walking,2021-05-07 16:07:14.399,2021-05-07 16:07:16.380,0.021,3,3,0.999613,6.726604e-12,9.945019e-07,0.00038597858,0.999613
512,201,walking,2021-05-07 16:07:15.399,2021-05-07 16:07:17.380,0.021,3,3,0.9997368,1.1146407e-11,1.2887778e-06,0.00026181378,0.9997368
512,201,walking,2021-05-07 16:07:16.399,2021-05-07 16:07:18.380,0.021,3,3,0.99950165,3.2155003e-12,2.9274233e-06,0.0004955324,0.99950165
512,201,walking,2021-05-07 16:07:17.399,2021-05-07 16:07:19.380,0.021,3,3,0.998786,1.228413e-11,6.119425e-06,0.0012079116,0.998786
512,201,walking,2021-05-07 16:07:18.399,2021-05-07 16:07:20.380,0.021,3,3,0.9982694,2.2715168e-11,6.9192056e-06,0.0017236691,0.9982694
512,201,walking,2021-05-07 16:07:19.399,2021-05-07 16:07:21.380,0.021,3,3,0.9996709,7.705038e-12,5.678655e-07,0.0003284519,0.9996709
512,201,walking,2021-05-07 16:07:20.399,2021-05-07 16:07:22.380,0.021,3,3,0.9999817,1.9511727e-12,1.10829035e-07,1.8089868e-05,0.9999817
512,201,walking,2021-05-07 16:07:21.399,2021-05-07 16:07:23.380,0.021,3,3,0.9999078,7.284821e-12,8.5214725e-07,9.129826e-05,0.9999078
512,201,walking,2021-05-07 16:07:22.399,2021-05-07 16:07:24.380,0.021,3,3,0.99992746,5.9131844e-13,1.5729826e-07,7.23203e-05,0.99992746
512,201,walking,2021-05-07 16:07:23.399,2021-05-07 16:07:25.380,0.021,3,3,0.99997324,1.0738215e-12,2.1205406e-07,2.6485735e-05,0.99997324
512,203,walking,2021-05-07 16:07:27.200,2021-05-07 16:07:29.180,0.021,3,3,0.99977994,1.1312625e-11,3.8193116e-07,0.00021960815,0.99977994
512,203,walking,2021-05-07 16:07:28.200,2021-05-07 16:07:30.180,0.021,3,3,0.99936306,7.479789e-12,7.414158e-07,0.00063620164,0.99936306
512,203,walking,2021-05-07 16:07:29.200,2021-05-07 16:07:31.180,0.021,3,3,0.9996688,5.115388e-13,5.4898965e-07,0.00033071835,0.9996688
512,206,standing,2021-05-07 16:07:32.639,2021-05-07 16:07:34.619,0.021,2,2,0.9708361,9.012484e-08,8.3389576e-05,0.9708361,0.029080521
512,206,standing,2021-05-07 16:07:33.639,2021-05-07 16:07:35.619,0.021,2,2,0.96699536,1.17338246e-07,8.27653e-05,0.96699536,0.03292175
512,206,standing,2021-05-07 16:07:34.639,2021-05-07 16:07:36.619,0.021,2,2,0.98216325,1.4344684e-07,6.2724954e-05,0.98216325,0.017773826
512,206,standing,2021-05-07 16:07:35.639,2021-05-07 16:07:37.619,0.021,2,2,0.99616826,1.0020283e-07,3.770891e-05,0.99616826,0.003793865
512,206,standing,2021-05-07 16:07:36.639,2021-05-07 16:07:38.619,0.021,2,2,0.9950542,1.227639e-07,4.0169634e-05,0.9950542,0.0049054497
512,206,standing,2021-05-07 16:07:37.639,2021-05-07 16:07:39.619,0.021,2,2,0.99339885,1.83347e-07,3.8919126e-05,0.99339885,0.0065620057
512,206,standing,2021-05-07 16:07:38.639,2021-05-07 16:07:40.619,0.021,2,2,0.9923663,1.5540725e-07,4.1484644e-05,0.9923663,0.007591949
512,206,standing,2021-05-07 16:07:39.639,2021-05-07 16:07:41.619,0.021,2,2,0.9946313,6.6430864e-08,4.1906118e-05,0.9946313,0.005326635
512,206,standing,2021-05-07 16:07:40.639,2021-05-07 16:07:42.619,0.021,2,2,0.9974281,2.9200406e-08,3.378604e-05,0.9974281,0.0025380526
512,210,standing,2021-05-07 16:07:48.240,2021-05-07 16:07:50.220,0.021,2,2,0.99588615,2.4526588e-07,3.2117823e-05,0.99588615,0.004081476
512,210,standing,2021-05-07 16:07:49.240,2021-05-07 16:07:51.220,0.021,2,2,0.99779695,2.566842e-07,2.6322878e-05,0.99779695,0.0021764715
512,210,standing,2021-05-07 16:07:50.240,2021-05-07 16:07:52.220,0.021,2,2,0.99805814,3.2384807e-07,2.122404e-05,0.99805814,0.0019203007
512,210,standing,2021-05-07 16:07:51.240,2021-05-07 16:07:53.220,0.021,2,2,0.99797595,3.3805884e-07,2.0302099e-05,0.99797595,0.0020034597
512,210,standing,2021-05-07 16:07:52.240,2021-05-07 16:07:54.220,0.021,2,2,0.9981262,2.8688135e-07,2.203278e-05,0.9981262,0.0018513685
512,210,standing,2021-05-07 16:07:53.240,2021-05-07 16:07:55.220,0.021,2,2,0.9968838,9.473894e-08,3.130071e-05,0.9968838,0.0030848375
512,210,standing,2021-05-07 16:07:54.240,2021-05-07 16:07:56.220,0.021,2,2,0.9959284,1.777511e-08,4.683576e-05,0.9959284,0.004024659
512,210,standing,2021-05-07 16:07:55.240,2021-05-07 16:07:57.220,0.021,2,2,0.99739856,2.1760844e-08,4.312379e-05,0.99739856,0.0025581843
512,210,standing,2021-05-07 16:07:56.240,2021-05-07 16:07:58.220,0.021,2,2,0.99615556,1.2829524e-07,3.188909e-05,0.99615556,0.003812441
512,210,standing,2021-05-07 16:07:57.240,2021-05-07 16:07:59.220,0.021,2,2,0.98030275,2.1922729e-07,5.6542463e-05,0.98030275,0.019640516
512,210,standing,2021-05-07 16:07:58.240,2021-05-07 16:08:00.220,0.021,2,2,0.9895805,2.1312272e-07,4.134669e-05,0.9895805,0.0103779705
512,210,standing,2021-05-07 16:07:59.240,2021-05-07 16:08:01.220,0.021,2,2,0.9979102,3.2883017e-07,1.8725998e-05,0.9979102,0.0020707697
512,210,standing,2021-05-07 16:08:00.240,2021-05-07 16:08:02.220,0.021,2,2,0.99841285,3.0580446e-07,1.8833007e-05,0.99841285,0.0015679946
512,210,standing,2021-05-07 16:08:01.240,2021-05-07 16:08:03.220,0.021,2,2,0.99765533,2.9145193e-07,2.0728681e-05,0.99765533,0.002323692
512,210,standing,2021-05-07 16:08:02.240,2021-05-07 16:08:04.220,0.021,2,2,0.99589735,3.185256e-07,2.2980312e-05,0.99589735,0.0040794946
512,212,standing,2021-05-07 16:08:06.680,2021-05-07 16:08:08.659,0.021,2,2,0.99454904,8.393975e-08,4.310878e-05,0.99454904,0.0054078
512,212,standing,2021-05-07 16:08:07.680,2021-05-07 16:08:09.659,0.021,2,2,0.9971526,2.5736577e-07,2.8795328e-05,0.9971526,0.0028182687
512,212,standing,2021-05-07 16:08:08.680,2021-05-07 16:08:10.659,0.021,2,2,0.9980753,2.6284758e-07,2.5086738e-05,0.9980753,0.0018993744
512,212,standing,2021-05-07 16:08:09.680,2021-05-07 16:08:11.659,0.021,2,2,0.9983374,2.119229e-07,2.7613323e-05,0.9983374,0.0016346854
512,212,standing,2021-05-07 16:08:10.680,2021-05-07 16:08:12.659,0.021,2,2,0.9981586,9.401261e-08,3.410516e-05,0.9981586,0.0018072212
512,212,standing,2021-05-07 16:08:11.680,2021-05-07 16:08:13.659,0.021,2,2,0.9986951,3.5146147e-08,3.5430305e-05,0.9986951,0.0012694887
512,212,standing,2021-05-07 16:08:12.680,2021-05-07 16:08:14.659,0.021,2,2,0.9987339,4.1668706e-08,3.1218497e-05,0.9987339,0.0012347321
512,212,standing,2021-05-07 16:08:13.680,2021-05-07 16:08:15.659,0.021,2,2,0.9962474,4.977636e-08,4.204833e-05,0.9962474,0.003710609
512,215,walking,2021-05-07 16:08:16.760,2021-05-07 16:08:18.739,0.021,3,3,0.9715679,1.6136281e-09,0.00025799495,0.028174007,0.9715679
512,215,walking,2021-05-07 16:08:17.760,2021-05-07 16:08:19.739,0.021,3,3,0.9961259,1.753339e-10,5.6655055e-05,0.0038173972,0.9961259
512,215,walking,2021-05-07 16:08:18.760,2021-05-07 16:08:20.739,0.021,3,3,0.99861044,1.1803715e-10,1.3398364e-05,0.0013762468,0.99861044
512,215,walking,2021-05-07 16:08:19.760,2021-05-07 16:08:21.739,0.021,3,3,0.87618697,6.705156e-09,0.00019612249,0.12361685,0.87618697
512,215,walking,2021-05-07 16:08:20.760,2021-05-07 16:08:22.739,0.021,3,3,0.99890625,6.67836e-12,3.622205e-06,0.0010901457,0.99890625
512,215,walking,2021-05-07 16:08:21.760,2021-05-07 16:08:23.739,0.021,3,3,0.9993319,6.6896727e-12,2.8404718e-06,0.00066518225,0.9993319
512,215,walking,2021-05-07 16:08:22.760,2021-05-07 16:08:24.739,0.021,3,3,0.9993521,5.107727e-12,3.681394e-06,0.00064412074,0.9993521
512,215,walking,2021-05-07 16:08:23.760,2021-05-07 16:08:25.739,0.021,3,3,0.9991487,1.1566766e-11,3.994285e-06,0.0008472313,0.9991487
512,215,walking,2021-05-07 16:08:24.760,2021-05-07 16:08:26.739,0.021,3,3,0.99869186,2.4522375e-11,6.1579244e-06,0.001302054,0.99869186
512,215,walking,2021-05-07 16:08:25.760,2021-05-07 16:08:27.739,0.021,3,3,0.9994622,2.3274644e-12,8.3439073e-07,0.00053697027,0.9994622
512,215,walking,2021-05-07 16:08:26.760,2021-05-07 16:08:28.739,0.021,3,3,0.9998605,1.1064804e-12,3.1470313e-07,0.00013915301,0.9998605
512,215,walking,2021-05-07 16:08:27.760,2021-05-07 16:08:29.739,0.021,3,3,0.9993986,1.8949311e-11,2.7428066e-06,0.00059865747,0.9993986
512,215,walking,2021-05-07 16:08:28.760,2021-05-07 16:08:30.739,0.021,3,3,0.99965805,5.7531705e-12,6.9978245e-07,0.000341225,0.99965805
512,215,walking,2021-05-07 16:08:29.760,2021-05-07 16:08:31.739,0.021,3,3,0.9999173,2.0731945e-12,4.6767173e-07,8.219292e-05,0.9999173
512,215,walking,2021-05-07 16:08:30.760,2021-05-07 16:08:32.740,0.021,3,3,0.9946242,3.0209106e-11,1.3629398e-05,0.0053621265,0.9946242
512,215,walking,2021-05-07 16:08:31.760,2021-05-07 16:08:33.740,0.021,3,3,0.9973311,3.442173e-11,1.0589802e-05,0.0026582472,0.9973311
512,215,walking,2021-05-07 16:08:32.759,2021-05-07 16:08:34.740,0.021,3,3,0.99377334,5.72816e-11,2.9980876e-05,0.0061966027,0.99377334
512,215,walking,2021-05-07 16:08:33.759,2021-05-07 16:08:35.740,0.021,3,3,0.999489,1.5945423e-12,1.3535224e-06,0.00050963485,0.999489
512,215,walking,2021-05-07 16:08:34.759,2021-05-07 16:08:36.740,0.021,3,3,0.99979615,1.1689332e-12,1.2261889e-06,0.00020267227,0.99979615
512,215,walking,2021-05-07 16:08:35.759,2021-05-07 16:08:37.740,0.021,3,3,0.99971044,3.950214e-12,1.0007118e-06,0.00028852557,0.99971044
512,215,walking,2021-05-07 16:08:36.759,2021-05-07 16:08:38.740,0.021,3,3,0.99973,1.5095366e-12,4.0047868e-07,0.00026958183,0.99973
512,215,walking,2021-05-07 16:08:37.759,2021-05-07 16:08:39.740,0.021,3,3,0.9992425,1.0890473e-12,1.9318295e-06,0.0007555648,0.9992425
512,215,walking,2021-05-07 16:08:38.759,2021-05-07 16:08:40.740,0.021,3,3,0.99937844,3.7395868e-12,2.038617e-06,0.000619434,0.99937844
512,215,walking,2021-05-07 16:08:39.759,2021-05-07 16:08:41.740,0.021,3,3,0.9999632,2.9478557e-13,3.165666e-07,3.6385376e-05,0.9999632
512,215,walking,2021-05-07 16:08:40.759,2021-05-07 16:08:42.740,0.021,3,3,0.9997103,4.724773e-13,7.7777423e-07,0.00028880246,0.9997103
512,215,walking,2021-05-07 16:08:41.759,2021-05-07 16:08:43.740,0.021,3,3,0.99947184,1.109141e-12,1.9523616e-06,0.0005260662,0.99947184
512,215,walking,2021-05-07 16:08:42.759,2021-05-07 16:08:44.740,0.021,3,3,0.9998164,2.5558128e-13,1.2598102e-06,0.00018236779,0.9998164
512,215,walking,2021-05-07 16:08:43.759,2021-05-07 16:08:45.740,0.021,3,3,0.9999017,1.8391026e-13,2.682709e-07,9.794571e-05,0.9999017
512,215,walking,2021-05-07 16:08:44.759,2021-05-07 16:08:46.740,0.021,3,3,0.9999333,5.0263965e-13,2.9186177e-07,6.636947e-05,0.9999333
512,215,walking,2021-05-07 16:08:45.759,2021-05-07 16:08:47.740,0.021,3,3,0.99977255,8.141465e-13,1.728513e-06,0.00022563785,0.99977255
512,215,walking,2021-05-07 16:08:46.759,2021-05-07 16:08:48.740,0.021,3,3,0.9990739,7.388676e-12,2.409616e-06,0.00092376274,0.9990739
512,215,walking,2021-05-07 16:08:47.759,2021-05-07 16:08:49.740,0.021,3,3,0.99977446,8.5061184e-13,4.1752497e-07,0.00022505803,0.99977446
512,215,walking,2021-05-07 16:08:48.759,2021-05-07 16:08:50.740,0.021,3,3,0.99954283,2.4215807e-12,1.2229391e-06,0.0004560297,0.99954283
512,215,walking,2021-05-07 16:08:49.759,2021-05-07 16:08:51.740,0.021,3,3,0.9998555,7.6979216e-13,3.345747e-07,0.00014426863,0.9998555
512,215,walking,2021-05-07 16:08:50.759,2021-05-07 16:08:52.740,0.021,3,3,0.9999576,6.463241e-14,1.3162814e-07,4.2162323e-05,0.9999576
512,215,walking,2021-05-07 16:08:51.759,2021-05-07 16:08:53.740,0.021,3,3,0.99954975,2.0183057e-12,8.558296e-07,0.00044947187,0.99954975
512,215,walking,2021-05-07 16:08:52.759,2021-05-07 16:08:54.740,0.021,3,3,0.9990507,3.428661e-12,1.8998628e-06,0.00094744033,0.9990507
512,215,walking,2021-05-07 16:08:53.759,2021-05-07 16:08:55.740,0.021,3,3,0.9994487,5.9190656e-12,1.6270482e-06,0.0005495948,0.9994487
512,215,walking,2021-05-07 16:08:54.759,2021-05-07 16:08:56.740,0.021,3,3,0.9998033,4.2791226e-12,4.779773e-07,0.00019617975,0.9998033
512,215,walking,2021-05-07 16:08:55.759,2021-05-07 16:08:57.740,0.021,3,3,0.99999267,3.280553e-14,1.632204e-08,7.309333e-06,0.99999267
512,215,walking,2021-05-07 16:08:56.759,2021-05-07 16:08:58.740,0.021,3,3,0.99982524,3.0161718e-13,2.4495858e-07,0.0001744987,0.99982524
512,215,walking,2021-05-07 16:08:57.759,2021-05-07 16:08:59.740,0.021,3,3,0.9991609,5.5342814e-12,3.050628e-06,0.0008361149,0.9991609
512,215,walking,2021-05-07 16:08:58.759,2021-05-07 16:09:00.740,0.021,3,3,0.99993235,7.481849e-13,1.9087618e-06,6.568863e-05,0.99993235
512,215,walking,2021-05-07 16:08:59.759,2021-05-07 16:09:01.740,0.021,3,3,0.9999469,1.2396036e-13,3.653081e-07,5.2666415e-05,0.9999469
512,215,walking,2021-05-07 16:09:00.760,2021-05-07 16:09:02.740,0.021,3,3,0.9998522,2.589092e-13,4.3113312e-07,0.0001474552,0.9998522
512,215,walking,2021-05-07 16:09:01.760,2021-05-07 16:09:03.740,0.021,3,3,0.99991566,5.6108862e-14,3.41478e-07,8.395813e-05,0.99991566
512,215,walking,2021-05-07 16:09:02.760,2021-05-07 16:09:04.739,0.021,3,3,0.99660504,1.5659038e-12,3.906036e-06,0.003391069,0.99660504
512,215,walking,2021-05-07 16:09:03.760,2021-05-07 16:09:05.739,0.021,3,3,0.999365,2.3175285e-12,9.1931906e-07,0.0006340968,0.999365
512,215,walking,2021-05-07 16:09:04.760,2021-05-07 16:09:06.739,0.021,3,3,0.9999694,1.5160613e-13,2.1216044e-07,3.0258421e-05,0.9999694
512,215,walking,2021-05-07 16:09:05.760,2021-05-07 16:09:07.739,0.021,3,3,0.99985194,1.1410456e-12,4.946534e-07,0.00014750368,0.99985194
512,215,walking,2021-05-07 16:09:06.760,2021-05-07 16:09:08.739,0.021,3,3,0.999702,1.84921e-12,1.1385096e-06,0.0002968022,0.999702
512,215,walking,2021-05-07 16:09:07.760,2021-05-07 16:09:09.739,0.021,3,3,0.999401,1.5518514e-12,3.3299036e-06,0.00059574965,0.999401
512,215,walking,2021-05-07 16:09:08.760,2021-05-07 16:09:10.739,0.021,3,3,0.9996745,1.7435907e-12,6.295704e-07,0.00032485317,0.9996745
512,215,walking,2021-05-07 16:09:09.760,2021-05-07 16:09:11.739,0.021,3,3,0.9996647,1.291544e-12,5.7921676e-07,0.00033478072,0.9996647
512,215,walking,2021-05-07 16:09:10.760,2021-05-07 16:09:12.739,0.021,3,3,0.9988547,7.1477993e-12,3.6964898e-06,0.0011417002,0.9988547
512,215,walking,2021-05-07 16:09:11.760,2021-05-07 16:09:13.739,0.021,3,3,0.99931806,3.2831366e-12,1.4053319e-06,0.00068050605,0.99931806
512,215,walking,2021-05-07 16:09:12.760,2021-05-07 16:09:14.739,0.021,3,3,0.99996394,2.0562377e-13,1.4086098e-07,3.580986e-05,0.99996394
512,215,walking,2021-05-07 16:09:13.760,2021-05-07 16:09:15.739,0.021,3,3,0.9987327,9.147929e-12,6.9294842e-06,0.0012603095,0.9987327
512,215,walking,2021-05-07 16:09:14.760,2021-05-07 16:09:16.739,0.021,3,3,0.99890554,1.5857591e-11,2.8004094e-06,0.0010916481,0.99890554
512,215,walking,2021-05-07 16:09:15.760,2021-05-07 16:09:17.739,0.021,3,3,0.9999694,2.7575858e-13,6.532083e-08,3.0446747e-05,0.9999694
512,215,walking,2021-05-07 16:09:16.760,2021-05-07 16:09:18.739,0.021,3,3,0.99985933,6.433534e-13,2.2349843e-07,0.00014040884,0.99985933
512,215,walking,2021-05-07 16:09:17.760,2021-05-07 16:09:19.739,0.021,3,3,0.99877113,7.307417e-12,3.6796432e-06,0.0012251906,0.99877113
512,215,walking,2021-05-07 16:09:18.760,2021-05-07 16:09:20.739,0.021,3,3,0.99938333,1.8716688e-11,5.255048e-06,0.0006113706,0.99938333
512,215,walking,2021-05-07 16:09:19.760,2021-05-07 16:09:21.739,0.021,3,3,0.99969697,1.3444622e-11,1.5686381e-06,0.0003013723,0.99969697
512,215,walking,2021-05-07 16:09:20.760,2021-05-07 16:09:22.739,0.021,3,3,0.999939,3.0101182e-13,2.1207552e-07,6.0642076e-05,0.999939
512,215,walking,2021-05-07 16:09:21.760,2021-05-07 16:09:23.739,0.021,3,3,0.9997735,6.2555733e-13,4.3575594e-07,0.0002261012,0.9997735
512,215,walking,2021-05-07 16:09:22.760,2021-05-07 16:09:24.739,0.021,3,3,0.99875987,8.612461e-12,4.6168266e-06,0.0012355858,0.99875987
512,215,walking,2021-05-07 16:09:23.760,2021-05-07 16:09:25.739,0.021,3,3,0.9990788,1.7816316e-11,7.87966e-06,0.0009133848,0.9990788
512,215,walking,2021-05-07 16:09:24.760,2021-05-07 16:09:26.739,0.021,3,3,0.9995093,7.0717976e-12,2.4646602e-06,0.0004882672,0.9995093
512,215,walking,2021-05-07 16:09:25.760,2021-05-07 16:09:27.739,0.021,3,3,0.9999743,3.312079e-14,6.959198e-08,2.5576071e-05,0.9999743
512,215,walking,2021-05-07 16:09:26.760,2021-05-07 16:09:28.739,0.021,3,3,0.99994713,1.1448225e-13,2.6125483e-07,5.256652e-05,0.99994713
512,215,walking,2021-05-07 16:09:27.760,2021-05-07 16:09:29.739,0.021,3,3,0.9998962,5.360219e-13,2.2621249e-07,0.0001034517,0.9998962
512,215,walking,2021-05-07 16:09:28.760,2021-05-07 16:09:30.739,0.021,3,3,0.9997742,1.1268085e-12,5.4487407e-07,0.0002251561,0.9997742
512,215,walking,2021-05-07 16:09:29.760,2021-05-07 16:09:31.739,0.021,3,3,0.9993526,1.2382586e-11,2.2429595e-06,0.00064514775,0.9993526
512,215,walking,2021-05-07 16:09:30.760,2021-05-07 16:09:32.740,0.021,3,3,0.9997921,2.7062996e-12,5.6327184e-07,0.00020730679,0.9997921
512,215,walking,2021-05-07 16:09:31.760,2021-05-07 16:09:33.740,0.021,3,3,0.9999803,4.5162353e-14,8.142106e-08,1.9619023e-05,0.9999803
512,215,walking,2021-05-07 16:09:32.759,2021-05-07 16:09:34.740,0.021,3,3,0.9993745,1.6505235e-12,1.0021221e-06,0.00062448485,0.9993745
512,217,standing,2021-05-07 16:09:36.240,2021-05-07 16:09:38.220,0.021,2,2,0.87470764,5.457787e-09,0.00029301087,0.87470764,0.124999374
512,217,standing,2021-05-07 16:09:37.240,2021-05-07 16:09:39.220,0.021,2,2,0.9930278,1.4128258e-08,6.0823386e-05,0.9930278,0.0069113304
512,219,standing,2021-05-07 16:09:42.080,2021-05-07 16:09:44.060,0.021,2,2,0.998063,1.6767292e-07,2.9262093e-05,0.998063,0.0019076279
512,219,standing,2021-05-07 16:09:43.080,2021-05-07 16:09:45.060,0.021,2,2,0.9974764,1.1249144e-07,3.5520858e-05,0.9974764,0.0024879305
512,219,standing,2021-05-07 16:09:44.080,2021-05-07 16:09:46.060,0.021,2,2,0.9980993,5.167121e-08,3.59792e-05,0.9980993,0.0018645294
512,219,standing,2021-05-07 16:09:45.080,2021-05-07 16:09:47.060,0.021,2,2,0.99763894,3.3504932e-08,4.0904182e-05,0.99763894,0.0023201376
512,219,standing,2021-05-07 16:09:46.080,2021-05-07 16:09:48.060,0.021,2,2,0.9977801,2.295733e-08,4.479903e-05,0.9977801,0.0021749802
512,219,standing,2021-05-07 16:09:47.080,2021-05-07 16:09:49.060,0.021,2,2,0.9986829,1.6592608e-08,3.5883353e-05,0.9986829,0.0012811759
512,219,standing,2021-05-07 16:09:48.080,2021-05-07 16:09:50.060,0.021,2,2,0.99603456,5.457737e-08,4.269021e-05,0.99603456,0.0039226147
512,219,standing,2021-05-07 16:09:49.080,2021-05-07 16:09:51.060,0.021,2,2,0.9929329,2.3032487e-07,4.038879e-05,0.9929329,0.0070265066
512,219,standing,2021-05-07 16:09:50.080,2021-05-07 16:09:52.060,0.021,2,2,0.9968061,2.7770386e-07,3.095757e-05,0.9968061,0.0031626734
512,219,standing,2021-05-07 16:09:51.080,2021-05-07 16:09:53.060,0.021,2,2,0.997117,1.8933801e-07,3.3184446e-05,0.997117,0.0028496222
512,219,standing,2021-05-07 16:09:52.080,2021-05-07 16:09:54.060,0.021,2,2,0.9967688,2.2349563e-07,3.158992e-05,0.9967688,0.003199311
512,219,standing,2021-05-07 16:09:53.080,2021-05-07 16:09:55.060,0.021,2,2,0.9978003,2.5855124e-07,2.7473494e-05,0.9978003,0.002171915
512,219,standing,2021-05-07 16:09:54.080,2021-05-07 16:09:56.060,0.021,2,2,0.99795717,2.623597e-07,2.6021698e-05,0.99795717,0.002016569
512,219,standing,2021-05-07 16:09:55.080,2021-05-07 16:09:57.060,0.021,2,2,0.997336,2.652132e-07,2.768266e-05,0.997336,0.002636047
512,221,standing,2021-05-07 16:09:59.680,2021-05-07 16:10:01.660,0.021,2,2,0.9677278,3.2493737e-09,0.00017370444,0.9677278,0.032098424
512,221,standing,2021-05-07 16:10:00.680,2021-05-07 16:10:02.660,0.021,2,2,0.99889886,1.2303613e-09,5.096745e-05,0.99889886,0.0010501216
512,221,standing,2021-05-07 16:10:01.680,2021-05-07 16:10:03.660,0.021,2,2,0.99465716,6.0580594e-09,8.137114e-05,0.99465716,0.0052615176
512,221,standing,2021-05-07 16:10:02.680,2021-05-07 16:10:04.659,0.021,2,2,0.99416405,4.0217166e-08,5.712957e-05,0.99416405,0.005778795
512,223,standing,2021-05-07 16:10:05.720,2021-05-07 16:10:07.699,0.021,2,2,0.9977727,2.6270877e-07,2.5875746e-05,0.9977727,0.0022011497
512,223,standing,2021-05-07 16:10:06.720,2021-05-07 16:10:08.699,0.021,2,2,0.9976637,2.6053198e-07,2.6955457e-05,0.9976637,0.0023091477
512,223,standing,2021-05-07 16:10:07.720,2021-05-07 16:10:09.699,0.021,2,2,0.99797213,2.6948237e-07,2.4415482e-05,0.99797213,0.0020032516
512,223,standing,2021-05-07 16:10:08.720,2021-05-07 16:10:10.699,0.021,2,2,0.99823606,2.6710725e-07,2.4185249e-05,0.99823606,0.0017395413
512,227,standing,2021-05-07 16:10:12.960,2021-05-07 16:10:14.940,0.021,2,2,0.99920076,4.1887083e-10,4.570431e-05,0.99920076,0.00075350225
512,227,standing,2021-05-07 16:10:13.960,2021-05-07 16:10:15.940,0.021,2,2,0.9992158,9.04401e-10,4.2977288e-05,0.9992158,0.00074117025
512,227,standing,2021-05-07 16:10:14.960,2021-05-07 16:10:16.940,0.021,2,2,0.99726236,3.014892e-09,6.222451e-05,0.99726236,0.002675517
512,227,standing,2021-05-07 16:10:15.960,2021-05-07 16:10:17.940,0.021,2,2,0.9911513,1.3037583e-08,6.844048e-05,0.9911513,0.008780339
512,227,standing,2021-05-07 16:10:16.959,2021-05-07 16:10:18.940,0.021,2,2,0.99535197,5.7517198e-08,4.3315868e-05,0.99535197,0.004604618
512,229,standing,2021-05-07 16:10:19.600,2021-05-07 16:10:21.579,0.021,2,2,0.99531627,3.8884653e-07,2.5508454e-05,0.99531627,0.0046578627
512,229,standing,2021-05-07 16:10:20.600,2021-05-07 16:10:22.579,0.021,2,2,0.9968936,3.036699e-07,2.132491e-05,0.9968936,0.0030848763
512,229,standing,2021-05-07 16:10:21.600,2021-05-07 16:10:23.579,0.021,2,2,0.99737537,2.4559657e-07,2.4979936e-05,0.99737537,0.0025994095
512,229,standing,2021-05-07 16:10:22.600,2021-05-07 16:10:24.579,0.021,2,2,0.98007333,1.2367948e-07,6.75641e-05,0.98007333,0.019859055
512,229,standing,2021-05-07 16:10:23.600,2021-05-07 16:10:25.579,0.021,2,2,0.97189856,6.7221634e-08,9.04652e-05,0.97189856,0.028010912
512,229,standing,2021-05-07 16:10:24.600,2021-05-07 16:10:26.579,0.021,2,2,0.9966921,8.700422e-08,3.5949757e-05,0.9966921,0.0032718193
512,229,standing,2021-05-07 16:10:25.600,2021-05-07 16:10:27.579,0.021,2,2,0.99694467,2.5050338e-07,2.762971e-05,0.99694467,0.0030273618
512,229,standing,2021-05-07 16:10:26.600,2021-05-07 16:10:28.579,0.021,2,2,0.9977637,3.190008e-07,2.538571e-05,0.9977637,0.002210684
512,229,standing,2021-05-07 16:10:27.600,2021-05-07 16:10:29.579,0.021,2,2,0.99822366,2.2104174e-07,2.6855627e-05,0.99822366,0.0017492108
512,233,standing,2021-05-07 16:10:33.279,2021-05-07 16:10:35.259,0.021,2,2,0.99782133,2.7634666e-08,3.5082183e-05,0.99782133,0.0021435667
512,233,standing,2021-05-07 16:10:34.279,2021-05-07 16:10:36.259,0.021,2,2,0.9984643,3.1690476e-08,3.141175e-05,0.9984643,0.0015042668
512,233,standing,2021-05-07 16:10:35.279,2021-05-07 16:10:37.259,0.021,2,2,0.9980193,5.5598075e-08,3.191163e-05,0.9980193,0.0019488335
512,233,standing,2021-05-07 16:10:36.279,2021-05-07 16:10:38.259,0.021,2,2,0.99758375,1.0151779e-07,3.0594387e-05,0.99758375,0.002385599
512,233,standing,2021-05-07 16:10:37.279,2021-05-07 16:10:39.259,0.021,2,2,0.9978734,1.8291709e-07,2.8128412e-05,0.9978734,0.0020982353
512,233,standing,2021-05-07 16:10:38.279,2021-05-07 16:10:40.259,0.021,2,2,0.9981003,1.700513e-07,2.863308e-05,0.9981003,0.0018708785
512,235,standing,2021-05-07 16:10:42.680,2021-05-07 16:10:44.659,0.021,2,2,0.95797044,1.4125298e-08,0.00014902937,0.95797044,0.041880503
512,237,standing,2021-05-07 16:10:45.119,2021-05-07 16:10:47.099,0.021,2,2,0.9952325,3.5888398e-08,4.7325477e-05,0.9952325,0.0047201216
512,237,standing,2021-05-07 16:10:46.119,2021-05-07 16:10:48.099,0.021,2,2,0.9971189,5.0311495e-08,4.068772e-05,0.9971189,0.0028402428
512,237,standing,2021-05-07 16:10:47.119,2021-05-07 16:10:49.099,0.021,2,2,0.99784106,8.424475e-08,3.3423934e-05,0.99784106,0.002125437
512,237,standing,2021-05-07 16:10:48.119,2021-05-07 16:10:50.099,0.021,2,2,0.9978375,2.0280203e-07,2.6926802e-05,0.9978375,0.002135389
512,237,standing,2021-05-07 16:10:49.119,2021-05-07 16:10:51.099,0.021,2,2,0.9980778,2.412696e-07,2.613732e-05,0.9980778,0.0018958638
512,237,standing,2021-05-07 16:10:50.119,2021-05-07 16:10:52.099,0.021,2,2,0.9983213,1.9152343e-07,2.9735673e-05,0.9983213,0.0016487554
512,237,standing,2021-05-07 16:10:51.119,2021-05-07 16:10:53.099,0.021,2,2,0.9984346,1.5112293e-07,3.0657997e-05,0.9984346,0.0015346084
512,237,standing,2021-05-07 16:10:52.119,2021-05-07 16:10:54.099,0.021,2,2,0.9984638,1.799779e-07,2.9403865e-05,0.9984638,0.0015065904
512,237,standing,2021-05-07 16:10:53.119,2021-05-07 16:10:55.099,0.021,2,2,0.99868923,2.23096e-07,2.7551965e-05,0.99868923,0.0012829991
512,237,standing,2021-05-07 16:10:54.119,2021-05-07 16:10:56.099,0.021,2,2,0.99828225,2.2999451e-07,2.9495377e-05,0.99828225,0.0016880775
512,237,standing,2021-05-07 16:10:55.119,2021-05-07 16:10:57.099,0.021,2,2,0.99799025,1.8502345e-07,3.194651e-05,0.99799025,0.0019776674
512,237,standing,2021-05-07 16:10:56.119,2021-05-07 16:10:58.099,0.021,2,2,0.9974159,6.750903e-08,3.7464033e-05,0.9974159,0.0025465388
512,239,standing,2021-05-07 16:10:59.959,2021-05-07 16:11:01.940,0.021,2,2,0.99645597,5.253076e-09,6.906515e-05,0.99645597,0.0034750004
512,239,standing,2021-05-07 16:11:00.960,2021-05-07 16:11:02.940,0.021,2,2,0.9980789,7.2722437e-09,4.7179863e-05,0.9980789,0.0018739196
512,239,standing,2021-05-07 16:11:01.960,2021-05-07 16:11:03.940,0.021,2,2,0.99807745,1.3063295e-08,4.487884e-05,0.99807745,0.0018777094
512,239,standing,2021-05-07 16:11:02.960,2021-05-07 16:11:04.940,0.021,2,2,0.9985033,9.745249e-09,4.625337e-05,0.9985033,0.0014503972
512,239,standing,2021-05-07 16:11:03.960,2021-05-07 16:11:05.940,0.021,2,2,0.99780494,2.8406598e-08,4.8282585e-05,0.99780494,0.002146818
512,239,standing,2021-05-07 16:11:04.960,2021-05-07 16:11:06.940,0.021,2,2,0.9965021,6.071349e-08,5.067984e-05,0.9965021,0.0034471888
512,239,standing,2021-05-07 16:11:05.960,2021-05-07 16:11:07.940,0.021,2,2,0.99810827,9.805093e-08,3.3870234e-05,0.99810827,0.0018578705
512,241,standing,2021-05-07 16:11:08.359,2021-05-07 16:11:10.340,0.021,2,2,0.9972971,1.8975078e-07,3.4536435e-05,0.9972971,0.0026682282
512,241,standing,2021-05-07 16:11:09.359,2021-05-07 16:11:11.340,0.021,2,2,0.9980891,1.886545e-07,3.114237e-05,0.9980891,0.001879581
512,241,standing,2021-05-07 16:11:10.359,2021-05-07 16:11:12.340,0.021,2,2,0.9983894,2.1612344e-07,2.8245453e-05,0.9983894,0.0015821509
512,241,standing,2021-05-07 16:11:11.359,2021-05-07 16:11:13.340,0.021,2,2,0.99830705,2.0320536e-07,3.0542087e-05,0.99830705,0.0016623478
512,241,standing,2021-05-07 16:11:12.359,2021-05-07 16:11:14.340,0.021,2,2,0.9984353,1.6363047e-07,3.299405e-05,0.9984353,0.0015315159
512,241,standing,2021-05-07 16:11:13.359,2021-05-07 16:11:15.340,0.021,2,2,0.9978067,1.729642e-07,3.507852e-05,0.9978067,0.002158033
512,241,standing,2021-05-07 16:11:14.359,2021-05-07 16:11:16.340,0.021,2,2,0.9979831,1.9451623e-07,3.395667e-05,0.9979831,0.0019827709
512,241,standing,2021-05-07 16:11:15.359,2021-05-07 16:11:17.340,0.021,2,2,0.99869794,1.0346521e-07,3.1297175e-05,0.99869794,0.001270617
512,241,standing,2021-05-07 16:11:16.360,2021-05-07 16:11:18.340,0.021,2,2,0.9983749,2.5385408e-08,4.099413e-05,0.9983749,0.0015840937
512,241,standing,2021-05-07 16:11:17.360,2021-05-07 16:11:19.340,0.021,2,2,0.99782914,7.946984e-09,5.3937572e-05,0.99782914,0.0021169004
512,241,standing,2021-05-07 16:11:18.360,2021-05-07 16:11:20.340,0.021,2,2,0.99763143,1.715526e-08,4.7047037e-05,0.99763143,0.00232142
512,245,standing,2021-05-07 16:11:23.000,2021-05-07 16:11:24.979,0.021,2,2,0.8474606,1.3680136e-07,0.00014889518,0.8474606,0.1523903
512,245,standing,2021-05-07 16:11:24.000,2021-05-07 16:11:25.979,0.021,2,2,0.99575144,1.16432375e-07,4.18665e-05,0.99575144,0.004206507
512,245,standing,2021-05-07 16:11:25.000,2021-05-07 16:11:26.979,0.021,2,2,0.9954708,7.612682e-08,3.8942024e-05,0.9954708,0.0044900374
512,245,standing,2021-05-07 16:11:26.000,2021-05-07 16:11:27.979,0.021,2,2,0.9969171,5.9821296e-08,3.3110977e-05,0.9969171,0.0030497399
512,245,standing,2021-05-07 16:11:27.000,2021-05-07 16:11:28.979,0.021,2,2,0.99774677,6.7256465e-08,3.1520955e-05,0.99774677,0.0022215974
512,245,standing,2021-05-07 16:11:28.000,2021-05-07 16:11:29.979,0.021,2,2,0.99827844,9.734959e-08,2.752236e-05,0.99827844,0.0016939226
512,245,standing,2021-05-07 16:11:29.000,2021-05-07 16:11:30.979,0.021,2,2,0.99806434,1.2374767e-07,2.5839485e-05,0.99806434,0.0019097629
512,245,standing,2021-05-07 16:11:30.000,2021-05-07 16:11:31.979,0.021,2,2,0.998404,9.2326914e-08,2.6836233e-05,0.998404,0.0015689784
512,245,standing,2021-05-07 16:11:31.000,2021-05-07 16:11:32.979,0.021,2,2,0.9987289,3.3908698e-08,3.332153e-05,0.9987289,0.0012376667
512,245,standing,2021-05-07 16:11:32.000,2021-05-07 16:11:33.979,0.021,2,2,0.9986072,2.1853182e-08,4.1604166e-05,0.9986072,0.0013511765
512,245,standing,2021-05-07 16:11:33.000,2021-05-07 16:11:34.979,0.021,2,2,0.98808837,6.500903e-08,7.5199976e-05,0.98808837,0.0118362885
512,245,standing,2021-05-07 16:11:34.000,2021-05-07 16:11:35.979,0.021,2,2,0.9560807,1.8558424e-08,0.00012868267,0.9560807,0.043790683
512,247,walking,2021-05-07 16:11:37.799,2021-05-07 16:11:39.779,0.021,3,3,0.99983525,9.181706e-13,8.6377713e-07,0.00016384313,0.99983525
512,247,walking,2021-05-07 16:11:38.799,2021-05-07 16:11:40.779,0.021,3,3,0.99992174,1.2163351e-12,2.1434589e-07,7.8008066e-05,0.99992174
512,247,walking,2021-05-07 16:11:39.799,2021-05-07 16:11:41.779,0.021,3,3,0.99991566,5.8897917e-13,2.3263777e-07,8.403199e-05,0.99991566
512,247,walking,2021-05-07 16:11:40.799,2021-05-07 16:11:42.779,0.021,3,3,0.9989016,7.065072e-12,3.334403e-06,0.0010950973,0.9989016
512,247,walking,2021-05-07 16:11:41.799,2021-05-07 16:11:43.779,0.021,3,3,0.9985936,6.5218135e-12,2.9604848e-06,0.0014033539,0.9985936
512,247,walking,2021-05-07 16:11:42.799,2021-05-07 16:11:44.779,0.021,3,3,0.99973285,8.852731e-13,1.3511698e-06,0.0002657283,0.99973285
512,247,walking,2021-05-07 16:11:43.799,2021-05-07 16:11:45.779,0.021,3,3,0.9988955,2.4531013e-12,2.872864e-06,0.0011015597,0.9988955
512,247,walking,2021-05-07 16:11:44.799,2021-05-07 16:11:46.779,0.021,3,3,0.99928886,3.1361545e-12,1.3249451e-06,0.00070981425,0.99928886
512,249,standing,2021-05-07 16:11:48.080,2021-05-07 16:11:50.060,0.021,2,2,0.9889687,6.610484e-08,9.500148e-05,0.9889687,0.010936356
512,249,standing,2021-05-07 16:11:49.080,2021-05-07 16:11:51.060,0.021,2,2,0.99857986,1.193094e-07,3.459102e-05,0.99857986,0.0013853975
512,249,standing,2021-05-07 16:11:50.080,2021-05-07 16:11:52.060,0.021,2,2,0.9965906,6.93475e-08,4.8114955e-05,0.9965906,0.0033611236
512,249,standing,2021-05-07 16:11:51.080,2021-05-07 16:11:53.060,0.021,2,2,0.9971323,6.122849e-08,4.531868e-05,0.9971323,0.0028222792
512,250,walking,2021-05-07 16:11:54.040,2021-05-07 16:11:56.020,0.021,3,3,0.9998617,8.957167e-12,5.462871e-07,0.00013780125,0.9998617
512,250,walking,2021-05-07 16:11:55.040,2021-05-07 16:11:57.020,0.021,3,3,0.9996995,4.3014503e-12,1.2614432e-06,0.00029916497,0.9996995
512,250,walking,2021-05-07 16:11:56.040,2021-05-07 16:11:58.020,0.021,3,3,0.99753016,1.6965294e-11,5.2644727e-06,0.0024646397,0.99753016
512,250,walking,2021-05-07 16:11:57.040,2021-05-07 16:11:59.020,0.021,3,3,0.9999123,2.5169724e-13,1.4127518e-07,8.742949e-05,0.9999123
512,250,walking,2021-05-07 16:11:58.040,2021-05-07 16:12:00.019,0.021,3,3,0.9998541,4.900646e-13,4.0341425e-07,0.00014556796,0.9998541
512,250,walking,2021-05-07 16:11:59.040,2021-05-07 16:12:01.019,0.021,3,3,0.99876106,1.2661867e-11,4.112962e-06,0.0012348841,0.99876106
512,250,walking,2021-05-07 16:12:00.039,2021-05-07 16:12:02.019,0.021,3,3,0.99993056,4.4708302e-13,6.8233106e-07,6.868018e-05,0.99993056
512,250,walking,2021-05-07 16:12:01.039,2021-05-07 16:12:03.019,0.021,3,3,0.9994372,2.3318986e-12,2.8117079e-06,0.0005599695,0.9994372
512,250,walking,2021-05-07 16:12:02.039,2021-05-07 16:12:04.019,0.021,3,3,0.999664,2.073448e-12,7.926074e-07,0.00033513157,0.999664
512,250,walking,2021-05-07 16:12:03.039,2021-05-07 16:12:05.019,0.021,3,3,0.9995031,9.503678e-12,1.5233334e-06,0.0004954313,0.9995031
512,250,walking,2021-05-07 16:12:04.039,2021-05-07 16:12:06.019,0.021,3,3,0.998109,2.9024992e-11,3.1328796e-06,0.0018878346,0.998109
512,250,walking,2021-05-07 16:12:05.039,2021-05-07 16:12:07.019,0.021,3,3,0.99906224,1.2157238e-11,2.3812631e-06,0.00093534216,0.99906224
512,250,walking,2021-05-07 16:12:06.039,2021-05-07 16:12:08.020,0.021,3,3,0.9986109,9.346666e-12,3.9084853e-06,0.0013852319,0.9986109
512,250,walking,2021-05-07 16:12:07.039,2021-05-07 16:12:09.020,0.021,3,3,0.9979641,2.933409e-11,7.400635e-06,0.002028479,0.9979641
512,250,walking,2021-05-07 16:12:08.039,2021-05-07 16:12:10.020,0.021,3,3,0.99569374,4.0526582e-11,1.3694974e-05,0.0042925,0.99569374
512,250,walking,2021-05-07 16:12:09.039,2021-05-07 16:12:11.020,0.021,3,3,0.9988515,1.143227e-11,3.2340415e-06,0.0011453405,0.9988515
512,250,walking,2021-05-07 16:12:10.039,2021-05-07 16:12:12.020,0.021,3,3,0.99996036,5.413561e-13,1.6991939e-07,3.9422648e-05,0.99996036
512,250,walking,2021-05-07 16:12:11.039,2021-05-07 16:12:13.020,0.021,3,3,0.9996845,2.5613717e-12,7.6704026e-07,0.0003147911,0.9996845
512,250,walking,2021-05-07 16:12:12.039,2021-05-07 16:12:14.020,0.021,3,3,0.99942434,5.169216e-12,1.8500672e-06,0.00057380425,0.99942434
512,250,walking,2021-05-07 16:12:13.039,2021-05-07 16:12:15.020,0.021,3,3,0.99942887,2.980381e-12,2.9713538e-06,0.00056821585,0.99942887
512,250,walking,2021-05-07 16:12:14.039,2021-05-07 16:12:16.020,0.021,3,3,0.99904877,5.1654007e-12,2.0202847e-06,0.0009492333,0.99904877
512,250,walking,2021-05-07 16:12:15.039,2021-05-07 16:12:17.020,0.021,3,3,0.9997573,3.2624764e-12,5.1324037e-07,0.00024214033,0.9997573
512,250,walking,2021-05-07 16:12:16.040,2021-05-07 16:12:18.020,0.021,3,3,0.9991942,1.598332e-11,2.3858945e-06,0.0008034054,0.9991942
512,250,walking,2021-05-07 16:12:17.040,2021-05-07 16:12:19.020,0.021,3,3,0.99985623,3.4116843e-12,2.0386491e-07,0.0001436712,0.99985623
512,250,walking,2021-05-07 16:12:18.040,2021-05-07 16:12:20.020,0.021,3,3,0.9999084,3.2432696e-12,1.8718774e-07,9.132957e-05,0.9999084
512,250,walking,2021-05-07 16:12:19.040,2021-05-07 16:12:21.020,0.021,3,3,0.99938965,1.8472902e-11,5.026883e-06,0.00060526415,0.99938965
512,250,walking,2021-05-07 16:12:20.040,2021-05-07 16:12:22.020,0.021,3,3,0.9997628,2.2546199e-12,9.719555e-07,0.00023618106,0.9997628
512,250,walking,2021-05-07 16:12:21.040,2021-05-07 16:12:23.020,0.021,3,3,0.99995524,1.0780722e-13,1.038386e-07,4.4637887e-05,0.99995524
512,250,walking,2021-05-07 16:12:22.040,2021-05-07 16:12:24.020,0.021,3,3,0.9998629,2.2243623e-13,2.3513294e-07,0.00013700628,0.9998629
512,250,walking,2021-05-07 16:12:23.040,2021-05-07 16:12:25.020,0.021,3,3,0.9999103,9.598754e-14,1.2043385e-07,8.954551e-05,0.9999103
512,250,walking,2021-05-07 16:12:24.040,2021-05-07 16:12:26.020,0.021,3,3,0.99999434,9.934816e-15,2.0271647e-08,5.63708e-06,0.99999434
512,250,walking,2021-05-07 16:12:25.040,2021-05-07 16:12:27.020,0.021,3,3,0.9996719,2.0179865e-12,1.0778374e-06,0.00032697734,0.9996719
512,250,walking,2021-05-07 16:12:26.040,2021-05-07 16:12:28.020,0.021,3,3,0.9989783,3.2039018e-12,3.1188533e-06,0.0010185497,0.9989783
512,250,walking,2021-05-07 16:12:27.040,2021-05-07 16:12:29.020,0.021,3,3,0.9994783,5.2221546e-13,2.1956196e-06,0.00051947695,0.9994783
512,250,walking,2021-05-07 16:12:28.040,2021-05-07 16:12:30.020,0.021,3,3,0.9992803,1.7073025e-12,1.5186486e-06,0.00071818056,0.9992803
512,250,walking,2021-05-07 16:12:29.040,2021-05-07 16:12:31.020,0.021,3,3,0.99951863,5.2448688e-12,1.8386289e-06,0.00047953927,0.99951863
512,250,walking,2021-05-07 16:12:30.040,2021-05-07 16:12:32.020,0.021,3,3,0.99899733,1.9004126e-11,5.1717457e-06,0.0009975431,0.99899733
512,250,walking,2021-05-07 16:12:31.040,2021-05-07 16:12:33.020,0.021,3,3,0.99417436,4.387558e-11,2.0884265e-05,0.005804686,0.99417436
512,250,walking,2021-05-07 16:12:32.040,2021-05-07 16:12:34.020,0.021,3,3,0.9999414,2.1716134e-13,8.3608074e-07,5.771029e-05,0.9999414
512,250,walking,2021-05-07 16:12:33.040,2021-05-07 16:12:35.020,0.021,3,3,0.99988407,1.0917375e-12,6.8735176e-07,0.0001151651,0.99988407
512,250,walking,2021-05-07 16:12:34.040,2021-05-07 16:12:36.020,0.021,3,3,0.9998505,9.370909e-13,4.4876316e-07,0.0001489767,0.9998505
512,250,walking,2021-05-07 16:12:35.040,2021-05-07 16:12:37.020,0.021,3,3,0.9998257,5.485774e-13,6.1090196e-07,0.00017377819,0.9998257
512,250,walking,2021-05-07 16:12:36.040,2021-05-07 16:12:38.020,0.021,3,3,0.9997897,5.502259e-13,3.9462105e-07,0.00020990423,0.9997897
512,250,walking,2021-05-07 16:12:37.040,2021-05-07 16:12:39.020,0.021,3,3,0.9998362,4.648613e-13,2.0713873e-07,0.00016367868,0.9998362
512,250,walking,2021-05-07 16:12:38.040,2021-05-07 16:12:40.020,0.021,3,3,0.99959105,6.7536207e-12,2.7667238e-06,0.00040621212,0.99959105
512,250,walking,2021-05-07 16:12:39.040,2021-05-07 16:12:41.020,0.021,3,3,0.9998441,7.5976226e-13,5.476911e-07,0.00015536373,0.9998441
512,250,walking,2021-05-07 16:12:40.040,2021-05-07 16:12:42.020,0.021,3,3,0.9999494,3.3496844e-13,1.08500245e-07,5.0460363e-05,0.9999494
512,250,walking,2021-05-07 16:12:41.040,2021-05-07 16:12:43.020,0.021,3,3,0.99989134,6.419987e-13,3.5113644e-07,0.000108236476,0.99989134
512,250,walking,2021-05-07 16:12:42.040,2021-05-07 16:12:44.020,0.021,3,3,0.9998634,3.0917998e-13,2.2928528e-07,0.00013650072,0.9998634
512,250,walking,2021-05-07 16:12:43.040,2021-05-07 16:12:45.020,0.021,3,3,0.99989456,6.131672e-13,3.1312118e-07,0.00010504088,0.99989456
512,250,walking,2021-05-07 16:12:44.040,2021-05-07 16:12:46.020,0.021,3,3,0.9998183,1.3884214e-13,7.740251e-07,0.0001808399,0.9998183
512,250,walking,2021-05-07 16:12:45.040,2021-05-07 16:12:47.020,0.021,3,3,0.99991125,5.4764028e-14,1.849923e-07,8.851966e-05,0.99991125
512,250,walking,2021-05-07 16:12:46.040,2021-05-07 16:12:48.020,0.021,3,3,0.9998367,5.8721317e-13,6.905576e-07,0.00016269054,0.9998367
512,250,walking,2021-05-07 16:12:47.040,2021-05-07 16:12:49.020,0.021,3,3,0.9989614,3.4993419e-12,4.160358e-06,0.0010344881,0.9989614
512,250,walking,2021-05-07 16:12:48.040,2021-05-07 16:12:50.020,0.021,3,3,0.9982142,4.2286482e-12,3.6405847e-06,0.0017821082,0.9982142
512,250,walking,2021-05-07 16:12:49.040,2021-05-07 16:12:51.020,0.021,3,3,0.99998766,3.9188735e-14,1.3733381e-08,1.2278521e-05,0.99998766
512,250,walking,2021-05-07 16:12:50.040,2021-05-07 16:12:52.020,0.021,3,3,0.9999822,1.1996336e-14,9.950831e-08,1.7713326e-05,0.9999822
512,250,walking,2021-05-07 16:12:51.040,2021-05-07 16:12:53.020,0.021,3,3,0.99990743,1.2828553e-13,2.95845e-07,9.223234e-05,0.99990743
512,250,walking,2021-05-07 16:12:52.040,2021-05-07 16:12:54.020,0.021,3,3,0.99964374,2.4789877e-12,1.7091653e-06,0.00035447863,0.99964374
512,250,walking,2021-05-07 16:12:53.040,2021-05-07 16:12:55.020,0.021,3,3,0.99915373,1.3672993e-12,3.2883e-06,0.00084296236,0.99915373
512,250,walking,2021-05-07 16:12:54.040,2021-05-07 16:12:56.020,0.021,3,3,0.9997628,6.730727e-13,3.275197e-07,0.00023688213,0.9997628
512,250,walking,2021-05-07 16:12:55.040,2021-05-07 16:12:57.020,0.021,3,3,0.99964374,1.483151e-12,6.43631e-07,0.00035551496,0.99964374
512,250,walking,2021-05-07 16:12:56.040,2021-05-07 16:12:58.020,0.021,3,3,0.9998007,5.800954e-13,1.5214534e-06,0.00019791561,0.9998007
512,250,walking,2021-05-07 16:12:57.040,2021-05-07 16:12:59.020,0.021,3,3,0.999664,2.644564e-13,6.739795e-07,0.0003353627,0.999664
512,250,walking,2021-05-07 16:12:58.040,2021-05-07 16:13:00.019,0.021,3,3,0.9991181,3.0789319e-12,3.0281324e-06,0.0008787888,0.9991181
512,250,walking,2021-05-07 16:12:59.040,2021-05-07 16:13:01.019,0.021,3,3,0.9999555,1.5831217e-13,4.2536618e-07,4.402051e-05,0.9999555
512,250,walking,2021-05-07 16:13:00.039,2021-05-07 16:13:02.019,0.021,3,3,0.99984527,6.9941546e-13,6.419521e-07,0.00015415075,0.99984527
512,250,walking,2021-05-07 16:13:01.039,2021-05-07 16:13:03.019,0.021,3,3,0.9986577,6.8744246e-12,4.747316e-06,0.0013375188,0.9986577
512,250,walking,2021-05-07 16:13:02.039,2021-05-07 16:13:04.019,0.021,3,3,0.99976444,3.8647622e-13,7.9141887e-07,0.00023482357,0.99976444
512,250,walking,2021-05-07 16:13:03.039,2021-05-07 16:13:05.019,0.021,3,3,0.99864364,2.0994647e-12,2.602042e-06,0.001353648,0.99864364
512,250,walking,2021-05-07 16:13:04.039,2021-05-07 16:13:06.019,0.021,3,3,0.99945635,1.5864966e-12,1.3555295e-06,0.00054232636,0.99945635
512,250,walking,2021-05-07 16:13:05.039,2021-05-07 16:13:07.019,0.021,3,3,0.99997646,1.377001e-14,6.032342e-08,2.3402987e-05,0.99997646
512,250,walking,2021-05-07 16:13:06.039,2021-05-07 16:13:08.020,0.021,3,3,0.9998114,3.3892057e-13,5.196959e-07,0.00018808835,0.9998114
512,253,standing,2021-05-07 16:13:09.680,2021-05-07 16:13:11.659,0.021,2,2,0.9946593,1.7267128e-08,0.00019172157,0.9946593,0.0051489524
512,255,standing,2021-05-07 16:13:13.319,2021-05-07 16:13:15.300,0.021,2,2,0.98370713,6.1767684e-09,0.00013621805,0.98370713,0.016156543
512,255,standing,2021-05-07 16:13:14.319,2021-05-07 16:13:16.299,0.021,2,2,0.99852186,6.6683303e-09,5.2088668e-05,0.99852186,0.0014260261
512,255,standing,2021-05-07 16:13:15.319,2021-05-07 16:13:17.299,0.021,2,2,0.99824417,6.607183e-09,4.625222e-05,0.99824417,0.0017095094
512,256,walking,2021-05-07 16:13:17.559,2021-05-07 16:13:19.540,0.021,3,3,0.9990923,1.9457054e-11,2.8910517e-06,0.00090494595,0.9990923
512,256,walking,2021-05-07 16:13:18.559,2021-05-07 16:13:20.540,0.021,3,3,0.99946004,1.3890721e-11,6.6948596e-06,0.0005332385,0.99946004
512,256,walking,2021-05-07 16:13:19.559,2021-05-07 16:13:21.540,0.021,3,3,0.999597,2.964547e-12,2.1518504e-06,0.00040086353,0.999597
512,256,walking,2021-05-07 16:13:20.559,2021-05-07 16:13:22.540,0.021,3,3,0.99634576,1.1435566e-11,9.398589e-06,0.003644879,0.99634576
512,256,walking,2021-05-07 16:13:21.559,2021-05-07 16:13:23.540,0.021,3,3,0.98727846,3.8103607e-11,2.128962e-05,0.012700211,0.98727846
512,256,walking,2021-05-07 16:13:22.559,2021-05-07 16:13:24.540,0.021,3,3,0.9948641,1.4258249e-11,8.603941e-06,0.0051273936,0.9948641
512,256,walking,2021-05-07 16:13:23.559,2021-05-07 16:13:25.540,0.021,3,3,0.98574317,1.726134e-11,1.5806114e-05,0.014241012,0.98574317
512,256,walking,2021-05-07 16:13:24.559,2021-05-07 16:13:26.540,0.021,3,3,0.99914074,5.9472224e-13,1.3584411e-06,0.00085782754,0.99914074
512,256,walking,2021-05-07 16:13:25.559,2021-05-07 16:13:27.540,0.021,3,3,0.9994795,2.1896883e-13,2.0069976e-06,0.00051847583,0.9994795
512,256,walking,2021-05-07 16:13:26.559,2021-05-07 16:13:28.540,0.021,3,3,0.99941766,1.7742172e-12,1.1092557e-06,0.0005812511,0.99941766
512,256,walking,2021-05-07 16:13:27.559,2021-05-07 16:13:29.540,0.021,3,3,0.99972296,1.24763e-12,4.3055232e-07,0.00027650764,0.99972296
512,256,walking,2021-05-07 16:13:28.559,2021-05-07 16:13:30.540,0.021,3,3,0.9986638,6.2113214e-12,3.4678299e-06,0.0013327546,0.9986638
512,256,walking,2021-05-07 16:13:29.559,2021-05-07 16:13:31.540,0.021,3,3,0.9995549,2.448151e-12,1.3088899e-06,0.00044380975,0.9995549
512,256,walking,2021-05-07 16:13:30.559,2021-05-07 16:13:32.540,0.021,3,3,0.9999967,1.6610489e-14,1.8831686e-08,3.1606244e-06,0.9999967
512,256,walking,2021-05-07 16:13:31.559,2021-05-07 16:13:33.540,0.021,3,3,0.9998448,2.1383925e-12,8.2514606e-07,0.0001544201,0.9998448
512,256,walking,2021-05-07 16:13:32.560,2021-05-07 16:13:34.540,0.021,3,3,0.9987296,4.132044e-12,2.4145213e-06,0.0012680093,0.9987296
512,256,walking,2021-05-07 16:13:33.560,2021-05-07 16:13:35.540,0.021,3,3,0.99980116,3.471171e-13,7.5454324e-07,0.00019808659,0.99980116
512,256,walking,2021-05-07 16:13:34.560,2021-05-07 16:13:36.540,0.021,3,3,0.9988225,5.6135413e-12,5.701057e-06,0.0011718187,0.9988225
512,256,walking,2021-05-07 16:13:35.560,2021-05-07 16:13:37.540,0.021,3,3,0.99917483,1.4240054e-12,1.7983942e-06,0.0008234282,0.99917483
512,256,walking,2021-05-07 16:13:36.560,2021-05-07 16:13:38.540,0.021,3,3,0.99997276,5.2218467e-14,9.027389e-08,2.7128584e-05,0.99997276
512,256,walking,2021-05-07 16:13:37.560,2021-05-07 16:13:39.540,0.021,3,3,0.99971735,3.2381812e-12,1.1258016e-06,0.00028149592,0.99971735
512,256,walking,2021-05-07 16:13:38.560,2021-05-07 16:13:40.540,0.021,3,3,0.9993862,7.1476475e-12,1.3417246e-06,0.00061245076,0.9993862
512,256,walking,2021-05-07 16:13:39.560,2021-05-07 16:13:41.540,0.021,3,3,0.9999544,3.050275e-13,1.9280733e-07,4.5313427e-05,0.9999544
512,256,walking,2021-05-07 16:13:40.560,2021-05-07 16:13:42.540,0.021,3,3,0.9997659,8.014655e-13,8.469258e-07,0.0002332635,0.9997659
512,256,walking,2021-05-07 16:13:41.560,2021-05-07 16:13:43.540,0.021,3,3,0.9993089,5.838955e-12,3.1757995e-06,0.0006880398,0.9993089
512,256,walking,2021-05-07 16:13:42.560,2021-05-07 16:13:44.540,0.021,3,3,0.99946266,2.2231592e-12,3.925467e-06,0.0005333831,0.99946266
512,256,walking,2021-05-07 16:13:43.560,2021-05-07 16:13:45.540,0.021,3,3,0.99991506,4.3866974e-13,2.5751916e-07,8.466049e-05,0.99991506
512,256,walking,2021-05-07 16:13:44.560,2021-05-07 16:13:46.540,0.021,3,3,0.9999518,3.9012915e-13,9.6092755e-08,4.8047026e-05,0.9999518
512,256,walking,2021-05-07 16:13:45.560,2021-05-07 16:13:47.540,0.021,3,3,0.99985504,2.4676318e-12,7.8570343e-07,0.00014420722,0.99985504
512,256,walking,2021-05-07 16:13:46.560,2021-05-07 16:13:48.540,0.021,3,3,0.99978757,1.0746833e-12,7.647913e-07,0.00021177898,0.99978757
512,256,walking,2021-05-07 16:13:47.560,2021-05-07 16:13:49.540,0.021,3,3,0.9999381,7.1624575e-13,1.7500328e-07,6.1714e-05,0.9999381
512,256,walking,2021-05-07 16:13:48.560,2021-05-07 16:13:50.540,0.021,3,3,0.9994155,1.4480274e-11,1.8001713e-06,0.0005826835,0.9994155
512,256,walking,2021-05-07 16:13:49.560,2021-05-07 16:13:51.540,0.021,3,3,0.9995284,3.2205091e-12,6.150866e-07,0.0004710448,0.9995284
512,256,walking,2021-05-07 16:13:50.560,2021-05-07 16:13:52.540,0.021,3,3,0.99998075,8.676234e-14,4.7203873e-08,1.913541e-05,0.99998075
512,256,walking,2021-05-07 16:13:51.560,2021-05-07 16:13:53.540,0.021,3,3,0.9998886,1.2585524e-12,6.2265156e-07,0.000110701745,0.9998886
512,256,walking,2021-05-07 16:13:52.560,2021-05-07 16:13:54.540,0.021,3,3,0.999769,2.7540584e-13,6.3007866e-07,0.00023050177,0.999769
512,256,walking,2021-05-07 16:13:53.560,2021-05-07 16:13:55.540,0.021,3,3,0.9998959,9.049548e-13,6.8951067e-07,0.00010331885,0.9998959
512,256,walking,2021-05-07 16:13:54.560,2021-05-07 16:13:56.540,0.021,3,3,0.99986863,6.505609e-13,1.1402218e-06,0.00013023407,0.99986863
512,256,walking,2021-05-07 16:13:55.560,2021-05-07 16:13:57.540,0.021,3,3,0.9997276,4.9512933e-13,6.03767e-07,0.0002716668,0.9997276
512,256,walking,2021-05-07 16:13:56.560,2021-05-07 16:13:58.540,0.021,3,3,0.99988693,1.3721759e-12,4.3966892e-07,0.000112529495,0.99988693
512,256,walking,2021-05-07 16:13:57.560,2021-05-07 16:13:59.540,0.021,3,3,0.999973,1.4737587e-13,3.0343892e-07,2.6633425e-05,0.999973
512,256,walking,2021-05-07 16:13:58.560,2021-05-07 16:14:00.539,0.021,3,3,0.99983454,2.515874e-13,5.021589e-07,0.00016501706,0.99983454
512,256,walking,2021-05-07 16:13:59.560,2021-05-07 16:14:01.539,0.021,3,3,0.99860054,7.2534617e-12,5.2456417e-06,0.001394215,0.99860054
512,256,walking,2021-05-07 16:14:00.559,2021-05-07 16:14:02.539,0.021,3,3,0.999971,6.038841e-14,3.3185995e-07,2.859459e-05,0.999971
512,256,walking,2021-05-07 16:14:01.559,2021-05-07 16:14:03.539,0.021,3,3,0.99994606,2.5399406e-13,4.1310636e-07,5.345846e-05,0.99994606
512,257,standing,2021-05-07 16:14:03.920,2021-05-07 16:14:05.900,0.021,2,2,0.9258673,1.2405685e-09,0.0005853464,0.9258673,0.07354738
512,257,standing,2021-05-07 16:14:04.920,2021-05-07 16:14:06.900,0.021,2,2,0.9980245,1.9055939e-10,0.00020269727,0.9980245,0.0017728186
512,258,walking,2021-05-07 16:14:07.720,2021-05-07 16:14:09.699,0.021,3,3,0.9955082,7.307413e-11,1.1079592e-05,0.0044807373,0.9955082
512,258,walking,2021-05-07 16:14:08.720,2021-05-07 16:14:10.699,0.021,3,3,0.9933116,8.0984774e-11,1.9636578e-05,0.0066687083,0.9933116
512,258,walking,2021-05-07 16:14:09.720,2021-05-07 16:14:11.699,0.021,3,3,0.99756074,2.7179533e-11,6.6191624e-06,0.002432598,0.99756074
512,258,walking,2021-05-07 16:14:10.720,2021-05-07 16:14:12.699,0.021,3,3,0.99993736,1.0945704e-13,1.6636005e-07,6.2367864e-05,0.99993736
512,258,walking,2021-05-07 16:14:11.720,2021-05-07 16:14:13.699,0.021,3,3,0.99966925,1.0393028e-12,1.2588418e-06,0.0003294103,0.99966925
512,258,walking,2021-05-07 16:14:12.720,2021-05-07 16:14:14.699,0.021,3,3,0.9997225,5.184531e-13,5.347399e-07,0.0002769094,0.9997225
512,258,walking,2021-05-07 16:14:13.720,2021-05-07 16:14:15.699,0.021,3,3,0.999911,1.0394153e-12,3.6721013e-07,8.860418e-05,0.999911
512,258,walking,2021-05-07 16:14:14.720,2021-05-07 16:14:16.700,0.021,3,3,0.9998753,2.01782e-12,1.7777116e-06,0.00012295497,0.9998753
512,258,walking,2021-05-07 16:14:15.720,2021-05-07 16:14:17.700,0.021,3,3,0.99983263,7.123665e-13,6.3743937e-07,0.00016681374,0.99983263
512,258,walking,2021-05-07 16:14:16.719,2021-05-07 16:14:18.700,0.021,3,3,0.99995106,1.165887e-13,1.4655208e-07,4.8673846e-05,0.99995106
512,258,walking,2021-05-07 16:14:17.719,2021-05-07 16:14:19.700,0.021,3,3,0.99983525,1.8956919e-13,1.1501833e-06,0.00016359457,0.99983525
512,258,walking,2021-05-07 16:14:18.719,2021-05-07 16:14:20.700,0.021,3,3,0.99724084,5.769508e-12,5.1219786e-06,0.002753981,0.99724084
512,258,walking,2021-05-07 16:14:19.719,2021-05-07 16:14:21.700,0.021,3,3,0.9998739,4.1058292e-13,2.945171e-07,0.00012588127,0.9998739
512,258,walking,2021-05-07 16:14:20.719,2021-05-07 16:14:22.700,0.021,3,3,0.99996203,1.1622828e-13,2.581736e-07,3.7656147e-05,0.99996203
512,258,walking,2021-05-07 16:14:21.719,2021-05-07 16:14:23.700,0.021,3,3,0.9999873,2.2106286e-14,2.872021e-08,1.2619395e-05,0.9999873
512,258,walking,2021-05-07 16:14:22.719,2021-05-07 16:14:24.700,0.021,3,3,0.99996966,8.858674e-14,3.8828123e-08,3.0295418e-05,0.99996966
512,258,walking,2021-05-07 16:14:23.719,2021-05-07 16:14:25.700,0.021,3,3,0.9999772,1.0993846e-13,1.0894621e-07,2.2618811e-05,0.9999772
512,258,walking,2021-05-07 16:14:24.719,2021-05-07 16:14:26.700,0.021,3,3,0.9998648,1.0116023e-12,4.1905392e-07,0.00013471828,0.9998648
512,258,walking,2021-05-07 16:14:25.719,2021-05-07 16:14:27.700,0.021,3,3,0.99918467,1.29269356e-11,3.052173e-06,0.00081223104,0.99918467
512,258,walking,2021-05-07 16:14:26.719,2021-05-07 16:14:28.700,0.021,3,3,0.99975395,7.868693e-13,1.2796231e-06,0.0002447521,0.99975395
512,258,walking,2021-05-07 16:14:27.719,2021-05-07 16:14:29.700,0.021,3,3,0.9999003,2.0388457e-13,2.0789852e-07,9.94803e-05,0.9999003
512,258,walking,2021-05-07 16:14:28.719,2021-05-07 16:14:30.700,0.021,3,3,0.99994034,3.5003914e-13,1.7825428e-07,5.9448703e-05,0.99994034
512,258,walking,2021-05-07 16:14:29.719,2021-05-07 16:14:31.700,0.021,3,3,0.9999947,1.26387124e-14,2.2978549e-08,5.1722213e-06,0.9999947
512,258,walking,2021-05-07 16:14:30.719,2021-05-07 16:14:32.700,0.021,3,3,0.9998691,6.0255506e-13,4.6722744e-07,0.00013051674,0.9998691
512,258,walking,2021-05-07 16:14:31.719,2021-05-07 16:14:33.700,0.021,3,3,0.9996759,8.163773e-12,9.919653e-07,0.0003230759,0.9996759
512,258,walking,2021-05-07 16:14:32.720,2021-05-07 16:14:34.700,0.021,3,3,0.9999904,8.8436806e-14,4.2576392e-08,9.4720845e-06,0.9999904
512,258,walking,2021-05-07 16:14:33.720,2021-05-07 16:14:35.700,0.021,3,3,0.9998935,1.2329688e-12,3.3229503e-07,0.00010612348,0.9998935
512,258,walking,2021-05-07 16:14:34.720,2021-05-07 16:14:36.700,0.021,3,3,0.9998374,5.287539e-12,3.3938198e-07,0.00016235201,0.9998374
512,258,walking,2021-05-07 16:14:35.720,2021-05-07 16:14:37.700,0.021,3,3,0.99999744,2.6010452e-14,8.468191e-09,2.4984047e-06,0.99999744
512,258,walking,2021-05-07 16:14:36.720,2021-05-07 16:14:38.700,0.021,3,3,0.99991554,2.1515543e-12,2.67373e-07,8.4160776e-05,0.99991554
512,258,walking,2021-05-07 16:14:37.720,2021-05-07 16:14:39.700,0.021,3,3,0.9997773,2.8240064e-12,4.2842248e-07,0.00022236475,0.9997773
512,258,walking,2021-05-07 16:14:38.720,2021-05-07 16:14:40.700,0.021,3,3,0.9999772,7.811402e-14,1.0536433e-07,2.268775e-05,0.9999772
512,258,walking,2021-05-07 16:14:39.720,2021-05-07 16:14:41.700,0.021,3,3,0.999929,7.093383e-13,6.42646e-07,7.034077e-05,0.999929
512,258,walking,2021-05-07 16:14:40.720,2021-05-07 16:14:42.700,0.021,3,3,0.99997085,5.812197e-13,1.3857563e-07,2.8975775e-05,0.99997085
512,258,walking,2021-05-07 16:14:41.720,2021-05-07 16:14:43.700,0.021,3,3,0.99999493,6.193326e-14,3.057472e-08,4.9823952e-06,0.99999493
512,258,walking,2021-05-07 16:14:42.720,2021-05-07 16:14:44.700,0.021,3,3,0.9998038,3.8212003e-12,1.7178996e-06,0.00019452567,0.9998038
512,258,walking,2021-05-07 16:14:43.720,2021-05-07 16:14:45.700,0.021,3,3,0.999922,5.2526196e-13,2.8037417e-07,7.7700555e-05,0.999922
512,258,walking,2021-05-07 16:14:44.720,2021-05-07 16:14:46.700,0.021,3,3,0.9999983,1.2921904e-14,1.835535e-08,1.6011243e-06,0.9999983
512,258,walking,2021-05-07 16:14:45.720,2021-05-07 16:14:47.700,0.021,3,3,0.99996847,6.058812e-13,3.9584774e-07,3.1017542e-05,0.99996847
512,258,walking,2021-05-07 16:14:46.720,2021-05-07 16:14:48.700,0.021,3,3,0.99995786,9.35027e-14,1.14050785e-07,4.1967047e-05,0.99995786
512,258,walking,2021-05-07 16:14:47.720,2021-05-07 16:14:49.700,0.021,3,3,0.9999872,1.48987e-13,8.146014e-08,1.267687e-05,0.9999872
512,258,walking,2021-05-07 16:14:48.720,2021-05-07 16:14:50.700,0.021,3,3,0.99976087,2.1233627e-12,2.726897e-06,0.0002364533,0.99976087
512,258,walking,2021-05-07 16:14:49.720,2021-05-07 16:14:51.700,0.021,3,3,0.9997976,1.2230511e-12,9.475094e-07,0.00020141607,0.9997976
512,258,walking,2021-05-07 16:14:50.720,2021-05-07 16:14:52.700,0.021,3,3,0.9999799,1.2188879e-13,7.005142e-08,1.9909052e-05,0.9999799
512,258,walking,2021-05-07 16:14:51.720,2021-05-07 16:14:53.700,0.021,3,3,0.9999203,2.533305e-13,7.124651e-07,7.887113e-05,0.9999203
512,258,walking,2021-05-07 16:14:52.720,2021-05-07 16:14:54.700,0.021,3,3,0.9999128,2.1605206e-13,5.8141956e-07,8.657658e-05,0.9999128
512,258,walking,2021-05-07 16:14:53.720,2021-05-07 16:14:55.700,0.021,3,3,0.9999407,3.3599892e-13,4.7215875e-07,5.8734946e-05,0.9999407
512,258,walking,2021-05-07 16:14:54.720,2021-05-07 16:14:56.700,0.021,3,3,0.99961704,3.9170962e-12,4.44446e-06,0.0003785287,0.99961704
512,258,walking,2021-05-07 16:14:55.720,2021-05-07 16:14:57.700,0.021,3,3,0.999942,2.3652311e-14,1.3417764e-07,5.7845602e-05,0.999942
512,258,walking,2021-05-07 16:14:56.720,2021-05-07 16:14:58.700,0.021,3,3,0.999989,4.019845e-15,2.1960942e-08,1.0978284e-05,0.999989
512,258,walking,2021-05-07 16:14:57.720,2021-05-07 16:14:59.700,0.021,3,3,0.9999781,1.6448353e-14,2.2355613e-07,2.155706e-05,0.9999781
512,258,walking,2021-05-07 16:14:58.720,2021-05-07 16:15:00.700,0.021,3,3,0.9993345,3.0228156e-13,1.7294075e-06,0.00066370185,0.9993345
512,258,walking,2021-05-07 16:14:59.720,2021-05-07 16:15:01.700,0.021,3,3,0.9954833,4.355644e-12,8.927339e-06,0.004507779,0.9954833
512,258,walking,2021-05-07 16:15:00.720,2021-05-07 16:15:02.700,0.021,3,3,0.9977978,3.2506216e-12,1.1577056e-05,0.0021906272,0.9977978
512,258,walking,2021-05-07 16:15:01.720,2021-05-07 16:15:03.700,0.021,3,3,0.99745524,2.5236848e-12,1.0121193e-05,0.0025345986,0.99745524
512,258,walking,2021-05-07 16:15:02.720,2021-05-07 16:15:04.699,0.021,3,3,0.99806875,3.4996043e-12,8.990073e-06,0.0019223266,0.99806875
512,258,walking,2021-05-07 16:15:03.720,2021-05-07 16:15:05.699,0.021,3,3,0.99994904,3.9695003e-14,4.4151398e-07,5.0499966e-05,0.99994904
512,258,walking,2021-05-07 16:15:04.720,2021-05-07 16:15:06.699,0.021,3,3,0.9986683,1.3813448e-12,4.0946484e-06,0.0013275648,0.9986683
512,258,walking,2021-05-07 16:15:05.720,2021-05-07 16:15:07.699,0.021,3,3,0.9988805,5.0517893e-12,4.5863912e-06,0.0011148966,0.9988805
512,258,walking,2021-05-07 16:15:06.720,2021-05-07 16:15:08.699,0.021,3,3,0.99990934,1.3179773e-13,5.4050633e-07,9.009441e-05,0.99990934
512,258,walking,2021-05-07 16:15:07.720,2021-05-07 16:15:09.699,0.021,3,3,0.9909863,7.3715105e-12,1.541924e-05,0.008998276,0.9909863
512,258,walking,2021-05-07 16:15:08.720,2021-05-07 16:15:10.699,0.021,3,3,0.9992735,9.633682e-13,1.7224695e-06,0.00072478515,0.9992735
512,258,walking,2021-05-07 16:15:09.720,2021-05-07 16:15:11.699,0.021,3,3,0.9999903,6.695819e-15,3.5901433e-08,9.567318e-06,0.9999903
512,258,walking,2021-05-07 16:15:10.720,2021-05-07 16:15:12.699,0.021,3,3,0.9998183,2.5605798e-13,4.939457e-07,0.00018122006,0.9998183
512,258,walking,2021-05-07 16:15:11.720,2021-05-07 16:15:13.699,0.021,3,3,0.99952626,7.5582845e-13,1.4392944e-06,0.00047228122,0.99952626
512,258,walking,2021-05-07 16:15:12.720,2021-05-07 16:15:14.699,0.021,3,3,0.99995,6.033626e-14,3.1747334e-07,4.9667087e-05,0.99995
512,258,walking,2021-05-07 16:15:13.720,2021-05-07 16:15:15.699,0.021,3,3,0.99733156,7.1034637e-12,1.0351392e-05,0.0026579888,0.99733156
512,258,walking,2021-05-07 16:15:14.720,2021-05-07 16:15:16.700,0.021,3,3,0.99520415,2.545684e-12,5.5953037e-06,0.0047902046,0.99520415
512,258,walking,2021-05-07 16:15:15.720,2021-05-07 16:15:17.700,0.021,3,3,0.9978193,1.0320844e-12,2.7647134e-06,0.0021779719,0.9978193
512,258,walking,2021-05-07 16:15:16.719,2021-05-07 16:15:18.700,0.021,3,3,0.99972785,3.726166e-13,1.7063497e-06,0.00027042069,0.99972785
512,258,walking,2021-05-07 16:15:17.719,2021-05-07 16:15:19.700,0.021,3,3,0.9986751,4.303736e-12,6.8055706e-06,0.0013181524,0.9986751
512,258,walking,2021-05-07 16:15:18.719,2021-05-07 16:15:20.700,0.021,3,3,0.9985571,2.0979178e-12,3.0854906e-06,0.0014397305,0.9985571
512,258,walking,2021-05-07 16:15:19.719,2021-05-07 16:15:21.700,0.021,3,3,0.9999513,3.437205e-14,1.6893644e-07,4.845063e-05,0.9999513
512,258,walking,2021-05-07 16:15:20.719,2021-05-07 16:15:22.700,0.021,3,3,0.99821156,7.134183e-12,7.7371815e-06,0.0017807377,0.99821156
512,258,walking,2021-05-07 16:15:21.719,2021-05-07 16:15:23.700,0.021,3,3,0.9995,6.4962554e-13,1.179019e-06,0.0004988419,0.9995
512,258,walking,2021-05-07 16:15:22.719,2021-05-07 16:15:24.700,0.021,3,3,0.99998325,4.349566e-15,4.024501e-08,1.662018e-05,0.99998325
512,258,walking,2021-05-07 16:15:23.719,2021-05-07 16:15:25.700,0.021,3,3,0.9987058,2.49542e-12,3.9299002e-06,0.0012903492,0.9987058
512,258,walking,2021-05-07 16:15:24.719,2021-05-07 16:15:26.700,0.021,3,3,0.999062,2.579745e-12,2.2096226e-06,0.00093580724,0.999062
512,258,walking,2021-05-07 16:15:25.719,2021-05-07 16:15:27.700,0.021,3,3,0.9997642,5.6293327e-13,8.561733e-07,0.0002349429,0.9997642
512,258,walking,2021-05-07 16:15:26.719,2021-05-07 16:15:28.700,0.021,3,3,0.9977869,1.1322572e-11,1.1995871e-05,0.0022011516,0.9977869
512,258,walking,2021-05-07 16:15:27.719,2021-05-07 16:15:29.700,0.021,3,3,0.9986689,5.0435567e-12,5.41374e-06,0.0013256741,0.9986689
512,258,walking,2021-05-07 16:15:28.719,2021-05-07 16:15:30.700,0.021,3,3,0.9999898,2.7958579e-14,6.4078876e-08,1.0117015e-05,0.9999898
512,258,walking,2021-05-07 16:15:29.719,2021-05-07 16:15:31.700,0.021,3,3,0.99995047,4.725637e-13,2.9482152e-07,4.9193775e-05,0.99995047
512,263,standing,2021-05-07 16:15:35.279,2021-05-07 16:15:37.259,0.021,2,2,0.9979456,5.9533836e-08,3.595929e-05,0.9979456,0.002018309
512,263,standing,2021-05-07 16:15:36.279,2021-05-07 16:15:38.259,0.021,2,2,0.9966621,1.4714131e-07,3.7055477e-05,0.9966621,0.00330068
512,263,standing,2021-05-07 16:15:37.279,2021-05-07 16:15:39.259,0.021,2,2,0.9970183,2.0556725e-07,3.2891247e-05,0.9970183,0.0029488027
512,263,standing,2021-05-07 16:15:38.279,2021-05-07 16:15:40.259,0.021,2,2,0.9979393,2.0475179e-07,2.8120236e-05,0.9979393,0.0020323498
512,263,standing,2021-05-07 16:15:39.279,2021-05-07 16:15:41.259,0.021,2,2,0.9980838,2.1195919e-07,2.6402735e-05,0.9980838,0.0018895656
512,263,standing,2021-05-07 16:15:40.279,2021-05-07 16:15:42.259,0.021,2,2,0.9979378,2.4860518e-07,2.517029e-05,0.9979378,0.002036827
512,263,standing,2021-05-07 16:15:41.279,2021-05-07 16:15:43.259,0.021,2,2,0.9950937,2.418347e-07,3.6618272e-05,0.9950937,0.0048694373
512,263,standing,2021-05-07 16:15:42.279,2021-05-07 16:15:44.259,0.021,2,2,0.99619764,1.6017484e-07,3.6376667e-05,0.99619764,0.0037657628
512,263,standing,2021-05-07 16:15:43.279,2021-05-07 16:15:45.259,0.021,2,2,0.998318,1.5617599e-07,2.688187e-05,0.998318,0.0016548969
512,263,standing,2021-05-07 16:15:44.279,2021-05-07 16:15:46.259,0.021,2,2,0.99843293,1.938371e-07,2.561167e-05,0.99843293,0.0015411626
512,263,standing,2021-05-07 16:15:45.279,2021-05-07 16:15:47.259,0.021,2,2,0.9984267,1.8966917e-07,2.4850719e-05,0.9984267,0.0015484004
512,263,standing,2021-05-07 16:15:46.279,2021-05-07 16:15:48.259,0.021,2,2,0.9982615,1.9319354e-07,2.542581e-05,0.9982615,0.001712744
512,263,standing,2021-05-07 16:15:47.279,2021-05-07 16:15:49.259,0.021,2,2,0.9981925,1.5987504e-07,2.6499101e-05,0.9981925,0.001780803
512,263,standing,2021-05-07 16:15:48.279,2021-05-07 16:15:50.259,0.021,2,2,0.99804854,1.05332155e-07,3.076703e-05,0.99804854,0.0019206769
512,263,standing,2021-05-07 16:15:49.279,2021-05-07 16:15:51.259,0.021,2,2,0.99813765,5.324732e-08,3.0629653e-05,0.99813765,0.0018317453
512,263,standing,2021-05-07 16:15:50.279,2021-05-07 16:15:52.259,0.021,2,2,0.9983227,1.849091e-08,3.3524302e-05,0.9983227,0.0016436618
512,263,standing,2021-05-07 16:15:51.279,2021-05-07 16:15:53.259,0.021,2,2,0.99796337,1.7392393e-08,3.763981e-05,0.99796337,0.001998898
512,263,standing,2021-05-07 16:15:52.279,2021-05-07 16:15:54.259,0.021,2,2,0.9973026,5.525443e-08,3.7052534e-05,0.9973026,0.00266036
512,263,standing,2021-05-07 16:15:53.279,2021-05-07 16:15:55.259,0.021,2,2,0.99564654,1.7149506e-07,3.5302688e-05,0.99564654,0.004317982
512,265,standing,2021-05-07 16:15:56.119,2021-05-07 16:15:58.099,0.021,2,2,0.9959251,3.4663225e-07,2.7918479e-05,0.9959251,0.0040465947
512,267,standing,2021-05-07 16:16:00.480,2021-05-07 16:16:02.460,0.021,2,2,0.99537164,2.0956179e-08,5.2105042e-05,0.99537164,0.0045762663
512,267,standing,2021-05-07 16:16:01.480,2021-05-07 16:16:03.460,0.021,2,2,0.9973233,1.6437527e-08,4.3516753e-05,0.9973233,0.002633227
512,267,standing,2021-05-07 16:16:02.480,2021-05-07 16:16:04.460,0.021,2,2,0.9971066,2.6716135e-08,4.118446e-05,0.9971066,0.0028520585
512,267,standing,2021-05-07 16:16:03.480,2021-05-07 16:16:05.460,0.021,2,2,0.9979776,1.2855729e-08,4.0321476e-05,0.9979776,0.0019821115
512,267,standing,2021-05-07 16:16:04.480,2021-05-07 16:16:06.460,0.021,2,2,0.997138,1.5123955e-08,4.410495e-05,0.997138,0.0028178403
512,267,standing,2021-05-07 16:16:05.480,2021-05-07 16:16:07.460,0.021,2,2,0.9963924,7.611653e-08,3.626945e-05,0.9963924,0.0035712395
512,267,standing,2021-05-07 16:16:06.480,2021-05-07 16:16:08.460,0.021,2,2,0.99793744,1.6955833e-07,2.7695365e-05,0.99793744,0.0020347247
512,267,standing,2021-05-07 16:16:07.480,2021-05-07 16:16:09.460,0.021,2,2,0.998356,1.974106e-07,2.5785164e-05,0.998356,0.0016181427
512,267,standing,2021-05-07 16:16:08.479,2021-05-07 16:16:10.460,0.021,2,2,0.99834335,1.7544568e-07,2.5250618e-05,0.99834335,0.0016311773
512,267,standing,2021-05-07 16:16:09.479,2021-05-07 16:16:11.460,0.021,2,2,0.9982651,1.7612727e-07,2.5659408e-05,0.9982651,0.0017091304
512,267,standing,2021-05-07 16:16:10.479,2021-05-07 16:16:12.460,0.021,2,2,0.9982508,1.9174088e-07,2.5536445e-05,0.9982508,0.001723466
512,267,standing,2021-05-07 16:16:11.479,2021-05-07 16:16:13.460,0.021,2,2,0.99811494,2.13364e-07,2.5223591e-05,0.99811494,0.001859613
512,269,standing,2021-05-07 16:16:16.079,2021-05-07 16:16:18.059,0.021,2,2,0.9922491,3.84426e-08,5.4977834e-05,0.9922491,0.0076958644
512,270,walking,2021-05-07 16:16:18.239,2021-05-07 16:16:20.219,0.021,3,3,0.99809825,2.5545446e-11,6.0360644e-06,0.0018957173,0.99809825
512,270,walking,2021-05-07 16:16:19.239,2021-05-07 16:16:21.219,0.021,3,3,0.99850416,2.7659708e-11,9.050267e-06,0.0014868547,0.99850416
512,270,walking,2021-05-07 16:16:20.239,2021-05-07 16:16:22.219,0.021,3,3,0.99838096,9.3930835e-12,4.760647e-06,0.0016143013,0.99838096
512,270,walking,2021-05-07 16:16:21.239,2021-05-07 16:16:23.219,0.021,3,3,0.9997926,4.3229057e-13,9.546184e-07,0.00020657963,0.9997926
512,270,walking,2021-05-07 16:16:22.239,2021-05-07 16:16:24.219,0.021,3,3,0.99973226,1.5836629e-12,1.242369e-06,0.00026642848,0.99973226
512,270,walking,2021-05-07 16:16:23.239,2021-05-07 16:16:25.219,0.021,3,3,0.99973905,1.3684552e-12,7.7442445e-07,0.0002600704,0.99973905
512,271,standing,2021-05-07 16:16:25.680,2021-05-07 16:16:27.659,0.021,2,2,0.9980377,4.447313e-08,5.1815197e-05,0.9980377,0.0019104123
512,272,walking,2021-05-07 16:16:28.639,2021-05-07 16:16:30.619,0.021,3,3,0.9902789,2.6360905e-10,7.257357e-05,0.009648533,0.9902789
512,272,walking,2021-05-07 16:16:29.639,2021-05-07 16:16:31.619,0.021,3,3,0.9999531,1.1379175e-13,2.7053176e-07,4.6566394e-05,0.9999531
512,272,walking,2021-05-07 16:16:30.639,2021-05-07 16:16:32.619,0.021,3,3,0.9999991,1.08362755e-14,7.235396e-09,8.239907e-07,0.9999991
512,272,walking,2021-05-07 16:16:31.639,2021-05-07 16:16:33.619,0.021,3,3,0.99996775,2.9172622e-13,2.8830723e-07,3.1859883e-05,0.99996775
512,272,walking,2021-05-07 16:16:32.639,2021-05-07 16:16:34.619,0.021,3,3,0.99996454,6.9737246e-14,9.1146354e-08,3.5349334e-05,0.99996454
512,272,walking,2021-05-07 16:16:33.639,2021-05-07 16:16:35.619,0.021,3,3,0.99999076,5.346224e-14,6.205096e-08,9.12325e-06,0.99999076
512,272,walking,2021-05-07 16:16:34.639,2021-05-07 16:16:36.619,0.021,3,3,0.99973285,2.4638362e-12,2.3859996e-06,0.00026467213,0.99973285
512,272,walking,2021-05-07 16:16:35.639,2021-05-07 16:16:37.619,0.021,3,3,0.9998076,1.1093718e-12,8.0320007e-07,0.00019155093,0.9998076
512,272,walking,2021-05-07 16:16:36.639,2021-05-07 16:16:38.619,0.021,3,3,0.99992627,1.9256612e-13,3.4236825e-07,7.338108e-05,0.99992627
512,272,walking,2021-05-07 16:16:37.639,2021-05-07 16:16:39.619,0.021,3,3,0.99797285,6.058441e-12,7.225912e-06,0.0020200307,0.99797285
512,272,walking,2021-05-07 16:16:38.639,2021-05-07 16:16:40.619,0.021,3,3,0.99979615,4.2834836e-13,5.319212e-07,0.00020322291,0.99979615
512,272,walking,2021-05-07 16:16:39.639,2021-05-07 16:16:41.619,0.021,3,3,0.9999816,1.0793098e-14,7.439984e-08,1.8310158e-05,0.9999816
512,272,walking,2021-05-07 16:16:40.639,2021-05-07 16:16:42.619,0.021,3,3,0.99926054,3.5989753e-12,5.4313905e-06,0.00073397794,0.99926054
512,272,walking,2021-05-07 16:16:41.639,2021-05-07 16:16:43.619,0.021,3,3,0.9997988,2.5021885e-13,8.2370616e-07,0.00020040196,0.9997988
512,272,walking,2021-05-07 16:16:42.639,2021-05-07 16:16:44.619,0.021,3,3,0.9981755,5.143345e-12,5.1901857e-06,0.00181937,0.9981755
512,272,walking,2021-05-07 16:16:43.639,2021-05-07 16:16:45.619,0.021,3,3,0.9986372,1.0131513e-11,1.3914103e-05,0.0013488559,0.9986372
512,272,walking,2021-05-07 16:16:44.639,2021-05-07 16:16:46.619,0.021,3,3,0.99997324,7.849176e-13,1.3810833e-06,2.5307983e-05,0.99997324
512,272,walking,2021-05-07 16:16:45.639,2021-05-07 16:16:47.619,0.021,3,3,0.9999005,2.684023e-13,9.93979e-07,9.837453e-05,0.9999005
512,272,walking,2021-05-07 16:16:46.639,2021-05-07 16:16:48.619,0.021,3,3,0.99903715,1.5296294e-12,2.6827997e-06,0.00096018525,0.99903715
512,272,walking,2021-05-07 16:16:47.639,2021-05-07 16:16:49.619,0.021,3,3,0.99988407,1.5166433e-13,7.103233e-07,0.00011509681,0.99988407
512,272,walking,2021-05-07 16:16:48.639,2021-05-07 16:16:50.619,0.021,3,3,0.9995166,8.737629e-13,2.1381907e-06,0.0004812102,0.9995166
512,272,walking,2021-05-07 16:16:49.639,2021-05-07 16:16:51.619,0.021,3,3,0.99958724,5.818218e-13,1.1772466e-06,0.00041159955,0.99958724
512,272,walking,2021-05-07 16:16:50.639,2021-05-07 16:16:52.619,0.021,3,3,0.999271,3.8642548e-13,2.486982e-06,0.00072650093,0.999271
512,272,walking,2021-05-07 16:16:51.639,2021-05-07 16:16:53.619,0.021,3,3,0.99984336,2.873052e-13,1.1596935e-06,0.0001554905,0.99984336
512,272,walking,2021-05-07 16:16:52.639,2021-05-07 16:16:54.619,0.021,3,3,0.99996346,4.352812e-13,2.100341e-07,3.621641e-05,0.99996346
512,272,walking,2021-05-07 16:16:53.639,2021-05-07 16:16:55.619,0.021,3,3,0.99992675,8.523229e-14,3.597258e-07,7.283917e-05,0.99992675
512,272,walking,2021-05-07 16:16:54.639,2021-05-07 16:16:56.619,0.021,3,3,0.999845,4.7265637e-13,1.3265399e-06,0.00015362444,0.999845
512,272,walking,2021-05-07 16:16:55.639,2021-05-07 16:16:57.619,0.021,3,3,0.9998986,5.7788155e-13,3.6645275e-07,0.00010097948,0.9998986
512,272,walking,2021-05-07 16:16:56.639,2021-05-07 16:16:58.619,0.021,3,3,0.9999717,3.1328876e-14,4.9674433e-08,2.8182074e-05,0.9999717
512,272,walking,2021-05-07 16:16:57.639,2021-05-07 16:16:59.619,0.021,3,3,0.99964947,2.022384e-12,1.1945094e-06,0.00034928296,0.99964947
512,272,walking,2021-05-07 16:16:58.639,2021-05-07 16:17:00.619,0.021,3,3,0.9997287,1.1904696e-12,6.896209e-07,0.00027051376,0.9997287
512,272,walking,2021-05-07 16:16:59.639,2021-05-07 16:17:01.619,0.021,3,3,0.99986815,1.545049e-13,3.3428617e-07,0.00013163991,0.99986815
512,272,walking,2021-05-07 16:17:00.640,2021-05-07 16:17:02.619,0.021,3,3,0.999015,2.7432676e-12,2.521545e-06,0.0009825244,0.999015
512,272,walking,2021-05-07 16:17:01.640,2021-05-07 16:17:03.619,0.021,3,3,0.99899685,3.126579e-12,1.7230079e-06,0.0010014306,0.99899685
512,272,walking,2021-05-07 16:17:02.640,2021-05-07 16:17:04.619,0.021,3,3,0.9999129,1.8947112e-13,2.767009e-07,8.671509e-05,0.9999129
512,272,walking,2021-05-07 16:17:03.640,2021-05-07 16:17:05.619,0.021,3,3,0.99815583,5.0845647e-12,3.968025e-06,0.0018401586,0.99815583
512,272,walking,2021-05-07 16:17:04.640,2021-05-07 16:17:06.619,0.021,3,3,0.99870986,3.9838007e-12,2.3008768e-06,0.0012877659,0.99870986
512,272,walking,2021-05-07 16:17:05.640,2021-05-07 16:17:07.619,0.021,3,3,0.99987245,1.0335094e-13,6.3806084e-07,0.00012694596,0.99987245
512,272,walking,2021-05-07 16:17:06.640,2021-05-07 16:17:08.619,0.021,3,3,0.99817157,7.566566e-12,5.9463387e-06,0.0018224783,0.99817157
512,272,walking,2021-05-07 16:17:07.640,2021-05-07 16:17:09.619,0.021,3,3,0.9991636,2.656195e-12,1.8309639e-06,0.0008346139,0.9991636
512,272,walking,2021-05-07 16:17:08.640,2021-05-07 16:17:10.619,0.021,3,3,0.9999011,1.5685726e-13,2.7821326e-07,9.849812e-05,0.9999011
512,272,walking,2021-05-07 16:17:09.640,2021-05-07 16:17:11.619,0.021,3,3,0.9959722,8.573888e-12,7.417543e-06,0.0040204013,0.9959722
512,272,walking,2021-05-07 16:17:10.640,2021-05-07 16:17:12.619,0.021,3,3,0.9455952,1.2974583e-10,5.8296664e-05,0.054346554,0.9455952
512,272,walking,2021-05-07 16:17:11.640,2021-05-07 16:17:13.619,0.021,3,3,0.9975631,1.917904e-12,3.5791109e-06,0.002433278,0.9975631
512,272,walking,2021-05-07 16:17:12.640,2021-05-07 16:17:14.619,0.021,3,3,0.98868495,1.7185727e-11,1.7019156e-05,0.011297987,0.98868495
512,272,walking,2021-05-07 16:17:13.640,2021-05-07 16:17:15.619,0.021,3,3,0.9928186,1.2591959e-11,1.1725441e-05,0.0071697617,0.9928186
512,272,walking,2021-05-07 16:17:14.640,2021-05-07 16:17:16.619,0.021,3,3,0.99890065,7.3872787e-13,3.1528214e-06,0.0010961452,0.99890065
512,272,walking,2021-05-07 16:17:15.640,2021-05-07 16:17:17.619,0.021,3,3,0.9864824,2.6253518e-11,2.2463048e-05,0.013495154,0.9864824
512,272,walking,2021-05-07 16:17:16.639,2021-05-07 16:17:18.619,0.021,3,3,0.99646586,1.4285101e-11,9.626274e-06,0.0035245013,0.99646586
512,272,walking,2021-05-07 16:17:17.639,2021-05-07 16:17:19.619,0.021,3,3,0.99771017,6.7850153e-12,8.336263e-06,0.0022815333,0.99771017
512,272,walking,2021-05-07 16:17:18.639,2021-05-07 16:17:20.619,0.021,3,3,0.99778223,7.469282e-12,5.1147204e-06,0.0022126012,0.99778223
512,272,walking,2021-05-07 16:17:19.639,2021-05-07 16:17:21.619,0.021,3,3,0.9971059,1.2014211e-11,5.8827304e-06,0.002888156,0.9971059
512,272,walking,2021-05-07 16:17:20.639,2021-05-07 16:17:22.619,0.021,3,3,0.9976434,2.6238574e-11,8.619054e-06,0.0023479057,0.9976434
512,272,walking,2021-05-07 16:17:21.639,2021-05-07 16:17:23.619,0.021,3,3,0.9998157,2.5602036e-12,3.8496688e-07,0.00018390265,0.9998157
512,272,walking,2021-05-07 16:17:22.639,2021-05-07 16:17:24.619,0.021,3,3,0.9997885,3.418514e-12,7.0936863e-07,0.00021069798,0.9997885
512,272,walking,2021-05-07 16:17:23.639,2021-05-07 16:17:25.619,0.021,3,3,0.9964867,4.6253456e-11,1.3475489e-05,0.0034997023,0.9964867
512,272,walking,2021-05-07 16:17:24.639,2021-05-07 16:17:26.619,0.021,3,3,0.99795955,2.7937163e-11,6.2447875e-06,0.002034083,0.99795955
512,272,walking,2021-05-07 16:17:25.639,2021-05-07 16:17:27.619,0.021,3,3,0.99857247,5.044169e-11,4.377507e-06,0.0014230933,0.99857247
512,272,walking,2021-05-07 16:17:26.639,2021-05-07 16:17:28.619,0.021,3,3,0.9986145,1.8978409e-11,3.7280577e-06,0.0013818656,0.9986145
512,272,walking,2021-05-07 16:17:27.639,2021-05-07 16:17:29.619,0.021,3,3,0.9999688,1.200246e-12,1.0800124e-07,3.0986033e-05,0.9999688
512,272,walking,2021-05-07 16:17:28.639,2021-05-07 16:17:30.619,0.021,3,3,0.9997077,4.391532e-12,1.3403834e-06,0.0002909139,0.9997077
512,272,walking,2021-05-07 16:17:29.639,2021-05-07 16:17:31.619,0.021,3,3,0.99964255,1.8840496e-12,7.0857755e-07,0.00035663563,0.99964255
512,272,walking,2021-05-07 16:17:30.639,2021-05-07 16:17:32.619,0.021,3,3,0.9998898,1.3365307e-12,6.4991565e-07,0.00010948053,0.9998898
512,272,walking,2021-05-07 16:17:31.639,2021-05-07 16:17:33.619,0.021,3,3,0.99823034,4.786085e-11,1.450944e-05,0.0017551704,0.99823034
512,272,walking,2021-05-07 16:17:32.639,2021-05-07 16:17:34.619,0.021,3,3,0.9994816,7.731857e-12,1.530481e-06,0.00051683746,0.9994816
512,272,walking,2021-05-07 16:17:33.639,2021-05-07 16:17:35.619,0.021,3,3,0.99994165,7.088306e-13,1.5942587e-07,5.814341e-05,0.99994165
512,272,walking,2021-05-07 16:17:34.639,2021-05-07 16:17:36.619,0.021,3,3,0.99968594,4.5604002e-12,1.0737764e-06,0.0003129008,0.99968594
512,272,walking,2021-05-07 16:17:35.639,2021-05-07 16:17:37.619,0.021,3,3,0.998474,2.4279693e-11,3.19331e-06,0.0015227246,0.998474
512,272,walking,2021-05-07 16:17:36.639,2021-05-07 16:17:38.619,0.021,3,3,0.99938047,8.651937e-12,5.0479844e-06,0.00061442517,0.99938047
512,272,walking,2021-05-07 16:17:37.639,2021-05-07 16:17:39.619,0.021,3,3,0.9985064,2.6840183e-11,9.242952e-06,0.0014843808,0.9985064
512,275,standing,2021-05-07 16:17:42.439,2021-05-07 16:17:44.419,0.021,2,2,0.99884874,2.4727478e-09,4.8375663e-05,0.99884874,0.0011029819
512,275,standing,2021-05-07 16:17:43.439,2021-05-07 16:17:45.419,0.021,2,2,0.9993428,1.8102824e-09,4.0732255e-05,0.9993428,0.00061637745
512,275,standing,2021-05-07 16:17:44.439,2021-05-07 16:17:46.419,0.021,2,2,0.9994733,1.1288886e-09,3.598793e-05,0.9994733,0.0004907574
512,275,standing,2021-05-07 16:17:45.439,2021-05-07 16:17:47.419,0.021,2,2,0.9994406,8.5638063e-10,3.5259218e-05,0.9994406,0.000524162
512,275,standing,2021-05-07 16:17:46.439,2021-05-07 16:17:48.419,0.021,2,2,0.9994223,1.0090638e-09,3.6147827e-05,0.9994223,0.0005415588
512,275,standing,2021-05-07 16:17:47.439,2021-05-07 16:17:49.419,0.021,2,2,0.9994316,1.2482347e-09,3.6142614e-05,0.9994316,0.0005323652
512,275,standing,2021-05-07 16:17:48.439,2021-05-07 16:17:50.419,0.021,2,2,0.99931544,2.0119137e-09,3.958795e-05,0.99931544,0.00064504286
512,275,standing,2021-05-07 16:17:49.439,2021-05-07 16:17:51.419,0.021,2,2,0.99894613,4.574537e-09,4.262621e-05,0.99894613,0.0010111976
512,275,standing,2021-05-07 16:17:50.439,2021-05-07 16:17:52.419,0.021,2,2,0.99874485,7.913796e-09,3.7748585e-05,0.99874485,0.001217409
512,279,standing,2021-05-07 16:17:56.159,2021-05-07 16:17:58.139,0.021,2,2,0.99242586,2.5093216e-09,8.413415e-05,0.99242586,0.0074901157
512,279,standing,2021-05-07 16:17:57.159,2021-05-07 16:17:59.139,0.021,2,2,0.9929097,1.2473606e-08,6.028691e-05,0.9929097,0.0070299753
512,279,standing,2021-05-07 16:17:58.159,2021-05-07 16:18:00.140,0.021,2,2,0.99690306,3.8180584e-08,3.9632585e-05,0.99690306,0.0030571793
512,279,standing,2021-05-07 16:17:59.159,2021-05-07 16:18:01.140,0.021,2,2,0.9983535,2.5980206e-08,3.8516977e-05,0.9983535,0.0016080034
512,279,standing,2021-05-07 16:18:00.160,2021-05-07 16:18:02.140,0.021,2,2,0.99766946,1.2870624e-08,4.9889724e-05,0.99766946,0.0022804735
512,281,standing,2021-05-07 16:18:06.840,2021-05-07 16:18:08.819,0.021,2,2,0.9870237,2.6474427e-09,0.0001402267,0.9870237,0.012836028
512,281,standing,2021-05-07 16:18:07.840,2021-05-07 16:18:09.819,0.021,2,2,0.9989996,2.875006e-09,4.781956e-05,0.9989996,0.00095242827
512,281,standing,2021-05-07 16:18:08.840,2021-05-07 16:18:10.819,0.021,2,2,0.9981551,1.2877576e-08,3.866104e-05,0.9981551,0.0018061942
512,285,standing,2021-05-07 16:18:13.520,2021-05-07 16:18:15.500,0.021,2,2,0.97768646,1.6247048e-08,0.00010215205,0.97768646,0.022211274
512,285,standing,2021-05-07 16:18:14.520,2021-05-07 16:18:16.500,0.021,2,2,0.9925675,1.5192283e-08,6.445432e-05,0.9925675,0.0073680147
512,287,standing,2021-05-07 16:18:18.280,2021-05-07 16:18:20.260,0.021,2,2,0.72468036,3.179547e-08,0.00016896597,0.72468036,0.27515063
512,288,walking,2021-05-07 16:18:20.319,2021-05-07 16:18:22.299,0.021,3,3,0.9994592,2.4915363e-12,1.3796271e-06,0.00053936447,0.9994592
512,288,walking,2021-05-07 16:18:21.319,2021-05-07 16:18:23.299,0.021,3,3,0.9997847,9.491711e-13,4.0785176e-07,0.00021496862,0.9997847
512,288,walking,2021-05-07 16:18:22.319,2021-05-07 16:18:24.299,0.021,3,3,0.9983832,1.9270974e-11,4.708619e-06,0.0016121541,0.9983832
512,288,walking,2021-05-07 16:18:23.319,2021-05-07 16:18:25.299,0.021,3,3,0.9996905,6.322202e-12,1.5912087e-06,0.00030791984,0.9996905
512,288,walking,2021-05-07 16:18:24.319,2021-05-07 16:18:26.299,0.021,3,3,0.9996971,7.049019e-12,2.8729407e-06,0.00029994757,0.9996971
512,288,walking,2021-05-07 16:18:25.319,2021-05-07 16:18:27.299,0.021,3,3,0.9995147,1.3602252e-12,4.1298904e-06,0.00048115628,0.9995147
512,288,walking,2021-05-07 16:18:26.319,2021-05-07 16:18:28.299,0.021,3,3,0.99916124,3.1978088e-12,4.801941e-06,0.0008340008,0.99916124
512,289,standing,2021-05-07 16:18:28.360,2021-05-07 16:18:30.340,0.021,2,2,0.73344857,7.138075e-10,0.00029978313,0.73344857,0.26625162
512,290,walking,2021-05-07 16:18:30.360,2021-05-07 16:18:32.340,0.021,3,3,0.9995122,6.360477e-12,1.8797682e-06,0.00048592183,0.9995122
512,290,walking,2021-05-07 16:18:31.360,2021-05-07 16:18:33.340,0.021,3,3,0.9989277,1.1728093e-11,3.0345016e-06,0.0010692821,0.9989277
512,290,walking,2021-05-07 16:18:32.360,2021-05-07 16:18:34.340,0.021,3,3,0.9997778,6.684047e-12,1.6607776e-06,0.0002205959,0.9997778
512,290,walking,2021-05-07 16:18:33.360,2021-05-07 16:18:35.340,0.021,3,3,0.99903655,1.02673295e-11,3.762253e-06,0.00095974334,0.99903655
512,290,walking,2021-05-07 16:18:34.360,2021-05-07 16:18:36.340,0.021,3,3,0.9978615,1.2839733e-11,6.259819e-06,0.0021321387,0.9978615
512,290,walking,2021-05-07 16:18:35.360,2021-05-07 16:18:37.340,0.021,3,3,0.99732447,1.9377335e-11,9.758416e-06,0.0026657097,0.99732447
512,290,walking,2021-05-07 16:18:36.360,2021-05-07 16:18:38.340,0.021,3,3,0.99889374,1.2538284e-11,3.646108e-06,0.0011025413,0.99889374
512,290,walking,2021-05-07 16:18:37.360,2021-05-07 16:18:39.340,0.021,3,3,0.9974789,9.076937e-12,7.725872e-06,0.00251341,0.9974789
512,290,walking,2021-05-07 16:18:38.360,2021-05-07 16:18:40.340,0.021,3,3,0.99941134,5.5534353e-12,3.603094e-06,0.0005850698,0.99941134
512,290,walking,2021-05-07 16:18:39.360,2021-05-07 16:18:41.340,0.021,3,3,0.9996001,1.0926674e-11,4.8550824e-06,0.00039507038,0.9996001
512,290,walking,2021-05-07 16:18:40.360,2021-05-07 16:18:42.340,0.021,3,3,0.99255663,1.7520488e-10,3.3672368e-05,0.0074097198,0.99255663
512,290,walking,2021-05-07 16:18:41.360,2021-05-07 16:18:43.340,0.021,3,3,0.99899733,1.191232e-11,2.4244086e-06,0.0010001612,0.99899733
512,290,walking,2021-05-07 16:18:42.360,2021-05-07 16:18:44.340,0.021,3,3,0.9990774,5.5309693e-12,2.6480272e-06,0.0009200092,0.9990774
512,290,walking,2021-05-07 16:18:43.360,2021-05-07 16:18:45.340,0.021,3,3,0.98428273,1.8152495e-10,4.4689095e-05,0.015672611,0.98428273
512,290,walking,2021-05-07 16:18:44.360,2021-05-07 16:18:46.340,0.021,3,3,0.9949182,5.271944e-11,2.6180636e-05,0.005055513,0.9949182
512,290,walking,2021-05-07 16:18:45.360,2021-05-07 16:18:47.340,0.021,3,3,0.99981,1.4222606e-12,5.79773e-07,0.00018943514,0.99981
512,290,walking,2021-05-07 16:18:46.360,2021-05-07 16:18:48.340,0.021,3,3,0.9999272,2.0612039e-13,5.731249e-07,7.215191e-05,0.9999272
512,290,walking,2021-05-07 16:18:47.360,2021-05-07 16:18:49.340,0.021,3,3,0.99859434,6.3295e-12,3.7774312e-06,0.0014018674,0.99859434
512,290,walking,2021-05-07 16:18:48.360,2021-05-07 16:18:50.340,0.021,3,3,0.9948195,5.971708e-11,1.9397732e-05,0.0051609864,0.9948195
512,290,walking,2021-05-07 16:18:49.360,2021-05-07 16:18:51.340,0.021,3,3,0.9934556,2.1139936e-10,4.987173e-05,0.0064945207,0.9934556
512,290,walking,2021-05-07 16:18:50.360,2021-05-07 16:18:52.340,0.021,3,3,0.99944943,3.2537922e-12,1.0453512e-06,0.00054954464,0.99944943
512,290,walking,2021-05-07 16:18:51.360,2021-05-07 16:18:53.340,0.021,3,3,0.99981666,3.792597e-12,1.0483225e-06,0.00018240539,0.99981666
512,290,walking,2021-05-07 16:18:52.360,2021-05-07 16:18:54.340,0.021,3,3,0.99888766,1.8109233e-11,7.658499e-06,0.0011046091,0.99888766
512,290,walking,2021-05-07 16:18:53.360,2021-05-07 16:18:55.340,0.021,3,3,0.9997442,2.2578313e-12,7.278566e-07,0.0002550449,0.9997442
512,290,walking,2021-05-07 16:18:54.360,2021-05-07 16:18:56.340,0.021,3,3,0.9999606,1.3407739e-13,3.9572947e-07,3.8964372e-05,0.9999606
512,290,walking,2021-05-07 16:18:55.360,2021-05-07 16:18:57.340,0.021,3,3,0.9997659,1.2517573e-12,9.796696e-07,0.00023317122,0.9997659
512,290,walking,2021-05-07 16:18:56.360,2021-05-07 16:18:58.340,0.021,3,3,0.9986354,3.1283e-11,7.630301e-06,0.0013568448,0.9986354
512,290,walking,2021-05-07 16:18:57.360,2021-05-07 16:18:59.340,0.021,3,3,0.9995303,7.080625e-12,6.3547304e-06,0.00046335158,0.9995303
512,290,walking,2021-05-07 16:18:58.360,2021-05-07 16:19:00.339,0.021,3,3,0.9996161,2.3548808e-12,1.4240832e-06,0.000382406,0.9996161
512,290,walking,2021-05-07 16:18:59.360,2021-05-07 16:19:01.339,0.021,3,3,0.9994141,1.745596e-11,7.243964e-06,0.00057864655,0.9994141
512,290,walking,2021-05-07 16:19:00.359,2021-05-07 16:19:02.339,0.021,3,3,0.99940264,2.1919374e-11,4.2140346e-06,0.00059310615,0.99940264
512,290,walking,2021-05-07 16:19:01.359,2021-05-07 16:19:03.339,0.021,3,3,0.9993095,7.561897e-12,2.2355703e-06,0.0006883526,0.9993095
512,290,walking,2021-05-07 16:19:02.359,2021-05-07 16:19:04.340,0.021,3,3,0.9993483,3.0074005e-12,3.320776e-06,0.0006483065,0.9993483
512,290,walking,2021-05-07 16:19:03.359,2021-05-07 16:19:05.340,0.021,3,3,0.9977073,1.736341e-11,6.6977304e-06,0.002285922,0.9977073
512,290,walking,2021-05-07 16:19:04.359,2021-05-07 16:19:06.340,0.021,3,3,0.99894124,1.5681748e-11,8.317903e-06,0.0010504201,0.99894124
512,290,walking,2021-05-07 16:19:05.359,2021-05-07 16:19:07.340,0.021,3,3,0.9993382,2.9026448e-11,6.205928e-06,0.0006555095,0.9993382
512,290,walking,2021-05-07 16:19:06.359,2021-05-07 16:19:08.340,0.021,3,3,0.99981594,3.217972e-12,8.3682374e-07,0.00018325335,0.99981594
512,292,standing,2021-05-07 16:19:10.559,2021-05-07 16:19:12.539,0.021,2,2,0.99562573,8.889906e-08,3.9527484e-05,0.99562573,0.0043345434
512,292,standing,2021-05-07 16:19:11.559,2021-05-07 16:19:13.539,0.021,2,2,0.99785143,1.5366467e-07,2.6749804e-05,0.99785143,0.0021216134
512,292,standing,2021-05-07 16:19:12.559,2021-05-07 16:19:14.539,0.021,2,2,0.9982215,1.7109636e-07,2.5039237e-05,0.9982215,0.0017531641
512,292,standing,2021-05-07 16:19:13.559,2021-05-07 16:19:15.539,0.021,2,2,0.9978413,1.0393361e-07,3.3280234e-05,0.9978413,0.0021252644
512,292,standing,2021-05-07 16:19:14.559,2021-05-07 16:19:16.540,0.021,2,2,0.9977428,4.7918274e-08,3.6955655e-05,0.9977428,0.0022202223
512,292,standing,2021-05-07 16:19:15.559,2021-05-07 16:19:17.540,0.021,2,2,0.99735177,5.5102547e-08,3.6338806e-05,0.99735177,0.0026117135
512,292,standing,2021-05-07 16:19:16.559,2021-05-07 16:19:18.540,0.021,2,2,0.9968214,3.6621813e-08,4.1742e-05,0.9968214,0.0031367198
512,292,standing,2021-05-07 16:19:17.559,2021-05-07 16:19:19.540,0.021,2,2,0.9844589,2.8298881e-08,8.643127e-05,0.9844589,0.01545453
512,292,standing,2021-05-07 16:19:18.559,2021-05-07 16:19:20.540,0.021,2,2,0.9908951,8.045738e-09,0.00010659665,0.9908951,0.008998344
512,292,standing,2021-05-07 16:19:19.559,2021-05-07 16:19:21.540,0.021,2,2,0.98010534,1.760338e-09,0.00012449338,0.98010534,0.019770125
512,293,walking,2021-05-07 16:19:21.680,2021-05-07 16:19:23.659,0.021,3,3,0.99788046,3.6888274e-11,2.3896038e-05,0.0020956863,0.99788046
512,293,walking,2021-05-07 16:19:22.680,2021-05-07 16:19:24.659,0.021,3,3,0.9996745,4.116868e-12,1.1441654e-06,0.00032439717,0.9996745
512,293,walking,2021-05-07 16:19:23.680,2021-05-07 16:19:25.659,0.021,3,3,0.99895734,1.2256794e-11,4.2678607e-06,0.0010383782,0.99895734
512,293,walking,2021-05-07 16:19:24.680,2021-05-07 16:19:26.659,0.021,3,3,0.9946631,4.064146e-11,1.4875171e-05,0.005321954,0.9946631
512,293,walking,2021-05-07 16:19:25.680,2021-05-07 16:19:27.659,0.021,3,3,0.9961003,2.7552306e-11,1.07937685e-05,0.0038887837,0.9961003
512,293,walking,2021-05-07 16:19:26.680,2021-05-07 16:19:28.659,0.021,3,3,0.9979579,5.0224075e-11,1.4126285e-05,0.0020280874,0.9979579
512,293,walking,2021-05-07 16:19:27.680,2021-05-07 16:19:29.659,0.021,3,3,0.99955773,1.4486367e-11,1.8515392e-06,0.00044040053,0.99955773
512,293,walking,2021-05-07 16:19:28.680,2021-05-07 16:19:30.659,0.021,3,3,0.99993163,1.4531692e-12,7.9128773e-07,6.74818e-05,0.99993163
512,293,walking,2021-05-07 16:19:29.680,2021-05-07 16:19:31.659,0.021,3,3,0.9996328,2.361073e-12,3.960322e-06,0.00036317913,0.9996328
512,293,walking,2021-05-07 16:19:30.680,2021-05-07 16:19:32.659,0.021,3,3,0.99943805,8.35272e-12,5.4486e-06,0.0005564925,0.99943805
512,293,walking,2021-05-07 16:19:31.680,2021-05-07 16:19:33.659,0.021,3,3,0.99962205,9.1066816e-12,6.1856003e-06,0.0003718416,0.99962205
512,293,walking,2021-05-07 16:19:32.680,2021-05-07 16:19:34.659,0.021,3,3,0.9994895,2.0258408e-11,4.2281085e-06,0.0005063652,0.9994895
512,293,walking,2021-05-07 16:19:33.680,2021-05-07 16:19:35.659,0.021,3,3,0.97399765,2.387834e-10,7.125239e-05,0.025931152,0.97399765
512,293,walking,2021-05-07 16:19:34.680,2021-05-07 16:19:36.659,0.021,3,3,0.95677316,2.022884e-10,0.0001148131,0.04311208,0.95677316
512,293,walking,2021-05-07 16:19:35.680,2021-05-07 16:19:37.659,0.021,3,3,0.99921244,2.0110216e-11,7.775089e-06,0.00077973254,0.99921244
512,293,walking,2021-05-07 16:19:36.680,2021-05-07 16:19:38.659,0.021,3,3,0.999794,1.2462234e-11,5.5749824e-06,0.00020048856,0.999794
512,293,walking,2021-05-07 16:19:37.680,2021-05-07 16:19:39.659,0.021,3,3,0.999909,8.599208e-13,6.4940457e-07,9.024469e-05,0.999909
512,293,walking,2021-05-07 16:19:38.680,2021-05-07 16:19:40.659,0.021,3,3,0.99987125,1.2950574e-12,1.6625303e-06,0.00012700829,0.99987125
512,293,walking,2021-05-07 16:19:39.680,2021-05-07 16:19:41.659,0.021,3,3,0.99929136,1.1895706e-11,7.136258e-06,0.0007014842,0.99929136
512,293,walking,2021-05-07 16:19:40.680,2021-05-07 16:19:42.659,0.021,3,3,0.99607456,5.790661e-11,1.739815e-05,0.003907939,0.99607456
512,293,walking,2021-05-07 16:19:41.680,2021-05-07 16:19:43.659,0.021,3,3,0.99851197,1.3075869e-11,1.4929782e-05,0.0014730664,0.99851197
512,293,walking,2021-05-07 16:19:42.680,2021-05-07 16:19:44.659,0.021,3,3,0.999628,1.6843005e-12,1.8096243e-06,0.00037017732,0.999628
512,293,walking,2021-05-07 16:19:43.680,2021-05-07 16:19:45.659,0.021,3,3,0.99948996,4.956733e-12,2.9135633e-06,0.0005070705,0.99948996
512,293,walking,2021-05-07 16:19:44.680,2021-05-07 16:19:46.659,0.021,3,3,0.9955337,6.186992e-11,2.9799065e-05,0.0044365344,0.9955337
512,293,walking,2021-05-07 16:19:45.680,2021-05-07 16:19:47.659,0.021,3,3,0.9995644,2.3216101e-12,1.6481804e-06,0.00043399038,0.9995644
512,293,walking,2021-05-07 16:19:46.680,2021-05-07 16:19:48.659,0.021,3,3,0.9999971,6.073931e-14,3.643944e-08,2.8276356e-06,0.9999971
512,293,walking,2021-05-07 16:19:47.680,2021-05-07 16:19:49.659,0.021,3,3,0.9999098,1.3677756e-12,7.413208e-07,8.9377216e-05,0.9999098
512,293,walking,2021-05-07 16:19:48.680,2021-05-07 16:19:50.659,0.021,3,3,0.99897474,4.8208895e-11,1.1975886e-05,0.0010133707,0.99897474
512,293,walking,2021-05-07 16:19:49.680,2021-05-07 16:19:51.659,0.021,3,3,0.99954677,9.998158e-12,6.2903964e-06,0.00044699767,0.99954677
512,293,walking,2021-05-07 16:19:50.680,2021-05-07 16:19:52.659,0.021,3,3,0.999597,2.3650493e-12,9.893871e-07,0.00040207012,0.999597
512,293,walking,2021-05-07 16:19:51.680,2021-05-07 16:19:53.659,0.021,3,3,0.9996985,3.0021036e-12,1.1945485e-06,0.00030022187,0.9996985
512,293,walking,2021-05-07 16:19:52.680,2021-05-07 16:19:54.659,0.021,3,3,0.9997759,1.9494434e-12,2.1793378e-06,0.00022201693,0.9997759
512,293,walking,2021-05-07 16:19:53.680,2021-05-07 16:19:55.659,0.021,3,3,0.99962276,1.1047125e-11,4.4092926e-06,0.00037291722,0.99962276
512,293,walking,2021-05-07 16:19:54.680,2021-05-07 16:19:56.659,0.021,3,3,0.99997133,1.4304966e-13,4.1351493e-07,2.8228653e-05,0.99997133
512,293,walking,2021-05-07 16:19:55.680,2021-05-07 16:19:57.659,0.021,3,3,0.99979925,1.6775341e-13,6.7043624e-07,0.00020002744,0.99979925
512,293,walking,2021-05-07 16:19:56.680,2021-05-07 16:19:58.659,0.021,3,3,0.99885505,7.574709e-12,4.8843317e-06,0.0011401284,0.99885505
512,293,walking,2021-05-07 16:19:57.680,2021-05-07 16:19:59.659,0.021,3,3,0.9997561,4.333184e-12,3.2317605e-06,0.00024067331,0.9997561
512,293,walking,2021-05-07 16:19:58.680,2021-05-07 16:20:00.660,0.021,3,3,0.9997921,3.051946e-12,1.4781618e-06,0.00020642945,0.9997921
512,293,walking,2021-05-07 16:19:59.680,2021-05-07 16:20:01.660,0.021,3,3,0.99989074,1.0459351e-12,4.737806e-07,0.000108658685,0.99989074
512,293,walking,2021-05-07 16:20:00.680,2021-05-07 16:20:02.660,0.021,3,3,0.9998823,4.4611103e-12,1.0869808e-06,0.000116554984,0.9998823
512,293,walking,2021-05-07 16:20:01.680,2021-05-07 16:20:03.660,0.021,3,3,0.99986935,4.786401e-13,2.6429367e-07,0.00013033854,0.99986935
512,293,walking,2021-05-07 16:20:02.680,2021-05-07 16:20:04.659,0.021,3,3,0.9998912,9.263101e-13,2.843291e-07,0.000108459855,0.9998912
512,293,walking,2021-05-07 16:20:03.680,2021-05-07 16:20:05.659,0.021,3,3,0.99944156,9.181526e-12,4.4710764e-06,0.00055392884,0.99944156
512,293,walking,2021-05-07 16:20:04.680,2021-05-07 16:20:06.659,0.021,3,3,0.99980235,6.7811463e-13,5.2166007e-07,0.00019702948,0.99980235
512,293,walking,2021-05-07 16:20:05.680,2021-05-07 16:20:07.659,0.021,3,3,0.999963,4.5069355e-13,2.3380227e-07,3.675351e-05,0.999963
512,293,walking,2021-05-07 16:20:06.680,2021-05-07 16:20:08.659,0.021,3,3,0.99984074,2.3739292e-12,8.855697e-07,0.00015843518,0.99984074
512,293,walking,2021-05-07 16:20:07.680,2021-05-07 16:20:09.659,0.021,3,3,0.9995734,2.680681e-12,1.7668494e-06,0.00042469933,0.9995734
512,293,walking,2021-05-07 16:20:08.680,2021-05-07 16:20:10.659,0.021,3,3,0.9999457,2.0242677e-13,9.263131e-07,5.3315172e-05,0.9999457
512,293,walking,2021-05-07 16:20:09.680,2021-05-07 16:20:11.659,0.021,3,3,0.9998788,3.497413e-13,6.574133e-07,0.00012043783,0.9998788
512,293,walking,2021-05-07 16:20:10.680,2021-05-07 16:20:12.659,0.021,3,3,0.99964803,3.3341075e-12,1.1198505e-06,0.0003507614,0.99964803
512,293,walking,2021-05-07 16:20:11.680,2021-05-07 16:20:13.659,0.021,3,3,0.999971,3.6530533e-13,4.028889e-07,2.8535258e-05,0.999971
512,293,walking,2021-05-07 16:20:12.680,2021-05-07 16:20:14.659,0.021,3,3,0.9997611,7.576026e-13,9.448969e-07,0.0002380149,0.9997611
512,293,walking,2021-05-07 16:20:13.680,2021-05-07 16:20:15.659,0.021,3,3,0.9989545,4.1921145e-12,3.2769667e-06,0.0010422927,0.9989545
512,293,walking,2021-05-07 16:20:14.680,2021-05-07 16:20:16.659,0.021,3,3,0.9998386,1.5987642e-12,1.6482113e-06,0.00015986762,0.9998386
512,293,walking,2021-05-07 16:20:15.680,2021-05-07 16:20:17.659,0.021,3,3,0.9999332,3.9099046e-13,2.2199053e-07,6.647436e-05,0.9999332
512,293,walking,2021-05-07 16:20:16.680,2021-05-07 16:20:18.659,0.021,3,3,0.99990517,1.8071806e-13,2.1124599e-07,9.450448e-05,0.99990517
512,293,walking,2021-05-07 16:20:17.680,2021-05-07 16:20:19.659,0.021,3,3,0.9996864,3.2061116e-12,2.4922408e-06,0.0003111106,0.9996864
512,293,walking,2021-05-07 16:20:18.680,2021-05-07 16:20:20.659,0.021,3,3,0.99992245,3.220118e-13,2.752746e-07,7.718832e-05,0.99992245
512,293,walking,2021-05-07 16:20:19.680,2021-05-07 16:20:21.659,0.021,3,3,0.99999565,4.515616e-14,1.7667178e-08,4.3317405e-06,0.99999565
512,293,walking,2021-05-07 16:20:20.680,2021-05-07 16:20:22.659,0.021,3,3,0.9999506,5.016197e-13,2.7994452e-07,4.904318e-05,0.9999506
512,293,walking,2021-05-07 16:20:21.680,2021-05-07 16:20:23.659,0.021,3,3,0.99988407,3.2331275e-13,1.3664348e-07,0.00011570695,0.99988407
512,293,walking,2021-05-07 16:20:22.680,2021-05-07 16:20:24.659,0.021,3,3,0.99996,4.838801e-13,1.5337645e-07,3.9825758e-05,0.99996
512,293,walking,2021-05-07 16:20:23.680,2021-05-07 16:20:25.659,0.021,3,3,0.9991898,1.3037785e-11,6.161629e-06,0.00080401666,0.9991898
512,293,walking,2021-05-07 16:20:24.680,2021-05-07 16:20:26.659,0.021,3,3,0.99882776,3.0864675e-12,2.3688435e-06,0.0011699288,0.99882776
512,293,walking,2021-05-07 16:20:25.680,2021-05-07 16:20:27.659,0.021,3,3,0.99998456,3.399808e-14,4.883521e-08,1.5317763e-05,0.99998456
512,296,standing,2021-05-07 16:20:32.400,2021-05-07 16:20:34.380,0.021,2,2,0.9984564,7.360715e-11,0.00017403426,0.9984564,0.0013694658
512,296,standing,2021-05-07 16:20:33.400,2021-05-07 16:20:35.380,0.021,2,2,0.9992892,6.0055905e-11,5.6885892e-05,0.9992892,0.0006539017
512,296,standing,2021-05-07 16:20:34.400,2021-05-07 16:20:36.380,0.021,2,2,0.9989676,1.36005e-10,5.376269e-05,0.9989676,0.0009786956
512,298,standing,2021-05-07 16:20:39.400,2021-05-07 16:20:41.380,0.021,2,2,0.996013,1.8166656e-08,4.3733657e-05,0.996013,0.0039434102
512,301,walking,2021-05-07 16:20:49.000,2021-05-07 16:20:50.979,0.021,3,3,0.9976697,1.1205407e-11,2.3306832e-06,0.0023279318,0.9976697
512,301,walking,2021-05-07 16:20:50.000,2021-05-07 16:20:51.979,0.021,3,3,0.99991935,6.8249703e-13,2.5307957e-06,7.801562e-05,0.99991935
512,301,walking,2021-05-07 16:20:51.000,2021-05-07 16:20:52.979,0.021,3,3,0.9992653,5.4538145e-11,3.7707177e-05,0.00069688377,0.9992653
512,301,walking,2021-05-07 16:20:52.000,2021-05-07 16:20:53.979,0.021,3,3,0.99995965,2.4130294e-13,3.8141044e-07,3.9905928e-05,0.99995965
512,301,walking,2021-05-07 16:20:53.000,2021-05-07 16:20:54.979,0.021,3,3,0.9999432,2.454727e-13,2.249993e-07,5.6571946e-05,0.9999432
512,302,walking,2021-05-07 16:21:35.360,2021-05-07 16:21:37.340,0.021,3,3,0.9999084,2.4281933e-12,7.134283e-07,9.084165e-05,0.9999084
512,304,walking,2021-05-07 16:21:38.319,2021-05-07 16:21:40.299,0.021,3,3,0.9999778,1.0883924e-12,5.457319e-07,2.1601403e-05,0.9999778
512,304,walking,2021-05-07 16:21:39.319,2021-05-07 16:21:41.299,0.021,3,3,0.99966705,1.8172724e-11,7.1042964e-06,0.00032588746,0.99966705
512,304,walking,2021-05-07 16:21:40.319,2021-05-07 16:21:42.299,0.021,3,3,0.999775,3.9151677e-12,8.292385e-07,0.00022413478,0.999775
512,304,walking,2021-05-07 16:21:41.319,2021-05-07 16:21:43.299,0.021,3,3,0.9997894,3.9571393e-12,1.1349307e-06,0.00020947022,0.9997894
